source_class,ahca_file_number,license_number,license_status_raw,official_name,city,county,facility_type
FL_NURSE_REGISTRY,42964634,30212751,LICENSED,# 1 HOME CARE SERVICES LLC,SUNNY ISLES BEACH,Miami-Dade,Nurse Registry
FL_NURSE_REGISTRY,42964345,30212584,LICENSED,#1 HOME CARE SERVICES LLC,FORT LAUDERDALE,Broward,Nurse Registry
FL_NURSE_REGISTRY,42964097,30212384,LICENSED,"#1 HOME CARE SERVICES, LLC",BOCA RATON,Palm Beach,Nurse Registry
FL_NURSE_REGISTRY,42964360,30212509,LICENSED,"#1 HOME CARE SERVICES, LLC",TAMPA,Hillsborough,Nurse Registry
FL_NURSE_REGISTRY,42965043,30212969,LICENSED,"#1 HOME CARE SERVICES, LLC",LADY LAKE,Lake,Nurse Registry
FL_NURSE_REGISTRY,42963662,30212005,LICENSED,"1ST ACCREDITED HOME CARE, LLC",MIAMI,Miami-Dade,Nurse Registry
FL_NURSE_REGISTRY,42965203,30213035,LICENSED,1ST CLASS HEALTHCARE INC,APOPKA,Orange,Nurse Registry
FL_NURSE_REGISTRY,42963894,30212184,LICENSED,1ST HOME CARE INC,DAVIE,Broward,Nurse Registry
FL_NURSE_REGISTRY,42963722,30212057,LICENSED,24/7 CAREGIVERS INC,PORT SAINT LUCIE,St. Lucie,Nurse Registry
FL_NURSE_REGISTRY,42963655,30211998,LICENSED,24/7 NURSING CARE INC,PLANTATION,Broward,Nurse Registry
FL_NURSE_REGISTRY,42963380,30211741,LICENSED,"24/7 NURSING CARE, INC.",MIAMI,Miami-Dade,Nurse Registry
FL_NURSE_REGISTRY,42963729,30212062,LICENSED,360 HOME HEALTH SERVICES,CUTLER BAY,Miami-Dade,Nurse Registry
FL_NURSE_REGISTRY,42964160,30212368,LICENSED,"365 IN-HOME CARE SOLUTIONS, LLC",BOCA RATON,Palm Beach,Nurse Registry
FL_NURSE_REGISTRY,42965103,30212928,LICENSED,365 MORECARE LLC,PALMETTO BAY,,Nurse Registry
FL_NURSE_REGISTRY,42964205,30212390,LICENSED,4MOONS CARE CENTER LLC,LEHIGH ACRES,Lee,Nurse Registry
FL_NURSE_REGISTRY,42965025,30212867,LICENSED,A & D HOME CARE CORP,HIALEAH,Miami-Dade,Nurse Registry
FL_NURSE_REGISTRY,42964316,30212575,LICENSED,A & D HOME CARES SERVICES INC,MIAMI,Miami-Dade,Nurse Registry
FL_NURSE_REGISTRY,42964524,30212636,LICENSED,A & E ANGELS HOME CARE SERVICES LLC,MIAMI,Miami-Dade,Nurse Registry
FL_NURSE_REGISTRY,42963697,30212036,LICENSED,A & J NURSES REGISTRY LLC,MIAMI LAKES,Miami-Dade,Nurse Registry
FL_NURSE_REGISTRY,42963967,30212268,LICENSED,A AND Y GERIATRIC SERVICE INC,CORAL GABLES,Miami-Dade,Nurse Registry
FL_NURSE_REGISTRY,42964978,30212896,LICENSED,A BLESSED HOME HEALTH CARE INC,MIAMI,Miami-Dade,Nurse Registry
FL_NURSE_REGISTRY,42964002,30212290,LICENSED,A BLESSING HOME CARE INC,MIAMI,Miami-Dade,Nurse Registry
FL_NURSE_REGISTRY,42965080,30212943,LICENSED,A BLESSING HOME CARE INC.,PLANTATION,Broward,Nurse Registry
FL_NURSE_REGISTRY,42964082,30212354,LICENSED,A BLUE NURSING CARE INC,MIAMI LAKES,Miami-Dade,Nurse Registry
FL_NURSE_REGISTRY,42963660,30211989,LICENSED,A CARE CONNECTION,TAMPA,Hillsborough,Nurse Registry
FL_NURSE_REGISTRY,42963714,30212038,LICENSED,A CARE CONNECTION,CLEARWATER,Pinellas,Nurse Registry
FL_NURSE_REGISTRY,42965125,30212961,LICENSED,"A CARE CONNECTION OF SOUTH FLORIDA, LLC",BOCA RATON,Palm Beach,Nurse Registry
FL_NURSE_REGISTRY,42963409,30211781,LICENSED,"A CARE CONNECTION, LLC",JACKSONVILLE,Duval,Nurse Registry
FL_NURSE_REGISTRY,42963132,30211513,LICENSED,A FAMILY MEMBER HOMECARE,CORAL SPRINGS,Broward,Nurse Registry
FL_NURSE_REGISTRY,42963359,30212040,LICENSED,A FAMILY MEMBER HOMECARE,MIAMI,Miami-Dade,Nurse Registry
FL_NURSE_REGISTRY,42963510,30211869,LICENSED,A FAMILY MEMBER HOMECARE,BOCA RATON,Palm Beach,Nurse Registry
FL_NURSE_REGISTRY,42964118,30212352,LICENSED,A FAMILY NURSING SERVICES INC,MIAMI,Miami-Dade,Nurse Registry
FL_NURSE_REGISTRY,42964640,30212686,LICENSED,A FRIENDLY BLESS HOME CARE SERVICES INC,GREENACRES,Palm Beach,Nurse Registry
FL_NURSE_REGISTRY,42963203,30211577,LICENSED,A LENDING HAND INC,SARASOTA,Sarasota,Nurse Registry
FL_NURSE_REGISTRY,42962842,30211260,LICENSED,A LITTLE HELP NURSE REGISTRY LLC,VENICE,Sarasota,Nurse Registry
FL_NURSE_REGISTRY,42964871,30212783,LICENSED,A LOVING HAND HOME CARE LLC,JACKSONVILLE,Duval,Nurse Registry
FL_NURSE_REGISTRY,42965204,30212989,LICENSED,"A NEW HOPE COLLECTIVE, INC",MIAMI,,Nurse Registry
FL_NURSE_REGISTRY,42962886,30211298,LICENSED,A NURSES REGISTRY INC,WEST PALM BEACH,Palm Beach,Nurse Registry
FL_NURSE_REGISTRY,42962636,30211086,LICENSED,A NURSES TOUCH HEALTHCARE INC,SEBASTIAN,Indian River,Nurse Registry
FL_NURSE_REGISTRY,42963290,30211663,LICENSED,"A NURSING CONNECTION, LLC",NAPLES,Collier,Nurse Registry
FL_NURSE_REGISTRY,42962864,30211279,LICENSED,A PALMS PERSONAL CARE AND HOMEMAKING SERVICES LLC,PALM HARBOR,Pinellas,Nurse Registry
FL_NURSE_REGISTRY,42963846,30212163,LICENSED,A PATIENT'S CHOICE HOME HEALTH LLC,PORT ST LUCIE,St. Lucie,Nurse Registry
FL_NURSE_REGISTRY,42964334,30212514,LICENSED,A PEACE OF MIND NURSING CARE INC,MIAMI,Miami-Dade,Nurse Registry
FL_NURSE_REGISTRY,42964908,30212865,LICENSED,A PLACE OF PEACE 2 LLC,DELTONA,Volusia,Nurse Registry
FL_NURSE_REGISTRY,42963652,30212027,LICENSED,A PREMIER HOME PROVIDER SERVICE LLC,ESTERO,Lee,Nurse Registry
FL_NURSE_REGISTRY,42965258,30213012,LICENSED,A SIMPLE TOUCH LLC,JACKSONVILLE,Duval,Nurse Registry
FL_NURSE_REGISTRY,42964393,30212538,LICENSED,A SISTER CARE LLC,TAMARAC,Broward,Nurse Registry
FL_NURSE_REGISTRY,42964135,30212461,IN REVIEW,"A SPECIAL ANGEL'S TOUCH, INC",MIAMI,Miami-Dade,Nurse Registry
FL_NURSE_REGISTRY,42963372,30211738,LICENSED,"A TO Z SENIOR CARE, LLC",WEST PALM BEACH,Palm Beach,Nurse Registry
FL_NURSE_REGISTRY,42963755,30212075,LICENSED,A TOUCH OF KINDNESS HOME CARE INC,MIAMI,Miami-Dade,Nurse Registry
FL_NURSE_REGISTRY,42965333,30213014,LICENSED,A VISIT NURSE LLC,JACKSONVILLE,Duval,Nurse Registry
FL_NURSE_REGISTRY,42964379,30213094,LICENSED,A&B COMPLETE INSURANCE INC,FORT MYERS,Lee,Nurse Registry
FL_NURSE_REGISTRY,42964309,30212457,IN REVIEW,A&R NURSE REGISTRY LLC,GREENACRES,Palm Beach,Nurse Registry
FL_NURSE_REGISTRY,42965341,30213053,LICENSED,A&S HOME HEALTH CARE LLC,LAUDERHILL,Broward,Nurse Registry
FL_NURSE_REGISTRY,42965429,30213065,LICENSED,A' TEAM HEALTH CARE LLC,FORT LAUDERDALE,Broward,Nurse Registry
FL_NURSE_REGISTRY,42964632,30212716,LICENSED,A1 RECOVERY CENTER LLC,CUTLER BAY,Miami-Dade,Nurse Registry
FL_NURSE_REGISTRY,42965560,30213158,LICENSED,A1BODY CONCIERGE,MIAMI,Miami-Dade,Nurse Registry
FL_NURSE_REGISTRY,42963898,30212210,LICENSED,ABACA NURSING CARE INC,MIAMI,Miami-Dade,Nurse Registry
FL_NURSE_REGISTRY,42963817,30212129,LICENSED,ABBA HOME CARE INC,MIAMI,Miami-Dade,Nurse Registry
FL_NURSE_REGISTRY,42962779,30211206,LICENSED,ABBY SERVICES INC,FORT MYERS,Lee,Nurse Registry
FL_NURSE_REGISTRY,42964563,30212633,LICENSED,ABC HOME CARE SERVICES,MIAMI,Miami-Dade,Nurse Registry
FL_NURSE_REGISTRY,42964353,30212541,LICENSED,"ABILITY HEALTH CARE SERVICES, INC",MIAMI LAKES,Miami-Dade,Nurse Registry
FL_NURSE_REGISTRY,42963035,30211430,LICENSED,"ABILITY HOME CARE, INC.",STUART,Martin,Nurse Registry
FL_NURSE_REGISTRY,42963013,30211420,LICENSED,ABILITY NURSING INC.,BOYNTON BEACH,Palm Beach,Nurse Registry
FL_NURSE_REGISTRY,42965238,30213106,LICENSED,ABLE CARE HOME HEALTH,TAMARAC,,Nurse Registry
FL_NURSE_REGISTRY,42963888,30212186,LICENSED,ABOVE AND BEYOND HOME HEALTH CARE SERVICES INC,GREENACRES,Palm Beach,Nurse Registry
FL_NURSE_REGISTRY,42964829,30212745,LICENSED,"ABSOLUTE CARE, LLC",NORTH MIAMI,Miami-Dade,Nurse Registry
FL_NURSE_REGISTRY,42964068,30212350,LICENSED,ABSOLUTE COMPLETE HOME HEALTH SERVICES CORPORATION,MIAMI,Miami-Dade,Nurse Registry
FL_NURSE_REGISTRY,42963365,30211767,LICENSED,ABSOLUTE HEALTH PROFESSIONALS INC,SOUTH DAYTONA,Volusia,Nurse Registry
FL_NURSE_REGISTRY,42964016,30212329,LICENSED,ABSOLUTE HEALTH PROFESSIONALS INC,SANFORD,Seminole,Nurse Registry
FL_NURSE_REGISTRY,42964920,30212781,LICENSED,ABSOLUTE HEART HOME CARE LLC,LARGO,Pinellas,Nurse Registry
FL_NURSE_REGISTRY,42963020,30211440,LICENSED,ABSOLUTE HOME HEALTH AGENCY INC,TAMPA,Hillsborough,Nurse Registry
FL_NURSE_REGISTRY,42963518,30211884,LICENSED,ABSOLUTELY HAVEN LLC,BOCA RATON,Palm Beach,Nurse Registry
FL_NURSE_REGISTRY,42963519,30211881,LICENSED,ABSOLUTELY HAVEN LLC,COCONUT CREEK,Broward,Nurse Registry
FL_NURSE_REGISTRY,42963641,30212034,LICENSED,ABSOLUTELY HAVEN LLC,DORAL,Miami-Dade,Nurse Registry
FL_NURSE_REGISTRY,42963818,30212152,LICENSED,ABSOLUTELY HAVEN LLC,VENICE,Sarasota,Nurse Registry
FL_NURSE_REGISTRY,42964330,30212522,LICENSED,ABSOLUTELY HAVEN LLC,RIVERVIEW,Hillsborough,Nurse Registry
FL_NURSE_REGISTRY,42965428,30213120,LICENSED,ABUELITOS CARE SERVICE LLC,MIRAMAR,Broward,Nurse Registry
FL_NURSE_REGISTRY,42963400,30211765,LICENSED,ACCOUNTABLE HOME CARE INC,PALM BEACH GARDENS,Palm Beach,Nurse Registry
FL_NURSE_REGISTRY,42963477,30211835,LICENSED,ACCURATE HEALTHCARE STAFFING INC,MARGATE,Broward,Nurse Registry
FL_NURSE_REGISTRY,42964869,30212831,LICENSED,"ACHIEVEMENT THERAPIES & CARE SERVICES, CORP",CLEWISTON,Hendry,Nurse Registry
FL_NURSE_REGISTRY,42964834,30212777,LICENSED,ACHLA CARE SERVICES INC,SUNRISE,Broward,Nurse Registry
FL_NURSE_REGISTRY,42964142,30212361,LICENSED,"ACME CARE & SERVICES, INC.",MIAMI,Miami-Dade,Nurse Registry
FL_NURSE_REGISTRY,42962603,30211069,LICENSED,ACTIVE CARE NURSING SERVICES INC,SUNRISE,Broward,Nurse Registry
FL_NURSE_REGISTRY,42963952,30212248,LICENSED,ADELCARE II INC,ORLANDO,Orange,Nurse Registry
FL_NURSE_REGISTRY,42965063,30212944,LICENSED,"ADIEL DIAZ SERVICES, CORP.",FORT MYERS,Lee,Nurse Registry
FL_NURSE_REGISTRY,42962974,30211376,LICENSED,ADMIRE CARE LLC,CLERMONT,Lake,Nurse Registry
FL_NURSE_REGISTRY,42963232,30211598,LICENSED,ADMIRE CARE LLC,ORLANDO,Orange,Nurse Registry
FL_NURSE_REGISTRY,42964089,30212318,LICENSED,ADVANCE NURSING CARE INC,MIAMI,Miami-Dade,Nurse Registry
FL_NURSE_REGISTRY,42964695,30212701,LICENSED,ADVANCED CARE UNLIMITED LLC,PORT SAINT LUCIE,St. Lucie,Nurse Registry
FL_NURSE_REGISTRY,42965585,30213170,LICENSED,"ADVANCED FAMILY CARE OF TAMPA, LLC",TAMPA,Hillsborough,Nurse Registry
FL_NURSE_REGISTRY,42964854,30212900,LICENSED,"ADVANCED HEALTHCARE STAFFING SOLUTIONS, LLC",LAKE MARY,Seminole,Nurse Registry
FL_NURSE_REGISTRY,42963258,30211628,LICENSED,ADVANCED HOME HEALTHCARE SERVICES LLC,WEST PALM BCH,Palm Beach,Nurse Registry
FL_NURSE_REGISTRY,42964705,30212755,LICENSED,ADVANTAGE CARE AGENCY LLC,MIRAMAR,,Nurse Registry
FL_NURSE_REGISTRY,42962590,30211045,LICENSED,ADVOCATE IN-HOME CARE,VERO BEACH,Indian River,Nurse Registry
FL_NURSE_REGISTRY,42963127,30211504,LICENSED,ADVOCATE IN-HOME CARE,LAUDERHILL,Broward,Nurse Registry
FL_NURSE_REGISTRY,42963146,30211531,LICENSED,ADVOCATE IN-HOME CARE,NAPLES,Collier,Nurse Registry
FL_NURSE_REGISTRY,42963155,30211535,LICENSED,ADVOCATE IN-HOME CARE,MIAMI LAKES,Miami-Dade,Nurse Registry
FL_NURSE_REGISTRY,42963371,30211733,LICENSED,ADVOCATE IN-HOME CARE,DELRAY BEACH,Palm Beach,Nurse Registry
FL_NURSE_REGISTRY,42963669,30212002,LICENSED,AEGIS,LAKE WORTH,Palm Beach,Nurse Registry
FL_NURSE_REGISTRY,42965218,30212959,LICENSED,AFFECTIONATE CARE LLC,OCALA,Marion,Nurse Registry
FL_NURSE_REGISTRY,42965435,30213107,LICENSED,AFFINITY HEALTHCARE SERVICES LLC,OCALA,Marion,Nurse Registry
FL_NURSE_REGISTRY,42962783,30211210,LICENSED,AFFINITY HOME CARE INC,BOYNTON BEACH,Palm Beach,Nurse Registry
FL_NURSE_REGISTRY,42962862,30211273,LICENSED,AFFINITY HOME CARE INC,POMPANO BEACH,Broward,Nurse Registry
FL_NURSE_REGISTRY,42963364,30211725,LICENSED,AFFINITY HOME CARE INC,MIAMI GARDENS,Miami-Dade,Nurse Registry
FL_NURSE_REGISTRY,42962794,30211220,LICENSED,AFFINITY HOME HEALTH LLC,NOKOMIS,Sarasota,Nurse Registry
FL_NURSE_REGISTRY,42962934,30211341,LICENSED,AFFINITY HOME HEALTH LLC,BRADENTON,Manatee,Nurse Registry
FL_NURSE_REGISTRY,42963619,30211966,LICENSED,AGAPE NURSE REGISTRY CORP,HIALEAH,Miami-Dade,Nurse Registry
FL_NURSE_REGISTRY,42963738,30213215,LICENSED,AGAPE NURSING CARE,KISSIMMEE,Osceola,Nurse Registry
FL_NURSE_REGISTRY,42964369,30212501,LICENSED,AGATE HEALTHCARE SERVICES LLC,FORT MYERS,Lee,Nurse Registry
FL_NURSE_REGISTRY,42963131,30211524,LICENSED,AGELESS PLACEMENTS INC,PORT RICHEY,Pasco,Nurse Registry
FL_NURSE_REGISTRY,42963847,30212183,LICENSED,AGING ALLIES INC,LK WORTH BCH,Palm Beach,Nurse Registry
FL_NURSE_REGISTRY,42964086,30212400,IN REVIEW,AHAVA HOME NURSING REGISTRY INC,AVENTURA,Miami-Dade,Nurse Registry
FL_NURSE_REGISTRY,42964453,30212592,LICENSED,AHAVA HOME NURSING REGISTRY INC,HOLLYWOOD,Broward,Nurse Registry
FL_NURSE_REGISTRY,42964837,30212818,LICENSED,AIDA HOME ASSISTANCE LLC,MIAMI GARDENS,Miami-Dade,Nurse Registry
FL_NURSE_REGISTRY,42965808,30213212,LICENSED,"AIDES ON THE GO, LLC",OAKLAND PARK,Broward,Nurse Registry
FL_NURSE_REGISTRY,42963854,30212150,LICENSED,AIDING WITH CARE HEALTH SERVICES INC,MARGATE,Broward,Nurse Registry
FL_NURSE_REGISTRY,42964044,30212327,LICENSED,AIDING WITH CARE HEALTH SERVICES INC,BOCA RATON,Palm Beach,Nurse Registry
FL_NURSE_REGISTRY,42965188,30213081,LICENSED,"AIDING WITH CARE HEALTH SERVICES, INC",MIAMI GARDENS,Miami-Dade,Nurse Registry
FL_NURSE_REGISTRY,42963785,30212102,LICENSED,AJA NURSING INC,NAPLES,Collier,Nurse Registry
FL_NURSE_REGISTRY,42964567,30212642,LICENSED,AJE NURSING SERVICES INC,MIAMI GARDENS,Miami-Dade,Nurse Registry
FL_NURSE_REGISTRY,42965215,30213118,LICENSED,AKEY1 CARING HANDS LLC,ORLANDO,,Nurse Registry
FL_NURSE_REGISTRY,42965364,30213165,LICENSED,ALANIMO INC,MIAMI,Miami-Dade,Nurse Registry
FL_NURSE_REGISTRY,42964408,30212567,LICENSED,ALBYEL'S SERVICE CORP,MIRAMAR,Broward,Nurse Registry
FL_NURSE_REGISTRY,42965518,30213146,LICENSED,"ALC HOME HEALTH, INC",DORAL,Miami-Dade,Nurse Registry
FL_NURSE_REGISTRY,42963865,30212198,LICENSED,ALEA HOME SERVICES CORP,MIAMI,Miami-Dade,Nurse Registry
FL_NURSE_REGISTRY,42965375,30213219,LICENSED,ALEGRIA HOME HEALTH SERVICES LLC,FLORIDA CITY,Miami-Dade,Nurse Registry
FL_NURSE_REGISTRY,42965157,30212994,LICENSED,ALEKA HOME HEALTH INC,TAMPA,,Nurse Registry
FL_NURSE_REGISTRY,42963576,30211945,LICENSED,ALFA NURSING SERVICES INCORPORATED,DORAL,Miami-Dade,Nurse Registry
FL_NURSE_REGISTRY,42964939,30212870,LICENSED,ALIGN HOMECARE INC.,DORAL,Miami-Dade,Nurse Registry
FL_NURSE_REGISTRY,42963749,30212081,LICENSED,ALL ABOUT QUALITY CARE CORP,STUART,Martin,Nurse Registry
FL_NURSE_REGISTRY,42964769,30212802,LICENSED,ALL ABOUT YOU CARE  LLC,JACKSONVILLE,Duval,Nurse Registry
FL_NURSE_REGISTRY,42962580,30211037,LICENSED,ALL ABOUT YOU CAREGIVERS INC,OKEECHOBEE,Okeechobee,Nurse Registry
FL_NURSE_REGISTRY,42965314,30213001,LICENSED,ALL AROUND QUALITY NURSING LLC,BRANDON,Hillsborough,Nurse Registry
FL_NURSE_REGISTRY,42965156,30212985,LICENSED,"ALL CARE SOLUTIONS OF BROWARD, LLC",WESTON,Broward,Nurse Registry
FL_NURSE_REGISTRY,42963481,30211828,LICENSED,"ALL CARE SOLUTIONS, LLC",MIAMI,Miami-Dade,Nurse Registry
FL_NURSE_REGISTRY,42964762,30212753,IN REVIEW,ALL CHOICE MED INC,MIAMI,Miami-Dade,Nurse Registry
FL_NURSE_REGISTRY,42963206,30211630,LICENSED,ALL COUNTY STAFFING DADE INC,NORTH MIAMI BEACH,Miami-Dade,Nurse Registry
FL_NURSE_REGISTRY,42962976,30211381,LICENSED,ALL COUNTY STAFFING INC,LAUDERDALE LAKES,Broward,Nurse Registry
FL_NURSE_REGISTRY,42964276,30212448,IN REVIEW,ALL IN ONE CARING SERVICES INC,ORLANDO,Orange,Nurse Registry
FL_NURSE_REGISTRY,42965307,30213016,LICENSED,ALL IN THE FAMILY HOME CARE LLC,HIALEAH,Miami-Dade,Nurse Registry
FL_NURSE_REGISTRY,42963692,30212014,LICENSED,ALL INCLUSIVE HOMECARE,FORT LAUDERDALE,Broward,Nurse Registry
FL_NURSE_REGISTRY,42963718,30212037,LICENSED,ALL INCLUSIVE HOMECARE,WEST PALM BEACH,Palm Beach,Nurse Registry
FL_NURSE_REGISTRY,42964008,30212292,LICENSED,ALL NURSING CARE INC,CUTLER BAY,Miami-Dade,Nurse Registry
FL_NURSE_REGISTRY,42963828,30212130,LICENSED,ALL SMART CARE INC,MIAMI LAKES,Miami-Dade,Nurse Registry
FL_NURSE_REGISTRY,42963569,30211920,IN REVIEW,ALL STAFF HEALTH SERVICES,MIAMI LAKES,Miami-Dade,Nurse Registry
FL_NURSE_REGISTRY,42963217,30211604,LICENSED,ALL STAFF HEALTH SERVICES INC,DAVIE,Broward,Nurse Registry
FL_NURSE_REGISTRY,42963114,30211493,LICENSED,ALL STATE HOME HEALTH CARE INC,OAKLAND PARK,Broward,Nurse Registry
FL_NURSE_REGISTRY,42963533,30211899,LICENSED,ALL VIP CARE INC,WEST PALM BEACH,Palm Beach,Nurse Registry
FL_NURSE_REGISTRY,42963604,30211968,LICENSED,ALL VIP CARE INC,DEERFIELD BEACH,Broward,Nurse Registry
FL_NURSE_REGISTRY,42964033,30212387,IN REVIEW,ALL VIP CARE INC,N MIAMI BEACH,Miami-Dade,Nurse Registry
FL_NURSE_REGISTRY,42964968,30212878,LICENSED,ALL-STAR NURSE REGISTRY LLC,TAMPA,Hillsborough,Nurse Registry
FL_NURSE_REGISTRY,42963679,30212013,LICENSED,ALLCARE NURSING AT HOME INC,MIAMI,Miami-Dade,Nurse Registry
FL_NURSE_REGISTRY,42964706,30212704,LICENSED,ALLIED HEALTHCARE OF WPB INC,BOCA RATON,Palm Beach,Nurse Registry
FL_NURSE_REGISTRY,42963051,30211443,LICENSED,ALLIED HEALTHCARE SOLUTIONS LLC,CORAL SPRINGS,Broward,Nurse Registry
FL_NURSE_REGISTRY,42963601,30211946,LICENSED,ALLIED PRO-HEALTH CARE,BRADENTON,Manatee,Nurse Registry
FL_NURSE_REGISTRY,42965420,30213133,LICENSED,ALLIED PRO-HEALTH CARE,SARASOTA,Sarasota,Nurse Registry
FL_NURSE_REGISTRY,42964376,30212516,LICENSED,ALLSHOUSE SUPPORTED LIVING SERVICES INC,LARGO,Pinellas,Nurse Registry
FL_NURSE_REGISTRY,42964627,30212669,LICENSED,"ALLWAZE CARE HOME HEALTH REGISTRY, INC",LAUDERHILL,Broward,Nurse Registry
FL_NURSE_REGISTRY,42965500,30213123,LICENSED,ALMA THERAPY,MIAMI,Miami-Dade,Nurse Registry
FL_NURSE_REGISTRY,42963348,30211715,LICENSED,"ALONGSIDE HOME HEALTH, LLC",BOCA RATON,Palm Beach,Nurse Registry
FL_NURSE_REGISTRY,42965014,30213084,LICENSED,ALPHA CARE AT HOME CORP,MIAMI,Miami-Dade,Nurse Registry
FL_NURSE_REGISTRY,42965407,30213071,LICENSED,ALTHEA NURSING SERVICE LLC,NAPLES,Collier,Nurse Registry
FL_NURSE_REGISTRY,42964521,30212653,LICENSED,"ALTHEA NURSING SERVICE, LLC",BOYNTON BEACH,Palm Beach,Nurse Registry
FL_NURSE_REGISTRY,42964543,30212616,LICENSED,ALWAYS BEST AT HOME NURSING SERVICES LLC,BOYNTON BEACH,Palm Beach,Nurse Registry
FL_NURSE_REGISTRY,42962891,30211301,LICENSED,ALWAYS CLASSIC CARE LLC,NORTH MIAMI BEACH,Miami-Dade,Nurse Registry
FL_NURSE_REGISTRY,42963125,30211508,LICENSED,ALWAYS CLASSIC CARE OF BROWARD COUNTY INC,HALLANDALE BEACH,Broward,Nurse Registry
FL_NURSE_REGISTRY,42965367,30213164,LICENSED,ALWAYS GENTLE HOME CARE - VOLUSIA LLC,DEBARY,Volusia,Nurse Registry
FL_NURSE_REGISTRY,42964553,30212694,LICENSED,AMACER GROUP LLC,MIAMI,Miami-Dade,Nurse Registry
FL_NURSE_REGISTRY,42964797,30212739,LICENSED,AMAYSING CARE & HEALTH SERVICES LLC,DADE CITY,Pasco,Nurse Registry
FL_NURSE_REGISTRY,42965051,30212935,LICENSED,AMAZING COMFORT CARE LLC,ORLANDO,Orange,Nurse Registry
FL_NURSE_REGISTRY,42965140,30212942,LICENSED,AMAZING COMFORT CARE LLC,PORT SAINT LUCIE,St. Lucie,Nurse Registry
FL_NURSE_REGISTRY,42964219,30212458,IN REVIEW,AMAZING GRACE NURSING CARE INC,MIAMI,Miami-Dade,Nurse Registry
FL_NURSE_REGISTRY,42963621,30211984,LICENSED,AMBELLE HOME CARE INC,PLANTATION,Broward,Nurse Registry
FL_NURSE_REGISTRY,42964078,30212321,LICENSED,AMBER HOME CARE INC,MIAMI,Miami-Dade,Nurse Registry
FL_NURSE_REGISTRY,42964271,30212443,LICENSED,"AMELIA CARE MANAGEMENT, LLC",FERNANDINA BEACH,Nassau,Nurse Registry
FL_NURSE_REGISTRY,42962885,30211295,LICENSED,AMERICAN IN HOME CARE LLC,JACKSONVILLE,Duval,Nurse Registry
FL_NURSE_REGISTRY,42963143,30211518,LICENSED,AMERICAN IN-HOME CARE LLC,ORLANDO,Orange,Nurse Registry
FL_NURSE_REGISTRY,42963266,30211651,LICENSED,AMERICAN IN-HOME CARE LLC,OCALA,Marion,Nurse Registry
FL_NURSE_REGISTRY,42963492,30211852,LICENSED,AMERICAN NURSES,ORLANDO,Orange,Nurse Registry
FL_NURSE_REGISTRY,42964302,30212489,LICENSED,AMERICAN NURSING CARE CORP,MIAMI,Miami-Dade,Nurse Registry
FL_NURSE_REGISTRY,42962954,30211352,LICENSED,AMERICAN NURSING RESOURCES INC,CORAL SPRINGS,Broward,Nurse Registry
FL_NURSE_REGISTRY,42963733,30212055,LICENSED,AMERICAN SENIOR TRUST LLC,FORT LAUDERDALE,Broward,Nurse Registry
FL_NURSE_REGISTRY,42962737,30211173,IN REVIEW,AMERICAS BEST CAREGIVERS INC,PORT ORANGE,Volusia,Nurse Registry
FL_NURSE_REGISTRY,42963073,30211460,LICENSED,AMERIHOME HEALTH CARE LLC,BOCA RATON,Palm Beach,Nurse Registry
FL_NURSE_REGISTRY,42963981,30212297,LICENSED,AMERIHOME HEALTHCARE LLC,CORAL SPRINGS,Broward,Nurse Registry
FL_NURSE_REGISTRY,42965749,30213177,LICENSED,AMIDALA CARE REGISTRY LLC,BOCA RATON,Palm Beach,Nurse Registry
FL_NURSE_REGISTRY,42964350,30212550,LICENSED,AMIGO HOME CARE INC,TAMPA,Hillsborough,Nurse Registry
FL_NURSE_REGISTRY,42964991,30212861,LICENSED,AMITY NURSING CARE II INC,FORT MYERS,Lee,Nurse Registry
FL_NURSE_REGISTRY,42963838,30212141,LICENSED,AMITY NURSING CARE INC,MIAMI,Miami-Dade,Nurse Registry
FL_NURSE_REGISTRY,42965228,30213097,LICENSED,AMORES NURSE REGISTRY LLC,MIAMI,Miami-Dade,Nurse Registry
FL_NURSE_REGISTRY,42963234,30211606,LICENSED,AN ANSWER TO CARE INC,PORT SAINT LUCIE,St. Lucie,Nurse Registry
FL_NURSE_REGISTRY,42965750,30213229,LICENSED,"ANCHOR & BLOOM, LLC",WINTER GARDEN,,Nurse Registry
FL_NURSE_REGISTRY,42964327,30212488,LICENSED,ANELIS NURSE SERVICES INC,NORTH MIAMI,Miami-Dade,Nurse Registry
FL_NURSE_REGISTRY,42964333,30212490,LICENSED,ANGEL BEST CARE HC,HIALEAH,Miami-Dade,Nurse Registry
FL_NURSE_REGISTRY,42964377,30212988,LICENSED,ANGEL NURSE REGISTRY LLC,HIALEAH,Miami-Dade,Nurse Registry
FL_NURSE_REGISTRY,42965219,30212958,LICENSED,ANGELA BROOKS LOVING CARE LLC,PENSACOLA,Escambia,Nurse Registry
FL_NURSE_REGISTRY,42964162,30212474,LICENSED,ANGELIC COMPANION SERVICES LLC,ALTAMONTE SPRINGS,Seminole,Nurse Registry
FL_NURSE_REGISTRY,42963546,30211895,LICENSED,ANGELIC HEARTS HOME CARE SERVICES LLC,CLEARWATER,Pinellas,Nurse Registry
FL_NURSE_REGISTRY,42963585,30211955,LICENSED,ANGELS HOME HEALTH LLC,NAPLES,Collier,Nurse Registry
FL_NURSE_REGISTRY,42965492,30213119,LICENSED,ANGELS OF CARE HOME HEALTH LLC,SPRING HILL,Hernando,Nurse Registry
FL_NURSE_REGISTRY,42964131,30212450,IN REVIEW,ANGELS OF KARING HEARTS LLC,FORT PIERCE,St. Lucie,Nurse Registry
FL_NURSE_REGISTRY,42965710,30213178,LICENSED,ANGELS ON CALL HEALTHCARE SOLUTIONS INC,WEST PALM BEACH,Palm Beach,Nurse Registry
FL_NURSE_REGISTRY,42965485,30213142,LICENSED,"ANGELWINGS CARE NURSE REGISTRY, LLC",PLANTATION,Broward,Nurse Registry
FL_NURSE_REGISTRY,42964910,30212836,LICENSED,ANGLE HOME CARE LLC,MIAMI,Miami-Dade,Nurse Registry
FL_NURSE_REGISTRY,42963812,30212131,LICENSED,AP CARE SERVICES CORP,MIAMI,Miami-Dade,Nurse Registry
FL_NURSE_REGISTRY,42965316,30213066,LICENSED,AP CARE SERVICES CORP,PEMBROKE PNES,Broward,Nurse Registry
FL_NURSE_REGISTRY,42963424,30211786,LICENSED,AQUA HOME CARE,VERO BEACH,Indian River,Nurse Registry
FL_NURSE_REGISTRY,42963593,30211939,LICENSED,AQUA HOME CARE,ORLANDO,Orange,Nurse Registry
FL_NURSE_REGISTRY,42963693,30212020,LICENSED,AQUA HOME CARE,CORAL SPRINGS,Broward,Nurse Registry
FL_NURSE_REGISTRY,42963789,30212104,LICENSED,AQUA HOME CARE,LARGO,Pinellas,Nurse Registry
FL_NURSE_REGISTRY,42963791,30212105,LICENSED,AQUA HOME CARE,TAMPA,Hillsborough,Nurse Registry
FL_NURSE_REGISTRY,42964220,30212402,LICENSED,AQUA HOME CARE,LADY LAKE,Lake,Nurse Registry
FL_NURSE_REGISTRY,42964410,30212537,LICENSED,AQUA HOME CARE,MIAMI GARDENS,Miami-Dade,Nurse Registry
FL_NURSE_REGISTRY,42964794,30212727,LICENSED,AQUA HOME CARE,DELAND,Volusia,Nurse Registry
FL_NURSE_REGISTRY,42964989,30212850,LICENSED,AQUA HOME CARE,SARASOTA,Sarasota,Nurse Registry
FL_NURSE_REGISTRY,42965306,30213000,LICENSED,AQUA HOME CARE,DESTIN,Okaloosa,Nurse Registry
FL_NURSE_REGISTRY,42965381,30213077,LICENSED,AQUA HOME CARE,PANAMA CITY,Bay,Nurse Registry
FL_NURSE_REGISTRY,42964944,30212855,LICENSED,AQUA HOME HEALTH LLC,SARASOTA,Sarasota,Nurse Registry
FL_NURSE_REGISTRY,42964828,30212886,LICENSED,ARDEN HEALTHCARE INC,ORLANDO,Orange,Nurse Registry
FL_NURSE_REGISTRY,42963584,30211925,LICENSED,ARISE HEALTHCARE NURSE REGISTRY INC,BOYNTON BEACH,Palm Beach,Nurse Registry
FL_NURSE_REGISTRY,42963472,30211825,LICENSED,"ARISE HEALTHCARE NURSE REGISTRY, INC",OAKLAND PARK,Broward,Nurse Registry
FL_NURSE_REGISTRY,42964765,30212822,LICENSED,ARISMA'S NURSE REGISTRY INC,PORT ST LUCIE,,Nurse Registry
FL_NURSE_REGISTRY,42963299,30211705,LICENSED,AROUND THE CLOCK HOME CARE INC,LARGO,Pinellas,Nurse Registry
FL_NURSE_REGISTRY,42964041,30212343,LICENSED,ART OF CARING HOME CARE SERVICES INC,SEBRING,Highlands,Nurse Registry
FL_NURSE_REGISTRY,42962658,30211105,LICENSED,ASSISTANCE REQUIRED CARE SERVICES INC,WEST PALM BCH,Palm Beach,Nurse Registry
FL_NURSE_REGISTRY,42963474,30211831,LICENSED,ASSISTED EMPOWERMENT LLC,TEQUESTA,Palm Beach,Nurse Registry
FL_NURSE_REGISTRY,42964767,30212902,LICENSED,ASSISTED HEALTH CARE SERVICES INC,MIAMI,Miami-Dade,Nurse Registry
FL_NURSE_REGISTRY,42963531,30211892,LICENSED,"ASSISTING ANGELS CARE, INC",MIAMI,Miami-Dade,Nurse Registry
FL_NURSE_REGISTRY,42964733,30212752,LICENSED,ASSISTING HANDS MIAMI BEACH REGISTRY,MIAMI,Miami-Dade,Nurse Registry
FL_NURSE_REGISTRY,42964721,30212715,LICENSED,ASSISTING HANDS NURSE REGISTRY,MIAMI,Miami-Dade,Nurse Registry
FL_NURSE_REGISTRY,42962879,30211294,LICENSED,ASSURANCE HOMECARE INC,LAKELAND,Polk,Nurse Registry
FL_NURSE_REGISTRY,42962948,30211358,LICENSED,ASSURED HOME CARE LLC,PALM COAST,Flagler,Nurse Registry
FL_NURSE_REGISTRY,42965383,30213048,LICENSED,ASTON HOME CARE AGENCY,TAMPA,Hillsborough,Nurse Registry
FL_NURSE_REGISTRY,42962955,30211359,LICENSED,ASTRACARE LLC,DEERFIELD BCH,Broward,Nurse Registry
FL_NURSE_REGISTRY,42963608,30211943,LICENSED,ASTRACARE LLC,BOCA RATON,Palm Beach,Nurse Registry
FL_NURSE_REGISTRY,42963939,30212229,LICENSED,ASZ CARING HEARTS INC,OAKLAND PARK,Broward,Nurse Registry
FL_NURSE_REGISTRY,42962526,30210999,LICENSED,AT HOME NURSES CARE INC,HOLLYWOOD,Broward,Nurse Registry
FL_NURSE_REGISTRY,42963695,30212024,LICENSED,AT TALITHA CUMI HOME CARE INC,KISSIMMEE,Osceola,Nurse Registry
FL_NURSE_REGISTRY,42963759,30212078,LICENSED,AT TALITHA CUMI HOME CARE INC,TAMPA,Hillsborough,Nurse Registry
FL_NURSE_REGISTRY,42963912,30212219,LICENSED,AT TALITHA CUMI HOME CARE INC,CAPE CORAL,Lee,Nurse Registry
FL_NURSE_REGISTRY,42964378,30212551,LICENSED,AT TALITHA CUMI HOME CARE INC,LAND O LAKES,Pasco,Nurse Registry
FL_NURSE_REGISTRY,42963468,30211821,IN REVIEW,"AT TALITHA CUMI HOME CARE, INC",HIALEAH,Miami-Dade,Nurse Registry
FL_NURSE_REGISTRY,42963757,30212071,LICENSED,"AT TALITHA CUMI HOME CARE, INC",FT LAUDERDALE,Broward,Nurse Registry
FL_NURSE_REGISTRY,42963726,30212053,LICENSED,"AT TALITHA CUMI HOME CARE, INC.",WEST PALM BCH,Palm Beach,Nurse Registry
FL_NURSE_REGISTRY,42965086,30212939,LICENSED,"AT TALITHA CUMI HOME CARE, INC.",SPRING HILL,Hernando,Nurse Registry
FL_NURSE_REGISTRY,42965387,30213099,LICENSED,"AT TALITHA CUMI HOME CARE, INC.",ORANGE CITY,Volusia,Nurse Registry
FL_NURSE_REGISTRY,42965351,30213102,LICENSED,"AT UNITED ANGELS NURSE REGISTRY-VOLUSIA, LLC",ORANGE CITY,Volusia,Nurse Registry
FL_NURSE_REGISTRY,42963882,30212176,LICENSED,ATLANTIC CARE SERVICES HAINES CITY LLC,TAMPA,Hillsborough,Nurse Registry
FL_NURSE_REGISTRY,42963632,30211977,LICENSED,ATLANTIC CARE SERVICES LLC,WINTER PARK,Orange,Nurse Registry
FL_NURSE_REGISTRY,42962577,30211036,LICENSED,ATLANTIC IN-HOME CARE LLC,PORT SAINT LUCIE,St. Lucie,Nurse Registry
FL_NURSE_REGISTRY,42963940,30212241,LICENSED,ATTENTIVE CARE AT HOME,LANTANA,Palm Beach,Nurse Registry
FL_NURSE_REGISTRY,42962852,30211267,LICENSED,ATTENTIVE CARE CORP,FT LAUDERDALE,Broward,Nurse Registry
FL_NURSE_REGISTRY,42963462,30211876,LICENSED,ATTENTIVE NURSING CARE LLC,NAPLES,Collier,Nurse Registry
FL_NURSE_REGISTRY,42963191,30211558,IN REVIEW,AURACAL SENIOR HOME CARE LLC,BOYNTON BEACH,Palm Beach,Nurse Registry
FL_NURSE_REGISTRY,42963341,30211706,LICENSED,"AURACAL SENIOR HOME CARE, LLC",DEERFIELD BEACH,Broward,Nurse Registry
FL_NURSE_REGISTRY,42963598,30211956,LICENSED,AVAIL HOME CARE,SAFETY HARBOR,Pinellas,Nurse Registry
FL_NURSE_REGISTRY,42963689,30212023,LICENSED,AVAIL HOME CARE,TAMPA,Hillsborough,Nurse Registry
FL_NURSE_REGISTRY,42964261,30212519,LICENSED,AVAIL SERVICES,TALLAHASSEE,Leon,Nurse Registry
FL_NURSE_REGISTRY,42965444,30213067,LICENSED,AVANZA HOME CARE INC,FORT LAUDERDALE,Broward,Nurse Registry
FL_NURSE_REGISTRY,42964455,30212597,LICENSED,AXXESS HOME HEALTH CARE SERVICES,OAKLAND PARK,Broward,Nurse Registry
FL_NURSE_REGISTRY,42963642,30212006,LICENSED,AXXESS NURSING SERVICES INC,MIAMI,Miami-Dade,Nurse Registry
FL_NURSE_REGISTRY,42963963,30212281,LICENSED,AZARIAH NURSE REGISTRY LLC,NEW PORT RICHEY,Pasco,Nurse Registry
FL_NURSE_REGISTRY,42964622,30212651,LICENSED,AZARIAH NURSE REGISTRY OF TAMPA INC,TAMPA,Hillsborough,Nurse Registry
FL_NURSE_REGISTRY,42962660,30211110,LICENSED,AZTEK NURSING REGISTRY INC,MIAMI,Miami-Dade,Nurse Registry
FL_NURSE_REGISTRY,42964147,30212484,LICENSED,B FAMILY SERVICES,MIAMI,Miami-Dade,Nurse Registry
FL_NURSE_REGISTRY,42964896,30212904,LICENSED,B&K CARE SERVICES LLC,MIAMI,Miami-Dade,Nurse Registry
FL_NURSE_REGISTRY,42965070,30212948,LICENSED,BAF BEHAVIOR THERAPIST CORP,HIALEAH,Miami-Dade,Nurse Registry
FL_NURSE_REGISTRY,42965209,30212993,LICENSED,BAGGIOS CARE SERVICES LLC,WEST PALM BCH,Palm Beach,Nurse Registry
FL_NURSE_REGISTRY,42963566,30211913,LICENSED,BAHIA HOME CARE LLC,TAMPA,Hillsborough,Nurse Registry
FL_NURSE_REGISTRY,42964677,30212702,LICENSED,BAHIA HOME CARE LLC,NEW PORT RICHEY,Pasco,Nurse Registry
FL_NURSE_REGISTRY,42964467,30212606,LICENSED,"BALM OF GILEAD, LLC",HOMESTEAD,Miami-Dade,Nurse Registry
FL_NURSE_REGISTRY,42964242,30212569,LICENSED,BARWART NURSING REGISTRY,SEBASTIAN,Indian River,Nurse Registry
FL_NURSE_REGISTRY,42963793,30212144,LICENSED,BBHC REGISTRY INC,LANTANA,Palm Beach,Nurse Registry
FL_NURSE_REGISTRY,42964099,30212395,IN REVIEW,BDC CARE LLC,ORLANDO,Orange,Nurse Registry
FL_NURSE_REGISTRY,42965200,30213045,LICENSED,BDNA HOME MAKER AND COMPANION LLC,MIAMI,Miami-Dade,Nurse Registry
FL_NURSE_REGISTRY,42964624,30212660,LICENSED,BE CARED IN HOME SERVICES LLC,TAMPA,Hillsborough,Nurse Registry
FL_NURSE_REGISTRY,42965147,30213034,LICENSED,BE MY NURSE INC.,ATLANTIS,,Nurse Registry
FL_NURSE_REGISTRY,42965425,30213134,LICENSED,"BEACON HOME CARE, LLC",SARASOTA,Sarasota,Nurse Registry
FL_NURSE_REGISTRY,42965138,30212938,LICENSED,BEAUTY DOLLS NURSE REGISTRY LLC,MIAMI,Miami-Dade,Nurse Registry
FL_NURSE_REGISTRY,42963077,30211464,LICENSED,BEDROCK AT HOME ORLANDO,ORLANDO,Orange,Nurse Registry
FL_NURSE_REGISTRY,42964734,30212930,LICENSED,BEHAVIOR THERAPY ACADEMY LLC,WEST MIAMI,Miami-Dade,Nurse Registry
FL_NURSE_REGISTRY,42965174,30213033,LICENSED,"BELLAVISTA NURSE REGISTRY, INC.",HOLLYWOOD,Broward,Nurse Registry
FL_NURSE_REGISTRY,42963581,30211918,LICENSED,BELOVED CARE NURSING SERVICES LLC,LAKE WORTH,Palm Beach,Nurse Registry
FL_NURSE_REGISTRY,42963901,30212202,LICENSED,BENAIAH HEALTHCARE LLC,TEMPLE TERRACE,Hillsborough,Nurse Registry
FL_NURSE_REGISTRY,42964957,30212923,LICENSED,"BENITE CARE, LLC",MIAMI GARDENS,Miami-Dade,Nurse Registry
FL_NURSE_REGISTRY,42964809,30212712,LICENSED,BERMUDEZ HOME CARE SERVICES LLC,HIALEAH,Miami-Dade,Nurse Registry
FL_NURSE_REGISTRY,42962647,30211216,LICENSED,BEST CARE,MIAMI,Miami-Dade,Nurse Registry
FL_NURSE_REGISTRY,42962756,30211187,LICENSED,BEST CARE,HOLLYWOOD,Broward,Nurse Registry
FL_NURSE_REGISTRY,42963095,30211480,LICENSED,BEST CARE,BOCA RATON,Palm Beach,Nurse Registry
FL_NURSE_REGISTRY,42963858,30212173,LICENSED,BEST CARE,MICCO,Brevard,Nurse Registry
FL_NURSE_REGISTRY,42963671,30212003,LICENSED,BEST HOME CARE OF SW FL CORP,BONITA SPRINGS,Lee,Nurse Registry
FL_NURSE_REGISTRY,42964833,30212963,LICENSED,BESTACARE LLC,LONGWOOD,Seminole,Nurse Registry
FL_NURSE_REGISTRY,42962961,30211371,LICENSED,BETTER AT HOME LLC,TAMPA,Hillsborough,Nurse Registry
FL_NURSE_REGISTRY,42965741,30213199,LICENSED,BETTER HANDS HOME CARE LLC,PALM SPRINGS,,Nurse Registry
FL_NURSE_REGISTRY,42963229,30211603,LICENSED,BETTER HEALTHCARE LLC,SUNRISE,Broward,Nurse Registry
FL_NURSE_REGISTRY,42963284,30211671,LICENSED,BETTER HEALTHCARE LLC,NAVARRE,Santa Rosa,Nurse Registry
FL_NURSE_REGISTRY,42963397,30211756,LICENSED,BETTER HEALTHCARE LLC,BOYNTON BEACH,Palm Beach,Nurse Registry
FL_NURSE_REGISTRY,42963488,30211844,LICENSED,BETTER LIFE HOME CARE INC,FORT PIERCE,St. Lucie,Nurse Registry
FL_NURSE_REGISTRY,42964019,30212287,LICENSED,BETTY BEST CARE AT HOME LLC,PORT SAINT LUCIE,St. Lucie,Nurse Registry
FL_NURSE_REGISTRY,42964738,30212729,LICENSED,BEYOND HOMECARE AND STAFFING PLUS LLC,WEST PALM BEACH,Palm Beach,Nurse Registry
FL_NURSE_REGISTRY,42965065,30212926,LICENSED,"BEYOND NURSING REGISTRY, LLC",PEMBROKE PINES,Broward,Nurse Registry
FL_NURSE_REGISTRY,42964101,30212447,IN REVIEW,BINGO HOME CARE LLC,MONTVERDE,Lake,Nurse Registry
FL_NURSE_REGISTRY,42964830,30212785,LICENSED,BLESS PLACE HEALTH CARE LLC,MIAMI,,Nurse Registry
FL_NURSE_REGISTRY,42965326,30213182,LICENSED,BLESSED LIVES CORP,CUTLER BAY,Miami-Dade,Nurse Registry
FL_NURSE_REGISTRY,42963753,30212069,LICENSED,BLESSING HANDS SERVICES INC,WEST PALM BCH,Palm Beach,Nurse Registry
FL_NURSE_REGISTRY,42964058,30212303,LICENSED,BLESSING LIFE HEALTH CENTER LLC,HIALEAH,Miami-Dade,Nurse Registry
FL_NURSE_REGISTRY,42965389,30213218,LICENSED,BLESSINGS HEALTH SERVICES INC,MIAMI LAKES,Miami-Dade,Nurse Registry
FL_NURSE_REGISTRY,42965056,30212909,LICENSED,BLOSSOM HOME CARE INC,MIAMI LAKES,Miami-Dade,Nurse Registry
FL_NURSE_REGISTRY,42965053,30212866,LICENSED,BLUE DOLPHIN HOME CARE SERVICE LLC,MIAMI,Miami-Dade,Nurse Registry
FL_NURSE_REGISTRY,42963723,30212054,LICENSED,BLUE DOOR HOME CARE CORP,MIAMI,Miami-Dade,Nurse Registry
FL_NURSE_REGISTRY,42964012,30212296,LICENSED,"BOETHEIA INFUSION & HEALTHCARE, LLC",MACCLENNY,Baker,Nurse Registry
FL_NURSE_REGISTRY,42963029,30211437,LICENSED,BONAVENTURE HEALTH SERVICES INC,NORTH MIAMI,Miami-Dade,Nurse Registry
FL_NURSE_REGISTRY,42964094,30212346,LICENSED,BONIKE HOME HEALTH SERVICES INC,MIRAMAR,Broward,Nurse Registry
FL_NURSE_REGISTRY,42965196,30213029,LICENSED,BOURILLON SOLUTIONS LLC,ORLANDO,Orange,Nurse Registry
FL_NURSE_REGISTRY,42965291,30212998,LICENSED,BREAD & BUTTER HOMEMAKER AND COMPANION SERVICES LLC,CHATTAHOOCHEE,Gadsden,Nurse Registry
FL_NURSE_REGISTRY,42964962,30212843,LICENSED,BRIDGEWATER HOME CARE LLC,BOCA RATON,Palm Beach,Nurse Registry
FL_NURSE_REGISTRY,42964971,30212840,LICENSED,BRIDGEWATER HOME CARE LLC,FORT LAUDERDALE,Broward,Nurse Registry
FL_NURSE_REGISTRY,42965348,30213082,LICENSED,BRIDGEWATER HOME CARE LLC,SURFSIDE,Miami-Dade,Nurse Registry
FL_NURSE_REGISTRY,42963128,30213121,LICENSED,BRIGHTER DAYS NURSING AGENCY LLC,FORT LAUDERDALE,Broward,Nurse Registry
FL_NURSE_REGISTRY,42963653,30212600,LICENSED,BROWARD CAREGIVER SOLUTIONS,MIRAMAR,Broward,Nurse Registry
FL_NURSE_REGISTRY,42965236,30212991,LICENSED,"BROWARD ELITE CARE GROUP, INC",MIRAMAR,Broward,Nurse Registry
FL_NURSE_REGISTRY,42965038,30213009,LICENSED,C & M COMPANION SERVICES INC,ORLANDO,Orange,Nurse Registry
FL_NURSE_REGISTRY,42964808,30212738,LICENSED,C & S GERIATRIC SERVICE INC,MIAMI,Miami-Dade,Nurse Registry
FL_NURSE_REGISTRY,42964037,30212365,LICENSED,C&A NURSING SERVICE,MIAMI,Miami-Dade,Nurse Registry
FL_NURSE_REGISTRY,42964970,30212838,LICENSED,CADET FAMILY SERVICES LLC,WEST PALM BCH,Palm Beach,Nurse Registry
FL_NURSE_REGISTRY,42965062,30212901,LICENSED,CAMICAL HOME HEALTH LLC,TAMPA,Hillsborough,Nurse Registry
FL_NURSE_REGISTRY,42965380,30213054,LICENSED,CAPITAL CITY OASIS HOME CARE LLC,TALLAHASSEE,Leon,Nurse Registry
FL_NURSE_REGISTRY,42965268,30213051,LICENSED,CAPITAL HOME CARE LLC,AVENTURA,,Nurse Registry
FL_NURSE_REGISTRY,42963369,30211735,LICENSED,CARDINAL HOME CARE,TAMPA,Hillsborough,Nurse Registry
FL_NURSE_REGISTRY,42963422,30211815,LICENSED,CARE & BEYOND NURSE REGISTRY LLC,PLANTATION,Broward,Nurse Registry
FL_NURSE_REGISTRY,42963154,30211539,LICENSED,CARE ALTERNATIVES INC,FORT LAUDERDALE,Broward,Nurse Registry
FL_NURSE_REGISTRY,42964173,30212470,LICENSED,CARE ALTERNATIVES INC,HIALEAH,Miami-Dade,Nurse Registry
FL_NURSE_REGISTRY,42963272,30211642,LICENSED,"CARE ALTERNATIVES, INC",BOCA RATON,Palm Beach,Nurse Registry
FL_NURSE_REGISTRY,42963470,30211832,IN REVIEW,CARE ASSIST HOME HEALTH & NURSING REGISTRY INC,BOYNTON BEACH,Palm Beach,Nurse Registry
FL_NURSE_REGISTRY,42963259,30211626,LICENSED,CARE ASSIST HOME HEALTH AND NURSING REGISTRY INC,FT LAUDERDALE,Broward,Nurse Registry
FL_NURSE_REGISTRY,42964865,30212778,LICENSED,CARE BY PILOTO NURSING SERVICES INC,SWEETWATER,Miami-Dade,Nurse Registry
FL_NURSE_REGISTRY,42964504,30212625,LICENSED,"CARE MANAGEMENT ADVISORS, INC",JAX BCH,Duval,Nurse Registry
FL_NURSE_REGISTRY,42963366,30211724,LICENSED,CARE PARTNERS NURSING SERVICES LLC,LAUDERHILL,Broward,Nurse Registry
FL_NURSE_REGISTRY,42965040,30212890,LICENSED,CARE PLUS HOME HEALTH LLC,LANTANA,Palm Beach,Nurse Registry
FL_NURSE_REGISTRY,42964892,30213149,LICENSED,CARE WE TRUST LLC,KEY BISCAYNE,Miami-Dade,Nurse Registry
FL_NURSE_REGISTRY,42965122,30212941,LICENSED,"CARE WITH COMFORT, LLC",MIRAMAR,Broward,Nurse Registry
FL_NURSE_REGISTRY,42964371,30212573,LICENSED,"CARE WITH COMFORT, LLC.",MIAMI,Miami-Dade,Nurse Registry
FL_NURSE_REGISTRY,42964963,30212846,LICENSED,CARE XPERT HOME CARE CORP,DORAL,Miami-Dade,Nurse Registry
FL_NURSE_REGISTRY,42965499,30213173,LICENSED,CAREBRIDGE NETWORK LLC,MIAMI,Miami-Dade,Nurse Registry
FL_NURSE_REGISTRY,42964502,30212590,LICENSED,"CAREFUL HEARTS HOME CARE AGENCY, LLC",MIRAMAR,Broward,Nurse Registry
FL_NURSE_REGISTRY,42965399,30213063,LICENSED,CAREGIVER SOLUTIONS LLC,HAINES CITY,Polk,Nurse Registry
FL_NURSE_REGISTRY,42962484,30210975,LICENSED,CAREGIVERS OF AMERICA,MARGATE,Broward,Nurse Registry
FL_NURSE_REGISTRY,42962540,30211009,LICENSED,CAREGIVERS OF AMERICA,BOCA RATON,Palm Beach,Nurse Registry
FL_NURSE_REGISTRY,42963139,30211509,LICENSED,CAREGIVERS OF AMERICA,BOCA RATON,Palm Beach,Nurse Registry
FL_NURSE_REGISTRY,42963309,30211672,LICENSED,CAREGIVERS OF AMERICA,PALM BEACH GARDENS,Palm Beach,Nurse Registry
FL_NURSE_REGISTRY,42963501,30211856,LICENSED,CAREGIVERS OF AMERICA,AVENTURA,Miami-Dade,Nurse Registry
FL_NURSE_REGISTRY,42964137,30212386,LICENSED,CAREGIVERS OF AMERICA,BOCA RATON,Palm Beach,Nurse Registry
FL_NURSE_REGISTRY,42964444,30212554,LICENSED,CAREGIVERS OF AMERICA,BOCA RATON,Palm Beach,Nurse Registry
FL_NURSE_REGISTRY,42965571,30213187,LICENSED,"CAREGIVERS OF AMERICA, PREMIER LLC",BOCA RATON,Palm Beach,Nurse Registry
FL_NURSE_REGISTRY,42962765,30211201,LICENSED,CAREGIVERS OF THE KEYS INC,BIG PINE KEY,Monroe,Nurse Registry
FL_NURSE_REGISTRY,42965197,30212996,LICENSED,CARELINK LLC,MIAMI LAKES,Miami-Dade,Nurse Registry
FL_NURSE_REGISTRY,42965685,30213179,LICENSED,CARELOVE SUPPORT LLC,WEST PALM BCH,,Nurse Registry
FL_NURSE_REGISTRY,42964997,30212844,LICENSED,"CARELUX AGENCY, LLC",TAMARAC,,Nurse Registry
FL_NURSE_REGISTRY,42965724,30213185,LICENSED,"CAREMAX HOME CARE, LLC",OAKLAND PARK,,Nurse Registry
FL_NURSE_REGISTRY,42964926,30212931,LICENSED,"CARENOW HOME HEALTH, LLC",HIALEAH,Miami-Dade,Nurse Registry
FL_NURSE_REGISTRY,42963780,30212128,LICENSED,CARESS HOME CARE LLC,TAMPA,Hillsborough,Nurse Registry
FL_NURSE_REGISTRY,42965370,30213163,LICENSED,CARI MER HOME CARE SERVICES LLC,MIAMI GARDENS,Miami-Dade,Nurse Registry
FL_NURSE_REGISTRY,42964671,30212657,LICENSED,CARING EDGE HOMECARE INC,OAKLAND PARK,Broward,Nurse Registry
FL_NURSE_REGISTRY,42965251,30212972,LICENSED,CARING FLORIDIANS NURSE REGISTRY LLC,SEMINOLE,Pinellas,Nurse Registry
FL_NURSE_REGISTRY,42965121,30212960,LICENSED,CARING FOR HEROES LLC,N PALM BEACH,Palm Beach,Nurse Registry
FL_NURSE_REGISTRY,42962468,3032096,LICENSED,"CARING FOR SENIORS, INC.",WEST PALM BEACH,Palm Beach,Nurse Registry
FL_NURSE_REGISTRY,42963536,30211875,LICENSED,CARING HANDS HOME HEALTH LLC,BOCA RATON,Palm Beach,Nurse Registry
FL_NURSE_REGISTRY,42965594,30213228,LICENSED,"CARING HEARTS & HANDS SUPPORT AGENCY, LLC",LUTZ,Pasco,Nurse Registry
FL_NURSE_REGISTRY,42963764,30212083,LICENSED,CARING HEARTS NURSING SERVICES LLC,ROYAL PALM BEACH,Palm Beach,Nurse Registry
FL_NURSE_REGISTRY,42962688,30211130,LICENSED,CARING HOME CARE INC,MIAMI GARDENS,Miami-Dade,Nurse Registry
FL_NURSE_REGISTRY,42962730,30211170,LICENSED,CARING HOME CARE INC,FORT LAUDERDALE,Broward,Nurse Registry
FL_NURSE_REGISTRY,42963215,30211597,LICENSED,CARING HOME CARE INC,ORLANDO,Orange,Nurse Registry
FL_NURSE_REGISTRY,42963142,30211511,LICENSED,"CARING HOME CARE, INC",BOYNTON BEACH,Palm Beach,Nurse Registry
FL_NURSE_REGISTRY,42964428,30212520,LICENSED,"CARING HOME HEALTH CENTER, INC.",TAMARAC,Broward,Nurse Registry
FL_NURSE_REGISTRY,42964383,30212508,LICENSED,CARING NURSES HOME HEALTH BROWARD LLC,COCONUT CREEK,Broward,Nurse Registry
FL_NURSE_REGISTRY,42964382,30212510,LICENSED,CARING NURSES HOME HEALTH LLC,DELRAY BEACH,Palm Beach,Nurse Registry
FL_NURSE_REGISTRY,42965603,30213168,LICENSED,CARING PALMS HOME CARE LLC,BOCA RATON,Palm Beach,Nurse Registry
FL_NURSE_REGISTRY,42964840,30212780,LICENSED,CARING PRO HOME CARE LLC,HIALEAH,Miami-Dade,Nurse Registry
FL_NURSE_REGISTRY,42964875,30212813,LICENSED,CARING PRO HOME CARE LLC,MIRAMAR,Broward,Nurse Registry
FL_NURSE_REGISTRY,42964184,30212423,LICENSED,CARING PROFESSIONAL HEALTH CARE LLC,BOCA RATON,Palm Beach,Nurse Registry
FL_NURSE_REGISTRY,42963863,30212216,LICENSED,CARRINGTON'S CARING ANGELS LLC,ST PETERSBURG,Pinellas,Nurse Registry
FL_NURSE_REGISTRY,42965573,30213198,LICENSED,CASTROYA HEALTHBIKU CARES LLC,LAUDERHILL,,Nurse Registry
FL_NURSE_REGISTRY,42963962,30212253,LICENSED,CAZAN'S GIFTED HANDS CORP,BOCA RATON,Palm Beach,Nurse Registry
FL_NURSE_REGISTRY,42965045,30212899,LICENSED,"CCP HEALTH AND HOME CARE SERVICES, INC",BOCA RATON,Palm Beach,Nurse Registry
FL_NURSE_REGISTRY,42963037,30211434,LICENSED,"CCP HEALTH AND HOME CARE SERVICES, INC.",DAVIE,Broward,Nurse Registry
FL_NURSE_REGISTRY,42963180,30211570,LICENSED,CENTRAL CARE SERVICES INC,WEST PALM BEACH,Palm Beach,Nurse Registry
FL_NURSE_REGISTRY,42963953,30212256,LICENSED,CENTRAL FLORIDA CARE GROUP INC,POINCIANA,Osceola,Nurse Registry
FL_NURSE_REGISTRY,42964226,30212416,LICENSED,CENTRAL FLORIDA CARE GROUP INC,LAKE WALES,Polk,Nurse Registry
FL_NURSE_REGISTRY,42964723,30212779,IN REVIEW,CENTRAL FLORIDA CARE LLC,ORLANDO,,Nurse Registry
FL_NURSE_REGISTRY,42964238,30212409,LICENSED,CENTRAL FLORIDA NURSING SERVICES,ORLANDO,Orange,Nurse Registry
FL_NURSE_REGISTRY,42964083,30212330,LICENSED,"CERTIFIED HOME CARE ASSOCIATES, LLC",JUNO BEACH,Palm Beach,Nurse Registry
FL_NURSE_REGISTRY,42963115,30211491,LICENSED,CHAMPION HOME HEALTH CARE,MELBOURNE,Brevard,Nurse Registry
FL_NURSE_REGISTRY,42963437,30211793,LICENSED,CHARMED LIFE HOMECARE,CORAL SPRINGS,Broward,Nurse Registry
FL_NURSE_REGISTRY,42963414,30211777,LICENSED,"CHARMED LIFE HOMECARE, LLC",DELRAY BEACH,Palm Beach,Nurse Registry
FL_NURSE_REGISTRY,42963103,30211492,LICENSED,"CHCS NEXUS, LLC",MELBOURNE,Brevard,Nurse Registry
FL_NURSE_REGISTRY,42964629,30212638,LICENSED,CHERSEA HOMECARE INC,OAKLAND PARK,Broward,Nurse Registry
FL_NURSE_REGISTRY,42962613,30211079,LICENSED,CHINNY NURSES REGISTRY,MIAMI,Miami-Dade,Nurse Registry
FL_NURSE_REGISTRY,42964850,30212771,LICENSED,CHRISCAVEL CORPORATION 'DBA' FIRST START HEALTHCARE SOLUTIONS,LAUDERHILL,Broward,Nurse Registry
FL_NURSE_REGISTRY,42963941,30212309,LICENSED,CHRISDOR STAFFING LLC,TAMPA,Hillsborough,Nurse Registry
FL_NURSE_REGISTRY,42964953,30212847,LICENSED,CHRISTLIKE SENIOR CARE LLC,DEFUNIAK SPRINGS,Walton,Nurse Registry
FL_NURSE_REGISTRY,42963062,30211447,LICENSED,CINTAA,LAKE WORTH,Palm Beach,Nurse Registry
FL_NURSE_REGISTRY,42963147,30211525,LICENSED,CINTAA,DEERFIELD BEACH,Broward,Nurse Registry
FL_NURSE_REGISTRY,42964104,30212351,LICENSED,CIRESSOLUTION CORP,MIAMI,Miami-Dade,Nurse Registry
FL_NURSE_REGISTRY,42962750,30211185,IN REVIEW,CLASSIC HOMECARE LLC,AVENTURA,Miami-Dade,Nurse Registry
FL_NURSE_REGISTRY,42962807,30211230,LICENSED,CLASSIC HOMECARE LLC,HOLLYWOOD,Broward,Nurse Registry
FL_NURSE_REGISTRY,42963489,30211848,LICENSED,"CLASSIC HOMECARE, LLC",MERRITT ISLAND,Brevard,Nurse Registry
FL_NURSE_REGISTRY,42962985,30211377,LICENSED,CMA HEALTHCARE INC,WESTON,Broward,Nurse Registry
FL_NURSE_REGISTRY,42964814,30212742,LICENSED,COAST CARE PARTNERS LLC,PORT ST LUCIE,St. Lucie,Nurse Registry
FL_NURSE_REGISTRY,42962648,30211096,LICENSED,COAST TO COAST HEALTHCARE SOLUTIONS INC,MIAMI,Miami-Dade,Nurse Registry
FL_NURSE_REGISTRY,42963834,30212135,LICENSED,COAST TO COAST HEALTHCARE SOLUTIONS INC,BOCA RATON,Palm Beach,Nurse Registry
FL_NURSE_REGISTRY,42962676,30211118,LICENSED,"COAST TO COAST HEALTHCARE SOLUTIONS, INC.",LAUDERDALE LAKES,Broward,Nurse Registry
FL_NURSE_REGISTRY,42963529,30211874,LICENSED,COASTAL CONCIERGE SERVICES LLC,VERO BEACH,Indian River,Nurse Registry
FL_NURSE_REGISTRY,42965013,30212889,LICENSED,COASTAL PRIVATE CARE LLC,VERO BEACH,Indian River,Nurse Registry
FL_NURSE_REGISTRY,42964620,30212650,LICENSED,CODE OF CONDUCT CORP,DORAL,Miami-Dade,Nurse Registry
FL_NURSE_REGISTRY,42964831,30212774,LICENSED,COHEN HOME HEALTH LLC,MIAMI,Miami-Dade,Nurse Registry
FL_NURSE_REGISTRY,42963712,30212021,LICENSED,COLLIER HOME CARE LLC,BONITA SPRINGS,Lee,Nurse Registry
FL_NURSE_REGISTRY,42963328,30211693,LICENSED,COMFORT CARE NURSING PROFESSIONALS,SUNRISE,Broward,Nurse Registry
FL_NURSE_REGISTRY,42963182,30211553,LICENSED,COMFORT CARE NURSING REGISTRY LLC,BOCA RATON,Palm Beach,Nurse Registry
FL_NURSE_REGISTRY,42963267,30211646,LICENSED,COMFORT CARE NURSING REGISTRY LLC,FORT LAUDERDALE,Broward,Nurse Registry
FL_NURSE_REGISTRY,42965137,30212982,LICENSED,COMFORT HANDS HOME CARE LLC,MIAMI,Miami-Dade,Nurse Registry
FL_NURSE_REGISTRY,42962999,30211393,LICENSED,COMFORT NURSE CARE,FT LAUDERDALE,Broward,Nurse Registry
FL_NURSE_REGISTRY,42965385,30213130,LICENSED,COMFORTING AID LLC,MIAMI,,Nurse Registry
FL_NURSE_REGISTRY,42963947,30212243,LICENSED,"COMFORTING, LOVING AND HELPING HANDS AGENCY",ORLANDO,Orange,Nurse Registry
FL_NURSE_REGISTRY,42963281,30211661,LICENSED,COMMUNICARE NURSE REGISTRY,PEMBROKE PNES,Broward,Nurse Registry
FL_NURSE_REGISTRY,42963245,30211640,LICENSED,COMMUNITY ACCESS CARE,LAUDERHILL,Broward,Nurse Registry
FL_NURSE_REGISTRY,42964365,30212496,LICENSED,"COMMUNITY ANGELS, LLC",BEVERLY HILLS,Citrus,Nurse Registry
FL_NURSE_REGISTRY,42963455,30211816,LICENSED,COMMUNITY HEALTH CARE NETWORK INCORPORATED,PEMBROKE PINES,Broward,Nurse Registry
FL_NURSE_REGISTRY,42964106,30212408,IN REVIEW,COMPANION & COMPASSION LLC,JACKSONVILLE,Duval,Nurse Registry
FL_NURSE_REGISTRY,42963816,30212119,LICENSED,COMPANION CARE OF THE TREASURE COAST LLC,STUART,Martin,Nurse Registry
FL_NURSE_REGISTRY,42964974,30212885,LICENSED,"COMPANION SERVICES OF AMERICA, LLC",SOUTH MIAMI,Miami-Dade,Nurse Registry
FL_NURSE_REGISTRY,42962709,30211152,LICENSED,COMPANIONS PLUS CORPORATION,TAMARAC,Broward,Nurse Registry
FL_NURSE_REGISTRY,42962871,30211285,LICENSED,COMPANIONS PLUS CORPORATION,DELRAY BEACH,Palm Beach,Nurse Registry
FL_NURSE_REGISTRY,42962916,30211329,LICENSED,"COMPASSIONATE CARE NR, LLC",LAKE WORTH,Palm Beach,Nurse Registry
FL_NURSE_REGISTRY,42963434,30211789,LICENSED,COMPLETE HOME CARE NURSE REGISTRY,GREENACRES,Palm Beach,Nurse Registry
FL_NURSE_REGISTRY,42963478,30211823,LICENSED,COMPLETE HOME CARE NURSE REGISTRY,NAPLES,Collier,Nurse Registry
FL_NURSE_REGISTRY,42963436,30211791,LICENSED,COMPLETE HOME CARE NURSE REGISTRY LLC,FT LAUDERDALE,Broward,Nurse Registry
FL_NURSE_REGISTRY,42963438,30211797,LICENSED,COMPLETE HOME CARE NURSE REGISTRY LLC,MIAMI LAKES,Miami-Dade,Nurse Registry
FL_NURSE_REGISTRY,42963172,30211561,LICENSED,COMPLETE HOME CARE REGISTRY INC,BOYNTON BEACH,Palm Beach,Nurse Registry
FL_NURSE_REGISTRY,42963276,30211656,LICENSED,CONCIERGE CARE,JACKSONVILLE,Duval,Nurse Registry
FL_NURSE_REGISTRY,42963410,30211776,LICENSED,CONCIERGE CARE,ORMOND BEACH,Volusia,Nurse Registry
FL_NURSE_REGISTRY,42963582,30211921,LICENSED,CONCIERGE CARE,TAMPA,Hillsborough,Nurse Registry
FL_NURSE_REGISTRY,42963590,30211933,LICENSED,CONCIERGE CARE,FORT MYERS,Lee,Nurse Registry
FL_NURSE_REGISTRY,42963613,30211962,LICENSED,CONCIERGE CARE,PALM COAST,Flagler,Nurse Registry
FL_NURSE_REGISTRY,42963617,30211944,LICENSED,CONCIERGE CARE,OXFORD,Sumter,Nurse Registry
FL_NURSE_REGISTRY,42963698,30212026,LICENSED,CONCIERGE CARE,CLEARWATER,Pinellas,Nurse Registry
FL_NURSE_REGISTRY,42963717,30212047,LICENSED,CONCIERGE CARE,ALTAMONTE SPG,Seminole,Nurse Registry
FL_NURSE_REGISTRY,42963732,30212045,LICENSED,CONCIERGE CARE,PONTE VEDRA,St. Johns,Nurse Registry
FL_NURSE_REGISTRY,42963778,30212085,LICENSED,CONCIERGE CARE,GAINESVILLE,Alachua,Nurse Registry
FL_NURSE_REGISTRY,42963814,30212120,LICENSED,CONCIERGE CARE,FERNANDINA BEACH,Nassau,Nurse Registry
FL_NURSE_REGISTRY,42963832,30212139,IN REVIEW,CONCIERGE CARE,ST AUGUSTINE,St. Johns,Nurse Registry
FL_NURSE_REGISTRY,42963922,30212214,LICENSED,CONCIERGE CARE,DELRAY BEACH,Palm Beach,Nurse Registry
FL_NURSE_REGISTRY,42964315,30212946,LICENSED,CONCIERGE CARE AT HOME,BONITA SPRINGS,Lee,Nurse Registry
FL_NURSE_REGISTRY,42964342,30212535,LICENSED,CONCIERGE CARE OF ORANGE PARK LLC,ORANGE PARK,Clay,Nurse Registry
FL_NURSE_REGISTRY,42964314,30212476,LICENSED,CONCIERGE NURSING CARE PALM BEACH INC,WEST PALM BCH,Palm Beach,Nurse Registry
FL_NURSE_REGISTRY,42964691,30212800,LICENSED,CONCIERGE RECOVERY CARE LLC,JUNO BEACH,Palm Beach,Nurse Registry
FL_NURSE_REGISTRY,42964148,30212609,LICENSED,CONSUELO HEALTH CARE LLC,MIAMI,Miami-Dade,Nurse Registry
FL_NURSE_REGISTRY,42965391,30213060,LICENSED,CONTINUHOME HEALTH CONNECTIONS,MIRAMAR,Broward,Nurse Registry
FL_NURSE_REGISTRY,42965498,30213207,LICENSED,COPALME SERVICES LLC,DELTONA,Volusia,Nurse Registry
FL_NURSE_REGISTRY,42963930,30212258,LICENSED,CORA JOHN STAFFING & CARE MANAGEMENT INC,LARGO,Pinellas,Nurse Registry
FL_NURSE_REGISTRY,42965468,30213169,LICENSED,CORREA HEALTH CARE SERVICES LLC,MIAMI,Miami-Dade,Nurse Registry
FL_NURSE_REGISTRY,42965691,30213184,LICENSED,COTTAGE HOME CARE FL LLC,FT LAUDERDALE,,Nurse Registry
FL_NURSE_REGISTRY,42964565,30212637,LICENSED,"COVADONGA CARE SERVICES, INC",HIALEAH,Miami-Dade,Nurse Registry
FL_NURSE_REGISTRY,42965273,30213025,LICENSED,COVENANT CARE SOLUTIONS LLC,HOLLYWOOD,Broward,Nurse Registry
FL_NURSE_REGISTRY,42965531,30213145,LICENSED,CREATIVE MILESTONES SUPPORT SERVICES INC,TAVARES,,Nurse Registry
FL_NURSE_REGISTRY,42963731,30212066,LICENSED,CREDIBLE HEALTH HOMECARE LLC,BOYNTON BEACH,Palm Beach,Nurse Registry
FL_NURSE_REGISTRY,42963879,30212179,LICENSED,CREDIBLE HOMECARE SERVICES INC,JACKSONVILLE,Duval,Nurse Registry
FL_NURSE_REGISTRY,42965354,30213076,LICENSED,CROWN SENIOR CARE LLC,BOYNTON BEACH,Palm Beach,Nurse Registry
FL_NURSE_REGISTRY,42963211,30211593,LICENSED,CSI CATALANO'S NURSES REGISTRY INC,TAMPA,Hillsborough,Nurse Registry
FL_NURSE_REGISTRY,42962491,30210968,LICENSED,"CSI CATALANO'S NURSES REGISTRY, INC.",SARASOTA,Sarasota,Nurse Registry
FL_NURSE_REGISTRY,42930004,3002096,LICENSED,CSI CATALANOS NURSES REGISTRY INC,MIAMI,Miami-Dade,Nurse Registry
FL_NURSE_REGISTRY,42962489,30210967,LICENSED,CSI CATALANOS NURSES REGISTRY INC,SARASOTA,Sarasota,Nurse Registry
FL_NURSE_REGISTRY,42962490,30210964,LICENSED,CSI CATALANOS NURSES REGISTRY INC,CLEARWATER,Pinellas,Nurse Registry
FL_NURSE_REGISTRY,42962931,30211337,LICENSED,CSI CATALANOS NURSES REGISTRY INC,CORAL SPRINGS,Broward,Nurse Registry
FL_NURSE_REGISTRY,42965253,30212997,LICENSED,D & H RELIABLE IN HOME CARE LLC,PALM BAY,,Nurse Registry
FL_NURSE_REGISTRY,42965486,30213124,LICENSED,D&A SENIOR CARE CORP,MIAMI,Miami-Dade,Nurse Registry
FL_NURSE_REGISTRY,42963195,30211578,LICENSED,DALYS CORPORATION,MIAMI,Miami-Dade,Nurse Registry
FL_NURSE_REGISTRY,42965190,30213074,LICENSED,DANA HEALTH SERVICES INC,DORAL,Miami-Dade,Nurse Registry
FL_NURSE_REGISTRY,42965308,30213056,LICENSED,"DANDY DANA, LLC",DAVIE,Broward,Nurse Registry
FL_NURSE_REGISTRY,42964441,30212566,LICENSED,DAWN HOME CARE LLC,NEPTUNE BEACH,Duval,Nurse Registry
FL_NURSE_REGISTRY,42964602,30212652,LICENSED,DE LA RUA CARE INC,CUTLER BAY,Miami-Dade,Nurse Registry
FL_NURSE_REGISTRY,42963257,30211629,LICENSED,"DEDICATED ANGEL, INC.",NEW PORT RICHEY,Pasco,Nurse Registry
FL_NURSE_REGISTRY,42963710,30212039,LICENSED,DEFINITIVE CAREGIVERS LLC,DELRAY BEACH,Palm Beach,Nurse Registry
FL_NURSE_REGISTRY,42964853,30212770,LICENSED,DELILAH HEALTH SERVICES LLC,MIAMI LAKES,Miami-Dade,Nurse Registry
FL_NURSE_REGISTRY,42963367,30211730,LICENSED,DEPENDABLE SENIOR CARE LLC,WEST PALM BCH,Palm Beach,Nurse Registry
FL_NURSE_REGISTRY,42963427,30211799,LICENSED,DEPENDABLE SENIOR CARE LLC,CORAL SPRINGS,Broward,Nurse Registry
FL_NURSE_REGISTRY,42963444,30211800,LICENSED,DEVINE CARE PLUS,GREENACRES,Palm Beach,Nurse Registry
FL_NURSE_REGISTRY,42962668,30211116,LICENSED,DIAL A NURSE OF FORT MYERS REGISTRY INC,FORT MYERS,Lee,Nurse Registry
FL_NURSE_REGISTRY,42964349,30212543,LICENSED,DIAMOND'S FAMILY CARE INC,HIALEAH,Miami-Dade,Nurse Registry
FL_NURSE_REGISTRY,42963902,30212200,LICENSED,DIGNIFIED ANGELS IN CARE LLC,MAITLAND,Orange,Nurse Registry
FL_NURSE_REGISTRY,42965565,30213140,LICENSED,DIGNITY COMPANION AND HOMECARE SERVICES LLC,HAVANA,Gadsden,Nurse Registry
FL_NURSE_REGISTRY,42962554,30211025,LICENSED,"DIMI NURSING, INC.",BOYNTON BEACH,Palm Beach,Nurse Registry
FL_NURSE_REGISTRY,42963085,30211469,LICENSED,DIRECT ACCESS AT HOME,ARCADIA,Desoto,Nurse Registry
FL_NURSE_REGISTRY,42963471,30211818,LICENSED,"DIVERSE HOME CARE SERVICES, INC",HIALEAH GDNS,Miami-Dade,Nurse Registry
FL_NURSE_REGISTRY,42965415,30213115,LICENSED,DIVINE HOME CARE,FORT MYERS,Lee,Nurse Registry
FL_NURSE_REGISTRY,42964737,30212708,LICENSED,DOCTORS PREFERRED NURSE REGISTRY II LLC,SUN CITY CENTER,Hillsborough,Nurse Registry
FL_NURSE_REGISTRY,42964554,30212607,LICENSED,DOCTORS PREFERRED NURSE REGISTRY INC,WESLEY CHAPEL,Pasco,Nurse Registry
FL_NURSE_REGISTRY,42962597,30211056,LICENSED,DOUGLAS GARDENS HOME CARE INC,MIAMI,Miami-Dade,Nurse Registry
FL_NURSE_REGISTRY,42963480,30211838,LICENSED,DOUGLAS GARDENS HOME CARE INC,PEMBROKE PINES,Broward,Nurse Registry
FL_NURSE_REGISTRY,42964111,30212545,LICENSED,DRJ SERVICES LLC,PLANTATION,Broward,Nurse Registry
FL_NURSE_REGISTRY,42965178,30213004,LICENSED,DUMBAT HEALTH SERVICES INC,MEDLEY,Miami-Dade,Nurse Registry
FL_NURSE_REGISTRY,42963456,30211829,LICENSED,E7 HOME CARE,FORT LAUDERDALE,Broward,Nurse Registry
FL_NURSE_REGISTRY,42964256,30212536,LICENSED,"EASY NURSE REGISTRY, CORP",MIAMI,Miami-Dade,Nurse Registry
FL_NURSE_REGISTRY,42964626,30212673,LICENSED,"ECG HOME COMPANION, LLC",MIAMI,Miami-Dade,Nurse Registry
FL_NURSE_REGISTRY,42964085,30212345,LICENSED,EDEN HOME HEALTH MARTIN LLC,TAMPA,Hillsborough,Nurse Registry
FL_NURSE_REGISTRY,42964281,30212493,LICENSED,EJAI LOVES HOMECARE SERVICES INC,TAMPA,Hillsborough,Nurse Registry
FL_NURSE_REGISTRY,42965081,30212945,LICENSED,EJAI LOVES HOMECARE SERVICES INC,SARASOTA,Sarasota,Nurse Registry
FL_NURSE_REGISTRY,42964933,30212786,LICENSED,"EJAI LOVES HOMECARE SERVICES, INC",ST PETERSBURG,Pinellas,Nurse Registry
FL_NURSE_REGISTRY,42965019,30212849,LICENSED,"EJAI LOVES HOMECARE SERVICES, INC",OCALA,Marion,Nurse Registry
FL_NURSE_REGISTRY,42965377,30213176,LICENSED,"ELDER COMFORT SERVICES, LLC",HIALEAH,Miami-Dade,Nurse Registry
FL_NURSE_REGISTRY,42963490,30211847,LICENSED,ELDER HOME CARE SERVICES,PORT SAINT LUCIE,St. Lucie,Nurse Registry
FL_NURSE_REGISTRY,42964024,30212295,LICENSED,ELDERBERRY HOME HEALTH SERVICES LLC,N PALM BEACH,Palm Beach,Nurse Registry
FL_NURSE_REGISTRY,42965454,30213225,LICENSED,ELDERBERRY HOME HEALTH SERVICES OF SOUTH FLORIDA LLC,MIAMI LAKES,,Nurse Registry
FL_NURSE_REGISTRY,42965338,30213069,LICENSED,ELEVATE HOME HEALTH CORP,STUART,Martin,Nurse Registry
FL_NURSE_REGISTRY,42964197,30212399,IN REVIEW,"ELITE CARE HOME HEALTH AGENCY, LLC",ORLANDO,Orange,Nurse Registry
FL_NURSE_REGISTRY,42965716,30213192,LICENSED,"ELITE CARE HOME HEALTH AGENCY, LLC",CLERMONT,Lake,Nurse Registry
FL_NURSE_REGISTRY,42963959,30212279,LICENSED,ELITE CAREGIVERS HOME CARE CORP,MIAMI LAKES,Miami-Dade,Nurse Registry
FL_NURSE_REGISTRY,42964062,30212304,LICENSED,ELITE FAMILY HOME CARE INC,HIALEAH,Miami-Dade,Nurse Registry
FL_NURSE_REGISTRY,42964641,30212679,LICENSED,ELITE FAMILY HOME CARE INC,PEMBROKE PNES,,Nurse Registry
FL_NURSE_REGISTRY,42964947,30212854,LICENSED,ELITE HOME CARE NOW LLC,MIAMI,Miami-Dade,Nurse Registry
FL_NURSE_REGISTRY,42965559,30213166,LICENSED,ELITE OF MIAMI SERVICES LLC,MIAMI,Miami-Dade,Nurse Registry
FL_NURSE_REGISTRY,42964056,30212324,LICENSED,"ELITE SUPPORT CARE, INC",MIAMI,Miami-Dade,Nurse Registry
FL_NURSE_REGISTRY,42964022,30212276,LICENSED,ELITE THERAPY SERVICE INC,MIAMI,Miami-Dade,Nurse Registry
FL_NURSE_REGISTRY,42965024,30212898,LICENSED,EMBRACING LOVE HOME CARE LLC,STUART,Martin,Nurse Registry
FL_NURSE_REGISTRY,42963223,30211589,LICENSED,EMERALD SENIOR CARE,WILTON MANORS,Broward,Nurse Registry
FL_NURSE_REGISTRY,42963955,30212247,LICENSED,EMPOWERED COMMUNITY LIVING LLC,PALM BAY,Brevard,Nurse Registry
FL_NURSE_REGISTRY,42965207,30213019,LICENSED,"EMROSE CARE SERVICES, LLC",ORLANDO,Orange,Nurse Registry
FL_NURSE_REGISTRY,42964490,30212610,LICENSED,ENDLESS ABILITIES FOR CHILDREN WITH DISABILITIES INC,BARTOW,Polk,Nurse Registry
FL_NURSE_REGISTRY,42963268,30211637,LICENSED,ENVISTA HEALTH LLC,WINTER PARK,Orange,Nurse Registry
FL_NURSE_REGISTRY,42964899,30212773,LICENSED,EPIC HEALTH AID LLC,MIAMI,Miami-Dade,Nurse Registry
FL_NURSE_REGISTRY,42965246,30213003,LICENSED,ER HEALTH SERVICES LLC,MIAMI,Miami-Dade,Nurse Registry
FL_NURSE_REGISTRY,42964235,30212425,LICENSED,ERENA IGBE CARE SERVICES CORP,MIAMI,Miami-Dade,Nurse Registry
FL_NURSE_REGISTRY,42965576,30213186,LICENSED,ESPERANZA GROUP LLC,MIAMI,Miami-Dade,Nurse Registry
FL_NURSE_REGISTRY,42965525,30213144,LICENSED,"ESSENTIAL CARE SOLUTIONS, LLC",MIAMI,Miami-Dade,Nurse Registry
FL_NURSE_REGISTRY,42965527,30213217,LICENSED,"ETQOL NURSE CARE AGENCY, LLC",MIDDLEBURG,Clay,Nurse Registry
FL_NURSE_REGISTRY,42965424,30213131,LICENSED,EVAN HOME CARE LLC,KISSIMMEE,Osceola,Nurse Registry
FL_NURSE_REGISTRY,42963383,30211748,LICENSED,EVELYNPEARL NURSE REGISTRY,PEMBROKE PNES,Broward,Nurse Registry
FL_NURSE_REGISTRY,42965722,30213231,LICENSED,"EVERLUX NURSING SERVICES, LLC",ROYAL PALM BEACH,Palm Beach,Nurse Registry
FL_NURSE_REGISTRY,42965679,30213203,LICENSED,EVERSAFE CARE LLC,MARGATE,Broward,Nurse Registry
FL_NURSE_REGISTRY,42964222,30212428,IN REVIEW,EVOLUTION CARE SERVICES LLC,MIAMI LAKES,Miami-Dade,Nurse Registry
FL_NURSE_REGISTRY,42964354,30212512,LICENSED,EVOLUTION CARE SERVICES LLC,PEMBROKE PNES,Broward,Nurse Registry
FL_NURSE_REGISTRY,42965403,30213211,LICENSED,"EVOLUTION HOME HEALTH SERVICES, CORP",HIALEAH,,Nurse Registry
FL_NURSE_REGISTRY,42965179,30212964,LICENSED,EVOLUTION NURSE REGISTRY INC.,MIAMI,Miami-Dade,Nurse Registry
FL_NURSE_REGISTRY,42963969,30212267,LICENSED,EXCELLENCE HOME CARE LLC,WEST PALM BCH,Palm Beach,Nurse Registry
FL_NURSE_REGISTRY,42964088,30212383,LICENSED,EXCELLENCE HOME CARE NURSE REGISTRY LLC,FORT MYERS,Lee,Nurse Registry
FL_NURSE_REGISTRY,42963502,30211880,LICENSED,EXCELLENCE HOME SUPPORT CORP,MIAMI,Miami-Dade,Nurse Registry
FL_NURSE_REGISTRY,42964123,30212485,LICENSED,EXCELLENCE QUALITY SERVICES CARE INC,DORAL,Miami-Dade,Nurse Registry
FL_NURSE_REGISTRY,42963316,30211700,LICENSED,"EXCELLENT CARE HOME CARE, INC",WEST PALM BCH,Palm Beach,Nurse Registry
FL_NURSE_REGISTRY,42964011,30212373,IN REVIEW,EXCELLENT CARE SOLUTION FOR ALL LLC,MIAMI,Miami-Dade,Nurse Registry
FL_NURSE_REGISTRY,42964922,30212978,LICENSED,EXCELY HEALTH SERVICES LLC,ORLANDO,Orange,Nurse Registry
FL_NURSE_REGISTRY,42962855,30211270,LICENSED,EXPERT CARE NURSING REGISTRY INC,BOYNTON BEACH,Palm Beach,Nurse Registry
FL_NURSE_REGISTRY,42965683,30213221,LICENSED,FAITH ALLIANCE HOME CARE INC,MIAMI,Miami-Dade,Nurse Registry
FL_NURSE_REGISTRY,42964304,30212483,LICENSED,FAITH CARE CENTER FLORIDA INC,LAUDERHILL,Broward,Nurse Registry
FL_NURSE_REGISTRY,42964657,30212700,LICENSED,"FAITH CARE CENTER FLORIDA, INC",BOCA RATON,Palm Beach,Nurse Registry
FL_NURSE_REGISTRY,42963827,30212181,LICENSED,FAITH HEALTH CARE SERVICES LLC,HOLLYWOOD,Broward,Nurse Registry
FL_NURSE_REGISTRY,42963616,30211987,LICENSED,FAITHFUL CAREGIVERS LLC,DAYTONA BEACH,Volusia,Nurse Registry
FL_NURSE_REGISTRY,42964064,30212312,LICENSED,FAITHFULNESSCARE LLC,HOLLYWOOD,Broward,Nurse Registry
FL_NURSE_REGISTRY,42964781,30212723,LICENSED,FAITHFULNESSCARE LLC,HIALEAH,Miami-Dade,Nurse Registry
FL_NURSE_REGISTRY,42962588,30211052,LICENSED,FAMILY CARE GIVERS INC,SUMMERFIELD,Marion,Nurse Registry
FL_NURSE_REGISTRY,42962610,30211075,LICENSED,FAMILY CARE NURSE REGISTRY INC,MIRAMAR,Broward,Nurse Registry
FL_NURSE_REGISTRY,42964644,30212682,LICENSED,FAMILY FIRST HOME HEALTH CARE LLC,HOLLYWOOD,Broward,Nurse Registry
FL_NURSE_REGISTRY,42963452,30211820,LICENSED,FAMILY FIRST HOME HEALTHCARE LLC,MIAMI,Miami-Dade,Nurse Registry
FL_NURSE_REGISTRY,42963157,30211538,LICENSED,FAMILY FRIENDS HOME CARE,SPRING HILL,Hernando,Nurse Registry
FL_NURSE_REGISTRY,42962569,30211029,LICENSED,FAMILY LIFE CARE INC,GAINESVILLE,Alachua,Nurse Registry
FL_NURSE_REGISTRY,42962743,30211175,LICENSED,FAMILY LIFE CARE INC,ORANGE PARK,Clay,Nurse Registry
FL_NURSE_REGISTRY,42962912,30211324,LICENSED,"FAMILY LIFE CARE, INC",INVERNESS,Citrus,Nurse Registry
FL_NURSE_REGISTRY,42963579,30211927,LICENSED,"FAMILY LIFE CARE, INC",LIVE OAK,Suwannee,Nurse Registry
FL_NURSE_REGISTRY,42964665,30212707,LICENSED,"FAMILY OASIS NURSE REGISTRY, INC",PEMBROKE PNES,Broward,Nurse Registry
FL_NURSE_REGISTRY,42965141,30212977,LICENSED,FAMILY SOLUTIONS HEALTH CARE CORP,LEHIGH ACRES,Lee,Nurse Registry
FL_NURSE_REGISTRY,42965319,30213032,LICENSED,FAMILY TREE HOMECARE LLC,HOLIDAY,Pasco,Nurse Registry
FL_NURSE_REGISTRY,42965115,30213020,LICENSED,FAMILY VALUES OF FLORIDA LLC,EDGEWATER,Volusia,Nurse Registry
FL_NURSE_REGISTRY,42964870,30212892,LICENSED,FANCY HOME CARE SERVICES LLC,CLEARWATER,Pinellas,Nurse Registry
FL_NURSE_REGISTRY,42964359,30212525,LICENSED,FASCINATING CARE CORP,MIAMI,Miami-Dade,Nurse Registry
FL_NURSE_REGISTRY,42962623,30211091,LICENSED,FEINGOLD NURSING SERVICES,GREENACRES,Palm Beach,Nurse Registry
FL_NURSE_REGISTRY,42964474,30212562,LICENSED,FIDELITY HEALTH CARE SERVICES INC,WEST PALM BEACH,Palm Beach,Nurse Registry
FL_NURSE_REGISTRY,42964923,30212858,LICENSED,"FIGS HOME CARE ALLIANCE, LLC",MIAMI,,Nurse Registry
FL_NURSE_REGISTRY,42963876,30212187,LICENSED,FIND YOUR INDEPENDENCE,COOPER CITY,Broward,Nurse Registry
FL_NURSE_REGISTRY,42964034,30212358,LICENSED,FINNISH AMERICAN HOME CARE,LAKE WORTH,Palm Beach,Nurse Registry
FL_NURSE_REGISTRY,42963388,30211775,LICENSED,"FIRST ASSIST NURSING AND HOMECARE, INC.",TAMARAC,Broward,Nurse Registry
FL_NURSE_REGISTRY,42962632,30211082,LICENSED,FIRST CALL HOMECARE SERVICES INC,DELRAY BEACH,Palm Beach,Nurse Registry
FL_NURSE_REGISTRY,42963974,30212316,LICENSED,FIRST CHOICE NURSE REGISTRY LLC,TAMPA,Hillsborough,Nurse Registry
FL_NURSE_REGISTRY,42964755,30212705,LICENSED,FIRST HEALTH HOMECARE LLC,BOCA RATON,Palm Beach,Nurse Registry
FL_NURSE_REGISTRY,42964437,30212540,LICENSED,FIRST IMPRESSIONS STAFFING LLC,OAKLAND PARK,Broward,Nurse Registry
FL_NURSE_REGISTRY,42964611,30212663,LICENSED,FIRST IMPRESSIONS STAFFING LLC,MIAMI,Miami-Dade,Nurse Registry
FL_NURSE_REGISTRY,42965163,30212983,LICENSED,FIRST IMPRESSIONS STAFFING LLC,BOCA RATON,Palm Beach,Nurse Registry
FL_NURSE_REGISTRY,42965244,30213112,LICENSED,"FIRST LIGHT CARE, INC.",MIAMI,Miami-Dade,Nurse Registry
FL_NURSE_REGISTRY,42964039,30212347,LICENSED,FIRST LOVE & CARE LLC,WINTER HAVEN,Polk,Nurse Registry
FL_NURSE_REGISTRY,42964889,30212790,LICENSED,FIRST OPTION CARE LLC,MIAMI LAKES,Miami-Dade,Nurse Registry
FL_NURSE_REGISTRY,42965742,30213200,LICENSED,FIRST WATCH HOME HEALTH AGENCY,MIRAMAR,Broward,Nurse Registry
FL_NURSE_REGISTRY,42963273,30211647,LICENSED,"FIRST-CLASS NURSING REGISTRY, INC",DELRAY BEACH,Palm Beach,Nurse Registry
FL_NURSE_REGISTRY,42962670,30211112,LICENSED,FIRSTLANTIC NURSES REGISTRY INC,FT LAUDERDALE,Broward,Nurse Registry
FL_NURSE_REGISTRY,42962752,30211184,LICENSED,FIRSTLANTIC NURSES REGISTRY INC,DELRAY BEACH,Palm Beach,Nurse Registry
FL_NURSE_REGISTRY,42964936,30212797,LICENSED,FIVE STAR PROFESSIONAL HOME CARE STAFFING 2 LLC,WINTER HAVEN,Polk,Nurse Registry
FL_NURSE_REGISTRY,42964580,30212627,LICENSED,"FIVE STAR PROFESSIONAL HOME CARE STAFFING, LLC",JACKSONVILLE,Duval,Nurse Registry
FL_NURSE_REGISTRY,42965085,30212893,LICENSED,FL CARE SOLUTIONS LLC,CLEARWATER,Pinellas,Nurse Registry
FL_NURSE_REGISTRY,42962614,30211076,LICENSED,FLORICARE REGISTRY & SERVICES INC,DELRAY BEACH,Palm Beach,Nurse Registry
FL_NURSE_REGISTRY,42965626,30213188,LICENSED,"FLORIDA APRN QUALITY CONNECT, CORPORATION",NAPLES,Collier,Nurse Registry
FL_NURSE_REGISTRY,42964664,30212699,LICENSED,FLORIDA BEST HOME CARE LLC,BOYNTON BEACH,Palm Beach,Nurse Registry
FL_NURSE_REGISTRY,42965042,30212891,LICENSED,FLORIDA BEST HOME CARE LLC,POMPANO BEACH,Broward,Nurse Registry
FL_NURSE_REGISTRY,42963315,30211698,LICENSED,FLORIDA CAREGIVERS INC,CRYSTAL RIVER,Citrus,Nurse Registry
FL_NURSE_REGISTRY,42963681,30212049,LICENSED,FLORIDA CARING NURSES REGISTRY LLC,MAITLAND,Orange,Nurse Registry
FL_NURSE_REGISTRY,42965034,30212873,LICENSED,FLORIDA CONCIERGE HOMECARE INC,BOCA RATON,,Nurse Registry
FL_NURSE_REGISTRY,42964285,30212487,LICENSED,FLORIDA NURSING CARE SERVICES CORP,DORAL,Miami-Dade,Nurse Registry
FL_NURSE_REGISTRY,42965718,30213230,LICENSED,FLORIDA NURSING CARE SERVICES II LLC,LIVE OAK,Suwannee,Nurse Registry
FL_NURSE_REGISTRY,42963919,30212220,LICENSED,FLORIDA STATE NURSE REGISTRY LLC,CLERMONT,Lake,Nurse Registry
FL_NURSE_REGISTRY,42964637,30212691,LICENSED,"FLORIDA STATE NURSE REGISTRY SOUTH, LLC",ORLANDO,Orange,Nurse Registry
FL_NURSE_REGISTRY,42962771,30211209,LICENSED,"FLORIDA WEST HOME CARE, INC",PORT SAINT LUCIE,St. Lucie,Nurse Registry
FL_NURSE_REGISTRY,42963826,30212122,LICENSED,FLORIDIAN HEALTHCARE INC,FORT LAUDERDALE,Broward,Nurse Registry
FL_NURSE_REGISTRY,42963294,30211664,LICENSED,FLORRY CREATIVE CARE CORP,PLANT CITY,Hillsborough,Nurse Registry
FL_NURSE_REGISTRY,42963594,30211928,LICENSED,"FOCUS FAMILY CARE, LLC",WEST PALM BEACH,Palm Beach,Nurse Registry
FL_NURSE_REGISTRY,42963984,30212271,LICENSED,FOREVER LOVING HANDS INC,FORT PIERCE,St. Lucie,Nurse Registry
FL_NURSE_REGISTRY,42965221,30212995,LICENSED,FORRESTER HOMECARE LLC,FT LAUDERDALE,Broward,Nurse Registry
FL_NURSE_REGISTRY,42964951,30212814,LICENSED,FOUR CORNERS NURSING SERVICES LLC,FORT LAUDERDALE,Broward,Nurse Registry
FL_NURSE_REGISTRY,42965549,30213154,LICENSED,FOUR CORNERS NURSING SERVICES LLC,BOCA RATON,Palm Beach,Nurse Registry
FL_NURSE_REGISTRY,42965146,30212933,LICENSED,FREEDOM OF CHOICE SUPPORT SERVICES SO FL INC,LAUDERHILL,Broward,Nurse Registry
FL_NURSE_REGISTRY,42965089,30212906,LICENSED,"FRIENDLY HANDS HOME SERVICES, LLC",CAPE CORAL,Lee,Nurse Registry
FL_NURSE_REGISTRY,42962556,30211018,LICENSED,FRIENDS ASSISTING SENIORS & FAMILIES,JACKSONVILLE,Duval,Nurse Registry
FL_NURSE_REGISTRY,42942439,3012096,LICENSED,FRIENDS ASSISTING SENIORS AND FAMILIES,PALM SPRINGS,Palm Beach,Nurse Registry
FL_NURSE_REGISTRY,42962938,30211343,LICENSED,FRIENDS ASSISTING SENIORS AND FAMILIES,PALM SPRINGS,Palm Beach,Nurse Registry
FL_NURSE_REGISTRY,42965061,30212884,LICENSED,FROM YOUR HEART TO MY HANDS LLC,MOUNT DORA,Lake,Nurse Registry
FL_NURSE_REGISTRY,42963896,30212211,LICENSED,FRONT PORCH NURSE REGISTRY LLC,PORT SAINT LUCIE,St. Lucie,Nurse Registry
FL_NURSE_REGISTRY,42964955,30212877,LICENSED,FULL CIRCLE OF LOVE LLC,FORT MYERS,Lee,Nurse Registry
FL_NURSE_REGISTRY,42965355,30213085,LICENSED,FULL LIFE HOME CARE LLC,TAMPA,Hillsborough,Nurse Registry
FL_NURSE_REGISTRY,42964768,30212737,LICENSED,FULL LIFE PATIENT CARE LLC,MIAMI,Miami-Dade,Nurse Registry
FL_NURSE_REGISTRY,42965267,30213015,LICENSED,FUNDORA HOME CARE INC,HIALEAH,Miami-Dade,Nurse Registry
FL_NURSE_REGISTRY,42963932,30212215,LICENSED,G & C CARE,WEST PALM BEACH,Palm Beach,Nurse Registry
FL_NURSE_REGISTRY,42964674,30212687,LICENSED,G & C CARE INSTITUTE LLC,MARGATE,Broward,Nurse Registry
FL_NURSE_REGISTRY,42964676,30212698,LICENSED,GC AMERICAN HEALTH LLC,DORAL,Miami-Dade,Nurse Registry
FL_NURSE_REGISTRY,42965003,30212874,LICENSED,GENTLE CARE SERVICES ELITE LLC,MIAMI,Miami-Dade,Nurse Registry
FL_NURSE_REGISTRY,42965090,30212986,LICENSED,"GENTLE HORIZONS, LLC",ORLANDO,Orange,Nurse Registry
FL_NURSE_REGISTRY,42963640,30211972,LICENSED,GENTLE LOVING  HOME CARE LLC,LAKE WORTH,Palm Beach,Nurse Registry
FL_NURSE_REGISTRY,42963597,30211932,LICENSED,GENTLE LOVING HOME CARE LLC,LAUDERDALE LAKES,Broward,Nurse Registry
FL_NURSE_REGISTRY,42963899,30212259,LICENSED,GENTLE LOVING HOME CARE LLC,MIAMI GARDENS,Miami-Dade,Nurse Registry
FL_NURSE_REGISTRY,42965457,30213111,LICENSED,GENTLE LOVING HOME CARE LLC,ORLANDO,,Nurse Registry
FL_NURSE_REGISTRY,42965445,30213129,LICENSED,GIGI'S NURSE REGISTRY LLC,PORT CHARLOTTE,Charlotte,Nurse Registry
FL_NURSE_REGISTRY,42965254,30213126,LICENSED,GIRASOLES HOME CARE SERVICES LLC,MIAMI,Miami-Dade,Nurse Registry
FL_NURSE_REGISTRY,42964059,30212314,LICENSED,GIVENSCARE LLC,MIRAMAR,Broward,Nurse Registry
FL_NURSE_REGISTRY,42964293,30212549,LICENSED,GIVENSCARE LLC,MIAMI,Miami-Dade,Nurse Registry
FL_NURSE_REGISTRY,42964617,30212645,LICENSED,GLADES HOMECARE,BOCA RATON,Palm Beach,Nurse Registry
FL_NURSE_REGISTRY,42964491,30212602,LICENSED,GLOBAL CARE HOME SERVICES INC,MIAMI,Miami-Dade,Nurse Registry
FL_NURSE_REGISTRY,42965264,30213092,LICENSED,"GLOBAL CARE PROVIDERS, CORP.",OCALA,Marion,Nurse Registry
FL_NURSE_REGISTRY,42964904,30212817,IN REVIEW,GMA HOME CARE LUXURY LLC,HIALEAH,Miami-Dade,Nurse Registry
FL_NURSE_REGISTRY,42965466,30213114,LICENSED,GOLD SERVICE HEALTH CARE LLC,MEDLEY,Miami-Dade,Nurse Registry
FL_NURSE_REGISTRY,42963449,30211804,LICENSED,GOLDEN AGE CAREGIVERS LLC,BOCA RATON,Palm Beach,Nurse Registry
FL_NURSE_REGISTRY,42965582,30213167,LICENSED,GOLDEN AGE HOME ASSISTANCE LLC,GREENACRES,Palm Beach,Nurse Registry
FL_NURSE_REGISTRY,42965607,30213201,LICENSED,GOLDEN COMPANIONS HOME CARE LLC,TAMPA,Hillsborough,Nurse Registry
FL_NURSE_REGISTRY,42965078,30213072,LICENSED,GOLDEN COMPANIONS LLC,MIAMI,,Nurse Registry
FL_NURSE_REGISTRY,42965382,30213091,LICENSED,GOLDEN HEART HOME CARE LLC,MIAMI,Miami-Dade,Nurse Registry
FL_NURSE_REGISTRY,42963620,30211963,LICENSED,GOLDEN HOME CARE SERVICE LLC,HIALEAH,Miami-Dade,Nurse Registry
FL_NURSE_REGISTRY,42964506,30213070,LICENSED,GOLDEN HORIZON RESPITE CARE LLC,WEST PALM BCH,Palm Beach,Nurse Registry
FL_NURSE_REGISTRY,42963637,30211976,LICENSED,GOLDEN TOUCH CARE CORP,MIAMI,Miami-Dade,Nurse Registry
FL_NURSE_REGISTRY,42964423,30212547,LICENSED,GOLDSTAR HOME HEALTHCARE,BOCA RATON,Palm Beach,Nurse Registry
FL_NURSE_REGISTRY,42963179,30211555,LICENSED,GOLDSTAR HOME HEALTHCARE INC,CORAL SPRINGS,Broward,Nurse Registry
FL_NURSE_REGISTRY,42965131,30212932,LICENSED,GOOD HANDS HOME CARE SERVICES LLC,HIALEAH,Miami-Dade,Nurse Registry
FL_NURSE_REGISTRY,42965195,30213030,LICENSED,GOOD HANDS HOMECARE LLC,KISSIMMEE,Osceola,Nurse Registry
FL_NURSE_REGISTRY,42964529,30212621,LICENSED,GOOD NEWS NURSE REGISTRY LLC,TALLAHASSEE,Leon,Nurse Registry
FL_NURSE_REGISTRY,42964805,30212731,LICENSED,GOOD SISTERS & BROTHERS HOME CARE SERVICES LLC,JENSEN BEACH,Martin,Nurse Registry
FL_NURSE_REGISTRY,42964245,30212449,LICENSED,GRACE & FAITH CARE AGENCY LLC,LAKELAND,Polk,Nurse Registry
FL_NURSE_REGISTRY,42964049,30212376,LICENSED,GRACE CARE SER LLC,WINTER HAVEN,Polk,Nurse Registry
FL_NURSE_REGISTRY,42964801,30212759,IN REVIEW,"GRACE ELDER CARE, LLC",MIAMI,Miami-Dade,Nurse Registry
FL_NURSE_REGISTRY,42964995,30212856,LICENSED,GRACEFUL HANDS OF COMPASSION LLC,HAINES CITY,Polk,Nurse Registry
FL_NURSE_REGISTRY,42964967,30212823,LICENSED,GRACEFULLY MEEK HOME CARE LLC,CHIEFLAND,Levy,Nurse Registry
FL_NURSE_REGISTRY,42964588,30212677,LICENSED,"GRANDMA FEE-FEE'S HOME CARE, LLC",WEST PALM BEACH,Palm Beach,Nurse Registry
FL_NURSE_REGISTRY,42964862,30212806,IN REVIEW,GRANDMA HOME CARE LLC,WEST PALM BCH,,Nurse Registry
FL_NURSE_REGISTRY,42963822,30212134,LICENSED,GRANDPA HOME HEALTH LLC,WEST PALM BCH,Palm Beach,Nurse Registry
FL_NURSE_REGISTRY,42942441,3010096,LICENSED,GRANNY NANNIES,LONGWOOD,Seminole,Nurse Registry
FL_NURSE_REGISTRY,42962503,30210973,LICENSED,GRANNY NANNIES,BOCA RATON,Palm Beach,Nurse Registry
FL_NURSE_REGISTRY,42962592,30211046,LICENSED,GRANNY NANNIES,PALM COAST,Flagler,Nurse Registry
FL_NURSE_REGISTRY,42962622,30211763,LICENSED,GRANNY NANNIES,JACKSONVILLE,Duval,Nurse Registry
FL_NURSE_REGISTRY,42962755,30211186,LICENSED,GRANNY NANNIES,CLERMONT,Lake,Nurse Registry
FL_NURSE_REGISTRY,42962836,30211252,LICENSED,GRANNY NANNIES,GULF BREEZE,Santa Rosa,Nurse Registry
FL_NURSE_REGISTRY,42962890,30211304,LICENSED,GRANNY NANNIES,SPRING HILL,Hernando,Nurse Registry
FL_NURSE_REGISTRY,42962939,30211348,LICENSED,GRANNY NANNIES,WINTER HAVEN,Polk,Nurse Registry
FL_NURSE_REGISTRY,42962945,30211351,LICENSED,GRANNY NANNIES,PT CHARLOTTE,Charlotte,Nurse Registry
FL_NURSE_REGISTRY,42963097,30211487,LICENSED,GRANNY NANNIES,GAINESVILLE,Alachua,Nurse Registry
FL_NURSE_REGISTRY,42963163,30211940,LICENSED,GRANNY NANNIES,MIAMI,Miami-Dade,Nurse Registry
FL_NURSE_REGISTRY,42962615,30211070,IN REVIEW,GRANNY NANNIES OF LEE AND COLLIER COUNTIES,FORT MYERS,Lee,Nurse Registry
FL_NURSE_REGISTRY,42962511,30210990,LICENSED,GRANNY NANNIES OF N.A. LLC,LADY LAKE,Lake,Nurse Registry
FL_NURSE_REGISTRY,42964712,30212725,LICENSED,GRANNY NANNIES OF PANAMA CITY,PANAMA CITY,Bay,Nurse Registry
FL_NURSE_REGISTRY,42962960,30211361,LICENSED,GRANNY NANNIES SENIOR HOME CARE OF SARASOTA,SARASOTA,Sarasota,Nurse Registry
FL_NURSE_REGISTRY,42962611,30211066,LICENSED,GRANNY NANNIES SENIOR HOME CARE OF ST. PETERSBURG,SAINT PETERSBURG,Pinellas,Nurse Registry
FL_NURSE_REGISTRY,42963118,30211505,LICENSED,GRANNY NANNIES SENIOR HOME CARE OF TAMPA,TAMPA,Hillsborough,Nurse Registry
FL_NURSE_REGISTRY,42964055,30212362,LICENSED,GRANTED ANGELS INC,MARIANNA,Jackson,Nurse Registry
FL_NURSE_REGISTRY,42964949,30212804,LICENSED,GRATEFUL HOME CARE CORP,TAMPA,Hillsborough,Nurse Registry
FL_NURSE_REGISTRY,42964380,30213209,LICENSED,"GREAT CARE SERVICES, LLC",MIRAMAR,Broward,Nurse Registry
FL_NURSE_REGISTRY,42965271,30213047,LICENSED,GREAT DAY HEALTH SERVICES LLC,MIAMI,Miami-Dade,Nurse Registry
FL_NURSE_REGISTRY,42965073,30212967,LICENSED,GREEN TREE HOME CARE AGENCY CORP,MIAMI,Miami-Dade,Nurse Registry
FL_NURSE_REGISTRY,42965094,30212936,LICENSED,GREEN TREE HOME HEALTH LLC,LAKE WORTH BEACH,Palm Beach,Nurse Registry
FL_NURSE_REGISTRY,42965016,30212908,LICENSED,GREY SENIOR HOME SERVICES LLC,HIALEAH,Miami-Dade,Nurse Registry
FL_NURSE_REGISTRY,42942443,3016096,LICENSED,GRISWOLD CARE PAIRING,KEY WEST,Monroe,Nurse Registry
FL_NURSE_REGISTRY,42952457,3025096,LICENSED,GRISWOLD CARE PAIRING,ST PETERSBURG,Pinellas,Nurse Registry
FL_NURSE_REGISTRY,42962567,30211028,LICENSED,GRISWOLD CARE PAIRING,FORT LAUDERDALE,Broward,Nurse Registry
FL_NURSE_REGISTRY,42963181,30211559,LICENSED,GRISWOLD CARE PAIRING,BONITA SPGS,Lee,Nurse Registry
FL_NURSE_REGISTRY,42963256,30211643,LICENSED,GRISWOLD CARE PAIRING,VENICE,Sarasota,Nurse Registry
FL_NURSE_REGISTRY,42964905,30212832,LICENSED,GRISWOLD CARE PAIRING,SARASOTA,Manatee,Nurse Registry
FL_NURSE_REGISTRY,42963280,30211659,LICENSED,GRISWOLD CARE PAIRING FOR GREATER ORLANDO,WINTER PARK,Orange,Nurse Registry
FL_NURSE_REGISTRY,42942442,3015096,LICENSED,GRISWOLD CARE PAIRING FOR MIAMI-DADE,PINECREST,Miami-Dade,Nurse Registry
FL_NURSE_REGISTRY,42962699,30211139,LICENSED,GRISWOLD CARE PAIRING FOR PASCO COUNTY,WESLEY CHAPEL,Pasco,Nurse Registry
FL_NURSE_REGISTRY,42962930,30211332,LICENSED,GRISWOLD CARE PAIRING FOR TAMPA,TAMPA,Hillsborough,Nurse Registry
FL_NURSE_REGISTRY,42964836,30212762,IN REVIEW,GSA PLUS HOME CARE LLC,HALLANDALE BEACH,Broward,Nurse Registry
FL_NURSE_REGISTRY,42965072,30212924,LICENSED,GSA PLUS HOME CARE LLC,BOCA RATON,Palm Beach,Nurse Registry
FL_NURSE_REGISTRY,42963183,30211549,LICENSED,GUARDIAN ANGEL HOME CARE AGENCY LLC,MELBOURNE,Brevard,Nurse Registry
FL_NURSE_REGISTRY,42964847,30212990,LICENSED,GUIDING LIGHT HOME CARE,MIRAMAR,Broward,Nurse Registry
FL_NURSE_REGISTRY,42963297,30211666,LICENSED,GULFSHORE PRIVATE HOME CARE LLC,BONITA SPRINGS,Lee,Nurse Registry
FL_NURSE_REGISTRY,42965622,30213171,LICENSED,"GULFSIDE LIVING HEALTHCARE SERVICES, LLC",CAPE CORAL,Lee,Nurse Registry
FL_NURSE_REGISTRY,42965252,30213073,LICENSED,H & Y PROFESSIONAL HEALTH CORP.,MIAMI,,Nurse Registry
FL_NURSE_REGISTRY,42964888,30212767,LICENSED,HALIA HOME SERVICES LLC,TAMPA,Hillsborough,Nurse Registry
FL_NURSE_REGISTRY,42965233,30212975,LICENSED,HALLMARK HOME CARE,VERO BEACH,Indian River,Nurse Registry
FL_NURSE_REGISTRY,42964605,30212671,LICENSED,HALLMARK HOMECARE,JACKSONVILLE BEACH,Duval,Nurse Registry
FL_NURSE_REGISTRY,42964878,30212775,LICENSED,HALLMARK HOMECARE,BRADENTON,Manatee,Nurse Registry
FL_NURSE_REGISTRY,42964946,30212841,LICENSED,HALLMARK HOMECARE,SARASOTA,Sarasota,Nurse Registry
FL_NURSE_REGISTRY,42965001,30212863,LICENSED,HALLMARK HOMECARE,GOTHA,Orange,Nurse Registry
FL_NURSE_REGISTRY,42965017,30212857,LICENSED,HALLMARK HOMECARE,HALLANDLE BCH,Broward,Nurse Registry
FL_NURSE_REGISTRY,42965118,30212921,LICENSED,HALLMARK HOMECARE,TAMPA,Hillsborough,Nurse Registry
FL_NURSE_REGISTRY,42965155,30212979,LICENSED,HALLMARK HOMECARE,FORT MYERS,Lee,Nurse Registry
FL_NURSE_REGISTRY,42965392,30213062,LICENSED,HALLMARK HOMECARE,BOYNTON BEACH,Palm Beach,Nurse Registry
FL_NURSE_REGISTRY,42965526,30213141,LICENSED,HALLMARK HOMECARE,SEMINOLE,,Nurse Registry
FL_NURSE_REGISTRY,42965632,30213172,LICENSED,HALLMARK HOMECARE,CLERMONT,Lake,Nurse Registry
FL_NURSE_REGISTRY,42965650,30213213,LICENSED,HALLMARK HOMECARE,LAND O LAKES,Pasco,Nurse Registry
FL_NURSE_REGISTRY,42964822,30212845,LICENSED,HANASA NURSING LLC,JACKSONVILLE,Duval,Nurse Registry
FL_NURSE_REGISTRY,42963320,30211694,LICENSED,HAND IN HAND HOME CARE SOLUTIONS,WINTER PARK,Orange,Nurse Registry
FL_NURSE_REGISTRY,42964867,30212788,LICENSED,HANDS OF HOPE HOME CARE LLC,PANAMA CITY,Bay,Nurse Registry
FL_NURSE_REGISTRY,42962578,30211040,LICENSED,HANSON SERVICES #5 INC,SUN CITY CENTER,Hillsborough,Nurse Registry
FL_NURSE_REGISTRY,42962817,30211234,LICENSED,HANSON SERVICES NO. 5 INC,FORT MYERS,Lee,Nurse Registry
FL_NURSE_REGISTRY,42964476,30212595,LICENSED,HAPPY LIFE NURSE REGISTRY LLC,MIAMI,Miami-Dade,Nurse Registry
FL_NURSE_REGISTRY,42965678,30213155,LICENSED,HAPPY LIFE NURSE SERVICES LLC,MIRAMAR,Broward,Nurse Registry
FL_NURSE_REGISTRY,42964263,30212527,LICENSED,HAPPYFEET PERSONAL CARE LLC,TALLAHASSEE,Leon,Nurse Registry
FL_NURSE_REGISTRY,42963860,30212196,LICENSED,HARLOW CARE SOLUTIONS LLC,PANAMA CITY,Bay,Nurse Registry
FL_NURSE_REGISTRY,42964777,30212743,LICENSED,HARMONY BELLS HOME CARE SERVICES LLC,SUNRISE,Broward,Nurse Registry
FL_NURSE_REGISTRY,42964326,30212499,LICENSED,HARMONY CARING SERVICES INC,DORAL,Miami-Dade,Nurse Registry
FL_NURSE_REGISTRY,42964812,30212719,LICENSED,HARMONY HOME CARE CORP,SPRING HILL,Hernando,Nurse Registry
FL_NURSE_REGISTRY,42965438,30213089,LICENSED,HARMONY HOME HEALTH LLC,TAMPA,Hillsborough,Nurse Registry
FL_NURSE_REGISTRY,42965702,30213180,LICENSED,HARMONY HOME HEALTH SERVICES LLC,FORT MYERS,Lee,Nurse Registry
FL_NURSE_REGISTRY,42965049,30213132,LICENSED,HARMONY LIFE HOMECARE INC,MIAMI LAKES,,Nurse Registry
FL_NURSE_REGISTRY,42963829,30212118,LICENSED,HEALING HANDS HEALTH SERVICES LLC,LAKE WORTH,Palm Beach,Nurse Registry
FL_NURSE_REGISTRY,42964730,30212703,LICENSED,HEALING HANDS HOMECARE INC.,JACKSONVILLE,Duval,Nurse Registry
FL_NURSE_REGISTRY,42965130,30212955,LICENSED,HEALTH AND HYDRATION LLC,FORT MYERS,Lee,Nurse Registry
FL_NURSE_REGISTRY,42964692,30212746,LICENSED,HEALTH CARE HOME HEALTH CORP,FT LAUDERDALE,Broward,Nurse Registry
FL_NURSE_REGISTRY,42964772,30212784,LICENSED,HEALTH EXPLORERS INC,HOMESTEAD,,Nurse Registry
FL_NURSE_REGISTRY,42962532,30211000,LICENSED,HEALTH MATTERS INC,SPRING HILL,Hernando,Nurse Registry
FL_NURSE_REGISTRY,42964783,30212772,LICENSED,HEALTHCARE GENIES LLC,TAVERNIER,,Nurse Registry
FL_NURSE_REGISTRY,42965184,30212951,LICENSED,HEALTHCARE NURSING SOLUTIONS INC.,OCALA,Marion,Nurse Registry
FL_NURSE_REGISTRY,42964018,30212340,LICENSED,HEALTHCARE SOLUTION SERVICES LLC,SOUTH DAYTONA,Volusia,Nurse Registry
FL_NURSE_REGISTRY,42962722,30211157,LICENSED,HEALTHCARE SOLUTIONS,WEST PALM BCH,Palm Beach,Nurse Registry
FL_NURSE_REGISTRY,42963747,30212068,LICENSED,HEART 2 HEART CONCIERGE HOME CARE LLC,NAPLES,Collier,Nurse Registry
FL_NURSE_REGISTRY,42964057,30212334,LICENSED,HEART'S DESIRE NURSE REGISTRY,ST PETERSBURG,Pinellas,Nurse Registry
FL_NURSE_REGISTRY,42962799,30211229,LICENSED,HEARTLAND REGISTRY INC,LABELLE,Hendry,Nurse Registry
FL_NURSE_REGISTRY,42964021,30212277,LICENSED,HEARTS OF HOPE INC,MIAMI,Miami-Dade,Nurse Registry
FL_NURSE_REGISTRY,42964079,30212394,IN REVIEW,HEAVENLY HANDS SERVICES LLC,ORLANDO,Orange,Nurse Registry
FL_NURSE_REGISTRY,42963357,30211737,LICENSED,HEAVENLY HOME CARE LLC,BOYNTON BEACH,Palm Beach,Nurse Registry
FL_NURSE_REGISTRY,42963548,30211896,LICENSED,HEAVENLY HOME CARE LLC,POMPANO BEACH,Broward,Nurse Registry
FL_NURSE_REGISTRY,42962874,30211288,LICENSED,HELIOS HOME CARE,POMPANO BEACH,Broward,Nurse Registry
FL_NURSE_REGISTRY,42963243,30211609,LICENSED,HELIOS HOME CARE,DELRAY BEACH,Palm Beach,Nurse Registry
FL_NURSE_REGISTRY,42965605,30213208,LICENSED,HELIOS SUN CO,NORTH MIAMI,,Nurse Registry
FL_NURSE_REGISTRY,42962483,30210956,LICENSED,HELP AT HOME,WINTER PARK,Orange,Nurse Registry
FL_NURSE_REGISTRY,42962942,30211345,LICENSED,HELP AT HOME,PALM BAY,Brevard,Nurse Registry
FL_NURSE_REGISTRY,42962990,30211388,LICENSED,HELP AT HOME,SUMMERFIELD,Marion,Nurse Registry
FL_NURSE_REGISTRY,42965262,30213011,LICENSED,HELPING HAND HEALTH LLC,FLORIDA CITY,,Nurse Registry
FL_NURSE_REGISTRY,42964532,30212632,LICENSED,HELPING HAND NURSE REGISTRY INC,MIAMI,Miami-Dade,Nurse Registry
FL_NURSE_REGISTRY,42962844,30211268,LICENSED,HELPING HAND NURSING SERVICES,LAKELAND,Polk,Nurse Registry
FL_NURSE_REGISTRY,42964972,30212839,LICENSED,HELPING HANDS AND OPEN HEARTS,ORANGE PARK,Clay,Nurse Registry
FL_NURSE_REGISTRY,42964050,30212322,LICENSED,HELPING HANDS FOR HOMEMAKING AND COMPANIONSHIP LLC,MIRAMAR,Broward,Nurse Registry
FL_NURSE_REGISTRY,42963805,30212114,LICENSED,HELPING HANDS HOME SERVICES LLC,CALLAHAN,Nassau,Nurse Registry
FL_NURSE_REGISTRY,42963885,30212228,LICENSED,HELPING HANDS NURSES LLC,JACKSONVILLE,Duval,Nurse Registry
FL_NURSE_REGISTRY,42964084,30212338,IN REVIEW,HELPING HANDS SUPERIOR CARE NURSE REGISTRY,NEW PORT RICHEY,Pasco,Nurse Registry
FL_NURSE_REGISTRY,42964686,30212711,LICENSED,HER CARE SERVICES LLC,HIALEAH,Miami-Dade,Nurse Registry
FL_NURSE_REGISTRY,42963334,30211704,LICENSED,HHA HOME SERVICES CORP,MIAMI,Miami-Dade,Nurse Registry
FL_NURSE_REGISTRY,42964935,30212953,LICENSED,HHAS AND CNAS OF FLORIDA CORP,HIALEAH,Miami-Dade,Nurse Registry
FL_NURSE_REGISTRY,42965462,30213096,LICENSED,"HOLISTIC NURSING STAFFING, LLC",FORT LAUDERDALE,Broward,Nurse Registry
FL_NURSE_REGISTRY,42963968,30212341,LICENSED,HOLISTIXX HEALTH SERVICES INC,BOCA RATON,Palm Beach,Nurse Registry
FL_NURSE_REGISTRY,42963430,30211792,LICENSED,HOME ADVANTAGE CARE TEAM LLC,LAND O LAKES,Pasco,Nurse Registry
FL_NURSE_REGISTRY,42964223,30212463,IN REVIEW,"HOME ADVANTAGE CARE TEAM, LLC",PLANT CITY,Hillsborough,Nurse Registry
FL_NURSE_REGISTRY,42965359,30213052,LICENSED,HOME ANGELS SERVICES OFFICE INC,HIALEAH,Miami-Dade,Nurse Registry
FL_NURSE_REGISTRY,42965589,30213147,LICENSED,HOME CARE AT HEART,LEESBURG,Lake,Nurse Registry
FL_NURSE_REGISTRY,42963799,30212112,LICENSED,HOME CARE NOW LLC,BOCA RATON,Palm Beach,Nurse Registry
FL_NURSE_REGISTRY,42963913,30212222,LICENSED,"HOME CARE ON CALL, LLC",HIALEAH GARDENS,Miami-Dade,Nurse Registry
FL_NURSE_REGISTRY,42963700,30212033,LICENSED,HOME CARE ON TIME INC,HIALEAH,Miami-Dade,Nurse Registry
FL_NURSE_REGISTRY,42963611,30211964,LICENSED,HOME CARE PLUS NURSE REGISTRY LLC.,DORAL,Miami-Dade,Nurse Registry
FL_NURSE_REGISTRY,42964842,30212826,IN REVIEW,HOME CARE REGISTRY LLC,PARKLAND,Broward,Nurse Registry
FL_NURSE_REGISTRY,42964901,30212834,LICENSED,HOME CARE VISITORS LLC,PEMBROKE PNES,Broward,Nurse Registry
FL_NURSE_REGISTRY,42965489,30213117,LICENSED,HOME HEALTH HUB & TRANSPORT LLC,TAMPA,,Nurse Registry
FL_NURSE_REGISTRY,42963803,30212153,IN REVIEW,HOME HEALTH SMILES LLC,MIAMI,Miami-Dade,Nurse Registry
FL_NURSE_REGISTRY,42965187,30213050,LICENSED,"HOME HEALTH SOLUTIONS GROUP, INC.",MIAMI,,Nurse Registry
FL_NURSE_REGISTRY,42963460,30211842,LICENSED,HOME HELPERS OF FLORIDA,PALM SHORES,Brevard,Nurse Registry
FL_NURSE_REGISTRY,42965084,30212929,LICENSED,"HOME SERVICES OF SOUTHWEST FLORIDA, CORP",NAPLES,Collier,Nurse Registry
FL_NURSE_REGISTRY,42963900,30212227,LICENSED,HOME SOLUTIONS HEALTHCARE LLC,SUNRISE,Broward,Nurse Registry
FL_NURSE_REGISTRY,42963995,30212298,LICENSED,HOME SOLUTIONS HEALTHCARE LLC,BOCA RATON,Palm Beach,Nurse Registry
FL_NURSE_REGISTRY,42963997,30212480,LICENSED,HOME SOLUTIONS HEALTHCARE LLC,MIAMI,Miami-Dade,Nurse Registry
FL_NURSE_REGISTRY,42963123,30211516,LICENSED,HOME STEWARDS HEALTH SERVICES LLC,ORMOND BEACH,Volusia,Nurse Registry
FL_NURSE_REGISTRY,42963421,30211785,LICENSED,HOME SWEET HOME CAREGIVERS CORP,SUNRISE,Broward,Nurse Registry
FL_NURSE_REGISTRY,42962881,30211291,LICENSED,"HOME WITH HELP OF FLORIDA, INC.",BOYNTON BEACH,Palm Beach,Nurse Registry
FL_NURSE_REGISTRY,42963060,30211449,LICENSED,HOMEMAKERS COMPANIONS AND SITTERS LLC,PLANTATION,Broward,Nurse Registry
FL_NURSE_REGISTRY,42963762,30212092,LICENSED,HOMEWARD BOUND HEALTHCARE SERVICES LLC,JUPITER,Palm Beach,Nurse Registry
FL_NURSE_REGISTRY,42964559,30212613,LICENSED,HONEY'S LIFE YAHI CARE SERVICES CORP,NAPLES,Collier,Nurse Registry
FL_NURSE_REGISTRY,42964066,30212305,LICENSED,HOPE AND LOVE NURSING SERVICES INC,WEST MIAMI,Miami-Dade,Nurse Registry
FL_NURSE_REGISTRY,42963988,30212319,LICENSED,HOPE HEALTHCARE SERVICES,BOCA RATON,Palm Beach,Nurse Registry
FL_NURSE_REGISTRY,42962772,30211200,LICENSED,HORIZON CARE SERVICES INC,NORTH PALM BEACH,Palm Beach,Nurse Registry
FL_NURSE_REGISTRY,42962652,30211109,LICENSED,HORIZON NURSING SERVICES,DELRAY BEACH,Palm Beach,Nurse Registry
FL_NURSE_REGISTRY,42962966,30211367,LICENSED,HOSPITAL WITHOUT WALLS,POMPANO BEACH,Broward,Nurse Registry
FL_NURSE_REGISTRY,42963442,30211812,LICENSED,HOUSE OF HARMONY AND HELPING HANDS LLC,CLEARWATER,Pinellas,Nurse Registry
FL_NURSE_REGISTRY,42964177,30212478,LICENSED,HOUSE OF HARMONY LLC,TAMPA,Hillsborough,Nurse Registry
FL_NURSE_REGISTRY,42964080,30212381,LICENSED,HUMANITY & BLESSING HOME HEALTH CARE CORP,OAKLAND PARK,Broward,Nurse Registry
FL_NURSE_REGISTRY,42965459,30213143,LICENSED,HUMBLE HANDS HOME CARE LLC,MIAMI LAKES,,Nurse Registry
FL_NURSE_REGISTRY,42964472,30212937,LICENSED,"HYDRATION BOX, LLC",ST PETERSBURG,Pinellas,Nurse Registry
FL_NURSE_REGISTRY,42964753,30212875,LICENSED,I & J HOME HEALTH CARE LLC,MIAMI,Miami-Dade,Nurse Registry
FL_NURSE_REGISTRY,42964343,30212479,LICENSED,IC NURSING SERVICES INC,MIAMI LAKES,Miami-Dade,Nurse Registry
FL_NURSE_REGISTRY,42965069,30212910,LICENSED,ICARE PLUS NURSING PROFESSIONALS,OAKLAND PARK,Broward,Nurse Registry
FL_NURSE_REGISTRY,42964435,30212579,LICENSED,ILLUSIONS HOME CARE SERVICES INC,MIAMI,Miami-Dade,Nurse Registry
FL_NURSE_REGISTRY,42965469,30213137,LICENSED,IMMACULATE HOME CARE SERVICES INC,DELRAY BEACH,Palm Beach,Nurse Registry
FL_NURSE_REGISTRY,42965026,30212949,LICENSED,IMPERIAL NURSE REGISTRY LLC,HIALEAH,Miami-Dade,Nurse Registry
FL_NURSE_REGISTRY,42964335,30212523,LICENSED,IN HOME CARING SOLUTIONS LLC,BOCA RATON,Palm Beach,Nurse Registry
FL_NURSE_REGISTRY,42965048,30212882,LICENSED,INCLUSIVE CARE LLC,REDDICK,Marion,Nurse Registry
FL_NURSE_REGISTRY,42964117,30212410,IN REVIEW,"INDEPENDENTLY DEVELOPING A NEW WAY, INC",ORLANDO,Orange,Nurse Registry
FL_NURSE_REGISTRY,42963473,30211830,LICENSED,"INDIAN RIVER HOME CARE PLUS, INC.",VERO BEACH,Indian River,Nurse Registry
FL_NURSE_REGISTRY,42964020,30212294,LICENSED,INFINITE CARE NURSING REGISTRY LLC,NAPLES,Collier,Nurse Registry
FL_NURSE_REGISTRY,42965230,30213024,LICENSED,INFINITE GRACE HOMECARE LLC,PORT ST LUCIE,,Nurse Registry
FL_NURSE_REGISTRY,42964241,30212500,LICENSED,INFINITE SUPPORT SERVICES LLC,LEESBURG,Lake,Nurse Registry
FL_NURSE_REGISTRY,42965640,30213190,LICENSED,INFINITY CARE SUPPORT SERVICES,JACKSONVILLE,Duval,Nurse Registry
FL_NURSE_REGISTRY,42965270,30213043,LICENSED,INFUSION SOLUTIONS LLC,LAKE MARY,,Nurse Registry
FL_NURSE_REGISTRY,42965339,30213139,LICENSED,INTEGRITY FAMILY HOME HEALTH CARE CORP,MIAMI,Miami-Dade,Nurse Registry
FL_NURSE_REGISTRY,42965018,30212864,LICENSED,IRONWOOD HOME HEALTHCARE,PALM CITY,Martin,Nurse Registry
FL_NURSE_REGISTRY,42964298,30212475,LICENSED,ISORA CARE INC,SUNRISE,Broward,Nurse Registry
FL_NURSE_REGISTRY,42965461,30213095,LICENSED,IT'S TIME TO CARE LLC,PORT SAINT LUCIE,St. Lucie,Nurse Registry
FL_NURSE_REGISTRY,42964937,30212860,LICENSED,IVORY HEALTHCARE SOLUTIONS,PALM BAY,,Nurse Registry
FL_NURSE_REGISTRY,42964139,30212413,LICENSED,"J & A THERAPY, INC",MIAMI,Miami-Dade,Nurse Registry
FL_NURSE_REGISTRY,42964110,30212349,LICENSED,J & J HOME & COMMUNITY SUPPORT CORP,MIAMI,Miami-Dade,Nurse Registry
FL_NURSE_REGISTRY,42963100,30211486,LICENSED,J & R CARE FINDERS INC,GREENACRES,Palm Beach,Nurse Registry
FL_NURSE_REGISTRY,42964264,30212444,LICENSED,J & R CARE FINDERS INC,CLEWISTON,Hendry,Nurse Registry
FL_NURSE_REGISTRY,42963129,30211499,LICENSED,"J & R CARE FINDERS, INC",LAUDERDALE LAKES,Broward,Nurse Registry
FL_NURSE_REGISTRY,42965058,30212957,LICENSED,J&T DIVINE CARE,ALTAMONTE SPG,,Nurse Registry
FL_NURSE_REGISTRY,42964077,30212333,LICENSED,J&T DIVINE CARE LLC,MOUNT DORA,Lake,Nurse Registry
FL_NURSE_REGISTRY,42963802,30212115,LICENSED,JABEZ HOME CARE LLC,BOCA RATON,Palm Beach,Nurse Registry
FL_NURSE_REGISTRY,42963831,30212124,LICENSED,JABEZ HOME CARE LLC,MIRAMAR,Broward,Nurse Registry
FL_NURSE_REGISTRY,42964061,30212317,LICENSED,JABEZ HOME CARE LLC,MIAMI,Miami-Dade,Nurse Registry
FL_NURSE_REGISTRY,42964883,30212805,LICENSED,JANE'S CARE SERVICES CORP,PALMETTO BAY,Miami-Dade,Nurse Registry
FL_NURSE_REGISTRY,42962536,30211001,LICENSED,JANEL'S NURSES REGISTRY,MIAMI GARDENS,Miami-Dade,Nurse Registry
FL_NURSE_REGISTRY,42965091,30212918,LICENSED,JCE HEALTH LLC,TAMPA,Hillsborough,Nurse Registry
FL_NURSE_REGISTRY,42963740,30212072,LICENSED,JFS SENIOR CARE LLC,BOCA RATON,Palm Beach,Nurse Registry
FL_NURSE_REGISTRY,42963491,30211843,LICENSED,JMAKE HEALTH CARE SERVICES LLC,LAUDERHILL,Broward,Nurse Registry
FL_NURSE_REGISTRY,42963931,30212226,LICENSED,JMAKE HEALTHCARE SERVICES LLC,BOCA RATON,Palm Beach,Nurse Registry
FL_NURSE_REGISTRY,42965336,30213101,LICENSED,JMS HOME CARE SERVICES,BOCA RATON,Palm Beach,Nurse Registry
FL_NURSE_REGISTRY,42962797,30211222,LICENSED,JN NURSING REGISTRY INC,DELRAY BEACH,Palm Beach,Nurse Registry
FL_NURSE_REGISTRY,42963090,30211479,LICENSED,"JN NURSING REGISTRY, INC",DEERFIELD BEACH,Broward,Nurse Registry
FL_NURSE_REGISTRY,42965426,30213090,LICENSED,JN PEREZ HOME LLC,MIAMI,Miami-Dade,Nurse Registry
FL_NURSE_REGISTRY,42964659,30212764,LICENSED,JNNR NURSING REGISTRY INC,MIAMI,Miami-Dade,Nurse Registry
FL_NURSE_REGISTRY,42963916,30212230,LICENSED,JOHNSON & MULLINGS SERVICES INC,TAMARAC,Broward,Nurse Registry
FL_NURSE_REGISTRY,42964328,30212539,LICENSED,JOY LIFE NURSING INC,CORAL GABLES,Miami-Dade,Nurse Registry
FL_NURSE_REGISTRY,42965609,30213193,LICENSED,JOY LIFE NURSING INC,PALM SPRINGS,,Nurse Registry
FL_NURSE_REGISTRY,42965107,30212913,LICENSED,JOYFUL HOMECARE SERVICES LLC,PLANT CITY,Hillsborough,Nurse Registry
FL_NURSE_REGISTRY,42963673,30212009,LICENSED,JOYTOGETHER HOME CARE LLC,APOLLO BEACH,Hillsborough,Nurse Registry
FL_NURSE_REGISTRY,42962892,30211305,LICENSED,JT PRIVATE DUTY HOME CARE LLC,BONITA SPGS,Lee,Nurse Registry
FL_NURSE_REGISTRY,42965167,30212974,LICENSED,JUPITER HOME HEALTH,JENSEN BEACH,Martin,Nurse Registry
FL_NURSE_REGISTRY,42962856,30211271,LICENSED,"JUST LIKE FAMILY HOME CARE, LLC.",NAPLES,Collier,Nurse Registry
FL_NURSE_REGISTRY,42964697,30212749,LICENSED,K & N HOME CARE AGENCY LLC,TAMPA,Hillsborough,Nurse Registry
FL_NURSE_REGISTRY,42963942,30212794,LICENSED,K C NURSE REGISTRY LLC,LAKELAND,Polk,Nurse Registry
FL_NURSE_REGISTRY,42964940,30212819,LICENSED,K&C CARE SERVICES INC,MIAMI,Miami-Dade,Nurse Registry
FL_NURSE_REGISTRY,42965644,30213210,LICENSED,K-CARE NURSE REGISTRY CORP,FORT MYERS,Lee,Nurse Registry
FL_NURSE_REGISTRY,42965677,30213226,LICENSED,KAIROS HOME CARE SERVICES LLC,TAMPA,Hillsborough,Nurse Registry
FL_NURSE_REGISTRY,42964010,30212254,LICENSED,"KAIROS HOME CARE SERVICES, LLC",ORLANDO,Orange,Nurse Registry
FL_NURSE_REGISTRY,42963887,30212250,LICENSED,KC HOME CARE INC,TAMARAC,Broward,Nurse Registry
FL_NURSE_REGISTRY,42963354,30211722,LICENSED,KC WELLNESS NURSE REGISTRY INC,TAMARAC,Broward,Nurse Registry
FL_NURSE_REGISTRY,42963938,30212251,LICENSED,"KCL HOME HEALTH SERVICES, LLC",WEST PALM BEACH,Palm Beach,Nurse Registry
FL_NURSE_REGISTRY,42963028,30211452,LICENSED,KDM'S SERVICES INC,TAMARAC,Broward,Nurse Registry
FL_NURSE_REGISTRY,42964108,30212404,LICENSED,KIMAS HOME CARE INC,HIALEAH,Miami-Dade,Nurse Registry
FL_NURSE_REGISTRY,42965699,30213189,LICENSED,KINCARE CONNECTIONS NURSE REGISTRY,CORAL SPRINGS,,Nurse Registry
FL_NURSE_REGISTRY,42963861,30212166,LICENSED,KINGDOM PARTNERS CONNECTIONS LLC,DUNDEE,Polk,Nurse Registry
FL_NURSE_REGISTRY,42964779,30212713,LICENSED,KINGS HOME CARE CORP,TAMPA,Hillsborough,Nurse Registry
FL_NURSE_REGISTRY,42963771,30212094,LICENSED,KM HOME CARE LLC,ORLANDO,Orange,Nurse Registry
FL_NURSE_REGISTRY,42964347,30212459,IN REVIEW,KT'S SUPERIOR CARE INC,MIRAMAR,Broward,Nurse Registry
FL_NURSE_REGISTRY,42964911,30212828,LICENSED,KYLIE HOMECARE INC,BOCA RATON,Palm Beach,Nurse Registry
FL_NURSE_REGISTRY,42964718,30212718,LICENSED,L & E HEALTH CARE NURSE REGISTRY INC,CAPE CORAL,Lee,Nurse Registry
FL_NURSE_REGISTRY,42964557,30212672,LICENSED,L&L HOME HEALTH SERVICES INC,DORAL,Miami-Dade,Nurse Registry
FL_NURSE_REGISTRY,42965433,30213105,LICENSED,L.A. LOVING ARMS SENIOR CARE SERVICES. CORP,MIAMI,,Nurse Registry
FL_NURSE_REGISTRY,42965269,30213055,LICENSED,"LA AGENCY, LLC",WEST MIAMI,Miami-Dade,Nurse Registry
FL_NURSE_REGISTRY,42962548,30211015,LICENSED,LA MADONE REGISTRY INC,LAKE MARY,Seminole,Nurse Registry
FL_NURSE_REGISTRY,42965401,30213057,LICENSED,LA MANO AMIGA,OLDSMAR,Pinellas,Nurse Registry
FL_NURSE_REGISTRY,42964312,30212460,IN REVIEW,LA MANO AMIGA CORP,TAMPA,Hillsborough,Nurse Registry
FL_NURSE_REGISTRY,42962754,30211197,LICENSED,LA NURSE HOME CARE REGISTRY,DELRAY BEACH,Palm Beach,Nurse Registry
FL_NURSE_REGISTRY,42963186,30211567,LICENSED,LA NURSE HOME CARE REGISTRY,PLANTATION,Broward,Nurse Registry
FL_NURSE_REGISTRY,42964087,30212382,LICENSED,LA NURSE HOME CARE REGISTRY,AVENTURA,Miami-Dade,Nurse Registry
FL_NURSE_REGISTRY,42965574,30213181,LICENSED,LAVIM CARE LLC,GREENACRES,Palm Beach,Nurse Registry
FL_NURSE_REGISTRY,42963332,30211696,LICENSED,LEGACY PRIVATE CARE LLC,STUART,Martin,Nurse Registry
FL_NURSE_REGISTRY,42964722,30212776,LICENSED,LENITY HOME CARE LLC,HIALEAH GARDENS,Miami-Dade,Nurse Registry
FL_NURSE_REGISTRY,42964375,30212503,LICENSED,LERNI CORPORATION,MIAMI,Miami-Dade,Nurse Registry
FL_NURSE_REGISTRY,42963956,30212285,LICENSED,LEVENESS LLC,KISSIMMEE,Osceola,Nurse Registry
FL_NURSE_REGISTRY,42963957,30212242,LICENSED,LEVENESS LLC,WINTER HAVEN,Polk,Nurse Registry
FL_NURSE_REGISTRY,42963943,30212239,LICENSED,LGBT SENIOR CARE INC,AVENTURA,Miami-Dade,Nurse Registry
FL_NURSE_REGISTRY,42964321,30212689,LICENSED,"LGBT SENIOR CARE, INC.",BOCA RATON,Palm Beach,Nurse Registry
FL_NURSE_REGISTRY,42965109,30212920,LICENSED,LIFE CARE PRO CORP.,MIAMI GARDENS,,Nurse Registry
FL_NURSE_REGISTRY,42964023,30212313,LICENSED,LIFE CARES SOLUTIONS LLC,MIAMI,Miami-Dade,Nurse Registry
FL_NURSE_REGISTRY,42965503,30213135,LICENSED,LIFE IN BLOOM NURSE REGISTRY.INC,MIAMI,,Nurse Registry
FL_NURSE_REGISTRY,42963933,30212245,LICENSED,LIFE LONG HOME CARE CORP,TAMPA,Hillsborough,Nurse Registry
FL_NURSE_REGISTRY,42965139,30212934,LICENSED,LIFESOURCE HOMECARE INC,PEMBROKE PINES,Broward,Nurse Registry
FL_NURSE_REGISTRY,42963603,30211965,LICENSED,LIFETIME SENIOR CARE SERVICES CORP,MIAMI,Miami-Dade,Nurse Registry
FL_NURSE_REGISTRY,42965250,30213021,LICENSED,LIGHT THE RAINBOW LLC,KISSIMMEE,Osceola,Nurse Registry
FL_NURSE_REGISTRY,42965119,30213027,LICENSED,LILY MARIE HOMECARE LLC,HOLLYWOOD,Broward,Nurse Registry
FL_NURSE_REGISTRY,42965032,30212868,LICENSED,LILYS COACHING AND COMPANIONSHIP LLC,MIAMI,Miami-Dade,Nurse Registry
FL_NURSE_REGISTRY,42964129,30212462,IN REVIEW,LISSETTE CARE HEALTH FLORIDA LLC,VIRGINIA GDNS,Miami-Dade,Nurse Registry
FL_NURSE_REGISTRY,42964434,30212596,LICENSED,LIVE LOVE & CARING INC,MIAMI,Miami-Dade,Nurse Registry
FL_NURSE_REGISTRY,42962759,30211192,LICENSED,LIVING ASSISTANCE SERVICES VISITING ANGELS,MELBOURNE,Brevard,Nurse Registry
FL_NURSE_REGISTRY,42963666,30211997,LICENSED,LIVING GREAT NURSE REGISTRY,LAKE WORTH,Palm Beach,Nurse Registry
FL_NURSE_REGISTRY,42963067,30211458,LICENSED,LIVING LIFE AT HOME,JUPITER,Palm Beach,Nurse Registry
FL_NURSE_REGISTRY,42963767,30212168,LICENSED,LIVING LIFE AT HOME,COOPER CITY,Broward,Nurse Registry
FL_NURSE_REGISTRY,42963844,30212165,LICENSED,LIVITY HEALTHCARE LLC,MIRAMAR,Broward,Nurse Registry
FL_NURSE_REGISTRY,42964370,30212521,LICENSED,"LOTUS CARE AT HOME BROWARD, LLC",FT LAUDERDALE,Broward,Nurse Registry
FL_NURSE_REGISTRY,42963878,30212180,LICENSED,LOTUS CARE AT HOME LLC,PALMETTO BAY,Miami-Dade,Nurse Registry
FL_NURSE_REGISTRY,42964493,30212570,LICENSED,"LOTUS CARE AT HOME PALM BEACH, LLC",BOCA RATON,Palm Beach,Nurse Registry
FL_NURSE_REGISTRY,42964424,30212548,LICENSED,"LOVE 2 LIVE CARE, INC.",MIAMI,Miami-Dade,Nurse Registry
FL_NURSE_REGISTRY,42965432,30213108,LICENSED,LOVE ABIDES ELDERCARE LLC,MARIANNA,Jackson,Nurse Registry
FL_NURSE_REGISTRY,42965011,30212879,LICENSED,LOVE AND LOVEABLE NURSING SERVICES,AUBURNDALE,Polk,Nurse Registry
FL_NURSE_REGISTRY,42963713,30212060,LICENSED,LOVE CONQUERS NURSING CARE LLC,WEST PALM BCH,Palm Beach,Nurse Registry
FL_NURSE_REGISTRY,42964150,30212401,LICENSED,LOVE'S RESTORATION CENTER LLC,PAHOKEE,Palm Beach,Nurse Registry
FL_NURSE_REGISTRY,42965245,30213002,LICENSED,LOVING ANGELS HOME CARE SERVICES INC,HIALEAH,Miami-Dade,Nurse Registry
FL_NURSE_REGISTRY,42964881,30212980,LICENSED,LOVING EMBRACE HOME CARE LLC,CORAL SPRINGS,Broward,Nurse Registry
FL_NURSE_REGISTRY,42964643,30212668,LICENSED,LOVING HANDS HOME HEALTH CARE SERVICES LLC,MIRAMAR,Broward,Nurse Registry
FL_NURSE_REGISTRY,42963506,30211867,LICENSED,LOVING HOME CARE SERVICES INC,TAMPA,Hillsborough,Nurse Registry
FL_NURSE_REGISTRY,42965440,30213113,LICENSED,LOVING JOY HOME CARE LLC,DORAL,Miami-Dade,Nurse Registry
FL_NURSE_REGISTRY,42964752,30213046,LICENSED,LOVIS HOME CARE CORP,HIALEAH,Miami-Dade,Nurse Registry
FL_NURSE_REGISTRY,42964810,30212799,IN REVIEW,LOYAL HEALTH SERVICES,PORT ST LUCIE,St. Lucie,Nurse Registry
FL_NURSE_REGISTRY,42965521,30213127,LICENSED,LUCARE HOME HEALTH LLC,TAMPA,,Nurse Registry
FL_NURSE_REGISTRY,42963908,30212218,LICENSED,LUNA HOME CARE SERVICES INC,MIAMI,Miami-Dade,Nurse Registry
FL_NURSE_REGISTRY,42963614,30211951,LICENSED,LUX SENIOR CARE LLC,GREENACRES,Palm Beach,Nurse Registry
FL_NURSE_REGISTRY,42965376,30213049,LICENSED,LUXURY HOME CARE SERVICES LLC,SUNRISE,,Nurse Registry
FL_NURSE_REGISTRY,42964596,30212848,LICENSED,LYNCOR,MERRITT ISLAND,Brevard,Nurse Registry
FL_NURSE_REGISTRY,42963178,30211544,LICENSED,LYNDEN NURSING SERVICE LLC,MARGATE,Broward,Nurse Registry
FL_NURSE_REGISTRY,42963001,30211394,LICENSED,LYNDEN NURSING SERVICES LLC,GREENACRES,Palm Beach,Nurse Registry
FL_NURSE_REGISTRY,42964060,30212375,IN REVIEW,MAC HEALTH CARE LLC,PLANTATION,Broward,Nurse Registry
FL_NURSE_REGISTRY,42963949,30212240,LICENSED,MAJESTIC SUNSHINE CARE LLC,HOLLYWOOD,Broward,Nurse Registry
FL_NURSE_REGISTRY,42965369,30213059,LICENSED,MAR HOME CARE LLC,CAPE CORAL,,Nurse Registry
FL_NURSE_REGISTRY,42963513,30211857,LICENSED,MARCIA'S HEALTH CARE REGISTRY INC,BOCA RATON,Palm Beach,Nurse Registry
FL_NURSE_REGISTRY,42963479,30211824,LICENSED,MARCIAS HEALTH CARE REGISTRY INC,LAUDERHILL,Broward,Nurse Registry
FL_NURSE_REGISTRY,42964387,30212546,LICENSED,MARILYN HOME SERVICES INC,HIALEAH,Miami-Dade,Nurse Registry
FL_NURSE_REGISTRY,42964065,30212332,LICENSED,MARTINEZ LOVING CARE AGENCY INC,TAMPA,Hillsborough,Nurse Registry
FL_NURSE_REGISTRY,42965453,30213125,LICENSED,MATERNAL CARE NETWORK LLC,HIALEAH GDNS,,Nurse Registry
FL_NURSE_REGISTRY,42963251,30211620,LICENSED,MAZAL NURSING SERVICES INC,MIAMI,Miami-Dade,Nurse Registry
FL_NURSE_REGISTRY,42963599,30211938,LICENSED,MAZAL NURSING SERVICES INC,HOLLYWOOD,Broward,Nurse Registry
FL_NURSE_REGISTRY,42963630,30212837,LICENSED,MAZALTOV HOME CARE,WEST PALM BEACH,Palm Beach,Nurse Registry
FL_NURSE_REGISTRY,42964942,30212829,LICENSED,MBB HOME CARE SERVICES LLC,WEST PALM BEACH,Palm Beach,Nurse Registry
FL_NURSE_REGISTRY,42964156,30212396,LICENSED,"MC QUALITY SUPPORT, INC",MIAMI,Miami-Dade,Nurse Registry
FL_NURSE_REGISTRY,42964004,30212302,IN REVIEW,MEDHIRE STAFFING LLC,MIAMI,Miami-Dade,Nurse Registry
FL_NURSE_REGISTRY,42965654,30213224,LICENSED,MEDIVA CARE INC,MIAMI LAKES,Miami-Dade,Nurse Registry
FL_NURSE_REGISTRY,42963965,30212260,LICENSED,MELCHOR'S HUMANITY HEALTHCARE INC,MIAMI,Miami-Dade,Nurse Registry
FL_NURSE_REGISTRY,42964719,30212763,IN REVIEW,MERAKI HOME HEALTH SOLUTIONS LLC,PALM BAY,,Nurse Registry
FL_NURSE_REGISTRY,42964040,30212357,LICENSED,MERIT PERSONAL SUPPORTS INC,TAVARES,Lake,Nurse Registry
FL_NURSE_REGISTRY,42963523,30211870,LICENSED,MERRICK NURSE REGISTRY LLC,LAKE WORTH,Palm Beach,Nurse Registry
FL_NURSE_REGISTRY,42963639,30211985,LICENSED,MERRICK NURSE REGISTRY LLC,DEERFIELD BCH,Broward,Nurse Registry
FL_NURSE_REGISTRY,42964844,30212750,LICENSED,METROSTAR HEALTHCARE SERVICES LLC,WINTER HAVEN,Polk,Nurse Registry
FL_NURSE_REGISTRY,42965059,30212927,LICENSED,"MIAMI DADE HOME CARE SERVICES, LLC",MIAMI,Miami-Dade,Nurse Registry
FL_NURSE_REGISTRY,42964031,30212291,LICENSED,MIAMI KIDS' BEHAVIORAL CENTER INC,MIAMI,Miami-Dade,Nurse Registry
FL_NURSE_REGISTRY,42964259,30212438,IN REVIEW,MIAMI SPECIAL HOME CARE LLC,DORAL,Miami-Dade,Nurse Registry
FL_NURSE_REGISTRY,42965300,30213005,LICENSED,MILDRED LANE HOME CARE SERVICES LLC,LAKELAND,Polk,Nurse Registry
FL_NURSE_REGISTRY,42963682,30212017,LICENSED,MIND AND MOBILITY,AVENTURA,Miami-Dade,Nurse Registry
FL_NURSE_REGISTRY,42965260,30213086,LICENSED,"MINDFUL CONNECTIONS CARE SERVICES, INC.",MIAMI,Miami-Dade,Nurse Registry
FL_NURSE_REGISTRY,42964631,30212647,LICENSED,MINDFUL SENIOR CARE LLC,BOCA RATON,Palm Beach,Nurse Registry
FL_NURSE_REGISTRY,42964273,30212442,IN REVIEW,MIRACLE HANDS LLC,OCALA,Marion,Nurse Registry
FL_NURSE_REGISTRY,42964446,30212603,LICENSED,MLB CAREGIVERS LLC,HIALEAH,Miami-Dade,Nurse Registry
FL_NURSE_REGISTRY,42965169,30212976,LICENSED,MOLINO NURSING CARE LLC,MIAMI,Miami-Dade,Nurse Registry
FL_NURSE_REGISTRY,42965135,30213080,LICENSED,MOORE EMPIRE INC,MAITLAND,Orange,Nurse Registry
FL_NURSE_REGISTRY,42964475,30212561,LICENSED,MOUNTAIN VIEW HOME HEALTHCARE LLC,MIRAMAR,Broward,Nurse Registry
FL_NURSE_REGISTRY,42964244,30212482,LICENSED,MS PHYLLIS HOMECARE LLC,MONTVERDE,Lake,Nurse Registry
FL_NURSE_REGISTRY,42964274,30212511,LICENSED,MW GOLDEN AGE CARE CORP,HIALEAH,Miami-Dade,Nurse Registry
FL_NURSE_REGISTRY,42965242,30213041,LICENSED,MY BLUE ANGELS THERAPY CORP,HOMESTEAD,Miami-Dade,Nurse Registry
FL_NURSE_REGISTRY,42964325,30212477,LICENSED,MY BROTHERS KEEPER PRIVATE CAREGIVING LLC,LADY LAKE,Lake,Nurse Registry
FL_NURSE_REGISTRY,42964679,30212824,LICENSED,MY GOLD HEALTH CARE SERVICES LLC,HIALEAH,Miami-Dade,Nurse Registry
FL_NURSE_REGISTRY,42963684,30212011,LICENSED,MY HOME SWEET HOME,GAINESVILLE,Alachua,Nurse Registry
FL_NURSE_REGISTRY,42963937,30212255,LICENSED,MY PRECIOUS ANGELS LLC,MEDLEY,Miami-Dade,Nurse Registry
FL_NURSE_REGISTRY,42963505,30211866,LICENSED,N & J NURSE REGISTRY LLC,TAMPA,Hillsborough,Nurse Registry
FL_NURSE_REGISTRY,42963948,30212481,LICENSED,N & L HOME HEALTH LLC,WEST PALM BEACH,Palm Beach,Nurse Registry
FL_NURSE_REGISTRY,42963781,30212101,LICENSED,"NAPLES BAY HOME CARE, LLC",NAPLES,Collier,Nurse Registry
FL_NURSE_REGISTRY,42962625,30211080,LICENSED,NAUTILUS HOMECARE LLC,BOCA RATON,Palm Beach,Nurse Registry
FL_NURSE_REGISTRY,42965508,30213162,LICENSED,NAUTILUS HOMECARE LLC,MIRAMAR,Broward,Nurse Registry
FL_NURSE_REGISTRY,42965509,30213183,LICENSED,NAUTILUS HOMECARE LLC,MIAMI,Miami-Dade,Nurse Registry
FL_NURSE_REGISTRY,42964014,30212278,LICENSED,NCG HOME HEALTH INC,MIAMI,Miami-Dade,Nurse Registry
FL_NURSE_REGISTRY,42965071,30212907,LICENSED,NCG HOME HEALTH INC,CAPE CORAL,Lee,Nurse Registry
FL_NURSE_REGISTRY,42964914,30212787,LICENSED,NELSON PRIORITY CARE LLC,JACKSONVILLE,Duval,Nurse Registry
FL_NURSE_REGISTRY,42963775,30212082,LICENSED,NEVER LEFT ALONE CONCIERGE SERVICES INC,LAKE WALES,Polk,Nurse Registry
FL_NURSE_REGISTRY,42965076,30212915,LICENSED,NEW BEGINNINGS HEALTH INC,MIAMI LAKES,,Nurse Registry
FL_NURSE_REGISTRY,42964975,30212914,LICENSED,"NEW HORIZON THERAPY, LLC",MIAMI,Miami-Dade,Nurse Registry
FL_NURSE_REGISTRY,42964540,30212620,LICENSED,NEW HORIZONS HEALTHCARE SERVICES INC,HIALEAH,Miami-Dade,Nurse Registry
FL_NURSE_REGISTRY,42965760,30213222,LICENSED,NEXA HEALTH,BOCA RATON,Palm Beach,Nurse Registry
FL_NURSE_REGISTRY,42964590,30212619,LICENSED,NICMOY HOME CARE SERVICES LLC,FORT LAUDERDALE,Broward,Nurse Registry
FL_NURSE_REGISTRY,42965398,30213079,LICENSED,NICMOY HOME CARE SERVICES LLC,BOCA RATON,Palm Beach,Nurse Registry
FL_NURSE_REGISTRY,42962952,30211353,IN REVIEW,NO PLACE LIKE HOMECARE LLC,SEMINOLE,Pinellas,Nurse Registry
FL_NURSE_REGISTRY,42963976,30212262,IN REVIEW,NOBLE HOME CARE SERVICES LLC,MIAMI LAKES,Miami-Dade,Nurse Registry
FL_NURSE_REGISTRY,42964243,30212411,LICENSED,NORMAN'S NURSING HOME CARE SERVICES LLC,BOCA RATON,Palm Beach,Nurse Registry
FL_NURSE_REGISTRY,42963628,30211975,LICENSED,NORMAN'S NURSING LLC,N LAUDERDALE,Broward,Nurse Registry
FL_NURSE_REGISTRY,42964189,30212417,LICENSED,NORTON NURSE REGISTRY CORP,ST PETERSBURG,Pinellas,Nurse Registry
FL_NURSE_REGISTRY,42965127,30212952,LICENSED,NOSTRUM CARE SOLUTION LLC,MIAMI LAKES,Miami-Dade,Nurse Registry
FL_NURSE_REGISTRY,42963105,30211495,LICENSED,NURSE LINK LLC,APOLLO BEACH,Hillsborough,Nurse Registry
FL_NURSE_REGISTRY,42963086,30211478,LICENSED,NURSE MENTORS STAFFING REGISTRY,MIRAMAR,Broward,Nurse Registry
FL_NURSE_REGISTRY,42963954,30212293,LICENSED,NURSE NETWORK,SAINT PETERSBURG,Pinellas,Nurse Registry
FL_NURSE_REGISTRY,42964537,30212617,LICENSED,NURSE REGISTER OPTIMUS CARE LLC,DAVIE,Broward,Nurse Registry
FL_NURSE_REGISTRY,42965390,30213103,LICENSED,NURSE REGISTRY OF PALM BEACH LLC,BOCA RATON,Palm Beach,Nurse Registry
FL_NURSE_REGISTRY,42965159,30213220,LICENSED,NURSEREGISTRY,NORTH MIAMI,Miami-Dade,Nurse Registry
FL_NURSE_REGISTRY,42963503,30211863,LICENSED,"NURSING ON DEMAND, INC",JACKSONVILLE,Duval,Nurse Registry
FL_NURSE_REGISTRY,42962828,30211243,LICENSED,NURSING SERVICES OF PALM BEACH,GREENACRES,Palm Beach,Nurse Registry
FL_NURSE_REGISTRY,42964866,30212793,LICENSED,NURTURING HEALTH CARE SERVICES,NAPLES,Collier,Nurse Registry
FL_NURSE_REGISTRY,42964675,30212688,LICENSED,O&M CARE AND VITALITY LLC,HOLLYWOOD,Broward,Nurse Registry
FL_NURSE_REGISTRY,42963563,30211912,LICENSED,OAK HARBOR HOME HEALTH LLC,VERO BEACH,Indian River,Nurse Registry
FL_NURSE_REGISTRY,42965386,30213109,LICENSED,OASIS IV THERAPY LLC,TAMPA,Hillsborough,Nurse Registry
FL_NURSE_REGISTRY,42965278,30212999,LICENSED,OASIS NURSE REGISTRY INC,TAMPA,Hillsborough,Nurse Registry
FL_NURSE_REGISTRY,42962664,30211114,LICENSED,OASIS TEMPS HEALTHCARE INC,BRADENTON,Manatee,Nurse Registry
FL_NURSE_REGISTRY,42964663,30212685,LICENSED,OCEAN BREEZE HOME HEALTHCARE LLC,JENSEN BEACH,Martin,Nurse Registry
FL_NURSE_REGISTRY,42964176,30212377,LICENSED,OGRA CORPORATION,HIALEAH,Miami-Dade,Nurse Registry
FL_NURSE_REGISTRY,42965752,30213227,LICENSED,OHANA CARE NURSING INC,WINTER HAVEN,Polk,Nurse Registry
FL_NURSE_REGISTRY,42964534,30212598,LICENSED,OLEA HEALTH SERVICES LLC,TAVARES,Lake,Nurse Registry
FL_NURSE_REGISTRY,42965134,30212947,LICENSED,OLIVERA’S HOME HEALTH LLC,TAMPA,Hillsborough,Nurse Registry
FL_NURSE_REGISTRY,42965280,30213036,LICENSED,OMF HEALTH CARE SERVICES LLC,MIAMI,Miami-Dade,Nurse Registry
FL_NURSE_REGISTRY,42964468,30212601,LICENSED,ON CALL ELDER CARE LLC,PENSACOLA,Escambia,Nurse Registry
FL_NURSE_REGISTRY,42964713,30212809,LICENSED,ON CALL NURSING,BOCA RATON,Palm Beach,Nurse Registry
FL_NURSE_REGISTRY,42964761,30212761,LICENSED,ON TIME HOME CARE LLC,PEMBROKE PNES,,Nurse Registry
FL_NURSE_REGISTRY,42963499,30211862,LICENSED,ONE CALL HOMECARE LLC,PLANTATION,Broward,Nurse Registry
FL_NURSE_REGISTRY,42963500,30211846,LICENSED,ONE CALL HOMECARE LLC,BOCA RATON,Palm Beach,Nurse Registry
FL_NURSE_REGISTRY,42963019,30211409,LICENSED,ONE ON ONE SERVICES,DELRAY BEACH,Palm Beach,Nurse Registry
FL_NURSE_REGISTRY,42963355,30211727,LICENSED,ONE ON ONE SERVICES,FORT LAUDERDALE,Broward,Nurse Registry
FL_NURSE_REGISTRY,42964483,30212618,LICENSED,ONE STOP NURSING REGISTRY LLC,MIAMI,Miami-Dade,Nurse Registry
FL_NURSE_REGISTRY,42965332,30213007,LICENSED,ONECARE HOME HELP INC,MIAMI,,Nurse Registry
FL_NURSE_REGISTRY,42964372,30212502,LICENSED,OPEN WINGS HOME CARE AGENCY,N MIAMI BEACH,Miami-Dade,Nurse Registry
FL_NURSE_REGISTRY,42964103,30212429,LICENSED,OPTIMAL CARE SERVICES,MIAMI,Miami-Dade,Nurse Registry
FL_NURSE_REGISTRY,42965225,30213040,LICENSED,OPULUXE TAILORED NURSING LLC,WEST PALM BCH,,Nurse Registry
FL_NURSE_REGISTRY,42964000,30212265,LICENSED,OUR HEARTS HOME CARE & STAFFING LLC,RUSKIN,Hillsborough,Nurse Registry
FL_NURSE_REGISTRY,42965064,30212895,LICENSED,OUR LOVED ONES AGENCY LLC,FT LAUDERDALE,Broward,Nurse Registry
FL_NURSE_REGISTRY,42964701,30212721,LICENSED,OUR SERVICES 4 YOU INC,MIAMI,Miami-Dade,Nurse Registry
FL_NURSE_REGISTRY,42963555,30211908,LICENSED,OURCARE OF FLORIDA INC,TEMPLE TERRACE,Hillsborough,Nurse Registry
FL_NURSE_REGISTRY,42965265,30213044,LICENSED,"OWEN CARE SERVICES, INC.",MIAMI,Miami-Dade,Nurse Registry
FL_NURSE_REGISTRY,42963166,30211556,LICENSED,PALM BEACH NURSING CARE,BOCA RATON,Palm Beach,Nurse Registry
FL_NURSE_REGISTRY,42963235,30211600,LICENSED,PALM BEACH NURSING CARE LLC,CORAL SPRINGS,Broward,Nurse Registry
FL_NURSE_REGISTRY,42964736,30212724,LICENSED,"PALM BEACH SERENITY HEALTH CARE, INC",GREENACRES,Palm Beach,Nurse Registry
FL_NURSE_REGISTRY,42965449,30213157,LICENSED,PALMS MAJESTIC LLC,ORLANDO,Orange,Nurse Registry
FL_NURSE_REGISTRY,42963124,30211498,LICENSED,PARADISE HOME HEALTH CARE,BOCA RATON,Palm Beach,Nurse Registry
FL_NURSE_REGISTRY,42963312,30211678,LICENSED,PARADISE HOME HEALTH CARE,SUNRISE,Broward,Nurse Registry
FL_NURSE_REGISTRY,42964855,30212795,LICENSED,PARK HOME CARE,LARGO,Pinellas,Nurse Registry
FL_NURSE_REGISTRY,42962700,30211151,LICENSED,PARTNERS IN CARE,NAPLES,Collier,Nurse Registry
FL_NURSE_REGISTRY,42963014,30211411,LICENSED,PARX HOME CARE,TAMPA,Hillsborough,Nurse Registry
FL_NURSE_REGISTRY,42964279,30212466,LICENSED,PAULINA V.I.P. CARE SERVICES LLC,STUART,Martin,Nurse Registry
FL_NURSE_REGISTRY,42965237,30212971,LICENSED,PERFECT LIFE HOME SERVICES LLC,MIAMI,Miami-Dade,Nurse Registry
FL_NURSE_REGISTRY,42964860,30212789,IN REVIEW,PERSONAL CARE NURSE REGISTRY INC,CUTLER BAY,Miami-Dade,Nurse Registry
FL_NURSE_REGISTRY,42964902,30212852,LICENSED,"PERSONAL CARE SERVICES, INC",MIAMI,Miami-Dade,Nurse Registry
FL_NURSE_REGISTRY,42964210,30212591,LICENSED,PERSONAL VITAL CARE INC,HIALEAH,Miami-Dade,Nurse Registry
FL_NURSE_REGISTRY,42964560,30212649,LICENSED,PHENIX NURSING CARE INC,MIAMI LAKES,Miami-Dade,Nurse Registry
FL_NURSE_REGISTRY,42962831,30211253,LICENSED,PHILAM HOME CARE INC,LARGO,Pinellas,Nurse Registry
FL_NURSE_REGISTRY,42965106,30212970,LICENSED,PHOENIX HOME CARE MANAGEMENT LLC,LAKE MARY,Seminole,Nurse Registry
FL_NURSE_REGISTRY,42962607,30211067,LICENSED,"PHYSICIANS' PRIVATE NURSING SERVICE, INC.",WELLINGTON,Palm Beach,Nurse Registry
FL_NURSE_REGISTRY,42965046,30212940,LICENSED,PILLARS OF HEARTS LLC,DUNNELLON,Marion,Nurse Registry
FL_NURSE_REGISTRY,42963054,30211442,LICENSED,PIONEER NURSING & HOME CARE,BOCA RATON,Palm Beach,Nurse Registry
FL_NURSE_REGISTRY,42962596,30211053,LICENSED,"PIONEER NURSING SERVICES, INC",CORAL SPRINGS,Broward,Nurse Registry
FL_NURSE_REGISTRY,42963711,30212107,LICENSED,POINCIANA NURSE SERVICES,KISSIMMEE,Osceola,Nurse Registry
FL_NURSE_REGISTRY,42964269,30212422,IN REVIEW,POINCIANA NURSE SERVICES,HAINES CITY,Polk,Nurse Registry
FL_NURSE_REGISTRY,42964275,30212506,LICENSED,PORTA NOVA NURSE REGISTRY,ORLANDO,Orange,Nurse Registry
FL_NURSE_REGISTRY,42965052,30212912,LICENSED,PORTA NOVA NURSE REGISTRY,TAMPA,Hillsborough,Nurse Registry
FL_NURSE_REGISTRY,42963580,30211929,LICENSED,POTTER NURSING SERVICE LLC,FORT LAUDERDALE,Broward,Nurse Registry
FL_NURSE_REGISTRY,42962795,30211219,LICENSED,"POTTER NURSING SERVICE, LLC",BOCA RATON,Palm Beach,Nurse Registry
FL_NURSE_REGISTRY,42965044,30212880,LICENSED,"PPH FL-SUNCOAST, LLC",TAMPA,,Nurse Registry
FL_NURSE_REGISTRY,42963680,30212016,LICENSED,"PRECIOUS CARE HOME CARE SERVICE, INC.",NEW PRT RCHY,Pasco,Nurse Registry
FL_NURSE_REGISTRY,42963644,30211982,LICENSED,PRECISE CARE SERVICES LLC,FORT PIERCE,St. Lucie,Nurse Registry
FL_NURSE_REGISTRY,42963634,30211979,LICENSED,PREFERRED LIFE CARE HOME HEALTH LLC,DELRAY BEACH,Palm Beach,Nurse Registry
FL_NURSE_REGISTRY,42963044,30211431,LICENSED,PREFERRED PRIVATE CARE,PORT SAINT LUCIE,St. Lucie,Nurse Registry
FL_NURSE_REGISTRY,42962774,30211191,LICENSED,PREMIER CARE NURSES OF AMERICA INC,COCONUT CREEK,Broward,Nurse Registry
FL_NURSE_REGISTRY,42962602,30211060,LICENSED,"PREMIER CARE NURSES OF AMERICA, INC",BOCA RATON,Palm Beach,Nurse Registry
FL_NURSE_REGISTRY,42965482,30213136,LICENSED,"PREMIER HOME HEALTH CARE SERVICES, LLC",MIAMI,Miami-Dade,Nurse Registry
FL_NURSE_REGISTRY,42965211,30212984,LICENSED,"PREMIER IN HOME SERVICES, LLC",HALLANDALE BEACH,Broward,Nurse Registry
FL_NURSE_REGISTRY,42965330,30213042,LICENSED,"PREMIER PERSONAL CARE STAFFING, LLC",APOLLO BEACH,,Nurse Registry
FL_NURSE_REGISTRY,42964882,30212808,LICENSED,PREMIER PRIVATE HOME CARE CORP,NAPLES,Collier,Nurse Registry
FL_NURSE_REGISTRY,42965123,30212911,LICENSED,PREMIER PROFESSIONAL HOME CARE CORP,MIAMI,,Nurse Registry
FL_NURSE_REGISTRY,42963819,30212170,LICENSED,PRESTIGE GLOBAL NURSING SERVICES INC,LAKE WORTH,Palm Beach,Nurse Registry
FL_NURSE_REGISTRY,42964092,30212397,LICENSED,PRINCETON LONG TERM CARE LLC,MIAMI,Miami-Dade,Nurse Registry
FL_NURSE_REGISTRY,42964200,30212421,LICENSED,PRIORITY WELLNESS CARE INC,HALLANDALE BEACH,Broward,Nurse Registry
FL_NURSE_REGISTRY,42963884,30212193,LICENSED,PRIVATE CARE SOLUTIONS,DELRAY BEACH,Palm Beach,Nurse Registry
FL_NURSE_REGISTRY,42964858,30212825,LICENSED,PRIVATE DUTY HOME HEALTH CARE LLC,DORAL,Miami-Dade,Nurse Registry
FL_NURSE_REGISTRY,42963167,30211611,LICENSED,PRIVATE NURSING CARE INC,VERO BEACH,Indian River,Nurse Registry
FL_NURSE_REGISTRY,42963904,30212213,LICENSED,PRO NURSING SOLUTIONS INC,DORAL,Miami-Dade,Nurse Registry
FL_NURSE_REGISTRY,42965128,30212956,LICENSED,PROFESSIONAL & QUALITY AIDES DADE LLC,NORTH MIAMI BEACH,Miami-Dade,Nurse Registry
FL_NURSE_REGISTRY,42964386,30212626,LICENSED,PROFESSIONAL NURSING AND HEALTH CARE CENTER CORP,MIAMI,Miami-Dade,Nurse Registry
FL_NURSE_REGISTRY,42963743,30212076,LICENSED,PROGRESSIVE LIFE SERVICES,MIAMI,Miami-Dade,Nurse Registry
FL_NURSE_REGISTRY,42964227,30212585,LICENSED,PROSPER INFUSION INC,LARGO,Pinellas,Nurse Registry
FL_NURSE_REGISTRY,42964579,30212662,LICENSED,"PROSPER INFUSION, INC.",SARASOTA,Sarasota,Nurse Registry
FL_NURSE_REGISTRY,42964218,30212436,LICENSED,PROSPER LIVING LLC,MIAMI,Miami-Dade,Nurse Registry
FL_NURSE_REGISTRY,42963572,30211930,LICENSED,PROVIDENCE HOMECARE LLC,MIAMI,Miami-Dade,Nurse Registry
FL_NURSE_REGISTRY,42964739,30212803,LICENSED,PSI HOME HEALTH LLC,BOYNTON BEACH,Palm Beach,Nurse Registry
FL_NURSE_REGISTRY,42965022,30212851,LICENSED,PURA VIDA HOME CARE LLC,MIAMI,Miami-Dade,Nurse Registry
FL_NURSE_REGISTRY,42964993,30212881,LICENSED,PURE LIFE NURSE REGISTRY CORP,TAMPA,Hillsborough,Nurse Registry
FL_NURSE_REGISTRY,42965304,30213195,LICENSED,PUREHEART MEDICAL INC.,HOMESTEAD,,Nurse Registry
FL_NURSE_REGISTRY,42963238,30211636,LICENSED,QUAD NURSE LLC,OCALA,Marion,Nurse Registry
FL_NURSE_REGISTRY,42965021,30212887,LICENSED,QUAD NURSE LLC,WESLEY CHAPEL,Pasco,Nurse Registry
FL_NURSE_REGISTRY,42963742,30212051,LICENSED,QUALCARE NURSE REGISTRY INC,LAUDERHILL,Broward,Nurse Registry
FL_NURSE_REGISTRY,42963850,30212151,LICENSED,QUALCARE NURSE REGISTRY INC,DELRAY BEACH,Palm Beach,Nurse Registry
FL_NURSE_REGISTRY,42963871,30212203,LICENSED,QUALITY CARE HOME HEALTHCARE COMPANY LLC,SAINT AUGUSTINE,St. Johns,Nurse Registry
FL_NURSE_REGISTRY,42963120,30211496,LICENSED,QUALITY FAMILY CARE HOME CARE SERVICES LLC,POMPANO BEACH,Broward,Nurse Registry
FL_NURSE_REGISTRY,42962857,30211272,LICENSED,QUALITY FAMILY CARE LLC,WEST PALM BEACH,Palm Beach,Nurse Registry
FL_NURSE_REGISTRY,42965324,30213013,LICENSED,QUALITY HEALTH HOME CARE CORP,FORT MYERS,Lee,Nurse Registry
FL_NURSE_REGISTRY,42963575,30211914,LICENSED,QUALITY HOME CARE PROFESSIONALS LLC,ORLANDO,Orange,Nurse Registry
FL_NURSE_REGISTRY,42964317,30212455,LICENSED,QUALITY NURSE REGISTRY LLC,PORT SAINT LUCIE,St. Lucie,Nurse Registry
FL_NURSE_REGISTRY,42965093,30212965,LICENSED,R & A PROFESSIONAL CARE LLC,MIAMI,,Nurse Registry
FL_NURSE_REGISTRY,42965334,30213098,LICENSED,R&D GOLDEN CARE INC.,PALMETTO BAY,Miami-Dade,Nurse Registry
FL_NURSE_REGISTRY,42965235,30213122,LICENSED,RACHEL'S HOMECARE CONNECTION,SARASOTA,Sarasota,Nurse Registry
FL_NURSE_REGISTRY,42963368,30211728,LICENSED,RADCLIFFE NURSING SERVICES LLC,DELRAY BEACH,Palm Beach,Nurse Registry
FL_NURSE_REGISTRY,42965104,30212925,LICENSED,RADIANT HOME HEALTH SERVICES CORPORATION,MIAMI,Miami-Dade,Nurse Registry
FL_NURSE_REGISTRY,42965220,30212981,LICENSED,RAHEALTH NURSE REGISTRY LLC,N PALM BEACH,,Nurse Registry
FL_NURSE_REGISTRY,42964447,30212544,LICENSED,RANDYS HOME HEALTH SERVICES CORP,HIALEAH GARDENS,Miami-Dade,Nurse Registry
FL_NURSE_REGISTRY,42965186,30213010,LICENSED,RAPHA HEALTH CARE SERVICES INC,ORLANDO,Orange,Nurse Registry
FL_NURSE_REGISTRY,42964282,30212468,LICENSED,"RB BEST SOLUTIONS, INC.",MIAMI,Miami-Dade,Nurse Registry
FL_NURSE_REGISTRY,42965575,30213150,LICENSED,READY CAREGIVERS LLC,BOCA RATON,Palm Beach,Nurse Registry
FL_NURSE_REGISTRY,42965422,30213064,LICENSED,REALCARE NURSING SOLUTIONS INC,SUNRISE,Broward,Nurse Registry
FL_NURSE_REGISTRY,42963686,30212010,LICENSED,REDEEMING CARE OF SOUTH FLORIDA INC,ROYAL PALM BEACH,Palm Beach,Nurse Registry
FL_NURSE_REGISTRY,42962690,30211131,LICENSED,REDI-CARE NURSING SERVICES LLC,FORT MYERS,Lee,Nurse Registry
FL_NURSE_REGISTRY,42964826,30213018,LICENSED,REDSPOT HEALTHCARE SOLUTIONS LLC,ORLANDO,Orange,Nurse Registry
FL_NURSE_REGISTRY,42963809,30212121,LICENSED,"REGAL HEALTHCARE SERVICES, INC",NAPLES,Collier,Nurse Registry
FL_NURSE_REGISTRY,42964681,30212811,LICENSED,"REGINA PROVIDING CARE, INC",FORT PIERCE,St. Lucie,Nurse Registry
FL_NURSE_REGISTRY,42964619,30212678,LICENSED,"RELIABLE HOME CARE SUPPORT, LLC",MIRAMAR,Broward,Nurse Registry
FL_NURSE_REGISTRY,42965023,30212883,LICENSED,RELIABLE NURSING SERVICES LLC,ALTAMONTE SPG,Seminole,Nurse Registry
FL_NURSE_REGISTRY,42962618,30211077,LICENSED,"RELIACARE, INC.",COOPER CITY,Broward,Nurse Registry
FL_NURSE_REGISTRY,42963727,30212046,LICENSED,RELIEF CARE INC,MEDLEY,Miami-Dade,Nurse Registry
FL_NURSE_REGISTRY,42964690,30212690,LICENSED,RELIEF CARE INC,PEMBROKE PNES,,Nurse Registry
FL_NURSE_REGISTRY,42964770,30212748,IN REVIEW,"REST ASSURED HOME CARE, LLC",CUTLER BAY,,Nurse Registry
FL_NURSE_REGISTRY,42964253,30212464,IN REVIEW,RESTORATIVE CAREGIVERS INC,BOCA RATON,Palm Beach,Nurse Registry
FL_NURSE_REGISTRY,42964751,30212888,LICENSED,RICHMOND HOME CARE INC,MIAMI,Miami-Dade,Nurse Registry
FL_NURSE_REGISTRY,42963305,30211677,LICENSED,RIVER CITY HOME HEALTH,JACKSONVILLE,Duval,Nurse Registry
FL_NURSE_REGISTRY,42965572,30213205,LICENSED,RMD HOME CARE SERVICES,NAPLES,Collier,Nurse Registry
FL_NURSE_REGISTRY,42963664,30212000,LICENSED,RN ENTERPRISES INFUSION SERVICES INC,JACKSONVILLE,Duval,Nurse Registry
FL_NURSE_REGISTRY,42963691,30212029,LICENSED,RN ENTERPRISES INFUSION SERVICES INC,LAKE MARY,Seminole,Nurse Registry
FL_NURSE_REGISTRY,42963696,30212015,LICENSED,RN ENTERPRISES INFUSION SERVICES INC,DELRAY BEACH,Palm Beach,Nurse Registry
FL_NURSE_REGISTRY,42963728,30212056,LICENSED,RN ENTERPRISES INFUSION SERVICES INC,CORAL SPRINGS,Broward,Nurse Registry
FL_NURSE_REGISTRY,42963794,30212099,LICENSED,RN ENTERPRISES INFUSION SERVICES INC,BRADENTON,Manatee,Nurse Registry
FL_NURSE_REGISTRY,42963851,30212155,IN REVIEW,RN ENTERPRISES INFUSION SERVICES INC,MOUNT DORA,Lake,Nurse Registry
FL_NURSE_REGISTRY,42963958,30212273,LICENSED,RN ENTERPRISES INFUSION SERVICES INC,SAINT PETERSBURG,Pinellas,Nurse Registry
FL_NURSE_REGISTRY,42964032,30212398,LICENSED,RN ENTERPRISES INFUSION SERVICES INC,MIAMI,Miami-Dade,Nurse Registry
FL_NURSE_REGISTRY,42963609,30211953,LICENSED,"RN ENTERPRISES INFUSION SERVICES TAMPA, INC",SAINT PETERSBURG,Pinellas,Nurse Registry
FL_NURSE_REGISTRY,42963768,30212073,LICENSED,"RN ENTERPRISES INFUSION SERVICES, INC",SARASOTA,Sarasota,Nurse Registry
FL_NURSE_REGISTRY,42965283,30213031,LICENSED,"RN ENTERPRISES INFUSION SERVICES, INC.",TALLAHASSEE,Leon,Nurse Registry
FL_NURSE_REGISTRY,42965623,30213191,LICENSED,"RN ENTERPRISES INFUSION SERVICES, INC.",PENSACOLA,Escambia,Nurse Registry
FL_NURSE_REGISTRY,42963057,30213006,LICENSED,ROSEWAYNE HEALTH SERVICES & HOME CARE,WINTER PARK,Orange,Nurse Registry
FL_NURSE_REGISTRY,42964356,30212518,LICENSED,ROYAL CARE I INC,NEW PRT RCHY,Pasco,Nurse Registry
FL_NURSE_REGISTRY,42964876,30212862,LICENSED,ROYAL CITIZENS INC,MAITLAND,Orange,Nurse Registry
FL_NURSE_REGISTRY,42962579,30211038,LICENSED,ROYAL HEALTH CARE INC,TAMARAC,Broward,Nurse Registry
FL_NURSE_REGISTRY,42962764,30211202,LICENSED,"ROYAL HEALTH CARE, INC",NORTH PALM BEACH,Palm Beach,Nurse Registry
FL_NURSE_REGISTRY,42965421,30213061,LICENSED,ROYAL HOME HEALTH CARE LLC,MIAMI,,Nurse Registry
FL_NURSE_REGISTRY,42963874,30212174,LICENSED,ROYAL PALM HEALTH CARE,MIAMI,Miami-Dade,Nurse Registry
FL_NURSE_REGISTRY,42964105,30212353,LICENSED,S FL SUPREME SERVICES CORP,MIAMI,Miami-Dade,Nurse Registry
FL_NURSE_REGISTRY,42963149,30211526,LICENSED,SAFE N STEADY INC,DELRAY BEACH,Palm Beach,Nurse Registry
FL_NURSE_REGISTRY,42963407,30211778,IN REVIEW,SAFER AT HOME LLC,THE VILLAGES,Sumter,Nurse Registry
FL_NURSE_REGISTRY,42964170,30212528,LICENSED,SAFFRON SERVICES CORP,MIRAMAR,Broward,Nurse Registry
FL_NURSE_REGISTRY,42964363,30212517,LICENSED,"SAILORGIRL HEALTHCARE REGISTRY, LLC",SARASOTA,Sarasota,Nurse Registry
FL_NURSE_REGISTRY,42963914,30212234,LICENSED,SALAZAR HOME HEALTH INC,DORAL,Miami-Dade,Nurse Registry
FL_NURSE_REGISTRY,42965008,30212894,LICENSED,SANERGY ADMINISTRATIVE AND HOME CARE SERVICES LLC,LAKELAND,Polk,Nurse Registry
FL_NURSE_REGISTRY,42963795,30212097,LICENSED,SANTE HOME HEALTHCARE LLC,PENSACOLA,Escambia,Nurse Registry
FL_NURSE_REGISTRY,42963926,30212209,LICENSED,SANTE HOME HEALTHCARE LLC,LAKE CITY,Columbia,Nurse Registry
FL_NURSE_REGISTRY,42964331,30212497,LICENSED,SANTE HOME HEALTHCARE LLC,LAKE MARY,Seminole,Nurse Registry
FL_NURSE_REGISTRY,42964494,30212589,LICENSED,SANTE HOME HEALTHCARE LLC,TALLAHASSEE,Leon,Nurse Registry
FL_NURSE_REGISTRY,42964566,30212655,LICENSED,SANTE HOME HEALTHCARE LLC,TAMPA,Hillsborough,Nurse Registry
FL_NURSE_REGISTRY,42964969,30212871,LICENSED,SANTE HOME HEALTHCARE LLC,OLDSMAR,Pinellas,Nurse Registry
FL_NURSE_REGISTRY,42965342,30213075,LICENSED,SANTE HOME HEALTHCARE LLC,FORT PIERCE,St. Lucie,Nurse Registry
FL_NURSE_REGISTRY,42965545,30213152,LICENSED,SARA HOME HEALTH CARE LLC,TAMPA,,Nurse Registry
FL_NURSE_REGISTRY,42962550,30211016,LICENSED,SCHWARTZ FAMILY HOME CARE,BOYNTON BEACH,Palm Beach,Nurse Registry
FL_NURSE_REGISTRY,42964731,30212714,LICENSED,SECOND CHANCE CASE MANAGEMENT INC,MIAMI GARDENS,Miami-Dade,Nurse Registry
FL_NURSE_REGISTRY,42964838,30212810,LICENSED,"SECURE HOME CARE AGENCY, INC",BOYNTON BEACH,Palm Beach,Nurse Registry
FL_NURSE_REGISTRY,42963070,30211482,LICENSED,SENIOR CARE SERVICES INC,SOUTH MIAMI,Miami-Dade,Nurse Registry
FL_NURSE_REGISTRY,42962913,30211323,IN REVIEW,SENIOR HOME COMPANIONS,PUNTA GORDA,Charlotte,Nurse Registry
FL_NURSE_REGISTRY,42963152,30211528,LICENSED,SENIOR HOME COMPANIONS,SUMMERFIELD,Marion,Nurse Registry
FL_NURSE_REGISTRY,42963003,30211397,LICENSED,SENIOR NANNIES HOME CARE SERVICES LLC,DELRAY BEACH,Palm Beach,Nurse Registry
FL_NURSE_REGISTRY,42963010,30211407,LICENSED,SENIOR NANNIES HOME CARE SERVICES LLC,FT LAUDERDALE,Broward,Nurse Registry
FL_NURSE_REGISTRY,42963022,30211415,LICENSED,SENIOR NANNIES HOME CARE SERVICES LLC,AVENTURA,Miami-Dade,Nurse Registry
FL_NURSE_REGISTRY,42963279,30211686,LICENSED,SENIOR NANNIES HOME CARE SERVICES LLC,ORLANDO,Orange,Nurse Registry
FL_NURSE_REGISTRY,42963440,30211802,LICENSED,SENIOR NANNIES HOME CARE SERVICES LLC,RIVERVIEW,Hillsborough,Nurse Registry
FL_NURSE_REGISTRY,42963552,30211901,LICENSED,SENIOR NANNIES HOME CARE SERVICES LLC,SARASOTA,Sarasota,Nurse Registry
FL_NURSE_REGISTRY,42963654,30211988,LICENSED,SENIOR NANNIES HOME CARE SERVICES LLC,CLEARWATER,Pinellas,Nurse Registry
FL_NURSE_REGISTRY,42963667,30212004,LICENSED,SENIOR NANNIES HOME CARE SERVICES LLC,THE VILLAGES,Sumter,Nurse Registry
FL_NURSE_REGISTRY,42965352,30213214,LICENSED,SENIOR NANNIES HOME CARE SERVICES LLC,PENSACOLA,Escambia,Nurse Registry
FL_NURSE_REGISTRY,42965353,30213202,LICENSED,SENIOR NANNIES HOME CARE SERVICES LLC,TALLAHASSEE,Leon,Nurse Registry
FL_NURSE_REGISTRY,42963707,30212028,LICENSED,"SENIOR NANNIES HOME CARE SERVICES, LLC",JACKSONVILLE,Duval,Nurse Registry
FL_NURSE_REGISTRY,42962586,30211049,LICENSED,"SENIOR PARTNER CARE SERVICES, INC",VIERA,Brevard,Nurse Registry
FL_NURSE_REGISTRY,42964791,30212765,IN REVIEW,"SENIOR PROS OF BROWARD COUNTY, LLC",OAKLAND PARK,Broward,Nurse Registry
FL_NURSE_REGISTRY,42964313,30212454,LICENSED,"SENIOR PROS, INC",BOCA RATON,Palm Beach,Nurse Registry
FL_NURSE_REGISTRY,42964891,30212812,LICENSED,SENIOR SIDEKICKS LLC,PALM BEACH GARDENS,Palm Beach,Nurse Registry
FL_NURSE_REGISTRY,42962773,30211208,LICENSED,SENIOR SOLUTIONS OF THE TREASURE COAST INC,JENSEN BEACH,Martin,Nurse Registry
FL_NURSE_REGISTRY,42962869,30211278,LICENSED,SENSICARE OF SOUTH FLORIDA INC,MIAMI,Miami-Dade,Nurse Registry
FL_NURSE_REGISTRY,42962947,30211349,LICENSED,SENSICARE OF SOUTH FLORIDA INC,PEMBROKE PINES,Broward,Nurse Registry
FL_NURSE_REGISTRY,42964462,30212552,LICENSED,SERENE GLOBAL HEALTHCARE,BOCA RATON,Palm Beach,Nurse Registry
FL_NURSE_REGISTRY,42963250,30211623,LICENSED,SERENE HOME CARE,TAMPA,Hillsborough,Nurse Registry
FL_NURSE_REGISTRY,42964526,30212612,LICENSED,SERENE HOME CARE OF PASCO COUNTY INC,LAND O LAKES,Pasco,Nurse Registry
FL_NURSE_REGISTRY,42964928,30212820,LICENSED,"SHALOM 7 HOME HEALTH, LLC",DORAL,,Nurse Registry
FL_NURSE_REGISTRY,42965474,30213161,LICENSED,SIDNEY HOME HEALTH OF FLORIDA LLC,MIRAMAR,Broward,Nurse Registry
FL_NURSE_REGISTRY,42963840,30212159,IN REVIEW,SILVER SITTERS LLC,BOCA RATON,Palm Beach,Nurse Registry
FL_NURSE_REGISTRY,42964206,30212392,IN REVIEW,SILVER SITTERS LLC,WESTON,Broward,Nurse Registry
FL_NURSE_REGISTRY,42964420,30212555,LICENSED,SIMPLY CARE SERVICES INC,PORT ST LUCIE,St. Lucie,Nurse Registry
FL_NURSE_REGISTRY,42964460,30212572,LICENSED,SISTER 2 SISTER HOME CARE LLC,TITUSVILLE,Brevard,Nurse Registry
FL_NURSE_REGISTRY,42965735,30213223,LICENSED,SISTERS TOUCH HOME CARE REGISTRY LLC,GREENACRES,,Nurse Registry
FL_NURSE_REGISTRY,42964786,30212758,LICENSED,SKY BLUE THERAPY CENTER INC,MIAMI,,Nurse Registry
FL_NURSE_REGISTRY,42965437,30213083,LICENSED,SLP HOME CARE SERVICES LLC,WEST PALM BCH,,Nurse Registry
FL_NURSE_REGISTRY,42963306,30211667,LICENSED,SMART HOME CARE,TAMPA,Hillsborough,Nurse Registry
FL_NURSE_REGISTRY,42965297,30213039,LICENSED,SMILE AND HOPES HEALTH CARE LLC,PORT ST LUCIE,St. Lucie,Nurse Registry
FL_NURSE_REGISTRY,42965012,30212897,LICENSED,SOCIAL CARE LLC,FT LAUDERDALE,Broward,Nurse Registry
FL_NURSE_REGISTRY,42964436,30212580,LICENSED,SOCIAL INTEGRITY HOME HEALTH CORP,MIAMI,Miami-Dade,Nurse Registry
FL_NURSE_REGISTRY,42965181,30212954,LICENSED,"SOLAR NURSING & CARE, LLC",OCALA,Marion,Nurse Registry
FL_NURSE_REGISTRY,42965206,30213038,LICENSED,SOLUX HEALTH SOLUTIONS HOME HEALTH LLC,PORT ST LUCIE,,Nurse Registry
FL_NURSE_REGISTRY,42964100,30212336,LICENSED,SOMY CARE SERVICE CORP,MIAMI,Miami-Dade,Nurse Registry
FL_NURSE_REGISTRY,42964125,30212367,LICENSED,SOUTH CARE HOME HEALTH CORP,MIRAMAR,Broward,Nurse Registry
FL_NURSE_REGISTRY,42962896,30211303,LICENSED,SOUTHERN LOVING CARE INC,LIVE OAK,Suwannee,Nurse Registry
FL_NURSE_REGISTRY,42962899,30211300,LICENSED,SOUTHERN LOVING CARE INC,OCALA,Marion,Nurse Registry
FL_NURSE_REGISTRY,42964013,30212325,LICENSED,SOUTHERN OASIS HOMECARE LLC,ST PETERSBURG,Pinellas,Nurse Registry
FL_NURSE_REGISTRY,42963745,30212344,LICENSED,SPECIAL ANGEL'S NURSE REGISTRY,MIAMI LAKES,Miami-Dade,Nurse Registry
FL_NURSE_REGISTRY,42965191,30212966,LICENSED,SPECIAL METHODS IN LIFE ENRICHMENT SERVICES LLC,JACKSONVILLE,Duval,Nurse Registry
FL_NURSE_REGISTRY,42963903,30212221,LICENSED,SPECIAL NEEDS CARE INC,MIAMI,Miami-Dade,Nurse Registry
FL_NURSE_REGISTRY,42963426,30211784,LICENSED,SPECIALIZED CG SERVICES LLC,NAPLES,Collier,Nurse Registry
FL_NURSE_REGISTRY,42963016,30211422,LICENSED,SPECIALTY NURSING CORPS INC,BRANDON,Hillsborough,Nurse Registry
FL_NURSE_REGISTRY,42964054,30212389,LICENSED,SPIRIT FILLED COMPANIONS,PALMETTO,Manatee,Nurse Registry
FL_NURSE_REGISTRY,42965478,30213151,LICENSED,"SPROUTS PATH, CORP",DORAL,,Nurse Registry
FL_NURSE_REGISTRY,42964486,30212683,IN REVIEW,"SPRUCELY, LLC",OCOEE,Orange,Nurse Registry
FL_NURSE_REGISTRY,42964998,30212859,LICENSED,STAR LIFE CARE LLC,MIRAMAR,,Nurse Registry
FL_NURSE_REGISTRY,42965628,30213216,LICENSED,STARLIGHT HEALTHCARE SERVICES LLC,WEST PALM BCH,,Nurse Registry
FL_NURSE_REGISTRY,42964295,30212471,LICENSED,START PROFESSIONAL CARE & SUPPORT LLC,HIALEAH,Miami-Dade,Nurse Registry
FL_NURSE_REGISTRY,42965266,30212987,LICENSED,"START PROFESSIONAL CARE & SUPPORT, LLC",FORT MYERS,Lee,Nurse Registry
FL_NURSE_REGISTRY,42964648,30212684,LICENSED,STETHOSCOPE STAFFING LLC,MARIANNA,Jackson,Nurse Registry
FL_NURSE_REGISTRY,42965446,30213100,LICENSED,STRIVING INDEPENDENCE HOME CARE LLC,ORLANDO,Orange,Nurse Registry
FL_NURSE_REGISTRY,42963007,30211402,LICENSED,STRONG HEARTS NURSE REGISTRY,BOCA RATON,Palm Beach,Nurse Registry
FL_NURSE_REGISTRY,42963078,30211470,LICENSED,STRONG HEARTS NURSE REGISTRY,OAKLAND PARK,Broward,Nurse Registry
FL_NURSE_REGISTRY,42964807,30212744,LICENSED,SUMMER STYLE LIFE LLC,NAPLES,Collier,Nurse Registry
FL_NURSE_REGISTRY,42964789,30212726,LICENSED,SUNLIFE LIVE-INS & MORE HOMECARE SERVICES LLC,DELRAY BEACH,Palm Beach,Nurse Registry
FL_NURSE_REGISTRY,42965158,30213023,LICENSED,SUNNY DAY HOME HEALTH INC,NEW PRT RCHY,Pasco,Nurse Registry
FL_NURSE_REGISTRY,42963716,30212044,LICENSED,SUNRISE HOPE HEALTH GROUP INC,NAPLES,Collier,Nurse Registry
FL_NURSE_REGISTRY,42964879,30212827,LICENSED,"SUNRISE NURSE REGISTRY, INC.",BOCA RATON,Palm Beach,Nurse Registry
FL_NURSE_REGISTRY,42963625,30211973,LICENSED,SUNSHINE ANGELS NURSING LLC,MIAMI LAKES,Miami-Dade,Nurse Registry
FL_NURSE_REGISTRY,42964280,30212491,LICENSED,"SUNSHINE FOR ALL, INC.",MIAMI,Miami-Dade,Nurse Registry
FL_NURSE_REGISTRY,42965281,30213156,LICENSED,SUNSHINE HHA INC,ORLANDO,Orange,Nurse Registry
FL_NURSE_REGISTRY,42965074,30212992,LICENSED,SUNSHINE NURSING SERVICE LLC,MIAMI LAKES,,Nurse Registry
FL_NURSE_REGISTRY,42964035,30212288,LICENSED,SUPREME COMFORT CARE LLC,FORT PIERCE,St. Lucie,Nurse Registry
FL_NURSE_REGISTRY,42963934,30212225,LICENSED,SWEETHEARTS CARE NURSE REGISTRY LLC,TAMARAC,Broward,Nurse Registry
FL_NURSE_REGISTRY,42964764,30212722,LICENSED,SWFL PRIMECARE HOME HEALTH SERVICES LLC,NORTH FORT MYERS,Lee,Nurse Registry
FL_NURSE_REGISTRY,42963040,30211423,IN REVIEW,SYNERGY HOMECARE,MIAMI,Miami-Dade,Nurse Registry
FL_NURSE_REGISTRY,42965606,30213160,LICENSED,SYS NURSE REGISTRY LLC,MIAMI GARDENS,Miami-Dade,Nurse Registry
FL_NURSE_REGISTRY,42964894,30212830,IN REVIEW,TAILORED HOME CARE SERVICES LLC,JACKSONVILLE,Duval,Nurse Registry
FL_NURSE_REGISTRY,42963201,30211580,IN REVIEW,TAMBOLINA SERVICES INC,JACKSONVILLE,Duval,Nurse Registry
FL_NURSE_REGISTRY,42963796,30212111,LICENSED,TAMPA BAY SENIORS SERVICES LLC,TAMPA,Hillsborough,Nurse Registry
FL_NURSE_REGISTRY,42965108,30212919,LICENSED,TEAM GIFTED HOME CARE LLC,VERO BEACH,Indian River,Nurse Registry
FL_NURSE_REGISTRY,42965317,30213110,LICENSED,"TENDER CARE HEALTH, INC",OCOEE,Orange,Nurse Registry
FL_NURSE_REGISTRY,42963373,30211742,LICENSED,TENDER TOUCH CAREGIVERS LLC,PORT SAINT LUCIE,St. Lucie,Nurse Registry
FL_NURSE_REGISTRY,42964571,30212730,LICENSED,TENDER TOUCH SERVICES INC,GREENACRES,Palm Beach,Nurse Registry
FL_NURSE_REGISTRY,42942450,3014096,LICENSED,TENDERCARE,MAITLAND,Orange,Nurse Registry
FL_NURSE_REGISTRY,42963024,30211418,LICENSED,TENDERCARE SERVICES,STUART,Martin,Nurse Registry
FL_NURSE_REGISTRY,42965313,30213159,LICENSED,THALMAX NURSE REGISTRY LLC,PORT SAINT LUCIE,St. Lucie,Nurse Registry
FL_NURSE_REGISTRY,42962516,30210982,LICENSED,THE COMMUNITY NETWORK,PLANTATION,Broward,Nurse Registry
FL_NURSE_REGISTRY,42965077,30212922,LICENSED,THE GARDENS OF HOPE LLC,MIAMI GARDENS,,Nurse Registry
FL_NURSE_REGISTRY,42964857,30212736,LICENSED,THEIR HEART OUR PASSION PROVIDER SERVICES INC,ORANGE PARK,Clay,Nurse Registry
FL_NURSE_REGISTRY,42964582,30212681,IN REVIEW,THENA CARES LLC,WELLINGTON,Palm Beach,Nurse Registry
FL_NURSE_REGISTRY,42964913,30212791,LICENSED,TIFFANY'S HOMEMAKER AND COMPANION,JACKSONVILLE,Duval,Nurse Registry
FL_NURSE_REGISTRY,42964929,30212842,LICENSED,"TLC HOME HEALTHCARE SERVICES, LLC",FORT PIERCE,St. Lucie,Nurse Registry
FL_NURSE_REGISTRY,42964368,30212524,LICENSED,"TLC HOMECARE & SENIOR SERVICES, INC",SAINT PETERSBURG,Pinellas,Nurse Registry
FL_NURSE_REGISTRY,42962621,30211084,LICENSED,TLC NURSING REGISTRY INC,HOLLYWOOD,Broward,Nurse Registry
FL_NURSE_REGISTRY,42963005,30211401,LICENSED,TLC NURSING REGISTRY INC,MIAMI,Miami-Dade,Nurse Registry
FL_NURSE_REGISTRY,42963648,30211981,LICENSED,TLC NURSING REGISTRY INC,BOCA RATON,Palm Beach,Nurse Registry
FL_NURSE_REGISTRY,42963972,30212257,LICENSED,TLC NURSING REGISTRY INC,FORT MYERS,Lee,Nurse Registry
FL_NURSE_REGISTRY,42963633,30211971,IN REVIEW,TOTAL CARE HOME SERVICES OF USA CORP,WINTER PARK,Orange,Nurse Registry
FL_NURSE_REGISTRY,42963069,30211739,LICENSED,TOTAL PRIVATE HOME HEALTH INC,CORAL SPRINGS,Broward,Nurse Registry
FL_NURSE_REGISTRY,42963339,30211712,IN REVIEW,"TOTAL PRIVATE HOME HEALTH MIAMI, INC",MIAMI GARDENS,Miami-Dade,Nurse Registry
FL_NURSE_REGISTRY,42963333,30211734,LICENSED,TOTAL PRIVATE PALM BEACH HOME HEALTH INC,BOCA RATON,Palm Beach,Nurse Registry
FL_NURSE_REGISTRY,42963153,30211543,LICENSED,TOTAL PRIVATE TAMPA HOME HEALTH INC,TAMPA,Hillsborough,Nurse Registry
FL_NURSE_REGISTRY,42964465,30212950,LICENSED,TOTAL RESTORATION HOME CARE LLC,KISSIMMEE,Osceola,Nurse Registry
FL_NURSE_REGISTRY,42965345,30213058,LICENSED,"TOUCHSTONE HOMECARE 2, LLC",SAFETY HARBOR,Pinellas,Nurse Registry
FL_NURSE_REGISTRY,42963612,30211974,LICENSED,TOUCHSTONE HOMECARE LLC,TAMPA,Hillsborough,Nurse Registry
FL_NURSE_REGISTRY,42962949,30211410,LICENSED,TRADITION HOMECARE,HOLLYWOOD,Broward,Nurse Registry
FL_NURSE_REGISTRY,42964999,30212916,LICENSED,TRADITION HOMECARE,BOCA RATON,Palm Beach,Nurse Registry
FL_NURSE_REGISTRY,42963650,30211983,LICENSED,TREE OF LIFE HOME HEALTH SERVICES LLC,WEST PALM BEACH,Palm Beach,Nurse Registry
FL_NURSE_REGISTRY,42964212,30212432,IN REVIEW,TRELAINE HOUSE OF LOVE INC,SAINT PETERSBURG,Pinellas,Nurse Registry
FL_NURSE_REGISTRY,42964816,30212732,LICENSED,TRI-CITY NURSE REGISTRY,TAVARES,,Nurse Registry
FL_NURSE_REGISTRY,42964042,30212348,LICENSED,TRINITY HOME SERVICE LLC,LAKELAND,Polk,Nurse Registry
FL_NURSE_REGISTRY,42965257,30213093,LICENSED,TRINITY NURSING AND HOME CARE LLC,MIAMI,Miami-Dade,Nurse Registry
FL_NURSE_REGISTRY,42963980,30212272,LICENSED,TROPICAL HEALTHCARE SERVICES INC,WEST PALM BEACH,Palm Beach,Nurse Registry
FL_NURSE_REGISTRY,42964538,30212623,LICENSED,TRUE ANGEL CARE SERVICES INC,WELLINGTON,Palm Beach,Nurse Registry
FL_NURSE_REGISTRY,42964296,30212469,LICENSED,TRUE BEHAVIORAL SERVICES CORP,MIAMI,Miami-Dade,Nurse Registry
FL_NURSE_REGISTRY,42964714,30212709,LICENSED,TRUE CARE HOME HEALTH LLC,TAMPA,Hillsborough,Nurse Registry
FL_NURSE_REGISTRY,42963224,30211596,LICENSED,TRUE CARE PROFESSIONALS FLA LLC,PORT SAINT LUCIE,St. Lucie,Nurse Registry
FL_NURSE_REGISTRY,42963797,30212110,LICENSED,"TRUE LIFE CARE, LLC",WINTER PARK,Orange,Nurse Registry
FL_NURSE_REGISTRY,42963835,30212160,LICENSED,TRUSTCARE NURSE REGISTRY,GREENACRES,Palm Beach,Nurse Registry
FL_NURSE_REGISTRY,42965310,30213028,LICENSED,TRUSTED CARE STAFFING SERVICES LLC,SPRING HILL,Hernando,Nurse Registry
FL_NURSE_REGISTRY,42965328,30213068,LICENSED,"TRUSTED HANDS HEALTHCARE, LLC",OCALA,Marion,Nurse Registry
FL_NURSE_REGISTRY,42964233,30212446,IN REVIEW,"TRUSTED HOME CARE NURSE REGISTRY PIE, LLC",CLEARWATER,Pinellas,Nurse Registry
FL_NURSE_REGISTRY,42964232,30212492,LICENSED,TRUSTED HOME CARE NURSE REGISTRY TPA LLC,TAMPA,Hillsborough,Nurse Registry
FL_NURSE_REGISTRY,42963285,30211662,LICENSED,TRUSTED HOME CARE SERVICES NURSE REGISTRY,FORT LAUDERDALE,Broward,Nurse Registry
FL_NURSE_REGISTRY,42963165,30211550,LICENSED,TRUSTED HOMECARE SERVICES,BOCA RATON,Palm Beach,Nurse Registry
FL_NURSE_REGISTRY,42965284,30213022,LICENSED,TRUSTHOUSE,WEST PALM BEACH,Palm Beach,Nurse Registry
FL_NURSE_REGISTRY,42965670,30213194,LICENSED,TRUSTWISE CARE LLC,DAYTONA BEACH,Volusia,Nurse Registry
FL_NURSE_REGISTRY,42964208,30212486,LICENSED,TWO MOONS HOME CARE SERVICES LLC,MIAMI,Miami-Dade,Nurse Registry
FL_NURSE_REGISTRY,42964017,30212286,LICENSED,UNICARE HOME SERVICES CORP,HIALEAH,Miami-Dade,Nurse Registry
FL_NURSE_REGISTRY,42965400,30213087,LICENSED,UNICARE HOME SERVICES CORP,MIRAMAR,,Nurse Registry
FL_NURSE_REGISTRY,42965372,30213078,LICENSED,UNITED FAMILY BEHAVIORAL THERAPY LLC,WEST PALM BCH,,Nurse Registry
FL_NURSE_REGISTRY,42965472,30213088,LICENSED,UNITED HEARTS ELDERCARE INC,SUNRISE,Broward,Nurse Registry
FL_NURSE_REGISTRY,42963950,30212274,LICENSED,UNITED THERAPY SOLUTIONS LLC,MIAMI,Miami-Dade,Nurse Registry
FL_NURSE_REGISTRY,42964009,30212284,LICENSED,UNITED THERAPY SOLUTIONS LLC,HOLLYWOOD,Broward,Nurse Registry
FL_NURSE_REGISTRY,42964119,30212576,LICENSED,UNLIMITED BLESSINGS CAREGIVER SERVICES LLC,NORTH MIAMI,Miami-Dade,Nurse Registry
FL_NURSE_REGISTRY,42963375,30211755,LICENSED,URGENT HOME CARE,BOYNTON BEACH,Palm Beach,Nurse Registry
FL_NURSE_REGISTRY,42965030,30212905,LICENSED,UTMOST CAREGIVER LLC,SARASOTA,Sarasota,Nurse Registry
FL_NURSE_REGISTRY,42964489,30212587,LICENSED,V V  LOVE CARE LLC,BOCA RATON,Palm Beach,Nurse Registry
FL_NURSE_REGISTRY,42962907,30211317,LICENSED,"VALUE CARE OF FLORIDA, LLC",PLANTATION,Broward,Nurse Registry
FL_NURSE_REGISTRY,42963004,30211399,LICENSED,"VALUE CARE OF FLORIDA, LLC",DORAL,Miami-Dade,Nurse Registry
FL_NURSE_REGISTRY,42963011,30211408,LICENSED,"VALUE CARE OF FLORIDA, LLC",BOCA RATON,Palm Beach,Nurse Registry
FL_NURSE_REGISTRY,42965126,30212968,LICENSED,VDL NURSING SERVICES INC,MIRAMAR,Broward,Nurse Registry
FL_NURSE_REGISTRY,42965431,30213138,LICENSED,VELAROSA PERSONAL CARE SERVICES LLC,ALTAMONTE SPRINGS,Seminole,Nurse Registry
FL_NURSE_REGISTRY,42964699,30212695,LICENSED,"VELVET HOME CARE AND NURSING SOLUTIONS, LLC",TALLAHASSEE,Leon,Nurse Registry
FL_NURSE_REGISTRY,42963719,30212043,LICENSED,VERITAS NURSE CARE,WESTON,Broward,Nurse Registry
FL_NURSE_REGISTRY,42963046,30211435,LICENSED,VERITAS NURSE REGISTRY INC,BOYNTON BEACH,Palm Beach,Nurse Registry
FL_NURSE_REGISTRY,42964562,30212622,LICENSED,VICTORY HEALTHCARE CORPORATION,MIAMI,Miami-Dade,Nurse Registry
FL_NURSE_REGISTRY,42965301,30213037,LICENSED,VIDA CARE CORP,MIAMI GARDENS,,Nurse Registry
FL_NURSE_REGISTRY,42965649,30213197,LICENSED,VIDACARE NURSE REGISTRY LLC,LAKE PARK,,Nurse Registry
FL_NURSE_REGISTRY,42965580,30213204,LICENSED,"VIDAMED HOME HEALTHCARE, LLC",TAMPA,Hillsborough,Nurse Registry
FL_NURSE_REGISTRY,42962509,30210977,LICENSED,VIP AMERICA LLC,STUART,Martin,Nurse Registry
FL_NURSE_REGISTRY,42963362,30211736,LICENSED,VIP AMERICA OF CENTRAL FLORIDA LLC,MELBOURNE,Brevard,Nurse Registry
FL_NURSE_REGISTRY,42962768,30211194,LICENSED,VIP AMERICA OF SOUTHWEST FLORIDA LLC,FORT MYERS,Lee,Nurse Registry
FL_NURSE_REGISTRY,42963509,30211855,LICENSED,"VIRTUE MEDICAL STAFFING OF PALM BEACH, LLC",BOCA RATON,Palm Beach,Nurse Registry
FL_NURSE_REGISTRY,42963288,30211654,LICENSED,"VIRTUE MEDICAL STAFFING SERVICES, LLC",LAUDERHILL,Broward,Nurse Registry
FL_NURSE_REGISTRY,42962707,30211148,LICENSED,VISITING ANGELS,PALM COAST,Flagler,Nurse Registry
FL_NURSE_REGISTRY,42962894,30211302,LICENSED,VISITING ANGELS,SANFORD,Seminole,Nurse Registry
FL_NURSE_REGISTRY,42962900,30211314,LICENSED,VISITING ANGELS,TEMPLE TERRACE,Hillsborough,Nurse Registry
FL_NURSE_REGISTRY,42962929,30211346,IN REVIEW,VISITING ANGELS,MIAMI,Miami-Dade,Nurse Registry
FL_NURSE_REGISTRY,42963048,30211426,LICENSED,VISITING ANGELS,TAMPA,Hillsborough,Nurse Registry
FL_NURSE_REGISTRY,42963091,30211475,LICENSED,VISITING ANGELS,CLERMONT,Lake,Nurse Registry
FL_NURSE_REGISTRY,42963101,30211483,LICENSED,VISITING ANGELS,TARPON SPRINGS,Pinellas,Nurse Registry
FL_NURSE_REGISTRY,42963136,30211517,LICENSED,VISITING ANGELS,MIAMI,Miami-Dade,Nurse Registry
FL_NURSE_REGISTRY,42962867,30211281,LICENSED,VISITING ANGELS CLEARWATER,PALM HARBOR,Pinellas,Nurse Registry
FL_NURSE_REGISTRY,42962859,30211274,LICENSED,VISITING ANGELS LIVING ASSISTANCE SERVICES,SAINT PETERSBURG,Pinellas,Nurse Registry
FL_NURSE_REGISTRY,42962922,30211328,LICENSED,VISITING ANGELS LIVING ASSISTANCE SERVICES,PLANT CITY,Hillsborough,Nurse Registry
FL_NURSE_REGISTRY,42963401,30211771,LICENSED,VISITING ANGELS OF BRADENTON,BRADENTON,Manatee,Nurse Registry
FL_NURSE_REGISTRY,42962889,30211299,LICENSED,VISITING ANGELS OF ORLANDO OCOEE,ORLANDO,Orange,Nurse Registry
FL_NURSE_REGISTRY,42963301,30211676,LICENSED,VISITING ANGELS OF SARASOTA,SARASOTA,Sarasota,Nurse Registry
FL_NURSE_REGISTRY,42962847,30211262,LICENSED,VISITING ANGELS OF SE FLORIDA,DELRAY BEACH,Palm Beach,Nurse Registry
FL_NURSE_REGISTRY,42962969,30211369,LICENSED,VISITING ANGELS OF SE FLORIDA,DEERFIELD BEACH,Broward,Nurse Registry
FL_NURSE_REGISTRY,42965672,30213175,LICENSED,VISITING CAREGIVERS LLC,MELBOURNE,Brevard,Nurse Registry
FL_NURSE_REGISTRY,42964941,30212833,LICENSED,VITA LINK HEALTH SERVICES INC,HIALEAH,Miami-Dade,Nurse Registry
FL_NURSE_REGISTRY,42964961,30212917,LICENSED,VITAL CARE OF JACKSONVILLE,JACKSONVILLE,Duval,Nurse Registry
FL_NURSE_REGISTRY,42964934,30212903,LICENSED,VM BEHAVIOR GROUP LLC,HIALEAH,Miami-Dade,Nurse Registry
FL_NURSE_REGISTRY,42963567,30211934,LICENSED,"VOLEN COMMUNITY CARE, LLC",BOCA RATON,Palm Beach,Nurse Registry
FL_NURSE_REGISTRY,42964236,30212565,LICENSED,W.E.B. HEALTH MANAGEMENT SERVICES LLC,SAINT PETERSBURG,Pinellas,Nurse Registry
FL_NURSE_REGISTRY,42964652,30212680,LICENSED,WASHINGTON HOME CARE LLC,BELLE GLADE,Palm Beach,Nurse Registry
FL_NURSE_REGISTRY,42964616,30212664,LICENSED,WAYMAKER SERVICES LLC,TARPON SPGS,Pinellas,Nurse Registry
FL_NURSE_REGISTRY,42964115,30212335,LICENSED,WE CARE HOME SERVICES INC,DORAL,Miami-Dade,Nurse Registry
FL_NURSE_REGISTRY,42964780,30212728,LICENSED,WE CARE HOME SERVICES INC,PEMBROKE PINES,Broward,Nurse Registry
FL_NURSE_REGISTRY,42963106,30211488,LICENSED,WE CARE NURSE REGISTRY INC,MARGATE,Broward,Nurse Registry
FL_NURSE_REGISTRY,42963261,30211624,LICENSED,WE CARE NURSE REGISTRY OF PALM BEACH,BOCA RATON,Palm Beach,Nurse Registry
FL_NURSE_REGISTRY,42965475,30213196,LICENSED,"WE CARE PROFESSIONAL SERVICES, INC.",MIAMI,Miami-Dade,Nurse Registry
FL_NURSE_REGISTRY,42962485,30210965,LICENSED,WE ELDERLY CARE,LAKE WALES,Polk,Nurse Registry
FL_NURSE_REGISTRY,42963194,30211568,IN REVIEW,WE'RE ALWAYS THERE-CUSTOMIZED HOME CARE,PINELLAS PARK,Pinellas,Nurse Registry
FL_NURSE_REGISTRY,42964181,30212405,LICENSED,WELCOME BACK HOME CARE INC,CORAL SPRINGS,Broward,Nurse Registry
FL_NURSE_REGISTRY,42963338,30211719,LICENSED,WELCOME BACK HOME CARE INC.,DELRAY BEACH,Palm Beach,Nurse Registry
FL_NURSE_REGISTRY,42964063,30212412,LICENSED,WELCOME GROUP HOME LLC,WEST PALM BCH,Palm Beach,Nurse Registry
FL_NURSE_REGISTRY,42965406,30213104,LICENSED,WELLNESS CARE CONCIERGE LLC,PORT SAINT LUCIE,St. Lucie,Nurse Registry
FL_NURSE_REGISTRY,42963310,30211684,LICENSED,WELLNESS CARE NURSE REGISTRY INC,LEHIGH ACRES,Lee,Nurse Registry
FL_NURSE_REGISTRY,42962505,30210978,LICENSED,WHITSYMS IN-HOME CARE,DELRAY BEACH,Palm Beach,Nurse Registry
FL_NURSE_REGISTRY,42962872,30211293,LICENSED,WHITSYMS IN-HOME CARE,FORT MYERS,Lee,Nurse Registry
FL_NURSE_REGISTRY,42962977,30211382,LICENSED,WHITSYMS IN-HOME CARE,MIAMI LAKES,Miami-Dade,Nurse Registry
FL_NURSE_REGISTRY,42962998,30211390,LICENSED,WHITSYMS IN-HOME CARE,LAUDERHILL,Broward,Nurse Registry
FL_NURSE_REGISTRY,42963330,30211710,LICENSED,WHITSYMS IN-HOME CARE,LARGO,Pinellas,Nurse Registry
FL_NURSE_REGISTRY,42963331,30211709,LICENSED,WHITSYMS IN-HOME CARE,TAMPA,Hillsborough,Nurse Registry
FL_NURSE_REGISTRY,42964149,30212360,LICENSED,WINGS OF AN ANGEL INC,MIRAMAR,Broward,Nurse Registry
FL_NURSE_REGISTRY,42965476,30213174,LICENSED,WINGS OF HARMONY SUPPORT CORP,MIAMI LAKES,,Nurse Registry
FL_NURSE_REGISTRY,42963880,30212212,LICENSED,XTREME CARE LLC,HIALEAH,Miami-Dade,Nurse Registry
FL_NURSE_REGISTRY,42965497,30213206,LICENSED,Y&Y HOME HEALTH CARE LLC,PEMBROKE PNES,Broward,Nurse Registry
FL_NURSE_REGISTRY,42965553,30213153,LICENSED,"YOU & I LIVING, LLC",APOPKA,Seminole,Nurse Registry
FL_NURSE_REGISTRY,42965201,30213026,LICENSED,YOUR CARING HOME CARE LLC,BOCA RATON,Palm Beach,Nurse Registry
