"facility_name","address","city","county","zip","contact_name","phone","license_number","exp_date"
"1 ON 1 HOME CARE LLC","7777 W. Lincoln Hwy, Ste A","Frankfort","Will","60423","Jamika Daulton","(317) 652-5367","3002664","2025-09-30T00:00:00.000"
"1103 Health Partners LLC - DBA Interim Healthcare of Northern Illinois","1585 N Milwaukee Ave., Ste 105","Libertyville","Lake","60048","Steven Alessandro","(847) 433-5650","3001519","2027-03-31T00:00:00.000"
"1776 Home Care, LLC - DBA 1776 Senior Care, LLC","800 Roosevelt Road, Ste E114","Glen Ellyn","Du Page","60137","Nat Truitt","(630) 469-4515","3001239","2027-03-31T00:00:00.000"
"1Care Home Services, LLC","2037 Bloomingdale Rd.","Glendale Heights","Du Page","60139","Syed Afsarullah","(630) 450-8633","3003012","2026-05-31T00:00:00.000"
"1st Choice Home Health Agency, Inc.","18400 Maple Creek  Drive","Tinley Park","Cook","60477","Sharon Aldrich","(708) 719-6535","3001906","2026-11-30T00:00:00.000"
"1ST Choice Senior HomeCare, Inc.","7300 N Cicero Ave, Ste 212-213","Lincolnwood","Cook","60712","Khristian Ramos","(847) 329-5122","3000520","2026-06-30T00:00:00.000"
"24/7 Assure Care, LLC","9375 Landings Lane #203","Des Plaines","Cook","60016","Jeannette Isip","(847) 483-8999","3002380","2027-03-31T00:00:00.000"
"24/7 At Home Care Services, Inc.","212 S Milwaukee Ave.","Wheeling","Cook","60090","Geofe Bermejo","(847) 510-5982","3001362","2027-03-31T00:00:00.000"
"24/7 Circle of Care, Inc.","6425 N. Hamlin Ave., Suite 108","Lincolnwood","Cook","60712","Ruby Romero","(847) 599-8181","3002484","2027-02-28T00:00:00.000"
"24-7 Brightstar Operations,  LLC - DBA Bright Star Healthcare","6475 Washington St.","Gurnee","Lake","60031","Jacqueline Steiner","(847) 782-8282","3000423","2026-05-31T00:00:00.000"
"24-7 BrightStar Operations, LLC - DBA BrightStar Care North Suburban","950 Skokie Blvd, Ste 301","Northbrook","Cook","60062","Melissa Wishecoby","(847) 510-5750","3002639","2027-02-28T00:00:00.000"
"24-Hour Care, LLC","202 Summit St, Suite 1B","Galena","Jo Daviess","61036","Angela Horaney, BSN","(815) 777-2424","3002605","2027-03-31T00:00:00.000"
"2nd Family HomeCare Services INC.","5818 S Archer Rd, Unit 2D","Summit","Cook","60501","Ashley Oliveros","(773) 831-8055","3002331","2026-12-31T00:00:00.000"
"3 Angels Home Health Care Inc.","7543 W. Irving Park Rd.","Chicago","Cook","60634","Neferida Panadero","(773) 625-3382","3000638","2026-05-31T00:00:00.000"
"5Stars Home Care Services, Inc.","910 Skokie Blvd., Sutie 116","Northbrook","Cook","60062","Helen Chifrina","(855) 857-8277","3000866","2027-01-31T00:00:00.000"
"7645 Will Care, LLC - DBA HomeWell Care Services IL214","5027 N Harlem Ave, Suite 4","Chicago","Cook","60656","Renato Navarro","(312) 709-9915","3002607","2026-06-30T00:00:00.000"
"A & N Healing Hearts Inc","405 W Superior, Suite 710","Chicago","Cook","60654","Nicole White","(312) 469-0895","3002366","2026-12-31T00:00:00.000"
"A Generous Journey LLC - DBA Aurora In-Home Care Service","834 Douglas Ave","Aurora","Kane","60505","Toni A. Thompson","(630) 962-8633","3002488","2026-12-31T00:00:00.000"
"A Mishle Group Health Care Services Incorporated","121 Fairfield Way, Ste 330","Bloomingdale","Du Page","60108","Joy Elizalde Lagundino","(630) 219-0000","3001513","2026-06-30T00:00:00.000"
"A Totality of Care INC.","3235 Vollmer Rd","Flossmore","Will","60448","Zena Alleyne","(708) 704-9001","3002251","2026-05-31T00:00:00.000"
"A Touch of Loving Care, Inc.","605 North Michigan Ave, 4th Fl","Chicago","Cook","60611","Rochelle Velez Smith","(844) 488-8502","3001124","2026-12-31T00:00:00.000"
"A&A Home Care LLC","7531 W. Winona St.","Harwood Heights","Cook","60706","Hafsa Moin","(773) 729-2073","3002525","2027-04-30T00:00:00.000"
"A1 Home Care Services LLC","920 175th St, Suite 6","Homewood","Cook","60430","Theresa Olusola","(708) 879-2840","3002136","2026-10-31T00:00:00.000"
"A2zee Home Services Inc.","4151 Lee St.","Skokie","Cook","60076","Jacob Ogungbemi","(224) 600-2939","3003059","2026-10-31T00:00:00.000"
"AAC HOME CARE INC.","332 South Michigan Ave.","Chicago","Cook","60604","Chantelle Hardeman","(773) 633-7479","3002763","2026-12-31T00:00:00.000"
"AARNA 425 LLC - DBA Highland Wood Home Services","2250 Point Blvd, Suite 335","Elgin","Kane","60123","Sweta Patel","(847) 654-7555","3002696","2026-08-31T00:00:00.000"
"Abel Care Services Incorporated - DBA In Home Personal Services, IL-04","64 West End Drive","Gilberts","Kane","60136","Scott Alm","(847) 915-4797","3001113","2026-08-31T00:00:00.000"
"Ability Home Care Inc.","3340 Dundee Rd. Ste-2C3a","Northbrook","Cook","60062","Oksana Leybman","(847) 691-0658","3002520","2026-11-30T00:00:00.000"
"Able Healthcare Services LLC","4137 Sauk Trail","Richton Park","Cook","60471","Moshe Stareshefsky","(708) 396-6776","3003045","2026-09-30T00:00:00.000"
"Abliss Healthcare Inc. - DBA Abliss Healthcare","2746 W 111th St","Chicago","Cook","60655","Cashari Norwood","(708) 466-0669","3002655","2026-06-30T00:00:00.000"
"Above & Beyond Care Solutions, Ltd","1601 W Colonial Parkway, Suite K","Inverness","Cook","60067","Johanna Segala","(773) 909-8837","3002953","2027-01-31T00:00:00.000"
"Above & Beyond HomeCare Services, LLC","4837 W. Irving Park Rd","Chicago","Cook","60641","Precious Whiteside","(317) 625-0822","3002623","2026-04-30T00:00:00.000"
"Above All Home Care, Inc.","905 S. State St.","Lockport","Will","60441","Mary Lane","(815) 838-3500","3000141","2027-01-31T00:00:00.000"
"Absolute Care At Home, Inc.","440 Bode Rd","Hoffman Estates","Cook","60169","Anna Camargo Colbert","(773) 577-7080","3001196","2027-03-31T00:00:00.000"
"Absolute Care Home Services LLC","4428 Bretz Drive","Richton Park","Cook","60471","Tolulope Ayodele","(708) 351-0692","3003020","2026-07-18T00:00:00.000"
"Absolute Choice Home Care Inc.","21437 Prairie Ridge Drive","Mokena","Will","60448","Jeanelle Lao","(708) 478-8122","3001866","2026-11-30T00:00:00.000"
"Absolute Health Care Services, LLC","4124 Alby Street","Alton","Madison","62002","Debra L. Ross","(618) 466-1010","3000569","2026-12-31T00:00:00.000"
"Absolute Home Care Plus of Illinois, Inc.","113 N Water St","Wilmington","Will","60481","Monica Armour","(779) 429-5000","3001155","2026-08-31T00:00:00.000"
"Absolute Home Care, LLC","200 W River Dr.","St. Charles","Cook","60174","Josefina Macalindong","(630) 943-5252","3000590","2026-10-31T00:00:00.000"
"Abundant Healthcare, LLC - DBA Almost Angels/Homeward Bound","5901 N Cicero Ave, Suite G 10","Chicago","Cook","60646","Jerry Sison","(773) 777-2273","3002057","2026-12-31T00:00:00.000"
"Access Health Medical Supplies and Home Health Inc","2215 WEST 95TH STREET","Chicago","Cook","60643","Michael Iloegbunam","(773) 221-4273","3001670","2026-11-30T00:00:00.000"
"Access to Helping Hands LLC","4137 Sauk Trail","Richton Park","Cook","60471","Kayla Smith","(708) 224-6878","3002733","2026-05-31T00:00:00.000"
"Accurate Care At Home , Inc.","5227 W Bemont Ave Fl 1","Chicago","Cook","60641","Leticia Soliz","(773) 961-8135","3001151","2026-07-31T00:00:00.000"
"Accurate Private Care, Inc.","1020 N Milwaukee Ave, Ste 280","Deerfield","Cook","60015","Marina Kemel","(847) 440-5899","3001704","2026-05-31T00:00:00.000"
"Ace Home Care Inc","7000 N Newark Ave, Suite 223","Niles","Cook","60714","Eduardo Ladlad","(224) 435-5484","3002067","2026-10-31T00:00:00.000"
"Ace Northshore Homecare Inc. - DBA Homewatch CareGivers Northshore","900 Skokie Blvd, Suite 126","Northbrook","Cook","60062","Sheryl Cappello","(847) 480-5700","3002075","2027-02-28T00:00:00.000"
"Addus Healthcare, Inc. - DBA Addus Homecare","639 York Street, Ste. 101","Quincy","Adams","62301","Nicole Gebke","(217) 224-8372","3000330","2027-02-28T00:00:00.000"
"Addus Healthcare, Inc. - DBA ADDUS HOMECARE","3818  27th Street","Moline","Rock Island","61265","Susan Thompson","(309) 743-0319","3000343","2027-02-28T00:00:00.000"
"Addus Healthcare, Inc. - DBA Addus Homecare","524 West Ninth Street","Mt. Carmel","Hamilton","62863","Lesley Decker","(618) 263-4311","3000339","2027-02-28T00:00:00.000"
"Addus Healthcare, Inc. - DBA Addus Homecare","1101 W. Sargent St., Ste. A","Litchfield","Montgomery","62056","Nicole Gebke","(217) 854-4471","3000333","2027-02-28T00:00:00.000"
"Addus Healthcare, Inc. - DBA Addus Homecare","4503 West DeYoung Street, Suite 200C","Marion","Williamson","62959","Lesley Decker","(618) 997-8008","3000331","2027-02-28T00:00:00.000"
"Addus Nurse Care, Inc. - DBA LifeStyle Options","475 N. Martingale Road  Suite 260","Schaumburg","Cook","60173","Jamie Farias","(847) 240-7330","3001659","2027-01-31T00:00:00.000"
"ADVANCE HOMECARE SERVICES L.L.C.","1920 Waukegan Road","Glenview","Cook","60025","Phoebe Marie Kuhn","(224) 593-2590","3002796","2026-12-31T00:00:00.000"
"Advanced Comfort Health Solutions, LLC","3600 Nameoki Rd Suite 204","Granite City","Madison","62040","Tanisha Harrell","(318) 500-1099","3002551","2026-05-31T00:00:00.000"
"Advanced Nursing Care, Inc.","503 South Weber, Suite #203","Bolingbrook","Will","60490","Sylvere Malonga","(630) 417-9417","3002839","2027-01-31T00:00:00.000"
"Advanced Senior Care, Inc.","5612 S Rt 31 Unit E","Crystal Lake","Mc Henry","60014","Linda Weiler","(224) 677-5225","3001691","2027-04-30T00:00:00.000"
"Advantage In-Home Services, LLC","1231 W. Broadway","Centralia","Marion","62801","Margaret Lanier","(678) 352-3201","3002458","2026-08-31T00:00:00.000"
"Advantage In-Home Services, LLC","500 E Plaza Dr","Carterville","Williamson","62918","Margaret Lanier","(618) 733-5420","3002871","2026-03-31T00:00:00.000"
"Advantage Nursing Services, Inc.","15154 S. Cicero","Oak Forest","Cook","60452","Diane Jone Holmes","(708) 535-3472","3002447","2026-07-31T00:00:00.000"
"Advantage Nursing Services, Inc.","23 Glen Ed Professional Park","Glen Carbon","Madison","62034","Erin Lange","(618) 656-8618","3002448","2026-07-31T00:00:00.000"
"Advantage Nursing Services, Inc.","7501 N. University St.","Peoria","Peoria","61614","Brandon Schneider","(309) 693-5535","3002449","2026-07-31T00:00:00.000"
"Advent Care, LLC","4136 Dempster St","Skokie","Cook","60076","Jonathan Sison","(224) 757-5748","3002462","2026-08-31T00:00:00.000"
"Advent Home Care Inc.","415 Fernwood Dr","Westmont","Du Page","60559","Josephine Padilla","(630) 290-7466","3001143","2026-07-31T00:00:00.000"
"Advent Home Health Services, Inc.","1S450 Summit Ave., Suite 350","Oakbrook Terrace","Du Page","60181","Christina Blanco","(630) 705-9030","3000408","2026-06-30T00:00:00.000"
"Affection Home Care, LLC","101 N Marion St, Ste 203","Oak Park","Cook","60301","Gaelle Dwomoh","(312) 731-9589","3002526","2027-01-31T00:00:00.000"
"Affinity Health Providers, Inc.","540 Moose Lake Ave","Aurora","Kane","60542","Avon Aurel De Guzman","(331) 431-1870","3002663","2026-09-30T00:00:00.000"
"Affinity Home Care","1053 Golf Rd","Hoffman Estates","Cook","60169","Asim Warraich","(630) 601-2090","3002036","2026-05-31T00:00:00.000"
"Affordable Home Caregiving Services Inc - DBA Ziing Elderly Care","8728 Ferris Ave","Morton Grove","Cook","60053","Gulamrasul S.","(773) 788-6735","3001199","2026-08-31T00:00:00.000"
"Agape Home Care Agency","611 s Milwaukee Ave, 1st FL","Libertyville","Lake","60048","Olufunmilayo Ogedengbe","(847) 532-8498","3002807","2026-09-30T00:00:00.000"
"Agape Home Care Services, Inc.","334 W. Wilson Ave","Lombard","Du Page","60148","Gina C. Santos","(630) 440-3921","3001306","2027-01-31T00:00:00.000"
"Agape Solutions Inc. - DBA DuPage Will Family Caring Angels","239 Homewood Dr.","Bolingbrook","Will","60440","Genie Rose Allen","(630) 343-0559","3000856","2027-02-28T00:00:00.000"
"Agapy Home Care, LLC","950 Lee Street","Des Plaines","Cook","60016","Angela Ibeh","(872) 806-6469","3002646","2026-06-30T00:00:00.000"
"AI Senior Care Corp.","2340 S RIVER ROAD.","DES PLAINES","Cook","60018","Ingy Salih","(847) 485-7100","3002894","2026-05-31T00:00:00.000"
"AID@HOME, LLC - DBA Aid at Home, LLC","9500 S Avers Ave, Unit 5","Evergreen Park","Cook","60805","Mohamed Hussein","(708) 663-2298","3002433","2027-04-30T00:00:00.000"
"Aishling Companion Home Care Inc. - DBA Northlight Homecare Services Inc.","1328 Main Street, 2B","Crete","Will","60417","Jun Pepino","(708) 305-6086","3002602","2026-09-30T00:00:00.000"
"AJ Diligent Home Care LLC","2447 W Erie St.","Chicago","Cook","60612","Julia Vaskiv","(773) 425-0505","3002907","2027-04-30T00:00:00.000"
"AKR Senior Care LLC - DBA ComForCare Home Care","211 E. Illinois St., Unit 2","Wheaton","Du Page","60187","Arkeshkumar Patel","(630) 517-8423","3002980","2026-07-31T00:00:00.000"
"ALC Staffing, LLC - DBA ALC Home Services","360 W Butterfield Road, Suite 325","Elmhurst","Du Page","60126","Anthony Siciliano","(630) 368-1102","3002674","2026-08-31T00:00:00.000"
"Aledli Home Health Care Inc","628 W 55th St.","Hinsdale","Du Page","60521","Rose S Alcantara","(630) 323-0128","3001803","2026-06-30T00:00:00.000"
"All American Healthcare Corp.,","4440 W Lincoln Hwy Ste 2307A","Matteson","Cook","60443","Edidiong Udoidiong","(708) 769-1737","3001999","2026-05-31T00:00:00.000"
"All Care Health LLC","1020 W State St","Rockford","Winnebago","61102","Joseph A Marte","(815) 965-0622","3002517","2026-10-31T00:00:00.000"
"All Help Home Care, Inc.","6160 N Cicero Ave Ste 303","Chicago","Cook","60646","Howard Snow","(773) 355-5417","3001481","2026-03-31T00:00:00.000"
"All Homecare Services Corporation","1515 N. Harlem Ave, Ste 205-14","Oak Park","Cook","60302","Hadja, Keita","(708) 628-4250","3001402","2026-06-30T00:00:00.000"
"All Is Well Home Care Services","5601 King Arthur Court #6","Westmont","Du Page","60559","Jeanette Q. Dojoles","(847) 208-0399","3001575","2026-11-30T00:00:00.000"
"All Life's Solutions, LLC","3655 N. Alpine Rd.","Rockford","Winnebago","61114","Elizabeth Harris","(815) 636-0860","3001264","2026-12-31T00:00:00.000"
"All Sufficient Home Care Services, Inc","3080 Ogden Ave","Lisle","Du Page","60532","Editha F Esguerra","(708) 613-5393","3002029","2027-03-31T00:00:00.000"
"All Ways Caring Services Inc - DBA All Ways Caring HomeCare","301 N. Neil Street, Suite 301","Champaign","Champaign","61820","Casandra Cox","(217) 398-4100","3001295","2027-03-31T00:00:00.000"
"All Ways Caring Services, Inc. - DBA All Ways Caring HomeCare","375 E. Ash, Suite C","Decatur","Macon","62526","Lori Thornell","(217) 876-7100","3002391","2026-12-31T00:00:00.000"
"All Ways Caring Services, Inc. - DBA All Ways Caring HomeCare","4700 N University St,","Peoria","Peoria","61614","Katie Petrone","(309) 691-3032","3002390","2026-12-31T00:00:00.000"
"All Ways Caring Services, Inc. - DBA All Ways Caring HomeCare","8 Southgate Court","Tilton","Vermilion","61833","Tonia Shelton","(217) 446-4291","3002388","2026-12-31T00:00:00.000"
"All Ways Caring Services, Inc. - DBA All Ways Caring HomeCare","620 Charleston Ave.","Mattoon","Coles","61938","Cathy Perry","(217) 345-2257","3002389","2026-12-31T00:00:00.000"
"All Ways Caring Services, Inc. - DBA All Ways Caring HomeCare","211 S. Prospect Rd, Suite 4","Bloomington","Mc Lean","61704","Martha Gonzalez","(309) 663-4680","3002392","2026-12-31T00:00:00.000"
"Alliance Best Care Services, Inc","7331 N Lincoln Ave","Lincolnwood","Cook","60712","Donald Giyo","(224) 251-7688","3002182","2026-12-31T00:00:00.000"
"Alliance Healthcare Solutions, Inc. - DBA Brightstar Care of NW Chicago, Norridge, Franklin","7504 W Grand Ave","Elmwood Park","Cook","60707","Monica Del Angel","(708) 456-6976","3000695","2026-11-30T00:00:00.000"
"Allied Nursing Services, Inc.","3080 Ogden Ave","Lisle","Du Page","60532","Miguel Pangilinan","(630) 484-8110","3000594","2027-02-28T00:00:00.000"
"Allied Professionals Home Care, LLC - DBA Link Home Care, LLC","935 N. Plum Grove Rd, Suite B","Schaumburg","Cook","60173","Monsaur Othman","(630) 410-8503","3001091","2026-10-31T00:00:00.000"
"Allpro Staffnet Limited Liability Company","1755 Park St, Ste 200","Naperville","Du Page","60563","Kathy keen","(331) 330-8004","3002565","2026-02-28T00:00:00.000"
"Allstar Medical Staffing Solutions, Inc","20300 Governors Hwy Ste 100","Olympia Fields","Cook","60461","Funmi Sobola","(833) 226-3360","3001702","2026-11-30T00:00:00.000"
"Almond Homecare LLC","5887 Chatham Dr.","Hoffman Estates","Cook","60192","Allan Marinas","(847) 454-7923","3002582","2026-04-30T00:00:00.000"
"Alpha & Omega Home Care LLC","15122 Quail Hollow Drive, Apt 1S","Orland Park","Cook","60462","Alpha Talty","(708) 745-2347","3002635","2026-09-30T00:00:00.000"
"Alpha Angel Health Care","4328 S. Langley Ave.","Chicago","Cook","60653","Tiana Johnson","(312) 772-2538","3002879","2026-02-28T00:00:00.000"
"Alpha Healthcare Institute, Inc","1625 COLONIAL PARKWAY","INVERNESS","Cook","60067","Aderemi A Adeniran","(847) 414-2489","3002139","2026-10-31T00:00:00.000"
"Alpha Home Health Care Inc.","11509 South Elizabeth Street","Chicago","Du Page","60643","Adebayo Adeyemo","(630) 323-0906","3001587","2026-05-31T00:00:00.000"
"Alpha In-Home Care Inc","4001 W Devon Ave, Ste 411","Chicago","Cook","60646","Anne Lazariciu","(773) 853-2459","3001758","2026-12-31T00:00:00.000"
"Alpha Solutions Health Services, LLC","5875 N Lincoln Ave","Chicago","Cook","60659","Anthony Imanlhen","(773) 678-0440","3001953","2026-10-31T00:00:00.000"
"Alternative Home Care, Ltd.","634 N. Cass Avenue","Westmont","Du Page","60559","Fe Mangulabnan","(630) 912-0778","3000195","2026-04-30T00:00:00.000"
"Always Home Incorporated","510 Buchanan St","Carthage","Hancock","62321","Krista Artman","(319) 520-7914","3001876","2027-01-31T00:00:00.000"
"Am Fil Home Care Services, Inc","414 Kerry Ct","Prospect Heights","Cook","60070","Joy Quijano","(773) 240-5188","3001260","2026-05-31T00:00:00.000"
"AM PM Ventures LLC - DBA ComForCare Home Care - Naperville","1240 Iroquois Ave.","Naperville","Du Page","60563","Pulkit Modi","(630) 536-8501","3002824","2026-09-30T00:00:00.000"
"Amara Home HealthCare Inc.","5875 N. Lincoln Avenue","Chicago","Cook","60659","Chinedu Oguejiofor","(419) 494-4268","3002848","2027-01-31T00:00:00.000"
"Amazing Care Group, Inc","18225 Burnham Ave, STE B2","Lansing","Cook","60438","David Ebom","(773) 430-8455","3002113","2026-06-30T00:00:00.000"
"Amazing Care, Inc.","4300 Commerce Ct., Suite 300-5","Lisle","Du Page","60532","Aileen DeLeon","(630) 364-1727","3000108","2026-10-31T00:00:00.000"
"Amazing Grace Healthcare Services","15475 S Park Ave Ste 109","South Holland","Cook","60473","Alice Olujimi","(708) 596-5680","3002026","2026-06-30T00:00:00.000"
"Ambient Homecare, LLC","1320 Tower Rd., Suite 126","Schaumburg","Mc Henry","60173","Ivanna Kotovska","(847) 802-8115","3002523","2026-10-31T00:00:00.000"
"America's Got Homecare, LLC","1N131 County Farm Rd","Windfield","Du Page","60190","Nathan M. Lubo","(800) 960-5141","3002836","2027-01-31T00:00:00.000"
"Amiable Home Care Agency LLC","4532 S. Lake Park Ave.","Chicago","Cook","60653","Thelma Hargrave","(312) 292-6913","3002806","2026-12-31T00:00:00.000"
"Amova Care LLC - DBA Amova Care","1755 Park St.","Naperville","Du Page","60563","Gracie Amoah","(630) 277-9064","3002794","2027-03-31T00:00:00.000"
"Andre Heavenly Homecare Agency LLC","20200 Governors Dr","Olympia Fields","Cook","60461","Brittany Reynolds","(708) 960-4529","3002146","2027-03-31T00:00:00.000"
"Aners Home Care LLC","19900 Governors Hwy, Suite LL12","Olympia Fields","Cook","60461","Marcie Williams","(708) 856-0752","3002913","2026-05-31T00:00:00.000"
"ANF Chicago Corporation - DBA ANF Care","8421 N. Olcott Avenue","Niles","Cook","60714","Adefoluke Ojo","(312) 358-9300","3002934","2026-06-30T00:00:00.000"
"Angel Care Health Services, Inc.","5875 N Lincoln Ave, Room 114","Chicago","Cook","60659","Alonzo Ruzano","(872) 888-5844","3001120","2026-10-31T00:00:00.000"
"Angel Caregivers, Inc.","306 Busse Hwy","Park Ridge","Cook","60068","Veinsten Icao","(708) 585-0525","3001353","2026-05-31T00:00:00.000"
"Angel Home Health Agency Service Corporation","2600 South 25th Avenue, Suite 100","Broadview","Cook","60155","Martha Egiebor","(708) 410-2007","3000651","2026-10-31T00:00:00.000"
"Angel Home Maker Inc.","2219 W Jefferson St","Joliet","Will","60448","Harish Bhatt","(815) 725-1102","3002215","2026-09-30T00:00:00.000"
"Angels Elite Care, LLC","19150 Kedzie Ave.","Homewood","Cook","60430","Angela Myrick","(708) 991-7607","3002784","2026-10-31T00:00:00.000"
"Angels Homecare Services, Inc.","2200 S. Main St., Suite 203","Lombard","Du Page","60148","Aldian Estacion","(312) 765-7772","3001148","2026-10-31T00:00:00.000"
"Angels Keeper Home Care Services, Inc.","257 Southwick Court","Vernon Hills","Lake","60061","Angelica Calhoun","(224) 513-5563","3000799","2027-02-28T00:00:00.000"
"Angels of Hope Caregivers Limited Liability Company","9680 Lincolnway Lane","Frankfort","Will","60423","John Heniff","(815) 693-0426","3002616","2026-04-30T00:00:00.000"
"Angels To Your Door In-Home Care LLC","206 N Randolph St","Champaign","Champaign","61820","Cherice Williams","(463) 701-2598","3002877","2027-02-28T00:00:00.000"
"Anointed Angels Home Health Agency LLC","3235 Vollmer Rd. Suite 104","Flossmoor","Cook","60422","Kristi Hughes","(708) 979-4464","3002669","2026-09-30T00:00:00.000"
"Apartment Community of Our Lady of The Snows","726 Community Drive","Belleville","St Clair","62223","Heather Stich","(618) 394-6400","3002091","2026-09-30T00:00:00.000"
"Apex Home Health Care, Inc - DBA Apex Home Care","540 Oakmont Lane","Westmont","Du Page","60559","Michelle Pantoja","(630) 601-6954","3002837","2027-01-31T00:00:00.000"
"Applied Home Health Network LLC","7300 W College Dr, Suite 104","Palos Heights","Cook","60463","Babajide Lawal","(773) 941-5643","3001619","2027-02-28T00:00:00.000"
"Apt Home Care, Inc.","400 Lake Rd Ste 223","Deerfield","Lake","60015","Marina Geller","(847) 433-6470","3000556","2026-07-31T00:00:00.000"
"Apuram Care Inc. - DBA FirstLight Home Care of Glenview","1550 N. Northwest Hwy Suite 202B","Park Ridge","Cook","60068","Ciby Kuruvilla","(847) 423-8766","3002677","2026-07-31T00:00:00.000"
"Arab American Community Center","5352 North Lincoln Ave.","Chicago","Cook","60625","Sofija Uzunova","(312) 871-3131","3002178","2025-05-31T00:00:00.000"
"ARC Homecare and Nursing Professionals LLC","5 Revere Drive, Suite 200","Northbrook","Cook","60062","Rosalinda C. Magbitang","(847) 509-5988","3001534","2027-04-30T00:00:00.000"
"ARCA Private HomeCare, Inc.","109 Royce Rd","Bolingbrook","Will","60440","Jhoana Magat Somoza","(630) 852-4007","3001736","2026-07-31T00:00:00.000"
"Arciera Home Care, Inc.","975 Weiland Road, Suite 130","Buffalo Grove","Lake","60089","Mark Segal","(847) 939-6585","3002673","2026-06-30T00:00:00.000"
"Arden Rose Home Care, Inc.","840 E. Oak St.","Lake in the Hills","Mc Henry","60156","Laurel A. Sorenson","(224) 241-8158","3001438","2026-12-31T00:00:00.000"
"Ardent Care Health Group, Inc.","120 Ridge Ave., Suite 13","Bloomingdale","Du Page","60108","Thomas Toya","(630) 539-8339","3000352","2027-02-28T00:00:00.000"
"Aria Home Care LLC","1699 Wall Street","Mount Prospect","Cook","60056","Aurora Behaj","(847) 920-7955","3002402","2027-02-28T00:00:00.000"
"ARIS at home, Inc.","4413 Roosevelt Rd.","Hillside","Cook","60162","Travis Slaby","(708) 934-4676","3000734","2027-02-28T00:00:00.000"
"Arlingdale Healthcare, Inc. - DBA BrightStar Healthcare Schaumburg","650 E Algonquin Rd., Suite 301","Schaumburg","Cook","60173","Crystal Fitpold","(847) 925-0818","3003101","2026-11-30T00:00:00.000"
"Ascent Home Care Incorporation","800 West 5th Avenue, Suite 206B","Naperville","Du Page","60563","Catherine Bugayong","(630) 453-5638","3001422","2026-11-30T00:00:00.000"
"Ashland & Vine Home Health Care Inc.","113 Ashland Ave.","River Forest","Cook","60305","Kimberly Cepak","(708) 890-8877","3001517","2026-08-31T00:00:00.000"
"ASI","4131 W Belmont Ave,","Chicago","Cook","60641","Marta Cerda","(773) 278-5130","3000286","2027-03-31T00:00:00.000"
"Assist Illinois Senior Care Services, Inc.","1052 Florida Lane","Elk Grove Village","Cook","60007","Anilkumar Patel","(847) 255-6193","3001570","2026-05-31T00:00:00.000"
"Assisted HomeCare Services Corporation","6055 N Lincoln Ave, 1st Fl,","Chicago","Cook","60659","Joseph Alzona","(773) 262-0432","3000607","2027-04-30T00:00:00.000"
"Assure Home Assist Inc","28140 N Bradley Road","Libertyville","Lake","60048","Isabella Lu","(224) 207-7550","3001054","2026-08-31T00:00:00.000"
"At Home Care, LLC","501 N. IL Route 21 Suite 207-A","Gurnee","Lake","60031","Jennifer D Jimenez","(224) 413-1014","3002149","2026-12-31T00:00:00.000"
"At Home Helpers, Inc. - DBA Comfort Keepers 343","20200 Governors Drive","Olympia Fields","Cook","60461","Marco V. Ramos","(708) 942-4155","3000977","2026-04-30T00:00:00.000"
"At Home Senior Care Inc.","221 E. St. Charles Rd. Suite A","Villa Park","Du Page","60181","Maria Ellen Flint","(630) 903-6582","3000790","2026-07-31T00:00:00.000"
"At Home with CLV LLC","101 W. Windsor Rd.","Urbana","Champaign","61802","Laura Edwards","(217) 356-1111","3001909","2026-07-31T00:00:00.000"
"At Home With You, LLC","720 Heath Court","Westmont","Du Page","60559","Christina Urbanski","(630) 786-6070","3000796","2026-10-31T00:00:00.000"
"At Your Service - Eurocare Inc.","181 Waukegan Rd. Suite 201","Northfield","Cook","60093","Helen Smekhow","(773) 545-5100","3001201","2026-04-30T00:00:00.000"
"At Your Service HomeCare, LLC - DBA CareDiem Home Care","1540 E Dundee Rd, Ste 110","Palatine","Cook","60074","Grishma A. Patel","(847) 221-8444","3001049","2026-10-31T00:00:00.000"
"AT&F HOME CARE, INC","5 Revere Dr 1 Northbrook Pl","Northbrook","Cook","60062","Airee P. Talledo","(312) 709-0381","3001493","2026-08-31T00:00:00.000"
"Atlas Healthcare Management, Inc.","1570 Burnham Ave, Suite 1","Calumet City","Cook","60409","Dontae Greenfield","(773) 585-4100","3001923","2026-07-31T00:00:00.000"
"Avanza Senior Care LLC","201 Rainmaker Run","Lake in the Hills","Mc Henry","60156","Angelica Adamson","(847) 750-0500","3002630","2026-06-30T00:00:00.000"
"Aveksha Prevention Services, INC. - DBA A Place At Home Schaumburg","990 Grand Canyon","Hoffman Estates","Cook","60169","Neelima Gaikwad","(773) 808-7881","3002309","2026-07-31T00:00:00.000"
"Avid Comfort Homecare LLC","2144 175th St, Suite #4","Lansing","Cook","60438","Marcus Millison","(224) 572-8808","3002278","2026-10-31T00:00:00.000"
"AVID HEALTH AT HOME ILLINOIS, LLC","1375 E. Woodfield Road,","Schaumburg","Cook","60173","Laura Reavis","(847) 873-0234","3002505","2027-04-30T00:00:00.000"
"AVID HEALTH AT HOME ILLINOIS, LLC - DBA CENTRAL ILLINOIS CARE SERVICES","5036 North Illinois Street","Fairview Heights","St Clair","62208","Jennifer Lentz","(618) 391-7138","3002729","2026-09-30T00:00:00.000"
"Avita Home Care, Inc","825 E Rand Rd","Arlington Heights","Cook","60004","Svitlana Boychuk","(773) 840-5260","3001857","2026-11-30T00:00:00.000"
"Awa Medical Staffing LLC","2281 Orchard Road","Oswego","Kendall","60543","Margaret Tembu","(630) 636-7043","3002145","2026-10-31T00:00:00.000"
"Awesome Grace Home Healthcare INC.","2 Juniper Road","Rolling Meadows","Cook","60008","Anthony Ofurum","(847) 714-6506","3002266","2026-10-31T00:00:00.000"
"Axis Home Care Services, LLC","6645 N. Oliphant, Suite 1","Chicago","Cook","60631","Dimitris Mellos","(312) 405-6321","3000453","2026-04-30T00:00:00.000"
"Ayur Soul Care Inc","800 West Central Rd, Suite 146","Mount Prospect","Cook","60056","Sara Varghese","(224) 387-1903","3002789","2026-12-31T00:00:00.000"
"B & P Home Care INC.","280 South Schmidt Road","Bolingbrook","Will","60440","Berko Owusu","(630) 770-5461","3002361","2025-06-30T00:00:00.000"
"B and K Illinois, LLC - DBA Right at Home Peoria","4507 N. Sterling Ave, Suite 303","Peoria","Peoria","61615","Brian Braggs","(309) 364-6500","3002270","2026-07-31T00:00:00.000"
"Baobab Healthcare Services, Inc.","20550 S Langrange Rd","Frankfort","Will","60423","Abiemwense S. Abraham","(708) 262-8386","3002532","2027-03-31T00:00:00.000"
"Bee Well Home Care LLC","2837 W 139th Pl","Blue Island","Cook","60406","Kellye Davis","(773) 516-1776","3002944","2026-07-31T00:00:00.000"
"Bella's Home Health and Caregiving Services LLC","509 S Country Fair Dr., Ste A","Champaign","Champaign","61821","Fineez Muhammad","(217) 903-3594","3002168","2026-08-31T00:00:00.000"
"Belleville At Home, LLC - DBA Visiting Angels - Belleville, IL","347 Covington Dr, Ste A","Waterloo","Monroe","62298","Deanna Rice","(618) 257-2200","3003187","2027-04-30T00:00:00.000"
"Benchmark Home Care, Inc. - DBA Amare Home Care","800 Roosevelt Road","Glen Ellyn","Du Page","60137","Christian Bondad","(630) 242-9595","3002220","2026-07-31T00:00:00.000"
"Benevolence Home Services LLC","1 Westbrook Corporate Ctr Ste 300 #160","Westchester","Cook","60154","Katrina Turman","(708) 304-0296","3001944","2026-10-31T00:00:00.000"
"Benevolent CareGivers, Inc. - DBA Homewatch CareGivers- NearWest Chicago","9959 S Roberts Road","Palos Hills","Cook","60465","Zahra Humecki","(708) 448-4068","3000346","2027-03-31T00:00:00.000"
"Best Care For You, Inc.","4701 N Cumberland Ave Ste 12","Norridge","Cook","60706","Ellen King","(708) 452-8800","3000632","2026-08-31T00:00:00.000"
"Best Care Services, Inc.","7100 N Ridgeway Ave","Lincolnwood","Cook","60712","Melissa Dumas","(630) 645-1700","3000171","2027-01-31T00:00:00.000"
"Best Care, Corporation","773 Bayberry Dr","Cary","Mc Henry","60013","Holly Trandel","(847) 542-9934","3001101","2026-06-30T00:00:00.000"
"Best Choice Homecare Corp","9018 Concord Ln, Unit K","Justice","Cook","60458","Marat Umbetaliyeva","(630) 660-8154","3001813","2027-02-28T00:00:00.000"
"Best Companion Care, LLC","5250 Old Orchard Rd, Suite 300","Skokie","Cook","60077","Rhodora Hixenbaugh","(312) 291-1440","3001639","2026-11-30T00:00:00.000"
"Best Elder Home Care LLC","1649 Montgomery Road, Suite 9","Aurora","Kane","60504","Antoinette Gerencir","(630) 229-0621","3001487","2027-03-31T00:00:00.000"
"Best Home Care Services Inc.","1281 Humbracht Circle Ste J","Bartlett","Du Page","60103","Felicisimo Garcia","(630) 213-1500","3000694","2026-05-31T00:00:00.000"
"Best In-Home Service, Inc.","425 Huehl Rd, Bldg 13B","Northbrook","Cook","60062","Alla Tsoy","(224) 636-5200","3000758","2026-06-30T00:00:00.000"
"Best Senior Care, Inc. - DBA Home Instead Senior Care #545","1440 West Walnut, Suite A6","Jacksonville","Morgan","62650","Jerel Best","(217) 245-9192","3000132","2027-01-31T00:00:00.000"
"Best Way Home Care Inc.","3501 W Algonquin Rd","Rolling Meadows","Cook","60008","Mariya Stefinko","(224) 488-5484","3002608","2027-04-30T00:00:00.000"
"Bethany Methodist Corporation - DBA Partners in Healthcare","2601 Chestnut Avenue, Suite 2110","Glenview","Cook","60026","Delia Espinoza","(847) 904-5113","3001983","2027-03-31T00:00:00.000"
"Better Home Senior Care, Inc","333 E IL Route 83","Mundelein","Lake","60060","Luda Troyak","(847) 393-7506","3001700","2027-03-31T00:00:00.000"
"BeWell Home Care Inc.","3525 W. Peterson Ave., Ste. 500","Chicago","Cook","60659","Lorela Querimit","(773) 704-4102","3002604","2026-05-31T00:00:00.000"
"BF Home Care, Inc. - DBA Home Instead 762","2040 W Iles, Ste A","Springfield","Sangamon","62704","Amy Best","(217) 547-1300","3001562","2027-03-31T00:00:00.000"
"BHC2 Inc","289 Sinsinawa Ave.","East Dubuque","Jo Daviess","61025","Tara Welty","(563) 585-1409","3002858","2027-02-28T00:00:00.000"
"Bickford Home Care of Northwest Suburbs LLC","780 McArdle Drive, Suite C","Crystal Lake","Mc Henry","60014","Erica Condon","(779) 800-5660","3002169","2025-10-31T00:00:00.000"
"BimBim Connections, LLC","2335 W Devon Ave, Ste 208","Chicago","Cook","60659","Abimbola Abanni Barrett","(773) 654-3405","3002519","2027-01-31T00:00:00.000"
"Bishop Senior Care LLC - DBA Home Instead","105 South Pointe Dr., Suite B","Edwardsville","Madison","62025","Nicole Bishop","(618) 307-9534","3001965","2026-09-30T00:00:00.000"
"BJR Capital Investments LLC - DBA A Place At Home - Metro East","2105 Vandalia Street, Suite 10","Collinsville","Madison","62234","Britton Robertson","(618) 855-9120","3002137","2026-09-30T00:00:00.000"
"BKD Personal Assistance Services, LLC - DBA Best at Home Care Chicago","4501 Concord Lane, Wellness Center, Offices 1-3","Northbrook","Cook","60062","Mary O'Conner","(224) 383-7023","3000727","2027-04-30T00:00:00.000"
"BKD Personal Assistance Services, LLC - DBA Best at Home Care Glen Ellyn","60 North Nicoll Avenue","Glen Ellyn","Du Page","60137","Amber Santoro","(630) 444-6153","3000712","2027-04-30T00:00:00.000"
"BKD Personal Assistance Services, LLC - DBA Brookdale at Home at Oak Park","1111 Ontario Street","Oak Park","Cook","60302","Itszel Rodriguez","(708) 725-3573","3000722","2026-05-31T00:00:00.000"
"BKD Personal Assistance Services, LLC - DBA Brookdale at Home Hawthorn Lakes","10 East Hawthorn Parkway","Vernon Hills","Lake","60061","Itszel Rodriguez","(847) 367-2516","3000721","2027-04-30T00:00:00.000"
"Blackford Health Services, Inc. - DBA Visiting Angels Chicago Lakeshore","2451 N. Lincoln Avenue Suite 207","Chicago","Cook","60614","Fred B Caffey","(773) 394-4186","3001111","2026-10-31T00:00:00.000"
"Blessed Hands Home Care Services LLC","3320 Brown St.","Alton","Madison","62002","Bianca Williams","(618) 208-7526","3002486","2026-09-30T00:00:00.000"
"Bliss Home Care and Nursing Services, Inc.","4749 Lincoln Mall  Dr, Ste 310","Matteson","Cook","60443","Ofonmbuk A. Akpan","(708) 856-0840","3002638","2026-11-30T00:00:00.000"
"Blissful Care Inc. - DBA SYNERGY HomeCare of Gurnee","223 North Route 21","Gurnee","Lake","60031","Andrew J. Hipke","(847) 388-0014","3003192","2027-01-31T00:00:00.000"
"BlissfulBridges Care LLC","8006 Greywall Blvd.","Plainfield","Will","60586","Opeyemi Oseni","(708) 307-8989","3002804","2026-12-31T00:00:00.000"
"Blue & Pink Angels Home Care Services, Inc.","1206 Tuscany Dr","Streamwood","Cook","60107","Carolina Paez","(773) 668-9861","3001616","2027-02-28T00:00:00.000"
"Blue Jays Home Care LLC","100 Brookwood LN","Lincolnshire","Lake","60069","Iacob Murza","(847) 668-1125","3001414","2026-08-31T00:00:00.000"
"BlueOak Health, LLC","3151 N Halsted","Chicago","Cook","60657","Ademola Azeez","(873) 300-0232","3003051","2026-10-01T00:00:00.000"
"Blujay Home Health Care Agency, LLC","16030 Cottage Grove Ave","South Holland","Will","60473","Byron McGhee","(708) 655-6414","3002567","2026-03-31T00:00:00.000"
"Blunck 2604 LLC - DBA Comfort Keepers","332 W. Marion Ave, Suite N2","Forsyth","Macon","62535","Jason Blunck","(217) 429-6666","3002398","2026-11-30T00:00:00.000"
"Bond County Health Department","1520 South Fourth Street","Greenville","Bond","62246","Sean Eifert","(618) 664-1442","3000250","2027-02-28T00:00:00.000"
"Boyceboys, Inc. - DBA Actikare Responsive In-Home Care","292 Carters Grove Court","Grayslake","Lake","60030","Douglas M. Boyce","(773) 383-9426","3001511","2026-06-30T00:00:00.000"
"BRC Access Care Inc","7301 N Lincoln Ave, Ste 104","Lincolnwood","Cook","60712","Charles Sam Smith","(847) 674-2388","3001729","2026-06-30T00:00:00.000"
"Bright Choice Home Care LLC - DBA Bright Choice","3628 Elder Lane","Franklin Park","Cook","60131","Heinrich Y. Abendan","(312) 866-8806","3002713","2026-11-30T00:00:00.000"
"Brightcare Home Services LLC - DBA BrightStar Care of Naperville/Oak Brook","1809 N. Mill St., Ste F","Naperville","Du Page","60563","Kelly Winters","(630) 778-2005","3002960","2026-05-31T00:00:00.000"
"BrightCare Management LLC - DBA Brightstar Care of Chicago and LaGrange","222 S Morgan, Suite 2D","Chicago","Cook","60607","Lenora Alabi","(312) 382-8888","3002650","2027-01-31T00:00:00.000"
"Bringer of Joy LLC","1128 S Williams St, Unit 12A","Westmont","Cook","60559","Detris Mitchell","(708) 213-7909","3002234","2026-05-31T00:00:00.000"
"Bryk Senior Homecare Inc - DBA Touching Hearts at Home","110 E. Schiller, #230","Elmhurst","Du Page","60126","Jeffrey Bryk","(630) 359-3040","3001687","2026-08-31T00:00:00.000"
"Busch Enterprises, Inc - DBA Amada Senior Care City of Chicago","1030 W North Ave","Chicago","Cook","60642","Jennifer Busch","(312) 971-9292","3001649","2026-07-31T00:00:00.000"
"Calhoun County Health Department","210 French Street","Hardin","Calhoun","62047","Sandra Teichmann","(618) 576-2428","3000376","2027-01-31T00:00:00.000"
"Capena Senior Services LLC - DBA Always Best Care Chicagoland Always Best Care DuPa","477 E Butterfield Rd, Ste 202","Lombard","Du Page","60148","Jeffrey Jaunich","(630) 426-1099","3002058","2027-02-28T00:00:00.000"
"Capista Management, INC. - DBA Amada Senior Care - Plainfield","440 W Boughton Rd., Ste G","Bolingbrook","Will","60440","Lisa Capista","(815) 270-8889","3002265","2026-07-31T00:00:00.000"
"Care 4 You LLC - DBA HomeWell Care Services IL226","1 157 Ctr","Edwardsville","Madison","62025","Alexandra Aylward","(618) 352-1832","3002706","2026-08-31T00:00:00.000"
"Care Advocate of Illinois, Inc.","4952 Main St","Skokie","Cook","60077","Connie S. Dumagpi","(847) 647-1904","3000810","2026-11-30T00:00:00.000"
"Care Advocate, Inc. - DBA Therapy In Motion","5793 N. Lincoln Ave.,","Chicago","Cook","60659","Glady-Mae Andalis","(773) 561-6370","3001451","2027-03-31T00:00:00.000"
"Care America Homecare Services LLC","2632 Mc Duffee Cir","North Aurora","Kane","60542","Arcillius Calhoun","(630) 956-0170","3002096","2026-10-31T00:00:00.000"
"Care Assist Inc.","9933 Lawler Ave, Ste 333","Skokie","Cook","60077","Joanna Sanchez","(773) 891-7590","3001401","2027-04-30T00:00:00.000"
"Care at Home Providers LLC","15255 S 94th Ave, Ste 500","Orland Park","Cook","60462","Sherry Cruz","(312) 940-7895","3002039","2027-04-30T00:00:00.000"
"Care Companions LLC","1703 Sierra Highlands Dr.","Plainfield","Will","60586","Yinka Michaels Agboola","(619) 654-2610","3002891","2026-01-14T00:00:00.000"
"Care For All, Inc","1039 Woodfield Rd","Schaumburg","Cook","60173","Vijay Prajapati","(312) 878-7591","3002369","2026-08-31T00:00:00.000"
"Care for Life Home Services Corp","1001 S Randall Road","Elgin","Kane","60123","Mia Pacheco","(847) 214-3633","3002229","2027-02-28T00:00:00.000"
"Care In Motion IL, LLC","7777 W Lincoln Highway","Frankfort","Will","60423","Amy Skaltsas","(219) 487-2090","3002812","2026-12-31T00:00:00.000"
"Care One Home Health Services, Inc.","235 Remington Blvd. Suite G7","Bolingbrook","Will","60440","Kerstin Agustin","(630) 655-3074","3000873","2026-06-30T00:00:00.000"
"Care Point Home Care Inc.","259 East Rand Rd","Mount Prospect","Cook","60056","Seema Veliyathumalil","(630) 991-8782","3002506","2027-01-31T00:00:00.000"
"Care Solutions Home Services, LLC - DBA Care Solutions Home Services","7150 N University St","Peoria","Tazewell","61614","Araceli Lear","(309) 263-4787","3001668","2026-05-31T00:00:00.000"
"Care With Compassion Home Services LLC","8707 Skokie Boulevard","Skokie","Cook","60077","Rowaida Hormiz","(847) 429-3040","3002326","2026-10-31T00:00:00.000"
"CAREFICIENT HOME CARE, INC","1020 Milwaukee Ave, Suite 360","Deerfield","Cook","60015","Mark Arrojo","(224) 764-2240","3001222","2026-04-30T00:00:00.000"
"CareForte Home HealthCare INC","2040 E Algonquin Rd., Suite 506","Schaumburg","Cook","60173","Nimi Indiamaowei","(773) 657-3613","3002209","2027-01-31T00:00:00.000"
"Carelink Plus, Inc.","950 Milwaukee Ave. Suite 221","Glenview","Cook","60025","Josephine C. Tolentino","(847) 912-0797","3000867","2026-04-30T00:00:00.000"
"CareOptum Healthcare Services LLC","2851 189th St.","Lansing","Cook","60438","Georgina Frankline","(708) 631-6106","3002852","2026-01-31T00:00:00.000"
"Carepath Home Care, LLC","5 Revere Dr., Suite 200","Northbrook","Cook","60062","Zoryana Podolny","(847) 600-9681","3002716","2026-09-30T00:00:00.000"
"Carepoint Home Services, INC.","30 South Cass Avenue","Westmont","Du Page","60559","Rita Musaraj","(630) 677-7482","3002339","2026-06-30T00:00:00.000"
"CarePros Health Care LLC","570 Lake Cook Rd, Suite 300","Deerfield","Lake","60015","Timmy Lwin","(847) 718-8891","3002296","2026-04-30T00:00:00.000"
"Caribbean Home Care LLC","917 N. Humphrey Ave.","Oak Park","Cook","60302","Kristan Abrahams","(708) 477-8894","3002403","2025-02-28T00:00:00.000"
"Caring Angels, Inc - DBA Visiting Angels of Sycamore","3301 Resource Parkway","Dekalb","De Kalb","60115","Michelle Wilson","(815) 895-0200","3000576","2026-10-31T00:00:00.000"
"Caring For All, LLC","10 Trail Ridge Court","Streamwood","Cook","60107","Sunita Patel","(847) 461-8067","3002552","2026-02-28T00:00:00.000"
"Caring From the Heart LLC","3122 N. Mason Ave.","Chicago","Cook","60634","Elvia Damariz Ortega","(847) 868-4537","3002772","2026-12-31T00:00:00.000"
"Caring Hands Home Health & Rehab, LLC","17926 Halsted St","Homewood","Cook","60430","Michael DelPuerto","(815) 915-2056","3002540","2026-12-31T00:00:00.000"
"Caring Hands Home Nursing Care, Inc","9036 Forestview Rd","Evanston","Cook","60203","Rhonda M Hunt-Muhammed","(224) 322-5992","3002129","2026-10-31T00:00:00.000"
"Caring Hands Services Inc - DBA Acti-Kare Responsive In-Home Care Chicago","6124 N Milwaukee Ave","Chicago","Cook","60646","Huma Saleem","(773) 552-0870","3001895","2026-07-31T00:00:00.000"
"Caring Professionals Home Healthcare, LLC","10 Emerald Terrace","Swansea","St Clair","62226","Shinese Jeffries","(618) 239-4223","3002370","2027-01-31T00:00:00.000"
"Caring Shepherd Healthcare Inc","15525 S. Park Ave Suite 103B","South Holland","Cook","60473","Olajide Adewale","(708) 331-4214","3001563","2026-09-30T00:00:00.000"
"Caring Touch Health Services Inc.","4554 N Broadway St.","Chicago","Cook","60640","Fatimo Salami","(773) 899-6178","3002817","2026-12-31T00:00:00.000"
"Casa Care Inc.","2425 Royal Blvd","Elgin","Kane","60123","Isaac Perez","(224) 238-7171","3002435","2026-06-30T00:00:00.000"
"Casa Central Social Services Corporation","1343 N. California Ave.","Chicago","Cook","60622","Illeana Gomez","(773) 645-2443","3001387","2026-06-30T00:00:00.000"
"Cass County Mental Health Association - DBA Community Hope & Recovery Center","121 E. 2nd Street","Beardstown","Cass","62618","Stacey Rock","(217) 323-2980","3002619","2026-09-30T00:00:00.000"
"Cassia Tree Home Care Solutions LLC","507 Trumans Court","Belvidere","Boone","61008","Dede Dasilva","(779) 207-5235","3002813","2026-12-31T00:00:00.000"
"Castle Ventures, Inc. - DBA Right at Home #48","513 West Main Street","West Dundee","Kane","60118","Jeanette Palmer","(847) 396-9000","3000288","2027-03-31T00:00:00.000"
"Castor Home Nursing, Inc","417 E. 3rd Street, Suite A","Sterling","Whiteside","61081","Nirmala Sakthi","(815) 564-0977","3001711","2026-06-30T00:00:00.000"
"Cater To Your Needs Home Health Care LLC","207 N Main St","Columbia","Monroe","62236","Maria Brunts","(314) 797-5085","3002349","2027-01-31T00:00:00.000"
"Catherines Vision Health Services LLC","17504 E Carriageway Dr Ste B","Hazel Crest","Cook","60429","Robina Williams","(708) 308-7605","3002151","2026-12-31T00:00:00.000"
"CCS Care LLC","5122 Welsh Drive","Rockford","Winnebago","61107","Samah Sipes","(815) 708-2575","3002374","2027-01-31T00:00:00.000"
"Cedarland Homecare LLC","18525 Torrence Ave, Unit D7","Lansing","Cook","60438","Adesuwa Aghughu","(708) 501-2599","3002799","2026-12-31T00:00:00.000"
"Celeston, Inc.","600 Holiday Plz Dr #541","Matteson","Cook","60443","Sean Washington","(708) 300-9338","3001713","2026-11-30T00:00:00.000"
"Central Illinois Senior Care, INC. - DBA Home Helpers Home Care of East Peoria","206 Walnut St","Washington","Tazewell","60571","Joshua Kitterman","(309) 657-3451","3002227","2026-07-31T00:00:00.000"
"Cheery Moments Homecare Services, LLC","121 Fairfield Way","Bloomingdale","Du Page","60108","Olivia Trinquand","(224) 653-9831","3002301","2026-10-31T00:00:00.000"
"Cherish Home Care Solutions, LLC","4403 W. Lawrence Avenue","Chicago","Cook","60630","Amy Gumiran","(312) 800-0112","3002460","2026-09-30T00:00:00.000"
"Cherished Companions Home Care LLC","952 West Briaircliff Rd","Bolingbrook","Will","60440","Bella Lucas","(630) 492-2015","3002319","2026-12-31T00:00:00.000"
"Cherub Cares Inc - DBA Homewatch CareGivers of Lincolnwood","4747 W Peterson Ave","Chicago","Cook","60646","Lesley Cheruvathoor","(773) 647-1200","3002133","2026-10-31T00:00:00.000"
"Cherubs 3 LLC","2 Ginger Creek Pkwy, Ste B","Glen Carbon","Madison","62034","Robert Tomek","(618) 307-9610","3001167","2026-09-30T00:00:00.000"
"Chicago Commons Association","515 E. 50th Street","Chicago","Cook","60615","Margaret Purnell","(773) 373-2900","3001002","2026-05-31T00:00:00.000"
"Chicago Elite Home Care Provider, LLC","7808 West College Drive","Palos Heights","Cook","60463","Phoebe Colongon","(708) 300-1001","3002542","2027-01-31T00:00:00.000"
"Chicago Home Health, Inc.","6625 N. Milwaukee Ave.","Niles","Cook","60714","Phil Joo Yum","(847) 510-5984","3000988","2026-05-31T00:00:00.000"
"Chicagoland Methodist Senior Services - DBA SASI","1740 Ridge Ave","Evanston","Cook","60201","Charlton Glass","(847) 864-7274","3001873","2026-10-31T00:00:00.000"
"Chicagoland Senior Care, Inc. - DBA Assisting Hands Home Care","5120 Belmont","Downers Grove","Du Page","60515","Richard Ueberfluss","(630) 305-9100","3000360","2027-02-28T00:00:00.000"
"Chinese American Service League, Inc.","2141 S Tan Court","Chicago","Cook","60616","Mattie Bryant","(312) 791-0418","3001193","2027-01-31T00:00:00.000"
"Chinese Mutual Aid Association","1016 W Argyle Street","Chicago","Cook","60640","Rhea Yap","(773) 784-2900","3001385","2026-05-31T00:00:00.000"
"Christ Care HealthServices LLC","3420 W Peterson Ave, Ste4","Chicago","Cook","60659","Eleanor McBride","(773) 754-8504","3002495","2026-11-30T00:00:00.000"
"Circle of Friends Home Care, Inc.","42 S Ashland Ave","LaGrange","Cook","60525","Charmaine Cyza","(708) 588-2002","3000518","2027-04-30T00:00:00.000"
"Citadel Homecare LLC","21545 N. Andover Rd","Kildeer","Lake","60047","Lorraine Allen","(847) 347-7452","3001690","2026-10-31T00:00:00.000"
"Citadel of Hope Home Health Care Inc","1170 Pine Tree Ct.","Lake Villa","Lake","60646","Olakunle Akinro","(224) 260-1672","3003041","2026-08-31T00:00:00.000"
"Citizens Bright Ideas Inc.","1333 Burr Ridge Parkway","Burr Ridge","Du Page","60527","Monica Katsigazi","(630) 802-0667","3001162","2026-11-30T00:00:00.000"
"CJC Services Unlimited, Inc","222 E Wisconsin Ave","Lake Forest","Lake","60045","Norilyn M Querubin","(833) 527-3252","3001856","2026-07-31T00:00:00.000"
"CK-CAREGIVERS, LLC - DBA Comfort Keepers #233","7620 N. University","Peoria","Peoria","61614","Michaline Ice","(309) 685-7777","3002958","2026-06-30T00:00:00.000"
"CL Care, LLC - DBA Home Instead of Crystal Lake","735 McArdie Dr, Ste F","Crystal Lake","Mc Henry","60014","Ada Christopher","(847) 462-0303","3002628","2027-01-31T00:00:00.000"
"Clear Path Home Healthcare, Inc","19070 Everett Blvd","Mokena","Will","60448","Naomi Olaide Mack","(708) 995-5064","3002030","2026-06-30T00:00:00.000"
"Cohen Home Health, LLC - DBA Acti-Kare Responsive In-Home Care","422 Farnsworth Circle","Port Barrington","Mc Henry","60010","Neil J Cohen","(224) 268-5991","3001594","2027-02-28T00:00:00.000"
"Comfort At Home LLC","8837 S Ridgeland Ave","Oak Lawn","Cook","60453","Moayad Jaber","(708) 628-2411","3002689","2026-09-30T00:00:00.000"
"Comfort at Home Senior & Family Care Inc","160 South 2nd St.","New Memphis","Clinton","62266","Susie Oestringer","(618) 588-3014","3001278","2026-05-31T00:00:00.000"
"Comfort Care In Home Services LLC","8543 S Stony Island Ave","Chicago","Cook","60617","Kathleen Robbins","(312) 931-5787","3002415","2026-06-30T00:00:00.000"
"Comfort Plus Healthcare Services LLC","15219 S. Sawgrass Circle","Plainfield","Will","60544","Merina Singh","(815) 267-1600","3002748","2026-12-31T00:00:00.000"
"ComfortHome Private Care LLC - DBA Healthcare Plus Private Care","3501 Algonquin Road, Suite 560","Rolling Meadows","Cook","60008","Neil Renacia","(847) 960-3300","3000838","2026-08-31T00:00:00.000"
"Community Home Environmental Learning Project, Inc.
(CHELP)","2545 Millikin Parkway","Decatur","Macon","62526","Julie Walker","(217) 422-9888","3000391","2027-03-31T00:00:00.000"
"Community Homemaker Services Inc","17843 Torrence Avenue Unit 1F","Lansing","Cook","60438","Bolanle Adeoye","(708) 251-5140","3001828","2027-01-31T00:00:00.000"
"Companion Services of America, LLC","420 Lake Cook Rd Ste 103","Deerfield","Lake","60015","Jamie Shapiro","(847) 948-0860","3000559","2026-08-31T00:00:00.000"
"Companions for Seniors, Inc.","6160 N. Cicero Ave. Ste. 402","Chicago","Cook","60646","Samuel Tatel","(866) 910-9020","3000841","2027-03-31T00:00:00.000"
"Compassion Care Staffing, LLC","4300 Commerce Court, Suite 300-1","Lisle","Du Page","60532","Florinda Cabiri","(630) 343-1234","3002499","2026-09-30T00:00:00.000"
"Compassion Home Care of Illinois, LLC","4433 W. Touhy Avenue, Suite 522","Lincolnwood","Cook","60712","Matthew P. Mueller","(773) 599-9174","3001266","2026-06-30T00:00:00.000"
"Compassionate Caregivers Inc","1150 N. Hoyne Ave","Chicago","Cook","60622","Rameen Ariana Qader","(773) 744-7546","3002846","2027-01-31T00:00:00.000"
"Compassionate Community Care","1015 S. Matthew St.","Peoria","Peoria","61605","Leah Lipscomb, D.Min.","(309) 222-2555","3002851","2027-01-31T00:00:00.000"
"Compassionate Professional Home Care Inc.","2521 Ridge Road Suite 6","Lansing","Cook","60438","Raphael Ogom","(708) 832-8206","3002558","2026-04-30T00:00:00.000"
"Complete Compassionate Care Inc","600 E. Benton St.","Mount Carroll","Carroll","61053","Kelbi Houston","(815) 906-2090","3002798","2026-12-31T00:00:00.000"
"Complete Health Services - DBA In-Home Caregivers of Illinois","402 W Boughton Road","Bolingbrook","Will","60490","Isoken Ogbomo","(630) 300-0446","3001888","2027-03-31T00:00:00.000"
"COMPLETE HOME CARE, LLC","309 W. 23rd St.","Chicago","Cook","60616","Lily Yuen","(312) 808-1288","3002855","2027-01-31T00:00:00.000"
"Complete Senior Care LLC - DBA Always Best Care Chicago","2017 W Irving Park Rd, Suite 100","Chicago","Cook","60618","Aiman Abdelmajid","(312) 465-6833","3002690","2026-08-31T00:00:00.000"
"Comprehensive Home Care Services, Inc.","2650 W. Montrose Avenue","Chicago","Cook","60618","Catherine Kittoe","(773) 654-3378","3001220","2027-02-28T00:00:00.000"
"Conrad Care Inc.","3525 W. Peterson Avenue, Suite 505","Chicago","Cook","60659","Nicholas Efosa Agbonifo","(312) 204-7255","3001929","2026-10-31T00:00:00.000"
"Cool Crown Health Care Services Limited","3525 W Peterson Ave, Suite 222","Chicago","Cook","60659","Florence Adebiyi","(773) 293-7752","3002064","2026-06-30T00:00:00.000"
"Coral Hearts Home Health Care, Inc.","6425 N Hamlin Ave, Suite A","Lincolnwood","Cook","60712","Olabisi Ezekiel","(224) 470-6929","3002307","2026-11-30T00:00:00.000"
"Corlan Home Services Inc. - DBA Peace Home Healthcare","7117 N. Ridge Blvd","Chicago","Cook","60645","Kazeem Adedamola","(312) 539-0860","3002759","2026-07-31T00:00:00.000"
"Cornerstone Caregiving East LLC","3416 Blackhawk Rd, Ste 102","Rock Island","Rock Island","61201","Montana Aiuppy","(563) 514-4517","3002571","2027-02-28T00:00:00.000"
"Cornerstone Caregiving East LLC","3171 Greenhead Drive, Suite A","Springfield","Sangamon","62711","Mariah Warren","(217) 670-6361","3002473","2026-09-30T00:00:00.000"
"Cornerstone Caregiving East LLC","310 South County Farm Road","Wheaton","Du Page","60187","Blake Williams","(331) 236-0676","3002786","2026-12-31T00:00:00.000"
"Cornerstone Caregiving East LLC - DBA Cornerstone Caregiving","5504 S Brainard Ave, Unit A, C, and D","Countryside","Cook","60525","Sam Palmer","(708) 412-6373","3002620","2027-04-30T00:00:00.000"
"Courtesy Caregivers, LLC","930 York Rd, Suite 224","Hinsdale","Du Page","60521","Emmanuel Paul Daarol","(630) 324-6750","3002035","2026-07-31T00:00:00.000"
"Covenant Home Services - DBA CovenantCare at Home","3755 East Main St. Suite 165","St. Charles","Kane","60174","Teresa R. Felder","(630) 845-0680","3000194","2027-01-31T00:00:00.000"
"CP Care LLC - DBA Home Instead Champaign","201 N Randolph St, Suite 1","Champaign","Champaign","61820","Ada Christopher","(217) 318-2883","3002876","2026-12-31T00:00:00.000"
"Crawford Memorial - Home Health Agency","1108 N. Allen, Suite A","Robinson","Crawford","62454","Beth Pasero","(618) 546-5461","3000120","2026-08-31T00:00:00.000"
"Creative Services Inc","600 Holiday Plaza Drive","Matteson","Cook","60443","Tashema Haynes","(708) 898-1801","3002110","2027-03-31T00:00:00.000"
"CS&L Healthcare, LLC - DBA Firstlight Homecare","1580 S. Milwaukee Ave. Suite 201","Libertyville","Lake","60048","Stephanie Johnson","(224) 880-6555","3000993","2026-05-31T00:00:00.000"
"CTK Advisors Inc - DBA Golden Heart Senior Care Glenview Inc.","7000 n Newark Ave, Suite 223","Niles","Cook","60714","Dr Eduardo Ladlad","(773) 332-9568","3001641","2026-03-31T00:00:00.000"
"Cure Home Care Services, Inc.","29 W 701 Butterfield Rd., Ste 101","Warrenville","Du Page","60555","Abul Khaled Molla","(630) 836-9977","3000190","2027-02-28T00:00:00.000"
"Custom Home Care, LLC.","2716 W. Peterson Ave.","Chicago","Cook","60659","Robert Jackson","(773) 561-4663","3000375","2027-02-28T00:00:00.000"
"D Care Incorporated - DBA Dcare Home Health Services","18656 Dixie Hwy upper level","Homewood","Cook","60430","Bolatito Adekanbi","(773) 941-4468","3001212","2026-08-31T00:00:00.000"
"D. Wright Home Health & Adult Day Services","806 Hedgerow Ct","Oswago","Kendall","60543","Raheem Young","(708) 719-1596","3002042","2026-08-31T00:00:00.000"
"Dad & Kids, LLC - DBA Comfort Keepers","977 N Oaklawn Ave","Elmhurst","Du Page","60126","Tom Anselmo","(630) 834-8366","3003011","2026-08-31T00:00:00.000"
"Dahleen, Inc. - DBA Home Instead Senior Care 340","12416 S. Harlem Ave., Suite 100","Palos Heights","Cook","60463","Bradley Dahleen","(708) 671-2648","3000978","2026-10-31T00:00:00.000"
"DAKA M CORP - DBA Anytime Home Care","617 Academy Dr","Northbrook","Cook","60062","Irina Martynova","(847) 457-8818","3002038","2027-03-31T00:00:00.000"
"Damasius Franchising Inc - DBA Assisting Hands Deerfield","1580 S. Milwaukee Ave, Suite 504","Libertyville","Lake","60048","Darron Damasius","(847) 558-2228","3001566","2026-08-31T00:00:00.000"
"Dane Enterprises, Inc. - DBA Synergy HomeCare of Barrington","426 N. Hough Street","Barrington","Lake","60010","Diego Uribe","(847) 304-0123","3000110","2026-08-31T00:00:00.000"
"Davis Home Care LLC - DBA Home Helpers of Hinsdale","123 E Ogden Ave, Ste 203","Hinsdale","Du Page","60521","Brian Davis","(630) 323-7231","3001634","2026-12-31T00:00:00.000"
"Dayspring Healthcare Services Inc.","18221 Torrence Ave, Unit 1B","Lansing","Cook","60438","Felix Obialor","(708) 832-0183","3001265","2026-12-31T00:00:00.000"
"D'Caregivers Inc.","426 Schultz St.","Lemont","Du Page","60439","Indira Knez","(773) 822-7033","3002740","2026-09-30T00:00:00.000"
"Deaf Welcome Home Care, LLC - DBA Home Care for the 21st Century-Fox Valley","105 E Galena Blvd., Suite 705","Aurora","Du Page","60505","Rosa Kelly","(630) 812-9920","3002554","2026-03-31T00:00:00.000"
"Delta Home Health Care, Inc.","380 East Northwest Hwy","Des Plaines","Cook","60016","Shehzad Amlani","(630) 472-0122","3002079","2027-03-31T00:00:00.000"
"Denise Loving Care, LLC","205 W Grand Ave","Bensenville","Cook","60106","Armoni Morales","(317) 798-3072","3002896","2027-04-30T00:00:00.000"
"Destiny Healthcare Services, Inc.","10031 W Roosevelt Rd","Westchester","Cook","60154","Sonia Chalal","(708) 450-1920","3002077","2026-12-31T00:00:00.000"
"Devine Homecare, Inc.","4632 Church Street, Suite 100","Skokie","Cook","60076","Jeannette Isip","(773) 293-2600","3000487","2026-08-31T00:00:00.000"
"Devoted Caregivers, LLC","132 S Water","Decatur","Macon","62526","Tracy Taylor","(800) 781-6237","3002102","2026-10-31T00:00:00.000"
"Devotion Care Inc.","8736 Hamlin Ave","Skokie","Cook","60076","Hadeel Abdulkareem","(872) 844-4291","3002680","2026-08-31T00:00:00.000"
"Dignity Homecare Services Inc","4623 N Broadway St","Chicago","Cook","60640","Emmanuel Abidemi","(773) 433-6565","3002094","2026-11-30T00:00:00.000"
"Dignity of Life, LLC - DBA Visiting Angels of Libertyville","945 Lakeview Parkway #120","Vernon Hills","Lake","60061","Daylen Davis","(847) 996-0888","3002971","2027-04-30T00:00:00.000"
"Direct Home Healthcare Inc.","2250 E Devon Ave Ste 341","Des Plaines","Cook","60018","Jude Nwokenkwo","(773) 516-4196","3001408","2027-03-31T00:00:00.000"
"Divine Elderly Home Care Services LLC","1780 Autumn Drive","Hoffman Estates","Cook","60169","Michael Herkert","(224) 412-9123","3002726","2026-09-30T00:00:00.000"
"Divine Medical Equipment Supply Company - DBA Divine Home Care Services","1461 Ring Rd","Calumet City","Cook","60409","Addie Smith","(708) 321-8218","3001231","2027-02-28T00:00:00.000"
"DJ Home Care LLC - DBA Assisting Hands-Schaumburg","1501 East Woodfield Rd., Ste 200N","Schaumburg","Cook","60173","Daniela Momtcheva","(847) 857-6166","3001539","2026-05-31T00:00:00.000"
"D-Lamb Gate Homecare","770 Lee Street, Suite 104B","Des Plaines","Cook","60016","Emivbagbai Tsedi-Woghiren","(224) 580-2436","3002065","2026-09-30T00:00:00.000"
"Dream Home Healthcare Inc.","3924 W Devon Ave, Suite 200 B","Lincolnwood","Cook","60712","Arinola Idris","(773) 236-2302","3002710","2026-12-31T00:00:00.000"
"Dua Home Care Inc","6600 N. Lincoln Ave, Suite 415B","Lincolnwood","Cook","60712","Sajid Khan","(224) 766-1485","3002557","2027-03-31T00:00:00.000"
"Dynamic Healthcare Services, Inc.","240 Main St","Park Forest","Cook","60466","Joan Uzoaku Ayoghu","(708) 898-7477","3001256","2026-07-31T00:00:00.000"
"Ease In The House LLC - DBA @ease","21 Wynstone Way","North Barrington","Lake","60010","Christopher L Breneman","(773) 551-7164","3001621","2027-02-28T00:00:00.000"
"Easy Bliss Corporation - DBA Noble Home Care","4550 W 103rd Street, Suite 303B","Oak Lawn","Cook","60453","Halimah Muhammed","(630) 885-8125","3002885","2027-04-30T00:00:00.000"
"Edren Home Care Corporation","3917  Howard Street","Skokie","Cook","60076","Renee Else","(847) 983-7385","3001062","2026-06-30T00:00:00.000"
"EDV Inc. - DBA Homewatch CareGivers of Naperville","300 East Fifth Avenue","Naperville","Du Page","60532","Dennise Vaughn","(331) 702-9975","3001543","2026-05-31T00:00:00.000"
"EIR Home Care LLC","476 S. Prairie St.","Bethalto","Madison","62010","Cindy Cannon","(618) 717-0249","3002442","2027-03-31T00:00:00.000"
"ela Home Care, Inc","906 Illinois Route 22","Fox River Grove","Mc Henry","60021","Patricia Livesay-Smith","(847) 316-0203","3001678","2026-07-31T00:00:00.000"
"Elevated Care at Home LLC","260 S Schmidt Rd Ste H3","Bolingbrook","Will","60440","Sunil Agarwal","(630) 863-7246","3002527","2026-12-31T00:00:00.000"
"Elite Care LLC - DBA HOMEWATCH CAREGIVERS OF SCHAUMBURG","1101 Perimeter Dr, Suite 260","Schaumburg","Cook","60173","Chintan Surti","(224) 653-8395","3002256","2026-09-30T00:00:00.000"
"Elite Care Management, Inc.","568 S Washington St","Naperville","Du Page","60540","Jerry Svarz","(630) 548-9500","3000460","2027-02-28T00:00:00.000"
"Elizabeth's Home Care Services LLC","3915 Elmwood Avenue","Stickney","Cook","60402","Elizabeth M. Posadas","(708) 580-9770","3002194","2027-04-30T00:00:00.000"
"Ellen's Care Group, INC.","7319 Atkinson Cir","Plainsfield","Will","60586","Olena Havrylovych","(508) 364-4675","3002247","2027-01-31T00:00:00.000"
"Embrace Care, Inc. - DBA Carebuilders at Home of Illinois","840 South Northwest Highway","Barrington","Cook","60010","Michelle Vasquez","(847) 232-7123","3002459","2027-04-30T00:00:00.000"
"Eno Home Health LLC","340 W Butterfield Road, Ste 4B","Elmhurst","Du Page","60126","Nicholas Hudson","(630) 882-5120","3002295","2026-07-31T00:00:00.000"
"Epitome of Care & Quality Inc.","3550 W Peterson Ave, Suite 300","Chicago","Cook","60659","Adetutu Bombata","(773) 677-6163","3002831","2027-01-31T00:00:00.000"
"ER Homecare and Employment Services, Inc.","6223 N. Milwaukee Avenue","Chicago","Cook","60646","Elbert Regacho","(773) 481-9300","3000464","2026-07-31T00:00:00.000"
"Esquare Home Health LLC","6517 N. California Ave.","Chicago","Cook","60645","Taiwo Adekunle Obe","(224) 489-2239","3002827","2027-01-31T00:00:00.000"
"Essence Senior Care, LLC","10525 Yellowstone Drive","Huntley","Mc Henry","60142","Ashley Straight","(847) 354-2960","3002134","2026-10-31T00:00:00.000"
"Essencia Home Care and Medical Staffing, Inc.","1220 W Farwell Ave","Chicago","Cook","60626","Alfred G. Allegado","(773) 218-2388","3002410","2027-02-28T00:00:00.000"
"Essential Health Services 1, LLC","5875 N Lincoln Ave","Chicago","Du Page","60659","Shola Owoyemi","(773) 552-5861","3002513","2026-12-31T00:00:00.000"
"Essential Home Care Services, LLC","6s082 Park Meadow Dr, Unit 8e","Naperville","Du Page","60540","Lee Sime B. Formento","(224) 418-7205","3002598","2027-03-31T00:00:00.000"
"Eugene In Home Care, LLC","298 Astor Ct","Elgin","Kane","60124","Lydia Budiongan","(847) 809-4796","3001327","2027-02-28T00:00:00.000"
"EUKHARIS, LLC","222 Wisconsin Ave","Lake Forest","Lake","60045","Pablo Janowicz","(877) 257-6335","3002432","2026-05-31T00:00:00.000"
"European Best Care Inc.","931 West 75th St, unit 137","Naperville","Du Page","60565","Tatiana Galkina","(630) 202-2421","3001862","2026-10-31T00:00:00.000"
"European Service at Home, Inc.","520 N Hick Rd","Palatine","Cook","60067","Sergey Yakovlev","(847) 202-1249","3000122","2027-01-31T00:00:00.000"
"European Service LLC","1156 S Main St., LL1","Lombard","Du Page","60148","Natalia Horbach","(630) 785-2521","3001629","2027-04-30T00:00:00.000"
"Evanston CareNow Homecare LLC","1810 Lake Street","Evanston","Cook","60201","Tracy I Jackson","(847) 563-0295","3002027","2026-04-30T00:00:00.000"
"Evercare Home Health, LLC","14810 Cicero Ave, Suite 2C","Oak Forest","Cook","60452","Kazeem Olankunle Ajeigbe","(708) 925-0433","3002434","2026-05-31T00:00:00.000"
"Everest Solutions, Inc. - DBA Everest Healthcare Solutions","75 Executive Drive","Aurora","Du Page","60504","Rajiv Verma","(630) 405-7244","3001551","2026-09-30T00:00:00.000"
"Evolve Care Inc","75 Executive Drive, Suite 453","Aurora","Du Page","60504","Mercy Adegoke","(630) 649-0544","3002144","2026-11-30T00:00:00.000"
"Excel Home Healthcare Inc.","840 Bach Court","Woodstock","Cook","60098","Febishola Falade","(708) 539-8726","3002335","2026-02-28T00:00:00.000"
"Excellent Home Caregivers, Inc. - DBA Excellent Care Providers, Inc.","2272 95th St.","Naperville","Du Page","60564","Analee Acedera-Navarro","(630) 548-4911","3000449","2027-03-31T00:00:00.000"
"Excellent Senior Home Care LLC","6425 North Hamlin Ave., Ste 104","Lincolnwood","Cook","60712","Josephine Auza","(224) 251-8730","3002078","2026-08-31T00:00:00.000"
"Extended Family In-Home Senior Care Inc.","5901 North Cicero Avenue Suite 308","Chicago","Cook","60646","Jitters Weatherspoon","(773) 993-0316","3001834","2026-10-31T00:00:00.000"
"FairHurstCare LLC - DBA Senior Helpers of Bolingbrook","484 W Boughton Rd","Bolingbrook","Du Page","60440","Canan Fairhurst","(630) 296-0942","3002264","2026-08-31T00:00:00.000"
"Fairview Haven - DBA Connections of Fairview Haven","605 N 4th St","Fairbury","Livingston","61739","Arla Wheeler","(815) 692-2572","3001948","2026-08-31T00:00:00.000"
"Faithful Home Care LLC","2100 18th Ave","Rock Island","Rock Island","61201","Mourice Jack","(309) 798-1828","3002684","2026-09-30T00:00:00.000"
"Family Choice Home Health, Inc.","5933 N. Milwaukee Avenue","Chicago","Cook","60622","Lino Costales, Jr.","(773) 774-6630","3000676","2025-01-31T00:00:00.000"
"FAMILY HOME CARE SERVICES INC. - DBA tENDER LOVING HOMECARE SERVICE CORP","14475 John Humphrey Dr, Suite 100","Orland Park","Cook","60462","Marion Grott","(708) 206-2200","3001874","2026-09-30T00:00:00.000"
"Family Service of Champaign County","405 S. State Street","Champaign","Champaign","61820","Johnny Willis","(217) 352-0099","3000259","2027-02-28T00:00:00.000"
"Family Solutions for Seniors, Inc.","2171 Executive Dr Ste 450","Addison","Du Page","60101","Joseph Smythe","(630) 317-3300","3001108","2026-04-30T00:00:00.000"
"Family's Angel Home Care Services, Inc.","704 W Busse Ave","Mount Prospect","Cook","60056","Efren Cueto, JR","(773) 701-1508","3001500","2027-03-31T00:00:00.000"
"Fawez Helping Hands Limited","5875 N Lincoln Ave, Ste 110","Chicago","Cook","60659","Chimene Wosuezi","(773) 544-3775","3002207","2027-03-31T00:00:00.000"
"FBK Services, Inc. - DBA Home Care, Inc","2607 W 22nd St.","Oak Brook","Du Page","60523","Besa Bajraktari","(630) 239-2387","3001917","2027-03-31T00:00:00.000"
"FeelWell LLC - DBA FeelWell Homecare","350 S. Northwest Hwy, Suite 300","Park Ridge","Cook","60068","Nadou Stella Lawson","(847) 232-0330","3001647","2027-03-31T00:00:00.000"
"Felicity Home Health Inc.","4055 S. Route 59","Naperville","Du Page","60564","Temidayo Ashiru","(630) 239-1500","3002899","2026-05-31T00:00:00.000"
"Field Home Care, LLC - DBA Right at Home of North Suburban Chicago","185 Milwaukee Ave, Ste 200","Lincolnshire","Lake","60069","Rachel Field","(847) 374-8400","3000950","2026-10-31T00:00:00.000"
"FILRO Caregivers","2525 Cabot Drive, Suite 201","Lisle","Du Page","60532","Iris Sagrado","(630) 303-9188","3002678","2026-07-31T00:00:00.000"
"First Choice Caregivers, Inc. - DBA ComForCare Home Care - Lake County","1870 Winchester Road","Libertyville","Lake","60048","Patricia Arthurs","(847) 962-4782","3002906","2026-05-31T00:00:00.000"
"First Choice Senior Homecare Group Inc.","2045 West Howard Street Suite 101","Chicago","Cook","60645","Mackenzie Edmond","(773) 754-7554","3002503","2026-11-30T00:00:00.000"
"Flair Innovative Services, LLC","12 Wolf Creek Dr, Suite 100, PO Box 139","O'Fallon","St Clair","62269","Leslie Kimeu","(618) 220-9300","3002574","2026-08-31T00:00:00.000"
"Flawless Family Home Care, LLC","307 N Mill St","Pontiac","Livingston","61764","Jessica Armour","(855) 815-1585","3002316","2027-01-31T00:00:00.000"
"Flintz Family Home Care - DBA Assisting Hands of Elgin","920 Davis Road Suite 209","Elgin","Kane","60123","Angela Flintz","(847) 720-5850","3001194","2026-12-31T00:00:00.000"
"Forever Home Care Service LLC","4801 Southwick Drive","Matteson","Cook","60443","Dorothy Ward-Neal","(708) 269-9726","3002475","2026-09-30T00:00:00.000"
"Forever Life Care, Inc.","6600 North Lincoln Avenue, Suite 235","Lincolnwood","Cook","60712","Soeung San","(847) 468-5757","3002543","2026-12-31T00:00:00.000"
"Forward Homecare LLC","2105 S Jefferson St","Chicago","Cook","60616","Xiaojing Cui","(312) 989-1372","3002350","2026-11-30T00:00:00.000"
"Fountain of Health Home Health Agency, LLC","5875 N Lincoln Ave","Chicago","Cook","60659","Olugbenga Ayeni","(847) 859-6217","3001984","2027-01-31T00:00:00.000"
"Fountain of Life Healthcare Inc","2803 Lektorich Lane","Plainfield","Will","60586","Tolulope Lasaki","(815) 710-0387","3002383","2026-05-31T00:00:00.000"
"Fox River Valley Care At Home LTD - DBA Senior Helpers of Aurora","415 E State St.","Geneva","Kane","60134","Ali Rizvi","(331) 246-1690","3003033","2026-10-31T00:00:00.000"
"Fox Valley Caregiving Services Inc. - DBA A Meaningful Care","2000 Larkin Ave.","Elgin","Kane","60123","Matthew Johnson, DPM","(331) 771-3034","3002686","2026-09-30T00:00:00.000"
"Fox Valley Older Adult Services - DBA Fox Valley Community Services","1406 Suydam Road","Sandwich","De Kalb","60548","Regina Zwart","(815) 786-9404","3001241","2026-12-31T00:00:00.000"
"Franciscan Care Solutions, LLC","900 Skokie Blvd, Ste 217","Northbrook","Cook","60062","Julie Kollada","(224) 904-3362","3001694","2026-10-31T00:00:00.000"
"Freedom Home Care, LLC - DBA Freedom Home Care and Medical Staffing, Inc.","1749 Green Bay Rd.","Highland Park","Lake","60035","Jenanne Rock","(847) 433-5788","3002870","2026-12-31T00:00:00.000"
"Freedom Resources, LLC - DBA Interim Healthcare of Southern Illinois","805 W Deyong St, Suite B","Marion","Williamson","62959","Amanda Chester","(618) 477-8500","3001520","2027-01-31T00:00:00.000"
"Freya Care INC.","100 S. Saunders Rd","Lake Forest","Cook","60045","Modinat A. Smith","(312) 810-5059","3002248","2026-08-31T00:00:00.000"
"Friends Over Fifty Senior Care, Inc","349 S Weber Road, Suite 129","Romeoville","Will","60446","Laura Novak","(815) 836-2635","3001708","2026-05-31T00:00:00.000"
"Friendship Home Care, LLC - DBA In Home Personal Services","3906 Turner Avenue","Plano","Kendall","60545","Rezzie Dela Rosa","(630) 574-9260","3002280","2026-07-31T00:00:00.000"
"Full Bloom Memory Care of Illinois, LLC - DBA Full Bloom Memory Care","222 E. Westminster Ave","Lake Forest","Lake","60045","Jennifer Muskat","(847) 407-1450","3002835","2027-01-31T00:00:00.000"
"Full Circle Care, Inc. - DBA Visiting Angels of Elmwood Park","1010 Lake Street","Oak park","Cook","60301","Karen Butzen","(708) 395-7992","3000158","2026-10-31T00:00:00.000"
"Fulton County Health Department","700 East Oak Street","Canton","Fulton","61520","Katie Lynn","(309) 647-1134","3000299","2027-02-28T00:00:00.000"
"G & M Home Care Plus, Inc.","1943 Harvest Lane","Glendale Heights","Du Page","60139","Maicakrise O. Garcia","(630) 597-8464","3002755","2026-11-30T00:00:00.000"
"G&R Procare LLC - DBA Synergy HomeCare Glenbrook","2550 Compass Rd","Glenview","Cook","60026","Renee Reid","(847) 483-1670","3002750","2026-10-31T00:00:00.000"
"Gaffey Health Service, Inc.","3408 River Road","Sterling","Whiteside","61081","Brent Gaffey","(815) 625-5575","3000238","2027-03-31T00:00:00.000"
"Gareda LLC - DBA AccentCare Personal Care Services of Illinois","745 McClintock Dr, Suiite 230 (PCS)","Burr Ridge","Cook","60527","Sunniya Puri","(630) 953-4297","3002322","2026-10-31T00:00:00.000"
"Gareda, LLC, dba Gareda Home Care - DBA Accentcare Personal Care Services of Illinois","6400 Shafer Court, Ste 300","Rosemont","Cook","60018","Sunniya Puri","(773) 437-1096","3002048","2026-12-31T00:00:00.000"
"Garrison Health Group, LLC - DBA Home Helpers of Mt. Vernon","1009 South 42nd Street Suite 6","Mt. Vernon","Jefferson","62864","Dana Ferguson","(618) 202-5285","3002618","2027-04-30T00:00:00.000"
"Genesis Caregiving LLC","2700 Patriot Blvd, Suite 250","Glenview","Cook","60026","Cammille Felipe","(224) 458-9395","3002008","2027-03-31T00:00:00.000"
"Gentle Touch Home Assist LLC","24014 W. Renwick Road #105-1","Plainfield","Will","60544","Maria Abrenila","(815) 600-4166","3002097","2026-12-31T00:00:00.000"
"Gentle Touch Home Healthcare, Inc.","4602 S. Marshfield Avenue","Chicago","Cook","60609","Ifeanyi Beverly Chukwudozie","(773) 744-3139","3002583","2026-04-30T00:00:00.000"
"Georgia Home Service LLC","4415 West Harrison St. Suite 322","Hillside","Cook","60162","Gerard Copeland","(708) 540-4746","3002205","2026-05-31T00:00:00.000"
"GFRS LLC - DBA Amada Senior Care Orland Park","15020 S. Ravinia Ave","Orland Park","Cook","60432","Robert F Storey","(708) 467-1266","3002095","2026-08-31T00:00:00.000"
"Gifted Hands Home Care Agency LLC","4554 N Broadway Street, Ste 330 B","Chicago","Cook","60640","Julius Tayo-Olufemi","(708) 898-1750","3002363","2026-12-31T00:00:00.000"
"Gifted Hands Medical Services Inc","960 North Washington Ave","Kankakee","Kankakee","60901","Michael Ubaghara","(815) 401-9494","3001617","2026-08-31T00:00:00.000"
"Gilead Home Healthcare, INC.","1165 N Milwaukee Avenue","Chicago","Cook","60642","Victoria Idowu","(773) 895-6793","3002932","2026-07-31T00:00:00.000"
"GJ Aaberg, Inc. - DBA Synergy HomeCare of Central Illinois","2403 General Electric Rd","Bloomington","Mc Lean","61704","Gaye Aaberg","(309) 808-3047","3001007","2026-05-31T00:00:00.000"
"Gladden Home Care, LLC","2625 Butterfield Rd, Ste 138S","Oak Brook","Du Page","60523","Jeanette Cesaretti","(630) 528-3800","3000947","2026-09-30T00:00:00.000"
"Glam Healthcare Inc","3601 W Devon Ave","Chicago","Cook","60659","Lilla Oritsebawo Dirisu","(312) 825-2477","3002372","2026-04-30T00:00:00.000"
"Global Heritage Home Healthcare, Inc.","5875 N Lincoln Ave, Ste 226","Chicago","Cook","60659","Wilson A. Ogbeide","(773) 516-4112","3001903","2026-07-31T00:00:00.000"
"Global Homecare Services, Inc. - DBA GLOBAL BEHAVIORAL HEALTHCARE","2625 W. Peterson Ave","Chicago","Cook","60659","Gulzar H. Khemani","(872) 804-6001","3002637","2026-07-31T00:00:00.000"
"GLORYHHC INC","540 West 35th Street","Chicago","Cook","60616","Oluwasegun Oguntomi","(224) 699-4333","3002470","2027-03-31T00:00:00.000"
"GLS Home Services, LLC","4107 Oakton Street","Skokie","Cook","60076","David Pokorny","(847) 423-0900","3002926","2026-07-31T00:00:00.000"
"Gold Coast Home Health, Inc","20200 Governors Dr","Olympia Fields","Cook","60461","Reuben Hadzide","(708) 991-7126","3002591","2026-07-31T00:00:00.000"
"Golden Care, Inc. - DBA Visiting Angels of Niles","6775 North Milwaukee Avenue","Niles","Cook","60714","Katarzyna Georges","(773) 481-9515","3001369","2026-08-31T00:00:00.000"
"Golden Dreams Homecare, LLC","1718 8th Ave., Suite 1","Moline","Rock Island","61265","Donna M. Albert","(563) 386-6246","3000832","2026-11-30T00:00:00.000"
"Golden Healthcare Services Inc.","2555 Lincoln Highway","Olympia Fields","Cook","60461","Esther Omodunni","(708) 991-2585","3001964","2026-09-30T00:00:00.000"
"Golden Heart Home Care LLC - DBA Golden Heart Home Care","1011 S Arlington Heights Rd","Arlington Heights","Cook","60005","Kais Dankha","(847) 873-8475","3002857","2027-03-31T00:00:00.000"
"Golden Light Health Services Inc","2291 Kealsy Lane","Aurora","Will","60503","Eric Tande","(630) 865-1113","3002292","2027-01-31T00:00:00.000"
"Golden Touch Home Care LLC","350 West North Avenue","Addison","Du Page","60101","Ashley Oliveros","(630) 524-7888","3002312","2027-03-31T00:00:00.000"
"Golden Years Companion Care, Inc. - DBA Golden Years Home Care II","1300 S. Wabash, Ste. 205","Chicago","Cook","60605","Daniel Gray","(312) 447-0034","3000650","2026-05-31T00:00:00.000"
"Golden Years Home Care LLC","350 West North Avenue","Addison","Du Page","60101","Yaser Mohammed","(630) 397-8493","3002334","2026-05-31T00:00:00.000"
"Goldenseal Home Healthcare Inc.","1712 W. Estes Ave, Apt 308","Chicago","Cook","60626","Sesan E. Akinyemi","(773) 413-0777","3002530","2027-03-31T00:00:00.000"
"Goodhope Healthcare and Home Health Services, Inc.","3631 Municipal Drive","McHenry","Mc Henry","60050","Chimatara Ebirim","(815) 344-9268","3000707","2026-05-31T00:00:00.000"
"Goodwill Healthcare Services Inc","9942 S Western Ave","Chicago","Cook","60643","Michael Egbulefu","(773) 779-8556","3001775","2026-09-30T00:00:00.000"
"Goshen Home Healthcare Inc.","361 S Cornerstone Dr","Volo","Lake","60020","Evidence Eguakun","(630) 634-2833","3002712","2027-02-28T00:00:00.000"
"Govvas Healthcare Services, Inc.","2200 Hicks Rd","Rolling Meadows","Cook","60008","Valentine Akpata","(847) 496-4715","3000966","2026-12-31T00:00:00.000"
"Grace Home Care LLC","749 N Sunrise Drive","Romeoville","Will","60446","Bridget Duah","(815) 995-4011","3002700","2026-09-30T00:00:00.000"
"GraceTouch Home Care Services, INC.","19900 Governors Drive, Suite 300s","Olympia Fields","Cook","60461","Mutiat Kuforiji","(708) 515-9686","3002246","2026-06-30T00:00:00.000"
"Gracious Living Assistance Inc. - DBA Assiting Hands Chicago North","4311 N Ravenwood Ave","Chicago","Cook","60613","Marie Cherry V. Mactal","(312) 685-4174","3002719","2026-09-30T00:00:00.000"
"Grand Gonaives LLC - DBA Prime Wellness Home Care Services & Personal Aid","6127 S University Ave, Suite 1352","Chicago","Cook","60637","Yves Bienvenu","(773) 609-3719","3002773","2026-12-31T00:00:00.000"
"Great Homecare Inc","28 S Water St, Suite 202","Batavia","Kane","60510","Prem Sinzali","(630) 454-4340","3002119","2026-09-30T00:00:00.000"
"Great Paragon Health Care, Inc.","2640 W Touhy Ave, Ste 206","Chicago","Cook","60645","Rita Obaseki","(773) 274-7694","3001308","2026-03-31T00:00:00.000"
"Green Meadows Home Care, Inc.","3837 E. 30th Road","Sheridan","La Salle","60551","Lina Odiamar Malanyaon","(630) 863-9986","3002466","2026-09-30T00:00:00.000"
"Grimm Holdings, LLC - DBA Home Instead CI","405 N Morton Ave","Morton","Tazewell","61550","Brett Grimm","(309) 263-4600","3002502","2026-06-30T00:00:00.000"
"GSGRACE HEALTHCARE SERVICES INCORPORATED","20635 Abbeywoods Ct","Frankfort","Will","60423","Deborah Aina","(779) 900-8384","3001558","2026-06-30T00:00:00.000"
"Guaranteed Medical Services","10322 S Western Ave","Chicago","Cook","60643","Edidiong Udonkang","(773) 498-8550","3001590","2026-12-31T00:00:00.000"
"GYC Senior Care Services","7514 Skokie Blvd, Suite 107","Skokie","Cook","60077","Yassine Chekkouri","(847) 410-2126","3001129","2026-12-31T00:00:00.000"
"H&H HealthCare INC. - DBA Interim HealthCare of Downstate Illinois","1223 West Pioneer Way","Peoria","Peoria","61615","Tia Mortensen","(309) 296-0056","3001831","2027-03-31T00:00:00.000"
"Hall of Fame Care Corp - DBA Amada Senior Care Elgin","75 Market Street Suite 14","Elgin","Kane","60123","Amber Hall","(630) 948-4838","3002413","2027-04-30T00:00:00.000"
"Hallmark Healthcare Services Inc","6000 N Cicero Ave, Unit 205","Chicago","Cook","60646","Ulogo Chukwudi","(773) 414-0338","3002089","2026-11-30T00:00:00.000"
"Hamdard Home Care LLC","330 E. Roosevelt Rd. Suite 120A","Lombard","Du Page","60148","Mohammed Mazher","(224) 998-5738","3002504","2025-12-31T00:00:00.000"
"Hancock County Health Department & Home Health Agency","671 Wabash Avenue","Carthage","Hancock","62321","Teresa Gilbert","(217) 357-2171","3000212","2027-01-31T00:00:00.000"
"Handle With Care In-Home Care & Assistance, LLC","1400 E. Touhy Ave, Suite 305","Des Plaines","Cook","60018","Teresa Sigman","(630) 359-5775","3000579","2026-10-31T00:00:00.000"
"Hands That Heals, LLC","5875 N Lincoln Ave, Suite LL-21","Chicago","Cook","60659","Joseph Jaiyeoba","(646) 369-7202","3002562","2027-04-30T00:00:00.000"
"Hanover Township","240 S IL Route 59","Bartlett","Cook","60103","Diana Gomez","(630) 483-5600","3002150","2026-11-30T00:00:00.000"
"Happy Feelings Home Health Care LLC","3436 Ridge Rd","Lansing","Cook","60438","Daryll Golladay","(708) 743-7831","3002259","2026-05-31T00:00:00.000"
"Happy Hearts Home Care LLC","1010 W Rand Rd","Arlington Heights","Du Page","60004","Dipen Patel","(773) 329-0281","3002657","2026-05-31T00:00:00.000"
"Harmony Care Haven LLC. - DBA Harmony Care Haven LLC.","16571 Oak Park Ave, Suite 222","Tinley Park","Cook","60477","Eniola Bankefa","(779) 702-6019","3002853","2027-02-28T00:00:00.000"
"Harmony Care Home Services, Inc","1811 N 19th Ave","Melrose Park","Cook","60160","Merlie Raspado","(708) 315-3671","3001673","2026-07-31T00:00:00.000"
"Harmony Care Illinois LLC","200 N. Center Dr.","Alton","Madison","62002","Antony Wanjiku","(217) 931-0900","3002859","2026-12-31T00:00:00.000"
"Hartmann Healthcare, LLC - DBA CareDiem Home Care of Gurnee","34121 N US Rt 45, Ste 201","Grayslake","Lake","60030","Raymond Hartmann","(847) 596-8477","3002895","2027-04-30T00:00:00.000"
"Harvest In-Home Care Inc.","24402 W. Lockport St. Suite 210","Plainfield","Will","60544","Tracey Abrams","(815) 566-5843","3001225","2027-01-31T00:00:00.000"
"Harvey Letherman III, LLC - DBA Seniors Helping Seniors","4300 12th Ave, Suite 6-5","Moline","Rock Island","61265","Harvey Letherman","(563) 396-1717","3002816","2026-12-31T00:00:00.000"
"Haven Home Health Care Inc","303 Berkshire Drive","Lake Villa","Lake","60046","Issa Akanbi","(224) 252-0056","3002724","2026-09-30T00:00:00.000"
"Hayath Senior Care, LLC - DBA Hayath Senior Care","4606 Old Grand Ave","Gurnee","Lake","60031","Sofia F. Khan","(224) 214-3155","3002493","2026-10-31T00:00:00.000"
"Healing Care At Home, Inc.","254 Bay Dr.","Itasca","Du Page","60143","Sergiy Byalyk","(833) 593-2273","3002491","2026-07-31T00:00:00.000"
"Healing Hands Home Care Services, Inc","4747 Lincoln Mall Drive","Matteson","Cook","60443","Shamaree Coleman","(708) 898-0538","3002018","2026-06-30T00:00:00.000"
"Heart & Hands Care Services, LLC","1724 South 6th Street","Springfield","Sangamon","62703","Matt Mantei","(217) 492-1500","3000515","2026-08-31T00:00:00.000"
"Heart and Home In Home Care, LLC","952 N Henderson St","Galesburg","Knox","61401","Jessica R. Paul","(309) 351-7882","3001993","2026-01-31T00:00:00.000"
"Heart Felt Care, LLC","1701 E Woodfield Rd, Suite 625","Schaumburg","Cook","60173","Maria Gemma Maroon","(847) 648-7044","3002192","2026-10-31T00:00:00.000"
"Heart Wise Home Care, LLC","2340 S River Rd.","Des Plaines","Cook","60018","Jacqueline Cwiakala","(773) 733-6498","3002559","2026-09-30T00:00:00.000"
"Heartfelt Home Health LLC","200 Carriage Hills Rd.","Normal","Mc Lean","61761","Brittney Dickey","(309) 861-9958","3002770","2026-12-31T00:00:00.000"
"Heavenly Home Care Inc","1060 East Lake Street","Hanover Park","Cook","60133","Ageliki Bertsatos","(224) 535-9983","3001793","2026-08-31T00:00:00.000"
"Hellenic Foundation","6251 W. Touhy Avenue","Chicago","Cook","60646","Peter E. Valessares","(773) 631-5222","3001092","2026-08-31T00:00:00.000"
"Hello Forrest Incorporated - DBA Seniors Helping Seniors Chicago Northwest","335 S. Forrest Ave.","Arlington Heights","Cook","60004","Sara Odland-Beyna","(847) 801-6403","3002467","2026-05-31T00:00:00.000"
"Help at Home, LLC","81-B S. Milwaukee Ave.","Wheeling","Cook","60090","Rina Kolotov","(847) 465-0034","3002764","2026-12-31T00:00:00.000"
"Help at Home, LLC","501 W. Main St.","Fairfield","Wayne","62837","Donna Manahan","(618) 842-3879","3002765","2026-12-31T00:00:00.000"
"Help at Home, LLC","1350 East Mall Drive","Carbondale","Jackson","62901","Jamie Hinkle","(618) 457-7434","3003123","2026-11-19T00:00:00.000"
"Help at Home, LLC","1790 Sycamore Rd.","DeKalb","Cook","60115","Florine Johnson","(815) 748-0333","3002766","2026-12-31T00:00:00.000"
"Helpful Touch, Inc.","700 Hunter Lane","Lake Forest","Lake","60045","Arthur Kribben","(847) 542-5259","3001232","2027-03-31T00:00:00.000"
"Helping Hand Solid Home Care LLC","5639 North Central Avenue","Chicago","Cook","60646","Bola Adojutelegan","(773) 312-0600","3002336","2025-01-31T00:00:00.000"
"Helping Hands Home Healthcare & Staffing Agency","320 E Jackson, Suite 6","Morton","Tazewell","61550","Hannah Coleman","(309) 699-4715","3002742","2026-06-30T00:00:00.000"
"Helpsource of North Shore, Inc. - DBA Comfort Keepers","1400 E Lake Cook Rd Ste 110","Buffalo Grove","Lake","60089","Anna Holden","(847) 215-8550","3000105","2026-08-31T00:00:00.000"
"Henderson County Health Department Home Services Program","208 West Elm Street","Gladstone","Henderson","61437","Babbie Porter","(309) 627-2812","3000199","2026-10-31T00:00:00.000"
"Henry County Health Department","110 N Burr Blvd, Ste A","Kewanee","Henry","61443","Missy Schilling","(309) 852-0492","3000181","2027-01-31T00:00:00.000"
"Hibernian Home Care","4550 West 103rd St, Suite 301 G","Oak Lawn","Cook","60805","Mary N Murphy","(708) 634-2450","3002088","2026-10-31T00:00:00.000"
"Hilltop Homecare Corporation","6307 S. Stewart Ave, Suite 306","Chicago","Cook","60621","Tade Akere","(773) 830-2161","3002010","2026-05-31T00:00:00.000"
"Hipton Companies, LLC - DBA 	SYNERGY HOMECARE OF EDWARDSVILLE","101 W. Vandalia St.","Edwardsville","Madison","62025","Heather Woodard","(660) 864-3836","3002754","2026-11-30T00:00:00.000"
"Holystik Care LLC","1320 Tower Rd.","Schaumburg","Cook","60173","Shilpa Doshi","(847) 301-4333","3002782","2026-10-31T00:00:00.000"
"Home Advocates LLC","950 Milwaukee Avenue","Glenview","Cook","60016","Clement J. Luna","(773) 410-6898","3002274","2026-09-30T00:00:00.000"
"Home Care Longevity Family Service, Inc.","801 Pleasant St.","Fox River Grove","Mc Henry","60021","Mykhaylo Stefinko","(708) 965-8074","3002588","2027-04-30T00:00:00.000"
"Home Care Services of Illinois, Inc.","1974 Miner Street, Suite 102","Des Plaines","Cook","60016","Evelyn Saplala","(847) 795-8535","3000367","2027-03-31T00:00:00.000"
"Home Companion Solutions, Inc.","566 W. Adams St., Ste 550","Chicago","Cook","60661","Paula C. Golden","(773) 779-8889","3000869","2026-07-31T00:00:00.000"
"Home for Good Senior Care, Inc.","5765 N Lincoln Ave, Ste. 27","Chicago","Cook","60659","Eliza Mercado","(773) 572-4875","3000140","2027-01-31T00:00:00.000"
"Home Health Care Lombard Corp - DBA Assisting Hands Lombard","65 E Park Blvd","Villa Park","Du Page","60181","Alison Shearer","(630) 635-3900","3001744","2026-12-31T00:00:00.000"
"Home Help from the Heart","7309 South Honore","Chicago","Cook","60636","LaShanda Gaiter","(773) 349-1792","3002184","2026-02-28T00:00:00.000"
"Home Life Healthcare, Corp.","1020 W Golf Rd","Hoffman Estates","Cook","60169","Jayne Justice","(847) 413-1611","3002017","2026-08-31T00:00:00.000"
"Home Staff, Inc","15141 S Cicero","Oak Forrest","Cook","60452","Mariann Thomas","(773) 467-6002","3002109","2027-03-31T00:00:00.000"
"Home Town Home Care, LLC","7015 Lauren Court","Gurnee","Lake","60031","Edward Richardson","(847) 899-5248","3000500","2026-05-31T00:00:00.000"
"Homecare Solved Corp - DBA NuPath Home Healthcare Services","9933 S Western Ave","Chicago","Cook","60643","Ifefikayo Oyelami","(708) 892-1600","3002120","2026-11-30T00:00:00.000"
"Homestead Home Care Agency LLC","3605 Woodhead Drive, Suite 105A, Room 2","Northbrook","Cook","60062","Hassan Nkulabi","(847) 715-9191","3001945","2026-08-31T00:00:00.000"
"Honey Pond Group LLC - DBA Medinah Homecare Services","1165 N. Milwaukee Avenue","Chicago","Cook","60642","Aderonke A. Kilaso","(312) 975-0850","3002775","2026-09-30T00:00:00.000"
"Honeycutt Home Care, Inc. - DBA Right At Home 1549","5010 West Main St","Belleville","St Clair","62226","Alexander English","(618) 215-6797","3003147","2027-03-31T00:00:00.000"
"Honor Care Services Illinois, Inc. - DBA All Trust Home Care","930 North York Road Suite 150","Hinsdale","Du Page","60521","Angie Canfield","(866) 275-0119","3002197","2026-07-31T00:00:00.000"
"Hope Home Care, LLC","120 N Main Street","Waterloo","Monroe","62298","Christina Johnson","(314) 680-6648","3002758","2026-12-31T00:00:00.000"
"Hope Home Health, Inc.","16264 Prince Drive","South Holland","Cook","60473","Fidel Okeke","(708) 647-2929","3001242","2026-07-31T00:00:00.000"
"Hoss B, LLC - DBA Broad Street Home Health","1229 Green Bay Road","Wilmette","Cook","60091","Valerie Hatfield","(847) 728-0134","3001291","2026-11-30T00:00:00.000"
"Humanity Home Care LLC","2111 Chestnut Ave, Suite 240","Glenview","Cook","60025","Jinky Logronio","(847) 886-4090","3002511","2026-04-30T00:00:00.000"
"Humanity Home Services, LLC","800 W 5th Avenue, Suite 103F","Naperville","Du Page","60563","Maricris Radtke","(630) 340-7267","3002299","2026-10-31T00:00:00.000"
"Humility Health Care Services, LLC","9932 S. Western","Chicago","Cook","60643","Marketta McCollough","(708) 933-0086","3002585","2026-01-31T00:00:00.000"
"Hutchison Enterprises, Inc. - DBA Home Instead  205","810 N Arlington Heights Rd","Itasca","Du Page","60143","Kelly Hutchison","(847) 690-9825","3000242","2027-02-28T00:00:00.000"
"Hye Jan Home Care Inc.","3000 Dundee Rd, Ste 420","Northbrook","Cook","60062","Heghine Nikoghosyan Tomasian","(224) 808-2662","3002564","2027-03-31T00:00:00.000"
"Icolyn Hearts Senior Home Care LLC","1900 East Golf Rd #950-O","Schaumburg","Cook","60173","Glenford Miller","(847) 916-5355","3001978","2026-04-30T00:00:00.000"
"Ideal Companion Care LLC","1365 Wiley Road, Suite 142","Schaumburg","Cook","60173","Tolutope Olorunshola","(331) 245-4274","3002332","2026-10-31T00:00:00.000"
"Ideal Home Care, LLC","6348 Oakton Street","Morton Grove","Cook","60053","Samantha Rodriguez","(847) 972-6872","3001203","2027-01-31T00:00:00.000"
"IgoCare Inc - DBA Right at Home North Shore/Chicago Metro","8424 Skokie Blvd., Ste 210","Skokie","Cook","60077","Heather Lantry","(773) 775-4677","3001019","2027-03-31T00:00:00.000"
"IHCC, LLC - DBA In-Home Care Connection, LLC","602 N Main Street","Princeton","Bureau","61356","Tara Bitting","(815) 872-7447","3001523","2027-03-31T00:00:00.000"
"IL CCRC LLC - DBA Encore Village","350 West Schaumburg Rd.","Schaumburg","Cook","60194","Rachel Spellman","(847) 884-5040","3002842","2026-12-31T00:00:00.000"
"Illinois Actions for Seniors","11508 183rd Rd Pl","Orland Park","Cook","60467","Tiffany Burnham","(815) 277-9319","3002560","2027-01-31T00:00:00.000"
"Illinois Home Care Specialists, Inc.","628 E. Golf Road","Arlington Heights","Du Page","60005","Corazon Krakau","(630) 283-3637","3001579","2026-05-31T00:00:00.000"
"Illinois Home Services Agency, LLC","1420 Renaissance Dr.","Park Ridge","Cook","60068","Abdul Musheer","(773) 572-8520","3002757","2027-01-31T00:00:00.000"
"Illinois Homecare Services, Inc","2720 S River Rd Ste 36","Des Plaines","Cook","60108","Sally Hunter","(224) 361-3194","3001671","2026-08-31T00:00:00.000"
"Illinois West Central Home Care Corp. - DBA Visiting Angels of Peoria","4507 N Sterling Ave Ste 401A","Peoria","Peoria","61615","Donna Simerly","(309) 998-1000","3001541","2027-04-30T00:00:00.000"
"IMADE HEALTH SERVICES, INC.","16860 Oak Park Ave.","Tinley Park","Cook","60477","Regina Imanlihen","(708) 821-0855","3002854","2027-01-31T00:00:00.000"
"Immaculate Home Care Inc","9933 Lawler Ave. Ste 208","Skokie","Cook","60077","Juanita Yu","(847) 410-7780","3001674","2026-07-31T00:00:00.000"
"IMS Professional Home Care, Inc.","2700 South River Road Suite 107","Des Plaines","Cook","60018","Alice Joyce Kowski","(847) 824-7870","3000714","2026-04-30T00:00:00.000"
"In Home Comforts, LLC","122 N. Sherwood Circle","Bloomingdale","Du Page","60108","Lillian Labana","(847) 219-5314","3001370","2026-06-30T00:00:00.000"
"In Home Personal Services, Inc.","813 Tek Dr","Crystal Lake","Mc Henry","60014","Humberto Vilchis","(877) 826-4477","3000124","2027-01-31T00:00:00.000"
"In Home Senior Care Services","2113 W Marquette Rd","Chicago","Cook","60636","Carolyn Brown","(773) 707-5977","3001918","2026-09-30T00:00:00.000"
"Independence Care of Chicago LLC","980 N Michigan Ave Ste 1400","Chicago","Cook","60611","Philip Viar","(312) 312-9697","3001875","2026-07-31T00:00:00.000"
"Independent Living Home Care, Inc","3701 Commercial Ave., Ste 19","Northbrook","Cook","60062","Anna Volberg","(847) 201-4545","3001280","2026-04-30T00:00:00.000"
"Infinite Heart, INC.","1213 Maple Ave","Lisle","Du Page","60532","Oksana Levchenko","(815) 751-3306","3002218","2027-04-30T00:00:00.000"
"Infinity Home Care Inc.","121 Fairfield Way","Bloomingdale","Cook","60108","Jerry Masangcay","(630) 283-0393","3001932","2027-04-30T00:00:00.000"
"Innovative Homecare Solutions, Inc.","7105 S Virginia Rd Suite 12","Crystal Lake","Mc Henry","60014","Amy Abejo","(630) 225-0100","3000252","2027-01-31T00:00:00.000"
"Inspired Care Home Health, LLC","203 S. Arlington Heights Road","Arlington Heights,","Cook","60005","Derick Kambobe","(847) 787-7572","3001733","2026-08-31T00:00:00.000"
"Inspired Grace Healthcare Inc","1051 E. Main Street, Ste. 212-213","East Dundee","Kane","60118","James Idowu","(224) 484-0596","3001606","2026-11-30T00:00:00.000"
"Inspired HomeCare of Illinois, LLC","2100 Manchester Road","Wheaton","Du Page","60187","Christine Sdrenka","(630) 963-7824","3002183","2026-09-30T00:00:00.000"
"Inspiring Hearts Homecare LLC","22628 Ridgeway Ave","Richton Park","Cook","60471","Cynthia Stuart","(708) 400-5606","3002606","2026-03-31T00:00:00.000"
"Integrity Care 2014, LLC - DBA Entera Homecare, LLC","10700 W. Higgins Rd, Suite 210","Rosemont","Cook","60018","Joy Paterimos","(847) 324-5550","3001956","2027-04-30T00:00:00.000"
"International Family Care, Inc - DBA Visiting Angels Arlington Heights","85 W Algonquin Road","Arlington Heights","Cook","60005","Michelle Hollander","(847) 963-8944","3000393","2027-02-28T00:00:00.000"
"Intrinsic Home Care, LLC.","5113 South Harper Ave.,  Ste 2C","Chicago","Cook","60615","Jasmine Bankhead","(312) 967-3177","3001537","2026-05-31T00:00:00.000"
"ISR Enterprises, Inc. - DBA Senior Helpers of Rockford","129 S Phelps Ave Bldg 10 Ste 1008","Rockford","Winnebago","61108","Daniel Knipschield","(815) 395-8790","3002889","2027-01-31T00:00:00.000"
"ITN Health America","124 Smith Avenue S #1","Rockford","Winnebago","61107","Marta Njos","(779) 210-2440","3002424","2027-02-28T00:00:00.000"
"J & A Caregivers, LLC - DBA Senior Helpers of Chicago","1426 W Fullerton Ave","Chicago","Cook","60614","Jonathan D. Wishnick","(312) 867-7110","3000622","2027-03-31T00:00:00.000"
"JAC Care At Home, LLC","6501 W 126th Place","Palos Heights","Cook","60463","Cherrylyn R Cardenas","(708) 897-8772","3002140","2026-12-31T00:00:00.000"
"Japanese American Service Committee of Chicago","5700 N Lincoln Avenue","Chicago","Cook","60625","Peter DeSouza","(773) 275-0097","3000958","2026-09-30T00:00:00.000"
"JBMV Health Associates LLC","4711 S Midlothian Turnpike, Unit 14","Crestwood","Cook","60418","Evangeline Borbon","(708) 743-2714","3001470","2026-09-30T00:00:00.000"
"JD Pearson Holdings, LLC - DBA Assisting Hands Orland Park","9501 W 144th Pl, Suitre 204","Orland Park","Cook","60437","Julius Pearson","(312) 465-5544","3002940","2026-07-31T00:00:00.000"
"JDA In Home Quality Care LLC","2016 Wagner Rd","Batavia","Kane","60510","Delphin Anthoni Villaruz","(630) 425-3994","3001762","2027-04-30T00:00:00.000"
"JDF Services, INC. - DBA BrightStar Care of Central DuPage/Wheaton","416 East Roosevelt Road","Wheaton","Du Page","60177","Diane Vitolka","(630) 260-5300","3002354","2026-08-31T00:00:00.000"
"Jeffrey So, Inc. - DBA Homewatch CareGivers of Elmhurst","386 N York St","Elmhurst","Du Page","60126","Jeffrey S. So","(630) 796-0044","3002800","2026-09-30T00:00:00.000"
"Jersey County Health Department","1307 State Highway 109","Jerseyville","Jersey","62052","Heidi Carter","(618) 498-9565","3000119","2026-10-31T00:00:00.000"
"JJJ Home Care, Inc - DBA In Home Personal Services of DuPage","813 Tek Drive","Crystal Lake","Kane","60014","Rachelle Ventura","(630) 672-5280","3002099","2026-07-31T00:00:00.000"
"JKL In-Home Care, LLC - DBA Visiting Angels of Northbrook","1955 Raymond Drive, Suite 108","Northbrook","Cook","60062","Jim Lederer","(847) 999-3313","3002531","2026-09-30T00:00:00.000"
"JNH Home Health Services, LLC","3561 S. Archer Ave.","Chicago","Cook","60609","Chantel Stephenson","(312) 548-2523","3002828","2026-12-31T00:00:00.000"
"Jo Homecare Services. Inc.","135 Park Avenue, LL 6","Barrington","Cook","60010","Joweria Bukenya","(224) 384-7086","3002188","2026-05-31T00:00:00.000"
"John C. Proctor Endowment","2724 W. Reservoir Blvd.","Peoria","Peoria","61615","Amanda Smallberger","(309) 566-4251","3002441","2026-08-31T00:00:00.000"
"JohnMc Care Venture Inc - DBA FirstLight Homecare of Oak Park","840 Oak Park Ave.","Oak Park","Cook","60304","John McFerrin","(708) 665-3325","3002856","2026-12-31T00:00:00.000"
"JoLand Home Care, LLC","2548 W 117th St","Chicago","Cook","60655","Charmaine Wright-Landingham","(312) 848-8852","3002746","2026-09-30T00:00:00.000"
"Joyful Homecare Solution, LLC","701 Lee St, Suite 804","Des Plaines","Cook","60016","Flair Bitancor","(847) 376-8024","3002727","2026-09-30T00:00:00.000"
"JRG 4, Inc - DBA Home Instead 393542","3077 West Jefferson Street","Joliet","Will","60435","Courtney Pucel","(815) 725-2050","3000929","2027-04-30T00:00:00.000"
"Jubilant Hearts Healthcare Inc","3055 W 111th Street","Chicago","Cook","60655","Katina Edwards","(312) 843-0830","3002882","2027-03-31T00:00:00.000"
"JUST90 LLC - DBA Right Angle Caring Connection","1247 E Shawnee St.","Freeport","Stephenson","61032","Cora Threadgill","(815) 297-7619","3002408","2027-04-30T00:00:00.000"
"Justus Enterprises, Inc. - DBA Home Instead 402","500 East Ogden Ave., Suite 204","Naperville","Du Page","60563","Kelly J. Hutchison","(630) 637-3360","3002501","2026-04-30T00:00:00.000"
"K&B Lifecare Inc. - DBA Brightstar Healthcare of Barrington and McHenry Co","755 Mcardle Drive, Unit G","Crystal Lake","Mc Henry","60014","Karen Pinderski","(224) 858-4282","3001622","2026-10-31T00:00:00.000"
"Kaff Homecare, Inc.","5915 N Lincoln Ave","Chicago","Cook","60659","Kofoworola Olowu","(773) 942-7752","3001528","2026-05-31T00:00:00.000"
"Karegate Healthcare Services","1755 Park St, Suit 200","Naperville","Du Page","60563","Ernestina Kankam","(815) 779-4065","3002844","2027-01-31T00:00:00.000"
"Karen's Home Care Agency LLC","29w745 Kensington Dr","Warrenville","Du Page","60555","Karen Almodovar","(630) 504-9239","3001814","2027-01-31T00:00:00.000"
"Karmala, Inc. - DBA Right at Home Northern Lake County","33205 US-45","Grayslake","Lake","60030","Michael Steiner","(847) 984-0103","3001058","2026-09-30T00:00:00.000"
"Kat Health LLC - DBA Brightstar Care of IL - Pullman/Calument City","11212 S. Western Ave.","Chicago","Cook","60643","Saheed Tepede","(217) 848-2093","3002810","2026-12-31T00:00:00.000"
"Kay's Angel Care Inc","1325 Howard St, #301","Evanston","Cook","60202","Mojisola A Kayode","(847) 868-8464","3001791","2026-06-30T00:00:00.000"
"KB Enterprises of Chicago, LLC - DBA Senior Helpers North Side Chicago","5020 N Ashland Ave","Chicago","Cook","60640","Katherine Brattland","(872) 298-4424","3002353","2027-01-31T00:00:00.000"
"KCC Partners, Inc. - DBA Always Best Care","1155 Waukegan Road, Suite 2A","Glenview","Cook","60025","Charmaine Conaghan","(847) 730-5930","3000778","2026-06-30T00:00:00.000"
"Kelly Home Healthcare, Inc.","4749 Lincoln Mall Drive","Matteson","Cook","60443","Nneka Ezurike-Green","(708) 265-5096","3000774","2026-08-31T00:00:00.000"
"KEMTOS INC.","15616 Kenwood Ave.","South Holland","Cook","60473","Oluwakemi Nelson","(773) 699-2423","3002793","2026-12-31T00:00:00.000"
"Kidult, Inc. - DBA Safe@Home Healthcare","428 Fayette Drive","Oswego","Kendall","60543","Kurt Hjelle","(800) 480-4154","3000517","2027-03-31T00:00:00.000"
"Kimana Solutions Homecare, LLC","1641 Downs Drive, Apt 2","Calumet City","Cook","60409","Quiana Fitzpatrick","(312) 761-8541","3002514","2026-09-30T00:00:00.000"
"Kin Care Home Care Inc.","346 Forest Rd","Park Forest","Cook","60466","Anntrinia Gunby","(708) 918-3944","3002327","2026-09-30T00:00:00.000"
"Kind Care Services Inc","2700 Patriot Blvd","Glenview","Cook","60026","Radnaasambuu Batdeleg","(847) 901-9293","3002908","2026-05-31T00:00:00.000"
"Kind Companions 4 You, LLC","440 E Market St","Somonauk","De Kalb","60552","Nicole Brue","(815) 498-9101","3002024","2026-05-31T00:00:00.000"
"Kindly Home Care Inc.","1n131 County Farm Rd","Winfield","Du Page","60190","Kaaran Singh","(630) 318-6067","3002643","2026-05-31T00:00:00.000"
"Kindness Home Care, INC.","3525 West Peterson Avenue","Chicago","Cook","60659","Nancy Poelking","(773) 754-7010","3002313","2026-04-30T00:00:00.000"
"Kingsway Home Health Services, Inc.","7042 N Milwaukee Ave","Niles","Cook","60714","Bayo Oluwole","(773) 761-8342","3000999","2027-02-28T00:00:00.000"
"Kingzkid Health Services","5875 n Lincoln Ave, LL 47-48","Chicago","Cook","60659","Oluyemi Ogunsanya","(773) 653-6237","3001907","2027-01-31T00:00:00.000"
"Kinship Crew LLC","2735 Edgewood Lane","Riverwoods","Lake","60015","Albert Melchor","(877) 350-0500","3002901","2026-05-31T00:00:00.000"
"Korean American Senior Center, Inc - DBA Hanul Family Alliance","5008 N. Kedzie Avenue","Chicago","Cook","60625","Irene J. Sohn","(773) 478-8851","3001461","2026-04-30T00:00:00.000"
"Kryken International, Inc. - DBA Home Instead","475 West 55th St., Suite 105","Countryside","Cook","60525","Patricia Kennedy","(708) 482-8660","3000361","2027-01-31T00:00:00.000"
"Kyle's Home Care Services, Inc. - DBA Kyle's Care at Home","1441 Valle Vista Blvd. Ste. E.","Pekin","Tazewell","61554","Liza Stanton","(309) 347-8600","3002445","2027-02-28T00:00:00.000"
"LAFA Home Healthcare LLC","1820 Ridge Road, #209","Homewood","Cook","60430","Safurat Adelekan-Adebayo","(708) 580-1212","3002537","2026-12-31T00:00:00.000"
"Lakeview Healthcare Services, Inc.","16250 Louis Avenue","South Holland","Cook","60473","Ajibola Ogedengbe","(708) 493-4290","3002430","2026-11-30T00:00:00.000"
"LarryG Healthcare Services, LLC","3545 Dempster Street","Skokie","Cook","60076","Olanrewaju Ologan","(773) 441-3870","3002575","2027-02-28T00:00:00.000"
"Lead Home Healthcare Inc.","3525 W Peterson Ave","Chicago","Cook","60659","Hakeem O. Badmos","(773) 455-5211","3002439","2026-05-31T00:00:00.000"
"Leave it to Lesa Home Care Services","118 N. Clinton Street","Chicago","Cook","60661","Lisa Oglesby","(312) 401-4424","3002703","2026-09-30T00:00:00.000"
"LEN Care LLC - DBA Home Helpers Home Care of Wheaton & Naperville","121 Fairfield Way Suite 204","Bloomingdale","Du Page","60108","Claire Arong Leegard","(630) 800-3837","3002175","2026-09-30T00:00:00.000"
"Leverage Home Care Services Inc.","1918 Towner Lane","Glendale Heights","Du Page","60139","Jesus Nato Jr.","(630) 344-3792","3002658","2026-07-31T00:00:00.000"
"Liberty Home Care, LLC - DBA Liberty at Home Care, LLC","400 Lake Cook Rd, Ste 224","Deerfield","Cook","60015","Angela Novakovsky","(847) 220-7755","3002463","2026-04-30T00:00:00.000"
"Life Choice Home Care INC.","11603 S. IL Route 47, Ste D","Huntley","Mc Henry","60142","Amelissa Lagrosa","(224) 509-5935","3002245","2026-05-31T00:00:00.000"
"Life Guardian Angels Homecare LLC","600 Holiday Plaza Dr","Matteson","Cook","60443","Teshon Ogundele","(708) 885-9152","3002457","2026-06-30T00:00:00.000"
"LifeCare@HOME, LLC","5550 S. Shore Dr.","Chicago","Cook","60637","Melody Chase","(773) 753-4572","3000305","2027-02-28T00:00:00.000"
"Lifeline Homecare Providers, Inc.","6357 S Cottage Grove","Chicago","Cook","60637","Carmen Colon","(312) 212-8081","3002587","2026-12-31T00:00:00.000"
"Life's A Peach Home Care - DBA Amada Senior Care Grayslake","13108 W. Wakefield Drive","Beach Park","Lake","60083","David Johnson","(847) 812-5215","3001453","2027-03-31T00:00:00.000"
"Lifespace Communities, Inc. - DBA Lifespace Personal Services (Beacon Hill)","2400 S. Finley Rd.","Lombard","Du Page","60148","Laura Murphy","(630) 691-7633","3000348","2027-02-28T00:00:00.000"
"Lighthouse Homecare, LLC","2100 18th Avenue, Suite 240","Rock Island","Rock Island","61201","Scott McNab","(563) 441-9982","3001105","2026-12-31T00:00:00.000"
"Like Our Own Home Care, LLC","123 E Lake St","Bloomingdale","Du Page","60108","Sharese Wilson-Bouie","(630) 641-3950","3002487","2026-11-30T00:00:00.000"
"LikeFamily Home Care LLC","999 oakmont Plaza Dr.","West Mont","Du Page","60559","Marc Bulanadi","(630) 402-6968","3002652","2026-08-31T00:00:00.000"
"Lily Dove Homecare Agency, LLC","6144- 1/2 N Lincoln Ave","Chicago","Cook","60659","Melissa Johnson","(224) 614-8291","3002904","2026-05-31T00:00:00.000"
"LincolnPark FamilyCare","1439 West Altgeld Street","Chicago","Cook","60614","Jeff Robison","(773) 724-0375","3001367","2026-12-31T00:00:00.000"
"Liv Safe Home Care LLC - DBA LivSafe Home Care","3365 N. Arlington Heights Rd,","Arlington Heights","Du Page","60004","Ahmed Yousuf","(773) 671-7687","3002498","2025-08-31T00:00:00.000"
"Live Life Better Home Services, LLC","1620 W 89th Street","Chicago","Cook","60620","Anquinette Colvin","(708) 575-2082","3002303","2025-12-31T00:00:00.000"
"LiveRight Senior Care Inc.","3327 W 115th St","Merrionette Park","Cook","60803","Lisa O'Brien","(708) 786-8600","3000589","2026-10-31T00:00:00.000"
"LivHOME, Inc. - DBA Arosa","7512 S County Line. Unit 3","Burr Ridge","Cook","60527","Jennifer Gazda","(630) 953-2154","3000324","2026-05-31T00:00:00.000"
"Living Spring Home Health, Inc.","18225 Burnham Avenue","Lansing","Cook","60438","Maryann Ebom","(708) 960-4767","3000716","2027-02-28T00:00:00.000"
"Living Spring Services LLC","1245 Milwaukee Ave, Ste 203","Glenview","Cook","60025","Anita Eisiri","(773) 543-7430","3001971","2026-10-31T00:00:00.000"
"Living Well Home Services, LLC","7777 W. Lincoln Highway","Frankfort","Will","60423","Dr. Octavia I. Altheimer","(815) 651-1766","3002788","2026-10-31T00:00:00.000"
"LJ Senior Services, Corp. - DBA Senior Helpers of Naperville","1280 Iroquois Ave","Naperville","Du Page","60563","Terri Grant","(331) 281-0728","3001512","2026-08-31T00:00:00.000"
"LK Home Care LLC - DBA Senior Helpers of Schaumburg","1328 N. Roselle Rd.","Schaumburg","Cook","60195","Najeeb Ali Khan","(847) 238-3097","3002671","2026-09-30T00:00:00.000"
"LLP Home Care LLC","400 Twin Creeks Drive","Bolingbrook","Will","60440","Emiliana Mateo","(312) 826-5539","3002330","2026-07-31T00:00:00.000"
"Lotuscare Services LLC","5901 N Cicero Avenue, Ste 410","Chicago","Cook","60646","Evidence Eguakun","(773) 917-4600","3002811","2026-09-30T00:00:00.000"
"Lovely Heart Home Care LLC","833 W. Chicago Ave., Suite 402-A","Chicago","Cook","60642","Luzviminda O'Connor","(312) 243-7501","3001376","2026-11-30T00:00:00.000"
"Loving Attentive Home Care, Inc.","4010 Coyote Lakes Circle","Lake in The Hills","Mc Henry","60156","Randall Rodiek","(847) 514-2424","3000948","2026-10-31T00:00:00.000"
"Loving Hands Home Care LLC","1226 N. Roselle Rd","Schaumburg","Cook","60195","Stephen Napadow","(630) 283-0386","3001605","2026-05-31T00:00:00.000"
"Loving Hearts Home Care Agency Incorporated","415 W. Golf Road, Suite 34","Arlington Heights","Cook","60005","Menachem ""Michael"" Wallach","(847) 975-3950","3002893","2026-04-30T00:00:00.000"
"Loving Hearts Home Care Agency LLC","954 S Liberty St","Elgin","Kane","60120","Guadalupe Romero Martinez","(224) 268-4213","3002898","2026-05-31T00:00:00.000"
"LS Care Inc.","6421 N Hamlin Ave","Lincolnwood","Cook","60712","Leilanie Magana","(773) 425-1747","3001219","2026-05-31T00:00:00.000"
"LucruMare Inc. - DBA Comfort Keepers","4855 East State Street - Suite 22","Rockford","Winnebago","61108","Mark P. Podemski","(815) 229-9100","3001514","2026-11-30T00:00:00.000"
"Lutheran Community Services For The Aged, Inc. - DBA MySolutions of Lutheran Life Communities","800 W. Oakton St.","Arlington Heights","Cook","60005","Jane Fleischmann","(847) 705-2123","3000128","2027-01-31T00:00:00.000"
"Lutheran Senior Services Private Duty","101 Evergreen Lane # 202","Glen Carbon","Madison","62034","Denise Travis","(618) 205-2200","3000973","2027-02-28T00:00:00.000"
"Lutheran Social Services of Illinois - DBA Intouch Home Care Services","1001 E. Touhy Ave., Suite 50","DesPlaines","Cook","60018","Samella Taylor-Lewis","(847) 635-4600","3000540","2026-05-31T00:00:00.000"
"M and D Health Services - DBA Tru-Care Homecare and Staffing","115 W. Chebanse Ave.","Chebanse","Kankakee","60922","Meggan Guthrie","(217) 498-4442","3002930","2026-07-31T00:00:00.000"
"Mae's Quality Home Care LLC","1137 W 95th St","Chicago","Cook","60643","Ineke Barnes","(773) 993-7347","3001770","2026-08-31T00:00:00.000"
"Mafolux LLC - DBA Mafolux Healthcare Services","111 Barclay Blvd., Ste 372","Lincolnshire","Lake","60069","Micheal Afolabi","(708) 943-7300","3002300","2027-01-31T00:00:00.000"
"Maggie's Health Care Providers Inc.","3174 N Magnolia Lane","Wadsworth, IL","Lake","60083","Margaret Victor","(224) 436-9242","3000610","2026-11-30T00:00:00.000"
"MagnaStaff, LLC - DBA Trusted Home Care, LLC","17W662 Butterfield Rd, Ste 306A","Oakbrook Terrace","Cook","60181","Diana Sakolari","(708) 223-8915","3001776","2027-03-31T00:00:00.000"
"Magnolia Home Health Services, LLC","19710 Governors Hwy","Flossmoor","Cook","60473","Audrey Haymer","(708) 487-9029","3002158","2027-02-28T00:00:00.000"
"Majestic Health Services INC.","3525 W Peterson Ave, Ste 430","Chicago","Cook","60659","Jackson Adeyinka","(872) 888-3956","3002214","2026-07-31T00:00:00.000"
"Make A Wish Home Care LLC","7000 W North Ave, Suite 2C","Chicago","Cook","60707","Shanell Hayes","(207) 515-8850","3002774","2026-12-31T00:00:00.000"
"Management Support, Inc. (MSI) - DBA Management Support 1st Care Homemaker Services","4749 Lincoln Mall Dr","Matteson","Cook","60443","Yinka Otabor Afolabi","(708) 288-7827","3002508","2026-10-31T00:00:00.000"
"Marie Home Care LLC","5116 W Patterson Ave","Chicago","Cook","60641","Maricar Rubio","(773) 808-1678","3002659","2026-09-30T00:00:00.000"
"Marie Investments, LLC - DBA Visiting Angels 1","120 E Section Ave","Effingham","Effingham","62401","Rose Ruholl","(217) 690-4564","3001642","2026-05-31T00:00:00.000"
"Marsico Enterprises, LLC - DBA Right at Home - West Suburban Chicago","400 West Lake Street, Suite 112C","Roselle","Du Page","60172","Amy Marsico","(630) 529-4000","3002041","2027-01-31T00:00:00.000"
"Mason County Health Department","1002 East Laurel Ave.","Havana","Mason","62644","Denise Smith","(309) 210-0110","3000233","2027-01-31T00:00:00.000"
"Max Care Home Health Services, Inc.","490 West Lake Street, Unit 03","Roselle","Du Page","60172","Noor F. Husain","(630) 833-2910","3001489","2027-01-31T00:00:00.000"
"MAX EXPRESS, INC. - DBA OnishiCare","9305 Loch Glen Dr.","Lakewood","Mc Henry","60014","Hiroshi Onishi","(847) 877-7456","3000588","2026-10-31T00:00:00.000"
"Max Health Network, Inc.","1701 Bloomingdale Road","Glendale Heights","Du Page","60139","Siddiq Ahmed","(630) 868-3639","3002586","2026-09-30T00:00:00.000"
"Maxi Healthcare PC","1632 Colonial Parkway","Inverness","Cook","60067","Tobi Adeboyejo, RN","(331) 275-6095","3002529","2026-11-30T00:00:00.000"
"Maxim Healthcare Services, Inc.","377 E Butterfield Rd Ste 100","Lombard","Du Page","60148","Paige Allen","(630) 778-0800","3000489","2026-07-31T00:00:00.000"
"Maxim Healthcare Services, Inc.","10811 W 143rd St Ste 210","Orland Park","Cook","60467","Paige Allen","(708) 459-9121","3000497","2026-07-31T00:00:00.000"
"Maxim Healthcare Services, Inc.","973 Featherstone Rd. Ste 210","Rockford","Winnebago","61107","Briana Dettmer","(815) 484-0000","3000491","2026-07-31T00:00:00.000"
"Maxim Healthcare Services, Inc.","4450 N Prospect Rd Ste S8","Peoria Heights","Peoria","61616","Joshua Enos","(309) 566-0800","3000492","2026-07-31T00:00:00.000"
"Maxim Healthcare Services, Inc.","11 Executive Dr, Ste 1","Fairview Heights","St Clair","62208","Ian Hanson","(618) 628-7551","3000493","2026-07-31T00:00:00.000"
"May Homemaker Services, Inc.","800 West 5th Ave., Suite 205B","Naperville","Du Page","60563","Bashir Bello","(630) 965-4611","3001073","2026-04-30T00:00:00.000"
"MBR In-Home Care, LLC - DBA Visiting Angels of Orland Park","11532 West 183rd Place","Orland Park","Cook","60467","Jim Lederer","(708) 226-1028","3001603","2026-06-30T00:00:00.000"
"McLean Investments, LLC","1605 Commerce Parkway, Ste 152","Bloomington","Mc Lean","61704","Brittney Tremaine","(309) 662-3515","3002843","2027-01-31T00:00:00.000"
"MD Parker Home Services LLC","405 Shawmut Avenue Ste. 210","La Grange","Du Page","60525","Michelene Lanier-Parker","(708) 352-8615","3002208","2026-06-30T00:00:00.000"
"Medtec Healthcare & Private Duty LLC","350 S Northwest Highway","Park Ridge","Cook","60068","Shihwan Chung","(847) 470-4701","3001722","2026-09-30T00:00:00.000"
"Meeting Your Needs 24/7, Inc.","505 W. University, Suite 1","Champaign","Champaign","61820","Renee L. Robinson","(217) 693-4924","3001081","2026-06-30T00:00:00.000"
"Megaramz Care LLC","300 Sherman Ave.","Evanston","Cook","60202","Omega Grace Fernandez","(224) 415-1449","3003048","2026-09-20T00:00:00.000"
"Mel Rose Sweet Home Care Agency LLC","4749 Lincoln Mall Drive, Suite 202C","Matteson","Cook","60443","Natonia Sweet-Armour","(708) 971-6549","3002198","2026-11-30T00:00:00.000"
"MELIRE HOME HEALTH SERVICES LLC","22307 Central Park Ave","Park Forest","Will","60466","Akindele Ogunleye","(708) 965-9122","3002916","2026-05-31T00:00:00.000"
"Mercy Reigns Homecare Services Ltd","2111 Plum St #380","Aurora","Kane","60506","Ewane Ivo Ewang","(630) 229-6930","3001825","2027-03-31T00:00:00.000"
"Meredith's Care Partners LLC","11130 S Western Ave","Chicago","Cook","60643","Erica Wilson","(773) 941-8665","3001573","2027-02-28T00:00:00.000"
"Metamora Community Nursing Home - DBA Snyder Village Home Care","1200 E Partridge St","Metamora","Woodford","61548","Deb Albertson","(309) 367-2300","3000354","2027-02-28T00:00:00.000"
"Metropolitan Homemaking Care LLC","340 E Dundee Rd.","Wheeling","Cook","60090","Natalia Krokhmalyuk","(847) 568-1033","3002683","2026-10-31T00:00:00.000"
"MG Care Inc. - DBA Synergy HomeCare of DuPage County","800 Roosevelt Road, Building B, Suite 222","Glen Ellyn","Du Page","60137","Mark Gould","(630) 517-0068","3000870","2026-12-31T00:00:00.000"
"Michael McGinn, Inc. - DBA Comfort Keepers #461","1627 W Colonial Parkway","Palatine","Cook","60067","Michael McGinn","(847) 221-5300","3000170","2027-02-28T00:00:00.000"
"Midwest Helping Hands, LLC","710 W 14th St","Chicago","Cook","60607","Felicia Johnson","(888) 376-4426","3001571","2027-01-31T00:00:00.000"
"Midwest Home Care Agency, Inc.","5679N County Road 1020E","Mattoon","Coles","61938","Lee A McDevitt","(217) 234-7013","3001187","2026-10-31T00:00:00.000"
"Midwest Home Care Services, Inc.","121 Fairfield Way, Ste 270","Bloomingdale","Du Page","60108","Fritzie Teehan","(773) 946-6074","3000550","2026-07-31T00:00:00.000"
"Millbrooke, Inc. - DBA Brightstar Care of Spfld-Decatur, Bloomington & Pe","801 S MacArthur Blvd","Springfield","Sangamon","62704","Chasity Albers","(217) 318-3396","3001360","2026-12-31T00:00:00.000"
"Millennial Home Care Services LLC","311 N. Chestnut Street","Addison","Du Page","60101","Janet V Reyes","(630) 379-4118","3001976","2027-01-31T00:00:00.000"
"Mindful Living & Care Inc","72 W. Van Buren Street","Oswego","Kendall","60543","Melissa Goelz","(815) 265-6615","3001752","2026-04-30T00:00:00.000"
"Miranda Home Health Care, Inc.","2644 E Dempster St","Park Ridge","Cook","60068","Khursheed Khan","(708) 922-3710","3002720","2026-03-31T00:00:00.000"
"Miryam Home Services, LLC","5850 Easton Court","Hanover Park","Du Page","60133","Mary Taylor","(630) 855-4370","3002631","2026-08-31T00:00:00.000"
"Miwa Home Care LLC.","2174 Gladstone Court #A","Glendale Heights","Cook","60139","Dipali Patel","(847) 847-4622","3002795","2026-12-31T00:00:00.000"
"MJM Health Agency, Inc.","211 N. Hammes Ave.","Joliet","Du Page","60435","Larry Lamina","(815) 725-7880","3001216","2026-04-30T00:00:00.000"
"MK Home Healthcare LLC","1705 W Jonquil Terrace","Chicago","Cook","60626","Medede Karouwe","(716) 609-5602","3002694","2026-10-31T00:00:00.000"
"Mode Quality Services, Inc.","600 Springhill Ring Road","West Dundee","Kane","60118","Margaret Esikiel","(224) 509-4113","3001577","2026-09-30T00:00:00.000"
"Monarch Landing OPCO (SL-VII) LLC - DBA MONARCH AT HOME - THE SPRING AT (MONARCH LANDING)","2255 Monarch Drive","Naperville","Du Page","60563","Michele Savino","(630) 300-1255","3002379","2027-02-28T00:00:00.000"
"Mondi & Associates, Inc. - DBA Home Instead Senior Care","2585 Sycamore Road","Dekalb","De Kalb","60115","Robert Mondi","(815) 754-1300","3001847","2026-08-31T00:00:00.000"
"More Healing Care LLC","9504 S Hamilton Ste 3","Chicago","Cook","60643","Felcia Washington","(708) 552-1983","3002611","2026-05-31T00:00:00.000"
"More Than Family, LLC","1755 Park St., Suite 200","Naperville","Du Page","60563","Janice M. Wilson","(630) 355-4180","3000549","2027-01-31T00:00:00.000"
"Morning Glory Homecare, LLC.","224 S. Main St","Edwardsville","Madison","62025","Lacey Moore","(618) 667-8400","3001583","2026-06-30T00:00:00.000"
"Morning Star Care Services Corp.","10 N Martingale Rd","Schaumburg","Cook","60173","Aderonke Olowu","(224) 565-4774","3002451","2027-03-31T00:00:00.000"
"Morning Star Home Health Care, Inc.","705 S. Moreland Rd.","Bethalto","Madison","62010","Kathy Marmino","(618) 377-1896","3000458","2026-05-31T00:00:00.000"
"MS Care, Inc. - DBA Visiting Angels","228 Florence Street","Crystal Lake","Mc Henry","60014","Robert Shallenberg","(815) 479-0312","3000705","2026-12-31T00:00:00.000"
"MSM Home Healthcare Solutions, Inc. - DBA Brightstar Care Tinley Park","7601 W 191st Street","Tinely Park","Will","60487","Olusegun Adetimirin","(708) 532-2273","3002867","2026-12-31T00:00:00.000"
"My Caregiver LLC","1300 Greenbrook Blvd","Hanover Park","Du Page","60133","Nauman Khan","(847) 474-3393","3002880","2026-03-31T00:00:00.000"
"N&C Impact Care Solutions Inc - DBA Reliance Home Health Caregivers","1730 Park St, Ste 214","Naperville","Du Page","60563","Nnanna P. Akabogu","(630) 317-7083","3001027","2026-07-31T00:00:00.000"
"NALD Services, LLC","5 Rose Hill Court","Algonquin","Kane","60102","Elizabeth Omofonmwan","(224) 375-0455","3002546","2026-12-31T00:00:00.000"
"Nancy's Home Care Agency, LLC","10146 S. Western Ave.","Chicago","Cook","60643","Felice Searles","(773) 966-3003","3001462","2027-03-31T00:00:00.000"
"Naperville Homecare, LLC - DBA Visiting Angels of Naperville","1415 Bond Street Suite #123","Naperville","Du Page","60563","Naja Spears","(630) 790-1112","3002219","2026-09-30T00:00:00.000"
"Nationwide Homecare Services LLC","5214 N Western Ave","Chicago","Cook","60625","Fatuma Rayale","(773) 572-5569","3002864","2027-02-28T00:00:00.000"
"Neighborly Hands LLC","19900 Governors Drive, Ste 18","Olympia Fields","Cook","60461","Kelli Lynn Goshay","(708) 365-8230","3002166","2026-11-30T00:00:00.000"
"New Beginnings Homecare of Illinois, Inc - DBA Health Advocates","7300 W College Dr., Ste 102","Palos Heights","Cook","60463","Rajai Ismail","(708) 407-6460","3001083","2027-02-28T00:00:00.000"
"New Era Support Services, LLC - DBA NESS","123 West Washington Street","Oswego","Kendall","60543","Katherine Miranda","(630) 636-6892","3003007","2026-07-31T00:00:00.000"
"Next To You Home Care LLC - DBA ComForCare Homecare Northshore","1884 Techy Court","Northbrook","Cook","60062","Sandra Angolina Mongilardi Alvarado","(847) 637-5959","3002453","2026-06-30T00:00:00.000"
"Nikiwill Incorporated - DBA Comfort Keepers  #954 & #955","1300 Iroquois Dr #132","Naperville","Du Page","60563","William Finn","(630) 219-4160","3001211","2026-12-31T00:00:00.000"
"Niklife Home Care Inc","636 S. River Road","Des Plaines","Cook","60016","Sanni Mohammed","(312) 224-1001","3002032","2027-04-30T00:00:00.000"
"No End In Sight LLC. - DBA Soulful Hands Home Care","2214 West Warren Blvd Apt 2","Chicago","Cook","60612","Marie Brown","(312) 324-4150","3002195","2027-04-30T00:00:00.000"
"Noble Plus Healthcare LLC","5475 South Park Ave, Suite 100","South Holland","Cook","60473","Rafat Shoneye","(708) 251-5872","3001865","2027-03-31T00:00:00.000"
"Noragis Homecare Agency Inc.","8052 Monticello Avenue","Skokie","Cook","60076","Nonye Iwuh","(312) 451-4276","3001552","2027-02-28T00:00:00.000"
"North Light Care Services Limited","1328 Main St","Crete","Will","60417","Joanna Criselda Z. Olarte","(708) 576-1191","3003204","2027-03-31T00:00:00.000"
"North Shore Companions, Inc. - DBA Home Instead Senior Care 344","3100 Dundee Road, Suite 107","Northbrook","Cook","60062","Ryan Quinn Krueger","(847) 418-3300","3000227","2027-01-31T00:00:00.000"
"North Shore Compassionate Care, LLC","1510 Old Deerfield Road, Suit 222","Highland Park","Lake","60035","Steven J. Wilneff","(800) 882-3838","3001425","2026-10-31T00:00:00.000"
"North Shore Senior Care, LLC - DBA Amada Senior Care North Shore","5550 Touhy Avenue, Suite 300","Skokie","Cook","60077","Jennifer Novy","(847) 324-9450","3001475","2026-12-31T00:00:00.000"
"North Shore Senior Services, Inc. - DBA Home Instead Senior Care of the North Shore","8816 Bronx Ave.","Skokie","Cook","60077","Michael Melinger","(847) 673-1250","3000102","2027-03-31T00:00:00.000"
"Northwest Home Care, Inc. - DBA Abcor Home Health Inc.","3201 N. Wilke Rd.","Arlington Heights","Cook","60004","Andrew Kulbachny","(847) 670-8268","3000454","2026-04-30T00:00:00.000"
"Norwood Senior Network Association","6009 N Nina Ave","Chicago","Cook","60631","Laura DeBruin","(773) 631-5673","3000442","2026-10-31T00:00:00.000"
"NovaCare Services, Inc.","4413 Roosevelt Road Suite 109","Hillside","Cook","60162","Sally Nwafor","(708) 223-4667","3000991","2026-06-30T00:00:00.000"
"Nuel Home Health Care, Inc","2504 Washington Ave., Ste. 401","Waukegan","Lake","60085","Uchenna Ebube","(847) 249-5500","3001021","2026-11-30T00:00:00.000"
"Nurturing By Faith Home Care, LLC","6400 W Main Street, Ste 3H","Belleville","St Clair","62223","Ebony Winters","(618) 701-9085","3002714","2026-08-31T00:00:00.000"
"Oakley Bear Company - DBA Visiting Angels, NW Suburbs IL","65 Woodbury Street","South Elgin","Kane","60177","John Barrett","(847) 429-0100","3002516","2026-06-30T00:00:00.000"
"Oasis Healthcare Services, Inc","721 East 40th Street","Chicago","Cook","60653","Bukola Omotosho","(312) 483-9956","3002054","2026-05-31T00:00:00.000"
"Oceangates Healthcare LLC","764 Red Barn Lane","Elgin","Kane","60124","Ayodeji Olumide Oni","(872) 806-4134","3002595","2026-06-30T00:00:00.000"
"Octicare, Inc","200 East Evergreen Ave","Mount Prospect","Cook","600056","Angela Wilson","(847) 454-7777","3001988","2027-02-28T00:00:00.000"
"Ollie Home Care Services, LLC","1100 South Grand Avenue East","Springfield","Sangamon","62703","Monte Turner","(217) 212-2120","3002124","2026-08-31T00:00:00.000"
"Omni Health Care Services LLC","2860 S River Rd","Des Plaines","Cook","60018","Pritesh Patel","(847) 996-9998","3002656","2026-04-30T00:00:00.000"
"On Call Home Care Services, Inc","941 N Plum Grove Rd, Suite B","Schaumburg","Du Page","60173","Ma Priscilla Eckert","(630) 903-6123","3001669","2026-07-31T00:00:00.000"
"On Demand Caregivers Inc.","619 Enterprise Drive. Suite 130","Oak Brook","Du Page","60523","Regina Syjuco","(708) 575-0311","3002507","2026-05-31T00:00:00.000"
"On The Corner Home Care Inc - DBA Assistance Home Care","1544 Ogden Ave","Downers Grove","Du Page","60515","Allison O'Neill","(331) 260-0444","3002059","2026-05-31T00:00:00.000"
"One Compassionate Home Care, Inc","1701 E Lake Ave","Glenview","Cook","60025","Cristina Viloria","(847) 989-7701","3002014","2026-05-31T00:00:00.000"
"One Touch Senior Care LLC","9204 S. Commercial Ave","Chicago","Cook","60617","Eboni Lias","(708) 360-3163","3001863","2026-09-30T00:00:00.000"
"one4Seven, LLC - DBA Amada Senior Care, Geneva","128 James St, 1st Fl","Geneva","Kane","60174","Alison H Johnson","(630) 828-5155","3001968","2026-10-31T00:00:00.000"
"Onething Care, Inc. - DBA Homewatch CareGivers","333 Commerce Drive, Suite 275","Crystal Lake","Mc Henry","60014","Tamera Mongin","(815) 459-1502","3001506","2026-11-30T00:00:00.000"
"OP Care LLC","1515 N Harlem","Oak Park","Cook","60302","Ada Christopher","(708) 524-9814","3002933","2027-03-31T00:00:00.000"
"Open Arms Northbrook, LLC - DBA Open Arms Solutions","900 Skokie Blvd., Suite 212","Northbrook","Cook","60062","Julie Kollada","(847) 272-4997","3000496","2026-05-31T00:00:00.000"
"Open Your Arms Home Care LLC","160 N. Elizabeth St.","Chicago","Cook","60607","Ignacio Gonzalez","(872) 352-5824","3003080","2027-03-31T00:00:00.000"
"OPTIMI Home Care, Inc.","1750 E. Golf Road, Ste 1096","Schaumburg","Cook","60173","Roane Lee Monje","(630) 336-2691","3001146","2026-06-30T00:00:00.000"
"Optimum Senior Care Corp.","252 W Northwest Highway","Palatine","Cook","60067","Zoltan Gaspar","(847) 483-8800","3000254","2027-01-31T00:00:00.000"
"Opulence Solutions LLC","8556 South Ashland Ave","Chicago","Cook","60620","Marquita Mitchell","(844) 677-2273","3002771","2026-09-30T00:00:00.000"
"Our Journey Home Services, LLC","200 W 3rd St, Ste 302","Alton","Madison","62002","Jamika Kemper","(618) 509-5955","3002613","2026-05-31T00:00:00.000"
"Pace Staffing Home Healthcare LLC","5320 West 159th Street, Suite 407","Oak Forest","Cook","60452","Sabitiyu Folawiyo-Saba","(708) 840-9312","3002320","2026-11-30T00:00:00.000"
"Palos Home Care Inc.","10039 S Roberts Rd","Palos Heights","Cook","60465","Halina Lepkowski","(708) 882-5522","3002791","2026-11-30T00:00:00.000"
"Pampering Love Home Care LLC","4200 Commerce Ct.","Lisle","Du Page","60532","Uwem Francisca Bani","(331) 293-3028","3002730","2026-09-30T00:00:00.000"
"Parker Cromwell Healthcare Associates, LTD. - DBA Home and Hearth Caregivers","6432 Joliet Rd Ste C","Countryside","Cook","60625","Susan Oja","(708) 352-4663","3000469","2026-06-30T00:00:00.000"
"Parks Family Home Care LLC","2104 S 23rd Avenue","Broadview","Cook","60155","Makia Mullin","(708) 955-2157","3002734","2026-09-30T00:00:00.000"
"Partners in Healthcare Solutions LLC","4464 W. Swallowtail Dr.","Waukegan","Lake","60085","Gerald Carlo Imperial","(630) 302-8748","3002670","2026-08-31T00:00:00.000"
"Passion Caregiving Services, LLC","4740 N. Bernard St. Apt. 2","Chicago","Cook","60625","Virginia Oribello","(773) 999-6184","3002480","2025-10-31T00:00:00.000"
"Passionate Private Duty, LLC - DBA Passionate Home Care","415 W Golf Rd","Arlington Heights","Cook","60005","Menachem ""Michael"" Wallach","(847) 975-3950","3002951","2027-01-31T00:00:00.000"
"Path of Humanity Inc. - DBA Visiting Angels of Rockford","3600 E. State St., Suite 303","Rockford","Winnebago","61108","Daylen Davis","(815) 977-3452","3002378","2026-11-30T00:00:00.000"
"Patient Plus HomeHealth Care, Inc.","2521 Ridge Road Ste 3","Lansing","Cook","60438","Raphael Ogom","(708) 418-5503","3002211","2026-10-31T00:00:00.000"
"Peak Medical Home Care, Inc","4777 East State #4","Rockford","Winnebago","61108","Lori Gould","(815) 398-1333","3000910","2026-12-31T00:00:00.000"
"Pearson Home Care Services LLC","3055 W 111th Street","Chicago","Cook","60655","LaTasha Smith","(312) 614-4050","3002356","2026-01-31T00:00:00.000"
"Pecor Homecare LLC","640 S. Washington St.","Naperville","Du Page","60540","Cora Maybin","(331) 209-0287","3003136","2026-11-19T00:00:00.000"
"PEKO Healthcare and Consulting Services, Inc.","4986 Gibson St","Matteson","Cook","60443","Seth  Owusu","(312) 912-7672","3000756","2026-08-31T00:00:00.000"
"Perennial Home Care Services LLC","5852 W. Roscoe St.","Chicago","Cook","60634","Anthony Celles","(224) 216-8161","3002818","2026-05-31T00:00:00.000"
"Philippians Homecare Services Inc","817 Genesee Dr","Naperville","Du Page","60563","Edwin Manarang","(630) 943-7771","3001769","2026-03-31T00:00:00.000"
"Physicians Preferred Home Care, Inc","7670 Plaza Court","Willowbrook","Du Page","60527","Shahid Khwaja","(312) 500-3895","3002481","2026-01-31T00:00:00.000"
"Pike County Health Department","606 W. Adams Street","Pittsfield","Pike","62363","Anita Andress","(217) 285-4407","3000381","2026-05-31T00:00:00.000"
"Pillar Bella Corporation - DBA Assisting Hands Palos","6500 West College Drive Suite 101 E","Palos Heights","Cook","60463","Michala Bell","(773) 572-0080","3001942","2026-08-31T00:00:00.000"
"Pink Angels Homecaregivers Inc.","14340 S Lagrange Rd Suite 101","Orland Park","Cook","60462","Jaqueline Calleja-Linarez","(312) 860-4373","3001454","2027-03-31T00:00:00.000"
"PJS Care Services, LLC","30 Coventry Road","Northfield","Cook","60093","Nick Stein","(847) 772-9696","3002255","2026-11-30T00:00:00.000"
"Platinum Care Group, Inc.","23W574 North Avenue Ste A","Carol Stream","Du Page","60116","Marquita Carlos","(630) 295-9420","3000443","2027-04-30T00:00:00.000"
"Pleasant Home Care Services, INC.","6326 North Cicero Ave. Suite 105","Chicago","Cook","60646","Christina Anastasiou","(773) 595-3920","3002217","2026-07-31T00:00:00.000"
"Plum Island Partners , Inc. - DBA Synergy Home Care","1701 East Woodfield Road","Schaumburg","Cook","60173","Paul Fisher","(630) 237-4460","3001281","2026-05-31T00:00:00.000"
"PocketDoor Enterprises LLC - DBA NURSE NEXT DOOR - URBANA, IL","115 S. East Ave.","Ogden","Champaign","61859","Michael W. Ladd","(833) 344-1234","3002420","2026-06-30T00:00:00.000"
"Polish American Association","3834 N Cicero Avenue","Chicago","Cook","60641","Bo Wazydrag","(773) 282-8206","3000931","2026-11-30T00:00:00.000"
"Poorna Inc. - DBA Always Best Care Senior Services","3060 Ogden Avenue, Suite 302","Lisle","Du Page","60532","Raghunandan Sarup","(630) 425-4001","3001905","2026-08-31T00:00:00.000"
"Popular Home Care LLC","2300 Barrington Rd, Ste 400, Rm 441","Hoffman Estates","Cook","60169","Kate Onyibor","(224) 244-4110","3002165","2026-11-30T00:00:00.000"
"Prairie Home Healthcare Services Inc","700 E Park Ave, Suite 101","Libertyville","Lake","60048","Olushegun Victor Olapojoye","(773) 366-2227","3002117","2026-10-31T00:00:00.000"
"Pream Homecare Solutions LLC","338 Forest Boulevard","Park Forest","Cook","60461","Augustine Iredia","(708) 506-0051","3002443","2026-08-31T00:00:00.000"
"Precious Emerald Homecare, Inc.","4652 Oakton St.","Skokie","Cook","60076","Ansar A. Mohammed","(872) 282-9300","3002866","2026-10-31T00:00:00.000"
"Premier Care LLC","1525 B Ogden Ave.","Downers Grove","Cook","60515","Tushar Gopani","(630) 202-4504","3002699","2026-10-31T00:00:00.000"
"Premier Choice Home Health Care  LLC","7260 W Benton Drive","Frankfort","Cook","60423","Aisha Noah","(708) 564-9800","3001852","2027-02-28T00:00:00.000"
"Premier Home Health Care Services, Inc.","800 Des Plaines Ave, Suite A","Forest Park","Cook","60130","Jermaine Young","(708) 848-0962","3000747","2026-10-31T00:00:00.000"
"Premium Home Care, Inc","1800 W Hawthorne Lane","West Chicago","Du Page","60185","Humair Khan","(630) 231-1001","3002161","2025-11-30T00:00:00.000"
"Prestige Home Health Care, Inc.","9944 S Roberts Road, Suite 101","Palos Hills","Cook","60465","Udo Jones","(708) 233-9057","3001555","2027-02-28T00:00:00.000"
"Prestigious Hands LLC","837 E 162nd South Holland","South Holland","Cook","60473","Shantel Carter","(708) 400-1460","3002497","2026-11-30T00:00:00.000"
"Prestigious Nurse Healthcare LLC - DBA Prestigious Nurse Home Care","2816 Clearview Dr","Joliet","Will","60436","Tamra Packer","(317) 979-3601","3002711","2026-09-30T00:00:00.000"
"Prime Home Healthcare Services, Inc.","3525 W Peterson Ave","Chicago","Cook","60659","Solomon B Bada","(312) 204-7335","3002092","2026-11-30T00:00:00.000"
"Prime Homecare Inc. - DBA Home Instead Senior Care 108","100 N Atkinson Rd","Grayslake","Lake","60030","Parth Patel","(847) 543-8881","3002633","2026-06-30T00:00:00.000"
"Prime Senior Home Care, Inc.","7331 N. Lincoln Ave, Suite #3","Lincolnwood","Cook","60712","Raydon Misayah","(847) 324-9149","3001845","2027-01-31T00:00:00.000"
"Primus Home Care Solutions, Inc.","800 West Central Road, Suite 120","Mount Prospect","Cook","60056","Jin San Ham","(847) 255-1177","3001110","2026-04-30T00:00:00.000"
"Priority Home Healthcare Inc","1603 Orrington Ave, Suite 600","Evanston","Cook","60201","Omobola Ikhatua","(773) 941-1086","3002444","2026-07-31T00:00:00.000"
"Private Home Care of Illinois, LLC - DBA Private Home Care","111 E. 4th St, Suite 110","Alton","Madison","62002","Mario Tucker","(618) 767-5145","3002535","2026-08-31T00:00:00.000"
"PRN Professionals LLC","305 Main St","Mt. Vernon","Jefferson","62864","Candy J. Rogers","(618) 895-8316","3002555","2027-01-31T00:00:00.000"
"Professional Case Management of Illinois, LLC","4215 S. State Route 159, Suite 5","Glen Carbon","Madison","62034","Catherine Harding","(618) 215-2400","3002553","2027-02-28T00:00:00.000"
"Professional Home Care Advantage, Inc.","5875 N Lincoln Ave, Suite 232","Chicago","Cook","60659","Bolarinwa Adeoye","(708) 858-2939","3002044","2026-08-31T00:00:00.000"
"Professional Med Staffing Corp.","1848 Daimler Rd","Rockford","Winnebago","61112","Paul Michalsen","(815) 227-0093","3001768","2026-06-30T00:00:00.000"
"Providence Homecare Services, Inc.","6965 N. Western Ave.","Chicago","Cook","60645","Wilson Atiabet","(773) 274-3627","3001257","2026-09-30T00:00:00.000"
"Providence Senior Care Inc","5250 Old Orchard Rd Ste 300","Skokie","Cook","60077","Geraldine Quipse","(847) 348-1006","3001785","2026-06-30T00:00:00.000"
"Prudential Home Health Services Corp.","4440 West Lincoln Highway, STE 205","Matteson","Cook","60443","Ekaete Obong","(708) 709-0709","3001205","2027-01-31T00:00:00.000"
"PSG Services, LLC - DBA Interim Healthcare of Chicago","188 Industrial Drive","Elmhurst","Du Page","60126","Bernard D. Bulger","(630) 359-6660","3002728","2027-01-31T00:00:00.000"
"PSHC, Inc. - DBA Young at Heart","300 Village Circle","Willow Springs","Cook","60480","Valerie Hutchison","(708) 639-4342","3000934","2026-04-30T00:00:00.000"
"Purah Health Care Services, LLC","121 Fairfield Way","Bloomingdale","Du Page","60108","Erika Denise Apit","(630) 409-0665","3002569","2026-04-30T00:00:00.000"
"Purple Spring Home Caregivers, Inc","9944 S Roberts Rd, Ste 111","Palos Hills","Cook","60465","Sabrina Barandiaran","(630) 999-4655","3001660","2026-07-31T00:00:00.000"
"PurposeCare of Illinois, LLC","235 N. Northwest Highway","Park Ridge","Cook","60068","Rich Keller","(847) 698-1400","3002600","2026-12-31T00:00:00.000"
"PurposeCare of Illinois, LLC","235 N Northwest Highway","Park Ridge","Cook","60068","Rich Keller","(847) 698-1400","3002601","2026-12-31T00:00:00.000"
"QC Senior Care, Inc - DBA Home Instead Quad Cities","2810 41st Street","Moline","Rock Island","61265","Ada Christopher","(309) 736-1930","3001633","2026-11-30T00:00:00.000"
"Quality Home Care Solutions Inc","5857 Bond Avenue","East Saint Louis","St Clair","62207","Brilynn Fowler","(618) 515-3026","3002781","2026-11-30T00:00:00.000"
"Quality Life Healthcare, LLC","15525 S. Park Ave Suite 103A","South Holland","Cook","60473","Olajide Adewale","(708) 331-4214","3002629","2026-08-31T00:00:00.000"
"Qzee Homecare Inc.","6450 N. Bell Ave.","Chicago","Cook","60645","Oluwabukola Muritala","(773) 858-9389","3002465","2026-09-30T00:00:00.000"
"R. S. Independent Home Health Care LLC","310 Hammes Ave, Ste 201","Joliet","Will","60435","Rena R. Williams","(815) 582-3756","3001014","2026-05-31T00:00:00.000"
"R.G.U.S., Inc. - DBA ARGUS HOME CARE INC.","3340 W. Dundee Rd., Suite #2C2-5","Northbrook","Cook","60062","Larisa Kaner","(847) 291-8404","3000161","2027-02-28T00:00:00.000"
"Rarejem Care Inc","8019 S. Merrill Ave.","Chicago","Cook","60617","Chanale Jackson","(312) 868-1540","3002912","2026-05-31T00:00:00.000"
"Rather At Home Care LLC","350 Crane Street","Oswego","Will","60543","Pauline Mubaiwa","(708) 305-1936","3002849","2026-01-31T00:00:00.000"
"Rawls Enterprises - DBA Touch of Care Home Services","600 Spring Hill Ring Rd.","West Dundee","Kane","60118","Lashanna Rawls","(224) 575-2056","3002878","2027-02-28T00:00:00.000"
"Rayyman Care Group LLC","115 South Wilke Rd","Arlington Heights","Cook","60005","Modinat Ayodele","(224) 341-5658","3002046","2026-06-30T00:00:00.000"
"Reaching A Hand In-Home Care, Inc. - DBA Reaching A Hand In-Home Care","10349 S Pulaski Rd, Unit 1","Chicago","Cook","60655","Naomi Hayles","(708) 885-9852","3002594","2026-08-31T00:00:00.000"
"Regal Care Inc.","4001 W Devon Ave","Chicago","Cook","60646","Abiola Azeez","(708) 667-0247","3002328","2027-01-31T00:00:00.000"
"Reliable At Home Care LLC","9953 S Yates Blvd","Chicago","Cook","60617","Jennifer Holmes","(773) 620-3862","3002142","2026-10-31T00:00:00.000"
"Reliable Home Care Corp - DBA HomeWell Care Services","1981 Bloomingdale Rd.","Glendale Heights","Du Page","60139","Taher Hasan","(630) 480-2195","3002735","2026-09-30T00:00:00.000"
"Reliable Home Care Providers, Inc.","430 N Milwaukee Ave Suite 205","Lincolnshire","Lake","60069","Alina Roberts","(847) 883-8555","3000585","2027-03-31T00:00:00.000"
"Reliacare Ltd","1263 S. Highland Ave. Unit 2H","Lombard","Du Page","60148","Avani Shah","(630) 960-5100","3001805","2026-09-30T00:00:00.000"
"Relias Home Health Care, Inc.","5901 N. Cicero Avneue, Suite 205","Chicago","Cook","60646","Oluwatofunmi Akindale","(773) 245-6005","3002524","2026-10-31T00:00:00.000"
"Relief Medical Services, Inc.","4845 W Dempster St","Skokie","Cook","60077","Daniel Joseph","(847) 679-6065","3000379","2026-05-31T00:00:00.000"
"Remedial Home Healthcare Inc.","2340 W Touhy Ave, Suite D","Chicago","Cook","60645","Chinedum Byron Obi","(312) 538-3889","3002547","2026-03-31T00:00:00.000"
"Renewal Care Partners LLC - DBA Renewal Memory Partners","5756 North Ridge Ave","Chicago","Cook","60660","Karen Diaz","(312) 273-9000","3001304","2027-03-31T00:00:00.000"
"Resilient Comfort Care, LLC","209 N Schuyler Ave","Kankakee","Kankakee","60901","Janet Sutton","(815) 277-1402","3002640","2026-09-30T00:00:00.000"
"RespiteCare/Care in the Home, Inc. - DBA CARE IN THE HOME HEALTH SERVICES","1926 Waukegan Rd","Glenview","Cook","60025","Tracy Kelly","(847) 256-1705","3002173","2026-08-31T00:00:00.000"
"Rest Haven Illiana Christian Convalescent Home - DBA Providence At Home","14301 Independence Way","Homer Glen","Will","60491","Rosann Prosser","(800) 509-2800","3000358","2027-01-31T00:00:00.000"
"Restore Home Health Care Inc.","3525 W Peterson Ave","Chicago","Cook","60659","Adebusola Adetunji","(847) 868-3457","3002478","2026-08-31T00:00:00.000"
"Restored Home Health Care LLC - DBA Restored Home Health Care LLC","593 N. Overlook Trail","Round Lake","Lake","60073","Olamide Adejola","(773) 793-1984","3002832","2027-01-31T00:00:00.000"
"Restoring Harmony Homecare, LLC","7244 W Benton Drive","Frankfort","Will","60423","Ann Assam","(815) 464-9980","3001900","2026-07-31T00:00:00.000"
"Revamp Home Healthcare Inc.","501 E. 32nd Street, Apt 1506","Chicago","Cook","60616","Vincent King","(312) 459-2459","3002593","2026-08-31T00:00:00.000"
"RF Care LLC - DBA Home Instead of Rockford","5813 E Riverside Blvd","Rockford","Winnebago","61108","Ada Christopher","(815) 229-8810","3002627","2027-01-31T00:00:00.000"
"Ricks Services Incorporated - DBA @ Home Healthcare 1","6127 S. University","Chicago","Cook","60637","Mark Ricks","(773) 800-9751","3000780","2025-07-31T00:00:00.000"
"River Lee Home Care Services LLC","7777 W Lincoln Hwy, 1st Floor, Suite A","Frankfort","Will","60423","Dishaivia Adams","(773) 896-7914","3002679","2026-08-31T00:00:00.000"
"Rockford Family Home Care LLC - DBA Assisting Hands Rockford","5301 E. State Street","Rockford","Winnebago","61108","Jennifer Dexter","(815) 884-2273","3002260","2027-03-31T00:00:00.000"
"Roo Home Care LLC - DBA Paid.care","350 S Northwest Highway","Park Ridge","Cook","60068","Brooks Butler","(312) 241-1839","3002693","2026-12-31T00:00:00.000"
"Rosie Mae Home Care, LLC","220 Forest Blvd","Park Forest","Cook","60466","Tishieka Hollingsworth","(708) 980-1018","3001188","2026-11-30T00:00:00.000"
"Rosie's Homecare Services LLC","7N085 Nancy Ln","St Charles","Kane","60175","Rosalinda Lara","(630) 780-2233","3001737","2026-10-31T00:00:00.000"
"Royal Health Services Limited","5875 N Lincoln Ave Ste LL27","Chicago","Cook","60659","Olaniyi Isaac Ogunniyi","(773) 654-3055","3002123","2026-10-31T00:00:00.000"
"Royal Home Health Services Inc","4645 147th Street","Midlothian","Cook","60445","Abayomi Joel","(708) 535-0277","3003047","2027-02-28T00:00:00.000"
"Royal Homecare, Inc.","554 LaSalle Ct.","Buffalo Grove","Lake","60089","Yelena Rubina","(847) 414-6225","3002427","2026-06-30T00:00:00.000"
"Royal Princess Developmental, Inc. - DBA Royal Covenant Home Nursing Agency Inc.","1045 Dixie Highway","Chicago Heights","Cook","60411","Dr. Princess Adenike Akorede","(773) 392-6916","3002528","2026-12-31T00:00:00.000"
"RoyalNova HealthCare, LLC","100 Illinois St.","St. Charles","Du Page","60270","Alex Kwakye","(331) 293-2593","3003139","2026-12-31T00:00:00.000"
"Royalty Plus Home Care Services","1451 Root St","Crest Hill","Will","60403","Sharisse Gray","(779) 939-4748","3002841","2027-01-31T00:00:00.000"
"S & T Healthcare Services INC.","701 Lee Street","Des Plaines","Cook","60016","Aderonke Awoseyi","(773) 905-8121","3002252","2026-08-31T00:00:00.000"
"S&S Home Care, Inc. - DBA Comfort Keepers #464","7225 W 105th Street","Palos Hills","Cook","60465","Sydney Schmidt","(708) 598-1900","3000148","2026-05-31T00:00:00.000"
"Saathi Inc","500 Remington Road","Schaumburg","Cook","60173","Bindal Chokshi","(847) 764-8101","3001919","2026-10-31T00:00:00.000"
"Sacred Heart Home Care Inc.","4433 W. Touhy Ave., 207","Lincolnwood","Cook","60712","Rodolfo Magale Jr.","(224) 251-7155","3001171","2026-09-30T00:00:00.000"
"Safari Care, Inc.","3525 W. Peterson Ave., Suite 325","Chicago","Cook","60659","Happy H. Mosha","(872) 208-5048","3001406","2027-03-31T00:00:00.000"
"Safe Life Home Health Care, LLC","101 W. 22nd Street, Suite 202","Lombard","Du Page","60148","Faisal Ishaque","(630) 620-9064","3002576","2027-01-31T00:00:00.000"
"SafeCare at Home, LLC","805 Mary Byrne Drive","Sauk Village","Cook","60411","Faichell Ellis","(312) 918-9737","3002610","2026-08-31T00:00:00.000"
"Salario Senior Care - DBA Assisting Hands of Arlington Heights","1020 S Arlington Heights Rd","Arlington Heights","Cook","60005","Daniellah E. Salario","(847) 908-1525","3001445","2026-12-31T00:00:00.000"
"Samaritan Senior Care LLC","18W140 Butterfield Rd, Floor 15","Oakbrook Terrace","Will","60181","John Bagenda","(630) 613-7788","3002405","2026-05-31T00:00:00.000"
"Sarai Home Care, Inc.","125 E. Lake St.","Bloomingdale","Du Page","60108","Amreen Hussaini","(630) 407-1148","3002745","2026-09-30T00:00:00.000"
"Sarrus, LLC - DBA SYNERGY Homecare of Northeast Chicago/Northfield","2600 W Montrose Ave","Chicago","Cook","60618","Sarah Chowdhury","(773) 868-3183","3002521","2026-08-31T00:00:00.000"
"Seals and Steingard Home Care Services","408 S. Oak Park","Oak Park","Cook","60302","Renee Steingard","(708) 948-7270","3002589","2026-04-30T00:00:00.000"
"Seasons Home Care Agency Corporation","16148 Kedzie Avenue","Markham","Cook","60428","Faye Dodson","(708) 628-2334","3001962","2027-02-28T00:00:00.000"
"Sedgebrook OPCO (SL-VII) LLC - DBA Sedgebrook at Home","800 Audubon Way","Lincolnshire","Lake","60090","Erica Schaefer","(847) 876-2220","3001808","2026-09-30T00:00:00.000"
"Senior Care at Home, Inc.","11300 Distinctive Dr.","Orland Park","Cook","60467","Adenike R. Omomo, RN","(708) 687-3333","3002572","2026-08-31T00:00:00.000"
"Senior Home Care Solutions, LLC - DBA Corsocare Personal Care","901 Florsheim Drive","Libertyville","Lake","60048","Mary Lou Leonard","(847) 816-9990","3002342","2026-12-31T00:00:00.000"
"Senior Home Care Solutions, LLC - DBA Corsocare Personal Care","605 Edward Drive","Romeoville","Will","60446","Mary Lou Leonard","(815) 576-2767","3002371","2026-12-31T00:00:00.000"
"Senior Home Care Solutions, LLC - DBA Corsocare Personal Care/ Laurus Home Care","504 North River Rd.","Naperville","Du Page","60563","Mary Lou Leonard","(630) 446-6812","3002156","2026-12-31T00:00:00.000"
"Senior Homecare LLC - DBA Senior Helpers ot the Metro East","2720 North Center St, Suite 200","Maryville","Madison","62062","James Reed","(618) 262-0112","3002242","2026-05-30T00:00:00.000"
"Senior Lifestyle Solutions LTD","282 Memorial Ct Ste A","Crystal Lake","Mc Henry","60014","Laurie Teator","(815) 526-0054","3001706","2026-08-31T00:00:00.000"
"Senior Services Plus, Inc.","2603 N Rodgers Ave","Alton","Madison","62002","Theresa Collins","(618) 465-3298","3000432","2026-07-31T00:00:00.000"
"Seniorcare Midwest, Inc.","4747 West Peterson Avenue","Chicago","Cook","60646","Vance Aranas","(773) 261-8359","3002337","2026-12-31T00:00:00.000"
"SeniorCare Services, LLC - DBA Elara Caring II","1011 E Touhy Ave","Des Plaines","Cook","60018","Victoria Hollister","(773) 509-1355","3001293","2027-03-31T00:00:00.000"
"Seniors Need Love Adult Care LLC","1755 Park Street Ste 200","Naperville","Du Page","60563","Danny Vassall","(630) 791-3833","3002138","2026-09-30T00:00:00.000"
"Seraphic Home Health LLC","4554 North Broadway Street, Suite 218","Chicago","Cook","60640","Bonaventure Ogu","(773) 554-4700","3002697","2026-12-31T00:00:00.000"
"Serendipity Home Healthcare, Inc.","3349 Main Street","Skokie","Cook","60076","Chukwudi Ulogo","(872) 208-5609","3001609","2026-07-31T00:00:00.000"
"Service In Bloom, Inc.","200 E Randolph St Ste 5100-10","Chicago","Cook","60601","Damita McCoy","(312) 391-5480","3001117","2026-12-31T00:00:00.000"
"Settle Healthcare LLC - DBA Visiting Angels Plainfield","24014 W. Renwick Road, Suite 100","Plainfield","Will","60544","Shawn Jordan","(630) 688-6642","3003085","2027-02-28T00:00:00.000"
"Seva Senior Home Care Services LLC","776 S Route 59, Ste 162","Naperville","Du Page","60540","Ramesh Nair","(331) 457-5084","3002063","2026-05-31T00:00:00.000"
"SH Entreprises, LLC - DBA SHS Chicago Metro North","4750 N Sheridan Road, Suite 433","Chicago","Cook","60640","Sylvie Hutchings","(312) 526-3666","3001283","2026-09-30T00:00:00.000"
"Shah-Ni-4 Inc - DBA Prime Careline Home Care Agency","4354 North Central Ave","Chicago","Cook","60634","Hanifah Daragangan","(224) 251-8432","3002418","2026-08-31T00:00:00.000"
"Shalom Home Health Care Inc.","3601 West Devon Avenue","Chicago","Cook","60659","Adebusola Adetunji","(773) 961-7210","3002317","2026-04-30T00:00:00.000"
"Shay Nursing Services, Inc. - DBA Crystal Home Care","2720 S River Road Suite 150","Des Plaines","Cook","60018","Alyssa Nickell","(708) 535-4300","3002890","2027-01-31T00:00:00.000"
"Sheepdogs Care Inc. - DBA Synergy Homecare","7326 North University","Peoria","Peoria","61614","Shad Sleeth","(309) 222-8656","3002325","2026-06-30T00:00:00.000"
"Shemanske, Inc. - DBA Elara Caring IV","18501 Maple Creek Dr, Ste 900B","Tinley Park","Cook","60477","Victoria Hollister","(708) 535-6690","3001292","2027-03-31T00:00:00.000"
"Sherman Personal Services, INC. - DBA FirstLight HomeCare NE McHenry County, IL","5435 Bull Valley Road","McHenry","Mc Henry","60050","Sandra Sherman","(224) 888-2662","3001099","2027-03-31T00:00:00.000"
"Shifa Home Care Inc","201 E Army Trail Rd","Bloomingdale","Kane","60108","Mohammad Ali","(847) 648-7075","3001940","2027-01-31T00:00:00.000"
"Shiloh Healthcare Services Inc.","837 E 162nd St, Ste 1","South Holland","Cook","60473","Adewunmi Sholeye","(708) 566-1143","3001344","2026-08-31T00:00:00.000"
"Shirette's In Home-Care, LLC","3526 North California Ave. Suite 100B","Peoria","Peoria","61603","Shirette Williams","(309) 669-6504","3002180","2026-12-31T00:00:00.000"
"Shreeji Homecare, LLC - DBA MSM Homecare Agency","800 Roosevelt Rd","Glen Ellyn","Du Page","60137","Shveta Patel","(847) 957-7880","3002649","2026-05-31T00:00:00.000"
"SHS of Fox Valley, LLC - DBA Seniors Helping Seniors of Fox Valley","328 W. Wilson St.","Batavia","Kane","60510","Michael Cobb","(630) 937-4246","3001936","2027-03-31T00:00:00.000"
"SHS Senior Care, Inc.","259 Robinson Lane","Westmont","Du Page","60559","Daniel Rattary","(630) 324-6086","3000584","2026-09-30T00:00:00.000"
"Signature Home Healthcare LLC - DBA ComForCare Northwest Cook County","1400 Renaissance Dr.","Park Ridge","Cook","60068","Omolaoye Olatunde","(847) 823-0800","3002753","2026-07-30T00:00:00.000"
"Signature Homecare Services, Inc. - DBA At Home Quality Care-Morris","519 N. Franklin Street","Morris","Grundy","60450","Abi Boxwalla","(815) 942-1256","3000851","2026-06-30T00:00:00.000"
"Silver Lining Homecare Inc.","3100 Dundee Rd.","Northbrook","Cook","60062","Svetlana Ananich","(888) 628-6100","3002803","2026-12-31T00:00:00.000"
"Silver Spring Home Caregivers LLC","7330 W College Drive","Palos Heights","Cook","60463","Bailanie Habrelewicz","(708) 968-0072","3002422","2026-05-31T00:00:00.000"
"Simsult Care LLC","5876 N Lincoln Ave, Suite 222","Chicago","Cook","60659","Mojisola Lugboso","(872) 258-7655","3002250","2026-05-31T00:00:00.000"
"Smile and Love LLC","4050 N Lincoln Avenue","Chicago","Cook","60618","Patrick Souter","(847) 259-8767","3001251","2026-11-30T00:00:00.000"
"Snug and Comfort Home Care LTD.","1745 Naperville Road, Suite 105","Wheaton","Du Page","60189","Pamela Brogan-Mirabile","(630) 597-6557","3001524","2027-03-31T00:00:00.000"
"Soft Hands Homecare Services, LLC","1310 N. Whitewater Ln.","Palatine","Cook","60074","Elon Nabatanzi","(224) 698-0441","3002590","2027-02-28T00:00:00.000"
"Solid Source Healthcare Resources LLC","1027 Clinton St","Ottawa","La Salle","61350","Dontae Greenfield","(815) 324-9396","3000691","2026-12-31T00:00:00.000"
"Solidex Group LLC - DBA Solidex Home Healthcare Services","7358 N Lincoln Ave.","Lincolnwood","Cook","60712","AbiodunToriola","(872) 249-9191","3002007","2027-04-30T00:00:00.000"
"SoulfulSpace Home Health Inc","27475 Ferry Rd","Warrenville","Du Page","60555","Dessie Jones","(630) 717-2745","3002840","2027-01-31T00:00:00.000"
"South Michigan Ave Investments, LLC - DBA Home Helpers 58363","4905 Main Street","Downers Grove","Du Page","60515","Ralph Johnson Jr.","(630) 515-1185","3002518","2026-07-31T00:00:00.000"
"Spoon River Home Health Service, Inc.","48 N. East Street","Farmington","Fulton","61531","Mary Ericson","(309) 245-0720","3000587","2027-04-30T00:00:00.000"
"Spring Home Healthcare Inc","2622 W Peterson Ave, Suite 6","Chicago","Cook","60659","Oluwabukola Oyaowe","(773) 654-6178","3002087","2026-10-31T00:00:00.000"
"Spring Meadows Home Health Care","125 Fairfield Way, Ste 105","Bloomingdale","Du Page","60108","Andre L Brown","(847) 641-5132","3002267","2026-07-31T00:00:00.000"
"Springfield IL Homecare, LLC - DBA Visiting Angels of Springfield","2731 S Macarthur Ste 201","Springfield","Sangamon","62704","Kassey Miller","(217) 568-6308","3001655","2027-03-31T00:00:00.000"
"SSE Care, LLC","5400 Caseyville","East St. Louis","St Clair","62204","William Nicholson","(618) 215-1002","3002609","2026-10-31T00:00:00.000"
"SSJ Care, LLC - DBA At Home Care Now","2011 Rock St., Unit B","Peru","La Salle","61354","Angela Dahl","(815) 554-9030","3002545","2026-07-31T00:00:00.000"
"Staff Providers, Inc.","9225 Waukegan Road","Morton Grove","Cook","60053","Vallejo, Lucia Nora","(847) 298-8869","3000402","2027-02-28T00:00:00.000"
"Staffing Consultants, INC. - DBA SCI Home Care","3709 N Elston Ave, Suite 1","Chicago","Cook","60618","MariLou Reyes Celicious","(773) 733-0772","3000444","2026-05-31T00:00:00.000"
"Standard Home Care, Inc","123 E Lake St., Ste 102","Bloomingdale","Du Page","60108","Syed A Hussaini","(630) 246-3000","3002005","2027-03-31T00:00:00.000"
"Stay At Home With Care, LLC","4806 N Prospect Rd","Peoria Heights","Peoria","61616","Holly J Griffin","(309) 712-7995","3001938","2026-12-31T00:00:00.000"
"Suburban Home Care, Inc.","5111 Main Street, Suite 200","Downers Grove","Du Page","60515","William Remiyas","(630) 964-9000","3000527","2026-06-30T00:00:00.000"
"Sugar Home Health, LLC","600 Holiday Plaza","Matteson","Cook","60443","Erica Robinson","(312) 924-1831","3002055","2026-05-31T00:00:00.000"
"Sukoon Services LLC - DBA Sukoon Home Care","432 Stonewater Lane","Oswego","Kendall","60543","Nahian Chowdhury","(646) 341-7959","3002874","2027-03-31T00:00:00.000"
"Sunflower Haven Inc.","5113 S Harper St","Chicago","Cook","60615","Pamela McDaniels","(844) 734-2836","3001860","2026-11-30T00:00:00.000"
"Superb Home Care Corporation","2210 Westview Dr","Des Plaines","Cook","60018","Reynaldo Gobenciong","(847) 803-8873","3001106","2026-06-30T00:00:00.000"
"Superior Home Care Service LLC","6200 N. Hiawatha Ave, Ste 250","Chicago","Cook","60646","Jasna Vojinovic","(866) 800-9615","3001892","2026-07-31T00:00:00.000"
"Supreme Health Services LLC","575 N. Falls Circle","Pingree Grove","Cook","60140","Adenike Oshin","(224) 454-5529","3002411","2025-08-31T00:00:00.000"
"Sweet Homes Health Care  LLC","5320 W. 159th Street, Suite 500","Oak Forest","Cook","60452","Edwinner Joyner","(708) 316-2378","3001977","2026-11-30T00:00:00.000"
"Sweet Love Home Care Agency Inc.","17066 South Park Ave.","South Holland","Cook","60473","Felicite Foster","(708) 913-4003","3001538","2027-03-31T00:00:00.000"
"Sycamore Oasis Corporation","4055 S Route 59, Suite 100","Naperville","Du Page","60564","Oluwatosin Omisore","(773) 609-8856","3002348","2027-01-31T00:00:00.000"
"Tasha Special Touch Kare LLC","1002 N. Highlands Dr.","Urbana","Champaign","61801","Tasha Brandon","(217) 974-4511","3002397","2026-05-31T00:00:00.000"
"TBF Care Services Inc.","9150 North Crawford Ave, Unit L-1","Skokie","Cook","60079","Takala Fomond","(224) 548-0767","3002359","2027-02-28T00:00:00.000"
"TeamLife Health Group, LLC","55 S Green St #338","Palatine","Cook","60067","Lisa Stewart","(872) 335-9191","3001614","2026-05-31T00:00:00.000"
"Tee Home Care, Inc. - DBA Integrity Senior Care","16310 S. Lincoln Highway Unit 106","Plainfield","Will","60586","Brenda Ericson","(815) 609-1122","3000501","2026-07-31T00:00:00.000"
"Tender Loving Care Inc. Illinois","503 S. Weber Rd, Suite 203, Unit B","Bolingbrook","Will","60490","Tsimba Malonga","(630) 796-0572","3002626","2026-05-31T00:00:00.000"
"Tender Loving Touch At Home LLC","677 Maple Dr","Streamwood","Cook","60107","Gilbert Robles","(630) 508-5807","3001816","2026-09-30T00:00:00.000"
"The Beginning Home Care LLC","110 South Hager Ave.","Barrington","Cook","60010","Gift Nankamba","(312) 678-7902","3002200","2026-06-30T00:00:00.000"
"The Blessed Home Care Inc","5045 Warren Street, 1F","Skokie","Cook","60077","Gerard Pananiban","(224) 300-0654","3002244","2026-07-31T00:00:00.000"
"The British Home for Retired Men and Women - DBA Cantata At Home","8700 W 31st Street","Brookfield","Cook","60513","Kevin Heraty","(708) 485-2047","3000248","2027-02-28T00:00:00.000"
"The Concierge Care Group LLC","17920 Glen Oak Ave","Lansing","Cook","60438","Krystal Goins","(773) 794-2338","3002797","2026-12-31T00:00:00.000"
"The Evangelical Lutheran Good Samaritan Society - DBA Good Samaritan Society - Services@Home","3111 Avenue of the Cities","Moline","Rock Island","61265","Michelle Peve","(309) 736-7414","3001093","2026-12-31T00:00:00.000"
"The Garlands of Barrington LLC - DBA Garlands Homecare Solutions","1000 Garlands Lane","Barrington","Lake","60010","Ashley Garcia","(847) 756-3300","3000996","2027-03-31T00:00:00.000"
"The Home Care Resource, Inc","700 Commerce Dr Ste 500","Oakbrook","Du Page","60523","Julieta Quijano","(630) 632-3338","3001881","2026-07-31T00:00:00.000"
"The Immaculate LLC","2124 S Halsted, Floor 1","Chicago","Cook","60608","AFEEZ O IDOWU","(312) 585-7400","3002653","2026-07-31T00:00:00.000"
"The Right Choice Home Care, LLC","19350 S Harlem Ave, Suite 101","Frankfort","Will","60423","Sharon Newman","(866) 799-5955","3001430","2026-10-31T00:00:00.000"
"TheKey of Illinois, LLC","1300 West Higgins Road","Park Ridge","Cook","60068","Diane Mockenhaupt","(847) 853-7777","3002311","2026-05-31T00:00:00.000"
"Throne of Grace Home Care LLC","21861 W. Kentwood Dr.","Plainfield","Will","60544","Chinwe Bekee","(815) 909-4180","3002814","2027-01-31T00:00:00.000"
"Thuta Healthcare Services LLC","2506 Galen Drive, Suite #106","Champaign","Champaign","61820","Hilda Mkwezalamba","(217) 803-0348","3002216","2026-06-30T00:00:00.000"
"Tifeo Home Healthcare Services, LLC","117 E Palatine Rd, Ste 103","Palatine","Cook","60067","Adeniyi C. Ademoyo","(224) 488-4336","3002647","2026-07-31T00:00:00.000"
"Tiger Healthcare,LLC - DBA BrightStar Healthcare of Will County","9501 West 144th Place, Suite 302","Orland Park","Cook","60462","James Logan","(708) 226-5100","3000406","2027-03-31T00:00:00.000"
"Time for an Audible, Inc. - DBA Amada Senior Care - Barrington","303 N Northwest Highway","Barrington","Lake","60010","Daniel P. Clifford","(847) 503-0028","3001589","2026-11-30T00:00:00.000"
"TLC at Home LLC","743 S. Eighth St, Suite 205","Dundee","Kane","60118","Cory Crenshaw","(224) 290-3824","3002294","2026-09-30T00:00:00.000"
"TLC HomeCare Services Inc","205 N. Division","Carterville","Williamson","62918","Brad Beasley","(618) 227-0155","3001754","2027-03-31T00:00:00.000"
"TLJ Enterprises, Incorporated - DBA Home Helpers of Northeastern Illinois","1640 Elk Blvd","Des Plaines","Cook","60016","Thomas Merlin","(847) 685-0593","3000225","2027-01-31T00:00:00.000"
"Tojek Consult and Healthcare LLC","18038 Ridgewood Avenue","Lansing","Cook","60438","Oluwatosin Ojelabi","(708) 401-4365","3002661","2026-07-31T00:00:00.000"
"Top Tier Comfort Care","2 W. Oak Street","Lake in the Hills","Mc Henry","60156","Tamika Parker","(630) 296-7757","3002642","2026-08-31T00:00:00.000"
"Top Tier Homecare Services LLC","7161 N. Cicero Ave.","Lincolnwood","Cook","60712","Ninwa Decker","(847) 779-3904","3002862","2027-03-31T00:00:00.000"
"Toyinka Homecare LLC","7946 Laramie Avenue","Burbank","Cook","60459","Oluyinka Babadiya","(708) 298-8363","3002869","2027-01-31T00:00:00.000"
"Transition Care Home Assist LLC - DBA KRS Homecare Services","1834 Walden Offiec Square","Schaumburg","Cook","60173","Vincent Ladero","(847) 208-8593","3001608","2026-08-31T00:00:00.000"
"Treasure Home Care, Inc.","15 South East Avenue","Aurora","Kane","60505","Olubukola Ajiboye","(630) 566-9093","3001591","2026-04-30T00:00:00.000"
"Tribute Home Care, LLC","5550 W Touhy Ave, 401","Skokie","Cook","60077","Carrie Faerber","(773) 840-7400","3002155","2026-09-30T00:00:00.000"
"Trinity Care Providers, Inc","925 N Plum Grove Rd., Ste. C","Schaumburg","Cook","60173","Foluke Akinosun","(630) 717-5195","3001646","2026-04-30T00:00:00.000"
"Trinity Home Care Solutions, Inc.","9933 Lawler Ave Suite 206 C","Skokie","Cook","60077","Geraldine Hernandez","(847) 423-5223","3002636","2026-11-30T00:00:00.000"
"Triple M Health Services, Inc.","3525 West Peterson Ave","Chicago","Cook","60659","Sharafadeen O. Soyege","(773) 654-3445","3001472","2026-05-31T00:00:00.000"
"Triple TTT LLC","3550 W. Peterson, Suite 300","Chicago","Cook","60659","Aina Adegbemi","(224) 935-0655","3002045","2025-07-31T00:00:00.000"
"Tri-Star Home Care LTD","1632 Gleneagle Dr.","Carpentersville","Kane","60110","Aloun Khotisene","(312) 899-6469","3002708","2026-09-30T00:00:00.000"
"TruAccess Home Care LLC","705 Howard Ave","Des Plaines","Cook","60018","Edna Jaboni","(312) 479-0064","3002722","2027-03-31T00:00:00.000"
"True Family Home Care, Inc.","175 Olde Half Day Rd.","Lincolnshire","Lake","60069","Josephine Lenore Manuel","(847) 243-8919","3002892","2027-03-31T00:00:00.000"
"Truelife Home Health Care, Inc","4747 Lincoln Mall Dr Ste 240","Matteson","Cook","60443","Joyce Bassey","(708) 469-4492","3002020","2027-01-31T00:00:00.000"
"Tusks Enterprises Inc - DBA Assisting Hands Home Care - Fox Valley South","115 Flinn Street, Suite A","Batavia","Kane","60510","Angella Morris","(630) 454-4880","3001476","2026-12-31T00:00:00.000"
"TYN Homecare Services Inc.","855 E. Golf Rd, Unit 2125","Arlington Heights","Cook","60005","Ana Sawicki","(847) 873-7539","3001400","2027-03-31T00:00:00.000"
"UC-Cares Home Health Services, LLC","684 W Boughton Rd Ste 205","Bolingbrook","Will","60440","Uche O. Ohale","(630) 225-7231","3001016","2026-07-31T00:00:00.000"
"UCCT CORP","130 N Bloomingdale Rd.","Bloomingdale","Du Page","60108","Ada Oguejiofor","(224) 659-1993","3001665","2026-06-30T00:00:00.000"
"Uchange Inc.","1406 Park Avenue","Chicago Heights","Cook","60411","Angela Ikpeama","(708) 898-0196","3002262","2026-07-31T00:00:00.000"
"Ultra Home HealthCare INC","5901 N Cicero Ave, Ste 309","Chicago","Cook","60646","Omolola Asielue","(773) 657-3728","3002213","2027-01-31T00:00:00.000"
"Unicolive Home Healthcare Services Inc","9255 S. Pulaski Road","Evergreen Park","Cook","60805","Stealla O Johnson","(773) 949-7137","3002808","2026-12-31T00:00:00.000"
"United Energy Workers Healthcare, LLC","611 East Fifth Street","Metropolis","Massac","629660","Laura Griffith","(618) 309-6080","3001841","2026-07-31T00:00:00.000"
"United Methodist Village Retirement Communities, INC. - DBA Asbury Village","5201 Asbury Avenue","Godfrey","Madison","62035","Shannon Dey","(618) 467-0191","3002305","2026-07-31T00:00:00.000"
"United Senior Services, Inc.","2425 75th St","Woodridge","Du Page","60517","Victoria Swan","(630) 746-6221","3000485","2027-03-31T00:00:00.000"
"United Vision Healthcare Services, LLC","75 Executive Drive, Suite 319","Aurora","Du Page","60504","Ferdinand Akontai","(630) 449-2186","3002548","2026-11-30T00:00:00.000"
"Universal Industries, Inc","505 N Roselle Rd","Roselle","Du Page","60172","Santosh Kumar","(847) 306-7606","3001676","2026-07-31T00:00:00.000"
"Universum Care, LLC","4652 N Orange Ave","Norridge","Cook","60706","Rashid Ismailov","(773) 807-9450","3002047","2026-07-31T00:00:00.000"
"Unri Home Care Services, Inc. - DBA All Your Needs Home Care, Inc.","1620 Pebblewood Lane, Suite 232","Naperville","Du Page","60563","Marilou J Dangalan","(630) 210-8484","3000887","2026-11-30T00:00:00.000"
"Urban Senior Care  LLC - DBA MHN Home Care","7619 South Jeffrey Blvd., Unit 1","Chicago","Cook","60649","Emmanuel Tandong","(773) 332-9568","3002769","2026-05-31T00:00:00.000"
"USA Homecare Plus, LLC","26051 S Countyfair Dr","Monee","Will","60449","Christopher Christian","(312) 608-6772","3001628","2027-03-31T00:00:00.000"
"VALIANT CARE OF ILLINOIS LLC","8239 ARCHER AVE.","WILLOW SPRINGS","Cook","60480","JOSEPH SALAZAR","(312) 858-0373","3002762","2026-09-30T00:00:00.000"
"Valiant Hearts Home Care LLC","1821 Walden Office Square","Schaumburg","Cook","60173","Sherwin Ramos","(847) 881-4648","3002821","2026-12-31T00:00:00.000"
"Vanderbilt Home Care Corp. - DBA Senior Helpers of Elmwood Park","1807 N Harlem Ave","Chicago","Cook","60707","Jacqueline Vanderbilt","(708) 477-3033","3002382","2027-01-31T00:00:00.000"
"VCARE LLC","952 E Roosevelt Road","West Chicago","Du Page","60185","Ramla Sheriff","(847) 893-0329","3002401","2027-01-31T00:00:00.000"
"Victoria's Angels Home Care, INC.","635 Birchwood Ave","Des Plaines","Cook","60018","Victoria Marban","(847) 922-5718","3002384","2026-04-30T00:00:00.000"
"Victorious Home Health Care Limited","414 Dixie Highway","Chicago Heights","Cook","60411","Virginia Ebiringah","(815) 464-9201","3000751","2026-06-30T00:00:00.000"
"Victory G Home Services Corporation","101 Royce Rd, Ste 17","Bolingbrook","Will","60440","Geraldine Gaden","(630) 299-9446","3001631","2027-03-31T00:00:00.000"
"Victory Home Care Services, Inc.","108 W Husseman","Roanoke","Woodford","61561","Carole Jensen","(309) 306-2429","3001777","2027-04-30T00:00:00.000"
"Villa Holistic Caregivers, LLC","4001 W Devon Ave, Ste 412","Chicago","Cook","60646","Mwenya Mulenga","(773) 657-3653","3001682","2026-05-31T00:00:00.000"
"Villa St. Benedict","1920 Maple Ave","Lisle","Du Page","60532","Nora Silva","(630) 725-7000","3001122","2026-08-31T00:00:00.000"
"Village Caregiving LLC","219 N Main St","Port Byron","Rock Island","61275","Matthew Walker","(309) 850-1334","3002258","2027-03-31T00:00:00.000"
"Village Caregiving LLC","412 N. 24th Street","Quincy","Adams","62301","Janelle McClaine","(217) 640-0823","3002577","2027-01-31T00:00:00.000"
"Village Caregiving, LLC","4503 W. DeYoung St.","Marion","Williamson","62959","Jamie Melcher","(618) 694-5133","3002815","2026-10-31T00:00:00.000"
"Village Senior Care LTD. - DBA Private Home Care Group","7900 North Milwaukee Avenue 2-25","Niles","Cook","60714","Mario Tucker","(847) 779-3352","3002228","2026-11-30T00:00:00.000"
"Vintage Healthcare Services Inc","20300 Governors Highway","Olympia Fields","Cook","60461","Oliver Akano","(630) 517-0191","3002084","2027-03-31T00:00:00.000"
"Virtue Home Care Inc.","15545 S 71ST CT STE 202","ORLAND PARK","Cook","60642","Ganiat Bello","(630) 674-2519","3001441","2026-12-31T00:00:00.000"
"Vision Home Care LLC","9933 Lawler Ave, Suite 425-A","Skokie","Cook","60077","Samit Ansari","(773) 312-2385","3002767","2026-10-31T00:00:00.000"
"Vita Health Care S.C.","342 Anthony Trail","Northbrook","Cook","60062","Marya Serdukova","(877) 968-6388","3002522","2026-12-31T00:00:00.000"
"VitaCare Home Services","4214 N. Ottawa Avenue","Norridge","Cook","60706","Jon Rey Donghit","(773) 263-1955","3002645","2026-04-30T00:00:00.000"
"Vitaltouch Health Network, Inc.","3325 W.  183rd St, Suite B","Homewood","Cook","60430","Ifeanyichukwu Ezurike","(708) 898-8831","3002665","2026-09-30T00:00:00.000"
"Viva Health, Inc.","7444 W Wilson Ave,","Harwood Heights","Cook","60706","Jeremiah Nuestro","(847) 721-0406","3001922","2026-10-31T00:00:00.000"
"VNA Health Care, An Illinois Not-For-Profit Corporation","400 N. Highland Avenue","Aurora","Kane","60506","Linnea Windel","(630) 892-4355","3002515","2026-10-31T00:00:00.000"
"Voyage Management Services, Inc - DBA Caring Senior Service of Galesburg","235 E Main St Unit B","Galesburg","Knox","61401","Jennifer Chandler","(309) 228-2224","3001011","2026-12-31T00:00:00.000"
"Walks of Life Home Care Services, LLC","4200 Commerce Ct, Ste 300","Lisle","Du Page","60532","Stephanie Bradshaw","(815) 242-1556","3002738","2026-09-30T00:00:00.000"
"Water Tower Nursing & Home Care, Inc.","845 N. Michigan Ave., Suite 902 W","Chicago","Cook","60611","Mark Paley","(312) 280-4980","3000708","2027-04-30T00:00:00.000"
"Wayne Thomas Walker, Inc. - DBA Home Instead 299","2321 Country Rd.","Belleville","St Clair","62221","Aimee Moreland","(618) 234-7640","3000178","2027-02-28T00:00:00.000"
"We Care Enterprise LLC - DBA We Care Services","208 Fairmont Ave","Lockport","Will","60441","Noel Garrett","(815) 325-4513","3002654","2026-09-30T00:00:00.000"
"We Care for you Nursing Agency - DBA We Care For You Nursing Agency","304 Woodlock St.","Ingleside","Lake","60041","Dorothy Conner","(847) 693-8669","3002691","2026-08-31T00:00:00.000"
"We Care Hospice Services Co.","5360 Fargo Ave","Skokie","Cook","60077","Dawn M Wagner","(847) 679-4387","3001191","2027-02-28T00:00:00.000"
"WEICARE Inc.","2300 Barrington Road, Suite 400","Hoffman Estates","Cook","60169","Analiza Legaspi","(815) 893-9323","3001809","2026-09-30T00:00:00.000"
"Wellspring Healthcare Services, Inc.","3590 Hobson Rd,","Woodridge","Du Page","60517","Richard Shroyer","(630) 968-7777","3000103","2026-08-31T00:00:00.000"
"Wellspring Safety Net Systems Inc. - DBA Wellspring Personal Care","125 N. Halsted St., Suite 303","Chicago","Cook","60661","Sheila McMackin","(312) 648-1565","3000167","2027-01-31T00:00:00.000"
"Wesley Village, Incorporated - DBA Wesley Home Health","1200 E. Grant","Macomb","Mc Donough","61455","Ashley Loven","(309) 833-2613","3000349","2027-04-30T00:00:00.000"
"Western Illinois Managed Home Service, Inc.","1197 N Henderson St. Suite #1","Galesburg","Knox","61401","Amanda Newman","(309) 342-3516","3000378","2027-02-28T00:00:00.000"
"Westminster Village Inc.","2025 Lincoln St.","Bloomington","Mc Lean","61701","Matt Riehle","(309) 663-6474","3002556","2026-12-31T00:00:00.000"
"Wetters & Associates, Inc - DBA Right At Home","133 S. Batavia Ave.","Batavia","Kane","60510","Kathy Wetters","(630) 879-1965","3000137","2026-10-31T00:00:00.000"
"Wholesome Healing Healthcare Inc.","1365 Kenilworth Dr.","Calumet City","Cook","60409","Olalekan Ahmed","(708) 801-9848","3002412","2026-08-31T00:00:00.000"
"Whoo's Caring, Inc","9651 West 153rd St, Suite 51","Orland Park","Cook","60462","Andrew J Whooley","(708) 361-7845","3001840","2026-09-30T00:00:00.000"
"Wisdom Homecare Services, LLC","747 N Church Rd, Ste C-3","Elmhurst","Du Page","60126","Gina LaPalio-Lakin","(630) 530-2868","3001867","2026-11-30T00:00:00.000"
"Women's Association Forum, Inc.","1610 Linden Street","Des Plaines","Cook","60018","Mubeena Mujeeb","(224) 217-5225","3002563","2026-09-30T00:00:00.000"
"Wonder Grace Health Care LLC - DBA Wonder Grace Care","12634 Skeels St.","Huntley","Mc Henry","60142","Angelica Chavez","(815) 900-8813","3002829","2026-10-31T00:00:00.000"
"WWR Home Care, LLC - DBA Open Arms Solutions","4331 N Sheridan Rd","Chicago","Cook","60640","Michael Robison","(847) 272-4997","3002687","2026-04-30T00:00:00.000"
"Xilin Association","1163 E. Ogden Ave.","Naperville","Du Page","60563","Linda Yang","(630) 355-4322","3002387","2026-04-30T00:00:00.000"
"YAAR LLC - DBA Firstlight Home Care of Oakbrook/Hinsdale","3030 Warrenville Rd.","Lisle","Du Page","60532","Ashutoshkumar Patel","(630) 465-2421","3002779","2026-11-30T00:00:00.000"
"Yinkaz Home Healthcare Services, LLC","3525 West Peterson Avenue","Chicago","Cook","60659","Falilu Ijaola","(773) 899-0620","3002625","2026-05-31T00:00:00.000"
"Your Care Network Inc","5250 Old Orchard Road","Skokie","Cook","60077","Jocelyn Poe","(773) 996-3458","3002368","2026-09-30T00:00:00.000"
"Your Loving Family Enterprise Inc.","819 Brompton Lane","Bolingbrook","Du Page","60440","Loretta Arbatauskas","(630) 926-6017","3002471","2026-08-31T00:00:00.000"
"Yvonnes Home Care Agency LLC","1020 Cedar Ave","St Charles","Kane","60174","Yvonne Herzoff","(847) 737-1919","3001588","2027-02-28T00:00:00.000"
"Zayan, LLC - DBA ActiveCare Home Care","1420 Renaissance Dr Ste 211","Park Ridge","Cook","60068","Marisa Pavone","(847) 380-7644","3001142","2026-07-31T00:00:00.000"
"ZemZem Homecare Services, LLC","4001 Devon Ave, Suite 328","Chicago","Cook","60646","ZemZem Mahmoud","(312) 437-2718","3002512","2026-04-30T00:00:00.000"
"Zenith Home Health Care Inc. - DBA Zenith Home Health Care Inc.","3553 W. Peterson Ave.","Chicago","Cook","60659","Osarumen Ivy Paul","(773) 234-3117","3003058","2026-09-30T00:00:00.000"
"Zinadum LLC","1603 Orrington Ave, Ste 600","Evanston","Cook","60201","Blessing Jim Wiwa","(847) 563-2343","3001901","2026-12-31T00:00:00.000"
"Zoe Healthcare Services, LLC","706 Oglesby Ave., Suite 114a","Normal","Mc Lean","61761","Doreen Tetteh-Kwao","(309) 434-8829","3002603","2027-04-30T00:00:00.000"
