dataset,native_identifier,existing_source_system,existing_native_identifier,existing_entity_id,match_method,attached_evidence_rows
CA_PENALTY_EVIDENCE,010000001,ca-cdph-healthcare-facility-locations,010000001,93771dbe-7769-4326-a427-7dbf7b5fb2e5,EXACT_FACID,26
CA_PENALTY_EVIDENCE,010000003,ca-cdph-healthcare-facility-locations,010000003,42930cc2-ad07-40ab-82fe-9c65c666094a,EXACT_FACID,36
CA_PENALTY_EVIDENCE,010000004,ca-cdph-healthcare-facility-locations,010000004,332d530c-56f6-4624-9185-bdb1bf12da9c,EXACT_FACID,16
CA_PENALTY_EVIDENCE,010000005,ca-cdph-healthcare-facility-locations,010000005,5b7d998c-62ff-4809-abc5-45ba4972529e,EXACT_FACID,43
CA_PENALTY_EVIDENCE,010000024,ca-cdph-healthcare-facility-locations,010000024,3fcf25c9-0deb-4820-972c-5412738210de,EXACT_FACID,36
CA_PENALTY_EVIDENCE,010000026,ca-cdph-healthcare-facility-locations,010000026,589d324c-e3ba-4237-9e3f-3df680fa9407,EXACT_FACID,32
CA_PENALTY_EVIDENCE,010000028,ca-cdph-healthcare-facility-locations,010000028,4b370b8b-5281-43a8-83b1-680ef62122bb,EXACT_FACID,26
CA_PENALTY_EVIDENCE,010000033,ca-cdph-healthcare-facility-locations,010000033,062d2804-7185-47b0-9f5d-3676eb130187,EXACT_FACID,16
CA_PENALTY_EVIDENCE,010000034,ca-cdph-healthcare-facility-locations,010000034,f062c1c5-47a5-4589-b35d-6aa6b23b0676,EXACT_FACID,24
CA_PENALTY_EVIDENCE,010000037,ca-cdph-healthcare-facility-locations,010000037,b24b64f8-ee3d-4cb4-ab4a-f3db8ccf6e30,EXACT_FACID,16
CA_PENALTY_EVIDENCE,010000043,ca-cdph-healthcare-facility-locations,010000043,1fd7d73b-c491-4bbf-bd4c-70b33d7419c6,EXACT_FACID,30
CA_PENALTY_EVIDENCE,010000047,ca-cdph-healthcare-facility-locations,010000047,0912a993-2c2b-479c-a629-5485a501a10b,EXACT_FACID,16
CA_PENALTY_EVIDENCE,010000052,ca-cdph-healthcare-facility-locations,010000052,62b87107-e9d4-4d23-b63d-3c1dd39e9c64,EXACT_FACID,5
CA_PENALTY_EVIDENCE,010000059,ca-cdph-healthcare-facility-locations,010000059,71216d77-fc81-4158-83f0-a08c43399905,EXACT_FACID,5
CA_PENALTY_EVIDENCE,010000060,ca-cdph-healthcare-facility-locations,010000060,78eb1077-7cb4-40d9-9ded-7a2ae3dae4f8,EXACT_FACID,31
CA_PENALTY_EVIDENCE,010000062,ca-cdph-healthcare-facility-locations,010000062,0d32768e-6e3b-44b7-be23-1a337f28068a,EXACT_FACID,22
CA_PENALTY_EVIDENCE,010000066,ca-cdph-healthcare-facility-locations,010000066,8463daf7-940c-415b-b569-906d129863b7,EXACT_FACID,25
CA_PENALTY_EVIDENCE,010000075,ca-cdph-healthcare-facility-locations,010000075,92368daa-d818-4740-a12a-53b66a5d139b,EXACT_FACID,12
CA_PENALTY_EVIDENCE,010000076,ca-cdph-healthcare-facility-locations,010000076,96c3ed38-a9f7-484b-b6d9-c7ee4b3d35df,EXACT_FACID,5
CA_PENALTY_EVIDENCE,010000078,ca-cdph-healthcare-facility-locations,010000078,f42d3518-b79d-4997-b285-1d51c871c258,EXACT_FACID,51
CA_PENALTY_EVIDENCE,010000079,ca-cdph-healthcare-facility-locations,010000079,44b6dfea-d78e-4be0-8a35-1a4fdbcdc620,EXACT_FACID,2
CA_PENALTY_EVIDENCE,010000080,ca-cdph-healthcare-facility-locations,010000080,389532f2-4895-4916-aa79-62e3e7e6f186,EXACT_FACID,15
CA_PENALTY_EVIDENCE,010000082,ca-cdph-healthcare-facility-locations,010000082,a18b182b-a35a-48f4-8402-3f0da28fa632,EXACT_FACID,39
CA_PENALTY_EVIDENCE,010000208,ca-cdph-healthcare-facility-locations,010000208,8d469516-c443-4784-834b-5b69afb24c5c,EXACT_FACID,6
CA_PENALTY_EVIDENCE,010000936,ca-cdph-healthcare-facility-locations,010000936,33130dfa-b6d7-4619-93d6-dc600d603839,EXACT_FACID,14
CA_PENALTY_EVIDENCE,010000938,ca-cdph-healthcare-facility-locations,010000938,7c76990c-a2a2-40c5-aff0-b54ee7ca3040,EXACT_FACID,15
CA_PENALTY_EVIDENCE,010000940,ca-cdph-healthcare-facility-locations,010000940,9b3c1afa-6f11-4902-a905-802a0087abc6,EXACT_FACID,60
CA_PENALTY_EVIDENCE,010000949,ca-cdph-healthcare-facility-locations,010000949,b823bb62-f8a0-4e37-b217-9b4f7688ca50,EXACT_FACID,52
CA_PENALTY_EVIDENCE,010000959,ca-cdph-healthcare-facility-locations,010000959,563fd433-eb06-4929-a395-e1e1c52e01b7,EXACT_FACID,7
CA_PENALTY_EVIDENCE,010000968,ca-cdph-healthcare-facility-locations,010000968,3026cc18-d116-49e4-a1e0-fddd748364f1,EXACT_FACID,34
CA_PENALTY_EVIDENCE,010000980,ca-cdph-healthcare-facility-locations,010000980,e74b6c8b-9001-40f2-b349-eded035d746d,EXACT_FACID,24
CA_PENALTY_EVIDENCE,010000985,ca-cdph-healthcare-facility-locations,010000985,bd395366-f8db-4382-9193-c72b0b0c71d9,EXACT_FACID,4
CA_PENALTY_EVIDENCE,010000995,ca-cdph-healthcare-facility-locations,010000995,365729e1-c9d8-4750-91b5-a743823bf6f1,EXACT_FACID,2
CA_PENALTY_EVIDENCE,010001007,ca-cdph-healthcare-facility-locations,010001007,c7195ec5-dca5-4f32-8779-99d5a1a93aa7,EXACT_FACID,15
CA_PENALTY_EVIDENCE,010001037,ca-cdph-healthcare-facility-locations,010001037,dd9f2b20-c50f-4663-9fef-1b7baf27c31e,EXACT_FACID,6
CA_PENALTY_EVIDENCE,010001140,ca-cdph-healthcare-facility-locations,010001140,494bde6e-0a9e-4433-8a8a-79de7fa976de,EXACT_FACID,12
CA_PENALTY_EVIDENCE,020000005,ca-cdph-healthcare-facility-locations,020000005,08dec6c6-99b8-4d79-b406-332d72a1bba3,EXACT_FACID,2
CA_PENALTY_EVIDENCE,020000010,ca-cdph-healthcare-facility-locations,020000010,54066965-48ed-4ae1-b63c-4ead107b713e,EXACT_FACID,8
CA_PENALTY_EVIDENCE,020000015,ca-cdph-healthcare-facility-locations,020000015,ce61af0f-6403-40c0-b853-18f1094d1d13,EXACT_FACID,1
CA_PENALTY_EVIDENCE,020000019,ca-cdph-healthcare-facility-locations,020000019,e896d9ea-ff88-4af4-8468-fef9ed98726b,EXACT_FACID,7
CA_PENALTY_EVIDENCE,020000020,ca-cdph-healthcare-facility-locations,020000020,0000cd52-f63b-4153-ae9b-6a5dd7303c61,EXACT_FACID,8
CA_PENALTY_EVIDENCE,020000026,ca-cdph-healthcare-facility-locations,020000026,ae1f133c-f9dc-4c50-aedd-b37e3b9273a7,EXACT_FACID,17
CA_PENALTY_EVIDENCE,020000028,ca-cdph-healthcare-facility-locations,020000028,f28478aa-dd82-4ebb-9cbb-a734faedf937,EXACT_FACID,2
CA_PENALTY_EVIDENCE,020000036,ca-cdph-healthcare-facility-locations,020000036,e66f6cfe-dcde-4897-953d-b6d5096b8351,EXACT_FACID,9
CA_PENALTY_EVIDENCE,020000037,ca-cdph-healthcare-facility-locations,020000037,cd79bdc1-cc52-42af-b8f4-ebfe54240391,EXACT_FACID,8
CA_PENALTY_EVIDENCE,020000039,ca-cdph-healthcare-facility-locations,020000039,856b0414-371d-47ef-a272-32adc6c3345c,EXACT_FACID,1
CA_PENALTY_EVIDENCE,020000040,ca-cdph-healthcare-facility-locations,020000040,710aa515-fe47-4a39-a42e-b9d3c4adf017,EXACT_FACID,3
CA_PENALTY_EVIDENCE,020000043,ca-cdph-healthcare-facility-locations,020000043,3e719e8c-a674-4c9c-a0ab-271ca60d0fc3,EXACT_FACID,7
CA_PENALTY_EVIDENCE,020000047,ca-cdph-healthcare-facility-locations,020000047,3338774f-3d5a-4e37-a659-a3632b4e877d,EXACT_FACID,7
CA_PENALTY_EVIDENCE,020000048,ca-cdph-healthcare-facility-locations,020000048,1c2e3082-9adf-4cc6-8555-11b23be31269,EXACT_FACID,4
CA_PENALTY_EVIDENCE,020000053,ca-cdph-healthcare-facility-locations,020000053,16853bab-5171-444c-bb7d-09241d1769d3,EXACT_FACID,6
CA_PENALTY_EVIDENCE,020000054,ca-cdph-healthcare-facility-locations,020000054,dd63c823-1b9f-4bec-8c9c-0a3e3a286a8d,EXACT_FACID,14
CA_PENALTY_EVIDENCE,020000060,ca-cdph-healthcare-facility-locations,020000060,3c9cea2e-0186-44f2-a9dc-937feefbd063,EXACT_FACID,10
CA_PENALTY_EVIDENCE,020000064,ca-cdph-healthcare-facility-locations,020000064,f06df48e-13bd-48a1-940c-c96c29348bb2,EXACT_FACID,2
CA_PENALTY_EVIDENCE,020000065,ca-cdph-healthcare-facility-locations,020000065,36c98237-9c05-4210-83a1-a87fce495a91,EXACT_FACID,12
CA_PENALTY_EVIDENCE,020000068,ca-cdph-healthcare-facility-locations,020000068,b438dfcd-a88a-4d66-a95c-923ab701d609,EXACT_FACID,5
CA_PENALTY_EVIDENCE,020000070,ca-cdph-healthcare-facility-locations,020000070,f239b978-c437-4159-9f26-ccf7ee9e2bc2,EXACT_FACID,8
CA_PENALTY_EVIDENCE,020000071,ca-cdph-healthcare-facility-locations,020000071,58b1cf76-dacf-4f36-9763-8a09b324e099,EXACT_FACID,4
CA_PENALTY_EVIDENCE,020000074,ca-cdph-healthcare-facility-locations,020000074,35ebb269-d90b-40fa-926f-6989b158b9c1,EXACT_FACID,12
CA_PENALTY_EVIDENCE,020000076,ca-cdph-healthcare-facility-locations,020000076,262d7850-b544-481c-b20c-55b8cd3052ec,EXACT_FACID,2
CA_PENALTY_EVIDENCE,020000077,ca-cdph-healthcare-facility-locations,020000077,fd0c3b53-ce6f-4b4a-8655-3aede9f9a474,EXACT_FACID,6
CA_PENALTY_EVIDENCE,020000079,ca-cdph-healthcare-facility-locations,020000079,e1435924-6881-48f1-a7ff-5afc7e134099,EXACT_FACID,12
CA_PENALTY_EVIDENCE,020000087,ca-cdph-healthcare-facility-locations,020000087,7ebe724d-dc35-4edd-9a36-d386c219fc56,EXACT_FACID,12
CA_PENALTY_EVIDENCE,020000090,ca-cdph-healthcare-facility-locations,020000090,efc55f14-ac5e-48a2-a6fc-082d857db2b8,EXACT_FACID,21
CA_PENALTY_EVIDENCE,020000091,ca-cdph-healthcare-facility-locations,020000091,712fd3f7-bac0-4f9d-8c92-577be906eac8,EXACT_FACID,8
CA_PENALTY_EVIDENCE,020000093,ca-cdph-healthcare-facility-locations,020000093,8157b032-f710-4218-872a-b7cb5d39675a,EXACT_FACID,9
CA_PENALTY_EVIDENCE,020000094,ca-cdph-healthcare-facility-locations,020000094,29a57a0a-f271-4ad0-82f6-191e6c9913be,EXACT_FACID,12
CA_PENALTY_EVIDENCE,020000099,ca-cdph-healthcare-facility-locations,020000099,b0ac8464-854e-4493-ba51-5a436dd74a13,EXACT_FACID,2
CA_PENALTY_EVIDENCE,020000100,ca-cdph-healthcare-facility-locations,020000100,de012f13-1d8c-4ef7-8b07-8829dc92a694,EXACT_FACID,3
CA_PENALTY_EVIDENCE,020000103,ca-cdph-healthcare-facility-locations,020000103,368b6ec6-90c2-4b46-9fbc-0a2e760f53ac,EXACT_FACID,10
CA_PENALTY_EVIDENCE,020000110,ca-cdph-healthcare-facility-locations,020000110,1bbc42d0-f86e-489f-ad38-b0fedc30cb75,EXACT_FACID,10
CA_PENALTY_EVIDENCE,020000111,ca-cdph-healthcare-facility-locations,020000111,ac18ec97-c752-48a3-8604-75254cd9c050,EXACT_FACID,1
CA_PENALTY_EVIDENCE,020000112,ca-cdph-healthcare-facility-locations,020000112,24d504cb-928b-4443-9b3a-97195fbc6c86,EXACT_FACID,7
CA_PENALTY_EVIDENCE,020000114,ca-cdph-healthcare-facility-locations,020000114,08e750f6-e031-4d6f-93d3-6cf2593bd703,EXACT_FACID,2
CA_PENALTY_EVIDENCE,020000115,ca-cdph-healthcare-facility-locations,020000115,dc259b0f-2802-4226-bf47-b80d63f07ed7,EXACT_FACID,12
CA_PENALTY_EVIDENCE,020000116,ca-cdph-healthcare-facility-locations,020000116,3c0ddc98-99ad-4dc5-823b-52c1edb63138,EXACT_FACID,15
CA_PENALTY_EVIDENCE,020000119,ca-cdph-healthcare-facility-locations,020000119,d1f9d65a-6a78-4da5-b878-95691aff70da,EXACT_FACID,9
CA_PENALTY_EVIDENCE,020000123,ca-cdph-healthcare-facility-locations,020000123,8261e0d7-6b01-4eeb-bff3-4e88d34455f0,EXACT_FACID,9
CA_PENALTY_EVIDENCE,020000124,ca-cdph-healthcare-facility-locations,020000124,46cea0c3-8574-4155-952e-f7a370438c97,EXACT_FACID,2
CA_PENALTY_EVIDENCE,020000125,ca-cdph-healthcare-facility-locations,020000125,ae307cc4-8975-4b4e-96ee-11e59de3b396,EXACT_FACID,10
CA_PENALTY_EVIDENCE,020000128,ca-cdph-healthcare-facility-locations,020000128,722d76a5-ced2-4cab-b0f3-1c703d0cd73d,EXACT_FACID,9
CA_PENALTY_EVIDENCE,020000132,ca-cdph-healthcare-facility-locations,020000132,f42ce432-d418-43c5-a915-8d0c70cf5e65,EXACT_FACID,9
CA_PENALTY_EVIDENCE,020000133,ca-cdph-healthcare-facility-locations,020000133,f2eadbb5-3cd9-47c7-9b74-8df1cecf349c,EXACT_FACID,18
CA_PENALTY_EVIDENCE,020000135,ca-cdph-healthcare-facility-locations,020000135,9be2a00f-2f09-4810-bdef-ec6043b2d714,EXACT_FACID,16
CA_PENALTY_EVIDENCE,020000274,ca-cdph-healthcare-facility-locations,020000274,4804db98-f971-4e61-aee1-6bad228b1d06,EXACT_FACID,11
CA_PENALTY_EVIDENCE,020000275,ca-cdph-healthcare-facility-locations,020000275,4a0c030f-1076-4aec-8b22-975fa18ab315,EXACT_FACID,15
CA_PENALTY_EVIDENCE,020000276,ca-cdph-healthcare-facility-locations,020000276,93c35921-1061-4c2e-9073-25de5ed4624a,EXACT_FACID,7
CA_PENALTY_EVIDENCE,020000277,ca-cdph-healthcare-facility-locations,020000277,8fa9827a-6db5-4caf-b4d2-4e237d44666d,EXACT_FACID,16
CA_PENALTY_EVIDENCE,020000808,ca-cdph-healthcare-facility-locations,020000808,92867d43-9d93-4392-bebc-9d64ea7fd443,EXACT_FACID,6
CA_PENALTY_EVIDENCE,020000880,ca-cdph-healthcare-facility-locations,020000880,3f79f177-c06f-457f-afa7-0d483d2b9102,EXACT_FACID,2
CA_PENALTY_EVIDENCE,020001250,ca-cdph-healthcare-facility-locations,020001250,9d3d9e88-55aa-469e-8cf2-e68fcaa75d2a,EXACT_FACID,1
CA_PENALTY_EVIDENCE,030000004,ca-cdph-healthcare-facility-locations,030000004,2ae48ad7-044c-4603-a427-7d72d8b8b98d,EXACT_FACID,11
CA_PENALTY_EVIDENCE,030000005,ca-cdph-healthcare-facility-locations,030000005,a6a582a1-23b3-4742-b0c0-2b03c626c63b,EXACT_FACID,4
CA_PENALTY_EVIDENCE,030000011,ca-cdph-healthcare-facility-locations,030000011,002a37b6-9e72-475c-8707-b84ee8ab0cb3,EXACT_FACID,9
CA_PENALTY_EVIDENCE,030000012,ca-cdph-healthcare-facility-locations,030000012,112caa8f-597d-4ad4-86d0-cac0801db31e,EXACT_FACID,22
CA_PENALTY_EVIDENCE,030000013,ca-cdph-healthcare-facility-locations,030000013,56d98cdf-ff3a-4b04-8c9f-7810110cabd5,EXACT_FACID,2
CA_PENALTY_EVIDENCE,030000016,ca-cdph-healthcare-facility-locations,030000016,93e45aee-d8d6-4cbb-9438-30050786a582,EXACT_FACID,1
CA_PENALTY_EVIDENCE,030000019,ca-cdph-healthcare-facility-locations,030000019,62d3dc6a-1dc0-491b-84bb-42f125bce4d2,EXACT_FACID,52
CA_PENALTY_EVIDENCE,030000023,ca-cdph-healthcare-facility-locations,030000023,db526769-8537-4983-804f-609079275339,EXACT_FACID,2
CA_PENALTY_EVIDENCE,030000024,ca-cdph-healthcare-facility-locations,030000024,397cfd37-fdb4-4b1c-b08f-86ae189ffc09,EXACT_FACID,24
CA_PENALTY_EVIDENCE,030000028,ca-cdph-healthcare-facility-locations,030000028,0894471d-f049-4508-9f04-8821744c512f,EXACT_FACID,9
CA_PENALTY_EVIDENCE,030000046,ca-cdph-healthcare-facility-locations,030000046,e77fb573-d1fd-48a4-9007-c9513314d57b,EXACT_FACID,22
CA_PENALTY_EVIDENCE,030000047,ca-cdph-healthcare-facility-locations,030000047,e3f060bc-096a-40d6-a3d7-6c6041717fb6,EXACT_FACID,14
CA_PENALTY_EVIDENCE,030000050,ca-cdph-healthcare-facility-locations,030000050,409aeabc-985f-4bb8-9887-f0808db84c54,EXACT_FACID,7
CA_PENALTY_EVIDENCE,030000053,ca-cdph-healthcare-facility-locations,030000053,3ae8117c-c2a9-40a5-8582-b0cbb59cc12e,EXACT_FACID,8
CA_PENALTY_EVIDENCE,030000060,ca-cdph-healthcare-facility-locations,030000060,2917131e-4af6-43f9-b01e-8639e4f116c7,EXACT_FACID,4
CA_PENALTY_EVIDENCE,030000063,ca-cdph-healthcare-facility-locations,030000063,0ec209b1-43ef-4f0b-88b0-9f316525145e,EXACT_FACID,8
CA_PENALTY_EVIDENCE,030000066,ca-cdph-healthcare-facility-locations,030000066,2221e63c-3cb3-4331-ab65-3dff1467b323,EXACT_FACID,3
CA_PENALTY_EVIDENCE,030000067,ca-cdph-healthcare-facility-locations,030000067,9aea9fc2-8b04-4dc3-89e0-b13e00a971f7,EXACT_FACID,22
CA_PENALTY_EVIDENCE,030000071,ca-cdph-healthcare-facility-locations,030000071,33f12254-c2e9-46ac-bff6-da0a44a7f75f,EXACT_FACID,20
CA_PENALTY_EVIDENCE,030000074,ca-cdph-healthcare-facility-locations,030000074,073c1589-88e3-43bd-b41e-2e75c9cc13e0,EXACT_FACID,22
CA_PENALTY_EVIDENCE,030000076,ca-cdph-healthcare-facility-locations,030000076,3fce2375-8cd1-4427-ae5e-2ab21c92b153,EXACT_FACID,13
CA_PENALTY_EVIDENCE,030000079,ca-cdph-healthcare-facility-locations,030000079,f4540ed5-175f-4bad-9201-1d634c586780,EXACT_FACID,11
CA_PENALTY_EVIDENCE,030000085,ca-cdph-healthcare-facility-locations,030000085,c8113da6-2fdf-45e2-a3a7-e78996f365d3,EXACT_FACID,14
CA_PENALTY_EVIDENCE,030000088,ca-cdph-healthcare-facility-locations,030000088,b1cb637d-8263-42d6-b96c-4408d25ff3c8,EXACT_FACID,13
CA_PENALTY_EVIDENCE,030000090,ca-cdph-healthcare-facility-locations,030000090,7cd046e4-009e-49e3-9f14-fa57e7ab62f2,EXACT_FACID,12
CA_PENALTY_EVIDENCE,030000096,ca-cdph-healthcare-facility-locations,030000096,e48c145b-0b9e-40bf-aa25-28aba5183c65,EXACT_FACID,2
CA_PENALTY_EVIDENCE,030000105,ca-cdph-healthcare-facility-locations,030000105,ae741555-a4e4-4c00-9525-6b6c4179ba89,EXACT_FACID,25
CA_PENALTY_EVIDENCE,030000165,ca-cdph-healthcare-facility-locations,030000165,a5c5e4c2-14ea-400f-ad83-371f2b169c7f,EXACT_FACID,2
CA_PENALTY_EVIDENCE,030000280,ca-cdph-healthcare-facility-locations,030000280,ff0983ab-5133-4b56-addd-baa3d7ebaa1c,EXACT_FACID,21
CA_PENALTY_EVIDENCE,030000288,ca-cdph-healthcare-facility-locations,030000288,e72e5206-d191-412b-85c1-a89cc6714a1d,EXACT_FACID,6
CA_PENALTY_EVIDENCE,030000530,ca-cdph-healthcare-facility-locations,030000530,c30e53c9-e6d3-433f-8508-fe71b06c6844,EXACT_FACID,4
CA_PENALTY_EVIDENCE,030000560,ca-cdph-healthcare-facility-locations,030000560,ae5df9dc-9325-4516-b837-1a613df8a5e1,EXACT_FACID,11
CA_PENALTY_EVIDENCE,030000589,ca-cdph-healthcare-facility-locations,030000589,74410757-02ba-45cf-8fab-38d61c028e7c,EXACT_FACID,15
CA_PENALTY_EVIDENCE,030000820,ca-cdph-healthcare-facility-locations,030000820,cdc4dbcd-fff3-4abf-8948-e7b826e30d41,EXACT_FACID,21
CA_PENALTY_EVIDENCE,030000854,ca-cdph-healthcare-facility-locations,030000854,5b0d82f2-5b03-46ce-993b-061579e6c31f,EXACT_FACID,10
CA_PENALTY_EVIDENCE,030001004,ca-cdph-healthcare-facility-locations,030001004,d7ac3940-8199-4e2c-99e7-dd60828cc279,EXACT_FACID,8
CA_PENALTY_EVIDENCE,030001168,ca-cdph-healthcare-facility-locations,030001168,b7581490-4f7f-43e5-892e-219ec2e65305,EXACT_FACID,11
CA_PENALTY_EVIDENCE,030001525,ca-cdph-healthcare-facility-locations,030001525,4158bd94-2c53-4522-8469-c939ce726b0a,EXACT_FACID,1
CA_PENALTY_EVIDENCE,030001605,ca-cdph-healthcare-facility-locations,030001605,92c97bab-a3c7-42fa-97df-1d92b97c459c,EXACT_FACID,14
CA_PENALTY_EVIDENCE,030001615,ca-cdph-healthcare-facility-locations,030001615,facd013d-59b0-4211-aaf1-e76cd24fe520,EXACT_FACID,16
CA_PENALTY_EVIDENCE,030001657,ca-cdph-healthcare-facility-locations,030001657,c728713b-2887-4ddb-9820-63ded8c10787,EXACT_FACID,1
CA_PENALTY_EVIDENCE,030001812,ca-cdph-healthcare-facility-locations,030001812,673bad8f-493b-4d4c-8c3a-d67a8800c6ba,EXACT_FACID,20
CA_PENALTY_EVIDENCE,030001815,ca-cdph-healthcare-facility-locations,030001815,a73024a5-10c4-4f36-ad90-98db4941415b,EXACT_FACID,13
CA_PENALTY_EVIDENCE,030001817,ca-cdph-healthcare-facility-locations,030001817,b80e5b35-bb8f-496f-ab46-5177e425f729,EXACT_FACID,17
CA_PENALTY_EVIDENCE,030001819,ca-cdph-healthcare-facility-locations,030001819,2731d6bc-d8d8-4302-a6b3-a31f2ed5becf,EXACT_FACID,11
CA_PENALTY_EVIDENCE,030001821,ca-cdph-healthcare-facility-locations,030001821,a617e2e6-9759-467d-882a-0609d1e96bab,EXACT_FACID,6
CA_PENALTY_EVIDENCE,030001823,ca-cdph-healthcare-facility-locations,030001823,5114858a-457d-4359-98aa-70d50529ae72,EXACT_FACID,9
CA_PENALTY_EVIDENCE,030001825,ca-cdph-healthcare-facility-locations,030001825,39752f3f-706c-4f72-ae80-b26f2b4f3ead,EXACT_FACID,10
CA_PENALTY_EVIDENCE,030001827,ca-cdph-healthcare-facility-locations,030001827,6e1db090-9033-4ffc-b1ae-5ba57f787f08,EXACT_FACID,15
CA_PENALTY_EVIDENCE,030001829,ca-cdph-healthcare-facility-locations,030001829,d5276cc4-2b98-43b8-8a4a-c1563eb01635,EXACT_FACID,3
CA_PENALTY_EVIDENCE,030001831,ca-cdph-healthcare-facility-locations,030001831,4406dd6e-d2cb-49c0-b5b2-fb27b9929793,EXACT_FACID,26
CA_PENALTY_EVIDENCE,040000002,ca-cdph-healthcare-facility-locations,040000002,ed68749e-7e1e-4b6c-bcfe-07bf7a572628,EXACT_FACID,1
CA_PENALTY_EVIDENCE,040000004,ca-cdph-healthcare-facility-locations,040000004,115f68fb-5a50-488b-8c30-46d6d05f3122,EXACT_FACID,17
CA_PENALTY_EVIDENCE,040000010,ca-cdph-healthcare-facility-locations,040000010,e526a6b0-001c-4581-a66f-869710b0db7e,EXACT_FACID,5
CA_PENALTY_EVIDENCE,040000012,ca-cdph-healthcare-facility-locations,040000012,c0716afe-9e18-44a7-a1ac-24389bcc86fb,EXACT_FACID,7
CA_PENALTY_EVIDENCE,040000013,ca-cdph-healthcare-facility-locations,040000013,3db8a3e7-5855-4fd9-a1a0-699521a3214b,EXACT_FACID,1
CA_PENALTY_EVIDENCE,040000014,ca-cdph-healthcare-facility-locations,040000014,729d96b3-4a69-494d-b650-55e463b251e4,EXACT_FACID,4
CA_PENALTY_EVIDENCE,040000015,ca-cdph-healthcare-facility-locations,040000015,f9d6f47e-24c1-44c5-8a75-0215cb4b0654,EXACT_FACID,8
CA_PENALTY_EVIDENCE,040000018,ca-cdph-healthcare-facility-locations,040000018,f075b0ae-2284-4c69-9971-a1116f2643ff,EXACT_FACID,6
CA_PENALTY_EVIDENCE,040000019,ca-cdph-healthcare-facility-locations,040000019,f6e0bf76-ec00-4325-8517-16698e57b355,EXACT_FACID,4
CA_PENALTY_EVIDENCE,040000025,ca-cdph-healthcare-facility-locations,040000025,badf4e5b-fa30-48c3-8502-09d4f4e62ba8,EXACT_FACID,12
CA_PENALTY_EVIDENCE,040000026,ca-cdph-healthcare-facility-locations,040000026,40bab157-0f7b-48e7-8797-d68c3f917eff,EXACT_FACID,3
CA_PENALTY_EVIDENCE,040000027,ca-cdph-healthcare-facility-locations,040000027,b2e7bc6f-bd88-4d07-99a7-4c296975b860,EXACT_FACID,2
CA_PENALTY_EVIDENCE,040000031,ca-cdph-healthcare-facility-locations,040000031,3b300972-d5bf-439a-911c-e06cd5882799,EXACT_FACID,2
CA_PENALTY_EVIDENCE,040000033,ca-cdph-healthcare-facility-locations,040000033,ad247609-b3e6-4ce5-a60c-152875bf965e,EXACT_FACID,2
CA_PENALTY_EVIDENCE,040000034,ca-cdph-healthcare-facility-locations,040000034,9340aa43-9502-4951-864e-361ae2b9e0b4,EXACT_FACID,7
CA_PENALTY_EVIDENCE,040000035,ca-cdph-healthcare-facility-locations,040000035,3cf8e71e-39fe-4da0-8224-ec03f097e2e4,EXACT_FACID,7
CA_PENALTY_EVIDENCE,040000036,ca-cdph-healthcare-facility-locations,040000036,aa0c372e-86ed-4f98-89cd-54f060900420,EXACT_FACID,8
CA_PENALTY_EVIDENCE,040000037,ca-cdph-healthcare-facility-locations,040000037,fdcc048b-7b4b-4a41-8ccf-901e877c790b,EXACT_FACID,4
CA_PENALTY_EVIDENCE,040000039,ca-cdph-healthcare-facility-locations,040000039,3c63690d-509d-4fa8-9b9b-91b510023a29,EXACT_FACID,2
CA_PENALTY_EVIDENCE,040000042,ca-cdph-healthcare-facility-locations,040000042,828b18dd-4f2d-4282-9759-6e02ca98f333,EXACT_FACID,1
CA_PENALTY_EVIDENCE,040000043,ca-cdph-healthcare-facility-locations,040000043,1f7d4461-c2e3-40e8-8a76-0d1b1cc4b2b3,EXACT_FACID,9
CA_PENALTY_EVIDENCE,040000046,ca-cdph-healthcare-facility-locations,040000046,545ec0bf-4fe9-4445-9c91-af4b10e66fa5,EXACT_FACID,1
CA_PENALTY_EVIDENCE,040000047,ca-cdph-healthcare-facility-locations,040000047,ae47b490-9cbe-4b24-8b25-adc091ab8968,EXACT_FACID,8
CA_PENALTY_EVIDENCE,040000048,ca-cdph-healthcare-facility-locations,040000048,52c59ed7-cb8e-4eda-b289-d28bb09ca014,EXACT_FACID,3
CA_PENALTY_EVIDENCE,040000049,ca-cdph-healthcare-facility-locations,040000049,667f476a-ae8d-4cb4-91d3-1d3f459073d9,EXACT_FACID,5
CA_PENALTY_EVIDENCE,040000050,ca-cdph-healthcare-facility-locations,040000050,eefaf490-c9cf-46d5-8d69-fa22d55af128,EXACT_FACID,7
CA_PENALTY_EVIDENCE,040000051,ca-cdph-healthcare-facility-locations,040000051,c8d4d4a9-8f76-4fc3-87c6-be2a5bae6fe8,EXACT_FACID,4
CA_PENALTY_EVIDENCE,040000052,ca-cdph-healthcare-facility-locations,040000052,59e8abb5-2c2e-458f-98be-1ab23fc04815,EXACT_FACID,3
CA_PENALTY_EVIDENCE,040000058,ca-cdph-healthcare-facility-locations,040000058,7b08b5e1-7194-4b3b-ba16-e69335236edf,EXACT_FACID,7
CA_PENALTY_EVIDENCE,040000059,ca-cdph-healthcare-facility-locations,040000059,26e203b0-3243-43c1-ba45-cff91a773461,EXACT_FACID,10
CA_PENALTY_EVIDENCE,040000060,ca-cdph-healthcare-facility-locations,040000060,fc49b0b3-b8c5-4783-8f5c-2f959f9176ef,EXACT_FACID,1
CA_PENALTY_EVIDENCE,040000061,ca-cdph-healthcare-facility-locations,040000061,526042e8-6619-4cc4-9e15-d673ac0980ad,EXACT_FACID,62
CA_PENALTY_EVIDENCE,040000063,ca-cdph-healthcare-facility-locations,040000063,1ebcb474-901d-47fd-80ee-d2b28df46f88,EXACT_FACID,2
CA_PENALTY_EVIDENCE,040000064,ca-cdph-healthcare-facility-locations,040000064,44e1bcd8-c49f-4a14-a315-d934ad78db56,EXACT_FACID,9
CA_PENALTY_EVIDENCE,040000067,ca-cdph-healthcare-facility-locations,040000067,40125c6d-e2da-4116-a358-4165b8c81fd2,EXACT_FACID,1
CA_PENALTY_EVIDENCE,040000069,ca-cdph-healthcare-facility-locations,040000069,a9c83f4b-cd0f-4f15-85f1-a3bd97058e2a,EXACT_FACID,4
CA_PENALTY_EVIDENCE,040000073,ca-cdph-healthcare-facility-locations,040000073,856f75f8-08a8-4124-a979-ac69587da751,EXACT_FACID,3
CA_PENALTY_EVIDENCE,040000076,ca-cdph-healthcare-facility-locations,040000076,7cec6366-d5a7-4fdc-83ae-29ce84c2ac57,EXACT_FACID,3
CA_PENALTY_EVIDENCE,040000077,ca-cdph-healthcare-facility-locations,040000077,404be4a6-7cdc-4040-9b9f-c7b7b59a8204,EXACT_FACID,2
CA_PENALTY_EVIDENCE,040000225,ca-cdph-healthcare-facility-locations,040000225,cee04155-3118-40bc-8f14-8c1e9c221923,EXACT_FACID,5
CA_PENALTY_EVIDENCE,040000345,ca-cdph-healthcare-facility-locations,040000345,efcbe8af-8910-4723-8c02-c452d37beaa5,EXACT_FACID,2
CA_PENALTY_EVIDENCE,040000474,ca-cdph-healthcare-facility-locations,040000474,5a478af8-7dc0-44da-bea9-d0a7b1a73c93,EXACT_FACID,8
CA_PENALTY_EVIDENCE,040000790,ca-cdph-healthcare-facility-locations,040000790,2bf610c3-5182-49d4-9583-ce2afbe77cdc,EXACT_FACID,1
CA_PENALTY_EVIDENCE,040000798,ca-cdph-healthcare-facility-locations,040000798,0fd92eae-c4c1-4fd4-8dc3-0095e4ab7757,EXACT_FACID,2
CA_PENALTY_EVIDENCE,040001040,ca-cdph-healthcare-facility-locations,040001040,97e7b4d2-84e0-4c58-a10f-2ce0010875b1,EXACT_FACID,7
CA_PENALTY_EVIDENCE,040001259,ca-cdph-healthcare-facility-locations,040001259,00387d5d-95fa-47d6-9da4-64f7baa09679,EXACT_FACID,1
CA_PENALTY_EVIDENCE,040001364,ca-cdph-healthcare-facility-locations,040001364,3fdfd0e1-eb73-4168-82b4-973cdf7c9b58,EXACT_FACID,9
CA_PENALTY_EVIDENCE,040001366,ca-cdph-healthcare-facility-locations,040001366,7c8ab999-b453-4e86-a733-cf38f30fafed,EXACT_FACID,6
CA_PENALTY_EVIDENCE,050000002,ca-cdph-healthcare-facility-locations,050000002,1abadd20-f2d8-46ec-a7fb-02662a31d835,EXACT_FACID,16
CA_PENALTY_EVIDENCE,050000004,ca-cdph-healthcare-facility-locations,050000004,29b36061-1451-43c1-a689-3b387c93f025,EXACT_FACID,1
CA_PENALTY_EVIDENCE,050000006,ca-cdph-healthcare-facility-locations,050000006,77a8f61e-bbc4-4588-bc1e-ab854449d0ee,EXACT_FACID,14
CA_PENALTY_EVIDENCE,050000007,ca-cdph-healthcare-facility-locations,050000007,3aebe5be-152c-44cc-9d6c-925cd4f9d490,EXACT_FACID,27
CA_PENALTY_EVIDENCE,050000043,ca-cdph-healthcare-facility-locations,050000043,37b74501-cccf-4cd6-abfc-2f8d79c61cbf,EXACT_FACID,9
CA_PENALTY_EVIDENCE,050000044,ca-cdph-healthcare-facility-locations,050000044,b72161dc-ea10-4e4c-b7b1-429de328702c,EXACT_FACID,5
CA_PENALTY_EVIDENCE,050000046,ca-cdph-healthcare-facility-locations,050000046,8d97a034-8efb-43ec-8d0c-f10261b0f5f1,EXACT_FACID,2
CA_PENALTY_EVIDENCE,050000047,ca-cdph-healthcare-facility-locations,050000047,52bb719f-eb4b-45d5-8059-3c6ec6fd2e5d,EXACT_FACID,15
CA_PENALTY_EVIDENCE,050000048,ca-cdph-healthcare-facility-locations,050000048,005fb775-aea3-4ecd-8536-99c370b44472,EXACT_FACID,5
CA_PENALTY_EVIDENCE,050000049,ca-cdph-healthcare-facility-locations,050000049,f7f3a573-34a4-4e3b-b8c0-d5eba141c492,EXACT_FACID,7
CA_PENALTY_EVIDENCE,050000050,ca-cdph-healthcare-facility-locations,050000050,8c66f229-defb-4821-bba1-48998eea4a0f,EXACT_FACID,3
CA_PENALTY_EVIDENCE,050000051,ca-cdph-healthcare-facility-locations,050000051,61b78fcd-b65e-41b9-b5c8-8df7bd4bbcb1,EXACT_FACID,12
CA_PENALTY_EVIDENCE,050000053,ca-cdph-healthcare-facility-locations,050000053,2ee0a84d-b672-43b6-b9d9-64c0b67425e2,EXACT_FACID,4
CA_PENALTY_EVIDENCE,050000054,ca-cdph-healthcare-facility-locations,050000054,1621c977-ae28-4f0f-9719-86fc0c9b3f61,EXACT_FACID,9
CA_PENALTY_EVIDENCE,050000055,ca-cdph-healthcare-facility-locations,050000055,5abed3bd-906e-4607-8197-2d29d520e4f1,EXACT_FACID,2
CA_PENALTY_EVIDENCE,050000056,ca-cdph-healthcare-facility-locations,050000056,f65a81f7-b49a-4fe6-8c71-7b614b63642e,EXACT_FACID,10
CA_PENALTY_EVIDENCE,050000058,ca-cdph-healthcare-facility-locations,050000058,4df1aa58-9d66-4da9-afd1-d938b0195f01,EXACT_FACID,19
CA_PENALTY_EVIDENCE,050000061,ca-cdph-healthcare-facility-locations,050000061,14c7025f-9d7f-46c9-b21c-a810dece215a,EXACT_FACID,8
CA_PENALTY_EVIDENCE,050000062,ca-cdph-healthcare-facility-locations,050000062,0f6d474e-c294-4611-b46f-8aa0000be5d6,EXACT_FACID,8
CA_PENALTY_EVIDENCE,050000064,ca-cdph-healthcare-facility-locations,050000064,b252c3cd-5896-4b6d-a1f4-676dbdaf2cf9,EXACT_FACID,3
CA_PENALTY_EVIDENCE,050000066,ca-cdph-healthcare-facility-locations,050000066,e16afbf4-7c9b-4d72-a156-4ea677daa336,EXACT_FACID,3
CA_PENALTY_EVIDENCE,050000067,ca-cdph-healthcare-facility-locations,050000067,bb8ab161-15a9-4171-b398-a6f59311b1bf,EXACT_FACID,22
CA_PENALTY_EVIDENCE,050000068,ca-cdph-healthcare-facility-locations,050000068,e200bca9-32eb-4e11-99d3-edb468bab149,EXACT_FACID,27
CA_PENALTY_EVIDENCE,050000069,ca-cdph-healthcare-facility-locations,050000069,867fbff1-e8f5-42fe-ac0b-bb47ff73b97b,EXACT_FACID,8
CA_PENALTY_EVIDENCE,050000070,ca-cdph-healthcare-facility-locations,050000070,1e5a9970-02da-489b-950c-47c895fef1b0,EXACT_FACID,7
CA_PENALTY_EVIDENCE,050000072,ca-cdph-healthcare-facility-locations,050000072,b067861b-a314-4f16-9e71-8b0d856430fd,EXACT_FACID,4
CA_PENALTY_EVIDENCE,050000074,ca-cdph-healthcare-facility-locations,050000074,538b758d-e4f3-404d-a964-90e9f68fdf32,EXACT_FACID,7
CA_PENALTY_EVIDENCE,050000131,ca-cdph-healthcare-facility-locations,050000131,48baeefe-2c81-4450-b953-752fe878c774,EXACT_FACID,2
CA_PENALTY_EVIDENCE,050000139,ca-cdph-healthcare-facility-locations,050000139,938504c3-5d83-4eee-b4a5-0246470bfc55,EXACT_FACID,8
CA_PENALTY_EVIDENCE,050000140,ca-cdph-healthcare-facility-locations,050000140,a79fd704-55a8-4378-b23a-933b91c6e938,EXACT_FACID,4
CA_PENALTY_EVIDENCE,050000141,ca-cdph-healthcare-facility-locations,050000141,9a155691-3a71-4b1e-9bd5-e50c1b7a176e,EXACT_FACID,10
CA_PENALTY_EVIDENCE,050000248,ca-cdph-healthcare-facility-locations,050000248,0f7feee1-3169-4a42-a0e6-078029d5fb60,EXACT_FACID,8
CA_PENALTY_EVIDENCE,050000549,ca-cdph-healthcare-facility-locations,050000549,5821ad40-7aa1-4e80-b56c-61fdd29d4c3c,EXACT_FACID,10
CA_PENALTY_EVIDENCE,050000595,ca-cdph-healthcare-facility-locations,050000595,4f55f21e-f1bd-42f6-851c-76ad5dad5a5d,EXACT_FACID,35
CA_PENALTY_EVIDENCE,050001383,ca-cdph-healthcare-facility-locations,050001383,b5f5bdd8-6155-4c33-99a0-3c60366efe03,EXACT_FACID,25
CA_PENALTY_EVIDENCE,050001409,ca-cdph-healthcare-facility-locations,050001409,da03929f-8120-425f-98ce-a1f555d0fb9c,EXACT_FACID,23
CA_PENALTY_EVIDENCE,050001416,ca-cdph-healthcare-facility-locations,050001416,ffb94c3c-d3b7-402e-8783-cd4950bf1e2a,EXACT_FACID,21
CA_PENALTY_EVIDENCE,060000020,ca-cdph-healthcare-facility-locations,060000020,1889445e-3ce7-4848-949f-91bca0c20a2b,EXACT_FACID,10
CA_PENALTY_EVIDENCE,060000022,ca-cdph-healthcare-facility-locations,060000022,4ecf39fe-d1a0-4ce8-bb22-b893de0c8521,EXACT_FACID,10
CA_PENALTY_EVIDENCE,060000026,ca-cdph-healthcare-facility-locations,060000026,b61b6230-ad72-4202-82b2-5a8642f3d403,EXACT_FACID,17
CA_PENALTY_EVIDENCE,060000029,ca-cdph-healthcare-facility-locations,060000029,75b5db7f-8f1c-435d-86ee-fefe56e10efb,EXACT_FACID,6
CA_PENALTY_EVIDENCE,060000030,ca-cdph-healthcare-facility-locations,060000030,7b72ddf1-f317-470d-a8e2-71576493f7bc,EXACT_FACID,5
CA_PENALTY_EVIDENCE,060000031,ca-cdph-healthcare-facility-locations,060000031,d77ab722-9ab3-43c7-acd4-5655b33f9966,EXACT_FACID,4
CA_PENALTY_EVIDENCE,060000033,ca-cdph-healthcare-facility-locations,060000033,eea230b3-b944-4090-99d6-8cd0bda8365b,EXACT_FACID,13
CA_PENALTY_EVIDENCE,060000034,ca-cdph-healthcare-facility-locations,060000034,28cda5f7-76ea-4d7e-9d41-6441266569a7,EXACT_FACID,6
CA_PENALTY_EVIDENCE,060000037,ca-cdph-healthcare-facility-locations,060000037,2b62b648-3259-452b-8644-da54ea5c7917,EXACT_FACID,7
CA_PENALTY_EVIDENCE,060000039,ca-cdph-healthcare-facility-locations,060000039,ce43cd8c-7e80-4d9f-ab0c-6b00e158a2e7,EXACT_FACID,11
CA_PENALTY_EVIDENCE,060000041,ca-cdph-healthcare-facility-locations,060000041,2d255924-2d00-4e03-8bb5-9547ea5dc4ba,EXACT_FACID,12
CA_PENALTY_EVIDENCE,060000042,ca-cdph-healthcare-facility-locations,060000042,e0056f1e-9920-4b0a-be99-cf03375f7afa,EXACT_FACID,15
CA_PENALTY_EVIDENCE,060000043,ca-cdph-healthcare-facility-locations,060000043,28bca5d0-c37f-49b3-ac73-1b83d8f00750,EXACT_FACID,1
CA_PENALTY_EVIDENCE,060000045,ca-cdph-healthcare-facility-locations,060000045,ec7996bd-1eea-48a6-9ef3-dd6e2a18b92c,EXACT_FACID,2
CA_PENALTY_EVIDENCE,060000046,ca-cdph-healthcare-facility-locations,060000046,277b9477-9866-47e4-9914-9c8186288726,EXACT_FACID,4
CA_PENALTY_EVIDENCE,060000047,ca-cdph-healthcare-facility-locations,060000047,40d621c8-677d-4545-b162-8470a93b2309,EXACT_FACID,4
CA_PENALTY_EVIDENCE,060000048,ca-cdph-healthcare-facility-locations,060000048,4516ed8d-32cf-40a5-a19e-258c12c1e8a2,EXACT_FACID,7
CA_PENALTY_EVIDENCE,060000049,ca-cdph-healthcare-facility-locations,060000049,a55a8e83-38d5-470e-97bb-19386ec0a1e1,EXACT_FACID,2
CA_PENALTY_EVIDENCE,060000050,ca-cdph-healthcare-facility-locations,060000050,5cd907bd-4655-45a7-843a-6e241f3b425b,EXACT_FACID,3
CA_PENALTY_EVIDENCE,060000051,ca-cdph-healthcare-facility-locations,060000051,c81aa327-36d1-4fca-bcac-755fe37fa462,EXACT_FACID,5
CA_PENALTY_EVIDENCE,060000052,ca-cdph-healthcare-facility-locations,060000052,bfb17da7-cc5e-4eef-9389-e06d4f67dbd7,EXACT_FACID,11
CA_PENALTY_EVIDENCE,060000053,ca-cdph-healthcare-facility-locations,060000053,15f60636-75ba-4b8e-8d30-dbf13b14fe07,EXACT_FACID,6
CA_PENALTY_EVIDENCE,060000054,ca-cdph-healthcare-facility-locations,060000054,45769b8e-161f-4f44-a8b7-0ce563b0b331,EXACT_FACID,8
CA_PENALTY_EVIDENCE,060000055,ca-cdph-healthcare-facility-locations,060000055,e347eee4-1911-4935-b995-20414751d000,EXACT_FACID,4
CA_PENALTY_EVIDENCE,060000089,ca-cdph-healthcare-facility-locations,060000089,860c7cc5-cde0-4abf-b000-b697c8dc9939,EXACT_FACID,6
CA_PENALTY_EVIDENCE,060000113,ca-cdph-healthcare-facility-locations,060000113,6e90c11f-e279-4056-b4e1-82b0be92f5e4,EXACT_FACID,5
CA_PENALTY_EVIDENCE,060000117,ca-cdph-healthcare-facility-locations,060000117,2086f65b-32d0-4972-b3e5-ecf5ea9ff340,EXACT_FACID,3
CA_PENALTY_EVIDENCE,060000122,ca-cdph-healthcare-facility-locations,060000122,99394515-73bb-4092-b6e4-8e2e67bd23a5,EXACT_FACID,3
CA_PENALTY_EVIDENCE,060000123,ca-cdph-healthcare-facility-locations,060000123,0da6424e-a93b-4282-96c8-7bfa853fae63,EXACT_FACID,9
CA_PENALTY_EVIDENCE,060000124,ca-cdph-healthcare-facility-locations,060000124,cf15bbba-9148-4386-bb7b-3441b0d1c49e,EXACT_FACID,8
CA_PENALTY_EVIDENCE,060000125,ca-cdph-healthcare-facility-locations,060000125,1c7375c6-051d-4845-9552-301f261c16b7,EXACT_FACID,6
CA_PENALTY_EVIDENCE,060000127,ca-cdph-healthcare-facility-locations,060000127,d515a299-3b20-403e-ab09-0c8e17bee793,EXACT_FACID,1
CA_PENALTY_EVIDENCE,060000129,ca-cdph-healthcare-facility-locations,060000129,548e9e6e-3acb-4991-a55e-a8dc7fd26ad9,EXACT_FACID,2
CA_PENALTY_EVIDENCE,060000130,ca-cdph-healthcare-facility-locations,060000130,38be88fc-1ba6-4d8c-9020-179a902fe3bd,EXACT_FACID,4
CA_PENALTY_EVIDENCE,060000131,ca-cdph-healthcare-facility-locations,060000131,aecdd2c8-f1ac-478d-a056-5fdaa0d716cc,EXACT_FACID,14
CA_PENALTY_EVIDENCE,060000134,ca-cdph-healthcare-facility-locations,060000134,f119485a-fba8-4a54-900f-8c93de63d263,EXACT_FACID,4
CA_PENALTY_EVIDENCE,060000143,ca-cdph-healthcare-facility-locations,060000143,1b7ef9f2-fb70-4d3b-9c71-6f2a1edbabee,EXACT_FACID,1
CA_PENALTY_EVIDENCE,060000145,ca-cdph-healthcare-facility-locations,060000145,7c75ceee-3414-4b3d-b1f7-2f2151bc655a,EXACT_FACID,4
CA_PENALTY_EVIDENCE,060000147,ca-cdph-healthcare-facility-locations,060000147,4021f346-4bf4-4fed-bf9f-55d966fae16e,EXACT_FACID,8
CA_PENALTY_EVIDENCE,060000151,ca-cdph-healthcare-facility-locations,060000151,981591b0-e0a8-4f83-882c-c7ba060f55b9,EXACT_FACID,2
CA_PENALTY_EVIDENCE,060000155,ca-cdph-healthcare-facility-locations,060000155,6d849cd1-6b0d-4af2-9c37-75d1107d3146,EXACT_FACID,2
CA_PENALTY_EVIDENCE,060000156,ca-cdph-healthcare-facility-locations,060000156,140cf00f-7997-4f1f-afa8-307411a99f66,EXACT_FACID,4
CA_PENALTY_EVIDENCE,060000159,ca-cdph-healthcare-facility-locations,060000159,0b1619a8-3dce-45d6-8bcb-599e085b65ab,EXACT_FACID,4
CA_PENALTY_EVIDENCE,060000164,ca-cdph-healthcare-facility-locations,060000164,8165136b-b8d9-445c-8af0-e3d66873fb9c,EXACT_FACID,9
CA_PENALTY_EVIDENCE,060000167,ca-cdph-healthcare-facility-locations,060000167,b002e091-a522-45fc-8f15-81869846ef02,EXACT_FACID,5
CA_PENALTY_EVIDENCE,060000168,ca-cdph-healthcare-facility-locations,060000168,3773f846-2783-4771-9282-dbe0fe2cd849,EXACT_FACID,19
CA_PENALTY_EVIDENCE,060000194,ca-cdph-healthcare-facility-locations,060000194,6e766f0b-bfe5-452f-9a67-4b4518d5d6a6,EXACT_FACID,4
CA_PENALTY_EVIDENCE,060000196,ca-cdph-healthcare-facility-locations,060000196,43095a7c-0834-4a41-8daf-c5ab4b516266,EXACT_FACID,1
CA_PENALTY_EVIDENCE,060000255,ca-cdph-healthcare-facility-locations,060000255,a12ba181-c938-4d1c-a520-979ccdbfa276,EXACT_FACID,16
CA_PENALTY_EVIDENCE,060000715,ca-cdph-healthcare-facility-locations,060000715,4e785735-f1ca-4986-b545-9497bf8498ef,EXACT_FACID,13
CA_PENALTY_EVIDENCE,060000765,ca-cdph-healthcare-facility-locations,060000765,6e033905-de00-4978-a314-ffeef7570f75,EXACT_FACID,18
CA_PENALTY_EVIDENCE,060000837,ca-cdph-healthcare-facility-locations,060000837,4fa37679-dd2c-418c-8221-ee7c105734bd,EXACT_FACID,4
CA_PENALTY_EVIDENCE,060000839,ca-cdph-healthcare-facility-locations,060000839,010087f9-8a6a-4f90-95c7-7281305fbf81,EXACT_FACID,3
CA_PENALTY_EVIDENCE,060000876,ca-cdph-healthcare-facility-locations,060000876,6d724a56-7bba-46e4-87fd-1d71e1346db9,EXACT_FACID,8
CA_PENALTY_EVIDENCE,060000923,ca-cdph-healthcare-facility-locations,060000923,11096a6b-86bb-4987-a148-892370f76ca2,EXACT_FACID,3
CA_PENALTY_EVIDENCE,060000978,ca-cdph-healthcare-facility-locations,060000978,20522815-d428-4268-ab44-6880b4794d1d,EXACT_FACID,10
CA_PENALTY_EVIDENCE,060001154,ca-cdph-healthcare-facility-locations,060001154,f34060a4-dfe0-4c39-9d95-dd5427d2505a,EXACT_FACID,8
CA_PENALTY_EVIDENCE,060001166,ca-cdph-healthcare-facility-locations,060001166,e3a86dd1-8620-4b17-9a89-3f406fc70c89,EXACT_FACID,8
CA_PENALTY_EVIDENCE,060001255,ca-cdph-healthcare-facility-locations,060001255,74c06614-3b19-4dd5-bb30-c531a099fad2,EXACT_FACID,6
CA_PENALTY_EVIDENCE,060001680,ca-cdph-healthcare-facility-locations,060001680,f0366f68-6ab2-4c6d-ab3c-0d8998db0410,EXACT_FACID,6
CA_PENALTY_EVIDENCE,060001698,ca-cdph-healthcare-facility-locations,060001698,d82112ed-5178-46cb-a157-d7251abebfd9,EXACT_FACID,5
CA_PENALTY_EVIDENCE,060001718,ca-cdph-healthcare-facility-locations,060001718,d13c7830-6d7b-43e0-b77e-26ea2571861b,EXACT_FACID,13
CA_PENALTY_EVIDENCE,070000002,ca-cdph-healthcare-facility-locations,070000002,da829750-b504-4900-8dfc-bdd9a208b6a7,EXACT_FACID,7
CA_PENALTY_EVIDENCE,070000003,ca-cdph-healthcare-facility-locations,070000003,9adf007f-a5ea-4fd0-9fb8-00e54ab30d8c,EXACT_FACID,23
CA_PENALTY_EVIDENCE,070000009,ca-cdph-healthcare-facility-locations,070000009,8b43b91a-000f-4d2e-b3b7-5f668e4b70c8,EXACT_FACID,6
CA_PENALTY_EVIDENCE,070000012,ca-cdph-healthcare-facility-locations,070000012,fae0b45a-52ee-4462-aca5-10e323fc39d0,EXACT_FACID,8
CA_PENALTY_EVIDENCE,070000023,ca-cdph-healthcare-facility-locations,070000023,a8e803c4-b058-449a-95c5-77c93191c534,EXACT_FACID,23
CA_PENALTY_EVIDENCE,070000026,ca-cdph-healthcare-facility-locations,070000026,22e28eea-b2f1-4dd8-8205-5d01e1f15618,EXACT_FACID,8
CA_PENALTY_EVIDENCE,070000027,ca-cdph-healthcare-facility-locations,070000027,fa3ad443-19b2-41e3-b112-a0e5c117693c,EXACT_FACID,30
CA_PENALTY_EVIDENCE,070000031,ca-cdph-healthcare-facility-locations,070000031,32e74b3c-37ca-4c9b-938b-1a0a2f2ee772,EXACT_FACID,17
CA_PENALTY_EVIDENCE,070000032,ca-cdph-healthcare-facility-locations,070000032,3238c0a8-4acf-4a8f-8d6c-4d3ba46dc356,EXACT_FACID,4
CA_PENALTY_EVIDENCE,070000035,ca-cdph-healthcare-facility-locations,070000035,40c62949-1848-4dc8-82e5-dacd1af9e11a,EXACT_FACID,18
CA_PENALTY_EVIDENCE,070000036,ca-cdph-healthcare-facility-locations,070000036,30f6df2e-66fa-4883-8892-67869d1356c2,EXACT_FACID,24
CA_PENALTY_EVIDENCE,070000040,ca-cdph-healthcare-facility-locations,070000040,b1f4167a-6655-4e61-8f92-b33e038bc52a,EXACT_FACID,35
CA_PENALTY_EVIDENCE,070000041,ca-cdph-healthcare-facility-locations,070000041,0734887a-863c-4eac-9367-40b44b765a52,EXACT_FACID,20
CA_PENALTY_EVIDENCE,070000042,ca-cdph-healthcare-facility-locations,070000042,6319738b-61cf-4011-9f93-43079d8bfd1e,EXACT_FACID,6
CA_PENALTY_EVIDENCE,070000043,ca-cdph-healthcare-facility-locations,070000043,04ca0919-e5d1-4003-8c73-ea05c61e6cd0,EXACT_FACID,18
CA_PENALTY_EVIDENCE,070000044,ca-cdph-healthcare-facility-locations,070000044,50ebbc8c-2445-497c-9a4a-e2d59d02800f,EXACT_FACID,21
CA_PENALTY_EVIDENCE,070000046,ca-cdph-healthcare-facility-locations,070000046,46e9b9b6-08bc-4024-8590-c0bd168d9d52,EXACT_FACID,3
CA_PENALTY_EVIDENCE,070000047,ca-cdph-healthcare-facility-locations,070000047,305e843b-e17e-431d-8bfb-0284a49e4360,EXACT_FACID,14
CA_PENALTY_EVIDENCE,070000048,ca-cdph-healthcare-facility-locations,070000048,0997f5fe-c205-4a02-bb0d-c83dbfb71d05,EXACT_FACID,25
CA_PENALTY_EVIDENCE,070000049,ca-cdph-healthcare-facility-locations,070000049,1cee3486-cfc2-40c3-af1f-b5db70e81722,EXACT_FACID,7
CA_PENALTY_EVIDENCE,070000050,ca-cdph-healthcare-facility-locations,070000050,ab5d5ff1-7b66-43c8-9a0d-4ebebb4755a7,EXACT_FACID,11
CA_PENALTY_EVIDENCE,070000057,ca-cdph-healthcare-facility-locations,070000057,8d91da6c-8804-4b3d-b4ca-df380f438701,EXACT_FACID,28
CA_PENALTY_EVIDENCE,070000058,ca-cdph-healthcare-facility-locations,070000058,74232c2d-cd39-430d-a40c-9f4c230de4ac,EXACT_FACID,25
CA_PENALTY_EVIDENCE,070000059,ca-cdph-healthcare-facility-locations,070000059,18499343-437e-4d80-ab38-7077695ac5ac,EXACT_FACID,2
CA_PENALTY_EVIDENCE,070000061,ca-cdph-healthcare-facility-locations,070000061,de40f8ef-2559-4225-8dcd-c4ff6e5650dd,EXACT_FACID,12
CA_PENALTY_EVIDENCE,070000062,ca-cdph-healthcare-facility-locations,070000062,55b2aa28-d2c2-4b19-b13d-fff472153b9c,EXACT_FACID,3
CA_PENALTY_EVIDENCE,070000066,ca-cdph-healthcare-facility-locations,070000066,fc2c2d4d-eabf-447e-a05b-dc70a3f84740,EXACT_FACID,14
CA_PENALTY_EVIDENCE,070000068,ca-cdph-healthcare-facility-locations,070000068,e9749ac0-70dc-41f2-96fc-4274d3308a51,EXACT_FACID,58
CA_PENALTY_EVIDENCE,070000073,ca-cdph-healthcare-facility-locations,070000073,59baba9d-afa6-45db-8205-c1837e787a3d,EXACT_FACID,20
CA_PENALTY_EVIDENCE,070000074,ca-cdph-healthcare-facility-locations,070000074,7fdf43ac-56d9-494d-9992-ae2d63dbb320,EXACT_FACID,30
CA_PENALTY_EVIDENCE,070000076,ca-cdph-healthcare-facility-locations,070000076,c828cbb2-4845-471e-884f-05ac416ae85a,EXACT_FACID,8
CA_PENALTY_EVIDENCE,070000078,ca-cdph-healthcare-facility-locations,070000078,0868fca4-ca27-4cc7-b945-f968d11891d0,EXACT_FACID,12
CA_PENALTY_EVIDENCE,070000082,ca-cdph-healthcare-facility-locations,070000082,a8aacf69-3281-405d-8153-3e740c62c4ff,EXACT_FACID,5
CA_PENALTY_EVIDENCE,070000084,ca-cdph-healthcare-facility-locations,070000084,d00fea9f-d49a-48df-813d-e94419c3a7a1,EXACT_FACID,25
CA_PENALTY_EVIDENCE,070000085,ca-cdph-healthcare-facility-locations,070000085,cce8e54f-485f-4e91-bd90-9b84881f8591,EXACT_FACID,18
CA_PENALTY_EVIDENCE,070000086,ca-cdph-healthcare-facility-locations,070000086,a7c26467-fa87-4c42-8a9d-e39c8ff99825,EXACT_FACID,16
CA_PENALTY_EVIDENCE,070000088,ca-cdph-healthcare-facility-locations,070000088,b3f92407-52cc-4d0c-916c-8e905227eb2f,EXACT_FACID,12
CA_PENALTY_EVIDENCE,070000089,ca-cdph-healthcare-facility-locations,070000089,bc1532a9-0a74-46bf-aba3-9210c81fc7c9,EXACT_FACID,31
CA_PENALTY_EVIDENCE,070000092,ca-cdph-healthcare-facility-locations,070000092,70732630-5333-4c39-bf6d-522183d0a339,EXACT_FACID,11
CA_PENALTY_EVIDENCE,070000093,ca-cdph-healthcare-facility-locations,070000093,3824859c-3476-431b-8713-a2cf3124f2f8,EXACT_FACID,28
CA_PENALTY_EVIDENCE,070000094,ca-cdph-healthcare-facility-locations,070000094,a2df14e6-a267-49ae-a9b8-455e720c7f37,EXACT_FACID,27
CA_PENALTY_EVIDENCE,070000095,ca-cdph-healthcare-facility-locations,070000095,a3a0f683-bb40-43db-8870-3eb4747ff974,EXACT_FACID,30
CA_PENALTY_EVIDENCE,070000096,ca-cdph-healthcare-facility-locations,070000096,aa1c3c29-4404-4a85-92d1-150558f78849,EXACT_FACID,53
CA_PENALTY_EVIDENCE,070000097,ca-cdph-healthcare-facility-locations,070000097,97a441d1-1a3a-4158-8218-0fd51c794cd1,EXACT_FACID,40
CA_PENALTY_EVIDENCE,070000324,ca-cdph-healthcare-facility-locations,070000324,f35b428e-e8d7-46ed-be4c-7dab3be77d30,EXACT_FACID,3
CA_PENALTY_EVIDENCE,070000626,ca-cdph-healthcare-facility-locations,070000626,47faec60-45f4-42ab-9a48-c16a9b97a28b,EXACT_FACID,33
CA_PENALTY_EVIDENCE,070000778,ca-cdph-healthcare-facility-locations,070000778,45374358-93df-4e5b-b7d4-c4b24093de39,EXACT_FACID,12
CA_PENALTY_EVIDENCE,070000780,ca-cdph-healthcare-facility-locations,070000780,8d7638d4-90a9-4c65-94d9-5399966c43d5,EXACT_FACID,9
CA_PENALTY_EVIDENCE,070000868,ca-cdph-healthcare-facility-locations,070000868,594204fa-a656-4c84-a057-8071972125b8,EXACT_FACID,2
CA_PENALTY_EVIDENCE,070001089,ca-cdph-healthcare-facility-locations,070001089,590f3a70-2a95-43ec-a1ce-a610304b2afe,EXACT_FACID,4
CA_PENALTY_EVIDENCE,080000001,ca-cdph-healthcare-facility-locations,080000001,d98ea118-a24c-4cce-843a-7912eae969c4,EXACT_FACID,3
CA_PENALTY_EVIDENCE,080000007,ca-cdph-healthcare-facility-locations,080000007,476bebcc-8d91-4331-aa24-40e4254e1365,EXACT_FACID,8
CA_PENALTY_EVIDENCE,080000012,ca-cdph-healthcare-facility-locations,080000012,a1d97525-8eef-4c16-9071-1b5d01b432e7,EXACT_FACID,11
CA_PENALTY_EVIDENCE,080000014,ca-cdph-healthcare-facility-locations,080000014,73b7b723-1256-4099-a4d0-dec05cfdc507,EXACT_FACID,2
CA_PENALTY_EVIDENCE,080000017,ca-cdph-healthcare-facility-locations,080000017,e69b05e9-f738-498b-95d4-928f00063d6e,EXACT_FACID,5
CA_PENALTY_EVIDENCE,080000030,ca-cdph-healthcare-facility-locations,080000030,6a69e2d6-b1d7-4413-8db1-61ff7892ef2f,EXACT_FACID,12
CA_PENALTY_EVIDENCE,080000031,ca-cdph-healthcare-facility-locations,080000031,6e7d6e60-c967-417b-ac19-f33b4c1e6750,EXACT_FACID,1
CA_PENALTY_EVIDENCE,080000032,ca-cdph-healthcare-facility-locations,080000032,f066e041-9c4e-4fe9-aafc-cae43cb046fc,EXACT_FACID,4
CA_PENALTY_EVIDENCE,080000035,ca-cdph-healthcare-facility-locations,080000035,aa0e0b3b-a97e-40cd-8ece-adda1a1b2b74,EXACT_FACID,1
CA_PENALTY_EVIDENCE,080000050,ca-cdph-healthcare-facility-locations,080000050,003bcb41-3560-4acd-b50e-90fd51f5d632,EXACT_FACID,9
CA_PENALTY_EVIDENCE,080000053,ca-cdph-healthcare-facility-locations,080000053,0de37cf1-1d26-48d5-b12c-13baca5ae3dc,EXACT_FACID,10
CA_PENALTY_EVIDENCE,080000059,ca-cdph-healthcare-facility-locations,080000059,e500314b-c95e-460c-8ba8-b63e5b92fd34,EXACT_FACID,4
CA_PENALTY_EVIDENCE,080000060,ca-cdph-healthcare-facility-locations,080000060,3211560c-6dfb-4f30-af89-36b7c068681a,EXACT_FACID,7
CA_PENALTY_EVIDENCE,080000062,ca-cdph-healthcare-facility-locations,080000062,c382ce73-e527-4afa-b7f9-1be389b253d2,EXACT_FACID,8
CA_PENALTY_EVIDENCE,080000066,ca-cdph-healthcare-facility-locations,080000066,1b1ce837-3915-43b0-b109-5c309ffe6515,EXACT_FACID,7
CA_PENALTY_EVIDENCE,080000068,ca-cdph-healthcare-facility-locations,080000068,bd89f916-4176-496e-a22c-41a6acc8c5df,EXACT_FACID,1
CA_PENALTY_EVIDENCE,080000070,ca-cdph-healthcare-facility-locations,080000070,b5b40b07-f5b8-453c-92ac-1ef529754975,EXACT_FACID,2
CA_PENALTY_EVIDENCE,080000077,ca-cdph-healthcare-facility-locations,080000077,a6523fe8-1947-47a0-90a5-3d54fa02090e,EXACT_FACID,11
CA_PENALTY_EVIDENCE,080000087,ca-cdph-healthcare-facility-locations,080000087,cdbb47de-0401-4bb3-b808-17a5799570cd,EXACT_FACID,9
CA_PENALTY_EVIDENCE,080000089,ca-cdph-healthcare-facility-locations,080000089,efd5374c-1077-4e99-8de0-13bd53134000,EXACT_FACID,12
CA_PENALTY_EVIDENCE,080000090,ca-cdph-healthcare-facility-locations,080000090,6ce4d982-2f72-4938-a0c8-ed000a0cdede,EXACT_FACID,3
CA_PENALTY_EVIDENCE,080000094,ca-cdph-healthcare-facility-locations,080000094,86593395-a8a3-4ab2-8e3f-b10b62c33bcf,EXACT_FACID,4
CA_PENALTY_EVIDENCE,080000099,ca-cdph-healthcare-facility-locations,080000099,31810d31-f5e7-4871-8313-4d17d86c736d,EXACT_FACID,11
CA_PENALTY_EVIDENCE,080000222,ca-cdph-healthcare-facility-locations,080000222,b7e07f59-1bf7-4946-a814-c7075db31eee,EXACT_FACID,7
CA_PENALTY_EVIDENCE,080000617,ca-cdph-healthcare-facility-locations,080000617,eb0203bf-c6b7-4556-9838-3b62a2e84606,EXACT_FACID,8
CA_PENALTY_EVIDENCE,080000679,ca-cdph-healthcare-facility-locations,080000679,cc8680d3-087c-482b-b8f3-57aa8c0b6fc4,EXACT_FACID,2
CA_PENALTY_EVIDENCE,080000685,ca-cdph-healthcare-facility-locations,080000685,511a51a0-0d84-4bbd-8573-26e982962594,EXACT_FACID,6
CA_PENALTY_EVIDENCE,080000692,ca-cdph-healthcare-facility-locations,080000692,ef763933-3238-4591-b0f1-a12f97462791,EXACT_FACID,13
CA_PENALTY_EVIDENCE,080000694,ca-cdph-healthcare-facility-locations,080000694,0ad0374a-a758-47e2-a787-8f4d335faa97,EXACT_FACID,13
CA_PENALTY_EVIDENCE,080000752,ca-cdph-healthcare-facility-locations,080000752,3fca14a9-1d6b-4200-81d2-2d7a17154a47,EXACT_FACID,2
CA_PENALTY_EVIDENCE,080000761,ca-cdph-healthcare-facility-locations,080000761,18e4ac22-3260-4b57-8908-472992e05e08,EXACT_FACID,20
CA_PENALTY_EVIDENCE,080000795,ca-cdph-healthcare-facility-locations,080000795,8e44a0ec-0102-4621-97f8-536009f6a958,EXACT_FACID,9
CA_PENALTY_EVIDENCE,080000801,ca-cdph-healthcare-facility-locations,080000801,fb1cc174-a871-4dd3-b017-7d152bbd57ee,EXACT_FACID,16
CA_PENALTY_EVIDENCE,080000820,ca-cdph-healthcare-facility-locations,080000820,daf71f72-69c6-4f53-aee8-4a3161aca5ec,EXACT_FACID,12
CA_PENALTY_EVIDENCE,080000835,ca-cdph-healthcare-facility-locations,080000835,ced0b127-355e-4927-8c90-a26a8d1d144d,EXACT_FACID,3
CA_PENALTY_EVIDENCE,080000962,ca-cdph-healthcare-facility-locations,080000962,443ce7fd-ad23-47d8-ac60-ac26f729f3bc,EXACT_FACID,9
CA_PENALTY_EVIDENCE,080001107,ca-cdph-healthcare-facility-locations,080001107,b0e609b7-5b75-4f90-9503-469fc69b5326,EXACT_FACID,1
CA_PENALTY_EVIDENCE,080001502,ca-cdph-healthcare-facility-locations,080001502,b1df833b-20b5-4c54-afed-14ab49e05a8f,EXACT_FACID,2
CA_PENALTY_EVIDENCE,080001515,ca-cdph-healthcare-facility-locations,080001515,cea0852f-223d-4a8b-a830-c6c280d760d4,EXACT_FACID,9
CA_PENALTY_EVIDENCE,080001536,ca-cdph-healthcare-facility-locations,080001536,dc112f27-c947-4176-82bf-711f96b5478d,EXACT_FACID,15
CA_PENALTY_EVIDENCE,080001538,ca-cdph-healthcare-facility-locations,080001538,8c041497-4294-473c-8f05-a331288470d2,EXACT_FACID,9
CA_PENALTY_EVIDENCE,080001540,ca-cdph-healthcare-facility-locations,080001540,237b0ba4-7de4-49be-8c8d-1c4f47703cc2,EXACT_FACID,5
CA_PENALTY_EVIDENCE,080001542,ca-cdph-healthcare-facility-locations,080001542,da7ef039-4962-4b14-940a-568df103f15e,EXACT_FACID,4
CA_PENALTY_EVIDENCE,080001692,ca-cdph-healthcare-facility-locations,080001692,d5b71c60-8c3b-4490-9021-a9f14e50d3d5,EXACT_FACID,2
CA_PENALTY_EVIDENCE,080001751,ca-cdph-healthcare-facility-locations,080001751,566927ad-1c40-4573-9be1-b64ef441e340,EXACT_FACID,1
CA_PENALTY_EVIDENCE,090000003,ca-cdph-healthcare-facility-locations,090000003,6219f724-7338-4151-a3db-d7f0571e3261,EXACT_FACID,4
CA_PENALTY_EVIDENCE,090000004,ca-cdph-healthcare-facility-locations,090000004,c7df940d-394b-4bc0-9c13-1d0d5188a4a4,EXACT_FACID,3
CA_PENALTY_EVIDENCE,090000006,ca-cdph-healthcare-facility-locations,090000006,feef9046-d371-4b34-aca5-2a5fea872521,EXACT_FACID,2
CA_PENALTY_EVIDENCE,090000009,ca-cdph-healthcare-facility-locations,090000009,fed4a4fd-8da6-4d30-9979-9a1097225ca6,EXACT_FACID,5
CA_PENALTY_EVIDENCE,090000010,ca-cdph-healthcare-facility-locations,090000010,3f49a498-200a-4ab1-8d03-9d67ec1444cf,EXACT_FACID,1
CA_PENALTY_EVIDENCE,090000011,ca-cdph-healthcare-facility-locations,090000011,559b03ca-bf00-4598-83ad-918f3499f609,EXACT_FACID,6
CA_PENALTY_EVIDENCE,090000015,ca-cdph-healthcare-facility-locations,090000015,d6c397a6-4014-4b1e-99d9-9cc4e8d07fc4,EXACT_FACID,10
CA_PENALTY_EVIDENCE,090000018,ca-cdph-healthcare-facility-locations,090000018,510ca55d-1da7-4b32-acbb-895cbd4e613c,EXACT_FACID,7
CA_PENALTY_EVIDENCE,090000020,ca-cdph-healthcare-facility-locations,090000020,0e49eae6-9204-474c-9875-1855c474a221,EXACT_FACID,24
CA_PENALTY_EVIDENCE,090000028,ca-cdph-healthcare-facility-locations,090000028,0c3fb265-f1ff-431c-8fe0-7f3cbd82fa64,EXACT_FACID,9
CA_PENALTY_EVIDENCE,090000029,ca-cdph-healthcare-facility-locations,090000029,3b0365f6-183d-424e-b4b2-d6dc19e724d5,EXACT_FACID,9
CA_PENALTY_EVIDENCE,090000034,ca-cdph-healthcare-facility-locations,090000034,a48c122f-78f6-4934-8751-c8aceea7eea3,EXACT_FACID,5
CA_PENALTY_EVIDENCE,090000039,ca-cdph-healthcare-facility-locations,090000039,9790b493-8a81-44ea-9803-8775959d99dd,EXACT_FACID,2
CA_PENALTY_EVIDENCE,090000041,ca-cdph-healthcare-facility-locations,090000041,e44b49c8-97ef-472d-b5db-912d31ca1f2b,EXACT_FACID,3
CA_PENALTY_EVIDENCE,090000042,ca-cdph-healthcare-facility-locations,090000042,a487fe0b-e684-4e75-bfcd-07190358eca6,EXACT_FACID,4
CA_PENALTY_EVIDENCE,090000044,ca-cdph-healthcare-facility-locations,090000044,f3fa64c1-66d5-4cf1-acba-ff7845400881,EXACT_FACID,1
CA_PENALTY_EVIDENCE,090000046,ca-cdph-healthcare-facility-locations,090000046,eb98b83a-7c44-4785-aad7-9e6430629356,EXACT_FACID,4
CA_PENALTY_EVIDENCE,090000051,ca-cdph-healthcare-facility-locations,090000051,0035948f-758f-4af9-935b-e5b1e09ba76f,EXACT_FACID,5
CA_PENALTY_EVIDENCE,090000057,ca-cdph-healthcare-facility-locations,090000057,ef81e59b-ad5f-43b6-b71b-b262d100c362,EXACT_FACID,3
CA_PENALTY_EVIDENCE,090000058,ca-cdph-healthcare-facility-locations,090000058,88d8d422-f3c4-437a-bb33-dd6b73146562,EXACT_FACID,1
CA_PENALTY_EVIDENCE,090000061,ca-cdph-healthcare-facility-locations,090000061,c85a5fb5-383d-400e-8df5-eacbf85216b7,EXACT_FACID,6
CA_PENALTY_EVIDENCE,090000063,ca-cdph-healthcare-facility-locations,090000063,162e34be-697e-4ed8-91e3-e12ce7411b79,EXACT_FACID,7
CA_PENALTY_EVIDENCE,090000064,ca-cdph-healthcare-facility-locations,090000064,b5563997-b0dc-4019-8456-8a68dc5193e7,EXACT_FACID,2
CA_PENALTY_EVIDENCE,090000065,ca-cdph-healthcare-facility-locations,090000065,724982eb-d346-4ff4-b2f3-f063010712cd,EXACT_FACID,9
CA_PENALTY_EVIDENCE,090000067,ca-cdph-healthcare-facility-locations,090000067,d5115575-35ad-4d3d-b4bc-496b53f652c8,EXACT_FACID,6
CA_PENALTY_EVIDENCE,090000071,ca-cdph-healthcare-facility-locations,090000071,eb6ba3d3-1f03-49f8-8499-487b2ccb746e,EXACT_FACID,10
CA_PENALTY_EVIDENCE,090000074,ca-cdph-healthcare-facility-locations,090000074,2c7ece35-fcfb-4389-9317-ad16a305982f,EXACT_FACID,4
CA_PENALTY_EVIDENCE,090000076,ca-cdph-healthcare-facility-locations,090000076,53fee734-f906-4774-847f-d31375067d66,EXACT_FACID,3
CA_PENALTY_EVIDENCE,090000083,ca-cdph-healthcare-facility-locations,090000083,1da2acac-951e-4111-aead-57180daeff5b,EXACT_FACID,9
CA_PENALTY_EVIDENCE,090000084,ca-cdph-healthcare-facility-locations,090000084,5e667547-a03d-47dd-8c94-a47fb3b93f10,EXACT_FACID,1
CA_PENALTY_EVIDENCE,090000086,ca-cdph-healthcare-facility-locations,090000086,ff014c99-0f64-43ff-aade-687ca4e7b1f0,EXACT_FACID,12
CA_PENALTY_EVIDENCE,090000092,ca-cdph-healthcare-facility-locations,090000092,fb93be0d-231e-444e-90e0-17cde37cc108,EXACT_FACID,14
CA_PENALTY_EVIDENCE,090000102,ca-cdph-healthcare-facility-locations,090000102,86d1c6f7-e045-49ad-b9b7-fd51ecc716b7,EXACT_FACID,5
CA_PENALTY_EVIDENCE,090000104,ca-cdph-healthcare-facility-locations,090000104,f9bc94f0-6bb3-49cf-beb4-8be3b061a99f,EXACT_FACID,2
CA_PENALTY_EVIDENCE,090000105,ca-cdph-healthcare-facility-locations,090000105,3ebbf903-3a9c-424a-880a-1371c7d71ab4,EXACT_FACID,3
CA_PENALTY_EVIDENCE,090000107,ca-cdph-healthcare-facility-locations,090000107,e430c980-93e5-45ed-bea7-abc054ab0ffd,EXACT_FACID,2
CA_PENALTY_EVIDENCE,090000324,ca-cdph-healthcare-facility-locations,090000324,7b7fd624-cdb5-45e8-89b8-b1a23f537bab,EXACT_FACID,8
CA_PENALTY_EVIDENCE,090000416,ca-cdph-healthcare-facility-locations,090000416,e173bc12-67aa-4e58-b7d4-df11f7e37c1a,EXACT_FACID,2
CA_PENALTY_EVIDENCE,090000475,ca-cdph-healthcare-facility-locations,090000475,d1101017-b4f0-44a5-9772-183894c96e9e,EXACT_FACID,1
CA_PENALTY_EVIDENCE,100000001,ca-cdph-healthcare-facility-locations,100000001,f692ff5a-f299-46e0-a317-af4fa4addcb3,EXACT_FACID,26
CA_PENALTY_EVIDENCE,100000002,ca-cdph-healthcare-facility-locations,100000002,55da9b40-d678-4cae-946d-177836d2796c,EXACT_FACID,4
CA_PENALTY_EVIDENCE,100000003,ca-cdph-healthcare-facility-locations,100000003,85cbcb8f-7aae-4a11-94cb-5e459b363c74,EXACT_FACID,5
CA_PENALTY_EVIDENCE,100000010,ca-cdph-healthcare-facility-locations,100000010,48757449-3203-4f36-9def-6bb202531600,EXACT_FACID,22
CA_PENALTY_EVIDENCE,100000017,ca-cdph-healthcare-facility-locations,100000017,326f05a8-e47c-4413-9e7b-74dc20445417,EXACT_FACID,4
CA_PENALTY_EVIDENCE,100000021,ca-cdph-healthcare-facility-locations,100000021,819c96de-8829-4d65-85c2-4e6fa208fd1b,EXACT_FACID,6
CA_PENALTY_EVIDENCE,100000022,ca-cdph-healthcare-facility-locations,100000022,5dbd347b-e975-462f-8df1-f78873f694f9,EXACT_FACID,15
CA_PENALTY_EVIDENCE,100000025,ca-cdph-healthcare-facility-locations,100000025,8b064298-ef4d-4ecf-910e-95991c486e04,EXACT_FACID,58
CA_PENALTY_EVIDENCE,100000026,ca-cdph-healthcare-facility-locations,100000026,e08a4b1e-4a70-41a0-b728-5e34e60860c2,EXACT_FACID,37
CA_PENALTY_EVIDENCE,100000027,ca-cdph-healthcare-facility-locations,100000027,1be85f21-5fc7-40e8-a8bb-bd4a3cffa75f,EXACT_FACID,8
CA_PENALTY_EVIDENCE,100000029,ca-cdph-healthcare-facility-locations,100000029,5f62885a-6b1a-4498-b88a-c3e34d50d19f,EXACT_FACID,8
CA_PENALTY_EVIDENCE,100000030,ca-cdph-healthcare-facility-locations,100000030,d9a2f0a8-aef7-4eba-bf6b-f7055f60cb9e,EXACT_FACID,7
CA_PENALTY_EVIDENCE,100000032,ca-cdph-healthcare-facility-locations,100000032,20e8cf03-2193-464a-b73c-8fb154c30273,EXACT_FACID,10
CA_PENALTY_EVIDENCE,100000035,ca-cdph-healthcare-facility-locations,100000035,d5e9032d-d213-4dc7-bda5-9a4a16197660,EXACT_FACID,11
CA_PENALTY_EVIDENCE,100000036,ca-cdph-healthcare-facility-locations,100000036,c2656526-bae3-49bd-92e9-5a3744a93fe4,EXACT_FACID,6
CA_PENALTY_EVIDENCE,100000038,ca-cdph-healthcare-facility-locations,100000038,70a6116c-a732-4b28-97f7-ef6c2e93f827,EXACT_FACID,15
CA_PENALTY_EVIDENCE,100000039,ca-cdph-healthcare-facility-locations,100000039,912c264d-cb85-44d1-b721-91a29fc5fb1a,EXACT_FACID,20
CA_PENALTY_EVIDENCE,100000041,ca-cdph-healthcare-facility-locations,100000041,09a8c056-0618-4e1f-814e-bb3d0b77f99b,EXACT_FACID,17
CA_PENALTY_EVIDENCE,100000042,ca-cdph-healthcare-facility-locations,100000042,f8729c65-5dc8-48a1-8b3c-8d9b16afa053,EXACT_FACID,18
CA_PENALTY_EVIDENCE,100000048,ca-cdph-healthcare-facility-locations,100000048,901257b0-fc8f-4543-83c7-f7e9d5c0cf31,EXACT_FACID,16
CA_PENALTY_EVIDENCE,100000049,ca-cdph-healthcare-facility-locations,100000049,0d74ef65-90ae-454c-8c6e-c130e18f6d3b,EXACT_FACID,10
CA_PENALTY_EVIDENCE,100000051,ca-cdph-healthcare-facility-locations,100000051,dc5c065a-9712-482e-bc79-4f515e3ebca2,EXACT_FACID,6
CA_PENALTY_EVIDENCE,100000055,ca-cdph-healthcare-facility-locations,100000055,8b02260c-f22d-4b26-ae46-9160fe0359bd,EXACT_FACID,9
CA_PENALTY_EVIDENCE,100000057,ca-cdph-healthcare-facility-locations,100000057,da91159e-ef14-469f-ab09-17f8eacfa248,EXACT_FACID,20
CA_PENALTY_EVIDENCE,100000058,ca-cdph-healthcare-facility-locations,100000058,9d6786b8-b1a4-46f5-911f-17a6ff268357,EXACT_FACID,8
CA_PENALTY_EVIDENCE,100000059,ca-cdph-healthcare-facility-locations,100000059,7b615878-1d2f-4937-9bce-221e8dc2ba37,EXACT_FACID,12
CA_PENALTY_EVIDENCE,100000069,ca-cdph-healthcare-facility-locations,100000069,bfa37e67-e742-4129-ad82-2814199c6587,EXACT_FACID,1
CA_PENALTY_EVIDENCE,100000070,ca-cdph-healthcare-facility-locations,100000070,6474b18c-6e33-4735-a13c-8acc1250f9d7,EXACT_FACID,6
CA_PENALTY_EVIDENCE,100000072,ca-cdph-healthcare-facility-locations,100000072,741a47f2-4301-4a0c-a01f-022c853eca07,EXACT_FACID,15
CA_PENALTY_EVIDENCE,100000073,ca-cdph-healthcare-facility-locations,100000073,2432f297-25c9-4be3-ad37-66decf279272,EXACT_FACID,14
CA_PENALTY_EVIDENCE,100000082,ca-cdph-healthcare-facility-locations,100000082,5c54916d-3602-4e83-be83-c35c3bb254a0,EXACT_FACID,11
CA_PENALTY_EVIDENCE,100000084,ca-cdph-healthcare-facility-locations,100000084,a8ffa357-39f5-4a56-9056-d4219fb46f27,EXACT_FACID,14
CA_PENALTY_EVIDENCE,100000089,ca-cdph-healthcare-facility-locations,100000089,d308bb18-71b8-40e6-96b4-fb45afcfdfa8,EXACT_FACID,18
CA_PENALTY_EVIDENCE,100000091,ca-cdph-healthcare-facility-locations,100000091,fedca5ba-1286-410a-b5d0-9434c510b2a6,EXACT_FACID,17
CA_PENALTY_EVIDENCE,100000092,ca-cdph-healthcare-facility-locations,100000092,e82c86f5-80d1-4be4-a549-f7ee5244165e,EXACT_FACID,10
CA_PENALTY_EVIDENCE,100000093,ca-cdph-healthcare-facility-locations,100000093,e37f5cad-8239-416c-bb88-3fa89229d20f,EXACT_FACID,19
CA_PENALTY_EVIDENCE,100000097,ca-cdph-healthcare-facility-locations,100000097,ddbc7aa0-56db-4c81-aaff-1bb99a9abc53,EXACT_FACID,3
CA_PENALTY_EVIDENCE,100000104,ca-cdph-healthcare-facility-locations,100000104,4ca8a398-4a79-4d47-a04d-7bfc19009c3e,EXACT_FACID,5
CA_PENALTY_EVIDENCE,100000107,ca-cdph-healthcare-facility-locations,100000107,4a48eaf7-3171-42cc-8553-b8ee84b4e9ed,EXACT_FACID,10
CA_PENALTY_EVIDENCE,100000290,ca-cdph-healthcare-facility-locations,100000290,1cef062e-01a5-4c61-8271-296bdf8c8c28,EXACT_FACID,15
CA_PENALTY_EVIDENCE,100000324,ca-cdph-healthcare-facility-locations,100000324,923d0804-15e9-42bf-93e6-06e083f2adc7,EXACT_FACID,18
CA_PENALTY_EVIDENCE,100000773,ca-cdph-healthcare-facility-locations,100000773,d24e9856-d6fa-4e7d-bef4-54165c71d11f,EXACT_FACID,14
CA_PENALTY_EVIDENCE,100000814,ca-cdph-healthcare-facility-locations,100000814,81e4412f-7682-42eb-8682-d44a9a90137a,EXACT_FACID,25
CA_PENALTY_EVIDENCE,100000826,ca-cdph-healthcare-facility-locations,100000826,45e96622-f8dd-4f07-9c0c-efc468ea59c1,EXACT_FACID,17
CA_PENALTY_EVIDENCE,100000851,ca-cdph-healthcare-facility-locations,100000851,b35a7897-25b7-44cc-b84e-c019975551fc,EXACT_FACID,9
CA_PENALTY_EVIDENCE,100000962,ca-cdph-healthcare-facility-locations,100000962,983b558a-3500-4fee-a3d0-da606db080b3,EXACT_FACID,7
CA_PENALTY_EVIDENCE,100001535,ca-cdph-healthcare-facility-locations,100001535,d365023c-9bcf-43c4-bcac-2ca642664ff9,EXACT_FACID,5
CA_PENALTY_EVIDENCE,100001676,ca-cdph-healthcare-facility-locations,100001676,bf31d126-f2dc-46fc-bce1-c2683ac209cc,EXACT_FACID,2
CA_PENALTY_EVIDENCE,110000013,ca-cdph-healthcare-facility-locations,110000013,e459c1a7-7d39-4386-bbd8-c4ded6beebb3,EXACT_FACID,51
CA_PENALTY_EVIDENCE,110000018,ca-cdph-healthcare-facility-locations,110000018,6aa8fa9e-102c-40a1-a931-26b1c873d2f8,EXACT_FACID,14
CA_PENALTY_EVIDENCE,110000030,ca-cdph-healthcare-facility-locations,110000030,fe4c58ef-c2c6-423e-b3ae-6e3abf215c1c,EXACT_FACID,15
CA_PENALTY_EVIDENCE,110000031,ca-cdph-healthcare-facility-locations,110000031,6f78e067-05ad-444c-a759-87c79b4575e4,EXACT_FACID,33
CA_PENALTY_EVIDENCE,110000046,ca-cdph-healthcare-facility-locations,110000046,d67a55ac-21db-4525-b5d4-45780d7057ff,EXACT_FACID,34
CA_PENALTY_EVIDENCE,110000053,ca-cdph-healthcare-facility-locations,110000053,af5ec4e4-4303-44c1-bbfc-6d78c4b50a93,EXACT_FACID,5
CA_PENALTY_EVIDENCE,110000063,ca-cdph-healthcare-facility-locations,110000063,e871a2e3-47d6-4948-b4f3-2157fceb96d8,EXACT_FACID,31
CA_PENALTY_EVIDENCE,110000074,ca-cdph-healthcare-facility-locations,110000074,acec0eda-e830-4b48-9d95-8fe70c03e76f,EXACT_FACID,32
CA_PENALTY_EVIDENCE,110000077,ca-cdph-healthcare-facility-locations,110000077,562c46aa-bdf3-44fd-a731-5458564a40c8,EXACT_FACID,18
CA_PENALTY_EVIDENCE,110000084,ca-cdph-healthcare-facility-locations,110000084,8611c22c-0f93-463e-b9dd-9352b214d2ed,EXACT_FACID,29
CA_PENALTY_EVIDENCE,110000233,ca-cdph-healthcare-facility-locations,110000233,cf1b49c6-a4f6-4efd-aa18-ad7e3f7c2f14,EXACT_FACID,5
CA_PENALTY_EVIDENCE,110000467,ca-cdph-healthcare-facility-locations,110000467,426644ca-03c2-43da-81f3-e9b42658eb72,EXACT_FACID,29
CA_PENALTY_EVIDENCE,110000621,ca-cdph-healthcare-facility-locations,110000621,5c9c6c3d-5cef-4c8f-a201-ff73dcad2ff0,EXACT_FACID,4
CA_PENALTY_EVIDENCE,110000702,ca-cdph-healthcare-facility-locations,110000702,9d2d0206-0119-428d-ac4f-e971b4b963e9,EXACT_FACID,2
CA_PENALTY_EVIDENCE,110000760,ca-cdph-healthcare-facility-locations,110000760,141613f3-7a6c-47b8-a77b-b310ce25533c,EXACT_FACID,7
CA_PENALTY_EVIDENCE,110000863,ca-cdph-healthcare-facility-locations,110000863,7f35b204-f026-4f75-b604-19379c1fdf9b,EXACT_FACID,12
CA_PENALTY_EVIDENCE,110001248,ca-cdph-healthcare-facility-locations,110001248,c260654e-3281-497d-9b02-9008f9a3403f,EXACT_FACID,26
CA_PENALTY_EVIDENCE,110001250,ca-cdph-healthcare-facility-locations,110001250,d28451ca-9813-4dbd-be1b-4e131e829430,EXACT_FACID,11
CA_PENALTY_EVIDENCE,110001255,ca-cdph-healthcare-facility-locations,110001255,bb05bf41-9ff1-4147-bd2d-9ecd798418f4,EXACT_FACID,43
CA_PENALTY_EVIDENCE,120000320,ca-cdph-healthcare-facility-locations,120000320,5835ffc5-8aa7-4b41-93a2-7a516b804cd7,EXACT_FACID,20
CA_PENALTY_EVIDENCE,120000322,ca-cdph-healthcare-facility-locations,120000322,60df0719-efb2-44b1-ab06-34ffe0550ccd,EXACT_FACID,21
CA_PENALTY_EVIDENCE,120000325,ca-cdph-healthcare-facility-locations,120000325,c9adab71-e5dd-4662-bc60-9b8afc4571dc,EXACT_FACID,9
CA_PENALTY_EVIDENCE,120000328,ca-cdph-healthcare-facility-locations,120000328,ba67c473-bf9c-465f-8292-1a34e483e751,EXACT_FACID,47
CA_PENALTY_EVIDENCE,120000331,ca-cdph-healthcare-facility-locations,120000331,96fc6f5b-14af-4354-9f5f-e43487770fad,EXACT_FACID,33
CA_PENALTY_EVIDENCE,120000355,ca-cdph-healthcare-facility-locations,120000355,c82c5479-ea42-4890-bc41-024879ad6ef2,EXACT_FACID,26
CA_PENALTY_EVIDENCE,120000365,ca-cdph-healthcare-facility-locations,120000365,b16fae69-ceee-44ae-b4d5-e17baf34c36b,EXACT_FACID,26
CA_PENALTY_EVIDENCE,120000369,ca-cdph-healthcare-facility-locations,120000369,5d21f6cb-7088-4bc1-b760-80ed952a1332,EXACT_FACID,10
CA_PENALTY_EVIDENCE,120000373,ca-cdph-healthcare-facility-locations,120000373,15d9a552-13bd-46d7-ab60-2f537a5dc947,EXACT_FACID,19
CA_PENALTY_EVIDENCE,120000375,ca-cdph-healthcare-facility-locations,120000375,17a64f36-2c11-4251-ab87-a277d67f0bc0,EXACT_FACID,23
CA_PENALTY_EVIDENCE,120000379,ca-cdph-healthcare-facility-locations,120000379,5e916e82-49b7-4f2f-bd5b-d73468472c38,EXACT_FACID,17
CA_PENALTY_EVIDENCE,120000399,ca-cdph-healthcare-facility-locations,120000399,8c0f1ae9-f9f1-4890-bb26-7dd6d85ab49f,EXACT_FACID,7
CA_PENALTY_EVIDENCE,120000638,ca-cdph-healthcare-facility-locations,120000638,97915325-29c5-490d-81e6-37d6b79043ef,EXACT_FACID,15
CA_PENALTY_EVIDENCE,120000695,ca-cdph-healthcare-facility-locations,120000695,ee7cdc98-21a2-4ac6-a6e3-4f29e5d1013f,EXACT_FACID,23
CA_PENALTY_EVIDENCE,120001395,ca-cdph-healthcare-facility-locations,120001395,59ceb711-0b7b-4d48-99ed-4a2cff887eaa,EXACT_FACID,17
CA_PENALTY_EVIDENCE,120001402,ca-cdph-healthcare-facility-locations,120001402,08d9e5cc-2c0e-4495-b2f5-6bc6efa9b9d4,EXACT_FACID,5
CA_PENALTY_EVIDENCE,120001408,ca-cdph-healthcare-facility-locations,120001408,b432c9db-105f-495b-b019-782aa25a22f1,EXACT_FACID,17
CA_PENALTY_EVIDENCE,120001421,ca-cdph-healthcare-facility-locations,120001421,f3ef84ef-386a-4889-b689-362cb8803ec7,EXACT_FACID,6
CA_PENALTY_EVIDENCE,120001431,ca-cdph-healthcare-facility-locations,120001431,98d95aed-4c69-4124-9295-fc32ab874872,EXACT_FACID,9
CA_PENALTY_EVIDENCE,120001440,ca-cdph-healthcare-facility-locations,120001440,cb5499a5-0826-493d-aa28-b2c102830d18,EXACT_FACID,6
CA_PENALTY_EVIDENCE,120001442,ca-cdph-healthcare-facility-locations,120001442,dd6a13a2-27c9-4bf1-994e-429a9a97c26d,EXACT_FACID,15
CA_PENALTY_EVIDENCE,120001449,ca-cdph-healthcare-facility-locations,120001449,ab94fa1a-8bc1-4f61-8baa-9e8ed2b4c8ed,EXACT_FACID,4
CA_PENALTY_EVIDENCE,120001462,ca-cdph-healthcare-facility-locations,120001462,aea25aeb-e788-465b-9da7-37d1735863e6,EXACT_FACID,14
CA_PENALTY_EVIDENCE,120001466,ca-cdph-healthcare-facility-locations,120001466,92e11822-e179-4245-8bcf-59ca390831cb,EXACT_FACID,1
CA_PENALTY_EVIDENCE,120001469,ca-cdph-healthcare-facility-locations,120001469,4c77c453-feba-43fd-94e0-3baa3c7b0a33,EXACT_FACID,31
CA_PENALTY_EVIDENCE,120001472,ca-cdph-healthcare-facility-locations,120001472,aff82cad-c001-49b6-b551-3ab5610e7d1a,EXACT_FACID,16
CA_PENALTY_EVIDENCE,120001474,ca-cdph-healthcare-facility-locations,120001474,1d1e6901-f5f7-49c4-8a71-532e2a87a21c,EXACT_FACID,15
CA_PENALTY_EVIDENCE,120001477,ca-cdph-healthcare-facility-locations,120001477,ef30386f-d4d7-405f-b340-8a00172889ef,EXACT_FACID,11
CA_PENALTY_EVIDENCE,120001522,ca-cdph-healthcare-facility-locations,120001522,4b8feee3-4746-4f2b-9fb0-4b82782a1f26,EXACT_FACID,4
CA_PENALTY_EVIDENCE,120001526,ca-cdph-healthcare-facility-locations,120001526,115052c1-ebaa-45b0-9e1b-c5d250f09ea5,EXACT_FACID,7
CA_PENALTY_EVIDENCE,140000003,ca-cdph-healthcare-facility-locations,140000003,c4676309-ef00-46e7-983d-ed3bbf194097,EXACT_FACID,5
CA_PENALTY_EVIDENCE,140000023,ca-cdph-healthcare-facility-locations,140000023,702a3837-d48b-42e2-9ca6-74ecee793b66,EXACT_FACID,8
CA_PENALTY_EVIDENCE,140000030,ca-cdph-healthcare-facility-locations,140000030,cb21f29d-207b-4ba5-b14d-4cded2e0547a,EXACT_FACID,15
CA_PENALTY_EVIDENCE,140000038,ca-cdph-healthcare-facility-locations,140000038,867a6c46-4793-4394-94fc-fe80f70e1d00,EXACT_FACID,10
CA_PENALTY_EVIDENCE,140000051,ca-cdph-healthcare-facility-locations,140000051,d78b232d-e6ea-4253-9910-c62082a227cf,EXACT_FACID,5
CA_PENALTY_EVIDENCE,140000061,ca-cdph-healthcare-facility-locations,140000061,a2f5c7e4-dc31-4293-ae28-a6a5437e54a9,EXACT_FACID,29
CA_PENALTY_EVIDENCE,140000062,ca-cdph-healthcare-facility-locations,140000062,64d9eec7-eba8-464e-9751-28926f631e29,EXACT_FACID,10
CA_PENALTY_EVIDENCE,140000078,ca-cdph-healthcare-facility-locations,140000078,b950fd98-ed11-44ac-806d-4939715f92df,EXACT_FACID,10
CA_PENALTY_EVIDENCE,140000080,ca-cdph-healthcare-facility-locations,140000080,003c4141-6153-4333-b745-8cc7df47c646,EXACT_FACID,16
CA_PENALTY_EVIDENCE,140000081,ca-cdph-healthcare-facility-locations,140000081,63f513f9-179d-47ab-a76f-339173274067,EXACT_FACID,2
CA_PENALTY_EVIDENCE,140000082,ca-cdph-healthcare-facility-locations,140000082,6b4ec08e-3785-4278-944e-1f0a307017eb,EXACT_FACID,42
CA_PENALTY_EVIDENCE,140000083,ca-cdph-healthcare-facility-locations,140000083,fdee61c2-79f3-4571-98fa-c415ae840f2c,EXACT_FACID,18
CA_PENALTY_EVIDENCE,140000086,ca-cdph-healthcare-facility-locations,140000086,91a9e9e0-3659-4689-83c9-7b8c6cb41b8b,EXACT_FACID,6
CA_PENALTY_EVIDENCE,140000092,ca-cdph-healthcare-facility-locations,140000092,531f604d-f6c2-4fd9-94de-f94e17da2390,EXACT_FACID,7
CA_PENALTY_EVIDENCE,140000096,ca-cdph-healthcare-facility-locations,140000096,775a146d-7d21-4a8a-aa38-145f204a865a,EXACT_FACID,1
CA_PENALTY_EVIDENCE,140000102,ca-cdph-healthcare-facility-locations,140000102,e4d0df00-3ef8-46b4-aea6-b246b4c770ea,EXACT_FACID,28
CA_PENALTY_EVIDENCE,140000105,ca-cdph-healthcare-facility-locations,140000105,ed544f8e-eaec-4eb3-a4a9-353021d0468e,EXACT_FACID,7
CA_PENALTY_EVIDENCE,140000121,ca-cdph-healthcare-facility-locations,140000121,b52c6457-d570-4c06-ad10-e6cd3a181c4d,EXACT_FACID,9
CA_PENALTY_EVIDENCE,140000122,ca-cdph-healthcare-facility-locations,140000122,c7fa4d4a-5c4c-401d-8b8b-f19d9f1e457a,EXACT_FACID,3
CA_PENALTY_EVIDENCE,140000130,ca-cdph-healthcare-facility-locations,140000130,bf2e72d8-fffd-4139-92a2-9f4966c737d0,EXACT_FACID,2
CA_PENALTY_EVIDENCE,140000136,ca-cdph-healthcare-facility-locations,140000136,1efb495d-89df-4615-981d-7902b4820d4a,EXACT_FACID,11
CA_PENALTY_EVIDENCE,140000138,ca-cdph-healthcare-facility-locations,140000138,5d2270b3-b12e-4e2a-a87e-348dbdb4a2a5,EXACT_FACID,4
CA_PENALTY_EVIDENCE,140000321,ca-cdph-healthcare-facility-locations,140000321,bd236b29-b59d-4aec-8421-704655fdce15,EXACT_FACID,12
CA_PENALTY_EVIDENCE,140000396,ca-cdph-healthcare-facility-locations,140000396,0bfa56e2-e4b7-4a49-84bd-ee84a3f32cfb,EXACT_FACID,3
CA_PENALTY_EVIDENCE,140000564,ca-cdph-healthcare-facility-locations,140000564,fc65c484-731b-4a12-904d-a2c3419ee0eb,EXACT_FACID,7
CA_PENALTY_EVIDENCE,140000574,ca-cdph-healthcare-facility-locations,140000574,10d07906-c86f-473d-8fde-9337af340afc,EXACT_FACID,3
CA_PENALTY_EVIDENCE,140000686,ca-cdph-healthcare-facility-locations,140000686,3eaf36fe-e1db-40e2-a04f-a7aeb40ebe50,EXACT_FACID,1
CA_PENALTY_EVIDENCE,140000733,ca-cdph-healthcare-facility-locations,140000733,9dd9674c-ddda-49cd-b533-22551da18556,EXACT_FACID,2
CA_PENALTY_EVIDENCE,140000962,ca-cdph-healthcare-facility-locations,140000962,87a505fe-1fe0-4746-b3a3-a39d2b090973,EXACT_FACID,6
CA_PENALTY_EVIDENCE,140001126,ca-cdph-healthcare-facility-locations,140001126,79b52e25-c286-42db-988c-29f33f36bfa4,EXACT_FACID,6
CA_PENALTY_EVIDENCE,140001185,ca-cdph-healthcare-facility-locations,140001185,fd19f66a-7f2f-4be2-8b1f-1375bf60f65f,EXACT_FACID,1
CA_PENALTY_EVIDENCE,140001291,ca-cdph-healthcare-facility-locations,140001291,0b521cb1-c5b5-4470-b894-ecdae4b9528b,EXACT_FACID,2
CA_PENALTY_EVIDENCE,150001228,ca-cdph-healthcare-facility-locations,150001228,fdda6341-48da-4ef9-90d8-fbee6aa2f70c,EXACT_FACID,5
CA_PENALTY_EVIDENCE,150001231,ca-cdph-healthcare-facility-locations,150001231,330bf83b-ef15-434d-8ae0-579cd3e8856a,EXACT_FACID,8
CA_PENALTY_EVIDENCE,170001860,ca-cdph-healthcare-facility-locations,170001860,a065f5d9-45da-4589-b2ee-8ac5b6b1b9fe,EXACT_FACID,4
CA_PENALTY_EVIDENCE,170001867,ca-cdph-healthcare-facility-locations,170001867,a486ff36-8495-4286-9fd8-4799bf0583a5,EXACT_FACID,7
CA_PENALTY_EVIDENCE,170001870,ca-cdph-healthcare-facility-locations,170001870,4cd3bade-f152-4342-a4c5-a64d7a36ccb2,EXACT_FACID,8
CA_PENALTY_EVIDENCE,220000020,ca-cdph-healthcare-facility-locations,220000020,e1fc54e6-f462-48b0-9baf-ee7875c2175c,EXACT_FACID,6
CA_PENALTY_EVIDENCE,220000039,ca-cdph-healthcare-facility-locations,220000039,297a51bb-dbe8-45f5-89a3-b6376e141cef,EXACT_FACID,17
CA_PENALTY_EVIDENCE,220000041,ca-cdph-healthcare-facility-locations,220000041,0c0a5846-c0a7-4e95-805a-b0b3745a1a8f,EXACT_FACID,8
CA_PENALTY_EVIDENCE,220000045,ca-cdph-healthcare-facility-locations,220000045,b16ba72e-7347-4efd-86a5-7cff59cbe691,EXACT_FACID,7
CA_PENALTY_EVIDENCE,220000046,ca-cdph-healthcare-facility-locations,220000046,d8730417-af1a-46ce-bc09-9bb3ad7cd61a,EXACT_FACID,8
CA_PENALTY_EVIDENCE,220000047,ca-cdph-healthcare-facility-locations,220000047,e5c58edf-7008-492d-b8cd-5cf6b4cb83d9,EXACT_FACID,12
CA_PENALTY_EVIDENCE,220000048,ca-cdph-healthcare-facility-locations,220000048,fb3cc5eb-ca93-4499-adfd-6ea5f9b995ed,EXACT_FACID,4
CA_PENALTY_EVIDENCE,220000053,ca-cdph-healthcare-facility-locations,220000053,c5fe8e04-4fca-4547-accc-ded42b3f56c5,EXACT_FACID,3
CA_PENALTY_EVIDENCE,220000056,ca-cdph-healthcare-facility-locations,220000056,f4b63461-c823-4325-bc54-d61480970062,EXACT_FACID,2
CA_PENALTY_EVIDENCE,220000060,ca-cdph-healthcare-facility-locations,220000060,2117e4dd-f00b-4e22-a0d6-f1bb2d435b00,EXACT_FACID,3
CA_PENALTY_EVIDENCE,220000061,ca-cdph-healthcare-facility-locations,220000061,d09e7277-8abc-4f83-8cc4-99ed316dd18e,EXACT_FACID,7
CA_PENALTY_EVIDENCE,220000069,ca-cdph-healthcare-facility-locations,220000069,dc79cdbd-2e9d-4716-bfa7-5a944729d0a5,EXACT_FACID,16
CA_PENALTY_EVIDENCE,220000076,ca-cdph-healthcare-facility-locations,220000076,f935039c-f55e-4f75-a914-8be546a9f2b6,EXACT_FACID,4
CA_PENALTY_EVIDENCE,220000077,ca-cdph-healthcare-facility-locations,220000077,c08af9da-55f2-4d78-a38a-01b666e77f23,EXACT_FACID,6
CA_PENALTY_EVIDENCE,220000081,ca-cdph-healthcare-facility-locations,220000081,43812204-557d-45a1-91aa-fb62d1cbad8d,EXACT_FACID,2
CA_PENALTY_EVIDENCE,220000082,ca-cdph-healthcare-facility-locations,220000082,f5184916-9b11-4d97-bd43-0eddaaacd012,EXACT_FACID,19
CA_PENALTY_EVIDENCE,220000084,ca-cdph-healthcare-facility-locations,220000084,4c2a3d34-c0c8-492d-bd7a-2cefb65bf971,EXACT_FACID,3
CA_PENALTY_EVIDENCE,220000085,ca-cdph-healthcare-facility-locations,220000085,7912df84-6f28-4e7a-8c42-99eca117f428,EXACT_FACID,2
CA_PENALTY_EVIDENCE,220000087,ca-cdph-healthcare-facility-locations,220000087,c65d0c31-7353-4643-b84f-03110ccb013b,EXACT_FACID,10
CA_PENALTY_EVIDENCE,220000089,ca-cdph-healthcare-facility-locations,220000089,ba27b917-2ea5-4b45-8f3a-32f3af6b6008,EXACT_FACID,8
CA_PENALTY_EVIDENCE,220000090,ca-cdph-healthcare-facility-locations,220000090,9f9da29f-2762-4bec-b38c-37ff72f1682f,EXACT_FACID,5
CA_PENALTY_EVIDENCE,220000094,ca-cdph-healthcare-facility-locations,220000094,e4857572-fde4-4c23-a114-e2156c6e5858,EXACT_FACID,2
CA_PENALTY_EVIDENCE,220000205,ca-cdph-healthcare-facility-locations,220000205,ae06d166-8e84-4cf8-b906-2b5c2d0e96b7,EXACT_FACID,2
CA_PENALTY_EVIDENCE,220000218,ca-cdph-healthcare-facility-locations,220000218,b55cc359-afc6-4506-993b-e83689402977,EXACT_FACID,15
CA_PENALTY_EVIDENCE,220000416,ca-cdph-healthcare-facility-locations,220000416,7f26f115-9c49-4b13-985a-f80db5c7e94d,EXACT_FACID,10
CA_PENALTY_EVIDENCE,220000512,ca-cdph-healthcare-facility-locations,220000512,99b161b2-d043-444d-bde1-70fe6db15736,EXACT_FACID,69
CA_PENALTY_EVIDENCE,220000518,ca-cdph-healthcare-facility-locations,220000518,fbc51e6e-009d-4356-bcec-6fab0679ead5,EXACT_FACID,9
CA_PENALTY_EVIDENCE,220000888,ca-cdph-healthcare-facility-locations,220000888,d0ee1a59-9355-436e-8ecb-73380e221e2b,EXACT_FACID,5
CA_PENALTY_EVIDENCE,220000971,ca-cdph-healthcare-facility-locations,220000971,0fd690d7-cf3c-40b1-b079-cece59390baa,EXACT_FACID,2
CA_PENALTY_EVIDENCE,220001000,ca-cdph-healthcare-facility-locations,220001000,abfe762e-109b-43c6-8b77-133c6f832a62,EXACT_FACID,12
CA_PENALTY_EVIDENCE,220001009,ca-cdph-healthcare-facility-locations,220001009,6cbcc5c2-3972-49b8-8945-9034fd698b84,EXACT_FACID,21
CA_PENALTY_EVIDENCE,220001016,ca-cdph-healthcare-facility-locations,220001016,dace66b2-4df6-4c05-a483-b49ca4104782,EXACT_FACID,10
CA_PENALTY_EVIDENCE,220001018,ca-cdph-healthcare-facility-locations,220001018,585d9d92-f642-42d1-bb32-5c01158764cc,EXACT_FACID,28
CA_PENALTY_EVIDENCE,220001020,ca-cdph-healthcare-facility-locations,220001020,559524ad-2082-4a34-800d-d977fbb789ba,EXACT_FACID,4
CA_PENALTY_EVIDENCE,220001024,ca-cdph-healthcare-facility-locations,220001024,4942e2a0-1c2c-4c2b-9240-ba04e71ba023,EXACT_FACID,6
CA_PENALTY_EVIDENCE,220001027,ca-cdph-healthcare-facility-locations,220001027,612475c7-c1bb-4295-b9bc-48bd43e96b61,EXACT_FACID,2
CA_PENALTY_EVIDENCE,220001030,ca-cdph-healthcare-facility-locations,220001030,bed270d8-76ff-48db-a51d-5a18963f24ff,EXACT_FACID,6
CA_PENALTY_EVIDENCE,220001032,ca-cdph-healthcare-facility-locations,220001032,37d0844a-d8cf-4b4b-9ce2-f7c920ed2a15,EXACT_FACID,4
CA_PENALTY_EVIDENCE,220001039,ca-cdph-healthcare-facility-locations,220001039,cf48b210-74c7-44d7-829a-3b949ee74baa,EXACT_FACID,6
CA_PENALTY_EVIDENCE,220001041,ca-cdph-healthcare-facility-locations,220001041,343864e2-4add-43c0-876d-4c6d33841fb2,EXACT_FACID,6
CA_PENALTY_EVIDENCE,220001046,ca-cdph-healthcare-facility-locations,220001046,3507bdc0-2949-4a57-9267-8cdd70892227,EXACT_FACID,7
CA_PENALTY_EVIDENCE,220001048,ca-cdph-healthcare-facility-locations,220001048,45cc6f61-043b-44d9-9e95-7268c69fef7f,EXACT_FACID,4
CA_PENALTY_EVIDENCE,220001051,ca-cdph-healthcare-facility-locations,220001051,55fb348b-3d0f-4c6c-89dd-099b12253583,EXACT_FACID,1
CA_PENALTY_EVIDENCE,220001054,ca-cdph-healthcare-facility-locations,220001054,0c75c6ea-6e90-4455-82f5-8f9de019aea4,EXACT_FACID,5
CA_PENALTY_EVIDENCE,220001058,ca-cdph-healthcare-facility-locations,220001058,2948c0dc-810f-48cb-a23a-392bc1faea8a,EXACT_FACID,2
CA_PENALTY_EVIDENCE,220001063,ca-cdph-healthcare-facility-locations,220001063,7a278eb3-be04-4fe8-8570-8277114607c9,EXACT_FACID,5
CA_PENALTY_EVIDENCE,220001076,ca-cdph-healthcare-facility-locations,220001076,1ac7b81e-6cdd-4e12-817d-bc0ffbdbb732,EXACT_FACID,6
CA_PENALTY_EVIDENCE,220001079,ca-cdph-healthcare-facility-locations,220001079,716a9d4c-7083-4d2f-813f-44354e5e458a,EXACT_FACID,3
CA_PENALTY_EVIDENCE,230000023,ca-cdph-healthcare-facility-locations,230000023,2cf2b01a-6a33-4441-a5e8-28cfe6a15636,EXACT_FACID,28
CA_PENALTY_EVIDENCE,230000024,ca-cdph-healthcare-facility-locations,230000024,8e435cb5-1479-4772-a3e0-69e80b7c4271,EXACT_FACID,19
CA_PENALTY_EVIDENCE,230000025,ca-cdph-healthcare-facility-locations,230000025,8b069a0c-9f81-47a8-ab88-665dc9767c6c,EXACT_FACID,9
CA_PENALTY_EVIDENCE,230000027,ca-cdph-healthcare-facility-locations,230000027,6bd1e350-13be-4d64-b27f-55e4af404e85,EXACT_FACID,8
CA_PENALTY_EVIDENCE,230000028,ca-cdph-healthcare-facility-locations,230000028,66f22e4c-3c3c-4758-9777-54517a03d37e,EXACT_FACID,18
CA_PENALTY_EVIDENCE,230000029,ca-cdph-healthcare-facility-locations,230000029,09912df8-c1a4-48b0-9d50-49f5c8890c08,EXACT_FACID,35
CA_PENALTY_EVIDENCE,230000030,ca-cdph-healthcare-facility-locations,230000030,c0941175-0adf-4096-b744-2bc2d8b09487,EXACT_FACID,39
CA_PENALTY_EVIDENCE,230000036,ca-cdph-healthcare-facility-locations,230000036,3a72cce3-4e2b-41a5-8bef-24bf70bee854,EXACT_FACID,37
CA_PENALTY_EVIDENCE,230000037,ca-cdph-healthcare-facility-locations,230000037,77ac347b-b674-4ff1-a508-e69866e1989d,EXACT_FACID,2
CA_PENALTY_EVIDENCE,230000038,ca-cdph-healthcare-facility-locations,230000038,49ffda18-f626-4545-8836-da09648d1d50,EXACT_FACID,27
CA_PENALTY_EVIDENCE,230000039,ca-cdph-healthcare-facility-locations,230000039,fbc8be68-75a5-4b07-a610-7199e535c60a,EXACT_FACID,37
CA_PENALTY_EVIDENCE,230000043,ca-cdph-healthcare-facility-locations,230000043,240c3fe0-5f8e-4491-8e37-c77f7766f4c4,EXACT_FACID,22
CA_PENALTY_EVIDENCE,230000044,ca-cdph-healthcare-facility-locations,230000044,ce766352-7199-4529-b5af-dd33fb33c198,EXACT_FACID,24
CA_PENALTY_EVIDENCE,230000144,ca-cdph-healthcare-facility-locations,230000144,2584e12a-c2db-4022-9148-cb427d96d675,EXACT_FACID,7
CA_PENALTY_EVIDENCE,230000187,ca-cdph-healthcare-facility-locations,230000187,0b0b478f-29f0-4078-9067-a03ddc49f262,EXACT_FACID,20
CA_PENALTY_EVIDENCE,230000197,ca-cdph-healthcare-facility-locations,230000197,82d04f1d-2192-4369-b291-b54ca63823df,EXACT_FACID,12
CA_PENALTY_EVIDENCE,230000221,ca-cdph-healthcare-facility-locations,230000221,bf930538-6f50-4944-94d2-325fa9afb60c,EXACT_FACID,51
CA_PENALTY_EVIDENCE,230000227,ca-cdph-healthcare-facility-locations,230000227,bcbd1de6-8759-4ca5-93ec-f23f6f1a85d6,EXACT_FACID,3
CA_PENALTY_EVIDENCE,230000247,ca-cdph-healthcare-facility-locations,230000247,20e59e56-5dbf-45a6-801f-72a47ae0b108,EXACT_FACID,8
CA_PENALTY_EVIDENCE,230000255,ca-cdph-healthcare-facility-locations,230000255,2b830bab-94a0-4152-bc99-c6e3f3b1a07e,EXACT_FACID,32
CA_PENALTY_EVIDENCE,230000275,ca-cdph-healthcare-facility-locations,230000275,05923d53-58f5-4c88-9129-29d2a4028ae7,EXACT_FACID,17
CA_PENALTY_EVIDENCE,230000276,ca-cdph-healthcare-facility-locations,230000276,d30bcccc-cc4b-4a19-8f38-127f9f028ab2,EXACT_FACID,20
CA_PENALTY_EVIDENCE,230000277,ca-cdph-healthcare-facility-locations,230000277,37c5effe-0450-49cf-8baf-54afd86893b9,EXACT_FACID,26
CA_PENALTY_EVIDENCE,230000278,ca-cdph-healthcare-facility-locations,230000278,ccb4c14a-cd5e-4b34-ab9a-7fed12710b6c,EXACT_FACID,19
CA_PENALTY_EVIDENCE,230000279,ca-cdph-healthcare-facility-locations,230000279,6eb7d828-b970-460c-bbc1-99fdda50b95f,EXACT_FACID,16
CA_PENALTY_EVIDENCE,230000282,ca-cdph-healthcare-facility-locations,230000282,67327c17-8a8e-42c3-9196-21d5ebe3c4c2,EXACT_FACID,4
CA_PENALTY_EVIDENCE,230000283,ca-cdph-healthcare-facility-locations,230000283,91e48af6-ed8b-41c4-849a-7fa72921cce5,EXACT_FACID,4
CA_PENALTY_EVIDENCE,230000284,ca-cdph-healthcare-facility-locations,230000284,64fe2c63-4777-4aaf-a9cf-453f789bdd7c,EXACT_FACID,31
CA_PENALTY_EVIDENCE,230000327,ca-cdph-healthcare-facility-locations,230000327,e8754180-85a7-404d-b685-cc3babc9e936,EXACT_FACID,2
CA_PENALTY_EVIDENCE,230000334,ca-cdph-healthcare-facility-locations,230000334,27e9ee45-6240-40ea-8430-152174c0b238,EXACT_FACID,10
CA_PENALTY_EVIDENCE,230000351,ca-cdph-healthcare-facility-locations,230000351,7ce7a992-c457-45d8-9376-528c08dd62cf,EXACT_FACID,17
CA_PENALTY_EVIDENCE,230000366,ca-cdph-healthcare-facility-locations,230000366,29fd2a00-9ac8-4587-861a-c6cb78177154,EXACT_FACID,28
CA_PENALTY_EVIDENCE,230000370,ca-cdph-healthcare-facility-locations,230000370,4b640b39-6654-410c-9d68-1dbc5fcd2736,EXACT_FACID,6
CA_PENALTY_EVIDENCE,230000389,ca-cdph-healthcare-facility-locations,230000389,38a7774c-ef8d-46f2-a612-dbf8520a9938,EXACT_FACID,15
CA_PENALTY_EVIDENCE,230000392,ca-cdph-healthcare-facility-locations,230000392,6e49e24d-1e8d-4cc6-81f6-cf9c90b0c164,EXACT_FACID,7
CA_PENALTY_EVIDENCE,230000460,ca-cdph-healthcare-facility-locations,230000460,bd5e096e-8b81-464a-9a0b-27f698110372,EXACT_FACID,27
CA_PENALTY_EVIDENCE,230000504,ca-cdph-healthcare-facility-locations,230000504,b848df54-34c0-477d-b142-82a0fa4d6e8e,EXACT_FACID,7
CA_PENALTY_EVIDENCE,230000546,ca-cdph-healthcare-facility-locations,230000546,1ab52ac8-1c5a-4070-a7fd-296238631c96,EXACT_FACID,12
CA_PENALTY_EVIDENCE,230000802,ca-cdph-healthcare-facility-locations,230000802,e2a311ad-dcdc-4db5-a83c-177f5670f2f1,EXACT_FACID,23
CA_PENALTY_EVIDENCE,240000013,ca-cdph-healthcare-facility-locations,240000013,7806052c-8371-45d9-847d-beeabe26846b,EXACT_FACID,2
CA_PENALTY_EVIDENCE,240000018,ca-cdph-healthcare-facility-locations,240000018,62e01975-22e1-432e-81fd-2e424fdbc961,EXACT_FACID,4
CA_PENALTY_EVIDENCE,240000020,ca-cdph-healthcare-facility-locations,240000020,a1761c1d-99cf-4cd2-8775-f5abd664b99d,EXACT_FACID,3
CA_PENALTY_EVIDENCE,240000023,ca-cdph-healthcare-facility-locations,240000023,a1d27ebd-ab28-40c4-b8fd-555a2b41d21c,EXACT_FACID,21
CA_PENALTY_EVIDENCE,240000029,ca-cdph-healthcare-facility-locations,240000029,5a46ec54-4970-4845-a601-afd275f3a92a,EXACT_FACID,15
CA_PENALTY_EVIDENCE,240000031,ca-cdph-healthcare-facility-locations,240000031,e2006470-1f6a-4bb6-9c05-dd5ca51a85e3,EXACT_FACID,21
CA_PENALTY_EVIDENCE,240000032,ca-cdph-healthcare-facility-locations,240000032,d3218c29-9dda-485d-bb24-fbf167a6b2b7,EXACT_FACID,3
CA_PENALTY_EVIDENCE,240000038,ca-cdph-healthcare-facility-locations,240000038,0c35c70c-de3a-407d-a372-5c4f9181b8a8,EXACT_FACID,11
CA_PENALTY_EVIDENCE,240000047,ca-cdph-healthcare-facility-locations,240000047,575436d6-6213-41cc-8763-261aee0f0cc0,EXACT_FACID,20
CA_PENALTY_EVIDENCE,240000058,ca-cdph-healthcare-facility-locations,240000058,613b9fb4-9bac-48f4-9bcc-cacb00cb9fb5,EXACT_FACID,16
CA_PENALTY_EVIDENCE,240000059,ca-cdph-healthcare-facility-locations,240000059,3fcbcb9d-7336-4010-b923-e57a6ae98400,EXACT_FACID,10
CA_PENALTY_EVIDENCE,240000060,ca-cdph-healthcare-facility-locations,240000060,3c885b06-269d-4a23-8e8e-a21e77e633a4,EXACT_FACID,9
CA_PENALTY_EVIDENCE,240000063,ca-cdph-healthcare-facility-locations,240000063,dbda5568-6bdc-4862-85f1-ff4e2c75fd95,EXACT_FACID,5
CA_PENALTY_EVIDENCE,240000065,ca-cdph-healthcare-facility-locations,240000065,99ee64c7-93fd-4cef-af00-3156cd222bee,EXACT_FACID,7
CA_PENALTY_EVIDENCE,240000066,ca-cdph-healthcare-facility-locations,240000066,2131baf5-7977-472b-8c8a-17bc81292d25,EXACT_FACID,18
CA_PENALTY_EVIDENCE,240000068,ca-cdph-healthcare-facility-locations,240000068,f2b78d98-ac5e-4e7c-9a8d-e5b7477e9859,EXACT_FACID,10
CA_PENALTY_EVIDENCE,240000071,ca-cdph-healthcare-facility-locations,240000071,bed9972b-f56e-42ea-a286-d30f126e9315,EXACT_FACID,3
CA_PENALTY_EVIDENCE,240000075,ca-cdph-healthcare-facility-locations,240000075,097a05f2-29dc-41aa-8dd0-4bfbfbb3a3b8,EXACT_FACID,4
CA_PENALTY_EVIDENCE,240000080,ca-cdph-healthcare-facility-locations,240000080,4119f61a-3166-4aaa-8cff-945d41f9bfbe,EXACT_FACID,12
CA_PENALTY_EVIDENCE,240000085,ca-cdph-healthcare-facility-locations,240000085,d268ab63-d24d-4843-87c4-b31ceb8432d4,EXACT_FACID,3
CA_PENALTY_EVIDENCE,240000089,ca-cdph-healthcare-facility-locations,240000089,103525d9-4648-4974-a4ff-84001666720b,EXACT_FACID,17
CA_PENALTY_EVIDENCE,240000090,ca-cdph-healthcare-facility-locations,240000090,8314ef35-8b02-46c8-93c7-8088270fe6cd,EXACT_FACID,6
CA_PENALTY_EVIDENCE,240000093,ca-cdph-healthcare-facility-locations,240000093,02ff9132-9698-44e2-969e-0fe0797d68fe,EXACT_FACID,5
CA_PENALTY_EVIDENCE,240000094,ca-cdph-healthcare-facility-locations,240000094,a4af5747-4785-441a-a74f-c246612abdd3,EXACT_FACID,15
CA_PENALTY_EVIDENCE,240000096,ca-cdph-healthcare-facility-locations,240000096,b612b73d-8535-44a3-8aa9-fb7189fd1956,EXACT_FACID,6
CA_PENALTY_EVIDENCE,240000097,ca-cdph-healthcare-facility-locations,240000097,3080be3f-5fa8-4b3d-ad96-28c1bd0cb57f,EXACT_FACID,6
CA_PENALTY_EVIDENCE,240000099,ca-cdph-healthcare-facility-locations,240000099,d9d7da2a-bc82-45e3-bec5-92d942107614,EXACT_FACID,27
CA_PENALTY_EVIDENCE,240000106,ca-cdph-healthcare-facility-locations,240000106,3507570a-d01e-4d1f-bcc2-99d8fd7f0808,EXACT_FACID,12
CA_PENALTY_EVIDENCE,240000107,ca-cdph-healthcare-facility-locations,240000107,a4c39d31-c8d8-43d5-bb6b-5a330f1c5405,EXACT_FACID,7
CA_PENALTY_EVIDENCE,240000143,ca-cdph-healthcare-facility-locations,240000143,a12c302f-2c4b-45af-8cd8-d2c580814288,EXACT_FACID,9
CA_PENALTY_EVIDENCE,240000145,ca-cdph-healthcare-facility-locations,240000145,bf750787-4890-4289-81cb-099e7a0a1de6,EXACT_FACID,2
CA_PENALTY_EVIDENCE,240000150,ca-cdph-healthcare-facility-locations,240000150,bd3aa0d8-de53-40f8-9c9a-8a2462b9248c,EXACT_FACID,5
CA_PENALTY_EVIDENCE,240000152,ca-cdph-healthcare-facility-locations,240000152,abb80f12-29c0-495f-a2e6-508a6dc54ffa,EXACT_FACID,17
CA_PENALTY_EVIDENCE,240000156,ca-cdph-healthcare-facility-locations,240000156,646801dd-3673-462e-b746-112f299178b2,EXACT_FACID,7
CA_PENALTY_EVIDENCE,240000252,ca-cdph-healthcare-facility-locations,240000252,0dea8fe0-5b69-4131-8664-4b67528b9061,EXACT_FACID,16
CA_PENALTY_EVIDENCE,240000285,ca-cdph-healthcare-facility-locations,240000285,145aff4c-4896-43ec-ac11-fdcb7c62bd44,EXACT_FACID,8
CA_PENALTY_EVIDENCE,240000286,ca-cdph-healthcare-facility-locations,240000286,0a30dc86-1a54-4e5b-9498-87eaff5cd382,EXACT_FACID,10
CA_PENALTY_EVIDENCE,240000287,ca-cdph-healthcare-facility-locations,240000287,a60a65a5-31b6-4336-bb50-964b7713682d,EXACT_FACID,9
CA_PENALTY_EVIDENCE,240000289,ca-cdph-healthcare-facility-locations,240000289,abe3b6d9-0bb4-49c7-a74d-4ecc47a69901,EXACT_FACID,13
CA_PENALTY_EVIDENCE,240000365,ca-cdph-healthcare-facility-locations,240000365,52e9c2f4-e52f-4a92-95ae-6c85ef3d862e,EXACT_FACID,6
CA_PENALTY_EVIDENCE,240000650,ca-cdph-healthcare-facility-locations,240000650,05217824-0e71-4773-ac59-d86266a8549a,EXACT_FACID,28
CA_PENALTY_EVIDENCE,240000682,ca-cdph-healthcare-facility-locations,240000682,21c8d54c-9ad9-4084-8d0d-e4108175d9de,EXACT_FACID,20
CA_PENALTY_EVIDENCE,240000700,ca-cdph-healthcare-facility-locations,240000700,225ec63e-9200-492a-9ad5-85f124c83634,EXACT_FACID,19
CA_PENALTY_EVIDENCE,240000873,ca-cdph-healthcare-facility-locations,240000873,d1e89a0e-9f28-4e18-b376-f32cfd41fdc9,EXACT_FACID,10
CA_PENALTY_EVIDENCE,240000925,ca-cdph-healthcare-facility-locations,240000925,5113affd-6407-4219-91e7-8c06f81c9039,EXACT_FACID,16
CA_PENALTY_EVIDENCE,240000979,ca-cdph-healthcare-facility-locations,240000979,9120c944-f64c-41d4-a130-d149abc91df3,EXACT_FACID,5
CA_PENALTY_EVIDENCE,240000991,ca-cdph-healthcare-facility-locations,240000991,7ecdbe56-3849-4f33-9c33-fd7555092f4a,EXACT_FACID,1
CA_PENALTY_EVIDENCE,240001011,ca-cdph-healthcare-facility-locations,240001011,559b55fd-cf5e-43d5-9d22-53036bd27399,EXACT_FACID,23
CA_PENALTY_EVIDENCE,240001032,ca-cdph-healthcare-facility-locations,240001032,3c80bc3f-61ea-4b06-9327-9e620256b42c,EXACT_FACID,16
CA_PENALTY_EVIDENCE,240001081,ca-cdph-healthcare-facility-locations,240001081,ec67f2e2-a9b6-48f5-ab80-46759a208509,EXACT_FACID,4
CA_PENALTY_EVIDENCE,240001089,ca-cdph-healthcare-facility-locations,240001089,3293be05-9097-4773-8b66-4bb3a615d638,EXACT_FACID,7
CA_PENALTY_EVIDENCE,240001102,ca-cdph-healthcare-facility-locations,240001102,30b54e01-a54c-4428-a91e-0ae811a9a333,EXACT_FACID,2
CA_PENALTY_EVIDENCE,240001854,ca-cdph-healthcare-facility-locations,240001854,791b1e3b-675d-416b-b9c2-2d9defee0e0a,EXACT_FACID,29
CA_PENALTY_EVIDENCE,250000010,ca-cdph-healthcare-facility-locations,250000010,2e5b3192-c74c-4714-87ca-9398e5cd5dc6,EXACT_FACID,12
CA_PENALTY_EVIDENCE,250000015,ca-cdph-healthcare-facility-locations,250000015,9a3fcfea-5367-4f6a-af79-2dc96b30cc70,EXACT_FACID,10
CA_PENALTY_EVIDENCE,250000016,ca-cdph-healthcare-facility-locations,250000016,67da51f6-bacf-4393-bd39-b4bea4d0de21,EXACT_FACID,9
CA_PENALTY_EVIDENCE,250000019,ca-cdph-healthcare-facility-locations,250000019,a0392f3c-1581-4dee-8070-ae6f6ac56db6,EXACT_FACID,4
CA_PENALTY_EVIDENCE,250000021,ca-cdph-healthcare-facility-locations,250000021,57b0794d-3e59-407e-b26c-b76ce59dcc5e,EXACT_FACID,8
CA_PENALTY_EVIDENCE,250000022,ca-cdph-healthcare-facility-locations,250000022,53279a0d-76a4-428e-8879-505cf37feeb6,EXACT_FACID,13
CA_PENALTY_EVIDENCE,250000026,ca-cdph-healthcare-facility-locations,250000026,0db61940-3f23-44e6-9882-9daccd8d0238,EXACT_FACID,19
CA_PENALTY_EVIDENCE,250000033,ca-cdph-healthcare-facility-locations,250000033,35553efb-c7e6-4a67-b410-d228845cf0fb,EXACT_FACID,6
CA_PENALTY_EVIDENCE,250000036,ca-cdph-healthcare-facility-locations,250000036,c4a61554-a124-43d3-92de-cdfb52070c7b,EXACT_FACID,6
CA_PENALTY_EVIDENCE,250000039,ca-cdph-healthcare-facility-locations,250000039,5a7424aa-f053-4c29-90b6-5a81d845f2f0,EXACT_FACID,6
CA_PENALTY_EVIDENCE,250000041,ca-cdph-healthcare-facility-locations,250000041,a5cb00f2-5b81-4db7-ae6f-9cf99c5acda9,EXACT_FACID,12
CA_PENALTY_EVIDENCE,250000043,ca-cdph-healthcare-facility-locations,250000043,88f58f0b-12dc-4123-a3fd-0de96a1a8577,EXACT_FACID,8
CA_PENALTY_EVIDENCE,250000045,ca-cdph-healthcare-facility-locations,250000045,dffea325-0326-4551-9124-9ac4ddfa116a,EXACT_FACID,15
CA_PENALTY_EVIDENCE,250000051,ca-cdph-healthcare-facility-locations,250000051,93110a5a-b8a7-4dae-b2be-ac7b8ac52be6,EXACT_FACID,5
CA_PENALTY_EVIDENCE,250000057,ca-cdph-healthcare-facility-locations,250000057,1c5f227b-29ba-489b-a7d3-cb36dea55084,EXACT_FACID,13
CA_PENALTY_EVIDENCE,250000061,ca-cdph-healthcare-facility-locations,250000061,e7cfdf6b-8601-4d9f-a326-4e66e9195b1e,EXACT_FACID,6
CA_PENALTY_EVIDENCE,250000064,ca-cdph-healthcare-facility-locations,250000064,bcdf413c-254d-44d0-9ca2-81dbd3bd77a7,EXACT_FACID,3
CA_PENALTY_EVIDENCE,250000072,ca-cdph-healthcare-facility-locations,250000072,e86012aa-eebf-4ba5-8ab2-f7faeab944aa,EXACT_FACID,7
CA_PENALTY_EVIDENCE,250000073,ca-cdph-healthcare-facility-locations,250000073,068eb8bc-7976-44cc-994c-8e437809d43c,EXACT_FACID,11
CA_PENALTY_EVIDENCE,250000077,ca-cdph-healthcare-facility-locations,250000077,294931ce-c040-4388-a8d0-25c493a51e32,EXACT_FACID,16
CA_PENALTY_EVIDENCE,250000078,ca-cdph-healthcare-facility-locations,250000078,a8495115-4d19-4840-a83b-c4047f31701d,EXACT_FACID,5
CA_PENALTY_EVIDENCE,250000079,ca-cdph-healthcare-facility-locations,250000079,fa1348d2-8902-4dae-a314-d4ea649bb5d5,EXACT_FACID,6
CA_PENALTY_EVIDENCE,250000081,ca-cdph-healthcare-facility-locations,250000081,f6e99acd-bcb2-45da-b90c-e085dea10ccb,EXACT_FACID,18
CA_PENALTY_EVIDENCE,250000087,ca-cdph-healthcare-facility-locations,250000087,fd67bd2d-3424-4610-9503-aa7474b13055,EXACT_FACID,13
CA_PENALTY_EVIDENCE,250000091,ca-cdph-healthcare-facility-locations,250000091,dcf74ba8-28bd-4c82-a790-3178f37abe5a,EXACT_FACID,14
CA_PENALTY_EVIDENCE,250000092,ca-cdph-healthcare-facility-locations,250000092,a01180e4-43ce-4f4a-afdf-2cfb5900b932,EXACT_FACID,12
CA_PENALTY_EVIDENCE,250000095,ca-cdph-healthcare-facility-locations,250000095,2c2d71d0-f2ae-4a86-9934-024b560357fa,EXACT_FACID,12
CA_PENALTY_EVIDENCE,250000098,ca-cdph-healthcare-facility-locations,250000098,fb05c7ef-a2ea-43de-8966-502c8c85c00d,EXACT_FACID,6
CA_PENALTY_EVIDENCE,250000110,ca-cdph-healthcare-facility-locations,250000110,c742b515-30a4-45af-89d0-1a6216855b74,EXACT_FACID,21
CA_PENALTY_EVIDENCE,250000141,ca-cdph-healthcare-facility-locations,250000141,4cbafffd-63ec-46a2-854f-95bc31a3ab8a,EXACT_FACID,5
CA_PENALTY_EVIDENCE,250000148,ca-cdph-healthcare-facility-locations,250000148,59f82f1b-a67e-4637-91b7-9c4a56061af1,EXACT_FACID,30
CA_PENALTY_EVIDENCE,250000153,ca-cdph-healthcare-facility-locations,250000153,bb014234-dcca-493b-9e22-13c11ee90150,EXACT_FACID,2
CA_PENALTY_EVIDENCE,250000154,ca-cdph-healthcare-facility-locations,250000154,6b8bbd62-30d0-424d-ae9b-6fb1e52156cd,EXACT_FACID,6
CA_PENALTY_EVIDENCE,250000155,ca-cdph-healthcare-facility-locations,250000155,484ffedd-cbdb-4c7b-9e2c-dd26887f9dee,EXACT_FACID,10
CA_PENALTY_EVIDENCE,250000260,ca-cdph-healthcare-facility-locations,250000260,48342b57-dfa3-4c13-b9d6-dec35612cd47,EXACT_FACID,6
CA_PENALTY_EVIDENCE,250000270,ca-cdph-healthcare-facility-locations,250000270,3d0c1ed1-845e-478f-bb62-bdace7bac679,EXACT_FACID,2
CA_PENALTY_EVIDENCE,250000283,ca-cdph-healthcare-facility-locations,250000283,6b7e7f5c-13a7-455a-a764-1c86377ead76,EXACT_FACID,11
CA_PENALTY_EVIDENCE,250000284,ca-cdph-healthcare-facility-locations,250000284,d6e6ffb6-ec1a-4ee9-b595-e38674aa20bd,EXACT_FACID,11
CA_PENALTY_EVIDENCE,250000299,ca-cdph-healthcare-facility-locations,250000299,93a0d3bc-e0bf-4e01-b407-812c5ba84b5b,EXACT_FACID,8
CA_PENALTY_EVIDENCE,250000567,ca-cdph-healthcare-facility-locations,250000567,3e222b62-7b26-462d-b502-e32202630b26,EXACT_FACID,11
CA_PENALTY_EVIDENCE,250000619,ca-cdph-healthcare-facility-locations,250000619,a179df3b-cb8f-4dd5-8160-7a4ad95c6c3a,EXACT_FACID,8
CA_PENALTY_EVIDENCE,250000634,ca-cdph-healthcare-facility-locations,250000634,3627f78c-8c27-42f1-ad95-292b5bda2f48,EXACT_FACID,15
CA_PENALTY_EVIDENCE,250000673,ca-cdph-healthcare-facility-locations,250000673,d8b3d191-be56-456b-9d9d-127e8270bf99,EXACT_FACID,5
CA_PENALTY_EVIDENCE,250000723,ca-cdph-healthcare-facility-locations,250000723,eb176645-60ec-40f5-9b6c-1fea9c8ffb91,EXACT_FACID,10
CA_PENALTY_EVIDENCE,250000857,ca-cdph-healthcare-facility-locations,250000857,24fd2b27-a941-4316-b7b2-f353c04510d6,EXACT_FACID,3
CA_PENALTY_EVIDENCE,250000902,ca-cdph-healthcare-facility-locations,250000902,9fde9a04-5053-4f13-811a-1a709dd601fd,EXACT_FACID,4
CA_PENALTY_EVIDENCE,250001276,ca-cdph-healthcare-facility-locations,250001276,e58aa3a5-4b61-41c0-bbea-ad3060495da6,EXACT_FACID,1
CA_PENALTY_EVIDENCE,250001382,ca-cdph-healthcare-facility-locations,250001382,3241e4a1-eefb-435f-8e9c-33fa997aaf2b,EXACT_FACID,5
CA_PENALTY_EVIDENCE,250001502,ca-cdph-healthcare-facility-locations,250001502,da413069-e6e9-49e2-8aa2-28e16d2eaa8b,EXACT_FACID,41
CA_PENALTY_EVIDENCE,250001724,ca-cdph-healthcare-facility-locations,250001724,c7889d22-8d66-47da-85ae-6e1f6e0edda6,EXACT_FACID,14
CA_PENALTY_EVIDENCE,250001745,ca-cdph-healthcare-facility-locations,250001745,e0b153c0-83df-424f-8362-ff44a30a9e04,EXACT_FACID,11
CA_PENALTY_EVIDENCE,630006021,ca-cdph-healthcare-facility-locations,630006021,5756518f-3232-4795-909f-9184bd3c6da1,EXACT_FACID,5
CA_PENALTY_EVIDENCE,630011499,ca-cdph-healthcare-facility-locations,630011499,249c3abb-1927-43e5-a727-30fe07f4fa5b,EXACT_FACID,7
CA_PENALTY_EVIDENCE,630011658,ca-cdph-healthcare-facility-locations,630011658,91664b1a-35ea-4ed9-b95c-de601fe2a3c4,EXACT_FACID,4
CA_PENALTY_EVIDENCE,630011713,ca-cdph-healthcare-facility-locations,630011713,34abc46a-8c4c-49d8-90a0-8fd81f72b381,EXACT_FACID,3
CA_PENALTY_EVIDENCE,630012057,ca-cdph-healthcare-facility-locations,630012057,90e654a6-7c61-43af-be67-f7ad1e1572a5,EXACT_FACID,9
CA_PENALTY_EVIDENCE,630012059,ca-cdph-healthcare-facility-locations,630012059,aabcf192-7aa5-4b93-ad58-e73b2b262dc4,EXACT_FACID,2
CA_PENALTY_EVIDENCE,630012080,ca-cdph-healthcare-facility-locations,630012080,1a918718-d0fa-4424-86e0-22a50a73f20f,EXACT_FACID,3
CA_PENALTY_EVIDENCE,630013558,ca-cdph-healthcare-facility-locations,630013558,80577ee8-01a1-4aa9-953d-a9c406dfe804,EXACT_FACID,1
CA_PENALTY_EVIDENCE,630013665,ca-cdph-healthcare-facility-locations,630013665,cf0a36e5-65ca-4e47-ba29-9f1bd4e8a02b,EXACT_FACID,7
CA_PENALTY_EVIDENCE,630014894,ca-cdph-healthcare-facility-locations,630014894,33a7c444-99b0-46c0-baef-95d8b8881b77,EXACT_FACID,5
CA_PENALTY_EVIDENCE,630014895,ca-cdph-healthcare-facility-locations,630014895,3b25d692-d538-445d-935e-f81de619bd91,EXACT_FACID,5
CA_PENALTY_EVIDENCE,630014957,ca-cdph-healthcare-facility-locations,630014957,7dc582e1-0de7-448a-b4f6-d0c57279dd88,EXACT_FACID,1
CA_PENALTY_EVIDENCE,630016910,ca-cdph-healthcare-facility-locations,630016910,02ae28be-4f53-44ff-8e2a-3aaa485388fc,EXACT_FACID,8
CA_PENALTY_EVIDENCE,630017642,ca-cdph-healthcare-facility-locations,630017642,94cfb440-8005-40fd-8158-aee8026deb10,EXACT_FACID,6
CA_PENALTY_EVIDENCE,630017935,ca-cdph-healthcare-facility-locations,630017935,f00eec06-aa45-4a38-ae57-2a71c5e59399,EXACT_FACID,2
CA_PENALTY_EVIDENCE,910000003,ca-cdph-healthcare-facility-locations,910000003,2b4655ce-f5cb-4146-9ed5-39e1e6d112eb,EXACT_FACID,13
CA_PENALTY_EVIDENCE,910000004,ca-cdph-healthcare-facility-locations,910000004,7fb642ae-f780-4819-8428-c7d6562b7f6e,EXACT_FACID,20
CA_PENALTY_EVIDENCE,910000005,ca-cdph-healthcare-facility-locations,910000005,45a33bd3-ca69-4031-a941-b2bb1aaffe69,EXACT_FACID,9
CA_PENALTY_EVIDENCE,910000006,ca-cdph-healthcare-facility-locations,910000006,b7a13ff4-49db-4b54-b942-086499d4feb3,EXACT_FACID,10
CA_PENALTY_EVIDENCE,910000007,ca-cdph-healthcare-facility-locations,910000007,9e8e9942-96fe-4907-a1a4-651e1dac474f,EXACT_FACID,19
CA_PENALTY_EVIDENCE,910000009,ca-cdph-healthcare-facility-locations,910000009,cb4d5045-05b7-459a-af18-dd7936da9e02,EXACT_FACID,22
CA_PENALTY_EVIDENCE,910000013,ca-cdph-healthcare-facility-locations,910000013,8a146c17-c547-4a3b-b69a-22cfaab18ce5,EXACT_FACID,6
CA_PENALTY_EVIDENCE,910000014,ca-cdph-healthcare-facility-locations,910000014,f6ec9437-c687-4fd6-abda-e14d6f641127,EXACT_FACID,25
CA_PENALTY_EVIDENCE,910000016,ca-cdph-healthcare-facility-locations,910000016,53fdf586-5d86-464d-9d4d-6f52808b9c44,EXACT_FACID,19
CA_PENALTY_EVIDENCE,910000017,ca-cdph-healthcare-facility-locations,910000017,7abc8045-91a6-4d54-b6e8-7d90e398f1ad,EXACT_FACID,30
CA_PENALTY_EVIDENCE,910000019,ca-cdph-healthcare-facility-locations,910000019,8a6b4032-11f0-44b9-8549-d858ca611bb2,EXACT_FACID,6
CA_PENALTY_EVIDENCE,910000022,ca-cdph-healthcare-facility-locations,910000022,16596932-8885-4e53-8769-b47eb4c8a509,EXACT_FACID,18
CA_PENALTY_EVIDENCE,910000023,ca-cdph-healthcare-facility-locations,910000023,6344d1f1-4983-4d11-9b78-d5351571df65,EXACT_FACID,16
CA_PENALTY_EVIDENCE,910000024,ca-cdph-healthcare-facility-locations,910000024,fb8c9af6-d9ea-4f59-92e9-b37426f9fe6f,EXACT_FACID,2
CA_PENALTY_EVIDENCE,910000025,ca-cdph-healthcare-facility-locations,910000025,05c4caeb-a151-4198-8405-05d3f377e4a6,EXACT_FACID,1
CA_PENALTY_EVIDENCE,910000027,ca-cdph-healthcare-facility-locations,910000027,faa3ce23-7f53-459e-ba4e-54aaaf65a881,EXACT_FACID,13
CA_PENALTY_EVIDENCE,910000028,ca-cdph-healthcare-facility-locations,910000028,f1a26d27-8254-4ccc-8318-45fe2d63777c,EXACT_FACID,22
CA_PENALTY_EVIDENCE,910000032,ca-cdph-healthcare-facility-locations,910000032,c9bcfd2a-8c2b-4574-90f6-fecfc870337b,EXACT_FACID,11
CA_PENALTY_EVIDENCE,910000033,ca-cdph-healthcare-facility-locations,910000033,d33b00f5-cc0e-4e77-b5cd-9418eecbf2f2,EXACT_FACID,7
CA_PENALTY_EVIDENCE,910000034,ca-cdph-healthcare-facility-locations,910000034,2fddeac2-33f3-4be1-8fe4-95c9212cfb5a,EXACT_FACID,9
CA_PENALTY_EVIDENCE,910000035,ca-cdph-healthcare-facility-locations,910000035,6bb95663-dc49-473e-b86f-6c8b6d1944ad,EXACT_FACID,6
CA_PENALTY_EVIDENCE,910000036,ca-cdph-healthcare-facility-locations,910000036,7ef31a80-0aca-42ea-bdcd-725b9e709fc4,EXACT_FACID,13
CA_PENALTY_EVIDENCE,910000038,ca-cdph-healthcare-facility-locations,910000038,c3da5a2a-8b17-4e95-8217-60090a90bdba,EXACT_FACID,6
CA_PENALTY_EVIDENCE,910000041,ca-cdph-healthcare-facility-locations,910000041,d8cd6b05-2b22-418c-8c0a-cdf56091f690,EXACT_FACID,7
CA_PENALTY_EVIDENCE,910000043,ca-cdph-healthcare-facility-locations,910000043,14ffff6a-331d-4bbd-94fa-5680a1879e36,EXACT_FACID,12
CA_PENALTY_EVIDENCE,910000046,ca-cdph-healthcare-facility-locations,910000046,2fa796e8-aae9-46e8-8453-058d6ffaf769,EXACT_FACID,7
CA_PENALTY_EVIDENCE,910000047,ca-cdph-healthcare-facility-locations,910000047,cb77cee8-9470-4ff8-a140-2d9812f27eca,EXACT_FACID,13
CA_PENALTY_EVIDENCE,910000048,ca-cdph-healthcare-facility-locations,910000048,a2f083e1-a9d4-4f01-a86e-fb39c9099135,EXACT_FACID,7
CA_PENALTY_EVIDENCE,910000049,ca-cdph-healthcare-facility-locations,910000049,b30f363d-2968-4237-b1ea-97e50f9de98b,EXACT_FACID,29
CA_PENALTY_EVIDENCE,910000050,ca-cdph-healthcare-facility-locations,910000050,7c86e967-9ebb-4d26-b58e-de4d17e43466,EXACT_FACID,19
CA_PENALTY_EVIDENCE,910000053,ca-cdph-healthcare-facility-locations,910000053,6c3d677a-3922-4b55-a043-2aa67bf6260c,EXACT_FACID,24
CA_PENALTY_EVIDENCE,910000055,ca-cdph-healthcare-facility-locations,910000055,f69bef6c-b575-4494-aaa7-d807129f4a88,EXACT_FACID,8
CA_PENALTY_EVIDENCE,910000057,ca-cdph-healthcare-facility-locations,910000057,18e4ce16-eb3e-4064-b201-852f8f0d795c,EXACT_FACID,7
CA_PENALTY_EVIDENCE,910000058,ca-cdph-healthcare-facility-locations,910000058,ddea49fa-7a5f-456f-8efc-5c9cc968efdb,EXACT_FACID,9
CA_PENALTY_EVIDENCE,910000059,ca-cdph-healthcare-facility-locations,910000059,153efdbb-7ca0-41df-baa2-d4181caf81eb,EXACT_FACID,20
CA_PENALTY_EVIDENCE,910000060,ca-cdph-healthcare-facility-locations,910000060,922b8630-1046-4f45-bb3c-433edcb1ac34,EXACT_FACID,3
CA_PENALTY_EVIDENCE,910000061,ca-cdph-healthcare-facility-locations,910000061,fb70d71e-490f-40a4-92e3-f064d8e4ce85,EXACT_FACID,3
CA_PENALTY_EVIDENCE,910000064,ca-cdph-healthcare-facility-locations,910000064,a548f7c3-0a28-4138-a73c-2c68c4cfb752,EXACT_FACID,3
CA_PENALTY_EVIDENCE,910000065,ca-cdph-healthcare-facility-locations,910000065,fd4f644b-7be1-4a7f-be45-3db6e58dee10,EXACT_FACID,14
CA_PENALTY_EVIDENCE,910000067,ca-cdph-healthcare-facility-locations,910000067,da0b212e-f8a6-4edc-9fc8-afdb7f1d4d9c,EXACT_FACID,14
CA_PENALTY_EVIDENCE,910000068,ca-cdph-healthcare-facility-locations,910000068,a6dc1663-7460-4d59-9a4b-465bb3c15700,EXACT_FACID,24
CA_PENALTY_EVIDENCE,910000069,ca-cdph-healthcare-facility-locations,910000069,71159f3d-75ac-4846-b859-cb5500b4c4c5,EXACT_FACID,30
CA_PENALTY_EVIDENCE,910000071,ca-cdph-healthcare-facility-locations,910000071,0e4d8736-fd8c-45d1-9630-a5f91fe35abe,EXACT_FACID,13
CA_PENALTY_EVIDENCE,910000073,ca-cdph-healthcare-facility-locations,910000073,be3e7bdf-12b3-4d71-a3f8-f79df0994311,EXACT_FACID,8
CA_PENALTY_EVIDENCE,910000074,ca-cdph-healthcare-facility-locations,910000074,46524b85-f0f8-4d18-b3bc-9d5f578a3cc6,EXACT_FACID,4
CA_PENALTY_EVIDENCE,910000075,ca-cdph-healthcare-facility-locations,910000075,f8dc80fb-7fd7-4329-ad5f-631b5d42ba17,EXACT_FACID,6
CA_PENALTY_EVIDENCE,910000076,ca-cdph-healthcare-facility-locations,910000076,120fd49e-5c7b-4be0-8af1-3f266a4596e6,EXACT_FACID,4
CA_PENALTY_EVIDENCE,910000077,ca-cdph-healthcare-facility-locations,910000077,20138577-a149-403f-a18e-80e430c74027,EXACT_FACID,17
CA_PENALTY_EVIDENCE,910000081,ca-cdph-healthcare-facility-locations,910000081,16c69a0d-e8f0-47b2-8c59-632be5592fbd,EXACT_FACID,12
CA_PENALTY_EVIDENCE,910000084,ca-cdph-healthcare-facility-locations,910000084,99f08d69-46c3-4b26-88a4-c54bb53cb693,EXACT_FACID,14
CA_PENALTY_EVIDENCE,910000089,ca-cdph-healthcare-facility-locations,910000089,6627db65-fca3-4a17-bedb-b2e7b11ee35e,EXACT_FACID,6
CA_PENALTY_EVIDENCE,910000091,ca-cdph-healthcare-facility-locations,910000091,f090ddd4-7619-4785-bb55-be4dd52c8370,EXACT_FACID,6
CA_PENALTY_EVIDENCE,910000275,ca-cdph-healthcare-facility-locations,910000275,27c0c394-43ef-4569-ab50-8235d09e949d,EXACT_FACID,12
CA_PENALTY_EVIDENCE,910000276,ca-cdph-healthcare-facility-locations,910000276,80d11339-93dd-4b8e-9313-262732eb7d85,EXACT_FACID,16
CA_PENALTY_EVIDENCE,910000312,ca-cdph-healthcare-facility-locations,910000312,94567634-4395-46cb-b3b3-1571a5800624,EXACT_FACID,12
CA_PENALTY_EVIDENCE,910000314,ca-cdph-healthcare-facility-locations,910000314,cd062917-32bf-491d-9976-c85ca7572ab1,EXACT_FACID,17
CA_PENALTY_EVIDENCE,910000316,ca-cdph-healthcare-facility-locations,910000316,ce6c9673-c564-4ba9-950d-c3f5d418f1b3,EXACT_FACID,5
CA_PENALTY_EVIDENCE,910000318,ca-cdph-healthcare-facility-locations,910000318,02e75582-d43e-4f24-8db4-7e5e45504207,EXACT_FACID,7
CA_PENALTY_EVIDENCE,910000320,ca-cdph-healthcare-facility-locations,910000320,a879f28e-410f-4617-b6e2-536fcefb5d28,EXACT_FACID,7
CA_PENALTY_EVIDENCE,910000322,ca-cdph-healthcare-facility-locations,910000322,f273233f-96ae-4214-9c42-79fb4bfebe8d,EXACT_FACID,40
CA_PENALTY_EVIDENCE,910000324,ca-cdph-healthcare-facility-locations,910000324,79629736-0a8f-487b-929d-0b479eb7550c,EXACT_FACID,6
CA_PENALTY_EVIDENCE,910000326,ca-cdph-healthcare-facility-locations,910000326,0be1d16d-65ac-4ae9-b394-a14bfbf397d0,EXACT_FACID,15
CA_PENALTY_EVIDENCE,910000328,ca-cdph-healthcare-facility-locations,910000328,b419ab4a-1016-435b-b011-da92a554bbed,EXACT_FACID,24
CA_PENALTY_EVIDENCE,910000330,ca-cdph-healthcare-facility-locations,910000330,e776c4d5-e406-4dd6-a07b-92da733a64f3,EXACT_FACID,14
CA_PENALTY_EVIDENCE,910000332,ca-cdph-healthcare-facility-locations,910000332,918bd8c3-854d-4241-b161-7e3316ba0c21,EXACT_FACID,10
CA_PENALTY_EVIDENCE,910000334,ca-cdph-healthcare-facility-locations,910000334,9958d7bb-4d79-4a37-9f53-3284cd741cf1,EXACT_FACID,10
CA_PENALTY_EVIDENCE,910000336,ca-cdph-healthcare-facility-locations,910000336,7cfe81e3-5b49-4a35-9cb9-82eb0e13ea75,EXACT_FACID,23
CA_PENALTY_EVIDENCE,920000001,ca-cdph-healthcare-facility-locations,920000001,37940450-131c-429d-870f-6a8cdd98ae33,EXACT_FACID,12
CA_PENALTY_EVIDENCE,920000002,ca-cdph-healthcare-facility-locations,920000002,97409206-e5e0-4ac6-9775-e32dd64c8a04,EXACT_FACID,10
CA_PENALTY_EVIDENCE,920000003,ca-cdph-healthcare-facility-locations,920000003,2d07d129-becb-48fb-88ba-baf895ffa343,EXACT_FACID,7
CA_PENALTY_EVIDENCE,920000004,ca-cdph-healthcare-facility-locations,920000004,9765b4b7-ace9-495e-ac72-21f62986df67,EXACT_FACID,35
CA_PENALTY_EVIDENCE,920000005,ca-cdph-healthcare-facility-locations,920000005,d3ee0762-3599-4686-88e7-78b248b2e1ae,EXACT_FACID,5
CA_PENALTY_EVIDENCE,920000007,ca-cdph-healthcare-facility-locations,920000007,cd28b0c7-dbdf-4dfa-90b3-0fa420e2e3e7,EXACT_FACID,24
CA_PENALTY_EVIDENCE,920000008,ca-cdph-healthcare-facility-locations,920000008,9ecfaedc-3f08-4010-a961-3991a23b6960,EXACT_FACID,12
CA_PENALTY_EVIDENCE,920000009,ca-cdph-healthcare-facility-locations,920000009,f4fc2de9-e7b0-456d-9b73-2575b387a215,EXACT_FACID,29
CA_PENALTY_EVIDENCE,920000014,ca-cdph-healthcare-facility-locations,920000014,19913905-07c9-4e80-a6c7-42ce7bfc1971,EXACT_FACID,20
CA_PENALTY_EVIDENCE,920000015,ca-cdph-healthcare-facility-locations,920000015,be334761-3a54-464f-814e-58f575d8ca21,EXACT_FACID,12
CA_PENALTY_EVIDENCE,920000017,ca-cdph-healthcare-facility-locations,920000017,4d0a3a2e-5073-42fe-8d40-a1761531f44b,EXACT_FACID,15
CA_PENALTY_EVIDENCE,920000018,ca-cdph-healthcare-facility-locations,920000018,a0419db5-09a6-43af-9c92-b6bd8b6e1a73,EXACT_FACID,24
CA_PENALTY_EVIDENCE,920000019,ca-cdph-healthcare-facility-locations,920000019,ff997ee0-8b5d-47c5-9d48-5c5e909156c6,EXACT_FACID,30
CA_PENALTY_EVIDENCE,920000020,ca-cdph-healthcare-facility-locations,920000020,47692477-cf80-4fdc-9767-5a2184e522e0,EXACT_FACID,17
CA_PENALTY_EVIDENCE,920000021,ca-cdph-healthcare-facility-locations,920000021,29659468-2ebe-4cc9-9edc-d5d8100c9aa1,EXACT_FACID,10
CA_PENALTY_EVIDENCE,920000024,ca-cdph-healthcare-facility-locations,920000024,80bd8793-b4ea-40d9-bcf0-43c1b75eb5d8,EXACT_FACID,19
CA_PENALTY_EVIDENCE,920000025,ca-cdph-healthcare-facility-locations,920000025,3f8c4fde-0ce7-4f9d-85f9-1407cf3eeb1d,EXACT_FACID,10
CA_PENALTY_EVIDENCE,920000026,ca-cdph-healthcare-facility-locations,920000026,e29304ee-ba68-4af1-8997-8cc9bebcb60c,EXACT_FACID,6
CA_PENALTY_EVIDENCE,920000027,ca-cdph-healthcare-facility-locations,920000027,54ce13cc-ddeb-4cdc-a652-4ab9cbbf7629,EXACT_FACID,23
CA_PENALTY_EVIDENCE,920000028,ca-cdph-healthcare-facility-locations,920000028,c147d2ff-19bd-4708-bc53-17610069048f,EXACT_FACID,5
CA_PENALTY_EVIDENCE,920000029,ca-cdph-healthcare-facility-locations,920000029,f18fd48e-c724-43e8-8258-49c61fda0216,EXACT_FACID,2
CA_PENALTY_EVIDENCE,920000030,ca-cdph-healthcare-facility-locations,920000030,043c7fb2-dc1a-4d09-a52f-31a9efe06116,EXACT_FACID,8
CA_PENALTY_EVIDENCE,920000031,ca-cdph-healthcare-facility-locations,920000031,36aedf27-44a5-45f5-800e-f1d82fb13a62,EXACT_FACID,17
CA_PENALTY_EVIDENCE,920000048,ca-cdph-healthcare-facility-locations,920000048,2b397d1b-becb-4042-b573-2b8b8ddb1c73,EXACT_FACID,16
CA_PENALTY_EVIDENCE,920000049,ca-cdph-healthcare-facility-locations,920000049,32f78d84-8638-4259-8c2a-bc03691fc76a,EXACT_FACID,7
CA_PENALTY_EVIDENCE,920000050,ca-cdph-healthcare-facility-locations,920000050,3ff1d2a8-a8f7-46c9-ac6e-9a061a47714c,EXACT_FACID,5
CA_PENALTY_EVIDENCE,920000051,ca-cdph-healthcare-facility-locations,920000051,6ed3442b-7edc-484a-80e5-185651f148e1,EXACT_FACID,22
CA_PENALTY_EVIDENCE,920000053,ca-cdph-healthcare-facility-locations,920000053,a50711e5-fca6-4b2e-9191-ad8e5c75d39f,EXACT_FACID,13
CA_PENALTY_EVIDENCE,920000054,ca-cdph-healthcare-facility-locations,920000054,ea26bd92-68e5-4c0d-8662-d62ea0158f0c,EXACT_FACID,4
CA_PENALTY_EVIDENCE,920000055,ca-cdph-healthcare-facility-locations,920000055,b63cc0a6-c868-4033-8777-ff66c2adae42,EXACT_FACID,9
CA_PENALTY_EVIDENCE,920000056,ca-cdph-healthcare-facility-locations,920000056,e8ba6aa5-a6d3-4746-bcff-8d3732160491,EXACT_FACID,10
CA_PENALTY_EVIDENCE,920000057,ca-cdph-healthcare-facility-locations,920000057,66903cc9-49be-478d-aabb-6a2087634098,EXACT_FACID,5
CA_PENALTY_EVIDENCE,920000058,ca-cdph-healthcare-facility-locations,920000058,5a89f782-97af-4e5a-aa9f-4b1e6613895a,EXACT_FACID,14
CA_PENALTY_EVIDENCE,920000059,ca-cdph-healthcare-facility-locations,920000059,dea5aee0-b37d-4791-9036-47fa5059ea04,EXACT_FACID,7
CA_PENALTY_EVIDENCE,920000061,ca-cdph-healthcare-facility-locations,920000061,986a7a59-23fb-4b73-a144-5ca3c7157b63,EXACT_FACID,14
CA_PENALTY_EVIDENCE,920000062,ca-cdph-healthcare-facility-locations,920000062,3f149694-c3f9-4453-bd28-e131e8f2a5a3,EXACT_FACID,5
CA_PENALTY_EVIDENCE,920000063,ca-cdph-healthcare-facility-locations,920000063,8d74b144-070b-4be0-af30-dcb3d5e1f82b,EXACT_FACID,9
CA_PENALTY_EVIDENCE,920000064,ca-cdph-healthcare-facility-locations,920000064,fe1e4993-95ed-4f98-b7cd-f4927f792776,EXACT_FACID,6
CA_PENALTY_EVIDENCE,920000066,ca-cdph-healthcare-facility-locations,920000066,ad95cced-fef7-44b3-8358-0be9f826414e,EXACT_FACID,4
CA_PENALTY_EVIDENCE,920000067,ca-cdph-healthcare-facility-locations,920000067,9cabc2ad-24b7-4c33-be21-7af14f8726ca,EXACT_FACID,23
CA_PENALTY_EVIDENCE,920000068,ca-cdph-healthcare-facility-locations,920000068,c3a79296-f594-4af3-9c6f-8d0d387af765,EXACT_FACID,10
CA_PENALTY_EVIDENCE,920000069,ca-cdph-healthcare-facility-locations,920000069,4b31bea0-5d65-4be4-8268-da4521164a70,EXACT_FACID,5
CA_PENALTY_EVIDENCE,920000071,ca-cdph-healthcare-facility-locations,920000071,517b895e-6055-4171-b162-6e0b4d692dc4,EXACT_FACID,16
CA_PENALTY_EVIDENCE,920000073,ca-cdph-healthcare-facility-locations,920000073,9a442b72-748d-42f8-af45-1e3759e44e66,EXACT_FACID,7
CA_PENALTY_EVIDENCE,920000074,ca-cdph-healthcare-facility-locations,920000074,6452503e-00e3-4703-82da-ba27e8e3595b,EXACT_FACID,4
CA_PENALTY_EVIDENCE,920000075,ca-cdph-healthcare-facility-locations,920000075,04786542-8749-4563-9a15-b77a5ed5b8e5,EXACT_FACID,16
CA_PENALTY_EVIDENCE,920000076,ca-cdph-healthcare-facility-locations,920000076,eaf7a748-fd9b-47e6-89d3-d3c450d4df86,EXACT_FACID,6
CA_PENALTY_EVIDENCE,920000077,ca-cdph-healthcare-facility-locations,920000077,10b93f43-8448-47bc-ba79-ef130543d2b5,EXACT_FACID,8
CA_PENALTY_EVIDENCE,920000078,ca-cdph-healthcare-facility-locations,920000078,844aeadc-7d4f-430b-8661-4c77fd4e0218,EXACT_FACID,17
CA_PENALTY_EVIDENCE,920000082,ca-cdph-healthcare-facility-locations,920000082,e0400152-35a3-4cc9-931f-ac14cf29dbb9,EXACT_FACID,6
CA_PENALTY_EVIDENCE,920000083,ca-cdph-healthcare-facility-locations,920000083,85982d74-7810-4a66-b531-4852bc21a389,EXACT_FACID,7
CA_PENALTY_EVIDENCE,920000084,ca-cdph-healthcare-facility-locations,920000084,3900eec2-c866-490b-a637-2ddb645c6827,EXACT_FACID,17
CA_PENALTY_EVIDENCE,920000085,ca-cdph-healthcare-facility-locations,920000085,605d9625-c46a-440a-81d9-6daedd38661e,EXACT_FACID,10
CA_PENALTY_EVIDENCE,920000086,ca-cdph-healthcare-facility-locations,920000086,8f7bac20-2b3c-4ee4-87dd-c630ae081112,EXACT_FACID,6
CA_PENALTY_EVIDENCE,920000087,ca-cdph-healthcare-facility-locations,920000087,417a4316-7500-4ab1-92bf-f704e3485252,EXACT_FACID,6
CA_PENALTY_EVIDENCE,920000088,ca-cdph-healthcare-facility-locations,920000088,ca0c362f-3829-42a8-9ec3-06ea64f786b0,EXACT_FACID,14
CA_PENALTY_EVIDENCE,920000089,ca-cdph-healthcare-facility-locations,920000089,1a720aa1-0fc2-4808-88f8-ecdbde7b7cba,EXACT_FACID,8
CA_PENALTY_EVIDENCE,920000090,ca-cdph-healthcare-facility-locations,920000090,78380110-3d65-4688-8554-9eacc7d29c21,EXACT_FACID,3
CA_PENALTY_EVIDENCE,920000091,ca-cdph-healthcare-facility-locations,920000091,eafb9c42-21e3-414c-8ccc-611410719e9f,EXACT_FACID,14
CA_PENALTY_EVIDENCE,920000092,ca-cdph-healthcare-facility-locations,920000092,7db88934-d7cb-4e07-9d9f-8128e0089514,EXACT_FACID,18
CA_PENALTY_EVIDENCE,920000269,ca-cdph-healthcare-facility-locations,920000269,de1f1c38-fc98-4614-94c5-f778fc163ee7,EXACT_FACID,1
CA_PENALTY_EVIDENCE,920000280,ca-cdph-healthcare-facility-locations,920000280,7f67e550-1d26-41d3-bd18-03e5d25780fd,EXACT_FACID,14
CA_PENALTY_EVIDENCE,920000292,ca-cdph-healthcare-facility-locations,920000292,fa670033-bc52-41be-9456-b1781d493431,EXACT_FACID,7
CA_PENALTY_EVIDENCE,920000302,ca-cdph-healthcare-facility-locations,920000302,0d6f9c1f-2a1a-468c-a874-2445250dec87,EXACT_FACID,21
CA_PENALTY_EVIDENCE,920000304,ca-cdph-healthcare-facility-locations,920000304,2eecbb1d-bc71-48b5-ad59-ddb3f11ae2a1,EXACT_FACID,5
CA_PENALTY_EVIDENCE,920000306,ca-cdph-healthcare-facility-locations,920000306,e3fad402-ab93-4bc9-bd92-95e36cc336ba,EXACT_FACID,1
CA_PENALTY_EVIDENCE,920000310,ca-cdph-healthcare-facility-locations,920000310,9d1c9856-9a8f-4ab3-880c-5337607c03ac,EXACT_FACID,7
CA_PENALTY_EVIDENCE,920000312,ca-cdph-healthcare-facility-locations,920000312,775e4c6b-a79f-43c4-8a88-68b4372a251b,EXACT_FACID,6
CA_PENALTY_EVIDENCE,930000436,ca-cdph-healthcare-facility-locations,930000436,ef4f177b-b848-4ab0-842c-01beed5a9146,EXACT_FACID,4
CA_PENALTY_EVIDENCE,930000564,ca-cdph-healthcare-facility-locations,930000564,7680fa5a-7cc4-4616-84db-0c694c3619c4,EXACT_FACID,4
CA_PENALTY_EVIDENCE,930000575,ca-cdph-healthcare-facility-locations,930000575,d02a4d4f-c148-4b61-90ec-b453fd04678a,EXACT_FACID,12
CA_PENALTY_EVIDENCE,930000611,ca-cdph-healthcare-facility-locations,930000611,c6c956b2-1311-4497-8fe2-9848cf7ec8f3,EXACT_FACID,8
CA_PENALTY_EVIDENCE,930000681,ca-cdph-healthcare-facility-locations,930000681,cfec6b7e-8abf-41f9-8757-ce2afb47145c,EXACT_FACID,2
CA_PENALTY_EVIDENCE,930000744,ca-cdph-healthcare-facility-locations,930000744,f7f87f6f-51c9-458e-8a24-dcc0cc17b25c,EXACT_FACID,8
CA_PENALTY_EVIDENCE,930000773,ca-cdph-healthcare-facility-locations,930000773,a7b99533-bc0b-4d19-b6ca-622d5dbfefb4,EXACT_FACID,4
CA_PENALTY_EVIDENCE,930000793,ca-cdph-healthcare-facility-locations,930000793,5650644a-4ed1-4bf6-9ea7-e28963fb4fcf,EXACT_FACID,1
CA_PENALTY_EVIDENCE,930000822,ca-cdph-healthcare-facility-locations,930000822,ed4286c6-e5b2-4b9e-beb4-4138b6f2b98e,EXACT_FACID,1
CA_PENALTY_EVIDENCE,930000865,ca-cdph-healthcare-facility-locations,930000865,54ea521e-eef8-4dcd-98d4-f2bd37d5953f,EXACT_FACID,1
CA_PENALTY_EVIDENCE,930000904,ca-cdph-healthcare-facility-locations,930000904,3940c4a5-675d-4942-a38f-bfeb9a9db35c,EXACT_FACID,6
CA_PENALTY_EVIDENCE,930001463,ca-cdph-healthcare-facility-locations,930001463,b014df7f-c19c-48db-9054-fb8aa61d88c4,EXACT_FACID,3
CA_PENALTY_EVIDENCE,930001498,ca-cdph-healthcare-facility-locations,930001498,70013b71-2576-4080-80db-75f1c9b10fa0,EXACT_FACID,1
CA_PENALTY_EVIDENCE,930001552,ca-cdph-healthcare-facility-locations,930001552,e136bb46-8c5a-499d-a94c-2f4555d14656,EXACT_FACID,1
CA_PENALTY_EVIDENCE,930001558,ca-cdph-healthcare-facility-locations,930001558,cd799089-3e42-4553-8223-a1ba3359f3ec,EXACT_FACID,3
CA_PENALTY_EVIDENCE,930001561,ca-cdph-healthcare-facility-locations,930001561,d88d6e48-81c2-46c7-9bd2-0c2837ba1f2d,EXACT_FACID,4
CA_PENALTY_EVIDENCE,930001577,ca-cdph-healthcare-facility-locations,930001577,e9fb39b3-cfdf-4891-b764-8a7337ff2dfb,EXACT_FACID,2
CA_PENALTY_EVIDENCE,940000001,ca-cdph-healthcare-facility-locations,940000001,b5d24a34-cbe7-4a59-be9e-39ef8e61d5bc,EXACT_FACID,34
CA_PENALTY_EVIDENCE,940000004,ca-cdph-healthcare-facility-locations,940000004,b4bb2678-90c3-4e43-9f47-ca015f9f5887,EXACT_FACID,13
CA_PENALTY_EVIDENCE,940000005,ca-cdph-healthcare-facility-locations,940000005,cc3c1415-d42f-4dea-b464-cf2c360a55cb,EXACT_FACID,17
CA_PENALTY_EVIDENCE,940000006,ca-cdph-healthcare-facility-locations,940000006,d9dc4fb7-6d3d-4600-a716-363ca55cc7ba,EXACT_FACID,52
CA_PENALTY_EVIDENCE,940000007,ca-cdph-healthcare-facility-locations,940000007,2f4af8f7-0a16-4fa6-ac9f-b186535ca5f5,EXACT_FACID,9
CA_PENALTY_EVIDENCE,940000010,ca-cdph-healthcare-facility-locations,940000010,debf2662-2d6a-46e0-b61f-4ce76a128813,EXACT_FACID,5
CA_PENALTY_EVIDENCE,940000011,ca-cdph-healthcare-facility-locations,940000011,c0dc586f-4bb0-4158-8684-ee73ca2a47d3,EXACT_FACID,13
CA_PENALTY_EVIDENCE,940000012,ca-cdph-healthcare-facility-locations,940000012,2bc2f47b-521e-4ca7-a01f-66f47272b15f,EXACT_FACID,23
CA_PENALTY_EVIDENCE,940000013,ca-cdph-healthcare-facility-locations,940000013,20471e31-e350-4448-8318-8119024ce97e,EXACT_FACID,14
CA_PENALTY_EVIDENCE,940000014,ca-cdph-healthcare-facility-locations,940000014,84c27b0c-aa62-4f29-b724-b5fff4b575d5,EXACT_FACID,14
CA_PENALTY_EVIDENCE,940000015,ca-cdph-healthcare-facility-locations,940000015,73282de7-6178-461f-8d9b-11d4dabca734,EXACT_FACID,12
CA_PENALTY_EVIDENCE,940000016,ca-cdph-healthcare-facility-locations,940000016,07d9b269-ce49-4735-95e9-9cbd9dcce2c6,EXACT_FACID,6
CA_PENALTY_EVIDENCE,940000017,ca-cdph-healthcare-facility-locations,940000017,741b28d2-3866-427b-9676-a88cf4230ac3,EXACT_FACID,14
CA_PENALTY_EVIDENCE,940000019,ca-cdph-healthcare-facility-locations,940000019,24b315bc-bf40-4c2b-8e18-7ecd6765e4dd,EXACT_FACID,22
CA_PENALTY_EVIDENCE,940000020,ca-cdph-healthcare-facility-locations,940000020,ce0978fc-0da5-4ea0-a8a6-a19e42ddeaeb,EXACT_FACID,9
CA_PENALTY_EVIDENCE,940000023,ca-cdph-healthcare-facility-locations,940000023,01689ebe-230b-4a98-9e67-f927ef6099bc,EXACT_FACID,18
CA_PENALTY_EVIDENCE,940000024,ca-cdph-healthcare-facility-locations,940000024,db4f770f-dcac-44fe-b3e6-84effb5f8c74,EXACT_FACID,8
CA_PENALTY_EVIDENCE,940000025,ca-cdph-healthcare-facility-locations,940000025,af489022-ad52-4d46-9a1c-43f2761eb5f5,EXACT_FACID,20
CA_PENALTY_EVIDENCE,940000026,ca-cdph-healthcare-facility-locations,940000026,263c55ef-1828-4062-9fe2-a6f6c8e35100,EXACT_FACID,12
CA_PENALTY_EVIDENCE,940000029,ca-cdph-healthcare-facility-locations,940000029,47d7a7e3-b9e8-47da-8a5c-8148577bf738,EXACT_FACID,16
CA_PENALTY_EVIDENCE,940000030,ca-cdph-healthcare-facility-locations,940000030,3a04cb95-f8bb-4eeb-b277-e32b91038485,EXACT_FACID,4
CA_PENALTY_EVIDENCE,940000031,ca-cdph-healthcare-facility-locations,940000031,fba6016a-c7fe-4a0a-a73e-4aabeae4c069,EXACT_FACID,19
CA_PENALTY_EVIDENCE,940000033,ca-cdph-healthcare-facility-locations,940000033,c190f8be-b4c6-4551-a55e-1db519ac90ee,EXACT_FACID,14
CA_PENALTY_EVIDENCE,940000034,ca-cdph-healthcare-facility-locations,940000034,30f6a9b3-74ed-456b-8a8e-f3f2eba91c6e,EXACT_FACID,17
CA_PENALTY_EVIDENCE,940000036,ca-cdph-healthcare-facility-locations,940000036,cf83d353-f2fa-4aee-8900-1ce70d9b61b2,EXACT_FACID,19
CA_PENALTY_EVIDENCE,940000037,ca-cdph-healthcare-facility-locations,940000037,74bcb4b8-282d-41ae-b147-6baf8438a16f,EXACT_FACID,26
CA_PENALTY_EVIDENCE,940000040,ca-cdph-healthcare-facility-locations,940000040,dd123218-da87-4f8f-881a-fdf2ad40116c,EXACT_FACID,26
CA_PENALTY_EVIDENCE,940000042,ca-cdph-healthcare-facility-locations,940000042,8083bd89-c0c0-4ccd-a997-9d86f20ea3a4,EXACT_FACID,14
CA_PENALTY_EVIDENCE,940000043,ca-cdph-healthcare-facility-locations,940000043,c8ce3582-1589-4e57-bd26-5cfd06abc128,EXACT_FACID,11
CA_PENALTY_EVIDENCE,940000044,ca-cdph-healthcare-facility-locations,940000044,cc227b92-35dc-4944-ade8-3163e0e32a51,EXACT_FACID,9
CA_PENALTY_EVIDENCE,940000046,ca-cdph-healthcare-facility-locations,940000046,c4d30e22-7eae-4e03-8864-52f1b34fbc0a,EXACT_FACID,15
CA_PENALTY_EVIDENCE,940000047,ca-cdph-healthcare-facility-locations,940000047,72e7ee1d-9815-4a5b-a134-5952616190c4,EXACT_FACID,18
CA_PENALTY_EVIDENCE,940000048,ca-cdph-healthcare-facility-locations,940000048,cc9fa10e-29ee-45fe-98d4-09258a11b15e,EXACT_FACID,8
CA_PENALTY_EVIDENCE,940000049,ca-cdph-healthcare-facility-locations,940000049,1cc7dd95-2b69-4d2f-9a6b-50f88a31a7aa,EXACT_FACID,17
CA_PENALTY_EVIDENCE,940000050,ca-cdph-healthcare-facility-locations,940000050,229c5156-60f1-4711-a2d6-90b22f1bf1ae,EXACT_FACID,28
CA_PENALTY_EVIDENCE,940000051,ca-cdph-healthcare-facility-locations,940000051,163ca903-4d9d-40fb-b066-9cacb8daee81,EXACT_FACID,35
CA_PENALTY_EVIDENCE,940000053,ca-cdph-healthcare-facility-locations,940000053,e8c76094-eeb6-4942-933f-3f942c9a9e8a,EXACT_FACID,30
CA_PENALTY_EVIDENCE,940000056,ca-cdph-healthcare-facility-locations,940000056,7e395cbf-df5e-4b52-b4ba-bb4814b5313e,EXACT_FACID,37
CA_PENALTY_EVIDENCE,940000057,ca-cdph-healthcare-facility-locations,940000057,fedf4fb9-68ec-4580-9169-6acff0c47e75,EXACT_FACID,16
CA_PENALTY_EVIDENCE,940000062,ca-cdph-healthcare-facility-locations,940000062,0a68cd93-9a23-4c96-b180-5f1a96d33e64,EXACT_FACID,6
CA_PENALTY_EVIDENCE,940000063,ca-cdph-healthcare-facility-locations,940000063,d5e46891-cf4d-471f-bcf9-1a313628ac28,EXACT_FACID,14
CA_PENALTY_EVIDENCE,940000064,ca-cdph-healthcare-facility-locations,940000064,4e260b19-1c05-475c-a9d6-4d5f4a48ffb0,EXACT_FACID,14
CA_PENALTY_EVIDENCE,940000065,ca-cdph-healthcare-facility-locations,940000065,35b83a7a-d535-438a-a5cc-8f48901cb1c6,EXACT_FACID,20
CA_PENALTY_EVIDENCE,940000069,ca-cdph-healthcare-facility-locations,940000069,265fed10-5cc3-4d14-8d00-87aac236bad6,EXACT_FACID,8
CA_PENALTY_EVIDENCE,940000070,ca-cdph-healthcare-facility-locations,940000070,e843ea0f-25fd-4141-9c36-aa62a9f53936,EXACT_FACID,11
CA_PENALTY_EVIDENCE,940000071,ca-cdph-healthcare-facility-locations,940000071,0087304b-0496-4634-9348-39940bc5f77e,EXACT_FACID,13
CA_PENALTY_EVIDENCE,940000072,ca-cdph-healthcare-facility-locations,940000072,b714bfc8-4338-4dd7-bd0c-f489e861913d,EXACT_FACID,3
CA_PENALTY_EVIDENCE,940000073,ca-cdph-healthcare-facility-locations,940000073,9a7ab087-eb05-48c8-b504-46d373b68eff,EXACT_FACID,8
CA_PENALTY_EVIDENCE,940000074,ca-cdph-healthcare-facility-locations,940000074,a85e701b-0a5e-4f4a-afed-f1c00dffc6f7,EXACT_FACID,30
CA_PENALTY_EVIDENCE,940000076,ca-cdph-healthcare-facility-locations,940000076,a7a1e54f-f9bc-491d-a370-33cf7fff4a50,EXACT_FACID,9
CA_PENALTY_EVIDENCE,940000077,ca-cdph-healthcare-facility-locations,940000077,e46a3af4-3841-4e3c-8d19-7b7ad16d97f5,EXACT_FACID,5
CA_PENALTY_EVIDENCE,940000078,ca-cdph-healthcare-facility-locations,940000078,b1c00232-855b-4336-a819-03a4da21ff6b,EXACT_FACID,19
CA_PENALTY_EVIDENCE,940000079,ca-cdph-healthcare-facility-locations,940000079,0f3a6cc5-32d5-442d-827f-a1abda534c62,EXACT_FACID,4
CA_PENALTY_EVIDENCE,940000089,ca-cdph-healthcare-facility-locations,940000089,0f475dca-64f0-4322-af1b-b5c56efdc20a,EXACT_FACID,13
CA_PENALTY_EVIDENCE,940000090,ca-cdph-healthcare-facility-locations,940000090,a711004e-5682-467b-88e6-b7218bd36522,EXACT_FACID,10
CA_PENALTY_EVIDENCE,940000091,ca-cdph-healthcare-facility-locations,940000091,65b26fc3-e545-418b-a149-6e1d26b7e840,EXACT_FACID,5
CA_PENALTY_EVIDENCE,940000092,ca-cdph-healthcare-facility-locations,940000092,d83e4938-d4f1-4b6e-b94e-24e2cbde7206,EXACT_FACID,26
CA_PENALTY_EVIDENCE,940000093,ca-cdph-healthcare-facility-locations,940000093,daa70002-fc31-4dab-b2e5-b26d4e46465e,EXACT_FACID,3
CA_PENALTY_EVIDENCE,940000094,ca-cdph-healthcare-facility-locations,940000094,21393b0a-3667-4631-8a7e-3e4012fd949c,EXACT_FACID,30
CA_PENALTY_EVIDENCE,940000095,ca-cdph-healthcare-facility-locations,940000095,17cb12a7-f6e5-4fff-bb2f-221a80f825ec,EXACT_FACID,16
CA_PENALTY_EVIDENCE,940000096,ca-cdph-healthcare-facility-locations,940000096,f0ead427-3065-48a7-ace2-1b997a27b848,EXACT_FACID,12
CA_PENALTY_EVIDENCE,940000097,ca-cdph-healthcare-facility-locations,940000097,30e21cb8-5ed3-4a5e-aa0e-0a6d6a0c083e,EXACT_FACID,10
CA_PENALTY_EVIDENCE,940000098,ca-cdph-healthcare-facility-locations,940000098,9b023791-aa59-468f-8921-1fd8b1a13b18,EXACT_FACID,6
CA_PENALTY_EVIDENCE,940000099,ca-cdph-healthcare-facility-locations,940000099,59c00127-80f4-4d5a-bdfe-6f7dd1696cfc,EXACT_FACID,31
CA_PENALTY_EVIDENCE,940000101,ca-cdph-healthcare-facility-locations,940000101,aaa9a7ee-3a26-4824-b89c-1ade3d7892ed,EXACT_FACID,7
CA_PENALTY_EVIDENCE,940000107,ca-cdph-healthcare-facility-locations,940000107,cffacf0f-ad44-4c7b-9a7e-5380a4a81c8a,EXACT_FACID,23
CA_PENALTY_EVIDENCE,940000109,ca-cdph-healthcare-facility-locations,940000109,bc621a7b-889b-4753-be99-edc4d52da2cb,EXACT_FACID,15
CA_PENALTY_EVIDENCE,940000111,ca-cdph-healthcare-facility-locations,940000111,76ddd4e0-a094-4d21-9031-9868b84d7204,EXACT_FACID,66
CA_PENALTY_EVIDENCE,940000112,ca-cdph-healthcare-facility-locations,940000112,8b07d802-73bb-4b15-a09a-5b1459ec706c,EXACT_FACID,16
CA_PENALTY_EVIDENCE,940000115,ca-cdph-healthcare-facility-locations,940000115,01be5e2e-84df-4f2b-92c9-082e857ee067,EXACT_FACID,16
CA_PENALTY_EVIDENCE,940000116,ca-cdph-healthcare-facility-locations,940000116,abf851ff-f848-4942-bc67-77d75e751df4,EXACT_FACID,10
CA_PENALTY_EVIDENCE,940000117,ca-cdph-healthcare-facility-locations,940000117,b8aa7176-8259-4ef7-be39-684b73a03a32,EXACT_FACID,6
CA_PENALTY_EVIDENCE,950000001,ca-cdph-healthcare-facility-locations,950000001,d37cdba1-2ef5-494c-a286-552a7ede92a3,EXACT_FACID,14
CA_PENALTY_EVIDENCE,950000002,ca-cdph-healthcare-facility-locations,950000002,6fa01ac7-f162-4141-8cd3-0205b4975052,EXACT_FACID,10
CA_PENALTY_EVIDENCE,950000003,ca-cdph-healthcare-facility-locations,950000003,8a154ac3-b6fb-492f-9ecf-8283e388d9f1,EXACT_FACID,9
CA_PENALTY_EVIDENCE,950000006,ca-cdph-healthcare-facility-locations,950000006,03689ae1-96ed-4d62-86c2-43f83dc4274d,EXACT_FACID,11
CA_PENALTY_EVIDENCE,950000007,ca-cdph-healthcare-facility-locations,950000007,460dba4c-86b3-427c-8941-0b0436be8a8b,EXACT_FACID,21
CA_PENALTY_EVIDENCE,950000009,ca-cdph-healthcare-facility-locations,950000009,ef32c3e9-c652-4033-b703-dbac0b3b4e7d,EXACT_FACID,29
CA_PENALTY_EVIDENCE,950000011,ca-cdph-healthcare-facility-locations,950000011,038064c9-f82c-46cf-a100-96f51ba877a1,EXACT_FACID,14
CA_PENALTY_EVIDENCE,950000012,ca-cdph-healthcare-facility-locations,950000012,46db5cdb-2c28-41db-9ab5-4f99d025f3fd,EXACT_FACID,18
CA_PENALTY_EVIDENCE,950000013,ca-cdph-healthcare-facility-locations,950000013,535e61c8-c8e5-4b55-bcce-7aff7fb68139,EXACT_FACID,24
CA_PENALTY_EVIDENCE,950000014,ca-cdph-healthcare-facility-locations,950000014,8c9e9cf7-9ac2-4e1e-8014-d08ddb3c0e0c,EXACT_FACID,11
CA_PENALTY_EVIDENCE,950000015,ca-cdph-healthcare-facility-locations,950000015,e63fb815-38cd-4c9c-a44e-d6823e7b6398,EXACT_FACID,6
CA_PENALTY_EVIDENCE,950000018,ca-cdph-healthcare-facility-locations,950000018,2f7970b3-809e-4b8e-a646-3331bb6c04b1,EXACT_FACID,5
CA_PENALTY_EVIDENCE,950000019,ca-cdph-healthcare-facility-locations,950000019,2bd60e00-4220-4fcc-a1f0-17faeaba4e10,EXACT_FACID,10
CA_PENALTY_EVIDENCE,950000023,ca-cdph-healthcare-facility-locations,950000023,856964c1-6056-41be-a230-80c2dcc6c376,EXACT_FACID,14
CA_PENALTY_EVIDENCE,950000026,ca-cdph-healthcare-facility-locations,950000026,a20c7782-dba6-4136-95ea-d539c9c46afc,EXACT_FACID,10
CA_PENALTY_EVIDENCE,950000027,ca-cdph-healthcare-facility-locations,950000027,6f4e44e7-c795-43fd-8a77-b99ad764263f,EXACT_FACID,8
CA_PENALTY_EVIDENCE,950000029,ca-cdph-healthcare-facility-locations,950000029,5f9c308a-78d0-4a89-984e-854fe942adc0,EXACT_FACID,11
CA_PENALTY_EVIDENCE,950000030,ca-cdph-healthcare-facility-locations,950000030,1e157f55-db9b-4722-8c32-3c3f08254992,EXACT_FACID,5
CA_PENALTY_EVIDENCE,950000031,ca-cdph-healthcare-facility-locations,950000031,b5dbaf62-c1e1-4a01-9585-f26dd29a5c4a,EXACT_FACID,17
CA_PENALTY_EVIDENCE,950000032,ca-cdph-healthcare-facility-locations,950000032,f62c91b0-2323-4625-9618-0f2448c8b104,EXACT_FACID,32
CA_PENALTY_EVIDENCE,950000033,ca-cdph-healthcare-facility-locations,950000033,218b012f-51a6-4c29-87b0-a06b8addd2ae,EXACT_FACID,6
CA_PENALTY_EVIDENCE,950000038,ca-cdph-healthcare-facility-locations,950000038,42cfcede-8079-4dc1-b75f-8704dd319046,EXACT_FACID,5
CA_PENALTY_EVIDENCE,950000039,ca-cdph-healthcare-facility-locations,950000039,1f08ec37-0c85-4ce0-887c-63ded5fde426,EXACT_FACID,4
CA_PENALTY_EVIDENCE,950000040,ca-cdph-healthcare-facility-locations,950000040,dc7871ea-ee75-4bac-9670-3418d6d9fc54,EXACT_FACID,4
CA_PENALTY_EVIDENCE,950000041,ca-cdph-healthcare-facility-locations,950000041,0519c6af-1307-4ab4-bfe1-2307deb16536,EXACT_FACID,14
CA_PENALTY_EVIDENCE,950000042,ca-cdph-healthcare-facility-locations,950000042,99ef9ef0-7f5a-4d61-b876-3b486c6f5370,EXACT_FACID,19
CA_PENALTY_EVIDENCE,950000044,ca-cdph-healthcare-facility-locations,950000044,4a936efb-9228-4bc6-8b22-9bc103dcbd0a,EXACT_FACID,9
CA_PENALTY_EVIDENCE,950000045,ca-cdph-healthcare-facility-locations,950000045,2d0dc498-cac2-4bce-8498-77c8e2226b54,EXACT_FACID,7
CA_PENALTY_EVIDENCE,950000046,ca-cdph-healthcare-facility-locations,950000046,516a9fc4-884d-48c7-8b7e-faca243ee935,EXACT_FACID,5
CA_PENALTY_EVIDENCE,950000047,ca-cdph-healthcare-facility-locations,950000047,456563ca-5c82-4688-b177-74b9c405b73f,EXACT_FACID,9
CA_PENALTY_EVIDENCE,950000048,ca-cdph-healthcare-facility-locations,950000048,8ce7a3fa-9c3a-4eb5-b728-8aa4568a572a,EXACT_FACID,11
CA_PENALTY_EVIDENCE,950000049,ca-cdph-healthcare-facility-locations,950000049,0e13a423-7d6b-442f-854e-7f388b51f4ac,EXACT_FACID,18
CA_PENALTY_EVIDENCE,950000050,ca-cdph-healthcare-facility-locations,950000050,948f7d72-2cbc-4b80-9166-70dbf8c4b1b9,EXACT_FACID,8
CA_PENALTY_EVIDENCE,950000052,ca-cdph-healthcare-facility-locations,950000052,e97f0367-4d21-49f1-a566-f4d562f50404,EXACT_FACID,21
CA_PENALTY_EVIDENCE,950000053,ca-cdph-healthcare-facility-locations,950000053,7b710ab1-30fd-4581-89d0-154f614396e0,EXACT_FACID,4
CA_PENALTY_EVIDENCE,950000054,ca-cdph-healthcare-facility-locations,950000054,dbe4d337-c401-49b7-88e8-97d3fad4de0f,EXACT_FACID,5
CA_PENALTY_EVIDENCE,950000056,ca-cdph-healthcare-facility-locations,950000056,2219c55a-6af2-4189-9d50-b0517ca3f863,EXACT_FACID,3
CA_PENALTY_EVIDENCE,950000057,ca-cdph-healthcare-facility-locations,950000057,4f6d5472-4a18-4b62-8643-7bd7b2b424c6,EXACT_FACID,4
CA_PENALTY_EVIDENCE,950000058,ca-cdph-healthcare-facility-locations,950000058,54c3960b-22b6-482b-a182-b4d9e8580068,EXACT_FACID,16
CA_PENALTY_EVIDENCE,950000060,ca-cdph-healthcare-facility-locations,950000060,9d7db44b-763e-466d-ad5b-3a361ab886d0,EXACT_FACID,9
CA_PENALTY_EVIDENCE,950000061,ca-cdph-healthcare-facility-locations,950000061,ba4a4217-abd9-4441-94c2-f1122f4ca8ae,EXACT_FACID,11
CA_PENALTY_EVIDENCE,950000062,ca-cdph-healthcare-facility-locations,950000062,459f5013-d1f3-45ad-8909-cb4f6329e7e5,EXACT_FACID,18
CA_PENALTY_EVIDENCE,950000063,ca-cdph-healthcare-facility-locations,950000063,c551aefc-f344-41f3-a9fe-b446a5adce05,EXACT_FACID,9
CA_PENALTY_EVIDENCE,950000066,ca-cdph-healthcare-facility-locations,950000066,539f593a-1a05-4684-8133-30e3e93b56f2,EXACT_FACID,23
CA_PENALTY_EVIDENCE,950000068,ca-cdph-healthcare-facility-locations,950000068,2ef2c5df-d22e-4446-98e2-20d1cdf598d0,EXACT_FACID,7
CA_PENALTY_EVIDENCE,950000073,ca-cdph-healthcare-facility-locations,950000073,2ce66a7d-475e-46d0-ad4f-f2dc0282902c,EXACT_FACID,13
CA_PENALTY_EVIDENCE,950000076,ca-cdph-healthcare-facility-locations,950000076,ba1c4b4e-641f-4a29-a717-af8b22cc3d16,EXACT_FACID,15
CA_PENALTY_EVIDENCE,950000077,ca-cdph-healthcare-facility-locations,950000077,33667921-0488-4f89-8820-a78557359ec5,EXACT_FACID,7
CA_PENALTY_EVIDENCE,950000078,ca-cdph-healthcare-facility-locations,950000078,33cb6c70-3d18-4d47-ac2c-1e50de42de6d,EXACT_FACID,3
CA_PENALTY_EVIDENCE,950000079,ca-cdph-healthcare-facility-locations,950000079,dafee3d8-5228-481a-9b24-272051329054,EXACT_FACID,36
CA_PENALTY_EVIDENCE,950000081,ca-cdph-healthcare-facility-locations,950000081,9cdee1c4-a431-4b4f-9704-173ee773f2b9,EXACT_FACID,43
CA_PENALTY_EVIDENCE,950000083,ca-cdph-healthcare-facility-locations,950000083,aee4037a-0790-4e70-a893-f6d0be8828f9,EXACT_FACID,9
CA_PENALTY_EVIDENCE,950000084,ca-cdph-healthcare-facility-locations,950000084,d8f9a3fb-8603-4a2e-8070-26e2c3e78514,EXACT_FACID,3
CA_PENALTY_EVIDENCE,950000085,ca-cdph-healthcare-facility-locations,950000085,b8a51973-4cba-48e7-9970-ac8b22b90cae,EXACT_FACID,36
CA_PENALTY_EVIDENCE,950000088,ca-cdph-healthcare-facility-locations,950000088,5c6cf1e5-1a38-40e2-8569-f201fe062bde,EXACT_FACID,13
CA_PENALTY_EVIDENCE,950000092,ca-cdph-healthcare-facility-locations,950000092,e858e3b9-ff7b-48df-94c9-26ebd6b9351f,EXACT_FACID,12
CA_PENALTY_EVIDENCE,950000100,ca-cdph-healthcare-facility-locations,950000100,3d49423b-ca6c-4b5d-8860-31061be95097,EXACT_FACID,9
CA_PENALTY_EVIDENCE,950000101,ca-cdph-healthcare-facility-locations,950000101,59bdb041-7dab-4c8e-972b-2ed731f7cecc,EXACT_FACID,3
CA_PENALTY_EVIDENCE,950000103,ca-cdph-healthcare-facility-locations,950000103,6d49bdfd-c0d4-4dde-9f6e-7a09aa0e8184,EXACT_FACID,10
CA_PENALTY_EVIDENCE,950000104,ca-cdph-healthcare-facility-locations,950000104,65e7092f-8636-4ff1-a2ac-14cc7f998eb9,EXACT_FACID,6
CA_PENALTY_EVIDENCE,950000105,ca-cdph-healthcare-facility-locations,950000105,b262c352-0ddf-423b-8b7e-38c8f5ce5862,EXACT_FACID,5
CA_PENALTY_EVIDENCE,950000249,ca-cdph-healthcare-facility-locations,950000249,6c0f0f19-1768-448c-8b3a-03750f5ddfee,EXACT_FACID,7
CA_PENALTY_EVIDENCE,950000256,ca-cdph-healthcare-facility-locations,950000256,627b2a04-939b-4170-8599-6c37ef42ea46,EXACT_FACID,17
CA_PENALTY_EVIDENCE,950000260,ca-cdph-healthcare-facility-locations,950000260,b910c817-48c2-4cf1-952c-140c6888a676,EXACT_FACID,6
CA_PENALTY_EVIDENCE,950000277,ca-cdph-healthcare-facility-locations,950000277,5f774554-3ac7-4c60-80a8-b78d4732a996,EXACT_FACID,12
CA_PENALTY_EVIDENCE,960001457,ca-cdph-healthcare-facility-locations,960001457,92563758-2e7c-493d-9153-267287e602b9,EXACT_FACID,6
CA_PENALTY_EVIDENCE,970000001,ca-cdph-healthcare-facility-locations,970000001,e9211d0e-8efe-4bc7-8e16-088129e4a4b5,EXACT_FACID,10
CA_PENALTY_EVIDENCE,970000003,ca-cdph-healthcare-facility-locations,970000003,e73d87a5-c01b-4c58-abc7-9ea0613a0f37,EXACT_FACID,21
CA_PENALTY_EVIDENCE,970000005,ca-cdph-healthcare-facility-locations,970000005,0f0d7ced-e04b-4fcd-9f6b-f6c3a1f0995c,EXACT_FACID,17
CA_PENALTY_EVIDENCE,970000009,ca-cdph-healthcare-facility-locations,970000009,bc0165cb-b731-418a-9335-db153a194b32,EXACT_FACID,10
CA_PENALTY_EVIDENCE,970000015,ca-cdph-healthcare-facility-locations,970000015,ebe11b83-be73-4d96-a675-484bba4f97eb,EXACT_FACID,19
CA_PENALTY_EVIDENCE,970000017,ca-cdph-healthcare-facility-locations,970000017,f391569d-e306-4cc6-bb9e-6630807e53a7,EXACT_FACID,8
CA_PENALTY_EVIDENCE,970000021,ca-cdph-healthcare-facility-locations,970000021,076f52d2-d23d-486d-8372-1e7ce5528cce,EXACT_FACID,24
CA_PENALTY_EVIDENCE,970000035,ca-cdph-healthcare-facility-locations,970000035,148ac1c8-3afb-4c99-9189-bf2bd1709cde,EXACT_FACID,17
CA_PENALTY_EVIDENCE,970000037,ca-cdph-healthcare-facility-locations,970000037,5917565d-24a7-4f2c-885d-851811d7db7e,EXACT_FACID,6
CA_PENALTY_EVIDENCE,970000039,ca-cdph-healthcare-facility-locations,970000039,791b07dc-7fdc-4360-84c8-adddc4b4ae5e,EXACT_FACID,11
CA_PENALTY_EVIDENCE,970000043,ca-cdph-healthcare-facility-locations,970000043,9f3aaba8-cc3e-4268-8e08-7aa3c51d111f,EXACT_FACID,20
CA_PENALTY_EVIDENCE,970000046,ca-cdph-healthcare-facility-locations,970000046,38b354d9-38d6-4aa2-9ba2-6b70532af002,EXACT_FACID,19
CA_PENALTY_EVIDENCE,970000050,ca-cdph-healthcare-facility-locations,970000050,fb51943a-a76f-4d4d-804f-3c8f161bb5c1,EXACT_FACID,46
CA_PENALTY_EVIDENCE,970000052,ca-cdph-healthcare-facility-locations,970000052,8a66723f-7886-409c-9ef8-1f9e421c536a,EXACT_FACID,4
CA_PENALTY_EVIDENCE,970000054,ca-cdph-healthcare-facility-locations,970000054,3c9646ec-f44c-4b49-8a9c-86059118c9e5,EXACT_FACID,76
CA_PENALTY_EVIDENCE,970000058,ca-cdph-healthcare-facility-locations,970000058,ef2fb04d-2e3c-4688-bc27-8531e62c5d0a,EXACT_FACID,9
CA_PENALTY_EVIDENCE,970000062,ca-cdph-healthcare-facility-locations,970000062,9b7a4c2d-56b2-4bff-a2cc-1a444a697a13,EXACT_FACID,8
CA_PENALTY_EVIDENCE,970000064,ca-cdph-healthcare-facility-locations,970000064,93096089-912b-4ea7-8405-873fc4ac119a,EXACT_FACID,11
CA_PENALTY_EVIDENCE,970000066,ca-cdph-healthcare-facility-locations,970000066,651b6ff8-100a-4e96-8124-ff316e45f3f9,EXACT_FACID,6
CA_PENALTY_EVIDENCE,970000068,ca-cdph-healthcare-facility-locations,970000068,51eb9f64-78a5-4f45-91eb-ed1dbf6585e4,EXACT_FACID,9
CA_PENALTY_EVIDENCE,970000070,ca-cdph-healthcare-facility-locations,970000070,c6fa338a-912f-49dd-910e-0d6c737636f0,EXACT_FACID,9
CA_PENALTY_EVIDENCE,970000075,ca-cdph-healthcare-facility-locations,970000075,6da3f47d-b1f6-4fa8-94f9-dd2aaa817ca6,EXACT_FACID,8
CA_PENALTY_EVIDENCE,970000077,ca-cdph-healthcare-facility-locations,970000077,68e2318f-fce4-4357-8412-a42f5b33ecf5,EXACT_FACID,35
CA_PENALTY_EVIDENCE,970000081,ca-cdph-healthcare-facility-locations,970000081,5edd3155-0edc-4f9d-9be9-c5420440a9f0,EXACT_FACID,11
CA_PENALTY_EVIDENCE,970000083,ca-cdph-healthcare-facility-locations,970000083,c4a91402-27fc-497d-be92-81a6aa0a0402,EXACT_FACID,12
CA_PENALTY_EVIDENCE,970000085,ca-cdph-healthcare-facility-locations,970000085,22aea1e8-8f9d-4712-b381-80a0ff976442,EXACT_FACID,2
CA_PENALTY_EVIDENCE,970000089,ca-cdph-healthcare-facility-locations,970000089,7d371cfe-c944-4df5-a65d-b0c9db6b964a,EXACT_FACID,8
CA_PENALTY_EVIDENCE,970000091,ca-cdph-healthcare-facility-locations,970000091,6a471c3a-2279-4c2e-9fc9-50bc4989a6d5,EXACT_FACID,2
CA_PENALTY_EVIDENCE,970000097,ca-cdph-healthcare-facility-locations,970000097,fbbbe8ce-7538-4e5c-b8e4-c9c758704e6d,EXACT_FACID,16
CA_PENALTY_EVIDENCE,970000099,ca-cdph-healthcare-facility-locations,970000099,7b0d3c8e-2b06-4459-a785-623f419beaf2,EXACT_FACID,3
CA_PENALTY_EVIDENCE,970000103,ca-cdph-healthcare-facility-locations,970000103,df803b71-6bae-4689-8aa0-22d1d978599c,EXACT_FACID,12
CA_PENALTY_EVIDENCE,970000105,ca-cdph-healthcare-facility-locations,970000105,530d1ce1-363a-4821-affb-24140a48266b,EXACT_FACID,4
CA_PENALTY_EVIDENCE,970000107,ca-cdph-healthcare-facility-locations,970000107,df6ec529-6246-49e9-99a6-437884c96e1e,EXACT_FACID,13
CA_PENALTY_EVIDENCE,970000109,ca-cdph-healthcare-facility-locations,970000109,b86d39e6-4611-4073-b53b-8014efb23eef,EXACT_FACID,9
CA_PENALTY_EVIDENCE,970000111,ca-cdph-healthcare-facility-locations,970000111,31386299-536d-486c-b58e-de1f0bca99dc,EXACT_FACID,27
CA_PENALTY_EVIDENCE,970000115,ca-cdph-healthcare-facility-locations,970000115,82dc2005-2828-4963-8bb4-5c8d73a364a9,EXACT_FACID,39
CA_PENALTY_EVIDENCE,970000117,ca-cdph-healthcare-facility-locations,970000117,aac8c57f-985e-4b5c-8e53-80b8a7c014a3,EXACT_FACID,8
CA_PENALTY_EVIDENCE,970000121,ca-cdph-healthcare-facility-locations,970000121,cc857035-b172-4bf5-9f5d-c7877a0534e2,EXACT_FACID,8
CA_PENALTY_EVIDENCE,970000123,ca-cdph-healthcare-facility-locations,970000123,60c7255e-6b10-4a86-90d7-55a390118c0c,EXACT_FACID,20
CA_PENALTY_EVIDENCE,970000125,ca-cdph-healthcare-facility-locations,970000125,8b35ae9c-a6aa-4d66-b3ff-22e1877b79ef,EXACT_FACID,11
CA_PENALTY_EVIDENCE,970000127,ca-cdph-healthcare-facility-locations,970000127,87f42d85-6253-42ba-b176-3f08cbebb2b2,EXACT_FACID,9
CA_PENALTY_EVIDENCE,970000129,ca-cdph-healthcare-facility-locations,970000129,ac1a4662-25c5-4f83-890f-bfc26340450f,EXACT_FACID,10
CA_PENALTY_EVIDENCE,970000131,ca-cdph-healthcare-facility-locations,970000131,8cf01bb7-7729-4800-a77d-5e58a74c80f6,EXACT_FACID,57
CA_PENALTY_EVIDENCE,970000133,ca-cdph-healthcare-facility-locations,970000133,cc123294-1e45-463b-9216-b29c4996bf41,EXACT_FACID,7
CA_PENALTY_EVIDENCE,970000135,ca-cdph-healthcare-facility-locations,970000135,913d73c5-9842-42e6-a8ea-0787b209ec4e,EXACT_FACID,28
CA_PENALTY_EVIDENCE,970000137,ca-cdph-healthcare-facility-locations,970000137,9e296ea0-3a2e-4fa4-8e5c-6a10b8147c6e,EXACT_FACID,14
CA_PENALTY_EVIDENCE,970000139,ca-cdph-healthcare-facility-locations,970000139,00039fec-a9b1-451d-b23e-aaf96e3265f0,EXACT_FACID,38
CA_PENALTY_EVIDENCE,970000141,ca-cdph-healthcare-facility-locations,970000141,75376821-2c94-4602-9b5c-1ae832990d7d,EXACT_FACID,11
CA_PENALTY_EVIDENCE,970000143,ca-cdph-healthcare-facility-locations,970000143,88b1c871-7bc8-45c5-bfb4-db43d61e8764,EXACT_FACID,11
CA_PENALTY_EVIDENCE,970000145,ca-cdph-healthcare-facility-locations,970000145,81912e9b-b690-49df-a1dc-5416193dc1db,EXACT_FACID,12
CA_PENALTY_EVIDENCE,970000147,ca-cdph-healthcare-facility-locations,970000147,89536f07-3d32-41ed-b9c0-638b6c36c8c0,EXACT_FACID,6
CA_PENALTY_EVIDENCE,970000149,ca-cdph-healthcare-facility-locations,970000149,fc05f6dd-a2c4-40c5-8387-c159f010185d,EXACT_FACID,12
CA_PENALTY_EVIDENCE,970000156,ca-cdph-healthcare-facility-locations,970000156,1eeec6e6-3aa1-429b-829c-8b7231703eb1,EXACT_FACID,2
CA_PENALTY_EVIDENCE,970000161,ca-cdph-healthcare-facility-locations,970000161,6ece7634-8e2b-4615-b418-13ce6e776e58,EXACT_FACID,13
CA_PENALTY_EVIDENCE,970000163,ca-cdph-healthcare-facility-locations,970000163,b46a7bcf-3963-4748-b384-08f4292252c2,EXACT_FACID,8
CA_PENALTY_EVIDENCE,970000165,ca-cdph-healthcare-facility-locations,970000165,8d452dd3-cfeb-40f9-a908-7bfaab3a13c0,EXACT_FACID,21
CA_PENALTY_EVIDENCE,970000167,ca-cdph-healthcare-facility-locations,970000167,95a67365-3564-4f59-98d6-2fcd8093475e,EXACT_FACID,4
CA_PENALTY_EVIDENCE,970000169,ca-cdph-healthcare-facility-locations,970000169,d3fb286e-8dec-4df5-80bd-30e30bf7f740,EXACT_FACID,6
CA_PENALTY_EVIDENCE,970000174,ca-cdph-healthcare-facility-locations,970000174,10a43af7-6f5a-44b3-92f4-a937d27c73c9,EXACT_FACID,9
CA_PENALTY_EVIDENCE,970000178,ca-cdph-healthcare-facility-locations,970000178,659d760b-380d-464d-a05b-0580842fd6ca,EXACT_FACID,2
CA_PENALTY_EVIDENCE,970000184,ca-cdph-healthcare-facility-locations,970000184,e30ad5e3-67b2-4a77-9a5e-ab91071f9f2d,EXACT_FACID,5
CA_PENALTY_EVIDENCE,970000186,ca-cdph-healthcare-facility-locations,970000186,643f29e8-31ea-4896-8c1d-4a58b7ddf1f1,EXACT_FACID,26
CA_PENALTY_EVIDENCE,970000188,ca-cdph-healthcare-facility-locations,970000188,15b06399-d771-469f-b322-bcd5712bed27,EXACT_FACID,12
CA_PENALTY_EVIDENCE,970000194,ca-cdph-healthcare-facility-locations,970000194,ec5365d5-8cf5-4d5c-a764-4c35c0a7f3d4,EXACT_FACID,12
