dataset,source_row,native_identifier,staged_rows,existing_source_system,existing_native_identifier,exact_match,existing_entity_id,genuinely_new_candidate,classification,collision,reason
TX_ICF_IID,3,003868,1,,,NO,,YES,NEW_EXACT,NO,No same-class owned Senior source; exact Facility ID and nonblank license comparisons to TX ALF/NF returned zero on 2026-09-30.
TX_ICF_IID,4,003685,1,,,NO,,YES,NEW_EXACT,NO,No same-class owned Senior source; exact Facility ID and nonblank license comparisons to TX ALF/NF returned zero on 2026-09-30.
TX_ICF_IID,5,007606,1,,,NO,,YES,NEW_EXACT,NO,No same-class owned Senior source; exact Facility ID and nonblank license comparisons to TX ALF/NF returned zero on 2026-09-30.
TX_ICF_IID,6,007534,1,,,NO,,YES,NEW_EXACT,NO,No same-class owned Senior source; exact Facility ID and nonblank license comparisons to TX ALF/NF returned zero on 2026-09-30.
TX_ICF_IID,7,007355,1,,,NO,,YES,NEW_EXACT,NO,No same-class owned Senior source; exact Facility ID and nonblank license comparisons to TX ALF/NF returned zero on 2026-09-30.
TX_ICF_IID,8,003899,1,,,NO,,YES,NEW_EXACT,NO,No same-class owned Senior source; exact Facility ID and nonblank license comparisons to TX ALF/NF returned zero on 2026-09-30.
TX_ICF_IID,9,003869,1,,,NO,,YES,NEW_EXACT,NO,No same-class owned Senior source; exact Facility ID and nonblank license comparisons to TX ALF/NF returned zero on 2026-09-30.
TX_ICF_IID,10,007522,1,,,NO,,YES,NEW_EXACT,NO,No same-class owned Senior source; exact Facility ID and nonblank license comparisons to TX ALF/NF returned zero on 2026-09-30.
TX_ICF_IID,11,003857,1,,,NO,,YES,NEW_EXACT,NO,No same-class owned Senior source; exact Facility ID and nonblank license comparisons to TX ALF/NF returned zero on 2026-09-30.
TX_ICF_IID,12,007439,1,,,NO,,YES,NEW_EXACT,NO,No same-class owned Senior source; exact Facility ID and nonblank license comparisons to TX ALF/NF returned zero on 2026-09-30.
TX_ICF_IID,13,007406,1,,,NO,,YES,NEW_EXACT,NO,No same-class owned Senior source; exact Facility ID and nonblank license comparisons to TX ALF/NF returned zero on 2026-09-30.
TX_ICF_IID,14,003996,1,,,NO,,YES,NEW_EXACT,NO,No same-class owned Senior source; exact Facility ID and nonblank license comparisons to TX ALF/NF returned zero on 2026-09-30.
TX_ICF_IID,15,003898,1,,,NO,,YES,NEW_EXACT,NO,No same-class owned Senior source; exact Facility ID and nonblank license comparisons to TX ALF/NF returned zero on 2026-09-30.
TX_ICF_IID,16,003862,1,,,NO,,YES,NEW_EXACT,NO,No same-class owned Senior source; exact Facility ID and nonblank license comparisons to TX ALF/NF returned zero on 2026-09-30.
TX_ICF_IID,17,007103,1,,,NO,,YES,NEW_EXACT,NO,No same-class owned Senior source; exact Facility ID and nonblank license comparisons to TX ALF/NF returned zero on 2026-09-30.
TX_ICF_IID,18,007270,1,,,NO,,YES,NEW_EXACT,NO,No same-class owned Senior source; exact Facility ID and nonblank license comparisons to TX ALF/NF returned zero on 2026-09-30.
TX_ICF_IID,19,111903,1,,,NO,,YES,NEW_EXACT,NO,No same-class owned Senior source; exact Facility ID and nonblank license comparisons to TX ALF/NF returned zero on 2026-09-30.
TX_ICF_IID,20,007634,1,,,NO,,YES,NEW_EXACT,NO,No same-class owned Senior source; exact Facility ID and nonblank license comparisons to TX ALF/NF returned zero on 2026-09-30.
TX_ICF_IID,21,103555,1,,,NO,,YES,NEW_EXACT,NO,No same-class owned Senior source; exact Facility ID and nonblank license comparisons to TX ALF/NF returned zero on 2026-09-30.
TX_ICF_IID,22,104838,1,,,NO,,YES,NEW_EXACT,NO,No same-class owned Senior source; exact Facility ID and nonblank license comparisons to TX ALF/NF returned zero on 2026-09-30.
TX_ICF_IID,23,103554,1,,,NO,,YES,NEW_EXACT,NO,No same-class owned Senior source; exact Facility ID and nonblank license comparisons to TX ALF/NF returned zero on 2026-09-30.
TX_ICF_IID,24,103553,1,,,NO,,YES,NEW_EXACT,NO,No same-class owned Senior source; exact Facility ID and nonblank license comparisons to TX ALF/NF returned zero on 2026-09-30.
TX_ICF_IID,25,003991,1,,,NO,,YES,NEW_EXACT,NO,No same-class owned Senior source; exact Facility ID and nonblank license comparisons to TX ALF/NF returned zero on 2026-09-30.
TX_ICF_IID,26,007220,1,,,NO,,YES,NEW_EXACT,NO,No same-class owned Senior source; exact Facility ID and nonblank license comparisons to TX ALF/NF returned zero on 2026-09-30.
TX_ICF_IID,27,007459,1,,,NO,,YES,NEW_EXACT,NO,No same-class owned Senior source; exact Facility ID and nonblank license comparisons to TX ALF/NF returned zero on 2026-09-30.
TX_ICF_IID,28,007219,1,,,NO,,YES,NEW_EXACT,NO,No same-class owned Senior source; exact Facility ID and nonblank license comparisons to TX ALF/NF returned zero on 2026-09-30.
TX_ICF_IID,29,110534,1,,,NO,,YES,NEW_EXACT,NO,No same-class owned Senior source; exact Facility ID and nonblank license comparisons to TX ALF/NF returned zero on 2026-09-30.
TX_ICF_IID,30,007376,1,,,NO,,YES,NEW_EXACT,NO,No same-class owned Senior source; exact Facility ID and nonblank license comparisons to TX ALF/NF returned zero on 2026-09-30.
TX_ICF_IID,31,003844,1,,,NO,,YES,NEW_EXACT,NO,No same-class owned Senior source; exact Facility ID and nonblank license comparisons to TX ALF/NF returned zero on 2026-09-30.
TX_ICF_IID,32,007318,1,,,NO,,YES,NEW_EXACT,NO,No same-class owned Senior source; exact Facility ID and nonblank license comparisons to TX ALF/NF returned zero on 2026-09-30.
TX_ICF_IID,33,003652,1,,,NO,,YES,NEW_EXACT,NO,No same-class owned Senior source; exact Facility ID and nonblank license comparisons to TX ALF/NF returned zero on 2026-09-30.
TX_ICF_IID,34,104463,1,,,NO,,YES,NEW_EXACT,NO,No same-class owned Senior source; exact Facility ID and nonblank license comparisons to TX ALF/NF returned zero on 2026-09-30.
TX_ICF_IID,35,101821,1,,,NO,,YES,NEW_EXACT,NO,No same-class owned Senior source; exact Facility ID and nonblank license comparisons to TX ALF/NF returned zero on 2026-09-30.
TX_ICF_IID,36,007601,1,,,NO,,YES,NEW_EXACT,NO,No same-class owned Senior source; exact Facility ID and nonblank license comparisons to TX ALF/NF returned zero on 2026-09-30.
TX_ICF_IID,37,007347,1,,,NO,,YES,NEW_EXACT,NO,No same-class owned Senior source; exact Facility ID and nonblank license comparisons to TX ALF/NF returned zero on 2026-09-30.
TX_ICF_IID,38,007600,1,,,NO,,YES,NEW_EXACT,NO,No same-class owned Senior source; exact Facility ID and nonblank license comparisons to TX ALF/NF returned zero on 2026-09-30.
TX_ICF_IID,39,111908,1,,,NO,,YES,NEW_EXACT,NO,No same-class owned Senior source; exact Facility ID and nonblank license comparisons to TX ALF/NF returned zero on 2026-09-30.
TX_ICF_IID,40,007253,1,,,NO,,YES,NEW_EXACT,NO,No same-class owned Senior source; exact Facility ID and nonblank license comparisons to TX ALF/NF returned zero on 2026-09-30.
TX_ICF_IID,41,010179,1,,,NO,,YES,NEW_EXACT,NO,No same-class owned Senior source; exact Facility ID and nonblank license comparisons to TX ALF/NF returned zero on 2026-09-30.
TX_ICF_IID,42,003668,1,,,NO,,YES,NEW_EXACT,NO,No same-class owned Senior source; exact Facility ID and nonblank license comparisons to TX ALF/NF returned zero on 2026-09-30.
TX_ICF_IID,43,007409,1,,,NO,,YES,NEW_EXACT,NO,No same-class owned Senior source; exact Facility ID and nonblank license comparisons to TX ALF/NF returned zero on 2026-09-30.
TX_ICF_IID,44,106866,1,,,NO,,YES,NEW_EXACT,NO,No same-class owned Senior source; exact Facility ID and nonblank license comparisons to TX ALF/NF returned zero on 2026-09-30.
TX_ICF_IID,45,106502,1,,,NO,,YES,NEW_EXACT,NO,No same-class owned Senior source; exact Facility ID and nonblank license comparisons to TX ALF/NF returned zero on 2026-09-30.
TX_ICF_IID,46,007487,1,,,NO,,YES,NEW_EXACT,NO,No same-class owned Senior source; exact Facility ID and nonblank license comparisons to TX ALF/NF returned zero on 2026-09-30.
TX_ICF_IID,47,007348,1,,,NO,,YES,NEW_EXACT,NO,No same-class owned Senior source; exact Facility ID and nonblank license comparisons to TX ALF/NF returned zero on 2026-09-30.
TX_ICF_IID,48,110678,1,,,NO,,YES,NEW_EXACT,NO,No same-class owned Senior source; exact Facility ID and nonblank license comparisons to TX ALF/NF returned zero on 2026-09-30.
TX_ICF_IID,49,003698,1,,,NO,,YES,NEW_EXACT,NO,No same-class owned Senior source; exact Facility ID and nonblank license comparisons to TX ALF/NF returned zero on 2026-09-30.
TX_ICF_IID,50,007234,1,,,NO,,YES,NEW_EXACT,NO,No same-class owned Senior source; exact Facility ID and nonblank license comparisons to TX ALF/NF returned zero on 2026-09-30.
TX_ICF_IID,51,112074,1,,,NO,,YES,NEW_EXACT,NO,No same-class owned Senior source; exact Facility ID and nonblank license comparisons to TX ALF/NF returned zero on 2026-09-30.
TX_ICF_IID,52,111576,1,,,NO,,YES,NEW_EXACT,NO,No same-class owned Senior source; exact Facility ID and nonblank license comparisons to TX ALF/NF returned zero on 2026-09-30.
TX_ICF_IID,53,007546,1,,,NO,,YES,NEW_EXACT,NO,No same-class owned Senior source; exact Facility ID and nonblank license comparisons to TX ALF/NF returned zero on 2026-09-30.
TX_ICF_IID,54,003816,1,,,NO,,YES,NEW_EXACT,NO,No same-class owned Senior source; exact Facility ID and nonblank license comparisons to TX ALF/NF returned zero on 2026-09-30.
TX_ICF_IID,55,007558,1,,,NO,,YES,NEW_EXACT,NO,No same-class owned Senior source; exact Facility ID and nonblank license comparisons to TX ALF/NF returned zero on 2026-09-30.
TX_ICF_IID,56,003649,1,,,NO,,YES,NEW_EXACT,NO,No same-class owned Senior source; exact Facility ID and nonblank license comparisons to TX ALF/NF returned zero on 2026-09-30.
TX_ICF_IID,57,101823,1,,,NO,,YES,NEW_EXACT,NO,No same-class owned Senior source; exact Facility ID and nonblank license comparisons to TX ALF/NF returned zero on 2026-09-30.
TX_ICF_IID,58,007214,1,,,NO,,YES,NEW_EXACT,NO,No same-class owned Senior source; exact Facility ID and nonblank license comparisons to TX ALF/NF returned zero on 2026-09-30.
TX_ICF_IID,59,003696,1,,,NO,,YES,NEW_EXACT,NO,No same-class owned Senior source; exact Facility ID and nonblank license comparisons to TX ALF/NF returned zero on 2026-09-30.
TX_ICF_IID,60,007362,1,,,NO,,YES,NEW_EXACT,NO,No same-class owned Senior source; exact Facility ID and nonblank license comparisons to TX ALF/NF returned zero on 2026-09-30.
TX_ICF_IID,61,007364,1,,,NO,,YES,NEW_EXACT,NO,No same-class owned Senior source; exact Facility ID and nonblank license comparisons to TX ALF/NF returned zero on 2026-09-30.
TX_ICF_IID,62,101793,1,,,NO,,YES,NEW_EXACT,NO,No same-class owned Senior source; exact Facility ID and nonblank license comparisons to TX ALF/NF returned zero on 2026-09-30.
TX_ICF_IID,63,003662,1,,,NO,,YES,NEW_EXACT,NO,No same-class owned Senior source; exact Facility ID and nonblank license comparisons to TX ALF/NF returned zero on 2026-09-30.
TX_ICF_IID,64,003681,1,,,NO,,YES,NEW_EXACT,NO,No same-class owned Senior source; exact Facility ID and nonblank license comparisons to TX ALF/NF returned zero on 2026-09-30.
TX_ICF_IID,65,101796,1,,,NO,,YES,NEW_EXACT,NO,No same-class owned Senior source; exact Facility ID and nonblank license comparisons to TX ALF/NF returned zero on 2026-09-30.
TX_ICF_IID,66,102604,1,,,NO,,YES,NEW_EXACT,NO,No same-class owned Senior source; exact Facility ID and nonblank license comparisons to TX ALF/NF returned zero on 2026-09-30.
TX_ICF_IID,67,104357,1,,,NO,,YES,NEW_EXACT,NO,No same-class owned Senior source; exact Facility ID and nonblank license comparisons to TX ALF/NF returned zero on 2026-09-30.
TX_ICF_IID,68,104356,1,,,NO,,YES,NEW_EXACT,NO,No same-class owned Senior source; exact Facility ID and nonblank license comparisons to TX ALF/NF returned zero on 2026-09-30.
TX_ICF_IID,69,104351,1,,,NO,,YES,NEW_EXACT,NO,No same-class owned Senior source; exact Facility ID and nonblank license comparisons to TX ALF/NF returned zero on 2026-09-30.
TX_ICF_IID,70,104350,1,,,NO,,YES,NEW_EXACT,NO,No same-class owned Senior source; exact Facility ID and nonblank license comparisons to TX ALF/NF returned zero on 2026-09-30.
TX_ICF_IID,71,003935,1,,,NO,,YES,NEW_EXACT,NO,No same-class owned Senior source; exact Facility ID and nonblank license comparisons to TX ALF/NF returned zero on 2026-09-30.
TX_ICF_IID,72,007208,1,,,NO,,YES,NEW_EXACT,NO,No same-class owned Senior source; exact Facility ID and nonblank license comparisons to TX ALF/NF returned zero on 2026-09-30.
TX_ICF_IID,73,110627,1,,,NO,,YES,NEW_EXACT,NO,No same-class owned Senior source; exact Facility ID and nonblank license comparisons to TX ALF/NF returned zero on 2026-09-30.
TX_ICF_IID,74,007400,1,,,NO,,YES,NEW_EXACT,NO,No same-class owned Senior source; exact Facility ID and nonblank license comparisons to TX ALF/NF returned zero on 2026-09-30.
TX_ICF_IID,75,007256,1,,,NO,,YES,NEW_EXACT,NO,No same-class owned Senior source; exact Facility ID and nonblank license comparisons to TX ALF/NF returned zero on 2026-09-30.
TX_ICF_IID,76,007461,1,,,NO,,YES,NEW_EXACT,NO,No same-class owned Senior source; exact Facility ID and nonblank license comparisons to TX ALF/NF returned zero on 2026-09-30.
TX_ICF_IID,77,007207,1,,,NO,,YES,NEW_EXACT,NO,No same-class owned Senior source; exact Facility ID and nonblank license comparisons to TX ALF/NF returned zero on 2026-09-30.
TX_ICF_IID,78,007527,1,,,NO,,YES,NEW_EXACT,NO,No same-class owned Senior source; exact Facility ID and nonblank license comparisons to TX ALF/NF returned zero on 2026-09-30.
TX_ICF_IID,79,106203,1,,,NO,,YES,NEW_EXACT,NO,No same-class owned Senior source; exact Facility ID and nonblank license comparisons to TX ALF/NF returned zero on 2026-09-30.
TX_ICF_IID,80,007458,1,,,NO,,YES,NEW_EXACT,NO,No same-class owned Senior source; exact Facility ID and nonblank license comparisons to TX ALF/NF returned zero on 2026-09-30.
TX_ICF_IID,81,003629,1,,,NO,,YES,NEW_EXACT,NO,No same-class owned Senior source; exact Facility ID and nonblank license comparisons to TX ALF/NF returned zero on 2026-09-30.
TX_ICF_IID,82,007499,1,,,NO,,YES,NEW_EXACT,NO,No same-class owned Senior source; exact Facility ID and nonblank license comparisons to TX ALF/NF returned zero on 2026-09-30.
TX_ICF_IID,83,007292,1,,,NO,,YES,NEW_EXACT,NO,No same-class owned Senior source; exact Facility ID and nonblank license comparisons to TX ALF/NF returned zero on 2026-09-30.
TX_ICF_IID,84,003775,1,,,NO,,YES,NEW_EXACT,NO,No same-class owned Senior source; exact Facility ID and nonblank license comparisons to TX ALF/NF returned zero on 2026-09-30.
TX_ICF_IID,85,007365,1,,,NO,,YES,NEW_EXACT,NO,No same-class owned Senior source; exact Facility ID and nonblank license comparisons to TX ALF/NF returned zero on 2026-09-30.
TX_ICF_IID,86,003603,1,,,NO,,YES,NEW_EXACT,NO,No same-class owned Senior source; exact Facility ID and nonblank license comparisons to TX ALF/NF returned zero on 2026-09-30.
TX_ICF_IID,87,007478,1,,,NO,,YES,NEW_EXACT,NO,No same-class owned Senior source; exact Facility ID and nonblank license comparisons to TX ALF/NF returned zero on 2026-09-30.
TX_ICF_IID,88,110141,1,,,NO,,YES,NEW_EXACT,NO,No same-class owned Senior source; exact Facility ID and nonblank license comparisons to TX ALF/NF returned zero on 2026-09-30.
TX_ICF_IID,89,007508,1,,,NO,,YES,NEW_EXACT,NO,No same-class owned Senior source; exact Facility ID and nonblank license comparisons to TX ALF/NF returned zero on 2026-09-30.
TX_ICF_IID,90,104491,1,,,NO,,YES,NEW_EXACT,NO,No same-class owned Senior source; exact Facility ID and nonblank license comparisons to TX ALF/NF returned zero on 2026-09-30.
TX_ICF_IID,91,105215,1,,,NO,,YES,NEW_EXACT,NO,No same-class owned Senior source; exact Facility ID and nonblank license comparisons to TX ALF/NF returned zero on 2026-09-30.
TX_ICF_IID,92,007564,1,,,NO,,YES,NEW_EXACT,NO,No same-class owned Senior source; exact Facility ID and nonblank license comparisons to TX ALF/NF returned zero on 2026-09-30.
TX_ICF_IID,93,107143,1,,,NO,,YES,NEW_EXACT,NO,No same-class owned Senior source; exact Facility ID and nonblank license comparisons to TX ALF/NF returned zero on 2026-09-30.
TX_ICF_IID,94,106756,1,,,NO,,YES,NEW_EXACT,NO,No same-class owned Senior source; exact Facility ID and nonblank license comparisons to TX ALF/NF returned zero on 2026-09-30.
TX_ICF_IID,95,104296,1,,,NO,,YES,NEW_EXACT,NO,No same-class owned Senior source; exact Facility ID and nonblank license comparisons to TX ALF/NF returned zero on 2026-09-30.
TX_ICF_IID,96,104154,1,,,NO,,YES,NEW_EXACT,NO,No same-class owned Senior source; exact Facility ID and nonblank license comparisons to TX ALF/NF returned zero on 2026-09-30.
TX_ICF_IID,97,107228,1,,,NO,,YES,NEW_EXACT,NO,No same-class owned Senior source; exact Facility ID and nonblank license comparisons to TX ALF/NF returned zero on 2026-09-30.
TX_ICF_IID,98,007287,1,,,NO,,YES,NEW_EXACT,NO,No same-class owned Senior source; exact Facility ID and nonblank license comparisons to TX ALF/NF returned zero on 2026-09-30.
TX_ICF_IID,99,007114,1,,,NO,,YES,NEW_EXACT,NO,No same-class owned Senior source; exact Facility ID and nonblank license comparisons to TX ALF/NF returned zero on 2026-09-30.
TX_ICF_IID,100,007603,1,,,NO,,YES,NEW_EXACT,NO,No same-class owned Senior source; exact Facility ID and nonblank license comparisons to TX ALF/NF returned zero on 2026-09-30.
TX_ICF_IID,101,007488,1,,,NO,,YES,NEW_EXACT,NO,No same-class owned Senior source; exact Facility ID and nonblank license comparisons to TX ALF/NF returned zero on 2026-09-30.
TX_ICF_IID,102,007481,1,,,NO,,YES,NEW_EXACT,NO,No same-class owned Senior source; exact Facility ID and nonblank license comparisons to TX ALF/NF returned zero on 2026-09-30.
TX_ICF_IID,103,007467,1,,,NO,,YES,NEW_EXACT,NO,No same-class owned Senior source; exact Facility ID and nonblank license comparisons to TX ALF/NF returned zero on 2026-09-30.
TX_ICF_IID,104,007438,1,,,NO,,YES,NEW_EXACT,NO,No same-class owned Senior source; exact Facility ID and nonblank license comparisons to TX ALF/NF returned zero on 2026-09-30.
TX_ICF_IID,105,007435,1,,,NO,,YES,NEW_EXACT,NO,No same-class owned Senior source; exact Facility ID and nonblank license comparisons to TX ALF/NF returned zero on 2026-09-30.
TX_ICF_IID,106,007415,1,,,NO,,YES,NEW_EXACT,NO,No same-class owned Senior source; exact Facility ID and nonblank license comparisons to TX ALF/NF returned zero on 2026-09-30.
TX_ICF_IID,107,110135,1,,,NO,,YES,NEW_EXACT,NO,No same-class owned Senior source; exact Facility ID and nonblank license comparisons to TX ALF/NF returned zero on 2026-09-30.
TX_ICF_IID,108,003633,1,,,NO,,YES,NEW_EXACT,NO,No same-class owned Senior source; exact Facility ID and nonblank license comparisons to TX ALF/NF returned zero on 2026-09-30.
TX_ICF_IID,109,007520,1,,,NO,,YES,NEW_EXACT,NO,No same-class owned Senior source; exact Facility ID and nonblank license comparisons to TX ALF/NF returned zero on 2026-09-30.
TX_ICF_IID,110,007639,1,,,NO,,YES,NEW_EXACT,NO,No same-class owned Senior source; exact Facility ID and nonblank license comparisons to TX ALF/NF returned zero on 2026-09-30.
TX_ICF_IID,111,111944,1,,,NO,,YES,NEW_EXACT,NO,No same-class owned Senior source; exact Facility ID and nonblank license comparisons to TX ALF/NF returned zero on 2026-09-30.
TX_ICF_IID,112,007291,1,,,NO,,YES,NEW_EXACT,NO,No same-class owned Senior source; exact Facility ID and nonblank license comparisons to TX ALF/NF returned zero on 2026-09-30.
TX_ICF_IID,113,007420,1,,,NO,,YES,NEW_EXACT,NO,No same-class owned Senior source; exact Facility ID and nonblank license comparisons to TX ALF/NF returned zero on 2026-09-30.
TX_ICF_IID,114,003948,1,,,NO,,YES,NEW_EXACT,NO,No same-class owned Senior source; exact Facility ID and nonblank license comparisons to TX ALF/NF returned zero on 2026-09-30.
TX_ICF_IID,115,003645,1,,,NO,,YES,NEW_EXACT,NO,No same-class owned Senior source; exact Facility ID and nonblank license comparisons to TX ALF/NF returned zero on 2026-09-30.
TX_ICF_IID,116,003628,1,,,NO,,YES,NEW_EXACT,NO,No same-class owned Senior source; exact Facility ID and nonblank license comparisons to TX ALF/NF returned zero on 2026-09-30.
TX_ICF_IID,117,111837,1,,,NO,,YES,NEW_EXACT,NO,No same-class owned Senior source; exact Facility ID and nonblank license comparisons to TX ALF/NF returned zero on 2026-09-30.
TX_ICF_IID,118,007248,1,,,NO,,YES,NEW_EXACT,NO,No same-class owned Senior source; exact Facility ID and nonblank license comparisons to TX ALF/NF returned zero on 2026-09-30.
TX_ICF_IID,119,003637,1,,,NO,,YES,NEW_EXACT,NO,No same-class owned Senior source; exact Facility ID and nonblank license comparisons to TX ALF/NF returned zero on 2026-09-30.
TX_ICF_IID,120,003638,1,,,NO,,YES,NEW_EXACT,NO,No same-class owned Senior source; exact Facility ID and nonblank license comparisons to TX ALF/NF returned zero on 2026-09-30.
TX_ICF_IID,121,007203,1,,,NO,,YES,NEW_EXACT,NO,No same-class owned Senior source; exact Facility ID and nonblank license comparisons to TX ALF/NF returned zero on 2026-09-30.
TX_ICF_IID,122,007403,1,,,NO,,YES,NEW_EXACT,NO,No same-class owned Senior source; exact Facility ID and nonblank license comparisons to TX ALF/NF returned zero on 2026-09-30.
TX_ICF_IID,123,007617,1,,,NO,,YES,NEW_EXACT,NO,No same-class owned Senior source; exact Facility ID and nonblank license comparisons to TX ALF/NF returned zero on 2026-09-30.
TX_ICF_IID,124,007408,1,,,NO,,YES,NEW_EXACT,NO,No same-class owned Senior source; exact Facility ID and nonblank license comparisons to TX ALF/NF returned zero on 2026-09-30.
TX_ICF_IID,125,007569,1,,,NO,,YES,NEW_EXACT,NO,No same-class owned Senior source; exact Facility ID and nonblank license comparisons to TX ALF/NF returned zero on 2026-09-30.
TX_ICF_IID,126,007407,1,,,NO,,YES,NEW_EXACT,NO,No same-class owned Senior source; exact Facility ID and nonblank license comparisons to TX ALF/NF returned zero on 2026-09-30.
TX_ICF_IID,127,003925,1,,,NO,,YES,NEW_EXACT,NO,No same-class owned Senior source; exact Facility ID and nonblank license comparisons to TX ALF/NF returned zero on 2026-09-30.
TX_ICF_IID,128,003618,1,,,NO,,YES,NEW_EXACT,NO,No same-class owned Senior source; exact Facility ID and nonblank license comparisons to TX ALF/NF returned zero on 2026-09-30.
TX_ICF_IID,129,105082,1,,,NO,,YES,NEW_EXACT,NO,No same-class owned Senior source; exact Facility ID and nonblank license comparisons to TX ALF/NF returned zero on 2026-09-30.
TX_ICF_IID,130,007626,1,,,NO,,YES,NEW_EXACT,NO,No same-class owned Senior source; exact Facility ID and nonblank license comparisons to TX ALF/NF returned zero on 2026-09-30.
TX_ICF_IID,131,003963,1,,,NO,,YES,NEW_EXACT,NO,No same-class owned Senior source; exact Facility ID and nonblank license comparisons to TX ALF/NF returned zero on 2026-09-30.
TX_ICF_IID,132,007561,1,,,NO,,YES,NEW_EXACT,NO,No same-class owned Senior source; exact Facility ID and nonblank license comparisons to TX ALF/NF returned zero on 2026-09-30.
TX_ICF_IID,133,007662,1,,,NO,,YES,NEW_EXACT,NO,No same-class owned Senior source; exact Facility ID and nonblank license comparisons to TX ALF/NF returned zero on 2026-09-30.
TX_ICF_IID,134,003840,1,,,NO,,YES,NEW_EXACT,NO,No same-class owned Senior source; exact Facility ID and nonblank license comparisons to TX ALF/NF returned zero on 2026-09-30.
TX_ICF_IID,135,003675,1,,,NO,,YES,NEW_EXACT,NO,No same-class owned Senior source; exact Facility ID and nonblank license comparisons to TX ALF/NF returned zero on 2026-09-30.
TX_ICF_IID,136,007505,1,,,NO,,YES,NEW_EXACT,NO,No same-class owned Senior source; exact Facility ID and nonblank license comparisons to TX ALF/NF returned zero on 2026-09-30.
TX_ICF_IID,137,007450,1,,,NO,,YES,NEW_EXACT,NO,No same-class owned Senior source; exact Facility ID and nonblank license comparisons to TX ALF/NF returned zero on 2026-09-30.
TX_ICF_IID,138,003879,1,,,NO,,YES,NEW_EXACT,NO,No same-class owned Senior source; exact Facility ID and nonblank license comparisons to TX ALF/NF returned zero on 2026-09-30.
TX_ICF_IID,139,007221,1,,,NO,,YES,NEW_EXACT,NO,No same-class owned Senior source; exact Facility ID and nonblank license comparisons to TX ALF/NF returned zero on 2026-09-30.
TX_ICF_IID,140,003763,1,,,NO,,YES,NEW_EXACT,NO,No same-class owned Senior source; exact Facility ID and nonblank license comparisons to TX ALF/NF returned zero on 2026-09-30.
TX_ICF_IID,141,003949,1,,,NO,,YES,NEW_EXACT,NO,No same-class owned Senior source; exact Facility ID and nonblank license comparisons to TX ALF/NF returned zero on 2026-09-30.
TX_ICF_IID,142,007559,1,,,NO,,YES,NEW_EXACT,NO,No same-class owned Senior source; exact Facility ID and nonblank license comparisons to TX ALF/NF returned zero on 2026-09-30.
TX_ICF_IID,143,003983,1,,,NO,,YES,NEW_EXACT,NO,No same-class owned Senior source; exact Facility ID and nonblank license comparisons to TX ALF/NF returned zero on 2026-09-30.
TX_ICF_IID,144,003954,1,,,NO,,YES,NEW_EXACT,NO,No same-class owned Senior source; exact Facility ID and nonblank license comparisons to TX ALF/NF returned zero on 2026-09-30.
TX_ICF_IID,145,007244,1,,,NO,,YES,NEW_EXACT,NO,No same-class owned Senior source; exact Facility ID and nonblank license comparisons to TX ALF/NF returned zero on 2026-09-30.
TX_ICF_IID,146,007236,1,,,NO,,YES,NEW_EXACT,NO,No same-class owned Senior source; exact Facility ID and nonblank license comparisons to TX ALF/NF returned zero on 2026-09-30.
TX_ICF_IID,147,007112,1,,,NO,,YES,NEW_EXACT,NO,No same-class owned Senior source; exact Facility ID and nonblank license comparisons to TX ALF/NF returned zero on 2026-09-30.
TX_ICF_IID,148,003979,1,,,NO,,YES,NEW_EXACT,NO,No same-class owned Senior source; exact Facility ID and nonblank license comparisons to TX ALF/NF returned zero on 2026-09-30.
TX_ICF_IID,149,003699,1,,,NO,,YES,NEW_EXACT,NO,No same-class owned Senior source; exact Facility ID and nonblank license comparisons to TX ALF/NF returned zero on 2026-09-30.
TX_ICF_IID,150,007432,1,,,NO,,YES,NEW_EXACT,NO,No same-class owned Senior source; exact Facility ID and nonblank license comparisons to TX ALF/NF returned zero on 2026-09-30.
TX_ICF_IID,151,010279,1,,,NO,,YES,NEW_EXACT,NO,No same-class owned Senior source; exact Facility ID and nonblank license comparisons to TX ALF/NF returned zero on 2026-09-30.
TX_ICF_IID,152,010278,1,,,NO,,YES,NEW_EXACT,NO,No same-class owned Senior source; exact Facility ID and nonblank license comparisons to TX ALF/NF returned zero on 2026-09-30.
TX_ICF_IID,153,010355,1,,,NO,,YES,NEW_EXACT,NO,No same-class owned Senior source; exact Facility ID and nonblank license comparisons to TX ALF/NF returned zero on 2026-09-30.
TX_ICF_IID,154,007648,1,,,NO,,YES,NEW_EXACT,NO,No same-class owned Senior source; exact Facility ID and nonblank license comparisons to TX ALF/NF returned zero on 2026-09-30.
TX_ICF_IID,155,007649,1,,,NO,,YES,NEW_EXACT,NO,No same-class owned Senior source; exact Facility ID and nonblank license comparisons to TX ALF/NF returned zero on 2026-09-30.
TX_ICF_IID,156,007493,1,,,NO,,YES,NEW_EXACT,NO,No same-class owned Senior source; exact Facility ID and nonblank license comparisons to TX ALF/NF returned zero on 2026-09-30.
TX_ICF_IID,157,007421,1,,,NO,,YES,NEW_EXACT,NO,No same-class owned Senior source; exact Facility ID and nonblank license comparisons to TX ALF/NF returned zero on 2026-09-30.
TX_ICF_IID,158,007402,1,,,NO,,YES,NEW_EXACT,NO,No same-class owned Senior source; exact Facility ID and nonblank license comparisons to TX ALF/NF returned zero on 2026-09-30.
TX_ICF_IID,159,003993,1,,,NO,,YES,NEW_EXACT,NO,No same-class owned Senior source; exact Facility ID and nonblank license comparisons to TX ALF/NF returned zero on 2026-09-30.
TX_ICF_IID,160,003997,1,,,NO,,YES,NEW_EXACT,NO,No same-class owned Senior source; exact Facility ID and nonblank license comparisons to TX ALF/NF returned zero on 2026-09-30.
TX_ICF_IID,161,007233,1,,,NO,,YES,NEW_EXACT,NO,No same-class owned Senior source; exact Facility ID and nonblank license comparisons to TX ALF/NF returned zero on 2026-09-30.
TX_ICF_IID,162,007232,1,,,NO,,YES,NEW_EXACT,NO,No same-class owned Senior source; exact Facility ID and nonblank license comparisons to TX ALF/NF returned zero on 2026-09-30.
TX_ICF_IID,163,003617,1,,,NO,,YES,NEW_EXACT,NO,No same-class owned Senior source; exact Facility ID and nonblank license comparisons to TX ALF/NF returned zero on 2026-09-30.
TX_ICF_IID,164,104052,1,,,NO,,YES,NEW_EXACT,NO,No same-class owned Senior source; exact Facility ID and nonblank license comparisons to TX ALF/NF returned zero on 2026-09-30.
TX_ICF_IID,165,003950,1,,,NO,,YES,NEW_EXACT,NO,No same-class owned Senior source; exact Facility ID and nonblank license comparisons to TX ALF/NF returned zero on 2026-09-30.
TX_ICF_IID,166,003968,1,,,NO,,YES,NEW_EXACT,NO,No same-class owned Senior source; exact Facility ID and nonblank license comparisons to TX ALF/NF returned zero on 2026-09-30.
TX_ICF_IID,167,111970,1,,,NO,,YES,NEW_EXACT,NO,No same-class owned Senior source; exact Facility ID and nonblank license comparisons to TX ALF/NF returned zero on 2026-09-30.
TX_ICF_IID,168,100368,1,,,NO,,YES,NEW_EXACT,NO,No same-class owned Senior source; exact Facility ID and nonblank license comparisons to TX ALF/NF returned zero on 2026-09-30.
TX_ICF_IID,169,100939,1,,,NO,,YES,NEW_EXACT,NO,No same-class owned Senior source; exact Facility ID and nonblank license comparisons to TX ALF/NF returned zero on 2026-09-30.
TX_ICF_IID,170,010175,1,,,NO,,YES,NEW_EXACT,NO,No same-class owned Senior source; exact Facility ID and nonblank license comparisons to TX ALF/NF returned zero on 2026-09-30.
TX_ICF_IID,171,007321,1,,,NO,,YES,NEW_EXACT,NO,No same-class owned Senior source; exact Facility ID and nonblank license comparisons to TX ALF/NF returned zero on 2026-09-30.
TX_ICF_IID,172,003835,1,,,NO,,YES,NEW_EXACT,NO,No same-class owned Senior source; exact Facility ID and nonblank license comparisons to TX ALF/NF returned zero on 2026-09-30.
TX_ICF_IID,173,003756,1,,,NO,,YES,NEW_EXACT,NO,No same-class owned Senior source; exact Facility ID and nonblank license comparisons to TX ALF/NF returned zero on 2026-09-30.
TX_ICF_IID,174,003796,1,,,NO,,YES,NEW_EXACT,NO,No same-class owned Senior source; exact Facility ID and nonblank license comparisons to TX ALF/NF returned zero on 2026-09-30.
TX_ICF_IID,175,007374,1,,,NO,,YES,NEW_EXACT,NO,No same-class owned Senior source; exact Facility ID and nonblank license comparisons to TX ALF/NF returned zero on 2026-09-30.
TX_ICF_IID,176,003783,1,,,NO,,YES,NEW_EXACT,NO,No same-class owned Senior source; exact Facility ID and nonblank license comparisons to TX ALF/NF returned zero on 2026-09-30.
TX_ICF_IID,177,100362,1,,,NO,,YES,NEW_EXACT,NO,No same-class owned Senior source; exact Facility ID and nonblank license comparisons to TX ALF/NF returned zero on 2026-09-30.
TX_ICF_IID,178,104764,1,,,NO,,YES,NEW_EXACT,NO,No same-class owned Senior source; exact Facility ID and nonblank license comparisons to TX ALF/NF returned zero on 2026-09-30.
TX_ICF_IID,179,104122,1,,,NO,,YES,NEW_EXACT,NO,No same-class owned Senior source; exact Facility ID and nonblank license comparisons to TX ALF/NF returned zero on 2026-09-30.
TX_ICF_IID,180,104131,1,,,NO,,YES,NEW_EXACT,NO,No same-class owned Senior source; exact Facility ID and nonblank license comparisons to TX ALF/NF returned zero on 2026-09-30.
TX_ICF_IID,181,007252,1,,,NO,,YES,NEW_EXACT,NO,No same-class owned Senior source; exact Facility ID and nonblank license comparisons to TX ALF/NF returned zero on 2026-09-30.
TX_ICF_IID,182,007651,1,,,NO,,YES,NEW_EXACT,NO,No same-class owned Senior source; exact Facility ID and nonblank license comparisons to TX ALF/NF returned zero on 2026-09-30.
TX_ICF_IID,183,007652,1,,,NO,,YES,NEW_EXACT,NO,No same-class owned Senior source; exact Facility ID and nonblank license comparisons to TX ALF/NF returned zero on 2026-09-30.
TX_ICF_IID,184,003890,1,,,NO,,YES,NEW_EXACT,NO,No same-class owned Senior source; exact Facility ID and nonblank license comparisons to TX ALF/NF returned zero on 2026-09-30.
TX_ICF_IID,185,003846,1,,,NO,,YES,NEW_EXACT,NO,No same-class owned Senior source; exact Facility ID and nonblank license comparisons to TX ALF/NF returned zero on 2026-09-30.
TX_ICF_IID,186,007644,1,,,NO,,YES,NEW_EXACT,NO,No same-class owned Senior source; exact Facility ID and nonblank license comparisons to TX ALF/NF returned zero on 2026-09-30.
TX_ICF_IID,187,007812,1,,,NO,,YES,NEW_EXACT,NO,No same-class owned Senior source; exact Facility ID and nonblank license comparisons to TX ALF/NF returned zero on 2026-09-30.
TX_ICF_IID,188,007640,1,,,NO,,YES,NEW_EXACT,NO,No same-class owned Senior source; exact Facility ID and nonblank license comparisons to TX ALF/NF returned zero on 2026-09-30.
TX_ICF_IID,189,007813,1,,,NO,,YES,NEW_EXACT,NO,No same-class owned Senior source; exact Facility ID and nonblank license comparisons to TX ALF/NF returned zero on 2026-09-30.
TX_ICF_IID,190,007621,1,,,NO,,YES,NEW_EXACT,NO,No same-class owned Senior source; exact Facility ID and nonblank license comparisons to TX ALF/NF returned zero on 2026-09-30.
TX_ICF_IID,191,007404,1,,,NO,,YES,NEW_EXACT,NO,No same-class owned Senior source; exact Facility ID and nonblank license comparisons to TX ALF/NF returned zero on 2026-09-30.
TX_ICF_IID,192,007333,1,,,NO,,YES,NEW_EXACT,NO,No same-class owned Senior source; exact Facility ID and nonblank license comparisons to TX ALF/NF returned zero on 2026-09-30.
TX_ICF_IID,193,007266,1,,,NO,,YES,NEW_EXACT,NO,No same-class owned Senior source; exact Facility ID and nonblank license comparisons to TX ALF/NF returned zero on 2026-09-30.
TX_ICF_IID,194,007531,1,,,NO,,YES,NEW_EXACT,NO,No same-class owned Senior source; exact Facility ID and nonblank license comparisons to TX ALF/NF returned zero on 2026-09-30.
TX_ICF_IID,195,007614,1,,,NO,,YES,NEW_EXACT,NO,No same-class owned Senior source; exact Facility ID and nonblank license comparisons to TX ALF/NF returned zero on 2026-09-30.
TX_ICF_IID,196,007615,1,,,NO,,YES,NEW_EXACT,NO,No same-class owned Senior source; exact Facility ID and nonblank license comparisons to TX ALF/NF returned zero on 2026-09-30.
TX_ICF_IID,197,007641,1,,,NO,,YES,NEW_EXACT,NO,No same-class owned Senior source; exact Facility ID and nonblank license comparisons to TX ALF/NF returned zero on 2026-09-30.
TX_ICF_IID,198,007642,1,,,NO,,YES,NEW_EXACT,NO,No same-class owned Senior source; exact Facility ID and nonblank license comparisons to TX ALF/NF returned zero on 2026-09-30.
TX_ICF_IID,199,003736,1,,,NO,,YES,NEW_EXACT,NO,No same-class owned Senior source; exact Facility ID and nonblank license comparisons to TX ALF/NF returned zero on 2026-09-30.
TX_ICF_IID,200,007503,1,,,NO,,YES,NEW_EXACT,NO,No same-class owned Senior source; exact Facility ID and nonblank license comparisons to TX ALF/NF returned zero on 2026-09-30.
TX_ICF_IID,201,007810,1,,,NO,,YES,NEW_EXACT,NO,No same-class owned Senior source; exact Facility ID and nonblank license comparisons to TX ALF/NF returned zero on 2026-09-30.
TX_ICF_IID,202,007497,1,,,NO,,YES,NEW_EXACT,NO,No same-class owned Senior source; exact Facility ID and nonblank license comparisons to TX ALF/NF returned zero on 2026-09-30.
TX_ICF_IID,203,003947,1,,,NO,,YES,NEW_EXACT,NO,No same-class owned Senior source; exact Facility ID and nonblank license comparisons to TX ALF/NF returned zero on 2026-09-30.
TX_ICF_IID,204,003666,1,,,NO,,YES,NEW_EXACT,NO,No same-class owned Senior source; exact Facility ID and nonblank license comparisons to TX ALF/NF returned zero on 2026-09-30.
TX_ICF_IID,205,003620,1,,,NO,,YES,NEW_EXACT,NO,No same-class owned Senior source; exact Facility ID and nonblank license comparisons to TX ALF/NF returned zero on 2026-09-30.
TX_ICF_IID,206,007645,1,,,NO,,YES,NEW_EXACT,NO,No same-class owned Senior source; exact Facility ID and nonblank license comparisons to TX ALF/NF returned zero on 2026-09-30.
TX_ICF_IID,207,007647,1,,,NO,,YES,NEW_EXACT,NO,No same-class owned Senior source; exact Facility ID and nonblank license comparisons to TX ALF/NF returned zero on 2026-09-30.
TX_ICF_IID,208,003987,1,,,NO,,YES,NEW_EXACT,NO,No same-class owned Senior source; exact Facility ID and nonblank license comparisons to TX ALF/NF returned zero on 2026-09-30.
TX_ICF_IID,209,007280,1,,,NO,,YES,NEW_EXACT,NO,No same-class owned Senior source; exact Facility ID and nonblank license comparisons to TX ALF/NF returned zero on 2026-09-30.
TX_ICF_IID,210,003901,1,,,NO,,YES,NEW_EXACT,NO,No same-class owned Senior source; exact Facility ID and nonblank license comparisons to TX ALF/NF returned zero on 2026-09-30.
TX_ICF_IID,211,007800,1,,,NO,,YES,NEW_EXACT,NO,No same-class owned Senior source; exact Facility ID and nonblank license comparisons to TX ALF/NF returned zero on 2026-09-30.
TX_ICF_IID,212,110326,1,,,NO,,YES,NEW_EXACT,NO,No same-class owned Senior source; exact Facility ID and nonblank license comparisons to TX ALF/NF returned zero on 2026-09-30.
TX_ICF_IID,213,003994,1,,,NO,,YES,NEW_EXACT,NO,No same-class owned Senior source; exact Facility ID and nonblank license comparisons to TX ALF/NF returned zero on 2026-09-30.
TX_ICF_IID,214,007667,1,,,NO,,YES,NEW_EXACT,NO,No same-class owned Senior source; exact Facility ID and nonblank license comparisons to TX ALF/NF returned zero on 2026-09-30.
TX_ICF_IID,215,003922,1,,,NO,,YES,NEW_EXACT,NO,No same-class owned Senior source; exact Facility ID and nonblank license comparisons to TX ALF/NF returned zero on 2026-09-30.
TX_ICF_IID,216,007668,1,,,NO,,YES,NEW_EXACT,NO,No same-class owned Senior source; exact Facility ID and nonblank license comparisons to TX ALF/NF returned zero on 2026-09-30.
TX_ICF_IID,217,007670,1,,,NO,,YES,NEW_EXACT,NO,No same-class owned Senior source; exact Facility ID and nonblank license comparisons to TX ALF/NF returned zero on 2026-09-30.
TX_ICF_IID,218,007102,1,,,NO,,YES,NEW_EXACT,NO,No same-class owned Senior source; exact Facility ID and nonblank license comparisons to TX ALF/NF returned zero on 2026-09-30.
TX_ICF_IID,219,007206,1,,,NO,,YES,NEW_EXACT,NO,No same-class owned Senior source; exact Facility ID and nonblank license comparisons to TX ALF/NF returned zero on 2026-09-30.
TX_ICF_IID,220,007247,1,,,NO,,YES,NEW_EXACT,NO,No same-class owned Senior source; exact Facility ID and nonblank license comparisons to TX ALF/NF returned zero on 2026-09-30.
TX_ICF_IID,221,007669,1,,,NO,,YES,NEW_EXACT,NO,No same-class owned Senior source; exact Facility ID and nonblank license comparisons to TX ALF/NF returned zero on 2026-09-30.
TX_ICF_IID,222,007671,1,,,NO,,YES,NEW_EXACT,NO,No same-class owned Senior source; exact Facility ID and nonblank license comparisons to TX ALF/NF returned zero on 2026-09-30.
TX_ICF_IID,223,007442,1,,,NO,,YES,NEW_EXACT,NO,No same-class owned Senior source; exact Facility ID and nonblank license comparisons to TX ALF/NF returned zero on 2026-09-30.
TX_ICF_IID,224,003805,1,,,NO,,YES,NEW_EXACT,NO,No same-class owned Senior source; exact Facility ID and nonblank license comparisons to TX ALF/NF returned zero on 2026-09-30.
TX_ICF_IID,225,003837,1,,,NO,,YES,NEW_EXACT,NO,No same-class owned Senior source; exact Facility ID and nonblank license comparisons to TX ALF/NF returned zero on 2026-09-30.
TX_ICF_IID,226,003886,1,,,NO,,YES,NEW_EXACT,NO,No same-class owned Senior source; exact Facility ID and nonblank license comparisons to TX ALF/NF returned zero on 2026-09-30.
TX_ICF_IID,227,003894,1,,,NO,,YES,NEW_EXACT,NO,No same-class owned Senior source; exact Facility ID and nonblank license comparisons to TX ALF/NF returned zero on 2026-09-30.
TX_ICF_IID,228,003640,1,,,NO,,YES,NEW_EXACT,NO,No same-class owned Senior source; exact Facility ID and nonblank license comparisons to TX ALF/NF returned zero on 2026-09-30.
TX_ICF_IID,229,003814,1,,,NO,,YES,NEW_EXACT,NO,No same-class owned Senior source; exact Facility ID and nonblank license comparisons to TX ALF/NF returned zero on 2026-09-30.
TX_ICF_IID,230,007650,1,,,NO,,YES,NEW_EXACT,NO,No same-class owned Senior source; exact Facility ID and nonblank license comparisons to TX ALF/NF returned zero on 2026-09-30.
TX_ICF_IID,231,007116,1,,,NO,,YES,NEW_EXACT,NO,No same-class owned Senior source; exact Facility ID and nonblank license comparisons to TX ALF/NF returned zero on 2026-09-30.
TX_ICF_IID,232,003873,1,,,NO,,YES,NEW_EXACT,NO,No same-class owned Senior source; exact Facility ID and nonblank license comparisons to TX ALF/NF returned zero on 2026-09-30.
TX_ICF_IID,233,003876,1,,,NO,,YES,NEW_EXACT,NO,No same-class owned Senior source; exact Facility ID and nonblank license comparisons to TX ALF/NF returned zero on 2026-09-30.
TX_ICF_IID,234,003877,1,,,NO,,YES,NEW_EXACT,NO,No same-class owned Senior source; exact Facility ID and nonblank license comparisons to TX ALF/NF returned zero on 2026-09-30.
TX_ICF_IID,235,003932,1,,,NO,,YES,NEW_EXACT,NO,No same-class owned Senior source; exact Facility ID and nonblank license comparisons to TX ALF/NF returned zero on 2026-09-30.
TX_ICF_IID,236,003958,1,,,NO,,YES,NEW_EXACT,NO,No same-class owned Senior source; exact Facility ID and nonblank license comparisons to TX ALF/NF returned zero on 2026-09-30.
TX_ICF_IID,237,003614,1,,,NO,,YES,NEW_EXACT,NO,No same-class owned Senior source; exact Facility ID and nonblank license comparisons to TX ALF/NF returned zero on 2026-09-30.
TX_ICF_IID,238,007514,1,,,NO,,YES,NEW_EXACT,NO,No same-class owned Senior source; exact Facility ID and nonblank license comparisons to TX ALF/NF returned zero on 2026-09-30.
TX_ICF_IID,239,007588,1,,,NO,,YES,NEW_EXACT,NO,No same-class owned Senior source; exact Facility ID and nonblank license comparisons to TX ALF/NF returned zero on 2026-09-30.
TX_ICF_IID,240,007532,1,,,NO,,YES,NEW_EXACT,NO,No same-class owned Senior source; exact Facility ID and nonblank license comparisons to TX ALF/NF returned zero on 2026-09-30.
TX_ICF_IID,241,007592,1,,,NO,,YES,NEW_EXACT,NO,No same-class owned Senior source; exact Facility ID and nonblank license comparisons to TX ALF/NF returned zero on 2026-09-30.
TX_ICF_IID,242,007373,1,,,NO,,YES,NEW_EXACT,NO,No same-class owned Senior source; exact Facility ID and nonblank license comparisons to TX ALF/NF returned zero on 2026-09-30.
TX_ICF_IID,243,007552,1,,,NO,,YES,NEW_EXACT,NO,No same-class owned Senior source; exact Facility ID and nonblank license comparisons to TX ALF/NF returned zero on 2026-09-30.
TX_ICF_IID,244,003788,1,,,NO,,YES,NEW_EXACT,NO,No same-class owned Senior source; exact Facility ID and nonblank license comparisons to TX ALF/NF returned zero on 2026-09-30.
TX_ICF_IID,245,003824,1,,,NO,,YES,NEW_EXACT,NO,No same-class owned Senior source; exact Facility ID and nonblank license comparisons to TX ALF/NF returned zero on 2026-09-30.
TX_ICF_IID,246,110358,1,,,NO,,YES,NEW_EXACT,NO,No same-class owned Senior source; exact Facility ID and nonblank license comparisons to TX ALF/NF returned zero on 2026-09-30.
TX_ICF_IID,247,003761,1,,,NO,,YES,NEW_EXACT,NO,No same-class owned Senior source; exact Facility ID and nonblank license comparisons to TX ALF/NF returned zero on 2026-09-30.
TX_ICF_IID,248,003766,1,,,NO,,YES,NEW_EXACT,NO,No same-class owned Senior source; exact Facility ID and nonblank license comparisons to TX ALF/NF returned zero on 2026-09-30.
TX_ICF_IID,249,003682,1,,,NO,,YES,NEW_EXACT,NO,No same-class owned Senior source; exact Facility ID and nonblank license comparisons to TX ALF/NF returned zero on 2026-09-30.
TX_ICF_IID,250,110477,1,,,NO,,YES,NEW_EXACT,NO,No same-class owned Senior source; exact Facility ID and nonblank license comparisons to TX ALF/NF returned zero on 2026-09-30.
TX_ICF_IID,251,007227,1,,,NO,,YES,NEW_EXACT,NO,No same-class owned Senior source; exact Facility ID and nonblank license comparisons to TX ALF/NF returned zero on 2026-09-30.
TX_ICF_IID,252,003678,1,,,NO,,YES,NEW_EXACT,NO,No same-class owned Senior source; exact Facility ID and nonblank license comparisons to TX ALF/NF returned zero on 2026-09-30.
TX_ICF_IID,253,007672,1,,,NO,,YES,NEW_EXACT,NO,No same-class owned Senior source; exact Facility ID and nonblank license comparisons to TX ALF/NF returned zero on 2026-09-30.
TX_ICF_IID,254,007673,1,,,NO,,YES,NEW_EXACT,NO,No same-class owned Senior source; exact Facility ID and nonblank license comparisons to TX ALF/NF returned zero on 2026-09-30.
TX_ICF_IID,255,007630,1,,,NO,,YES,NEW_EXACT,NO,No same-class owned Senior source; exact Facility ID and nonblank license comparisons to TX ALF/NF returned zero on 2026-09-30.
TX_ICF_IID,256,007267,1,,,NO,,YES,NEW_EXACT,NO,No same-class owned Senior source; exact Facility ID and nonblank license comparisons to TX ALF/NF returned zero on 2026-09-30.
TX_ICF_IID,257,007463,1,,,NO,,YES,NEW_EXACT,NO,No same-class owned Senior source; exact Facility ID and nonblank license comparisons to TX ALF/NF returned zero on 2026-09-30.
TX_ICF_IID,258,003656,1,,,NO,,YES,NEW_EXACT,NO,No same-class owned Senior source; exact Facility ID and nonblank license comparisons to TX ALF/NF returned zero on 2026-09-30.
TX_ICF_IID,259,007521,1,,,NO,,YES,NEW_EXACT,NO,No same-class owned Senior source; exact Facility ID and nonblank license comparisons to TX ALF/NF returned zero on 2026-09-30.
TX_ICF_IID,260,100346,1,,,NO,,YES,NEW_EXACT,NO,No same-class owned Senior source; exact Facility ID and nonblank license comparisons to TX ALF/NF returned zero on 2026-09-30.
TX_ICF_IID,261,100373,1,,,NO,,YES,NEW_EXACT,NO,No same-class owned Senior source; exact Facility ID and nonblank license comparisons to TX ALF/NF returned zero on 2026-09-30.
TX_ICF_IID,262,007106,1,,,NO,,YES,NEW_EXACT,NO,No same-class owned Senior source; exact Facility ID and nonblank license comparisons to TX ALF/NF returned zero on 2026-09-30.
TX_ICF_IID,263,003921,1,,,NO,,YES,NEW_EXACT,NO,No same-class owned Senior source; exact Facility ID and nonblank license comparisons to TX ALF/NF returned zero on 2026-09-30.
TX_ICF_IID,264,003781,1,,,NO,,YES,NEW_EXACT,NO,No same-class owned Senior source; exact Facility ID and nonblank license comparisons to TX ALF/NF returned zero on 2026-09-30.
TX_ICF_IID,265,007653,1,,,NO,,YES,NEW_EXACT,NO,No same-class owned Senior source; exact Facility ID and nonblank license comparisons to TX ALF/NF returned zero on 2026-09-30.
TX_ICF_IID,266,007268,1,,,NO,,YES,NEW_EXACT,NO,No same-class owned Senior source; exact Facility ID and nonblank license comparisons to TX ALF/NF returned zero on 2026-09-30.
TX_ICF_IID,267,101455,1,,,NO,,YES,NEW_EXACT,NO,No same-class owned Senior source; exact Facility ID and nonblank license comparisons to TX ALF/NF returned zero on 2026-09-30.
TX_ICF_IID,268,101453,1,,,NO,,YES,NEW_EXACT,NO,No same-class owned Senior source; exact Facility ID and nonblank license comparisons to TX ALF/NF returned zero on 2026-09-30.
TX_ICF_IID,269,007492,1,,,NO,,YES,NEW_EXACT,NO,No same-class owned Senior source; exact Facility ID and nonblank license comparisons to TX ALF/NF returned zero on 2026-09-30.
TX_ICF_IID,270,007572,1,,,NO,,YES,NEW_EXACT,NO,No same-class owned Senior source; exact Facility ID and nonblank license comparisons to TX ALF/NF returned zero on 2026-09-30.
TX_ICF_IID,271,007293,1,,,NO,,YES,NEW_EXACT,NO,No same-class owned Senior source; exact Facility ID and nonblank license comparisons to TX ALF/NF returned zero on 2026-09-30.
TX_ICF_IID,272,007541,1,,,NO,,YES,NEW_EXACT,NO,No same-class owned Senior source; exact Facility ID and nonblank license comparisons to TX ALF/NF returned zero on 2026-09-30.
TX_ICF_IID,273,007431,1,,,NO,,YES,NEW_EXACT,NO,No same-class owned Senior source; exact Facility ID and nonblank license comparisons to TX ALF/NF returned zero on 2026-09-30.
TX_ICF_IID,274,007608,1,,,NO,,YES,NEW_EXACT,NO,No same-class owned Senior source; exact Facility ID and nonblank license comparisons to TX ALF/NF returned zero on 2026-09-30.
TX_ICF_IID,275,007229,1,,,NO,,YES,NEW_EXACT,NO,No same-class owned Senior source; exact Facility ID and nonblank license comparisons to TX ALF/NF returned zero on 2026-09-30.
TX_ICF_IID,276,007261,1,,,NO,,YES,NEW_EXACT,NO,No same-class owned Senior source; exact Facility ID and nonblank license comparisons to TX ALF/NF returned zero on 2026-09-30.
TX_ICF_IID,277,007255,1,,,NO,,YES,NEW_EXACT,NO,No same-class owned Senior source; exact Facility ID and nonblank license comparisons to TX ALF/NF returned zero on 2026-09-30.
TX_ICF_IID,278,007587,1,,,NO,,YES,NEW_EXACT,NO,No same-class owned Senior source; exact Facility ID and nonblank license comparisons to TX ALF/NF returned zero on 2026-09-30.
TX_ICF_IID,279,007495,1,,,NO,,YES,NEW_EXACT,NO,No same-class owned Senior source; exact Facility ID and nonblank license comparisons to TX ALF/NF returned zero on 2026-09-30.
TX_ICF_IID,280,007297,1,,,NO,,YES,NEW_EXACT,NO,No same-class owned Senior source; exact Facility ID and nonblank license comparisons to TX ALF/NF returned zero on 2026-09-30.
TX_ICF_IID,281,003765,1,,,NO,,YES,NEW_EXACT,NO,No same-class owned Senior source; exact Facility ID and nonblank license comparisons to TX ALF/NF returned zero on 2026-09-30.
TX_ICF_IID,282,003611,1,,,NO,,YES,NEW_EXACT,NO,No same-class owned Senior source; exact Facility ID and nonblank license comparisons to TX ALF/NF returned zero on 2026-09-30.
TX_ICF_IID,283,003943,1,,,NO,,YES,NEW_EXACT,NO,No same-class owned Senior source; exact Facility ID and nonblank license comparisons to TX ALF/NF returned zero on 2026-09-30.
TX_ICF_IID,284,003999,1,,,NO,,YES,NEW_EXACT,NO,No same-class owned Senior source; exact Facility ID and nonblank license comparisons to TX ALF/NF returned zero on 2026-09-30.
TX_ICF_IID,285,003786,1,,,NO,,YES,NEW_EXACT,NO,No same-class owned Senior source; exact Facility ID and nonblank license comparisons to TX ALF/NF returned zero on 2026-09-30.
TX_ICF_IID,286,003830,1,,,NO,,YES,NEW_EXACT,NO,No same-class owned Senior source; exact Facility ID and nonblank license comparisons to TX ALF/NF returned zero on 2026-09-30.
TX_ICF_IID,287,007394,1,,,NO,,YES,NEW_EXACT,NO,No same-class owned Senior source; exact Facility ID and nonblank license comparisons to TX ALF/NF returned zero on 2026-09-30.
TX_ICF_IID,288,003627,1,,,NO,,YES,NEW_EXACT,NO,No same-class owned Senior source; exact Facility ID and nonblank license comparisons to TX ALF/NF returned zero on 2026-09-30.
TX_ICF_IID,289,007250,1,,,NO,,YES,NEW_EXACT,NO,No same-class owned Senior source; exact Facility ID and nonblank license comparisons to TX ALF/NF returned zero on 2026-09-30.
TX_ICF_IID,290,003809,1,,,NO,,YES,NEW_EXACT,NO,No same-class owned Senior source; exact Facility ID and nonblank license comparisons to TX ALF/NF returned zero on 2026-09-30.
TX_ICF_IID,291,007570,1,,,NO,,YES,NEW_EXACT,NO,No same-class owned Senior source; exact Facility ID and nonblank license comparisons to TX ALF/NF returned zero on 2026-09-30.
TX_ICF_IID,292,003605,1,,,NO,,YES,NEW_EXACT,NO,No same-class owned Senior source; exact Facility ID and nonblank license comparisons to TX ALF/NF returned zero on 2026-09-30.
TX_ICF_IID,293,007411,1,,,NO,,YES,NEW_EXACT,NO,No same-class owned Senior source; exact Facility ID and nonblank license comparisons to TX ALF/NF returned zero on 2026-09-30.
TX_ICF_IID,294,003671,1,,,NO,,YES,NEW_EXACT,NO,No same-class owned Senior source; exact Facility ID and nonblank license comparisons to TX ALF/NF returned zero on 2026-09-30.
TX_ICF_IID,295,007381,1,,,NO,,YES,NEW_EXACT,NO,No same-class owned Senior source; exact Facility ID and nonblank license comparisons to TX ALF/NF returned zero on 2026-09-30.
TX_ICF_IID,296,007565,1,,,NO,,YES,NEW_EXACT,NO,No same-class owned Senior source; exact Facility ID and nonblank license comparisons to TX ALF/NF returned zero on 2026-09-30.
TX_ICF_IID,297,007560,1,,,NO,,YES,NEW_EXACT,NO,No same-class owned Senior source; exact Facility ID and nonblank license comparisons to TX ALF/NF returned zero on 2026-09-30.
TX_ICF_IID,298,003654,1,,,NO,,YES,NEW_EXACT,NO,No same-class owned Senior source; exact Facility ID and nonblank license comparisons to TX ALF/NF returned zero on 2026-09-30.
TX_ICF_IID,299,003615,1,,,NO,,YES,NEW_EXACT,NO,No same-class owned Senior source; exact Facility ID and nonblank license comparisons to TX ALF/NF returned zero on 2026-09-30.
TX_ICF_IID,300,003619,1,,,NO,,YES,NEW_EXACT,NO,No same-class owned Senior source; exact Facility ID and nonblank license comparisons to TX ALF/NF returned zero on 2026-09-30.
TX_ICF_IID,301,010197,1,,,NO,,YES,NEW_EXACT,NO,No same-class owned Senior source; exact Facility ID and nonblank license comparisons to TX ALF/NF returned zero on 2026-09-30.
TX_ICF_IID,302,003608,1,,,NO,,YES,NEW_EXACT,NO,No same-class owned Senior source; exact Facility ID and nonblank license comparisons to TX ALF/NF returned zero on 2026-09-30.
TX_ICF_IID,303,110270,1,,,NO,,YES,NEW_EXACT,NO,No same-class owned Senior source; exact Facility ID and nonblank license comparisons to TX ALF/NF returned zero on 2026-09-30.
TX_ICF_IID,304,007424,1,,,NO,,YES,NEW_EXACT,NO,No same-class owned Senior source; exact Facility ID and nonblank license comparisons to TX ALF/NF returned zero on 2026-09-30.
TX_ICF_IID,305,007284,1,,,NO,,YES,NEW_EXACT,NO,No same-class owned Senior source; exact Facility ID and nonblank license comparisons to TX ALF/NF returned zero on 2026-09-30.
TX_ICF_IID,306,007660,1,,,NO,,YES,NEW_EXACT,NO,No same-class owned Senior source; exact Facility ID and nonblank license comparisons to TX ALF/NF returned zero on 2026-09-30.
TX_ICF_IID,307,007548,1,,,NO,,YES,NEW_EXACT,NO,No same-class owned Senior source; exact Facility ID and nonblank license comparisons to TX ALF/NF returned zero on 2026-09-30.
TX_ICF_IID,308,010183,1,,,NO,,YES,NEW_EXACT,NO,No same-class owned Senior source; exact Facility ID and nonblank license comparisons to TX ALF/NF returned zero on 2026-09-30.
TX_ICF_IID,309,102827,1,,,NO,,YES,NEW_EXACT,NO,No same-class owned Senior source; exact Facility ID and nonblank license comparisons to TX ALF/NF returned zero on 2026-09-30.
TX_ICF_IID,310,010182,1,,,NO,,YES,NEW_EXACT,NO,No same-class owned Senior source; exact Facility ID and nonblank license comparisons to TX ALF/NF returned zero on 2026-09-30.
TX_ICF_IID,311,007486,1,,,NO,,YES,NEW_EXACT,NO,No same-class owned Senior source; exact Facility ID and nonblank license comparisons to TX ALF/NF returned zero on 2026-09-30.
TX_ICF_IID,312,110541,1,,,NO,,YES,NEW_EXACT,NO,No same-class owned Senior source; exact Facility ID and nonblank license comparisons to TX ALF/NF returned zero on 2026-09-30.
TX_ICF_IID,313,003941,1,,,NO,,YES,NEW_EXACT,NO,No same-class owned Senior source; exact Facility ID and nonblank license comparisons to TX ALF/NF returned zero on 2026-09-30.
TX_ICF_IID,314,003960,1,,,NO,,YES,NEW_EXACT,NO,No same-class owned Senior source; exact Facility ID and nonblank license comparisons to TX ALF/NF returned zero on 2026-09-30.
TX_ICF_IID,315,003746,1,,,NO,,YES,NEW_EXACT,NO,No same-class owned Senior source; exact Facility ID and nonblank license comparisons to TX ALF/NF returned zero on 2026-09-30.
TX_ICF_IID,316,007616,1,,,NO,,YES,NEW_EXACT,NO,No same-class owned Senior source; exact Facility ID and nonblank license comparisons to TX ALF/NF returned zero on 2026-09-30.
TX_ICF_IID,317,003940,1,,,NO,,YES,NEW_EXACT,NO,No same-class owned Senior source; exact Facility ID and nonblank license comparisons to TX ALF/NF returned zero on 2026-09-30.
TX_ICF_IID,318,003913,1,,,NO,,YES,NEW_EXACT,NO,No same-class owned Senior source; exact Facility ID and nonblank license comparisons to TX ALF/NF returned zero on 2026-09-30.
TX_ICF_IID,319,003907,1,,,NO,,YES,NEW_EXACT,NO,No same-class owned Senior source; exact Facility ID and nonblank license comparisons to TX ALF/NF returned zero on 2026-09-30.
TX_ICF_IID,320,003971,1,,,NO,,YES,NEW_EXACT,NO,No same-class owned Senior source; exact Facility ID and nonblank license comparisons to TX ALF/NF returned zero on 2026-09-30.
TX_ICF_IID,321,003915,1,,,NO,,YES,NEW_EXACT,NO,No same-class owned Senior source; exact Facility ID and nonblank license comparisons to TX ALF/NF returned zero on 2026-09-30.
TX_ICF_IID,322,007585,1,,,NO,,YES,NEW_EXACT,NO,No same-class owned Senior source; exact Facility ID and nonblank license comparisons to TX ALF/NF returned zero on 2026-09-30.
TX_ICF_IID,323,007437,1,,,NO,,YES,NEW_EXACT,NO,No same-class owned Senior source; exact Facility ID and nonblank license comparisons to TX ALF/NF returned zero on 2026-09-30.
TX_ICF_IID,324,007317,1,,,NO,,YES,NEW_EXACT,NO,No same-class owned Senior source; exact Facility ID and nonblank license comparisons to TX ALF/NF returned zero on 2026-09-30.
TX_ICF_IID,325,007597,1,,,NO,,YES,NEW_EXACT,NO,No same-class owned Senior source; exact Facility ID and nonblank license comparisons to TX ALF/NF returned zero on 2026-09-30.
TX_ICF_IID,326,007387,1,,,NO,,YES,NEW_EXACT,NO,No same-class owned Senior source; exact Facility ID and nonblank license comparisons to TX ALF/NF returned zero on 2026-09-30.
TX_ICF_IID,327,003729,1,,,NO,,YES,NEW_EXACT,NO,No same-class owned Senior source; exact Facility ID and nonblank license comparisons to TX ALF/NF returned zero on 2026-09-30.
TX_ICF_IID,328,007239,1,,,NO,,YES,NEW_EXACT,NO,No same-class owned Senior source; exact Facility ID and nonblank license comparisons to TX ALF/NF returned zero on 2026-09-30.
TX_ICF_IID,329,007428,1,,,NO,,YES,NEW_EXACT,NO,No same-class owned Senior source; exact Facility ID and nonblank license comparisons to TX ALF/NF returned zero on 2026-09-30.
TX_ICF_IID,330,007296,1,,,NO,,YES,NEW_EXACT,NO,No same-class owned Senior source; exact Facility ID and nonblank license comparisons to TX ALF/NF returned zero on 2026-09-30.
TX_ICF_IID,331,007384,1,,,NO,,YES,NEW_EXACT,NO,No same-class owned Senior source; exact Facility ID and nonblank license comparisons to TX ALF/NF returned zero on 2026-09-30.
TX_ICF_IID,332,003643,1,,,NO,,YES,NEW_EXACT,NO,No same-class owned Senior source; exact Facility ID and nonblank license comparisons to TX ALF/NF returned zero on 2026-09-30.
TX_ICF_IID,333,110471,1,,,NO,,YES,NEW_EXACT,NO,No same-class owned Senior source; exact Facility ID and nonblank license comparisons to TX ALF/NF returned zero on 2026-09-30.
TX_ICF_IID,334,110456,1,,,NO,,YES,NEW_EXACT,NO,No same-class owned Senior source; exact Facility ID and nonblank license comparisons to TX ALF/NF returned zero on 2026-09-30.
TX_ICF_IID,335,007472,1,,,NO,,YES,NEW_EXACT,NO,No same-class owned Senior source; exact Facility ID and nonblank license comparisons to TX ALF/NF returned zero on 2026-09-30.
TX_ICF_IID,336,007263,1,,,NO,,YES,NEW_EXACT,NO,No same-class owned Senior source; exact Facility ID and nonblank license comparisons to TX ALF/NF returned zero on 2026-09-30.
TX_ICF_IID,337,007801,1,,,NO,,YES,NEW_EXACT,NO,No same-class owned Senior source; exact Facility ID and nonblank license comparisons to TX ALF/NF returned zero on 2026-09-30.
TX_ICF_IID,338,111644,1,,,NO,,YES,NEW_EXACT,NO,No same-class owned Senior source; exact Facility ID and nonblank license comparisons to TX ALF/NF returned zero on 2026-09-30.
TX_ICF_IID,339,003684,1,,,NO,,YES,NEW_EXACT,NO,No same-class owned Senior source; exact Facility ID and nonblank license comparisons to TX ALF/NF returned zero on 2026-09-30.
TX_ICF_IID,340,007369,1,,,NO,,YES,NEW_EXACT,NO,No same-class owned Senior source; exact Facility ID and nonblank license comparisons to TX ALF/NF returned zero on 2026-09-30.
TX_ICF_IID,341,003721,1,,,NO,,YES,NEW_EXACT,NO,No same-class owned Senior source; exact Facility ID and nonblank license comparisons to TX ALF/NF returned zero on 2026-09-30.
TX_ICF_IID,342,007571,1,,,NO,,YES,NEW_EXACT,NO,No same-class owned Senior source; exact Facility ID and nonblank license comparisons to TX ALF/NF returned zero on 2026-09-30.
TX_ICF_IID,343,007328,1,,,NO,,YES,NEW_EXACT,NO,No same-class owned Senior source; exact Facility ID and nonblank license comparisons to TX ALF/NF returned zero on 2026-09-30.
TX_ICF_IID,344,003688,1,,,NO,,YES,NEW_EXACT,NO,No same-class owned Senior source; exact Facility ID and nonblank license comparisons to TX ALF/NF returned zero on 2026-09-30.
TX_ICF_IID,345,007540,1,,,NO,,YES,NEW_EXACT,NO,No same-class owned Senior source; exact Facility ID and nonblank license comparisons to TX ALF/NF returned zero on 2026-09-30.
TX_ICF_IID,346,007462,1,,,NO,,YES,NEW_EXACT,NO,No same-class owned Senior source; exact Facility ID and nonblank license comparisons to TX ALF/NF returned zero on 2026-09-30.
TX_ICF_IID,347,003694,1,,,NO,,YES,NEW_EXACT,NO,No same-class owned Senior source; exact Facility ID and nonblank license comparisons to TX ALF/NF returned zero on 2026-09-30.
TX_ICF_IID,348,007218,1,,,NO,,YES,NEW_EXACT,NO,No same-class owned Senior source; exact Facility ID and nonblank license comparisons to TX ALF/NF returned zero on 2026-09-30.
TX_ICF_IID,349,007346,1,,,NO,,YES,NEW_EXACT,NO,No same-class owned Senior source; exact Facility ID and nonblank license comparisons to TX ALF/NF returned zero on 2026-09-30.
TX_ICF_IID,350,007807,1,,,NO,,YES,NEW_EXACT,NO,No same-class owned Senior source; exact Facility ID and nonblank license comparisons to TX ALF/NF returned zero on 2026-09-30.
TX_ICF_IID,351,007818,1,,,NO,,YES,NEW_EXACT,NO,No same-class owned Senior source; exact Facility ID and nonblank license comparisons to TX ALF/NF returned zero on 2026-09-30.
TX_ICF_IID,352,007322,1,,,NO,,YES,NEW_EXACT,NO,No same-class owned Senior source; exact Facility ID and nonblank license comparisons to TX ALF/NF returned zero on 2026-09-30.
TX_ICF_IID,353,007378,1,,,NO,,YES,NEW_EXACT,NO,No same-class owned Senior source; exact Facility ID and nonblank license comparisons to TX ALF/NF returned zero on 2026-09-30.
TX_ICF_IID,354,003847,1,,,NO,,YES,NEW_EXACT,NO,No same-class owned Senior source; exact Facility ID and nonblank license comparisons to TX ALF/NF returned zero on 2026-09-30.
TX_ICF_IID,355,003990,1,,,NO,,YES,NEW_EXACT,NO,No same-class owned Senior source; exact Facility ID and nonblank license comparisons to TX ALF/NF returned zero on 2026-09-30.
TX_ICF_IID,356,105856,1,,,NO,,YES,NEW_EXACT,NO,No same-class owned Senior source; exact Facility ID and nonblank license comparisons to TX ALF/NF returned zero on 2026-09-30.
TX_ICF_IID,357,003607,1,,,NO,,YES,NEW_EXACT,NO,No same-class owned Senior source; exact Facility ID and nonblank license comparisons to TX ALF/NF returned zero on 2026-09-30.
TX_ICF_IID,358,003986,1,,,NO,,YES,NEW_EXACT,NO,No same-class owned Senior source; exact Facility ID and nonblank license comparisons to TX ALF/NF returned zero on 2026-09-30.
TX_ICF_IID,359,003989,1,,,NO,,YES,NEW_EXACT,NO,No same-class owned Senior source; exact Facility ID and nonblank license comparisons to TX ALF/NF returned zero on 2026-09-30.
TX_ICF_IID,360,007427,1,,,NO,,YES,NEW_EXACT,NO,No same-class owned Senior source; exact Facility ID and nonblank license comparisons to TX ALF/NF returned zero on 2026-09-30.
TX_ICF_IID,361,007440,1,,,NO,,YES,NEW_EXACT,NO,No same-class owned Senior source; exact Facility ID and nonblank license comparisons to TX ALF/NF returned zero on 2026-09-30.
TX_ICF_IID,362,104575,1,,,NO,,YES,NEW_EXACT,NO,No same-class owned Senior source; exact Facility ID and nonblank license comparisons to TX ALF/NF returned zero on 2026-09-30.
TX_ICF_IID,363,111584,1,,,NO,,YES,NEW_EXACT,NO,No same-class owned Senior source; exact Facility ID and nonblank license comparisons to TX ALF/NF returned zero on 2026-09-30.
TX_ICF_IID,364,007278,1,,,NO,,YES,NEW_EXACT,NO,No same-class owned Senior source; exact Facility ID and nonblank license comparisons to TX ALF/NF returned zero on 2026-09-30.
TX_ICF_IID,365,003919,1,,,NO,,YES,NEW_EXACT,NO,No same-class owned Senior source; exact Facility ID and nonblank license comparisons to TX ALF/NF returned zero on 2026-09-30.
TX_ICF_IID,366,003874,1,,,NO,,YES,NEW_EXACT,NO,No same-class owned Senior source; exact Facility ID and nonblank license comparisons to TX ALF/NF returned zero on 2026-09-30.
TX_ICF_IID,367,106850,1,,,NO,,YES,NEW_EXACT,NO,No same-class owned Senior source; exact Facility ID and nonblank license comparisons to TX ALF/NF returned zero on 2026-09-30.
TX_ICF_IID,368,010354,1,,,NO,,YES,NEW_EXACT,NO,No same-class owned Senior source; exact Facility ID and nonblank license comparisons to TX ALF/NF returned zero on 2026-09-30.
TX_ICF_IID,369,003956,1,,,NO,,YES,NEW_EXACT,NO,No same-class owned Senior source; exact Facility ID and nonblank license comparisons to TX ALF/NF returned zero on 2026-09-30.
TX_ICF_IID,370,003602,1,,,NO,,YES,NEW_EXACT,NO,No same-class owned Senior source; exact Facility ID and nonblank license comparisons to TX ALF/NF returned zero on 2026-09-30.
TX_ICF_IID,371,007470,1,,,NO,,YES,NEW_EXACT,NO,No same-class owned Senior source; exact Facility ID and nonblank license comparisons to TX ALF/NF returned zero on 2026-09-30.
TX_ICF_IID,372,007525,1,,,NO,,YES,NEW_EXACT,NO,No same-class owned Senior source; exact Facility ID and nonblank license comparisons to TX ALF/NF returned zero on 2026-09-30.
TX_ICF_IID,373,007507,1,,,NO,,YES,NEW_EXACT,NO,No same-class owned Senior source; exact Facility ID and nonblank license comparisons to TX ALF/NF returned zero on 2026-09-30.
TX_ICF_IID,374,007455,1,,,NO,,YES,NEW_EXACT,NO,No same-class owned Senior source; exact Facility ID and nonblank license comparisons to TX ALF/NF returned zero on 2026-09-30.
TX_ICF_IID,375,003779,1,,,NO,,YES,NEW_EXACT,NO,No same-class owned Senior source; exact Facility ID and nonblank license comparisons to TX ALF/NF returned zero on 2026-09-30.
TX_ICF_IID,376,007382,1,,,NO,,YES,NEW_EXACT,NO,No same-class owned Senior source; exact Facility ID and nonblank license comparisons to TX ALF/NF returned zero on 2026-09-30.
TX_ICF_IID,377,003792,1,,,NO,,YES,NEW_EXACT,NO,No same-class owned Senior source; exact Facility ID and nonblank license comparisons to TX ALF/NF returned zero on 2026-09-30.
TX_ICF_IID,378,007205,1,,,NO,,YES,NEW_EXACT,NO,No same-class owned Senior source; exact Facility ID and nonblank license comparisons to TX ALF/NF returned zero on 2026-09-30.
TX_ICF_IID,379,007282,1,,,NO,,YES,NEW_EXACT,NO,No same-class owned Senior source; exact Facility ID and nonblank license comparisons to TX ALF/NF returned zero on 2026-09-30.
TX_ICF_IID,380,003669,1,,,NO,,YES,NEW_EXACT,NO,No same-class owned Senior source; exact Facility ID and nonblank license comparisons to TX ALF/NF returned zero on 2026-09-30.
TX_ICF_IID,381,003937,1,,,NO,,YES,NEW_EXACT,NO,No same-class owned Senior source; exact Facility ID and nonblank license comparisons to TX ALF/NF returned zero on 2026-09-30.
TX_ICF_IID,382,007549,1,,,NO,,YES,NEW_EXACT,NO,No same-class owned Senior source; exact Facility ID and nonblank license comparisons to TX ALF/NF returned zero on 2026-09-30.
TX_ICF_IID,383,007460,1,,,NO,,YES,NEW_EXACT,NO,No same-class owned Senior source; exact Facility ID and nonblank license comparisons to TX ALF/NF returned zero on 2026-09-30.
TX_ICF_IID,384,007543,1,,,NO,,YES,NEW_EXACT,NO,No same-class owned Senior source; exact Facility ID and nonblank license comparisons to TX ALF/NF returned zero on 2026-09-30.
TX_ICF_IID,385,007643,1,,,NO,,YES,NEW_EXACT,NO,No same-class owned Senior source; exact Facility ID and nonblank license comparisons to TX ALF/NF returned zero on 2026-09-30.
TX_ICF_IID,386,003906,1,,,NO,,YES,NEW_EXACT,NO,No same-class owned Senior source; exact Facility ID and nonblank license comparisons to TX ALF/NF returned zero on 2026-09-30.
TX_ICF_IID,387,007457,1,,,NO,,YES,NEW_EXACT,NO,No same-class owned Senior source; exact Facility ID and nonblank license comparisons to TX ALF/NF returned zero on 2026-09-30.
TX_ICF_IID,388,003673,1,,,NO,,YES,NEW_EXACT,NO,No same-class owned Senior source; exact Facility ID and nonblank license comparisons to TX ALF/NF returned zero on 2026-09-30.
TX_ICF_IID,389,007528,1,,,NO,,YES,NEW_EXACT,NO,No same-class owned Senior source; exact Facility ID and nonblank license comparisons to TX ALF/NF returned zero on 2026-09-30.
TX_ICF_IID,390,003672,1,,,NO,,YES,NEW_EXACT,NO,No same-class owned Senior source; exact Facility ID and nonblank license comparisons to TX ALF/NF returned zero on 2026-09-30.
TX_ICF_IID,391,003754,1,,,NO,,YES,NEW_EXACT,NO,No same-class owned Senior source; exact Facility ID and nonblank license comparisons to TX ALF/NF returned zero on 2026-09-30.
TX_ICF_IID,392,003967,1,,,NO,,YES,NEW_EXACT,NO,No same-class owned Senior source; exact Facility ID and nonblank license comparisons to TX ALF/NF returned zero on 2026-09-30.
TX_ICF_IID,393,003966,1,,,NO,,YES,NEW_EXACT,NO,No same-class owned Senior source; exact Facility ID and nonblank license comparisons to TX ALF/NF returned zero on 2026-09-30.
TX_ICF_IID,394,003964,1,,,NO,,YES,NEW_EXACT,NO,No same-class owned Senior source; exact Facility ID and nonblank license comparisons to TX ALF/NF returned zero on 2026-09-30.
TX_ICF_IID,395,003965,1,,,NO,,YES,NEW_EXACT,NO,No same-class owned Senior source; exact Facility ID and nonblank license comparisons to TX ALF/NF returned zero on 2026-09-30.
TX_ICF_IID,396,003689,1,,,NO,,YES,NEW_EXACT,NO,No same-class owned Senior source; exact Facility ID and nonblank license comparisons to TX ALF/NF returned zero on 2026-09-30.
TX_ICF_IID,397,007307,1,,,NO,,YES,NEW_EXACT,NO,No same-class owned Senior source; exact Facility ID and nonblank license comparisons to TX ALF/NF returned zero on 2026-09-30.
TX_ICF_IID,398,111865,1,,,NO,,YES,NEW_EXACT,NO,No same-class owned Senior source; exact Facility ID and nonblank license comparisons to TX ALF/NF returned zero on 2026-09-30.
TX_ICF_IID,399,003674,1,,,NO,,YES,NEW_EXACT,NO,No same-class owned Senior source; exact Facility ID and nonblank license comparisons to TX ALF/NF returned zero on 2026-09-30.
TX_ICF_IID,400,007405,1,,,NO,,YES,NEW_EXACT,NO,No same-class owned Senior source; exact Facility ID and nonblank license comparisons to TX ALF/NF returned zero on 2026-09-30.
TX_ICF_IID,401,007326,1,,,NO,,YES,NEW_EXACT,NO,No same-class owned Senior source; exact Facility ID and nonblank license comparisons to TX ALF/NF returned zero on 2026-09-30.
TX_ICF_IID,402,003690,1,,,NO,,YES,NEW_EXACT,NO,No same-class owned Senior source; exact Facility ID and nonblank license comparisons to TX ALF/NF returned zero on 2026-09-30.
TX_ICF_IID,403,003693,1,,,NO,,YES,NEW_EXACT,NO,No same-class owned Senior source; exact Facility ID and nonblank license comparisons to TX ALF/NF returned zero on 2026-09-30.
TX_ICF_IID,404,003677,1,,,NO,,YES,NEW_EXACT,NO,No same-class owned Senior source; exact Facility ID and nonblank license comparisons to TX ALF/NF returned zero on 2026-09-30.
TX_ICF_IID,405,007567,1,,,NO,,YES,NEW_EXACT,NO,No same-class owned Senior source; exact Facility ID and nonblank license comparisons to TX ALF/NF returned zero on 2026-09-30.
TX_ICF_IID,406,007530,1,,,NO,,YES,NEW_EXACT,NO,No same-class owned Senior source; exact Facility ID and nonblank license comparisons to TX ALF/NF returned zero on 2026-09-30.
TX_ICF_IID,407,007295,1,,,NO,,YES,NEW_EXACT,NO,No same-class owned Senior source; exact Facility ID and nonblank license comparisons to TX ALF/NF returned zero on 2026-09-30.
TX_ICF_IID,408,003929,1,,,NO,,YES,NEW_EXACT,NO,No same-class owned Senior source; exact Facility ID and nonblank license comparisons to TX ALF/NF returned zero on 2026-09-30.
TX_ICF_IID,409,003635,1,,,NO,,YES,NEW_EXACT,NO,No same-class owned Senior source; exact Facility ID and nonblank license comparisons to TX ALF/NF returned zero on 2026-09-30.
TX_ICF_IID,410,003961,1,,,NO,,YES,NEW_EXACT,NO,No same-class owned Senior source; exact Facility ID and nonblank license comparisons to TX ALF/NF returned zero on 2026-09-30.
TX_ICF_IID,411,003822,1,,,NO,,YES,NEW_EXACT,NO,No same-class owned Senior source; exact Facility ID and nonblank license comparisons to TX ALF/NF returned zero on 2026-09-30.
TX_ICF_IID,412,003924,1,,,NO,,YES,NEW_EXACT,NO,No same-class owned Senior source; exact Facility ID and nonblank license comparisons to TX ALF/NF returned zero on 2026-09-30.
TX_ICF_IID,413,111999,1,,,NO,,YES,NEW_EXACT,NO,No same-class owned Senior source; exact Facility ID and nonblank license comparisons to TX ALF/NF returned zero on 2026-09-30.
TX_ICF_IID,414,111523,1,,,NO,,YES,NEW_EXACT,NO,No same-class owned Senior source; exact Facility ID and nonblank license comparisons to TX ALF/NF returned zero on 2026-09-30.
TX_ICF_IID,415,003969,1,,,NO,,YES,NEW_EXACT,NO,No same-class owned Senior source; exact Facility ID and nonblank license comparisons to TX ALF/NF returned zero on 2026-09-30.
TX_ICF_IID,416,003962,1,,,NO,,YES,NEW_EXACT,NO,No same-class owned Senior source; exact Facility ID and nonblank license comparisons to TX ALF/NF returned zero on 2026-09-30.
TX_ICF_IID,417,003970,1,,,NO,,YES,NEW_EXACT,NO,No same-class owned Senior source; exact Facility ID and nonblank license comparisons to TX ALF/NF returned zero on 2026-09-30.
TX_ICF_IID,418,003622,1,,,NO,,YES,NEW_EXACT,NO,No same-class owned Senior source; exact Facility ID and nonblank license comparisons to TX ALF/NF returned zero on 2026-09-30.
TX_ICF_IID,419,003820,1,,,NO,,YES,NEW_EXACT,NO,No same-class owned Senior source; exact Facility ID and nonblank license comparisons to TX ALF/NF returned zero on 2026-09-30.
TX_ICF_IID,420,003972,1,,,NO,,YES,NEW_EXACT,NO,No same-class owned Senior source; exact Facility ID and nonblank license comparisons to TX ALF/NF returned zero on 2026-09-30.
TX_ICF_IID,421,007366,1,,,NO,,YES,NEW_EXACT,NO,No same-class owned Senior source; exact Facility ID and nonblank license comparisons to TX ALF/NF returned zero on 2026-09-30.
TX_ICF_IID,422,007583,1,,,NO,,YES,NEW_EXACT,NO,No same-class owned Senior source; exact Facility ID and nonblank license comparisons to TX ALF/NF returned zero on 2026-09-30.
TX_ICF_IID,423,007523,1,,,NO,,YES,NEW_EXACT,NO,No same-class owned Senior source; exact Facility ID and nonblank license comparisons to TX ALF/NF returned zero on 2026-09-30.
TX_ICF_IID,424,007471,1,,,NO,,YES,NEW_EXACT,NO,No same-class owned Senior source; exact Facility ID and nonblank license comparisons to TX ALF/NF returned zero on 2026-09-30.
TX_ICF_IID,425,007610,1,,,NO,,YES,NEW_EXACT,NO,No same-class owned Senior source; exact Facility ID and nonblank license comparisons to TX ALF/NF returned zero on 2026-09-30.
TX_ICF_IID,426,003891,1,,,NO,,YES,NEW_EXACT,NO,No same-class owned Senior source; exact Facility ID and nonblank license comparisons to TX ALF/NF returned zero on 2026-09-30.
TX_ICF_IID,427,007566,1,,,NO,,YES,NEW_EXACT,NO,No same-class owned Senior source; exact Facility ID and nonblank license comparisons to TX ALF/NF returned zero on 2026-09-30.
TX_ICF_IID,428,007512,1,,,NO,,YES,NEW_EXACT,NO,No same-class owned Senior source; exact Facility ID and nonblank license comparisons to TX ALF/NF returned zero on 2026-09-30.
TX_ICF_IID,429,007513,1,,,NO,,YES,NEW_EXACT,NO,No same-class owned Senior source; exact Facility ID and nonblank license comparisons to TX ALF/NF returned zero on 2026-09-30.
TX_ICF_IID,430,007105,1,,,NO,,YES,NEW_EXACT,NO,No same-class owned Senior source; exact Facility ID and nonblank license comparisons to TX ALF/NF returned zero on 2026-09-30.
TX_ICF_IID,431,007586,1,,,NO,,YES,NEW_EXACT,NO,No same-class owned Senior source; exact Facility ID and nonblank license comparisons to TX ALF/NF returned zero on 2026-09-30.
TX_ICF_IID,432,003908,1,,,NO,,YES,NEW_EXACT,NO,No same-class owned Senior source; exact Facility ID and nonblank license comparisons to TX ALF/NF returned zero on 2026-09-30.
TX_ICF_IID,433,112122,1,,,NO,,YES,NEW_EXACT,NO,No same-class owned Senior source; exact Facility ID and nonblank license comparisons to TX ALF/NF returned zero on 2026-09-30.
TX_ICF_IID,434,007330,1,,,NO,,YES,NEW_EXACT,NO,No same-class owned Senior source; exact Facility ID and nonblank license comparisons to TX ALF/NF returned zero on 2026-09-30.
TX_ICF_IID,435,111842,1,,,NO,,YES,NEW_EXACT,NO,No same-class owned Senior source; exact Facility ID and nonblank license comparisons to TX ALF/NF returned zero on 2026-09-30.
TX_ICF_IID,436,007591,1,,,NO,,YES,NEW_EXACT,NO,No same-class owned Senior source; exact Facility ID and nonblank license comparisons to TX ALF/NF returned zero on 2026-09-30.
TX_ICF_IID,437,003917,1,,,NO,,YES,NEW_EXACT,NO,No same-class owned Senior source; exact Facility ID and nonblank license comparisons to TX ALF/NF returned zero on 2026-09-30.
TX_ICF_IID,438,003848,1,,,NO,,YES,NEW_EXACT,NO,No same-class owned Senior source; exact Facility ID and nonblank license comparisons to TX ALF/NF returned zero on 2026-09-30.
TX_ICF_IID,439,007344,1,,,NO,,YES,NEW_EXACT,NO,No same-class owned Senior source; exact Facility ID and nonblank license comparisons to TX ALF/NF returned zero on 2026-09-30.
TX_ICF_IID,440,003951,1,,,NO,,YES,NEW_EXACT,NO,No same-class owned Senior source; exact Facility ID and nonblank license comparisons to TX ALF/NF returned zero on 2026-09-30.
TX_ICF_IID,441,003679,1,,,NO,,YES,NEW_EXACT,NO,No same-class owned Senior source; exact Facility ID and nonblank license comparisons to TX ALF/NF returned zero on 2026-09-30.
TX_ICF_IID,442,007447,1,,,NO,,YES,NEW_EXACT,NO,No same-class owned Senior source; exact Facility ID and nonblank license comparisons to TX ALF/NF returned zero on 2026-09-30.
TX_ICF_IID,443,007448,1,,,NO,,YES,NEW_EXACT,NO,No same-class owned Senior source; exact Facility ID and nonblank license comparisons to TX ALF/NF returned zero on 2026-09-30.
TX_ICF_IID,444,007201,1,,,NO,,YES,NEW_EXACT,NO,No same-class owned Senior source; exact Facility ID and nonblank license comparisons to TX ALF/NF returned zero on 2026-09-30.
TX_ICF_IID,445,007350,1,,,NO,,YES,NEW_EXACT,NO,No same-class owned Senior source; exact Facility ID and nonblank license comparisons to TX ALF/NF returned zero on 2026-09-30.
TX_ICF_IID,446,007334,1,,,NO,,YES,NEW_EXACT,NO,No same-class owned Senior source; exact Facility ID and nonblank license comparisons to TX ALF/NF returned zero on 2026-09-30.
TX_ICF_IID,447,111840,1,,,NO,,YES,NEW_EXACT,NO,No same-class owned Senior source; exact Facility ID and nonblank license comparisons to TX ALF/NF returned zero on 2026-09-30.
TX_ICF_IID,448,003881,1,,,NO,,YES,NEW_EXACT,NO,No same-class owned Senior source; exact Facility ID and nonblank license comparisons to TX ALF/NF returned zero on 2026-09-30.
TX_ICF_IID,449,007443,1,,,NO,,YES,NEW_EXACT,NO,No same-class owned Senior source; exact Facility ID and nonblank license comparisons to TX ALF/NF returned zero on 2026-09-30.
TX_ICF_IID,450,111014,1,,,NO,,YES,NEW_EXACT,NO,No same-class owned Senior source; exact Facility ID and nonblank license comparisons to TX ALF/NF returned zero on 2026-09-30.
TX_ICF_IID,451,003872,1,,,NO,,YES,NEW_EXACT,NO,No same-class owned Senior source; exact Facility ID and nonblank license comparisons to TX ALF/NF returned zero on 2026-09-30.
TX_ICF_IID,452,007107,1,,,NO,,YES,NEW_EXACT,NO,No same-class owned Senior source; exact Facility ID and nonblank license comparisons to TX ALF/NF returned zero on 2026-09-30.
TX_ICF_IID,453,111841,1,,,NO,,YES,NEW_EXACT,NO,No same-class owned Senior source; exact Facility ID and nonblank license comparisons to TX ALF/NF returned zero on 2026-09-30.
TX_ICF_IID,454,007491,1,,,NO,,YES,NEW_EXACT,NO,No same-class owned Senior source; exact Facility ID and nonblank license comparisons to TX ALF/NF returned zero on 2026-09-30.
TX_ICF_IID,455,007327,1,,,NO,,YES,NEW_EXACT,NO,No same-class owned Senior source; exact Facility ID and nonblank license comparisons to TX ALF/NF returned zero on 2026-09-30.
TX_ICF_IID,456,003959,1,,,NO,,YES,NEW_EXACT,NO,No same-class owned Senior source; exact Facility ID and nonblank license comparisons to TX ALF/NF returned zero on 2026-09-30.
TX_ICF_IID,457,007279,1,,,NO,,YES,NEW_EXACT,NO,No same-class owned Senior source; exact Facility ID and nonblank license comparisons to TX ALF/NF returned zero on 2026-09-30.
TX_ICF_IID,458,003984,1,,,NO,,YES,NEW_EXACT,NO,No same-class owned Senior source; exact Facility ID and nonblank license comparisons to TX ALF/NF returned zero on 2026-09-30.
TX_ICF_IID,459,003819,1,,,NO,,YES,NEW_EXACT,NO,No same-class owned Senior source; exact Facility ID and nonblank license comparisons to TX ALF/NF returned zero on 2026-09-30.
TX_ICF_IID,460,003787,1,,,NO,,YES,NEW_EXACT,NO,No same-class owned Senior source; exact Facility ID and nonblank license comparisons to TX ALF/NF returned zero on 2026-09-30.
TX_ICF_IID,461,007243,1,,,NO,,YES,NEW_EXACT,NO,No same-class owned Senior source; exact Facility ID and nonblank license comparisons to TX ALF/NF returned zero on 2026-09-30.
TX_ICF_IID,462,007618,1,,,NO,,YES,NEW_EXACT,NO,No same-class owned Senior source; exact Facility ID and nonblank license comparisons to TX ALF/NF returned zero on 2026-09-30.
TX_ICF_IID,463,003642,1,,,NO,,YES,NEW_EXACT,NO,No same-class owned Senior source; exact Facility ID and nonblank license comparisons to TX ALF/NF returned zero on 2026-09-30.
TX_ICF_IID,464,003657,1,,,NO,,YES,NEW_EXACT,NO,No same-class owned Senior source; exact Facility ID and nonblank license comparisons to TX ALF/NF returned zero on 2026-09-30.
TX_ICF_IID,465,003985,1,,,NO,,YES,NEW_EXACT,NO,No same-class owned Senior source; exact Facility ID and nonblank license comparisons to TX ALF/NF returned zero on 2026-09-30.
TX_ICF_IID,466,007612,1,,,NO,,YES,NEW_EXACT,NO,No same-class owned Senior source; exact Facility ID and nonblank license comparisons to TX ALF/NF returned zero on 2026-09-30.
TX_ICF_IID,467,003904,1,,,NO,,YES,NEW_EXACT,NO,No same-class owned Senior source; exact Facility ID and nonblank license comparisons to TX ALF/NF returned zero on 2026-09-30.
TX_ICF_IID,468,003882,1,,,NO,,YES,NEW_EXACT,NO,No same-class owned Senior source; exact Facility ID and nonblank license comparisons to TX ALF/NF returned zero on 2026-09-30.
TX_ICF_IID,469,003905,1,,,NO,,YES,NEW_EXACT,NO,No same-class owned Senior source; exact Facility ID and nonblank license comparisons to TX ALF/NF returned zero on 2026-09-30.
TX_ICF_IID,470,003883,1,,,NO,,YES,NEW_EXACT,NO,No same-class owned Senior source; exact Facility ID and nonblank license comparisons to TX ALF/NF returned zero on 2026-09-30.
TX_ICF_IID,471,007658,1,,,NO,,YES,NEW_EXACT,NO,No same-class owned Senior source; exact Facility ID and nonblank license comparisons to TX ALF/NF returned zero on 2026-09-30.
TX_ICF_IID,472,007445,1,,,NO,,YES,NEW_EXACT,NO,No same-class owned Senior source; exact Facility ID and nonblank license comparisons to TX ALF/NF returned zero on 2026-09-30.
TX_ICF_IID,473,007222,1,,,NO,,YES,NEW_EXACT,NO,No same-class owned Senior source; exact Facility ID and nonblank license comparisons to TX ALF/NF returned zero on 2026-09-30.
TX_ICF_IID,474,003836,1,,,NO,,YES,NEW_EXACT,NO,No same-class owned Senior source; exact Facility ID and nonblank license comparisons to TX ALF/NF returned zero on 2026-09-30.
TX_ICF_IID,475,003773,1,,,NO,,YES,NEW_EXACT,NO,No same-class owned Senior source; exact Facility ID and nonblank license comparisons to TX ALF/NF returned zero on 2026-09-30.
TX_ICF_IID,476,007217,1,,,NO,,YES,NEW_EXACT,NO,No same-class owned Senior source; exact Facility ID and nonblank license comparisons to TX ALF/NF returned zero on 2026-09-30.
TX_ICF_IID,477,007335,1,,,NO,,YES,NEW_EXACT,NO,No same-class owned Senior source; exact Facility ID and nonblank license comparisons to TX ALF/NF returned zero on 2026-09-30.
TX_ICF_IID,478,007315,1,,,NO,,YES,NEW_EXACT,NO,No same-class owned Senior source; exact Facility ID and nonblank license comparisons to TX ALF/NF returned zero on 2026-09-30.
TX_ICF_IID,479,007454,1,,,NO,,YES,NEW_EXACT,NO,No same-class owned Senior source; exact Facility ID and nonblank license comparisons to TX ALF/NF returned zero on 2026-09-30.
TX_ICF_IID,480,007225,1,,,NO,,YES,NEW_EXACT,NO,No same-class owned Senior source; exact Facility ID and nonblank license comparisons to TX ALF/NF returned zero on 2026-09-30.
TX_ICF_IID,481,007657,1,,,NO,,YES,NEW_EXACT,NO,No same-class owned Senior source; exact Facility ID and nonblank license comparisons to TX ALF/NF returned zero on 2026-09-30.
TX_ICF_IID,482,007124,1,,,NO,,YES,NEW_EXACT,NO,No same-class owned Senior source; exact Facility ID and nonblank license comparisons to TX ALF/NF returned zero on 2026-09-30.
TX_ICF_IID,483,007111,1,,,NO,,YES,NEW_EXACT,NO,No same-class owned Senior source; exact Facility ID and nonblank license comparisons to TX ALF/NF returned zero on 2026-09-30.
TX_ICF_IID,484,003659,1,,,NO,,YES,NEW_EXACT,NO,No same-class owned Senior source; exact Facility ID and nonblank license comparisons to TX ALF/NF returned zero on 2026-09-30.
TX_ICF_IID,485,003664,1,,,NO,,YES,NEW_EXACT,NO,No same-class owned Senior source; exact Facility ID and nonblank license comparisons to TX ALF/NF returned zero on 2026-09-30.
TX_ICF_IID,486,003660,1,,,NO,,YES,NEW_EXACT,NO,No same-class owned Senior source; exact Facility ID and nonblank license comparisons to TX ALF/NF returned zero on 2026-09-30.
TX_ICF_IID,487,003858,1,,,NO,,YES,NEW_EXACT,NO,No same-class owned Senior source; exact Facility ID and nonblank license comparisons to TX ALF/NF returned zero on 2026-09-30.
TX_ICF_IID,488,007258,1,,,NO,,YES,NEW_EXACT,NO,No same-class owned Senior source; exact Facility ID and nonblank license comparisons to TX ALF/NF returned zero on 2026-09-30.
TX_ICF_IID,489,007265,1,,,NO,,YES,NEW_EXACT,NO,No same-class owned Senior source; exact Facility ID and nonblank license comparisons to TX ALF/NF returned zero on 2026-09-30.
TX_ICF_IID,490,007433,1,,,NO,,YES,NEW_EXACT,NO,No same-class owned Senior source; exact Facility ID and nonblank license comparisons to TX ALF/NF returned zero on 2026-09-30.
TX_ICF_IID,491,007363,1,,,NO,,YES,NEW_EXACT,NO,No same-class owned Senior source; exact Facility ID and nonblank license comparisons to TX ALF/NF returned zero on 2026-09-30.
TX_ICF_IID,492,007511,1,,,NO,,YES,NEW_EXACT,NO,No same-class owned Senior source; exact Facility ID and nonblank license comparisons to TX ALF/NF returned zero on 2026-09-30.
TX_ICF_IID,493,105083,1,,,NO,,YES,NEW_EXACT,NO,No same-class owned Senior source; exact Facility ID and nonblank license comparisons to TX ALF/NF returned zero on 2026-09-30.
TX_ICF_IID,494,007123,1,,,NO,,YES,NEW_EXACT,NO,No same-class owned Senior source; exact Facility ID and nonblank license comparisons to TX ALF/NF returned zero on 2026-09-30.
TX_ICF_IID,495,003871,1,,,NO,,YES,NEW_EXACT,NO,No same-class owned Senior source; exact Facility ID and nonblank license comparisons to TX ALF/NF returned zero on 2026-09-30.
TX_ICF_IID,496,007537,1,,,NO,,YES,NEW_EXACT,NO,No same-class owned Senior source; exact Facility ID and nonblank license comparisons to TX ALF/NF returned zero on 2026-09-30.
TX_ICF_IID,497,007613,1,,,NO,,YES,NEW_EXACT,NO,No same-class owned Senior source; exact Facility ID and nonblank license comparisons to TX ALF/NF returned zero on 2026-09-30.
TX_ICF_IID,498,007490,1,,,NO,,YES,NEW_EXACT,NO,No same-class owned Senior source; exact Facility ID and nonblank license comparisons to TX ALF/NF returned zero on 2026-09-30.
TX_ICF_IID,499,007273,1,,,NO,,YES,NEW_EXACT,NO,No same-class owned Senior source; exact Facility ID and nonblank license comparisons to TX ALF/NF returned zero on 2026-09-30.
TX_ICF_IID,500,007271,1,,,NO,,YES,NEW_EXACT,NO,No same-class owned Senior source; exact Facility ID and nonblank license comparisons to TX ALF/NF returned zero on 2026-09-30.
TX_ICF_IID,501,007619,1,,,NO,,YES,NEW_EXACT,NO,No same-class owned Senior source; exact Facility ID and nonblank license comparisons to TX ALF/NF returned zero on 2026-09-30.
TX_ICF_IID,502,007311,1,,,NO,,YES,NEW_EXACT,NO,No same-class owned Senior source; exact Facility ID and nonblank license comparisons to TX ALF/NF returned zero on 2026-09-30.
TX_ICF_IID,503,007518,1,,,NO,,YES,NEW_EXACT,NO,No same-class owned Senior source; exact Facility ID and nonblank license comparisons to TX ALF/NF returned zero on 2026-09-30.
TX_ICF_IID,504,007539,1,,,NO,,YES,NEW_EXACT,NO,No same-class owned Senior source; exact Facility ID and nonblank license comparisons to TX ALF/NF returned zero on 2026-09-30.
TX_ICF_IID,505,007331,1,,,NO,,YES,NEW_EXACT,NO,No same-class owned Senior source; exact Facility ID and nonblank license comparisons to TX ALF/NF returned zero on 2026-09-30.
TX_ICF_IID,506,003687,1,,,NO,,YES,NEW_EXACT,NO,No same-class owned Senior source; exact Facility ID and nonblank license comparisons to TX ALF/NF returned zero on 2026-09-30.
TX_ICF_IID,507,007547,1,,,NO,,YES,NEW_EXACT,NO,No same-class owned Senior source; exact Facility ID and nonblank license comparisons to TX ALF/NF returned zero on 2026-09-30.
TX_ICF_IID,508,007345,1,,,NO,,YES,NEW_EXACT,NO,No same-class owned Senior source; exact Facility ID and nonblank license comparisons to TX ALF/NF returned zero on 2026-09-30.
TX_ICF_IID,509,007593,1,,,NO,,YES,NEW_EXACT,NO,No same-class owned Senior source; exact Facility ID and nonblank license comparisons to TX ALF/NF returned zero on 2026-09-30.
TX_ICF_IID,510,007496,1,,,NO,,YES,NEW_EXACT,NO,No same-class owned Senior source; exact Facility ID and nonblank license comparisons to TX ALF/NF returned zero on 2026-09-30.
TX_ICF_IID,511,007342,1,,,NO,,YES,NEW_EXACT,NO,No same-class owned Senior source; exact Facility ID and nonblank license comparisons to TX ALF/NF returned zero on 2026-09-30.
TX_ICF_IID,512,007286,1,,,NO,,YES,NEW_EXACT,NO,No same-class owned Senior source; exact Facility ID and nonblank license comparisons to TX ALF/NF returned zero on 2026-09-30.
TX_ICF_IID,513,007372,1,,,NO,,YES,NEW_EXACT,NO,No same-class owned Senior source; exact Facility ID and nonblank license comparisons to TX ALF/NF returned zero on 2026-09-30.
TX_ICF_IID,514,003860,1,,,NO,,YES,NEW_EXACT,NO,No same-class owned Senior source; exact Facility ID and nonblank license comparisons to TX ALF/NF returned zero on 2026-09-30.
TX_ICF_IID,515,007213,1,,,NO,,YES,NEW_EXACT,NO,No same-class owned Senior source; exact Facility ID and nonblank license comparisons to TX ALF/NF returned zero on 2026-09-30.
TX_ICF_IID,516,007620,1,,,NO,,YES,NEW_EXACT,NO,No same-class owned Senior source; exact Facility ID and nonblank license comparisons to TX ALF/NF returned zero on 2026-09-30.
TX_ICF_IID,517,110294,1,,,NO,,YES,NEW_EXACT,NO,No same-class owned Senior source; exact Facility ID and nonblank license comparisons to TX ALF/NF returned zero on 2026-09-30.
TX_ICF_IID,518,106432,1,,,NO,,YES,NEW_EXACT,NO,No same-class owned Senior source; exact Facility ID and nonblank license comparisons to TX ALF/NF returned zero on 2026-09-30.
TX_ICF_IID,519,106368,1,,,NO,,YES,NEW_EXACT,NO,No same-class owned Senior source; exact Facility ID and nonblank license comparisons to TX ALF/NF returned zero on 2026-09-30.
TX_ICF_IID,520,105449,1,,,NO,,YES,NEW_EXACT,NO,No same-class owned Senior source; exact Facility ID and nonblank license comparisons to TX ALF/NF returned zero on 2026-09-30.
TX_ICF_IID,521,110103,1,,,NO,,YES,NEW_EXACT,NO,No same-class owned Senior source; exact Facility ID and nonblank license comparisons to TX ALF/NF returned zero on 2026-09-30.
TX_ICF_IID,522,003776,1,,,NO,,YES,NEW_EXACT,NO,No same-class owned Senior source; exact Facility ID and nonblank license comparisons to TX ALF/NF returned zero on 2026-09-30.
TX_ICF_IID,523,007419,1,,,NO,,YES,NEW_EXACT,NO,No same-class owned Senior source; exact Facility ID and nonblank license comparisons to TX ALF/NF returned zero on 2026-09-30.
TX_ICF_IID,524,007230,1,,,NO,,YES,NEW_EXACT,NO,No same-class owned Senior source; exact Facility ID and nonblank license comparisons to TX ALF/NF returned zero on 2026-09-30.
TX_ICF_IID,525,007352,1,,,NO,,YES,NEW_EXACT,NO,No same-class owned Senior source; exact Facility ID and nonblank license comparisons to TX ALF/NF returned zero on 2026-09-30.
TX_ICF_IID,526,007245,1,,,NO,,YES,NEW_EXACT,NO,No same-class owned Senior source; exact Facility ID and nonblank license comparisons to TX ALF/NF returned zero on 2026-09-30.
TX_ICF_IID,527,104605,1,,,NO,,YES,NEW_EXACT,NO,No same-class owned Senior source; exact Facility ID and nonblank license comparisons to TX ALF/NF returned zero on 2026-09-30.
TX_ICF_IID,528,007524,1,,,NO,,YES,NEW_EXACT,NO,No same-class owned Senior source; exact Facility ID and nonblank license comparisons to TX ALF/NF returned zero on 2026-09-30.
TX_ICF_IID,529,007584,1,,,NO,,YES,NEW_EXACT,NO,No same-class owned Senior source; exact Facility ID and nonblank license comparisons to TX ALF/NF returned zero on 2026-09-30.
TX_ICF_IID,530,007526,1,,,NO,,YES,NEW_EXACT,NO,No same-class owned Senior source; exact Facility ID and nonblank license comparisons to TX ALF/NF returned zero on 2026-09-30.
TX_ICF_IID,531,007589,1,,,NO,,YES,NEW_EXACT,NO,No same-class owned Senior source; exact Facility ID and nonblank license comparisons to TX ALF/NF returned zero on 2026-09-30.
TX_ICF_IID,532,007817,1,,,NO,,YES,NEW_EXACT,NO,No same-class owned Senior source; exact Facility ID and nonblank license comparisons to TX ALF/NF returned zero on 2026-09-30.
TX_ICF_IID,533,007302,1,,,NO,,YES,NEW_EXACT,NO,No same-class owned Senior source; exact Facility ID and nonblank license comparisons to TX ALF/NF returned zero on 2026-09-30.
TX_ICF_IID,534,007281,1,,,NO,,YES,NEW_EXACT,NO,No same-class owned Senior source; exact Facility ID and nonblank license comparisons to TX ALF/NF returned zero on 2026-09-30.
TX_ICF_IID,535,003676,1,,,NO,,YES,NEW_EXACT,NO,No same-class owned Senior source; exact Facility ID and nonblank license comparisons to TX ALF/NF returned zero on 2026-09-30.
TX_ICF_IID,536,003601,1,,,NO,,YES,NEW_EXACT,NO,No same-class owned Senior source; exact Facility ID and nonblank license comparisons to TX ALF/NF returned zero on 2026-09-30.
TX_ICF_IID,537,007277,1,,,NO,,YES,NEW_EXACT,NO,No same-class owned Senior source; exact Facility ID and nonblank license comparisons to TX ALF/NF returned zero on 2026-09-30.
TX_ICF_IID,538,007441,1,,,NO,,YES,NEW_EXACT,NO,No same-class owned Senior source; exact Facility ID and nonblank license comparisons to TX ALF/NF returned zero on 2026-09-30.
TX_ICF_IID,539,007301,1,,,NO,,YES,NEW_EXACT,NO,No same-class owned Senior source; exact Facility ID and nonblank license comparisons to TX ALF/NF returned zero on 2026-09-30.
TX_ICF_IID,540,003850,1,,,NO,,YES,NEW_EXACT,NO,No same-class owned Senior source; exact Facility ID and nonblank license comparisons to TX ALF/NF returned zero on 2026-09-30.
TX_ICF_IID,541,007473,1,,,NO,,YES,NEW_EXACT,NO,No same-class owned Senior source; exact Facility ID and nonblank license comparisons to TX ALF/NF returned zero on 2026-09-30.
TX_ICF_IID,542,101452,1,,,NO,,YES,NEW_EXACT,NO,No same-class owned Senior source; exact Facility ID and nonblank license comparisons to TX ALF/NF returned zero on 2026-09-30.
TX_ICF_IID,543,007562,1,,,NO,,YES,NEW_EXACT,NO,No same-class owned Senior source; exact Facility ID and nonblank license comparisons to TX ALF/NF returned zero on 2026-09-30.
TX_ICF_IID,544,007563,1,,,NO,,YES,NEW_EXACT,NO,No same-class owned Senior source; exact Facility ID and nonblank license comparisons to TX ALF/NF returned zero on 2026-09-30.
TX_ICF_IID,545,101525,1,,,NO,,YES,NEW_EXACT,NO,No same-class owned Senior source; exact Facility ID and nonblank license comparisons to TX ALF/NF returned zero on 2026-09-30.
TX_ICF_IID,546,101454,1,,,NO,,YES,NEW_EXACT,NO,No same-class owned Senior source; exact Facility ID and nonblank license comparisons to TX ALF/NF returned zero on 2026-09-30.
TX_ICF_IID,547,101819,1,,,NO,,YES,NEW_EXACT,NO,No same-class owned Senior source; exact Facility ID and nonblank license comparisons to TX ALF/NF returned zero on 2026-09-30.
TX_ICF_IID,548,007576,1,,,NO,,YES,NEW_EXACT,NO,No same-class owned Senior source; exact Facility ID and nonblank license comparisons to TX ALF/NF returned zero on 2026-09-30.
TX_ICF_IID,549,007451,1,,,NO,,YES,NEW_EXACT,NO,No same-class owned Senior source; exact Facility ID and nonblank license comparisons to TX ALF/NF returned zero on 2026-09-30.
TX_ICF_IID,550,007422,1,,,NO,,YES,NEW_EXACT,NO,No same-class owned Senior source; exact Facility ID and nonblank license comparisons to TX ALF/NF returned zero on 2026-09-30.
TX_ICF_IID,551,007414,1,,,NO,,YES,NEW_EXACT,NO,No same-class owned Senior source; exact Facility ID and nonblank license comparisons to TX ALF/NF returned zero on 2026-09-30.
TX_ICF_IID,552,003957,1,,,NO,,YES,NEW_EXACT,NO,No same-class owned Senior source; exact Facility ID and nonblank license comparisons to TX ALF/NF returned zero on 2026-09-30.
TX_ICF_IID,553,007223,1,,,NO,,YES,NEW_EXACT,NO,No same-class owned Senior source; exact Facility ID and nonblank license comparisons to TX ALF/NF returned zero on 2026-09-30.
TX_ICF_IID,554,007209,1,,,NO,,YES,NEW_EXACT,NO,No same-class owned Senior source; exact Facility ID and nonblank license comparisons to TX ALF/NF returned zero on 2026-09-30.
TX_ICF_IID,555,007809,1,,,NO,,YES,NEW_EXACT,NO,No same-class owned Senior source; exact Facility ID and nonblank license comparisons to TX ALF/NF returned zero on 2026-09-30.
TX_ICF_IID,556,007395,1,,,NO,,YES,NEW_EXACT,NO,No same-class owned Senior source; exact Facility ID and nonblank license comparisons to TX ALF/NF returned zero on 2026-09-30.
TX_ICF_IID,557,003953,1,,,NO,,YES,NEW_EXACT,NO,No same-class owned Senior source; exact Facility ID and nonblank license comparisons to TX ALF/NF returned zero on 2026-09-30.
TX_ICF_IID,558,007397,1,,,NO,,YES,NEW_EXACT,NO,No same-class owned Senior source; exact Facility ID and nonblank license comparisons to TX ALF/NF returned zero on 2026-09-30.
TX_ICF_IID,559,003845,1,,,NO,,YES,NEW_EXACT,NO,No same-class owned Senior source; exact Facility ID and nonblank license comparisons to TX ALF/NF returned zero on 2026-09-30.
TX_ICF_IID,560,003670,1,,,NO,,YES,NEW_EXACT,NO,No same-class owned Senior source; exact Facility ID and nonblank license comparisons to TX ALF/NF returned zero on 2026-09-30.
TX_ICF_IID,561,111904,1,,,NO,,YES,NEW_EXACT,NO,No same-class owned Senior source; exact Facility ID and nonblank license comparisons to TX ALF/NF returned zero on 2026-09-30.
TX_ICF_IID,562,007575,1,,,NO,,YES,NEW_EXACT,NO,No same-class owned Senior source; exact Facility ID and nonblank license comparisons to TX ALF/NF returned zero on 2026-09-30.
TX_ICF_IID,563,007262,1,,,NO,,YES,NEW_EXACT,NO,No same-class owned Senior source; exact Facility ID and nonblank license comparisons to TX ALF/NF returned zero on 2026-09-30.
TX_ICF_IID,564,003870,1,,,NO,,YES,NEW_EXACT,NO,No same-class owned Senior source; exact Facility ID and nonblank license comparisons to TX ALF/NF returned zero on 2026-09-30.
TX_ICF_IID,565,110479,1,,,NO,,YES,NEW_EXACT,NO,No same-class owned Senior source; exact Facility ID and nonblank license comparisons to TX ALF/NF returned zero on 2026-09-30.
TX_ICF_IID,566,003931,1,,,NO,,YES,NEW_EXACT,NO,No same-class owned Senior source; exact Facility ID and nonblank license comparisons to TX ALF/NF returned zero on 2026-09-30.
TX_ICF_IID,567,003683,1,,,NO,,YES,NEW_EXACT,NO,No same-class owned Senior source; exact Facility ID and nonblank license comparisons to TX ALF/NF returned zero on 2026-09-30.
TX_ICF_IID,568,007240,1,,,NO,,YES,NEW_EXACT,NO,No same-class owned Senior source; exact Facility ID and nonblank license comparisons to TX ALF/NF returned zero on 2026-09-30.
TX_ICF_IID,569,003636,1,,,NO,,YES,NEW_EXACT,NO,No same-class owned Senior source; exact Facility ID and nonblank license comparisons to TX ALF/NF returned zero on 2026-09-30.
TX_ICF_IID,570,007226,1,,,NO,,YES,NEW_EXACT,NO,No same-class owned Senior source; exact Facility ID and nonblank license comparisons to TX ALF/NF returned zero on 2026-09-30.
TX_ICF_IID,571,007285,1,,,NO,,YES,NEW_EXACT,NO,No same-class owned Senior source; exact Facility ID and nonblank license comparisons to TX ALF/NF returned zero on 2026-09-30.
TX_ICF_IID,572,003641,1,,,NO,,YES,NEW_EXACT,NO,No same-class owned Senior source; exact Facility ID and nonblank license comparisons to TX ALF/NF returned zero on 2026-09-30.
TX_ICF_IID,573,003855,1,,,NO,,YES,NEW_EXACT,NO,No same-class owned Senior source; exact Facility ID and nonblank license comparisons to TX ALF/NF returned zero on 2026-09-30.
TX_ICF_IID,574,007477,1,,,NO,,YES,NEW_EXACT,NO,No same-class owned Senior source; exact Facility ID and nonblank license comparisons to TX ALF/NF returned zero on 2026-09-30.
TX_ICF_IID,575,007544,1,,,NO,,YES,NEW_EXACT,NO,No same-class owned Senior source; exact Facility ID and nonblank license comparisons to TX ALF/NF returned zero on 2026-09-30.
TX_ICF_IID,576,007815,1,,,NO,,YES,NEW_EXACT,NO,No same-class owned Senior source; exact Facility ID and nonblank license comparisons to TX ALF/NF returned zero on 2026-09-30.
TX_ICF_IID,577,007551,1,,,NO,,YES,NEW_EXACT,NO,No same-class owned Senior source; exact Facility ID and nonblank license comparisons to TX ALF/NF returned zero on 2026-09-30.
TX_ICF_IID,578,007388,1,,,NO,,YES,NEW_EXACT,NO,No same-class owned Senior source; exact Facility ID and nonblank license comparisons to TX ALF/NF returned zero on 2026-09-30.
TX_ICF_IID,579,007529,1,,,NO,,YES,NEW_EXACT,NO,No same-class owned Senior source; exact Facility ID and nonblank license comparisons to TX ALF/NF returned zero on 2026-09-30.
TX_ICF_IID,580,007303,1,,,NO,,YES,NEW_EXACT,NO,No same-class owned Senior source; exact Facility ID and nonblank license comparisons to TX ALF/NF returned zero on 2026-09-30.
TX_ICF_IID,581,003849,1,,,NO,,YES,NEW_EXACT,NO,No same-class owned Senior source; exact Facility ID and nonblank license comparisons to TX ALF/NF returned zero on 2026-09-30.
TX_ICF_IID,582,007329,1,,,NO,,YES,NEW_EXACT,NO,No same-class owned Senior source; exact Facility ID and nonblank license comparisons to TX ALF/NF returned zero on 2026-09-30.
TX_ICF_IID,583,003843,1,,,NO,,YES,NEW_EXACT,NO,No same-class owned Senior source; exact Facility ID and nonblank license comparisons to TX ALF/NF returned zero on 2026-09-30.
TX_ICF_IID,584,110546,1,,,NO,,YES,NEW_EXACT,NO,No same-class owned Senior source; exact Facility ID and nonblank license comparisons to TX ALF/NF returned zero on 2026-09-30.
TX_ICF_IID,585,111422,1,,,NO,,YES,NEW_EXACT,NO,No same-class owned Senior source; exact Facility ID and nonblank license comparisons to TX ALF/NF returned zero on 2026-09-30.
TX_ICF_IID,586,007476,1,,,NO,,YES,NEW_EXACT,NO,No same-class owned Senior source; exact Facility ID and nonblank license comparisons to TX ALF/NF returned zero on 2026-09-30.
TX_ICF_IID,587,007464,1,,,NO,,YES,NEW_EXACT,NO,No same-class owned Senior source; exact Facility ID and nonblank license comparisons to TX ALF/NF returned zero on 2026-09-30.
TX_ICF_IID,588,007430,1,,,NO,,YES,NEW_EXACT,NO,No same-class owned Senior source; exact Facility ID and nonblank license comparisons to TX ALF/NF returned zero on 2026-09-30.
TX_ICF_IID,589,110612,1,,,NO,,YES,NEW_EXACT,NO,No same-class owned Senior source; exact Facility ID and nonblank license comparisons to TX ALF/NF returned zero on 2026-09-30.
TX_ICF_IID,590,106856,1,,,NO,,YES,NEW_EXACT,NO,No same-class owned Senior source; exact Facility ID and nonblank license comparisons to TX ALF/NF returned zero on 2026-09-30.
TX_ICF_IID,591,003829,1,,,NO,,YES,NEW_EXACT,NO,No same-class owned Senior source; exact Facility ID and nonblank license comparisons to TX ALF/NF returned zero on 2026-09-30.
TX_ICF_IID,592,003812,1,,,NO,,YES,NEW_EXACT,NO,No same-class owned Senior source; exact Facility ID and nonblank license comparisons to TX ALF/NF returned zero on 2026-09-30.
TX_ICF_IID,593,007370,1,,,NO,,YES,NEW_EXACT,NO,No same-class owned Senior source; exact Facility ID and nonblank license comparisons to TX ALF/NF returned zero on 2026-09-30.
TX_ICF_IID,594,007351,1,,,NO,,YES,NEW_EXACT,NO,No same-class owned Senior source; exact Facility ID and nonblank license comparisons to TX ALF/NF returned zero on 2026-09-30.
TX_ICF_IID,595,003739,1,,,NO,,YES,NEW_EXACT,NO,No same-class owned Senior source; exact Facility ID and nonblank license comparisons to TX ALF/NF returned zero on 2026-09-30.
TX_ICF_IID,596,110604,1,,,NO,,YES,NEW_EXACT,NO,No same-class owned Senior source; exact Facility ID and nonblank license comparisons to TX ALF/NF returned zero on 2026-09-30.
TX_ICF_IID,597,007453,1,,,NO,,YES,NEW_EXACT,NO,No same-class owned Senior source; exact Facility ID and nonblank license comparisons to TX ALF/NF returned zero on 2026-09-30.
TX_ICF_IID,598,007417,1,,,NO,,YES,NEW_EXACT,NO,No same-class owned Senior source; exact Facility ID and nonblank license comparisons to TX ALF/NF returned zero on 2026-09-30.
TX_ICF_IID,599,003942,1,,,NO,,YES,NEW_EXACT,NO,No same-class owned Senior source; exact Facility ID and nonblank license comparisons to TX ALF/NF returned zero on 2026-09-30.
TX_ICF_IID,600,007276,1,,,NO,,YES,NEW_EXACT,NO,No same-class owned Senior source; exact Facility ID and nonblank license comparisons to TX ALF/NF returned zero on 2026-09-30.
TX_ICF_IID,601,007623,1,,,NO,,YES,NEW_EXACT,NO,No same-class owned Senior source; exact Facility ID and nonblank license comparisons to TX ALF/NF returned zero on 2026-09-30.
TX_ICF_IID,602,007353,1,,,NO,,YES,NEW_EXACT,NO,No same-class owned Senior source; exact Facility ID and nonblank license comparisons to TX ALF/NF returned zero on 2026-09-30.
TX_ICF_IID,603,007410,1,,,NO,,YES,NEW_EXACT,NO,No same-class owned Senior source; exact Facility ID and nonblank license comparisons to TX ALF/NF returned zero on 2026-09-30.
TX_ICF_IID,604,106857,1,,,NO,,YES,NEW_EXACT,NO,No same-class owned Senior source; exact Facility ID and nonblank license comparisons to TX ALF/NF returned zero on 2026-09-30.
TX_ICF_IID,605,007425,1,,,NO,,YES,NEW_EXACT,NO,No same-class owned Senior source; exact Facility ID and nonblank license comparisons to TX ALF/NF returned zero on 2026-09-30.
TX_ICF_IID,606,007305,1,,,NO,,YES,NEW_EXACT,NO,No same-class owned Senior source; exact Facility ID and nonblank license comparisons to TX ALF/NF returned zero on 2026-09-30.
TX_ICF_IID,607,003728,1,,,NO,,YES,NEW_EXACT,NO,No same-class owned Senior source; exact Facility ID and nonblank license comparisons to TX ALF/NF returned zero on 2026-09-30.
TX_ICF_IID,608,007100,1,,,NO,,YES,NEW_EXACT,NO,No same-class owned Senior source; exact Facility ID and nonblank license comparisons to TX ALF/NF returned zero on 2026-09-30.
TX_ICF_IID,609,110804,1,,,NO,,YES,NEW_EXACT,NO,No same-class owned Senior source; exact Facility ID and nonblank license comparisons to TX ALF/NF returned zero on 2026-09-30.
TX_ICF_IID,610,107089,1,,,NO,,YES,NEW_EXACT,NO,No same-class owned Senior source; exact Facility ID and nonblank license comparisons to TX ALF/NF returned zero on 2026-09-30.
TX_ICF_IID,611,003749,1,,,NO,,YES,NEW_EXACT,NO,No same-class owned Senior source; exact Facility ID and nonblank license comparisons to TX ALF/NF returned zero on 2026-09-30.
TX_ICF_IID,612,007354,1,,,NO,,YES,NEW_EXACT,NO,No same-class owned Senior source; exact Facility ID and nonblank license comparisons to TX ALF/NF returned zero on 2026-09-30.
TX_ICF_IID,613,007324,1,,,NO,,YES,NEW_EXACT,NO,No same-class owned Senior source; exact Facility ID and nonblank license comparisons to TX ALF/NF returned zero on 2026-09-30.
TX_ICF_IID,614,007383,1,,,NO,,YES,NEW_EXACT,NO,No same-class owned Senior source; exact Facility ID and nonblank license comparisons to TX ALF/NF returned zero on 2026-09-30.
TX_ICF_IID,615,007501,1,,,NO,,YES,NEW_EXACT,NO,No same-class owned Senior source; exact Facility ID and nonblank license comparisons to TX ALF/NF returned zero on 2026-09-30.
TX_ICF_IID,616,010198,1,,,NO,,YES,NEW_EXACT,NO,No same-class owned Senior source; exact Facility ID and nonblank license comparisons to TX ALF/NF returned zero on 2026-09-30.
TX_ICF_IID,617,110490,1,,,NO,,YES,NEW_EXACT,NO,No same-class owned Senior source; exact Facility ID and nonblank license comparisons to TX ALF/NF returned zero on 2026-09-30.
TX_ICF_IID,618,007259,1,,,NO,,YES,NEW_EXACT,NO,No same-class owned Senior source; exact Facility ID and nonblank license comparisons to TX ALF/NF returned zero on 2026-09-30.
TX_ICF_IID,619,110498,1,,,NO,,YES,NEW_EXACT,NO,No same-class owned Senior source; exact Facility ID and nonblank license comparisons to TX ALF/NF returned zero on 2026-09-30.
TX_ICF_IID,620,003667,1,,,NO,,YES,NEW_EXACT,NO,No same-class owned Senior source; exact Facility ID and nonblank license comparisons to TX ALF/NF returned zero on 2026-09-30.
TX_ICF_IID,621,007254,1,,,NO,,YES,NEW_EXACT,NO,No same-class owned Senior source; exact Facility ID and nonblank license comparisons to TX ALF/NF returned zero on 2026-09-30.
TX_ICF_IID,622,007568,1,,,NO,,YES,NEW_EXACT,NO,No same-class owned Senior source; exact Facility ID and nonblank license comparisons to TX ALF/NF returned zero on 2026-09-30.
TX_ICF_IID,623,007319,1,,,NO,,YES,NEW_EXACT,NO,No same-class owned Senior source; exact Facility ID and nonblank license comparisons to TX ALF/NF returned zero on 2026-09-30.
TX_ICF_IID,624,003770,1,,,NO,,YES,NEW_EXACT,NO,No same-class owned Senior source; exact Facility ID and nonblank license comparisons to TX ALF/NF returned zero on 2026-09-30.
TX_ICF_IID,625,110382,1,,,NO,,YES,NEW_EXACT,NO,No same-class owned Senior source; exact Facility ID and nonblank license comparisons to TX ALF/NF returned zero on 2026-09-30.
TX_ICF_IID,626,007298,1,,,NO,,YES,NEW_EXACT,NO,No same-class owned Senior source; exact Facility ID and nonblank license comparisons to TX ALF/NF returned zero on 2026-09-30.
TX_ICF_IID,627,112057,1,,,NO,,YES,NEW_EXACT,NO,No same-class owned Senior source; exact Facility ID and nonblank license comparisons to TX ALF/NF returned zero on 2026-09-30.
TX_ICF_IID,628,106671,1,,,NO,,YES,NEW_EXACT,NO,No same-class owned Senior source; exact Facility ID and nonblank license comparisons to TX ALF/NF returned zero on 2026-09-30.
TX_ICF_IID,629,007386,1,,,NO,,YES,NEW_EXACT,NO,No same-class owned Senior source; exact Facility ID and nonblank license comparisons to TX ALF/NF returned zero on 2026-09-30.
TX_ICF_IID,630,007510,1,,,NO,,YES,NEW_EXACT,NO,No same-class owned Senior source; exact Facility ID and nonblank license comparisons to TX ALF/NF returned zero on 2026-09-30.
TX_ICF_IID,631,007251,1,,,NO,,YES,NEW_EXACT,NO,No same-class owned Senior source; exact Facility ID and nonblank license comparisons to TX ALF/NF returned zero on 2026-09-30.
TX_ICF_IID,632,007578,1,,,NO,,YES,NEW_EXACT,NO,No same-class owned Senior source; exact Facility ID and nonblank license comparisons to TX ALF/NF returned zero on 2026-09-30.
TX_ICF_IID,633,007517,1,,,NO,,YES,NEW_EXACT,NO,No same-class owned Senior source; exact Facility ID and nonblank license comparisons to TX ALF/NF returned zero on 2026-09-30.
TX_ICF_IID,634,007108,1,,,NO,,YES,NEW_EXACT,NO,No same-class owned Senior source; exact Facility ID and nonblank license comparisons to TX ALF/NF returned zero on 2026-09-30.
TX_ICF_IID,635,003945,1,,,NO,,YES,NEW_EXACT,NO,No same-class owned Senior source; exact Facility ID and nonblank license comparisons to TX ALF/NF returned zero on 2026-09-30.
TX_ICF_IID,636,003606,1,,,NO,,YES,NEW_EXACT,NO,No same-class owned Senior source; exact Facility ID and nonblank license comparisons to TX ALF/NF returned zero on 2026-09-30.
TX_ICF_IID,637,003889,1,,,NO,,YES,NEW_EXACT,NO,No same-class owned Senior source; exact Facility ID and nonblank license comparisons to TX ALF/NF returned zero on 2026-09-30.
TX_ICF_IID,638,007596,1,,,NO,,YES,NEW_EXACT,NO,No same-class owned Senior source; exact Facility ID and nonblank license comparisons to TX ALF/NF returned zero on 2026-09-30.
TX_ICF_IID,639,007357,1,,,NO,,YES,NEW_EXACT,NO,No same-class owned Senior source; exact Facility ID and nonblank license comparisons to TX ALF/NF returned zero on 2026-09-30.
TX_ICF_IID,640,007358,1,,,NO,,YES,NEW_EXACT,NO,No same-class owned Senior source; exact Facility ID and nonblank license comparisons to TX ALF/NF returned zero on 2026-09-30.
TX_ICF_IID,641,007401,1,,,NO,,YES,NEW_EXACT,NO,No same-class owned Senior source; exact Facility ID and nonblank license comparisons to TX ALF/NF returned zero on 2026-09-30.
TX_ICF_IID,642,007235,1,,,NO,,YES,NEW_EXACT,NO,No same-class owned Senior source; exact Facility ID and nonblank license comparisons to TX ALF/NF returned zero on 2026-09-30.
TX_ICF_IID,643,003632,1,,,NO,,YES,NEW_EXACT,NO,No same-class owned Senior source; exact Facility ID and nonblank license comparisons to TX ALF/NF returned zero on 2026-09-30.
TX_ICF_IID,644,007582,1,,,NO,,YES,NEW_EXACT,NO,No same-class owned Senior source; exact Facility ID and nonblank license comparisons to TX ALF/NF returned zero on 2026-09-30.
TX_ICF_IID,645,107267,1,,,NO,,YES,NEW_EXACT,NO,No same-class owned Senior source; exact Facility ID and nonblank license comparisons to TX ALF/NF returned zero on 2026-09-30.
TX_ICF_IID,646,007656,1,,,NO,,YES,NEW_EXACT,NO,No same-class owned Senior source; exact Facility ID and nonblank license comparisons to TX ALF/NF returned zero on 2026-09-30.
TX_ICF_IID,647,111926,1,,,NO,,YES,NEW_EXACT,NO,No same-class owned Senior source; exact Facility ID and nonblank license comparisons to TX ALF/NF returned zero on 2026-09-30.
TX_ICF_IID,648,007249,1,,,NO,,YES,NEW_EXACT,NO,No same-class owned Senior source; exact Facility ID and nonblank license comparisons to TX ALF/NF returned zero on 2026-09-30.
TX_ICF_IID,649,007101,1,,,NO,,YES,NEW_EXACT,NO,No same-class owned Senior source; exact Facility ID and nonblank license comparisons to TX ALF/NF returned zero on 2026-09-30.
TX_ICF_IID,650,007389,1,,,NO,,YES,NEW_EXACT,NO,No same-class owned Senior source; exact Facility ID and nonblank license comparisons to TX ALF/NF returned zero on 2026-09-30.
TX_ICF_IID,651,007367,1,,,NO,,YES,NEW_EXACT,NO,No same-class owned Senior source; exact Facility ID and nonblank license comparisons to TX ALF/NF returned zero on 2026-09-30.
TX_ICF_IID,652,007599,1,,,NO,,YES,NEW_EXACT,NO,No same-class owned Senior source; exact Facility ID and nonblank license comparisons to TX ALF/NF returned zero on 2026-09-30.
TX_ICF_IID,653,003621,1,,,NO,,YES,NEW_EXACT,NO,No same-class owned Senior source; exact Facility ID and nonblank license comparisons to TX ALF/NF returned zero on 2026-09-30.
TX_ICF_IID,654,003631,1,,,NO,,YES,NEW_EXACT,NO,No same-class owned Senior source; exact Facility ID and nonblank license comparisons to TX ALF/NF returned zero on 2026-09-30.
TX_ICF_IID,655,007542,1,,,NO,,YES,NEW_EXACT,NO,No same-class owned Senior source; exact Facility ID and nonblank license comparisons to TX ALF/NF returned zero on 2026-09-30.
TX_ICF_IID,656,007483,1,,,NO,,YES,NEW_EXACT,NO,No same-class owned Senior source; exact Facility ID and nonblank license comparisons to TX ALF/NF returned zero on 2026-09-30.
TX_ICF_IID,657,007631,1,,,NO,,YES,NEW_EXACT,NO,No same-class owned Senior source; exact Facility ID and nonblank license comparisons to TX ALF/NF returned zero on 2026-09-30.
TX_ICF_IID,658,003695,1,,,NO,,YES,NEW_EXACT,NO,No same-class owned Senior source; exact Facility ID and nonblank license comparisons to TX ALF/NF returned zero on 2026-09-30.
TX_ICF_IID,659,007379,1,,,NO,,YES,NEW_EXACT,NO,No same-class owned Senior source; exact Facility ID and nonblank license comparisons to TX ALF/NF returned zero on 2026-09-30.
TX_ICF_IID,660,007545,1,,,NO,,YES,NEW_EXACT,NO,No same-class owned Senior source; exact Facility ID and nonblank license comparisons to TX ALF/NF returned zero on 2026-09-30.
TX_ICF_IID,661,007274,1,,,NO,,YES,NEW_EXACT,NO,No same-class owned Senior source; exact Facility ID and nonblank license comparisons to TX ALF/NF returned zero on 2026-09-30.
TX_ICF_IID,662,102416,1,,,NO,,YES,NEW_EXACT,NO,No same-class owned Senior source; exact Facility ID and nonblank license comparisons to TX ALF/NF returned zero on 2026-09-30.
TX_ICF_IID,663,007264,1,,,NO,,YES,NEW_EXACT,NO,No same-class owned Senior source; exact Facility ID and nonblank license comparisons to TX ALF/NF returned zero on 2026-09-30.
TX_ICF_IID,664,007323,1,,,NO,,YES,NEW_EXACT,NO,No same-class owned Senior source; exact Facility ID and nonblank license comparisons to TX ALF/NF returned zero on 2026-09-30.
TX_ICF_IID,665,007429,1,,,NO,,YES,NEW_EXACT,NO,No same-class owned Senior source; exact Facility ID and nonblank license comparisons to TX ALF/NF returned zero on 2026-09-30.
TX_ICF_IID,666,007475,1,,,NO,,YES,NEW_EXACT,NO,No same-class owned Senior source; exact Facility ID and nonblank license comparisons to TX ALF/NF returned zero on 2026-09-30.
TX_ICF_IID,667,007805,1,,,NO,,YES,NEW_EXACT,NO,No same-class owned Senior source; exact Facility ID and nonblank license comparisons to TX ALF/NF returned zero on 2026-09-30.
TX_ICF_IID,668,007452,1,,,NO,,YES,NEW_EXACT,NO,No same-class owned Senior source; exact Facility ID and nonblank license comparisons to TX ALF/NF returned zero on 2026-09-30.
TX_ICF_IID,669,003793,1,,,NO,,YES,NEW_EXACT,NO,No same-class owned Senior source; exact Facility ID and nonblank license comparisons to TX ALF/NF returned zero on 2026-09-30.
TX_ICF_IID,670,003832,1,,,NO,,YES,NEW_EXACT,NO,No same-class owned Senior source; exact Facility ID and nonblank license comparisons to TX ALF/NF returned zero on 2026-09-30.
TX_ICF_IID,671,007418,1,,,NO,,YES,NEW_EXACT,NO,No same-class owned Senior source; exact Facility ID and nonblank license comparisons to TX ALF/NF returned zero on 2026-09-30.
TX_ICF_IID,672,007627,1,,,NO,,YES,NEW_EXACT,NO,No same-class owned Senior source; exact Facility ID and nonblank license comparisons to TX ALF/NF returned zero on 2026-09-30.
TX_ICF_IID,673,007611,1,,,NO,,YES,NEW_EXACT,NO,No same-class owned Senior source; exact Facility ID and nonblank license comparisons to TX ALF/NF returned zero on 2026-09-30.
TX_ICF_IID,674,102153,1,,,NO,,YES,NEW_EXACT,NO,No same-class owned Senior source; exact Facility ID and nonblank license comparisons to TX ALF/NF returned zero on 2026-09-30.
TX_ICF_IID,675,003639,1,,,NO,,YES,NEW_EXACT,NO,No same-class owned Senior source; exact Facility ID and nonblank license comparisons to TX ALF/NF returned zero on 2026-09-30.
TX_ICF_IID,676,003647,1,,,NO,,YES,NEW_EXACT,NO,No same-class owned Senior source; exact Facility ID and nonblank license comparisons to TX ALF/NF returned zero on 2026-09-30.
TX_ICF_IID,677,007633,1,,,NO,,YES,NEW_EXACT,NO,No same-class owned Senior source; exact Facility ID and nonblank license comparisons to TX ALF/NF returned zero on 2026-09-30.
TX_ICF_IID,678,003974,1,,,NO,,YES,NEW_EXACT,NO,No same-class owned Senior source; exact Facility ID and nonblank license comparisons to TX ALF/NF returned zero on 2026-09-30.
TX_ICF_IID,679,007343,1,,,NO,,YES,NEW_EXACT,NO,No same-class owned Senior source; exact Facility ID and nonblank license comparisons to TX ALF/NF returned zero on 2026-09-30.
TX_ICF_IID,680,007500,1,,,NO,,YES,NEW_EXACT,NO,No same-class owned Senior source; exact Facility ID and nonblank license comparisons to TX ALF/NF returned zero on 2026-09-30.
TX_ICF_IID,681,007290,1,,,NO,,YES,NEW_EXACT,NO,No same-class owned Senior source; exact Facility ID and nonblank license comparisons to TX ALF/NF returned zero on 2026-09-30.
TX_ICF_IID,682,007237,1,,,NO,,YES,NEW_EXACT,NO,No same-class owned Senior source; exact Facility ID and nonblank license comparisons to TX ALF/NF returned zero on 2026-09-30.
TX_ICF_IID,683,003772,1,,,NO,,YES,NEW_EXACT,NO,No same-class owned Senior source; exact Facility ID and nonblank license comparisons to TX ALF/NF returned zero on 2026-09-30.
TX_ICF_IID,684,003938,1,,,NO,,YES,NEW_EXACT,NO,No same-class owned Senior source; exact Facility ID and nonblank license comparisons to TX ALF/NF returned zero on 2026-09-30.
TX_ICF_IID,685,007304,1,,,NO,,YES,NEW_EXACT,NO,No same-class owned Senior source; exact Facility ID and nonblank license comparisons to TX ALF/NF returned zero on 2026-09-30.
TX_ICF_IID,686,007504,1,,,NO,,YES,NEW_EXACT,NO,No same-class owned Senior source; exact Facility ID and nonblank license comparisons to TX ALF/NF returned zero on 2026-09-30.
TX_ICF_IID,687,007110,1,,,NO,,YES,NEW_EXACT,NO,No same-class owned Senior source; exact Facility ID and nonblank license comparisons to TX ALF/NF returned zero on 2026-09-30.
TX_ICF_IID,688,007820,1,,,NO,,YES,NEW_EXACT,NO,No same-class owned Senior source; exact Facility ID and nonblank license comparisons to TX ALF/NF returned zero on 2026-09-30.
TX_ICF_IID,689,007822,1,,,NO,,YES,NEW_EXACT,NO,No same-class owned Senior source; exact Facility ID and nonblank license comparisons to TX ALF/NF returned zero on 2026-09-30.
TX_ICF_IID,690,007819,1,,,NO,,YES,NEW_EXACT,NO,No same-class owned Senior source; exact Facility ID and nonblank license comparisons to TX ALF/NF returned zero on 2026-09-30.
TX_ICF_IID,691,007821,1,,,NO,,YES,NEW_EXACT,NO,No same-class owned Senior source; exact Facility ID and nonblank license comparisons to TX ALF/NF returned zero on 2026-09-30.
TX_ICF_IID,692,007361,1,,,NO,,YES,NEW_EXACT,NO,No same-class owned Senior source; exact Facility ID and nonblank license comparisons to TX ALF/NF returned zero on 2026-09-30.
TX_ICF_IID,693,007556,1,,,NO,,YES,NEW_EXACT,NO,No same-class owned Senior source; exact Facility ID and nonblank license comparisons to TX ALF/NF returned zero on 2026-09-30.
TX_ICF_IID,694,007360,1,,,NO,,YES,NEW_EXACT,NO,No same-class owned Senior source; exact Facility ID and nonblank license comparisons to TX ALF/NF returned zero on 2026-09-30.
TX_ICF_IID,695,003797,1,,,NO,,YES,NEW_EXACT,NO,No same-class owned Senior source; exact Facility ID and nonblank license comparisons to TX ALF/NF returned zero on 2026-09-30.
TX_ICF_IID,696,003759,1,,,NO,,YES,NEW_EXACT,NO,No same-class owned Senior source; exact Facility ID and nonblank license comparisons to TX ALF/NF returned zero on 2026-09-30.
TX_ICF_IID,697,007426,1,,,NO,,YES,NEW_EXACT,NO,No same-class owned Senior source; exact Facility ID and nonblank license comparisons to TX ALF/NF returned zero on 2026-09-30.
TX_ICF_IID,698,007538,1,,,NO,,YES,NEW_EXACT,NO,No same-class owned Senior source; exact Facility ID and nonblank license comparisons to TX ALF/NF returned zero on 2026-09-30.
TX_ICF_IID,699,106799,1,,,NO,,YES,NEW_EXACT,NO,No same-class owned Senior source; exact Facility ID and nonblank license comparisons to TX ALF/NF returned zero on 2026-09-30.
TX_ICF_IID,700,007310,1,,,NO,,YES,NEW_EXACT,NO,No same-class owned Senior source; exact Facility ID and nonblank license comparisons to TX ALF/NF returned zero on 2026-09-30.
TX_ICF_IID,701,007468,1,,,NO,,YES,NEW_EXACT,NO,No same-class owned Senior source; exact Facility ID and nonblank license comparisons to TX ALF/NF returned zero on 2026-09-30.
TX_ICF_IID,702,003810,1,,,NO,,YES,NEW_EXACT,NO,No same-class owned Senior source; exact Facility ID and nonblank license comparisons to TX ALF/NF returned zero on 2026-09-30.
TX_ICF_IID,703,003644,1,,,NO,,YES,NEW_EXACT,NO,No same-class owned Senior source; exact Facility ID and nonblank license comparisons to TX ALF/NF returned zero on 2026-09-30.
TX_ICF_IID,704,003784,1,,,NO,,YES,NEW_EXACT,NO,No same-class owned Senior source; exact Facility ID and nonblank license comparisons to TX ALF/NF returned zero on 2026-09-30.
TX_ICF_IID,705,003813,1,,,NO,,YES,NEW_EXACT,NO,No same-class owned Senior source; exact Facility ID and nonblank license comparisons to TX ALF/NF returned zero on 2026-09-30.
TX_ICF_IID,706,007412,1,,,NO,,YES,NEW_EXACT,NO,No same-class owned Senior source; exact Facility ID and nonblank license comparisons to TX ALF/NF returned zero on 2026-09-30.
TX_ICF_IID,707,003626,1,,,NO,,YES,NEW_EXACT,NO,No same-class owned Senior source; exact Facility ID and nonblank license comparisons to TX ALF/NF returned zero on 2026-09-30.
TX_ICF_IID,708,007444,1,,,NO,,YES,NEW_EXACT,NO,No same-class owned Senior source; exact Facility ID and nonblank license comparisons to TX ALF/NF returned zero on 2026-09-30.
TX_ICF_IID,709,007605,1,,,NO,,YES,NEW_EXACT,NO,No same-class owned Senior source; exact Facility ID and nonblank license comparisons to TX ALF/NF returned zero on 2026-09-30.
TX_ICF_IID,710,003680,1,,,NO,,YES,NEW_EXACT,NO,No same-class owned Senior source; exact Facility ID and nonblank license comparisons to TX ALF/NF returned zero on 2026-09-30.
TX_DAHS,3,110993,1,,,NO,,YES,NEW_EXACT,NO,No same-class owned Senior source; exact Facility ID and nonblank license comparisons to TX ALF/NF returned zero on 2026-09-30.
TX_DAHS,4,003330,1,,,NO,,YES,NEW_EXACT,NO,No same-class owned Senior source; exact Facility ID and nonblank license comparisons to TX ALF/NF returned zero on 2026-09-30.
TX_DAHS,5,050755,1,,,NO,,YES,NEW_EXACT,NO,No same-class owned Senior source; exact Facility ID and nonblank license comparisons to TX ALF/NF returned zero on 2026-09-30.
TX_DAHS,6,003401,1,,,NO,,YES,NEW_EXACT,NO,No same-class owned Senior source; exact Facility ID and nonblank license comparisons to TX ALF/NF returned zero on 2026-09-30.
TX_DAHS,7,110569,1,,,NO,,YES,NEW_EXACT,NO,No same-class owned Senior source; exact Facility ID and nonblank license comparisons to TX ALF/NF returned zero on 2026-09-30.
TX_DAHS,8,111376,1,,,NO,,YES,NEW_EXACT,NO,No same-class owned Senior source; exact Facility ID and nonblank license comparisons to TX ALF/NF returned zero on 2026-09-30.
TX_DAHS,9,000521,1,,,NO,,YES,NEW_EXACT,NO,No same-class owned Senior source; exact Facility ID and nonblank license comparisons to TX ALF/NF returned zero on 2026-09-30.
TX_DAHS,10,010245,1,,,NO,,YES,NEW_EXACT,NO,No same-class owned Senior source; exact Facility ID and nonblank license comparisons to TX ALF/NF returned zero on 2026-09-30.
TX_DAHS,11,001541,1,,,NO,,YES,NEW_EXACT,NO,No same-class owned Senior source; exact Facility ID and nonblank license comparisons to TX ALF/NF returned zero on 2026-09-30.
TX_DAHS,12,104528,1,,,NO,,YES,NEW_EXACT,NO,No same-class owned Senior source; exact Facility ID and nonblank license comparisons to TX ALF/NF returned zero on 2026-09-30.
TX_DAHS,13,110149,1,,,NO,,YES,NEW_EXACT,NO,No same-class owned Senior source; exact Facility ID and nonblank license comparisons to TX ALF/NF returned zero on 2026-09-30.
TX_DAHS,14,111639,1,,,NO,,YES,NEW_EXACT,NO,No same-class owned Senior source; exact Facility ID and nonblank license comparisons to TX ALF/NF returned zero on 2026-09-30.
TX_DAHS,15,003076,1,,,NO,,YES,NEW_EXACT,NO,No same-class owned Senior source; exact Facility ID and nonblank license comparisons to TX ALF/NF returned zero on 2026-09-30.
TX_DAHS,16,100026,1,,,NO,,YES,NEW_EXACT,NO,No same-class owned Senior source; exact Facility ID and nonblank license comparisons to TX ALF/NF returned zero on 2026-09-30.
TX_DAHS,17,010229,1,,,NO,,YES,NEW_EXACT,NO,No same-class owned Senior source; exact Facility ID and nonblank license comparisons to TX ALF/NF returned zero on 2026-09-30.
TX_DAHS,18,101085,1,,,NO,,YES,NEW_EXACT,NO,No same-class owned Senior source; exact Facility ID and nonblank license comparisons to TX ALF/NF returned zero on 2026-09-30.
TX_DAHS,19,003302,1,,,NO,,YES,NEW_EXACT,NO,No same-class owned Senior source; exact Facility ID and nonblank license comparisons to TX ALF/NF returned zero on 2026-09-30.
TX_DAHS,20,003021,1,,,NO,,YES,NEW_EXACT,NO,No same-class owned Senior source; exact Facility ID and nonblank license comparisons to TX ALF/NF returned zero on 2026-09-30.
TX_DAHS,21,105385,1,,,NO,,YES,NEW_EXACT,NO,No same-class owned Senior source; exact Facility ID and nonblank license comparisons to TX ALF/NF returned zero on 2026-09-30.
TX_DAHS,22,106288,1,,,NO,,YES,NEW_EXACT,NO,No same-class owned Senior source; exact Facility ID and nonblank license comparisons to TX ALF/NF returned zero on 2026-09-30.
TX_DAHS,23,112061,1,,,NO,,YES,NEW_EXACT,NO,No same-class owned Senior source; exact Facility ID and nonblank license comparisons to TX ALF/NF returned zero on 2026-09-30.
TX_DAHS,24,101313,1,,,NO,,YES,NEW_EXACT,NO,No same-class owned Senior source; exact Facility ID and nonblank license comparisons to TX ALF/NF returned zero on 2026-09-30.
TX_DAHS,25,003422,1,,,NO,,YES,NEW_EXACT,NO,No same-class owned Senior source; exact Facility ID and nonblank license comparisons to TX ALF/NF returned zero on 2026-09-30.
TX_DAHS,26,111414,1,,,NO,,YES,NEW_EXACT,NO,No same-class owned Senior source; exact Facility ID and nonblank license comparisons to TX ALF/NF returned zero on 2026-09-30.
TX_DAHS,27,101287,1,,,NO,,YES,NEW_EXACT,NO,No same-class owned Senior source; exact Facility ID and nonblank license comparisons to TX ALF/NF returned zero on 2026-09-30.
TX_DAHS,28,105820,1,,,NO,,YES,NEW_EXACT,NO,No same-class owned Senior source; exact Facility ID and nonblank license comparisons to TX ALF/NF returned zero on 2026-09-30.
TX_DAHS,29,106212,1,,,NO,,YES,NEW_EXACT,NO,No same-class owned Senior source; exact Facility ID and nonblank license comparisons to TX ALF/NF returned zero on 2026-09-30.
TX_DAHS,30,003278,1,,,NO,,YES,NEW_EXACT,NO,No same-class owned Senior source; exact Facility ID and nonblank license comparisons to TX ALF/NF returned zero on 2026-09-30.
TX_DAHS,31,110585,1,,,NO,,YES,NEW_EXACT,NO,No same-class owned Senior source; exact Facility ID and nonblank license comparisons to TX ALF/NF returned zero on 2026-09-30.
TX_DAHS,32,103479,1,,,NO,,YES,NEW_EXACT,NO,No same-class owned Senior source; exact Facility ID and nonblank license comparisons to TX ALF/NF returned zero on 2026-09-30.
TX_DAHS,33,110533,1,,,NO,,YES,NEW_EXACT,NO,No same-class owned Senior source; exact Facility ID and nonblank license comparisons to TX ALF/NF returned zero on 2026-09-30.
TX_DAHS,34,104486,1,,,NO,,YES,NEW_EXACT,NO,No same-class owned Senior source; exact Facility ID and nonblank license comparisons to TX ALF/NF returned zero on 2026-09-30.
TX_DAHS,35,003077,1,,,NO,,YES,NEW_EXACT,NO,No same-class owned Senior source; exact Facility ID and nonblank license comparisons to TX ALF/NF returned zero on 2026-09-30.
TX_DAHS,36,111264,1,,,NO,,YES,NEW_EXACT,NO,No same-class owned Senior source; exact Facility ID and nonblank license comparisons to TX ALF/NF returned zero on 2026-09-30.
TX_DAHS,37,100398,1,,,NO,,YES,NEW_EXACT,NO,No same-class owned Senior source; exact Facility ID and nonblank license comparisons to TX ALF/NF returned zero on 2026-09-30.
TX_DAHS,38,100024,1,,,NO,,YES,NEW_EXACT,NO,No same-class owned Senior source; exact Facility ID and nonblank license comparisons to TX ALF/NF returned zero on 2026-09-30.
TX_DAHS,39,003268,1,,,NO,,YES,NEW_EXACT,NO,No same-class owned Senior source; exact Facility ID and nonblank license comparisons to TX ALF/NF returned zero on 2026-09-30.
TX_DAHS,40,003417,1,,,NO,,YES,NEW_EXACT,NO,No same-class owned Senior source; exact Facility ID and nonblank license comparisons to TX ALF/NF returned zero on 2026-09-30.
TX_DAHS,41,101658,1,,,NO,,YES,NEW_EXACT,NO,No same-class owned Senior source; exact Facility ID and nonblank license comparisons to TX ALF/NF returned zero on 2026-09-30.
TX_DAHS,42,110505,1,,,NO,,YES,NEW_EXACT,NO,No same-class owned Senior source; exact Facility ID and nonblank license comparisons to TX ALF/NF returned zero on 2026-09-30.
TX_DAHS,43,003452,1,,,NO,,YES,NEW_EXACT,NO,No same-class owned Senior source; exact Facility ID and nonblank license comparisons to TX ALF/NF returned zero on 2026-09-30.
TX_DAHS,44,107013,1,,,NO,,YES,NEW_EXACT,NO,No same-class owned Senior source; exact Facility ID and nonblank license comparisons to TX ALF/NF returned zero on 2026-09-30.
TX_DAHS,45,110719,1,,,NO,,YES,NEW_EXACT,NO,No same-class owned Senior source; exact Facility ID and nonblank license comparisons to TX ALF/NF returned zero on 2026-09-30.
TX_DAHS,46,003379,1,,,NO,,YES,NEW_EXACT,NO,No same-class owned Senior source; exact Facility ID and nonblank license comparisons to TX ALF/NF returned zero on 2026-09-30.
TX_DAHS,47,102437,1,,,NO,,YES,NEW_EXACT,NO,No same-class owned Senior source; exact Facility ID and nonblank license comparisons to TX ALF/NF returned zero on 2026-09-30.
TX_DAHS,48,001511,1,,,NO,,YES,NEW_EXACT,NO,No same-class owned Senior source; exact Facility ID and nonblank license comparisons to TX ALF/NF returned zero on 2026-09-30.
TX_DAHS,49,112181,1,,,NO,,YES,NEW_EXACT,NO,No same-class owned Senior source; exact Facility ID and nonblank license comparisons to TX ALF/NF returned zero on 2026-09-30.
TX_DAHS,50,003079,1,,,NO,,YES,NEW_EXACT,NO,No same-class owned Senior source; exact Facility ID and nonblank license comparisons to TX ALF/NF returned zero on 2026-09-30.
TX_DAHS,51,102547,1,,,NO,,YES,NEW_EXACT,NO,No same-class owned Senior source; exact Facility ID and nonblank license comparisons to TX ALF/NF returned zero on 2026-09-30.
TX_DAHS,52,010321,1,,,NO,,YES,NEW_EXACT,NO,No same-class owned Senior source; exact Facility ID and nonblank license comparisons to TX ALF/NF returned zero on 2026-09-30.
TX_DAHS,53,103187,1,,,NO,,YES,NEW_EXACT,NO,No same-class owned Senior source; exact Facility ID and nonblank license comparisons to TX ALF/NF returned zero on 2026-09-30.
TX_DAHS,54,003096,1,,,NO,,YES,NEW_EXACT,NO,No same-class owned Senior source; exact Facility ID and nonblank license comparisons to TX ALF/NF returned zero on 2026-09-30.
TX_DAHS,55,106653,1,,,NO,,YES,NEW_EXACT,NO,No same-class owned Senior source; exact Facility ID and nonblank license comparisons to TX ALF/NF returned zero on 2026-09-30.
TX_DAHS,56,105474,1,,,NO,,YES,NEW_EXACT,NO,No same-class owned Senior source; exact Facility ID and nonblank license comparisons to TX ALF/NF returned zero on 2026-09-30.
TX_DAHS,57,103100,1,,,NO,,YES,NEW_EXACT,NO,No same-class owned Senior source; exact Facility ID and nonblank license comparisons to TX ALF/NF returned zero on 2026-09-30.
TX_DAHS,58,111395,1,,,NO,,YES,NEW_EXACT,NO,No same-class owned Senior source; exact Facility ID and nonblank license comparisons to TX ALF/NF returned zero on 2026-09-30.
TX_DAHS,59,100665,1,,,NO,,YES,NEW_EXACT,NO,No same-class owned Senior source; exact Facility ID and nonblank license comparisons to TX ALF/NF returned zero on 2026-09-30.
TX_DAHS,60,100170,1,,,NO,,YES,NEW_EXACT,NO,No same-class owned Senior source; exact Facility ID and nonblank license comparisons to TX ALF/NF returned zero on 2026-09-30.
TX_DAHS,61,001528,1,,,NO,,YES,NEW_EXACT,NO,No same-class owned Senior source; exact Facility ID and nonblank license comparisons to TX ALF/NF returned zero on 2026-09-30.
TX_DAHS,62,102013,1,,,NO,,YES,NEW_EXACT,NO,No same-class owned Senior source; exact Facility ID and nonblank license comparisons to TX ALF/NF returned zero on 2026-09-30.
TX_DAHS,63,102810,1,,,NO,,YES,NEW_EXACT,NO,No same-class owned Senior source; exact Facility ID and nonblank license comparisons to TX ALF/NF returned zero on 2026-09-30.
TX_DAHS,64,003029,1,,,NO,,YES,NEW_EXACT,NO,No same-class owned Senior source; exact Facility ID and nonblank license comparisons to TX ALF/NF returned zero on 2026-09-30.
TX_DAHS,65,010352,1,,,NO,,YES,NEW_EXACT,NO,No same-class owned Senior source; exact Facility ID and nonblank license comparisons to TX ALF/NF returned zero on 2026-09-30.
TX_DAHS,66,102581,1,,,NO,,YES,NEW_EXACT,NO,No same-class owned Senior source; exact Facility ID and nonblank license comparisons to TX ALF/NF returned zero on 2026-09-30.
TX_DAHS,67,103034,1,,,NO,,YES,NEW_EXACT,NO,No same-class owned Senior source; exact Facility ID and nonblank license comparisons to TX ALF/NF returned zero on 2026-09-30.
TX_DAHS,68,003223,1,,,NO,,YES,NEW_EXACT,NO,No same-class owned Senior source; exact Facility ID and nonblank license comparisons to TX ALF/NF returned zero on 2026-09-30.
TX_DAHS,69,102045,1,,,NO,,YES,NEW_EXACT,NO,No same-class owned Senior source; exact Facility ID and nonblank license comparisons to TX ALF/NF returned zero on 2026-09-30.
TX_DAHS,70,003057,1,,,NO,,YES,NEW_EXACT,NO,No same-class owned Senior source; exact Facility ID and nonblank license comparisons to TX ALF/NF returned zero on 2026-09-30.
TX_DAHS,71,110225,1,,,NO,,YES,NEW_EXACT,NO,No same-class owned Senior source; exact Facility ID and nonblank license comparisons to TX ALF/NF returned zero on 2026-09-30.
TX_DAHS,72,104447,1,,,NO,,YES,NEW_EXACT,NO,No same-class owned Senior source; exact Facility ID and nonblank license comparisons to TX ALF/NF returned zero on 2026-09-30.
TX_DAHS,73,104478,1,,,NO,,YES,NEW_EXACT,NO,No same-class owned Senior source; exact Facility ID and nonblank license comparisons to TX ALF/NF returned zero on 2026-09-30.
TX_DAHS,74,110536,1,,,NO,,YES,NEW_EXACT,NO,No same-class owned Senior source; exact Facility ID and nonblank license comparisons to TX ALF/NF returned zero on 2026-09-30.
TX_DAHS,75,110402,1,,,NO,,YES,NEW_EXACT,NO,No same-class owned Senior source; exact Facility ID and nonblank license comparisons to TX ALF/NF returned zero on 2026-09-30.
TX_DAHS,76,111804,1,,,NO,,YES,NEW_EXACT,NO,No same-class owned Senior source; exact Facility ID and nonblank license comparisons to TX ALF/NF returned zero on 2026-09-30.
TX_DAHS,77,111656,1,,,NO,,YES,NEW_EXACT,NO,No same-class owned Senior source; exact Facility ID and nonblank license comparisons to TX ALF/NF returned zero on 2026-09-30.
TX_DAHS,78,111866,1,,,NO,,YES,NEW_EXACT,NO,No same-class owned Senior source; exact Facility ID and nonblank license comparisons to TX ALF/NF returned zero on 2026-09-30.
TX_DAHS,79,111290,1,,,NO,,YES,NEW_EXACT,NO,No same-class owned Senior source; exact Facility ID and nonblank license comparisons to TX ALF/NF returned zero on 2026-09-30.
TX_DAHS,80,100924,1,,,NO,,YES,NEW_EXACT,NO,No same-class owned Senior source; exact Facility ID and nonblank license comparisons to TX ALF/NF returned zero on 2026-09-30.
TX_DAHS,81,110327,1,,,NO,,YES,NEW_EXACT,NO,No same-class owned Senior source; exact Facility ID and nonblank license comparisons to TX ALF/NF returned zero on 2026-09-30.
TX_DAHS,82,106777,1,,,NO,,YES,NEW_EXACT,NO,No same-class owned Senior source; exact Facility ID and nonblank license comparisons to TX ALF/NF returned zero on 2026-09-30.
TX_DAHS,83,106095,1,,,NO,,YES,NEW_EXACT,NO,No same-class owned Senior source; exact Facility ID and nonblank license comparisons to TX ALF/NF returned zero on 2026-09-30.
TX_DAHS,84,102501,1,,,NO,,YES,NEW_EXACT,NO,No same-class owned Senior source; exact Facility ID and nonblank license comparisons to TX ALF/NF returned zero on 2026-09-30.
TX_DAHS,85,010238,1,,,NO,,YES,NEW_EXACT,NO,No same-class owned Senior source; exact Facility ID and nonblank license comparisons to TX ALF/NF returned zero on 2026-09-30.
TX_DAHS,86,105411,1,,,NO,,YES,NEW_EXACT,NO,No same-class owned Senior source; exact Facility ID and nonblank license comparisons to TX ALF/NF returned zero on 2026-09-30.
TX_DAHS,87,111697,1,,,NO,,YES,NEW_EXACT,NO,No same-class owned Senior source; exact Facility ID and nonblank license comparisons to TX ALF/NF returned zero on 2026-09-30.
TX_DAHS,88,104991,1,,,NO,,YES,NEW_EXACT,NO,No same-class owned Senior source; exact Facility ID and nonblank license comparisons to TX ALF/NF returned zero on 2026-09-30.
TX_DAHS,89,105571,1,,,NO,,YES,NEW_EXACT,NO,No same-class owned Senior source; exact Facility ID and nonblank license comparisons to TX ALF/NF returned zero on 2026-09-30.
TX_DAHS,90,101842,1,,,NO,,YES,NEW_EXACT,NO,No same-class owned Senior source; exact Facility ID and nonblank license comparisons to TX ALF/NF returned zero on 2026-09-30.
TX_DAHS,91,106399,1,,,NO,,YES,NEW_EXACT,NO,No same-class owned Senior source; exact Facility ID and nonblank license comparisons to TX ALF/NF returned zero on 2026-09-30.
TX_DAHS,92,112087,1,,,NO,,YES,NEW_EXACT,NO,No same-class owned Senior source; exact Facility ID and nonblank license comparisons to TX ALF/NF returned zero on 2026-09-30.
TX_DAHS,93,107105,1,,,NO,,YES,NEW_EXACT,NO,No same-class owned Senior source; exact Facility ID and nonblank license comparisons to TX ALF/NF returned zero on 2026-09-30.
TX_DAHS,94,102356,1,,,NO,,YES,NEW_EXACT,NO,No same-class owned Senior source; exact Facility ID and nonblank license comparisons to TX ALF/NF returned zero on 2026-09-30.
TX_DAHS,95,110607,1,,,NO,,YES,NEW_EXACT,NO,No same-class owned Senior source; exact Facility ID and nonblank license comparisons to TX ALF/NF returned zero on 2026-09-30.
TX_DAHS,96,112056,1,,,NO,,YES,NEW_EXACT,NO,No same-class owned Senior source; exact Facility ID and nonblank license comparisons to TX ALF/NF returned zero on 2026-09-30.
TX_DAHS,97,050718,1,,,NO,,YES,NEW_EXACT,NO,No same-class owned Senior source; exact Facility ID and nonblank license comparisons to TX ALF/NF returned zero on 2026-09-30.
TX_DAHS,98,003219,1,,,NO,,YES,NEW_EXACT,NO,No same-class owned Senior source; exact Facility ID and nonblank license comparisons to TX ALF/NF returned zero on 2026-09-30.
TX_DAHS,99,112118,1,,,NO,,YES,NEW_EXACT,NO,No same-class owned Senior source; exact Facility ID and nonblank license comparisons to TX ALF/NF returned zero on 2026-09-30.
TX_DAHS,100,001409,1,,,NO,,YES,NEW_EXACT,NO,No same-class owned Senior source; exact Facility ID and nonblank license comparisons to TX ALF/NF returned zero on 2026-09-30.
TX_DAHS,101,101691,1,,,NO,,YES,NEW_EXACT,NO,No same-class owned Senior source; exact Facility ID and nonblank license comparisons to TX ALF/NF returned zero on 2026-09-30.
TX_DAHS,102,104726,1,,,NO,,YES,NEW_EXACT,NO,No same-class owned Senior source; exact Facility ID and nonblank license comparisons to TX ALF/NF returned zero on 2026-09-30.
TX_DAHS,103,110346,1,,,NO,,YES,NEW_EXACT,NO,No same-class owned Senior source; exact Facility ID and nonblank license comparisons to TX ALF/NF returned zero on 2026-09-30.
TX_DAHS,104,105587,1,,,NO,,YES,NEW_EXACT,NO,No same-class owned Senior source; exact Facility ID and nonblank license comparisons to TX ALF/NF returned zero on 2026-09-30.
TX_DAHS,105,110443,1,,,NO,,YES,NEW_EXACT,NO,No same-class owned Senior source; exact Facility ID and nonblank license comparisons to TX ALF/NF returned zero on 2026-09-30.
TX_DAHS,106,110155,1,,,NO,,YES,NEW_EXACT,NO,No same-class owned Senior source; exact Facility ID and nonblank license comparisons to TX ALF/NF returned zero on 2026-09-30.
TX_DAHS,107,100676,1,,,NO,,YES,NEW_EXACT,NO,No same-class owned Senior source; exact Facility ID and nonblank license comparisons to TX ALF/NF returned zero on 2026-09-30.
TX_DAHS,108,101790,1,,,NO,,YES,NEW_EXACT,NO,No same-class owned Senior source; exact Facility ID and nonblank license comparisons to TX ALF/NF returned zero on 2026-09-30.
TX_DAHS,109,101902,1,,,NO,,YES,NEW_EXACT,NO,No same-class owned Senior source; exact Facility ID and nonblank license comparisons to TX ALF/NF returned zero on 2026-09-30.
TX_DAHS,110,102564,1,,,NO,,YES,NEW_EXACT,NO,No same-class owned Senior source; exact Facility ID and nonblank license comparisons to TX ALF/NF returned zero on 2026-09-30.
TX_DAHS,111,103763,1,,,NO,,YES,NEW_EXACT,NO,No same-class owned Senior source; exact Facility ID and nonblank license comparisons to TX ALF/NF returned zero on 2026-09-30.
TX_DAHS,112,003459,1,,,NO,,YES,NEW_EXACT,NO,No same-class owned Senior source; exact Facility ID and nonblank license comparisons to TX ALF/NF returned zero on 2026-09-30.
TX_DAHS,113,106170,1,,,NO,,YES,NEW_EXACT,NO,No same-class owned Senior source; exact Facility ID and nonblank license comparisons to TX ALF/NF returned zero on 2026-09-30.
TX_DAHS,114,111472,1,,,NO,,YES,NEW_EXACT,NO,No same-class owned Senior source; exact Facility ID and nonblank license comparisons to TX ALF/NF returned zero on 2026-09-30.
TX_DAHS,115,105912,1,,,NO,,YES,NEW_EXACT,NO,No same-class owned Senior source; exact Facility ID and nonblank license comparisons to TX ALF/NF returned zero on 2026-09-30.
TX_DAHS,116,106378,1,,,NO,,YES,NEW_EXACT,NO,No same-class owned Senior source; exact Facility ID and nonblank license comparisons to TX ALF/NF returned zero on 2026-09-30.
TX_DAHS,117,101140,1,,,NO,,YES,NEW_EXACT,NO,No same-class owned Senior source; exact Facility ID and nonblank license comparisons to TX ALF/NF returned zero on 2026-09-30.
TX_DAHS,118,105517,1,,,NO,,YES,NEW_EXACT,NO,No same-class owned Senior source; exact Facility ID and nonblank license comparisons to TX ALF/NF returned zero on 2026-09-30.
TX_DAHS,119,106068,1,,,NO,,YES,NEW_EXACT,NO,No same-class owned Senior source; exact Facility ID and nonblank license comparisons to TX ALF/NF returned zero on 2026-09-30.
TX_DAHS,120,111354,1,,,NO,,YES,NEW_EXACT,NO,No same-class owned Senior source; exact Facility ID and nonblank license comparisons to TX ALF/NF returned zero on 2026-09-30.
TX_DAHS,121,102237,1,,,NO,,YES,NEW_EXACT,NO,No same-class owned Senior source; exact Facility ID and nonblank license comparisons to TX ALF/NF returned zero on 2026-09-30.
TX_DAHS,122,104698,1,,,NO,,YES,NEW_EXACT,NO,No same-class owned Senior source; exact Facility ID and nonblank license comparisons to TX ALF/NF returned zero on 2026-09-30.
TX_DAHS,123,100108,1,,,NO,,YES,NEW_EXACT,NO,No same-class owned Senior source; exact Facility ID and nonblank license comparisons to TX ALF/NF returned zero on 2026-09-30.
TX_DAHS,124,111351,1,,,NO,,YES,NEW_EXACT,NO,No same-class owned Senior source; exact Facility ID and nonblank license comparisons to TX ALF/NF returned zero on 2026-09-30.
TX_DAHS,125,107308,1,,,NO,,YES,NEW_EXACT,NO,No same-class owned Senior source; exact Facility ID and nonblank license comparisons to TX ALF/NF returned zero on 2026-09-30.
TX_DAHS,126,111683,1,,,NO,,YES,NEW_EXACT,NO,No same-class owned Senior source; exact Facility ID and nonblank license comparisons to TX ALF/NF returned zero on 2026-09-30.
TX_DAHS,127,107068,1,,,NO,,YES,NEW_EXACT,NO,No same-class owned Senior source; exact Facility ID and nonblank license comparisons to TX ALF/NF returned zero on 2026-09-30.
TX_DAHS,128,003017,1,,,NO,,YES,NEW_EXACT,NO,No same-class owned Senior source; exact Facility ID and nonblank license comparisons to TX ALF/NF returned zero on 2026-09-30.
TX_DAHS,129,111294,1,,,NO,,YES,NEW_EXACT,NO,No same-class owned Senior source; exact Facility ID and nonblank license comparisons to TX ALF/NF returned zero on 2026-09-30.
TX_DAHS,130,110783,1,,,NO,,YES,NEW_EXACT,NO,No same-class owned Senior source; exact Facility ID and nonblank license comparisons to TX ALF/NF returned zero on 2026-09-30.
TX_DAHS,131,111403,1,,,NO,,YES,NEW_EXACT,NO,No same-class owned Senior source; exact Facility ID and nonblank license comparisons to TX ALF/NF returned zero on 2026-09-30.
TX_DAHS,132,110650,1,,,NO,,YES,NEW_EXACT,NO,No same-class owned Senior source; exact Facility ID and nonblank license comparisons to TX ALF/NF returned zero on 2026-09-30.
TX_DAHS,133,100536,1,,,NO,,YES,NEW_EXACT,NO,No same-class owned Senior source; exact Facility ID and nonblank license comparisons to TX ALF/NF returned zero on 2026-09-30.
TX_DAHS,134,105520,1,,,NO,,YES,NEW_EXACT,NO,No same-class owned Senior source; exact Facility ID and nonblank license comparisons to TX ALF/NF returned zero on 2026-09-30.
TX_DAHS,135,111895,1,,,NO,,YES,NEW_EXACT,NO,No same-class owned Senior source; exact Facility ID and nonblank license comparisons to TX ALF/NF returned zero on 2026-09-30.
TX_DAHS,136,111013,1,,,NO,,YES,NEW_EXACT,NO,No same-class owned Senior source; exact Facility ID and nonblank license comparisons to TX ALF/NF returned zero on 2026-09-30.
TX_DAHS,137,003062,1,,,NO,,YES,NEW_EXACT,NO,No same-class owned Senior source; exact Facility ID and nonblank license comparisons to TX ALF/NF returned zero on 2026-09-30.
TX_DAHS,138,111591,1,,,NO,,YES,NEW_EXACT,NO,No same-class owned Senior source; exact Facility ID and nonblank license comparisons to TX ALF/NF returned zero on 2026-09-30.
TX_DAHS,139,105691,1,,,NO,,YES,NEW_EXACT,NO,No same-class owned Senior source; exact Facility ID and nonblank license comparisons to TX ALF/NF returned zero on 2026-09-30.
TX_DAHS,140,001526,1,,,NO,,YES,NEW_EXACT,NO,No same-class owned Senior source; exact Facility ID and nonblank license comparisons to TX ALF/NF returned zero on 2026-09-30.
TX_DAHS,141,111345,1,,,NO,,YES,NEW_EXACT,NO,No same-class owned Senior source; exact Facility ID and nonblank license comparisons to TX ALF/NF returned zero on 2026-09-30.
TX_DAHS,142,104977,1,,,NO,,YES,NEW_EXACT,NO,No same-class owned Senior source; exact Facility ID and nonblank license comparisons to TX ALF/NF returned zero on 2026-09-30.
TX_DAHS,143,111560,1,,,NO,,YES,NEW_EXACT,NO,No same-class owned Senior source; exact Facility ID and nonblank license comparisons to TX ALF/NF returned zero on 2026-09-30.
TX_DAHS,144,105740,1,,,NO,,YES,NEW_EXACT,NO,No same-class owned Senior source; exact Facility ID and nonblank license comparisons to TX ALF/NF returned zero on 2026-09-30.
TX_DAHS,145,105628,1,,,NO,,YES,NEW_EXACT,NO,No same-class owned Senior source; exact Facility ID and nonblank license comparisons to TX ALF/NF returned zero on 2026-09-30.
TX_DAHS,146,111356,1,,,NO,,YES,NEW_EXACT,NO,No same-class owned Senior source; exact Facility ID and nonblank license comparisons to TX ALF/NF returned zero on 2026-09-30.
TX_DAHS,147,111678,1,,,NO,,YES,NEW_EXACT,NO,No same-class owned Senior source; exact Facility ID and nonblank license comparisons to TX ALF/NF returned zero on 2026-09-30.
TX_DAHS,148,003319,1,,,NO,,YES,NEW_EXACT,NO,No same-class owned Senior source; exact Facility ID and nonblank license comparisons to TX ALF/NF returned zero on 2026-09-30.
TX_DAHS,149,110350,1,,,NO,,YES,NEW_EXACT,NO,No same-class owned Senior source; exact Facility ID and nonblank license comparisons to TX ALF/NF returned zero on 2026-09-30.
TX_DAHS,150,105605,1,,,NO,,YES,NEW_EXACT,NO,No same-class owned Senior source; exact Facility ID and nonblank license comparisons to TX ALF/NF returned zero on 2026-09-30.
TX_DAHS,151,111521,1,,,NO,,YES,NEW_EXACT,NO,No same-class owned Senior source; exact Facility ID and nonblank license comparisons to TX ALF/NF returned zero on 2026-09-30.
TX_DAHS,152,001465,1,,,NO,,YES,NEW_EXACT,NO,No same-class owned Senior source; exact Facility ID and nonblank license comparisons to TX ALF/NF returned zero on 2026-09-30.
TX_DAHS,153,111980,1,,,NO,,YES,NEW_EXACT,NO,No same-class owned Senior source; exact Facility ID and nonblank license comparisons to TX ALF/NF returned zero on 2026-09-30.
TX_DAHS,154,110354,1,,,NO,,YES,NEW_EXACT,NO,No same-class owned Senior source; exact Facility ID and nonblank license comparisons to TX ALF/NF returned zero on 2026-09-30.
TX_DAHS,155,003448,1,,,NO,,YES,NEW_EXACT,NO,No same-class owned Senior source; exact Facility ID and nonblank license comparisons to TX ALF/NF returned zero on 2026-09-30.
TX_DAHS,156,111338,1,,,NO,,YES,NEW_EXACT,NO,No same-class owned Senior source; exact Facility ID and nonblank license comparisons to TX ALF/NF returned zero on 2026-09-30.
TX_DAHS,157,111553,1,,,NO,,YES,NEW_EXACT,NO,No same-class owned Senior source; exact Facility ID and nonblank license comparisons to TX ALF/NF returned zero on 2026-09-30.
TX_DAHS,158,111583,1,,,NO,,YES,NEW_EXACT,NO,No same-class owned Senior source; exact Facility ID and nonblank license comparisons to TX ALF/NF returned zero on 2026-09-30.
TX_DAHS,159,111430,1,,,NO,,YES,NEW_EXACT,NO,No same-class owned Senior source; exact Facility ID and nonblank license comparisons to TX ALF/NF returned zero on 2026-09-30.
TX_DAHS,160,110586,1,,,NO,,YES,NEW_EXACT,NO,No same-class owned Senior source; exact Facility ID and nonblank license comparisons to TX ALF/NF returned zero on 2026-09-30.
TX_DAHS,161,110705,1,,,NO,,YES,NEW_EXACT,NO,No same-class owned Senior source; exact Facility ID and nonblank license comparisons to TX ALF/NF returned zero on 2026-09-30.
TX_DAHS,162,105363,1,,,NO,,YES,NEW_EXACT,NO,No same-class owned Senior source; exact Facility ID and nonblank license comparisons to TX ALF/NF returned zero on 2026-09-30.
TX_DAHS,163,110397,1,,,NO,,YES,NEW_EXACT,NO,No same-class owned Senior source; exact Facility ID and nonblank license comparisons to TX ALF/NF returned zero on 2026-09-30.
TX_DAHS,164,111485,1,,,NO,,YES,NEW_EXACT,NO,No same-class owned Senior source; exact Facility ID and nonblank license comparisons to TX ALF/NF returned zero on 2026-09-30.
TX_DAHS,165,112050,1,,,NO,,YES,NEW_EXACT,NO,No same-class owned Senior source; exact Facility ID and nonblank license comparisons to TX ALF/NF returned zero on 2026-09-30.
TX_DAHS,166,110395,1,,,NO,,YES,NEW_EXACT,NO,No same-class owned Senior source; exact Facility ID and nonblank license comparisons to TX ALF/NF returned zero on 2026-09-30.
TX_DAHS,167,001460,1,,,NO,,YES,NEW_EXACT,NO,No same-class owned Senior source; exact Facility ID and nonblank license comparisons to TX ALF/NF returned zero on 2026-09-30.
TX_DAHS,168,112079,1,,,NO,,YES,NEW_EXACT,NO,No same-class owned Senior source; exact Facility ID and nonblank license comparisons to TX ALF/NF returned zero on 2026-09-30.
TX_DAHS,169,111888,1,,,NO,,YES,NEW_EXACT,NO,No same-class owned Senior source; exact Facility ID and nonblank license comparisons to TX ALF/NF returned zero on 2026-09-30.
TX_DAHS,170,111863,1,,,NO,,YES,NEW_EXACT,NO,No same-class owned Senior source; exact Facility ID and nonblank license comparisons to TX ALF/NF returned zero on 2026-09-30.
TX_DAHS,171,102319,1,,,NO,,YES,NEW_EXACT,NO,No same-class owned Senior source; exact Facility ID and nonblank license comparisons to TX ALF/NF returned zero on 2026-09-30.
TX_DAHS,172,110587,1,,,NO,,YES,NEW_EXACT,NO,No same-class owned Senior source; exact Facility ID and nonblank license comparisons to TX ALF/NF returned zero on 2026-09-30.
TX_DAHS,173,111413,1,,,NO,,YES,NEW_EXACT,NO,No same-class owned Senior source; exact Facility ID and nonblank license comparisons to TX ALF/NF returned zero on 2026-09-30.
TX_DAHS,174,111621,1,,,NO,,YES,NEW_EXACT,NO,No same-class owned Senior source; exact Facility ID and nonblank license comparisons to TX ALF/NF returned zero on 2026-09-30.
TX_DAHS,175,111545,1,,,NO,,YES,NEW_EXACT,NO,No same-class owned Senior source; exact Facility ID and nonblank license comparisons to TX ALF/NF returned zero on 2026-09-30.
TX_DAHS,176,105081,1,,,NO,,YES,NEW_EXACT,NO,No same-class owned Senior source; exact Facility ID and nonblank license comparisons to TX ALF/NF returned zero on 2026-09-30.
TX_DAHS,177,112070,1,,,NO,,YES,NEW_EXACT,NO,No same-class owned Senior source; exact Facility ID and nonblank license comparisons to TX ALF/NF returned zero on 2026-09-30.
TX_DAHS,178,111318,1,,,NO,,YES,NEW_EXACT,NO,No same-class owned Senior source; exact Facility ID and nonblank license comparisons to TX ALF/NF returned zero on 2026-09-30.
TX_DAHS,179,010364,1,,,NO,,YES,NEW_EXACT,NO,No same-class owned Senior source; exact Facility ID and nonblank license comparisons to TX ALF/NF returned zero on 2026-09-30.
TX_DAHS,180,111406,1,,,NO,,YES,NEW_EXACT,NO,No same-class owned Senior source; exact Facility ID and nonblank license comparisons to TX ALF/NF returned zero on 2026-09-30.
TX_DAHS,181,101804,1,,,NO,,YES,NEW_EXACT,NO,No same-class owned Senior source; exact Facility ID and nonblank license comparisons to TX ALF/NF returned zero on 2026-09-30.
TX_DAHS,182,105126,1,,,NO,,YES,NEW_EXACT,NO,No same-class owned Senior source; exact Facility ID and nonblank license comparisons to TX ALF/NF returned zero on 2026-09-30.
TX_DAHS,183,111498,1,,,NO,,YES,NEW_EXACT,NO,No same-class owned Senior source; exact Facility ID and nonblank license comparisons to TX ALF/NF returned zero on 2026-09-30.
TX_DAHS,184,111322,1,,,NO,,YES,NEW_EXACT,NO,No same-class owned Senior source; exact Facility ID and nonblank license comparisons to TX ALF/NF returned zero on 2026-09-30.
TX_DAHS,185,106723,1,,,NO,,YES,NEW_EXACT,NO,No same-class owned Senior source; exact Facility ID and nonblank license comparisons to TX ALF/NF returned zero on 2026-09-30.
TX_DAHS,186,104988,1,,,NO,,YES,NEW_EXACT,NO,No same-class owned Senior source; exact Facility ID and nonblank license comparisons to TX ALF/NF returned zero on 2026-09-30.
TX_DAHS,187,110543,1,,,NO,,YES,NEW_EXACT,NO,No same-class owned Senior source; exact Facility ID and nonblank license comparisons to TX ALF/NF returned zero on 2026-09-30.
TX_DAHS,188,100993,1,,,NO,,YES,NEW_EXACT,NO,No same-class owned Senior source; exact Facility ID and nonblank license comparisons to TX ALF/NF returned zero on 2026-09-30.
TX_DAHS,189,111426,1,,,NO,,YES,NEW_EXACT,NO,No same-class owned Senior source; exact Facility ID and nonblank license comparisons to TX ALF/NF returned zero on 2026-09-30.
TX_DAHS,190,003343,1,,,NO,,YES,NEW_EXACT,NO,No same-class owned Senior source; exact Facility ID and nonblank license comparisons to TX ALF/NF returned zero on 2026-09-30.
TX_DAHS,191,106582,1,,,NO,,YES,NEW_EXACT,NO,No same-class owned Senior source; exact Facility ID and nonblank license comparisons to TX ALF/NF returned zero on 2026-09-30.
TX_DAHS,192,003210,1,,,NO,,YES,NEW_EXACT,NO,No same-class owned Senior source; exact Facility ID and nonblank license comparisons to TX ALF/NF returned zero on 2026-09-30.
TX_DAHS,193,003052,1,,,NO,,YES,NEW_EXACT,NO,No same-class owned Senior source; exact Facility ID and nonblank license comparisons to TX ALF/NF returned zero on 2026-09-30.
TX_DAHS,194,102919,1,,,NO,,YES,NEW_EXACT,NO,No same-class owned Senior source; exact Facility ID and nonblank license comparisons to TX ALF/NF returned zero on 2026-09-30.
TX_DAHS,195,102636,1,,,NO,,YES,NEW_EXACT,NO,No same-class owned Senior source; exact Facility ID and nonblank license comparisons to TX ALF/NF returned zero on 2026-09-30.
TX_DAHS,196,003270,1,,,NO,,YES,NEW_EXACT,NO,No same-class owned Senior source; exact Facility ID and nonblank license comparisons to TX ALF/NF returned zero on 2026-09-30.
TX_DAHS,197,106816,1,,,NO,,YES,NEW_EXACT,NO,No same-class owned Senior source; exact Facility ID and nonblank license comparisons to TX ALF/NF returned zero on 2026-09-30.
TX_DAHS,198,003084,1,,,NO,,YES,NEW_EXACT,NO,No same-class owned Senior source; exact Facility ID and nonblank license comparisons to TX ALF/NF returned zero on 2026-09-30.
TX_DAHS,199,104735,1,,,NO,,YES,NEW_EXACT,NO,No same-class owned Senior source; exact Facility ID and nonblank license comparisons to TX ALF/NF returned zero on 2026-09-30.
TX_DAHS,200,110603,1,,,NO,,YES,NEW_EXACT,NO,No same-class owned Senior source; exact Facility ID and nonblank license comparisons to TX ALF/NF returned zero on 2026-09-30.
TX_DAHS,201,106017,1,,,NO,,YES,NEW_EXACT,NO,No same-class owned Senior source; exact Facility ID and nonblank license comparisons to TX ALF/NF returned zero on 2026-09-30.
TX_DAHS,202,003295,1,,,NO,,YES,NEW_EXACT,NO,No same-class owned Senior source; exact Facility ID and nonblank license comparisons to TX ALF/NF returned zero on 2026-09-30.
TX_DAHS,203,104592,1,,,NO,,YES,NEW_EXACT,NO,No same-class owned Senior source; exact Facility ID and nonblank license comparisons to TX ALF/NF returned zero on 2026-09-30.
TX_DAHS,204,003438,1,,,NO,,YES,NEW_EXACT,NO,No same-class owned Senior source; exact Facility ID and nonblank license comparisons to TX ALF/NF returned zero on 2026-09-30.
TX_DAHS,205,003355,1,,,NO,,YES,NEW_EXACT,NO,No same-class owned Senior source; exact Facility ID and nonblank license comparisons to TX ALF/NF returned zero on 2026-09-30.
TX_DAHS,206,110171,1,,,NO,,YES,NEW_EXACT,NO,No same-class owned Senior source; exact Facility ID and nonblank license comparisons to TX ALF/NF returned zero on 2026-09-30.
TX_DAHS,207,110608,1,,,NO,,YES,NEW_EXACT,NO,No same-class owned Senior source; exact Facility ID and nonblank license comparisons to TX ALF/NF returned zero on 2026-09-30.
TX_DAHS,208,112177,1,,,NO,,YES,NEW_EXACT,NO,No same-class owned Senior source; exact Facility ID and nonblank license comparisons to TX ALF/NF returned zero on 2026-09-30.
TX_DAHS,209,104584,1,,,NO,,YES,NEW_EXACT,NO,No same-class owned Senior source; exact Facility ID and nonblank license comparisons to TX ALF/NF returned zero on 2026-09-30.
TX_DAHS,210,104325,1,,,NO,,YES,NEW_EXACT,NO,No same-class owned Senior source; exact Facility ID and nonblank license comparisons to TX ALF/NF returned zero on 2026-09-30.
TX_DAHS,211,112116,1,,,NO,,YES,NEW_EXACT,NO,No same-class owned Senior source; exact Facility ID and nonblank license comparisons to TX ALF/NF returned zero on 2026-09-30.
TX_DAHS,212,105117,1,,,NO,,YES,NEW_EXACT,NO,No same-class owned Senior source; exact Facility ID and nonblank license comparisons to TX ALF/NF returned zero on 2026-09-30.
TX_DAHS,213,101481,1,,,NO,,YES,NEW_EXACT,NO,No same-class owned Senior source; exact Facility ID and nonblank license comparisons to TX ALF/NF returned zero on 2026-09-30.
TX_DAHS,214,003404,1,,,NO,,YES,NEW_EXACT,NO,No same-class owned Senior source; exact Facility ID and nonblank license comparisons to TX ALF/NF returned zero on 2026-09-30.
TX_DAHS,215,003253,1,,,NO,,YES,NEW_EXACT,NO,No same-class owned Senior source; exact Facility ID and nonblank license comparisons to TX ALF/NF returned zero on 2026-09-30.
TX_DAHS,216,101282,1,,,NO,,YES,NEW_EXACT,NO,No same-class owned Senior source; exact Facility ID and nonblank license comparisons to TX ALF/NF returned zero on 2026-09-30.
TX_DAHS,217,003369,1,,,NO,,YES,NEW_EXACT,NO,No same-class owned Senior source; exact Facility ID and nonblank license comparisons to TX ALF/NF returned zero on 2026-09-30.
TX_DAHS,218,101295,1,,,NO,,YES,NEW_EXACT,NO,No same-class owned Senior source; exact Facility ID and nonblank license comparisons to TX ALF/NF returned zero on 2026-09-30.
TX_DAHS,219,111825,1,,,NO,,YES,NEW_EXACT,NO,No same-class owned Senior source; exact Facility ID and nonblank license comparisons to TX ALF/NF returned zero on 2026-09-30.
TX_DAHS,220,106974,1,,,NO,,YES,NEW_EXACT,NO,No same-class owned Senior source; exact Facility ID and nonblank license comparisons to TX ALF/NF returned zero on 2026-09-30.
TX_DAHS,221,101718,1,,,NO,,YES,NEW_EXACT,NO,No same-class owned Senior source; exact Facility ID and nonblank license comparisons to TX ALF/NF returned zero on 2026-09-30.
TX_DAHS,222,111943,1,,,NO,,YES,NEW_EXACT,NO,No same-class owned Senior source; exact Facility ID and nonblank license comparisons to TX ALF/NF returned zero on 2026-09-30.
TX_DAHS,223,111850,1,,,NO,,YES,NEW_EXACT,NO,No same-class owned Senior source; exact Facility ID and nonblank license comparisons to TX ALF/NF returned zero on 2026-09-30.
TX_DAHS,224,110540,1,,,NO,,YES,NEW_EXACT,NO,No same-class owned Senior source; exact Facility ID and nonblank license comparisons to TX ALF/NF returned zero on 2026-09-30.
TX_DAHS,225,003312,1,,,NO,,YES,NEW_EXACT,NO,No same-class owned Senior source; exact Facility ID and nonblank license comparisons to TX ALF/NF returned zero on 2026-09-30.
TX_DAHS,226,111615,1,,,NO,,YES,NEW_EXACT,NO,No same-class owned Senior source; exact Facility ID and nonblank license comparisons to TX ALF/NF returned zero on 2026-09-30.
TX_DAHS,227,003251,1,,,NO,,YES,NEW_EXACT,NO,No same-class owned Senior source; exact Facility ID and nonblank license comparisons to TX ALF/NF returned zero on 2026-09-30.
TX_DAHS,228,112159,1,,,NO,,YES,NEW_EXACT,NO,No same-class owned Senior source; exact Facility ID and nonblank license comparisons to TX ALF/NF returned zero on 2026-09-30.
TX_DAHS,229,010361,1,,,NO,,YES,NEW_EXACT,NO,No same-class owned Senior source; exact Facility ID and nonblank license comparisons to TX ALF/NF returned zero on 2026-09-30.
TX_DAHS,230,111599,1,,,NO,,YES,NEW_EXACT,NO,No same-class owned Senior source; exact Facility ID and nonblank license comparisons to TX ALF/NF returned zero on 2026-09-30.
TX_DAHS,231,103248,1,,,NO,,YES,NEW_EXACT,NO,No same-class owned Senior source; exact Facility ID and nonblank license comparisons to TX ALF/NF returned zero on 2026-09-30.
TX_DAHS,232,111955,1,,,NO,,YES,NEW_EXACT,NO,No same-class owned Senior source; exact Facility ID and nonblank license comparisons to TX ALF/NF returned zero on 2026-09-30.
TX_DAHS,233,003425,1,,,NO,,YES,NEW_EXACT,NO,No same-class owned Senior source; exact Facility ID and nonblank license comparisons to TX ALF/NF returned zero on 2026-09-30.
TX_DAHS,234,111340,1,,,NO,,YES,NEW_EXACT,NO,No same-class owned Senior source; exact Facility ID and nonblank license comparisons to TX ALF/NF returned zero on 2026-09-30.
TX_DAHS,235,103562,1,,,NO,,YES,NEW_EXACT,NO,No same-class owned Senior source; exact Facility ID and nonblank license comparisons to TX ALF/NF returned zero on 2026-09-30.
TX_DAHS,236,102157,1,,,NO,,YES,NEW_EXACT,NO,No same-class owned Senior source; exact Facility ID and nonblank license comparisons to TX ALF/NF returned zero on 2026-09-30.
TX_DAHS,237,111971,1,,,NO,,YES,NEW_EXACT,NO,No same-class owned Senior source; exact Facility ID and nonblank license comparisons to TX ALF/NF returned zero on 2026-09-30.
TX_DAHS,238,003066,1,,,NO,,YES,NEW_EXACT,NO,No same-class owned Senior source; exact Facility ID and nonblank license comparisons to TX ALF/NF returned zero on 2026-09-30.
TX_DAHS,239,102854,1,,,NO,,YES,NEW_EXACT,NO,No same-class owned Senior source; exact Facility ID and nonblank license comparisons to TX ALF/NF returned zero on 2026-09-30.
TX_DAHS,240,112076,1,,,NO,,YES,NEW_EXACT,NO,No same-class owned Senior source; exact Facility ID and nonblank license comparisons to TX ALF/NF returned zero on 2026-09-30.
TX_DAHS,241,111986,1,,,NO,,YES,NEW_EXACT,NO,No same-class owned Senior source; exact Facility ID and nonblank license comparisons to TX ALF/NF returned zero on 2026-09-30.
TX_DAHS,242,104829,1,,,NO,,YES,NEW_EXACT,NO,No same-class owned Senior source; exact Facility ID and nonblank license comparisons to TX ALF/NF returned zero on 2026-09-30.
TX_DAHS,243,112161,1,,,NO,,YES,NEW_EXACT,NO,No same-class owned Senior source; exact Facility ID and nonblank license comparisons to TX ALF/NF returned zero on 2026-09-30.
TX_DAHS,244,104462,1,,,NO,,YES,NEW_EXACT,NO,No same-class owned Senior source; exact Facility ID and nonblank license comparisons to TX ALF/NF returned zero on 2026-09-30.
TX_DAHS,245,104377,1,,,NO,,YES,NEW_EXACT,NO,No same-class owned Senior source; exact Facility ID and nonblank license comparisons to TX ALF/NF returned zero on 2026-09-30.
TX_DAHS,246,110259,1,,,NO,,YES,NEW_EXACT,NO,No same-class owned Senior source; exact Facility ID and nonblank license comparisons to TX ALF/NF returned zero on 2026-09-30.
TX_DAHS,247,111496,1,,,NO,,YES,NEW_EXACT,NO,No same-class owned Senior source; exact Facility ID and nonblank license comparisons to TX ALF/NF returned zero on 2026-09-30.
TX_DAHS,248,102142,1,,,NO,,YES,NEW_EXACT,NO,No same-class owned Senior source; exact Facility ID and nonblank license comparisons to TX ALF/NF returned zero on 2026-09-30.
TX_DAHS,249,001535,1,,,NO,,YES,NEW_EXACT,NO,No same-class owned Senior source; exact Facility ID and nonblank license comparisons to TX ALF/NF returned zero on 2026-09-30.
TX_DAHS,250,103689,1,,,NO,,YES,NEW_EXACT,NO,No same-class owned Senior source; exact Facility ID and nonblank license comparisons to TX ALF/NF returned zero on 2026-09-30.
TX_DAHS,251,105879,1,,,NO,,YES,NEW_EXACT,NO,No same-class owned Senior source; exact Facility ID and nonblank license comparisons to TX ALF/NF returned zero on 2026-09-30.
TX_DAHS,252,111990,1,,,NO,,YES,NEW_EXACT,NO,No same-class owned Senior source; exact Facility ID and nonblank license comparisons to TX ALF/NF returned zero on 2026-09-30.
TX_DAHS,253,103568,1,,,NO,,YES,NEW_EXACT,NO,No same-class owned Senior source; exact Facility ID and nonblank license comparisons to TX ALF/NF returned zero on 2026-09-30.
TX_DAHS,254,103144,1,,,NO,,YES,NEW_EXACT,NO,No same-class owned Senior source; exact Facility ID and nonblank license comparisons to TX ALF/NF returned zero on 2026-09-30.
TX_DAHS,255,110584,1,,,NO,,YES,NEW_EXACT,NO,No same-class owned Senior source; exact Facility ID and nonblank license comparisons to TX ALF/NF returned zero on 2026-09-30.
TX_DAHS,256,112025,1,,,NO,,YES,NEW_EXACT,NO,No same-class owned Senior source; exact Facility ID and nonblank license comparisons to TX ALF/NF returned zero on 2026-09-30.
TX_DAHS,257,111325,1,,,NO,,YES,NEW_EXACT,NO,No same-class owned Senior source; exact Facility ID and nonblank license comparisons to TX ALF/NF returned zero on 2026-09-30.
TX_DAHS,258,104974,1,,,NO,,YES,NEW_EXACT,NO,No same-class owned Senior source; exact Facility ID and nonblank license comparisons to TX ALF/NF returned zero on 2026-09-30.
TX_DAHS,259,106951,1,,,NO,,YES,NEW_EXACT,NO,No same-class owned Senior source; exact Facility ID and nonblank license comparisons to TX ALF/NF returned zero on 2026-09-30.
TX_DAHS,260,003071,1,,,NO,,YES,NEW_EXACT,NO,No same-class owned Senior source; exact Facility ID and nonblank license comparisons to TX ALF/NF returned zero on 2026-09-30.
TX_DAHS,261,104426,1,,,NO,,YES,NEW_EXACT,NO,No same-class owned Senior source; exact Facility ID and nonblank license comparisons to TX ALF/NF returned zero on 2026-09-30.
TX_DAHS,262,102175,1,,,NO,,YES,NEW_EXACT,NO,No same-class owned Senior source; exact Facility ID and nonblank license comparisons to TX ALF/NF returned zero on 2026-09-30.
TX_DAHS,263,103489,1,,,NO,,YES,NEW_EXACT,NO,No same-class owned Senior source; exact Facility ID and nonblank license comparisons to TX ALF/NF returned zero on 2026-09-30.
TX_DAHS,264,112195,1,,,NO,,YES,NEW_EXACT,NO,No same-class owned Senior source; exact Facility ID and nonblank license comparisons to TX ALF/NF returned zero on 2026-09-30.
TX_DAHS,265,111631,1,,,NO,,YES,NEW_EXACT,NO,No same-class owned Senior source; exact Facility ID and nonblank license comparisons to TX ALF/NF returned zero on 2026-09-30.
TX_DAHS,266,104617,1,,,NO,,YES,NEW_EXACT,NO,No same-class owned Senior source; exact Facility ID and nonblank license comparisons to TX ALF/NF returned zero on 2026-09-30.
TX_DAHS,267,110419,1,,,NO,,YES,NEW_EXACT,NO,No same-class owned Senior source; exact Facility ID and nonblank license comparisons to TX ALF/NF returned zero on 2026-09-30.
TX_DAHS,268,104482,1,,,NO,,YES,NEW_EXACT,NO,No same-class owned Senior source; exact Facility ID and nonblank license comparisons to TX ALF/NF returned zero on 2026-09-30.
TX_DAHS,269,110213,1,,,NO,,YES,NEW_EXACT,NO,No same-class owned Senior source; exact Facility ID and nonblank license comparisons to TX ALF/NF returned zero on 2026-09-30.
TX_DAHS,270,101106,1,,,NO,,YES,NEW_EXACT,NO,No same-class owned Senior source; exact Facility ID and nonblank license comparisons to TX ALF/NF returned zero on 2026-09-30.
TX_DAHS,271,050703,1,,,NO,,YES,NEW_EXACT,NO,No same-class owned Senior source; exact Facility ID and nonblank license comparisons to TX ALF/NF returned zero on 2026-09-30.
TX_DAHS,272,105292,1,,,NO,,YES,NEW_EXACT,NO,No same-class owned Senior source; exact Facility ID and nonblank license comparisons to TX ALF/NF returned zero on 2026-09-30.
TX_DAHS,273,111928,1,,,NO,,YES,NEW_EXACT,NO,No same-class owned Senior source; exact Facility ID and nonblank license comparisons to TX ALF/NF returned zero on 2026-09-30.
TX_DAHS,274,102772,1,,,NO,,YES,NEW_EXACT,NO,No same-class owned Senior source; exact Facility ID and nonblank license comparisons to TX ALF/NF returned zero on 2026-09-30.
TX_DAHS,275,003046,1,,,NO,,YES,NEW_EXACT,NO,No same-class owned Senior source; exact Facility ID and nonblank license comparisons to TX ALF/NF returned zero on 2026-09-30.
TX_DAHS,276,111614,1,,,NO,,YES,NEW_EXACT,NO,No same-class owned Senior source; exact Facility ID and nonblank license comparisons to TX ALF/NF returned zero on 2026-09-30.
TX_DAHS,277,110686,1,,,NO,,YES,NEW_EXACT,NO,No same-class owned Senior source; exact Facility ID and nonblank license comparisons to TX ALF/NF returned zero on 2026-09-30.
TX_DAHS,278,112046,1,,,NO,,YES,NEW_EXACT,NO,No same-class owned Senior source; exact Facility ID and nonblank license comparisons to TX ALF/NF returned zero on 2026-09-30.
TX_DAHS,279,104720,1,,,NO,,YES,NEW_EXACT,NO,No same-class owned Senior source; exact Facility ID and nonblank license comparisons to TX ALF/NF returned zero on 2026-09-30.
TX_DAHS,280,003051,1,,,NO,,YES,NEW_EXACT,NO,No same-class owned Senior source; exact Facility ID and nonblank license comparisons to TX ALF/NF returned zero on 2026-09-30.
TX_DAHS,281,111616,1,,,NO,,YES,NEW_EXACT,NO,No same-class owned Senior source; exact Facility ID and nonblank license comparisons to TX ALF/NF returned zero on 2026-09-30.
TX_DAHS,282,103614,1,,,NO,,YES,NEW_EXACT,NO,No same-class owned Senior source; exact Facility ID and nonblank license comparisons to TX ALF/NF returned zero on 2026-09-30.
TX_DAHS,283,111693,1,,,NO,,YES,NEW_EXACT,NO,No same-class owned Senior source; exact Facility ID and nonblank license comparisons to TX ALF/NF returned zero on 2026-09-30.
TX_DAHS,284,104522,1,,,NO,,YES,NEW_EXACT,NO,No same-class owned Senior source; exact Facility ID and nonblank license comparisons to TX ALF/NF returned zero on 2026-09-30.
TX_DAHS,285,003326,1,,,NO,,YES,NEW_EXACT,NO,No same-class owned Senior source; exact Facility ID and nonblank license comparisons to TX ALF/NF returned zero on 2026-09-30.
TX_DAHS,286,101368,1,,,NO,,YES,NEW_EXACT,NO,No same-class owned Senior source; exact Facility ID and nonblank license comparisons to TX ALF/NF returned zero on 2026-09-30.
TX_DAHS,287,103947,1,,,NO,,YES,NEW_EXACT,NO,No same-class owned Senior source; exact Facility ID and nonblank license comparisons to TX ALF/NF returned zero on 2026-09-30.
TX_DAHS,288,102900,1,,,NO,,YES,NEW_EXACT,NO,No same-class owned Senior source; exact Facility ID and nonblank license comparisons to TX ALF/NF returned zero on 2026-09-30.
TX_DAHS,289,003014,1,,,NO,,YES,NEW_EXACT,NO,No same-class owned Senior source; exact Facility ID and nonblank license comparisons to TX ALF/NF returned zero on 2026-09-30.
TX_DAHS,290,110414,1,,,NO,,YES,NEW_EXACT,NO,No same-class owned Senior source; exact Facility ID and nonblank license comparisons to TX ALF/NF returned zero on 2026-09-30.
TX_DAHS,291,101952,1,,,NO,,YES,NEW_EXACT,NO,No same-class owned Senior source; exact Facility ID and nonblank license comparisons to TX ALF/NF returned zero on 2026-09-30.
TX_DAHS,292,003403,1,,,NO,,YES,NEW_EXACT,NO,No same-class owned Senior source; exact Facility ID and nonblank license comparisons to TX ALF/NF returned zero on 2026-09-30.
TX_DAHS,293,102104,1,,,NO,,YES,NEW_EXACT,NO,No same-class owned Senior source; exact Facility ID and nonblank license comparisons to TX ALF/NF returned zero on 2026-09-30.
TX_DAHS,294,103129,1,,,NO,,YES,NEW_EXACT,NO,No same-class owned Senior source; exact Facility ID and nonblank license comparisons to TX ALF/NF returned zero on 2026-09-30.
TX_DAHS,295,101966,1,,,NO,,YES,NEW_EXACT,NO,No same-class owned Senior source; exact Facility ID and nonblank license comparisons to TX ALF/NF returned zero on 2026-09-30.
TX_DAHS,296,105306,1,,,NO,,YES,NEW_EXACT,NO,No same-class owned Senior source; exact Facility ID and nonblank license comparisons to TX ALF/NF returned zero on 2026-09-30.
TX_DAHS,297,111754,1,,,NO,,YES,NEW_EXACT,NO,No same-class owned Senior source; exact Facility ID and nonblank license comparisons to TX ALF/NF returned zero on 2026-09-30.
TX_DAHS,298,050557,1,,,NO,,YES,NEW_EXACT,NO,No same-class owned Senior source; exact Facility ID and nonblank license comparisons to TX ALF/NF returned zero on 2026-09-30.
TX_DAHS,299,102855,1,,,NO,,YES,NEW_EXACT,NO,No same-class owned Senior source; exact Facility ID and nonblank license comparisons to TX ALF/NF returned zero on 2026-09-30.
TX_DAHS,300,102178,1,,,NO,,YES,NEW_EXACT,NO,No same-class owned Senior source; exact Facility ID and nonblank license comparisons to TX ALF/NF returned zero on 2026-09-30.
TX_DAHS,301,003334,1,,,NO,,YES,NEW_EXACT,NO,No same-class owned Senior source; exact Facility ID and nonblank license comparisons to TX ALF/NF returned zero on 2026-09-30.
TX_DAHS,302,112004,1,,,NO,,YES,NEW_EXACT,NO,No same-class owned Senior source; exact Facility ID and nonblank license comparisons to TX ALF/NF returned zero on 2026-09-30.
TX_DAHS,303,102195,1,,,NO,,YES,NEW_EXACT,NO,No same-class owned Senior source; exact Facility ID and nonblank license comparisons to TX ALF/NF returned zero on 2026-09-30.
TX_DAHS,304,100185,1,,,NO,,YES,NEW_EXACT,NO,No same-class owned Senior source; exact Facility ID and nonblank license comparisons to TX ALF/NF returned zero on 2026-09-30.
TX_DAHS,305,111651,1,,,NO,,YES,NEW_EXACT,NO,No same-class owned Senior source; exact Facility ID and nonblank license comparisons to TX ALF/NF returned zero on 2026-09-30.
TX_DAHS,306,105103,1,,,NO,,YES,NEW_EXACT,NO,No same-class owned Senior source; exact Facility ID and nonblank license comparisons to TX ALF/NF returned zero on 2026-09-30.
TX_DAHS,307,103453,1,,,NO,,YES,NEW_EXACT,NO,No same-class owned Senior source; exact Facility ID and nonblank license comparisons to TX ALF/NF returned zero on 2026-09-30.
TX_DAHS,308,003467,1,,,NO,,YES,NEW_EXACT,NO,No same-class owned Senior source; exact Facility ID and nonblank license comparisons to TX ALF/NF returned zero on 2026-09-30.
TX_DAHS,309,102804,1,,,NO,,YES,NEW_EXACT,NO,No same-class owned Senior source; exact Facility ID and nonblank license comparisons to TX ALF/NF returned zero on 2026-09-30.
TX_DAHS,310,102012,1,,,NO,,YES,NEW_EXACT,NO,No same-class owned Senior source; exact Facility ID and nonblank license comparisons to TX ALF/NF returned zero on 2026-09-30.
TX_DAHS,311,003055,1,,,NO,,YES,NEW_EXACT,NO,No same-class owned Senior source; exact Facility ID and nonblank license comparisons to TX ALF/NF returned zero on 2026-09-30.
TX_DAHS,312,110173,1,,,NO,,YES,NEW_EXACT,NO,No same-class owned Senior source; exact Facility ID and nonblank license comparisons to TX ALF/NF returned zero on 2026-09-30.
TX_DAHS,313,111439,1,,,NO,,YES,NEW_EXACT,NO,No same-class owned Senior source; exact Facility ID and nonblank license comparisons to TX ALF/NF returned zero on 2026-09-30.
TX_DAHS,314,102543,1,,,NO,,YES,NEW_EXACT,NO,No same-class owned Senior source; exact Facility ID and nonblank license comparisons to TX ALF/NF returned zero on 2026-09-30.
TX_DAHS,315,003399,1,,,NO,,YES,NEW_EXACT,NO,No same-class owned Senior source; exact Facility ID and nonblank license comparisons to TX ALF/NF returned zero on 2026-09-30.
TX_DAHS,316,110345,1,,,NO,,YES,NEW_EXACT,NO,No same-class owned Senior source; exact Facility ID and nonblank license comparisons to TX ALF/NF returned zero on 2026-09-30.
TX_DAHS,317,101513,1,,,NO,,YES,NEW_EXACT,NO,No same-class owned Senior source; exact Facility ID and nonblank license comparisons to TX ALF/NF returned zero on 2026-09-30.
TX_DAHS,318,003340,1,,,NO,,YES,NEW_EXACT,NO,No same-class owned Senior source; exact Facility ID and nonblank license comparisons to TX ALF/NF returned zero on 2026-09-30.
TX_DAHS,319,100679,1,,,NO,,YES,NEW_EXACT,NO,No same-class owned Senior source; exact Facility ID and nonblank license comparisons to TX ALF/NF returned zero on 2026-09-30.
TX_DAHS,320,003224,1,,,NO,,YES,NEW_EXACT,NO,No same-class owned Senior source; exact Facility ID and nonblank license comparisons to TX ALF/NF returned zero on 2026-09-30.
TX_DAHS,321,102665,1,,,NO,,YES,NEW_EXACT,NO,No same-class owned Senior source; exact Facility ID and nonblank license comparisons to TX ALF/NF returned zero on 2026-09-30.
TX_DAHS,322,103949,1,,,NO,,YES,NEW_EXACT,NO,No same-class owned Senior source; exact Facility ID and nonblank license comparisons to TX ALF/NF returned zero on 2026-09-30.
TX_DAHS,323,105043,1,,,NO,,YES,NEW_EXACT,NO,No same-class owned Senior source; exact Facility ID and nonblank license comparisons to TX ALF/NF returned zero on 2026-09-30.
TX_DAHS,324,003321,1,,,NO,,YES,NEW_EXACT,NO,No same-class owned Senior source; exact Facility ID and nonblank license comparisons to TX ALF/NF returned zero on 2026-09-30.
TX_DAHS,325,105855,1,,,NO,,YES,NEW_EXACT,NO,No same-class owned Senior source; exact Facility ID and nonblank license comparisons to TX ALF/NF returned zero on 2026-09-30.
TX_DAHS,326,103667,1,,,NO,,YES,NEW_EXACT,NO,No same-class owned Senior source; exact Facility ID and nonblank license comparisons to TX ALF/NF returned zero on 2026-09-30.
TX_DAHS,327,003218,1,,,NO,,YES,NEW_EXACT,NO,No same-class owned Senior source; exact Facility ID and nonblank license comparisons to TX ALF/NF returned zero on 2026-09-30.
TX_DAHS,328,107242,1,,,NO,,YES,NEW_EXACT,NO,No same-class owned Senior source; exact Facility ID and nonblank license comparisons to TX ALF/NF returned zero on 2026-09-30.
TX_DAHS,329,111564,1,,,NO,,YES,NEW_EXACT,NO,No same-class owned Senior source; exact Facility ID and nonblank license comparisons to TX ALF/NF returned zero on 2026-09-30.
TX_DAHS,330,111359,1,,,NO,,YES,NEW_EXACT,NO,No same-class owned Senior source; exact Facility ID and nonblank license comparisons to TX ALF/NF returned zero on 2026-09-30.
TX_DAHS,331,101770,1,,,NO,,YES,NEW_EXACT,NO,No same-class owned Senior source; exact Facility ID and nonblank license comparisons to TX ALF/NF returned zero on 2026-09-30.
TX_DAHS,332,111367,1,,,NO,,YES,NEW_EXACT,NO,No same-class owned Senior source; exact Facility ID and nonblank license comparisons to TX ALF/NF returned zero on 2026-09-30.
TX_DAHS,333,104610,1,,,NO,,YES,NEW_EXACT,NO,No same-class owned Senior source; exact Facility ID and nonblank license comparisons to TX ALF/NF returned zero on 2026-09-30.
TX_DAHS,334,111388,1,,,NO,,YES,NEW_EXACT,NO,No same-class owned Senior source; exact Facility ID and nonblank license comparisons to TX ALF/NF returned zero on 2026-09-30.
TX_DAHS,335,104074,1,,,NO,,YES,NEW_EXACT,NO,No same-class owned Senior source; exact Facility ID and nonblank license comparisons to TX ALF/NF returned zero on 2026-09-30.
TX_DAHS,336,105498,1,,,NO,,YES,NEW_EXACT,NO,No same-class owned Senior source; exact Facility ID and nonblank license comparisons to TX ALF/NF returned zero on 2026-09-30.
TX_DAHS,337,102162,1,,,NO,,YES,NEW_EXACT,NO,No same-class owned Senior source; exact Facility ID and nonblank license comparisons to TX ALF/NF returned zero on 2026-09-30.
TX_DAHS,338,102472,1,,,NO,,YES,NEW_EXACT,NO,No same-class owned Senior source; exact Facility ID and nonblank license comparisons to TX ALF/NF returned zero on 2026-09-30.
TX_DAHS,339,003040,1,,,NO,,YES,NEW_EXACT,NO,No same-class owned Senior source; exact Facility ID and nonblank license comparisons to TX ALF/NF returned zero on 2026-09-30.
TX_DAHS,340,003318,1,,,NO,,YES,NEW_EXACT,NO,No same-class owned Senior source; exact Facility ID and nonblank license comparisons to TX ALF/NF returned zero on 2026-09-30.
TX_DAHS,341,110330,1,,,NO,,YES,NEW_EXACT,NO,No same-class owned Senior source; exact Facility ID and nonblank license comparisons to TX ALF/NF returned zero on 2026-09-30.
TX_DAHS,342,003354,1,,,NO,,YES,NEW_EXACT,NO,No same-class owned Senior source; exact Facility ID and nonblank license comparisons to TX ALF/NF returned zero on 2026-09-30.
TX_DAHS,343,105260,1,,,NO,,YES,NEW_EXACT,NO,No same-class owned Senior source; exact Facility ID and nonblank license comparisons to TX ALF/NF returned zero on 2026-09-30.
TX_DAHS,344,101850,1,,,NO,,YES,NEW_EXACT,NO,No same-class owned Senior source; exact Facility ID and nonblank license comparisons to TX ALF/NF returned zero on 2026-09-30.
TX_DAHS,345,111387,1,,,NO,,YES,NEW_EXACT,NO,No same-class owned Senior source; exact Facility ID and nonblank license comparisons to TX ALF/NF returned zero on 2026-09-30.
TX_DAHS,346,102627,1,,,NO,,YES,NEW_EXACT,NO,No same-class owned Senior source; exact Facility ID and nonblank license comparisons to TX ALF/NF returned zero on 2026-09-30.
TX_DAHS,347,003308,1,,,NO,,YES,NEW_EXACT,NO,No same-class owned Senior source; exact Facility ID and nonblank license comparisons to TX ALF/NF returned zero on 2026-09-30.
TX_DAHS,348,111799,1,,,NO,,YES,NEW_EXACT,NO,No same-class owned Senior source; exact Facility ID and nonblank license comparisons to TX ALF/NF returned zero on 2026-09-30.
TX_DAHS,349,104786,1,,,NO,,YES,NEW_EXACT,NO,No same-class owned Senior source; exact Facility ID and nonblank license comparisons to TX ALF/NF returned zero on 2026-09-30.
TX_DAHS,350,111315,1,,,NO,,YES,NEW_EXACT,NO,No same-class owned Senior source; exact Facility ID and nonblank license comparisons to TX ALF/NF returned zero on 2026-09-30.
TX_DAHS,351,111394,1,,,NO,,YES,NEW_EXACT,NO,No same-class owned Senior source; exact Facility ID and nonblank license comparisons to TX ALF/NF returned zero on 2026-09-30.
TX_DAHS,352,103575,1,,,NO,,YES,NEW_EXACT,NO,No same-class owned Senior source; exact Facility ID and nonblank license comparisons to TX ALF/NF returned zero on 2026-09-30.
TX_DAHS,353,111707,1,,,NO,,YES,NEW_EXACT,NO,No same-class owned Senior source; exact Facility ID and nonblank license comparisons to TX ALF/NF returned zero on 2026-09-30.
TX_DAHS,354,110201,1,,,NO,,YES,NEW_EXACT,NO,No same-class owned Senior source; exact Facility ID and nonblank license comparisons to TX ALF/NF returned zero on 2026-09-30.
TX_DAHS,355,103658,1,,,NO,,YES,NEW_EXACT,NO,No same-class owned Senior source; exact Facility ID and nonblank license comparisons to TX ALF/NF returned zero on 2026-09-30.
TX_DAHS,356,110152,1,,,NO,,YES,NEW_EXACT,NO,No same-class owned Senior source; exact Facility ID and nonblank license comparisons to TX ALF/NF returned zero on 2026-09-30.
TX_DAHS,357,110383,1,,,NO,,YES,NEW_EXACT,NO,No same-class owned Senior source; exact Facility ID and nonblank license comparisons to TX ALF/NF returned zero on 2026-09-30.
TX_DAHS,358,103651,1,,,NO,,YES,NEW_EXACT,NO,No same-class owned Senior source; exact Facility ID and nonblank license comparisons to TX ALF/NF returned zero on 2026-09-30.
TX_DAHS,359,104662,1,,,NO,,YES,NEW_EXACT,NO,No same-class owned Senior source; exact Facility ID and nonblank license comparisons to TX ALF/NF returned zero on 2026-09-30.
TX_DAHS,360,105066,1,,,NO,,YES,NEW_EXACT,NO,No same-class owned Senior source; exact Facility ID and nonblank license comparisons to TX ALF/NF returned zero on 2026-09-30.
TX_DAHS,361,106828,1,,,NO,,YES,NEW_EXACT,NO,No same-class owned Senior source; exact Facility ID and nonblank license comparisons to TX ALF/NF returned zero on 2026-09-30.
TX_DAHS,362,100103,1,,,NO,,YES,NEW_EXACT,NO,No same-class owned Senior source; exact Facility ID and nonblank license comparisons to TX ALF/NF returned zero on 2026-09-30.
TX_DAHS,363,102776,1,,,NO,,YES,NEW_EXACT,NO,No same-class owned Senior source; exact Facility ID and nonblank license comparisons to TX ALF/NF returned zero on 2026-09-30.
TX_DAHS,364,104037,1,,,NO,,YES,NEW_EXACT,NO,No same-class owned Senior source; exact Facility ID and nonblank license comparisons to TX ALF/NF returned zero on 2026-09-30.
TX_DAHS,365,003384,1,,,NO,,YES,NEW_EXACT,NO,No same-class owned Senior source; exact Facility ID and nonblank license comparisons to TX ALF/NF returned zero on 2026-09-30.
TX_DAHS,366,104562,1,,,NO,,YES,NEW_EXACT,NO,No same-class owned Senior source; exact Facility ID and nonblank license comparisons to TX ALF/NF returned zero on 2026-09-30.
TX_DAHS,367,111647,1,,,NO,,YES,NEW_EXACT,NO,No same-class owned Senior source; exact Facility ID and nonblank license comparisons to TX ALF/NF returned zero on 2026-09-30.
TX_DAHS,368,106793,1,,,NO,,YES,NEW_EXACT,NO,No same-class owned Senior source; exact Facility ID and nonblank license comparisons to TX ALF/NF returned zero on 2026-09-30.
TX_DAHS,369,003036,1,,,NO,,YES,NEW_EXACT,NO,No same-class owned Senior source; exact Facility ID and nonblank license comparisons to TX ALF/NF returned zero on 2026-09-30.
TX_DAHS,370,111628,1,,,NO,,YES,NEW_EXACT,NO,No same-class owned Senior source; exact Facility ID and nonblank license comparisons to TX ALF/NF returned zero on 2026-09-30.
TX_DAHS,371,111618,1,,,NO,,YES,NEW_EXACT,NO,No same-class owned Senior source; exact Facility ID and nonblank license comparisons to TX ALF/NF returned zero on 2026-09-30.
TX_DAHS,372,111704,1,,,NO,,YES,NEW_EXACT,NO,No same-class owned Senior source; exact Facility ID and nonblank license comparisons to TX ALF/NF returned zero on 2026-09-30.
TX_DAHS,373,111559,1,,,NO,,YES,NEW_EXACT,NO,No same-class owned Senior source; exact Facility ID and nonblank license comparisons to TX ALF/NF returned zero on 2026-09-30.
TX_DAHS,374,103576,1,,,NO,,YES,NEW_EXACT,NO,No same-class owned Senior source; exact Facility ID and nonblank license comparisons to TX ALF/NF returned zero on 2026-09-30.
TX_DAHS,375,106430,1,,,NO,,YES,NEW_EXACT,NO,No same-class owned Senior source; exact Facility ID and nonblank license comparisons to TX ALF/NF returned zero on 2026-09-30.
TX_DAHS,376,111910,1,,,NO,,YES,NEW_EXACT,NO,No same-class owned Senior source; exact Facility ID and nonblank license comparisons to TX ALF/NF returned zero on 2026-09-30.
TX_DAHS,377,111807,1,,,NO,,YES,NEW_EXACT,NO,No same-class owned Senior source; exact Facility ID and nonblank license comparisons to TX ALF/NF returned zero on 2026-09-30.
TX_DAHS,378,110994,1,,,NO,,YES,NEW_EXACT,NO,No same-class owned Senior source; exact Facility ID and nonblank license comparisons to TX ALF/NF returned zero on 2026-09-30.
TX_DAHS,379,102668,1,,,NO,,YES,NEW_EXACT,NO,No same-class owned Senior source; exact Facility ID and nonblank license comparisons to TX ALF/NF returned zero on 2026-09-30.
TX_DAHS,380,111818,1,,,NO,,YES,NEW_EXACT,NO,No same-class owned Senior source; exact Facility ID and nonblank license comparisons to TX ALF/NF returned zero on 2026-09-30.
TX_DAHS,381,003242,1,,,NO,,YES,NEW_EXACT,NO,No same-class owned Senior source; exact Facility ID and nonblank license comparisons to TX ALF/NF returned zero on 2026-09-30.
TX_DAHS,382,001539,1,,,NO,,YES,NEW_EXACT,NO,No same-class owned Senior source; exact Facility ID and nonblank license comparisons to TX ALF/NF returned zero on 2026-09-30.
TX_DAHS,383,110199,1,,,NO,,YES,NEW_EXACT,NO,No same-class owned Senior source; exact Facility ID and nonblank license comparisons to TX ALF/NF returned zero on 2026-09-30.
TX_DAHS,384,105201,1,,,NO,,YES,NEW_EXACT,NO,No same-class owned Senior source; exact Facility ID and nonblank license comparisons to TX ALF/NF returned zero on 2026-09-30.
TX_DAHS,385,103150,1,,,NO,,YES,NEW_EXACT,NO,No same-class owned Senior source; exact Facility ID and nonblank license comparisons to TX ALF/NF returned zero on 2026-09-30.
TX_DAHS,386,010221,1,,,NO,,YES,NEW_EXACT,NO,No same-class owned Senior source; exact Facility ID and nonblank license comparisons to TX ALF/NF returned zero on 2026-09-30.
TX_DAHS,387,111456,1,,,NO,,YES,NEW_EXACT,NO,No same-class owned Senior source; exact Facility ID and nonblank license comparisons to TX ALF/NF returned zero on 2026-09-30.
TX_DAHS,388,003419,1,,,NO,,YES,NEW_EXACT,NO,No same-class owned Senior source; exact Facility ID and nonblank license comparisons to TX ALF/NF returned zero on 2026-09-30.
TX_DAHS,389,003288,1,,,NO,,YES,NEW_EXACT,NO,No same-class owned Senior source; exact Facility ID and nonblank license comparisons to TX ALF/NF returned zero on 2026-09-30.
TX_DAHS,390,104252,1,,,NO,,YES,NEW_EXACT,NO,No same-class owned Senior source; exact Facility ID and nonblank license comparisons to TX ALF/NF returned zero on 2026-09-30.
TX_DAHS,391,104640,1,,,NO,,YES,NEW_EXACT,NO,No same-class owned Senior source; exact Facility ID and nonblank license comparisons to TX ALF/NF returned zero on 2026-09-30.
TX_DAHS_ISS_ONLY,3,110784,1,,,NO,,YES,NEW_EXACT,NO,No same-class owned Senior source; exact Facility ID and nonblank license comparisons to TX ALF/NF returned zero on 2026-09-30.
TX_DAHS_ISS_ONLY,4,111010,1,,,NO,,YES,NEW_EXACT,NO,No same-class owned Senior source; exact Facility ID and nonblank license comparisons to TX ALF/NF returned zero on 2026-09-30.
TX_DAHS_ISS_ONLY,5,110753,1,,,NO,,YES,NEW_EXACT,NO,No same-class owned Senior source; exact Facility ID and nonblank license comparisons to TX ALF/NF returned zero on 2026-09-30.
TX_DAHS_ISS_ONLY,6,110953,1,,,NO,,YES,NEW_EXACT,NO,No same-class owned Senior source; exact Facility ID and nonblank license comparisons to TX ALF/NF returned zero on 2026-09-30.
TX_DAHS_ISS_ONLY,7,111992,1,,,NO,,YES,NEW_EXACT,NO,No same-class owned Senior source; exact Facility ID and nonblank license comparisons to TX ALF/NF returned zero on 2026-09-30.
TX_DAHS_ISS_ONLY,8,111117,1,,,NO,,YES,NEW_EXACT,NO,No same-class owned Senior source; exact Facility ID and nonblank license comparisons to TX ALF/NF returned zero on 2026-09-30.
TX_DAHS_ISS_ONLY,9,111084,1,,,NO,,YES,NEW_EXACT,NO,No same-class owned Senior source; exact Facility ID and nonblank license comparisons to TX ALF/NF returned zero on 2026-09-30.
TX_DAHS_ISS_ONLY,10,112211,1,,,NO,,YES,NEW_EXACT,NO,No same-class owned Senior source; exact Facility ID and nonblank license comparisons to TX ALF/NF returned zero on 2026-09-30.
TX_DAHS_ISS_ONLY,11,112120,1,,,NO,,YES,NEW_EXACT,NO,No same-class owned Senior source; exact Facility ID and nonblank license comparisons to TX ALF/NF returned zero on 2026-09-30.
TX_DAHS_ISS_ONLY,12,111126,1,,,NO,,YES,NEW_EXACT,NO,No same-class owned Senior source; exact Facility ID and nonblank license comparisons to TX ALF/NF returned zero on 2026-09-30.
TX_DAHS_ISS_ONLY,13,111527,1,,,NO,,YES,NEW_EXACT,NO,No same-class owned Senior source; exact Facility ID and nonblank license comparisons to TX ALF/NF returned zero on 2026-09-30.
TX_DAHS_ISS_ONLY,14,110881,1,,,NO,,YES,NEW_EXACT,NO,No same-class owned Senior source; exact Facility ID and nonblank license comparisons to TX ALF/NF returned zero on 2026-09-30.
TX_DAHS_ISS_ONLY,15,111622,1,,,NO,,YES,NEW_EXACT,NO,No same-class owned Senior source; exact Facility ID and nonblank license comparisons to TX ALF/NF returned zero on 2026-09-30.
TX_DAHS_ISS_ONLY,16,111011,1,,,NO,,YES,NEW_EXACT,NO,No same-class owned Senior source; exact Facility ID and nonblank license comparisons to TX ALF/NF returned zero on 2026-09-30.
TX_DAHS_ISS_ONLY,17,110876,1,,,NO,,YES,NEW_EXACT,NO,No same-class owned Senior source; exact Facility ID and nonblank license comparisons to TX ALF/NF returned zero on 2026-09-30.
TX_DAHS_ISS_ONLY,18,110773,1,,,NO,,YES,NEW_EXACT,NO,No same-class owned Senior source; exact Facility ID and nonblank license comparisons to TX ALF/NF returned zero on 2026-09-30.
TX_DAHS_ISS_ONLY,19,112071,1,,,NO,,YES,NEW_EXACT,NO,No same-class owned Senior source; exact Facility ID and nonblank license comparisons to TX ALF/NF returned zero on 2026-09-30.
TX_DAHS_ISS_ONLY,20,111191,1,,,NO,,YES,NEW_EXACT,NO,No same-class owned Senior source; exact Facility ID and nonblank license comparisons to TX ALF/NF returned zero on 2026-09-30.
TX_DAHS_ISS_ONLY,21,112204,1,,,NO,,YES,NEW_EXACT,NO,No same-class owned Senior source; exact Facility ID and nonblank license comparisons to TX ALF/NF returned zero on 2026-09-30.
TX_DAHS_ISS_ONLY,22,111922,1,,,NO,,YES,NEW_EXACT,NO,No same-class owned Senior source; exact Facility ID and nonblank license comparisons to TX ALF/NF returned zero on 2026-09-30.
TX_DAHS_ISS_ONLY,23,110781,1,,,NO,,YES,NEW_EXACT,NO,No same-class owned Senior source; exact Facility ID and nonblank license comparisons to TX ALF/NF returned zero on 2026-09-30.
TX_DAHS_ISS_ONLY,24,110857,1,,,NO,,YES,NEW_EXACT,NO,No same-class owned Senior source; exact Facility ID and nonblank license comparisons to TX ALF/NF returned zero on 2026-09-30.
TX_DAHS_ISS_ONLY,25,111007,1,,,NO,,YES,NEW_EXACT,NO,No same-class owned Senior source; exact Facility ID and nonblank license comparisons to TX ALF/NF returned zero on 2026-09-30.
TX_DAHS_ISS_ONLY,26,112064,1,,,NO,,YES,NEW_EXACT,NO,No same-class owned Senior source; exact Facility ID and nonblank license comparisons to TX ALF/NF returned zero on 2026-09-30.
TX_DAHS_ISS_ONLY,27,111721,1,,,NO,,YES,NEW_EXACT,NO,No same-class owned Senior source; exact Facility ID and nonblank license comparisons to TX ALF/NF returned zero on 2026-09-30.
TX_DAHS_ISS_ONLY,28,112127,1,,,NO,,YES,NEW_EXACT,NO,No same-class owned Senior source; exact Facility ID and nonblank license comparisons to TX ALF/NF returned zero on 2026-09-30.
TX_DAHS_ISS_ONLY,29,111515,1,,,NO,,YES,NEW_EXACT,NO,No same-class owned Senior source; exact Facility ID and nonblank license comparisons to TX ALF/NF returned zero on 2026-09-30.
TX_DAHS_ISS_ONLY,30,110921,1,,,NO,,YES,NEW_EXACT,NO,No same-class owned Senior source; exact Facility ID and nonblank license comparisons to TX ALF/NF returned zero on 2026-09-30.
TX_DAHS_ISS_ONLY,31,110832,1,,,NO,,YES,NEW_EXACT,NO,No same-class owned Senior source; exact Facility ID and nonblank license comparisons to TX ALF/NF returned zero on 2026-09-30.
TX_DAHS_ISS_ONLY,32,111452,1,,,NO,,YES,NEW_EXACT,NO,No same-class owned Senior source; exact Facility ID and nonblank license comparisons to TX ALF/NF returned zero on 2026-09-30.
TX_DAHS_ISS_ONLY,33,111162,1,,,NO,,YES,NEW_EXACT,NO,No same-class owned Senior source; exact Facility ID and nonblank license comparisons to TX ALF/NF returned zero on 2026-09-30.
TX_DAHS_ISS_ONLY,34,111780,1,,,NO,,YES,NEW_EXACT,NO,No same-class owned Senior source; exact Facility ID and nonblank license comparisons to TX ALF/NF returned zero on 2026-09-30.
TX_DAHS_ISS_ONLY,35,111016,1,,,NO,,YES,NEW_EXACT,NO,No same-class owned Senior source; exact Facility ID and nonblank license comparisons to TX ALF/NF returned zero on 2026-09-30.
TX_DAHS_ISS_ONLY,36,111964,1,,,NO,,YES,NEW_EXACT,NO,No same-class owned Senior source; exact Facility ID and nonblank license comparisons to TX ALF/NF returned zero on 2026-09-30.
TX_DAHS_ISS_ONLY,37,111134,1,,,NO,,YES,NEW_EXACT,NO,No same-class owned Senior source; exact Facility ID and nonblank license comparisons to TX ALF/NF returned zero on 2026-09-30.
TX_DAHS_ISS_ONLY,38,112139,1,,,NO,,YES,NEW_EXACT,NO,No same-class owned Senior source; exact Facility ID and nonblank license comparisons to TX ALF/NF returned zero on 2026-09-30.
TX_DAHS_ISS_ONLY,39,112073,1,,,NO,,YES,NEW_EXACT,NO,No same-class owned Senior source; exact Facility ID and nonblank license comparisons to TX ALF/NF returned zero on 2026-09-30.
TX_DAHS_ISS_ONLY,40,111847,1,,,NO,,YES,NEW_EXACT,NO,No same-class owned Senior source; exact Facility ID and nonblank license comparisons to TX ALF/NF returned zero on 2026-09-30.
TX_DAHS_ISS_ONLY,41,110817,1,,,NO,,YES,NEW_EXACT,NO,No same-class owned Senior source; exact Facility ID and nonblank license comparisons to TX ALF/NF returned zero on 2026-09-30.
TX_DAHS_ISS_ONLY,42,111714,1,,,NO,,YES,NEW_EXACT,NO,No same-class owned Senior source; exact Facility ID and nonblank license comparisons to TX ALF/NF returned zero on 2026-09-30.
TX_DAHS_ISS_ONLY,43,110870,1,,,NO,,YES,NEW_EXACT,NO,No same-class owned Senior source; exact Facility ID and nonblank license comparisons to TX ALF/NF returned zero on 2026-09-30.
TX_DAHS_ISS_ONLY,44,111370,1,,,NO,,YES,NEW_EXACT,NO,No same-class owned Senior source; exact Facility ID and nonblank license comparisons to TX ALF/NF returned zero on 2026-09-30.
TX_DAHS_ISS_ONLY,45,111262,1,,,NO,,YES,NEW_EXACT,NO,No same-class owned Senior source; exact Facility ID and nonblank license comparisons to TX ALF/NF returned zero on 2026-09-30.
TX_DAHS_ISS_ONLY,46,111261,1,,,NO,,YES,NEW_EXACT,NO,No same-class owned Senior source; exact Facility ID and nonblank license comparisons to TX ALF/NF returned zero on 2026-09-30.
TX_DAHS_ISS_ONLY,47,112021,1,,,NO,,YES,NEW_EXACT,NO,No same-class owned Senior source; exact Facility ID and nonblank license comparisons to TX ALF/NF returned zero on 2026-09-30.
TX_DAHS_ISS_ONLY,48,112112,1,,,NO,,YES,NEW_EXACT,NO,No same-class owned Senior source; exact Facility ID and nonblank license comparisons to TX ALF/NF returned zero on 2026-09-30.
TX_DAHS_ISS_ONLY,49,112038,1,,,NO,,YES,NEW_EXACT,NO,No same-class owned Senior source; exact Facility ID and nonblank license comparisons to TX ALF/NF returned zero on 2026-09-30.
TX_DAHS_ISS_ONLY,50,111036,1,,,NO,,YES,NEW_EXACT,NO,No same-class owned Senior source; exact Facility ID and nonblank license comparisons to TX ALF/NF returned zero on 2026-09-30.
TX_DAHS_ISS_ONLY,51,111494,1,,,NO,,YES,NEW_EXACT,NO,No same-class owned Senior source; exact Facility ID and nonblank license comparisons to TX ALF/NF returned zero on 2026-09-30.
TX_DAHS_ISS_ONLY,52,111747,1,,,NO,,YES,NEW_EXACT,NO,No same-class owned Senior source; exact Facility ID and nonblank license comparisons to TX ALF/NF returned zero on 2026-09-30.
TX_DAHS_ISS_ONLY,53,111383,1,,,NO,,YES,NEW_EXACT,NO,No same-class owned Senior source; exact Facility ID and nonblank license comparisons to TX ALF/NF returned zero on 2026-09-30.
TX_DAHS_ISS_ONLY,54,111115,1,,,NO,,YES,NEW_EXACT,NO,No same-class owned Senior source; exact Facility ID and nonblank license comparisons to TX ALF/NF returned zero on 2026-09-30.
TX_DAHS_ISS_ONLY,55,110731,1,,,NO,,YES,NEW_EXACT,NO,No same-class owned Senior source; exact Facility ID and nonblank license comparisons to TX ALF/NF returned zero on 2026-09-30.
TX_DAHS_ISS_ONLY,56,111743,1,,,NO,,YES,NEW_EXACT,NO,No same-class owned Senior source; exact Facility ID and nonblank license comparisons to TX ALF/NF returned zero on 2026-09-30.
TX_DAHS_ISS_ONLY,57,111723,1,,,NO,,YES,NEW_EXACT,NO,No same-class owned Senior source; exact Facility ID and nonblank license comparisons to TX ALF/NF returned zero on 2026-09-30.
TX_DAHS_ISS_ONLY,58,111032,1,,,NO,,YES,NEW_EXACT,NO,No same-class owned Senior source; exact Facility ID and nonblank license comparisons to TX ALF/NF returned zero on 2026-09-30.
TX_DAHS_ISS_ONLY,59,110727,1,,,NO,,YES,NEW_EXACT,NO,No same-class owned Senior source; exact Facility ID and nonblank license comparisons to TX ALF/NF returned zero on 2026-09-30.
TX_DAHS_ISS_ONLY,60,110706,1,,,NO,,YES,NEW_EXACT,NO,No same-class owned Senior source; exact Facility ID and nonblank license comparisons to TX ALF/NF returned zero on 2026-09-30.
TX_DAHS_ISS_ONLY,61,112223,1,,,NO,,YES,NEW_EXACT,NO,No same-class owned Senior source; exact Facility ID and nonblank license comparisons to TX ALF/NF returned zero on 2026-09-30.
TX_DAHS_ISS_ONLY,62,112041,1,,,NO,,YES,NEW_EXACT,NO,No same-class owned Senior source; exact Facility ID and nonblank license comparisons to TX ALF/NF returned zero on 2026-09-30.
TX_DAHS_ISS_ONLY,63,110850,1,,,NO,,YES,NEW_EXACT,NO,No same-class owned Senior source; exact Facility ID and nonblank license comparisons to TX ALF/NF returned zero on 2026-09-30.
TX_DAHS_ISS_ONLY,64,111504,1,,,NO,,YES,NEW_EXACT,NO,No same-class owned Senior source; exact Facility ID and nonblank license comparisons to TX ALF/NF returned zero on 2026-09-30.
TX_DAHS_ISS_ONLY,65,111526,1,,,NO,,YES,NEW_EXACT,NO,No same-class owned Senior source; exact Facility ID and nonblank license comparisons to TX ALF/NF returned zero on 2026-09-30.
TX_DAHS_ISS_ONLY,66,111316,1,,,NO,,YES,NEW_EXACT,NO,No same-class owned Senior source; exact Facility ID and nonblank license comparisons to TX ALF/NF returned zero on 2026-09-30.
TX_DAHS_ISS_ONLY,67,110722,1,,,NO,,YES,NEW_EXACT,NO,No same-class owned Senior source; exact Facility ID and nonblank license comparisons to TX ALF/NF returned zero on 2026-09-30.
TX_DAHS_ISS_ONLY,68,110793,1,,,NO,,YES,NEW_EXACT,NO,No same-class owned Senior source; exact Facility ID and nonblank license comparisons to TX ALF/NF returned zero on 2026-09-30.
TX_DAHS_ISS_ONLY,69,111730,1,,,NO,,YES,NEW_EXACT,NO,No same-class owned Senior source; exact Facility ID and nonblank license comparisons to TX ALF/NF returned zero on 2026-09-30.
TX_DAHS_ISS_ONLY,70,110757,1,,,NO,,YES,NEW_EXACT,NO,No same-class owned Senior source; exact Facility ID and nonblank license comparisons to TX ALF/NF returned zero on 2026-09-30.
TX_DAHS_ISS_ONLY,71,110949,1,,,NO,,YES,NEW_EXACT,NO,No same-class owned Senior source; exact Facility ID and nonblank license comparisons to TX ALF/NF returned zero on 2026-09-30.
TX_DAHS_ISS_ONLY,72,111029,1,,,NO,,YES,NEW_EXACT,NO,No same-class owned Senior source; exact Facility ID and nonblank license comparisons to TX ALF/NF returned zero on 2026-09-30.
TX_DAHS_ISS_ONLY,73,110927,1,,,NO,,YES,NEW_EXACT,NO,No same-class owned Senior source; exact Facility ID and nonblank license comparisons to TX ALF/NF returned zero on 2026-09-30.
TX_DAHS_ISS_ONLY,74,110872,1,,,NO,,YES,NEW_EXACT,NO,No same-class owned Senior source; exact Facility ID and nonblank license comparisons to TX ALF/NF returned zero on 2026-09-30.
TX_DAHS_ISS_ONLY,75,110862,1,,,NO,,YES,NEW_EXACT,NO,No same-class owned Senior source; exact Facility ID and nonblank license comparisons to TX ALF/NF returned zero on 2026-09-30.
TX_DAHS_ISS_ONLY,76,110778,1,,,NO,,YES,NEW_EXACT,NO,No same-class owned Senior source; exact Facility ID and nonblank license comparisons to TX ALF/NF returned zero on 2026-09-30.
TX_DAHS_ISS_ONLY,77,112206,1,,,NO,,YES,NEW_EXACT,NO,No same-class owned Senior source; exact Facility ID and nonblank license comparisons to TX ALF/NF returned zero on 2026-09-30.
TX_DAHS_ISS_ONLY,78,111374,1,,,NO,,YES,NEW_EXACT,NO,No same-class owned Senior source; exact Facility ID and nonblank license comparisons to TX ALF/NF returned zero on 2026-09-30.
TX_DAHS_ISS_ONLY,79,111500,1,,,NO,,YES,NEW_EXACT,NO,No same-class owned Senior source; exact Facility ID and nonblank license comparisons to TX ALF/NF returned zero on 2026-09-30.
TX_DAHS_ISS_ONLY,80,110988,1,,,NO,,YES,NEW_EXACT,NO,No same-class owned Senior source; exact Facility ID and nonblank license comparisons to TX ALF/NF returned zero on 2026-09-30.
TX_DAHS_ISS_ONLY,81,111763,1,,,NO,,YES,NEW_EXACT,NO,No same-class owned Senior source; exact Facility ID and nonblank license comparisons to TX ALF/NF returned zero on 2026-09-30.
TX_DAHS_ISS_ONLY,82,110728,1,,,NO,,YES,NEW_EXACT,NO,No same-class owned Senior source; exact Facility ID and nonblank license comparisons to TX ALF/NF returned zero on 2026-09-30.
TX_DAHS_ISS_ONLY,83,111044,1,,,NO,,YES,NEW_EXACT,NO,No same-class owned Senior source; exact Facility ID and nonblank license comparisons to TX ALF/NF returned zero on 2026-09-30.
TX_DAHS_ISS_ONLY,84,111172,1,,,NO,,YES,NEW_EXACT,NO,No same-class owned Senior source; exact Facility ID and nonblank license comparisons to TX ALF/NF returned zero on 2026-09-30.
TX_DAHS_ISS_ONLY,85,110960,1,,,NO,,YES,NEW_EXACT,NO,No same-class owned Senior source; exact Facility ID and nonblank license comparisons to TX ALF/NF returned zero on 2026-09-30.
TX_DAHS_ISS_ONLY,86,111361,1,,,NO,,YES,NEW_EXACT,NO,No same-class owned Senior source; exact Facility ID and nonblank license comparisons to TX ALF/NF returned zero on 2026-09-30.
TX_DAHS_ISS_ONLY,87,112205,1,,,NO,,YES,NEW_EXACT,NO,No same-class owned Senior source; exact Facility ID and nonblank license comparisons to TX ALF/NF returned zero on 2026-09-30.
TX_DAHS_ISS_ONLY,88,111364,1,,,NO,,YES,NEW_EXACT,NO,No same-class owned Senior source; exact Facility ID and nonblank license comparisons to TX ALF/NF returned zero on 2026-09-30.
TX_DAHS_ISS_ONLY,89,111492,1,,,NO,,YES,NEW_EXACT,NO,No same-class owned Senior source; exact Facility ID and nonblank license comparisons to TX ALF/NF returned zero on 2026-09-30.
TX_DAHS_ISS_ONLY,90,110823,1,,,NO,,YES,NEW_EXACT,NO,No same-class owned Senior source; exact Facility ID and nonblank license comparisons to TX ALF/NF returned zero on 2026-09-30.
TX_DAHS_ISS_ONLY,91,111832,1,,,NO,,YES,NEW_EXACT,NO,No same-class owned Senior source; exact Facility ID and nonblank license comparisons to TX ALF/NF returned zero on 2026-09-30.
TX_DAHS_ISS_ONLY,92,110846,1,,,NO,,YES,NEW_EXACT,NO,No same-class owned Senior source; exact Facility ID and nonblank license comparisons to TX ALF/NF returned zero on 2026-09-30.
TX_DAHS_ISS_ONLY,93,112210,1,,,NO,,YES,NEW_EXACT,NO,No same-class owned Senior source; exact Facility ID and nonblank license comparisons to TX ALF/NF returned zero on 2026-09-30.
TX_DAHS_ISS_ONLY,94,111081,1,,,NO,,YES,NEW_EXACT,NO,No same-class owned Senior source; exact Facility ID and nonblank license comparisons to TX ALF/NF returned zero on 2026-09-30.
TX_DAHS_ISS_ONLY,95,112188,1,,,NO,,YES,NEW_EXACT,NO,No same-class owned Senior source; exact Facility ID and nonblank license comparisons to TX ALF/NF returned zero on 2026-09-30.
TX_DAHS_ISS_ONLY,96,111390,1,,,NO,,YES,NEW_EXACT,NO,No same-class owned Senior source; exact Facility ID and nonblank license comparisons to TX ALF/NF returned zero on 2026-09-30.
TX_DAHS_ISS_ONLY,97,111058,1,,,NO,,YES,NEW_EXACT,NO,No same-class owned Senior source; exact Facility ID and nonblank license comparisons to TX ALF/NF returned zero on 2026-09-30.
TX_DAHS_ISS_ONLY,98,111782,1,,,NO,,YES,NEW_EXACT,NO,No same-class owned Senior source; exact Facility ID and nonblank license comparisons to TX ALF/NF returned zero on 2026-09-30.
TX_DAHS_ISS_ONLY,99,110930,1,,,NO,,YES,NEW_EXACT,NO,No same-class owned Senior source; exact Facility ID and nonblank license comparisons to TX ALF/NF returned zero on 2026-09-30.
TX_DAHS_ISS_ONLY,100,110998,1,,,NO,,YES,NEW_EXACT,NO,No same-class owned Senior source; exact Facility ID and nonblank license comparisons to TX ALF/NF returned zero on 2026-09-30.
TX_DAHS_ISS_ONLY,101,111251,1,,,NO,,YES,NEW_EXACT,NO,No same-class owned Senior source; exact Facility ID and nonblank license comparisons to TX ALF/NF returned zero on 2026-09-30.
TX_DAHS_ISS_ONLY,102,111953,1,,,NO,,YES,NEW_EXACT,NO,No same-class owned Senior source; exact Facility ID and nonblank license comparisons to TX ALF/NF returned zero on 2026-09-30.
TX_DAHS_ISS_ONLY,103,110954,1,,,NO,,YES,NEW_EXACT,NO,No same-class owned Senior source; exact Facility ID and nonblank license comparisons to TX ALF/NF returned zero on 2026-09-30.
TX_DAHS_ISS_ONLY,104,007325,1,,,NO,,YES,NEW_EXACT,NO,No same-class owned Senior source; exact Facility ID and nonblank license comparisons to TX ALF/NF returned zero on 2026-09-30.
TX_DAHS_ISS_ONLY,105,110812,1,,,NO,,YES,NEW_EXACT,NO,No same-class owned Senior source; exact Facility ID and nonblank license comparisons to TX ALF/NF returned zero on 2026-09-30.
TX_DAHS_ISS_ONLY,106,112068,1,,,NO,,YES,NEW_EXACT,NO,No same-class owned Senior source; exact Facility ID and nonblank license comparisons to TX ALF/NF returned zero on 2026-09-30.
TX_DAHS_ISS_ONLY,107,110874,1,,,NO,,YES,NEW_EXACT,NO,No same-class owned Senior source; exact Facility ID and nonblank license comparisons to TX ALF/NF returned zero on 2026-09-30.
TX_DAHS_ISS_ONLY,108,110810,1,,,NO,,YES,NEW_EXACT,NO,No same-class owned Senior source; exact Facility ID and nonblank license comparisons to TX ALF/NF returned zero on 2026-09-30.
TX_DAHS_ISS_ONLY,109,111305,1,,,NO,,YES,NEW_EXACT,NO,No same-class owned Senior source; exact Facility ID and nonblank license comparisons to TX ALF/NF returned zero on 2026-09-30.
TX_DAHS_ISS_ONLY,110,111099,1,,,NO,,YES,NEW_EXACT,NO,No same-class owned Senior source; exact Facility ID and nonblank license comparisons to TX ALF/NF returned zero on 2026-09-30.
TX_DAHS_ISS_ONLY,111,111039,1,,,NO,,YES,NEW_EXACT,NO,No same-class owned Senior source; exact Facility ID and nonblank license comparisons to TX ALF/NF returned zero on 2026-09-30.
TX_DAHS_ISS_ONLY,112,110951,1,,,NO,,YES,NEW_EXACT,NO,No same-class owned Senior source; exact Facility ID and nonblank license comparisons to TX ALF/NF returned zero on 2026-09-30.
TX_DAHS_ISS_ONLY,113,110746,1,,,NO,,YES,NEW_EXACT,NO,No same-class owned Senior source; exact Facility ID and nonblank license comparisons to TX ALF/NF returned zero on 2026-09-30.
TX_DAHS_ISS_ONLY,114,110991,1,,,NO,,YES,NEW_EXACT,NO,No same-class owned Senior source; exact Facility ID and nonblank license comparisons to TX ALF/NF returned zero on 2026-09-30.
TX_DAHS_ISS_ONLY,115,110835,1,,,NO,,YES,NEW_EXACT,NO,No same-class owned Senior source; exact Facility ID and nonblank license comparisons to TX ALF/NF returned zero on 2026-09-30.
TX_DAHS_ISS_ONLY,116,110853,1,,,NO,,YES,NEW_EXACT,NO,No same-class owned Senior source; exact Facility ID and nonblank license comparisons to TX ALF/NF returned zero on 2026-09-30.
TX_DAHS_ISS_ONLY,117,110751,1,,,NO,,YES,NEW_EXACT,NO,No same-class owned Senior source; exact Facility ID and nonblank license comparisons to TX ALF/NF returned zero on 2026-09-30.
TX_DAHS_ISS_ONLY,118,112214,1,,,NO,,YES,NEW_EXACT,NO,No same-class owned Senior source; exact Facility ID and nonblank license comparisons to TX ALF/NF returned zero on 2026-09-30.
TX_DAHS_ISS_ONLY,119,110708,1,,,NO,,YES,NEW_EXACT,NO,No same-class owned Senior source; exact Facility ID and nonblank license comparisons to TX ALF/NF returned zero on 2026-09-30.
TX_DAHS_ISS_ONLY,120,110873,1,,,NO,,YES,NEW_EXACT,NO,No same-class owned Senior source; exact Facility ID and nonblank license comparisons to TX ALF/NF returned zero on 2026-09-30.
TX_DAHS_ISS_ONLY,121,111233,1,,,NO,,YES,NEW_EXACT,NO,No same-class owned Senior source; exact Facility ID and nonblank license comparisons to TX ALF/NF returned zero on 2026-09-30.
TX_DAHS_ISS_ONLY,122,111396,1,,,NO,,YES,NEW_EXACT,NO,No same-class owned Senior source; exact Facility ID and nonblank license comparisons to TX ALF/NF returned zero on 2026-09-30.
TX_DAHS_ISS_ONLY,123,111805,1,,,NO,,YES,NEW_EXACT,NO,No same-class owned Senior source; exact Facility ID and nonblank license comparisons to TX ALF/NF returned zero on 2026-09-30.
TX_DAHS_ISS_ONLY,124,111940,1,,,NO,,YES,NEW_EXACT,NO,No same-class owned Senior source; exact Facility ID and nonblank license comparisons to TX ALF/NF returned zero on 2026-09-30.
TX_DAHS_ISS_ONLY,125,110732,1,,,NO,,YES,NEW_EXACT,NO,No same-class owned Senior source; exact Facility ID and nonblank license comparisons to TX ALF/NF returned zero on 2026-09-30.
TX_DAHS_ISS_ONLY,126,111627,1,,,NO,,YES,NEW_EXACT,NO,No same-class owned Senior source; exact Facility ID and nonblank license comparisons to TX ALF/NF returned zero on 2026-09-30.
TX_DAHS_ISS_ONLY,127,110900,1,,,NO,,YES,NEW_EXACT,NO,No same-class owned Senior source; exact Facility ID and nonblank license comparisons to TX ALF/NF returned zero on 2026-09-30.
TX_DAHS_ISS_ONLY,128,111093,1,,,NO,,YES,NEW_EXACT,NO,No same-class owned Senior source; exact Facility ID and nonblank license comparisons to TX ALF/NF returned zero on 2026-09-30.
TX_DAHS_ISS_ONLY,129,111372,1,,,NO,,YES,NEW_EXACT,NO,No same-class owned Senior source; exact Facility ID and nonblank license comparisons to TX ALF/NF returned zero on 2026-09-30.
TX_DAHS_ISS_ONLY,130,112187,1,,,NO,,YES,NEW_EXACT,NO,No same-class owned Senior source; exact Facility ID and nonblank license comparisons to TX ALF/NF returned zero on 2026-09-30.
TX_DAHS_ISS_ONLY,131,111524,1,,,NO,,YES,NEW_EXACT,NO,No same-class owned Senior source; exact Facility ID and nonblank license comparisons to TX ALF/NF returned zero on 2026-09-30.
TX_DAHS_ISS_ONLY,132,110762,1,,,NO,,YES,NEW_EXACT,NO,No same-class owned Senior source; exact Facility ID and nonblank license comparisons to TX ALF/NF returned zero on 2026-09-30.
TX_DAHS_ISS_ONLY,133,111451,1,,,NO,,YES,NEW_EXACT,NO,No same-class owned Senior source; exact Facility ID and nonblank license comparisons to TX ALF/NF returned zero on 2026-09-30.
TX_DAHS_ISS_ONLY,134,111676,1,,,NO,,YES,NEW_EXACT,NO,No same-class owned Senior source; exact Facility ID and nonblank license comparisons to TX ALF/NF returned zero on 2026-09-30.
TX_DAHS_ISS_ONLY,135,111015,1,,,NO,,YES,NEW_EXACT,NO,No same-class owned Senior source; exact Facility ID and nonblank license comparisons to TX ALF/NF returned zero on 2026-09-30.
TX_DAHS_ISS_ONLY,136,112202,1,,,NO,,YES,NEW_EXACT,NO,No same-class owned Senior source; exact Facility ID and nonblank license comparisons to TX ALF/NF returned zero on 2026-09-30.
TX_DAHS_ISS_ONLY,137,111324,1,,,NO,,YES,NEW_EXACT,NO,No same-class owned Senior source; exact Facility ID and nonblank license comparisons to TX ALF/NF returned zero on 2026-09-30.
TX_DAHS_ISS_ONLY,138,112062,1,,,NO,,YES,NEW_EXACT,NO,No same-class owned Senior source; exact Facility ID and nonblank license comparisons to TX ALF/NF returned zero on 2026-09-30.
TX_DAHS_ISS_ONLY,139,111070,1,,,NO,,YES,NEW_EXACT,NO,No same-class owned Senior source; exact Facility ID and nonblank license comparisons to TX ALF/NF returned zero on 2026-09-30.
TX_DAHS_ISS_ONLY,140,111313,1,,,NO,,YES,NEW_EXACT,NO,No same-class owned Senior source; exact Facility ID and nonblank license comparisons to TX ALF/NF returned zero on 2026-09-30.
TX_DAHS_ISS_ONLY,141,111425,1,,,NO,,YES,NEW_EXACT,NO,No same-class owned Senior source; exact Facility ID and nonblank license comparisons to TX ALF/NF returned zero on 2026-09-30.
TX_DAHS_ISS_ONLY,142,110819,1,,,NO,,YES,NEW_EXACT,NO,No same-class owned Senior source; exact Facility ID and nonblank license comparisons to TX ALF/NF returned zero on 2026-09-30.
TX_DAHS_ISS_ONLY,143,111800,1,,,NO,,YES,NEW_EXACT,NO,No same-class owned Senior source; exact Facility ID and nonblank license comparisons to TX ALF/NF returned zero on 2026-09-30.
TX_DAHS_ISS_ONLY,144,111710,1,,,NO,,YES,NEW_EXACT,NO,No same-class owned Senior source; exact Facility ID and nonblank license comparisons to TX ALF/NF returned zero on 2026-09-30.
TX_DAHS_ISS_ONLY,145,111739,1,,,NO,,YES,NEW_EXACT,NO,No same-class owned Senior source; exact Facility ID and nonblank license comparisons to TX ALF/NF returned zero on 2026-09-30.
TX_DAHS_ISS_ONLY,146,111958,1,,,NO,,YES,NEW_EXACT,NO,No same-class owned Senior source; exact Facility ID and nonblank license comparisons to TX ALF/NF returned zero on 2026-09-30.
TX_DAHS_ISS_ONLY,147,110714,1,,,NO,,YES,NEW_EXACT,NO,No same-class owned Senior source; exact Facility ID and nonblank license comparisons to TX ALF/NF returned zero on 2026-09-30.
TX_DAHS_ISS_ONLY,148,111814,1,,,NO,,YES,NEW_EXACT,NO,No same-class owned Senior source; exact Facility ID and nonblank license comparisons to TX ALF/NF returned zero on 2026-09-30.
TX_DAHS_ISS_ONLY,149,110754,1,,,NO,,YES,NEW_EXACT,NO,No same-class owned Senior source; exact Facility ID and nonblank license comparisons to TX ALF/NF returned zero on 2026-09-30.
TX_DAHS_ISS_ONLY,150,110933,1,,,NO,,YES,NEW_EXACT,NO,No same-class owned Senior source; exact Facility ID and nonblank license comparisons to TX ALF/NF returned zero on 2026-09-30.
TX_DAHS_ISS_ONLY,151,110818,1,,,NO,,YES,NEW_EXACT,NO,No same-class owned Senior source; exact Facility ID and nonblank license comparisons to TX ALF/NF returned zero on 2026-09-30.
TX_DAHS_ISS_ONLY,152,111796,1,,,NO,,YES,NEW_EXACT,NO,No same-class owned Senior source; exact Facility ID and nonblank license comparisons to TX ALF/NF returned zero on 2026-09-30.
TX_DAHS_ISS_ONLY,153,110806,1,,,NO,,YES,NEW_EXACT,NO,No same-class owned Senior source; exact Facility ID and nonblank license comparisons to TX ALF/NF returned zero on 2026-09-30.
TX_DAHS_ISS_ONLY,154,111018,1,,,NO,,YES,NEW_EXACT,NO,No same-class owned Senior source; exact Facility ID and nonblank license comparisons to TX ALF/NF returned zero on 2026-09-30.
TX_DAHS_ISS_ONLY,155,111690,1,,,NO,,YES,NEW_EXACT,NO,No same-class owned Senior source; exact Facility ID and nonblank license comparisons to TX ALF/NF returned zero on 2026-09-30.
TX_DAHS_ISS_ONLY,156,112018,1,,,NO,,YES,NEW_EXACT,NO,No same-class owned Senior source; exact Facility ID and nonblank license comparisons to TX ALF/NF returned zero on 2026-09-30.
TX_DAHS_ISS_ONLY,157,111056,1,,,NO,,YES,NEW_EXACT,NO,No same-class owned Senior source; exact Facility ID and nonblank license comparisons to TX ALF/NF returned zero on 2026-09-30.
TX_DAHS_ISS_ONLY,158,112151,1,,,NO,,YES,NEW_EXACT,NO,No same-class owned Senior source; exact Facility ID and nonblank license comparisons to TX ALF/NF returned zero on 2026-09-30.
TX_DAHS_ISS_ONLY,159,111518,1,,,NO,,YES,NEW_EXACT,NO,No same-class owned Senior source; exact Facility ID and nonblank license comparisons to TX ALF/NF returned zero on 2026-09-30.
TX_DAHS_ISS_ONLY,160,111802,1,,,NO,,YES,NEW_EXACT,NO,No same-class owned Senior source; exact Facility ID and nonblank license comparisons to TX ALF/NF returned zero on 2026-09-30.
TX_DAHS_ISS_ONLY,161,111003,1,,,NO,,YES,NEW_EXACT,NO,No same-class owned Senior source; exact Facility ID and nonblank license comparisons to TX ALF/NF returned zero on 2026-09-30.
TX_DAHS_ISS_ONLY,162,110977,1,,,NO,,YES,NEW_EXACT,NO,No same-class owned Senior source; exact Facility ID and nonblank license comparisons to TX ALF/NF returned zero on 2026-09-30.
TX_DAHS_ISS_ONLY,163,111287,1,,,NO,,YES,NEW_EXACT,NO,No same-class owned Senior source; exact Facility ID and nonblank license comparisons to TX ALF/NF returned zero on 2026-09-30.
TX_DAHS_ISS_ONLY,164,111178,1,,,NO,,YES,NEW_EXACT,NO,No same-class owned Senior source; exact Facility ID and nonblank license comparisons to TX ALF/NF returned zero on 2026-09-30.
TX_DAHS_ISS_ONLY,165,111046,1,,,NO,,YES,NEW_EXACT,NO,No same-class owned Senior source; exact Facility ID and nonblank license comparisons to TX ALF/NF returned zero on 2026-09-30.
TX_DAHS_ISS_ONLY,166,111037,1,,,NO,,YES,NEW_EXACT,NO,No same-class owned Senior source; exact Facility ID and nonblank license comparisons to TX ALF/NF returned zero on 2026-09-30.
TX_DAHS_ISS_ONLY,167,111454,1,,,NO,,YES,NEW_EXACT,NO,No same-class owned Senior source; exact Facility ID and nonblank license comparisons to TX ALF/NF returned zero on 2026-09-30.
TX_DAHS_ISS_ONLY,168,110802,1,,,NO,,YES,NEW_EXACT,NO,No same-class owned Senior source; exact Facility ID and nonblank license comparisons to TX ALF/NF returned zero on 2026-09-30.
TX_DAHS_ISS_ONLY,169,111113,1,,,NO,,YES,NEW_EXACT,NO,No same-class owned Senior source; exact Facility ID and nonblank license comparisons to TX ALF/NF returned zero on 2026-09-30.
TX_DAHS_ISS_ONLY,170,112178,1,,,NO,,YES,NEW_EXACT,NO,No same-class owned Senior source; exact Facility ID and nonblank license comparisons to TX ALF/NF returned zero on 2026-09-30.
TX_DAHS_ISS_ONLY,171,111033,1,,,NO,,YES,NEW_EXACT,NO,No same-class owned Senior source; exact Facility ID and nonblank license comparisons to TX ALF/NF returned zero on 2026-09-30.
TX_DAHS_ISS_ONLY,172,110730,1,,,NO,,YES,NEW_EXACT,NO,No same-class owned Senior source; exact Facility ID and nonblank license comparisons to TX ALF/NF returned zero on 2026-09-30.
TX_DAHS_ISS_ONLY,173,110932,1,,,NO,,YES,NEW_EXACT,NO,No same-class owned Senior source; exact Facility ID and nonblank license comparisons to TX ALF/NF returned zero on 2026-09-30.
TX_DAHS_ISS_ONLY,174,112186,1,,,NO,,YES,NEW_EXACT,NO,No same-class owned Senior source; exact Facility ID and nonblank license comparisons to TX ALF/NF returned zero on 2026-09-30.
TX_DAHS_ISS_ONLY,175,111218,1,,,NO,,YES,NEW_EXACT,NO,No same-class owned Senior source; exact Facility ID and nonblank license comparisons to TX ALF/NF returned zero on 2026-09-30.
TX_DAHS_ISS_ONLY,176,110766,1,,,NO,,YES,NEW_EXACT,NO,No same-class owned Senior source; exact Facility ID and nonblank license comparisons to TX ALF/NF returned zero on 2026-09-30.
TX_DAHS_ISS_ONLY,177,111529,1,,,NO,,YES,NEW_EXACT,NO,No same-class owned Senior source; exact Facility ID and nonblank license comparisons to TX ALF/NF returned zero on 2026-09-30.
TX_DAHS_ISS_ONLY,178,112026,1,,,NO,,YES,NEW_EXACT,NO,No same-class owned Senior source; exact Facility ID and nonblank license comparisons to TX ALF/NF returned zero on 2026-09-30.
TX_DAHS_ISS_ONLY,179,110733,1,,,NO,,YES,NEW_EXACT,NO,No same-class owned Senior source; exact Facility ID and nonblank license comparisons to TX ALF/NF returned zero on 2026-09-30.
TX_DAHS_ISS_ONLY,180,110997,1,,,NO,,YES,NEW_EXACT,NO,No same-class owned Senior source; exact Facility ID and nonblank license comparisons to TX ALF/NF returned zero on 2026-09-30.
TX_DAHS_ISS_ONLY,181,111273,1,,,NO,,YES,NEW_EXACT,NO,No same-class owned Senior source; exact Facility ID and nonblank license comparisons to TX ALF/NF returned zero on 2026-09-30.
TX_DAHS_ISS_ONLY,182,110899,1,,,NO,,YES,NEW_EXACT,NO,No same-class owned Senior source; exact Facility ID and nonblank license comparisons to TX ALF/NF returned zero on 2026-09-30.
TX_DAHS_ISS_ONLY,183,110940,1,,,NO,,YES,NEW_EXACT,NO,No same-class owned Senior source; exact Facility ID and nonblank license comparisons to TX ALF/NF returned zero on 2026-09-30.
TX_DAHS_ISS_ONLY,184,111215,1,,,NO,,YES,NEW_EXACT,NO,No same-class owned Senior source; exact Facility ID and nonblank license comparisons to TX ALF/NF returned zero on 2026-09-30.
TX_DAHS_ISS_ONLY,185,110735,1,,,NO,,YES,NEW_EXACT,NO,No same-class owned Senior source; exact Facility ID and nonblank license comparisons to TX ALF/NF returned zero on 2026-09-30.
TX_DAHS_ISS_ONLY,186,111211,1,,,NO,,YES,NEW_EXACT,NO,No same-class owned Senior source; exact Facility ID and nonblank license comparisons to TX ALF/NF returned zero on 2026-09-30.
TX_DAHS_ISS_ONLY,187,111438,1,,,NO,,YES,NEW_EXACT,NO,No same-class owned Senior source; exact Facility ID and nonblank license comparisons to TX ALF/NF returned zero on 2026-09-30.
TX_DAHS_ISS_ONLY,188,110825,1,,,NO,,YES,NEW_EXACT,NO,No same-class owned Senior source; exact Facility ID and nonblank license comparisons to TX ALF/NF returned zero on 2026-09-30.
TX_DAHS_ISS_ONLY,189,112150,1,,,NO,,YES,NEW_EXACT,NO,No same-class owned Senior source; exact Facility ID and nonblank license comparisons to TX ALF/NF returned zero on 2026-09-30.
TX_DAHS_ISS_ONLY,190,110928,1,,,NO,,YES,NEW_EXACT,NO,No same-class owned Senior source; exact Facility ID and nonblank license comparisons to TX ALF/NF returned zero on 2026-09-30.
TX_DAHS_ISS_ONLY,191,112213,1,,,NO,,YES,NEW_EXACT,NO,No same-class owned Senior source; exact Facility ID and nonblank license comparisons to TX ALF/NF returned zero on 2026-09-30.
TX_DAHS_ISS_ONLY,192,111028,1,,,NO,,YES,NEW_EXACT,NO,No same-class owned Senior source; exact Facility ID and nonblank license comparisons to TX ALF/NF returned zero on 2026-09-30.
TX_DAHS_ISS_ONLY,193,112117,1,,,NO,,YES,NEW_EXACT,NO,No same-class owned Senior source; exact Facility ID and nonblank license comparisons to TX ALF/NF returned zero on 2026-09-30.
TX_DAHS_ISS_ONLY,194,110962,1,,,NO,,YES,NEW_EXACT,NO,No same-class owned Senior source; exact Facility ID and nonblank license comparisons to TX ALF/NF returned zero on 2026-09-30.
TX_DAHS_ISS_ONLY,195,110709,1,,,NO,,YES,NEW_EXACT,NO,No same-class owned Senior source; exact Facility ID and nonblank license comparisons to TX ALF/NF returned zero on 2026-09-30.
TX_DAHS_ISS_ONLY,196,110803,1,,,NO,,YES,NEW_EXACT,NO,No same-class owned Senior source; exact Facility ID and nonblank license comparisons to TX ALF/NF returned zero on 2026-09-30.
TX_DAHS_ISS_ONLY,197,110974,1,,,NO,,YES,NEW_EXACT,NO,No same-class owned Senior source; exact Facility ID and nonblank license comparisons to TX ALF/NF returned zero on 2026-09-30.
TX_DAHS_ISS_ONLY,198,111447,1,,,NO,,YES,NEW_EXACT,NO,No same-class owned Senior source; exact Facility ID and nonblank license comparisons to TX ALF/NF returned zero on 2026-09-30.
TX_DAHS_ISS_ONLY,199,111534,1,,,NO,,YES,NEW_EXACT,NO,No same-class owned Senior source; exact Facility ID and nonblank license comparisons to TX ALF/NF returned zero on 2026-09-30.
TX_DAHS_ISS_ONLY,200,110798,1,,,NO,,YES,NEW_EXACT,NO,No same-class owned Senior source; exact Facility ID and nonblank license comparisons to TX ALF/NF returned zero on 2026-09-30.
TX_DAHS_ISS_ONLY,201,111051,1,,,NO,,YES,NEW_EXACT,NO,No same-class owned Senior source; exact Facility ID and nonblank license comparisons to TX ALF/NF returned zero on 2026-09-30.
TX_DAHS_ISS_ONLY,202,110724,1,,,NO,,YES,NEW_EXACT,NO,No same-class owned Senior source; exact Facility ID and nonblank license comparisons to TX ALF/NF returned zero on 2026-09-30.
TX_DAHS_ISS_ONLY,203,111150,1,,,NO,,YES,NEW_EXACT,NO,No same-class owned Senior source; exact Facility ID and nonblank license comparisons to TX ALF/NF returned zero on 2026-09-30.
TX_DAHS_ISS_ONLY,204,111440,1,,,NO,,YES,NEW_EXACT,NO,No same-class owned Senior source; exact Facility ID and nonblank license comparisons to TX ALF/NF returned zero on 2026-09-30.
TX_DAHS_ISS_ONLY,205,110772,1,,,NO,,YES,NEW_EXACT,NO,No same-class owned Senior source; exact Facility ID and nonblank license comparisons to TX ALF/NF returned zero on 2026-09-30.
TX_DAHS_ISS_ONLY,206,111034,1,,,NO,,YES,NEW_EXACT,NO,No same-class owned Senior source; exact Facility ID and nonblank license comparisons to TX ALF/NF returned zero on 2026-09-30.
TX_DAHS_ISS_ONLY,207,110837,1,,,NO,,YES,NEW_EXACT,NO,No same-class owned Senior source; exact Facility ID and nonblank license comparisons to TX ALF/NF returned zero on 2026-09-30.
TX_DAHS_ISS_ONLY,208,110986,1,,,NO,,YES,NEW_EXACT,NO,No same-class owned Senior source; exact Facility ID and nonblank license comparisons to TX ALF/NF returned zero on 2026-09-30.
TX_DAHS_ISS_ONLY,209,111877,1,,,NO,,YES,NEW_EXACT,NO,No same-class owned Senior source; exact Facility ID and nonblank license comparisons to TX ALF/NF returned zero on 2026-09-30.
TX_DAHS_ISS_ONLY,210,111755,1,,,NO,,YES,NEW_EXACT,NO,No same-class owned Senior source; exact Facility ID and nonblank license comparisons to TX ALF/NF returned zero on 2026-09-30.
TX_DAHS_ISS_ONLY,211,111040,1,,,NO,,YES,NEW_EXACT,NO,No same-class owned Senior source; exact Facility ID and nonblank license comparisons to TX ALF/NF returned zero on 2026-09-30.
TX_DAHS_ISS_ONLY,212,111121,1,,,NO,,YES,NEW_EXACT,NO,No same-class owned Senior source; exact Facility ID and nonblank license comparisons to TX ALF/NF returned zero on 2026-09-30.
TX_DAHS_ISS_ONLY,213,110830,1,,,NO,,YES,NEW_EXACT,NO,No same-class owned Senior source; exact Facility ID and nonblank license comparisons to TX ALF/NF returned zero on 2026-09-30.
TX_DAHS_ISS_ONLY,214,110748,1,,,NO,,YES,NEW_EXACT,NO,No same-class owned Senior source; exact Facility ID and nonblank license comparisons to TX ALF/NF returned zero on 2026-09-30.
TX_DAHS_ISS_ONLY,215,111124,1,,,NO,,YES,NEW_EXACT,NO,No same-class owned Senior source; exact Facility ID and nonblank license comparisons to TX ALF/NF returned zero on 2026-09-30.
TX_DAHS_ISS_ONLY,216,111431,1,,,NO,,YES,NEW_EXACT,NO,No same-class owned Senior source; exact Facility ID and nonblank license comparisons to TX ALF/NF returned zero on 2026-09-30.
TX_DAHS_ISS_ONLY,217,111860,1,,,NO,,YES,NEW_EXACT,NO,No same-class owned Senior source; exact Facility ID and nonblank license comparisons to TX ALF/NF returned zero on 2026-09-30.
TX_DAHS_ISS_ONLY,218,111963,1,,,NO,,YES,NEW_EXACT,NO,No same-class owned Senior source; exact Facility ID and nonblank license comparisons to TX ALF/NF returned zero on 2026-09-30.
TX_DAHS_ISS_ONLY,219,110939,1,,,NO,,YES,NEW_EXACT,NO,No same-class owned Senior source; exact Facility ID and nonblank license comparisons to TX ALF/NF returned zero on 2026-09-30.
TX_DAHS_ISS_ONLY,220,111017,1,,,NO,,YES,NEW_EXACT,NO,No same-class owned Senior source; exact Facility ID and nonblank license comparisons to TX ALF/NF returned zero on 2026-09-30.
TX_DAHS_ISS_ONLY,221,111870,1,,,NO,,YES,NEW_EXACT,NO,No same-class owned Senior source; exact Facility ID and nonblank license comparisons to TX ALF/NF returned zero on 2026-09-30.
TX_DAHS_ISS_ONLY,222,110984,1,,,NO,,YES,NEW_EXACT,NO,No same-class owned Senior source; exact Facility ID and nonblank license comparisons to TX ALF/NF returned zero on 2026-09-30.
TX_DAHS_ISS_ONLY,223,110856,1,,,NO,,YES,NEW_EXACT,NO,No same-class owned Senior source; exact Facility ID and nonblank license comparisons to TX ALF/NF returned zero on 2026-09-30.
TX_DAHS_ISS_ONLY,224,110959,1,,,NO,,YES,NEW_EXACT,NO,No same-class owned Senior source; exact Facility ID and nonblank license comparisons to TX ALF/NF returned zero on 2026-09-30.
TX_DAHS_ISS_ONLY,225,110902,1,,,NO,,YES,NEW_EXACT,NO,No same-class owned Senior source; exact Facility ID and nonblank license comparisons to TX ALF/NF returned zero on 2026-09-30.
TX_DAHS_ISS_ONLY,226,110809,1,,,NO,,YES,NEW_EXACT,NO,No same-class owned Senior source; exact Facility ID and nonblank license comparisons to TX ALF/NF returned zero on 2026-09-30.
TX_DAHS_ISS_ONLY,227,111080,1,,,NO,,YES,NEW_EXACT,NO,No same-class owned Senior source; exact Facility ID and nonblank license comparisons to TX ALF/NF returned zero on 2026-09-30.
TX_DAHS_ISS_ONLY,228,111595,1,,,NO,,YES,NEW_EXACT,NO,No same-class owned Senior source; exact Facility ID and nonblank license comparisons to TX ALF/NF returned zero on 2026-09-30.
TX_DAHS_ISS_ONLY,229,111087,1,,,NO,,YES,NEW_EXACT,NO,No same-class owned Senior source; exact Facility ID and nonblank license comparisons to TX ALF/NF returned zero on 2026-09-30.
TX_DAHS_ISS_ONLY,230,111339,1,,,NO,,YES,NEW_EXACT,NO,No same-class owned Senior source; exact Facility ID and nonblank license comparisons to TX ALF/NF returned zero on 2026-09-30.
TX_DAHS_ISS_ONLY,231,111241,1,,,NO,,YES,NEW_EXACT,NO,No same-class owned Senior source; exact Facility ID and nonblank license comparisons to TX ALF/NF returned zero on 2026-09-30.
TX_DAHS_ISS_ONLY,232,111285,1,,,NO,,YES,NEW_EXACT,NO,No same-class owned Senior source; exact Facility ID and nonblank license comparisons to TX ALF/NF returned zero on 2026-09-30.
TX_DAHS_ISS_ONLY,233,111284,1,,,NO,,YES,NEW_EXACT,NO,No same-class owned Senior source; exact Facility ID and nonblank license comparisons to TX ALF/NF returned zero on 2026-09-30.
TX_DAHS_ISS_ONLY,234,112172,1,,,NO,,YES,NEW_EXACT,NO,No same-class owned Senior source; exact Facility ID and nonblank license comparisons to TX ALF/NF returned zero on 2026-09-30.
TX_DAHS_ISS_ONLY,235,110820,1,,,NO,,YES,NEW_EXACT,NO,No same-class owned Senior source; exact Facility ID and nonblank license comparisons to TX ALF/NF returned zero on 2026-09-30.
TX_DAHS_ISS_ONLY,236,111095,1,,,NO,,YES,NEW_EXACT,NO,No same-class owned Senior source; exact Facility ID and nonblank license comparisons to TX ALF/NF returned zero on 2026-09-30.
TX_DAHS_ISS_ONLY,237,110782,1,,,NO,,YES,NEW_EXACT,NO,No same-class owned Senior source; exact Facility ID and nonblank license comparisons to TX ALF/NF returned zero on 2026-09-30.
TX_DAHS_ISS_ONLY,238,110906,1,,,NO,,YES,NEW_EXACT,NO,No same-class owned Senior source; exact Facility ID and nonblank license comparisons to TX ALF/NF returned zero on 2026-09-30.
TX_DAHS_ISS_ONLY,239,112132,1,,,NO,,YES,NEW_EXACT,NO,No same-class owned Senior source; exact Facility ID and nonblank license comparisons to TX ALF/NF returned zero on 2026-09-30.
TX_DAHS_ISS_ONLY,240,111154,1,,,NO,,YES,NEW_EXACT,NO,No same-class owned Senior source; exact Facility ID and nonblank license comparisons to TX ALF/NF returned zero on 2026-09-30.
TX_DAHS_ISS_ONLY,241,111377,1,,,NO,,YES,NEW_EXACT,NO,No same-class owned Senior source; exact Facility ID and nonblank license comparisons to TX ALF/NF returned zero on 2026-09-30.
TX_DAHS_ISS_ONLY,242,111712,1,,,NO,,YES,NEW_EXACT,NO,No same-class owned Senior source; exact Facility ID and nonblank license comparisons to TX ALF/NF returned zero on 2026-09-30.
TX_DAHS_ISS_ONLY,243,112217,1,,,NO,,YES,NEW_EXACT,NO,No same-class owned Senior source; exact Facility ID and nonblank license comparisons to TX ALF/NF returned zero on 2026-09-30.
TX_DAHS_ISS_ONLY,244,111206,1,,,NO,,YES,NEW_EXACT,NO,No same-class owned Senior source; exact Facility ID and nonblank license comparisons to TX ALF/NF returned zero on 2026-09-30.
TX_DAHS_ISS_ONLY,245,110987,1,,,NO,,YES,NEW_EXACT,NO,No same-class owned Senior source; exact Facility ID and nonblank license comparisons to TX ALF/NF returned zero on 2026-09-30.
TX_DAHS_ISS_ONLY,246,111967,1,,,NO,,YES,NEW_EXACT,NO,No same-class owned Senior source; exact Facility ID and nonblank license comparisons to TX ALF/NF returned zero on 2026-09-30.
TX_DAHS_ISS_ONLY,247,111223,1,,,NO,,YES,NEW_EXACT,NO,No same-class owned Senior source; exact Facility ID and nonblank license comparisons to TX ALF/NF returned zero on 2026-09-30.
TX_DAHS_ISS_ONLY,248,112077,1,,,NO,,YES,NEW_EXACT,NO,No same-class owned Senior source; exact Facility ID and nonblank license comparisons to TX ALF/NF returned zero on 2026-09-30.
TX_DAHS_ISS_ONLY,249,112184,1,,,NO,,YES,NEW_EXACT,NO,No same-class owned Senior source; exact Facility ID and nonblank license comparisons to TX ALF/NF returned zero on 2026-09-30.
TX_DAHS_ISS_ONLY,250,111471,1,,,NO,,YES,NEW_EXACT,NO,No same-class owned Senior source; exact Facility ID and nonblank license comparisons to TX ALF/NF returned zero on 2026-09-30.
TX_DAHS_ISS_ONLY,251,110729,1,,,NO,,YES,NEW_EXACT,NO,No same-class owned Senior source; exact Facility ID and nonblank license comparisons to TX ALF/NF returned zero on 2026-09-30.
TX_DAHS_ISS_ONLY,252,111582,1,,,NO,,YES,NEW_EXACT,NO,No same-class owned Senior source; exact Facility ID and nonblank license comparisons to TX ALF/NF returned zero on 2026-09-30.
TX_DAHS_ISS_ONLY,253,112047,1,,,NO,,YES,NEW_EXACT,NO,No same-class owned Senior source; exact Facility ID and nonblank license comparisons to TX ALF/NF returned zero on 2026-09-30.
TX_DAHS_ISS_ONLY,254,111001,1,,,NO,,YES,NEW_EXACT,NO,No same-class owned Senior source; exact Facility ID and nonblank license comparisons to TX ALF/NF returned zero on 2026-09-30.
TX_DAHS_ISS_ONLY,255,112101,1,,,NO,,YES,NEW_EXACT,NO,No same-class owned Senior source; exact Facility ID and nonblank license comparisons to TX ALF/NF returned zero on 2026-09-30.
TX_DAHS_ISS_ONLY,256,111288,1,,,NO,,YES,NEW_EXACT,NO,No same-class owned Senior source; exact Facility ID and nonblank license comparisons to TX ALF/NF returned zero on 2026-09-30.
TX_DAHS_ISS_ONLY,257,112165,1,,,NO,,YES,NEW_EXACT,NO,No same-class owned Senior source; exact Facility ID and nonblank license comparisons to TX ALF/NF returned zero on 2026-09-30.
TX_DAHS_ISS_ONLY,258,112027,1,,,NO,,YES,NEW_EXACT,NO,No same-class owned Senior source; exact Facility ID and nonblank license comparisons to TX ALF/NF returned zero on 2026-09-30.
TX_DAHS_ISS_ONLY,259,111312,1,,,NO,,YES,NEW_EXACT,NO,No same-class owned Senior source; exact Facility ID and nonblank license comparisons to TX ALF/NF returned zero on 2026-09-30.
TX_DAHS_ISS_ONLY,260,112019,1,,,NO,,YES,NEW_EXACT,NO,No same-class owned Senior source; exact Facility ID and nonblank license comparisons to TX ALF/NF returned zero on 2026-09-30.
TX_DAHS_ISS_ONLY,261,112194,1,,,NO,,YES,NEW_EXACT,NO,No same-class owned Senior source; exact Facility ID and nonblank license comparisons to TX ALF/NF returned zero on 2026-09-30.
TX_DAHS_ISS_ONLY,262,112135,1,,,NO,,YES,NEW_EXACT,NO,No same-class owned Senior source; exact Facility ID and nonblank license comparisons to TX ALF/NF returned zero on 2026-09-30.
TX_DAHS_ISS_ONLY,263,111921,1,,,NO,,YES,NEW_EXACT,NO,No same-class owned Senior source; exact Facility ID and nonblank license comparisons to TX ALF/NF returned zero on 2026-09-30.
TX_DAHS_ISS_ONLY,264,111205,1,,,NO,,YES,NEW_EXACT,NO,No same-class owned Senior source; exact Facility ID and nonblank license comparisons to TX ALF/NF returned zero on 2026-09-30.
TX_DAHS_ISS_ONLY,265,111913,1,,,NO,,YES,NEW_EXACT,NO,No same-class owned Senior source; exact Facility ID and nonblank license comparisons to TX ALF/NF returned zero on 2026-09-30.
TX_DAHS_ISS_ONLY,266,111385,1,,,NO,,YES,NEW_EXACT,NO,No same-class owned Senior source; exact Facility ID and nonblank license comparisons to TX ALF/NF returned zero on 2026-09-30.
TX_DAHS_ISS_ONLY,267,112201,1,,,NO,,YES,NEW_EXACT,NO,No same-class owned Senior source; exact Facility ID and nonblank license comparisons to TX ALF/NF returned zero on 2026-09-30.
TX_DAHS_ISS_ONLY,268,110969,1,,,NO,,YES,NEW_EXACT,NO,No same-class owned Senior source; exact Facility ID and nonblank license comparisons to TX ALF/NF returned zero on 2026-09-30.
TX_DAHS_ISS_ONLY,269,111002,1,,,NO,,YES,NEW_EXACT,NO,No same-class owned Senior source; exact Facility ID and nonblank license comparisons to TX ALF/NF returned zero on 2026-09-30.
TX_DAHS_ISS_ONLY,270,111138,1,,,NO,,YES,NEW_EXACT,NO,No same-class owned Senior source; exact Facility ID and nonblank license comparisons to TX ALF/NF returned zero on 2026-09-30.
TX_DAHS_ISS_ONLY,271,110936,1,,,NO,,YES,NEW_EXACT,NO,No same-class owned Senior source; exact Facility ID and nonblank license comparisons to TX ALF/NF returned zero on 2026-09-30.
TX_DAHS_ISS_ONLY,272,111088,1,,,NO,,YES,NEW_EXACT,NO,No same-class owned Senior source; exact Facility ID and nonblank license comparisons to TX ALF/NF returned zero on 2026-09-30.
TX_DAHS_ISS_ONLY,273,111183,1,,,NO,,YES,NEW_EXACT,NO,No same-class owned Senior source; exact Facility ID and nonblank license comparisons to TX ALF/NF returned zero on 2026-09-30.
TX_DAHS_ISS_ONLY,274,111718,1,,,NO,,YES,NEW_EXACT,NO,No same-class owned Senior source; exact Facility ID and nonblank license comparisons to TX ALF/NF returned zero on 2026-09-30.
TX_DAHS_ISS_ONLY,275,111369,1,,,NO,,YES,NEW_EXACT,NO,No same-class owned Senior source; exact Facility ID and nonblank license comparisons to TX ALF/NF returned zero on 2026-09-30.
TX_DAHS_ISS_ONLY,276,110854,1,,,NO,,YES,NEW_EXACT,NO,No same-class owned Senior source; exact Facility ID and nonblank license comparisons to TX ALF/NF returned zero on 2026-09-30.
TX_DAHS_ISS_ONLY,277,110808,1,,,NO,,YES,NEW_EXACT,NO,No same-class owned Senior source; exact Facility ID and nonblank license comparisons to TX ALF/NF returned zero on 2026-09-30.
TX_DAHS_ISS_ONLY,278,112080,1,,,NO,,YES,NEW_EXACT,NO,No same-class owned Senior source; exact Facility ID and nonblank license comparisons to TX ALF/NF returned zero on 2026-09-30.
TX_DAHS_ISS_ONLY,279,110711,1,,,NO,,YES,NEW_EXACT,NO,No same-class owned Senior source; exact Facility ID and nonblank license comparisons to TX ALF/NF returned zero on 2026-09-30.
TX_DAHS_ISS_ONLY,280,111064,1,,,NO,,YES,NEW_EXACT,NO,No same-class owned Senior source; exact Facility ID and nonblank license comparisons to TX ALF/NF returned zero on 2026-09-30.
TX_DAHS_ISS_ONLY,281,110774,1,,,NO,,YES,NEW_EXACT,NO,No same-class owned Senior source; exact Facility ID and nonblank license comparisons to TX ALF/NF returned zero on 2026-09-30.
TX_DAHS_ISS_ONLY,282,110971,1,,,NO,,YES,NEW_EXACT,NO,No same-class owned Senior source; exact Facility ID and nonblank license comparisons to TX ALF/NF returned zero on 2026-09-30.
TX_DAHS_ISS_ONLY,283,111006,1,,,NO,,YES,NEW_EXACT,NO,No same-class owned Senior source; exact Facility ID and nonblank license comparisons to TX ALF/NF returned zero on 2026-09-30.
TX_DAHS_ISS_ONLY,284,110863,1,,,NO,,YES,NEW_EXACT,NO,No same-class owned Senior source; exact Facility ID and nonblank license comparisons to TX ALF/NF returned zero on 2026-09-30.
TX_DAHS_ISS_ONLY,285,111777,1,,,NO,,YES,NEW_EXACT,NO,No same-class owned Senior source; exact Facility ID and nonblank license comparisons to TX ALF/NF returned zero on 2026-09-30.
TX_DAHS_ISS_ONLY,286,111446,1,,,NO,,YES,NEW_EXACT,NO,No same-class owned Senior source; exact Facility ID and nonblank license comparisons to TX ALF/NF returned zero on 2026-09-30.
TX_DAHS_ISS_ONLY,287,111873,1,,,NO,,YES,NEW_EXACT,NO,No same-class owned Senior source; exact Facility ID and nonblank license comparisons to TX ALF/NF returned zero on 2026-09-30.
TX_DAHS_ISS_ONLY,288,111192,1,,,NO,,YES,NEW_EXACT,NO,No same-class owned Senior source; exact Facility ID and nonblank license comparisons to TX ALF/NF returned zero on 2026-09-30.
TX_DAHS_ISS_ONLY,289,111592,1,,,NO,,YES,NEW_EXACT,NO,No same-class owned Senior source; exact Facility ID and nonblank license comparisons to TX ALF/NF returned zero on 2026-09-30.
TX_DAHS_ISS_ONLY,290,110919,1,,,NO,,YES,NEW_EXACT,NO,No same-class owned Senior source; exact Facility ID and nonblank license comparisons to TX ALF/NF returned zero on 2026-09-30.
TX_DAHS_ISS_ONLY,291,111408,1,,,NO,,YES,NEW_EXACT,NO,No same-class owned Senior source; exact Facility ID and nonblank license comparisons to TX ALF/NF returned zero on 2026-09-30.
TX_DAHS_ISS_ONLY,292,111872,1,,,NO,,YES,NEW_EXACT,NO,No same-class owned Senior source; exact Facility ID and nonblank license comparisons to TX ALF/NF returned zero on 2026-09-30.
TX_DAHS_ISS_ONLY,293,110833,1,,,NO,,YES,NEW_EXACT,NO,No same-class owned Senior source; exact Facility ID and nonblank license comparisons to TX ALF/NF returned zero on 2026-09-30.
TX_DAHS_ISS_ONLY,294,111166,1,,,NO,,YES,NEW_EXACT,NO,No same-class owned Senior source; exact Facility ID and nonblank license comparisons to TX ALF/NF returned zero on 2026-09-30.
TX_DAHS_ISS_ONLY,295,111688,1,,,NO,,YES,NEW_EXACT,NO,No same-class owned Senior source; exact Facility ID and nonblank license comparisons to TX ALF/NF returned zero on 2026-09-30.
TX_DAHS_ISS_ONLY,296,112093,1,,,NO,,YES,NEW_EXACT,NO,No same-class owned Senior source; exact Facility ID and nonblank license comparisons to TX ALF/NF returned zero on 2026-09-30.
TX_DAHS_ISS_ONLY,297,111112,1,,,NO,,YES,NEW_EXACT,NO,No same-class owned Senior source; exact Facility ID and nonblank license comparisons to TX ALF/NF returned zero on 2026-09-30.
TX_DAHS_ISS_ONLY,298,110866,1,,,NO,,YES,NEW_EXACT,NO,No same-class owned Senior source; exact Facility ID and nonblank license comparisons to TX ALF/NF returned zero on 2026-09-30.
TX_DAHS_ISS_ONLY,299,110847,1,,,NO,,YES,NEW_EXACT,NO,No same-class owned Senior source; exact Facility ID and nonblank license comparisons to TX ALF/NF returned zero on 2026-09-30.
TX_DAHS_ISS_ONLY,300,111234,1,,,NO,,YES,NEW_EXACT,NO,No same-class owned Senior source; exact Facility ID and nonblank license comparisons to TX ALF/NF returned zero on 2026-09-30.
TX_DAHS_ISS_ONLY,301,111214,1,,,NO,,YES,NEW_EXACT,NO,No same-class owned Senior source; exact Facility ID and nonblank license comparisons to TX ALF/NF returned zero on 2026-09-30.
TX_DAHS_ISS_ONLY,302,111434,1,,,NO,,YES,NEW_EXACT,NO,No same-class owned Senior source; exact Facility ID and nonblank license comparisons to TX ALF/NF returned zero on 2026-09-30.
TX_DAHS_ISS_ONLY,303,111310,1,,,NO,,YES,NEW_EXACT,NO,No same-class owned Senior source; exact Facility ID and nonblank license comparisons to TX ALF/NF returned zero on 2026-09-30.
TX_DAHS_ISS_ONLY,304,111343,1,,,NO,,YES,NEW_EXACT,NO,No same-class owned Senior source; exact Facility ID and nonblank license comparisons to TX ALF/NF returned zero on 2026-09-30.
TX_DAHS_ISS_ONLY,305,110743,1,,,NO,,YES,NEW_EXACT,NO,No same-class owned Senior source; exact Facility ID and nonblank license comparisons to TX ALF/NF returned zero on 2026-09-30.
TX_DAHS_ISS_ONLY,306,110925,1,,,NO,,YES,NEW_EXACT,NO,No same-class owned Senior source; exact Facility ID and nonblank license comparisons to TX ALF/NF returned zero on 2026-09-30.
TX_DAHS_ISS_ONLY,307,110794,1,,,NO,,YES,NEW_EXACT,NO,No same-class owned Senior source; exact Facility ID and nonblank license comparisons to TX ALF/NF returned zero on 2026-09-30.
TX_DAHS_ISS_ONLY,308,111118,1,,,NO,,YES,NEW_EXACT,NO,No same-class owned Senior source; exact Facility ID and nonblank license comparisons to TX ALF/NF returned zero on 2026-09-30.
TX_DAHS_ISS_ONLY,309,110888,1,,,NO,,YES,NEW_EXACT,NO,No same-class owned Senior source; exact Facility ID and nonblank license comparisons to TX ALF/NF returned zero on 2026-09-30.
TX_DAHS_ISS_ONLY,310,110878,1,,,NO,,YES,NEW_EXACT,NO,No same-class owned Senior source; exact Facility ID and nonblank license comparisons to TX ALF/NF returned zero on 2026-09-30.
TX_DAHS_ISS_ONLY,311,110740,1,,,NO,,YES,NEW_EXACT,NO,No same-class owned Senior source; exact Facility ID and nonblank license comparisons to TX ALF/NF returned zero on 2026-09-30.
TX_DAHS_ISS_ONLY,312,111248,1,,,NO,,YES,NEW_EXACT,NO,No same-class owned Senior source; exact Facility ID and nonblank license comparisons to TX ALF/NF returned zero on 2026-09-30.
TX_DAHS_ISS_ONLY,313,112215,1,,,NO,,YES,NEW_EXACT,NO,No same-class owned Senior source; exact Facility ID and nonblank license comparisons to TX ALF/NF returned zero on 2026-09-30.
TX_DAHS_ISS_ONLY,314,111196,1,,,NO,,YES,NEW_EXACT,NO,No same-class owned Senior source; exact Facility ID and nonblank license comparisons to TX ALF/NF returned zero on 2026-09-30.
TX_DAHS_ISS_ONLY,315,110865,1,,,NO,,YES,NEW_EXACT,NO,No same-class owned Senior source; exact Facility ID and nonblank license comparisons to TX ALF/NF returned zero on 2026-09-30.
TX_DAHS_ISS_ONLY,316,110824,1,,,NO,,YES,NEW_EXACT,NO,No same-class owned Senior source; exact Facility ID and nonblank license comparisons to TX ALF/NF returned zero on 2026-09-30.
TX_DAHS_ISS_ONLY,317,110905,1,,,NO,,YES,NEW_EXACT,NO,No same-class owned Senior source; exact Facility ID and nonblank license comparisons to TX ALF/NF returned zero on 2026-09-30.
TX_DAHS_ISS_ONLY,318,111141,1,,,NO,,YES,NEW_EXACT,NO,No same-class owned Senior source; exact Facility ID and nonblank license comparisons to TX ALF/NF returned zero on 2026-09-30.
TX_DAHS_ISS_ONLY,319,111159,1,,,NO,,YES,NEW_EXACT,NO,No same-class owned Senior source; exact Facility ID and nonblank license comparisons to TX ALF/NF returned zero on 2026-09-30.
TX_DAHS_ISS_ONLY,320,111114,1,,,NO,,YES,NEW_EXACT,NO,No same-class owned Senior source; exact Facility ID and nonblank license comparisons to TX ALF/NF returned zero on 2026-09-30.
TX_DAHS_ISS_ONLY,321,110764,1,,,NO,,YES,NEW_EXACT,NO,No same-class owned Senior source; exact Facility ID and nonblank license comparisons to TX ALF/NF returned zero on 2026-09-30.
TX_DAHS_ISS_ONLY,322,110797,1,,,NO,,YES,NEW_EXACT,NO,No same-class owned Senior source; exact Facility ID and nonblank license comparisons to TX ALF/NF returned zero on 2026-09-30.
TX_DAHS_ISS_ONLY,323,110848,1,,,NO,,YES,NEW_EXACT,NO,No same-class owned Senior source; exact Facility ID and nonblank license comparisons to TX ALF/NF returned zero on 2026-09-30.
TX_DAHS_ISS_ONLY,324,111226,1,,,NO,,YES,NEW_EXACT,NO,No same-class owned Senior source; exact Facility ID and nonblank license comparisons to TX ALF/NF returned zero on 2026-09-30.
TX_DAHS_ISS_ONLY,325,111652,1,,,NO,,YES,NEW_EXACT,NO,No same-class owned Senior source; exact Facility ID and nonblank license comparisons to TX ALF/NF returned zero on 2026-09-30.
TX_DAHS_ISS_ONLY,326,111238,1,,,NO,,YES,NEW_EXACT,NO,No same-class owned Senior source; exact Facility ID and nonblank license comparisons to TX ALF/NF returned zero on 2026-09-30.
TX_DAHS_ISS_ONLY,327,111869,1,,,NO,,YES,NEW_EXACT,NO,No same-class owned Senior source; exact Facility ID and nonblank license comparisons to TX ALF/NF returned zero on 2026-09-30.
TX_DAHS_ISS_ONLY,328,110958,1,,,NO,,YES,NEW_EXACT,NO,No same-class owned Senior source; exact Facility ID and nonblank license comparisons to TX ALF/NF returned zero on 2026-09-30.
TX_DAHS_ISS_ONLY,329,111160,1,,,NO,,YES,NEW_EXACT,NO,No same-class owned Senior source; exact Facility ID and nonblank license comparisons to TX ALF/NF returned zero on 2026-09-30.
TX_DAHS_ISS_ONLY,330,111236,1,,,NO,,YES,NEW_EXACT,NO,No same-class owned Senior source; exact Facility ID and nonblank license comparisons to TX ALF/NF returned zero on 2026-09-30.
TX_DAHS_ISS_ONLY,331,110893,1,,,NO,,YES,NEW_EXACT,NO,No same-class owned Senior source; exact Facility ID and nonblank license comparisons to TX ALF/NF returned zero on 2026-09-30.
TX_DAHS_ISS_ONLY,332,111184,1,,,NO,,YES,NEW_EXACT,NO,No same-class owned Senior source; exact Facility ID and nonblank license comparisons to TX ALF/NF returned zero on 2026-09-30.
TX_DAHS_ISS_ONLY,333,111237,1,,,NO,,YES,NEW_EXACT,NO,No same-class owned Senior source; exact Facility ID and nonblank license comparisons to TX ALF/NF returned zero on 2026-09-30.
TX_DAHS_ISS_ONLY,334,112147,1,,,NO,,YES,NEW_EXACT,NO,No same-class owned Senior source; exact Facility ID and nonblank license comparisons to TX ALF/NF returned zero on 2026-09-30.
TX_DAHS_ISS_ONLY,335,111765,1,,,NO,,YES,NEW_EXACT,NO,No same-class owned Senior source; exact Facility ID and nonblank license comparisons to TX ALF/NF returned zero on 2026-09-30.
TX_DAHS_ISS_ONLY,336,111833,1,,,NO,,YES,NEW_EXACT,NO,No same-class owned Senior source; exact Facility ID and nonblank license comparisons to TX ALF/NF returned zero on 2026-09-30.
TX_DAHS_ISS_ONLY,337,111724,1,,,NO,,YES,NEW_EXACT,NO,No same-class owned Senior source; exact Facility ID and nonblank license comparisons to TX ALF/NF returned zero on 2026-09-30.
TX_DAHS_ISS_ONLY,338,111750,1,,,NO,,YES,NEW_EXACT,NO,No same-class owned Senior source; exact Facility ID and nonblank license comparisons to TX ALF/NF returned zero on 2026-09-30.
TX_DAHS_ISS_ONLY,339,110946,1,,,NO,,YES,NEW_EXACT,NO,No same-class owned Senior source; exact Facility ID and nonblank license comparisons to TX ALF/NF returned zero on 2026-09-30.
TX_DAHS_ISS_ONLY,340,112039,1,,,NO,,YES,NEW_EXACT,NO,No same-class owned Senior source; exact Facility ID and nonblank license comparisons to TX ALF/NF returned zero on 2026-09-30.
TX_DAHS_ISS_ONLY,341,111535,1,,,NO,,YES,NEW_EXACT,NO,No same-class owned Senior source; exact Facility ID and nonblank license comparisons to TX ALF/NF returned zero on 2026-09-30.
TX_DAHS_ISS_ONLY,342,110707,1,,,NO,,YES,NEW_EXACT,NO,No same-class owned Senior source; exact Facility ID and nonblank license comparisons to TX ALF/NF returned zero on 2026-09-30.
TX_DAHS_ISS_ONLY,343,111152,1,,,NO,,YES,NEW_EXACT,NO,No same-class owned Senior source; exact Facility ID and nonblank license comparisons to TX ALF/NF returned zero on 2026-09-30.
TX_DAHS_ISS_ONLY,344,111250,1,,,NO,,YES,NEW_EXACT,NO,No same-class owned Senior source; exact Facility ID and nonblank license comparisons to TX ALF/NF returned zero on 2026-09-30.
TX_DAHS_ISS_ONLY,345,111097,1,,,NO,,YES,NEW_EXACT,NO,No same-class owned Senior source; exact Facility ID and nonblank license comparisons to TX ALF/NF returned zero on 2026-09-30.
TX_DAHS_ISS_ONLY,346,111145,1,,,NO,,YES,NEW_EXACT,NO,No same-class owned Senior source; exact Facility ID and nonblank license comparisons to TX ALF/NF returned zero on 2026-09-30.
TX_DAHS_ISS_ONLY,347,112160,1,,,NO,,YES,NEW_EXACT,NO,No same-class owned Senior source; exact Facility ID and nonblank license comparisons to TX ALF/NF returned zero on 2026-09-30.
TX_DAHS_ISS_ONLY,348,112107,1,,,NO,,YES,NEW_EXACT,NO,No same-class owned Senior source; exact Facility ID and nonblank license comparisons to TX ALF/NF returned zero on 2026-09-30.
TX_DAHS_ISS_ONLY,349,112123,1,,,NO,,YES,NEW_EXACT,NO,No same-class owned Senior source; exact Facility ID and nonblank license comparisons to TX ALF/NF returned zero on 2026-09-30.
TX_DAHS_ISS_ONLY,350,111228,1,,,NO,,YES,NEW_EXACT,NO,No same-class owned Senior source; exact Facility ID and nonblank license comparisons to TX ALF/NF returned zero on 2026-09-30.
TX_DAHS_ISS_ONLY,351,111543,1,,,NO,,YES,NEW_EXACT,NO,No same-class owned Senior source; exact Facility ID and nonblank license comparisons to TX ALF/NF returned zero on 2026-09-30.
TX_DAHS_ISS_ONLY,352,111646,1,,,NO,,YES,NEW_EXACT,NO,No same-class owned Senior source; exact Facility ID and nonblank license comparisons to TX ALF/NF returned zero on 2026-09-30.
TX_DAHS_ISS_ONLY,353,111661,1,,,NO,,YES,NEW_EXACT,NO,No same-class owned Senior source; exact Facility ID and nonblank license comparisons to TX ALF/NF returned zero on 2026-09-30.
TX_DAHS_ISS_ONLY,354,110968,1,,,NO,,YES,NEW_EXACT,NO,No same-class owned Senior source; exact Facility ID and nonblank license comparisons to TX ALF/NF returned zero on 2026-09-30.
TX_DAHS_ISS_ONLY,355,110877,1,,,NO,,YES,NEW_EXACT,NO,No same-class owned Senior source; exact Facility ID and nonblank license comparisons to TX ALF/NF returned zero on 2026-09-30.
TX_DAHS_ISS_ONLY,356,112015,1,,,NO,,YES,NEW_EXACT,NO,No same-class owned Senior source; exact Facility ID and nonblank license comparisons to TX ALF/NF returned zero on 2026-09-30.
TX_DAHS_ISS_ONLY,357,111128,1,,,NO,,YES,NEW_EXACT,NO,No same-class owned Senior source; exact Facility ID and nonblank license comparisons to TX ALF/NF returned zero on 2026-09-30.
TX_DAHS_ISS_ONLY,358,112022,1,,,NO,,YES,NEW_EXACT,NO,No same-class owned Senior source; exact Facility ID and nonblank license comparisons to TX ALF/NF returned zero on 2026-09-30.
TX_DAHS_ISS_ONLY,359,110747,1,,,NO,,YES,NEW_EXACT,NO,No same-class owned Senior source; exact Facility ID and nonblank license comparisons to TX ALF/NF returned zero on 2026-09-30.
TX_DAHS_ISS_ONLY,360,110859,1,,,NO,,YES,NEW_EXACT,NO,No same-class owned Senior source; exact Facility ID and nonblank license comparisons to TX ALF/NF returned zero on 2026-09-30.
TX_DAHS_ISS_ONLY,361,111022,1,,,NO,,YES,NEW_EXACT,NO,No same-class owned Senior source; exact Facility ID and nonblank license comparisons to TX ALF/NF returned zero on 2026-09-30.
TX_DAHS_ISS_ONLY,362,111491,1,,,NO,,YES,NEW_EXACT,NO,No same-class owned Senior source; exact Facility ID and nonblank license comparisons to TX ALF/NF returned zero on 2026-09-30.
TX_DAHS_ISS_ONLY,363,112220,1,,,NO,,YES,NEW_EXACT,NO,No same-class owned Senior source; exact Facility ID and nonblank license comparisons to TX ALF/NF returned zero on 2026-09-30.
TX_DAHS_ISS_ONLY,364,110750,1,,,NO,,YES,NEW_EXACT,NO,No same-class owned Senior source; exact Facility ID and nonblank license comparisons to TX ALF/NF returned zero on 2026-09-30.
TX_DAHS_ISS_ONLY,365,111770,1,,,NO,,YES,NEW_EXACT,NO,No same-class owned Senior source; exact Facility ID and nonblank license comparisons to TX ALF/NF returned zero on 2026-09-30.
TX_DAHS_ISS_ONLY,366,111759,1,,,NO,,YES,NEW_EXACT,NO,No same-class owned Senior source; exact Facility ID and nonblank license comparisons to TX ALF/NF returned zero on 2026-09-30.
TX_DAHS_ISS_ONLY,367,111102,1,,,NO,,YES,NEW_EXACT,NO,No same-class owned Senior source; exact Facility ID and nonblank license comparisons to TX ALF/NF returned zero on 2026-09-30.
TX_DAHS_ISS_ONLY,368,111221,1,,,NO,,YES,NEW_EXACT,NO,No same-class owned Senior source; exact Facility ID and nonblank license comparisons to TX ALF/NF returned zero on 2026-09-30.
TX_DAHS_ISS_ONLY,369,110907,1,,,NO,,YES,NEW_EXACT,NO,No same-class owned Senior source; exact Facility ID and nonblank license comparisons to TX ALF/NF returned zero on 2026-09-30.
TX_DAHS_ISS_ONLY,370,110864,1,,,NO,,YES,NEW_EXACT,NO,No same-class owned Senior source; exact Facility ID and nonblank license comparisons to TX ALF/NF returned zero on 2026-09-30.
TX_DAHS_ISS_ONLY,371,111779,1,,,NO,,YES,NEW_EXACT,NO,No same-class owned Senior source; exact Facility ID and nonblank license comparisons to TX ALF/NF returned zero on 2026-09-30.
TX_DAHS_ISS_ONLY,372,112099,1,,,NO,,YES,NEW_EXACT,NO,No same-class owned Senior source; exact Facility ID and nonblank license comparisons to TX ALF/NF returned zero on 2026-09-30.
TX_DAHS_ISS_ONLY,373,111161,1,,,NO,,YES,NEW_EXACT,NO,No same-class owned Senior source; exact Facility ID and nonblank license comparisons to TX ALF/NF returned zero on 2026-09-30.
TX_DAHS_ISS_ONLY,374,111244,1,,,NO,,YES,NEW_EXACT,NO,No same-class owned Senior source; exact Facility ID and nonblank license comparisons to TX ALF/NF returned zero on 2026-09-30.
TX_DAHS_ISS_ONLY,375,111090,1,,,NO,,YES,NEW_EXACT,NO,No same-class owned Senior source; exact Facility ID and nonblank license comparisons to TX ALF/NF returned zero on 2026-09-30.
TX_DAHS_ISS_ONLY,376,110861,1,,,NO,,YES,NEW_EXACT,NO,No same-class owned Senior source; exact Facility ID and nonblank license comparisons to TX ALF/NF returned zero on 2026-09-30.
TX_DAHS_ISS_ONLY,377,110871,1,,,NO,,YES,NEW_EXACT,NO,No same-class owned Senior source; exact Facility ID and nonblank license comparisons to TX ALF/NF returned zero on 2026-09-30.
TX_DAHS_ISS_ONLY,378,110838,1,,,NO,,YES,NEW_EXACT,NO,No same-class owned Senior source; exact Facility ID and nonblank license comparisons to TX ALF/NF returned zero on 2026-09-30.
TX_DAHS_ISS_ONLY,379,111185,1,,,NO,,YES,NEW_EXACT,NO,No same-class owned Senior source; exact Facility ID and nonblank license comparisons to TX ALF/NF returned zero on 2026-09-30.
TX_DAHS_ISS_ONLY,380,111911,1,,,NO,,YES,NEW_EXACT,NO,No same-class owned Senior source; exact Facility ID and nonblank license comparisons to TX ALF/NF returned zero on 2026-09-30.
TX_DAHS_ISS_ONLY,381,111133,1,,,NO,,YES,NEW_EXACT,NO,No same-class owned Senior source; exact Facility ID and nonblank license comparisons to TX ALF/NF returned zero on 2026-09-30.
TX_DAHS_ISS_ONLY,382,111280,1,,,NO,,YES,NEW_EXACT,NO,No same-class owned Senior source; exact Facility ID and nonblank license comparisons to TX ALF/NF returned zero on 2026-09-30.
TX_DAHS_ISS_ONLY,383,112144,1,,,NO,,YES,NEW_EXACT,NO,No same-class owned Senior source; exact Facility ID and nonblank license comparisons to TX ALF/NF returned zero on 2026-09-30.
TX_DAHS_ISS_ONLY,384,111893,1,,,NO,,YES,NEW_EXACT,NO,No same-class owned Senior source; exact Facility ID and nonblank license comparisons to TX ALF/NF returned zero on 2026-09-30.
TX_DAHS_ISS_ONLY,385,111577,1,,,NO,,YES,NEW_EXACT,NO,No same-class owned Senior source; exact Facility ID and nonblank license comparisons to TX ALF/NF returned zero on 2026-09-30.
TX_DAHS_ISS_ONLY,386,110945,1,,,NO,,YES,NEW_EXACT,NO,No same-class owned Senior source; exact Facility ID and nonblank license comparisons to TX ALF/NF returned zero on 2026-09-30.
TX_DAHS_ISS_ONLY,387,111736,1,,,NO,,YES,NEW_EXACT,NO,No same-class owned Senior source; exact Facility ID and nonblank license comparisons to TX ALF/NF returned zero on 2026-09-30.
TX_DAHS_ISS_ONLY,388,112102,1,,,NO,,YES,NEW_EXACT,NO,No same-class owned Senior source; exact Facility ID and nonblank license comparisons to TX ALF/NF returned zero on 2026-09-30.
TX_DAHS_ISS_ONLY,389,111715,1,,,NO,,YES,NEW_EXACT,NO,No same-class owned Senior source; exact Facility ID and nonblank license comparisons to TX ALF/NF returned zero on 2026-09-30.
TX_DAHS_ISS_ONLY,390,111142,1,,,NO,,YES,NEW_EXACT,NO,No same-class owned Senior source; exact Facility ID and nonblank license comparisons to TX ALF/NF returned zero on 2026-09-30.
TX_DAHS_ISS_ONLY,391,111794,1,,,NO,,YES,NEW_EXACT,NO,No same-class owned Senior source; exact Facility ID and nonblank license comparisons to TX ALF/NF returned zero on 2026-09-30.
TX_DAHS_ISS_ONLY,392,111076,1,,,NO,,YES,NEW_EXACT,NO,No same-class owned Senior source; exact Facility ID and nonblank license comparisons to TX ALF/NF returned zero on 2026-09-30.
TX_DAHS_ISS_ONLY,393,111231,1,,,NO,,YES,NEW_EXACT,NO,No same-class owned Senior source; exact Facility ID and nonblank license comparisons to TX ALF/NF returned zero on 2026-09-30.
TX_DAHS_ISS_ONLY,394,110976,1,,,NO,,YES,NEW_EXACT,NO,No same-class owned Senior source; exact Facility ID and nonblank license comparisons to TX ALF/NF returned zero on 2026-09-30.
TX_DAHS_ISS_ONLY,395,110917,1,,,NO,,YES,NEW_EXACT,NO,No same-class owned Senior source; exact Facility ID and nonblank license comparisons to TX ALF/NF returned zero on 2026-09-30.
TX_DAHS_ISS_ONLY,396,111200,1,,,NO,,YES,NEW_EXACT,NO,No same-class owned Senior source; exact Facility ID and nonblank license comparisons to TX ALF/NF returned zero on 2026-09-30.
TX_DAHS_ISS_ONLY,397,111512,1,,,NO,,YES,NEW_EXACT,NO,No same-class owned Senior source; exact Facility ID and nonblank license comparisons to TX ALF/NF returned zero on 2026-09-30.
TX_DAHS_ISS_ONLY,398,111442,1,,,NO,,YES,NEW_EXACT,NO,No same-class owned Senior source; exact Facility ID and nonblank license comparisons to TX ALF/NF returned zero on 2026-09-30.
TX_DAHS_ISS_ONLY,399,112036,1,,,NO,,YES,NEW_EXACT,NO,No same-class owned Senior source; exact Facility ID and nonblank license comparisons to TX ALF/NF returned zero on 2026-09-30.
TX_DAHS_ISS_ONLY,400,112023,1,,,NO,,YES,NEW_EXACT,NO,No same-class owned Senior source; exact Facility ID and nonblank license comparisons to TX ALF/NF returned zero on 2026-09-30.
TX_DAHS_ISS_ONLY,401,111321,1,,,NO,,YES,NEW_EXACT,NO,No same-class owned Senior source; exact Facility ID and nonblank license comparisons to TX ALF/NF returned zero on 2026-09-30.
TX_DAHS_ISS_ONLY,402,110983,1,,,NO,,YES,NEW_EXACT,NO,No same-class owned Senior source; exact Facility ID and nonblank license comparisons to TX ALF/NF returned zero on 2026-09-30.
TX_DAHS_ISS_ONLY,403,111852,1,,,NO,,YES,NEW_EXACT,NO,No same-class owned Senior source; exact Facility ID and nonblank license comparisons to TX ALF/NF returned zero on 2026-09-30.
TX_DAHS_ISS_ONLY,404,111281,1,,,NO,,YES,NEW_EXACT,NO,No same-class owned Senior source; exact Facility ID and nonblank license comparisons to TX ALF/NF returned zero on 2026-09-30.
TX_DAHS_ISS_ONLY,405,111194,1,,,NO,,YES,NEW_EXACT,NO,No same-class owned Senior source; exact Facility ID and nonblank license comparisons to TX ALF/NF returned zero on 2026-09-30.
TX_DAHS_ISS_ONLY,406,111270,1,,,NO,,YES,NEW_EXACT,NO,No same-class owned Senior source; exact Facility ID and nonblank license comparisons to TX ALF/NF returned zero on 2026-09-30.
TX_DAHS_ISS_ONLY,407,111957,1,,,NO,,YES,NEW_EXACT,NO,No same-class owned Senior source; exact Facility ID and nonblank license comparisons to TX ALF/NF returned zero on 2026-09-30.
TX_DAHS_ISS_ONLY,408,111797,1,,,NO,,YES,NEW_EXACT,NO,No same-class owned Senior source; exact Facility ID and nonblank license comparisons to TX ALF/NF returned zero on 2026-09-30.
TX_DAHS_ISS_ONLY,409,112129,1,,,NO,,YES,NEW_EXACT,NO,No same-class owned Senior source; exact Facility ID and nonblank license comparisons to TX ALF/NF returned zero on 2026-09-30.
TX_DAHS_ISS_ONLY,410,111277,1,,,NO,,YES,NEW_EXACT,NO,No same-class owned Senior source; exact Facility ID and nonblank license comparisons to TX ALF/NF returned zero on 2026-09-30.
TX_DAHS_ISS_ONLY,411,111332,1,,,NO,,YES,NEW_EXACT,NO,No same-class owned Senior source; exact Facility ID and nonblank license comparisons to TX ALF/NF returned zero on 2026-09-30.
TX_DAHS_ISS_ONLY,412,110929,1,,,NO,,YES,NEW_EXACT,NO,No same-class owned Senior source; exact Facility ID and nonblank license comparisons to TX ALF/NF returned zero on 2026-09-30.
TX_DAHS_ISS_ONLY,413,111307,1,,,NO,,YES,NEW_EXACT,NO,No same-class owned Senior source; exact Facility ID and nonblank license comparisons to TX ALF/NF returned zero on 2026-09-30.
TX_DAHS_ISS_ONLY,414,111659,1,,,NO,,YES,NEW_EXACT,NO,No same-class owned Senior source; exact Facility ID and nonblank license comparisons to TX ALF/NF returned zero on 2026-09-30.
TX_DAHS_ISS_ONLY,415,111464,1,,,NO,,YES,NEW_EXACT,NO,No same-class owned Senior source; exact Facility ID and nonblank license comparisons to TX ALF/NF returned zero on 2026-09-30.
TX_DAHS_ISS_ONLY,416,110826,1,,,NO,,YES,NEW_EXACT,NO,No same-class owned Senior source; exact Facility ID and nonblank license comparisons to TX ALF/NF returned zero on 2026-09-30.
TX_DAHS_ISS_ONLY,417,111744,1,,,NO,,YES,NEW_EXACT,NO,No same-class owned Senior source; exact Facility ID and nonblank license comparisons to TX ALF/NF returned zero on 2026-09-30.
TX_DAHS_ISS_ONLY,418,110788,1,,,NO,,YES,NEW_EXACT,NO,No same-class owned Senior source; exact Facility ID and nonblank license comparisons to TX ALF/NF returned zero on 2026-09-30.
TX_DAHS_ISS_ONLY,419,111738,1,,,NO,,YES,NEW_EXACT,NO,No same-class owned Senior source; exact Facility ID and nonblank license comparisons to TX ALF/NF returned zero on 2026-09-30.
TX_DAHS_ISS_ONLY,420,110796,1,,,NO,,YES,NEW_EXACT,NO,No same-class owned Senior source; exact Facility ID and nonblank license comparisons to TX ALF/NF returned zero on 2026-09-30.
TX_DAHS_ISS_ONLY,421,110935,1,,,NO,,YES,NEW_EXACT,NO,No same-class owned Senior source; exact Facility ID and nonblank license comparisons to TX ALF/NF returned zero on 2026-09-30.
TX_DAHS_ISS_ONLY,422,111399,1,,,NO,,YES,NEW_EXACT,NO,No same-class owned Senior source; exact Facility ID and nonblank license comparisons to TX ALF/NF returned zero on 2026-09-30.
TX_DAHS_ISS_ONLY,423,110982,1,,,NO,,YES,NEW_EXACT,NO,No same-class owned Senior source; exact Facility ID and nonblank license comparisons to TX ALF/NF returned zero on 2026-09-30.
TX_DAHS_ISS_ONLY,424,111470,1,,,NO,,YES,NEW_EXACT,NO,No same-class owned Senior source; exact Facility ID and nonblank license comparisons to TX ALF/NF returned zero on 2026-09-30.
TX_DAHS_ISS_ONLY,425,110855,1,,,NO,,YES,NEW_EXACT,NO,No same-class owned Senior source; exact Facility ID and nonblank license comparisons to TX ALF/NF returned zero on 2026-09-30.
TX_DAHS_ISS_ONLY,426,111645,1,,,NO,,YES,NEW_EXACT,NO,No same-class owned Senior source; exact Facility ID and nonblank license comparisons to TX ALF/NF returned zero on 2026-09-30.
TX_DAHS_ISS_ONLY,427,111401,1,,,NO,,YES,NEW_EXACT,NO,No same-class owned Senior source; exact Facility ID and nonblank license comparisons to TX ALF/NF returned zero on 2026-09-30.
TX_DAHS_ISS_ONLY,428,111580,1,,,NO,,YES,NEW_EXACT,NO,No same-class owned Senior source; exact Facility ID and nonblank license comparisons to TX ALF/NF returned zero on 2026-09-30.
TX_DAHS_ISS_ONLY,429,111309,1,,,NO,,YES,NEW_EXACT,NO,No same-class owned Senior source; exact Facility ID and nonblank license comparisons to TX ALF/NF returned zero on 2026-09-30.
TX_DAHS_ISS_ONLY,430,110738,1,,,NO,,YES,NEW_EXACT,NO,No same-class owned Senior source; exact Facility ID and nonblank license comparisons to TX ALF/NF returned zero on 2026-09-30.
TX_DAHS_ISS_ONLY,431,110882,1,,,NO,,YES,NEW_EXACT,NO,No same-class owned Senior source; exact Facility ID and nonblank license comparisons to TX ALF/NF returned zero on 2026-09-30.
TX_DAHS_ISS_ONLY,432,111679,1,,,NO,,YES,NEW_EXACT,NO,No same-class owned Senior source; exact Facility ID and nonblank license comparisons to TX ALF/NF returned zero on 2026-09-30.
TX_DAHS_ISS_ONLY,433,112179,1,,,NO,,YES,NEW_EXACT,NO,No same-class owned Senior source; exact Facility ID and nonblank license comparisons to TX ALF/NF returned zero on 2026-09-30.
TX_DAHS_ISS_ONLY,434,111222,1,,,NO,,YES,NEW_EXACT,NO,No same-class owned Senior source; exact Facility ID and nonblank license comparisons to TX ALF/NF returned zero on 2026-09-30.
TX_DAHS_ISS_ONLY,435,111384,1,,,NO,,YES,NEW_EXACT,NO,No same-class owned Senior source; exact Facility ID and nonblank license comparisons to TX ALF/NF returned zero on 2026-09-30.
TX_DAHS_ISS_ONLY,436,111175,1,,,NO,,YES,NEW_EXACT,NO,No same-class owned Senior source; exact Facility ID and nonblank license comparisons to TX ALF/NF returned zero on 2026-09-30.
TX_DAHS_ISS_ONLY,437,111623,1,,,NO,,YES,NEW_EXACT,NO,No same-class owned Senior source; exact Facility ID and nonblank license comparisons to TX ALF/NF returned zero on 2026-09-30.
TX_DAHS_ISS_ONLY,438,111981,1,,,NO,,YES,NEW_EXACT,NO,No same-class owned Senior source; exact Facility ID and nonblank license comparisons to TX ALF/NF returned zero on 2026-09-30.
TX_DAHS_ISS_ONLY,439,110799,1,,,NO,,YES,NEW_EXACT,NO,No same-class owned Senior source; exact Facility ID and nonblank license comparisons to TX ALF/NF returned zero on 2026-09-30.
TX_DAHS_ISS_ONLY,440,110765,1,,,NO,,YES,NEW_EXACT,NO,No same-class owned Senior source; exact Facility ID and nonblank license comparisons to TX ALF/NF returned zero on 2026-09-30.
TX_DAHS_ISS_ONLY,441,110752,1,,,NO,,YES,NEW_EXACT,NO,No same-class owned Senior source; exact Facility ID and nonblank license comparisons to TX ALF/NF returned zero on 2026-09-30.
TX_DAHS_ISS_ONLY,442,110759,1,,,NO,,YES,NEW_EXACT,NO,No same-class owned Senior source; exact Facility ID and nonblank license comparisons to TX ALF/NF returned zero on 2026-09-30.
TX_DAHS_ISS_ONLY,443,110901,1,,,NO,,YES,NEW_EXACT,NO,No same-class owned Senior source; exact Facility ID and nonblank license comparisons to TX ALF/NF returned zero on 2026-09-30.
TX_DAHS_ISS_ONLY,444,111157,1,,,NO,,YES,NEW_EXACT,NO,No same-class owned Senior source; exact Facility ID and nonblank license comparisons to TX ALF/NF returned zero on 2026-09-30.
TX_DAHS_ISS_ONLY,445,110924,1,,,NO,,YES,NEW_EXACT,NO,No same-class owned Senior source; exact Facility ID and nonblank license comparisons to TX ALF/NF returned zero on 2026-09-30.
TX_DAHS_ISS_ONLY,446,110716,1,,,NO,,YES,NEW_EXACT,NO,No same-class owned Senior source; exact Facility ID and nonblank license comparisons to TX ALF/NF returned zero on 2026-09-30.
TX_DAHS_ISS_ONLY,447,110769,1,,,NO,,YES,NEW_EXACT,NO,No same-class owned Senior source; exact Facility ID and nonblank license comparisons to TX ALF/NF returned zero on 2026-09-30.
TX_DAHS_ISS_ONLY,448,111131,1,,,NO,,YES,NEW_EXACT,NO,No same-class owned Senior source; exact Facility ID and nonblank license comparisons to TX ALF/NF returned zero on 2026-09-30.
TX_DAHS_ISS_ONLY,449,111179,1,,,NO,,YES,NEW_EXACT,NO,No same-class owned Senior source; exact Facility ID and nonblank license comparisons to TX ALF/NF returned zero on 2026-09-30.
TX_DAHS_ISS_ONLY,450,111749,1,,,NO,,YES,NEW_EXACT,NO,No same-class owned Senior source; exact Facility ID and nonblank license comparisons to TX ALF/NF returned zero on 2026-09-30.
TX_DAHS_ISS_ONLY,451,110775,1,,,NO,,YES,NEW_EXACT,NO,No same-class owned Senior source; exact Facility ID and nonblank license comparisons to TX ALF/NF returned zero on 2026-09-30.
TX_DAHS_ISS_ONLY,452,112146,1,,,NO,,YES,NEW_EXACT,NO,No same-class owned Senior source; exact Facility ID and nonblank license comparisons to TX ALF/NF returned zero on 2026-09-30.
TX_DAHS_ISS_ONLY,453,111271,1,,,NO,,YES,NEW_EXACT,NO,No same-class owned Senior source; exact Facility ID and nonblank license comparisons to TX ALF/NF returned zero on 2026-09-30.
TX_DAHS_ISS_ONLY,454,111242,1,,,NO,,YES,NEW_EXACT,NO,No same-class owned Senior source; exact Facility ID and nonblank license comparisons to TX ALF/NF returned zero on 2026-09-30.
TX_DAHS_ISS_ONLY,455,111110,1,,,NO,,YES,NEW_EXACT,NO,No same-class owned Senior source; exact Facility ID and nonblank license comparisons to TX ALF/NF returned zero on 2026-09-30.
TX_DAHS_ISS_ONLY,456,110786,1,,,NO,,YES,NEW_EXACT,NO,No same-class owned Senior source; exact Facility ID and nonblank license comparisons to TX ALF/NF returned zero on 2026-09-30.
TX_DAHS_ISS_ONLY,457,111450,1,,,NO,,YES,NEW_EXACT,NO,No same-class owned Senior source; exact Facility ID and nonblank license comparisons to TX ALF/NF returned zero on 2026-09-30.
TX_DAHS_ISS_ONLY,458,110761,1,,,NO,,YES,NEW_EXACT,NO,No same-class owned Senior source; exact Facility ID and nonblank license comparisons to TX ALF/NF returned zero on 2026-09-30.
TX_DAHS_ISS_ONLY,459,112134,1,,,NO,,YES,NEW_EXACT,NO,No same-class owned Senior source; exact Facility ID and nonblank license comparisons to TX ALF/NF returned zero on 2026-09-30.
TX_DAHS_ISS_ONLY,460,110966,1,,,NO,,YES,NEW_EXACT,NO,No same-class owned Senior source; exact Facility ID and nonblank license comparisons to TX ALF/NF returned zero on 2026-09-30.
TX_DAHS_ISS_ONLY,461,111047,1,,,NO,,YES,NEW_EXACT,NO,No same-class owned Senior source; exact Facility ID and nonblank license comparisons to TX ALF/NF returned zero on 2026-09-30.
TX_DAHS_ISS_ONLY,462,111748,1,,,NO,,YES,NEW_EXACT,NO,No same-class owned Senior source; exact Facility ID and nonblank license comparisons to TX ALF/NF returned zero on 2026-09-30.
TX_DAHS_ISS_ONLY,463,111094,1,,,NO,,YES,NEW_EXACT,NO,No same-class owned Senior source; exact Facility ID and nonblank license comparisons to TX ALF/NF returned zero on 2026-09-30.
TX_DAHS_ISS_ONLY,464,111198,1,,,NO,,YES,NEW_EXACT,NO,No same-class owned Senior source; exact Facility ID and nonblank license comparisons to TX ALF/NF returned zero on 2026-09-30.
TX_DAHS_ISS_ONLY,465,111295,1,,,NO,,YES,NEW_EXACT,NO,No same-class owned Senior source; exact Facility ID and nonblank license comparisons to TX ALF/NF returned zero on 2026-09-30.
TX_DAHS_ISS_ONLY,466,111815,1,,,NO,,YES,NEW_EXACT,NO,No same-class owned Senior source; exact Facility ID and nonblank license comparisons to TX ALF/NF returned zero on 2026-09-30.
TX_DAHS_ISS_ONLY,467,111108,1,,,NO,,YES,NEW_EXACT,NO,No same-class owned Senior source; exact Facility ID and nonblank license comparisons to TX ALF/NF returned zero on 2026-09-30.
TX_DAHS_ISS_ONLY,468,110813,1,,,NO,,YES,NEW_EXACT,NO,No same-class owned Senior source; exact Facility ID and nonblank license comparisons to TX ALF/NF returned zero on 2026-09-30.
TX_DAHS_ISS_ONLY,469,110767,1,,,NO,,YES,NEW_EXACT,NO,No same-class owned Senior source; exact Facility ID and nonblank license comparisons to TX ALF/NF returned zero on 2026-09-30.
TX_DAHS_ISS_ONLY,470,111469,1,,,NO,,YES,NEW_EXACT,NO,No same-class owned Senior source; exact Facility ID and nonblank license comparisons to TX ALF/NF returned zero on 2026-09-30.
TX_DAHS_ISS_ONLY,471,110995,1,,,NO,,YES,NEW_EXACT,NO,No same-class owned Senior source; exact Facility ID and nonblank license comparisons to TX ALF/NF returned zero on 2026-09-30.
TX_DAHS_ISS_ONLY,472,112013,1,,,NO,,YES,NEW_EXACT,NO,No same-class owned Senior source; exact Facility ID and nonblank license comparisons to TX ALF/NF returned zero on 2026-09-30.
TX_DAHS_ISS_ONLY,473,111146,1,,,NO,,YES,NEW_EXACT,NO,No same-class owned Senior source; exact Facility ID and nonblank license comparisons to TX ALF/NF returned zero on 2026-09-30.
TX_DAHS_ISS_ONLY,474,111189,1,,,NO,,YES,NEW_EXACT,NO,No same-class owned Senior source; exact Facility ID and nonblank license comparisons to TX ALF/NF returned zero on 2026-09-30.
TX_DAHS_ISS_ONLY,475,111019,1,,,NO,,YES,NEW_EXACT,NO,No same-class owned Senior source; exact Facility ID and nonblank license comparisons to TX ALF/NF returned zero on 2026-09-30.
TX_DAHS_ISS_ONLY,476,111165,1,,,NO,,YES,NEW_EXACT,NO,No same-class owned Senior source; exact Facility ID and nonblank license comparisons to TX ALF/NF returned zero on 2026-09-30.
TX_DAHS_ISS_ONLY,477,110890,1,,,NO,,YES,NEW_EXACT,NO,No same-class owned Senior source; exact Facility ID and nonblank license comparisons to TX ALF/NF returned zero on 2026-09-30.
TX_DAHS_ISS_ONLY,478,111075,1,,,NO,,YES,NEW_EXACT,NO,No same-class owned Senior source; exact Facility ID and nonblank license comparisons to TX ALF/NF returned zero on 2026-09-30.
TX_DAHS_ISS_ONLY,479,111889,1,,,NO,,YES,NEW_EXACT,NO,No same-class owned Senior source; exact Facility ID and nonblank license comparisons to TX ALF/NF returned zero on 2026-09-30.
TX_DAHS_ISS_ONLY,480,110858,1,,,NO,,YES,NEW_EXACT,NO,No same-class owned Senior source; exact Facility ID and nonblank license comparisons to TX ALF/NF returned zero on 2026-09-30.
TX_DAHS_ISS_ONLY,481,111462,1,,,NO,,YES,NEW_EXACT,NO,No same-class owned Senior source; exact Facility ID and nonblank license comparisons to TX ALF/NF returned zero on 2026-09-30.
TX_DAHS_ISS_ONLY,482,111565,1,,,NO,,YES,NEW_EXACT,NO,No same-class owned Senior source; exact Facility ID and nonblank license comparisons to TX ALF/NF returned zero on 2026-09-30.
TX_DAHS_ISS_ONLY,483,110739,1,,,NO,,YES,NEW_EXACT,NO,No same-class owned Senior source; exact Facility ID and nonblank license comparisons to TX ALF/NF returned zero on 2026-09-30.
TX_DAHS_ISS_ONLY,484,110908,1,,,NO,,YES,NEW_EXACT,NO,No same-class owned Senior source; exact Facility ID and nonblank license comparisons to TX ALF/NF returned zero on 2026-09-30.
TX_DAHS_ISS_ONLY,485,111609,1,,,NO,,YES,NEW_EXACT,NO,No same-class owned Senior source; exact Facility ID and nonblank license comparisons to TX ALF/NF returned zero on 2026-09-30.
TX_DAHS_ISS_ONLY,486,112191,1,,,NO,,YES,NEW_EXACT,NO,No same-class owned Senior source; exact Facility ID and nonblank license comparisons to TX ALF/NF returned zero on 2026-09-30.
TX_DAHS_ISS_ONLY,487,110790,1,,,NO,,YES,NEW_EXACT,NO,No same-class owned Senior source; exact Facility ID and nonblank license comparisons to TX ALF/NF returned zero on 2026-09-30.
TX_DAHS_ISS_ONLY,488,111420,1,,,NO,,YES,NEW_EXACT,NO,No same-class owned Senior source; exact Facility ID and nonblank license comparisons to TX ALF/NF returned zero on 2026-09-30.
TX_DAHS_ISS_ONLY,489,110734,1,,,NO,,YES,NEW_EXACT,NO,No same-class owned Senior source; exact Facility ID and nonblank license comparisons to TX ALF/NF returned zero on 2026-09-30.
TX_DAHS_ISS_ONLY,490,111122,1,,,NO,,YES,NEW_EXACT,NO,No same-class owned Senior source; exact Facility ID and nonblank license comparisons to TX ALF/NF returned zero on 2026-09-30.
TX_DAHS_ISS_ONLY,491,112185,1,,,NO,,YES,NEW_EXACT,NO,No same-class owned Senior source; exact Facility ID and nonblank license comparisons to TX ALF/NF returned zero on 2026-09-30.
TX_DAHS_ISS_ONLY,492,112154,1,,,NO,,YES,NEW_EXACT,NO,No same-class owned Senior source; exact Facility ID and nonblank license comparisons to TX ALF/NF returned zero on 2026-09-30.
TX_DAHS_ISS_ONLY,493,111729,1,,,NO,,YES,NEW_EXACT,NO,No same-class owned Senior source; exact Facility ID and nonblank license comparisons to TX ALF/NF returned zero on 2026-09-30.
TX_DAHS_ISS_ONLY,494,110851,1,,,NO,,YES,NEW_EXACT,NO,No same-class owned Senior source; exact Facility ID and nonblank license comparisons to TX ALF/NF returned zero on 2026-09-30.
TX_DAHS_ISS_ONLY,495,111026,1,,,NO,,YES,NEW_EXACT,NO,No same-class owned Senior source; exact Facility ID and nonblank license comparisons to TX ALF/NF returned zero on 2026-09-30.
TX_DAHS_ISS_ONLY,496,112119,1,,,NO,,YES,NEW_EXACT,NO,No same-class owned Senior source; exact Facility ID and nonblank license comparisons to TX ALF/NF returned zero on 2026-09-30.
TX_DAHS_ISS_ONLY,497,112109,1,,,NO,,YES,NEW_EXACT,NO,No same-class owned Senior source; exact Facility ID and nonblank license comparisons to TX ALF/NF returned zero on 2026-09-30.
TX_DAHS_ISS_ONLY,498,111991,1,,,NO,,YES,NEW_EXACT,NO,No same-class owned Senior source; exact Facility ID and nonblank license comparisons to TX ALF/NF returned zero on 2026-09-30.
TX_DAHS_ISS_ONLY,499,110869,1,,,NO,,YES,NEW_EXACT,NO,No same-class owned Senior source; exact Facility ID and nonblank license comparisons to TX ALF/NF returned zero on 2026-09-30.
TX_DAHS_ISS_ONLY,500,111272,1,,,NO,,YES,NEW_EXACT,NO,No same-class owned Senior source; exact Facility ID and nonblank license comparisons to TX ALF/NF returned zero on 2026-09-30.
TX_DAHS_ISS_ONLY,501,110822,1,,,NO,,YES,NEW_EXACT,NO,No same-class owned Senior source; exact Facility ID and nonblank license comparisons to TX ALF/NF returned zero on 2026-09-30.
TX_DAHS_ISS_ONLY,502,111173,1,,,NO,,YES,NEW_EXACT,NO,No same-class owned Senior source; exact Facility ID and nonblank license comparisons to TX ALF/NF returned zero on 2026-09-30.
TX_DAHS_ISS_ONLY,503,111381,1,,,NO,,YES,NEW_EXACT,NO,No same-class owned Senior source; exact Facility ID and nonblank license comparisons to TX ALF/NF returned zero on 2026-09-30.
TX_DAHS_ISS_ONLY,504,111365,1,,,NO,,YES,NEW_EXACT,NO,No same-class owned Senior source; exact Facility ID and nonblank license comparisons to TX ALF/NF returned zero on 2026-09-30.
TX_DAHS_ISS_ONLY,505,111823,1,,,NO,,YES,NEW_EXACT,NO,No same-class owned Senior source; exact Facility ID and nonblank license comparisons to TX ALF/NF returned zero on 2026-09-30.
TX_DAHS_ISS_ONLY,506,111514,1,,,NO,,YES,NEW_EXACT,NO,No same-class owned Senior source; exact Facility ID and nonblank license comparisons to TX ALF/NF returned zero on 2026-09-30.
TX_DAHS_ISS_ONLY,507,110737,1,,,NO,,YES,NEW_EXACT,NO,No same-class owned Senior source; exact Facility ID and nonblank license comparisons to TX ALF/NF returned zero on 2026-09-30.
TX_DAHS_ISS_ONLY,508,110885,1,,,NO,,YES,NEW_EXACT,NO,No same-class owned Senior source; exact Facility ID and nonblank license comparisons to TX ALF/NF returned zero on 2026-09-30.
TX_DAHS_ISS_ONLY,509,110970,1,,,NO,,YES,NEW_EXACT,NO,No same-class owned Senior source; exact Facility ID and nonblank license comparisons to TX ALF/NF returned zero on 2026-09-30.
TX_DAHS_ISS_ONLY,510,111065,1,,,NO,,YES,NEW_EXACT,NO,No same-class owned Senior source; exact Facility ID and nonblank license comparisons to TX ALF/NF returned zero on 2026-09-30.
TX_DAHS_ISS_ONLY,511,111035,1,,,NO,,YES,NEW_EXACT,NO,No same-class owned Senior source; exact Facility ID and nonblank license comparisons to TX ALF/NF returned zero on 2026-09-30.
TX_DAHS_ISS_ONLY,512,111104,1,,,NO,,YES,NEW_EXACT,NO,No same-class owned Senior source; exact Facility ID and nonblank license comparisons to TX ALF/NF returned zero on 2026-09-30.
TX_DAHS_ISS_ONLY,513,111778,1,,,NO,,YES,NEW_EXACT,NO,No same-class owned Senior source; exact Facility ID and nonblank license comparisons to TX ALF/NF returned zero on 2026-09-30.
TX_DAHS_ISS_ONLY,514,111004,1,,,NO,,YES,NEW_EXACT,NO,No same-class owned Senior source; exact Facility ID and nonblank license comparisons to TX ALF/NF returned zero on 2026-09-30.
TX_DAHS_ISS_ONLY,515,111638,1,,,NO,,YES,NEW_EXACT,NO,No same-class owned Senior source; exact Facility ID and nonblank license comparisons to TX ALF/NF returned zero on 2026-09-30.
TX_DAHS_ISS_ONLY,516,111706,1,,,NO,,YES,NEW_EXACT,NO,No same-class owned Senior source; exact Facility ID and nonblank license comparisons to TX ALF/NF returned zero on 2026-09-30.
TX_DAHS_ISS_ONLY,517,111829,1,,,NO,,YES,NEW_EXACT,NO,No same-class owned Senior source; exact Facility ID and nonblank license comparisons to TX ALF/NF returned zero on 2026-09-30.
TX_DAHS_ISS_ONLY,518,111063,1,,,NO,,YES,NEW_EXACT,NO,No same-class owned Senior source; exact Facility ID and nonblank license comparisons to TX ALF/NF returned zero on 2026-09-30.
TX_DAHS_ISS_ONLY,519,111130,1,,,NO,,YES,NEW_EXACT,NO,No same-class owned Senior source; exact Facility ID and nonblank license comparisons to TX ALF/NF returned zero on 2026-09-30.
TX_DAHS_ISS_ONLY,520,112065,1,,,NO,,YES,NEW_EXACT,NO,No same-class owned Senior source; exact Facility ID and nonblank license comparisons to TX ALF/NF returned zero on 2026-09-30.
TX_DAHS_ISS_ONLY,521,111074,1,,,NO,,YES,NEW_EXACT,NO,No same-class owned Senior source; exact Facility ID and nonblank license comparisons to TX ALF/NF returned zero on 2026-09-30.
TX_DAHS_ISS_ONLY,522,111530,1,,,NO,,YES,NEW_EXACT,NO,No same-class owned Senior source; exact Facility ID and nonblank license comparisons to TX ALF/NF returned zero on 2026-09-30.
TX_DAHS_ISS_ONLY,523,110922,1,,,NO,,YES,NEW_EXACT,NO,No same-class owned Senior source; exact Facility ID and nonblank license comparisons to TX ALF/NF returned zero on 2026-09-30.
TX_DAHS_ISS_ONLY,524,110895,1,,,NO,,YES,NEW_EXACT,NO,No same-class owned Senior source; exact Facility ID and nonblank license comparisons to TX ALF/NF returned zero on 2026-09-30.
TX_DAHS_ISS_ONLY,525,111291,1,,,NO,,YES,NEW_EXACT,NO,No same-class owned Senior source; exact Facility ID and nonblank license comparisons to TX ALF/NF returned zero on 2026-09-30.
TX_DAHS_ISS_ONLY,526,111600,1,,,NO,,YES,NEW_EXACT,NO,No same-class owned Senior source; exact Facility ID and nonblank license comparisons to TX ALF/NF returned zero on 2026-09-30.
TX_DAHS_ISS_ONLY,527,110821,1,,,NO,,YES,NEW_EXACT,NO,No same-class owned Senior source; exact Facility ID and nonblank license comparisons to TX ALF/NF returned zero on 2026-09-30.
TX_DAHS_ISS_ONLY,528,111216,1,,,NO,,YES,NEW_EXACT,NO,No same-class owned Senior source; exact Facility ID and nonblank license comparisons to TX ALF/NF returned zero on 2026-09-30.
TX_DAHS_ISS_ONLY,529,111140,1,,,NO,,YES,NEW_EXACT,NO,No same-class owned Senior source; exact Facility ID and nonblank license comparisons to TX ALF/NF returned zero on 2026-09-30.
TX_DAHS_ISS_ONLY,530,110789,1,,,NO,,YES,NEW_EXACT,NO,No same-class owned Senior source; exact Facility ID and nonblank license comparisons to TX ALF/NF returned zero on 2026-09-30.
TX_DAHS_ISS_ONLY,531,111210,1,,,NO,,YES,NEW_EXACT,NO,No same-class owned Senior source; exact Facility ID and nonblank license comparisons to TX ALF/NF returned zero on 2026-09-30.
TX_DAHS_ISS_ONLY,532,110875,1,,,NO,,YES,NEW_EXACT,NO,No same-class owned Senior source; exact Facility ID and nonblank license comparisons to TX ALF/NF returned zero on 2026-09-30.
TX_DAHS_ISS_ONLY,533,111187,1,,,NO,,YES,NEW_EXACT,NO,No same-class owned Senior source; exact Facility ID and nonblank license comparisons to TX ALF/NF returned zero on 2026-09-30.
TX_DAHS_ISS_ONLY,534,111230,1,,,NO,,YES,NEW_EXACT,NO,No same-class owned Senior source; exact Facility ID and nonblank license comparisons to TX ALF/NF returned zero on 2026-09-30.
TX_DAHS_ISS_ONLY,535,111169,1,,,NO,,YES,NEW_EXACT,NO,No same-class owned Senior source; exact Facility ID and nonblank license comparisons to TX ALF/NF returned zero on 2026-09-30.
TX_DAHS_ISS_ONLY,536,111148,1,,,NO,,YES,NEW_EXACT,NO,No same-class owned Senior source; exact Facility ID and nonblank license comparisons to TX ALF/NF returned zero on 2026-09-30.
TX_DAHS_ISS_ONLY,537,112084,1,,,NO,,YES,NEW_EXACT,NO,No same-class owned Senior source; exact Facility ID and nonblank license comparisons to TX ALF/NF returned zero on 2026-09-30.
TX_DAHS_ISS_ONLY,538,111822,1,,,NO,,YES,NEW_EXACT,NO,No same-class owned Senior source; exact Facility ID and nonblank license comparisons to TX ALF/NF returned zero on 2026-09-30.
TX_DAHS_ISS_ONLY,539,112130,1,,,NO,,YES,NEW_EXACT,NO,No same-class owned Senior source; exact Facility ID and nonblank license comparisons to TX ALF/NF returned zero on 2026-09-30.
TX_DAHS_ISS_ONLY,540,110763,1,,,NO,,YES,NEW_EXACT,NO,No same-class owned Senior source; exact Facility ID and nonblank license comparisons to TX ALF/NF returned zero on 2026-09-30.
TX_DAHS_ISS_ONLY,541,111915,1,,,NO,,YES,NEW_EXACT,NO,No same-class owned Senior source; exact Facility ID and nonblank license comparisons to TX ALF/NF returned zero on 2026-09-30.
TX_DAHS_ISS_ONLY,542,111213,1,,,NO,,YES,NEW_EXACT,NO,No same-class owned Senior source; exact Facility ID and nonblank license comparisons to TX ALF/NF returned zero on 2026-09-30.
TX_DAHS_ISS_ONLY,543,111188,1,,,NO,,YES,NEW_EXACT,NO,No same-class owned Senior source; exact Facility ID and nonblank license comparisons to TX ALF/NF returned zero on 2026-09-30.
TX_DAHS_ISS_ONLY,544,110896,1,,,NO,,YES,NEW_EXACT,NO,No same-class owned Senior source; exact Facility ID and nonblank license comparisons to TX ALF/NF returned zero on 2026-09-30.
TX_DAHS_ISS_ONLY,545,111918,1,,,NO,,YES,NEW_EXACT,NO,No same-class owned Senior source; exact Facility ID and nonblank license comparisons to TX ALF/NF returned zero on 2026-09-30.
TX_DAHS_ISS_ONLY,546,110897,1,,,NO,,YES,NEW_EXACT,NO,No same-class owned Senior source; exact Facility ID and nonblank license comparisons to TX ALF/NF returned zero on 2026-09-30.
TX_DAHS_ISS_ONLY,547,111129,1,,,NO,,YES,NEW_EXACT,NO,No same-class owned Senior source; exact Facility ID and nonblank license comparisons to TX ALF/NF returned zero on 2026-09-30.
TX_DAHS_ISS_ONLY,548,110795,1,,,NO,,YES,NEW_EXACT,NO,No same-class owned Senior source; exact Facility ID and nonblank license comparisons to TX ALF/NF returned zero on 2026-09-30.
TX_DAHS_ISS_ONLY,549,110926,1,,,NO,,YES,NEW_EXACT,NO,No same-class owned Senior source; exact Facility ID and nonblank license comparisons to TX ALF/NF returned zero on 2026-09-30.
TX_DAHS_ISS_ONLY,550,111153,1,,,NO,,YES,NEW_EXACT,NO,No same-class owned Senior source; exact Facility ID and nonblank license comparisons to TX ALF/NF returned zero on 2026-09-30.
TX_DAHS_ISS_ONLY,551,111132,1,,,NO,,YES,NEW_EXACT,NO,No same-class owned Senior source; exact Facility ID and nonblank license comparisons to TX ALF/NF returned zero on 2026-09-30.
TX_DAHS_ISS_ONLY,552,110941,1,,,NO,,YES,NEW_EXACT,NO,No same-class owned Senior source; exact Facility ID and nonblank license comparisons to TX ALF/NF returned zero on 2026-09-30.
TX_DAHS_ISS_ONLY,553,111443,1,,,NO,,YES,NEW_EXACT,NO,No same-class owned Senior source; exact Facility ID and nonblank license comparisons to TX ALF/NF returned zero on 2026-09-30.
TX_DAHS_ISS_ONLY,554,111111,1,,,NO,,YES,NEW_EXACT,NO,No same-class owned Senior source; exact Facility ID and nonblank license comparisons to TX ALF/NF returned zero on 2026-09-30.
TX_DAHS_ISS_ONLY,555,112012,1,,,NO,,YES,NEW_EXACT,NO,No same-class owned Senior source; exact Facility ID and nonblank license comparisons to TX ALF/NF returned zero on 2026-09-30.
TX_DAHS_ISS_ONLY,556,112141,1,,,NO,,YES,NEW_EXACT,NO,No same-class owned Senior source; exact Facility ID and nonblank license comparisons to TX ALF/NF returned zero on 2026-09-30.
TX_DAHS_ISS_ONLY,557,111144,1,,,NO,,YES,NEW_EXACT,NO,No same-class owned Senior source; exact Facility ID and nonblank license comparisons to TX ALF/NF returned zero on 2026-09-30.
TX_DAHS_ISS_ONLY,558,111116,1,,,NO,,YES,NEW_EXACT,NO,No same-class owned Senior source; exact Facility ID and nonblank license comparisons to TX ALF/NF returned zero on 2026-09-30.
TX_DAHS_ISS_ONLY,559,111078,1,,,NO,,YES,NEW_EXACT,NO,No same-class owned Senior source; exact Facility ID and nonblank license comparisons to TX ALF/NF returned zero on 2026-09-30.
TX_DAHS_ISS_ONLY,560,111101,1,,,NO,,YES,NEW_EXACT,NO,No same-class owned Senior source; exact Facility ID and nonblank license comparisons to TX ALF/NF returned zero on 2026-09-30.
TX_DAHS_ISS_ONLY,561,111082,1,,,NO,,YES,NEW_EXACT,NO,No same-class owned Senior source; exact Facility ID and nonblank license comparisons to TX ALF/NF returned zero on 2026-09-30.
TX_DAHS_ISS_ONLY,562,111171,1,,,NO,,YES,NEW_EXACT,NO,No same-class owned Senior source; exact Facility ID and nonblank license comparisons to TX ALF/NF returned zero on 2026-09-30.
TX_DAHS_ISS_ONLY,563,110904,1,,,NO,,YES,NEW_EXACT,NO,No same-class owned Senior source; exact Facility ID and nonblank license comparisons to TX ALF/NF returned zero on 2026-09-30.
TX_DAHS_ISS_ONLY,564,111143,1,,,NO,,YES,NEW_EXACT,NO,No same-class owned Senior source; exact Facility ID and nonblank license comparisons to TX ALF/NF returned zero on 2026-09-30.
TX_DAHS_ISS_ONLY,565,110745,1,,,NO,,YES,NEW_EXACT,NO,No same-class owned Senior source; exact Facility ID and nonblank license comparisons to TX ALF/NF returned zero on 2026-09-30.
TX_DAHS_ISS_ONLY,566,111066,1,,,NO,,YES,NEW_EXACT,NO,No same-class owned Senior source; exact Facility ID and nonblank license comparisons to TX ALF/NF returned zero on 2026-09-30.
TX_DAHS_ISS_ONLY,567,111235,1,,,NO,,YES,NEW_EXACT,NO,No same-class owned Senior source; exact Facility ID and nonblank license comparisons to TX ALF/NF returned zero on 2026-09-30.
TX_DAHS_ISS_ONLY,568,111341,1,,,NO,,YES,NEW_EXACT,NO,No same-class owned Senior source; exact Facility ID and nonblank license comparisons to TX ALF/NF returned zero on 2026-09-30.
TX_DAHS_ISS_ONLY,569,111292,1,,,NO,,YES,NEW_EXACT,NO,No same-class owned Senior source; exact Facility ID and nonblank license comparisons to TX ALF/NF returned zero on 2026-09-30.
TX_DAHS_ISS_ONLY,570,111042,1,,,NO,,YES,NEW_EXACT,NO,No same-class owned Senior source; exact Facility ID and nonblank license comparisons to TX ALF/NF returned zero on 2026-09-30.
TX_DAHS_ISS_ONLY,571,110827,1,,,NO,,YES,NEW_EXACT,NO,No same-class owned Senior source; exact Facility ID and nonblank license comparisons to TX ALF/NF returned zero on 2026-09-30.
TX_DAHS_ISS_ONLY,572,111259,1,,,NO,,YES,NEW_EXACT,NO,No same-class owned Senior source; exact Facility ID and nonblank license comparisons to TX ALF/NF returned zero on 2026-09-30.
TX_DAHS_ISS_ONLY,573,110860,1,,,NO,,YES,NEW_EXACT,NO,No same-class owned Senior source; exact Facility ID and nonblank license comparisons to TX ALF/NF returned zero on 2026-09-30.
TX_DAHS_ISS_ONLY,574,111256,1,,,NO,,YES,NEW_EXACT,NO,No same-class owned Senior source; exact Facility ID and nonblank license comparisons to TX ALF/NF returned zero on 2026-09-30.
TX_DAHS_ISS_ONLY,575,111050,1,,,NO,,YES,NEW_EXACT,NO,No same-class owned Senior source; exact Facility ID and nonblank license comparisons to TX ALF/NF returned zero on 2026-09-30.
TX_DAHS_ISS_ONLY,576,111283,1,,,NO,,YES,NEW_EXACT,NO,No same-class owned Senior source; exact Facility ID and nonblank license comparisons to TX ALF/NF returned zero on 2026-09-30.
TX_DAHS_ISS_ONLY,577,110776,1,,,NO,,YES,NEW_EXACT,NO,No same-class owned Senior source; exact Facility ID and nonblank license comparisons to TX ALF/NF returned zero on 2026-09-30.
TX_DAHS_ISS_ONLY,578,112208,1,,,NO,,YES,NEW_EXACT,NO,No same-class owned Senior source; exact Facility ID and nonblank license comparisons to TX ALF/NF returned zero on 2026-09-30.
TX_DAHS_ISS_ONLY,579,111155,1,,,NO,,YES,NEW_EXACT,NO,No same-class owned Senior source; exact Facility ID and nonblank license comparisons to TX ALF/NF returned zero on 2026-09-30.
TX_DAHS_ISS_ONLY,580,111105,1,,,NO,,YES,NEW_EXACT,NO,No same-class owned Senior source; exact Facility ID and nonblank license comparisons to TX ALF/NF returned zero on 2026-09-30.
TX_DAHS_ISS_ONLY,581,110785,1,,,NO,,YES,NEW_EXACT,NO,No same-class owned Senior source; exact Facility ID and nonblank license comparisons to TX ALF/NF returned zero on 2026-09-30.
TX_DAHS_ISS_ONLY,582,111212,1,,,NO,,YES,NEW_EXACT,NO,No same-class owned Senior source; exact Facility ID and nonblank license comparisons to TX ALF/NF returned zero on 2026-09-30.
TX_DAHS_ISS_ONLY,583,111092,1,,,NO,,YES,NEW_EXACT,NO,No same-class owned Senior source; exact Facility ID and nonblank license comparisons to TX ALF/NF returned zero on 2026-09-30.
TX_DAHS_ISS_ONLY,584,111038,1,,,NO,,YES,NEW_EXACT,NO,No same-class owned Senior source; exact Facility ID and nonblank license comparisons to TX ALF/NF returned zero on 2026-09-30.
TX_DAHS_ISS_ONLY,585,111225,1,,,NO,,YES,NEW_EXACT,NO,No same-class owned Senior source; exact Facility ID and nonblank license comparisons to TX ALF/NF returned zero on 2026-09-30.
TX_DAHS_ISS_ONLY,586,111149,1,,,NO,,YES,NEW_EXACT,NO,No same-class owned Senior source; exact Facility ID and nonblank license comparisons to TX ALF/NF returned zero on 2026-09-30.
TX_DAHS_ISS_ONLY,587,112024,1,,,NO,,YES,NEW_EXACT,NO,No same-class owned Senior source; exact Facility ID and nonblank license comparisons to TX ALF/NF returned zero on 2026-09-30.
TX_DAHS_ISS_ONLY,588,111009,1,,,NO,,YES,NEW_EXACT,NO,No same-class owned Senior source; exact Facility ID and nonblank license comparisons to TX ALF/NF returned zero on 2026-09-30.
TX_DAHS_ISS_ONLY,589,111276,1,,,NO,,YES,NEW_EXACT,NO,No same-class owned Senior source; exact Facility ID and nonblank license comparisons to TX ALF/NF returned zero on 2026-09-30.
TX_DAHS_ISS_ONLY,590,111373,1,,,NO,,YES,NEW_EXACT,NO,No same-class owned Senior source; exact Facility ID and nonblank license comparisons to TX ALF/NF returned zero on 2026-09-30.
TX_DAHS_ISS_ONLY,591,111727,1,,,NO,,YES,NEW_EXACT,NO,No same-class owned Senior source; exact Facility ID and nonblank license comparisons to TX ALF/NF returned zero on 2026-09-30.
TX_DAHS_ISS_ONLY,592,111147,1,,,NO,,YES,NEW_EXACT,NO,No same-class owned Senior source; exact Facility ID and nonblank license comparisons to TX ALF/NF returned zero on 2026-09-30.
TX_DAHS_ISS_ONLY,593,110780,1,,,NO,,YES,NEW_EXACT,NO,No same-class owned Senior source; exact Facility ID and nonblank license comparisons to TX ALF/NF returned zero on 2026-09-30.
TX_DAHS_ISS_ONLY,594,111123,1,,,NO,,YES,NEW_EXACT,NO,No same-class owned Senior source; exact Facility ID and nonblank license comparisons to TX ALF/NF returned zero on 2026-09-30.
TX_DAHS_ISS_ONLY,595,111319,1,,,NO,,YES,NEW_EXACT,NO,No same-class owned Senior source; exact Facility ID and nonblank license comparisons to TX ALF/NF returned zero on 2026-09-30.
TX_DAHS_ISS_ONLY,596,110715,1,,,NO,,YES,NEW_EXACT,NO,No same-class owned Senior source; exact Facility ID and nonblank license comparisons to TX ALF/NF returned zero on 2026-09-30.
TX_DAHS_ISS_ONLY,597,110791,1,,,NO,,YES,NEW_EXACT,NO,No same-class owned Senior source; exact Facility ID and nonblank license comparisons to TX ALF/NF returned zero on 2026-09-30.
TX_DAHS_ISS_ONLY,598,111119,1,,,NO,,YES,NEW_EXACT,NO,No same-class owned Senior source; exact Facility ID and nonblank license comparisons to TX ALF/NF returned zero on 2026-09-30.
TX_DAHS_ISS_ONLY,599,111106,1,,,NO,,YES,NEW_EXACT,NO,No same-class owned Senior source; exact Facility ID and nonblank license comparisons to TX ALF/NF returned zero on 2026-09-30.
TX_DAHS_ISS_ONLY,600,110973,1,,,NO,,YES,NEW_EXACT,NO,No same-class owned Senior source; exact Facility ID and nonblank license comparisons to TX ALF/NF returned zero on 2026-09-30.
TX_DAHS_ISS_ONLY,601,111358,1,,,NO,,YES,NEW_EXACT,NO,No same-class owned Senior source; exact Facility ID and nonblank license comparisons to TX ALF/NF returned zero on 2026-09-30.
TX_DAHS_ISS_ONLY,602,111096,1,,,NO,,YES,NEW_EXACT,NO,No same-class owned Senior source; exact Facility ID and nonblank license comparisons to TX ALF/NF returned zero on 2026-09-30.
TX_DAHS_ISS_ONLY,603,110828,1,,,NO,,YES,NEW_EXACT,NO,No same-class owned Senior source; exact Facility ID and nonblank license comparisons to TX ALF/NF returned zero on 2026-09-30.
TX_DAHS_ISS_ONLY,604,110965,1,,,NO,,YES,NEW_EXACT,NO,No same-class owned Senior source; exact Facility ID and nonblank license comparisons to TX ALF/NF returned zero on 2026-09-30.
TX_DAHS_ISS_ONLY,605,111311,1,,,NO,,YES,NEW_EXACT,NO,No same-class owned Senior source; exact Facility ID and nonblank license comparisons to TX ALF/NF returned zero on 2026-09-30.
TX_DAHS_ISS_ONLY,606,111085,1,,,NO,,YES,NEW_EXACT,NO,No same-class owned Senior source; exact Facility ID and nonblank license comparisons to TX ALF/NF returned zero on 2026-09-30.
TX_DAHS_ISS_ONLY,607,111069,1,,,NO,,YES,NEW_EXACT,NO,No same-class owned Senior source; exact Facility ID and nonblank license comparisons to TX ALF/NF returned zero on 2026-09-30.
TX_DAHS_ISS_ONLY,608,111421,1,,,NO,,YES,NEW_EXACT,NO,No same-class owned Senior source; exact Facility ID and nonblank license comparisons to TX ALF/NF returned zero on 2026-09-30.
TX_DAHS_ISS_ONLY,609,111274,1,,,NO,,YES,NEW_EXACT,NO,No same-class owned Senior source; exact Facility ID and nonblank license comparisons to TX ALF/NF returned zero on 2026-09-30.
TX_DAHS_ISS_ONLY,610,111320,1,,,NO,,YES,NEW_EXACT,NO,No same-class owned Senior source; exact Facility ID and nonblank license comparisons to TX ALF/NF returned zero on 2026-09-30.
TX_DAHS_ISS_ONLY,611,112069,1,,,NO,,YES,NEW_EXACT,NO,No same-class owned Senior source; exact Facility ID and nonblank license comparisons to TX ALF/NF returned zero on 2026-09-30.
TX_DAHS_ISS_ONLY,612,111556,1,,,NO,,YES,NEW_EXACT,NO,No same-class owned Senior source; exact Facility ID and nonblank license comparisons to TX ALF/NF returned zero on 2026-09-30.
TX_DAHS_ISS_ONLY,613,111077,1,,,NO,,YES,NEW_EXACT,NO,No same-class owned Senior source; exact Facility ID and nonblank license comparisons to TX ALF/NF returned zero on 2026-09-30.
TX_DAHS_ISS_ONLY,614,111176,1,,,NO,,YES,NEW_EXACT,NO,No same-class owned Senior source; exact Facility ID and nonblank license comparisons to TX ALF/NF returned zero on 2026-09-30.
TX_DAHS_ISS_ONLY,615,111008,1,,,NO,,YES,NEW_EXACT,NO,No same-class owned Senior source; exact Facility ID and nonblank license comparisons to TX ALF/NF returned zero on 2026-09-30.
TX_DAHS_ISS_ONLY,616,110768,1,,,NO,,YES,NEW_EXACT,NO,No same-class owned Senior source; exact Facility ID and nonblank license comparisons to TX ALF/NF returned zero on 2026-09-30.
TX_DAHS_ISS_ONLY,617,110760,1,,,NO,,YES,NEW_EXACT,NO,No same-class owned Senior source; exact Facility ID and nonblank license comparisons to TX ALF/NF returned zero on 2026-09-30.
TX_DAHS_ISS_ONLY,618,110777,1,,,NO,,YES,NEW_EXACT,NO,No same-class owned Senior source; exact Facility ID and nonblank license comparisons to TX ALF/NF returned zero on 2026-09-30.
TX_DAHS_ISS_ONLY,619,111347,1,,,NO,,YES,NEW_EXACT,NO,No same-class owned Senior source; exact Facility ID and nonblank license comparisons to TX ALF/NF returned zero on 2026-09-30.
TX_DAHS_ISS_ONLY,620,112031,1,,,NO,,YES,NEW_EXACT,NO,No same-class owned Senior source; exact Facility ID and nonblank license comparisons to TX ALF/NF returned zero on 2026-09-30.
TX_DAHS_ISS_ONLY,621,111892,1,,,NO,,YES,NEW_EXACT,NO,No same-class owned Senior source; exact Facility ID and nonblank license comparisons to TX ALF/NF returned zero on 2026-09-30.
TX_DAHS_ISS_ONLY,622,111762,1,,,NO,,YES,NEW_EXACT,NO,No same-class owned Senior source; exact Facility ID and nonblank license comparisons to TX ALF/NF returned zero on 2026-09-30.
TX_DAHS_ISS_ONLY,623,111393,1,,,NO,,YES,NEW_EXACT,NO,No same-class owned Senior source; exact Facility ID and nonblank license comparisons to TX ALF/NF returned zero on 2026-09-30.
TX_DAHS_ISS_ONLY,624,110943,1,,,NO,,YES,NEW_EXACT,NO,No same-class owned Senior source; exact Facility ID and nonblank license comparisons to TX ALF/NF returned zero on 2026-09-30.
TX_DAHS_ISS_ONLY,625,111177,1,,,NO,,YES,NEW_EXACT,NO,No same-class owned Senior source; exact Facility ID and nonblank license comparisons to TX ALF/NF returned zero on 2026-09-30.
TX_DAHS_ISS_ONLY,626,112175,1,,,NO,,YES,NEW_EXACT,NO,No same-class owned Senior source; exact Facility ID and nonblank license comparisons to TX ALF/NF returned zero on 2026-09-30.
TX_DAHS_ISS_ONLY,627,111303,1,,,NO,,YES,NEW_EXACT,NO,No same-class owned Senior source; exact Facility ID and nonblank license comparisons to TX ALF/NF returned zero on 2026-09-30.
TX_DAHS_ISS_ONLY,628,111300,1,,,NO,,YES,NEW_EXACT,NO,No same-class owned Senior source; exact Facility ID and nonblank license comparisons to TX ALF/NF returned zero on 2026-09-30.
TX_DAHS_ISS_ONLY,629,110920,1,,,NO,,YES,NEW_EXACT,NO,No same-class owned Senior source; exact Facility ID and nonblank license comparisons to TX ALF/NF returned zero on 2026-09-30.
TX_DAHS_ISS_ONLY,630,111330,1,,,NO,,YES,NEW_EXACT,NO,No same-class owned Senior source; exact Facility ID and nonblank license comparisons to TX ALF/NF returned zero on 2026-09-30.
TX_DAHS_ISS_ONLY,631,111798,1,,,NO,,YES,NEW_EXACT,NO,No same-class owned Senior source; exact Facility ID and nonblank license comparisons to TX ALF/NF returned zero on 2026-09-30.
TX_DAHS_ISS_ONLY,632,110889,1,,,NO,,YES,NEW_EXACT,NO,No same-class owned Senior source; exact Facility ID and nonblank license comparisons to TX ALF/NF returned zero on 2026-09-30.
TX_DAHS_ISS_ONLY,633,112153,1,,,NO,,YES,NEW_EXACT,NO,No same-class owned Senior source; exact Facility ID and nonblank license comparisons to TX ALF/NF returned zero on 2026-09-30.
TX_DAHS_ISS_ONLY,634,111219,1,,,NO,,YES,NEW_EXACT,NO,No same-class owned Senior source; exact Facility ID and nonblank license comparisons to TX ALF/NF returned zero on 2026-09-30.
TX_DAHS_ISS_ONLY,635,111391,1,,,NO,,YES,NEW_EXACT,NO,No same-class owned Senior source; exact Facility ID and nonblank license comparisons to TX ALF/NF returned zero on 2026-09-30.
TX_DAHS_ISS_ONLY,636,110843,1,,,NO,,YES,NEW_EXACT,NO,No same-class owned Senior source; exact Facility ID and nonblank license comparisons to TX ALF/NF returned zero on 2026-09-30.
TX_DAHS_ISS_ONLY,637,110891,1,,,NO,,YES,NEW_EXACT,NO,No same-class owned Senior source; exact Facility ID and nonblank license comparisons to TX ALF/NF returned zero on 2026-09-30.
TX_DAHS_ISS_ONLY,638,110980,1,,,NO,,YES,NEW_EXACT,NO,No same-class owned Senior source; exact Facility ID and nonblank license comparisons to TX ALF/NF returned zero on 2026-09-30.
TX_DAHS_ISS_ONLY,639,110868,1,,,NO,,YES,NEW_EXACT,NO,No same-class owned Senior source; exact Facility ID and nonblank license comparisons to TX ALF/NF returned zero on 2026-09-30.
TX_DAHS_ISS_ONLY,640,112002,1,,,NO,,YES,NEW_EXACT,NO,No same-class owned Senior source; exact Facility ID and nonblank license comparisons to TX ALF/NF returned zero on 2026-09-30.
TX_DAHS_ISS_ONLY,641,111409,1,,,NO,,YES,NEW_EXACT,NO,No same-class owned Senior source; exact Facility ID and nonblank license comparisons to TX ALF/NF returned zero on 2026-09-30.
TX_DAHS_ISS_ONLY,642,111975,1,,,NO,,YES,NEW_EXACT,NO,No same-class owned Senior source; exact Facility ID and nonblank license comparisons to TX ALF/NF returned zero on 2026-09-30.
TX_DAHS_ISS_ONLY,643,112182,1,,,NO,,YES,NEW_EXACT,NO,No same-class owned Senior source; exact Facility ID and nonblank license comparisons to TX ALF/NF returned zero on 2026-09-30.
TX_DAHS_ISS_ONLY,644,111025,1,,,NO,,YES,NEW_EXACT,NO,No same-class owned Senior source; exact Facility ID and nonblank license comparisons to TX ALF/NF returned zero on 2026-09-30.
TX_DAHS_ISS_ONLY,645,110898,1,,,NO,,YES,NEW_EXACT,NO,No same-class owned Senior source; exact Facility ID and nonblank license comparisons to TX ALF/NF returned zero on 2026-09-30.
TX_DAHS_ISS_ONLY,646,111455,1,,,NO,,YES,NEW_EXACT,NO,No same-class owned Senior source; exact Facility ID and nonblank license comparisons to TX ALF/NF returned zero on 2026-09-30.
TX_DAHS_ISS_ONLY,647,111973,1,,,NO,,YES,NEW_EXACT,NO,No same-class owned Senior source; exact Facility ID and nonblank license comparisons to TX ALF/NF returned zero on 2026-09-30.
TX_DAHS_ISS_ONLY,648,111519,1,,,NO,,YES,NEW_EXACT,NO,No same-class owned Senior source; exact Facility ID and nonblank license comparisons to TX ALF/NF returned zero on 2026-09-30.
TX_DAHS_ISS_ONLY,649,110911,1,,,NO,,YES,NEW_EXACT,NO,No same-class owned Senior source; exact Facility ID and nonblank license comparisons to TX ALF/NF returned zero on 2026-09-30.
TX_DAHS_ISS_ONLY,650,111091,1,,,NO,,YES,NEW_EXACT,NO,No same-class owned Senior source; exact Facility ID and nonblank license comparisons to TX ALF/NF returned zero on 2026-09-30.
TX_DAHS_ISS_ONLY,651,110912,1,,,NO,,YES,NEW_EXACT,NO,No same-class owned Senior source; exact Facility ID and nonblank license comparisons to TX ALF/NF returned zero on 2026-09-30.
TX_DAHS_ISS_ONLY,652,111258,1,,,NO,,YES,NEW_EXACT,NO,No same-class owned Senior source; exact Facility ID and nonblank license comparisons to TX ALF/NF returned zero on 2026-09-30.
TX_DAHS_ISS_ONLY,653,112037,1,,,NO,,YES,NEW_EXACT,NO,No same-class owned Senior source; exact Facility ID and nonblank license comparisons to TX ALF/NF returned zero on 2026-09-30.
TX_DAHS_ISS_ONLY,654,111286,1,,,NO,,YES,NEW_EXACT,NO,No same-class owned Senior source; exact Facility ID and nonblank license comparisons to TX ALF/NF returned zero on 2026-09-30.
TX_DAHS_ISS_ONLY,655,111675,1,,,NO,,YES,NEW_EXACT,NO,No same-class owned Senior source; exact Facility ID and nonblank license comparisons to TX ALF/NF returned zero on 2026-09-30.
TX_DAHS_ISS_ONLY,656,112157,1,,,NO,,YES,NEW_EXACT,NO,No same-class owned Senior source; exact Facility ID and nonblank license comparisons to TX ALF/NF returned zero on 2026-09-30.
TX_DAHS_ISS_ONLY,657,111820,1,,,NO,,YES,NEW_EXACT,NO,No same-class owned Senior source; exact Facility ID and nonblank license comparisons to TX ALF/NF returned zero on 2026-09-30.
TX_DAHS_ISS_ONLY,658,111360,1,,,NO,,YES,NEW_EXACT,NO,No same-class owned Senior source; exact Facility ID and nonblank license comparisons to TX ALF/NF returned zero on 2026-09-30.
TX_DAHS_ISS_ONLY,659,111012,1,,,NO,,YES,NEW_EXACT,NO,No same-class owned Senior source; exact Facility ID and nonblank license comparisons to TX ALF/NF returned zero on 2026-09-30.
TX_DAHS_ISS_ONLY,660,111023,1,,,NO,,YES,NEW_EXACT,NO,No same-class owned Senior source; exact Facility ID and nonblank license comparisons to TX ALF/NF returned zero on 2026-09-30.
TX_DAHS_ISS_ONLY,661,111575,1,,,NO,,YES,NEW_EXACT,NO,No same-class owned Senior source; exact Facility ID and nonblank license comparisons to TX ALF/NF returned zero on 2026-09-30.
TX_DAHS_ISS_ONLY,662,111186,1,,,NO,,YES,NEW_EXACT,NO,No same-class owned Senior source; exact Facility ID and nonblank license comparisons to TX ALF/NF returned zero on 2026-09-30.
TX_DAHS_ISS_ONLY,663,111572,1,,,NO,,YES,NEW_EXACT,NO,No same-class owned Senior source; exact Facility ID and nonblank license comparisons to TX ALF/NF returned zero on 2026-09-30.
TX_DAHS_ISS_ONLY,664,111170,1,,,NO,,YES,NEW_EXACT,NO,No same-class owned Senior source; exact Facility ID and nonblank license comparisons to TX ALF/NF returned zero on 2026-09-30.
TX_DAHS_ISS_ONLY,665,111202,1,,,NO,,YES,NEW_EXACT,NO,No same-class owned Senior source; exact Facility ID and nonblank license comparisons to TX ALF/NF returned zero on 2026-09-30.
TX_DAHS_ISS_ONLY,666,110938,1,,,NO,,YES,NEW_EXACT,NO,No same-class owned Senior source; exact Facility ID and nonblank license comparisons to TX ALF/NF returned zero on 2026-09-30.
TX_DAHS_ISS_ONLY,667,111100,1,,,NO,,YES,NEW_EXACT,NO,No same-class owned Senior source; exact Facility ID and nonblank license comparisons to TX ALF/NF returned zero on 2026-09-30.
TX_DAHS_ISS_ONLY,668,111243,1,,,NO,,YES,NEW_EXACT,NO,No same-class owned Senior source; exact Facility ID and nonblank license comparisons to TX ALF/NF returned zero on 2026-09-30.
TX_DAHS_ISS_ONLY,669,110981,1,,,NO,,YES,NEW_EXACT,NO,No same-class owned Senior source; exact Facility ID and nonblank license comparisons to TX ALF/NF returned zero on 2026-09-30.
TX_DAHS_ISS_ONLY,670,110961,1,,,NO,,YES,NEW_EXACT,NO,No same-class owned Senior source; exact Facility ID and nonblank license comparisons to TX ALF/NF returned zero on 2026-09-30.
TX_DAHS_ISS_ONLY,671,111168,1,,,NO,,YES,NEW_EXACT,NO,No same-class owned Senior source; exact Facility ID and nonblank license comparisons to TX ALF/NF returned zero on 2026-09-30.
TX_DAHS_ISS_ONLY,672,110937,1,,,NO,,YES,NEW_EXACT,NO,No same-class owned Senior source; exact Facility ID and nonblank license comparisons to TX ALF/NF returned zero on 2026-09-30.
TX_DAHS_ISS_ONLY,673,110836,1,,,NO,,YES,NEW_EXACT,NO,No same-class owned Senior source; exact Facility ID and nonblank license comparisons to TX ALF/NF returned zero on 2026-09-30.
TX_DAHS_ISS_ONLY,674,111328,1,,,NO,,YES,NEW_EXACT,NO,No same-class owned Senior source; exact Facility ID and nonblank license comparisons to TX ALF/NF returned zero on 2026-09-30.
TX_DAHS_ISS_ONLY,675,110879,1,,,NO,,YES,NEW_EXACT,NO,No same-class owned Senior source; exact Facility ID and nonblank license comparisons to TX ALF/NF returned zero on 2026-09-30.
TX_DAHS_ISS_ONLY,676,111856,1,,,NO,,YES,NEW_EXACT,NO,No same-class owned Senior source; exact Facility ID and nonblank license comparisons to TX ALF/NF returned zero on 2026-09-30.
TX_DAHS_ISS_ONLY,677,110978,1,,,NO,,YES,NEW_EXACT,NO,No same-class owned Senior source; exact Facility ID and nonblank license comparisons to TX ALF/NF returned zero on 2026-09-30.
TX_DAHS_ISS_ONLY,678,110770,1,,,NO,,YES,NEW_EXACT,NO,No same-class owned Senior source; exact Facility ID and nonblank license comparisons to TX ALF/NF returned zero on 2026-09-30.
TX_DAHS_ISS_ONLY,679,111268,1,,,NO,,YES,NEW_EXACT,NO,No same-class owned Senior source; exact Facility ID and nonblank license comparisons to TX ALF/NF returned zero on 2026-09-30.
TX_DAHS_ISS_ONLY,680,111174,1,,,NO,,YES,NEW_EXACT,NO,No same-class owned Senior source; exact Facility ID and nonblank license comparisons to TX ALF/NF returned zero on 2026-09-30.
TX_DAHS_ISS_ONLY,681,111068,1,,,NO,,YES,NEW_EXACT,NO,No same-class owned Senior source; exact Facility ID and nonblank license comparisons to TX ALF/NF returned zero on 2026-09-30.
TX_DAHS_ISS_ONLY,682,112149,1,,,NO,,YES,NEW_EXACT,NO,No same-class owned Senior source; exact Facility ID and nonblank license comparisons to TX ALF/NF returned zero on 2026-09-30.
TX_DAHS_ISS_ONLY,683,112049,1,,,NO,,YES,NEW_EXACT,NO,No same-class owned Senior source; exact Facility ID and nonblank license comparisons to TX ALF/NF returned zero on 2026-09-30.
TX_DAHS_ISS_ONLY,684,110957,1,,,NO,,YES,NEW_EXACT,NO,No same-class owned Senior source; exact Facility ID and nonblank license comparisons to TX ALF/NF returned zero on 2026-09-30.
TX_DAHS_ISS_ONLY,685,111067,1,,,NO,,YES,NEW_EXACT,NO,No same-class owned Senior source; exact Facility ID and nonblank license comparisons to TX ALF/NF returned zero on 2026-09-30.
TX_DAHS_ISS_ONLY,686,110999,1,,,NO,,YES,NEW_EXACT,NO,No same-class owned Senior source; exact Facility ID and nonblank license comparisons to TX ALF/NF returned zero on 2026-09-30.
TX_DAHS_ISS_ONLY,687,111109,1,,,NO,,YES,NEW_EXACT,NO,No same-class owned Senior source; exact Facility ID and nonblank license comparisons to TX ALF/NF returned zero on 2026-09-30.
TX_DAHS_ISS_ONLY,688,111156,1,,,NO,,YES,NEW_EXACT,NO,No same-class owned Senior source; exact Facility ID and nonblank license comparisons to TX ALF/NF returned zero on 2026-09-30.
TX_DAHS_ISS_ONLY,689,110800,1,,,NO,,YES,NEW_EXACT,NO,No same-class owned Senior source; exact Facility ID and nonblank license comparisons to TX ALF/NF returned zero on 2026-09-30.
TX_DAHS_ISS_ONLY,690,111648,1,,,NO,,YES,NEW_EXACT,NO,No same-class owned Senior source; exact Facility ID and nonblank license comparisons to TX ALF/NF returned zero on 2026-09-30.
TX_DAHS_ISS_ONLY,691,112209,1,,,NO,,YES,NEW_EXACT,NO,No same-class owned Senior source; exact Facility ID and nonblank license comparisons to TX ALF/NF returned zero on 2026-09-30.
TX_DAHS_ISS_ONLY,692,112007,1,,,NO,,YES,NEW_EXACT,NO,No same-class owned Senior source; exact Facility ID and nonblank license comparisons to TX ALF/NF returned zero on 2026-09-30.
TX_DAHS_ISS_ONLY,693,111503,1,,,NO,,YES,NEW_EXACT,NO,No same-class owned Senior source; exact Facility ID and nonblank license comparisons to TX ALF/NF returned zero on 2026-09-30.
TX_DAHS_ISS_ONLY,694,110892,1,,,NO,,YES,NEW_EXACT,NO,No same-class owned Senior source; exact Facility ID and nonblank license comparisons to TX ALF/NF returned zero on 2026-09-30.
TX_DAHS_ISS_ONLY,695,112219,1,,,NO,,YES,NEW_EXACT,NO,No same-class owned Senior source; exact Facility ID and nonblank license comparisons to TX ALF/NF returned zero on 2026-09-30.
TX_DAHS_ISS_ONLY,696,112143,1,,,NO,,YES,NEW_EXACT,NO,No same-class owned Senior source; exact Facility ID and nonblank license comparisons to TX ALF/NF returned zero on 2026-09-30.
TX_DAHS_ISS_ONLY,697,111605,1,,,NO,,YES,NEW_EXACT,NO,No same-class owned Senior source; exact Facility ID and nonblank license comparisons to TX ALF/NF returned zero on 2026-09-30.
TX_DAHS_ISS_ONLY,698,111265,1,,,NO,,YES,NEW_EXACT,NO,No same-class owned Senior source; exact Facility ID and nonblank license comparisons to TX ALF/NF returned zero on 2026-09-30.
TX_DAHS_ISS_ONLY,699,111296,1,,,NO,,YES,NEW_EXACT,NO,No same-class owned Senior source; exact Facility ID and nonblank license comparisons to TX ALF/NF returned zero on 2026-09-30.
TX_DAHS_ISS_ONLY,700,110744,1,,,NO,,YES,NEW_EXACT,NO,No same-class owned Senior source; exact Facility ID and nonblank license comparisons to TX ALF/NF returned zero on 2026-09-30.
TX_DAHS_ISS_ONLY,701,111561,1,,,NO,,YES,NEW_EXACT,NO,No same-class owned Senior source; exact Facility ID and nonblank license comparisons to TX ALF/NF returned zero on 2026-09-30.
TX_DAHS_ISS_ONLY,702,111125,1,,,NO,,YES,NEW_EXACT,NO,No same-class owned Senior source; exact Facility ID and nonblank license comparisons to TX ALF/NF returned zero on 2026-09-30.
TX_DAHS_ISS_ONLY,703,111405,1,,,NO,,YES,NEW_EXACT,NO,No same-class owned Senior source; exact Facility ID and nonblank license comparisons to TX ALF/NF returned zero on 2026-09-30.
TX_DAHS_ISS_ONLY,704,111308,1,,,NO,,YES,NEW_EXACT,NO,No same-class owned Senior source; exact Facility ID and nonblank license comparisons to TX ALF/NF returned zero on 2026-09-30.
TX_DAHS_ISS_ONLY,705,111163,1,,,NO,,YES,NEW_EXACT,NO,No same-class owned Senior source; exact Facility ID and nonblank license comparisons to TX ALF/NF returned zero on 2026-09-30.
TX_DAHS_ISS_ONLY,706,110923,1,,,NO,,YES,NEW_EXACT,NO,No same-class owned Senior source; exact Facility ID and nonblank license comparisons to TX ALF/NF returned zero on 2026-09-30.
TX_DAHS_ISS_ONLY,707,111027,1,,,NO,,YES,NEW_EXACT,NO,No same-class owned Senior source; exact Facility ID and nonblank license comparisons to TX ALF/NF returned zero on 2026-09-30.
TX_DAHS_ISS_ONLY,708,111158,1,,,NO,,YES,NEW_EXACT,NO,No same-class owned Senior source; exact Facility ID and nonblank license comparisons to TX ALF/NF returned zero on 2026-09-30.
TX_DAHS_ISS_ONLY,709,110886,1,,,NO,,YES,NEW_EXACT,NO,No same-class owned Senior source; exact Facility ID and nonblank license comparisons to TX ALF/NF returned zero on 2026-09-30.
TX_DAHS_ISS_ONLY,710,110883,1,,,NO,,YES,NEW_EXACT,NO,No same-class owned Senior source; exact Facility ID and nonblank license comparisons to TX ALF/NF returned zero on 2026-09-30.
TX_DAHS_ISS_ONLY,711,111412,1,,,NO,,YES,NEW_EXACT,NO,No same-class owned Senior source; exact Facility ID and nonblank license comparisons to TX ALF/NF returned zero on 2026-09-30.
TX_DAHS_ISS_ONLY,712,110834,1,,,NO,,YES,NEW_EXACT,NO,No same-class owned Senior source; exact Facility ID and nonblank license comparisons to TX ALF/NF returned zero on 2026-09-30.
TX_DAHS_ISS_ONLY,713,111249,1,,,NO,,YES,NEW_EXACT,NO,No same-class owned Senior source; exact Facility ID and nonblank license comparisons to TX ALF/NF returned zero on 2026-09-30.
TX_DAHS_ISS_ONLY,714,111419,1,,,NO,,YES,NEW_EXACT,NO,No same-class owned Senior source; exact Facility ID and nonblank license comparisons to TX ALF/NF returned zero on 2026-09-30.
TX_DAHS_ISS_ONLY,715,111563,1,,,NO,,YES,NEW_EXACT,NO,No same-class owned Senior source; exact Facility ID and nonblank license comparisons to TX ALF/NF returned zero on 2026-09-30.
TX_DAHS_ISS_ONLY,716,111520,1,,,NO,,YES,NEW_EXACT,NO,No same-class owned Senior source; exact Facility ID and nonblank license comparisons to TX ALF/NF returned zero on 2026-09-30.
TX_DAHS_ISS_ONLY,717,112032,1,,,NO,,YES,NEW_EXACT,NO,No same-class owned Senior source; exact Facility ID and nonblank license comparisons to TX ALF/NF returned zero on 2026-09-30.
TX_DAHS_ISS_ONLY,718,111136,1,,,NO,,YES,NEW_EXACT,NO,No same-class owned Senior source; exact Facility ID and nonblank license comparisons to TX ALF/NF returned zero on 2026-09-30.
TX_DAHS_ISS_ONLY,719,110849,1,,,NO,,YES,NEW_EXACT,NO,No same-class owned Senior source; exact Facility ID and nonblank license comparisons to TX ALF/NF returned zero on 2026-09-30.
TX_DAHS_ISS_ONLY,720,110710,1,,,NO,,YES,NEW_EXACT,NO,No same-class owned Senior source; exact Facility ID and nonblank license comparisons to TX ALF/NF returned zero on 2026-09-30.
TX_DAHS_ISS_ONLY,721,111961,1,,,NO,,YES,NEW_EXACT,NO,No same-class owned Senior source; exact Facility ID and nonblank license comparisons to TX ALF/NF returned zero on 2026-09-30.
TX_DAHS_ISS_ONLY,722,111978,1,,,NO,,YES,NEW_EXACT,NO,No same-class owned Senior source; exact Facility ID and nonblank license comparisons to TX ALF/NF returned zero on 2026-09-30.
TX_DAHS_ISS_ONLY,723,111005,1,,,NO,,YES,NEW_EXACT,NO,No same-class owned Senior source; exact Facility ID and nonblank license comparisons to TX ALF/NF returned zero on 2026-09-30.
TX_DAHS_ISS_ONLY,724,112148,1,,,NO,,YES,NEW_EXACT,NO,No same-class owned Senior source; exact Facility ID and nonblank license comparisons to TX ALF/NF returned zero on 2026-09-30.
TX_DAHS_ISS_ONLY,725,110944,1,,,NO,,YES,NEW_EXACT,NO,No same-class owned Senior source; exact Facility ID and nonblank license comparisons to TX ALF/NF returned zero on 2026-09-30.
TX_DAHS_ISS_ONLY,726,110985,1,,,NO,,YES,NEW_EXACT,NO,No same-class owned Senior source; exact Facility ID and nonblank license comparisons to TX ALF/NF returned zero on 2026-09-30.
TX_DAHS_ISS_ONLY,727,111427,1,,,NO,,YES,NEW_EXACT,NO,No same-class owned Senior source; exact Facility ID and nonblank license comparisons to TX ALF/NF returned zero on 2026-09-30.
TX_DAHS_ISS_ONLY,728,112142,1,,,NO,,YES,NEW_EXACT,NO,No same-class owned Senior source; exact Facility ID and nonblank license comparisons to TX ALF/NF returned zero on 2026-09-30.
TX_DAHS_ISS_ONLY,729,111725,1,,,NO,,YES,NEW_EXACT,NO,No same-class owned Senior source; exact Facility ID and nonblank license comparisons to TX ALF/NF returned zero on 2026-09-30.
TX_DAHS_ISS_ONLY,730,110955,1,,,NO,,YES,NEW_EXACT,NO,No same-class owned Senior source; exact Facility ID and nonblank license comparisons to TX ALF/NF returned zero on 2026-09-30.
TX_DAHS_ISS_ONLY,731,111380,1,,,NO,,YES,NEW_EXACT,NO,No same-class owned Senior source; exact Facility ID and nonblank license comparisons to TX ALF/NF returned zero on 2026-09-30.
TX_DAHS_ISS_ONLY,732,111041,1,,,NO,,YES,NEW_EXACT,NO,No same-class owned Senior source; exact Facility ID and nonblank license comparisons to TX ALF/NF returned zero on 2026-09-30.
TX_DAHS_ISS_ONLY,733,111817,1,,,NO,,YES,NEW_EXACT,NO,No same-class owned Senior source; exact Facility ID and nonblank license comparisons to TX ALF/NF returned zero on 2026-09-30.
TX_DAHS_ISS_ONLY,734,110916,1,,,NO,,YES,NEW_EXACT,NO,No same-class owned Senior source; exact Facility ID and nonblank license comparisons to TX ALF/NF returned zero on 2026-09-30.
TX_DAHS_ISS_ONLY,735,111897,1,,,NO,,YES,NEW_EXACT,NO,No same-class owned Senior source; exact Facility ID and nonblank license comparisons to TX ALF/NF returned zero on 2026-09-30.
TX_DAHS_ISS_ONLY,736,111816,1,,,NO,,YES,NEW_EXACT,NO,No same-class owned Senior source; exact Facility ID and nonblank license comparisons to TX ALF/NF returned zero on 2026-09-30.
TX_DAHS_ISS_ONLY,737,112126,1,,,NO,,YES,NEW_EXACT,NO,No same-class owned Senior source; exact Facility ID and nonblank license comparisons to TX ALF/NF returned zero on 2026-09-30.
TX_DAHS_ISS_ONLY,738,111073,1,,,NO,,YES,NEW_EXACT,NO,No same-class owned Senior source; exact Facility ID and nonblank license comparisons to TX ALF/NF returned zero on 2026-09-30.
TX_DAHS_ISS_ONLY,739,111696,1,,,NO,,YES,NEW_EXACT,NO,No same-class owned Senior source; exact Facility ID and nonblank license comparisons to TX ALF/NF returned zero on 2026-09-30.
TX_DAHS_ISS_ONLY,740,111968,1,,,NO,,YES,NEW_EXACT,NO,No same-class owned Senior source; exact Facility ID and nonblank license comparisons to TX ALF/NF returned zero on 2026-09-30.
TX_DAHS_ISS_ONLY,741,111240,1,,,NO,,YES,NEW_EXACT,NO,No same-class owned Senior source; exact Facility ID and nonblank license comparisons to TX ALF/NF returned zero on 2026-09-30.
TX_DAHS_ISS_ONLY,742,111478,1,,,NO,,YES,NEW_EXACT,NO,No same-class owned Senior source; exact Facility ID and nonblank license comparisons to TX ALF/NF returned zero on 2026-09-30.
TX_DAHS_ISS_ONLY,743,111103,1,,,NO,,YES,NEW_EXACT,NO,No same-class owned Senior source; exact Facility ID and nonblank license comparisons to TX ALF/NF returned zero on 2026-09-30.
TX_DAHS_ISS_ONLY,744,111746,1,,,NO,,YES,NEW_EXACT,NO,No same-class owned Senior source; exact Facility ID and nonblank license comparisons to TX ALF/NF returned zero on 2026-09-30.
TX_DAHS_ISS_ONLY,745,111423,1,,,NO,,YES,NEW_EXACT,NO,No same-class owned Senior source; exact Facility ID and nonblank license comparisons to TX ALF/NF returned zero on 2026-09-30.
TX_DAHS_ISS_ONLY,746,111089,1,,,NO,,YES,NEW_EXACT,NO,No same-class owned Senior source; exact Facility ID and nonblank license comparisons to TX ALF/NF returned zero on 2026-09-30.
CA_PENALTY_EVIDENCE,,010000001,26,ca-cdph-healthcare-facility-locations,010000001,YES,93771dbe-7769-4326-a427-7dbf7b5fb2e5,NO,ALREADY_OWNED_EXACT,NO,Exact FACID in production state observation
CA_PENALTY_EVIDENCE,,010000003,36,ca-cdph-healthcare-facility-locations,010000003,YES,42930cc2-ad07-40ab-82fe-9c65c666094a,NO,ALREADY_OWNED_EXACT,NO,Exact FACID in production state observation
CA_PENALTY_EVIDENCE,,010000004,16,ca-cdph-healthcare-facility-locations,010000004,YES,332d530c-56f6-4624-9185-bdb1bf12da9c,NO,ALREADY_OWNED_EXACT,NO,Exact FACID in production state observation
CA_PENALTY_EVIDENCE,,010000005,43,ca-cdph-healthcare-facility-locations,010000005,YES,5b7d998c-62ff-4809-abc5-45ba4972529e,NO,ALREADY_OWNED_EXACT,NO,Exact FACID in production state observation
CA_PENALTY_EVIDENCE,,010000020,24,,,NO,,NO,UNRESOLVED,NO,FACID absent from owned row-level state observations
CA_PENALTY_EVIDENCE,,010000022,8,,,NO,,NO,UNRESOLVED,NO,FACID absent from owned row-level state observations
CA_PENALTY_EVIDENCE,,010000024,36,ca-cdph-healthcare-facility-locations,010000024,YES,3fcf25c9-0deb-4820-972c-5412738210de,NO,ALREADY_OWNED_EXACT,NO,Exact FACID in production state observation
CA_PENALTY_EVIDENCE,,010000026,32,ca-cdph-healthcare-facility-locations,010000026,YES,589d324c-e3ba-4237-9e3f-3df680fa9407,NO,ALREADY_OWNED_EXACT,NO,Exact FACID in production state observation
CA_PENALTY_EVIDENCE,,010000028,26,ca-cdph-healthcare-facility-locations,010000028,YES,4b370b8b-5281-43a8-83b1-680ef62122bb,NO,ALREADY_OWNED_EXACT,NO,Exact FACID in production state observation
CA_PENALTY_EVIDENCE,,010000029,11,,,NO,,NO,UNRESOLVED,NO,FACID absent from owned row-level state observations
CA_PENALTY_EVIDENCE,,010000033,16,ca-cdph-healthcare-facility-locations,010000033,YES,062d2804-7185-47b0-9f5d-3676eb130187,NO,ALREADY_OWNED_EXACT,NO,Exact FACID in production state observation
CA_PENALTY_EVIDENCE,,010000034,24,ca-cdph-healthcare-facility-locations,010000034,YES,f062c1c5-47a5-4589-b35d-6aa6b23b0676,NO,ALREADY_OWNED_EXACT,NO,Exact FACID in production state observation
CA_PENALTY_EVIDENCE,,010000037,16,ca-cdph-healthcare-facility-locations,010000037,YES,b24b64f8-ee3d-4cb4-ab4a-f3db8ccf6e30,NO,ALREADY_OWNED_EXACT,NO,Exact FACID in production state observation
CA_PENALTY_EVIDENCE,,010000042,19,,,NO,,NO,UNRESOLVED,NO,FACID absent from owned row-level state observations
CA_PENALTY_EVIDENCE,,010000043,30,ca-cdph-healthcare-facility-locations,010000043,YES,1fd7d73b-c491-4bbf-bd4c-70b33d7419c6,NO,ALREADY_OWNED_EXACT,NO,Exact FACID in production state observation
CA_PENALTY_EVIDENCE,,010000047,16,ca-cdph-healthcare-facility-locations,010000047,YES,0912a993-2c2b-479c-a629-5485a501a10b,NO,ALREADY_OWNED_EXACT,NO,Exact FACID in production state observation
CA_PENALTY_EVIDENCE,,010000051,14,,,NO,,NO,UNRESOLVED,NO,FACID absent from owned row-level state observations
CA_PENALTY_EVIDENCE,,010000052,5,ca-cdph-healthcare-facility-locations,010000052,YES,62b87107-e9d4-4d23-b63d-3c1dd39e9c64,NO,ALREADY_OWNED_EXACT,NO,Exact FACID in production state observation
CA_PENALTY_EVIDENCE,,010000059,5,ca-cdph-healthcare-facility-locations,010000059,YES,71216d77-fc81-4158-83f0-a08c43399905,NO,ALREADY_OWNED_EXACT,NO,Exact FACID in production state observation
CA_PENALTY_EVIDENCE,,010000060,31,ca-cdph-healthcare-facility-locations,010000060,YES,78eb1077-7cb4-40d9-9ded-7a2ae3dae4f8,NO,ALREADY_OWNED_EXACT,NO,Exact FACID in production state observation
CA_PENALTY_EVIDENCE,,010000061,13,,,NO,,NO,UNRESOLVED,NO,FACID absent from owned row-level state observations
CA_PENALTY_EVIDENCE,,010000062,22,ca-cdph-healthcare-facility-locations,010000062,YES,0d32768e-6e3b-44b7-be23-1a337f28068a,NO,ALREADY_OWNED_EXACT,NO,Exact FACID in production state observation
CA_PENALTY_EVIDENCE,,010000065,10,,,NO,,NO,UNRESOLVED,NO,FACID absent from owned row-level state observations
CA_PENALTY_EVIDENCE,,010000066,25,ca-cdph-healthcare-facility-locations,010000066,YES,8463daf7-940c-415b-b569-906d129863b7,NO,ALREADY_OWNED_EXACT,NO,Exact FACID in production state observation
CA_PENALTY_EVIDENCE,,010000075,12,ca-cdph-healthcare-facility-locations,010000075,YES,92368daa-d818-4740-a12a-53b66a5d139b,NO,ALREADY_OWNED_EXACT,NO,Exact FACID in production state observation
CA_PENALTY_EVIDENCE,,010000076,5,ca-cdph-healthcare-facility-locations,010000076,YES,96c3ed38-a9f7-484b-b6d9-c7ee4b3d35df,NO,ALREADY_OWNED_EXACT,NO,Exact FACID in production state observation
CA_PENALTY_EVIDENCE,,010000078,51,ca-cdph-healthcare-facility-locations,010000078,YES,f42d3518-b79d-4997-b285-1d51c871c258,NO,ALREADY_OWNED_EXACT,NO,Exact FACID in production state observation
CA_PENALTY_EVIDENCE,,010000079,2,ca-cdph-healthcare-facility-locations,010000079,YES,44b6dfea-d78e-4be0-8a35-1a4fdbcdc620,NO,ALREADY_OWNED_EXACT,NO,Exact FACID in production state observation
CA_PENALTY_EVIDENCE,,010000080,15,ca-cdph-healthcare-facility-locations,010000080,YES,389532f2-4895-4916-aa79-62e3e7e6f186,NO,ALREADY_OWNED_EXACT,NO,Exact FACID in production state observation
CA_PENALTY_EVIDENCE,,010000082,39,ca-cdph-healthcare-facility-locations,010000082,YES,a18b182b-a35a-48f4-8402-3f0da28fa632,NO,ALREADY_OWNED_EXACT,NO,Exact FACID in production state observation
CA_PENALTY_EVIDENCE,,010000086,5,,,NO,,NO,UNRESOLVED,NO,FACID absent from owned row-level state observations
CA_PENALTY_EVIDENCE,,010000087,2,,,NO,,NO,UNRESOLVED,NO,FACID absent from owned row-level state observations
CA_PENALTY_EVIDENCE,,010000088,2,,,NO,,NO,UNRESOLVED,NO,FACID absent from owned row-level state observations
CA_PENALTY_EVIDENCE,,010000089,5,,,NO,,NO,UNRESOLVED,NO,FACID absent from owned row-level state observations
CA_PENALTY_EVIDENCE,,010000160,3,,,NO,,NO,UNRESOLVED,NO,FACID absent from owned row-level state observations
CA_PENALTY_EVIDENCE,,010000161,1,,,NO,,NO,UNRESOLVED,NO,FACID absent from owned row-level state observations
CA_PENALTY_EVIDENCE,,010000164,1,,,NO,,NO,UNRESOLVED,NO,FACID absent from owned row-level state observations
CA_PENALTY_EVIDENCE,,010000165,2,,,NO,,NO,UNRESOLVED,NO,FACID absent from owned row-level state observations
CA_PENALTY_EVIDENCE,,010000166,6,,,NO,,NO,UNRESOLVED,NO,FACID absent from owned row-level state observations
CA_PENALTY_EVIDENCE,,010000208,6,ca-cdph-healthcare-facility-locations,010000208,YES,8d469516-c443-4784-834b-5b69afb24c5c,NO,ALREADY_OWNED_EXACT,NO,Exact FACID in production state observation
CA_PENALTY_EVIDENCE,,010000427,2,,,NO,,NO,UNRESOLVED,NO,FACID absent from owned row-level state observations
CA_PENALTY_EVIDENCE,,010000428,1,,,NO,,NO,UNRESOLVED,NO,FACID absent from owned row-level state observations
CA_PENALTY_EVIDENCE,,010000431,4,,,NO,,NO,UNRESOLVED,NO,FACID absent from owned row-level state observations
CA_PENALTY_EVIDENCE,,010000449,1,,,NO,,NO,UNRESOLVED,NO,FACID absent from owned row-level state observations
CA_PENALTY_EVIDENCE,,010000458,3,,,NO,,NO,UNRESOLVED,NO,FACID absent from owned row-level state observations
CA_PENALTY_EVIDENCE,,010000480,3,,,NO,,NO,UNRESOLVED,NO,FACID absent from owned row-level state observations
CA_PENALTY_EVIDENCE,,010000481,2,,,NO,,NO,UNRESOLVED,NO,FACID absent from owned row-level state observations
CA_PENALTY_EVIDENCE,,010000482,3,,,NO,,NO,UNRESOLVED,NO,FACID absent from owned row-level state observations
CA_PENALTY_EVIDENCE,,010000487,2,,,NO,,NO,UNRESOLVED,NO,FACID absent from owned row-level state observations
CA_PENALTY_EVIDENCE,,010000507,4,,,NO,,NO,UNRESOLVED,NO,FACID absent from owned row-level state observations
CA_PENALTY_EVIDENCE,,010000572,2,,,NO,,NO,UNRESOLVED,NO,FACID absent from owned row-level state observations
CA_PENALTY_EVIDENCE,,010000575,9,,,NO,,NO,UNRESOLVED,NO,FACID absent from owned row-level state observations
CA_PENALTY_EVIDENCE,,010000585,3,,,NO,,NO,UNRESOLVED,NO,FACID absent from owned row-level state observations
CA_PENALTY_EVIDENCE,,010000596,3,,,NO,,NO,UNRESOLVED,NO,FACID absent from owned row-level state observations
CA_PENALTY_EVIDENCE,,010000597,3,,,NO,,NO,UNRESOLVED,NO,FACID absent from owned row-level state observations
CA_PENALTY_EVIDENCE,,010000598,4,,,NO,,NO,UNRESOLVED,NO,FACID absent from owned row-level state observations
CA_PENALTY_EVIDENCE,,010000620,3,,,NO,,NO,UNRESOLVED,NO,FACID absent from owned row-level state observations
CA_PENALTY_EVIDENCE,,010000622,2,,,NO,,NO,UNRESOLVED,NO,FACID absent from owned row-level state observations
CA_PENALTY_EVIDENCE,,010000643,4,,,NO,,NO,UNRESOLVED,NO,FACID absent from owned row-level state observations
CA_PENALTY_EVIDENCE,,010000646,8,,,NO,,NO,UNRESOLVED,NO,FACID absent from owned row-level state observations
CA_PENALTY_EVIDENCE,,010000657,3,,,NO,,NO,UNRESOLVED,NO,FACID absent from owned row-level state observations
CA_PENALTY_EVIDENCE,,010000679,7,,,NO,,NO,UNRESOLVED,NO,FACID absent from owned row-level state observations
CA_PENALTY_EVIDENCE,,010000703,1,,,NO,,NO,UNRESOLVED,NO,FACID absent from owned row-level state observations
CA_PENALTY_EVIDENCE,,010000743,1,,,NO,,NO,UNRESOLVED,NO,FACID absent from owned row-level state observations
CA_PENALTY_EVIDENCE,,010000765,3,,,NO,,NO,UNRESOLVED,NO,FACID absent from owned row-level state observations
CA_PENALTY_EVIDENCE,,010000782,2,,,NO,,NO,UNRESOLVED,NO,FACID absent from owned row-level state observations
CA_PENALTY_EVIDENCE,,010000792,6,,,NO,,NO,UNRESOLVED,NO,FACID absent from owned row-level state observations
CA_PENALTY_EVIDENCE,,010000793,4,,,NO,,NO,UNRESOLVED,NO,FACID absent from owned row-level state observations
CA_PENALTY_EVIDENCE,,010000799,1,,,NO,,NO,UNRESOLVED,NO,FACID absent from owned row-level state observations
CA_PENALTY_EVIDENCE,,010000801,1,,,NO,,NO,UNRESOLVED,NO,FACID absent from owned row-level state observations
CA_PENALTY_EVIDENCE,,010000822,3,,,NO,,NO,UNRESOLVED,NO,FACID absent from owned row-level state observations
CA_PENALTY_EVIDENCE,,010000834,1,,,NO,,NO,UNRESOLVED,NO,FACID absent from owned row-level state observations
CA_PENALTY_EVIDENCE,,010000858,3,,,NO,,NO,UNRESOLVED,NO,FACID absent from owned row-level state observations
CA_PENALTY_EVIDENCE,,010000862,1,,,NO,,NO,UNRESOLVED,NO,FACID absent from owned row-level state observations
CA_PENALTY_EVIDENCE,,010000864,9,,,NO,,NO,UNRESOLVED,NO,FACID absent from owned row-level state observations
CA_PENALTY_EVIDENCE,,010000876,5,,,NO,,NO,UNRESOLVED,NO,FACID absent from owned row-level state observations
CA_PENALTY_EVIDENCE,,010000907,5,,,NO,,NO,UNRESOLVED,NO,FACID absent from owned row-level state observations
CA_PENALTY_EVIDENCE,,010000934,1,,,NO,,NO,UNRESOLVED,NO,FACID absent from owned row-level state observations
CA_PENALTY_EVIDENCE,,010000936,14,ca-cdph-healthcare-facility-locations,010000936,YES,33130dfa-b6d7-4619-93d6-dc600d603839,NO,ALREADY_OWNED_EXACT,NO,Exact FACID in production state observation
CA_PENALTY_EVIDENCE,,010000938,15,ca-cdph-healthcare-facility-locations,010000938,YES,7c76990c-a2a2-40c5-aff0-b54ee7ca3040,NO,ALREADY_OWNED_EXACT,NO,Exact FACID in production state observation
CA_PENALTY_EVIDENCE,,010000940,60,ca-cdph-healthcare-facility-locations,010000940,YES,9b3c1afa-6f11-4902-a905-802a0087abc6,NO,ALREADY_OWNED_EXACT,NO,Exact FACID in production state observation
CA_PENALTY_EVIDENCE,,010000949,52,ca-cdph-healthcare-facility-locations,010000949,YES,b823bb62-f8a0-4e37-b217-9b4f7688ca50,NO,ALREADY_OWNED_EXACT,NO,Exact FACID in production state observation
CA_PENALTY_EVIDENCE,,010000951,16,ca-cdph-healthcare-facility-locations,010000951,NO,,NO,UNRESOLVED,NO,FACID in owned observation but no linked provider
CA_PENALTY_EVIDENCE,,010000956,1,,,NO,,NO,UNRESOLVED,NO,FACID absent from owned row-level state observations
CA_PENALTY_EVIDENCE,,010000959,7,ca-cdph-healthcare-facility-locations,010000959,YES,563fd433-eb06-4929-a395-e1e1c52e01b7,NO,ALREADY_OWNED_EXACT,NO,Exact FACID in production state observation
CA_PENALTY_EVIDENCE,,010000968,34,ca-cdph-healthcare-facility-locations,010000968,YES,3026cc18-d116-49e4-a1e0-fddd748364f1,NO,ALREADY_OWNED_EXACT,NO,Exact FACID in production state observation
CA_PENALTY_EVIDENCE,,010000970,3,,,NO,,NO,UNRESOLVED,NO,FACID absent from owned row-level state observations
CA_PENALTY_EVIDENCE,,010000974,3,,,NO,,NO,UNRESOLVED,NO,FACID absent from owned row-level state observations
CA_PENALTY_EVIDENCE,,010000976,2,,,NO,,NO,UNRESOLVED,NO,FACID absent from owned row-level state observations
CA_PENALTY_EVIDENCE,,010000980,24,ca-cdph-healthcare-facility-locations,010000980,YES,e74b6c8b-9001-40f2-b349-eded035d746d,NO,ALREADY_OWNED_EXACT,NO,Exact FACID in production state observation
CA_PENALTY_EVIDENCE,,010000985,4,ca-cdph-healthcare-facility-locations,010000985,YES,bd395366-f8db-4382-9193-c72b0b0c71d9,NO,ALREADY_OWNED_EXACT,NO,Exact FACID in production state observation
CA_PENALTY_EVIDENCE,,010000995,2,ca-cdph-healthcare-facility-locations,010000995,YES,365729e1-c9d8-4750-91b5-a743823bf6f1,NO,ALREADY_OWNED_EXACT,NO,Exact FACID in production state observation
CA_PENALTY_EVIDENCE,,010000998,11,,,NO,,NO,UNRESOLVED,NO,FACID absent from owned row-level state observations
CA_PENALTY_EVIDENCE,,010001001,2,,,NO,,NO,UNRESOLVED,NO,FACID absent from owned row-level state observations
CA_PENALTY_EVIDENCE,,010001005,7,,,NO,,NO,UNRESOLVED,NO,FACID absent from owned row-level state observations
CA_PENALTY_EVIDENCE,,010001007,15,ca-cdph-healthcare-facility-locations,010001007,YES,c7195ec5-dca5-4f32-8779-99d5a1a93aa7,NO,ALREADY_OWNED_EXACT,NO,Exact FACID in production state observation
CA_PENALTY_EVIDENCE,,010001009,1,,,NO,,NO,UNRESOLVED,NO,FACID absent from owned row-level state observations
CA_PENALTY_EVIDENCE,,010001011,2,,,NO,,NO,UNRESOLVED,NO,FACID absent from owned row-level state observations
CA_PENALTY_EVIDENCE,,010001031,2,,,NO,,NO,UNRESOLVED,NO,FACID absent from owned row-level state observations
CA_PENALTY_EVIDENCE,,010001037,6,ca-cdph-healthcare-facility-locations,010001037,YES,dd9f2b20-c50f-4663-9fef-1b7baf27c31e,NO,ALREADY_OWNED_EXACT,NO,Exact FACID in production state observation
CA_PENALTY_EVIDENCE,,010001124,3,,,NO,,NO,UNRESOLVED,NO,FACID absent from owned row-level state observations
CA_PENALTY_EVIDENCE,,010001128,5,,,NO,,NO,UNRESOLVED,NO,FACID absent from owned row-level state observations
CA_PENALTY_EVIDENCE,,010001139,2,,,NO,,NO,UNRESOLVED,NO,FACID absent from owned row-level state observations
CA_PENALTY_EVIDENCE,,010001140,12,ca-cdph-healthcare-facility-locations,010001140,YES,494bde6e-0a9e-4433-8a8a-79de7fa976de,NO,ALREADY_OWNED_EXACT,NO,Exact FACID in production state observation
CA_PENALTY_EVIDENCE,,010001142,2,,,NO,,NO,UNRESOLVED,NO,FACID absent from owned row-level state observations
CA_PENALTY_EVIDENCE,,010001143,1,,,NO,,NO,UNRESOLVED,NO,FACID absent from owned row-level state observations
CA_PENALTY_EVIDENCE,,020000004,2,,,NO,,NO,UNRESOLVED,NO,FACID absent from owned row-level state observations
CA_PENALTY_EVIDENCE,,020000005,2,ca-cdph-healthcare-facility-locations,020000005,YES,08dec6c6-99b8-4d79-b406-332d72a1bba3,NO,ALREADY_OWNED_EXACT,NO,Exact FACID in production state observation
CA_PENALTY_EVIDENCE,,020000010,8,ca-cdph-healthcare-facility-locations,020000010,YES,54066965-48ed-4ae1-b63c-4ead107b713e,NO,ALREADY_OWNED_EXACT,NO,Exact FACID in production state observation
CA_PENALTY_EVIDENCE,,020000015,1,ca-cdph-healthcare-facility-locations,020000015,YES,ce61af0f-6403-40c0-b853-18f1094d1d13,NO,ALREADY_OWNED_EXACT,NO,Exact FACID in production state observation
CA_PENALTY_EVIDENCE,,020000017,1,,,NO,,NO,UNRESOLVED,NO,FACID absent from owned row-level state observations
CA_PENALTY_EVIDENCE,,020000019,7,ca-cdph-healthcare-facility-locations,020000019,YES,e896d9ea-ff88-4af4-8468-fef9ed98726b,NO,ALREADY_OWNED_EXACT,NO,Exact FACID in production state observation
CA_PENALTY_EVIDENCE,,020000020,8,ca-cdph-healthcare-facility-locations,020000020,YES,0000cd52-f63b-4153-ae9b-6a5dd7303c61,NO,ALREADY_OWNED_EXACT,NO,Exact FACID in production state observation
CA_PENALTY_EVIDENCE,,020000026,17,ca-cdph-healthcare-facility-locations,020000026,YES,ae1f133c-f9dc-4c50-aedd-b37e3b9273a7,NO,ALREADY_OWNED_EXACT,NO,Exact FACID in production state observation
CA_PENALTY_EVIDENCE,,020000028,2,ca-cdph-healthcare-facility-locations,020000028,YES,f28478aa-dd82-4ebb-9cbb-a734faedf937,NO,ALREADY_OWNED_EXACT,NO,Exact FACID in production state observation
CA_PENALTY_EVIDENCE,,020000036,9,ca-cdph-healthcare-facility-locations,020000036,YES,e66f6cfe-dcde-4897-953d-b6d5096b8351,NO,ALREADY_OWNED_EXACT,NO,Exact FACID in production state observation
CA_PENALTY_EVIDENCE,,020000037,8,ca-cdph-healthcare-facility-locations,020000037,YES,cd79bdc1-cc52-42af-b8f4-ebfe54240391,NO,ALREADY_OWNED_EXACT,NO,Exact FACID in production state observation
CA_PENALTY_EVIDENCE,,020000039,1,ca-cdph-healthcare-facility-locations,020000039,YES,856b0414-371d-47ef-a272-32adc6c3345c,NO,ALREADY_OWNED_EXACT,NO,Exact FACID in production state observation
CA_PENALTY_EVIDENCE,,020000040,3,ca-cdph-healthcare-facility-locations,020000040,YES,710aa515-fe47-4a39-a42e-b9d3c4adf017,NO,ALREADY_OWNED_EXACT,NO,Exact FACID in production state observation
CA_PENALTY_EVIDENCE,,020000042,11,,,NO,,NO,UNRESOLVED,NO,FACID absent from owned row-level state observations
CA_PENALTY_EVIDENCE,,020000043,7,ca-cdph-healthcare-facility-locations,020000043,YES,3e719e8c-a674-4c9c-a0ab-271ca60d0fc3,NO,ALREADY_OWNED_EXACT,NO,Exact FACID in production state observation
CA_PENALTY_EVIDENCE,,020000047,7,ca-cdph-healthcare-facility-locations,020000047,YES,3338774f-3d5a-4e37-a659-a3632b4e877d,NO,ALREADY_OWNED_EXACT,NO,Exact FACID in production state observation
CA_PENALTY_EVIDENCE,,020000048,4,ca-cdph-healthcare-facility-locations,020000048,YES,1c2e3082-9adf-4cc6-8555-11b23be31269,NO,ALREADY_OWNED_EXACT,NO,Exact FACID in production state observation
CA_PENALTY_EVIDENCE,,020000053,6,ca-cdph-healthcare-facility-locations,020000053,YES,16853bab-5171-444c-bb7d-09241d1769d3,NO,ALREADY_OWNED_EXACT,NO,Exact FACID in production state observation
CA_PENALTY_EVIDENCE,,020000054,14,ca-cdph-healthcare-facility-locations,020000054,YES,dd63c823-1b9f-4bec-8c9c-0a3e3a286a8d,NO,ALREADY_OWNED_EXACT,NO,Exact FACID in production state observation
CA_PENALTY_EVIDENCE,,020000060,10,ca-cdph-healthcare-facility-locations,020000060,YES,3c9cea2e-0186-44f2-a9dc-937feefbd063,NO,ALREADY_OWNED_EXACT,NO,Exact FACID in production state observation
CA_PENALTY_EVIDENCE,,020000064,2,ca-cdph-healthcare-facility-locations,020000064,YES,f06df48e-13bd-48a1-940c-c96c29348bb2,NO,ALREADY_OWNED_EXACT,NO,Exact FACID in production state observation
CA_PENALTY_EVIDENCE,,020000065,12,ca-cdph-healthcare-facility-locations,020000065,YES,36c98237-9c05-4210-83a1-a87fce495a91,NO,ALREADY_OWNED_EXACT,NO,Exact FACID in production state observation
CA_PENALTY_EVIDENCE,,020000068,5,ca-cdph-healthcare-facility-locations,020000068,YES,b438dfcd-a88a-4d66-a95c-923ab701d609,NO,ALREADY_OWNED_EXACT,NO,Exact FACID in production state observation
CA_PENALTY_EVIDENCE,,020000070,8,ca-cdph-healthcare-facility-locations,020000070,YES,f239b978-c437-4159-9f26-ccf7ee9e2bc2,NO,ALREADY_OWNED_EXACT,NO,Exact FACID in production state observation
CA_PENALTY_EVIDENCE,,020000071,4,ca-cdph-healthcare-facility-locations,020000071,YES,58b1cf76-dacf-4f36-9763-8a09b324e099,NO,ALREADY_OWNED_EXACT,NO,Exact FACID in production state observation
CA_PENALTY_EVIDENCE,,020000072,1,,,NO,,NO,UNRESOLVED,NO,FACID absent from owned row-level state observations
CA_PENALTY_EVIDENCE,,020000074,12,ca-cdph-healthcare-facility-locations,020000074,YES,35ebb269-d90b-40fa-926f-6989b158b9c1,NO,ALREADY_OWNED_EXACT,NO,Exact FACID in production state observation
CA_PENALTY_EVIDENCE,,020000076,2,ca-cdph-healthcare-facility-locations,020000076,YES,262d7850-b544-481c-b20c-55b8cd3052ec,NO,ALREADY_OWNED_EXACT,NO,Exact FACID in production state observation
CA_PENALTY_EVIDENCE,,020000077,6,ca-cdph-healthcare-facility-locations,020000077,YES,fd0c3b53-ce6f-4b4a-8655-3aede9f9a474,NO,ALREADY_OWNED_EXACT,NO,Exact FACID in production state observation
CA_PENALTY_EVIDENCE,,020000079,12,ca-cdph-healthcare-facility-locations,020000079,YES,e1435924-6881-48f1-a7ff-5afc7e134099,NO,ALREADY_OWNED_EXACT,NO,Exact FACID in production state observation
CA_PENALTY_EVIDENCE,,020000084,6,,,NO,,NO,UNRESOLVED,NO,FACID absent from owned row-level state observations
CA_PENALTY_EVIDENCE,,020000087,12,ca-cdph-healthcare-facility-locations,020000087,YES,7ebe724d-dc35-4edd-9a36-d386c219fc56,NO,ALREADY_OWNED_EXACT,NO,Exact FACID in production state observation
CA_PENALTY_EVIDENCE,,020000090,21,ca-cdph-healthcare-facility-locations,020000090,YES,efc55f14-ac5e-48a2-a6fc-082d857db2b8,NO,ALREADY_OWNED_EXACT,NO,Exact FACID in production state observation
CA_PENALTY_EVIDENCE,,020000091,8,ca-cdph-healthcare-facility-locations,020000091,YES,712fd3f7-bac0-4f9d-8c92-577be906eac8,NO,ALREADY_OWNED_EXACT,NO,Exact FACID in production state observation
CA_PENALTY_EVIDENCE,,020000093,9,ca-cdph-healthcare-facility-locations,020000093,YES,8157b032-f710-4218-872a-b7cb5d39675a,NO,ALREADY_OWNED_EXACT,NO,Exact FACID in production state observation
CA_PENALTY_EVIDENCE,,020000094,12,ca-cdph-healthcare-facility-locations,020000094,YES,29a57a0a-f271-4ad0-82f6-191e6c9913be,NO,ALREADY_OWNED_EXACT,NO,Exact FACID in production state observation
CA_PENALTY_EVIDENCE,,020000099,2,ca-cdph-healthcare-facility-locations,020000099,YES,b0ac8464-854e-4493-ba51-5a436dd74a13,NO,ALREADY_OWNED_EXACT,NO,Exact FACID in production state observation
CA_PENALTY_EVIDENCE,,020000100,3,ca-cdph-healthcare-facility-locations,020000100,YES,de012f13-1d8c-4ef7-8b07-8829dc92a694,NO,ALREADY_OWNED_EXACT,NO,Exact FACID in production state observation
CA_PENALTY_EVIDENCE,,020000103,10,ca-cdph-healthcare-facility-locations,020000103,YES,368b6ec6-90c2-4b46-9fbc-0a2e760f53ac,NO,ALREADY_OWNED_EXACT,NO,Exact FACID in production state observation
CA_PENALTY_EVIDENCE,,020000107,5,,,NO,,NO,UNRESOLVED,NO,FACID absent from owned row-level state observations
CA_PENALTY_EVIDENCE,,020000109,1,,,NO,,NO,UNRESOLVED,NO,FACID absent from owned row-level state observations
CA_PENALTY_EVIDENCE,,020000110,10,ca-cdph-healthcare-facility-locations,020000110,YES,1bbc42d0-f86e-489f-ad38-b0fedc30cb75,NO,ALREADY_OWNED_EXACT,NO,Exact FACID in production state observation
CA_PENALTY_EVIDENCE,,020000111,1,ca-cdph-healthcare-facility-locations,020000111,YES,ac18ec97-c752-48a3-8604-75254cd9c050,NO,ALREADY_OWNED_EXACT,NO,Exact FACID in production state observation
CA_PENALTY_EVIDENCE,,020000112,7,ca-cdph-healthcare-facility-locations,020000112,YES,24d504cb-928b-4443-9b3a-97195fbc6c86,NO,ALREADY_OWNED_EXACT,NO,Exact FACID in production state observation
CA_PENALTY_EVIDENCE,,020000114,2,ca-cdph-healthcare-facility-locations,020000114,YES,08e750f6-e031-4d6f-93d3-6cf2593bd703,NO,ALREADY_OWNED_EXACT,NO,Exact FACID in production state observation
CA_PENALTY_EVIDENCE,,020000115,12,ca-cdph-healthcare-facility-locations,020000115,YES,dc259b0f-2802-4226-bf47-b80d63f07ed7,NO,ALREADY_OWNED_EXACT,NO,Exact FACID in production state observation
CA_PENALTY_EVIDENCE,,020000116,15,ca-cdph-healthcare-facility-locations,020000116,YES,3c0ddc98-99ad-4dc5-823b-52c1edb63138,NO,ALREADY_OWNED_EXACT,NO,Exact FACID in production state observation
CA_PENALTY_EVIDENCE,,020000119,9,ca-cdph-healthcare-facility-locations,020000119,YES,d1f9d65a-6a78-4da5-b878-95691aff70da,NO,ALREADY_OWNED_EXACT,NO,Exact FACID in production state observation
CA_PENALTY_EVIDENCE,,020000123,9,ca-cdph-healthcare-facility-locations,020000123,YES,8261e0d7-6b01-4eeb-bff3-4e88d34455f0,NO,ALREADY_OWNED_EXACT,NO,Exact FACID in production state observation
CA_PENALTY_EVIDENCE,,020000124,2,ca-cdph-healthcare-facility-locations,020000124,YES,46cea0c3-8574-4155-952e-f7a370438c97,NO,ALREADY_OWNED_EXACT,NO,Exact FACID in production state observation
CA_PENALTY_EVIDENCE,,020000125,10,ca-cdph-healthcare-facility-locations,020000125,YES,ae307cc4-8975-4b4e-96ee-11e59de3b396,NO,ALREADY_OWNED_EXACT,NO,Exact FACID in production state observation
CA_PENALTY_EVIDENCE,,020000128,9,ca-cdph-healthcare-facility-locations,020000128,YES,722d76a5-ced2-4cab-b0f3-1c703d0cd73d,NO,ALREADY_OWNED_EXACT,NO,Exact FACID in production state observation
CA_PENALTY_EVIDENCE,,020000132,9,ca-cdph-healthcare-facility-locations,020000132,YES,f42ce432-d418-43c5-a915-8d0c70cf5e65,NO,ALREADY_OWNED_EXACT,NO,Exact FACID in production state observation
CA_PENALTY_EVIDENCE,,020000133,18,ca-cdph-healthcare-facility-locations,020000133,YES,f2eadbb5-3cd9-47c7-9b74-8df1cecf349c,NO,ALREADY_OWNED_EXACT,NO,Exact FACID in production state observation
CA_PENALTY_EVIDENCE,,020000135,16,ca-cdph-healthcare-facility-locations,020000135,YES,9be2a00f-2f09-4810-bdef-ec6043b2d714,NO,ALREADY_OWNED_EXACT,NO,Exact FACID in production state observation
CA_PENALTY_EVIDENCE,,020000142,1,,,NO,,NO,UNRESOLVED,NO,FACID absent from owned row-level state observations
CA_PENALTY_EVIDENCE,,020000161,1,,,NO,,NO,UNRESOLVED,NO,FACID absent from owned row-level state observations
CA_PENALTY_EVIDENCE,,020000274,11,ca-cdph-healthcare-facility-locations,020000274,YES,4804db98-f971-4e61-aee1-6bad228b1d06,NO,ALREADY_OWNED_EXACT,NO,Exact FACID in production state observation
CA_PENALTY_EVIDENCE,,020000275,15,ca-cdph-healthcare-facility-locations,020000275,YES,4a0c030f-1076-4aec-8b22-975fa18ab315,NO,ALREADY_OWNED_EXACT,NO,Exact FACID in production state observation
CA_PENALTY_EVIDENCE,,020000276,7,ca-cdph-healthcare-facility-locations,020000276,YES,93c35921-1061-4c2e-9073-25de5ed4624a,NO,ALREADY_OWNED_EXACT,NO,Exact FACID in production state observation
CA_PENALTY_EVIDENCE,,020000277,16,ca-cdph-healthcare-facility-locations,020000277,YES,8fa9827a-6db5-4caf-b4d2-4e237d44666d,NO,ALREADY_OWNED_EXACT,NO,Exact FACID in production state observation
CA_PENALTY_EVIDENCE,,020000629,1,,,NO,,NO,UNRESOLVED,NO,FACID absent from owned row-level state observations
CA_PENALTY_EVIDENCE,,020000630,1,,,NO,,NO,UNRESOLVED,NO,FACID absent from owned row-level state observations
CA_PENALTY_EVIDENCE,,020000647,1,,,NO,,NO,UNRESOLVED,NO,FACID absent from owned row-level state observations
CA_PENALTY_EVIDENCE,,020000648,1,,,NO,,NO,UNRESOLVED,NO,FACID absent from owned row-level state observations
CA_PENALTY_EVIDENCE,,020000677,1,,,NO,,NO,UNRESOLVED,NO,FACID absent from owned row-level state observations
CA_PENALTY_EVIDENCE,,020000681,1,,,NO,,NO,UNRESOLVED,NO,FACID absent from owned row-level state observations
CA_PENALTY_EVIDENCE,,020000685,1,,,NO,,NO,UNRESOLVED,NO,FACID absent from owned row-level state observations
CA_PENALTY_EVIDENCE,,020000808,6,ca-cdph-healthcare-facility-locations,020000808,YES,92867d43-9d93-4392-bebc-9d64ea7fd443,NO,ALREADY_OWNED_EXACT,NO,Exact FACID in production state observation
CA_PENALTY_EVIDENCE,,020000813,5,,,NO,,NO,UNRESOLVED,NO,FACID absent from owned row-level state observations
CA_PENALTY_EVIDENCE,,020000817,2,,,NO,,NO,UNRESOLVED,NO,FACID absent from owned row-level state observations
CA_PENALTY_EVIDENCE,,020000836,3,,,NO,,NO,UNRESOLVED,NO,FACID absent from owned row-level state observations
CA_PENALTY_EVIDENCE,,020000877,1,,,NO,,NO,UNRESOLVED,NO,FACID absent from owned row-level state observations
CA_PENALTY_EVIDENCE,,020000880,2,ca-cdph-healthcare-facility-locations,020000880,YES,3f79f177-c06f-457f-afa7-0d483d2b9102,NO,ALREADY_OWNED_EXACT,NO,Exact FACID in production state observation
CA_PENALTY_EVIDENCE,,020000895,7,,,NO,,NO,UNRESOLVED,NO,FACID absent from owned row-level state observations
CA_PENALTY_EVIDENCE,,020000911,1,,,NO,,NO,UNRESOLVED,NO,FACID absent from owned row-level state observations
CA_PENALTY_EVIDENCE,,020000915,1,,,NO,,NO,UNRESOLVED,NO,FACID absent from owned row-level state observations
CA_PENALTY_EVIDENCE,,020000924,1,,,NO,,NO,UNRESOLVED,NO,FACID absent from owned row-level state observations
CA_PENALTY_EVIDENCE,,020001052,2,,,NO,,NO,UNRESOLVED,NO,FACID absent from owned row-level state observations
CA_PENALTY_EVIDENCE,,020001114,1,,,NO,,NO,UNRESOLVED,NO,FACID absent from owned row-level state observations
CA_PENALTY_EVIDENCE,,020001156,2,,,NO,,NO,UNRESOLVED,NO,FACID absent from owned row-level state observations
CA_PENALTY_EVIDENCE,,020001179,2,,,NO,,NO,UNRESOLVED,NO,FACID absent from owned row-level state observations
CA_PENALTY_EVIDENCE,,020001250,1,ca-cdph-healthcare-facility-locations,020001250,YES,9d3d9e88-55aa-469e-8cf2-e68fcaa75d2a,NO,ALREADY_OWNED_EXACT,NO,Exact FACID in production state observation
CA_PENALTY_EVIDENCE,,020001263,1,,,NO,,NO,UNRESOLVED,NO,FACID absent from owned row-level state observations
CA_PENALTY_EVIDENCE,,020001289,1,,,NO,,NO,UNRESOLVED,NO,FACID absent from owned row-level state observations
CA_PENALTY_EVIDENCE,,020001292,1,,,NO,,NO,UNRESOLVED,NO,FACID absent from owned row-level state observations
CA_PENALTY_EVIDENCE,,030000004,11,ca-cdph-healthcare-facility-locations,030000004,YES,2ae48ad7-044c-4603-a427-7d72d8b8b98d,NO,ALREADY_OWNED_EXACT,NO,Exact FACID in production state observation
CA_PENALTY_EVIDENCE,,030000005,4,ca-cdph-healthcare-facility-locations,030000005,YES,a6a582a1-23b3-4742-b0c0-2b03c626c63b,NO,ALREADY_OWNED_EXACT,NO,Exact FACID in production state observation
CA_PENALTY_EVIDENCE,,030000007,4,,,NO,,NO,UNRESOLVED,NO,FACID absent from owned row-level state observations
CA_PENALTY_EVIDENCE,,030000011,9,ca-cdph-healthcare-facility-locations,030000011,YES,002a37b6-9e72-475c-8707-b84ee8ab0cb3,NO,ALREADY_OWNED_EXACT,NO,Exact FACID in production state observation
CA_PENALTY_EVIDENCE,,030000012,22,ca-cdph-healthcare-facility-locations,030000012,YES,112caa8f-597d-4ad4-86d0-cac0801db31e,NO,ALREADY_OWNED_EXACT,NO,Exact FACID in production state observation
CA_PENALTY_EVIDENCE,,030000013,2,ca-cdph-healthcare-facility-locations,030000013,YES,56d98cdf-ff3a-4b04-8c9f-7810110cabd5,NO,ALREADY_OWNED_EXACT,NO,Exact FACID in production state observation
CA_PENALTY_EVIDENCE,,030000016,1,ca-cdph-healthcare-facility-locations,030000016,YES,93e45aee-d8d6-4cbb-9438-30050786a582,NO,ALREADY_OWNED_EXACT,NO,Exact FACID in production state observation
CA_PENALTY_EVIDENCE,,030000019,52,ca-cdph-healthcare-facility-locations,030000019,YES,62d3dc6a-1dc0-491b-84bb-42f125bce4d2,NO,ALREADY_OWNED_EXACT,NO,Exact FACID in production state observation
CA_PENALTY_EVIDENCE,,030000020,30,,,NO,,NO,UNRESOLVED,NO,FACID absent from owned row-level state observations
CA_PENALTY_EVIDENCE,,030000023,2,ca-cdph-healthcare-facility-locations,030000023,YES,db526769-8537-4983-804f-609079275339,NO,ALREADY_OWNED_EXACT,NO,Exact FACID in production state observation
CA_PENALTY_EVIDENCE,,030000024,24,ca-cdph-healthcare-facility-locations,030000024,YES,397cfd37-fdb4-4b1c-b08f-86ae189ffc09,NO,ALREADY_OWNED_EXACT,NO,Exact FACID in production state observation
CA_PENALTY_EVIDENCE,,030000028,9,ca-cdph-healthcare-facility-locations,030000028,YES,0894471d-f049-4508-9f04-8821744c512f,NO,ALREADY_OWNED_EXACT,NO,Exact FACID in production state observation
CA_PENALTY_EVIDENCE,,030000037,13,,,NO,,NO,UNRESOLVED,NO,FACID absent from owned row-level state observations
CA_PENALTY_EVIDENCE,,030000046,22,ca-cdph-healthcare-facility-locations,030000046,YES,e77fb573-d1fd-48a4-9007-c9513314d57b,NO,ALREADY_OWNED_EXACT,NO,Exact FACID in production state observation
CA_PENALTY_EVIDENCE,,030000047,14,ca-cdph-healthcare-facility-locations,030000047,YES,e3f060bc-096a-40d6-a3d7-6c6041717fb6,NO,ALREADY_OWNED_EXACT,NO,Exact FACID in production state observation
CA_PENALTY_EVIDENCE,,030000050,7,ca-cdph-healthcare-facility-locations,030000050,YES,409aeabc-985f-4bb8-9887-f0808db84c54,NO,ALREADY_OWNED_EXACT,NO,Exact FACID in production state observation
CA_PENALTY_EVIDENCE,,030000053,8,ca-cdph-healthcare-facility-locations,030000053,YES,3ae8117c-c2a9-40a5-8582-b0cbb59cc12e,NO,ALREADY_OWNED_EXACT,NO,Exact FACID in production state observation
CA_PENALTY_EVIDENCE,,030000060,4,ca-cdph-healthcare-facility-locations,030000060,YES,2917131e-4af6-43f9-b01e-8639e4f116c7,NO,ALREADY_OWNED_EXACT,NO,Exact FACID in production state observation
CA_PENALTY_EVIDENCE,,030000063,8,ca-cdph-healthcare-facility-locations,030000063,YES,0ec209b1-43ef-4f0b-88b0-9f316525145e,NO,ALREADY_OWNED_EXACT,NO,Exact FACID in production state observation
CA_PENALTY_EVIDENCE,,030000066,3,ca-cdph-healthcare-facility-locations,030000066,YES,2221e63c-3cb3-4331-ab65-3dff1467b323,NO,ALREADY_OWNED_EXACT,NO,Exact FACID in production state observation
CA_PENALTY_EVIDENCE,,030000067,22,ca-cdph-healthcare-facility-locations,030000067,YES,9aea9fc2-8b04-4dc3-89e0-b13e00a971f7,NO,ALREADY_OWNED_EXACT,NO,Exact FACID in production state observation
CA_PENALTY_EVIDENCE,,030000071,20,ca-cdph-healthcare-facility-locations,030000071,YES,33f12254-c2e9-46ac-bff6-da0a44a7f75f,NO,ALREADY_OWNED_EXACT,NO,Exact FACID in production state observation
CA_PENALTY_EVIDENCE,,030000074,22,ca-cdph-healthcare-facility-locations,030000074,YES,073c1589-88e3-43bd-b41e-2e75c9cc13e0,NO,ALREADY_OWNED_EXACT,NO,Exact FACID in production state observation
CA_PENALTY_EVIDENCE,,030000076,13,ca-cdph-healthcare-facility-locations,030000076,YES,3fce2375-8cd1-4427-ae5e-2ab21c92b153,NO,ALREADY_OWNED_EXACT,NO,Exact FACID in production state observation
CA_PENALTY_EVIDENCE,,030000079,11,ca-cdph-healthcare-facility-locations,030000079,YES,f4540ed5-175f-4bad-9201-1d634c586780,NO,ALREADY_OWNED_EXACT,NO,Exact FACID in production state observation
CA_PENALTY_EVIDENCE,,030000083,2,,,NO,,NO,UNRESOLVED,NO,FACID absent from owned row-level state observations
CA_PENALTY_EVIDENCE,,030000085,14,ca-cdph-healthcare-facility-locations,030000085,YES,c8113da6-2fdf-45e2-a3a7-e78996f365d3,NO,ALREADY_OWNED_EXACT,NO,Exact FACID in production state observation
CA_PENALTY_EVIDENCE,,030000088,13,ca-cdph-healthcare-facility-locations,030000088,YES,b1cb637d-8263-42d6-b96c-4408d25ff3c8,NO,ALREADY_OWNED_EXACT,NO,Exact FACID in production state observation
CA_PENALTY_EVIDENCE,,030000090,12,ca-cdph-healthcare-facility-locations,030000090,YES,7cd046e4-009e-49e3-9f14-fa57e7ab62f2,NO,ALREADY_OWNED_EXACT,NO,Exact FACID in production state observation
CA_PENALTY_EVIDENCE,,030000096,2,ca-cdph-healthcare-facility-locations,030000096,YES,e48c145b-0b9e-40bf-aa25-28aba5183c65,NO,ALREADY_OWNED_EXACT,NO,Exact FACID in production state observation
CA_PENALTY_EVIDENCE,,030000105,25,ca-cdph-healthcare-facility-locations,030000105,YES,ae741555-a4e4-4c00-9525-6b6c4179ba89,NO,ALREADY_OWNED_EXACT,NO,Exact FACID in production state observation
CA_PENALTY_EVIDENCE,,030000108,2,,,NO,,NO,UNRESOLVED,NO,FACID absent from owned row-level state observations
CA_PENALTY_EVIDENCE,,030000112,5,,,NO,,NO,UNRESOLVED,NO,FACID absent from owned row-level state observations
CA_PENALTY_EVIDENCE,,030000113,34,,,NO,,NO,UNRESOLVED,NO,FACID absent from owned row-level state observations
CA_PENALTY_EVIDENCE,,030000114,2,,,NO,,NO,UNRESOLVED,NO,FACID absent from owned row-level state observations
CA_PENALTY_EVIDENCE,,030000117,6,,,NO,,NO,UNRESOLVED,NO,FACID absent from owned row-level state observations
CA_PENALTY_EVIDENCE,,030000118,6,,,NO,,NO,UNRESOLVED,NO,FACID absent from owned row-level state observations
CA_PENALTY_EVIDENCE,,030000120,4,,,NO,,NO,UNRESOLVED,NO,FACID absent from owned row-level state observations
CA_PENALTY_EVIDENCE,,030000121,15,,,NO,,NO,UNRESOLVED,NO,FACID absent from owned row-level state observations
CA_PENALTY_EVIDENCE,,030000122,15,,,NO,,NO,UNRESOLVED,NO,FACID absent from owned row-level state observations
CA_PENALTY_EVIDENCE,,030000123,14,,,NO,,NO,UNRESOLVED,NO,FACID absent from owned row-level state observations
CA_PENALTY_EVIDENCE,,030000124,8,,,NO,,NO,UNRESOLVED,NO,FACID absent from owned row-level state observations
CA_PENALTY_EVIDENCE,,030000125,6,,,NO,,NO,UNRESOLVED,NO,FACID absent from owned row-level state observations
CA_PENALTY_EVIDENCE,,030000127,19,,,NO,,NO,UNRESOLVED,NO,FACID absent from owned row-level state observations
CA_PENALTY_EVIDENCE,,030000129,3,,,NO,,NO,UNRESOLVED,NO,FACID absent from owned row-level state observations
CA_PENALTY_EVIDENCE,,030000130,33,,,NO,,NO,UNRESOLVED,NO,FACID absent from owned row-level state observations
CA_PENALTY_EVIDENCE,,030000133,10,,,NO,,NO,UNRESOLVED,NO,FACID absent from owned row-level state observations
CA_PENALTY_EVIDENCE,,030000134,15,,,NO,,NO,UNRESOLVED,NO,FACID absent from owned row-level state observations
CA_PENALTY_EVIDENCE,,030000135,16,,,NO,,NO,UNRESOLVED,NO,FACID absent from owned row-level state observations
CA_PENALTY_EVIDENCE,,030000143,13,,,NO,,NO,UNRESOLVED,NO,FACID absent from owned row-level state observations
CA_PENALTY_EVIDENCE,,030000146,4,,,NO,,NO,UNRESOLVED,NO,FACID absent from owned row-level state observations
CA_PENALTY_EVIDENCE,,030000149,6,,,NO,,NO,UNRESOLVED,NO,FACID absent from owned row-level state observations
CA_PENALTY_EVIDENCE,,030000151,21,,,NO,,NO,UNRESOLVED,NO,FACID absent from owned row-level state observations
CA_PENALTY_EVIDENCE,,030000160,21,,,NO,,NO,UNRESOLVED,NO,FACID absent from owned row-level state observations
CA_PENALTY_EVIDENCE,,030000165,2,ca-cdph-healthcare-facility-locations,030000165,YES,a5c5e4c2-14ea-400f-ad83-371f2b169c7f,NO,ALREADY_OWNED_EXACT,NO,Exact FACID in production state observation
CA_PENALTY_EVIDENCE,,030000280,21,ca-cdph-healthcare-facility-locations,030000280,YES,ff0983ab-5133-4b56-addd-baa3d7ebaa1c,NO,ALREADY_OWNED_EXACT,NO,Exact FACID in production state observation
CA_PENALTY_EVIDENCE,,030000288,6,ca-cdph-healthcare-facility-locations,030000288,YES,e72e5206-d191-412b-85c1-a89cc6714a1d,NO,ALREADY_OWNED_EXACT,NO,Exact FACID in production state observation
CA_PENALTY_EVIDENCE,,030000320,3,,,NO,,NO,UNRESOLVED,NO,FACID absent from owned row-level state observations
CA_PENALTY_EVIDENCE,,030000530,4,ca-cdph-healthcare-facility-locations,030000530,YES,c30e53c9-e6d3-433f-8508-fe71b06c6844,NO,ALREADY_OWNED_EXACT,NO,Exact FACID in production state observation
CA_PENALTY_EVIDENCE,,030000550,2,,,NO,,NO,UNRESOLVED,NO,FACID absent from owned row-level state observations
CA_PENALTY_EVIDENCE,,030000560,11,ca-cdph-healthcare-facility-locations,030000560,YES,ae5df9dc-9325-4516-b837-1a613df8a5e1,NO,ALREADY_OWNED_EXACT,NO,Exact FACID in production state observation
CA_PENALTY_EVIDENCE,,030000589,15,ca-cdph-healthcare-facility-locations,030000589,YES,74410757-02ba-45cf-8fab-38d61c028e7c,NO,ALREADY_OWNED_EXACT,NO,Exact FACID in production state observation
CA_PENALTY_EVIDENCE,,030000804,2,,,NO,,NO,UNRESOLVED,NO,FACID absent from owned row-level state observations
CA_PENALTY_EVIDENCE,,030000820,21,ca-cdph-healthcare-facility-locations,030000820,YES,cdc4dbcd-fff3-4abf-8948-e7b826e30d41,NO,ALREADY_OWNED_EXACT,NO,Exact FACID in production state observation
CA_PENALTY_EVIDENCE,,030000822,1,,,NO,,NO,UNRESOLVED,NO,FACID absent from owned row-level state observations
CA_PENALTY_EVIDENCE,,030000852,10,,,NO,,NO,UNRESOLVED,NO,FACID absent from owned row-level state observations
CA_PENALTY_EVIDENCE,,030000854,10,ca-cdph-healthcare-facility-locations,030000854,YES,5b0d82f2-5b03-46ce-993b-061579e6c31f,NO,ALREADY_OWNED_EXACT,NO,Exact FACID in production state observation
CA_PENALTY_EVIDENCE,,030000860,2,,,NO,,NO,UNRESOLVED,NO,FACID absent from owned row-level state observations
CA_PENALTY_EVIDENCE,,030000862,1,,,NO,,NO,UNRESOLVED,NO,FACID absent from owned row-level state observations
CA_PENALTY_EVIDENCE,,030000878,1,,,NO,,NO,UNRESOLVED,NO,FACID absent from owned row-level state observations
CA_PENALTY_EVIDENCE,,030000901,6,,,NO,,NO,UNRESOLVED,NO,FACID absent from owned row-level state observations
CA_PENALTY_EVIDENCE,,030000907,1,,,NO,,NO,UNRESOLVED,NO,FACID absent from owned row-level state observations
CA_PENALTY_EVIDENCE,,030000973,7,,,NO,,NO,UNRESOLVED,NO,FACID absent from owned row-level state observations
CA_PENALTY_EVIDENCE,,030001004,8,ca-cdph-healthcare-facility-locations,030001004,YES,d7ac3940-8199-4e2c-99e7-dd60828cc279,NO,ALREADY_OWNED_EXACT,NO,Exact FACID in production state observation
CA_PENALTY_EVIDENCE,,030001064,1,,,NO,,NO,UNRESOLVED,NO,FACID absent from owned row-level state observations
CA_PENALTY_EVIDENCE,,030001081,2,,,NO,,NO,UNRESOLVED,NO,FACID absent from owned row-level state observations
CA_PENALTY_EVIDENCE,,030001168,11,ca-cdph-healthcare-facility-locations,030001168,YES,b7581490-4f7f-43e5-892e-219ec2e65305,NO,ALREADY_OWNED_EXACT,NO,Exact FACID in production state observation
CA_PENALTY_EVIDENCE,,030001202,7,,,NO,,NO,UNRESOLVED,NO,FACID absent from owned row-level state observations
CA_PENALTY_EVIDENCE,,030001254,5,,,NO,,NO,UNRESOLVED,NO,FACID absent from owned row-level state observations
CA_PENALTY_EVIDENCE,,030001370,18,,,NO,,NO,UNRESOLVED,NO,FACID absent from owned row-level state observations
CA_PENALTY_EVIDENCE,,030001525,1,ca-cdph-healthcare-facility-locations,030001525,YES,4158bd94-2c53-4522-8469-c939ce726b0a,NO,ALREADY_OWNED_EXACT,NO,Exact FACID in production state observation
CA_PENALTY_EVIDENCE,,030001605,14,ca-cdph-healthcare-facility-locations,030001605,YES,92c97bab-a3c7-42fa-97df-1d92b97c459c,NO,ALREADY_OWNED_EXACT,NO,Exact FACID in production state observation
CA_PENALTY_EVIDENCE,,030001615,16,ca-cdph-healthcare-facility-locations,030001615,YES,facd013d-59b0-4211-aaf1-e76cd24fe520,NO,ALREADY_OWNED_EXACT,NO,Exact FACID in production state observation
CA_PENALTY_EVIDENCE,,030001657,1,ca-cdph-healthcare-facility-locations,030001657,YES,c728713b-2887-4ddb-9820-63ded8c10787,NO,ALREADY_OWNED_EXACT,NO,Exact FACID in production state observation
CA_PENALTY_EVIDENCE,,030001661,1,,,NO,,NO,UNRESOLVED,NO,FACID absent from owned row-level state observations
CA_PENALTY_EVIDENCE,,030001799,9,,,NO,,NO,UNRESOLVED,NO,FACID absent from owned row-level state observations
CA_PENALTY_EVIDENCE,,030001812,20,ca-cdph-healthcare-facility-locations,030001812,YES,673bad8f-493b-4d4c-8c3a-d67a8800c6ba,NO,ALREADY_OWNED_EXACT,NO,Exact FACID in production state observation
CA_PENALTY_EVIDENCE,,030001815,13,ca-cdph-healthcare-facility-locations,030001815,YES,a73024a5-10c4-4f36-ad90-98db4941415b,NO,ALREADY_OWNED_EXACT,NO,Exact FACID in production state observation
CA_PENALTY_EVIDENCE,,030001817,17,ca-cdph-healthcare-facility-locations,030001817,YES,b80e5b35-bb8f-496f-ab46-5177e425f729,NO,ALREADY_OWNED_EXACT,NO,Exact FACID in production state observation
CA_PENALTY_EVIDENCE,,030001819,11,ca-cdph-healthcare-facility-locations,030001819,YES,2731d6bc-d8d8-4302-a6b3-a31f2ed5becf,NO,ALREADY_OWNED_EXACT,NO,Exact FACID in production state observation
CA_PENALTY_EVIDENCE,,030001821,6,ca-cdph-healthcare-facility-locations,030001821,YES,a617e2e6-9759-467d-882a-0609d1e96bab,NO,ALREADY_OWNED_EXACT,NO,Exact FACID in production state observation
CA_PENALTY_EVIDENCE,,030001823,9,ca-cdph-healthcare-facility-locations,030001823,YES,5114858a-457d-4359-98aa-70d50529ae72,NO,ALREADY_OWNED_EXACT,NO,Exact FACID in production state observation
CA_PENALTY_EVIDENCE,,030001825,10,ca-cdph-healthcare-facility-locations,030001825,YES,39752f3f-706c-4f72-ae80-b26f2b4f3ead,NO,ALREADY_OWNED_EXACT,NO,Exact FACID in production state observation
CA_PENALTY_EVIDENCE,,030001827,15,ca-cdph-healthcare-facility-locations,030001827,YES,6e1db090-9033-4ffc-b1ae-5ba57f787f08,NO,ALREADY_OWNED_EXACT,NO,Exact FACID in production state observation
CA_PENALTY_EVIDENCE,,030001829,3,ca-cdph-healthcare-facility-locations,030001829,YES,d5276cc4-2b98-43b8-8a4a-c1563eb01635,NO,ALREADY_OWNED_EXACT,NO,Exact FACID in production state observation
CA_PENALTY_EVIDENCE,,030001831,26,ca-cdph-healthcare-facility-locations,030001831,YES,4406dd6e-d2cb-49c0-b5b2-fb27b9929793,NO,ALREADY_OWNED_EXACT,NO,Exact FACID in production state observation
CA_PENALTY_EVIDENCE,,040000002,1,ca-cdph-healthcare-facility-locations,040000002,YES,ed68749e-7e1e-4b6c-bcfe-07bf7a572628,NO,ALREADY_OWNED_EXACT,NO,Exact FACID in production state observation
CA_PENALTY_EVIDENCE,,040000004,17,ca-cdph-healthcare-facility-locations,040000004,YES,115f68fb-5a50-488b-8c30-46d6d05f3122,NO,ALREADY_OWNED_EXACT,NO,Exact FACID in production state observation
CA_PENALTY_EVIDENCE,,040000007,10,,,NO,,NO,UNRESOLVED,NO,FACID absent from owned row-level state observations
CA_PENALTY_EVIDENCE,,040000010,5,ca-cdph-healthcare-facility-locations,040000010,YES,e526a6b0-001c-4581-a66f-869710b0db7e,NO,ALREADY_OWNED_EXACT,NO,Exact FACID in production state observation
CA_PENALTY_EVIDENCE,,040000012,7,ca-cdph-healthcare-facility-locations,040000012,YES,c0716afe-9e18-44a7-a1ac-24389bcc86fb,NO,ALREADY_OWNED_EXACT,NO,Exact FACID in production state observation
CA_PENALTY_EVIDENCE,,040000013,1,ca-cdph-healthcare-facility-locations,040000013,YES,3db8a3e7-5855-4fd9-a1a0-699521a3214b,NO,ALREADY_OWNED_EXACT,NO,Exact FACID in production state observation
CA_PENALTY_EVIDENCE,,040000014,4,ca-cdph-healthcare-facility-locations,040000014,YES,729d96b3-4a69-494d-b650-55e463b251e4,NO,ALREADY_OWNED_EXACT,NO,Exact FACID in production state observation
CA_PENALTY_EVIDENCE,,040000015,8,ca-cdph-healthcare-facility-locations,040000015,YES,f9d6f47e-24c1-44c5-8a75-0215cb4b0654,NO,ALREADY_OWNED_EXACT,NO,Exact FACID in production state observation
CA_PENALTY_EVIDENCE,,040000018,6,ca-cdph-healthcare-facility-locations,040000018,YES,f075b0ae-2284-4c69-9971-a1116f2643ff,NO,ALREADY_OWNED_EXACT,NO,Exact FACID in production state observation
CA_PENALTY_EVIDENCE,,040000019,4,ca-cdph-healthcare-facility-locations,040000019,YES,f6e0bf76-ec00-4325-8517-16698e57b355,NO,ALREADY_OWNED_EXACT,NO,Exact FACID in production state observation
CA_PENALTY_EVIDENCE,,040000022,5,,,NO,,NO,UNRESOLVED,NO,FACID absent from owned row-level state observations
CA_PENALTY_EVIDENCE,,040000025,12,ca-cdph-healthcare-facility-locations,040000025,YES,badf4e5b-fa30-48c3-8502-09d4f4e62ba8,NO,ALREADY_OWNED_EXACT,NO,Exact FACID in production state observation
CA_PENALTY_EVIDENCE,,040000026,3,ca-cdph-healthcare-facility-locations,040000026,YES,40bab157-0f7b-48e7-8797-d68c3f917eff,NO,ALREADY_OWNED_EXACT,NO,Exact FACID in production state observation
CA_PENALTY_EVIDENCE,,040000027,2,ca-cdph-healthcare-facility-locations,040000027,YES,b2e7bc6f-bd88-4d07-99a7-4c296975b860,NO,ALREADY_OWNED_EXACT,NO,Exact FACID in production state observation
CA_PENALTY_EVIDENCE,,040000031,2,ca-cdph-healthcare-facility-locations,040000031,YES,3b300972-d5bf-439a-911c-e06cd5882799,NO,ALREADY_OWNED_EXACT,NO,Exact FACID in production state observation
CA_PENALTY_EVIDENCE,,040000033,2,ca-cdph-healthcare-facility-locations,040000033,YES,ad247609-b3e6-4ce5-a60c-152875bf965e,NO,ALREADY_OWNED_EXACT,NO,Exact FACID in production state observation
CA_PENALTY_EVIDENCE,,040000034,7,ca-cdph-healthcare-facility-locations,040000034,YES,9340aa43-9502-4951-864e-361ae2b9e0b4,NO,ALREADY_OWNED_EXACT,NO,Exact FACID in production state observation
CA_PENALTY_EVIDENCE,,040000035,7,ca-cdph-healthcare-facility-locations,040000035,YES,3cf8e71e-39fe-4da0-8224-ec03f097e2e4,NO,ALREADY_OWNED_EXACT,NO,Exact FACID in production state observation
CA_PENALTY_EVIDENCE,,040000036,8,ca-cdph-healthcare-facility-locations,040000036,YES,aa0c372e-86ed-4f98-89cd-54f060900420,NO,ALREADY_OWNED_EXACT,NO,Exact FACID in production state observation
CA_PENALTY_EVIDENCE,,040000037,4,ca-cdph-healthcare-facility-locations,040000037,YES,fdcc048b-7b4b-4a41-8ccf-901e877c790b,NO,ALREADY_OWNED_EXACT,NO,Exact FACID in production state observation
CA_PENALTY_EVIDENCE,,040000038,1,,,NO,,NO,UNRESOLVED,NO,FACID absent from owned row-level state observations
CA_PENALTY_EVIDENCE,,040000039,2,ca-cdph-healthcare-facility-locations,040000039,YES,3c63690d-509d-4fa8-9b9b-91b510023a29,NO,ALREADY_OWNED_EXACT,NO,Exact FACID in production state observation
CA_PENALTY_EVIDENCE,,040000042,1,ca-cdph-healthcare-facility-locations,040000042,YES,828b18dd-4f2d-4282-9759-6e02ca98f333,NO,ALREADY_OWNED_EXACT,NO,Exact FACID in production state observation
CA_PENALTY_EVIDENCE,,040000043,9,ca-cdph-healthcare-facility-locations,040000043,YES,1f7d4461-c2e3-40e8-8a76-0d1b1cc4b2b3,NO,ALREADY_OWNED_EXACT,NO,Exact FACID in production state observation
CA_PENALTY_EVIDENCE,,040000046,1,ca-cdph-healthcare-facility-locations,040000046,YES,545ec0bf-4fe9-4445-9c91-af4b10e66fa5,NO,ALREADY_OWNED_EXACT,NO,Exact FACID in production state observation
CA_PENALTY_EVIDENCE,,040000047,8,ca-cdph-healthcare-facility-locations,040000047,YES,ae47b490-9cbe-4b24-8b25-adc091ab8968,NO,ALREADY_OWNED_EXACT,NO,Exact FACID in production state observation
CA_PENALTY_EVIDENCE,,040000048,3,ca-cdph-healthcare-facility-locations,040000048,YES,52c59ed7-cb8e-4eda-b289-d28bb09ca014,NO,ALREADY_OWNED_EXACT,NO,Exact FACID in production state observation
CA_PENALTY_EVIDENCE,,040000049,5,ca-cdph-healthcare-facility-locations,040000049,YES,667f476a-ae8d-4cb4-91d3-1d3f459073d9,NO,ALREADY_OWNED_EXACT,NO,Exact FACID in production state observation
CA_PENALTY_EVIDENCE,,040000050,7,ca-cdph-healthcare-facility-locations,040000050,YES,eefaf490-c9cf-46d5-8d69-fa22d55af128,NO,ALREADY_OWNED_EXACT,NO,Exact FACID in production state observation
CA_PENALTY_EVIDENCE,,040000051,4,ca-cdph-healthcare-facility-locations,040000051,YES,c8d4d4a9-8f76-4fc3-87c6-be2a5bae6fe8,NO,ALREADY_OWNED_EXACT,NO,Exact FACID in production state observation
CA_PENALTY_EVIDENCE,,040000052,3,ca-cdph-healthcare-facility-locations,040000052,YES,59e8abb5-2c2e-458f-98be-1ab23fc04815,NO,ALREADY_OWNED_EXACT,NO,Exact FACID in production state observation
CA_PENALTY_EVIDENCE,,040000058,7,ca-cdph-healthcare-facility-locations,040000058,YES,7b08b5e1-7194-4b3b-ba16-e69335236edf,NO,ALREADY_OWNED_EXACT,NO,Exact FACID in production state observation
CA_PENALTY_EVIDENCE,,040000059,10,ca-cdph-healthcare-facility-locations,040000059,YES,26e203b0-3243-43c1-ba45-cff91a773461,NO,ALREADY_OWNED_EXACT,NO,Exact FACID in production state observation
CA_PENALTY_EVIDENCE,,040000060,1,ca-cdph-healthcare-facility-locations,040000060,YES,fc49b0b3-b8c5-4783-8f5c-2f959f9176ef,NO,ALREADY_OWNED_EXACT,NO,Exact FACID in production state observation
CA_PENALTY_EVIDENCE,,040000061,62,ca-cdph-healthcare-facility-locations,040000061,YES,526042e8-6619-4cc4-9e15-d673ac0980ad,NO,ALREADY_OWNED_EXACT,NO,Exact FACID in production state observation
CA_PENALTY_EVIDENCE,,040000063,2,ca-cdph-healthcare-facility-locations,040000063,YES,1ebcb474-901d-47fd-80ee-d2b28df46f88,NO,ALREADY_OWNED_EXACT,NO,Exact FACID in production state observation
CA_PENALTY_EVIDENCE,,040000064,9,ca-cdph-healthcare-facility-locations,040000064,YES,44e1bcd8-c49f-4a14-a315-d934ad78db56,NO,ALREADY_OWNED_EXACT,NO,Exact FACID in production state observation
CA_PENALTY_EVIDENCE,,040000066,1,,,NO,,NO,UNRESOLVED,NO,FACID absent from owned row-level state observations
CA_PENALTY_EVIDENCE,,040000067,1,ca-cdph-healthcare-facility-locations,040000067,YES,40125c6d-e2da-4116-a358-4165b8c81fd2,NO,ALREADY_OWNED_EXACT,NO,Exact FACID in production state observation
CA_PENALTY_EVIDENCE,,040000069,4,ca-cdph-healthcare-facility-locations,040000069,YES,a9c83f4b-cd0f-4f15-85f1-a3bd97058e2a,NO,ALREADY_OWNED_EXACT,NO,Exact FACID in production state observation
CA_PENALTY_EVIDENCE,,040000073,3,ca-cdph-healthcare-facility-locations,040000073,YES,856f75f8-08a8-4124-a979-ac69587da751,NO,ALREADY_OWNED_EXACT,NO,Exact FACID in production state observation
CA_PENALTY_EVIDENCE,,040000074,6,,,NO,,NO,UNRESOLVED,NO,FACID absent from owned row-level state observations
CA_PENALTY_EVIDENCE,,040000076,3,ca-cdph-healthcare-facility-locations,040000076,YES,7cec6366-d5a7-4fdc-83ae-29ce84c2ac57,NO,ALREADY_OWNED_EXACT,NO,Exact FACID in production state observation
CA_PENALTY_EVIDENCE,,040000077,2,ca-cdph-healthcare-facility-locations,040000077,YES,404be4a6-7cdc-4040-9b9f-c7b7b59a8204,NO,ALREADY_OWNED_EXACT,NO,Exact FACID in production state observation
CA_PENALTY_EVIDENCE,,040000095,6,,,NO,,NO,UNRESOLVED,NO,FACID absent from owned row-level state observations
CA_PENALTY_EVIDENCE,,040000101,21,,,NO,,NO,UNRESOLVED,NO,FACID absent from owned row-level state observations
CA_PENALTY_EVIDENCE,,040000110,1,,,NO,,NO,UNRESOLVED,NO,FACID absent from owned row-level state observations
CA_PENALTY_EVIDENCE,,040000111,7,,,NO,,NO,UNRESOLVED,NO,FACID absent from owned row-level state observations
CA_PENALTY_EVIDENCE,,040000113,5,,,NO,,NO,UNRESOLVED,NO,FACID absent from owned row-level state observations
CA_PENALTY_EVIDENCE,,040000124,1,,,NO,,NO,UNRESOLVED,NO,FACID absent from owned row-level state observations
CA_PENALTY_EVIDENCE,,040000126,16,,,NO,,NO,UNRESOLVED,NO,FACID absent from owned row-level state observations
CA_PENALTY_EVIDENCE,,040000129,2,,,NO,,NO,UNRESOLVED,NO,FACID absent from owned row-level state observations
CA_PENALTY_EVIDENCE,,040000148,1,,,NO,,NO,UNRESOLVED,NO,FACID absent from owned row-level state observations
CA_PENALTY_EVIDENCE,,040000224,2,,,NO,,NO,UNRESOLVED,NO,FACID absent from owned row-level state observations
CA_PENALTY_EVIDENCE,,040000225,5,ca-cdph-healthcare-facility-locations,040000225,YES,cee04155-3118-40bc-8f14-8c1e9c221923,NO,ALREADY_OWNED_EXACT,NO,Exact FACID in production state observation
CA_PENALTY_EVIDENCE,,040000226,1,,,NO,,NO,UNRESOLVED,NO,FACID absent from owned row-level state observations
CA_PENALTY_EVIDENCE,,040000254,4,,,NO,,NO,UNRESOLVED,NO,FACID absent from owned row-level state observations
CA_PENALTY_EVIDENCE,,040000308,4,,,NO,,NO,UNRESOLVED,NO,FACID absent from owned row-level state observations
CA_PENALTY_EVIDENCE,,040000345,2,ca-cdph-healthcare-facility-locations,040000345,YES,efcbe8af-8910-4723-8c02-c452d37beaa5,NO,ALREADY_OWNED_EXACT,NO,Exact FACID in production state observation
CA_PENALTY_EVIDENCE,,040000474,8,ca-cdph-healthcare-facility-locations,040000474,YES,5a478af8-7dc0-44da-bea9-d0a7b1a73c93,NO,ALREADY_OWNED_EXACT,NO,Exact FACID in production state observation
CA_PENALTY_EVIDENCE,,040000531,2,,,NO,,NO,UNRESOLVED,NO,FACID absent from owned row-level state observations
CA_PENALTY_EVIDENCE,,040000534,1,,,NO,,NO,UNRESOLVED,NO,FACID absent from owned row-level state observations
CA_PENALTY_EVIDENCE,,040000583,1,,,NO,,NO,UNRESOLVED,NO,FACID absent from owned row-level state observations
CA_PENALTY_EVIDENCE,,040000584,6,,,NO,,NO,UNRESOLVED,NO,FACID absent from owned row-level state observations
CA_PENALTY_EVIDENCE,,040000605,3,,,NO,,NO,UNRESOLVED,NO,FACID absent from owned row-level state observations
CA_PENALTY_EVIDENCE,,040000641,2,,,NO,,NO,UNRESOLVED,NO,FACID absent from owned row-level state observations
CA_PENALTY_EVIDENCE,,040000642,2,,,NO,,NO,UNRESOLVED,NO,FACID absent from owned row-level state observations
CA_PENALTY_EVIDENCE,,040000644,3,,,NO,,NO,UNRESOLVED,NO,FACID absent from owned row-level state observations
CA_PENALTY_EVIDENCE,,040000645,1,,,NO,,NO,UNRESOLVED,NO,FACID absent from owned row-level state observations
CA_PENALTY_EVIDENCE,,040000646,1,,,NO,,NO,UNRESOLVED,NO,FACID absent from owned row-level state observations
CA_PENALTY_EVIDENCE,,040000647,5,,,NO,,NO,UNRESOLVED,NO,FACID absent from owned row-level state observations
CA_PENALTY_EVIDENCE,,040000680,1,,,NO,,NO,UNRESOLVED,NO,FACID absent from owned row-level state observations
CA_PENALTY_EVIDENCE,,040000729,2,,,NO,,NO,UNRESOLVED,NO,FACID absent from owned row-level state observations
CA_PENALTY_EVIDENCE,,040000767,3,,,NO,,NO,UNRESOLVED,NO,FACID absent from owned row-level state observations
CA_PENALTY_EVIDENCE,,040000790,1,ca-cdph-healthcare-facility-locations,040000790,YES,2bf610c3-5182-49d4-9583-ce2afbe77cdc,NO,ALREADY_OWNED_EXACT,NO,Exact FACID in production state observation
CA_PENALTY_EVIDENCE,,040000798,2,ca-cdph-healthcare-facility-locations,040000798,YES,0fd92eae-c4c1-4fd4-8dc3-0095e4ab7757,NO,ALREADY_OWNED_EXACT,NO,Exact FACID in production state observation
CA_PENALTY_EVIDENCE,,040000833,3,,,NO,,NO,UNRESOLVED,NO,FACID absent from owned row-level state observations
CA_PENALTY_EVIDENCE,,040000841,4,,,NO,,NO,UNRESOLVED,NO,FACID absent from owned row-level state observations
CA_PENALTY_EVIDENCE,,040000842,2,,,NO,,NO,UNRESOLVED,NO,FACID absent from owned row-level state observations
CA_PENALTY_EVIDENCE,,040000856,11,,,NO,,NO,UNRESOLVED,NO,FACID absent from owned row-level state observations
CA_PENALTY_EVIDENCE,,040000857,3,,,NO,,NO,UNRESOLVED,NO,FACID absent from owned row-level state observations
CA_PENALTY_EVIDENCE,,040000875,2,,,NO,,NO,UNRESOLVED,NO,FACID absent from owned row-level state observations
CA_PENALTY_EVIDENCE,,040000898,2,,,NO,,NO,UNRESOLVED,NO,FACID absent from owned row-level state observations
CA_PENALTY_EVIDENCE,,040000899,1,,,NO,,NO,UNRESOLVED,NO,FACID absent from owned row-level state observations
CA_PENALTY_EVIDENCE,,040000904,7,,,NO,,NO,UNRESOLVED,NO,FACID absent from owned row-level state observations
CA_PENALTY_EVIDENCE,,040000920,4,,,NO,,NO,UNRESOLVED,NO,FACID absent from owned row-level state observations
CA_PENALTY_EVIDENCE,,040000932,1,,,NO,,NO,UNRESOLVED,NO,FACID absent from owned row-level state observations
CA_PENALTY_EVIDENCE,,040000949,1,,,NO,,NO,UNRESOLVED,NO,FACID absent from owned row-level state observations
CA_PENALTY_EVIDENCE,,040000954,3,,,NO,,NO,UNRESOLVED,NO,FACID absent from owned row-level state observations
CA_PENALTY_EVIDENCE,,040001000,2,,,NO,,NO,UNRESOLVED,NO,FACID absent from owned row-level state observations
CA_PENALTY_EVIDENCE,,040001016,1,,,NO,,NO,UNRESOLVED,NO,FACID absent from owned row-level state observations
CA_PENALTY_EVIDENCE,,040001033,3,,,NO,,NO,UNRESOLVED,NO,FACID absent from owned row-level state observations
CA_PENALTY_EVIDENCE,,040001040,7,ca-cdph-healthcare-facility-locations,040001040,YES,97e7b4d2-84e0-4c58-a10f-2ce0010875b1,NO,ALREADY_OWNED_EXACT,NO,Exact FACID in production state observation
CA_PENALTY_EVIDENCE,,040001041,2,,,NO,,NO,UNRESOLVED,NO,FACID absent from owned row-level state observations
CA_PENALTY_EVIDENCE,,040001079,1,,,NO,,NO,UNRESOLVED,NO,FACID absent from owned row-level state observations
CA_PENALTY_EVIDENCE,,040001106,4,,,NO,,NO,UNRESOLVED,NO,FACID absent from owned row-level state observations
CA_PENALTY_EVIDENCE,,040001111,1,,,NO,,NO,UNRESOLVED,NO,FACID absent from owned row-level state observations
CA_PENALTY_EVIDENCE,,040001120,1,,,NO,,NO,UNRESOLVED,NO,FACID absent from owned row-level state observations
CA_PENALTY_EVIDENCE,,040001150,1,,,NO,,NO,UNRESOLVED,NO,FACID absent from owned row-level state observations
CA_PENALTY_EVIDENCE,,040001151,2,,,NO,,NO,UNRESOLVED,NO,FACID absent from owned row-level state observations
CA_PENALTY_EVIDENCE,,040001162,1,,,NO,,NO,UNRESOLVED,NO,FACID absent from owned row-level state observations
CA_PENALTY_EVIDENCE,,040001257,1,,,NO,,NO,UNRESOLVED,NO,FACID absent from owned row-level state observations
CA_PENALTY_EVIDENCE,,040001259,1,ca-cdph-healthcare-facility-locations,040001259,YES,00387d5d-95fa-47d6-9da4-64f7baa09679,NO,ALREADY_OWNED_EXACT,NO,Exact FACID in production state observation
CA_PENALTY_EVIDENCE,,040001335,1,,,NO,,NO,UNRESOLVED,NO,FACID absent from owned row-level state observations
CA_PENALTY_EVIDENCE,,040001363,4,,,NO,,NO,UNRESOLVED,NO,FACID absent from owned row-level state observations
CA_PENALTY_EVIDENCE,,040001364,9,ca-cdph-healthcare-facility-locations,040001364,YES,3fdfd0e1-eb73-4168-82b4-973cdf7c9b58,NO,ALREADY_OWNED_EXACT,NO,Exact FACID in production state observation
CA_PENALTY_EVIDENCE,,040001366,6,ca-cdph-healthcare-facility-locations,040001366,YES,7c8ab999-b453-4e86-a733-cf38f30fafed,NO,ALREADY_OWNED_EXACT,NO,Exact FACID in production state observation
CA_PENALTY_EVIDENCE,,040001378,3,,,NO,,NO,UNRESOLVED,NO,FACID absent from owned row-level state observations
CA_PENALTY_EVIDENCE,,040001397,2,,,NO,,NO,UNRESOLVED,NO,FACID absent from owned row-level state observations
CA_PENALTY_EVIDENCE,,050000001,25,,,NO,,NO,UNRESOLVED,NO,FACID absent from owned row-level state observations
CA_PENALTY_EVIDENCE,,050000002,16,ca-cdph-healthcare-facility-locations,050000002,YES,1abadd20-f2d8-46ec-a7fb-02662a31d835,NO,ALREADY_OWNED_EXACT,NO,Exact FACID in production state observation
CA_PENALTY_EVIDENCE,,050000004,1,ca-cdph-healthcare-facility-locations,050000004,YES,29b36061-1451-43c1-a689-3b387c93f025,NO,ALREADY_OWNED_EXACT,NO,Exact FACID in production state observation
CA_PENALTY_EVIDENCE,,050000005,11,,,NO,,NO,UNRESOLVED,NO,FACID absent from owned row-level state observations
CA_PENALTY_EVIDENCE,,050000006,14,ca-cdph-healthcare-facility-locations,050000006,YES,77a8f61e-bbc4-4588-bc1e-ab854449d0ee,NO,ALREADY_OWNED_EXACT,NO,Exact FACID in production state observation
CA_PENALTY_EVIDENCE,,050000007,27,ca-cdph-healthcare-facility-locations,050000007,YES,3aebe5be-152c-44cc-9d6c-925cd4f9d490,NO,ALREADY_OWNED_EXACT,NO,Exact FACID in production state observation
CA_PENALTY_EVIDENCE,,050000014,3,,,NO,,NO,UNRESOLVED,NO,FACID absent from owned row-level state observations
CA_PENALTY_EVIDENCE,,050000016,2,,,NO,,NO,UNRESOLVED,NO,FACID absent from owned row-level state observations
CA_PENALTY_EVIDENCE,,050000018,2,,,NO,,NO,UNRESOLVED,NO,FACID absent from owned row-level state observations
CA_PENALTY_EVIDENCE,,050000020,13,,,NO,,NO,UNRESOLVED,NO,FACID absent from owned row-level state observations
CA_PENALTY_EVIDENCE,,050000021,4,,,NO,,NO,UNRESOLVED,NO,FACID absent from owned row-level state observations
CA_PENALTY_EVIDENCE,,050000023,1,,,NO,,NO,UNRESOLVED,NO,FACID absent from owned row-level state observations
CA_PENALTY_EVIDENCE,,050000026,1,,,NO,,NO,UNRESOLVED,NO,FACID absent from owned row-level state observations
CA_PENALTY_EVIDENCE,,050000030,1,,,NO,,NO,UNRESOLVED,NO,FACID absent from owned row-level state observations
CA_PENALTY_EVIDENCE,,050000031,1,,,NO,,NO,UNRESOLVED,NO,FACID absent from owned row-level state observations
CA_PENALTY_EVIDENCE,,050000035,3,,,NO,,NO,UNRESOLVED,NO,FACID absent from owned row-level state observations
CA_PENALTY_EVIDENCE,,050000037,2,,,NO,,NO,UNRESOLVED,NO,FACID absent from owned row-level state observations
CA_PENALTY_EVIDENCE,,050000039,5,,,NO,,NO,UNRESOLVED,NO,FACID absent from owned row-level state observations
CA_PENALTY_EVIDENCE,,050000041,3,,,NO,,NO,UNRESOLVED,NO,FACID absent from owned row-level state observations
CA_PENALTY_EVIDENCE,,050000043,9,ca-cdph-healthcare-facility-locations,050000043,YES,37b74501-cccf-4cd6-abfc-2f8d79c61cbf,NO,ALREADY_OWNED_EXACT,NO,Exact FACID in production state observation
CA_PENALTY_EVIDENCE,,050000044,5,ca-cdph-healthcare-facility-locations,050000044,YES,b72161dc-ea10-4e4c-b7b1-429de328702c,NO,ALREADY_OWNED_EXACT,NO,Exact FACID in production state observation
CA_PENALTY_EVIDENCE,,050000045,4,,,NO,,NO,UNRESOLVED,NO,FACID absent from owned row-level state observations
CA_PENALTY_EVIDENCE,,050000046,2,ca-cdph-healthcare-facility-locations,050000046,YES,8d97a034-8efb-43ec-8d0c-f10261b0f5f1,NO,ALREADY_OWNED_EXACT,NO,Exact FACID in production state observation
CA_PENALTY_EVIDENCE,,050000047,15,ca-cdph-healthcare-facility-locations,050000047,YES,52bb719f-eb4b-45d5-8059-3c6ec6fd2e5d,NO,ALREADY_OWNED_EXACT,NO,Exact FACID in production state observation
CA_PENALTY_EVIDENCE,,050000048,5,ca-cdph-healthcare-facility-locations,050000048,YES,005fb775-aea3-4ecd-8536-99c370b44472,NO,ALREADY_OWNED_EXACT,NO,Exact FACID in production state observation
CA_PENALTY_EVIDENCE,,050000049,7,ca-cdph-healthcare-facility-locations,050000049,YES,f7f3a573-34a4-4e3b-b8c0-d5eba141c492,NO,ALREADY_OWNED_EXACT,NO,Exact FACID in production state observation
CA_PENALTY_EVIDENCE,,050000050,3,ca-cdph-healthcare-facility-locations,050000050,YES,8c66f229-defb-4821-bba1-48998eea4a0f,NO,ALREADY_OWNED_EXACT,NO,Exact FACID in production state observation
CA_PENALTY_EVIDENCE,,050000051,12,ca-cdph-healthcare-facility-locations,050000051,YES,61b78fcd-b65e-41b9-b5c8-8df7bd4bbcb1,NO,ALREADY_OWNED_EXACT,NO,Exact FACID in production state observation
CA_PENALTY_EVIDENCE,,050000052,12,,,NO,,NO,UNRESOLVED,NO,FACID absent from owned row-level state observations
CA_PENALTY_EVIDENCE,,050000053,4,ca-cdph-healthcare-facility-locations,050000053,YES,2ee0a84d-b672-43b6-b9d9-64c0b67425e2,NO,ALREADY_OWNED_EXACT,NO,Exact FACID in production state observation
CA_PENALTY_EVIDENCE,,050000054,9,ca-cdph-healthcare-facility-locations,050000054,YES,1621c977-ae28-4f0f-9719-86fc0c9b3f61,NO,ALREADY_OWNED_EXACT,NO,Exact FACID in production state observation
CA_PENALTY_EVIDENCE,,050000055,2,ca-cdph-healthcare-facility-locations,050000055,YES,5abed3bd-906e-4607-8197-2d29d520e4f1,NO,ALREADY_OWNED_EXACT,NO,Exact FACID in production state observation
CA_PENALTY_EVIDENCE,,050000056,10,ca-cdph-healthcare-facility-locations,050000056,YES,f65a81f7-b49a-4fe6-8c71-7b614b63642e,NO,ALREADY_OWNED_EXACT,NO,Exact FACID in production state observation
CA_PENALTY_EVIDENCE,,050000058,19,ca-cdph-healthcare-facility-locations,050000058,YES,4df1aa58-9d66-4da9-afd1-d938b0195f01,NO,ALREADY_OWNED_EXACT,NO,Exact FACID in production state observation
CA_PENALTY_EVIDENCE,,050000061,8,ca-cdph-healthcare-facility-locations,050000061,YES,14c7025f-9d7f-46c9-b21c-a810dece215a,NO,ALREADY_OWNED_EXACT,NO,Exact FACID in production state observation
CA_PENALTY_EVIDENCE,,050000062,8,ca-cdph-healthcare-facility-locations,050000062,YES,0f6d474e-c294-4611-b46f-8aa0000be5d6,NO,ALREADY_OWNED_EXACT,NO,Exact FACID in production state observation
CA_PENALTY_EVIDENCE,,050000063,24,,,NO,,NO,UNRESOLVED,NO,FACID absent from owned row-level state observations
CA_PENALTY_EVIDENCE,,050000064,3,ca-cdph-healthcare-facility-locations,050000064,YES,b252c3cd-5896-4b6d-a1f4-676dbdaf2cf9,NO,ALREADY_OWNED_EXACT,NO,Exact FACID in production state observation
CA_PENALTY_EVIDENCE,,050000065,1,,,NO,,NO,UNRESOLVED,NO,FACID absent from owned row-level state observations
CA_PENALTY_EVIDENCE,,050000066,3,ca-cdph-healthcare-facility-locations,050000066,YES,e16afbf4-7c9b-4d72-a156-4ea677daa336,NO,ALREADY_OWNED_EXACT,NO,Exact FACID in production state observation
CA_PENALTY_EVIDENCE,,050000067,22,ca-cdph-healthcare-facility-locations,050000067,YES,bb8ab161-15a9-4171-b398-a6f59311b1bf,NO,ALREADY_OWNED_EXACT,NO,Exact FACID in production state observation
CA_PENALTY_EVIDENCE,,050000068,27,ca-cdph-healthcare-facility-locations,050000068,YES,e200bca9-32eb-4e11-99d3-edb468bab149,NO,ALREADY_OWNED_EXACT,NO,Exact FACID in production state observation
CA_PENALTY_EVIDENCE,,050000069,8,ca-cdph-healthcare-facility-locations,050000069,YES,867fbff1-e8f5-42fe-ac0b-bb47ff73b97b,NO,ALREADY_OWNED_EXACT,NO,Exact FACID in production state observation
CA_PENALTY_EVIDENCE,,050000070,7,ca-cdph-healthcare-facility-locations,050000070,YES,1e5a9970-02da-489b-950c-47c895fef1b0,NO,ALREADY_OWNED_EXACT,NO,Exact FACID in production state observation
CA_PENALTY_EVIDENCE,,050000072,4,ca-cdph-healthcare-facility-locations,050000072,YES,b067861b-a314-4f16-9e71-8b0d856430fd,NO,ALREADY_OWNED_EXACT,NO,Exact FACID in production state observation
CA_PENALTY_EVIDENCE,,050000073,3,,,NO,,NO,UNRESOLVED,NO,FACID absent from owned row-level state observations
CA_PENALTY_EVIDENCE,,050000074,7,ca-cdph-healthcare-facility-locations,050000074,YES,538b758d-e4f3-404d-a964-90e9f68fdf32,NO,ALREADY_OWNED_EXACT,NO,Exact FACID in production state observation
CA_PENALTY_EVIDENCE,,050000075,1,,,NO,,NO,UNRESOLVED,NO,FACID absent from owned row-level state observations
CA_PENALTY_EVIDENCE,,050000079,2,,,NO,,NO,UNRESOLVED,NO,FACID absent from owned row-level state observations
CA_PENALTY_EVIDENCE,,050000081,1,,,NO,,NO,UNRESOLVED,NO,FACID absent from owned row-level state observations
CA_PENALTY_EVIDENCE,,050000131,2,ca-cdph-healthcare-facility-locations,050000131,YES,48baeefe-2c81-4450-b953-752fe878c774,NO,ALREADY_OWNED_EXACT,NO,Exact FACID in production state observation
CA_PENALTY_EVIDENCE,,050000136,2,,,NO,,NO,UNRESOLVED,NO,FACID absent from owned row-level state observations
CA_PENALTY_EVIDENCE,,050000139,8,ca-cdph-healthcare-facility-locations,050000139,YES,938504c3-5d83-4eee-b4a5-0246470bfc55,NO,ALREADY_OWNED_EXACT,NO,Exact FACID in production state observation
CA_PENALTY_EVIDENCE,,050000140,4,ca-cdph-healthcare-facility-locations,050000140,YES,a79fd704-55a8-4378-b23a-933b91c6e938,NO,ALREADY_OWNED_EXACT,NO,Exact FACID in production state observation
CA_PENALTY_EVIDENCE,,050000141,10,ca-cdph-healthcare-facility-locations,050000141,YES,9a155691-3a71-4b1e-9bd5-e50c1b7a176e,NO,ALREADY_OWNED_EXACT,NO,Exact FACID in production state observation
CA_PENALTY_EVIDENCE,,050000192,1,,,NO,,NO,UNRESOLVED,NO,FACID absent from owned row-level state observations
CA_PENALTY_EVIDENCE,,050000216,1,,,NO,,NO,UNRESOLVED,NO,FACID absent from owned row-level state observations
CA_PENALTY_EVIDENCE,,050000248,8,ca-cdph-healthcare-facility-locations,050000248,YES,0f7feee1-3169-4a42-a0e6-078029d5fb60,NO,ALREADY_OWNED_EXACT,NO,Exact FACID in production state observation
CA_PENALTY_EVIDENCE,,050000280,9,,,NO,,NO,UNRESOLVED,NO,FACID absent from owned row-level state observations
CA_PENALTY_EVIDENCE,,050000455,8,,,NO,,NO,UNRESOLVED,NO,FACID absent from owned row-level state observations
CA_PENALTY_EVIDENCE,,050000458,16,,,NO,,NO,UNRESOLVED,NO,FACID absent from owned row-level state observations
CA_PENALTY_EVIDENCE,,050000468,3,,,NO,,NO,UNRESOLVED,NO,FACID absent from owned row-level state observations
CA_PENALTY_EVIDENCE,,050000469,2,,,NO,,NO,UNRESOLVED,NO,FACID absent from owned row-level state observations
CA_PENALTY_EVIDENCE,,050000549,10,ca-cdph-healthcare-facility-locations,050000549,YES,5821ad40-7aa1-4e80-b56c-61fdd29d4c3c,NO,ALREADY_OWNED_EXACT,NO,Exact FACID in production state observation
CA_PENALTY_EVIDENCE,,050000554,1,,,NO,,NO,UNRESOLVED,NO,FACID absent from owned row-level state observations
CA_PENALTY_EVIDENCE,,050000595,35,ca-cdph-healthcare-facility-locations,050000595,YES,4f55f21e-f1bd-42f6-851c-76ad5dad5a5d,NO,ALREADY_OWNED_EXACT,NO,Exact FACID in production state observation
CA_PENALTY_EVIDENCE,,050000604,2,,,NO,,NO,UNRESOLVED,NO,FACID absent from owned row-level state observations
CA_PENALTY_EVIDENCE,,050000610,4,,,NO,,NO,UNRESOLVED,NO,FACID absent from owned row-level state observations
CA_PENALTY_EVIDENCE,,050000611,2,,,NO,,NO,UNRESOLVED,NO,FACID absent from owned row-level state observations
CA_PENALTY_EVIDENCE,,050000612,4,,,NO,,NO,UNRESOLVED,NO,FACID absent from owned row-level state observations
CA_PENALTY_EVIDENCE,,050000629,2,,,NO,,NO,UNRESOLVED,NO,FACID absent from owned row-level state observations
CA_PENALTY_EVIDENCE,,050000648,4,,,NO,,NO,UNRESOLVED,NO,FACID absent from owned row-level state observations
CA_PENALTY_EVIDENCE,,050000678,3,,,NO,,NO,UNRESOLVED,NO,FACID absent from owned row-level state observations
CA_PENALTY_EVIDENCE,,050000688,2,,,NO,,NO,UNRESOLVED,NO,FACID absent from owned row-level state observations
CA_PENALTY_EVIDENCE,,050000718,6,,,NO,,NO,UNRESOLVED,NO,FACID absent from owned row-level state observations
CA_PENALTY_EVIDENCE,,050000720,1,,,NO,,NO,UNRESOLVED,NO,FACID absent from owned row-level state observations
CA_PENALTY_EVIDENCE,,050000722,3,,,NO,,NO,UNRESOLVED,NO,FACID absent from owned row-level state observations
CA_PENALTY_EVIDENCE,,050000836,3,,,NO,,NO,UNRESOLVED,NO,FACID absent from owned row-level state observations
CA_PENALTY_EVIDENCE,,050000871,4,,,NO,,NO,UNRESOLVED,NO,FACID absent from owned row-level state observations
CA_PENALTY_EVIDENCE,,050000898,1,,,NO,,NO,UNRESOLVED,NO,FACID absent from owned row-level state observations
CA_PENALTY_EVIDENCE,,050000919,5,,,NO,,NO,UNRESOLVED,NO,FACID absent from owned row-level state observations
CA_PENALTY_EVIDENCE,,050000929,1,,,NO,,NO,UNRESOLVED,NO,FACID absent from owned row-level state observations
CA_PENALTY_EVIDENCE,,050000931,1,,,NO,,NO,UNRESOLVED,NO,FACID absent from owned row-level state observations
CA_PENALTY_EVIDENCE,,050000953,2,,,NO,,NO,UNRESOLVED,NO,FACID absent from owned row-level state observations
CA_PENALTY_EVIDENCE,,050000990,6,,,NO,,NO,UNRESOLVED,NO,FACID absent from owned row-level state observations
CA_PENALTY_EVIDENCE,,050001021,7,,,NO,,NO,UNRESOLVED,NO,FACID absent from owned row-level state observations
CA_PENALTY_EVIDENCE,,050001041,2,,,NO,,NO,UNRESOLVED,NO,FACID absent from owned row-level state observations
CA_PENALTY_EVIDENCE,,050001071,5,,,NO,,NO,UNRESOLVED,NO,FACID absent from owned row-level state observations
CA_PENALTY_EVIDENCE,,050001072,7,,,NO,,NO,UNRESOLVED,NO,FACID absent from owned row-level state observations
CA_PENALTY_EVIDENCE,,050001098,5,,,NO,,NO,UNRESOLVED,NO,FACID absent from owned row-level state observations
CA_PENALTY_EVIDENCE,,050001110,2,,,NO,,NO,UNRESOLVED,NO,FACID absent from owned row-level state observations
CA_PENALTY_EVIDENCE,,050001111,6,,,NO,,NO,UNRESOLVED,NO,FACID absent from owned row-level state observations
CA_PENALTY_EVIDENCE,,050001152,5,,,NO,,NO,UNRESOLVED,NO,FACID absent from owned row-level state observations
CA_PENALTY_EVIDENCE,,050001158,1,,,NO,,NO,UNRESOLVED,NO,FACID absent from owned row-level state observations
CA_PENALTY_EVIDENCE,,050001175,3,,,NO,,NO,UNRESOLVED,NO,FACID absent from owned row-level state observations
CA_PENALTY_EVIDENCE,,050001180,3,,,NO,,NO,UNRESOLVED,NO,FACID absent from owned row-level state observations
CA_PENALTY_EVIDENCE,,050001218,1,,,NO,,NO,UNRESOLVED,NO,FACID absent from owned row-level state observations
CA_PENALTY_EVIDENCE,,050001278,3,,,NO,,NO,UNRESOLVED,NO,FACID absent from owned row-level state observations
CA_PENALTY_EVIDENCE,,050001288,1,,,NO,,NO,UNRESOLVED,NO,FACID absent from owned row-level state observations
CA_PENALTY_EVIDENCE,,050001325,1,,,NO,,NO,UNRESOLVED,NO,FACID absent from owned row-level state observations
CA_PENALTY_EVIDENCE,,050001343,1,,,NO,,NO,UNRESOLVED,NO,FACID absent from owned row-level state observations
CA_PENALTY_EVIDENCE,,050001345,1,,,NO,,NO,UNRESOLVED,NO,FACID absent from owned row-level state observations
CA_PENALTY_EVIDENCE,,050001347,5,,,NO,,NO,UNRESOLVED,NO,FACID absent from owned row-level state observations
CA_PENALTY_EVIDENCE,,050001370,1,,,NO,,NO,UNRESOLVED,NO,FACID absent from owned row-level state observations
CA_PENALTY_EVIDENCE,,050001383,25,ca-cdph-healthcare-facility-locations,050001383,YES,b5f5bdd8-6155-4c33-99a0-3c60366efe03,NO,ALREADY_OWNED_EXACT,NO,Exact FACID in production state observation
CA_PENALTY_EVIDENCE,,050001409,23,ca-cdph-healthcare-facility-locations,050001409,YES,da03929f-8120-425f-98ce-a1f555d0fb9c,NO,ALREADY_OWNED_EXACT,NO,Exact FACID in production state observation
CA_PENALTY_EVIDENCE,,050001416,21,ca-cdph-healthcare-facility-locations,050001416,YES,ffb94c3c-d3b7-402e-8783-cd4950bf1e2a,NO,ALREADY_OWNED_EXACT,NO,Exact FACID in production state observation
CA_PENALTY_EVIDENCE,,050001468,2,,,NO,,NO,UNRESOLVED,NO,FACID absent from owned row-level state observations
CA_PENALTY_EVIDENCE,,060000001,4,,,NO,,NO,UNRESOLVED,NO,FACID absent from owned row-level state observations
CA_PENALTY_EVIDENCE,,060000002,11,,,NO,,NO,UNRESOLVED,NO,FACID absent from owned row-level state observations
CA_PENALTY_EVIDENCE,,060000006,5,,,NO,,NO,UNRESOLVED,NO,FACID absent from owned row-level state observations
CA_PENALTY_EVIDENCE,,060000007,8,,,NO,,NO,UNRESOLVED,NO,FACID absent from owned row-level state observations
CA_PENALTY_EVIDENCE,,060000008,3,,,NO,,NO,UNRESOLVED,NO,FACID absent from owned row-level state observations
CA_PENALTY_EVIDENCE,,060000011,14,,,NO,,NO,UNRESOLVED,NO,FACID absent from owned row-level state observations
CA_PENALTY_EVIDENCE,,060000013,1,,,NO,,NO,UNRESOLVED,NO,FACID absent from owned row-level state observations
CA_PENALTY_EVIDENCE,,060000014,19,,,NO,,NO,UNRESOLVED,NO,FACID absent from owned row-level state observations
CA_PENALTY_EVIDENCE,,060000015,9,,,NO,,NO,UNRESOLVED,NO,FACID absent from owned row-level state observations
CA_PENALTY_EVIDENCE,,060000016,3,,,NO,,NO,UNRESOLVED,NO,FACID absent from owned row-level state observations
CA_PENALTY_EVIDENCE,,060000017,26,,,NO,,NO,UNRESOLVED,NO,FACID absent from owned row-level state observations
CA_PENALTY_EVIDENCE,,060000018,7,,,NO,,NO,UNRESOLVED,NO,FACID absent from owned row-level state observations
CA_PENALTY_EVIDENCE,,060000020,10,ca-cdph-healthcare-facility-locations,060000020,YES,1889445e-3ce7-4848-949f-91bca0c20a2b,NO,ALREADY_OWNED_EXACT,NO,Exact FACID in production state observation
CA_PENALTY_EVIDENCE,,060000021,17,,,NO,,NO,UNRESOLVED,NO,FACID absent from owned row-level state observations
CA_PENALTY_EVIDENCE,,060000022,10,ca-cdph-healthcare-facility-locations,060000022,YES,4ecf39fe-d1a0-4ce8-bb22-b893de0c8521,NO,ALREADY_OWNED_EXACT,NO,Exact FACID in production state observation
CA_PENALTY_EVIDENCE,,060000025,5,,,NO,,NO,UNRESOLVED,NO,FACID absent from owned row-level state observations
CA_PENALTY_EVIDENCE,,060000026,17,ca-cdph-healthcare-facility-locations,060000026,YES,b61b6230-ad72-4202-82b2-5a8642f3d403,NO,ALREADY_OWNED_EXACT,NO,Exact FACID in production state observation
CA_PENALTY_EVIDENCE,,060000027,16,,,NO,,NO,UNRESOLVED,NO,FACID absent from owned row-level state observations
CA_PENALTY_EVIDENCE,,060000028,1,,,NO,,NO,UNRESOLVED,NO,FACID absent from owned row-level state observations
CA_PENALTY_EVIDENCE,,060000029,6,ca-cdph-healthcare-facility-locations,060000029,YES,75b5db7f-8f1c-435d-86ee-fefe56e10efb,NO,ALREADY_OWNED_EXACT,NO,Exact FACID in production state observation
CA_PENALTY_EVIDENCE,,060000030,5,ca-cdph-healthcare-facility-locations,060000030,YES,7b72ddf1-f317-470d-a8e2-71576493f7bc,NO,ALREADY_OWNED_EXACT,NO,Exact FACID in production state observation
CA_PENALTY_EVIDENCE,,060000031,4,ca-cdph-healthcare-facility-locations,060000031,YES,d77ab722-9ab3-43c7-acd4-5655b33f9966,NO,ALREADY_OWNED_EXACT,NO,Exact FACID in production state observation
CA_PENALTY_EVIDENCE,,060000033,13,ca-cdph-healthcare-facility-locations,060000033,YES,eea230b3-b944-4090-99d6-8cd0bda8365b,NO,ALREADY_OWNED_EXACT,NO,Exact FACID in production state observation
CA_PENALTY_EVIDENCE,,060000034,6,ca-cdph-healthcare-facility-locations,060000034,YES,28cda5f7-76ea-4d7e-9d41-6441266569a7,NO,ALREADY_OWNED_EXACT,NO,Exact FACID in production state observation
CA_PENALTY_EVIDENCE,,060000035,5,,,NO,,NO,UNRESOLVED,NO,FACID absent from owned row-level state observations
CA_PENALTY_EVIDENCE,,060000037,7,ca-cdph-healthcare-facility-locations,060000037,YES,2b62b648-3259-452b-8644-da54ea5c7917,NO,ALREADY_OWNED_EXACT,NO,Exact FACID in production state observation
CA_PENALTY_EVIDENCE,,060000038,15,,,NO,,NO,UNRESOLVED,NO,FACID absent from owned row-level state observations
CA_PENALTY_EVIDENCE,,060000039,11,ca-cdph-healthcare-facility-locations,060000039,YES,ce43cd8c-7e80-4d9f-ab0c-6b00e158a2e7,NO,ALREADY_OWNED_EXACT,NO,Exact FACID in production state observation
CA_PENALTY_EVIDENCE,,060000040,21,,,NO,,NO,UNRESOLVED,NO,FACID absent from owned row-level state observations
CA_PENALTY_EVIDENCE,,060000041,12,ca-cdph-healthcare-facility-locations,060000041,YES,2d255924-2d00-4e03-8bb5-9547ea5dc4ba,NO,ALREADY_OWNED_EXACT,NO,Exact FACID in production state observation
CA_PENALTY_EVIDENCE,,060000042,15,ca-cdph-healthcare-facility-locations,060000042,YES,e0056f1e-9920-4b0a-be99-cf03375f7afa,NO,ALREADY_OWNED_EXACT,NO,Exact FACID in production state observation
CA_PENALTY_EVIDENCE,,060000043,1,ca-cdph-healthcare-facility-locations,060000043,YES,28bca5d0-c37f-49b3-ac73-1b83d8f00750,NO,ALREADY_OWNED_EXACT,NO,Exact FACID in production state observation
CA_PENALTY_EVIDENCE,,060000045,2,ca-cdph-healthcare-facility-locations,060000045,YES,ec7996bd-1eea-48a6-9ef3-dd6e2a18b92c,NO,ALREADY_OWNED_EXACT,NO,Exact FACID in production state observation
CA_PENALTY_EVIDENCE,,060000046,4,ca-cdph-healthcare-facility-locations,060000046,YES,277b9477-9866-47e4-9914-9c8186288726,NO,ALREADY_OWNED_EXACT,NO,Exact FACID in production state observation
CA_PENALTY_EVIDENCE,,060000047,4,ca-cdph-healthcare-facility-locations,060000047,YES,40d621c8-677d-4545-b162-8470a93b2309,NO,ALREADY_OWNED_EXACT,NO,Exact FACID in production state observation
CA_PENALTY_EVIDENCE,,060000048,7,ca-cdph-healthcare-facility-locations,060000048,YES,4516ed8d-32cf-40a5-a19e-258c12c1e8a2,NO,ALREADY_OWNED_EXACT,NO,Exact FACID in production state observation
CA_PENALTY_EVIDENCE,,060000049,2,ca-cdph-healthcare-facility-locations,060000049,YES,a55a8e83-38d5-470e-97bb-19386ec0a1e1,NO,ALREADY_OWNED_EXACT,NO,Exact FACID in production state observation
CA_PENALTY_EVIDENCE,,060000050,3,ca-cdph-healthcare-facility-locations,060000050,YES,5cd907bd-4655-45a7-843a-6e241f3b425b,NO,ALREADY_OWNED_EXACT,NO,Exact FACID in production state observation
CA_PENALTY_EVIDENCE,,060000051,5,ca-cdph-healthcare-facility-locations,060000051,YES,c81aa327-36d1-4fca-bcac-755fe37fa462,NO,ALREADY_OWNED_EXACT,NO,Exact FACID in production state observation
CA_PENALTY_EVIDENCE,,060000052,11,ca-cdph-healthcare-facility-locations,060000052,YES,bfb17da7-cc5e-4eef-9389-e06d4f67dbd7,NO,ALREADY_OWNED_EXACT,NO,Exact FACID in production state observation
CA_PENALTY_EVIDENCE,,060000053,6,ca-cdph-healthcare-facility-locations,060000053,YES,15f60636-75ba-4b8e-8d30-dbf13b14fe07,NO,ALREADY_OWNED_EXACT,NO,Exact FACID in production state observation
CA_PENALTY_EVIDENCE,,060000054,8,ca-cdph-healthcare-facility-locations,060000054,YES,45769b8e-161f-4f44-a8b7-0ce563b0b331,NO,ALREADY_OWNED_EXACT,NO,Exact FACID in production state observation
CA_PENALTY_EVIDENCE,,060000055,4,ca-cdph-healthcare-facility-locations,060000055,YES,e347eee4-1911-4935-b995-20414751d000,NO,ALREADY_OWNED_EXACT,NO,Exact FACID in production state observation
CA_PENALTY_EVIDENCE,,060000056,13,,,NO,,NO,UNRESOLVED,NO,FACID absent from owned row-level state observations
CA_PENALTY_EVIDENCE,,060000058,10,,,NO,,NO,UNRESOLVED,NO,FACID absent from owned row-level state observations
CA_PENALTY_EVIDENCE,,060000060,28,,,NO,,NO,UNRESOLVED,NO,FACID absent from owned row-level state observations
CA_PENALTY_EVIDENCE,,060000062,6,,,NO,,NO,UNRESOLVED,NO,FACID absent from owned row-level state observations
CA_PENALTY_EVIDENCE,,060000063,16,,,NO,,NO,UNRESOLVED,NO,FACID absent from owned row-level state observations
CA_PENALTY_EVIDENCE,,060000064,1,,,NO,,NO,UNRESOLVED,NO,FACID absent from owned row-level state observations
CA_PENALTY_EVIDENCE,,060000066,1,,,NO,,NO,UNRESOLVED,NO,FACID absent from owned row-level state observations
CA_PENALTY_EVIDENCE,,060000067,12,,,NO,,NO,UNRESOLVED,NO,FACID absent from owned row-level state observations
CA_PENALTY_EVIDENCE,,060000068,32,,,NO,,NO,UNRESOLVED,NO,FACID absent from owned row-level state observations
CA_PENALTY_EVIDENCE,,060000070,2,,,NO,,NO,UNRESOLVED,NO,FACID absent from owned row-level state observations
CA_PENALTY_EVIDENCE,,060000071,52,,,NO,,NO,UNRESOLVED,NO,FACID absent from owned row-level state observations
CA_PENALTY_EVIDENCE,,060000073,23,,,NO,,NO,UNRESOLVED,NO,FACID absent from owned row-level state observations
CA_PENALTY_EVIDENCE,,060000074,7,,,NO,,NO,UNRESOLVED,NO,FACID absent from owned row-level state observations
CA_PENALTY_EVIDENCE,,060000075,3,,,NO,,NO,UNRESOLVED,NO,FACID absent from owned row-level state observations
CA_PENALTY_EVIDENCE,,060000076,1,,,NO,,NO,UNRESOLVED,NO,FACID absent from owned row-level state observations
CA_PENALTY_EVIDENCE,,060000077,7,,,NO,,NO,UNRESOLVED,NO,FACID absent from owned row-level state observations
CA_PENALTY_EVIDENCE,,060000078,3,,,NO,,NO,UNRESOLVED,NO,FACID absent from owned row-level state observations
CA_PENALTY_EVIDENCE,,060000080,4,,,NO,,NO,UNRESOLVED,NO,FACID absent from owned row-level state observations
CA_PENALTY_EVIDENCE,,060000081,2,,,NO,,NO,UNRESOLVED,NO,FACID absent from owned row-level state observations
CA_PENALTY_EVIDENCE,,060000082,1,,,NO,,NO,UNRESOLVED,NO,FACID absent from owned row-level state observations
CA_PENALTY_EVIDENCE,,060000083,1,,,NO,,NO,UNRESOLVED,NO,FACID absent from owned row-level state observations
CA_PENALTY_EVIDENCE,,060000089,6,ca-cdph-healthcare-facility-locations,060000089,YES,860c7cc5-cde0-4abf-b000-b697c8dc9939,NO,ALREADY_OWNED_EXACT,NO,Exact FACID in production state observation
CA_PENALTY_EVIDENCE,,060000113,5,ca-cdph-healthcare-facility-locations,060000113,YES,6e90c11f-e279-4056-b4e1-82b0be92f5e4,NO,ALREADY_OWNED_EXACT,NO,Exact FACID in production state observation
CA_PENALTY_EVIDENCE,,060000117,3,ca-cdph-healthcare-facility-locations,060000117,YES,2086f65b-32d0-4972-b3e5-ecf5ea9ff340,NO,ALREADY_OWNED_EXACT,NO,Exact FACID in production state observation
CA_PENALTY_EVIDENCE,,060000122,3,ca-cdph-healthcare-facility-locations,060000122,YES,99394515-73bb-4092-b6e4-8e2e67bd23a5,NO,ALREADY_OWNED_EXACT,NO,Exact FACID in production state observation
CA_PENALTY_EVIDENCE,,060000123,9,ca-cdph-healthcare-facility-locations,060000123,YES,0da6424e-a93b-4282-96c8-7bfa853fae63,NO,ALREADY_OWNED_EXACT,NO,Exact FACID in production state observation
CA_PENALTY_EVIDENCE,,060000124,8,ca-cdph-healthcare-facility-locations,060000124,YES,cf15bbba-9148-4386-bb7b-3441b0d1c49e,NO,ALREADY_OWNED_EXACT,NO,Exact FACID in production state observation
CA_PENALTY_EVIDENCE,,060000125,6,ca-cdph-healthcare-facility-locations,060000125,YES,1c7375c6-051d-4845-9552-301f261c16b7,NO,ALREADY_OWNED_EXACT,NO,Exact FACID in production state observation
CA_PENALTY_EVIDENCE,,060000127,1,ca-cdph-healthcare-facility-locations,060000127,YES,d515a299-3b20-403e-ab09-0c8e17bee793,NO,ALREADY_OWNED_EXACT,NO,Exact FACID in production state observation
CA_PENALTY_EVIDENCE,,060000129,2,ca-cdph-healthcare-facility-locations,060000129,YES,548e9e6e-3acb-4991-a55e-a8dc7fd26ad9,NO,ALREADY_OWNED_EXACT,NO,Exact FACID in production state observation
CA_PENALTY_EVIDENCE,,060000130,4,ca-cdph-healthcare-facility-locations,060000130,YES,38be88fc-1ba6-4d8c-9020-179a902fe3bd,NO,ALREADY_OWNED_EXACT,NO,Exact FACID in production state observation
CA_PENALTY_EVIDENCE,,060000131,14,ca-cdph-healthcare-facility-locations,060000131,YES,aecdd2c8-f1ac-478d-a056-5fdaa0d716cc,NO,ALREADY_OWNED_EXACT,NO,Exact FACID in production state observation
CA_PENALTY_EVIDENCE,,060000134,4,ca-cdph-healthcare-facility-locations,060000134,YES,f119485a-fba8-4a54-900f-8c93de63d263,NO,ALREADY_OWNED_EXACT,NO,Exact FACID in production state observation
CA_PENALTY_EVIDENCE,,060000143,1,ca-cdph-healthcare-facility-locations,060000143,YES,1b7ef9f2-fb70-4d3b-9c71-6f2a1edbabee,NO,ALREADY_OWNED_EXACT,NO,Exact FACID in production state observation
CA_PENALTY_EVIDENCE,,060000145,4,ca-cdph-healthcare-facility-locations,060000145,YES,7c75ceee-3414-4b3d-b1f7-2f2151bc655a,NO,ALREADY_OWNED_EXACT,NO,Exact FACID in production state observation
CA_PENALTY_EVIDENCE,,060000147,8,ca-cdph-healthcare-facility-locations,060000147,YES,4021f346-4bf4-4fed-bf9f-55d966fae16e,NO,ALREADY_OWNED_EXACT,NO,Exact FACID in production state observation
CA_PENALTY_EVIDENCE,,060000151,2,ca-cdph-healthcare-facility-locations,060000151,YES,981591b0-e0a8-4f83-882c-c7ba060f55b9,NO,ALREADY_OWNED_EXACT,NO,Exact FACID in production state observation
CA_PENALTY_EVIDENCE,,060000155,2,ca-cdph-healthcare-facility-locations,060000155,YES,6d849cd1-6b0d-4af2-9c37-75d1107d3146,NO,ALREADY_OWNED_EXACT,NO,Exact FACID in production state observation
CA_PENALTY_EVIDENCE,,060000156,4,ca-cdph-healthcare-facility-locations,060000156,YES,140cf00f-7997-4f1f-afa8-307411a99f66,NO,ALREADY_OWNED_EXACT,NO,Exact FACID in production state observation
CA_PENALTY_EVIDENCE,,060000159,4,ca-cdph-healthcare-facility-locations,060000159,YES,0b1619a8-3dce-45d6-8bcb-599e085b65ab,NO,ALREADY_OWNED_EXACT,NO,Exact FACID in production state observation
CA_PENALTY_EVIDENCE,,060000164,9,ca-cdph-healthcare-facility-locations,060000164,YES,8165136b-b8d9-445c-8af0-e3d66873fb9c,NO,ALREADY_OWNED_EXACT,NO,Exact FACID in production state observation
CA_PENALTY_EVIDENCE,,060000167,5,ca-cdph-healthcare-facility-locations,060000167,YES,b002e091-a522-45fc-8f15-81869846ef02,NO,ALREADY_OWNED_EXACT,NO,Exact FACID in production state observation
CA_PENALTY_EVIDENCE,,060000168,19,ca-cdph-healthcare-facility-locations,060000168,YES,3773f846-2783-4771-9282-dbe0fe2cd849,NO,ALREADY_OWNED_EXACT,NO,Exact FACID in production state observation
CA_PENALTY_EVIDENCE,,060000194,4,ca-cdph-healthcare-facility-locations,060000194,YES,6e766f0b-bfe5-452f-9a67-4b4518d5d6a6,NO,ALREADY_OWNED_EXACT,NO,Exact FACID in production state observation
CA_PENALTY_EVIDENCE,,060000195,1,,,NO,,NO,UNRESOLVED,NO,FACID absent from owned row-level state observations
CA_PENALTY_EVIDENCE,,060000196,1,ca-cdph-healthcare-facility-locations,060000196,YES,43095a7c-0834-4a41-8daf-c5ab4b516266,NO,ALREADY_OWNED_EXACT,NO,Exact FACID in production state observation
CA_PENALTY_EVIDENCE,,060000208,14,,,NO,,NO,UNRESOLVED,NO,FACID absent from owned row-level state observations
CA_PENALTY_EVIDENCE,,060000209,1,,,NO,,NO,UNRESOLVED,NO,FACID absent from owned row-level state observations
CA_PENALTY_EVIDENCE,,060000210,2,,,NO,,NO,UNRESOLVED,NO,FACID absent from owned row-level state observations
CA_PENALTY_EVIDENCE,,060000255,16,ca-cdph-healthcare-facility-locations,060000255,YES,a12ba181-c938-4d1c-a520-979ccdbfa276,NO,ALREADY_OWNED_EXACT,NO,Exact FACID in production state observation
CA_PENALTY_EVIDENCE,,060000517,2,,,NO,,NO,UNRESOLVED,NO,FACID absent from owned row-level state observations
CA_PENALTY_EVIDENCE,,060000561,1,,,NO,,NO,UNRESOLVED,NO,FACID absent from owned row-level state observations
CA_PENALTY_EVIDENCE,,060000715,13,ca-cdph-healthcare-facility-locations,060000715,YES,4e785735-f1ca-4986-b545-9497bf8498ef,NO,ALREADY_OWNED_EXACT,NO,Exact FACID in production state observation
CA_PENALTY_EVIDENCE,,060000765,18,ca-cdph-healthcare-facility-locations,060000765,YES,6e033905-de00-4978-a314-ffeef7570f75,NO,ALREADY_OWNED_EXACT,NO,Exact FACID in production state observation
CA_PENALTY_EVIDENCE,,060000780,1,,,NO,,NO,UNRESOLVED,NO,FACID absent from owned row-level state observations
CA_PENALTY_EVIDENCE,,060000784,2,,,NO,,NO,UNRESOLVED,NO,FACID absent from owned row-level state observations
CA_PENALTY_EVIDENCE,,060000837,4,ca-cdph-healthcare-facility-locations,060000837,YES,4fa37679-dd2c-418c-8221-ee7c105734bd,NO,ALREADY_OWNED_EXACT,NO,Exact FACID in production state observation
CA_PENALTY_EVIDENCE,,060000839,3,ca-cdph-healthcare-facility-locations,060000839,YES,010087f9-8a6a-4f90-95c7-7281305fbf81,NO,ALREADY_OWNED_EXACT,NO,Exact FACID in production state observation
CA_PENALTY_EVIDENCE,,060000876,8,ca-cdph-healthcare-facility-locations,060000876,YES,6d724a56-7bba-46e4-87fd-1d71e1346db9,NO,ALREADY_OWNED_EXACT,NO,Exact FACID in production state observation
CA_PENALTY_EVIDENCE,,060000923,3,ca-cdph-healthcare-facility-locations,060000923,YES,11096a6b-86bb-4987-a148-892370f76ca2,NO,ALREADY_OWNED_EXACT,NO,Exact FACID in production state observation
CA_PENALTY_EVIDENCE,,060000933,1,,,NO,,NO,UNRESOLVED,NO,FACID absent from owned row-level state observations
CA_PENALTY_EVIDENCE,,060000934,1,,,NO,,NO,UNRESOLVED,NO,FACID absent from owned row-level state observations
CA_PENALTY_EVIDENCE,,060000971,2,,,NO,,NO,UNRESOLVED,NO,FACID absent from owned row-level state observations
CA_PENALTY_EVIDENCE,,060000978,10,ca-cdph-healthcare-facility-locations,060000978,YES,20522815-d428-4268-ab44-6880b4794d1d,NO,ALREADY_OWNED_EXACT,NO,Exact FACID in production state observation
CA_PENALTY_EVIDENCE,,060001025,1,,,NO,,NO,UNRESOLVED,NO,FACID absent from owned row-level state observations
CA_PENALTY_EVIDENCE,,060001034,2,,,NO,,NO,UNRESOLVED,NO,FACID absent from owned row-level state observations
CA_PENALTY_EVIDENCE,,060001051,1,,,NO,,NO,UNRESOLVED,NO,FACID absent from owned row-level state observations
CA_PENALTY_EVIDENCE,,060001052,9,,,NO,,NO,UNRESOLVED,NO,FACID absent from owned row-level state observations
CA_PENALTY_EVIDENCE,,060001053,6,,,NO,,NO,UNRESOLVED,NO,FACID absent from owned row-level state observations
CA_PENALTY_EVIDENCE,,060001058,3,,,NO,,NO,UNRESOLVED,NO,FACID absent from owned row-level state observations
CA_PENALTY_EVIDENCE,,060001074,1,,,NO,,NO,UNRESOLVED,NO,FACID absent from owned row-level state observations
CA_PENALTY_EVIDENCE,,060001076,2,,,NO,,NO,UNRESOLVED,NO,FACID absent from owned row-level state observations
CA_PENALTY_EVIDENCE,,060001077,3,,,NO,,NO,UNRESOLVED,NO,FACID absent from owned row-level state observations
CA_PENALTY_EVIDENCE,,060001078,2,,,NO,,NO,UNRESOLVED,NO,FACID absent from owned row-level state observations
CA_PENALTY_EVIDENCE,,060001079,4,,,NO,,NO,UNRESOLVED,NO,FACID absent from owned row-level state observations
CA_PENALTY_EVIDENCE,,060001096,3,,,NO,,NO,UNRESOLVED,NO,FACID absent from owned row-level state observations
CA_PENALTY_EVIDENCE,,060001097,2,,,NO,,NO,UNRESOLVED,NO,FACID absent from owned row-level state observations
CA_PENALTY_EVIDENCE,,060001112,1,,,NO,,NO,UNRESOLVED,NO,FACID absent from owned row-level state observations
CA_PENALTY_EVIDENCE,,060001137,3,,,NO,,NO,UNRESOLVED,NO,FACID absent from owned row-level state observations
CA_PENALTY_EVIDENCE,,060001149,1,,,NO,,NO,UNRESOLVED,NO,FACID absent from owned row-level state observations
CA_PENALTY_EVIDENCE,,060001154,8,ca-cdph-healthcare-facility-locations,060001154,YES,f34060a4-dfe0-4c39-9d95-dd5427d2505a,NO,ALREADY_OWNED_EXACT,NO,Exact FACID in production state observation
CA_PENALTY_EVIDENCE,,060001166,8,ca-cdph-healthcare-facility-locations,060001166,YES,e3a86dd1-8620-4b17-9a89-3f406fc70c89,NO,ALREADY_OWNED_EXACT,NO,Exact FACID in production state observation
CA_PENALTY_EVIDENCE,,060001197,1,,,NO,,NO,UNRESOLVED,NO,FACID absent from owned row-level state observations
CA_PENALTY_EVIDENCE,,060001245,3,,,NO,,NO,UNRESOLVED,NO,FACID absent from owned row-level state observations
CA_PENALTY_EVIDENCE,,060001255,6,ca-cdph-healthcare-facility-locations,060001255,YES,74c06614-3b19-4dd5-bb30-c531a099fad2,NO,ALREADY_OWNED_EXACT,NO,Exact FACID in production state observation
CA_PENALTY_EVIDENCE,,060001278,7,,,NO,,NO,UNRESOLVED,NO,FACID absent from owned row-level state observations
CA_PENALTY_EVIDENCE,,060001287,6,,,NO,,NO,UNRESOLVED,NO,FACID absent from owned row-level state observations
CA_PENALTY_EVIDENCE,,060001291,3,,,NO,,NO,UNRESOLVED,NO,FACID absent from owned row-level state observations
CA_PENALTY_EVIDENCE,,060001305,2,,,NO,,NO,UNRESOLVED,NO,FACID absent from owned row-level state observations
CA_PENALTY_EVIDENCE,,060001314,3,,,NO,,NO,UNRESOLVED,NO,FACID absent from owned row-level state observations
CA_PENALTY_EVIDENCE,,060001360,11,,,NO,,NO,UNRESOLVED,NO,FACID absent from owned row-level state observations
CA_PENALTY_EVIDENCE,,060001366,3,,,NO,,NO,UNRESOLVED,NO,FACID absent from owned row-level state observations
CA_PENALTY_EVIDENCE,,060001374,4,,,NO,,NO,UNRESOLVED,NO,FACID absent from owned row-level state observations
CA_PENALTY_EVIDENCE,,060001375,1,,,NO,,NO,UNRESOLVED,NO,FACID absent from owned row-level state observations
CA_PENALTY_EVIDENCE,,060001376,1,,,NO,,NO,UNRESOLVED,NO,FACID absent from owned row-level state observations
CA_PENALTY_EVIDENCE,,060001440,1,,,NO,,NO,UNRESOLVED,NO,FACID absent from owned row-level state observations
CA_PENALTY_EVIDENCE,,060001450,5,,,NO,,NO,UNRESOLVED,NO,FACID absent from owned row-level state observations
CA_PENALTY_EVIDENCE,,060001466,2,,,NO,,NO,UNRESOLVED,NO,FACID absent from owned row-level state observations
CA_PENALTY_EVIDENCE,,060001477,2,,,NO,,NO,UNRESOLVED,NO,FACID absent from owned row-level state observations
CA_PENALTY_EVIDENCE,,060001481,2,,,NO,,NO,UNRESOLVED,NO,FACID absent from owned row-level state observations
CA_PENALTY_EVIDENCE,,060001519,4,,,NO,,NO,UNRESOLVED,NO,FACID absent from owned row-level state observations
CA_PENALTY_EVIDENCE,,060001537,1,,,NO,,NO,UNRESOLVED,NO,FACID absent from owned row-level state observations
CA_PENALTY_EVIDENCE,,060001558,1,,,NO,,NO,UNRESOLVED,NO,FACID absent from owned row-level state observations
CA_PENALTY_EVIDENCE,,060001574,2,,,NO,,NO,UNRESOLVED,NO,FACID absent from owned row-level state observations
CA_PENALTY_EVIDENCE,,060001575,1,,,NO,,NO,UNRESOLVED,NO,FACID absent from owned row-level state observations
CA_PENALTY_EVIDENCE,,060001576,5,,,NO,,NO,UNRESOLVED,NO,FACID absent from owned row-level state observations
CA_PENALTY_EVIDENCE,,060001578,2,,,NO,,NO,UNRESOLVED,NO,FACID absent from owned row-level state observations
CA_PENALTY_EVIDENCE,,060001583,1,,,NO,,NO,UNRESOLVED,NO,FACID absent from owned row-level state observations
CA_PENALTY_EVIDENCE,,060001585,1,,,NO,,NO,UNRESOLVED,NO,FACID absent from owned row-level state observations
CA_PENALTY_EVIDENCE,,060001586,3,,,NO,,NO,UNRESOLVED,NO,FACID absent from owned row-level state observations
CA_PENALTY_EVIDENCE,,060001591,3,,,NO,,NO,UNRESOLVED,NO,FACID absent from owned row-level state observations
CA_PENALTY_EVIDENCE,,060001592,2,,,NO,,NO,UNRESOLVED,NO,FACID absent from owned row-level state observations
CA_PENALTY_EVIDENCE,,060001604,4,,,NO,,NO,UNRESOLVED,NO,FACID absent from owned row-level state observations
CA_PENALTY_EVIDENCE,,060001605,1,,,NO,,NO,UNRESOLVED,NO,FACID absent from owned row-level state observations
CA_PENALTY_EVIDENCE,,060001627,2,,,NO,,NO,UNRESOLVED,NO,FACID absent from owned row-level state observations
CA_PENALTY_EVIDENCE,,060001640,1,,,NO,,NO,UNRESOLVED,NO,FACID absent from owned row-level state observations
CA_PENALTY_EVIDENCE,,060001646,1,,,NO,,NO,UNRESOLVED,NO,FACID absent from owned row-level state observations
CA_PENALTY_EVIDENCE,,060001652,3,,,NO,,NO,UNRESOLVED,NO,FACID absent from owned row-level state observations
CA_PENALTY_EVIDENCE,,060001680,6,ca-cdph-healthcare-facility-locations,060001680,YES,f0366f68-6ab2-4c6d-ab3c-0d8998db0410,NO,ALREADY_OWNED_EXACT,NO,Exact FACID in production state observation
CA_PENALTY_EVIDENCE,,060001688,2,,,NO,,NO,UNRESOLVED,NO,FACID absent from owned row-level state observations
CA_PENALTY_EVIDENCE,,060001698,5,ca-cdph-healthcare-facility-locations,060001698,YES,d82112ed-5178-46cb-a157-d7251abebfd9,NO,ALREADY_OWNED_EXACT,NO,Exact FACID in production state observation
CA_PENALTY_EVIDENCE,,060001712,2,,,NO,,NO,UNRESOLVED,NO,FACID absent from owned row-level state observations
CA_PENALTY_EVIDENCE,,060001718,13,ca-cdph-healthcare-facility-locations,060001718,YES,d13c7830-6d7b-43e0-b77e-26ea2571861b,NO,ALREADY_OWNED_EXACT,NO,Exact FACID in production state observation
CA_PENALTY_EVIDENCE,,060001970,1,,,NO,,NO,UNRESOLVED,NO,FACID absent from owned row-level state observations
CA_PENALTY_EVIDENCE,,060001971,2,,,NO,,NO,UNRESOLVED,NO,FACID absent from owned row-level state observations
CA_PENALTY_EVIDENCE,,060001990,1,,,NO,,NO,UNRESOLVED,NO,FACID absent from owned row-level state observations
CA_PENALTY_EVIDENCE,,060001998,1,,,NO,,NO,UNRESOLVED,NO,FACID absent from owned row-level state observations
CA_PENALTY_EVIDENCE,,060001999,1,,,NO,,NO,UNRESOLVED,NO,FACID absent from owned row-level state observations
CA_PENALTY_EVIDENCE,,060002145,1,,,NO,,NO,UNRESOLVED,NO,FACID absent from owned row-level state observations
CA_PENALTY_EVIDENCE,,060002158,1,,,NO,,NO,UNRESOLVED,NO,FACID absent from owned row-level state observations
CA_PENALTY_EVIDENCE,,060002181,1,,,NO,,NO,UNRESOLVED,NO,FACID absent from owned row-level state observations
CA_PENALTY_EVIDENCE,,060002251,1,,,NO,,NO,UNRESOLVED,NO,FACID absent from owned row-level state observations
CA_PENALTY_EVIDENCE,,060002256,4,,,NO,,NO,UNRESOLVED,NO,FACID absent from owned row-level state observations
CA_PENALTY_EVIDENCE,,060002257,1,,,NO,,NO,UNRESOLVED,NO,FACID absent from owned row-level state observations
CA_PENALTY_EVIDENCE,,060002269,1,,,NO,,NO,UNRESOLVED,NO,FACID absent from owned row-level state observations
CA_PENALTY_EVIDENCE,,070000002,7,ca-cdph-healthcare-facility-locations,070000002,YES,da829750-b504-4900-8dfc-bdd9a208b6a7,NO,ALREADY_OWNED_EXACT,NO,Exact FACID in production state observation
CA_PENALTY_EVIDENCE,,070000003,23,ca-cdph-healthcare-facility-locations,070000003,YES,9adf007f-a5ea-4fd0-9fb8-00e54ab30d8c,NO,ALREADY_OWNED_EXACT,NO,Exact FACID in production state observation
CA_PENALTY_EVIDENCE,,070000006,3,,,NO,,NO,UNRESOLVED,NO,FACID absent from owned row-level state observations
CA_PENALTY_EVIDENCE,,070000009,6,ca-cdph-healthcare-facility-locations,070000009,YES,8b43b91a-000f-4d2e-b3b7-5f668e4b70c8,NO,ALREADY_OWNED_EXACT,NO,Exact FACID in production state observation
CA_PENALTY_EVIDENCE,,070000012,8,ca-cdph-healthcare-facility-locations,070000012,YES,fae0b45a-52ee-4462-aca5-10e323fc39d0,NO,ALREADY_OWNED_EXACT,NO,Exact FACID in production state observation
CA_PENALTY_EVIDENCE,,070000014,1,,,NO,,NO,UNRESOLVED,NO,FACID absent from owned row-level state observations
CA_PENALTY_EVIDENCE,,070000019,4,,,NO,,NO,UNRESOLVED,NO,FACID absent from owned row-level state observations
CA_PENALTY_EVIDENCE,,070000022,3,,,NO,,NO,UNRESOLVED,NO,FACID absent from owned row-level state observations
CA_PENALTY_EVIDENCE,,070000023,23,ca-cdph-healthcare-facility-locations,070000023,YES,a8e803c4-b058-449a-95c5-77c93191c534,NO,ALREADY_OWNED_EXACT,NO,Exact FACID in production state observation
CA_PENALTY_EVIDENCE,,070000024,4,,,NO,,NO,UNRESOLVED,NO,FACID absent from owned row-level state observations
CA_PENALTY_EVIDENCE,,070000026,8,ca-cdph-healthcare-facility-locations,070000026,YES,22e28eea-b2f1-4dd8-8205-5d01e1f15618,NO,ALREADY_OWNED_EXACT,NO,Exact FACID in production state observation
CA_PENALTY_EVIDENCE,,070000027,30,ca-cdph-healthcare-facility-locations,070000027,YES,fa3ad443-19b2-41e3-b112-a0e5c117693c,NO,ALREADY_OWNED_EXACT,NO,Exact FACID in production state observation
CA_PENALTY_EVIDENCE,,070000028,15,,,NO,,NO,UNRESOLVED,NO,FACID absent from owned row-level state observations
CA_PENALTY_EVIDENCE,,070000030,2,,,NO,,NO,UNRESOLVED,NO,FACID absent from owned row-level state observations
CA_PENALTY_EVIDENCE,,070000031,17,ca-cdph-healthcare-facility-locations,070000031,YES,32e74b3c-37ca-4c9b-938b-1a0a2f2ee772,NO,ALREADY_OWNED_EXACT,NO,Exact FACID in production state observation
CA_PENALTY_EVIDENCE,,070000032,4,ca-cdph-healthcare-facility-locations,070000032,YES,3238c0a8-4acf-4a8f-8d6c-4d3ba46dc356,NO,ALREADY_OWNED_EXACT,NO,Exact FACID in production state observation
CA_PENALTY_EVIDENCE,,070000033,4,,,NO,,NO,UNRESOLVED,NO,FACID absent from owned row-level state observations
CA_PENALTY_EVIDENCE,,070000034,3,ca-cdph-healthcare-facility-locations,070000034,NO,,NO,UNRESOLVED,NO,FACID in owned observation but no linked provider
CA_PENALTY_EVIDENCE,,070000035,18,ca-cdph-healthcare-facility-locations,070000035,YES,40c62949-1848-4dc8-82e5-dacd1af9e11a,NO,ALREADY_OWNED_EXACT,NO,Exact FACID in production state observation
CA_PENALTY_EVIDENCE,,070000036,24,ca-cdph-healthcare-facility-locations,070000036,YES,30f6df2e-66fa-4883-8892-67869d1356c2,NO,ALREADY_OWNED_EXACT,NO,Exact FACID in production state observation
CA_PENALTY_EVIDENCE,,070000038,9,,,NO,,NO,UNRESOLVED,NO,FACID absent from owned row-level state observations
CA_PENALTY_EVIDENCE,,070000040,35,ca-cdph-healthcare-facility-locations,070000040,YES,b1f4167a-6655-4e61-8f92-b33e038bc52a,NO,ALREADY_OWNED_EXACT,NO,Exact FACID in production state observation
CA_PENALTY_EVIDENCE,,070000041,20,ca-cdph-healthcare-facility-locations,070000041,YES,0734887a-863c-4eac-9367-40b44b765a52,NO,ALREADY_OWNED_EXACT,NO,Exact FACID in production state observation
CA_PENALTY_EVIDENCE,,070000042,6,ca-cdph-healthcare-facility-locations,070000042,YES,6319738b-61cf-4011-9f93-43079d8bfd1e,NO,ALREADY_OWNED_EXACT,NO,Exact FACID in production state observation
CA_PENALTY_EVIDENCE,,070000043,18,ca-cdph-healthcare-facility-locations,070000043,YES,04ca0919-e5d1-4003-8c73-ea05c61e6cd0,NO,ALREADY_OWNED_EXACT,NO,Exact FACID in production state observation
CA_PENALTY_EVIDENCE,,070000044,21,ca-cdph-healthcare-facility-locations,070000044,YES,50ebbc8c-2445-497c-9a4a-e2d59d02800f,NO,ALREADY_OWNED_EXACT,NO,Exact FACID in production state observation
CA_PENALTY_EVIDENCE,,070000046,3,ca-cdph-healthcare-facility-locations,070000046,YES,46e9b9b6-08bc-4024-8590-c0bd168d9d52,NO,ALREADY_OWNED_EXACT,NO,Exact FACID in production state observation
CA_PENALTY_EVIDENCE,,070000047,14,ca-cdph-healthcare-facility-locations,070000047,YES,305e843b-e17e-431d-8bfb-0284a49e4360,NO,ALREADY_OWNED_EXACT,NO,Exact FACID in production state observation
CA_PENALTY_EVIDENCE,,070000048,25,ca-cdph-healthcare-facility-locations,070000048,YES,0997f5fe-c205-4a02-bb0d-c83dbfb71d05,NO,ALREADY_OWNED_EXACT,NO,Exact FACID in production state observation
CA_PENALTY_EVIDENCE,,070000049,7,ca-cdph-healthcare-facility-locations,070000049,YES,1cee3486-cfc2-40c3-af1f-b5db70e81722,NO,ALREADY_OWNED_EXACT,NO,Exact FACID in production state observation
CA_PENALTY_EVIDENCE,,070000050,11,ca-cdph-healthcare-facility-locations,070000050,YES,ab5d5ff1-7b66-43c8-9a0d-4ebebb4755a7,NO,ALREADY_OWNED_EXACT,NO,Exact FACID in production state observation
CA_PENALTY_EVIDENCE,,070000053,6,,,NO,,NO,UNRESOLVED,NO,FACID absent from owned row-level state observations
CA_PENALTY_EVIDENCE,,070000055,2,,,NO,,NO,UNRESOLVED,NO,FACID absent from owned row-level state observations
CA_PENALTY_EVIDENCE,,070000057,28,ca-cdph-healthcare-facility-locations,070000057,YES,8d91da6c-8804-4b3d-b4ca-df380f438701,NO,ALREADY_OWNED_EXACT,NO,Exact FACID in production state observation
CA_PENALTY_EVIDENCE,,070000058,25,ca-cdph-healthcare-facility-locations,070000058,YES,74232c2d-cd39-430d-a40c-9f4c230de4ac,NO,ALREADY_OWNED_EXACT,NO,Exact FACID in production state observation
CA_PENALTY_EVIDENCE,,070000059,2,ca-cdph-healthcare-facility-locations,070000059,YES,18499343-437e-4d80-ab38-7077695ac5ac,NO,ALREADY_OWNED_EXACT,NO,Exact FACID in production state observation
CA_PENALTY_EVIDENCE,,070000060,4,ca-cdph-healthcare-facility-locations,070000060,NO,,NO,UNRESOLVED,NO,FACID in owned observation but no linked provider
CA_PENALTY_EVIDENCE,,070000061,12,ca-cdph-healthcare-facility-locations,070000061,YES,de40f8ef-2559-4225-8dcd-c4ff6e5650dd,NO,ALREADY_OWNED_EXACT,NO,Exact FACID in production state observation
CA_PENALTY_EVIDENCE,,070000062,3,ca-cdph-healthcare-facility-locations,070000062,YES,55b2aa28-d2c2-4b19-b13d-fff472153b9c,NO,ALREADY_OWNED_EXACT,NO,Exact FACID in production state observation
CA_PENALTY_EVIDENCE,,070000066,14,ca-cdph-healthcare-facility-locations,070000066,YES,fc2c2d4d-eabf-447e-a05b-dc70a3f84740,NO,ALREADY_OWNED_EXACT,NO,Exact FACID in production state observation
CA_PENALTY_EVIDENCE,,070000067,11,,,NO,,NO,UNRESOLVED,NO,FACID absent from owned row-level state observations
CA_PENALTY_EVIDENCE,,070000068,58,ca-cdph-healthcare-facility-locations,070000068,YES,e9749ac0-70dc-41f2-96fc-4274d3308a51,NO,ALREADY_OWNED_EXACT,NO,Exact FACID in production state observation
CA_PENALTY_EVIDENCE,,070000073,20,ca-cdph-healthcare-facility-locations,070000073,YES,59baba9d-afa6-45db-8205-c1837e787a3d,NO,ALREADY_OWNED_EXACT,NO,Exact FACID in production state observation
CA_PENALTY_EVIDENCE,,070000074,30,ca-cdph-healthcare-facility-locations,070000074,YES,7fdf43ac-56d9-494d-9992-ae2d63dbb320,NO,ALREADY_OWNED_EXACT,NO,Exact FACID in production state observation
CA_PENALTY_EVIDENCE,,070000076,8,ca-cdph-healthcare-facility-locations,070000076,YES,c828cbb2-4845-471e-884f-05ac416ae85a,NO,ALREADY_OWNED_EXACT,NO,Exact FACID in production state observation
CA_PENALTY_EVIDENCE,,070000078,12,ca-cdph-healthcare-facility-locations,070000078,YES,0868fca4-ca27-4cc7-b945-f968d11891d0,NO,ALREADY_OWNED_EXACT,NO,Exact FACID in production state observation
CA_PENALTY_EVIDENCE,,070000082,5,ca-cdph-healthcare-facility-locations,070000082,YES,a8aacf69-3281-405d-8153-3e740c62c4ff,NO,ALREADY_OWNED_EXACT,NO,Exact FACID in production state observation
CA_PENALTY_EVIDENCE,,070000084,25,ca-cdph-healthcare-facility-locations,070000084,YES,d00fea9f-d49a-48df-813d-e94419c3a7a1,NO,ALREADY_OWNED_EXACT,NO,Exact FACID in production state observation
CA_PENALTY_EVIDENCE,,070000085,18,ca-cdph-healthcare-facility-locations,070000085,YES,cce8e54f-485f-4e91-bd90-9b84881f8591,NO,ALREADY_OWNED_EXACT,NO,Exact FACID in production state observation
CA_PENALTY_EVIDENCE,,070000086,16,ca-cdph-healthcare-facility-locations,070000086,YES,a7c26467-fa87-4c42-8a9d-e39c8ff99825,NO,ALREADY_OWNED_EXACT,NO,Exact FACID in production state observation
CA_PENALTY_EVIDENCE,,070000088,12,ca-cdph-healthcare-facility-locations,070000088,YES,b3f92407-52cc-4d0c-916c-8e905227eb2f,NO,ALREADY_OWNED_EXACT,NO,Exact FACID in production state observation
CA_PENALTY_EVIDENCE,,070000089,31,ca-cdph-healthcare-facility-locations,070000089,YES,bc1532a9-0a74-46bf-aba3-9210c81fc7c9,NO,ALREADY_OWNED_EXACT,NO,Exact FACID in production state observation
CA_PENALTY_EVIDENCE,,070000092,11,ca-cdph-healthcare-facility-locations,070000092,YES,70732630-5333-4c39-bf6d-522183d0a339,NO,ALREADY_OWNED_EXACT,NO,Exact FACID in production state observation
CA_PENALTY_EVIDENCE,,070000093,28,ca-cdph-healthcare-facility-locations,070000093,YES,3824859c-3476-431b-8713-a2cf3124f2f8,NO,ALREADY_OWNED_EXACT,NO,Exact FACID in production state observation
CA_PENALTY_EVIDENCE,,070000094,27,ca-cdph-healthcare-facility-locations,070000094,YES,a2df14e6-a267-49ae-a9b8-455e720c7f37,NO,ALREADY_OWNED_EXACT,NO,Exact FACID in production state observation
CA_PENALTY_EVIDENCE,,070000095,30,ca-cdph-healthcare-facility-locations,070000095,YES,a3a0f683-bb40-43db-8870-3eb4747ff974,NO,ALREADY_OWNED_EXACT,NO,Exact FACID in production state observation
CA_PENALTY_EVIDENCE,,070000096,53,ca-cdph-healthcare-facility-locations,070000096,YES,aa1c3c29-4404-4a85-92d1-150558f78849,NO,ALREADY_OWNED_EXACT,NO,Exact FACID in production state observation
CA_PENALTY_EVIDENCE,,070000097,40,ca-cdph-healthcare-facility-locations,070000097,YES,97a441d1-1a3a-4158-8218-0fd51c794cd1,NO,ALREADY_OWNED_EXACT,NO,Exact FACID in production state observation
CA_PENALTY_EVIDENCE,,070000105,1,,,NO,,NO,UNRESOLVED,NO,FACID absent from owned row-level state observations
CA_PENALTY_EVIDENCE,,070000133,32,,,NO,,NO,UNRESOLVED,NO,FACID absent from owned row-level state observations
CA_PENALTY_EVIDENCE,,070000137,16,,,NO,,NO,UNRESOLVED,NO,FACID absent from owned row-level state observations
CA_PENALTY_EVIDENCE,,070000139,18,,,NO,,NO,UNRESOLVED,NO,FACID absent from owned row-level state observations
CA_PENALTY_EVIDENCE,,070000141,1,,,NO,,NO,UNRESOLVED,NO,FACID absent from owned row-level state observations
CA_PENALTY_EVIDENCE,,070000142,8,,,NO,,NO,UNRESOLVED,NO,FACID absent from owned row-level state observations
CA_PENALTY_EVIDENCE,,070000145,6,,,NO,,NO,UNRESOLVED,NO,FACID absent from owned row-level state observations
CA_PENALTY_EVIDENCE,,070000146,15,,,NO,,NO,UNRESOLVED,NO,FACID absent from owned row-level state observations
CA_PENALTY_EVIDENCE,,070000147,16,,,NO,,NO,UNRESOLVED,NO,FACID absent from owned row-level state observations
CA_PENALTY_EVIDENCE,,070000149,43,,,NO,,NO,UNRESOLVED,NO,FACID absent from owned row-level state observations
CA_PENALTY_EVIDENCE,,070000150,18,,,NO,,NO,UNRESOLVED,NO,FACID absent from owned row-level state observations
CA_PENALTY_EVIDENCE,,070000153,9,,,NO,,NO,UNRESOLVED,NO,FACID absent from owned row-level state observations
CA_PENALTY_EVIDENCE,,070000155,4,,,NO,,NO,UNRESOLVED,NO,FACID absent from owned row-level state observations
CA_PENALTY_EVIDENCE,,070000227,3,,,NO,,NO,UNRESOLVED,NO,FACID absent from owned row-level state observations
CA_PENALTY_EVIDENCE,,070000307,5,,,NO,,NO,UNRESOLVED,NO,FACID absent from owned row-level state observations
CA_PENALTY_EVIDENCE,,070000324,3,ca-cdph-healthcare-facility-locations,070000324,YES,f35b428e-e8d7-46ed-be4c-7dab3be77d30,NO,ALREADY_OWNED_EXACT,NO,Exact FACID in production state observation
CA_PENALTY_EVIDENCE,,070000476,2,,,NO,,NO,UNRESOLVED,NO,FACID absent from owned row-level state observations
CA_PENALTY_EVIDENCE,,070000568,3,,,NO,,NO,UNRESOLVED,NO,FACID absent from owned row-level state observations
CA_PENALTY_EVIDENCE,,070000626,33,ca-cdph-healthcare-facility-locations,070000626,YES,47faec60-45f4-42ab-9a48-c16a9b97a28b,NO,ALREADY_OWNED_EXACT,NO,Exact FACID in production state observation
CA_PENALTY_EVIDENCE,,070000635,3,,,NO,,NO,UNRESOLVED,NO,FACID absent from owned row-level state observations
CA_PENALTY_EVIDENCE,,070000700,3,,,NO,,NO,UNRESOLVED,NO,FACID absent from owned row-level state observations
CA_PENALTY_EVIDENCE,,070000726,5,,,NO,,NO,UNRESOLVED,NO,FACID absent from owned row-level state observations
CA_PENALTY_EVIDENCE,,070000778,12,ca-cdph-healthcare-facility-locations,070000778,YES,45374358-93df-4e5b-b7d4-c4b24093de39,NO,ALREADY_OWNED_EXACT,NO,Exact FACID in production state observation
CA_PENALTY_EVIDENCE,,070000780,9,ca-cdph-healthcare-facility-locations,070000780,YES,8d7638d4-90a9-4c65-94d9-5399966c43d5,NO,ALREADY_OWNED_EXACT,NO,Exact FACID in production state observation
CA_PENALTY_EVIDENCE,,070000789,1,,,NO,,NO,UNRESOLVED,NO,FACID absent from owned row-level state observations
CA_PENALTY_EVIDENCE,,070000815,1,,,NO,,NO,UNRESOLVED,NO,FACID absent from owned row-level state observations
CA_PENALTY_EVIDENCE,,070000817,4,,,NO,,NO,UNRESOLVED,NO,FACID absent from owned row-level state observations
CA_PENALTY_EVIDENCE,,070000868,2,ca-cdph-healthcare-facility-locations,070000868,YES,594204fa-a656-4c84-a057-8071972125b8,NO,ALREADY_OWNED_EXACT,NO,Exact FACID in production state observation
CA_PENALTY_EVIDENCE,,070000890,2,,,NO,,NO,UNRESOLVED,NO,FACID absent from owned row-level state observations
CA_PENALTY_EVIDENCE,,070000904,2,,,NO,,NO,UNRESOLVED,NO,FACID absent from owned row-level state observations
CA_PENALTY_EVIDENCE,,070000906,6,,,NO,,NO,UNRESOLVED,NO,FACID absent from owned row-level state observations
CA_PENALTY_EVIDENCE,,070000915,1,,,NO,,NO,UNRESOLVED,NO,FACID absent from owned row-level state observations
CA_PENALTY_EVIDENCE,,070000918,2,,,NO,,NO,UNRESOLVED,NO,FACID absent from owned row-level state observations
CA_PENALTY_EVIDENCE,,070000940,1,,,NO,,NO,UNRESOLVED,NO,FACID absent from owned row-level state observations
CA_PENALTY_EVIDENCE,,070000953,9,,,NO,,NO,UNRESOLVED,NO,FACID absent from owned row-level state observations
CA_PENALTY_EVIDENCE,,070000959,1,,,NO,,NO,UNRESOLVED,NO,FACID absent from owned row-level state observations
CA_PENALTY_EVIDENCE,,070000980,1,,,NO,,NO,UNRESOLVED,NO,FACID absent from owned row-level state observations
CA_PENALTY_EVIDENCE,,070000989,3,,,NO,,NO,UNRESOLVED,NO,FACID absent from owned row-level state observations
CA_PENALTY_EVIDENCE,,070000998,4,,,NO,,NO,UNRESOLVED,NO,FACID absent from owned row-level state observations
CA_PENALTY_EVIDENCE,,070001025,9,,,NO,,NO,UNRESOLVED,NO,FACID absent from owned row-level state observations
CA_PENALTY_EVIDENCE,,070001028,6,,,NO,,NO,UNRESOLVED,NO,FACID absent from owned row-level state observations
CA_PENALTY_EVIDENCE,,070001060,7,,,NO,,NO,UNRESOLVED,NO,FACID absent from owned row-level state observations
CA_PENALTY_EVIDENCE,,070001089,4,ca-cdph-healthcare-facility-locations,070001089,YES,590f3a70-2a95-43ec-a1ce-a610304b2afe,NO,ALREADY_OWNED_EXACT,NO,Exact FACID in production state observation
CA_PENALTY_EVIDENCE,,070001106,6,,,NO,,NO,UNRESOLVED,NO,FACID absent from owned row-level state observations
CA_PENALTY_EVIDENCE,,070001130,5,,,NO,,NO,UNRESOLVED,NO,FACID absent from owned row-level state observations
CA_PENALTY_EVIDENCE,,070001239,1,,,NO,,NO,UNRESOLVED,NO,FACID absent from owned row-level state observations
CA_PENALTY_EVIDENCE,,070001279,1,,,NO,,NO,UNRESOLVED,NO,FACID absent from owned row-level state observations
CA_PENALTY_EVIDENCE,,070001307,2,,,NO,,NO,UNRESOLVED,NO,FACID absent from owned row-level state observations
CA_PENALTY_EVIDENCE,,070001309,3,,,NO,,NO,UNRESOLVED,NO,FACID absent from owned row-level state observations
CA_PENALTY_EVIDENCE,,070001333,6,,,NO,,NO,UNRESOLVED,NO,FACID absent from owned row-level state observations
CA_PENALTY_EVIDENCE,,070001349,23,,,NO,,NO,UNRESOLVED,NO,FACID absent from owned row-level state observations
CA_PENALTY_EVIDENCE,,070001351,13,,,NO,,NO,UNRESOLVED,NO,FACID absent from owned row-level state observations
CA_PENALTY_EVIDENCE,,070001355,11,,,NO,,NO,UNRESOLVED,NO,FACID absent from owned row-level state observations
CA_PENALTY_EVIDENCE,,070001357,31,,,NO,,NO,UNRESOLVED,NO,FACID absent from owned row-level state observations
CA_PENALTY_EVIDENCE,,070001362,5,,,NO,,NO,UNRESOLVED,NO,FACID absent from owned row-level state observations
CA_PENALTY_EVIDENCE,,070001365,22,ca-cdph-healthcare-facility-locations,070001365,NO,,NO,UNRESOLVED,NO,FACID in owned observation but no linked provider
CA_PENALTY_EVIDENCE,,070001384,9,,,NO,,NO,UNRESOLVED,NO,FACID absent from owned row-level state observations
CA_PENALTY_EVIDENCE,,070001398,2,,,NO,,NO,UNRESOLVED,NO,FACID absent from owned row-level state observations
CA_PENALTY_EVIDENCE,,070001404,1,,,NO,,NO,UNRESOLVED,NO,FACID absent from owned row-level state observations
CA_PENALTY_EVIDENCE,,070001413,1,,,NO,,NO,UNRESOLVED,NO,FACID absent from owned row-level state observations
CA_PENALTY_EVIDENCE,,080000001,3,ca-cdph-healthcare-facility-locations,080000001,YES,d98ea118-a24c-4cce-843a-7912eae969c4,NO,ALREADY_OWNED_EXACT,NO,Exact FACID in production state observation
CA_PENALTY_EVIDENCE,,080000007,8,ca-cdph-healthcare-facility-locations,080000007,YES,476bebcc-8d91-4331-aa24-40e4254e1365,NO,ALREADY_OWNED_EXACT,NO,Exact FACID in production state observation
CA_PENALTY_EVIDENCE,,080000012,11,ca-cdph-healthcare-facility-locations,080000012,YES,a1d97525-8eef-4c16-9071-1b5d01b432e7,NO,ALREADY_OWNED_EXACT,NO,Exact FACID in production state observation
CA_PENALTY_EVIDENCE,,080000014,2,ca-cdph-healthcare-facility-locations,080000014,YES,73b7b723-1256-4099-a4d0-dec05cfdc507,NO,ALREADY_OWNED_EXACT,NO,Exact FACID in production state observation
CA_PENALTY_EVIDENCE,,080000017,5,ca-cdph-healthcare-facility-locations,080000017,YES,e69b05e9-f738-498b-95d4-928f00063d6e,NO,ALREADY_OWNED_EXACT,NO,Exact FACID in production state observation
CA_PENALTY_EVIDENCE,,080000022,11,,,NO,,NO,UNRESOLVED,NO,FACID absent from owned row-level state observations
CA_PENALTY_EVIDENCE,,080000023,6,,,NO,,NO,UNRESOLVED,NO,FACID absent from owned row-level state observations
CA_PENALTY_EVIDENCE,,080000030,12,ca-cdph-healthcare-facility-locations,080000030,YES,6a69e2d6-b1d7-4413-8db1-61ff7892ef2f,NO,ALREADY_OWNED_EXACT,NO,Exact FACID in production state observation
CA_PENALTY_EVIDENCE,,080000031,1,ca-cdph-healthcare-facility-locations,080000031,YES,6e7d6e60-c967-417b-ac19-f33b4c1e6750,NO,ALREADY_OWNED_EXACT,NO,Exact FACID in production state observation
CA_PENALTY_EVIDENCE,,080000032,4,ca-cdph-healthcare-facility-locations,080000032,YES,f066e041-9c4e-4fe9-aafc-cae43cb046fc,NO,ALREADY_OWNED_EXACT,NO,Exact FACID in production state observation
CA_PENALTY_EVIDENCE,,080000035,1,ca-cdph-healthcare-facility-locations,080000035,YES,aa0e0b3b-a97e-40cd-8ece-adda1a1b2b74,NO,ALREADY_OWNED_EXACT,NO,Exact FACID in production state observation
CA_PENALTY_EVIDENCE,,080000036,10,,,NO,,NO,UNRESOLVED,NO,FACID absent from owned row-level state observations
CA_PENALTY_EVIDENCE,,080000043,3,,,NO,,NO,UNRESOLVED,NO,FACID absent from owned row-level state observations
CA_PENALTY_EVIDENCE,,080000045,10,,,NO,,NO,UNRESOLVED,NO,FACID absent from owned row-level state observations
CA_PENALTY_EVIDENCE,,080000050,9,ca-cdph-healthcare-facility-locations,080000050,YES,003bcb41-3560-4acd-b50e-90fd51f5d632,NO,ALREADY_OWNED_EXACT,NO,Exact FACID in production state observation
CA_PENALTY_EVIDENCE,,080000052,3,,,NO,,NO,UNRESOLVED,NO,FACID absent from owned row-level state observations
CA_PENALTY_EVIDENCE,,080000053,10,ca-cdph-healthcare-facility-locations,080000053,YES,0de37cf1-1d26-48d5-b12c-13baca5ae3dc,NO,ALREADY_OWNED_EXACT,NO,Exact FACID in production state observation
CA_PENALTY_EVIDENCE,,080000056,29,,,NO,,NO,UNRESOLVED,NO,FACID absent from owned row-level state observations
CA_PENALTY_EVIDENCE,,080000059,4,ca-cdph-healthcare-facility-locations,080000059,YES,e500314b-c95e-460c-8ba8-b63e5b92fd34,NO,ALREADY_OWNED_EXACT,NO,Exact FACID in production state observation
CA_PENALTY_EVIDENCE,,080000060,7,ca-cdph-healthcare-facility-locations,080000060,YES,3211560c-6dfb-4f30-af89-36b7c068681a,NO,ALREADY_OWNED_EXACT,NO,Exact FACID in production state observation
CA_PENALTY_EVIDENCE,,080000062,8,ca-cdph-healthcare-facility-locations,080000062,YES,c382ce73-e527-4afa-b7f9-1be389b253d2,NO,ALREADY_OWNED_EXACT,NO,Exact FACID in production state observation
CA_PENALTY_EVIDENCE,,080000066,7,ca-cdph-healthcare-facility-locations,080000066,YES,1b1ce837-3915-43b0-b109-5c309ffe6515,NO,ALREADY_OWNED_EXACT,NO,Exact FACID in production state observation
CA_PENALTY_EVIDENCE,,080000068,1,ca-cdph-healthcare-facility-locations,080000068,YES,bd89f916-4176-496e-a22c-41a6acc8c5df,NO,ALREADY_OWNED_EXACT,NO,Exact FACID in production state observation
CA_PENALTY_EVIDENCE,,080000070,2,ca-cdph-healthcare-facility-locations,080000070,YES,b5b40b07-f5b8-453c-92ac-1ef529754975,NO,ALREADY_OWNED_EXACT,NO,Exact FACID in production state observation
CA_PENALTY_EVIDENCE,,080000077,11,ca-cdph-healthcare-facility-locations,080000077,YES,a6523fe8-1947-47a0-90a5-3d54fa02090e,NO,ALREADY_OWNED_EXACT,NO,Exact FACID in production state observation
CA_PENALTY_EVIDENCE,,080000087,9,ca-cdph-healthcare-facility-locations,080000087,YES,cdbb47de-0401-4bb3-b808-17a5799570cd,NO,ALREADY_OWNED_EXACT,NO,Exact FACID in production state observation
CA_PENALTY_EVIDENCE,,080000089,12,ca-cdph-healthcare-facility-locations,080000089,YES,efd5374c-1077-4e99-8de0-13bd53134000,NO,ALREADY_OWNED_EXACT,NO,Exact FACID in production state observation
CA_PENALTY_EVIDENCE,,080000090,3,ca-cdph-healthcare-facility-locations,080000090,YES,6ce4d982-2f72-4938-a0c8-ed000a0cdede,NO,ALREADY_OWNED_EXACT,NO,Exact FACID in production state observation
CA_PENALTY_EVIDENCE,,080000094,4,ca-cdph-healthcare-facility-locations,080000094,YES,86593395-a8a3-4ab2-8e3f-b10b62c33bcf,NO,ALREADY_OWNED_EXACT,NO,Exact FACID in production state observation
CA_PENALTY_EVIDENCE,,080000099,11,ca-cdph-healthcare-facility-locations,080000099,YES,31810d31-f5e7-4871-8313-4d17d86c736d,NO,ALREADY_OWNED_EXACT,NO,Exact FACID in production state observation
CA_PENALTY_EVIDENCE,,080000130,1,,,NO,,NO,UNRESOLVED,NO,FACID absent from owned row-level state observations
CA_PENALTY_EVIDENCE,,080000142,7,,,NO,,NO,UNRESOLVED,NO,FACID absent from owned row-level state observations
CA_PENALTY_EVIDENCE,,080000144,11,,,NO,,NO,UNRESOLVED,NO,FACID absent from owned row-level state observations
CA_PENALTY_EVIDENCE,,080000147,8,,,NO,,NO,UNRESOLVED,NO,FACID absent from owned row-level state observations
CA_PENALTY_EVIDENCE,,080000149,11,,,NO,,NO,UNRESOLVED,NO,FACID absent from owned row-level state observations
CA_PENALTY_EVIDENCE,,080000150,6,,,NO,,NO,UNRESOLVED,NO,FACID absent from owned row-level state observations
CA_PENALTY_EVIDENCE,,080000152,12,,,NO,,NO,UNRESOLVED,NO,FACID absent from owned row-level state observations
CA_PENALTY_EVIDENCE,,080000156,1,,,NO,,NO,UNRESOLVED,NO,FACID absent from owned row-level state observations
CA_PENALTY_EVIDENCE,,080000222,7,ca-cdph-healthcare-facility-locations,080000222,YES,b7e07f59-1bf7-4946-a814-c7075db31eee,NO,ALREADY_OWNED_EXACT,NO,Exact FACID in production state observation
CA_PENALTY_EVIDENCE,,080000268,2,,,NO,,NO,UNRESOLVED,NO,FACID absent from owned row-level state observations
CA_PENALTY_EVIDENCE,,080000283,4,,,NO,,NO,UNRESOLVED,NO,FACID absent from owned row-level state observations
CA_PENALTY_EVIDENCE,,080000307,9,,,NO,,NO,UNRESOLVED,NO,FACID absent from owned row-level state observations
CA_PENALTY_EVIDENCE,,080000470,3,,,NO,,NO,UNRESOLVED,NO,FACID absent from owned row-level state observations
CA_PENALTY_EVIDENCE,,080000617,8,ca-cdph-healthcare-facility-locations,080000617,YES,eb0203bf-c6b7-4556-9838-3b62a2e84606,NO,ALREADY_OWNED_EXACT,NO,Exact FACID in production state observation
CA_PENALTY_EVIDENCE,,080000642,7,,,NO,,NO,UNRESOLVED,NO,FACID absent from owned row-level state observations
CA_PENALTY_EVIDENCE,,080000665,2,,,NO,,NO,UNRESOLVED,NO,FACID absent from owned row-level state observations
CA_PENALTY_EVIDENCE,,080000679,2,ca-cdph-healthcare-facility-locations,080000679,YES,cc8680d3-087c-482b-b8f3-57aa8c0b6fc4,NO,ALREADY_OWNED_EXACT,NO,Exact FACID in production state observation
CA_PENALTY_EVIDENCE,,080000685,6,ca-cdph-healthcare-facility-locations,080000685,YES,511a51a0-0d84-4bbd-8573-26e982962594,NO,ALREADY_OWNED_EXACT,NO,Exact FACID in production state observation
CA_PENALTY_EVIDENCE,,080000692,13,ca-cdph-healthcare-facility-locations,080000692,YES,ef763933-3238-4591-b0f1-a12f97462791,NO,ALREADY_OWNED_EXACT,NO,Exact FACID in production state observation
CA_PENALTY_EVIDENCE,,080000694,13,ca-cdph-healthcare-facility-locations,080000694,YES,0ad0374a-a758-47e2-a787-8f4d335faa97,NO,ALREADY_OWNED_EXACT,NO,Exact FACID in production state observation
CA_PENALTY_EVIDENCE,,080000752,2,ca-cdph-healthcare-facility-locations,080000752,YES,3fca14a9-1d6b-4200-81d2-2d7a17154a47,NO,ALREADY_OWNED_EXACT,NO,Exact FACID in production state observation
CA_PENALTY_EVIDENCE,,080000761,20,ca-cdph-healthcare-facility-locations,080000761,YES,18e4ac22-3260-4b57-8908-472992e05e08,NO,ALREADY_OWNED_EXACT,NO,Exact FACID in production state observation
CA_PENALTY_EVIDENCE,,080000795,9,ca-cdph-healthcare-facility-locations,080000795,YES,8e44a0ec-0102-4621-97f8-536009f6a958,NO,ALREADY_OWNED_EXACT,NO,Exact FACID in production state observation
CA_PENALTY_EVIDENCE,,080000801,16,ca-cdph-healthcare-facility-locations,080000801,YES,fb1cc174-a871-4dd3-b017-7d152bbd57ee,NO,ALREADY_OWNED_EXACT,NO,Exact FACID in production state observation
CA_PENALTY_EVIDENCE,,080000810,1,,,NO,,NO,UNRESOLVED,NO,FACID absent from owned row-level state observations
CA_PENALTY_EVIDENCE,,080000820,12,ca-cdph-healthcare-facility-locations,080000820,YES,daf71f72-69c6-4f53-aee8-4a3161aca5ec,NO,ALREADY_OWNED_EXACT,NO,Exact FACID in production state observation
CA_PENALTY_EVIDENCE,,080000835,3,ca-cdph-healthcare-facility-locations,080000835,YES,ced0b127-355e-4927-8c90-a26a8d1d144d,NO,ALREADY_OWNED_EXACT,NO,Exact FACID in production state observation
CA_PENALTY_EVIDENCE,,080000873,1,,,NO,,NO,UNRESOLVED,NO,FACID absent from owned row-level state observations
CA_PENALTY_EVIDENCE,,080000903,1,,,NO,,NO,UNRESOLVED,NO,FACID absent from owned row-level state observations
CA_PENALTY_EVIDENCE,,080000922,1,,,NO,,NO,UNRESOLVED,NO,FACID absent from owned row-level state observations
CA_PENALTY_EVIDENCE,,080000962,9,ca-cdph-healthcare-facility-locations,080000962,YES,443ce7fd-ad23-47d8-ac60-ac26f729f3bc,NO,ALREADY_OWNED_EXACT,NO,Exact FACID in production state observation
CA_PENALTY_EVIDENCE,,080000987,3,,,NO,,NO,UNRESOLVED,NO,FACID absent from owned row-level state observations
CA_PENALTY_EVIDENCE,,080001107,1,ca-cdph-healthcare-facility-locations,080001107,YES,b0e609b7-5b75-4f90-9503-469fc69b5326,NO,ALREADY_OWNED_EXACT,NO,Exact FACID in production state observation
CA_PENALTY_EVIDENCE,,080001264,5,,,NO,,NO,UNRESOLVED,NO,FACID absent from owned row-level state observations
CA_PENALTY_EVIDENCE,,080001502,2,ca-cdph-healthcare-facility-locations,080001502,YES,b1df833b-20b5-4c54-afed-14ab49e05a8f,NO,ALREADY_OWNED_EXACT,NO,Exact FACID in production state observation
CA_PENALTY_EVIDENCE,,080001515,9,ca-cdph-healthcare-facility-locations,080001515,YES,cea0852f-223d-4a8b-a830-c6c280d760d4,NO,ALREADY_OWNED_EXACT,NO,Exact FACID in production state observation
CA_PENALTY_EVIDENCE,,080001536,15,ca-cdph-healthcare-facility-locations,080001536,YES,dc112f27-c947-4176-82bf-711f96b5478d,NO,ALREADY_OWNED_EXACT,NO,Exact FACID in production state observation
CA_PENALTY_EVIDENCE,,080001538,9,ca-cdph-healthcare-facility-locations,080001538,YES,8c041497-4294-473c-8f05-a331288470d2,NO,ALREADY_OWNED_EXACT,NO,Exact FACID in production state observation
CA_PENALTY_EVIDENCE,,080001540,5,ca-cdph-healthcare-facility-locations,080001540,YES,237b0ba4-7de4-49be-8c8d-1c4f47703cc2,NO,ALREADY_OWNED_EXACT,NO,Exact FACID in production state observation
CA_PENALTY_EVIDENCE,,080001542,4,ca-cdph-healthcare-facility-locations,080001542,YES,da7ef039-4962-4b14-940a-568df103f15e,NO,ALREADY_OWNED_EXACT,NO,Exact FACID in production state observation
CA_PENALTY_EVIDENCE,,080001692,2,ca-cdph-healthcare-facility-locations,080001692,YES,d5b71c60-8c3b-4490-9021-a9f14e50d3d5,NO,ALREADY_OWNED_EXACT,NO,Exact FACID in production state observation
CA_PENALTY_EVIDENCE,,080001708,2,,,NO,,NO,UNRESOLVED,NO,FACID absent from owned row-level state observations
CA_PENALTY_EVIDENCE,,080001751,1,ca-cdph-healthcare-facility-locations,080001751,YES,566927ad-1c40-4573-9be1-b64ef441e340,NO,ALREADY_OWNED_EXACT,NO,Exact FACID in production state observation
CA_PENALTY_EVIDENCE,,090000003,4,ca-cdph-healthcare-facility-locations,090000003,YES,6219f724-7338-4151-a3db-d7f0571e3261,NO,ALREADY_OWNED_EXACT,NO,Exact FACID in production state observation
CA_PENALTY_EVIDENCE,,090000004,3,ca-cdph-healthcare-facility-locations,090000004,YES,c7df940d-394b-4bc0-9c13-1d0d5188a4a4,NO,ALREADY_OWNED_EXACT,NO,Exact FACID in production state observation
CA_PENALTY_EVIDENCE,,090000006,2,ca-cdph-healthcare-facility-locations,090000006,YES,feef9046-d371-4b34-aca5-2a5fea872521,NO,ALREADY_OWNED_EXACT,NO,Exact FACID in production state observation
CA_PENALTY_EVIDENCE,,090000009,5,ca-cdph-healthcare-facility-locations,090000009,YES,fed4a4fd-8da6-4d30-9979-9a1097225ca6,NO,ALREADY_OWNED_EXACT,NO,Exact FACID in production state observation
CA_PENALTY_EVIDENCE,,090000010,1,ca-cdph-healthcare-facility-locations,090000010,YES,3f49a498-200a-4ab1-8d03-9d67ec1444cf,NO,ALREADY_OWNED_EXACT,NO,Exact FACID in production state observation
CA_PENALTY_EVIDENCE,,090000011,6,ca-cdph-healthcare-facility-locations,090000011,YES,559b03ca-bf00-4598-83ad-918f3499f609,NO,ALREADY_OWNED_EXACT,NO,Exact FACID in production state observation
CA_PENALTY_EVIDENCE,,090000013,1,,,NO,,NO,UNRESOLVED,NO,FACID absent from owned row-level state observations
CA_PENALTY_EVIDENCE,,090000015,10,ca-cdph-healthcare-facility-locations,090000015,YES,d6c397a6-4014-4b1e-99d9-9cc4e8d07fc4,NO,ALREADY_OWNED_EXACT,NO,Exact FACID in production state observation
CA_PENALTY_EVIDENCE,,090000018,7,ca-cdph-healthcare-facility-locations,090000018,YES,510ca55d-1da7-4b32-acbb-895cbd4e613c,NO,ALREADY_OWNED_EXACT,NO,Exact FACID in production state observation
CA_PENALTY_EVIDENCE,,090000020,24,ca-cdph-healthcare-facility-locations,090000020,YES,0e49eae6-9204-474c-9875-1855c474a221,NO,ALREADY_OWNED_EXACT,NO,Exact FACID in production state observation
CA_PENALTY_EVIDENCE,,090000021,6,,,NO,,NO,UNRESOLVED,NO,FACID absent from owned row-level state observations
CA_PENALTY_EVIDENCE,,090000025,17,,,NO,,NO,UNRESOLVED,NO,FACID absent from owned row-level state observations
CA_PENALTY_EVIDENCE,,090000027,1,,,NO,,NO,UNRESOLVED,NO,FACID absent from owned row-level state observations
CA_PENALTY_EVIDENCE,,090000028,9,ca-cdph-healthcare-facility-locations,090000028,YES,0c3fb265-f1ff-431c-8fe0-7f3cbd82fa64,NO,ALREADY_OWNED_EXACT,NO,Exact FACID in production state observation
CA_PENALTY_EVIDENCE,,090000029,9,ca-cdph-healthcare-facility-locations,090000029,YES,3b0365f6-183d-424e-b4b2-d6dc19e724d5,NO,ALREADY_OWNED_EXACT,NO,Exact FACID in production state observation
CA_PENALTY_EVIDENCE,,090000033,2,,,NO,,NO,UNRESOLVED,NO,FACID absent from owned row-level state observations
CA_PENALTY_EVIDENCE,,090000034,5,ca-cdph-healthcare-facility-locations,090000034,YES,a48c122f-78f6-4934-8751-c8aceea7eea3,NO,ALREADY_OWNED_EXACT,NO,Exact FACID in production state observation
CA_PENALTY_EVIDENCE,,090000039,2,ca-cdph-healthcare-facility-locations,090000039,YES,9790b493-8a81-44ea-9803-8775959d99dd,NO,ALREADY_OWNED_EXACT,NO,Exact FACID in production state observation
CA_PENALTY_EVIDENCE,,090000040,4,,,NO,,NO,UNRESOLVED,NO,FACID absent from owned row-level state observations
CA_PENALTY_EVIDENCE,,090000041,3,ca-cdph-healthcare-facility-locations,090000041,YES,e44b49c8-97ef-472d-b5db-912d31ca1f2b,NO,ALREADY_OWNED_EXACT,NO,Exact FACID in production state observation
CA_PENALTY_EVIDENCE,,090000042,4,ca-cdph-healthcare-facility-locations,090000042,YES,a487fe0b-e684-4e75-bfcd-07190358eca6,NO,ALREADY_OWNED_EXACT,NO,Exact FACID in production state observation
CA_PENALTY_EVIDENCE,,090000044,1,ca-cdph-healthcare-facility-locations,090000044,YES,f3fa64c1-66d5-4cf1-acba-ff7845400881,NO,ALREADY_OWNED_EXACT,NO,Exact FACID in production state observation
CA_PENALTY_EVIDENCE,,090000046,4,ca-cdph-healthcare-facility-locations,090000046,YES,eb98b83a-7c44-4785-aad7-9e6430629356,NO,ALREADY_OWNED_EXACT,NO,Exact FACID in production state observation
CA_PENALTY_EVIDENCE,,090000048,1,,,NO,,NO,UNRESOLVED,NO,FACID absent from owned row-level state observations
CA_PENALTY_EVIDENCE,,090000051,5,ca-cdph-healthcare-facility-locations,090000051,YES,0035948f-758f-4af9-935b-e5b1e09ba76f,NO,ALREADY_OWNED_EXACT,NO,Exact FACID in production state observation
CA_PENALTY_EVIDENCE,,090000054,4,,,NO,,NO,UNRESOLVED,NO,FACID absent from owned row-level state observations
CA_PENALTY_EVIDENCE,,090000055,5,,,NO,,NO,UNRESOLVED,NO,FACID absent from owned row-level state observations
CA_PENALTY_EVIDENCE,,090000057,3,ca-cdph-healthcare-facility-locations,090000057,YES,ef81e59b-ad5f-43b6-b71b-b262d100c362,NO,ALREADY_OWNED_EXACT,NO,Exact FACID in production state observation
CA_PENALTY_EVIDENCE,,090000058,1,ca-cdph-healthcare-facility-locations,090000058,YES,88d8d422-f3c4-437a-bb33-dd6b73146562,NO,ALREADY_OWNED_EXACT,NO,Exact FACID in production state observation
CA_PENALTY_EVIDENCE,,090000061,6,ca-cdph-healthcare-facility-locations,090000061,YES,c85a5fb5-383d-400e-8df5-eacbf85216b7,NO,ALREADY_OWNED_EXACT,NO,Exact FACID in production state observation
CA_PENALTY_EVIDENCE,,090000063,7,ca-cdph-healthcare-facility-locations,090000063,YES,162e34be-697e-4ed8-91e3-e12ce7411b79,NO,ALREADY_OWNED_EXACT,NO,Exact FACID in production state observation
CA_PENALTY_EVIDENCE,,090000064,2,ca-cdph-healthcare-facility-locations,090000064,YES,b5563997-b0dc-4019-8456-8a68dc5193e7,NO,ALREADY_OWNED_EXACT,NO,Exact FACID in production state observation
CA_PENALTY_EVIDENCE,,090000065,9,ca-cdph-healthcare-facility-locations,090000065,YES,724982eb-d346-4ff4-b2f3-f063010712cd,NO,ALREADY_OWNED_EXACT,NO,Exact FACID in production state observation
CA_PENALTY_EVIDENCE,,090000067,6,ca-cdph-healthcare-facility-locations,090000067,YES,d5115575-35ad-4d3d-b4bc-496b53f652c8,NO,ALREADY_OWNED_EXACT,NO,Exact FACID in production state observation
CA_PENALTY_EVIDENCE,,090000071,10,ca-cdph-healthcare-facility-locations,090000071,YES,eb6ba3d3-1f03-49f8-8499-487b2ccb746e,NO,ALREADY_OWNED_EXACT,NO,Exact FACID in production state observation
CA_PENALTY_EVIDENCE,,090000074,4,ca-cdph-healthcare-facility-locations,090000074,YES,2c7ece35-fcfb-4389-9317-ad16a305982f,NO,ALREADY_OWNED_EXACT,NO,Exact FACID in production state observation
CA_PENALTY_EVIDENCE,,090000076,3,ca-cdph-healthcare-facility-locations,090000076,YES,53fee734-f906-4774-847f-d31375067d66,NO,ALREADY_OWNED_EXACT,NO,Exact FACID in production state observation
CA_PENALTY_EVIDENCE,,090000082,3,,,NO,,NO,UNRESOLVED,NO,FACID absent from owned row-level state observations
CA_PENALTY_EVIDENCE,,090000083,9,ca-cdph-healthcare-facility-locations,090000083,YES,1da2acac-951e-4111-aead-57180daeff5b,NO,ALREADY_OWNED_EXACT,NO,Exact FACID in production state observation
CA_PENALTY_EVIDENCE,,090000084,1,ca-cdph-healthcare-facility-locations,090000084,YES,5e667547-a03d-47dd-8c94-a47fb3b93f10,NO,ALREADY_OWNED_EXACT,NO,Exact FACID in production state observation
CA_PENALTY_EVIDENCE,,090000086,12,ca-cdph-healthcare-facility-locations,090000086,YES,ff014c99-0f64-43ff-aade-687ca4e7b1f0,NO,ALREADY_OWNED_EXACT,NO,Exact FACID in production state observation
CA_PENALTY_EVIDENCE,,090000091,1,,,NO,,NO,UNRESOLVED,NO,FACID absent from owned row-level state observations
CA_PENALTY_EVIDENCE,,090000092,14,ca-cdph-healthcare-facility-locations,090000092,YES,fb93be0d-231e-444e-90e0-17cde37cc108,NO,ALREADY_OWNED_EXACT,NO,Exact FACID in production state observation
CA_PENALTY_EVIDENCE,,090000097,1,,,NO,,NO,UNRESOLVED,NO,FACID absent from owned row-level state observations
CA_PENALTY_EVIDENCE,,090000101,1,,,NO,,NO,UNRESOLVED,NO,FACID absent from owned row-level state observations
CA_PENALTY_EVIDENCE,,090000102,5,ca-cdph-healthcare-facility-locations,090000102,YES,86d1c6f7-e045-49ad-b9b7-fd51ecc716b7,NO,ALREADY_OWNED_EXACT,NO,Exact FACID in production state observation
CA_PENALTY_EVIDENCE,,090000103,1,,,NO,,NO,UNRESOLVED,NO,FACID absent from owned row-level state observations
CA_PENALTY_EVIDENCE,,090000104,2,ca-cdph-healthcare-facility-locations,090000104,YES,f9bc94f0-6bb3-49cf-beb4-8be3b061a99f,NO,ALREADY_OWNED_EXACT,NO,Exact FACID in production state observation
CA_PENALTY_EVIDENCE,,090000105,3,ca-cdph-healthcare-facility-locations,090000105,YES,3ebbf903-3a9c-424a-880a-1371c7d71ab4,NO,ALREADY_OWNED_EXACT,NO,Exact FACID in production state observation
CA_PENALTY_EVIDENCE,,090000107,2,ca-cdph-healthcare-facility-locations,090000107,YES,e430c980-93e5-45ed-bea7-abc054ab0ffd,NO,ALREADY_OWNED_EXACT,NO,Exact FACID in production state observation
CA_PENALTY_EVIDENCE,,090000112,2,,,NO,,NO,UNRESOLVED,NO,FACID absent from owned row-level state observations
CA_PENALTY_EVIDENCE,,090000114,1,,,NO,,NO,UNRESOLVED,NO,FACID absent from owned row-level state observations
CA_PENALTY_EVIDENCE,,090000115,2,,,NO,,NO,UNRESOLVED,NO,FACID absent from owned row-level state observations
CA_PENALTY_EVIDENCE,,090000117,1,,,NO,,NO,UNRESOLVED,NO,FACID absent from owned row-level state observations
CA_PENALTY_EVIDENCE,,090000118,2,,,NO,,NO,UNRESOLVED,NO,FACID absent from owned row-level state observations
CA_PENALTY_EVIDENCE,,090000119,2,,,NO,,NO,UNRESOLVED,NO,FACID absent from owned row-level state observations
CA_PENALTY_EVIDENCE,,090000120,1,,,NO,,NO,UNRESOLVED,NO,FACID absent from owned row-level state observations
CA_PENALTY_EVIDENCE,,090000123,1,,,NO,,NO,UNRESOLVED,NO,FACID absent from owned row-level state observations
CA_PENALTY_EVIDENCE,,090000128,2,,,NO,,NO,UNRESOLVED,NO,FACID absent from owned row-level state observations
CA_PENALTY_EVIDENCE,,090000134,5,,,NO,,NO,UNRESOLVED,NO,FACID absent from owned row-level state observations
CA_PENALTY_EVIDENCE,,090000138,1,,,NO,,NO,UNRESOLVED,NO,FACID absent from owned row-level state observations
CA_PENALTY_EVIDENCE,,090000139,3,,,NO,,NO,UNRESOLVED,NO,FACID absent from owned row-level state observations
CA_PENALTY_EVIDENCE,,090000140,3,,,NO,,NO,UNRESOLVED,NO,FACID absent from owned row-level state observations
CA_PENALTY_EVIDENCE,,090000145,4,,,NO,,NO,UNRESOLVED,NO,FACID absent from owned row-level state observations
CA_PENALTY_EVIDENCE,,090000146,1,,,NO,,NO,UNRESOLVED,NO,FACID absent from owned row-level state observations
CA_PENALTY_EVIDENCE,,090000154,13,,,NO,,NO,UNRESOLVED,NO,FACID absent from owned row-level state observations
CA_PENALTY_EVIDENCE,,090000155,7,,,NO,,NO,UNRESOLVED,NO,FACID absent from owned row-level state observations
CA_PENALTY_EVIDENCE,,090000159,1,,,NO,,NO,UNRESOLVED,NO,FACID absent from owned row-level state observations
CA_PENALTY_EVIDENCE,,090000180,2,,,NO,,NO,UNRESOLVED,NO,FACID absent from owned row-level state observations
CA_PENALTY_EVIDENCE,,090000183,2,,,NO,,NO,UNRESOLVED,NO,FACID absent from owned row-level state observations
CA_PENALTY_EVIDENCE,,090000202,1,,,NO,,NO,UNRESOLVED,NO,FACID absent from owned row-level state observations
CA_PENALTY_EVIDENCE,,090000218,3,,,NO,,NO,UNRESOLVED,NO,FACID absent from owned row-level state observations
CA_PENALTY_EVIDENCE,,090000257,1,,,NO,,NO,UNRESOLVED,NO,FACID absent from owned row-level state observations
CA_PENALTY_EVIDENCE,,090000264,1,,,NO,,NO,UNRESOLVED,NO,FACID absent from owned row-level state observations
CA_PENALTY_EVIDENCE,,090000277,4,,,NO,,NO,UNRESOLVED,NO,FACID absent from owned row-level state observations
CA_PENALTY_EVIDENCE,,090000280,1,,,NO,,NO,UNRESOLVED,NO,FACID absent from owned row-level state observations
CA_PENALTY_EVIDENCE,,090000282,2,,,NO,,NO,UNRESOLVED,NO,FACID absent from owned row-level state observations
CA_PENALTY_EVIDENCE,,090000310,2,,,NO,,NO,UNRESOLVED,NO,FACID absent from owned row-level state observations
CA_PENALTY_EVIDENCE,,090000311,1,,,NO,,NO,UNRESOLVED,NO,FACID absent from owned row-level state observations
CA_PENALTY_EVIDENCE,,090000312,3,,,NO,,NO,UNRESOLVED,NO,FACID absent from owned row-level state observations
CA_PENALTY_EVIDENCE,,090000315,2,,,NO,,NO,UNRESOLVED,NO,FACID absent from owned row-level state observations
CA_PENALTY_EVIDENCE,,090000317,1,,,NO,,NO,UNRESOLVED,NO,FACID absent from owned row-level state observations
CA_PENALTY_EVIDENCE,,090000318,1,,,NO,,NO,UNRESOLVED,NO,FACID absent from owned row-level state observations
CA_PENALTY_EVIDENCE,,090000324,8,ca-cdph-healthcare-facility-locations,090000324,YES,7b7fd624-cdb5-45e8-89b8-b1a23f537bab,NO,ALREADY_OWNED_EXACT,NO,Exact FACID in production state observation
CA_PENALTY_EVIDENCE,,090000416,2,ca-cdph-healthcare-facility-locations,090000416,YES,e173bc12-67aa-4e58-b7d4-df11f7e37c1a,NO,ALREADY_OWNED_EXACT,NO,Exact FACID in production state observation
CA_PENALTY_EVIDENCE,,090000475,1,ca-cdph-healthcare-facility-locations,090000475,YES,d1101017-b4f0-44a5-9772-183894c96e9e,NO,ALREADY_OWNED_EXACT,NO,Exact FACID in production state observation
CA_PENALTY_EVIDENCE,,090000485,1,,,NO,,NO,UNRESOLVED,NO,FACID absent from owned row-level state observations
CA_PENALTY_EVIDENCE,,090000714,2,,,NO,,NO,UNRESOLVED,NO,FACID absent from owned row-level state observations
CA_PENALTY_EVIDENCE,,090000727,1,,,NO,,NO,UNRESOLVED,NO,FACID absent from owned row-level state observations
CA_PENALTY_EVIDENCE,,090000729,4,,,NO,,NO,UNRESOLVED,NO,FACID absent from owned row-level state observations
CA_PENALTY_EVIDENCE,,090000745,2,,,NO,,NO,UNRESOLVED,NO,FACID absent from owned row-level state observations
CA_PENALTY_EVIDENCE,,090000771,2,,,NO,,NO,UNRESOLVED,NO,FACID absent from owned row-level state observations
CA_PENALTY_EVIDENCE,,090000959,1,,,NO,,NO,UNRESOLVED,NO,FACID absent from owned row-level state observations
CA_PENALTY_EVIDENCE,,090000977,2,,,NO,,NO,UNRESOLVED,NO,FACID absent from owned row-level state observations
CA_PENALTY_EVIDENCE,,090000996,1,,,NO,,NO,UNRESOLVED,NO,FACID absent from owned row-level state observations
CA_PENALTY_EVIDENCE,,090001032,1,,,NO,,NO,UNRESOLVED,NO,FACID absent from owned row-level state observations
CA_PENALTY_EVIDENCE,,090001105,2,,,NO,,NO,UNRESOLVED,NO,FACID absent from owned row-level state observations
CA_PENALTY_EVIDENCE,,090001130,1,,,NO,,NO,UNRESOLVED,NO,FACID absent from owned row-level state observations
CA_PENALTY_EVIDENCE,,090001239,1,,,NO,,NO,UNRESOLVED,NO,FACID absent from owned row-level state observations
CA_PENALTY_EVIDENCE,,090001316,2,,,NO,,NO,UNRESOLVED,NO,FACID absent from owned row-level state observations
CA_PENALTY_EVIDENCE,,090001336,1,,,NO,,NO,UNRESOLVED,NO,FACID absent from owned row-level state observations
CA_PENALTY_EVIDENCE,,090001338,1,,,NO,,NO,UNRESOLVED,NO,FACID absent from owned row-level state observations
CA_PENALTY_EVIDENCE,,090001340,2,,,NO,,NO,UNRESOLVED,NO,FACID absent from owned row-level state observations
CA_PENALTY_EVIDENCE,,090001342,1,,,NO,,NO,UNRESOLVED,NO,FACID absent from owned row-level state observations
CA_PENALTY_EVIDENCE,,090001471,3,,,NO,,NO,UNRESOLVED,NO,FACID absent from owned row-level state observations
CA_PENALTY_EVIDENCE,,090001511,1,,,NO,,NO,UNRESOLVED,NO,FACID absent from owned row-level state observations
CA_PENALTY_EVIDENCE,,090001556,2,,,NO,,NO,UNRESOLVED,NO,FACID absent from owned row-level state observations
CA_PENALTY_EVIDENCE,,090001571,2,,,NO,,NO,UNRESOLVED,NO,FACID absent from owned row-level state observations
CA_PENALTY_EVIDENCE,,090001576,3,,,NO,,NO,UNRESOLVED,NO,FACID absent from owned row-level state observations
CA_PENALTY_EVIDENCE,,100000001,26,ca-cdph-healthcare-facility-locations,100000001,YES,f692ff5a-f299-46e0-a317-af4fa4addcb3,NO,ALREADY_OWNED_EXACT,NO,Exact FACID in production state observation
CA_PENALTY_EVIDENCE,,100000002,4,ca-cdph-healthcare-facility-locations,100000002,YES,55da9b40-d678-4cae-946d-177836d2796c,NO,ALREADY_OWNED_EXACT,NO,Exact FACID in production state observation
CA_PENALTY_EVIDENCE,,100000003,5,ca-cdph-healthcare-facility-locations,100000003,YES,85cbcb8f-7aae-4a11-94cb-5e459b363c74,NO,ALREADY_OWNED_EXACT,NO,Exact FACID in production state observation
CA_PENALTY_EVIDENCE,,100000006,10,,,NO,,NO,UNRESOLVED,NO,FACID absent from owned row-level state observations
CA_PENALTY_EVIDENCE,,100000010,22,ca-cdph-healthcare-facility-locations,100000010,YES,48757449-3203-4f36-9def-6bb202531600,NO,ALREADY_OWNED_EXACT,NO,Exact FACID in production state observation
CA_PENALTY_EVIDENCE,,100000015,2,,,NO,,NO,UNRESOLVED,NO,FACID absent from owned row-level state observations
CA_PENALTY_EVIDENCE,,100000017,4,ca-cdph-healthcare-facility-locations,100000017,YES,326f05a8-e47c-4413-9e7b-74dc20445417,NO,ALREADY_OWNED_EXACT,NO,Exact FACID in production state observation
CA_PENALTY_EVIDENCE,,100000021,6,ca-cdph-healthcare-facility-locations,100000021,YES,819c96de-8829-4d65-85c2-4e6fa208fd1b,NO,ALREADY_OWNED_EXACT,NO,Exact FACID in production state observation
CA_PENALTY_EVIDENCE,,100000022,15,ca-cdph-healthcare-facility-locations,100000022,YES,5dbd347b-e975-462f-8df1-f78873f694f9,NO,ALREADY_OWNED_EXACT,NO,Exact FACID in production state observation
CA_PENALTY_EVIDENCE,,100000025,58,ca-cdph-healthcare-facility-locations,100000025,YES,8b064298-ef4d-4ecf-910e-95991c486e04,NO,ALREADY_OWNED_EXACT,NO,Exact FACID in production state observation
CA_PENALTY_EVIDENCE,,100000026,37,ca-cdph-healthcare-facility-locations,100000026,YES,e08a4b1e-4a70-41a0-b728-5e34e60860c2,NO,ALREADY_OWNED_EXACT,NO,Exact FACID in production state observation
CA_PENALTY_EVIDENCE,,100000027,8,ca-cdph-healthcare-facility-locations,100000027,YES,1be85f21-5fc7-40e8-a8bb-bd4a3cffa75f,NO,ALREADY_OWNED_EXACT,NO,Exact FACID in production state observation
CA_PENALTY_EVIDENCE,,100000029,8,ca-cdph-healthcare-facility-locations,100000029,YES,5f62885a-6b1a-4498-b88a-c3e34d50d19f,NO,ALREADY_OWNED_EXACT,NO,Exact FACID in production state observation
CA_PENALTY_EVIDENCE,,100000030,7,ca-cdph-healthcare-facility-locations,100000030,YES,d9a2f0a8-aef7-4eba-bf6b-f7055f60cb9e,NO,ALREADY_OWNED_EXACT,NO,Exact FACID in production state observation
CA_PENALTY_EVIDENCE,,100000031,2,,,NO,,NO,UNRESOLVED,NO,FACID absent from owned row-level state observations
CA_PENALTY_EVIDENCE,,100000032,10,ca-cdph-healthcare-facility-locations,100000032,YES,20e8cf03-2193-464a-b73c-8fb154c30273,NO,ALREADY_OWNED_EXACT,NO,Exact FACID in production state observation
CA_PENALTY_EVIDENCE,,100000034,1,,,NO,,NO,UNRESOLVED,NO,FACID absent from owned row-level state observations
CA_PENALTY_EVIDENCE,,100000035,11,ca-cdph-healthcare-facility-locations,100000035,YES,d5e9032d-d213-4dc7-bda5-9a4a16197660,NO,ALREADY_OWNED_EXACT,NO,Exact FACID in production state observation
CA_PENALTY_EVIDENCE,,100000036,6,ca-cdph-healthcare-facility-locations,100000036,YES,c2656526-bae3-49bd-92e9-5a3744a93fe4,NO,ALREADY_OWNED_EXACT,NO,Exact FACID in production state observation
CA_PENALTY_EVIDENCE,,100000038,15,ca-cdph-healthcare-facility-locations,100000038,YES,70a6116c-a732-4b28-97f7-ef6c2e93f827,NO,ALREADY_OWNED_EXACT,NO,Exact FACID in production state observation
CA_PENALTY_EVIDENCE,,100000039,20,ca-cdph-healthcare-facility-locations,100000039,YES,912c264d-cb85-44d1-b721-91a29fc5fb1a,NO,ALREADY_OWNED_EXACT,NO,Exact FACID in production state observation
CA_PENALTY_EVIDENCE,,100000041,17,ca-cdph-healthcare-facility-locations,100000041,YES,09a8c056-0618-4e1f-814e-bb3d0b77f99b,NO,ALREADY_OWNED_EXACT,NO,Exact FACID in production state observation
CA_PENALTY_EVIDENCE,,100000042,18,ca-cdph-healthcare-facility-locations,100000042,YES,f8729c65-5dc8-48a1-8b3c-8d9b16afa053,NO,ALREADY_OWNED_EXACT,NO,Exact FACID in production state observation
CA_PENALTY_EVIDENCE,,100000048,16,ca-cdph-healthcare-facility-locations,100000048,YES,901257b0-fc8f-4543-83c7-f7e9d5c0cf31,NO,ALREADY_OWNED_EXACT,NO,Exact FACID in production state observation
CA_PENALTY_EVIDENCE,,100000049,10,ca-cdph-healthcare-facility-locations,100000049,YES,0d74ef65-90ae-454c-8c6e-c130e18f6d3b,NO,ALREADY_OWNED_EXACT,NO,Exact FACID in production state observation
CA_PENALTY_EVIDENCE,,100000051,6,ca-cdph-healthcare-facility-locations,100000051,YES,dc5c065a-9712-482e-bc79-4f515e3ebca2,NO,ALREADY_OWNED_EXACT,NO,Exact FACID in production state observation
CA_PENALTY_EVIDENCE,,100000055,9,ca-cdph-healthcare-facility-locations,100000055,YES,8b02260c-f22d-4b26-ae46-9160fe0359bd,NO,ALREADY_OWNED_EXACT,NO,Exact FACID in production state observation
CA_PENALTY_EVIDENCE,,100000056,2,,,NO,,NO,UNRESOLVED,NO,FACID absent from owned row-level state observations
CA_PENALTY_EVIDENCE,,100000057,20,ca-cdph-healthcare-facility-locations,100000057,YES,da91159e-ef14-469f-ab09-17f8eacfa248,NO,ALREADY_OWNED_EXACT,NO,Exact FACID in production state observation
CA_PENALTY_EVIDENCE,,100000058,8,ca-cdph-healthcare-facility-locations,100000058,YES,9d6786b8-b1a4-46f5-911f-17a6ff268357,NO,ALREADY_OWNED_EXACT,NO,Exact FACID in production state observation
CA_PENALTY_EVIDENCE,,100000059,12,ca-cdph-healthcare-facility-locations,100000059,YES,7b615878-1d2f-4937-9bce-221e8dc2ba37,NO,ALREADY_OWNED_EXACT,NO,Exact FACID in production state observation
CA_PENALTY_EVIDENCE,,100000061,5,,,NO,,NO,UNRESOLVED,NO,FACID absent from owned row-level state observations
CA_PENALTY_EVIDENCE,,100000069,1,ca-cdph-healthcare-facility-locations,100000069,YES,bfa37e67-e742-4129-ad82-2814199c6587,NO,ALREADY_OWNED_EXACT,NO,Exact FACID in production state observation
CA_PENALTY_EVIDENCE,,100000070,6,ca-cdph-healthcare-facility-locations,100000070,YES,6474b18c-6e33-4735-a13c-8acc1250f9d7,NO,ALREADY_OWNED_EXACT,NO,Exact FACID in production state observation
CA_PENALTY_EVIDENCE,,100000072,15,ca-cdph-healthcare-facility-locations,100000072,YES,741a47f2-4301-4a0c-a01f-022c853eca07,NO,ALREADY_OWNED_EXACT,NO,Exact FACID in production state observation
CA_PENALTY_EVIDENCE,,100000073,14,ca-cdph-healthcare-facility-locations,100000073,YES,2432f297-25c9-4be3-ad37-66decf279272,NO,ALREADY_OWNED_EXACT,NO,Exact FACID in production state observation
CA_PENALTY_EVIDENCE,,100000082,11,ca-cdph-healthcare-facility-locations,100000082,YES,5c54916d-3602-4e83-be83-c35c3bb254a0,NO,ALREADY_OWNED_EXACT,NO,Exact FACID in production state observation
CA_PENALTY_EVIDENCE,,100000084,14,ca-cdph-healthcare-facility-locations,100000084,YES,a8ffa357-39f5-4a56-9056-d4219fb46f27,NO,ALREADY_OWNED_EXACT,NO,Exact FACID in production state observation
CA_PENALTY_EVIDENCE,,100000089,18,ca-cdph-healthcare-facility-locations,100000089,YES,d308bb18-71b8-40e6-96b4-fb45afcfdfa8,NO,ALREADY_OWNED_EXACT,NO,Exact FACID in production state observation
CA_PENALTY_EVIDENCE,,100000091,17,ca-cdph-healthcare-facility-locations,100000091,YES,fedca5ba-1286-410a-b5d0-9434c510b2a6,NO,ALREADY_OWNED_EXACT,NO,Exact FACID in production state observation
CA_PENALTY_EVIDENCE,,100000092,10,ca-cdph-healthcare-facility-locations,100000092,YES,e82c86f5-80d1-4be4-a549-f7ee5244165e,NO,ALREADY_OWNED_EXACT,NO,Exact FACID in production state observation
CA_PENALTY_EVIDENCE,,100000093,19,ca-cdph-healthcare-facility-locations,100000093,YES,e37f5cad-8239-416c-bb88-3fa89229d20f,NO,ALREADY_OWNED_EXACT,NO,Exact FACID in production state observation
CA_PENALTY_EVIDENCE,,100000097,3,ca-cdph-healthcare-facility-locations,100000097,YES,ddbc7aa0-56db-4c81-aaff-1bb99a9abc53,NO,ALREADY_OWNED_EXACT,NO,Exact FACID in production state observation
CA_PENALTY_EVIDENCE,,100000100,5,,,NO,,NO,UNRESOLVED,NO,FACID absent from owned row-level state observations
CA_PENALTY_EVIDENCE,,100000104,5,ca-cdph-healthcare-facility-locations,100000104,YES,4ca8a398-4a79-4d47-a04d-7bfc19009c3e,NO,ALREADY_OWNED_EXACT,NO,Exact FACID in production state observation
CA_PENALTY_EVIDENCE,,100000107,10,ca-cdph-healthcare-facility-locations,100000107,YES,4a48eaf7-3171-42cc-8553-b8ee84b4e9ed,NO,ALREADY_OWNED_EXACT,NO,Exact FACID in production state observation
CA_PENALTY_EVIDENCE,,100000170,5,,,NO,,NO,UNRESOLVED,NO,FACID absent from owned row-level state observations
CA_PENALTY_EVIDENCE,,100000173,1,,,NO,,NO,UNRESOLVED,NO,FACID absent from owned row-level state observations
CA_PENALTY_EVIDENCE,,100000175,2,,,NO,,NO,UNRESOLVED,NO,FACID absent from owned row-level state observations
CA_PENALTY_EVIDENCE,,100000194,3,,,NO,,NO,UNRESOLVED,NO,FACID absent from owned row-level state observations
CA_PENALTY_EVIDENCE,,100000201,1,,,NO,,NO,UNRESOLVED,NO,FACID absent from owned row-level state observations
CA_PENALTY_EVIDENCE,,100000290,15,ca-cdph-healthcare-facility-locations,100000290,YES,1cef062e-01a5-4c61-8271-296bdf8c8c28,NO,ALREADY_OWNED_EXACT,NO,Exact FACID in production state observation
CA_PENALTY_EVIDENCE,,100000324,18,ca-cdph-healthcare-facility-locations,100000324,YES,923d0804-15e9-42bf-93e6-06e083f2adc7,NO,ALREADY_OWNED_EXACT,NO,Exact FACID in production state observation
CA_PENALTY_EVIDENCE,,100000495,1,,,NO,,NO,UNRESOLVED,NO,FACID absent from owned row-level state observations
CA_PENALTY_EVIDENCE,,100000522,3,,,NO,,NO,UNRESOLVED,NO,FACID absent from owned row-level state observations
CA_PENALTY_EVIDENCE,,100000524,5,,,NO,,NO,UNRESOLVED,NO,FACID absent from owned row-level state observations
CA_PENALTY_EVIDENCE,,100000773,14,ca-cdph-healthcare-facility-locations,100000773,YES,d24e9856-d6fa-4e7d-bef4-54165c71d11f,NO,ALREADY_OWNED_EXACT,NO,Exact FACID in production state observation
CA_PENALTY_EVIDENCE,,100000814,25,ca-cdph-healthcare-facility-locations,100000814,YES,81e4412f-7682-42eb-8682-d44a9a90137a,NO,ALREADY_OWNED_EXACT,NO,Exact FACID in production state observation
CA_PENALTY_EVIDENCE,,100000826,17,ca-cdph-healthcare-facility-locations,100000826,YES,45e96622-f8dd-4f07-9c0c-efc468ea59c1,NO,ALREADY_OWNED_EXACT,NO,Exact FACID in production state observation
CA_PENALTY_EVIDENCE,,100000834,3,,,NO,,NO,UNRESOLVED,NO,FACID absent from owned row-level state observations
CA_PENALTY_EVIDENCE,,100000851,9,ca-cdph-healthcare-facility-locations,100000851,YES,b35a7897-25b7-44cc-b84e-c019975551fc,NO,ALREADY_OWNED_EXACT,NO,Exact FACID in production state observation
CA_PENALTY_EVIDENCE,,100000853,5,,,NO,,NO,UNRESOLVED,NO,FACID absent from owned row-level state observations
CA_PENALTY_EVIDENCE,,100000911,1,,,NO,,NO,UNRESOLVED,NO,FACID absent from owned row-level state observations
CA_PENALTY_EVIDENCE,,100000962,7,ca-cdph-healthcare-facility-locations,100000962,YES,983b558a-3500-4fee-a3d0-da606db080b3,NO,ALREADY_OWNED_EXACT,NO,Exact FACID in production state observation
CA_PENALTY_EVIDENCE,,100000998,1,,,NO,,NO,UNRESOLVED,NO,FACID absent from owned row-level state observations
CA_PENALTY_EVIDENCE,,100000999,1,,,NO,,NO,UNRESOLVED,NO,FACID absent from owned row-level state observations
CA_PENALTY_EVIDENCE,,100001060,2,,,NO,,NO,UNRESOLVED,NO,FACID absent from owned row-level state observations
CA_PENALTY_EVIDENCE,,100001154,2,,,NO,,NO,UNRESOLVED,NO,FACID absent from owned row-level state observations
CA_PENALTY_EVIDENCE,,100001166,2,,,NO,,NO,UNRESOLVED,NO,FACID absent from owned row-level state observations
CA_PENALTY_EVIDENCE,,100001176,1,,,NO,,NO,UNRESOLVED,NO,FACID absent from owned row-level state observations
CA_PENALTY_EVIDENCE,,100001207,3,,,NO,,NO,UNRESOLVED,NO,FACID absent from owned row-level state observations
CA_PENALTY_EVIDENCE,,100001246,1,,,NO,,NO,UNRESOLVED,NO,FACID absent from owned row-level state observations
CA_PENALTY_EVIDENCE,,100001249,4,,,NO,,NO,UNRESOLVED,NO,FACID absent from owned row-level state observations
CA_PENALTY_EVIDENCE,,100001299,1,,,NO,,NO,UNRESOLVED,NO,FACID absent from owned row-level state observations
CA_PENALTY_EVIDENCE,,100001316,2,,,NO,,NO,UNRESOLVED,NO,FACID absent from owned row-level state observations
CA_PENALTY_EVIDENCE,,100001317,1,,,NO,,NO,UNRESOLVED,NO,FACID absent from owned row-level state observations
CA_PENALTY_EVIDENCE,,100001332,1,,,NO,,NO,UNRESOLVED,NO,FACID absent from owned row-level state observations
CA_PENALTY_EVIDENCE,,100001433,4,,,NO,,NO,UNRESOLVED,NO,FACID absent from owned row-level state observations
CA_PENALTY_EVIDENCE,,100001445,2,,,NO,,NO,UNRESOLVED,NO,FACID absent from owned row-level state observations
CA_PENALTY_EVIDENCE,,100001449,3,,,NO,,NO,UNRESOLVED,NO,FACID absent from owned row-level state observations
CA_PENALTY_EVIDENCE,,100001451,1,,,NO,,NO,UNRESOLVED,NO,FACID absent from owned row-level state observations
CA_PENALTY_EVIDENCE,,100001453,7,,,NO,,NO,UNRESOLVED,NO,FACID absent from owned row-level state observations
CA_PENALTY_EVIDENCE,,100001455,5,,,NO,,NO,UNRESOLVED,NO,FACID absent from owned row-level state observations
CA_PENALTY_EVIDENCE,,100001481,2,,,NO,,NO,UNRESOLVED,NO,FACID absent from owned row-level state observations
CA_PENALTY_EVIDENCE,,100001482,4,,,NO,,NO,UNRESOLVED,NO,FACID absent from owned row-level state observations
CA_PENALTY_EVIDENCE,,100001484,2,,,NO,,NO,UNRESOLVED,NO,FACID absent from owned row-level state observations
CA_PENALTY_EVIDENCE,,100001505,2,,,NO,,NO,UNRESOLVED,NO,FACID absent from owned row-level state observations
CA_PENALTY_EVIDENCE,,100001511,1,,,NO,,NO,UNRESOLVED,NO,FACID absent from owned row-level state observations
CA_PENALTY_EVIDENCE,,100001535,5,ca-cdph-healthcare-facility-locations,100001535,YES,d365023c-9bcf-43c4-bcac-2ca642664ff9,NO,ALREADY_OWNED_EXACT,NO,Exact FACID in production state observation
CA_PENALTY_EVIDENCE,,100001573,1,,,NO,,NO,UNRESOLVED,NO,FACID absent from owned row-level state observations
CA_PENALTY_EVIDENCE,,100001594,1,,,NO,,NO,UNRESOLVED,NO,FACID absent from owned row-level state observations
CA_PENALTY_EVIDENCE,,100001639,9,,,NO,,NO,UNRESOLVED,NO,FACID absent from owned row-level state observations
CA_PENALTY_EVIDENCE,,100001641,1,,,NO,,NO,UNRESOLVED,NO,FACID absent from owned row-level state observations
CA_PENALTY_EVIDENCE,,100001644,2,,,NO,,NO,UNRESOLVED,NO,FACID absent from owned row-level state observations
CA_PENALTY_EVIDENCE,,100001674,2,,,NO,,NO,UNRESOLVED,NO,FACID absent from owned row-level state observations
CA_PENALTY_EVIDENCE,,100001676,2,ca-cdph-healthcare-facility-locations,100001676,YES,bf31d126-f2dc-46fc-bce1-c2683ac209cc,NO,ALREADY_OWNED_EXACT,NO,Exact FACID in production state observation
CA_PENALTY_EVIDENCE,,100001681,8,,,NO,,NO,UNRESOLVED,NO,FACID absent from owned row-level state observations
CA_PENALTY_EVIDENCE,,100001730,1,,,NO,,NO,UNRESOLVED,NO,FACID absent from owned row-level state observations
CA_PENALTY_EVIDENCE,,100001790,5,,,NO,,NO,UNRESOLVED,NO,FACID absent from owned row-level state observations
CA_PENALTY_EVIDENCE,,100001800,2,,,NO,,NO,UNRESOLVED,NO,FACID absent from owned row-level state observations
CA_PENALTY_EVIDENCE,,100001804,1,,,NO,,NO,UNRESOLVED,NO,FACID absent from owned row-level state observations
CA_PENALTY_EVIDENCE,,100001810,1,,,NO,,NO,UNRESOLVED,NO,FACID absent from owned row-level state observations
CA_PENALTY_EVIDENCE,,110000002,13,,,NO,,NO,UNRESOLVED,NO,FACID absent from owned row-level state observations
CA_PENALTY_EVIDENCE,,110000007,6,,,NO,,NO,UNRESOLVED,NO,FACID absent from owned row-level state observations
CA_PENALTY_EVIDENCE,,110000008,1,,,NO,,NO,UNRESOLVED,NO,FACID absent from owned row-level state observations
CA_PENALTY_EVIDENCE,,110000009,1,,,NO,,NO,UNRESOLVED,NO,FACID absent from owned row-level state observations
CA_PENALTY_EVIDENCE,,110000010,27,,,NO,,NO,UNRESOLVED,NO,FACID absent from owned row-level state observations
CA_PENALTY_EVIDENCE,,110000011,14,,,NO,,NO,UNRESOLVED,NO,FACID absent from owned row-level state observations
CA_PENALTY_EVIDENCE,,110000013,51,ca-cdph-healthcare-facility-locations,110000013,YES,e459c1a7-7d39-4386-bbd8-c4ded6beebb3,NO,ALREADY_OWNED_EXACT,NO,Exact FACID in production state observation
CA_PENALTY_EVIDENCE,,110000016,8,,,NO,,NO,UNRESOLVED,NO,FACID absent from owned row-level state observations
CA_PENALTY_EVIDENCE,,110000018,14,ca-cdph-healthcare-facility-locations,110000018,YES,6aa8fa9e-102c-40a1-a931-26b1c873d2f8,NO,ALREADY_OWNED_EXACT,NO,Exact FACID in production state observation
CA_PENALTY_EVIDENCE,,110000019,5,,,NO,,NO,UNRESOLVED,NO,FACID absent from owned row-level state observations
CA_PENALTY_EVIDENCE,,110000021,1,,,NO,,NO,UNRESOLVED,NO,FACID absent from owned row-level state observations
CA_PENALTY_EVIDENCE,,110000023,1,,,NO,,NO,UNRESOLVED,NO,FACID absent from owned row-level state observations
CA_PENALTY_EVIDENCE,,110000030,15,ca-cdph-healthcare-facility-locations,110000030,YES,fe4c58ef-c2c6-423e-b3ae-6e3abf215c1c,NO,ALREADY_OWNED_EXACT,NO,Exact FACID in production state observation
CA_PENALTY_EVIDENCE,,110000031,33,ca-cdph-healthcare-facility-locations,110000031,YES,6f78e067-05ad-444c-a759-87c79b4575e4,NO,ALREADY_OWNED_EXACT,NO,Exact FACID in production state observation
CA_PENALTY_EVIDENCE,,110000035,7,,,NO,,NO,UNRESOLVED,NO,FACID absent from owned row-level state observations
CA_PENALTY_EVIDENCE,,110000038,1,,,NO,,NO,UNRESOLVED,NO,FACID absent from owned row-level state observations
CA_PENALTY_EVIDENCE,,110000040,9,,,NO,,NO,UNRESOLVED,NO,FACID absent from owned row-level state observations
CA_PENALTY_EVIDENCE,,110000041,19,,,NO,,NO,UNRESOLVED,NO,FACID absent from owned row-level state observations
CA_PENALTY_EVIDENCE,,110000044,5,,,NO,,NO,UNRESOLVED,NO,FACID absent from owned row-level state observations
CA_PENALTY_EVIDENCE,,110000045,5,,,NO,,NO,UNRESOLVED,NO,FACID absent from owned row-level state observations
CA_PENALTY_EVIDENCE,,110000046,34,ca-cdph-healthcare-facility-locations,110000046,YES,d67a55ac-21db-4525-b5d4-45780d7057ff,NO,ALREADY_OWNED_EXACT,NO,Exact FACID in production state observation
CA_PENALTY_EVIDENCE,,110000049,8,,,NO,,NO,UNRESOLVED,NO,FACID absent from owned row-level state observations
CA_PENALTY_EVIDENCE,,110000053,5,ca-cdph-healthcare-facility-locations,110000053,YES,af5ec4e4-4303-44c1-bbfc-6d78c4b50a93,NO,ALREADY_OWNED_EXACT,NO,Exact FACID in production state observation
CA_PENALTY_EVIDENCE,,110000054,27,,,NO,,NO,UNRESOLVED,NO,FACID absent from owned row-level state observations
CA_PENALTY_EVIDENCE,,110000055,3,,,NO,,NO,UNRESOLVED,NO,FACID absent from owned row-level state observations
CA_PENALTY_EVIDENCE,,110000056,8,,,NO,,NO,UNRESOLVED,NO,FACID absent from owned row-level state observations
CA_PENALTY_EVIDENCE,,110000057,2,,,NO,,NO,UNRESOLVED,NO,FACID absent from owned row-level state observations
CA_PENALTY_EVIDENCE,,110000058,7,,,NO,,NO,UNRESOLVED,NO,FACID absent from owned row-level state observations
CA_PENALTY_EVIDENCE,,110000063,31,ca-cdph-healthcare-facility-locations,110000063,YES,e871a2e3-47d6-4948-b4f3-2157fceb96d8,NO,ALREADY_OWNED_EXACT,NO,Exact FACID in production state observation
CA_PENALTY_EVIDENCE,,110000064,63,,,NO,,NO,UNRESOLVED,NO,FACID absent from owned row-level state observations
CA_PENALTY_EVIDENCE,,110000067,6,,,NO,,NO,UNRESOLVED,NO,FACID absent from owned row-level state observations
CA_PENALTY_EVIDENCE,,110000068,2,,,NO,,NO,UNRESOLVED,NO,FACID absent from owned row-level state observations
CA_PENALTY_EVIDENCE,,110000070,4,,,NO,,NO,UNRESOLVED,NO,FACID absent from owned row-level state observations
CA_PENALTY_EVIDENCE,,110000073,5,,,NO,,NO,UNRESOLVED,NO,FACID absent from owned row-level state observations
CA_PENALTY_EVIDENCE,,110000074,32,ca-cdph-healthcare-facility-locations,110000074,YES,acec0eda-e830-4b48-9d95-8fe70c03e76f,NO,ALREADY_OWNED_EXACT,NO,Exact FACID in production state observation
CA_PENALTY_EVIDENCE,,110000077,18,ca-cdph-healthcare-facility-locations,110000077,YES,562c46aa-bdf3-44fd-a731-5458564a40c8,NO,ALREADY_OWNED_EXACT,NO,Exact FACID in production state observation
CA_PENALTY_EVIDENCE,,110000083,1,,,NO,,NO,UNRESOLVED,NO,FACID absent from owned row-level state observations
CA_PENALTY_EVIDENCE,,110000084,29,ca-cdph-healthcare-facility-locations,110000084,YES,8611c22c-0f93-463e-b9dd-9352b214d2ed,NO,ALREADY_OWNED_EXACT,NO,Exact FACID in production state observation
CA_PENALTY_EVIDENCE,,110000128,1,,,NO,,NO,UNRESOLVED,NO,FACID absent from owned row-level state observations
CA_PENALTY_EVIDENCE,,110000129,2,,,NO,,NO,UNRESOLVED,NO,FACID absent from owned row-level state observations
CA_PENALTY_EVIDENCE,,110000233,5,ca-cdph-healthcare-facility-locations,110000233,YES,cf1b49c6-a4f6-4efd-aa18-ad7e3f7c2f14,NO,ALREADY_OWNED_EXACT,NO,Exact FACID in production state observation
CA_PENALTY_EVIDENCE,,110000378,5,,,NO,,NO,UNRESOLVED,NO,FACID absent from owned row-level state observations
CA_PENALTY_EVIDENCE,,110000381,1,,,NO,,NO,UNRESOLVED,NO,FACID absent from owned row-level state observations
CA_PENALTY_EVIDENCE,,110000467,29,ca-cdph-healthcare-facility-locations,110000467,YES,426644ca-03c2-43da-81f3-e9b42658eb72,NO,ALREADY_OWNED_EXACT,NO,Exact FACID in production state observation
CA_PENALTY_EVIDENCE,,110000508,13,,,NO,,NO,UNRESOLVED,NO,FACID absent from owned row-level state observations
CA_PENALTY_EVIDENCE,,110000608,4,,,NO,,NO,UNRESOLVED,NO,FACID absent from owned row-level state observations
CA_PENALTY_EVIDENCE,,110000621,4,ca-cdph-healthcare-facility-locations,110000621,YES,5c9c6c3d-5cef-4c8f-a201-ff73dcad2ff0,NO,ALREADY_OWNED_EXACT,NO,Exact FACID in production state observation
CA_PENALTY_EVIDENCE,,110000686,2,,,NO,,NO,UNRESOLVED,NO,FACID absent from owned row-level state observations
CA_PENALTY_EVIDENCE,,110000702,2,ca-cdph-healthcare-facility-locations,110000702,YES,9d2d0206-0119-428d-ac4f-e971b4b963e9,NO,ALREADY_OWNED_EXACT,NO,Exact FACID in production state observation
CA_PENALTY_EVIDENCE,,110000739,28,,,NO,,NO,UNRESOLVED,NO,FACID absent from owned row-level state observations
CA_PENALTY_EVIDENCE,,110000760,7,ca-cdph-healthcare-facility-locations,110000760,YES,141613f3-7a6c-47b8-a77b-b310ce25533c,NO,ALREADY_OWNED_EXACT,NO,Exact FACID in production state observation
CA_PENALTY_EVIDENCE,,110000812,4,,,NO,,NO,UNRESOLVED,NO,FACID absent from owned row-level state observations
CA_PENALTY_EVIDENCE,,110000863,12,ca-cdph-healthcare-facility-locations,110000863,YES,7f35b204-f026-4f75-b604-19379c1fdf9b,NO,ALREADY_OWNED_EXACT,NO,Exact FACID in production state observation
CA_PENALTY_EVIDENCE,,110000944,2,,,NO,,NO,UNRESOLVED,NO,FACID absent from owned row-level state observations
CA_PENALTY_EVIDENCE,,110000946,4,,,NO,,NO,UNRESOLVED,NO,FACID absent from owned row-level state observations
CA_PENALTY_EVIDENCE,,110000953,25,,,NO,,NO,UNRESOLVED,NO,FACID absent from owned row-level state observations
CA_PENALTY_EVIDENCE,,110000982,9,,,NO,,NO,UNRESOLVED,NO,FACID absent from owned row-level state observations
CA_PENALTY_EVIDENCE,,110001143,2,,,NO,,NO,UNRESOLVED,NO,FACID absent from owned row-level state observations
CA_PENALTY_EVIDENCE,,110001146,2,,,NO,,NO,UNRESOLVED,NO,FACID absent from owned row-level state observations
CA_PENALTY_EVIDENCE,,110001203,2,,,NO,,NO,UNRESOLVED,NO,FACID absent from owned row-level state observations
CA_PENALTY_EVIDENCE,,110001204,11,,,NO,,NO,UNRESOLVED,NO,FACID absent from owned row-level state observations
CA_PENALTY_EVIDENCE,,110001210,1,,,NO,,NO,UNRESOLVED,NO,FACID absent from owned row-level state observations
CA_PENALTY_EVIDENCE,,110001223,1,,,NO,,NO,UNRESOLVED,NO,FACID absent from owned row-level state observations
CA_PENALTY_EVIDENCE,,110001248,26,ca-cdph-healthcare-facility-locations,110001248,YES,c260654e-3281-497d-9b02-9008f9a3403f,NO,ALREADY_OWNED_EXACT,NO,Exact FACID in production state observation
CA_PENALTY_EVIDENCE,,110001250,11,ca-cdph-healthcare-facility-locations,110001250,YES,d28451ca-9813-4dbd-be1b-4e131e829430,NO,ALREADY_OWNED_EXACT,NO,Exact FACID in production state observation
CA_PENALTY_EVIDENCE,,110001255,43,ca-cdph-healthcare-facility-locations,110001255,YES,bb05bf41-9ff1-4147-bd2d-9ecd798418f4,NO,ALREADY_OWNED_EXACT,NO,Exact FACID in production state observation
CA_PENALTY_EVIDENCE,,120000320,20,ca-cdph-healthcare-facility-locations,120000320,YES,5835ffc5-8aa7-4b41-93a2-7a516b804cd7,NO,ALREADY_OWNED_EXACT,NO,Exact FACID in production state observation
CA_PENALTY_EVIDENCE,,120000322,21,ca-cdph-healthcare-facility-locations,120000322,YES,60df0719-efb2-44b1-ab06-34ffe0550ccd,NO,ALREADY_OWNED_EXACT,NO,Exact FACID in production state observation
CA_PENALTY_EVIDENCE,,120000323,11,ca-cdph-healthcare-facility-locations,120000323,NO,,NO,UNRESOLVED,NO,FACID in owned observation but no linked provider
CA_PENALTY_EVIDENCE,,120000325,9,ca-cdph-healthcare-facility-locations,120000325,YES,c9adab71-e5dd-4662-bc60-9b8afc4571dc,NO,ALREADY_OWNED_EXACT,NO,Exact FACID in production state observation
CA_PENALTY_EVIDENCE,,120000328,47,ca-cdph-healthcare-facility-locations,120000328,YES,ba67c473-bf9c-465f-8292-1a34e483e751,NO,ALREADY_OWNED_EXACT,NO,Exact FACID in production state observation
CA_PENALTY_EVIDENCE,,120000331,33,ca-cdph-healthcare-facility-locations,120000331,YES,96fc6f5b-14af-4354-9f5f-e43487770fad,NO,ALREADY_OWNED_EXACT,NO,Exact FACID in production state observation
CA_PENALTY_EVIDENCE,,120000336,2,,,NO,,NO,UNRESOLVED,NO,FACID absent from owned row-level state observations
CA_PENALTY_EVIDENCE,,120000338,19,,,NO,,NO,UNRESOLVED,NO,FACID absent from owned row-level state observations
CA_PENALTY_EVIDENCE,,120000339,5,,,NO,,NO,UNRESOLVED,NO,FACID absent from owned row-level state observations
CA_PENALTY_EVIDENCE,,120000342,18,,,NO,,NO,UNRESOLVED,NO,FACID absent from owned row-level state observations
CA_PENALTY_EVIDENCE,,120000355,26,ca-cdph-healthcare-facility-locations,120000355,YES,c82c5479-ea42-4890-bc41-024879ad6ef2,NO,ALREADY_OWNED_EXACT,NO,Exact FACID in production state observation
CA_PENALTY_EVIDENCE,,120000365,26,ca-cdph-healthcare-facility-locations,120000365,YES,b16fae69-ceee-44ae-b4d5-e17baf34c36b,NO,ALREADY_OWNED_EXACT,NO,Exact FACID in production state observation
CA_PENALTY_EVIDENCE,,120000369,10,ca-cdph-healthcare-facility-locations,120000369,YES,5d21f6cb-7088-4bc1-b760-80ed952a1332,NO,ALREADY_OWNED_EXACT,NO,Exact FACID in production state observation
CA_PENALTY_EVIDENCE,,120000373,19,ca-cdph-healthcare-facility-locations,120000373,YES,15d9a552-13bd-46d7-ab60-2f537a5dc947,NO,ALREADY_OWNED_EXACT,NO,Exact FACID in production state observation
CA_PENALTY_EVIDENCE,,120000375,23,ca-cdph-healthcare-facility-locations,120000375,YES,17a64f36-2c11-4251-ab87-a277d67f0bc0,NO,ALREADY_OWNED_EXACT,NO,Exact FACID in production state observation
CA_PENALTY_EVIDENCE,,120000377,92,,,NO,,NO,UNRESOLVED,NO,FACID absent from owned row-level state observations
CA_PENALTY_EVIDENCE,,120000379,17,ca-cdph-healthcare-facility-locations,120000379,YES,5e916e82-49b7-4f2f-bd5b-d73468472c38,NO,ALREADY_OWNED_EXACT,NO,Exact FACID in production state observation
CA_PENALTY_EVIDENCE,,120000382,2,,,NO,,NO,UNRESOLVED,NO,FACID absent from owned row-level state observations
CA_PENALTY_EVIDENCE,,120000390,3,,,NO,,NO,UNRESOLVED,NO,FACID absent from owned row-level state observations
CA_PENALTY_EVIDENCE,,120000399,7,ca-cdph-healthcare-facility-locations,120000399,YES,8c0f1ae9-f9f1-4890-bb26-7dd6d85ab49f,NO,ALREADY_OWNED_EXACT,NO,Exact FACID in production state observation
CA_PENALTY_EVIDENCE,,120000404,15,,,NO,,NO,UNRESOLVED,NO,FACID absent from owned row-level state observations
CA_PENALTY_EVIDENCE,,120000406,3,,,NO,,NO,UNRESOLVED,NO,FACID absent from owned row-level state observations
CA_PENALTY_EVIDENCE,,120000409,4,,,NO,,NO,UNRESOLVED,NO,FACID absent from owned row-level state observations
CA_PENALTY_EVIDENCE,,120000411,16,,,NO,,NO,UNRESOLVED,NO,FACID absent from owned row-level state observations
CA_PENALTY_EVIDENCE,,120000426,1,,,NO,,NO,UNRESOLVED,NO,FACID absent from owned row-level state observations
CA_PENALTY_EVIDENCE,,120000462,1,,,NO,,NO,UNRESOLVED,NO,FACID absent from owned row-level state observations
CA_PENALTY_EVIDENCE,,120000464,5,,,NO,,NO,UNRESOLVED,NO,FACID absent from owned row-level state observations
CA_PENALTY_EVIDENCE,,120000503,1,,,NO,,NO,UNRESOLVED,NO,FACID absent from owned row-level state observations
CA_PENALTY_EVIDENCE,,120000530,2,,,NO,,NO,UNRESOLVED,NO,FACID absent from owned row-level state observations
CA_PENALTY_EVIDENCE,,120000559,2,,,NO,,NO,UNRESOLVED,NO,FACID absent from owned row-level state observations
CA_PENALTY_EVIDENCE,,120000573,4,,,NO,,NO,UNRESOLVED,NO,FACID absent from owned row-level state observations
CA_PENALTY_EVIDENCE,,120000638,15,ca-cdph-healthcare-facility-locations,120000638,YES,97915325-29c5-490d-81e6-37d6b79043ef,NO,ALREADY_OWNED_EXACT,NO,Exact FACID in production state observation
CA_PENALTY_EVIDENCE,,120000656,2,,,NO,,NO,UNRESOLVED,NO,FACID absent from owned row-level state observations
CA_PENALTY_EVIDENCE,,120000662,1,,,NO,,NO,UNRESOLVED,NO,FACID absent from owned row-level state observations
CA_PENALTY_EVIDENCE,,120000684,12,,,NO,,NO,UNRESOLVED,NO,FACID absent from owned row-level state observations
CA_PENALTY_EVIDENCE,,120000695,23,ca-cdph-healthcare-facility-locations,120000695,YES,ee7cdc98-21a2-4ac6-a6e3-4f29e5d1013f,NO,ALREADY_OWNED_EXACT,NO,Exact FACID in production state observation
CA_PENALTY_EVIDENCE,,120000826,4,,,NO,,NO,UNRESOLVED,NO,FACID absent from owned row-level state observations
CA_PENALTY_EVIDENCE,,120000840,2,,,NO,,NO,UNRESOLVED,NO,FACID absent from owned row-level state observations
CA_PENALTY_EVIDENCE,,120000884,1,,,NO,,NO,UNRESOLVED,NO,FACID absent from owned row-level state observations
CA_PENALTY_EVIDENCE,,120000893,2,,,NO,,NO,UNRESOLVED,NO,FACID absent from owned row-level state observations
CA_PENALTY_EVIDENCE,,120000901,1,,,NO,,NO,UNRESOLVED,NO,FACID absent from owned row-level state observations
CA_PENALTY_EVIDENCE,,120000903,3,,,NO,,NO,UNRESOLVED,NO,FACID absent from owned row-level state observations
CA_PENALTY_EVIDENCE,,120000976,5,,,NO,,NO,UNRESOLVED,NO,FACID absent from owned row-level state observations
CA_PENALTY_EVIDENCE,,120001011,1,,,NO,,NO,UNRESOLVED,NO,FACID absent from owned row-level state observations
CA_PENALTY_EVIDENCE,,120001037,2,,,NO,,NO,UNRESOLVED,NO,FACID absent from owned row-level state observations
CA_PENALTY_EVIDENCE,,120001082,3,,,NO,,NO,UNRESOLVED,NO,FACID absent from owned row-level state observations
CA_PENALTY_EVIDENCE,,120001330,1,,,NO,,NO,UNRESOLVED,NO,FACID absent from owned row-level state observations
CA_PENALTY_EVIDENCE,,120001395,17,ca-cdph-healthcare-facility-locations,120001395,YES,59ceb711-0b7b-4d48-99ed-4a2cff887eaa,NO,ALREADY_OWNED_EXACT,NO,Exact FACID in production state observation
CA_PENALTY_EVIDENCE,,120001402,5,ca-cdph-healthcare-facility-locations,120001402,YES,08d9e5cc-2c0e-4495-b2f5-6bc6efa9b9d4,NO,ALREADY_OWNED_EXACT,NO,Exact FACID in production state observation
CA_PENALTY_EVIDENCE,,120001408,17,ca-cdph-healthcare-facility-locations,120001408,YES,b432c9db-105f-495b-b019-782aa25a22f1,NO,ALREADY_OWNED_EXACT,NO,Exact FACID in production state observation
CA_PENALTY_EVIDENCE,,120001421,6,ca-cdph-healthcare-facility-locations,120001421,YES,f3ef84ef-386a-4889-b689-362cb8803ec7,NO,ALREADY_OWNED_EXACT,NO,Exact FACID in production state observation
CA_PENALTY_EVIDENCE,,120001429,2,,,NO,,NO,UNRESOLVED,NO,FACID absent from owned row-level state observations
CA_PENALTY_EVIDENCE,,120001431,9,ca-cdph-healthcare-facility-locations,120001431,YES,98d95aed-4c69-4124-9295-fc32ab874872,NO,ALREADY_OWNED_EXACT,NO,Exact FACID in production state observation
CA_PENALTY_EVIDENCE,,120001433,1,,,NO,,NO,UNRESOLVED,NO,FACID absent from owned row-level state observations
CA_PENALTY_EVIDENCE,,120001435,3,,,NO,,NO,UNRESOLVED,NO,FACID absent from owned row-level state observations
CA_PENALTY_EVIDENCE,,120001440,6,ca-cdph-healthcare-facility-locations,120001440,YES,cb5499a5-0826-493d-aa28-b2c102830d18,NO,ALREADY_OWNED_EXACT,NO,Exact FACID in production state observation
CA_PENALTY_EVIDENCE,,120001442,15,ca-cdph-healthcare-facility-locations,120001442,YES,dd6a13a2-27c9-4bf1-994e-429a9a97c26d,NO,ALREADY_OWNED_EXACT,NO,Exact FACID in production state observation
CA_PENALTY_EVIDENCE,,120001444,17,,,NO,,NO,UNRESOLVED,NO,FACID absent from owned row-level state observations
CA_PENALTY_EVIDENCE,,120001448,1,,,NO,,NO,UNRESOLVED,NO,FACID absent from owned row-level state observations
CA_PENALTY_EVIDENCE,,120001449,4,ca-cdph-healthcare-facility-locations,120001449,YES,ab94fa1a-8bc1-4f61-8baa-9e8ed2b4c8ed,NO,ALREADY_OWNED_EXACT,NO,Exact FACID in production state observation
CA_PENALTY_EVIDENCE,,120001451,2,ca-cdph-healthcare-facility-locations,120001451,NO,,NO,UNRESOLVED,NO,FACID in owned observation but no linked provider
CA_PENALTY_EVIDENCE,,120001460,1,,,NO,,NO,UNRESOLVED,NO,FACID absent from owned row-level state observations
CA_PENALTY_EVIDENCE,,120001462,14,ca-cdph-healthcare-facility-locations,120001462,YES,aea25aeb-e788-465b-9da7-37d1735863e6,NO,ALREADY_OWNED_EXACT,NO,Exact FACID in production state observation
CA_PENALTY_EVIDENCE,,120001464,3,,,NO,,NO,UNRESOLVED,NO,FACID absent from owned row-level state observations
CA_PENALTY_EVIDENCE,,120001466,1,ca-cdph-healthcare-facility-locations,120001466,YES,92e11822-e179-4245-8bcf-59ca390831cb,NO,ALREADY_OWNED_EXACT,NO,Exact FACID in production state observation
CA_PENALTY_EVIDENCE,,120001467,5,,,NO,,NO,UNRESOLVED,NO,FACID absent from owned row-level state observations
CA_PENALTY_EVIDENCE,,120001469,31,ca-cdph-healthcare-facility-locations,120001469,YES,4c77c453-feba-43fd-94e0-3baa3c7b0a33,NO,ALREADY_OWNED_EXACT,NO,Exact FACID in production state observation
CA_PENALTY_EVIDENCE,,120001471,1,,,NO,,NO,UNRESOLVED,NO,FACID absent from owned row-level state observations
CA_PENALTY_EVIDENCE,,120001472,16,ca-cdph-healthcare-facility-locations,120001472,YES,aff82cad-c001-49b6-b551-3ab5610e7d1a,NO,ALREADY_OWNED_EXACT,NO,Exact FACID in production state observation
CA_PENALTY_EVIDENCE,,120001474,15,ca-cdph-healthcare-facility-locations,120001474,YES,1d1e6901-f5f7-49c4-8a71-532e2a87a21c,NO,ALREADY_OWNED_EXACT,NO,Exact FACID in production state observation
CA_PENALTY_EVIDENCE,,120001477,11,ca-cdph-healthcare-facility-locations,120001477,YES,ef30386f-d4d7-405f-b340-8a00172889ef,NO,ALREADY_OWNED_EXACT,NO,Exact FACID in production state observation
CA_PENALTY_EVIDENCE,,120001495,2,,,NO,,NO,UNRESOLVED,NO,FACID absent from owned row-level state observations
CA_PENALTY_EVIDENCE,,120001505,3,,,NO,,NO,UNRESOLVED,NO,FACID absent from owned row-level state observations
CA_PENALTY_EVIDENCE,,120001507,2,,,NO,,NO,UNRESOLVED,NO,FACID absent from owned row-level state observations
CA_PENALTY_EVIDENCE,,120001511,1,,,NO,,NO,UNRESOLVED,NO,FACID absent from owned row-level state observations
CA_PENALTY_EVIDENCE,,120001515,2,,,NO,,NO,UNRESOLVED,NO,FACID absent from owned row-level state observations
CA_PENALTY_EVIDENCE,,120001517,3,,,NO,,NO,UNRESOLVED,NO,FACID absent from owned row-level state observations
CA_PENALTY_EVIDENCE,,120001519,15,,,NO,,NO,UNRESOLVED,NO,FACID absent from owned row-level state observations
CA_PENALTY_EVIDENCE,,120001522,4,ca-cdph-healthcare-facility-locations,120001522,YES,4b8feee3-4746-4f2b-9fb0-4b82782a1f26,NO,ALREADY_OWNED_EXACT,NO,Exact FACID in production state observation
CA_PENALTY_EVIDENCE,,120001526,7,ca-cdph-healthcare-facility-locations,120001526,YES,115052c1-ebaa-45b0-9e1b-c5d250f09ea5,NO,ALREADY_OWNED_EXACT,NO,Exact FACID in production state observation
CA_PENALTY_EVIDENCE,,120001528,1,,,NO,,NO,UNRESOLVED,NO,FACID absent from owned row-level state observations
CA_PENALTY_EVIDENCE,,120001532,1,,,NO,,NO,UNRESOLVED,NO,FACID absent from owned row-level state observations
CA_PENALTY_EVIDENCE,,120001534,2,,,NO,,NO,UNRESOLVED,NO,FACID absent from owned row-level state observations
CA_PENALTY_EVIDENCE,,120001544,3,,,NO,,NO,UNRESOLVED,NO,FACID absent from owned row-level state observations
CA_PENALTY_EVIDENCE,,120001549,2,,,NO,,NO,UNRESOLVED,NO,FACID absent from owned row-level state observations
CA_PENALTY_EVIDENCE,,120001552,1,,,NO,,NO,UNRESOLVED,NO,FACID absent from owned row-level state observations
CA_PENALTY_EVIDENCE,,120001564,3,,,NO,,NO,UNRESOLVED,NO,FACID absent from owned row-level state observations
CA_PENALTY_EVIDENCE,,120001566,1,,,NO,,NO,UNRESOLVED,NO,FACID absent from owned row-level state observations
CA_PENALTY_EVIDENCE,,120001653,1,,,NO,,NO,UNRESOLVED,NO,FACID absent from owned row-level state observations
CA_PENALTY_EVIDENCE,,140000003,5,ca-cdph-healthcare-facility-locations,140000003,YES,c4676309-ef00-46e7-983d-ed3bbf194097,NO,ALREADY_OWNED_EXACT,NO,Exact FACID in production state observation
CA_PENALTY_EVIDENCE,,140000009,1,,,NO,,NO,UNRESOLVED,NO,FACID absent from owned row-level state observations
CA_PENALTY_EVIDENCE,,140000012,13,,,NO,,NO,UNRESOLVED,NO,FACID absent from owned row-level state observations
CA_PENALTY_EVIDENCE,,140000014,5,,,NO,,NO,UNRESOLVED,NO,FACID absent from owned row-level state observations
CA_PENALTY_EVIDENCE,,140000016,11,,,NO,,NO,UNRESOLVED,NO,FACID absent from owned row-level state observations
CA_PENALTY_EVIDENCE,,140000023,8,ca-cdph-healthcare-facility-locations,140000023,YES,702a3837-d48b-42e2-9ca6-74ecee793b66,NO,ALREADY_OWNED_EXACT,NO,Exact FACID in production state observation
CA_PENALTY_EVIDENCE,,140000030,15,ca-cdph-healthcare-facility-locations,140000030,YES,cb21f29d-207b-4ba5-b14d-4cded2e0547a,NO,ALREADY_OWNED_EXACT,NO,Exact FACID in production state observation
CA_PENALTY_EVIDENCE,,140000034,17,,,NO,,NO,UNRESOLVED,NO,FACID absent from owned row-level state observations
CA_PENALTY_EVIDENCE,,140000038,10,ca-cdph-healthcare-facility-locations,140000038,YES,867a6c46-4793-4394-94fc-fe80f70e1d00,NO,ALREADY_OWNED_EXACT,NO,Exact FACID in production state observation
CA_PENALTY_EVIDENCE,,140000041,2,,,NO,,NO,UNRESOLVED,NO,FACID absent from owned row-level state observations
CA_PENALTY_EVIDENCE,,140000051,5,ca-cdph-healthcare-facility-locations,140000051,YES,d78b232d-e6ea-4253-9910-c62082a227cf,NO,ALREADY_OWNED_EXACT,NO,Exact FACID in production state observation
CA_PENALTY_EVIDENCE,,140000055,1,,,NO,,NO,UNRESOLVED,NO,FACID absent from owned row-level state observations
CA_PENALTY_EVIDENCE,,140000061,29,ca-cdph-healthcare-facility-locations,140000061,YES,a2f5c7e4-dc31-4293-ae28-a6a5437e54a9,NO,ALREADY_OWNED_EXACT,NO,Exact FACID in production state observation
CA_PENALTY_EVIDENCE,,140000062,10,ca-cdph-healthcare-facility-locations,140000062,YES,64d9eec7-eba8-464e-9751-28926f631e29,NO,ALREADY_OWNED_EXACT,NO,Exact FACID in production state observation
CA_PENALTY_EVIDENCE,,140000078,10,ca-cdph-healthcare-facility-locations,140000078,YES,b950fd98-ed11-44ac-806d-4939715f92df,NO,ALREADY_OWNED_EXACT,NO,Exact FACID in production state observation
CA_PENALTY_EVIDENCE,,140000080,16,ca-cdph-healthcare-facility-locations,140000080,YES,003c4141-6153-4333-b745-8cc7df47c646,NO,ALREADY_OWNED_EXACT,NO,Exact FACID in production state observation
CA_PENALTY_EVIDENCE,,140000081,2,ca-cdph-healthcare-facility-locations,140000081,YES,63f513f9-179d-47ab-a76f-339173274067,NO,ALREADY_OWNED_EXACT,NO,Exact FACID in production state observation
CA_PENALTY_EVIDENCE,,140000082,42,ca-cdph-healthcare-facility-locations,140000082,YES,6b4ec08e-3785-4278-944e-1f0a307017eb,NO,ALREADY_OWNED_EXACT,NO,Exact FACID in production state observation
CA_PENALTY_EVIDENCE,,140000083,18,ca-cdph-healthcare-facility-locations,140000083,YES,fdee61c2-79f3-4571-98fa-c415ae840f2c,NO,ALREADY_OWNED_EXACT,NO,Exact FACID in production state observation
CA_PENALTY_EVIDENCE,,140000086,6,ca-cdph-healthcare-facility-locations,140000086,YES,91a9e9e0-3659-4689-83c9-7b8c6cb41b8b,NO,ALREADY_OWNED_EXACT,NO,Exact FACID in production state observation
CA_PENALTY_EVIDENCE,,140000092,7,ca-cdph-healthcare-facility-locations,140000092,YES,531f604d-f6c2-4fd9-94de-f94e17da2390,NO,ALREADY_OWNED_EXACT,NO,Exact FACID in production state observation
CA_PENALTY_EVIDENCE,,140000096,1,ca-cdph-healthcare-facility-locations,140000096,YES,775a146d-7d21-4a8a-aa38-145f204a865a,NO,ALREADY_OWNED_EXACT,NO,Exact FACID in production state observation
CA_PENALTY_EVIDENCE,,140000102,28,ca-cdph-healthcare-facility-locations,140000102,YES,e4d0df00-3ef8-46b4-aea6-b246b4c770ea,NO,ALREADY_OWNED_EXACT,NO,Exact FACID in production state observation
CA_PENALTY_EVIDENCE,,140000105,7,ca-cdph-healthcare-facility-locations,140000105,YES,ed544f8e-eaec-4eb3-a4a9-353021d0468e,NO,ALREADY_OWNED_EXACT,NO,Exact FACID in production state observation
CA_PENALTY_EVIDENCE,,140000106,1,,,NO,,NO,UNRESOLVED,NO,FACID absent from owned row-level state observations
CA_PENALTY_EVIDENCE,,140000113,11,,,NO,,NO,UNRESOLVED,NO,FACID absent from owned row-level state observations
CA_PENALTY_EVIDENCE,,140000118,12,,,NO,,NO,UNRESOLVED,NO,FACID absent from owned row-level state observations
CA_PENALTY_EVIDENCE,,140000121,9,ca-cdph-healthcare-facility-locations,140000121,YES,b52c6457-d570-4c06-ad10-e6cd3a181c4d,NO,ALREADY_OWNED_EXACT,NO,Exact FACID in production state observation
CA_PENALTY_EVIDENCE,,140000122,3,ca-cdph-healthcare-facility-locations,140000122,YES,c7fa4d4a-5c4c-401d-8b8b-f19d9f1e457a,NO,ALREADY_OWNED_EXACT,NO,Exact FACID in production state observation
CA_PENALTY_EVIDENCE,,140000130,2,ca-cdph-healthcare-facility-locations,140000130,YES,bf2e72d8-fffd-4139-92a2-9f4966c737d0,NO,ALREADY_OWNED_EXACT,NO,Exact FACID in production state observation
CA_PENALTY_EVIDENCE,,140000136,11,ca-cdph-healthcare-facility-locations,140000136,YES,1efb495d-89df-4615-981d-7902b4820d4a,NO,ALREADY_OWNED_EXACT,NO,Exact FACID in production state observation
CA_PENALTY_EVIDENCE,,140000138,4,ca-cdph-healthcare-facility-locations,140000138,YES,5d2270b3-b12e-4e2a-a87e-348dbdb4a2a5,NO,ALREADY_OWNED_EXACT,NO,Exact FACID in production state observation
CA_PENALTY_EVIDENCE,,140000148,8,,,NO,,NO,UNRESOLVED,NO,FACID absent from owned row-level state observations
CA_PENALTY_EVIDENCE,,140000183,11,,,NO,,NO,UNRESOLVED,NO,FACID absent from owned row-level state observations
CA_PENALTY_EVIDENCE,,140000186,3,,,NO,,NO,UNRESOLVED,NO,FACID absent from owned row-level state observations
CA_PENALTY_EVIDENCE,,140000187,27,,,NO,,NO,UNRESOLVED,NO,FACID absent from owned row-level state observations
CA_PENALTY_EVIDENCE,,140000188,22,,,NO,,NO,UNRESOLVED,NO,FACID absent from owned row-level state observations
CA_PENALTY_EVIDENCE,,140000190,4,,,NO,,NO,UNRESOLVED,NO,FACID absent from owned row-level state observations
CA_PENALTY_EVIDENCE,,140000195,27,,,NO,,NO,UNRESOLVED,NO,FACID absent from owned row-level state observations
CA_PENALTY_EVIDENCE,,140000196,11,,,NO,,NO,UNRESOLVED,NO,FACID absent from owned row-level state observations
CA_PENALTY_EVIDENCE,,140000246,1,,,NO,,NO,UNRESOLVED,NO,FACID absent from owned row-level state observations
CA_PENALTY_EVIDENCE,,140000321,12,ca-cdph-healthcare-facility-locations,140000321,YES,bd236b29-b59d-4aec-8421-704655fdce15,NO,ALREADY_OWNED_EXACT,NO,Exact FACID in production state observation
CA_PENALTY_EVIDENCE,,140000396,3,ca-cdph-healthcare-facility-locations,140000396,YES,0bfa56e2-e4b7-4a49-84bd-ee84a3f32cfb,NO,ALREADY_OWNED_EXACT,NO,Exact FACID in production state observation
CA_PENALTY_EVIDENCE,,140000425,11,,,NO,,NO,UNRESOLVED,NO,FACID absent from owned row-level state observations
CA_PENALTY_EVIDENCE,,140000507,1,,,NO,,NO,UNRESOLVED,NO,FACID absent from owned row-level state observations
CA_PENALTY_EVIDENCE,,140000564,7,ca-cdph-healthcare-facility-locations,140000564,YES,fc65c484-731b-4a12-904d-a2c3419ee0eb,NO,ALREADY_OWNED_EXACT,NO,Exact FACID in production state observation
CA_PENALTY_EVIDENCE,,140000574,3,ca-cdph-healthcare-facility-locations,140000574,YES,10d07906-c86f-473d-8fde-9337af340afc,NO,ALREADY_OWNED_EXACT,NO,Exact FACID in production state observation
CA_PENALTY_EVIDENCE,,140000686,1,ca-cdph-healthcare-facility-locations,140000686,YES,3eaf36fe-e1db-40e2-a04f-a7aeb40ebe50,NO,ALREADY_OWNED_EXACT,NO,Exact FACID in production state observation
CA_PENALTY_EVIDENCE,,140000704,3,,,NO,,NO,UNRESOLVED,NO,FACID absent from owned row-level state observations
CA_PENALTY_EVIDENCE,,140000707,1,,,NO,,NO,UNRESOLVED,NO,FACID absent from owned row-level state observations
CA_PENALTY_EVIDENCE,,140000733,2,ca-cdph-healthcare-facility-locations,140000733,YES,9dd9674c-ddda-49cd-b533-22551da18556,NO,ALREADY_OWNED_EXACT,NO,Exact FACID in production state observation
CA_PENALTY_EVIDENCE,,140000759,4,,,NO,,NO,UNRESOLVED,NO,FACID absent from owned row-level state observations
CA_PENALTY_EVIDENCE,,140000769,2,,,NO,,NO,UNRESOLVED,NO,FACID absent from owned row-level state observations
CA_PENALTY_EVIDENCE,,140000797,2,,,NO,,NO,UNRESOLVED,NO,FACID absent from owned row-level state observations
CA_PENALTY_EVIDENCE,,140000832,1,,,NO,,NO,UNRESOLVED,NO,FACID absent from owned row-level state observations
CA_PENALTY_EVIDENCE,,140000962,6,ca-cdph-healthcare-facility-locations,140000962,YES,87a505fe-1fe0-4746-b3a3-a39d2b090973,NO,ALREADY_OWNED_EXACT,NO,Exact FACID in production state observation
CA_PENALTY_EVIDENCE,,140001086,8,,,NO,,NO,UNRESOLVED,NO,FACID absent from owned row-level state observations
CA_PENALTY_EVIDENCE,,140001094,1,,,NO,,NO,UNRESOLVED,NO,FACID absent from owned row-level state observations
CA_PENALTY_EVIDENCE,,140001126,6,ca-cdph-healthcare-facility-locations,140001126,YES,79b52e25-c286-42db-988c-29f33f36bfa4,NO,ALREADY_OWNED_EXACT,NO,Exact FACID in production state observation
CA_PENALTY_EVIDENCE,,140001185,1,ca-cdph-healthcare-facility-locations,140001185,YES,fd19f66a-7f2f-4be2-8b1f-1375bf60f65f,NO,ALREADY_OWNED_EXACT,NO,Exact FACID in production state observation
CA_PENALTY_EVIDENCE,,140001268,12,,,NO,,NO,UNRESOLVED,NO,FACID absent from owned row-level state observations
CA_PENALTY_EVIDENCE,,140001277,2,,,NO,,NO,UNRESOLVED,NO,FACID absent from owned row-level state observations
CA_PENALTY_EVIDENCE,,140001278,3,ca-cdph-healthcare-facility-locations,140001278,NO,,NO,UNRESOLVED,NO,FACID in owned observation but no linked provider
CA_PENALTY_EVIDENCE,,140001291,2,ca-cdph-healthcare-facility-locations,140001291,YES,0b521cb1-c5b5-4470-b894-ecdae4b9528b,NO,ALREADY_OWNED_EXACT,NO,Exact FACID in production state observation
CA_PENALTY_EVIDENCE,,140001314,3,,,NO,,NO,UNRESOLVED,NO,FACID absent from owned row-level state observations
CA_PENALTY_EVIDENCE,,140001316,2,,,NO,,NO,UNRESOLVED,NO,FACID absent from owned row-level state observations
CA_PENALTY_EVIDENCE,,140001320,3,,,NO,,NO,UNRESOLVED,NO,FACID absent from owned row-level state observations
CA_PENALTY_EVIDENCE,,140001330,1,,,NO,,NO,UNRESOLVED,NO,FACID absent from owned row-level state observations
CA_PENALTY_EVIDENCE,,140001332,1,,,NO,,NO,UNRESOLVED,NO,FACID absent from owned row-level state observations
CA_PENALTY_EVIDENCE,,140001338,3,,,NO,,NO,UNRESOLVED,NO,FACID absent from owned row-level state observations
CA_PENALTY_EVIDENCE,,140001342,1,,,NO,,NO,UNRESOLVED,NO,FACID absent from owned row-level state observations
CA_PENALTY_EVIDENCE,,140001344,2,,,NO,,NO,UNRESOLVED,NO,FACID absent from owned row-level state observations
CA_PENALTY_EVIDENCE,,140001346,3,,,NO,,NO,UNRESOLVED,NO,FACID absent from owned row-level state observations
CA_PENALTY_EVIDENCE,,140001348,2,,,NO,,NO,UNRESOLVED,NO,FACID absent from owned row-level state observations
CA_PENALTY_EVIDENCE,,140001350,1,,,NO,,NO,UNRESOLVED,NO,FACID absent from owned row-level state observations
CA_PENALTY_EVIDENCE,,140001352,2,,,NO,,NO,UNRESOLVED,NO,FACID absent from owned row-level state observations
CA_PENALTY_EVIDENCE,,140001354,1,,,NO,,NO,UNRESOLVED,NO,FACID absent from owned row-level state observations
CA_PENALTY_EVIDENCE,,140001356,1,,,NO,,NO,UNRESOLVED,NO,FACID absent from owned row-level state observations
CA_PENALTY_EVIDENCE,,140001362,1,,,NO,,NO,UNRESOLVED,NO,FACID absent from owned row-level state observations
CA_PENALTY_EVIDENCE,,150000229,26,,,NO,,NO,UNRESOLVED,NO,FACID absent from owned row-level state observations
CA_PENALTY_EVIDENCE,,150000230,124,,,NO,,NO,UNRESOLVED,NO,FACID absent from owned row-level state observations
CA_PENALTY_EVIDENCE,,150001214,18,,,NO,,NO,UNRESOLVED,NO,FACID absent from owned row-level state observations
CA_PENALTY_EVIDENCE,,150001226,2,,,NO,,NO,UNRESOLVED,NO,FACID absent from owned row-level state observations
CA_PENALTY_EVIDENCE,,150001227,110,,,NO,,NO,UNRESOLVED,NO,FACID absent from owned row-level state observations
CA_PENALTY_EVIDENCE,,150001228,5,ca-cdph-healthcare-facility-locations,150001228,YES,fdda6341-48da-4ef9-90d8-fbee6aa2f70c,NO,ALREADY_OWNED_EXACT,NO,Exact FACID in production state observation
CA_PENALTY_EVIDENCE,,150001231,8,ca-cdph-healthcare-facility-locations,150001231,YES,330bf83b-ef15-434d-8ae0-579cd3e8856a,NO,ALREADY_OWNED_EXACT,NO,Exact FACID in production state observation
CA_PENALTY_EVIDENCE,,150001233,10,,,NO,,NO,UNRESOLVED,NO,FACID absent from owned row-level state observations
CA_PENALTY_EVIDENCE,,150001235,1,,,NO,,NO,UNRESOLVED,NO,FACID absent from owned row-level state observations
CA_PENALTY_EVIDENCE,,150001241,23,,,NO,,NO,UNRESOLVED,NO,FACID absent from owned row-level state observations
CA_PENALTY_EVIDENCE,,150001242,8,,,NO,,NO,UNRESOLVED,NO,FACID absent from owned row-level state observations
CA_PENALTY_EVIDENCE,,150001245,11,,,NO,,NO,UNRESOLVED,NO,FACID absent from owned row-level state observations
CA_PENALTY_EVIDENCE,,170001769,40,,,NO,,NO,UNRESOLVED,NO,FACID absent from owned row-level state observations
CA_PENALTY_EVIDENCE,,170001770,7,,,NO,,NO,UNRESOLVED,NO,FACID absent from owned row-level state observations
CA_PENALTY_EVIDENCE,,170001773,38,,,NO,,NO,UNRESOLVED,NO,FACID absent from owned row-level state observations
CA_PENALTY_EVIDENCE,,170001774,7,,,NO,,NO,UNRESOLVED,NO,FACID absent from owned row-level state observations
CA_PENALTY_EVIDENCE,,170001776,26,,,NO,,NO,UNRESOLVED,NO,FACID absent from owned row-level state observations
CA_PENALTY_EVIDENCE,,170001857,23,,,NO,,NO,UNRESOLVED,NO,FACID absent from owned row-level state observations
CA_PENALTY_EVIDENCE,,170001858,1,,,NO,,NO,UNRESOLVED,NO,FACID absent from owned row-level state observations
CA_PENALTY_EVIDENCE,,170001860,4,ca-cdph-healthcare-facility-locations,170001860,YES,a065f5d9-45da-4589-b2ee-8ac5b6b1b9fe,NO,ALREADY_OWNED_EXACT,NO,Exact FACID in production state observation
CA_PENALTY_EVIDENCE,,170001864,15,,,NO,,NO,UNRESOLVED,NO,FACID absent from owned row-level state observations
CA_PENALTY_EVIDENCE,,170001867,7,ca-cdph-healthcare-facility-locations,170001867,YES,a486ff36-8495-4286-9fd8-4799bf0583a5,NO,ALREADY_OWNED_EXACT,NO,Exact FACID in production state observation
CA_PENALTY_EVIDENCE,,170001870,8,ca-cdph-healthcare-facility-locations,170001870,YES,4cd3bade-f152-4342-a4c5-a64d7a36ccb2,NO,ALREADY_OWNED_EXACT,NO,Exact FACID in production state observation
CA_PENALTY_EVIDENCE,,170001873,3,,,NO,,NO,UNRESOLVED,NO,FACID absent from owned row-level state observations
CA_PENALTY_EVIDENCE,,170001876,8,,,NO,,NO,UNRESOLVED,NO,FACID absent from owned row-level state observations
CA_PENALTY_EVIDENCE,,170001877,16,,,NO,,NO,UNRESOLVED,NO,FACID absent from owned row-level state observations
CA_PENALTY_EVIDENCE,,170001878,32,,,NO,,NO,UNRESOLVED,NO,FACID absent from owned row-level state observations
CA_PENALTY_EVIDENCE,,170001882,1,ca-cdph-healthcare-facility-locations,170001882,NO,,NO,UNRESOLVED,NO,FACID in owned observation but no linked provider
CA_PENALTY_EVIDENCE,,170001888,1,,,NO,,NO,UNRESOLVED,NO,FACID absent from owned row-level state observations
CA_PENALTY_EVIDENCE,,220000003,2,,,NO,,NO,UNRESOLVED,NO,FACID absent from owned row-level state observations
CA_PENALTY_EVIDENCE,,220000007,1,,,NO,,NO,UNRESOLVED,NO,FACID absent from owned row-level state observations
CA_PENALTY_EVIDENCE,,220000008,10,,,NO,,NO,UNRESOLVED,NO,FACID absent from owned row-level state observations
CA_PENALTY_EVIDENCE,,220000009,3,,,NO,,NO,UNRESOLVED,NO,FACID absent from owned row-level state observations
CA_PENALTY_EVIDENCE,,220000010,6,,,NO,,NO,UNRESOLVED,NO,FACID absent from owned row-level state observations
CA_PENALTY_EVIDENCE,,220000017,9,,,NO,,NO,UNRESOLVED,NO,FACID absent from owned row-level state observations
CA_PENALTY_EVIDENCE,,220000018,5,,,NO,,NO,UNRESOLVED,NO,FACID absent from owned row-level state observations
CA_PENALTY_EVIDENCE,,220000019,25,,,NO,,NO,UNRESOLVED,NO,FACID absent from owned row-level state observations
CA_PENALTY_EVIDENCE,,220000020,6,ca-cdph-healthcare-facility-locations,220000020,YES,e1fc54e6-f462-48b0-9baf-ee7875c2175c,NO,ALREADY_OWNED_EXACT,NO,Exact FACID in production state observation
CA_PENALTY_EVIDENCE,,220000022,13,,,NO,,NO,UNRESOLVED,NO,FACID absent from owned row-level state observations
CA_PENALTY_EVIDENCE,,220000023,2,,,NO,,NO,UNRESOLVED,NO,FACID absent from owned row-level state observations
CA_PENALTY_EVIDENCE,,220000025,8,,,NO,,NO,UNRESOLVED,NO,FACID absent from owned row-level state observations
CA_PENALTY_EVIDENCE,,220000026,4,,,NO,,NO,UNRESOLVED,NO,FACID absent from owned row-level state observations
CA_PENALTY_EVIDENCE,,220000029,11,,,NO,,NO,UNRESOLVED,NO,FACID absent from owned row-level state observations
CA_PENALTY_EVIDENCE,,220000030,8,,,NO,,NO,UNRESOLVED,NO,FACID absent from owned row-level state observations
CA_PENALTY_EVIDENCE,,220000031,117,,,NO,,NO,UNRESOLVED,NO,FACID absent from owned row-level state observations
CA_PENALTY_EVIDENCE,,220000033,1,,,NO,,NO,UNRESOLVED,NO,FACID absent from owned row-level state observations
CA_PENALTY_EVIDENCE,,220000038,2,,,NO,,NO,UNRESOLVED,NO,FACID absent from owned row-level state observations
CA_PENALTY_EVIDENCE,,220000039,17,ca-cdph-healthcare-facility-locations,220000039,YES,297a51bb-dbe8-45f5-89a3-b6376e141cef,NO,ALREADY_OWNED_EXACT,NO,Exact FACID in production state observation
CA_PENALTY_EVIDENCE,,220000041,8,ca-cdph-healthcare-facility-locations,220000041,YES,0c0a5846-c0a7-4e95-805a-b0b3745a1a8f,NO,ALREADY_OWNED_EXACT,NO,Exact FACID in production state observation
CA_PENALTY_EVIDENCE,,220000042,13,ca-cdph-healthcare-facility-locations,220000042,NO,,NO,UNRESOLVED,NO,FACID in owned observation but no linked provider
CA_PENALTY_EVIDENCE,,220000045,7,ca-cdph-healthcare-facility-locations,220000045,YES,b16ba72e-7347-4efd-86a5-7cff59cbe691,NO,ALREADY_OWNED_EXACT,NO,Exact FACID in production state observation
CA_PENALTY_EVIDENCE,,220000046,8,ca-cdph-healthcare-facility-locations,220000046,YES,d8730417-af1a-46ce-bc09-9bb3ad7cd61a,NO,ALREADY_OWNED_EXACT,NO,Exact FACID in production state observation
CA_PENALTY_EVIDENCE,,220000047,12,ca-cdph-healthcare-facility-locations,220000047,YES,e5c58edf-7008-492d-b8cd-5cf6b4cb83d9,NO,ALREADY_OWNED_EXACT,NO,Exact FACID in production state observation
CA_PENALTY_EVIDENCE,,220000048,4,ca-cdph-healthcare-facility-locations,220000048,YES,fb3cc5eb-ca93-4499-adfd-6ea5f9b995ed,NO,ALREADY_OWNED_EXACT,NO,Exact FACID in production state observation
CA_PENALTY_EVIDENCE,,220000049,3,,,NO,,NO,UNRESOLVED,NO,FACID absent from owned row-level state observations
CA_PENALTY_EVIDENCE,,220000053,3,ca-cdph-healthcare-facility-locations,220000053,YES,c5fe8e04-4fca-4547-accc-ded42b3f56c5,NO,ALREADY_OWNED_EXACT,NO,Exact FACID in production state observation
CA_PENALTY_EVIDENCE,,220000056,2,ca-cdph-healthcare-facility-locations,220000056,YES,f4b63461-c823-4325-bc54-d61480970062,NO,ALREADY_OWNED_EXACT,NO,Exact FACID in production state observation
CA_PENALTY_EVIDENCE,,220000058,3,,,NO,,NO,UNRESOLVED,NO,FACID absent from owned row-level state observations
CA_PENALTY_EVIDENCE,,220000060,3,ca-cdph-healthcare-facility-locations,220000060,YES,2117e4dd-f00b-4e22-a0d6-f1bb2d435b00,NO,ALREADY_OWNED_EXACT,NO,Exact FACID in production state observation
CA_PENALTY_EVIDENCE,,220000061,7,ca-cdph-healthcare-facility-locations,220000061,YES,d09e7277-8abc-4f83-8cc4-99ed316dd18e,NO,ALREADY_OWNED_EXACT,NO,Exact FACID in production state observation
CA_PENALTY_EVIDENCE,,220000064,1,,,NO,,NO,UNRESOLVED,NO,FACID absent from owned row-level state observations
CA_PENALTY_EVIDENCE,,220000069,16,ca-cdph-healthcare-facility-locations,220000069,YES,dc79cdbd-2e9d-4716-bfa7-5a944729d0a5,NO,ALREADY_OWNED_EXACT,NO,Exact FACID in production state observation
CA_PENALTY_EVIDENCE,,220000071,3,,,NO,,NO,UNRESOLVED,NO,FACID absent from owned row-level state observations
CA_PENALTY_EVIDENCE,,220000076,4,ca-cdph-healthcare-facility-locations,220000076,YES,f935039c-f55e-4f75-a914-8be546a9f2b6,NO,ALREADY_OWNED_EXACT,NO,Exact FACID in production state observation
CA_PENALTY_EVIDENCE,,220000077,6,ca-cdph-healthcare-facility-locations,220000077,YES,c08af9da-55f2-4d78-a38a-01b666e77f23,NO,ALREADY_OWNED_EXACT,NO,Exact FACID in production state observation
CA_PENALTY_EVIDENCE,,220000080,1,,,NO,,NO,UNRESOLVED,NO,FACID absent from owned row-level state observations
CA_PENALTY_EVIDENCE,,220000081,2,ca-cdph-healthcare-facility-locations,220000081,YES,43812204-557d-45a1-91aa-fb62d1cbad8d,NO,ALREADY_OWNED_EXACT,NO,Exact FACID in production state observation
CA_PENALTY_EVIDENCE,,220000082,19,ca-cdph-healthcare-facility-locations,220000082,YES,f5184916-9b11-4d97-bd43-0eddaaacd012,NO,ALREADY_OWNED_EXACT,NO,Exact FACID in production state observation
CA_PENALTY_EVIDENCE,,220000083,2,,,NO,,NO,UNRESOLVED,NO,FACID absent from owned row-level state observations
CA_PENALTY_EVIDENCE,,220000084,3,ca-cdph-healthcare-facility-locations,220000084,YES,4c2a3d34-c0c8-492d-bd7a-2cefb65bf971,NO,ALREADY_OWNED_EXACT,NO,Exact FACID in production state observation
CA_PENALTY_EVIDENCE,,220000085,2,ca-cdph-healthcare-facility-locations,220000085,YES,7912df84-6f28-4e7a-8c42-99eca117f428,NO,ALREADY_OWNED_EXACT,NO,Exact FACID in production state observation
CA_PENALTY_EVIDENCE,,220000086,1,,,NO,,NO,UNRESOLVED,NO,FACID absent from owned row-level state observations
CA_PENALTY_EVIDENCE,,220000087,10,ca-cdph-healthcare-facility-locations,220000087,YES,c65d0c31-7353-4643-b84f-03110ccb013b,NO,ALREADY_OWNED_EXACT,NO,Exact FACID in production state observation
CA_PENALTY_EVIDENCE,,220000088,1,,,NO,,NO,UNRESOLVED,NO,FACID absent from owned row-level state observations
CA_PENALTY_EVIDENCE,,220000089,8,ca-cdph-healthcare-facility-locations,220000089,YES,ba27b917-2ea5-4b45-8f3a-32f3af6b6008,NO,ALREADY_OWNED_EXACT,NO,Exact FACID in production state observation
CA_PENALTY_EVIDENCE,,220000090,5,ca-cdph-healthcare-facility-locations,220000090,YES,9f9da29f-2762-4bec-b38c-37ff72f1682f,NO,ALREADY_OWNED_EXACT,NO,Exact FACID in production state observation
CA_PENALTY_EVIDENCE,,220000094,2,ca-cdph-healthcare-facility-locations,220000094,YES,e4857572-fde4-4c23-a114-e2156c6e5858,NO,ALREADY_OWNED_EXACT,NO,Exact FACID in production state observation
CA_PENALTY_EVIDENCE,,220000197,5,,,NO,,NO,UNRESOLVED,NO,FACID absent from owned row-level state observations
CA_PENALTY_EVIDENCE,,220000205,2,ca-cdph-healthcare-facility-locations,220000205,YES,ae06d166-8e84-4cf8-b906-2b5c2d0e96b7,NO,ALREADY_OWNED_EXACT,NO,Exact FACID in production state observation
CA_PENALTY_EVIDENCE,,220000218,15,ca-cdph-healthcare-facility-locations,220000218,YES,b55cc359-afc6-4506-993b-e83689402977,NO,ALREADY_OWNED_EXACT,NO,Exact FACID in production state observation
CA_PENALTY_EVIDENCE,,220000235,1,,,NO,,NO,UNRESOLVED,NO,FACID absent from owned row-level state observations
CA_PENALTY_EVIDENCE,,220000242,2,,,NO,,NO,UNRESOLVED,NO,FACID absent from owned row-level state observations
CA_PENALTY_EVIDENCE,,220000303,2,,,NO,,NO,UNRESOLVED,NO,FACID absent from owned row-level state observations
CA_PENALTY_EVIDENCE,,220000349,6,ca-cdph-healthcare-facility-locations,220000349,NO,,NO,UNRESOLVED,NO,FACID in owned observation but no linked provider
CA_PENALTY_EVIDENCE,,220000416,10,ca-cdph-healthcare-facility-locations,220000416,YES,7f26f115-9c49-4b13-985a-f80db5c7e94d,NO,ALREADY_OWNED_EXACT,NO,Exact FACID in production state observation
CA_PENALTY_EVIDENCE,,220000417,1,,,NO,,NO,UNRESOLVED,NO,FACID absent from owned row-level state observations
CA_PENALTY_EVIDENCE,,220000512,69,ca-cdph-healthcare-facility-locations,220000512,YES,99b161b2-d043-444d-bde1-70fe6db15736,NO,ALREADY_OWNED_EXACT,NO,Exact FACID in production state observation
CA_PENALTY_EVIDENCE,,220000518,9,ca-cdph-healthcare-facility-locations,220000518,YES,fbc51e6e-009d-4356-bcec-6fab0679ead5,NO,ALREADY_OWNED_EXACT,NO,Exact FACID in production state observation
CA_PENALTY_EVIDENCE,,220000527,1,,,NO,,NO,UNRESOLVED,NO,FACID absent from owned row-level state observations
CA_PENALTY_EVIDENCE,,220000662,1,,,NO,,NO,UNRESOLVED,NO,FACID absent from owned row-level state observations
CA_PENALTY_EVIDENCE,,220000678,1,,,NO,,NO,UNRESOLVED,NO,FACID absent from owned row-level state observations
CA_PENALTY_EVIDENCE,,220000716,2,,,NO,,NO,UNRESOLVED,NO,FACID absent from owned row-level state observations
CA_PENALTY_EVIDENCE,,220000804,1,,,NO,,NO,UNRESOLVED,NO,FACID absent from owned row-level state observations
CA_PENALTY_EVIDENCE,,220000846,1,,,NO,,NO,UNRESOLVED,NO,FACID absent from owned row-level state observations
CA_PENALTY_EVIDENCE,,220000847,1,,,NO,,NO,UNRESOLVED,NO,FACID absent from owned row-level state observations
CA_PENALTY_EVIDENCE,,220000871,1,,,NO,,NO,UNRESOLVED,NO,FACID absent from owned row-level state observations
CA_PENALTY_EVIDENCE,,220000888,5,ca-cdph-healthcare-facility-locations,220000888,YES,d0ee1a59-9355-436e-8ecb-73380e221e2b,NO,ALREADY_OWNED_EXACT,NO,Exact FACID in production state observation
CA_PENALTY_EVIDENCE,,220000933,1,,,NO,,NO,UNRESOLVED,NO,FACID absent from owned row-level state observations
CA_PENALTY_EVIDENCE,,220000955,1,,,NO,,NO,UNRESOLVED,NO,FACID absent from owned row-level state observations
CA_PENALTY_EVIDENCE,,220000968,1,,,NO,,NO,UNRESOLVED,NO,FACID absent from owned row-level state observations
CA_PENALTY_EVIDENCE,,220000971,2,ca-cdph-healthcare-facility-locations,220000971,YES,0fd690d7-cf3c-40b1-b079-cece59390baa,NO,ALREADY_OWNED_EXACT,NO,Exact FACID in production state observation
CA_PENALTY_EVIDENCE,,220001000,12,ca-cdph-healthcare-facility-locations,220001000,YES,abfe762e-109b-43c6-8b77-133c6f832a62,NO,ALREADY_OWNED_EXACT,NO,Exact FACID in production state observation
CA_PENALTY_EVIDENCE,,220001009,21,ca-cdph-healthcare-facility-locations,220001009,YES,6cbcc5c2-3972-49b8-8945-9034fd698b84,NO,ALREADY_OWNED_EXACT,NO,Exact FACID in production state observation
CA_PENALTY_EVIDENCE,,220001016,10,ca-cdph-healthcare-facility-locations,220001016,YES,dace66b2-4df6-4c05-a483-b49ca4104782,NO,ALREADY_OWNED_EXACT,NO,Exact FACID in production state observation
CA_PENALTY_EVIDENCE,,220001018,28,ca-cdph-healthcare-facility-locations,220001018,YES,585d9d92-f642-42d1-bb32-5c01158764cc,NO,ALREADY_OWNED_EXACT,NO,Exact FACID in production state observation
CA_PENALTY_EVIDENCE,,220001020,4,ca-cdph-healthcare-facility-locations,220001020,YES,559524ad-2082-4a34-800d-d977fbb789ba,NO,ALREADY_OWNED_EXACT,NO,Exact FACID in production state observation
CA_PENALTY_EVIDENCE,,220001024,6,ca-cdph-healthcare-facility-locations,220001024,YES,4942e2a0-1c2c-4c2b-9240-ba04e71ba023,NO,ALREADY_OWNED_EXACT,NO,Exact FACID in production state observation
CA_PENALTY_EVIDENCE,,220001027,2,ca-cdph-healthcare-facility-locations,220001027,YES,612475c7-c1bb-4295-b9bc-48bd43e96b61,NO,ALREADY_OWNED_EXACT,NO,Exact FACID in production state observation
CA_PENALTY_EVIDENCE,,220001030,6,ca-cdph-healthcare-facility-locations,220001030,YES,bed270d8-76ff-48db-a51d-5a18963f24ff,NO,ALREADY_OWNED_EXACT,NO,Exact FACID in production state observation
CA_PENALTY_EVIDENCE,,220001032,4,ca-cdph-healthcare-facility-locations,220001032,YES,37d0844a-d8cf-4b4b-9ce2-f7c920ed2a15,NO,ALREADY_OWNED_EXACT,NO,Exact FACID in production state observation
CA_PENALTY_EVIDENCE,,220001039,6,ca-cdph-healthcare-facility-locations,220001039,YES,cf48b210-74c7-44d7-829a-3b949ee74baa,NO,ALREADY_OWNED_EXACT,NO,Exact FACID in production state observation
CA_PENALTY_EVIDENCE,,220001041,6,ca-cdph-healthcare-facility-locations,220001041,YES,343864e2-4add-43c0-876d-4c6d33841fb2,NO,ALREADY_OWNED_EXACT,NO,Exact FACID in production state observation
CA_PENALTY_EVIDENCE,,220001043,2,,,NO,,NO,UNRESOLVED,NO,FACID absent from owned row-level state observations
CA_PENALTY_EVIDENCE,,220001046,7,ca-cdph-healthcare-facility-locations,220001046,YES,3507bdc0-2949-4a57-9267-8cdd70892227,NO,ALREADY_OWNED_EXACT,NO,Exact FACID in production state observation
CA_PENALTY_EVIDENCE,,220001048,4,ca-cdph-healthcare-facility-locations,220001048,YES,45cc6f61-043b-44d9-9e95-7268c69fef7f,NO,ALREADY_OWNED_EXACT,NO,Exact FACID in production state observation
CA_PENALTY_EVIDENCE,,220001051,1,ca-cdph-healthcare-facility-locations,220001051,YES,55fb348b-3d0f-4c6c-89dd-099b12253583,NO,ALREADY_OWNED_EXACT,NO,Exact FACID in production state observation
CA_PENALTY_EVIDENCE,,220001054,5,ca-cdph-healthcare-facility-locations,220001054,YES,0c75c6ea-6e90-4455-82f5-8f9de019aea4,NO,ALREADY_OWNED_EXACT,NO,Exact FACID in production state observation
CA_PENALTY_EVIDENCE,,220001058,2,ca-cdph-healthcare-facility-locations,220001058,YES,2948c0dc-810f-48cb-a23a-392bc1faea8a,NO,ALREADY_OWNED_EXACT,NO,Exact FACID in production state observation
CA_PENALTY_EVIDENCE,,220001063,5,ca-cdph-healthcare-facility-locations,220001063,YES,7a278eb3-be04-4fe8-8570-8277114607c9,NO,ALREADY_OWNED_EXACT,NO,Exact FACID in production state observation
CA_PENALTY_EVIDENCE,,220001076,6,ca-cdph-healthcare-facility-locations,220001076,YES,1ac7b81e-6cdd-4e12-817d-bc0ffbdbb732,NO,ALREADY_OWNED_EXACT,NO,Exact FACID in production state observation
CA_PENALTY_EVIDENCE,,220001079,3,ca-cdph-healthcare-facility-locations,220001079,YES,716a9d4c-7083-4d2f-813f-44354e5e458a,NO,ALREADY_OWNED_EXACT,NO,Exact FACID in production state observation
CA_PENALTY_EVIDENCE,,220001110,1,,,NO,,NO,UNRESOLVED,NO,FACID absent from owned row-level state observations
CA_PENALTY_EVIDENCE,,220001117,2,,,NO,,NO,UNRESOLVED,NO,FACID absent from owned row-level state observations
CA_PENALTY_EVIDENCE,,220001119,1,,,NO,,NO,UNRESOLVED,NO,FACID absent from owned row-level state observations
CA_PENALTY_EVIDENCE,,220001127,1,,,NO,,NO,UNRESOLVED,NO,FACID absent from owned row-level state observations
CA_PENALTY_EVIDENCE,,220001138,2,,,NO,,NO,UNRESOLVED,NO,FACID absent from owned row-level state observations
CA_PENALTY_EVIDENCE,,220001141,1,,,NO,,NO,UNRESOLVED,NO,FACID absent from owned row-level state observations
CA_PENALTY_EVIDENCE,,220001155,1,,,NO,,NO,UNRESOLVED,NO,FACID absent from owned row-level state observations
CA_PENALTY_EVIDENCE,,220001162,3,,,NO,,NO,UNRESOLVED,NO,FACID absent from owned row-level state observations
CA_PENALTY_EVIDENCE,,220001192,2,,,NO,,NO,UNRESOLVED,NO,FACID absent from owned row-level state observations
CA_PENALTY_EVIDENCE,,230000001,3,,,NO,,NO,UNRESOLVED,NO,FACID absent from owned row-level state observations
CA_PENALTY_EVIDENCE,,230000004,5,,,NO,,NO,UNRESOLVED,NO,FACID absent from owned row-level state observations
CA_PENALTY_EVIDENCE,,230000005,20,,,NO,,NO,UNRESOLVED,NO,FACID absent from owned row-level state observations
CA_PENALTY_EVIDENCE,,230000006,1,,,NO,,NO,UNRESOLVED,NO,FACID absent from owned row-level state observations
CA_PENALTY_EVIDENCE,,230000008,2,,,NO,,NO,UNRESOLVED,NO,FACID absent from owned row-level state observations
CA_PENALTY_EVIDENCE,,230000010,38,,,NO,,NO,UNRESOLVED,NO,FACID absent from owned row-level state observations
CA_PENALTY_EVIDENCE,,230000012,2,,,NO,,NO,UNRESOLVED,NO,FACID absent from owned row-level state observations
CA_PENALTY_EVIDENCE,,230000013,26,,,NO,,NO,UNRESOLVED,NO,FACID absent from owned row-level state observations
CA_PENALTY_EVIDENCE,,230000014,19,,,NO,,NO,UNRESOLVED,NO,FACID absent from owned row-level state observations
CA_PENALTY_EVIDENCE,,230000016,32,,,NO,,NO,UNRESOLVED,NO,FACID absent from owned row-level state observations
CA_PENALTY_EVIDENCE,,230000020,3,,,NO,,NO,UNRESOLVED,NO,FACID absent from owned row-level state observations
CA_PENALTY_EVIDENCE,,230000023,28,ca-cdph-healthcare-facility-locations,230000023,YES,2cf2b01a-6a33-4441-a5e8-28cfe6a15636,NO,ALREADY_OWNED_EXACT,NO,Exact FACID in production state observation
CA_PENALTY_EVIDENCE,,230000024,19,ca-cdph-healthcare-facility-locations,230000024,YES,8e435cb5-1479-4772-a3e0-69e80b7c4271,NO,ALREADY_OWNED_EXACT,NO,Exact FACID in production state observation
CA_PENALTY_EVIDENCE,,230000025,9,ca-cdph-healthcare-facility-locations,230000025,YES,8b069a0c-9f81-47a8-ab88-665dc9767c6c,NO,ALREADY_OWNED_EXACT,NO,Exact FACID in production state observation
CA_PENALTY_EVIDENCE,,230000026,2,,,NO,,NO,UNRESOLVED,NO,FACID absent from owned row-level state observations
CA_PENALTY_EVIDENCE,,230000027,8,ca-cdph-healthcare-facility-locations,230000027,YES,6bd1e350-13be-4d64-b27f-55e4af404e85,NO,ALREADY_OWNED_EXACT,NO,Exact FACID in production state observation
CA_PENALTY_EVIDENCE,,230000028,18,ca-cdph-healthcare-facility-locations,230000028,YES,66f22e4c-3c3c-4758-9777-54517a03d37e,NO,ALREADY_OWNED_EXACT,NO,Exact FACID in production state observation
CA_PENALTY_EVIDENCE,,230000029,35,ca-cdph-healthcare-facility-locations,230000029,YES,09912df8-c1a4-48b0-9d50-49f5c8890c08,NO,ALREADY_OWNED_EXACT,NO,Exact FACID in production state observation
CA_PENALTY_EVIDENCE,,230000030,39,ca-cdph-healthcare-facility-locations,230000030,YES,c0941175-0adf-4096-b744-2bc2d8b09487,NO,ALREADY_OWNED_EXACT,NO,Exact FACID in production state observation
CA_PENALTY_EVIDENCE,,230000031,21,,,NO,,NO,UNRESOLVED,NO,FACID absent from owned row-level state observations
CA_PENALTY_EVIDENCE,,230000034,7,,,NO,,NO,UNRESOLVED,NO,FACID absent from owned row-level state observations
CA_PENALTY_EVIDENCE,,230000035,16,,,NO,,NO,UNRESOLVED,NO,FACID absent from owned row-level state observations
CA_PENALTY_EVIDENCE,,230000036,37,ca-cdph-healthcare-facility-locations,230000036,YES,3a72cce3-4e2b-41a5-8bef-24bf70bee854,NO,ALREADY_OWNED_EXACT,NO,Exact FACID in production state observation
CA_PENALTY_EVIDENCE,,230000037,2,ca-cdph-healthcare-facility-locations,230000037,YES,77ac347b-b674-4ff1-a508-e69866e1989d,NO,ALREADY_OWNED_EXACT,NO,Exact FACID in production state observation
CA_PENALTY_EVIDENCE,,230000038,27,ca-cdph-healthcare-facility-locations,230000038,YES,49ffda18-f626-4545-8836-da09648d1d50,NO,ALREADY_OWNED_EXACT,NO,Exact FACID in production state observation
CA_PENALTY_EVIDENCE,,230000039,37,ca-cdph-healthcare-facility-locations,230000039,YES,fbc8be68-75a5-4b07-a610-7199e535c60a,NO,ALREADY_OWNED_EXACT,NO,Exact FACID in production state observation
CA_PENALTY_EVIDENCE,,230000041,23,,,NO,,NO,UNRESOLVED,NO,FACID absent from owned row-level state observations
CA_PENALTY_EVIDENCE,,230000043,22,ca-cdph-healthcare-facility-locations,230000043,YES,240c3fe0-5f8e-4491-8e37-c77f7766f4c4,NO,ALREADY_OWNED_EXACT,NO,Exact FACID in production state observation
CA_PENALTY_EVIDENCE,,230000044,24,ca-cdph-healthcare-facility-locations,230000044,YES,ce766352-7199-4529-b5af-dd33fb33c198,NO,ALREADY_OWNED_EXACT,NO,Exact FACID in production state observation
CA_PENALTY_EVIDENCE,,230000047,1,,,NO,,NO,UNRESOLVED,NO,FACID absent from owned row-level state observations
CA_PENALTY_EVIDENCE,,230000049,1,,,NO,,NO,UNRESOLVED,NO,FACID absent from owned row-level state observations
CA_PENALTY_EVIDENCE,,230000051,3,,,NO,,NO,UNRESOLVED,NO,FACID absent from owned row-level state observations
CA_PENALTY_EVIDENCE,,230000089,2,,,NO,,NO,UNRESOLVED,NO,FACID absent from owned row-level state observations
CA_PENALTY_EVIDENCE,,230000092,2,,,NO,,NO,UNRESOLVED,NO,FACID absent from owned row-level state observations
CA_PENALTY_EVIDENCE,,230000109,3,,,NO,,NO,UNRESOLVED,NO,FACID absent from owned row-level state observations
CA_PENALTY_EVIDENCE,,230000144,7,ca-cdph-healthcare-facility-locations,230000144,YES,2584e12a-c2db-4022-9148-cb427d96d675,NO,ALREADY_OWNED_EXACT,NO,Exact FACID in production state observation
CA_PENALTY_EVIDENCE,,230000153,2,,,NO,,NO,UNRESOLVED,NO,FACID absent from owned row-level state observations
CA_PENALTY_EVIDENCE,,230000173,38,,,NO,,NO,UNRESOLVED,NO,FACID absent from owned row-level state observations
CA_PENALTY_EVIDENCE,,230000187,20,ca-cdph-healthcare-facility-locations,230000187,YES,0b0b478f-29f0-4078-9067-a03ddc49f262,NO,ALREADY_OWNED_EXACT,NO,Exact FACID in production state observation
CA_PENALTY_EVIDENCE,,230000197,12,ca-cdph-healthcare-facility-locations,230000197,YES,82d04f1d-2192-4369-b291-b54ca63823df,NO,ALREADY_OWNED_EXACT,NO,Exact FACID in production state observation
CA_PENALTY_EVIDENCE,,230000221,51,ca-cdph-healthcare-facility-locations,230000221,YES,bf930538-6f50-4944-94d2-325fa9afb60c,NO,ALREADY_OWNED_EXACT,NO,Exact FACID in production state observation
CA_PENALTY_EVIDENCE,,230000227,3,ca-cdph-healthcare-facility-locations,230000227,YES,bcbd1de6-8759-4ca5-93ec-f23f6f1a85d6,NO,ALREADY_OWNED_EXACT,NO,Exact FACID in production state observation
CA_PENALTY_EVIDENCE,,230000242,3,,,NO,,NO,UNRESOLVED,NO,FACID absent from owned row-level state observations
CA_PENALTY_EVIDENCE,,230000247,8,ca-cdph-healthcare-facility-locations,230000247,YES,20e59e56-5dbf-45a6-801f-72a47ae0b108,NO,ALREADY_OWNED_EXACT,NO,Exact FACID in production state observation
CA_PENALTY_EVIDENCE,,230000255,32,ca-cdph-healthcare-facility-locations,230000255,YES,2b830bab-94a0-4152-bc99-c6e3f3b1a07e,NO,ALREADY_OWNED_EXACT,NO,Exact FACID in production state observation
CA_PENALTY_EVIDENCE,,230000259,3,,,NO,,NO,UNRESOLVED,NO,FACID absent from owned row-level state observations
CA_PENALTY_EVIDENCE,,230000261,18,,,NO,,NO,UNRESOLVED,NO,FACID absent from owned row-level state observations
CA_PENALTY_EVIDENCE,,230000262,20,,,NO,,NO,UNRESOLVED,NO,FACID absent from owned row-level state observations
CA_PENALTY_EVIDENCE,,230000265,5,,,NO,,NO,UNRESOLVED,NO,FACID absent from owned row-level state observations
CA_PENALTY_EVIDENCE,,230000275,17,ca-cdph-healthcare-facility-locations,230000275,YES,05923d53-58f5-4c88-9129-29d2a4028ae7,NO,ALREADY_OWNED_EXACT,NO,Exact FACID in production state observation
CA_PENALTY_EVIDENCE,,230000276,20,ca-cdph-healthcare-facility-locations,230000276,YES,d30bcccc-cc4b-4a19-8f38-127f9f028ab2,NO,ALREADY_OWNED_EXACT,NO,Exact FACID in production state observation
CA_PENALTY_EVIDENCE,,230000277,26,ca-cdph-healthcare-facility-locations,230000277,YES,37c5effe-0450-49cf-8baf-54afd86893b9,NO,ALREADY_OWNED_EXACT,NO,Exact FACID in production state observation
CA_PENALTY_EVIDENCE,,230000278,19,ca-cdph-healthcare-facility-locations,230000278,YES,ccb4c14a-cd5e-4b34-ab9a-7fed12710b6c,NO,ALREADY_OWNED_EXACT,NO,Exact FACID in production state observation
CA_PENALTY_EVIDENCE,,230000279,16,ca-cdph-healthcare-facility-locations,230000279,YES,6eb7d828-b970-460c-bbc1-99fdda50b95f,NO,ALREADY_OWNED_EXACT,NO,Exact FACID in production state observation
CA_PENALTY_EVIDENCE,,230000280,3,,,NO,,NO,UNRESOLVED,NO,FACID absent from owned row-level state observations
CA_PENALTY_EVIDENCE,,230000282,4,ca-cdph-healthcare-facility-locations,230000282,YES,67327c17-8a8e-42c3-9196-21d5ebe3c4c2,NO,ALREADY_OWNED_EXACT,NO,Exact FACID in production state observation
CA_PENALTY_EVIDENCE,,230000283,4,ca-cdph-healthcare-facility-locations,230000283,YES,91e48af6-ed8b-41c4-849a-7fa72921cce5,NO,ALREADY_OWNED_EXACT,NO,Exact FACID in production state observation
CA_PENALTY_EVIDENCE,,230000284,31,ca-cdph-healthcare-facility-locations,230000284,YES,64fe2c63-4777-4aaf-a9cf-453f789bdd7c,NO,ALREADY_OWNED_EXACT,NO,Exact FACID in production state observation
CA_PENALTY_EVIDENCE,,230000327,2,ca-cdph-healthcare-facility-locations,230000327,YES,e8754180-85a7-404d-b685-cc3babc9e936,NO,ALREADY_OWNED_EXACT,NO,Exact FACID in production state observation
CA_PENALTY_EVIDENCE,,230000330,3,ca-cdph-healthcare-facility-locations,230000330,NO,,NO,UNRESOLVED,NO,FACID in owned observation but no linked provider
CA_PENALTY_EVIDENCE,,230000334,10,ca-cdph-healthcare-facility-locations,230000334,YES,27e9ee45-6240-40ea-8430-152174c0b238,NO,ALREADY_OWNED_EXACT,NO,Exact FACID in production state observation
CA_PENALTY_EVIDENCE,,230000351,17,ca-cdph-healthcare-facility-locations,230000351,YES,7ce7a992-c457-45d8-9376-528c08dd62cf,NO,ALREADY_OWNED_EXACT,NO,Exact FACID in production state observation
CA_PENALTY_EVIDENCE,,230000363,1,,,NO,,NO,UNRESOLVED,NO,FACID absent from owned row-level state observations
CA_PENALTY_EVIDENCE,,230000366,28,ca-cdph-healthcare-facility-locations,230000366,YES,29fd2a00-9ac8-4587-861a-c6cb78177154,NO,ALREADY_OWNED_EXACT,NO,Exact FACID in production state observation
CA_PENALTY_EVIDENCE,,230000367,4,,,NO,,NO,UNRESOLVED,NO,FACID absent from owned row-level state observations
CA_PENALTY_EVIDENCE,,230000370,6,ca-cdph-healthcare-facility-locations,230000370,YES,4b640b39-6654-410c-9d68-1dbc5fcd2736,NO,ALREADY_OWNED_EXACT,NO,Exact FACID in production state observation
CA_PENALTY_EVIDENCE,,230000389,15,ca-cdph-healthcare-facility-locations,230000389,YES,38a7774c-ef8d-46f2-a612-dbf8520a9938,NO,ALREADY_OWNED_EXACT,NO,Exact FACID in production state observation
CA_PENALTY_EVIDENCE,,230000392,7,ca-cdph-healthcare-facility-locations,230000392,YES,6e49e24d-1e8d-4cc6-81f6-cf9c90b0c164,NO,ALREADY_OWNED_EXACT,NO,Exact FACID in production state observation
CA_PENALTY_EVIDENCE,,230000403,2,,,NO,,NO,UNRESOLVED,NO,FACID absent from owned row-level state observations
CA_PENALTY_EVIDENCE,,230000422,4,,,NO,,NO,UNRESOLVED,NO,FACID absent from owned row-level state observations
CA_PENALTY_EVIDENCE,,230000423,1,,,NO,,NO,UNRESOLVED,NO,FACID absent from owned row-level state observations
CA_PENALTY_EVIDENCE,,230000424,2,,,NO,,NO,UNRESOLVED,NO,FACID absent from owned row-level state observations
CA_PENALTY_EVIDENCE,,230000427,2,,,NO,,NO,UNRESOLVED,NO,FACID absent from owned row-level state observations
CA_PENALTY_EVIDENCE,,230000444,1,,,NO,,NO,UNRESOLVED,NO,FACID absent from owned row-level state observations
CA_PENALTY_EVIDENCE,,230000460,27,ca-cdph-healthcare-facility-locations,230000460,YES,bd5e096e-8b81-464a-9a0b-27f698110372,NO,ALREADY_OWNED_EXACT,NO,Exact FACID in production state observation
CA_PENALTY_EVIDENCE,,230000463,2,,,NO,,NO,UNRESOLVED,NO,FACID absent from owned row-level state observations
CA_PENALTY_EVIDENCE,,230000467,1,,,NO,,NO,UNRESOLVED,NO,FACID absent from owned row-level state observations
CA_PENALTY_EVIDENCE,,230000468,3,,,NO,,NO,UNRESOLVED,NO,FACID absent from owned row-level state observations
CA_PENALTY_EVIDENCE,,230000478,1,,,NO,,NO,UNRESOLVED,NO,FACID absent from owned row-level state observations
CA_PENALTY_EVIDENCE,,230000497,5,,,NO,,NO,UNRESOLVED,NO,FACID absent from owned row-level state observations
CA_PENALTY_EVIDENCE,,230000499,1,,,NO,,NO,UNRESOLVED,NO,FACID absent from owned row-level state observations
CA_PENALTY_EVIDENCE,,230000504,7,ca-cdph-healthcare-facility-locations,230000504,YES,b848df54-34c0-477d-b142-82a0fa4d6e8e,NO,ALREADY_OWNED_EXACT,NO,Exact FACID in production state observation
CA_PENALTY_EVIDENCE,,230000546,12,ca-cdph-healthcare-facility-locations,230000546,YES,1ab52ac8-1c5a-4070-a7fd-296238631c96,NO,ALREADY_OWNED_EXACT,NO,Exact FACID in production state observation
CA_PENALTY_EVIDENCE,,230000557,2,,,NO,,NO,UNRESOLVED,NO,FACID absent from owned row-level state observations
CA_PENALTY_EVIDENCE,,230000558,2,,,NO,,NO,UNRESOLVED,NO,FACID absent from owned row-level state observations
CA_PENALTY_EVIDENCE,,230000560,8,,,NO,,NO,UNRESOLVED,NO,FACID absent from owned row-level state observations
CA_PENALTY_EVIDENCE,,230000561,2,,,NO,,NO,UNRESOLVED,NO,FACID absent from owned row-level state observations
CA_PENALTY_EVIDENCE,,230000563,4,,,NO,,NO,UNRESOLVED,NO,FACID absent from owned row-level state observations
CA_PENALTY_EVIDENCE,,230000578,7,,,NO,,NO,UNRESOLVED,NO,FACID absent from owned row-level state observations
CA_PENALTY_EVIDENCE,,230000588,6,,,NO,,NO,UNRESOLVED,NO,FACID absent from owned row-level state observations
CA_PENALTY_EVIDENCE,,230000597,4,,,NO,,NO,UNRESOLVED,NO,FACID absent from owned row-level state observations
CA_PENALTY_EVIDENCE,,230000605,7,,,NO,,NO,UNRESOLVED,NO,FACID absent from owned row-level state observations
CA_PENALTY_EVIDENCE,,230000606,7,,,NO,,NO,UNRESOLVED,NO,FACID absent from owned row-level state observations
CA_PENALTY_EVIDENCE,,230000613,5,,,NO,,NO,UNRESOLVED,NO,FACID absent from owned row-level state observations
CA_PENALTY_EVIDENCE,,230000616,6,,,NO,,NO,UNRESOLVED,NO,FACID absent from owned row-level state observations
CA_PENALTY_EVIDENCE,,230000621,4,,,NO,,NO,UNRESOLVED,NO,FACID absent from owned row-level state observations
CA_PENALTY_EVIDENCE,,230000626,2,,,NO,,NO,UNRESOLVED,NO,FACID absent from owned row-level state observations
CA_PENALTY_EVIDENCE,,230000633,4,,,NO,,NO,UNRESOLVED,NO,FACID absent from owned row-level state observations
CA_PENALTY_EVIDENCE,,230000680,3,,,NO,,NO,UNRESOLVED,NO,FACID absent from owned row-level state observations
CA_PENALTY_EVIDENCE,,230000682,2,,,NO,,NO,UNRESOLVED,NO,FACID absent from owned row-level state observations
CA_PENALTY_EVIDENCE,,230000686,1,,,NO,,NO,UNRESOLVED,NO,FACID absent from owned row-level state observations
CA_PENALTY_EVIDENCE,,230000699,3,,,NO,,NO,UNRESOLVED,NO,FACID absent from owned row-level state observations
CA_PENALTY_EVIDENCE,,230000716,1,,,NO,,NO,UNRESOLVED,NO,FACID absent from owned row-level state observations
CA_PENALTY_EVIDENCE,,230000719,5,,,NO,,NO,UNRESOLVED,NO,FACID absent from owned row-level state observations
CA_PENALTY_EVIDENCE,,230000737,6,,,NO,,NO,UNRESOLVED,NO,FACID absent from owned row-level state observations
CA_PENALTY_EVIDENCE,,230000760,3,,,NO,,NO,UNRESOLVED,NO,FACID absent from owned row-level state observations
CA_PENALTY_EVIDENCE,,230000761,4,,,NO,,NO,UNRESOLVED,NO,FACID absent from owned row-level state observations
CA_PENALTY_EVIDENCE,,230000763,6,,,NO,,NO,UNRESOLVED,NO,FACID absent from owned row-level state observations
CA_PENALTY_EVIDENCE,,230000769,1,,,NO,,NO,UNRESOLVED,NO,FACID absent from owned row-level state observations
CA_PENALTY_EVIDENCE,,230000778,1,,,NO,,NO,UNRESOLVED,NO,FACID absent from owned row-level state observations
CA_PENALTY_EVIDENCE,,230000780,3,,,NO,,NO,UNRESOLVED,NO,FACID absent from owned row-level state observations
CA_PENALTY_EVIDENCE,,230000783,7,,,NO,,NO,UNRESOLVED,NO,FACID absent from owned row-level state observations
CA_PENALTY_EVIDENCE,,230000802,23,ca-cdph-healthcare-facility-locations,230000802,YES,e2a311ad-dcdc-4db5-a83c-177f5670f2f1,NO,ALREADY_OWNED_EXACT,NO,Exact FACID in production state observation
CA_PENALTY_EVIDENCE,,240000002,1,,,NO,,NO,UNRESOLVED,NO,FACID absent from owned row-level state observations
CA_PENALTY_EVIDENCE,,240000013,2,ca-cdph-healthcare-facility-locations,240000013,YES,7806052c-8371-45d9-847d-beeabe26846b,NO,ALREADY_OWNED_EXACT,NO,Exact FACID in production state observation
CA_PENALTY_EVIDENCE,,240000014,1,,,NO,,NO,UNRESOLVED,NO,FACID absent from owned row-level state observations
CA_PENALTY_EVIDENCE,,240000018,4,ca-cdph-healthcare-facility-locations,240000018,YES,62e01975-22e1-432e-81fd-2e424fdbc961,NO,ALREADY_OWNED_EXACT,NO,Exact FACID in production state observation
CA_PENALTY_EVIDENCE,,240000020,3,ca-cdph-healthcare-facility-locations,240000020,YES,a1761c1d-99cf-4cd2-8775-f5abd664b99d,NO,ALREADY_OWNED_EXACT,NO,Exact FACID in production state observation
CA_PENALTY_EVIDENCE,,240000023,21,ca-cdph-healthcare-facility-locations,240000023,YES,a1d27ebd-ab28-40c4-b8fd-555a2b41d21c,NO,ALREADY_OWNED_EXACT,NO,Exact FACID in production state observation
CA_PENALTY_EVIDENCE,,240000024,3,,,NO,,NO,UNRESOLVED,NO,FACID absent from owned row-level state observations
CA_PENALTY_EVIDENCE,,240000027,12,,,NO,,NO,UNRESOLVED,NO,FACID absent from owned row-level state observations
CA_PENALTY_EVIDENCE,,240000029,15,ca-cdph-healthcare-facility-locations,240000029,YES,5a46ec54-4970-4845-a601-afd275f3a92a,NO,ALREADY_OWNED_EXACT,NO,Exact FACID in production state observation
CA_PENALTY_EVIDENCE,,240000031,21,ca-cdph-healthcare-facility-locations,240000031,YES,e2006470-1f6a-4bb6-9c05-dd5ca51a85e3,NO,ALREADY_OWNED_EXACT,NO,Exact FACID in production state observation
CA_PENALTY_EVIDENCE,,240000032,3,ca-cdph-healthcare-facility-locations,240000032,YES,d3218c29-9dda-485d-bb24-fbf167a6b2b7,NO,ALREADY_OWNED_EXACT,NO,Exact FACID in production state observation
CA_PENALTY_EVIDENCE,,240000035,5,,,NO,,NO,UNRESOLVED,NO,FACID absent from owned row-level state observations
CA_PENALTY_EVIDENCE,,240000037,1,,,NO,,NO,UNRESOLVED,NO,FACID absent from owned row-level state observations
CA_PENALTY_EVIDENCE,,240000038,11,ca-cdph-healthcare-facility-locations,240000038,YES,0c35c70c-de3a-407d-a372-5c4f9181b8a8,NO,ALREADY_OWNED_EXACT,NO,Exact FACID in production state observation
CA_PENALTY_EVIDENCE,,240000040,1,,,NO,,NO,UNRESOLVED,NO,FACID absent from owned row-level state observations
CA_PENALTY_EVIDENCE,,240000046,2,,,NO,,NO,UNRESOLVED,NO,FACID absent from owned row-level state observations
CA_PENALTY_EVIDENCE,,240000047,20,ca-cdph-healthcare-facility-locations,240000047,YES,575436d6-6213-41cc-8763-261aee0f0cc0,NO,ALREADY_OWNED_EXACT,NO,Exact FACID in production state observation
CA_PENALTY_EVIDENCE,,240000052,1,,,NO,,NO,UNRESOLVED,NO,FACID absent from owned row-level state observations
CA_PENALTY_EVIDENCE,,240000053,2,,,NO,,NO,UNRESOLVED,NO,FACID absent from owned row-level state observations
CA_PENALTY_EVIDENCE,,240000058,16,ca-cdph-healthcare-facility-locations,240000058,YES,613b9fb4-9bac-48f4-9bcc-cacb00cb9fb5,NO,ALREADY_OWNED_EXACT,NO,Exact FACID in production state observation
CA_PENALTY_EVIDENCE,,240000059,10,ca-cdph-healthcare-facility-locations,240000059,YES,3fcbcb9d-7336-4010-b923-e57a6ae98400,NO,ALREADY_OWNED_EXACT,NO,Exact FACID in production state observation
CA_PENALTY_EVIDENCE,,240000060,9,ca-cdph-healthcare-facility-locations,240000060,YES,3c885b06-269d-4a23-8e8e-a21e77e633a4,NO,ALREADY_OWNED_EXACT,NO,Exact FACID in production state observation
CA_PENALTY_EVIDENCE,,240000063,5,ca-cdph-healthcare-facility-locations,240000063,YES,dbda5568-6bdc-4862-85f1-ff4e2c75fd95,NO,ALREADY_OWNED_EXACT,NO,Exact FACID in production state observation
CA_PENALTY_EVIDENCE,,240000065,7,ca-cdph-healthcare-facility-locations,240000065,YES,99ee64c7-93fd-4cef-af00-3156cd222bee,NO,ALREADY_OWNED_EXACT,NO,Exact FACID in production state observation
CA_PENALTY_EVIDENCE,,240000066,18,ca-cdph-healthcare-facility-locations,240000066,YES,2131baf5-7977-472b-8c8a-17bc81292d25,NO,ALREADY_OWNED_EXACT,NO,Exact FACID in production state observation
CA_PENALTY_EVIDENCE,,240000068,10,ca-cdph-healthcare-facility-locations,240000068,YES,f2b78d98-ac5e-4e7c-9a8d-e5b7477e9859,NO,ALREADY_OWNED_EXACT,NO,Exact FACID in production state observation
CA_PENALTY_EVIDENCE,,240000071,3,ca-cdph-healthcare-facility-locations,240000071,YES,bed9972b-f56e-42ea-a286-d30f126e9315,NO,ALREADY_OWNED_EXACT,NO,Exact FACID in production state observation
CA_PENALTY_EVIDENCE,,240000075,4,ca-cdph-healthcare-facility-locations,240000075,YES,097a05f2-29dc-41aa-8dd0-4bfbfbb3a3b8,NO,ALREADY_OWNED_EXACT,NO,Exact FACID in production state observation
CA_PENALTY_EVIDENCE,,240000080,12,ca-cdph-healthcare-facility-locations,240000080,YES,4119f61a-3166-4aaa-8cff-945d41f9bfbe,NO,ALREADY_OWNED_EXACT,NO,Exact FACID in production state observation
CA_PENALTY_EVIDENCE,,240000082,3,,,NO,,NO,UNRESOLVED,NO,FACID absent from owned row-level state observations
CA_PENALTY_EVIDENCE,,240000085,3,ca-cdph-healthcare-facility-locations,240000085,YES,d268ab63-d24d-4843-87c4-b31ceb8432d4,NO,ALREADY_OWNED_EXACT,NO,Exact FACID in production state observation
CA_PENALTY_EVIDENCE,,240000089,17,ca-cdph-healthcare-facility-locations,240000089,YES,103525d9-4648-4974-a4ff-84001666720b,NO,ALREADY_OWNED_EXACT,NO,Exact FACID in production state observation
CA_PENALTY_EVIDENCE,,240000090,6,ca-cdph-healthcare-facility-locations,240000090,YES,8314ef35-8b02-46c8-93c7-8088270fe6cd,NO,ALREADY_OWNED_EXACT,NO,Exact FACID in production state observation
CA_PENALTY_EVIDENCE,,240000093,5,ca-cdph-healthcare-facility-locations,240000093,YES,02ff9132-9698-44e2-969e-0fe0797d68fe,NO,ALREADY_OWNED_EXACT,NO,Exact FACID in production state observation
CA_PENALTY_EVIDENCE,,240000094,15,ca-cdph-healthcare-facility-locations,240000094,YES,a4af5747-4785-441a-a74f-c246612abdd3,NO,ALREADY_OWNED_EXACT,NO,Exact FACID in production state observation
CA_PENALTY_EVIDENCE,,240000096,6,ca-cdph-healthcare-facility-locations,240000096,YES,b612b73d-8535-44a3-8aa9-fb7189fd1956,NO,ALREADY_OWNED_EXACT,NO,Exact FACID in production state observation
CA_PENALTY_EVIDENCE,,240000097,6,ca-cdph-healthcare-facility-locations,240000097,YES,3080be3f-5fa8-4b3d-ad96-28c1bd0cb57f,NO,ALREADY_OWNED_EXACT,NO,Exact FACID in production state observation
CA_PENALTY_EVIDENCE,,240000099,27,ca-cdph-healthcare-facility-locations,240000099,YES,d9d7da2a-bc82-45e3-bec5-92d942107614,NO,ALREADY_OWNED_EXACT,NO,Exact FACID in production state observation
CA_PENALTY_EVIDENCE,,240000100,7,,,NO,,NO,UNRESOLVED,NO,FACID absent from owned row-level state observations
CA_PENALTY_EVIDENCE,,240000103,5,,,NO,,NO,UNRESOLVED,NO,FACID absent from owned row-level state observations
CA_PENALTY_EVIDENCE,,240000104,6,,,NO,,NO,UNRESOLVED,NO,FACID absent from owned row-level state observations
CA_PENALTY_EVIDENCE,,240000106,12,ca-cdph-healthcare-facility-locations,240000106,YES,3507570a-d01e-4d1f-bcc2-99d8fd7f0808,NO,ALREADY_OWNED_EXACT,NO,Exact FACID in production state observation
CA_PENALTY_EVIDENCE,,240000107,7,ca-cdph-healthcare-facility-locations,240000107,YES,a4c39d31-c8d8-43d5-bb6b-5a330f1c5405,NO,ALREADY_OWNED_EXACT,NO,Exact FACID in production state observation
CA_PENALTY_EVIDENCE,,240000118,1,,,NO,,NO,UNRESOLVED,NO,FACID absent from owned row-level state observations
CA_PENALTY_EVIDENCE,,240000121,1,,,NO,,NO,UNRESOLVED,NO,FACID absent from owned row-level state observations
CA_PENALTY_EVIDENCE,,240000122,1,,,NO,,NO,UNRESOLVED,NO,FACID absent from owned row-level state observations
CA_PENALTY_EVIDENCE,,240000126,2,,,NO,,NO,UNRESOLVED,NO,FACID absent from owned row-level state observations
CA_PENALTY_EVIDENCE,,240000127,3,,,NO,,NO,UNRESOLVED,NO,FACID absent from owned row-level state observations
CA_PENALTY_EVIDENCE,,240000135,1,,,NO,,NO,UNRESOLVED,NO,FACID absent from owned row-level state observations
CA_PENALTY_EVIDENCE,,240000136,2,,,NO,,NO,UNRESOLVED,NO,FACID absent from owned row-level state observations
CA_PENALTY_EVIDENCE,,240000143,9,ca-cdph-healthcare-facility-locations,240000143,YES,a12c302f-2c4b-45af-8cd8-d2c580814288,NO,ALREADY_OWNED_EXACT,NO,Exact FACID in production state observation
CA_PENALTY_EVIDENCE,,240000145,2,ca-cdph-healthcare-facility-locations,240000145,YES,bf750787-4890-4289-81cb-099e7a0a1de6,NO,ALREADY_OWNED_EXACT,NO,Exact FACID in production state observation
CA_PENALTY_EVIDENCE,,240000146,2,,,NO,,NO,UNRESOLVED,NO,FACID absent from owned row-level state observations
CA_PENALTY_EVIDENCE,,240000150,5,ca-cdph-healthcare-facility-locations,240000150,YES,bd3aa0d8-de53-40f8-9c9a-8a2462b9248c,NO,ALREADY_OWNED_EXACT,NO,Exact FACID in production state observation
CA_PENALTY_EVIDENCE,,240000152,17,ca-cdph-healthcare-facility-locations,240000152,YES,abb80f12-29c0-495f-a2e6-508a6dc54ffa,NO,ALREADY_OWNED_EXACT,NO,Exact FACID in production state observation
CA_PENALTY_EVIDENCE,,240000156,7,ca-cdph-healthcare-facility-locations,240000156,YES,646801dd-3673-462e-b746-112f299178b2,NO,ALREADY_OWNED_EXACT,NO,Exact FACID in production state observation
CA_PENALTY_EVIDENCE,,240000252,16,ca-cdph-healthcare-facility-locations,240000252,YES,0dea8fe0-5b69-4131-8664-4b67528b9061,NO,ALREADY_OWNED_EXACT,NO,Exact FACID in production state observation
CA_PENALTY_EVIDENCE,,240000285,8,ca-cdph-healthcare-facility-locations,240000285,YES,145aff4c-4896-43ec-ac11-fdcb7c62bd44,NO,ALREADY_OWNED_EXACT,NO,Exact FACID in production state observation
CA_PENALTY_EVIDENCE,,240000286,10,ca-cdph-healthcare-facility-locations,240000286,YES,0a30dc86-1a54-4e5b-9498-87eaff5cd382,NO,ALREADY_OWNED_EXACT,NO,Exact FACID in production state observation
CA_PENALTY_EVIDENCE,,240000287,9,ca-cdph-healthcare-facility-locations,240000287,YES,a60a65a5-31b6-4336-bb50-964b7713682d,NO,ALREADY_OWNED_EXACT,NO,Exact FACID in production state observation
CA_PENALTY_EVIDENCE,,240000289,13,ca-cdph-healthcare-facility-locations,240000289,YES,abe3b6d9-0bb4-49c7-a74d-4ecc47a69901,NO,ALREADY_OWNED_EXACT,NO,Exact FACID in production state observation
CA_PENALTY_EVIDENCE,,240000365,6,ca-cdph-healthcare-facility-locations,240000365,YES,52e9c2f4-e52f-4a92-95ae-6c85ef3d862e,NO,ALREADY_OWNED_EXACT,NO,Exact FACID in production state observation
CA_PENALTY_EVIDENCE,,240000409,1,,,NO,,NO,UNRESOLVED,NO,FACID absent from owned row-level state observations
CA_PENALTY_EVIDENCE,,240000411,1,,,NO,,NO,UNRESOLVED,NO,FACID absent from owned row-level state observations
CA_PENALTY_EVIDENCE,,240000413,4,,,NO,,NO,UNRESOLVED,NO,FACID absent from owned row-level state observations
CA_PENALTY_EVIDENCE,,240000585,1,,,NO,,NO,UNRESOLVED,NO,FACID absent from owned row-level state observations
CA_PENALTY_EVIDENCE,,240000612,1,,,NO,,NO,UNRESOLVED,NO,FACID absent from owned row-level state observations
CA_PENALTY_EVIDENCE,,240000617,2,,,NO,,NO,UNRESOLVED,NO,FACID absent from owned row-level state observations
CA_PENALTY_EVIDENCE,,240000650,28,ca-cdph-healthcare-facility-locations,240000650,YES,05217824-0e71-4773-ac59-d86266a8549a,NO,ALREADY_OWNED_EXACT,NO,Exact FACID in production state observation
CA_PENALTY_EVIDENCE,,240000682,20,ca-cdph-healthcare-facility-locations,240000682,YES,21c8d54c-9ad9-4084-8d0d-e4108175d9de,NO,ALREADY_OWNED_EXACT,NO,Exact FACID in production state observation
CA_PENALTY_EVIDENCE,,240000700,19,ca-cdph-healthcare-facility-locations,240000700,YES,225ec63e-9200-492a-9ad5-85f124c83634,NO,ALREADY_OWNED_EXACT,NO,Exact FACID in production state observation
CA_PENALTY_EVIDENCE,,240000747,2,,,NO,,NO,UNRESOLVED,NO,FACID absent from owned row-level state observations
CA_PENALTY_EVIDENCE,,240000778,2,,,NO,,NO,UNRESOLVED,NO,FACID absent from owned row-level state observations
CA_PENALTY_EVIDENCE,,240000810,1,,,NO,,NO,UNRESOLVED,NO,FACID absent from owned row-level state observations
CA_PENALTY_EVIDENCE,,240000840,2,,,NO,,NO,UNRESOLVED,NO,FACID absent from owned row-level state observations
CA_PENALTY_EVIDENCE,,240000841,2,,,NO,,NO,UNRESOLVED,NO,FACID absent from owned row-level state observations
CA_PENALTY_EVIDENCE,,240000853,1,,,NO,,NO,UNRESOLVED,NO,FACID absent from owned row-level state observations
CA_PENALTY_EVIDENCE,,240000854,1,,,NO,,NO,UNRESOLVED,NO,FACID absent from owned row-level state observations
CA_PENALTY_EVIDENCE,,240000855,2,,,NO,,NO,UNRESOLVED,NO,FACID absent from owned row-level state observations
CA_PENALTY_EVIDENCE,,240000873,10,ca-cdph-healthcare-facility-locations,240000873,YES,d1e89a0e-9f28-4e18-b376-f32cfd41fdc9,NO,ALREADY_OWNED_EXACT,NO,Exact FACID in production state observation
CA_PENALTY_EVIDENCE,,240000876,3,,,NO,,NO,UNRESOLVED,NO,FACID absent from owned row-level state observations
CA_PENALTY_EVIDENCE,,240000904,1,,,NO,,NO,UNRESOLVED,NO,FACID absent from owned row-level state observations
CA_PENALTY_EVIDENCE,,240000905,1,,,NO,,NO,UNRESOLVED,NO,FACID absent from owned row-level state observations
CA_PENALTY_EVIDENCE,,240000925,16,ca-cdph-healthcare-facility-locations,240000925,YES,5113affd-6407-4219-91e7-8c06f81c9039,NO,ALREADY_OWNED_EXACT,NO,Exact FACID in production state observation
CA_PENALTY_EVIDENCE,,240000965,3,,,NO,,NO,UNRESOLVED,NO,FACID absent from owned row-level state observations
CA_PENALTY_EVIDENCE,,240000969,3,,,NO,,NO,UNRESOLVED,NO,FACID absent from owned row-level state observations
CA_PENALTY_EVIDENCE,,240000979,5,ca-cdph-healthcare-facility-locations,240000979,YES,9120c944-f64c-41d4-a130-d149abc91df3,NO,ALREADY_OWNED_EXACT,NO,Exact FACID in production state observation
CA_PENALTY_EVIDENCE,,240000991,1,ca-cdph-healthcare-facility-locations,240000991,YES,7ecdbe56-3849-4f33-9c33-fd7555092f4a,NO,ALREADY_OWNED_EXACT,NO,Exact FACID in production state observation
CA_PENALTY_EVIDENCE,,240001000,1,,,NO,,NO,UNRESOLVED,NO,FACID absent from owned row-level state observations
CA_PENALTY_EVIDENCE,,240001007,3,,,NO,,NO,UNRESOLVED,NO,FACID absent from owned row-level state observations
CA_PENALTY_EVIDENCE,,240001011,23,ca-cdph-healthcare-facility-locations,240001011,YES,559b55fd-cf5e-43d5-9d22-53036bd27399,NO,ALREADY_OWNED_EXACT,NO,Exact FACID in production state observation
CA_PENALTY_EVIDENCE,,240001032,16,ca-cdph-healthcare-facility-locations,240001032,YES,3c80bc3f-61ea-4b06-9327-9e620256b42c,NO,ALREADY_OWNED_EXACT,NO,Exact FACID in production state observation
CA_PENALTY_EVIDENCE,,240001081,4,ca-cdph-healthcare-facility-locations,240001081,YES,ec67f2e2-a9b6-48f5-ab80-46759a208509,NO,ALREADY_OWNED_EXACT,NO,Exact FACID in production state observation
CA_PENALTY_EVIDENCE,,240001087,3,,,NO,,NO,UNRESOLVED,NO,FACID absent from owned row-level state observations
CA_PENALTY_EVIDENCE,,240001089,7,ca-cdph-healthcare-facility-locations,240001089,YES,3293be05-9097-4773-8b66-4bb3a615d638,NO,ALREADY_OWNED_EXACT,NO,Exact FACID in production state observation
CA_PENALTY_EVIDENCE,,240001092,2,,,NO,,NO,UNRESOLVED,NO,FACID absent from owned row-level state observations
CA_PENALTY_EVIDENCE,,240001102,2,ca-cdph-healthcare-facility-locations,240001102,YES,30b54e01-a54c-4428-a91e-0ae811a9a333,NO,ALREADY_OWNED_EXACT,NO,Exact FACID in production state observation
CA_PENALTY_EVIDENCE,,240001111,2,,,NO,,NO,UNRESOLVED,NO,FACID absent from owned row-level state observations
CA_PENALTY_EVIDENCE,,240001155,2,,,NO,,NO,UNRESOLVED,NO,FACID absent from owned row-level state observations
CA_PENALTY_EVIDENCE,,240001162,1,,,NO,,NO,UNRESOLVED,NO,FACID absent from owned row-level state observations
CA_PENALTY_EVIDENCE,,240001241,1,,,NO,,NO,UNRESOLVED,NO,FACID absent from owned row-level state observations
CA_PENALTY_EVIDENCE,,240001244,1,,,NO,,NO,UNRESOLVED,NO,FACID absent from owned row-level state observations
CA_PENALTY_EVIDENCE,,240001246,1,,,NO,,NO,UNRESOLVED,NO,FACID absent from owned row-level state observations
CA_PENALTY_EVIDENCE,,240001249,2,,,NO,,NO,UNRESOLVED,NO,FACID absent from owned row-level state observations
CA_PENALTY_EVIDENCE,,240001297,3,,,NO,,NO,UNRESOLVED,NO,FACID absent from owned row-level state observations
CA_PENALTY_EVIDENCE,,240001330,3,,,NO,,NO,UNRESOLVED,NO,FACID absent from owned row-level state observations
CA_PENALTY_EVIDENCE,,240001335,3,,,NO,,NO,UNRESOLVED,NO,FACID absent from owned row-level state observations
CA_PENALTY_EVIDENCE,,240001417,2,,,NO,,NO,UNRESOLVED,NO,FACID absent from owned row-level state observations
CA_PENALTY_EVIDENCE,,240001446,3,,,NO,,NO,UNRESOLVED,NO,FACID absent from owned row-level state observations
CA_PENALTY_EVIDENCE,,240001460,4,,,NO,,NO,UNRESOLVED,NO,FACID absent from owned row-level state observations
CA_PENALTY_EVIDENCE,,240001462,1,,,NO,,NO,UNRESOLVED,NO,FACID absent from owned row-level state observations
CA_PENALTY_EVIDENCE,,240001511,1,,,NO,,NO,UNRESOLVED,NO,FACID absent from owned row-level state observations
CA_PENALTY_EVIDENCE,,240001519,2,,,NO,,NO,UNRESOLVED,NO,FACID absent from owned row-level state observations
CA_PENALTY_EVIDENCE,,240001538,1,,,NO,,NO,UNRESOLVED,NO,FACID absent from owned row-level state observations
CA_PENALTY_EVIDENCE,,240001550,1,,,NO,,NO,UNRESOLVED,NO,FACID absent from owned row-level state observations
CA_PENALTY_EVIDENCE,,240001552,1,,,NO,,NO,UNRESOLVED,NO,FACID absent from owned row-level state observations
CA_PENALTY_EVIDENCE,,240001673,1,,,NO,,NO,UNRESOLVED,NO,FACID absent from owned row-level state observations
CA_PENALTY_EVIDENCE,,240001682,1,,,NO,,NO,UNRESOLVED,NO,FACID absent from owned row-level state observations
CA_PENALTY_EVIDENCE,,240001697,3,,,NO,,NO,UNRESOLVED,NO,FACID absent from owned row-level state observations
CA_PENALTY_EVIDENCE,,240001741,1,,,NO,,NO,UNRESOLVED,NO,FACID absent from owned row-level state observations
CA_PENALTY_EVIDENCE,,240001743,1,,,NO,,NO,UNRESOLVED,NO,FACID absent from owned row-level state observations
CA_PENALTY_EVIDENCE,,240001749,1,,,NO,,NO,UNRESOLVED,NO,FACID absent from owned row-level state observations
CA_PENALTY_EVIDENCE,,240001751,1,,,NO,,NO,UNRESOLVED,NO,FACID absent from owned row-level state observations
CA_PENALTY_EVIDENCE,,240001753,1,,,NO,,NO,UNRESOLVED,NO,FACID absent from owned row-level state observations
CA_PENALTY_EVIDENCE,,240001828,2,,,NO,,NO,UNRESOLVED,NO,FACID absent from owned row-level state observations
CA_PENALTY_EVIDENCE,,240001831,1,,,NO,,NO,UNRESOLVED,NO,FACID absent from owned row-level state observations
CA_PENALTY_EVIDENCE,,240001842,2,,,NO,,NO,UNRESOLVED,NO,FACID absent from owned row-level state observations
CA_PENALTY_EVIDENCE,,240001844,1,,,NO,,NO,UNRESOLVED,NO,FACID absent from owned row-level state observations
CA_PENALTY_EVIDENCE,,240001854,29,ca-cdph-healthcare-facility-locations,240001854,YES,791b1e3b-675d-416b-b9c2-2d9defee0e0a,NO,ALREADY_OWNED_EXACT,NO,Exact FACID in production state observation
CA_PENALTY_EVIDENCE,,240001856,3,,,NO,,NO,UNRESOLVED,NO,FACID absent from owned row-level state observations
CA_PENALTY_EVIDENCE,,240001868,1,,,NO,,NO,UNRESOLVED,NO,FACID absent from owned row-level state observations
CA_PENALTY_EVIDENCE,,240001882,2,,,NO,,NO,UNRESOLVED,NO,FACID absent from owned row-level state observations
CA_PENALTY_EVIDENCE,,240001896,1,,,NO,,NO,UNRESOLVED,NO,FACID absent from owned row-level state observations
CA_PENALTY_EVIDENCE,,250000004,21,,,NO,,NO,UNRESOLVED,NO,FACID absent from owned row-level state observations
CA_PENALTY_EVIDENCE,,250000006,33,,,NO,,NO,UNRESOLVED,NO,FACID absent from owned row-level state observations
CA_PENALTY_EVIDENCE,,250000008,37,,,NO,,NO,UNRESOLVED,NO,FACID absent from owned row-level state observations
CA_PENALTY_EVIDENCE,,250000010,12,ca-cdph-healthcare-facility-locations,250000010,YES,2e5b3192-c74c-4714-87ca-9398e5cd5dc6,NO,ALREADY_OWNED_EXACT,NO,Exact FACID in production state observation
CA_PENALTY_EVIDENCE,,250000011,18,,,NO,,NO,UNRESOLVED,NO,FACID absent from owned row-level state observations
CA_PENALTY_EVIDENCE,,250000012,12,,,NO,,NO,UNRESOLVED,NO,FACID absent from owned row-level state observations
CA_PENALTY_EVIDENCE,,250000015,10,ca-cdph-healthcare-facility-locations,250000015,YES,9a3fcfea-5367-4f6a-af79-2dc96b30cc70,NO,ALREADY_OWNED_EXACT,NO,Exact FACID in production state observation
CA_PENALTY_EVIDENCE,,250000016,9,ca-cdph-healthcare-facility-locations,250000016,YES,67da51f6-bacf-4393-bd39-b4bea4d0de21,NO,ALREADY_OWNED_EXACT,NO,Exact FACID in production state observation
CA_PENALTY_EVIDENCE,,250000017,18,,,NO,,NO,UNRESOLVED,NO,FACID absent from owned row-level state observations
CA_PENALTY_EVIDENCE,,250000019,4,ca-cdph-healthcare-facility-locations,250000019,YES,a0392f3c-1581-4dee-8070-ae6f6ac56db6,NO,ALREADY_OWNED_EXACT,NO,Exact FACID in production state observation
CA_PENALTY_EVIDENCE,,250000021,8,ca-cdph-healthcare-facility-locations,250000021,YES,57b0794d-3e59-407e-b26c-b76ce59dcc5e,NO,ALREADY_OWNED_EXACT,NO,Exact FACID in production state observation
CA_PENALTY_EVIDENCE,,250000022,13,ca-cdph-healthcare-facility-locations,250000022,YES,53279a0d-76a4-428e-8879-505cf37feeb6,NO,ALREADY_OWNED_EXACT,NO,Exact FACID in production state observation
CA_PENALTY_EVIDENCE,,250000026,19,ca-cdph-healthcare-facility-locations,250000026,YES,0db61940-3f23-44e6-9882-9daccd8d0238,NO,ALREADY_OWNED_EXACT,NO,Exact FACID in production state observation
CA_PENALTY_EVIDENCE,,250000033,6,ca-cdph-healthcare-facility-locations,250000033,YES,35553efb-c7e6-4a67-b410-d228845cf0fb,NO,ALREADY_OWNED_EXACT,NO,Exact FACID in production state observation
CA_PENALTY_EVIDENCE,,250000036,6,ca-cdph-healthcare-facility-locations,250000036,YES,c4a61554-a124-43d3-92de-cdfb52070c7b,NO,ALREADY_OWNED_EXACT,NO,Exact FACID in production state observation
CA_PENALTY_EVIDENCE,,250000039,6,ca-cdph-healthcare-facility-locations,250000039,YES,5a7424aa-f053-4c29-90b6-5a81d845f2f0,NO,ALREADY_OWNED_EXACT,NO,Exact FACID in production state observation
CA_PENALTY_EVIDENCE,,250000041,12,ca-cdph-healthcare-facility-locations,250000041,YES,a5cb00f2-5b81-4db7-ae6f-9cf99c5acda9,NO,ALREADY_OWNED_EXACT,NO,Exact FACID in production state observation
CA_PENALTY_EVIDENCE,,250000042,3,,,NO,,NO,UNRESOLVED,NO,FACID absent from owned row-level state observations
CA_PENALTY_EVIDENCE,,250000043,8,ca-cdph-healthcare-facility-locations,250000043,YES,88f58f0b-12dc-4123-a3fd-0de96a1a8577,NO,ALREADY_OWNED_EXACT,NO,Exact FACID in production state observation
CA_PENALTY_EVIDENCE,,250000044,27,,,NO,,NO,UNRESOLVED,NO,FACID absent from owned row-level state observations
CA_PENALTY_EVIDENCE,,250000045,15,ca-cdph-healthcare-facility-locations,250000045,YES,dffea325-0326-4551-9124-9ac4ddfa116a,NO,ALREADY_OWNED_EXACT,NO,Exact FACID in production state observation
CA_PENALTY_EVIDENCE,,250000048,5,,,NO,,NO,UNRESOLVED,NO,FACID absent from owned row-level state observations
CA_PENALTY_EVIDENCE,,250000049,97,,,NO,,NO,UNRESOLVED,NO,FACID absent from owned row-level state observations
CA_PENALTY_EVIDENCE,,250000050,26,,,NO,,NO,UNRESOLVED,NO,FACID absent from owned row-level state observations
CA_PENALTY_EVIDENCE,,250000051,5,ca-cdph-healthcare-facility-locations,250000051,YES,93110a5a-b8a7-4dae-b2be-ac7b8ac52be6,NO,ALREADY_OWNED_EXACT,NO,Exact FACID in production state observation
CA_PENALTY_EVIDENCE,,250000057,13,ca-cdph-healthcare-facility-locations,250000057,YES,1c5f227b-29ba-489b-a7d3-cb36dea55084,NO,ALREADY_OWNED_EXACT,NO,Exact FACID in production state observation
CA_PENALTY_EVIDENCE,,250000061,6,ca-cdph-healthcare-facility-locations,250000061,YES,e7cfdf6b-8601-4d9f-a326-4e66e9195b1e,NO,ALREADY_OWNED_EXACT,NO,Exact FACID in production state observation
CA_PENALTY_EVIDENCE,,250000064,3,ca-cdph-healthcare-facility-locations,250000064,YES,bcdf413c-254d-44d0-9ca2-81dbd3bd77a7,NO,ALREADY_OWNED_EXACT,NO,Exact FACID in production state observation
CA_PENALTY_EVIDENCE,,250000072,7,ca-cdph-healthcare-facility-locations,250000072,YES,e86012aa-eebf-4ba5-8ab2-f7faeab944aa,NO,ALREADY_OWNED_EXACT,NO,Exact FACID in production state observation
CA_PENALTY_EVIDENCE,,250000073,11,ca-cdph-healthcare-facility-locations,250000073,YES,068eb8bc-7976-44cc-994c-8e437809d43c,NO,ALREADY_OWNED_EXACT,NO,Exact FACID in production state observation
CA_PENALTY_EVIDENCE,,250000077,16,ca-cdph-healthcare-facility-locations,250000077,YES,294931ce-c040-4388-a8d0-25c493a51e32,NO,ALREADY_OWNED_EXACT,NO,Exact FACID in production state observation
CA_PENALTY_EVIDENCE,,250000078,5,ca-cdph-healthcare-facility-locations,250000078,YES,a8495115-4d19-4840-a83b-c4047f31701d,NO,ALREADY_OWNED_EXACT,NO,Exact FACID in production state observation
CA_PENALTY_EVIDENCE,,250000079,6,ca-cdph-healthcare-facility-locations,250000079,YES,fa1348d2-8902-4dae-a314-d4ea649bb5d5,NO,ALREADY_OWNED_EXACT,NO,Exact FACID in production state observation
CA_PENALTY_EVIDENCE,,250000081,18,ca-cdph-healthcare-facility-locations,250000081,YES,f6e99acd-bcb2-45da-b90c-e085dea10ccb,NO,ALREADY_OWNED_EXACT,NO,Exact FACID in production state observation
CA_PENALTY_EVIDENCE,,250000087,13,ca-cdph-healthcare-facility-locations,250000087,YES,fd67bd2d-3424-4610-9503-aa7474b13055,NO,ALREADY_OWNED_EXACT,NO,Exact FACID in production state observation
CA_PENALTY_EVIDENCE,,250000091,14,ca-cdph-healthcare-facility-locations,250000091,YES,dcf74ba8-28bd-4c82-a790-3178f37abe5a,NO,ALREADY_OWNED_EXACT,NO,Exact FACID in production state observation
CA_PENALTY_EVIDENCE,,250000092,12,ca-cdph-healthcare-facility-locations,250000092,YES,a01180e4-43ce-4f4a-afdf-2cfb5900b932,NO,ALREADY_OWNED_EXACT,NO,Exact FACID in production state observation
CA_PENALTY_EVIDENCE,,250000095,12,ca-cdph-healthcare-facility-locations,250000095,YES,2c2d71d0-f2ae-4a86-9934-024b560357fa,NO,ALREADY_OWNED_EXACT,NO,Exact FACID in production state observation
CA_PENALTY_EVIDENCE,,250000098,6,ca-cdph-healthcare-facility-locations,250000098,YES,fb05c7ef-a2ea-43de-8966-502c8c85c00d,NO,ALREADY_OWNED_EXACT,NO,Exact FACID in production state observation
CA_PENALTY_EVIDENCE,,250000101,6,,,NO,,NO,UNRESOLVED,NO,FACID absent from owned row-level state observations
CA_PENALTY_EVIDENCE,,250000110,21,ca-cdph-healthcare-facility-locations,250000110,YES,c742b515-30a4-45af-89d0-1a6216855b74,NO,ALREADY_OWNED_EXACT,NO,Exact FACID in production state observation
CA_PENALTY_EVIDENCE,,250000113,4,,,NO,,NO,UNRESOLVED,NO,FACID absent from owned row-level state observations
CA_PENALTY_EVIDENCE,,250000114,1,,,NO,,NO,UNRESOLVED,NO,FACID absent from owned row-level state observations
CA_PENALTY_EVIDENCE,,250000115,1,,,NO,,NO,UNRESOLVED,NO,FACID absent from owned row-level state observations
CA_PENALTY_EVIDENCE,,250000116,3,,,NO,,NO,UNRESOLVED,NO,FACID absent from owned row-level state observations
CA_PENALTY_EVIDENCE,,250000117,1,,,NO,,NO,UNRESOLVED,NO,FACID absent from owned row-level state observations
CA_PENALTY_EVIDENCE,,250000119,5,,,NO,,NO,UNRESOLVED,NO,FACID absent from owned row-level state observations
CA_PENALTY_EVIDENCE,,250000141,5,ca-cdph-healthcare-facility-locations,250000141,YES,4cbafffd-63ec-46a2-854f-95bc31a3ab8a,NO,ALREADY_OWNED_EXACT,NO,Exact FACID in production state observation
CA_PENALTY_EVIDENCE,,250000148,30,ca-cdph-healthcare-facility-locations,250000148,YES,59f82f1b-a67e-4637-91b7-9c4a56061af1,NO,ALREADY_OWNED_EXACT,NO,Exact FACID in production state observation
CA_PENALTY_EVIDENCE,,250000153,2,ca-cdph-healthcare-facility-locations,250000153,YES,bb014234-dcca-493b-9e22-13c11ee90150,NO,ALREADY_OWNED_EXACT,NO,Exact FACID in production state observation
CA_PENALTY_EVIDENCE,,250000154,6,ca-cdph-healthcare-facility-locations,250000154,YES,6b8bbd62-30d0-424d-ae9b-6fb1e52156cd,NO,ALREADY_OWNED_EXACT,NO,Exact FACID in production state observation
CA_PENALTY_EVIDENCE,,250000155,10,ca-cdph-healthcare-facility-locations,250000155,YES,484ffedd-cbdb-4c7b-9e2c-dd26887f9dee,NO,ALREADY_OWNED_EXACT,NO,Exact FACID in production state observation
CA_PENALTY_EVIDENCE,,250000260,6,ca-cdph-healthcare-facility-locations,250000260,YES,48342b57-dfa3-4c13-b9d6-dec35612cd47,NO,ALREADY_OWNED_EXACT,NO,Exact FACID in production state observation
CA_PENALTY_EVIDENCE,,250000270,2,ca-cdph-healthcare-facility-locations,250000270,YES,3d0c1ed1-845e-478f-bb62-bdace7bac679,NO,ALREADY_OWNED_EXACT,NO,Exact FACID in production state observation
CA_PENALTY_EVIDENCE,,250000283,11,ca-cdph-healthcare-facility-locations,250000283,YES,6b7e7f5c-13a7-455a-a764-1c86377ead76,NO,ALREADY_OWNED_EXACT,NO,Exact FACID in production state observation
CA_PENALTY_EVIDENCE,,250000284,11,ca-cdph-healthcare-facility-locations,250000284,YES,d6e6ffb6-ec1a-4ee9-b595-e38674aa20bd,NO,ALREADY_OWNED_EXACT,NO,Exact FACID in production state observation
CA_PENALTY_EVIDENCE,,250000299,8,ca-cdph-healthcare-facility-locations,250000299,YES,93a0d3bc-e0bf-4e01-b407-812c5ba84b5b,NO,ALREADY_OWNED_EXACT,NO,Exact FACID in production state observation
CA_PENALTY_EVIDENCE,,250000507,33,,,NO,,NO,UNRESOLVED,NO,FACID absent from owned row-level state observations
CA_PENALTY_EVIDENCE,,250000553,4,,,NO,,NO,UNRESOLVED,NO,FACID absent from owned row-level state observations
CA_PENALTY_EVIDENCE,,250000567,11,ca-cdph-healthcare-facility-locations,250000567,YES,3e222b62-7b26-462d-b502-e32202630b26,NO,ALREADY_OWNED_EXACT,NO,Exact FACID in production state observation
CA_PENALTY_EVIDENCE,,250000592,4,,,NO,,NO,UNRESOLVED,NO,FACID absent from owned row-level state observations
CA_PENALTY_EVIDENCE,,250000596,1,,,NO,,NO,UNRESOLVED,NO,FACID absent from owned row-level state observations
CA_PENALTY_EVIDENCE,,250000598,1,,,NO,,NO,UNRESOLVED,NO,FACID absent from owned row-level state observations
CA_PENALTY_EVIDENCE,,250000619,8,ca-cdph-healthcare-facility-locations,250000619,YES,a179df3b-cb8f-4dd5-8160-7a4ad95c6c3a,NO,ALREADY_OWNED_EXACT,NO,Exact FACID in production state observation
CA_PENALTY_EVIDENCE,,250000622,4,,,NO,,NO,UNRESOLVED,NO,FACID absent from owned row-level state observations
CA_PENALTY_EVIDENCE,,250000634,15,ca-cdph-healthcare-facility-locations,250000634,YES,3627f78c-8c27-42f1-ad95-292b5bda2f48,NO,ALREADY_OWNED_EXACT,NO,Exact FACID in production state observation
CA_PENALTY_EVIDENCE,,250000673,5,ca-cdph-healthcare-facility-locations,250000673,YES,d8b3d191-be56-456b-9d9d-127e8270bf99,NO,ALREADY_OWNED_EXACT,NO,Exact FACID in production state observation
CA_PENALTY_EVIDENCE,,250000694,1,,,NO,,NO,UNRESOLVED,NO,FACID absent from owned row-level state observations
CA_PENALTY_EVIDENCE,,250000707,23,,,NO,,NO,UNRESOLVED,NO,FACID absent from owned row-level state observations
CA_PENALTY_EVIDENCE,,250000723,10,ca-cdph-healthcare-facility-locations,250000723,YES,eb176645-60ec-40f5-9b6c-1fea9c8ffb91,NO,ALREADY_OWNED_EXACT,NO,Exact FACID in production state observation
CA_PENALTY_EVIDENCE,,250000727,4,,,NO,,NO,UNRESOLVED,NO,FACID absent from owned row-level state observations
CA_PENALTY_EVIDENCE,,250000732,1,,,NO,,NO,UNRESOLVED,NO,FACID absent from owned row-level state observations
CA_PENALTY_EVIDENCE,,250000761,1,,,NO,,NO,UNRESOLVED,NO,FACID absent from owned row-level state observations
CA_PENALTY_EVIDENCE,,250000762,1,,,NO,,NO,UNRESOLVED,NO,FACID absent from owned row-level state observations
CA_PENALTY_EVIDENCE,,250000770,2,,,NO,,NO,UNRESOLVED,NO,FACID absent from owned row-level state observations
CA_PENALTY_EVIDENCE,,250000830,1,,,NO,,NO,UNRESOLVED,NO,FACID absent from owned row-level state observations
CA_PENALTY_EVIDENCE,,250000835,2,,,NO,,NO,UNRESOLVED,NO,FACID absent from owned row-level state observations
CA_PENALTY_EVIDENCE,,250000850,2,,,NO,,NO,UNRESOLVED,NO,FACID absent from owned row-level state observations
CA_PENALTY_EVIDENCE,,250000857,3,ca-cdph-healthcare-facility-locations,250000857,YES,24fd2b27-a941-4316-b7b2-f353c04510d6,NO,ALREADY_OWNED_EXACT,NO,Exact FACID in production state observation
CA_PENALTY_EVIDENCE,,250000869,4,,,NO,,NO,UNRESOLVED,NO,FACID absent from owned row-level state observations
CA_PENALTY_EVIDENCE,,250000902,4,ca-cdph-healthcare-facility-locations,250000902,YES,9fde9a04-5053-4f13-811a-1a709dd601fd,NO,ALREADY_OWNED_EXACT,NO,Exact FACID in production state observation
CA_PENALTY_EVIDENCE,,250000985,4,,,NO,,NO,UNRESOLVED,NO,FACID absent from owned row-level state observations
CA_PENALTY_EVIDENCE,,250001034,2,,,NO,,NO,UNRESOLVED,NO,FACID absent from owned row-level state observations
CA_PENALTY_EVIDENCE,,250001183,2,,,NO,,NO,UNRESOLVED,NO,FACID absent from owned row-level state observations
CA_PENALTY_EVIDENCE,,250001210,1,,,NO,,NO,UNRESOLVED,NO,FACID absent from owned row-level state observations
CA_PENALTY_EVIDENCE,,250001233,6,,,NO,,NO,UNRESOLVED,NO,FACID absent from owned row-level state observations
CA_PENALTY_EVIDENCE,,250001276,1,ca-cdph-healthcare-facility-locations,250001276,YES,e58aa3a5-4b61-41c0-bbea-ad3060495da6,NO,ALREADY_OWNED_EXACT,NO,Exact FACID in production state observation
CA_PENALTY_EVIDENCE,,250001290,2,,,NO,,NO,UNRESOLVED,NO,FACID absent from owned row-level state observations
CA_PENALTY_EVIDENCE,,250001332,1,,,NO,,NO,UNRESOLVED,NO,FACID absent from owned row-level state observations
CA_PENALTY_EVIDENCE,,250001363,1,ca-cdph-healthcare-facility-locations,250001363,NO,,NO,UNRESOLVED,NO,FACID in owned observation but no linked provider
CA_PENALTY_EVIDENCE,,250001382,5,ca-cdph-healthcare-facility-locations,250001382,YES,3241e4a1-eefb-435f-8e9c-33fa997aaf2b,NO,ALREADY_OWNED_EXACT,NO,Exact FACID in production state observation
CA_PENALTY_EVIDENCE,,250001390,1,,,NO,,NO,UNRESOLVED,NO,FACID absent from owned row-level state observations
CA_PENALTY_EVIDENCE,,250001400,1,,,NO,,NO,UNRESOLVED,NO,FACID absent from owned row-level state observations
CA_PENALTY_EVIDENCE,,250001405,1,,,NO,,NO,UNRESOLVED,NO,FACID absent from owned row-level state observations
CA_PENALTY_EVIDENCE,,250001435,2,,,NO,,NO,UNRESOLVED,NO,FACID absent from owned row-level state observations
CA_PENALTY_EVIDENCE,,250001440,1,,,NO,,NO,UNRESOLVED,NO,FACID absent from owned row-level state observations
CA_PENALTY_EVIDENCE,,250001441,1,,,NO,,NO,UNRESOLVED,NO,FACID absent from owned row-level state observations
CA_PENALTY_EVIDENCE,,250001465,1,,,NO,,NO,UNRESOLVED,NO,FACID absent from owned row-level state observations
CA_PENALTY_EVIDENCE,,250001468,2,,,NO,,NO,UNRESOLVED,NO,FACID absent from owned row-level state observations
CA_PENALTY_EVIDENCE,,250001502,41,ca-cdph-healthcare-facility-locations,250001502,YES,da413069-e6e9-49e2-8aa2-28e16d2eaa8b,NO,ALREADY_OWNED_EXACT,NO,Exact FACID in production state observation
CA_PENALTY_EVIDENCE,,250001525,2,,,NO,,NO,UNRESOLVED,NO,FACID absent from owned row-level state observations
CA_PENALTY_EVIDENCE,,250001560,2,,,NO,,NO,UNRESOLVED,NO,FACID absent from owned row-level state observations
CA_PENALTY_EVIDENCE,,250001571,1,,,NO,,NO,UNRESOLVED,NO,FACID absent from owned row-level state observations
CA_PENALTY_EVIDENCE,,250001615,1,,,NO,,NO,UNRESOLVED,NO,FACID absent from owned row-level state observations
CA_PENALTY_EVIDENCE,,250001632,1,,,NO,,NO,UNRESOLVED,NO,FACID absent from owned row-level state observations
CA_PENALTY_EVIDENCE,,250001635,2,,,NO,,NO,UNRESOLVED,NO,FACID absent from owned row-level state observations
CA_PENALTY_EVIDENCE,,250001655,2,,,NO,,NO,UNRESOLVED,NO,FACID absent from owned row-level state observations
CA_PENALTY_EVIDENCE,,250001661,1,,,NO,,NO,UNRESOLVED,NO,FACID absent from owned row-level state observations
CA_PENALTY_EVIDENCE,,250001663,2,,,NO,,NO,UNRESOLVED,NO,FACID absent from owned row-level state observations
CA_PENALTY_EVIDENCE,,250001675,2,,,NO,,NO,UNRESOLVED,NO,FACID absent from owned row-level state observations
CA_PENALTY_EVIDENCE,,250001700,2,,,NO,,NO,UNRESOLVED,NO,FACID absent from owned row-level state observations
CA_PENALTY_EVIDENCE,,250001723,1,,,NO,,NO,UNRESOLVED,NO,FACID absent from owned row-level state observations
CA_PENALTY_EVIDENCE,,250001724,14,ca-cdph-healthcare-facility-locations,250001724,YES,c7889d22-8d66-47da-85ae-6e1f6e0edda6,NO,ALREADY_OWNED_EXACT,NO,Exact FACID in production state observation
CA_PENALTY_EVIDENCE,,250001745,11,ca-cdph-healthcare-facility-locations,250001745,YES,e0b153c0-83df-424f-8362-ff44a30a9e04,NO,ALREADY_OWNED_EXACT,NO,Exact FACID in production state observation
CA_PENALTY_EVIDENCE,,250001769,2,,,NO,,NO,UNRESOLVED,NO,FACID absent from owned row-level state observations
CA_PENALTY_EVIDENCE,,250001796,1,,,NO,,NO,UNRESOLVED,NO,FACID absent from owned row-level state observations
CA_PENALTY_EVIDENCE,,630000561,1,,,NO,,NO,UNRESOLVED,NO,FACID absent from owned row-level state observations
CA_PENALTY_EVIDENCE,,630001741,5,,,NO,,NO,UNRESOLVED,NO,FACID absent from owned row-level state observations
CA_PENALTY_EVIDENCE,,630002861,3,,,NO,,NO,UNRESOLVED,NO,FACID absent from owned row-level state observations
CA_PENALTY_EVIDENCE,,630002961,1,,,NO,,NO,UNRESOLVED,NO,FACID absent from owned row-level state observations
CA_PENALTY_EVIDENCE,,630003241,2,,,NO,,NO,UNRESOLVED,NO,FACID absent from owned row-level state observations
CA_PENALTY_EVIDENCE,,630003381,1,,,NO,,NO,UNRESOLVED,NO,FACID absent from owned row-level state observations
CA_PENALTY_EVIDENCE,,630003462,2,,,NO,,NO,UNRESOLVED,NO,FACID absent from owned row-level state observations
CA_PENALTY_EVIDENCE,,630003741,1,,,NO,,NO,UNRESOLVED,NO,FACID absent from owned row-level state observations
CA_PENALTY_EVIDENCE,,630003961,1,,,NO,,NO,UNRESOLVED,NO,FACID absent from owned row-level state observations
CA_PENALTY_EVIDENCE,,630004081,15,,,NO,,NO,UNRESOLVED,NO,FACID absent from owned row-level state observations
CA_PENALTY_EVIDENCE,,630004101,1,,,NO,,NO,UNRESOLVED,NO,FACID absent from owned row-level state observations
CA_PENALTY_EVIDENCE,,630004441,2,,,NO,,NO,UNRESOLVED,NO,FACID absent from owned row-level state observations
CA_PENALTY_EVIDENCE,,630004461,1,,,NO,,NO,UNRESOLVED,NO,FACID absent from owned row-level state observations
CA_PENALTY_EVIDENCE,,630004641,1,,,NO,,NO,UNRESOLVED,NO,FACID absent from owned row-level state observations
CA_PENALTY_EVIDENCE,,630004921,4,,,NO,,NO,UNRESOLVED,NO,FACID absent from owned row-level state observations
CA_PENALTY_EVIDENCE,,630005941,1,,,NO,,NO,UNRESOLVED,NO,FACID absent from owned row-level state observations
CA_PENALTY_EVIDENCE,,630006021,5,ca-cdph-healthcare-facility-locations,630006021,YES,5756518f-3232-4795-909f-9184bd3c6da1,NO,ALREADY_OWNED_EXACT,NO,Exact FACID in production state observation
CA_PENALTY_EVIDENCE,,630006441,1,,,NO,,NO,UNRESOLVED,NO,FACID absent from owned row-level state observations
CA_PENALTY_EVIDENCE,,630006901,1,,,NO,,NO,UNRESOLVED,NO,FACID absent from owned row-level state observations
CA_PENALTY_EVIDENCE,,630007321,2,,,NO,,NO,UNRESOLVED,NO,FACID absent from owned row-level state observations
CA_PENALTY_EVIDENCE,,630007351,4,,,NO,,NO,UNRESOLVED,NO,FACID absent from owned row-level state observations
CA_PENALTY_EVIDENCE,,630008921,1,,,NO,,NO,UNRESOLVED,NO,FACID absent from owned row-level state observations
CA_PENALTY_EVIDENCE,,630009562,3,,,NO,,NO,UNRESOLVED,NO,FACID absent from owned row-level state observations
CA_PENALTY_EVIDENCE,,630009861,2,,,NO,,NO,UNRESOLVED,NO,FACID absent from owned row-level state observations
CA_PENALTY_EVIDENCE,,630009941,1,,,NO,,NO,UNRESOLVED,NO,FACID absent from owned row-level state observations
CA_PENALTY_EVIDENCE,,630010001,1,,,NO,,NO,UNRESOLVED,NO,FACID absent from owned row-level state observations
CA_PENALTY_EVIDENCE,,630010241,1,,,NO,,NO,UNRESOLVED,NO,FACID absent from owned row-level state observations
CA_PENALTY_EVIDENCE,,630010561,1,,,NO,,NO,UNRESOLVED,NO,FACID absent from owned row-level state observations
CA_PENALTY_EVIDENCE,,630010892,1,,,NO,,NO,UNRESOLVED,NO,FACID absent from owned row-level state observations
CA_PENALTY_EVIDENCE,,630010921,6,,,NO,,NO,UNRESOLVED,NO,FACID absent from owned row-level state observations
CA_PENALTY_EVIDENCE,,630010933,2,,,NO,,NO,UNRESOLVED,NO,FACID absent from owned row-level state observations
CA_PENALTY_EVIDENCE,,630010951,5,,,NO,,NO,UNRESOLVED,NO,FACID absent from owned row-level state observations
CA_PENALTY_EVIDENCE,,630010957,2,,,NO,,NO,UNRESOLVED,NO,FACID absent from owned row-level state observations
CA_PENALTY_EVIDENCE,,630010977,1,,,NO,,NO,UNRESOLVED,NO,FACID absent from owned row-level state observations
CA_PENALTY_EVIDENCE,,630011138,2,,,NO,,NO,UNRESOLVED,NO,FACID absent from owned row-level state observations
CA_PENALTY_EVIDENCE,,630011203,2,,,NO,,NO,UNRESOLVED,NO,FACID absent from owned row-level state observations
CA_PENALTY_EVIDENCE,,630011211,4,,,NO,,NO,UNRESOLVED,NO,FACID absent from owned row-level state observations
CA_PENALTY_EVIDENCE,,630011271,1,,,NO,,NO,UNRESOLVED,NO,FACID absent from owned row-level state observations
CA_PENALTY_EVIDENCE,,630011296,5,,,NO,,NO,UNRESOLVED,NO,FACID absent from owned row-level state observations
CA_PENALTY_EVIDENCE,,630011297,2,,,NO,,NO,UNRESOLVED,NO,FACID absent from owned row-level state observations
CA_PENALTY_EVIDENCE,,630011298,1,,,NO,,NO,UNRESOLVED,NO,FACID absent from owned row-level state observations
CA_PENALTY_EVIDENCE,,630011333,2,,,NO,,NO,UNRESOLVED,NO,FACID absent from owned row-level state observations
CA_PENALTY_EVIDENCE,,630011339,1,,,NO,,NO,UNRESOLVED,NO,FACID absent from owned row-level state observations
CA_PENALTY_EVIDENCE,,630011440,1,,,NO,,NO,UNRESOLVED,NO,FACID absent from owned row-level state observations
CA_PENALTY_EVIDENCE,,630011499,7,ca-cdph-healthcare-facility-locations,630011499,YES,249c3abb-1927-43e5-a727-30fe07f4fa5b,NO,ALREADY_OWNED_EXACT,NO,Exact FACID in production state observation
CA_PENALTY_EVIDENCE,,630011558,1,,,NO,,NO,UNRESOLVED,NO,FACID absent from owned row-level state observations
CA_PENALTY_EVIDENCE,,630011586,4,,,NO,,NO,UNRESOLVED,NO,FACID absent from owned row-level state observations
CA_PENALTY_EVIDENCE,,630011598,2,,,NO,,NO,UNRESOLVED,NO,FACID absent from owned row-level state observations
CA_PENALTY_EVIDENCE,,630011599,1,,,NO,,NO,UNRESOLVED,NO,FACID absent from owned row-level state observations
CA_PENALTY_EVIDENCE,,630011652,1,,,NO,,NO,UNRESOLVED,NO,FACID absent from owned row-level state observations
CA_PENALTY_EVIDENCE,,630011658,4,ca-cdph-healthcare-facility-locations,630011658,YES,91664b1a-35ea-4ed9-b95c-de601fe2a3c4,NO,ALREADY_OWNED_EXACT,NO,Exact FACID in production state observation
CA_PENALTY_EVIDENCE,,630011677,1,,,NO,,NO,UNRESOLVED,NO,FACID absent from owned row-level state observations
CA_PENALTY_EVIDENCE,,630011683,5,,,NO,,NO,UNRESOLVED,NO,FACID absent from owned row-level state observations
CA_PENALTY_EVIDENCE,,630011694,1,,,NO,,NO,UNRESOLVED,NO,FACID absent from owned row-level state observations
CA_PENALTY_EVIDENCE,,630011713,3,ca-cdph-healthcare-facility-locations,630011713,YES,34abc46a-8c4c-49d8-90a0-8fd81f72b381,NO,ALREADY_OWNED_EXACT,NO,Exact FACID in production state observation
CA_PENALTY_EVIDENCE,,630011744,1,,,NO,,NO,UNRESOLVED,NO,FACID absent from owned row-level state observations
CA_PENALTY_EVIDENCE,,630011745,1,,,NO,,NO,UNRESOLVED,NO,FACID absent from owned row-level state observations
CA_PENALTY_EVIDENCE,,630011844,3,,,NO,,NO,UNRESOLVED,NO,FACID absent from owned row-level state observations
CA_PENALTY_EVIDENCE,,630011850,1,,,NO,,NO,UNRESOLVED,NO,FACID absent from owned row-level state observations
CA_PENALTY_EVIDENCE,,630011902,2,,,NO,,NO,UNRESOLVED,NO,FACID absent from owned row-level state observations
CA_PENALTY_EVIDENCE,,630011955,1,,,NO,,NO,UNRESOLVED,NO,FACID absent from owned row-level state observations
CA_PENALTY_EVIDENCE,,630011959,9,,,NO,,NO,UNRESOLVED,NO,FACID absent from owned row-level state observations
CA_PENALTY_EVIDENCE,,630012057,9,ca-cdph-healthcare-facility-locations,630012057,YES,90e654a6-7c61-43af-be67-f7ad1e1572a5,NO,ALREADY_OWNED_EXACT,NO,Exact FACID in production state observation
CA_PENALTY_EVIDENCE,,630012059,2,ca-cdph-healthcare-facility-locations,630012059,YES,aabcf192-7aa5-4b93-ad58-e73b2b262dc4,NO,ALREADY_OWNED_EXACT,NO,Exact FACID in production state observation
CA_PENALTY_EVIDENCE,,630012069,4,,,NO,,NO,UNRESOLVED,NO,FACID absent from owned row-level state observations
CA_PENALTY_EVIDENCE,,630012080,3,ca-cdph-healthcare-facility-locations,630012080,YES,1a918718-d0fa-4424-86e0-22a50a73f20f,NO,ALREADY_OWNED_EXACT,NO,Exact FACID in production state observation
CA_PENALTY_EVIDENCE,,630012147,1,,,NO,,NO,UNRESOLVED,NO,FACID absent from owned row-level state observations
CA_PENALTY_EVIDENCE,,630012183,1,,,NO,,NO,UNRESOLVED,NO,FACID absent from owned row-level state observations
CA_PENALTY_EVIDENCE,,630012204,3,,,NO,,NO,UNRESOLVED,NO,FACID absent from owned row-level state observations
CA_PENALTY_EVIDENCE,,630012364,3,,,NO,,NO,UNRESOLVED,NO,FACID absent from owned row-level state observations
CA_PENALTY_EVIDENCE,,630012428,2,,,NO,,NO,UNRESOLVED,NO,FACID absent from owned row-level state observations
CA_PENALTY_EVIDENCE,,630012459,3,,,NO,,NO,UNRESOLVED,NO,FACID absent from owned row-level state observations
CA_PENALTY_EVIDENCE,,630012473,1,,,NO,,NO,UNRESOLVED,NO,FACID absent from owned row-level state observations
CA_PENALTY_EVIDENCE,,630012563,2,,,NO,,NO,UNRESOLVED,NO,FACID absent from owned row-level state observations
CA_PENALTY_EVIDENCE,,630012580,2,,,NO,,NO,UNRESOLVED,NO,FACID absent from owned row-level state observations
CA_PENALTY_EVIDENCE,,630012596,1,,,NO,,NO,UNRESOLVED,NO,FACID absent from owned row-level state observations
CA_PENALTY_EVIDENCE,,630012655,1,,,NO,,NO,UNRESOLVED,NO,FACID absent from owned row-level state observations
CA_PENALTY_EVIDENCE,,630012729,1,,,NO,,NO,UNRESOLVED,NO,FACID absent from owned row-level state observations
CA_PENALTY_EVIDENCE,,630012886,1,,,NO,,NO,UNRESOLVED,NO,FACID absent from owned row-level state observations
CA_PENALTY_EVIDENCE,,630012891,1,,,NO,,NO,UNRESOLVED,NO,FACID absent from owned row-level state observations
CA_PENALTY_EVIDENCE,,630012933,1,,,NO,,NO,UNRESOLVED,NO,FACID absent from owned row-level state observations
CA_PENALTY_EVIDENCE,,630012960,8,,,NO,,NO,UNRESOLVED,NO,FACID absent from owned row-level state observations
CA_PENALTY_EVIDENCE,,630012971,15,,,NO,,NO,UNRESOLVED,NO,FACID absent from owned row-level state observations
CA_PENALTY_EVIDENCE,,630012978,2,,,NO,,NO,UNRESOLVED,NO,FACID absent from owned row-level state observations
CA_PENALTY_EVIDENCE,,630013020,1,,,NO,,NO,UNRESOLVED,NO,FACID absent from owned row-level state observations
CA_PENALTY_EVIDENCE,,630013061,2,,,NO,,NO,UNRESOLVED,NO,FACID absent from owned row-level state observations
CA_PENALTY_EVIDENCE,,630013062,9,,,NO,,NO,UNRESOLVED,NO,FACID absent from owned row-level state observations
CA_PENALTY_EVIDENCE,,630013124,2,,,NO,,NO,UNRESOLVED,NO,FACID absent from owned row-level state observations
CA_PENALTY_EVIDENCE,,630013146,1,,,NO,,NO,UNRESOLVED,NO,FACID absent from owned row-level state observations
CA_PENALTY_EVIDENCE,,630013243,3,,,NO,,NO,UNRESOLVED,NO,FACID absent from owned row-level state observations
CA_PENALTY_EVIDENCE,,630013324,2,,,NO,,NO,UNRESOLVED,NO,FACID absent from owned row-level state observations
CA_PENALTY_EVIDENCE,,630013450,1,,,NO,,NO,UNRESOLVED,NO,FACID absent from owned row-level state observations
CA_PENALTY_EVIDENCE,,630013452,1,,,NO,,NO,UNRESOLVED,NO,FACID absent from owned row-level state observations
CA_PENALTY_EVIDENCE,,630013454,10,,,NO,,NO,UNRESOLVED,NO,FACID absent from owned row-level state observations
CA_PENALTY_EVIDENCE,,630013538,1,,,NO,,NO,UNRESOLVED,NO,FACID absent from owned row-level state observations
CA_PENALTY_EVIDENCE,,630013540,1,,,NO,,NO,UNRESOLVED,NO,FACID absent from owned row-level state observations
CA_PENALTY_EVIDENCE,,630013546,1,,,NO,,NO,UNRESOLVED,NO,FACID absent from owned row-level state observations
CA_PENALTY_EVIDENCE,,630013558,1,ca-cdph-healthcare-facility-locations,630013558,YES,80577ee8-01a1-4aa9-953d-a9c406dfe804,NO,ALREADY_OWNED_EXACT,NO,Exact FACID in production state observation
CA_PENALTY_EVIDENCE,,630013603,5,,,NO,,NO,UNRESOLVED,NO,FACID absent from owned row-level state observations
CA_PENALTY_EVIDENCE,,630013665,7,ca-cdph-healthcare-facility-locations,630013665,YES,cf0a36e5-65ca-4e47-ba29-9f1bd4e8a02b,NO,ALREADY_OWNED_EXACT,NO,Exact FACID in production state observation
CA_PENALTY_EVIDENCE,,630013691,3,,,NO,,NO,UNRESOLVED,NO,FACID absent from owned row-level state observations
CA_PENALTY_EVIDENCE,,630013751,2,,,NO,,NO,UNRESOLVED,NO,FACID absent from owned row-level state observations
CA_PENALTY_EVIDENCE,,630013784,6,,,NO,,NO,UNRESOLVED,NO,FACID absent from owned row-level state observations
CA_PENALTY_EVIDENCE,,630013873,10,,,NO,,NO,UNRESOLVED,NO,FACID absent from owned row-level state observations
CA_PENALTY_EVIDENCE,,630013929,6,,,NO,,NO,UNRESOLVED,NO,FACID absent from owned row-level state observations
CA_PENALTY_EVIDENCE,,630013943,5,,,NO,,NO,UNRESOLVED,NO,FACID absent from owned row-level state observations
CA_PENALTY_EVIDENCE,,630013966,3,,,NO,,NO,UNRESOLVED,NO,FACID absent from owned row-level state observations
CA_PENALTY_EVIDENCE,,630013981,2,,,NO,,NO,UNRESOLVED,NO,FACID absent from owned row-level state observations
CA_PENALTY_EVIDENCE,,630014038,1,,,NO,,NO,UNRESOLVED,NO,FACID absent from owned row-level state observations
CA_PENALTY_EVIDENCE,,630014071,4,,,NO,,NO,UNRESOLVED,NO,FACID absent from owned row-level state observations
CA_PENALTY_EVIDENCE,,630014085,3,,,NO,,NO,UNRESOLVED,NO,FACID absent from owned row-level state observations
CA_PENALTY_EVIDENCE,,630014125,1,,,NO,,NO,UNRESOLVED,NO,FACID absent from owned row-level state observations
CA_PENALTY_EVIDENCE,,630014126,4,,,NO,,NO,UNRESOLVED,NO,FACID absent from owned row-level state observations
CA_PENALTY_EVIDENCE,,630014231,2,,,NO,,NO,UNRESOLVED,NO,FACID absent from owned row-level state observations
CA_PENALTY_EVIDENCE,,630014236,3,,,NO,,NO,UNRESOLVED,NO,FACID absent from owned row-level state observations
CA_PENALTY_EVIDENCE,,630014292,1,,,NO,,NO,UNRESOLVED,NO,FACID absent from owned row-level state observations
CA_PENALTY_EVIDENCE,,630014382,4,,,NO,,NO,UNRESOLVED,NO,FACID absent from owned row-level state observations
CA_PENALTY_EVIDENCE,,630014442,8,,,NO,,NO,UNRESOLVED,NO,FACID absent from owned row-level state observations
CA_PENALTY_EVIDENCE,,630014467,3,,,NO,,NO,UNRESOLVED,NO,FACID absent from owned row-level state observations
CA_PENALTY_EVIDENCE,,630014470,2,,,NO,,NO,UNRESOLVED,NO,FACID absent from owned row-level state observations
CA_PENALTY_EVIDENCE,,630014486,1,,,NO,,NO,UNRESOLVED,NO,FACID absent from owned row-level state observations
CA_PENALTY_EVIDENCE,,630014529,3,,,NO,,NO,UNRESOLVED,NO,FACID absent from owned row-level state observations
CA_PENALTY_EVIDENCE,,630014558,1,,,NO,,NO,UNRESOLVED,NO,FACID absent from owned row-level state observations
CA_PENALTY_EVIDENCE,,630014636,1,,,NO,,NO,UNRESOLVED,NO,FACID absent from owned row-level state observations
CA_PENALTY_EVIDENCE,,630014639,1,,,NO,,NO,UNRESOLVED,NO,FACID absent from owned row-level state observations
CA_PENALTY_EVIDENCE,,630014652,8,,,NO,,NO,UNRESOLVED,NO,FACID absent from owned row-level state observations
CA_PENALTY_EVIDENCE,,630014670,5,,,NO,,NO,UNRESOLVED,NO,FACID absent from owned row-level state observations
CA_PENALTY_EVIDENCE,,630014709,5,,,NO,,NO,UNRESOLVED,NO,FACID absent from owned row-level state observations
CA_PENALTY_EVIDENCE,,630014717,3,,,NO,,NO,UNRESOLVED,NO,FACID absent from owned row-level state observations
CA_PENALTY_EVIDENCE,,630014729,1,,,NO,,NO,UNRESOLVED,NO,FACID absent from owned row-level state observations
CA_PENALTY_EVIDENCE,,630014893,2,,,NO,,NO,UNRESOLVED,NO,FACID absent from owned row-level state observations
CA_PENALTY_EVIDENCE,,630014894,5,ca-cdph-healthcare-facility-locations,630014894,YES,33a7c444-99b0-46c0-baef-95d8b8881b77,NO,ALREADY_OWNED_EXACT,NO,Exact FACID in production state observation
CA_PENALTY_EVIDENCE,,630014895,5,ca-cdph-healthcare-facility-locations,630014895,YES,3b25d692-d538-445d-935e-f81de619bd91,NO,ALREADY_OWNED_EXACT,NO,Exact FACID in production state observation
CA_PENALTY_EVIDENCE,,630014924,1,,,NO,,NO,UNRESOLVED,NO,FACID absent from owned row-level state observations
CA_PENALTY_EVIDENCE,,630014953,4,,,NO,,NO,UNRESOLVED,NO,FACID absent from owned row-level state observations
CA_PENALTY_EVIDENCE,,630014956,5,,,NO,,NO,UNRESOLVED,NO,FACID absent from owned row-level state observations
CA_PENALTY_EVIDENCE,,630014957,1,ca-cdph-healthcare-facility-locations,630014957,YES,7dc582e1-0de7-448a-b4f6-d0c57279dd88,NO,ALREADY_OWNED_EXACT,NO,Exact FACID in production state observation
CA_PENALTY_EVIDENCE,,630014961,1,,,NO,,NO,UNRESOLVED,NO,FACID absent from owned row-level state observations
CA_PENALTY_EVIDENCE,,630014963,3,,,NO,,NO,UNRESOLVED,NO,FACID absent from owned row-level state observations
CA_PENALTY_EVIDENCE,,630015017,9,,,NO,,NO,UNRESOLVED,NO,FACID absent from owned row-level state observations
CA_PENALTY_EVIDENCE,,630015029,2,,,NO,,NO,UNRESOLVED,NO,FACID absent from owned row-level state observations
CA_PENALTY_EVIDENCE,,630015109,1,,,NO,,NO,UNRESOLVED,NO,FACID absent from owned row-level state observations
CA_PENALTY_EVIDENCE,,630015117,1,,,NO,,NO,UNRESOLVED,NO,FACID absent from owned row-level state observations
CA_PENALTY_EVIDENCE,,630015325,2,,,NO,,NO,UNRESOLVED,NO,FACID absent from owned row-level state observations
CA_PENALTY_EVIDENCE,,630015449,1,,,NO,,NO,UNRESOLVED,NO,FACID absent from owned row-level state observations
CA_PENALTY_EVIDENCE,,630015502,4,,,NO,,NO,UNRESOLVED,NO,FACID absent from owned row-level state observations
CA_PENALTY_EVIDENCE,,630015609,1,,,NO,,NO,UNRESOLVED,NO,FACID absent from owned row-level state observations
CA_PENALTY_EVIDENCE,,630015624,13,,,NO,,NO,UNRESOLVED,NO,FACID absent from owned row-level state observations
CA_PENALTY_EVIDENCE,,630015635,2,,,NO,,NO,UNRESOLVED,NO,FACID absent from owned row-level state observations
CA_PENALTY_EVIDENCE,,630015648,4,,,NO,,NO,UNRESOLVED,NO,FACID absent from owned row-level state observations
CA_PENALTY_EVIDENCE,,630015683,1,,,NO,,NO,UNRESOLVED,NO,FACID absent from owned row-level state observations
CA_PENALTY_EVIDENCE,,630015698,1,,,NO,,NO,UNRESOLVED,NO,FACID absent from owned row-level state observations
CA_PENALTY_EVIDENCE,,630015806,2,,,NO,,NO,UNRESOLVED,NO,FACID absent from owned row-level state observations
CA_PENALTY_EVIDENCE,,630015860,2,,,NO,,NO,UNRESOLVED,NO,FACID absent from owned row-level state observations
CA_PENALTY_EVIDENCE,,630015889,2,,,NO,,NO,UNRESOLVED,NO,FACID absent from owned row-level state observations
CA_PENALTY_EVIDENCE,,630015903,5,,,NO,,NO,UNRESOLVED,NO,FACID absent from owned row-level state observations
CA_PENALTY_EVIDENCE,,630015906,1,,,NO,,NO,UNRESOLVED,NO,FACID absent from owned row-level state observations
CA_PENALTY_EVIDENCE,,630015908,1,,,NO,,NO,UNRESOLVED,NO,FACID absent from owned row-level state observations
CA_PENALTY_EVIDENCE,,630016003,1,,,NO,,NO,UNRESOLVED,NO,FACID absent from owned row-level state observations
CA_PENALTY_EVIDENCE,,630016015,4,,,NO,,NO,UNRESOLVED,NO,FACID absent from owned row-level state observations
CA_PENALTY_EVIDENCE,,630016108,2,,,NO,,NO,UNRESOLVED,NO,FACID absent from owned row-level state observations
CA_PENALTY_EVIDENCE,,630016163,1,,,NO,,NO,UNRESOLVED,NO,FACID absent from owned row-level state observations
CA_PENALTY_EVIDENCE,,630016201,5,,,NO,,NO,UNRESOLVED,NO,FACID absent from owned row-level state observations
CA_PENALTY_EVIDENCE,,630016207,2,,,NO,,NO,UNRESOLVED,NO,FACID absent from owned row-level state observations
CA_PENALTY_EVIDENCE,,630016214,1,,,NO,,NO,UNRESOLVED,NO,FACID absent from owned row-level state observations
CA_PENALTY_EVIDENCE,,630016241,1,,,NO,,NO,UNRESOLVED,NO,FACID absent from owned row-level state observations
CA_PENALTY_EVIDENCE,,630016338,5,,,NO,,NO,UNRESOLVED,NO,FACID absent from owned row-level state observations
CA_PENALTY_EVIDENCE,,630016392,5,,,NO,,NO,UNRESOLVED,NO,FACID absent from owned row-level state observations
CA_PENALTY_EVIDENCE,,630016501,6,,,NO,,NO,UNRESOLVED,NO,FACID absent from owned row-level state observations
CA_PENALTY_EVIDENCE,,630016523,1,,,NO,,NO,UNRESOLVED,NO,FACID absent from owned row-level state observations
CA_PENALTY_EVIDENCE,,630016694,3,,,NO,,NO,UNRESOLVED,NO,FACID absent from owned row-level state observations
CA_PENALTY_EVIDENCE,,630016716,1,,,NO,,NO,UNRESOLVED,NO,FACID absent from owned row-level state observations
CA_PENALTY_EVIDENCE,,630016719,1,,,NO,,NO,UNRESOLVED,NO,FACID absent from owned row-level state observations
CA_PENALTY_EVIDENCE,,630016805,1,,,NO,,NO,UNRESOLVED,NO,FACID absent from owned row-level state observations
CA_PENALTY_EVIDENCE,,630016841,2,,,NO,,NO,UNRESOLVED,NO,FACID absent from owned row-level state observations
CA_PENALTY_EVIDENCE,,630016910,8,ca-cdph-healthcare-facility-locations,630016910,YES,02ae28be-4f53-44ff-8e2a-3aaa485388fc,NO,ALREADY_OWNED_EXACT,NO,Exact FACID in production state observation
CA_PENALTY_EVIDENCE,,630016992,1,,,NO,,NO,UNRESOLVED,NO,FACID absent from owned row-level state observations
CA_PENALTY_EVIDENCE,,630016994,5,,,NO,,NO,UNRESOLVED,NO,FACID absent from owned row-level state observations
CA_PENALTY_EVIDENCE,,630017057,1,,,NO,,NO,UNRESOLVED,NO,FACID absent from owned row-level state observations
CA_PENALTY_EVIDENCE,,630017071,8,,,NO,,NO,UNRESOLVED,NO,FACID absent from owned row-level state observations
CA_PENALTY_EVIDENCE,,630017463,4,,,NO,,NO,UNRESOLVED,NO,FACID absent from owned row-level state observations
CA_PENALTY_EVIDENCE,,630017518,3,,,NO,,NO,UNRESOLVED,NO,FACID absent from owned row-level state observations
CA_PENALTY_EVIDENCE,,630017553,1,,,NO,,NO,UNRESOLVED,NO,FACID absent from owned row-level state observations
CA_PENALTY_EVIDENCE,,630017573,2,,,NO,,NO,UNRESOLVED,NO,FACID absent from owned row-level state observations
CA_PENALTY_EVIDENCE,,630017642,6,ca-cdph-healthcare-facility-locations,630017642,YES,94cfb440-8005-40fd-8158-aee8026deb10,NO,ALREADY_OWNED_EXACT,NO,Exact FACID in production state observation
CA_PENALTY_EVIDENCE,,630017710,3,,,NO,,NO,UNRESOLVED,NO,FACID absent from owned row-level state observations
CA_PENALTY_EVIDENCE,,630017833,1,,,NO,,NO,UNRESOLVED,NO,FACID absent from owned row-level state observations
CA_PENALTY_EVIDENCE,,630017843,3,,,NO,,NO,UNRESOLVED,NO,FACID absent from owned row-level state observations
CA_PENALTY_EVIDENCE,,630017845,1,,,NO,,NO,UNRESOLVED,NO,FACID absent from owned row-level state observations
CA_PENALTY_EVIDENCE,,630017849,1,,,NO,,NO,UNRESOLVED,NO,FACID absent from owned row-level state observations
CA_PENALTY_EVIDENCE,,630017935,2,ca-cdph-healthcare-facility-locations,630017935,YES,f00eec06-aa45-4a38-ae57-2a71c5e59399,NO,ALREADY_OWNED_EXACT,NO,Exact FACID in production state observation
CA_PENALTY_EVIDENCE,,630018118,1,,,NO,,NO,UNRESOLVED,NO,FACID absent from owned row-level state observations
CA_PENALTY_EVIDENCE,,630018276,1,,,NO,,NO,UNRESOLVED,NO,FACID absent from owned row-level state observations
CA_PENALTY_EVIDENCE,,630018601,1,,,NO,,NO,UNRESOLVED,NO,FACID absent from owned row-level state observations
CA_PENALTY_EVIDENCE,,630018677,1,,,NO,,NO,UNRESOLVED,NO,FACID absent from owned row-level state observations
CA_PENALTY_EVIDENCE,,630018680,1,,,NO,,NO,UNRESOLVED,NO,FACID absent from owned row-level state observations
CA_PENALTY_EVIDENCE,,630019055,4,,,NO,,NO,UNRESOLVED,NO,FACID absent from owned row-level state observations
CA_PENALTY_EVIDENCE,,630019882,2,,,NO,,NO,UNRESOLVED,NO,FACID absent from owned row-level state observations
CA_PENALTY_EVIDENCE,,630025269,1,,,NO,,NO,UNRESOLVED,NO,FACID absent from owned row-level state observations
CA_PENALTY_EVIDENCE,,630025909,1,,,NO,,NO,UNRESOLVED,NO,FACID absent from owned row-level state observations
CA_PENALTY_EVIDENCE,,630026176,1,,,NO,,NO,UNRESOLVED,NO,FACID absent from owned row-level state observations
CA_PENALTY_EVIDENCE,,910000003,13,ca-cdph-healthcare-facility-locations,910000003,YES,2b4655ce-f5cb-4146-9ed5-39e1e6d112eb,NO,ALREADY_OWNED_EXACT,NO,Exact FACID in production state observation
CA_PENALTY_EVIDENCE,,910000004,20,ca-cdph-healthcare-facility-locations,910000004,YES,7fb642ae-f780-4819-8428-c7d6562b7f6e,NO,ALREADY_OWNED_EXACT,NO,Exact FACID in production state observation
CA_PENALTY_EVIDENCE,,910000005,9,ca-cdph-healthcare-facility-locations,910000005,YES,45a33bd3-ca69-4031-a941-b2bb1aaffe69,NO,ALREADY_OWNED_EXACT,NO,Exact FACID in production state observation
CA_PENALTY_EVIDENCE,,910000006,10,ca-cdph-healthcare-facility-locations,910000006,YES,b7a13ff4-49db-4b54-b942-086499d4feb3,NO,ALREADY_OWNED_EXACT,NO,Exact FACID in production state observation
CA_PENALTY_EVIDENCE,,910000007,19,ca-cdph-healthcare-facility-locations,910000007,YES,9e8e9942-96fe-4907-a1a4-651e1dac474f,NO,ALREADY_OWNED_EXACT,NO,Exact FACID in production state observation
CA_PENALTY_EVIDENCE,,910000009,22,ca-cdph-healthcare-facility-locations,910000009,YES,cb4d5045-05b7-459a-af18-dd7936da9e02,NO,ALREADY_OWNED_EXACT,NO,Exact FACID in production state observation
CA_PENALTY_EVIDENCE,,910000013,6,ca-cdph-healthcare-facility-locations,910000013,YES,8a146c17-c547-4a3b-b69a-22cfaab18ce5,NO,ALREADY_OWNED_EXACT,NO,Exact FACID in production state observation
CA_PENALTY_EVIDENCE,,910000014,25,ca-cdph-healthcare-facility-locations,910000014,YES,f6ec9437-c687-4fd6-abda-e14d6f641127,NO,ALREADY_OWNED_EXACT,NO,Exact FACID in production state observation
CA_PENALTY_EVIDENCE,,910000016,19,ca-cdph-healthcare-facility-locations,910000016,YES,53fdf586-5d86-464d-9d4d-6f52808b9c44,NO,ALREADY_OWNED_EXACT,NO,Exact FACID in production state observation
CA_PENALTY_EVIDENCE,,910000017,30,ca-cdph-healthcare-facility-locations,910000017,YES,7abc8045-91a6-4d54-b6e8-7d90e398f1ad,NO,ALREADY_OWNED_EXACT,NO,Exact FACID in production state observation
CA_PENALTY_EVIDENCE,,910000019,6,ca-cdph-healthcare-facility-locations,910000019,YES,8a6b4032-11f0-44b9-8549-d858ca611bb2,NO,ALREADY_OWNED_EXACT,NO,Exact FACID in production state observation
CA_PENALTY_EVIDENCE,,910000021,1,,,NO,,NO,UNRESOLVED,NO,FACID absent from owned row-level state observations
CA_PENALTY_EVIDENCE,,910000022,18,ca-cdph-healthcare-facility-locations,910000022,YES,16596932-8885-4e53-8769-b47eb4c8a509,NO,ALREADY_OWNED_EXACT,NO,Exact FACID in production state observation
CA_PENALTY_EVIDENCE,,910000023,16,ca-cdph-healthcare-facility-locations,910000023,YES,6344d1f1-4983-4d11-9b78-d5351571df65,NO,ALREADY_OWNED_EXACT,NO,Exact FACID in production state observation
CA_PENALTY_EVIDENCE,,910000024,2,ca-cdph-healthcare-facility-locations,910000024,YES,fb8c9af6-d9ea-4f59-92e9-b37426f9fe6f,NO,ALREADY_OWNED_EXACT,NO,Exact FACID in production state observation
CA_PENALTY_EVIDENCE,,910000025,1,ca-cdph-healthcare-facility-locations,910000025,YES,05c4caeb-a151-4198-8405-05d3f377e4a6,NO,ALREADY_OWNED_EXACT,NO,Exact FACID in production state observation
CA_PENALTY_EVIDENCE,,910000027,13,ca-cdph-healthcare-facility-locations,910000027,YES,faa3ce23-7f53-459e-ba4e-54aaaf65a881,NO,ALREADY_OWNED_EXACT,NO,Exact FACID in production state observation
CA_PENALTY_EVIDENCE,,910000028,22,ca-cdph-healthcare-facility-locations,910000028,YES,f1a26d27-8254-4ccc-8318-45fe2d63777c,NO,ALREADY_OWNED_EXACT,NO,Exact FACID in production state observation
CA_PENALTY_EVIDENCE,,910000031,4,,,NO,,NO,UNRESOLVED,NO,FACID absent from owned row-level state observations
CA_PENALTY_EVIDENCE,,910000032,11,ca-cdph-healthcare-facility-locations,910000032,YES,c9bcfd2a-8c2b-4574-90f6-fecfc870337b,NO,ALREADY_OWNED_EXACT,NO,Exact FACID in production state observation
CA_PENALTY_EVIDENCE,,910000033,7,ca-cdph-healthcare-facility-locations,910000033,YES,d33b00f5-cc0e-4e77-b5cd-9418eecbf2f2,NO,ALREADY_OWNED_EXACT,NO,Exact FACID in production state observation
CA_PENALTY_EVIDENCE,,910000034,9,ca-cdph-healthcare-facility-locations,910000034,YES,2fddeac2-33f3-4be1-8fe4-95c9212cfb5a,NO,ALREADY_OWNED_EXACT,NO,Exact FACID in production state observation
CA_PENALTY_EVIDENCE,,910000035,6,ca-cdph-healthcare-facility-locations,910000035,YES,6bb95663-dc49-473e-b86f-6c8b6d1944ad,NO,ALREADY_OWNED_EXACT,NO,Exact FACID in production state observation
CA_PENALTY_EVIDENCE,,910000036,13,ca-cdph-healthcare-facility-locations,910000036,YES,7ef31a80-0aca-42ea-bdcd-725b9e709fc4,NO,ALREADY_OWNED_EXACT,NO,Exact FACID in production state observation
CA_PENALTY_EVIDENCE,,910000038,6,ca-cdph-healthcare-facility-locations,910000038,YES,c3da5a2a-8b17-4e95-8217-60090a90bdba,NO,ALREADY_OWNED_EXACT,NO,Exact FACID in production state observation
CA_PENALTY_EVIDENCE,,910000041,7,ca-cdph-healthcare-facility-locations,910000041,YES,d8cd6b05-2b22-418c-8c0a-cdf56091f690,NO,ALREADY_OWNED_EXACT,NO,Exact FACID in production state observation
CA_PENALTY_EVIDENCE,,910000043,12,ca-cdph-healthcare-facility-locations,910000043,YES,14ffff6a-331d-4bbd-94fa-5680a1879e36,NO,ALREADY_OWNED_EXACT,NO,Exact FACID in production state observation
CA_PENALTY_EVIDENCE,,910000046,7,ca-cdph-healthcare-facility-locations,910000046,YES,2fa796e8-aae9-46e8-8453-058d6ffaf769,NO,ALREADY_OWNED_EXACT,NO,Exact FACID in production state observation
CA_PENALTY_EVIDENCE,,910000047,13,ca-cdph-healthcare-facility-locations,910000047,YES,cb77cee8-9470-4ff8-a140-2d9812f27eca,NO,ALREADY_OWNED_EXACT,NO,Exact FACID in production state observation
CA_PENALTY_EVIDENCE,,910000048,7,ca-cdph-healthcare-facility-locations,910000048,YES,a2f083e1-a9d4-4f01-a86e-fb39c9099135,NO,ALREADY_OWNED_EXACT,NO,Exact FACID in production state observation
CA_PENALTY_EVIDENCE,,910000049,29,ca-cdph-healthcare-facility-locations,910000049,YES,b30f363d-2968-4237-b1ea-97e50f9de98b,NO,ALREADY_OWNED_EXACT,NO,Exact FACID in production state observation
CA_PENALTY_EVIDENCE,,910000050,19,ca-cdph-healthcare-facility-locations,910000050,YES,7c86e967-9ebb-4d26-b58e-de4d17e43466,NO,ALREADY_OWNED_EXACT,NO,Exact FACID in production state observation
CA_PENALTY_EVIDENCE,,910000053,24,ca-cdph-healthcare-facility-locations,910000053,YES,6c3d677a-3922-4b55-a043-2aa67bf6260c,NO,ALREADY_OWNED_EXACT,NO,Exact FACID in production state observation
CA_PENALTY_EVIDENCE,,910000054,2,,,NO,,NO,UNRESOLVED,NO,FACID absent from owned row-level state observations
CA_PENALTY_EVIDENCE,,910000055,8,ca-cdph-healthcare-facility-locations,910000055,YES,f69bef6c-b575-4494-aaa7-d807129f4a88,NO,ALREADY_OWNED_EXACT,NO,Exact FACID in production state observation
CA_PENALTY_EVIDENCE,,910000057,7,ca-cdph-healthcare-facility-locations,910000057,YES,18e4ce16-eb3e-4064-b201-852f8f0d795c,NO,ALREADY_OWNED_EXACT,NO,Exact FACID in production state observation
CA_PENALTY_EVIDENCE,,910000058,9,ca-cdph-healthcare-facility-locations,910000058,YES,ddea49fa-7a5f-456f-8efc-5c9cc968efdb,NO,ALREADY_OWNED_EXACT,NO,Exact FACID in production state observation
CA_PENALTY_EVIDENCE,,910000059,20,ca-cdph-healthcare-facility-locations,910000059,YES,153efdbb-7ca0-41df-baa2-d4181caf81eb,NO,ALREADY_OWNED_EXACT,NO,Exact FACID in production state observation
CA_PENALTY_EVIDENCE,,910000060,3,ca-cdph-healthcare-facility-locations,910000060,YES,922b8630-1046-4f45-bb3c-433edcb1ac34,NO,ALREADY_OWNED_EXACT,NO,Exact FACID in production state observation
CA_PENALTY_EVIDENCE,,910000061,3,ca-cdph-healthcare-facility-locations,910000061,YES,fb70d71e-490f-40a4-92e3-f064d8e4ce85,NO,ALREADY_OWNED_EXACT,NO,Exact FACID in production state observation
CA_PENALTY_EVIDENCE,,910000064,3,ca-cdph-healthcare-facility-locations,910000064,YES,a548f7c3-0a28-4138-a73c-2c68c4cfb752,NO,ALREADY_OWNED_EXACT,NO,Exact FACID in production state observation
CA_PENALTY_EVIDENCE,,910000065,14,ca-cdph-healthcare-facility-locations,910000065,YES,fd4f644b-7be1-4a7f-be45-3db6e58dee10,NO,ALREADY_OWNED_EXACT,NO,Exact FACID in production state observation
CA_PENALTY_EVIDENCE,,910000067,14,ca-cdph-healthcare-facility-locations,910000067,YES,da0b212e-f8a6-4edc-9fc8-afdb7f1d4d9c,NO,ALREADY_OWNED_EXACT,NO,Exact FACID in production state observation
CA_PENALTY_EVIDENCE,,910000068,24,ca-cdph-healthcare-facility-locations,910000068,YES,a6dc1663-7460-4d59-9a4b-465bb3c15700,NO,ALREADY_OWNED_EXACT,NO,Exact FACID in production state observation
CA_PENALTY_EVIDENCE,,910000069,30,ca-cdph-healthcare-facility-locations,910000069,YES,71159f3d-75ac-4846-b859-cb5500b4c4c5,NO,ALREADY_OWNED_EXACT,NO,Exact FACID in production state observation
CA_PENALTY_EVIDENCE,,910000070,1,,,NO,,NO,UNRESOLVED,NO,FACID absent from owned row-level state observations
CA_PENALTY_EVIDENCE,,910000071,13,ca-cdph-healthcare-facility-locations,910000071,YES,0e4d8736-fd8c-45d1-9630-a5f91fe35abe,NO,ALREADY_OWNED_EXACT,NO,Exact FACID in production state observation
CA_PENALTY_EVIDENCE,,910000073,8,ca-cdph-healthcare-facility-locations,910000073,YES,be3e7bdf-12b3-4d71-a3f8-f79df0994311,NO,ALREADY_OWNED_EXACT,NO,Exact FACID in production state observation
CA_PENALTY_EVIDENCE,,910000074,4,ca-cdph-healthcare-facility-locations,910000074,YES,46524b85-f0f8-4d18-b3bc-9d5f578a3cc6,NO,ALREADY_OWNED_EXACT,NO,Exact FACID in production state observation
CA_PENALTY_EVIDENCE,,910000075,6,ca-cdph-healthcare-facility-locations,910000075,YES,f8dc80fb-7fd7-4329-ad5f-631b5d42ba17,NO,ALREADY_OWNED_EXACT,NO,Exact FACID in production state observation
CA_PENALTY_EVIDENCE,,910000076,4,ca-cdph-healthcare-facility-locations,910000076,YES,120fd49e-5c7b-4be0-8af1-3f266a4596e6,NO,ALREADY_OWNED_EXACT,NO,Exact FACID in production state observation
CA_PENALTY_EVIDENCE,,910000077,17,ca-cdph-healthcare-facility-locations,910000077,YES,20138577-a149-403f-a18e-80e430c74027,NO,ALREADY_OWNED_EXACT,NO,Exact FACID in production state observation
CA_PENALTY_EVIDENCE,,910000081,12,ca-cdph-healthcare-facility-locations,910000081,YES,16c69a0d-e8f0-47b2-8c59-632be5592fbd,NO,ALREADY_OWNED_EXACT,NO,Exact FACID in production state observation
CA_PENALTY_EVIDENCE,,910000082,9,,,NO,,NO,UNRESOLVED,NO,FACID absent from owned row-level state observations
CA_PENALTY_EVIDENCE,,910000084,14,ca-cdph-healthcare-facility-locations,910000084,YES,99f08d69-46c3-4b26-88a4-c54bb53cb693,NO,ALREADY_OWNED_EXACT,NO,Exact FACID in production state observation
CA_PENALTY_EVIDENCE,,910000086,6,,,NO,,NO,UNRESOLVED,NO,FACID absent from owned row-level state observations
CA_PENALTY_EVIDENCE,,910000089,6,ca-cdph-healthcare-facility-locations,910000089,YES,6627db65-fca3-4a17-bedb-b2e7b11ee35e,NO,ALREADY_OWNED_EXACT,NO,Exact FACID in production state observation
CA_PENALTY_EVIDENCE,,910000091,6,ca-cdph-healthcare-facility-locations,910000091,YES,f090ddd4-7619-4785-bb55-be4dd52c8370,NO,ALREADY_OWNED_EXACT,NO,Exact FACID in production state observation
CA_PENALTY_EVIDENCE,,910000275,12,ca-cdph-healthcare-facility-locations,910000275,YES,27c0c394-43ef-4569-ab50-8235d09e949d,NO,ALREADY_OWNED_EXACT,NO,Exact FACID in production state observation
CA_PENALTY_EVIDENCE,,910000276,16,ca-cdph-healthcare-facility-locations,910000276,YES,80d11339-93dd-4b8e-9313-262732eb7d85,NO,ALREADY_OWNED_EXACT,NO,Exact FACID in production state observation
CA_PENALTY_EVIDENCE,,910000312,12,ca-cdph-healthcare-facility-locations,910000312,YES,94567634-4395-46cb-b3b3-1571a5800624,NO,ALREADY_OWNED_EXACT,NO,Exact FACID in production state observation
CA_PENALTY_EVIDENCE,,910000314,17,ca-cdph-healthcare-facility-locations,910000314,YES,cd062917-32bf-491d-9976-c85ca7572ab1,NO,ALREADY_OWNED_EXACT,NO,Exact FACID in production state observation
CA_PENALTY_EVIDENCE,,910000316,5,ca-cdph-healthcare-facility-locations,910000316,YES,ce6c9673-c564-4ba9-950d-c3f5d418f1b3,NO,ALREADY_OWNED_EXACT,NO,Exact FACID in production state observation
CA_PENALTY_EVIDENCE,,910000318,7,ca-cdph-healthcare-facility-locations,910000318,YES,02e75582-d43e-4f24-8db4-7e5e45504207,NO,ALREADY_OWNED_EXACT,NO,Exact FACID in production state observation
CA_PENALTY_EVIDENCE,,910000320,7,ca-cdph-healthcare-facility-locations,910000320,YES,a879f28e-410f-4617-b6e2-536fcefb5d28,NO,ALREADY_OWNED_EXACT,NO,Exact FACID in production state observation
CA_PENALTY_EVIDENCE,,910000322,40,ca-cdph-healthcare-facility-locations,910000322,YES,f273233f-96ae-4214-9c42-79fb4bfebe8d,NO,ALREADY_OWNED_EXACT,NO,Exact FACID in production state observation
CA_PENALTY_EVIDENCE,,910000324,6,ca-cdph-healthcare-facility-locations,910000324,YES,79629736-0a8f-487b-929d-0b479eb7550c,NO,ALREADY_OWNED_EXACT,NO,Exact FACID in production state observation
CA_PENALTY_EVIDENCE,,910000326,15,ca-cdph-healthcare-facility-locations,910000326,YES,0be1d16d-65ac-4ae9-b394-a14bfbf397d0,NO,ALREADY_OWNED_EXACT,NO,Exact FACID in production state observation
CA_PENALTY_EVIDENCE,,910000328,24,ca-cdph-healthcare-facility-locations,910000328,YES,b419ab4a-1016-435b-b011-da92a554bbed,NO,ALREADY_OWNED_EXACT,NO,Exact FACID in production state observation
CA_PENALTY_EVIDENCE,,910000330,14,ca-cdph-healthcare-facility-locations,910000330,YES,e776c4d5-e406-4dd6-a07b-92da733a64f3,NO,ALREADY_OWNED_EXACT,NO,Exact FACID in production state observation
CA_PENALTY_EVIDENCE,,910000332,10,ca-cdph-healthcare-facility-locations,910000332,YES,918bd8c3-854d-4241-b161-7e3316ba0c21,NO,ALREADY_OWNED_EXACT,NO,Exact FACID in production state observation
CA_PENALTY_EVIDENCE,,910000334,10,ca-cdph-healthcare-facility-locations,910000334,YES,9958d7bb-4d79-4a37-9f53-3284cd741cf1,NO,ALREADY_OWNED_EXACT,NO,Exact FACID in production state observation
CA_PENALTY_EVIDENCE,,910000336,23,ca-cdph-healthcare-facility-locations,910000336,YES,7cfe81e3-5b49-4a35-9cb9-82eb0e13ea75,NO,ALREADY_OWNED_EXACT,NO,Exact FACID in production state observation
CA_PENALTY_EVIDENCE,,920000001,12,ca-cdph-healthcare-facility-locations,920000001,YES,37940450-131c-429d-870f-6a8cdd98ae33,NO,ALREADY_OWNED_EXACT,NO,Exact FACID in production state observation
CA_PENALTY_EVIDENCE,,920000002,10,ca-cdph-healthcare-facility-locations,920000002,YES,97409206-e5e0-4ac6-9775-e32dd64c8a04,NO,ALREADY_OWNED_EXACT,NO,Exact FACID in production state observation
CA_PENALTY_EVIDENCE,,920000003,7,ca-cdph-healthcare-facility-locations,920000003,YES,2d07d129-becb-48fb-88ba-baf895ffa343,NO,ALREADY_OWNED_EXACT,NO,Exact FACID in production state observation
CA_PENALTY_EVIDENCE,,920000004,35,ca-cdph-healthcare-facility-locations,920000004,YES,9765b4b7-ace9-495e-ac72-21f62986df67,NO,ALREADY_OWNED_EXACT,NO,Exact FACID in production state observation
CA_PENALTY_EVIDENCE,,920000005,5,ca-cdph-healthcare-facility-locations,920000005,YES,d3ee0762-3599-4686-88e7-78b248b2e1ae,NO,ALREADY_OWNED_EXACT,NO,Exact FACID in production state observation
CA_PENALTY_EVIDENCE,,920000006,1,,,NO,,NO,UNRESOLVED,NO,FACID absent from owned row-level state observations
CA_PENALTY_EVIDENCE,,920000007,24,ca-cdph-healthcare-facility-locations,920000007,YES,cd28b0c7-dbdf-4dfa-90b3-0fa420e2e3e7,NO,ALREADY_OWNED_EXACT,NO,Exact FACID in production state observation
CA_PENALTY_EVIDENCE,,920000008,12,ca-cdph-healthcare-facility-locations,920000008,YES,9ecfaedc-3f08-4010-a961-3991a23b6960,NO,ALREADY_OWNED_EXACT,NO,Exact FACID in production state observation
CA_PENALTY_EVIDENCE,,920000009,29,ca-cdph-healthcare-facility-locations,920000009,YES,f4fc2de9-e7b0-456d-9b73-2575b387a215,NO,ALREADY_OWNED_EXACT,NO,Exact FACID in production state observation
CA_PENALTY_EVIDENCE,,920000010,6,,,NO,,NO,UNRESOLVED,NO,FACID absent from owned row-level state observations
CA_PENALTY_EVIDENCE,,920000011,22,ca-cdph-healthcare-facility-locations,920000011,NO,,NO,UNRESOLVED,NO,FACID in owned observation but no linked provider
CA_PENALTY_EVIDENCE,,920000014,20,ca-cdph-healthcare-facility-locations,920000014,YES,19913905-07c9-4e80-a6c7-42ce7bfc1971,NO,ALREADY_OWNED_EXACT,NO,Exact FACID in production state observation
CA_PENALTY_EVIDENCE,,920000015,12,ca-cdph-healthcare-facility-locations,920000015,YES,be334761-3a54-464f-814e-58f575d8ca21,NO,ALREADY_OWNED_EXACT,NO,Exact FACID in production state observation
CA_PENALTY_EVIDENCE,,920000017,15,ca-cdph-healthcare-facility-locations,920000017,YES,4d0a3a2e-5073-42fe-8d40-a1761531f44b,NO,ALREADY_OWNED_EXACT,NO,Exact FACID in production state observation
CA_PENALTY_EVIDENCE,,920000018,24,ca-cdph-healthcare-facility-locations,920000018,YES,a0419db5-09a6-43af-9c92-b6bd8b6e1a73,NO,ALREADY_OWNED_EXACT,NO,Exact FACID in production state observation
CA_PENALTY_EVIDENCE,,920000019,30,ca-cdph-healthcare-facility-locations,920000019,YES,ff997ee0-8b5d-47c5-9d48-5c5e909156c6,NO,ALREADY_OWNED_EXACT,NO,Exact FACID in production state observation
CA_PENALTY_EVIDENCE,,920000020,17,ca-cdph-healthcare-facility-locations,920000020,YES,47692477-cf80-4fdc-9767-5a2184e522e0,NO,ALREADY_OWNED_EXACT,NO,Exact FACID in production state observation
CA_PENALTY_EVIDENCE,,920000021,10,ca-cdph-healthcare-facility-locations,920000021,YES,29659468-2ebe-4cc9-9edc-d5d8100c9aa1,NO,ALREADY_OWNED_EXACT,NO,Exact FACID in production state observation
CA_PENALTY_EVIDENCE,,920000024,19,ca-cdph-healthcare-facility-locations,920000024,YES,80bd8793-b4ea-40d9-bcf0-43c1b75eb5d8,NO,ALREADY_OWNED_EXACT,NO,Exact FACID in production state observation
CA_PENALTY_EVIDENCE,,920000025,10,ca-cdph-healthcare-facility-locations,920000025,YES,3f8c4fde-0ce7-4f9d-85f9-1407cf3eeb1d,NO,ALREADY_OWNED_EXACT,NO,Exact FACID in production state observation
CA_PENALTY_EVIDENCE,,920000026,6,ca-cdph-healthcare-facility-locations,920000026,YES,e29304ee-ba68-4af1-8997-8cc9bebcb60c,NO,ALREADY_OWNED_EXACT,NO,Exact FACID in production state observation
CA_PENALTY_EVIDENCE,,920000027,23,ca-cdph-healthcare-facility-locations,920000027,YES,54ce13cc-ddeb-4cdc-a652-4ab9cbbf7629,NO,ALREADY_OWNED_EXACT,NO,Exact FACID in production state observation
CA_PENALTY_EVIDENCE,,920000028,5,ca-cdph-healthcare-facility-locations,920000028,YES,c147d2ff-19bd-4708-bc53-17610069048f,NO,ALREADY_OWNED_EXACT,NO,Exact FACID in production state observation
CA_PENALTY_EVIDENCE,,920000029,2,ca-cdph-healthcare-facility-locations,920000029,YES,f18fd48e-c724-43e8-8258-49c61fda0216,NO,ALREADY_OWNED_EXACT,NO,Exact FACID in production state observation
CA_PENALTY_EVIDENCE,,920000030,8,ca-cdph-healthcare-facility-locations,920000030,YES,043c7fb2-dc1a-4d09-a52f-31a9efe06116,NO,ALREADY_OWNED_EXACT,NO,Exact FACID in production state observation
CA_PENALTY_EVIDENCE,,920000031,17,ca-cdph-healthcare-facility-locations,920000031,YES,36aedf27-44a5-45f5-800e-f1d82fb13a62,NO,ALREADY_OWNED_EXACT,NO,Exact FACID in production state observation
CA_PENALTY_EVIDENCE,,920000032,2,,,NO,,NO,UNRESOLVED,NO,FACID absent from owned row-level state observations
CA_PENALTY_EVIDENCE,,920000033,1,,,NO,,NO,UNRESOLVED,NO,FACID absent from owned row-level state observations
CA_PENALTY_EVIDENCE,,920000048,16,ca-cdph-healthcare-facility-locations,920000048,YES,2b397d1b-becb-4042-b573-2b8b8ddb1c73,NO,ALREADY_OWNED_EXACT,NO,Exact FACID in production state observation
CA_PENALTY_EVIDENCE,,920000049,7,ca-cdph-healthcare-facility-locations,920000049,YES,32f78d84-8638-4259-8c2a-bc03691fc76a,NO,ALREADY_OWNED_EXACT,NO,Exact FACID in production state observation
CA_PENALTY_EVIDENCE,,920000050,5,ca-cdph-healthcare-facility-locations,920000050,YES,3ff1d2a8-a8f7-46c9-ac6e-9a061a47714c,NO,ALREADY_OWNED_EXACT,NO,Exact FACID in production state observation
CA_PENALTY_EVIDENCE,,920000051,22,ca-cdph-healthcare-facility-locations,920000051,YES,6ed3442b-7edc-484a-80e5-185651f148e1,NO,ALREADY_OWNED_EXACT,NO,Exact FACID in production state observation
CA_PENALTY_EVIDENCE,,920000052,10,,,NO,,NO,UNRESOLVED,NO,FACID absent from owned row-level state observations
CA_PENALTY_EVIDENCE,,920000053,13,ca-cdph-healthcare-facility-locations,920000053,YES,a50711e5-fca6-4b2e-9191-ad8e5c75d39f,NO,ALREADY_OWNED_EXACT,NO,Exact FACID in production state observation
CA_PENALTY_EVIDENCE,,920000054,4,ca-cdph-healthcare-facility-locations,920000054,YES,ea26bd92-68e5-4c0d-8662-d62ea0158f0c,NO,ALREADY_OWNED_EXACT,NO,Exact FACID in production state observation
CA_PENALTY_EVIDENCE,,920000055,9,ca-cdph-healthcare-facility-locations,920000055,YES,b63cc0a6-c868-4033-8777-ff66c2adae42,NO,ALREADY_OWNED_EXACT,NO,Exact FACID in production state observation
CA_PENALTY_EVIDENCE,,920000056,10,ca-cdph-healthcare-facility-locations,920000056,YES,e8ba6aa5-a6d3-4746-bcff-8d3732160491,NO,ALREADY_OWNED_EXACT,NO,Exact FACID in production state observation
CA_PENALTY_EVIDENCE,,920000057,5,ca-cdph-healthcare-facility-locations,920000057,YES,66903cc9-49be-478d-aabb-6a2087634098,NO,ALREADY_OWNED_EXACT,NO,Exact FACID in production state observation
CA_PENALTY_EVIDENCE,,920000058,14,ca-cdph-healthcare-facility-locations,920000058,YES,5a89f782-97af-4e5a-aa9f-4b1e6613895a,NO,ALREADY_OWNED_EXACT,NO,Exact FACID in production state observation
CA_PENALTY_EVIDENCE,,920000059,7,ca-cdph-healthcare-facility-locations,920000059,YES,dea5aee0-b37d-4791-9036-47fa5059ea04,NO,ALREADY_OWNED_EXACT,NO,Exact FACID in production state observation
CA_PENALTY_EVIDENCE,,920000061,14,ca-cdph-healthcare-facility-locations,920000061,YES,986a7a59-23fb-4b73-a144-5ca3c7157b63,NO,ALREADY_OWNED_EXACT,NO,Exact FACID in production state observation
CA_PENALTY_EVIDENCE,,920000062,5,ca-cdph-healthcare-facility-locations,920000062,YES,3f149694-c3f9-4453-bd28-e131e8f2a5a3,NO,ALREADY_OWNED_EXACT,NO,Exact FACID in production state observation
CA_PENALTY_EVIDENCE,,920000063,9,ca-cdph-healthcare-facility-locations,920000063,YES,8d74b144-070b-4be0-af30-dcb3d5e1f82b,NO,ALREADY_OWNED_EXACT,NO,Exact FACID in production state observation
CA_PENALTY_EVIDENCE,,920000064,6,ca-cdph-healthcare-facility-locations,920000064,YES,fe1e4993-95ed-4f98-b7cd-f4927f792776,NO,ALREADY_OWNED_EXACT,NO,Exact FACID in production state observation
CA_PENALTY_EVIDENCE,,920000066,4,ca-cdph-healthcare-facility-locations,920000066,YES,ad95cced-fef7-44b3-8358-0be9f826414e,NO,ALREADY_OWNED_EXACT,NO,Exact FACID in production state observation
CA_PENALTY_EVIDENCE,,920000067,23,ca-cdph-healthcare-facility-locations,920000067,YES,9cabc2ad-24b7-4c33-be21-7af14f8726ca,NO,ALREADY_OWNED_EXACT,NO,Exact FACID in production state observation
CA_PENALTY_EVIDENCE,,920000068,10,ca-cdph-healthcare-facility-locations,920000068,YES,c3a79296-f594-4af3-9c6f-8d0d387af765,NO,ALREADY_OWNED_EXACT,NO,Exact FACID in production state observation
CA_PENALTY_EVIDENCE,,920000069,5,ca-cdph-healthcare-facility-locations,920000069,YES,4b31bea0-5d65-4be4-8268-da4521164a70,NO,ALREADY_OWNED_EXACT,NO,Exact FACID in production state observation
CA_PENALTY_EVIDENCE,,920000071,16,ca-cdph-healthcare-facility-locations,920000071,YES,517b895e-6055-4171-b162-6e0b4d692dc4,NO,ALREADY_OWNED_EXACT,NO,Exact FACID in production state observation
CA_PENALTY_EVIDENCE,,920000073,7,ca-cdph-healthcare-facility-locations,920000073,YES,9a442b72-748d-42f8-af45-1e3759e44e66,NO,ALREADY_OWNED_EXACT,NO,Exact FACID in production state observation
CA_PENALTY_EVIDENCE,,920000074,4,ca-cdph-healthcare-facility-locations,920000074,YES,6452503e-00e3-4703-82da-ba27e8e3595b,NO,ALREADY_OWNED_EXACT,NO,Exact FACID in production state observation
CA_PENALTY_EVIDENCE,,920000075,16,ca-cdph-healthcare-facility-locations,920000075,YES,04786542-8749-4563-9a15-b77a5ed5b8e5,NO,ALREADY_OWNED_EXACT,NO,Exact FACID in production state observation
CA_PENALTY_EVIDENCE,,920000076,6,ca-cdph-healthcare-facility-locations,920000076,YES,eaf7a748-fd9b-47e6-89d3-d3c450d4df86,NO,ALREADY_OWNED_EXACT,NO,Exact FACID in production state observation
CA_PENALTY_EVIDENCE,,920000077,8,ca-cdph-healthcare-facility-locations,920000077,YES,10b93f43-8448-47bc-ba79-ef130543d2b5,NO,ALREADY_OWNED_EXACT,NO,Exact FACID in production state observation
CA_PENALTY_EVIDENCE,,920000078,17,ca-cdph-healthcare-facility-locations,920000078,YES,844aeadc-7d4f-430b-8661-4c77fd4e0218,NO,ALREADY_OWNED_EXACT,NO,Exact FACID in production state observation
CA_PENALTY_EVIDENCE,,920000082,6,ca-cdph-healthcare-facility-locations,920000082,YES,e0400152-35a3-4cc9-931f-ac14cf29dbb9,NO,ALREADY_OWNED_EXACT,NO,Exact FACID in production state observation
CA_PENALTY_EVIDENCE,,920000083,7,ca-cdph-healthcare-facility-locations,920000083,YES,85982d74-7810-4a66-b531-4852bc21a389,NO,ALREADY_OWNED_EXACT,NO,Exact FACID in production state observation
CA_PENALTY_EVIDENCE,,920000084,17,ca-cdph-healthcare-facility-locations,920000084,YES,3900eec2-c866-490b-a637-2ddb645c6827,NO,ALREADY_OWNED_EXACT,NO,Exact FACID in production state observation
CA_PENALTY_EVIDENCE,,920000085,10,ca-cdph-healthcare-facility-locations,920000085,YES,605d9625-c46a-440a-81d9-6daedd38661e,NO,ALREADY_OWNED_EXACT,NO,Exact FACID in production state observation
CA_PENALTY_EVIDENCE,,920000086,6,ca-cdph-healthcare-facility-locations,920000086,YES,8f7bac20-2b3c-4ee4-87dd-c630ae081112,NO,ALREADY_OWNED_EXACT,NO,Exact FACID in production state observation
CA_PENALTY_EVIDENCE,,920000087,6,ca-cdph-healthcare-facility-locations,920000087,YES,417a4316-7500-4ab1-92bf-f704e3485252,NO,ALREADY_OWNED_EXACT,NO,Exact FACID in production state observation
CA_PENALTY_EVIDENCE,,920000088,14,ca-cdph-healthcare-facility-locations,920000088,YES,ca0c362f-3829-42a8-9ec3-06ea64f786b0,NO,ALREADY_OWNED_EXACT,NO,Exact FACID in production state observation
CA_PENALTY_EVIDENCE,,920000089,8,ca-cdph-healthcare-facility-locations,920000089,YES,1a720aa1-0fc2-4808-88f8-ecdbde7b7cba,NO,ALREADY_OWNED_EXACT,NO,Exact FACID in production state observation
CA_PENALTY_EVIDENCE,,920000090,3,ca-cdph-healthcare-facility-locations,920000090,YES,78380110-3d65-4688-8554-9eacc7d29c21,NO,ALREADY_OWNED_EXACT,NO,Exact FACID in production state observation
CA_PENALTY_EVIDENCE,,920000091,14,ca-cdph-healthcare-facility-locations,920000091,YES,eafb9c42-21e3-414c-8ccc-611410719e9f,NO,ALREADY_OWNED_EXACT,NO,Exact FACID in production state observation
CA_PENALTY_EVIDENCE,,920000092,18,ca-cdph-healthcare-facility-locations,920000092,YES,7db88934-d7cb-4e07-9d9f-8128e0089514,NO,ALREADY_OWNED_EXACT,NO,Exact FACID in production state observation
CA_PENALTY_EVIDENCE,,920000269,1,ca-cdph-healthcare-facility-locations,920000269,YES,de1f1c38-fc98-4614-94c5-f778fc163ee7,NO,ALREADY_OWNED_EXACT,NO,Exact FACID in production state observation
CA_PENALTY_EVIDENCE,,920000280,14,ca-cdph-healthcare-facility-locations,920000280,YES,7f67e550-1d26-41d3-bd18-03e5d25780fd,NO,ALREADY_OWNED_EXACT,NO,Exact FACID in production state observation
CA_PENALTY_EVIDENCE,,920000289,20,ca-cdph-healthcare-facility-locations,920000289,NO,,NO,UNRESOLVED,NO,FACID in owned observation but no linked provider
CA_PENALTY_EVIDENCE,,920000292,7,ca-cdph-healthcare-facility-locations,920000292,YES,fa670033-bc52-41be-9456-b1781d493431,NO,ALREADY_OWNED_EXACT,NO,Exact FACID in production state observation
CA_PENALTY_EVIDENCE,,920000302,21,ca-cdph-healthcare-facility-locations,920000302,YES,0d6f9c1f-2a1a-468c-a874-2445250dec87,NO,ALREADY_OWNED_EXACT,NO,Exact FACID in production state observation
CA_PENALTY_EVIDENCE,,920000304,5,ca-cdph-healthcare-facility-locations,920000304,YES,2eecbb1d-bc71-48b5-ad59-ddb3f11ae2a1,NO,ALREADY_OWNED_EXACT,NO,Exact FACID in production state observation
CA_PENALTY_EVIDENCE,,920000306,1,ca-cdph-healthcare-facility-locations,920000306,YES,e3fad402-ab93-4bc9-bd92-95e36cc336ba,NO,ALREADY_OWNED_EXACT,NO,Exact FACID in production state observation
CA_PENALTY_EVIDENCE,,920000310,7,ca-cdph-healthcare-facility-locations,920000310,YES,9d1c9856-9a8f-4ab3-880c-5337607c03ac,NO,ALREADY_OWNED_EXACT,NO,Exact FACID in production state observation
CA_PENALTY_EVIDENCE,,920000312,6,ca-cdph-healthcare-facility-locations,920000312,YES,775e4c6b-a79f-43c4-8a88-68b4372a251b,NO,ALREADY_OWNED_EXACT,NO,Exact FACID in production state observation
CA_PENALTY_EVIDENCE,,930000002,6,,,NO,,NO,UNRESOLVED,NO,FACID absent from owned row-level state observations
CA_PENALTY_EVIDENCE,,930000003,1,,,NO,,NO,UNRESOLVED,NO,FACID absent from owned row-level state observations
CA_PENALTY_EVIDENCE,,930000004,8,,,NO,,NO,UNRESOLVED,NO,FACID absent from owned row-level state observations
CA_PENALTY_EVIDENCE,,930000008,6,,,NO,,NO,UNRESOLVED,NO,FACID absent from owned row-level state observations
CA_PENALTY_EVIDENCE,,930000012,2,,,NO,,NO,UNRESOLVED,NO,FACID absent from owned row-level state observations
CA_PENALTY_EVIDENCE,,930000014,2,,,NO,,NO,UNRESOLVED,NO,FACID absent from owned row-level state observations
CA_PENALTY_EVIDENCE,,930000015,4,,,NO,,NO,UNRESOLVED,NO,FACID absent from owned row-level state observations
CA_PENALTY_EVIDENCE,,930000022,2,,,NO,,NO,UNRESOLVED,NO,FACID absent from owned row-level state observations
CA_PENALTY_EVIDENCE,,930000026,5,,,NO,,NO,UNRESOLVED,NO,FACID absent from owned row-level state observations
CA_PENALTY_EVIDENCE,,930000027,1,,,NO,,NO,UNRESOLVED,NO,FACID absent from owned row-level state observations
CA_PENALTY_EVIDENCE,,930000031,4,,,NO,,NO,UNRESOLVED,NO,FACID absent from owned row-level state observations
CA_PENALTY_EVIDENCE,,930000032,4,,,NO,,NO,UNRESOLVED,NO,FACID absent from owned row-level state observations
CA_PENALTY_EVIDENCE,,930000033,2,,,NO,,NO,UNRESOLVED,NO,FACID absent from owned row-level state observations
CA_PENALTY_EVIDENCE,,930000034,3,,,NO,,NO,UNRESOLVED,NO,FACID absent from owned row-level state observations
CA_PENALTY_EVIDENCE,,930000035,1,,,NO,,NO,UNRESOLVED,NO,FACID absent from owned row-level state observations
CA_PENALTY_EVIDENCE,,930000036,5,,,NO,,NO,UNRESOLVED,NO,FACID absent from owned row-level state observations
CA_PENALTY_EVIDENCE,,930000038,1,,,NO,,NO,UNRESOLVED,NO,FACID absent from owned row-level state observations
CA_PENALTY_EVIDENCE,,930000039,3,,,NO,,NO,UNRESOLVED,NO,FACID absent from owned row-level state observations
CA_PENALTY_EVIDENCE,,930000040,2,,,NO,,NO,UNRESOLVED,NO,FACID absent from owned row-level state observations
CA_PENALTY_EVIDENCE,,930000041,2,,,NO,,NO,UNRESOLVED,NO,FACID absent from owned row-level state observations
CA_PENALTY_EVIDENCE,,930000044,1,,,NO,,NO,UNRESOLVED,NO,FACID absent from owned row-level state observations
CA_PENALTY_EVIDENCE,,930000047,2,,,NO,,NO,UNRESOLVED,NO,FACID absent from owned row-level state observations
CA_PENALTY_EVIDENCE,,930000049,4,,,NO,,NO,UNRESOLVED,NO,FACID absent from owned row-level state observations
CA_PENALTY_EVIDENCE,,930000050,2,,,NO,,NO,UNRESOLVED,NO,FACID absent from owned row-level state observations
CA_PENALTY_EVIDENCE,,930000052,2,,,NO,,NO,UNRESOLVED,NO,FACID absent from owned row-level state observations
CA_PENALTY_EVIDENCE,,930000058,1,,,NO,,NO,UNRESOLVED,NO,FACID absent from owned row-level state observations
CA_PENALTY_EVIDENCE,,930000059,1,,,NO,,NO,UNRESOLVED,NO,FACID absent from owned row-level state observations
CA_PENALTY_EVIDENCE,,930000062,1,,,NO,,NO,UNRESOLVED,NO,FACID absent from owned row-level state observations
CA_PENALTY_EVIDENCE,,930000063,5,,,NO,,NO,UNRESOLVED,NO,FACID absent from owned row-level state observations
CA_PENALTY_EVIDENCE,,930000064,3,,,NO,,NO,UNRESOLVED,NO,FACID absent from owned row-level state observations
CA_PENALTY_EVIDENCE,,930000065,7,,,NO,,NO,UNRESOLVED,NO,FACID absent from owned row-level state observations
CA_PENALTY_EVIDENCE,,930000068,2,,,NO,,NO,UNRESOLVED,NO,FACID absent from owned row-level state observations
CA_PENALTY_EVIDENCE,,930000070,3,,,NO,,NO,UNRESOLVED,NO,FACID absent from owned row-level state observations
CA_PENALTY_EVIDENCE,,930000071,3,,,NO,,NO,UNRESOLVED,NO,FACID absent from owned row-level state observations
CA_PENALTY_EVIDENCE,,930000072,3,,,NO,,NO,UNRESOLVED,NO,FACID absent from owned row-level state observations
CA_PENALTY_EVIDENCE,,930000074,3,,,NO,,NO,UNRESOLVED,NO,FACID absent from owned row-level state observations
CA_PENALTY_EVIDENCE,,930000076,1,,,NO,,NO,UNRESOLVED,NO,FACID absent from owned row-level state observations
CA_PENALTY_EVIDENCE,,930000077,2,,,NO,,NO,UNRESOLVED,NO,FACID absent from owned row-level state observations
CA_PENALTY_EVIDENCE,,930000082,1,,,NO,,NO,UNRESOLVED,NO,FACID absent from owned row-level state observations
CA_PENALTY_EVIDENCE,,930000085,4,,,NO,,NO,UNRESOLVED,NO,FACID absent from owned row-level state observations
CA_PENALTY_EVIDENCE,,930000086,1,,,NO,,NO,UNRESOLVED,NO,FACID absent from owned row-level state observations
CA_PENALTY_EVIDENCE,,930000088,9,,,NO,,NO,UNRESOLVED,NO,FACID absent from owned row-level state observations
CA_PENALTY_EVIDENCE,,930000089,3,,,NO,,NO,UNRESOLVED,NO,FACID absent from owned row-level state observations
CA_PENALTY_EVIDENCE,,930000092,1,,,NO,,NO,UNRESOLVED,NO,FACID absent from owned row-level state observations
CA_PENALTY_EVIDENCE,,930000093,4,,,NO,,NO,UNRESOLVED,NO,FACID absent from owned row-level state observations
CA_PENALTY_EVIDENCE,,930000095,4,,,NO,,NO,UNRESOLVED,NO,FACID absent from owned row-level state observations
CA_PENALTY_EVIDENCE,,930000096,2,,,NO,,NO,UNRESOLVED,NO,FACID absent from owned row-level state observations
CA_PENALTY_EVIDENCE,,930000100,6,,,NO,,NO,UNRESOLVED,NO,FACID absent from owned row-level state observations
CA_PENALTY_EVIDENCE,,930000101,3,,,NO,,NO,UNRESOLVED,NO,FACID absent from owned row-level state observations
CA_PENALTY_EVIDENCE,,930000103,3,,,NO,,NO,UNRESOLVED,NO,FACID absent from owned row-level state observations
CA_PENALTY_EVIDENCE,,930000104,2,,,NO,,NO,UNRESOLVED,NO,FACID absent from owned row-level state observations
CA_PENALTY_EVIDENCE,,930000108,2,,,NO,,NO,UNRESOLVED,NO,FACID absent from owned row-level state observations
CA_PENALTY_EVIDENCE,,930000109,3,,,NO,,NO,UNRESOLVED,NO,FACID absent from owned row-level state observations
CA_PENALTY_EVIDENCE,,930000111,4,,,NO,,NO,UNRESOLVED,NO,FACID absent from owned row-level state observations
CA_PENALTY_EVIDENCE,,930000114,4,,,NO,,NO,UNRESOLVED,NO,FACID absent from owned row-level state observations
CA_PENALTY_EVIDENCE,,930000123,4,,,NO,,NO,UNRESOLVED,NO,FACID absent from owned row-level state observations
CA_PENALTY_EVIDENCE,,930000125,1,,,NO,,NO,UNRESOLVED,NO,FACID absent from owned row-level state observations
CA_PENALTY_EVIDENCE,,930000127,4,,,NO,,NO,UNRESOLVED,NO,FACID absent from owned row-level state observations
CA_PENALTY_EVIDENCE,,930000128,3,,,NO,,NO,UNRESOLVED,NO,FACID absent from owned row-level state observations
CA_PENALTY_EVIDENCE,,930000129,6,,,NO,,NO,UNRESOLVED,NO,FACID absent from owned row-level state observations
CA_PENALTY_EVIDENCE,,930000133,4,,,NO,,NO,UNRESOLVED,NO,FACID absent from owned row-level state observations
CA_PENALTY_EVIDENCE,,930000137,1,,,NO,,NO,UNRESOLVED,NO,FACID absent from owned row-level state observations
CA_PENALTY_EVIDENCE,,930000140,1,,,NO,,NO,UNRESOLVED,NO,FACID absent from owned row-level state observations
CA_PENALTY_EVIDENCE,,930000146,1,,,NO,,NO,UNRESOLVED,NO,FACID absent from owned row-level state observations
CA_PENALTY_EVIDENCE,,930000151,4,,,NO,,NO,UNRESOLVED,NO,FACID absent from owned row-level state observations
CA_PENALTY_EVIDENCE,,930000153,2,,,NO,,NO,UNRESOLVED,NO,FACID absent from owned row-level state observations
CA_PENALTY_EVIDENCE,,930000157,2,,,NO,,NO,UNRESOLVED,NO,FACID absent from owned row-level state observations
CA_PENALTY_EVIDENCE,,930000162,8,,,NO,,NO,UNRESOLVED,NO,FACID absent from owned row-level state observations
CA_PENALTY_EVIDENCE,,930000191,1,,,NO,,NO,UNRESOLVED,NO,FACID absent from owned row-level state observations
CA_PENALTY_EVIDENCE,,930000196,3,,,NO,,NO,UNRESOLVED,NO,FACID absent from owned row-level state observations
CA_PENALTY_EVIDENCE,,930000290,2,,,NO,,NO,UNRESOLVED,NO,FACID absent from owned row-level state observations
CA_PENALTY_EVIDENCE,,930000436,4,ca-cdph-healthcare-facility-locations,930000436,YES,ef4f177b-b848-4ab0-842c-01beed5a9146,NO,ALREADY_OWNED_EXACT,NO,Exact FACID in production state observation
CA_PENALTY_EVIDENCE,,930000564,4,ca-cdph-healthcare-facility-locations,930000564,YES,7680fa5a-7cc4-4616-84db-0c694c3619c4,NO,ALREADY_OWNED_EXACT,NO,Exact FACID in production state observation
CA_PENALTY_EVIDENCE,,930000575,12,ca-cdph-healthcare-facility-locations,930000575,YES,d02a4d4f-c148-4b61-90ec-b453fd04678a,NO,ALREADY_OWNED_EXACT,NO,Exact FACID in production state observation
CA_PENALTY_EVIDENCE,,930000609,2,,,NO,,NO,UNRESOLVED,NO,FACID absent from owned row-level state observations
CA_PENALTY_EVIDENCE,,930000611,8,ca-cdph-healthcare-facility-locations,930000611,YES,c6c956b2-1311-4497-8fe2-9848cf7ec8f3,NO,ALREADY_OWNED_EXACT,NO,Exact FACID in production state observation
CA_PENALTY_EVIDENCE,,930000622,1,,,NO,,NO,UNRESOLVED,NO,FACID absent from owned row-level state observations
CA_PENALTY_EVIDENCE,,930000681,2,ca-cdph-healthcare-facility-locations,930000681,YES,cfec6b7e-8abf-41f9-8757-ce2afb47145c,NO,ALREADY_OWNED_EXACT,NO,Exact FACID in production state observation
CA_PENALTY_EVIDENCE,,930000744,8,ca-cdph-healthcare-facility-locations,930000744,YES,f7f87f6f-51c9-458e-8a24-dcc0cc17b25c,NO,ALREADY_OWNED_EXACT,NO,Exact FACID in production state observation
CA_PENALTY_EVIDENCE,,930000773,4,ca-cdph-healthcare-facility-locations,930000773,YES,a7b99533-bc0b-4d19-b6ca-622d5dbfefb4,NO,ALREADY_OWNED_EXACT,NO,Exact FACID in production state observation
CA_PENALTY_EVIDENCE,,930000793,1,ca-cdph-healthcare-facility-locations,930000793,YES,5650644a-4ed1-4bf6-9ea7-e28963fb4fcf,NO,ALREADY_OWNED_EXACT,NO,Exact FACID in production state observation
CA_PENALTY_EVIDENCE,,930000822,1,ca-cdph-healthcare-facility-locations,930000822,YES,ed4286c6-e5b2-4b9e-beb4-4138b6f2b98e,NO,ALREADY_OWNED_EXACT,NO,Exact FACID in production state observation
CA_PENALTY_EVIDENCE,,930000865,1,ca-cdph-healthcare-facility-locations,930000865,YES,54ea521e-eef8-4dcd-98d4-f2bd37d5953f,NO,ALREADY_OWNED_EXACT,NO,Exact FACID in production state observation
CA_PENALTY_EVIDENCE,,930000889,1,,,NO,,NO,UNRESOLVED,NO,FACID absent from owned row-level state observations
CA_PENALTY_EVIDENCE,,930000904,6,ca-cdph-healthcare-facility-locations,930000904,YES,3940c4a5-675d-4942-a38f-bfeb9a9db35c,NO,ALREADY_OWNED_EXACT,NO,Exact FACID in production state observation
CA_PENALTY_EVIDENCE,,930000911,1,,,NO,,NO,UNRESOLVED,NO,FACID absent from owned row-level state observations
CA_PENALTY_EVIDENCE,,930000912,14,,,NO,,NO,UNRESOLVED,NO,FACID absent from owned row-level state observations
CA_PENALTY_EVIDENCE,,930001154,2,,,NO,,NO,UNRESOLVED,NO,FACID absent from owned row-level state observations
CA_PENALTY_EVIDENCE,,930001185,1,,,NO,,NO,UNRESOLVED,NO,FACID absent from owned row-level state observations
CA_PENALTY_EVIDENCE,,930001309,1,,,NO,,NO,UNRESOLVED,NO,FACID absent from owned row-level state observations
CA_PENALTY_EVIDENCE,,930001463,3,ca-cdph-healthcare-facility-locations,930001463,YES,b014df7f-c19c-48db-9054-fb8aa61d88c4,NO,ALREADY_OWNED_EXACT,NO,Exact FACID in production state observation
CA_PENALTY_EVIDENCE,,930001498,1,ca-cdph-healthcare-facility-locations,930001498,YES,70013b71-2576-4080-80db-75f1c9b10fa0,NO,ALREADY_OWNED_EXACT,NO,Exact FACID in production state observation
CA_PENALTY_EVIDENCE,,930001543,5,,,NO,,NO,UNRESOLVED,NO,FACID absent from owned row-level state observations
CA_PENALTY_EVIDENCE,,930001544,1,,,NO,,NO,UNRESOLVED,NO,FACID absent from owned row-level state observations
CA_PENALTY_EVIDENCE,,930001551,1,,,NO,,NO,UNRESOLVED,NO,FACID absent from owned row-level state observations
CA_PENALTY_EVIDENCE,,930001552,1,ca-cdph-healthcare-facility-locations,930001552,YES,e136bb46-8c5a-499d-a94c-2f4555d14656,NO,ALREADY_OWNED_EXACT,NO,Exact FACID in production state observation
CA_PENALTY_EVIDENCE,,930001558,3,ca-cdph-healthcare-facility-locations,930001558,YES,cd799089-3e42-4553-8223-a1ba3359f3ec,NO,ALREADY_OWNED_EXACT,NO,Exact FACID in production state observation
CA_PENALTY_EVIDENCE,,930001561,4,ca-cdph-healthcare-facility-locations,930001561,YES,d88d6e48-81c2-46c7-9bd2-0c2837ba1f2d,NO,ALREADY_OWNED_EXACT,NO,Exact FACID in production state observation
CA_PENALTY_EVIDENCE,,930001568,1,,,NO,,NO,UNRESOLVED,NO,FACID absent from owned row-level state observations
CA_PENALTY_EVIDENCE,,930001577,2,ca-cdph-healthcare-facility-locations,930001577,YES,e9fb39b3-cfdf-4891-b764-8a7337ff2dfb,NO,ALREADY_OWNED_EXACT,NO,Exact FACID in production state observation
CA_PENALTY_EVIDENCE,,930001607,1,,,NO,,NO,UNRESOLVED,NO,FACID absent from owned row-level state observations
CA_PENALTY_EVIDENCE,,930001611,1,,,NO,,NO,UNRESOLVED,NO,FACID absent from owned row-level state observations
CA_PENALTY_EVIDENCE,,930001709,1,,,NO,,NO,UNRESOLVED,NO,FACID absent from owned row-level state observations
CA_PENALTY_EVIDENCE,,940000001,34,ca-cdph-healthcare-facility-locations,940000001,YES,b5d24a34-cbe7-4a59-be9e-39ef8e61d5bc,NO,ALREADY_OWNED_EXACT,NO,Exact FACID in production state observation
CA_PENALTY_EVIDENCE,,940000004,13,ca-cdph-healthcare-facility-locations,940000004,YES,b4bb2678-90c3-4e43-9f47-ca015f9f5887,NO,ALREADY_OWNED_EXACT,NO,Exact FACID in production state observation
CA_PENALTY_EVIDENCE,,940000005,17,ca-cdph-healthcare-facility-locations,940000005,YES,cc3c1415-d42f-4dea-b464-cf2c360a55cb,NO,ALREADY_OWNED_EXACT,NO,Exact FACID in production state observation
CA_PENALTY_EVIDENCE,,940000006,52,ca-cdph-healthcare-facility-locations,940000006,YES,d9dc4fb7-6d3d-4600-a716-363ca55cc7ba,NO,ALREADY_OWNED_EXACT,NO,Exact FACID in production state observation
CA_PENALTY_EVIDENCE,,940000007,9,ca-cdph-healthcare-facility-locations,940000007,YES,2f4af8f7-0a16-4fa6-ac9f-b186535ca5f5,NO,ALREADY_OWNED_EXACT,NO,Exact FACID in production state observation
CA_PENALTY_EVIDENCE,,940000010,5,ca-cdph-healthcare-facility-locations,940000010,YES,debf2662-2d6a-46e0-b61f-4ce76a128813,NO,ALREADY_OWNED_EXACT,NO,Exact FACID in production state observation
CA_PENALTY_EVIDENCE,,940000011,13,ca-cdph-healthcare-facility-locations,940000011,YES,c0dc586f-4bb0-4158-8684-ee73ca2a47d3,NO,ALREADY_OWNED_EXACT,NO,Exact FACID in production state observation
CA_PENALTY_EVIDENCE,,940000012,23,ca-cdph-healthcare-facility-locations,940000012,YES,2bc2f47b-521e-4ca7-a01f-66f47272b15f,NO,ALREADY_OWNED_EXACT,NO,Exact FACID in production state observation
CA_PENALTY_EVIDENCE,,940000013,14,ca-cdph-healthcare-facility-locations,940000013,YES,20471e31-e350-4448-8318-8119024ce97e,NO,ALREADY_OWNED_EXACT,NO,Exact FACID in production state observation
CA_PENALTY_EVIDENCE,,940000014,14,ca-cdph-healthcare-facility-locations,940000014,YES,84c27b0c-aa62-4f29-b724-b5fff4b575d5,NO,ALREADY_OWNED_EXACT,NO,Exact FACID in production state observation
CA_PENALTY_EVIDENCE,,940000015,12,ca-cdph-healthcare-facility-locations,940000015,YES,73282de7-6178-461f-8d9b-11d4dabca734,NO,ALREADY_OWNED_EXACT,NO,Exact FACID in production state observation
CA_PENALTY_EVIDENCE,,940000016,6,ca-cdph-healthcare-facility-locations,940000016,YES,07d9b269-ce49-4735-95e9-9cbd9dcce2c6,NO,ALREADY_OWNED_EXACT,NO,Exact FACID in production state observation
CA_PENALTY_EVIDENCE,,940000017,14,ca-cdph-healthcare-facility-locations,940000017,YES,741b28d2-3866-427b-9676-a88cf4230ac3,NO,ALREADY_OWNED_EXACT,NO,Exact FACID in production state observation
CA_PENALTY_EVIDENCE,,940000019,22,ca-cdph-healthcare-facility-locations,940000019,YES,24b315bc-bf40-4c2b-8e18-7ecd6765e4dd,NO,ALREADY_OWNED_EXACT,NO,Exact FACID in production state observation
CA_PENALTY_EVIDENCE,,940000020,9,ca-cdph-healthcare-facility-locations,940000020,YES,ce0978fc-0da5-4ea0-a8a6-a19e42ddeaeb,NO,ALREADY_OWNED_EXACT,NO,Exact FACID in production state observation
CA_PENALTY_EVIDENCE,,940000023,18,ca-cdph-healthcare-facility-locations,940000023,YES,01689ebe-230b-4a98-9e67-f927ef6099bc,NO,ALREADY_OWNED_EXACT,NO,Exact FACID in production state observation
CA_PENALTY_EVIDENCE,,940000024,8,ca-cdph-healthcare-facility-locations,940000024,YES,db4f770f-dcac-44fe-b3e6-84effb5f8c74,NO,ALREADY_OWNED_EXACT,NO,Exact FACID in production state observation
CA_PENALTY_EVIDENCE,,940000025,20,ca-cdph-healthcare-facility-locations,940000025,YES,af489022-ad52-4d46-9a1c-43f2761eb5f5,NO,ALREADY_OWNED_EXACT,NO,Exact FACID in production state observation
CA_PENALTY_EVIDENCE,,940000026,12,ca-cdph-healthcare-facility-locations,940000026,YES,263c55ef-1828-4062-9fe2-a6f6c8e35100,NO,ALREADY_OWNED_EXACT,NO,Exact FACID in production state observation
CA_PENALTY_EVIDENCE,,940000029,16,ca-cdph-healthcare-facility-locations,940000029,YES,47d7a7e3-b9e8-47da-8a5c-8148577bf738,NO,ALREADY_OWNED_EXACT,NO,Exact FACID in production state observation
CA_PENALTY_EVIDENCE,,940000030,4,ca-cdph-healthcare-facility-locations,940000030,YES,3a04cb95-f8bb-4eeb-b277-e32b91038485,NO,ALREADY_OWNED_EXACT,NO,Exact FACID in production state observation
CA_PENALTY_EVIDENCE,,940000031,19,ca-cdph-healthcare-facility-locations,940000031,YES,fba6016a-c7fe-4a0a-a73e-4aabeae4c069,NO,ALREADY_OWNED_EXACT,NO,Exact FACID in production state observation
CA_PENALTY_EVIDENCE,,940000033,14,ca-cdph-healthcare-facility-locations,940000033,YES,c190f8be-b4c6-4551-a55e-1db519ac90ee,NO,ALREADY_OWNED_EXACT,NO,Exact FACID in production state observation
CA_PENALTY_EVIDENCE,,940000034,17,ca-cdph-healthcare-facility-locations,940000034,YES,30f6a9b3-74ed-456b-8a8e-f3f2eba91c6e,NO,ALREADY_OWNED_EXACT,NO,Exact FACID in production state observation
CA_PENALTY_EVIDENCE,,940000036,19,ca-cdph-healthcare-facility-locations,940000036,YES,cf83d353-f2fa-4aee-8900-1ce70d9b61b2,NO,ALREADY_OWNED_EXACT,NO,Exact FACID in production state observation
CA_PENALTY_EVIDENCE,,940000037,26,ca-cdph-healthcare-facility-locations,940000037,YES,74bcb4b8-282d-41ae-b147-6baf8438a16f,NO,ALREADY_OWNED_EXACT,NO,Exact FACID in production state observation
CA_PENALTY_EVIDENCE,,940000040,26,ca-cdph-healthcare-facility-locations,940000040,YES,dd123218-da87-4f8f-881a-fdf2ad40116c,NO,ALREADY_OWNED_EXACT,NO,Exact FACID in production state observation
CA_PENALTY_EVIDENCE,,940000041,39,,,NO,,NO,UNRESOLVED,NO,FACID absent from owned row-level state observations
CA_PENALTY_EVIDENCE,,940000042,14,ca-cdph-healthcare-facility-locations,940000042,YES,8083bd89-c0c0-4ccd-a997-9d86f20ea3a4,NO,ALREADY_OWNED_EXACT,NO,Exact FACID in production state observation
CA_PENALTY_EVIDENCE,,940000043,11,ca-cdph-healthcare-facility-locations,940000043,YES,c8ce3582-1589-4e57-bd26-5cfd06abc128,NO,ALREADY_OWNED_EXACT,NO,Exact FACID in production state observation
CA_PENALTY_EVIDENCE,,940000044,9,ca-cdph-healthcare-facility-locations,940000044,YES,cc227b92-35dc-4944-ade8-3163e0e32a51,NO,ALREADY_OWNED_EXACT,NO,Exact FACID in production state observation
CA_PENALTY_EVIDENCE,,940000046,15,ca-cdph-healthcare-facility-locations,940000046,YES,c4d30e22-7eae-4e03-8864-52f1b34fbc0a,NO,ALREADY_OWNED_EXACT,NO,Exact FACID in production state observation
CA_PENALTY_EVIDENCE,,940000047,18,ca-cdph-healthcare-facility-locations,940000047,YES,72e7ee1d-9815-4a5b-a134-5952616190c4,NO,ALREADY_OWNED_EXACT,NO,Exact FACID in production state observation
CA_PENALTY_EVIDENCE,,940000048,8,ca-cdph-healthcare-facility-locations,940000048,YES,cc9fa10e-29ee-45fe-98d4-09258a11b15e,NO,ALREADY_OWNED_EXACT,NO,Exact FACID in production state observation
CA_PENALTY_EVIDENCE,,940000049,17,ca-cdph-healthcare-facility-locations,940000049,YES,1cc7dd95-2b69-4d2f-9a6b-50f88a31a7aa,NO,ALREADY_OWNED_EXACT,NO,Exact FACID in production state observation
CA_PENALTY_EVIDENCE,,940000050,28,ca-cdph-healthcare-facility-locations,940000050,YES,229c5156-60f1-4711-a2d6-90b22f1bf1ae,NO,ALREADY_OWNED_EXACT,NO,Exact FACID in production state observation
CA_PENALTY_EVIDENCE,,940000051,35,ca-cdph-healthcare-facility-locations,940000051,YES,163ca903-4d9d-40fb-b066-9cacb8daee81,NO,ALREADY_OWNED_EXACT,NO,Exact FACID in production state observation
CA_PENALTY_EVIDENCE,,940000053,30,ca-cdph-healthcare-facility-locations,940000053,YES,e8c76094-eeb6-4942-933f-3f942c9a9e8a,NO,ALREADY_OWNED_EXACT,NO,Exact FACID in production state observation
CA_PENALTY_EVIDENCE,,940000056,37,ca-cdph-healthcare-facility-locations,940000056,YES,7e395cbf-df5e-4b52-b4ba-bb4814b5313e,NO,ALREADY_OWNED_EXACT,NO,Exact FACID in production state observation
CA_PENALTY_EVIDENCE,,940000057,16,ca-cdph-healthcare-facility-locations,940000057,YES,fedf4fb9-68ec-4580-9169-6acff0c47e75,NO,ALREADY_OWNED_EXACT,NO,Exact FACID in production state observation
CA_PENALTY_EVIDENCE,,940000062,6,ca-cdph-healthcare-facility-locations,940000062,YES,0a68cd93-9a23-4c96-b180-5f1a96d33e64,NO,ALREADY_OWNED_EXACT,NO,Exact FACID in production state observation
CA_PENALTY_EVIDENCE,,940000063,14,ca-cdph-healthcare-facility-locations,940000063,YES,d5e46891-cf4d-471f-bcf9-1a313628ac28,NO,ALREADY_OWNED_EXACT,NO,Exact FACID in production state observation
CA_PENALTY_EVIDENCE,,940000064,14,ca-cdph-healthcare-facility-locations,940000064,YES,4e260b19-1c05-475c-a9d6-4d5f4a48ffb0,NO,ALREADY_OWNED_EXACT,NO,Exact FACID in production state observation
CA_PENALTY_EVIDENCE,,940000065,20,ca-cdph-healthcare-facility-locations,940000065,YES,35b83a7a-d535-438a-a5cc-8f48901cb1c6,NO,ALREADY_OWNED_EXACT,NO,Exact FACID in production state observation
CA_PENALTY_EVIDENCE,,940000069,8,ca-cdph-healthcare-facility-locations,940000069,YES,265fed10-5cc3-4d14-8d00-87aac236bad6,NO,ALREADY_OWNED_EXACT,NO,Exact FACID in production state observation
CA_PENALTY_EVIDENCE,,940000070,11,ca-cdph-healthcare-facility-locations,940000070,YES,e843ea0f-25fd-4141-9c36-aa62a9f53936,NO,ALREADY_OWNED_EXACT,NO,Exact FACID in production state observation
CA_PENALTY_EVIDENCE,,940000071,13,ca-cdph-healthcare-facility-locations,940000071,YES,0087304b-0496-4634-9348-39940bc5f77e,NO,ALREADY_OWNED_EXACT,NO,Exact FACID in production state observation
CA_PENALTY_EVIDENCE,,940000072,3,ca-cdph-healthcare-facility-locations,940000072,YES,b714bfc8-4338-4dd7-bd0c-f489e861913d,NO,ALREADY_OWNED_EXACT,NO,Exact FACID in production state observation
CA_PENALTY_EVIDENCE,,940000073,8,ca-cdph-healthcare-facility-locations,940000073,YES,9a7ab087-eb05-48c8-b504-46d373b68eff,NO,ALREADY_OWNED_EXACT,NO,Exact FACID in production state observation
CA_PENALTY_EVIDENCE,,940000074,30,ca-cdph-healthcare-facility-locations,940000074,YES,a85e701b-0a5e-4f4a-afed-f1c00dffc6f7,NO,ALREADY_OWNED_EXACT,NO,Exact FACID in production state observation
CA_PENALTY_EVIDENCE,,940000076,9,ca-cdph-healthcare-facility-locations,940000076,YES,a7a1e54f-f9bc-491d-a370-33cf7fff4a50,NO,ALREADY_OWNED_EXACT,NO,Exact FACID in production state observation
CA_PENALTY_EVIDENCE,,940000077,5,ca-cdph-healthcare-facility-locations,940000077,YES,e46a3af4-3841-4e3c-8d19-7b7ad16d97f5,NO,ALREADY_OWNED_EXACT,NO,Exact FACID in production state observation
CA_PENALTY_EVIDENCE,,940000078,19,ca-cdph-healthcare-facility-locations,940000078,YES,b1c00232-855b-4336-a819-03a4da21ff6b,NO,ALREADY_OWNED_EXACT,NO,Exact FACID in production state observation
CA_PENALTY_EVIDENCE,,940000079,4,ca-cdph-healthcare-facility-locations,940000079,YES,0f3a6cc5-32d5-442d-827f-a1abda534c62,NO,ALREADY_OWNED_EXACT,NO,Exact FACID in production state observation
CA_PENALTY_EVIDENCE,,940000089,13,ca-cdph-healthcare-facility-locations,940000089,YES,0f475dca-64f0-4322-af1b-b5c56efdc20a,NO,ALREADY_OWNED_EXACT,NO,Exact FACID in production state observation
CA_PENALTY_EVIDENCE,,940000090,10,ca-cdph-healthcare-facility-locations,940000090,YES,a711004e-5682-467b-88e6-b7218bd36522,NO,ALREADY_OWNED_EXACT,NO,Exact FACID in production state observation
CA_PENALTY_EVIDENCE,,940000091,5,ca-cdph-healthcare-facility-locations,940000091,YES,65b26fc3-e545-418b-a149-6e1d26b7e840,NO,ALREADY_OWNED_EXACT,NO,Exact FACID in production state observation
CA_PENALTY_EVIDENCE,,940000092,26,ca-cdph-healthcare-facility-locations,940000092,YES,d83e4938-d4f1-4b6e-b94e-24e2cbde7206,NO,ALREADY_OWNED_EXACT,NO,Exact FACID in production state observation
CA_PENALTY_EVIDENCE,,940000093,3,ca-cdph-healthcare-facility-locations,940000093,YES,daa70002-fc31-4dab-b2e5-b26d4e46465e,NO,ALREADY_OWNED_EXACT,NO,Exact FACID in production state observation
CA_PENALTY_EVIDENCE,,940000094,30,ca-cdph-healthcare-facility-locations,940000094,YES,21393b0a-3667-4631-8a7e-3e4012fd949c,NO,ALREADY_OWNED_EXACT,NO,Exact FACID in production state observation
CA_PENALTY_EVIDENCE,,940000095,16,ca-cdph-healthcare-facility-locations,940000095,YES,17cb12a7-f6e5-4fff-bb2f-221a80f825ec,NO,ALREADY_OWNED_EXACT,NO,Exact FACID in production state observation
CA_PENALTY_EVIDENCE,,940000096,12,ca-cdph-healthcare-facility-locations,940000096,YES,f0ead427-3065-48a7-ace2-1b997a27b848,NO,ALREADY_OWNED_EXACT,NO,Exact FACID in production state observation
CA_PENALTY_EVIDENCE,,940000097,10,ca-cdph-healthcare-facility-locations,940000097,YES,30e21cb8-5ed3-4a5e-aa0e-0a6d6a0c083e,NO,ALREADY_OWNED_EXACT,NO,Exact FACID in production state observation
CA_PENALTY_EVIDENCE,,940000098,6,ca-cdph-healthcare-facility-locations,940000098,YES,9b023791-aa59-468f-8921-1fd8b1a13b18,NO,ALREADY_OWNED_EXACT,NO,Exact FACID in production state observation
CA_PENALTY_EVIDENCE,,940000099,31,ca-cdph-healthcare-facility-locations,940000099,YES,59c00127-80f4-4d5a-bdfe-6f7dd1696cfc,NO,ALREADY_OWNED_EXACT,NO,Exact FACID in production state observation
CA_PENALTY_EVIDENCE,,940000100,11,,,NO,,NO,UNRESOLVED,NO,FACID absent from owned row-level state observations
CA_PENALTY_EVIDENCE,,940000101,7,ca-cdph-healthcare-facility-locations,940000101,YES,aaa9a7ee-3a26-4824-b89c-1ade3d7892ed,NO,ALREADY_OWNED_EXACT,NO,Exact FACID in production state observation
CA_PENALTY_EVIDENCE,,940000107,23,ca-cdph-healthcare-facility-locations,940000107,YES,cffacf0f-ad44-4c7b-9a7e-5380a4a81c8a,NO,ALREADY_OWNED_EXACT,NO,Exact FACID in production state observation
CA_PENALTY_EVIDENCE,,940000109,15,ca-cdph-healthcare-facility-locations,940000109,YES,bc621a7b-889b-4753-be99-edc4d52da2cb,NO,ALREADY_OWNED_EXACT,NO,Exact FACID in production state observation
CA_PENALTY_EVIDENCE,,940000111,66,ca-cdph-healthcare-facility-locations,940000111,YES,76ddd4e0-a094-4d21-9031-9868b84d7204,NO,ALREADY_OWNED_EXACT,NO,Exact FACID in production state observation
CA_PENALTY_EVIDENCE,,940000112,16,ca-cdph-healthcare-facility-locations,940000112,YES,8b07d802-73bb-4b15-a09a-5b1459ec706c,NO,ALREADY_OWNED_EXACT,NO,Exact FACID in production state observation
CA_PENALTY_EVIDENCE,,940000115,16,ca-cdph-healthcare-facility-locations,940000115,YES,01be5e2e-84df-4f2b-92c9-082e857ee067,NO,ALREADY_OWNED_EXACT,NO,Exact FACID in production state observation
CA_PENALTY_EVIDENCE,,940000116,10,ca-cdph-healthcare-facility-locations,940000116,YES,abf851ff-f848-4942-bc67-77d75e751df4,NO,ALREADY_OWNED_EXACT,NO,Exact FACID in production state observation
CA_PENALTY_EVIDENCE,,940000117,6,ca-cdph-healthcare-facility-locations,940000117,YES,b8aa7176-8259-4ef7-be39-684b73a03a32,NO,ALREADY_OWNED_EXACT,NO,Exact FACID in production state observation
CA_PENALTY_EVIDENCE,,950000001,14,ca-cdph-healthcare-facility-locations,950000001,YES,d37cdba1-2ef5-494c-a286-552a7ede92a3,NO,ALREADY_OWNED_EXACT,NO,Exact FACID in production state observation
CA_PENALTY_EVIDENCE,,950000002,10,ca-cdph-healthcare-facility-locations,950000002,YES,6fa01ac7-f162-4141-8cd3-0205b4975052,NO,ALREADY_OWNED_EXACT,NO,Exact FACID in production state observation
CA_PENALTY_EVIDENCE,,950000003,9,ca-cdph-healthcare-facility-locations,950000003,YES,8a154ac3-b6fb-492f-9ecf-8283e388d9f1,NO,ALREADY_OWNED_EXACT,NO,Exact FACID in production state observation
CA_PENALTY_EVIDENCE,,950000006,11,ca-cdph-healthcare-facility-locations,950000006,YES,03689ae1-96ed-4d62-86c2-43f83dc4274d,NO,ALREADY_OWNED_EXACT,NO,Exact FACID in production state observation
CA_PENALTY_EVIDENCE,,950000007,21,ca-cdph-healthcare-facility-locations,950000007,YES,460dba4c-86b3-427c-8941-0b0436be8a8b,NO,ALREADY_OWNED_EXACT,NO,Exact FACID in production state observation
CA_PENALTY_EVIDENCE,,950000009,29,ca-cdph-healthcare-facility-locations,950000009,YES,ef32c3e9-c652-4033-b703-dbac0b3b4e7d,NO,ALREADY_OWNED_EXACT,NO,Exact FACID in production state observation
CA_PENALTY_EVIDENCE,,950000011,14,ca-cdph-healthcare-facility-locations,950000011,YES,038064c9-f82c-46cf-a100-96f51ba877a1,NO,ALREADY_OWNED_EXACT,NO,Exact FACID in production state observation
CA_PENALTY_EVIDENCE,,950000012,18,ca-cdph-healthcare-facility-locations,950000012,YES,46db5cdb-2c28-41db-9ab5-4f99d025f3fd,NO,ALREADY_OWNED_EXACT,NO,Exact FACID in production state observation
CA_PENALTY_EVIDENCE,,950000013,24,ca-cdph-healthcare-facility-locations,950000013,YES,535e61c8-c8e5-4b55-bcce-7aff7fb68139,NO,ALREADY_OWNED_EXACT,NO,Exact FACID in production state observation
CA_PENALTY_EVIDENCE,,950000014,11,ca-cdph-healthcare-facility-locations,950000014,YES,8c9e9cf7-9ac2-4e1e-8014-d08ddb3c0e0c,NO,ALREADY_OWNED_EXACT,NO,Exact FACID in production state observation
CA_PENALTY_EVIDENCE,,950000015,6,ca-cdph-healthcare-facility-locations,950000015,YES,e63fb815-38cd-4c9c-a44e-d6823e7b6398,NO,ALREADY_OWNED_EXACT,NO,Exact FACID in production state observation
CA_PENALTY_EVIDENCE,,950000018,5,ca-cdph-healthcare-facility-locations,950000018,YES,2f7970b3-809e-4b8e-a646-3331bb6c04b1,NO,ALREADY_OWNED_EXACT,NO,Exact FACID in production state observation
CA_PENALTY_EVIDENCE,,950000019,10,ca-cdph-healthcare-facility-locations,950000019,YES,2bd60e00-4220-4fcc-a1f0-17faeaba4e10,NO,ALREADY_OWNED_EXACT,NO,Exact FACID in production state observation
CA_PENALTY_EVIDENCE,,950000022,22,,,NO,,NO,UNRESOLVED,NO,FACID absent from owned row-level state observations
CA_PENALTY_EVIDENCE,,950000023,14,ca-cdph-healthcare-facility-locations,950000023,YES,856964c1-6056-41be-a230-80c2dcc6c376,NO,ALREADY_OWNED_EXACT,NO,Exact FACID in production state observation
CA_PENALTY_EVIDENCE,,950000026,10,ca-cdph-healthcare-facility-locations,950000026,YES,a20c7782-dba6-4136-95ea-d539c9c46afc,NO,ALREADY_OWNED_EXACT,NO,Exact FACID in production state observation
CA_PENALTY_EVIDENCE,,950000027,8,ca-cdph-healthcare-facility-locations,950000027,YES,6f4e44e7-c795-43fd-8a77-b99ad764263f,NO,ALREADY_OWNED_EXACT,NO,Exact FACID in production state observation
CA_PENALTY_EVIDENCE,,950000029,11,ca-cdph-healthcare-facility-locations,950000029,YES,5f9c308a-78d0-4a89-984e-854fe942adc0,NO,ALREADY_OWNED_EXACT,NO,Exact FACID in production state observation
CA_PENALTY_EVIDENCE,,950000030,5,ca-cdph-healthcare-facility-locations,950000030,YES,1e157f55-db9b-4722-8c32-3c3f08254992,NO,ALREADY_OWNED_EXACT,NO,Exact FACID in production state observation
CA_PENALTY_EVIDENCE,,950000031,17,ca-cdph-healthcare-facility-locations,950000031,YES,b5dbaf62-c1e1-4a01-9585-f26dd29a5c4a,NO,ALREADY_OWNED_EXACT,NO,Exact FACID in production state observation
CA_PENALTY_EVIDENCE,,950000032,32,ca-cdph-healthcare-facility-locations,950000032,YES,f62c91b0-2323-4625-9618-0f2448c8b104,NO,ALREADY_OWNED_EXACT,NO,Exact FACID in production state observation
CA_PENALTY_EVIDENCE,,950000033,6,ca-cdph-healthcare-facility-locations,950000033,YES,218b012f-51a6-4c29-87b0-a06b8addd2ae,NO,ALREADY_OWNED_EXACT,NO,Exact FACID in production state observation
CA_PENALTY_EVIDENCE,,950000036,16,ca-cdph-healthcare-facility-locations,950000036,NO,,NO,UNRESOLVED,NO,FACID in owned observation but no linked provider
CA_PENALTY_EVIDENCE,,950000038,5,ca-cdph-healthcare-facility-locations,950000038,YES,42cfcede-8079-4dc1-b75f-8704dd319046,NO,ALREADY_OWNED_EXACT,NO,Exact FACID in production state observation
CA_PENALTY_EVIDENCE,,950000039,4,ca-cdph-healthcare-facility-locations,950000039,YES,1f08ec37-0c85-4ce0-887c-63ded5fde426,NO,ALREADY_OWNED_EXACT,NO,Exact FACID in production state observation
CA_PENALTY_EVIDENCE,,950000040,4,ca-cdph-healthcare-facility-locations,950000040,YES,dc7871ea-ee75-4bac-9670-3418d6d9fc54,NO,ALREADY_OWNED_EXACT,NO,Exact FACID in production state observation
CA_PENALTY_EVIDENCE,,950000041,14,ca-cdph-healthcare-facility-locations,950000041,YES,0519c6af-1307-4ab4-bfe1-2307deb16536,NO,ALREADY_OWNED_EXACT,NO,Exact FACID in production state observation
CA_PENALTY_EVIDENCE,,950000042,19,ca-cdph-healthcare-facility-locations,950000042,YES,99ef9ef0-7f5a-4d61-b876-3b486c6f5370,NO,ALREADY_OWNED_EXACT,NO,Exact FACID in production state observation
CA_PENALTY_EVIDENCE,,950000044,9,ca-cdph-healthcare-facility-locations,950000044,YES,4a936efb-9228-4bc6-8b22-9bc103dcbd0a,NO,ALREADY_OWNED_EXACT,NO,Exact FACID in production state observation
CA_PENALTY_EVIDENCE,,950000045,7,ca-cdph-healthcare-facility-locations,950000045,YES,2d0dc498-cac2-4bce-8498-77c8e2226b54,NO,ALREADY_OWNED_EXACT,NO,Exact FACID in production state observation
CA_PENALTY_EVIDENCE,,950000046,5,ca-cdph-healthcare-facility-locations,950000046,YES,516a9fc4-884d-48c7-8b7e-faca243ee935,NO,ALREADY_OWNED_EXACT,NO,Exact FACID in production state observation
CA_PENALTY_EVIDENCE,,950000047,9,ca-cdph-healthcare-facility-locations,950000047,YES,456563ca-5c82-4688-b177-74b9c405b73f,NO,ALREADY_OWNED_EXACT,NO,Exact FACID in production state observation
CA_PENALTY_EVIDENCE,,950000048,11,ca-cdph-healthcare-facility-locations,950000048,YES,8ce7a3fa-9c3a-4eb5-b728-8aa4568a572a,NO,ALREADY_OWNED_EXACT,NO,Exact FACID in production state observation
CA_PENALTY_EVIDENCE,,950000049,18,ca-cdph-healthcare-facility-locations,950000049,YES,0e13a423-7d6b-442f-854e-7f388b51f4ac,NO,ALREADY_OWNED_EXACT,NO,Exact FACID in production state observation
CA_PENALTY_EVIDENCE,,950000050,8,ca-cdph-healthcare-facility-locations,950000050,YES,948f7d72-2cbc-4b80-9166-70dbf8c4b1b9,NO,ALREADY_OWNED_EXACT,NO,Exact FACID in production state observation
CA_PENALTY_EVIDENCE,,950000051,1,,,NO,,NO,UNRESOLVED,NO,FACID absent from owned row-level state observations
CA_PENALTY_EVIDENCE,,950000052,21,ca-cdph-healthcare-facility-locations,950000052,YES,e97f0367-4d21-49f1-a566-f4d562f50404,NO,ALREADY_OWNED_EXACT,NO,Exact FACID in production state observation
CA_PENALTY_EVIDENCE,,950000053,4,ca-cdph-healthcare-facility-locations,950000053,YES,7b710ab1-30fd-4581-89d0-154f614396e0,NO,ALREADY_OWNED_EXACT,NO,Exact FACID in production state observation
CA_PENALTY_EVIDENCE,,950000054,5,ca-cdph-healthcare-facility-locations,950000054,YES,dbe4d337-c401-49b7-88e8-97d3fad4de0f,NO,ALREADY_OWNED_EXACT,NO,Exact FACID in production state observation
CA_PENALTY_EVIDENCE,,950000056,3,ca-cdph-healthcare-facility-locations,950000056,YES,2219c55a-6af2-4189-9d50-b0517ca3f863,NO,ALREADY_OWNED_EXACT,NO,Exact FACID in production state observation
CA_PENALTY_EVIDENCE,,950000057,4,ca-cdph-healthcare-facility-locations,950000057,YES,4f6d5472-4a18-4b62-8643-7bd7b2b424c6,NO,ALREADY_OWNED_EXACT,NO,Exact FACID in production state observation
CA_PENALTY_EVIDENCE,,950000058,16,ca-cdph-healthcare-facility-locations,950000058,YES,54c3960b-22b6-482b-a182-b4d9e8580068,NO,ALREADY_OWNED_EXACT,NO,Exact FACID in production state observation
CA_PENALTY_EVIDENCE,,950000060,9,ca-cdph-healthcare-facility-locations,950000060,YES,9d7db44b-763e-466d-ad5b-3a361ab886d0,NO,ALREADY_OWNED_EXACT,NO,Exact FACID in production state observation
CA_PENALTY_EVIDENCE,,950000061,11,ca-cdph-healthcare-facility-locations,950000061,YES,ba4a4217-abd9-4441-94c2-f1122f4ca8ae,NO,ALREADY_OWNED_EXACT,NO,Exact FACID in production state observation
CA_PENALTY_EVIDENCE,,950000062,18,ca-cdph-healthcare-facility-locations,950000062,YES,459f5013-d1f3-45ad-8909-cb4f6329e7e5,NO,ALREADY_OWNED_EXACT,NO,Exact FACID in production state observation
CA_PENALTY_EVIDENCE,,950000063,9,ca-cdph-healthcare-facility-locations,950000063,YES,c551aefc-f344-41f3-a9fe-b446a5adce05,NO,ALREADY_OWNED_EXACT,NO,Exact FACID in production state observation
CA_PENALTY_EVIDENCE,,950000066,23,ca-cdph-healthcare-facility-locations,950000066,YES,539f593a-1a05-4684-8133-30e3e93b56f2,NO,ALREADY_OWNED_EXACT,NO,Exact FACID in production state observation
CA_PENALTY_EVIDENCE,,950000068,7,ca-cdph-healthcare-facility-locations,950000068,YES,2ef2c5df-d22e-4446-98e2-20d1cdf598d0,NO,ALREADY_OWNED_EXACT,NO,Exact FACID in production state observation
CA_PENALTY_EVIDENCE,,950000069,2,,,NO,,NO,UNRESOLVED,NO,FACID absent from owned row-level state observations
CA_PENALTY_EVIDENCE,,950000072,1,,,NO,,NO,UNRESOLVED,NO,FACID absent from owned row-level state observations
CA_PENALTY_EVIDENCE,,950000073,13,ca-cdph-healthcare-facility-locations,950000073,YES,2ce66a7d-475e-46d0-ad4f-f2dc0282902c,NO,ALREADY_OWNED_EXACT,NO,Exact FACID in production state observation
CA_PENALTY_EVIDENCE,,950000076,15,ca-cdph-healthcare-facility-locations,950000076,YES,ba1c4b4e-641f-4a29-a717-af8b22cc3d16,NO,ALREADY_OWNED_EXACT,NO,Exact FACID in production state observation
CA_PENALTY_EVIDENCE,,950000077,7,ca-cdph-healthcare-facility-locations,950000077,YES,33667921-0488-4f89-8820-a78557359ec5,NO,ALREADY_OWNED_EXACT,NO,Exact FACID in production state observation
CA_PENALTY_EVIDENCE,,950000078,3,ca-cdph-healthcare-facility-locations,950000078,YES,33cb6c70-3d18-4d47-ac2c-1e50de42de6d,NO,ALREADY_OWNED_EXACT,NO,Exact FACID in production state observation
CA_PENALTY_EVIDENCE,,950000079,36,ca-cdph-healthcare-facility-locations,950000079,YES,dafee3d8-5228-481a-9b24-272051329054,NO,ALREADY_OWNED_EXACT,NO,Exact FACID in production state observation
CA_PENALTY_EVIDENCE,,950000081,43,ca-cdph-healthcare-facility-locations,950000081,YES,9cdee1c4-a431-4b4f-9704-173ee773f2b9,NO,ALREADY_OWNED_EXACT,NO,Exact FACID in production state observation
CA_PENALTY_EVIDENCE,,950000083,9,ca-cdph-healthcare-facility-locations,950000083,YES,aee4037a-0790-4e70-a893-f6d0be8828f9,NO,ALREADY_OWNED_EXACT,NO,Exact FACID in production state observation
CA_PENALTY_EVIDENCE,,950000084,3,ca-cdph-healthcare-facility-locations,950000084,YES,d8f9a3fb-8603-4a2e-8070-26e2c3e78514,NO,ALREADY_OWNED_EXACT,NO,Exact FACID in production state observation
CA_PENALTY_EVIDENCE,,950000085,36,ca-cdph-healthcare-facility-locations,950000085,YES,b8a51973-4cba-48e7-9970-ac8b22b90cae,NO,ALREADY_OWNED_EXACT,NO,Exact FACID in production state observation
CA_PENALTY_EVIDENCE,,950000088,13,ca-cdph-healthcare-facility-locations,950000088,YES,5c6cf1e5-1a38-40e2-8569-f201fe062bde,NO,ALREADY_OWNED_EXACT,NO,Exact FACID in production state observation
CA_PENALTY_EVIDENCE,,950000092,12,ca-cdph-healthcare-facility-locations,950000092,YES,e858e3b9-ff7b-48df-94c9-26ebd6b9351f,NO,ALREADY_OWNED_EXACT,NO,Exact FACID in production state observation
CA_PENALTY_EVIDENCE,,950000100,9,ca-cdph-healthcare-facility-locations,950000100,YES,3d49423b-ca6c-4b5d-8860-31061be95097,NO,ALREADY_OWNED_EXACT,NO,Exact FACID in production state observation
CA_PENALTY_EVIDENCE,,950000101,3,ca-cdph-healthcare-facility-locations,950000101,YES,59bdb041-7dab-4c8e-972b-2ed731f7cecc,NO,ALREADY_OWNED_EXACT,NO,Exact FACID in production state observation
CA_PENALTY_EVIDENCE,,950000103,10,ca-cdph-healthcare-facility-locations,950000103,YES,6d49bdfd-c0d4-4dde-9f6e-7a09aa0e8184,NO,ALREADY_OWNED_EXACT,NO,Exact FACID in production state observation
CA_PENALTY_EVIDENCE,,950000104,6,ca-cdph-healthcare-facility-locations,950000104,YES,65e7092f-8636-4ff1-a2ac-14cc7f998eb9,NO,ALREADY_OWNED_EXACT,NO,Exact FACID in production state observation
CA_PENALTY_EVIDENCE,,950000105,5,ca-cdph-healthcare-facility-locations,950000105,YES,b262c352-0ddf-423b-8b7e-38c8f5ce5862,NO,ALREADY_OWNED_EXACT,NO,Exact FACID in production state observation
CA_PENALTY_EVIDENCE,,950000249,7,ca-cdph-healthcare-facility-locations,950000249,YES,6c0f0f19-1768-448c-8b3a-03750f5ddfee,NO,ALREADY_OWNED_EXACT,NO,Exact FACID in production state observation
CA_PENALTY_EVIDENCE,,950000256,17,ca-cdph-healthcare-facility-locations,950000256,YES,627b2a04-939b-4170-8599-6c37ef42ea46,NO,ALREADY_OWNED_EXACT,NO,Exact FACID in production state observation
CA_PENALTY_EVIDENCE,,950000260,6,ca-cdph-healthcare-facility-locations,950000260,YES,b910c817-48c2-4cf1-952c-140c6888a676,NO,ALREADY_OWNED_EXACT,NO,Exact FACID in production state observation
CA_PENALTY_EVIDENCE,,950000277,12,ca-cdph-healthcare-facility-locations,950000277,YES,5f774554-3ac7-4c60-80a8-b78d4732a996,NO,ALREADY_OWNED_EXACT,NO,Exact FACID in production state observation
CA_PENALTY_EVIDENCE,,950000279,3,,,NO,,NO,UNRESOLVED,NO,FACID absent from owned row-level state observations
CA_PENALTY_EVIDENCE,,960000869,3,,,NO,,NO,UNRESOLVED,NO,FACID absent from owned row-level state observations
CA_PENALTY_EVIDENCE,,960000872,6,,,NO,,NO,UNRESOLVED,NO,FACID absent from owned row-level state observations
CA_PENALTY_EVIDENCE,,960000874,3,,,NO,,NO,UNRESOLVED,NO,FACID absent from owned row-level state observations
CA_PENALTY_EVIDENCE,,960000882,2,,,NO,,NO,UNRESOLVED,NO,FACID absent from owned row-level state observations
CA_PENALTY_EVIDENCE,,960000887,1,,,NO,,NO,UNRESOLVED,NO,FACID absent from owned row-level state observations
CA_PENALTY_EVIDENCE,,960000889,1,,,NO,,NO,UNRESOLVED,NO,FACID absent from owned row-level state observations
CA_PENALTY_EVIDENCE,,960000894,1,,,NO,,NO,UNRESOLVED,NO,FACID absent from owned row-level state observations
CA_PENALTY_EVIDENCE,,960000897,3,,,NO,,NO,UNRESOLVED,NO,FACID absent from owned row-level state observations
CA_PENALTY_EVIDENCE,,960000900,1,,,NO,,NO,UNRESOLVED,NO,FACID absent from owned row-level state observations
CA_PENALTY_EVIDENCE,,960000904,1,,,NO,,NO,UNRESOLVED,NO,FACID absent from owned row-level state observations
CA_PENALTY_EVIDENCE,,960000907,3,,,NO,,NO,UNRESOLVED,NO,FACID absent from owned row-level state observations
CA_PENALTY_EVIDENCE,,960000914,4,,,NO,,NO,UNRESOLVED,NO,FACID absent from owned row-level state observations
CA_PENALTY_EVIDENCE,,960000919,1,,,NO,,NO,UNRESOLVED,NO,FACID absent from owned row-level state observations
CA_PENALTY_EVIDENCE,,960000925,1,,,NO,,NO,UNRESOLVED,NO,FACID absent from owned row-level state observations
CA_PENALTY_EVIDENCE,,960000929,4,,,NO,,NO,UNRESOLVED,NO,FACID absent from owned row-level state observations
CA_PENALTY_EVIDENCE,,960000930,2,,,NO,,NO,UNRESOLVED,NO,FACID absent from owned row-level state observations
CA_PENALTY_EVIDENCE,,960000939,1,,,NO,,NO,UNRESOLVED,NO,FACID absent from owned row-level state observations
CA_PENALTY_EVIDENCE,,960000943,1,,,NO,,NO,UNRESOLVED,NO,FACID absent from owned row-level state observations
CA_PENALTY_EVIDENCE,,960000945,16,,,NO,,NO,UNRESOLVED,NO,FACID absent from owned row-level state observations
CA_PENALTY_EVIDENCE,,960000947,3,,,NO,,NO,UNRESOLVED,NO,FACID absent from owned row-level state observations
CA_PENALTY_EVIDENCE,,960000949,12,,,NO,,NO,UNRESOLVED,NO,FACID absent from owned row-level state observations
CA_PENALTY_EVIDENCE,,960000951,5,,,NO,,NO,UNRESOLVED,NO,FACID absent from owned row-level state observations
CA_PENALTY_EVIDENCE,,960000954,3,,,NO,,NO,UNRESOLVED,NO,FACID absent from owned row-level state observations
CA_PENALTY_EVIDENCE,,960000956,3,,,NO,,NO,UNRESOLVED,NO,FACID absent from owned row-level state observations
CA_PENALTY_EVIDENCE,,960000962,3,,,NO,,NO,UNRESOLVED,NO,FACID absent from owned row-level state observations
CA_PENALTY_EVIDENCE,,960000966,1,,,NO,,NO,UNRESOLVED,NO,FACID absent from owned row-level state observations
CA_PENALTY_EVIDENCE,,960000967,3,,,NO,,NO,UNRESOLVED,NO,FACID absent from owned row-level state observations
CA_PENALTY_EVIDENCE,,960000973,3,,,NO,,NO,UNRESOLVED,NO,FACID absent from owned row-level state observations
CA_PENALTY_EVIDENCE,,960000976,2,,,NO,,NO,UNRESOLVED,NO,FACID absent from owned row-level state observations
CA_PENALTY_EVIDENCE,,960000984,7,,,NO,,NO,UNRESOLVED,NO,FACID absent from owned row-level state observations
CA_PENALTY_EVIDENCE,,960000985,2,,,NO,,NO,UNRESOLVED,NO,FACID absent from owned row-level state observations
CA_PENALTY_EVIDENCE,,960000997,3,,,NO,,NO,UNRESOLVED,NO,FACID absent from owned row-level state observations
CA_PENALTY_EVIDENCE,,960001001,6,,,NO,,NO,UNRESOLVED,NO,FACID absent from owned row-level state observations
CA_PENALTY_EVIDENCE,,960001043,2,,,NO,,NO,UNRESOLVED,NO,FACID absent from owned row-level state observations
CA_PENALTY_EVIDENCE,,960001050,1,,,NO,,NO,UNRESOLVED,NO,FACID absent from owned row-level state observations
CA_PENALTY_EVIDENCE,,960001055,2,,,NO,,NO,UNRESOLVED,NO,FACID absent from owned row-level state observations
CA_PENALTY_EVIDENCE,,960001071,1,,,NO,,NO,UNRESOLVED,NO,FACID absent from owned row-level state observations
CA_PENALTY_EVIDENCE,,960001096,8,,,NO,,NO,UNRESOLVED,NO,FACID absent from owned row-level state observations
CA_PENALTY_EVIDENCE,,960001097,4,,,NO,,NO,UNRESOLVED,NO,FACID absent from owned row-level state observations
CA_PENALTY_EVIDENCE,,960001148,4,,,NO,,NO,UNRESOLVED,NO,FACID absent from owned row-level state observations
CA_PENALTY_EVIDENCE,,960001150,6,,,NO,,NO,UNRESOLVED,NO,FACID absent from owned row-level state observations
CA_PENALTY_EVIDENCE,,960001152,2,,,NO,,NO,UNRESOLVED,NO,FACID absent from owned row-level state observations
CA_PENALTY_EVIDENCE,,960001172,3,,,NO,,NO,UNRESOLVED,NO,FACID absent from owned row-level state observations
CA_PENALTY_EVIDENCE,,960001196,2,,,NO,,NO,UNRESOLVED,NO,FACID absent from owned row-level state observations
CA_PENALTY_EVIDENCE,,960001210,2,,,NO,,NO,UNRESOLVED,NO,FACID absent from owned row-level state observations
CA_PENALTY_EVIDENCE,,960001221,3,,,NO,,NO,UNRESOLVED,NO,FACID absent from owned row-level state observations
CA_PENALTY_EVIDENCE,,960001255,2,,,NO,,NO,UNRESOLVED,NO,FACID absent from owned row-level state observations
CA_PENALTY_EVIDENCE,,960001274,2,,,NO,,NO,UNRESOLVED,NO,FACID absent from owned row-level state observations
CA_PENALTY_EVIDENCE,,960001280,2,,,NO,,NO,UNRESOLVED,NO,FACID absent from owned row-level state observations
CA_PENALTY_EVIDENCE,,960001306,5,,,NO,,NO,UNRESOLVED,NO,FACID absent from owned row-level state observations
CA_PENALTY_EVIDENCE,,960001316,5,,,NO,,NO,UNRESOLVED,NO,FACID absent from owned row-level state observations
CA_PENALTY_EVIDENCE,,960001323,4,,,NO,,NO,UNRESOLVED,NO,FACID absent from owned row-level state observations
CA_PENALTY_EVIDENCE,,960001351,6,,,NO,,NO,UNRESOLVED,NO,FACID absent from owned row-level state observations
CA_PENALTY_EVIDENCE,,960001366,2,,,NO,,NO,UNRESOLVED,NO,FACID absent from owned row-level state observations
CA_PENALTY_EVIDENCE,,960001407,1,,,NO,,NO,UNRESOLVED,NO,FACID absent from owned row-level state observations
CA_PENALTY_EVIDENCE,,960001412,4,,,NO,,NO,UNRESOLVED,NO,FACID absent from owned row-level state observations
CA_PENALTY_EVIDENCE,,960001413,1,,,NO,,NO,UNRESOLVED,NO,FACID absent from owned row-level state observations
CA_PENALTY_EVIDENCE,,960001416,7,,,NO,,NO,UNRESOLVED,NO,FACID absent from owned row-level state observations
CA_PENALTY_EVIDENCE,,960001445,7,,,NO,,NO,UNRESOLVED,NO,FACID absent from owned row-level state observations
CA_PENALTY_EVIDENCE,,960001450,1,,,NO,,NO,UNRESOLVED,NO,FACID absent from owned row-level state observations
CA_PENALTY_EVIDENCE,,960001457,6,ca-cdph-healthcare-facility-locations,960001457,YES,92563758-2e7c-493d-9153-267287e602b9,NO,ALREADY_OWNED_EXACT,NO,Exact FACID in production state observation
CA_PENALTY_EVIDENCE,,960001459,3,,,NO,,NO,UNRESOLVED,NO,FACID absent from owned row-level state observations
CA_PENALTY_EVIDENCE,,960001482,3,,,NO,,NO,UNRESOLVED,NO,FACID absent from owned row-level state observations
CA_PENALTY_EVIDENCE,,960001498,2,,,NO,,NO,UNRESOLVED,NO,FACID absent from owned row-level state observations
CA_PENALTY_EVIDENCE,,960001506,2,,,NO,,NO,UNRESOLVED,NO,FACID absent from owned row-level state observations
CA_PENALTY_EVIDENCE,,960001522,7,,,NO,,NO,UNRESOLVED,NO,FACID absent from owned row-level state observations
CA_PENALTY_EVIDENCE,,960001548,1,,,NO,,NO,UNRESOLVED,NO,FACID absent from owned row-level state observations
CA_PENALTY_EVIDENCE,,960001550,1,,,NO,,NO,UNRESOLVED,NO,FACID absent from owned row-level state observations
CA_PENALTY_EVIDENCE,,960001553,4,,,NO,,NO,UNRESOLVED,NO,FACID absent from owned row-level state observations
CA_PENALTY_EVIDENCE,,960001584,4,,,NO,,NO,UNRESOLVED,NO,FACID absent from owned row-level state observations
CA_PENALTY_EVIDENCE,,960001587,7,,,NO,,NO,UNRESOLVED,NO,FACID absent from owned row-level state observations
CA_PENALTY_EVIDENCE,,960001598,2,,,NO,,NO,UNRESOLVED,NO,FACID absent from owned row-level state observations
CA_PENALTY_EVIDENCE,,960001601,4,,,NO,,NO,UNRESOLVED,NO,FACID absent from owned row-level state observations
CA_PENALTY_EVIDENCE,,960001603,2,,,NO,,NO,UNRESOLVED,NO,FACID absent from owned row-level state observations
CA_PENALTY_EVIDENCE,,960001605,4,,,NO,,NO,UNRESOLVED,NO,FACID absent from owned row-level state observations
CA_PENALTY_EVIDENCE,,960001607,3,,,NO,,NO,UNRESOLVED,NO,FACID absent from owned row-level state observations
CA_PENALTY_EVIDENCE,,960001612,7,,,NO,,NO,UNRESOLVED,NO,FACID absent from owned row-level state observations
CA_PENALTY_EVIDENCE,,960001619,1,,,NO,,NO,UNRESOLVED,NO,FACID absent from owned row-level state observations
CA_PENALTY_EVIDENCE,,960001625,1,,,NO,,NO,UNRESOLVED,NO,FACID absent from owned row-level state observations
CA_PENALTY_EVIDENCE,,960001643,3,,,NO,,NO,UNRESOLVED,NO,FACID absent from owned row-level state observations
CA_PENALTY_EVIDENCE,,960001646,2,,,NO,,NO,UNRESOLVED,NO,FACID absent from owned row-level state observations
CA_PENALTY_EVIDENCE,,960001659,1,,,NO,,NO,UNRESOLVED,NO,FACID absent from owned row-level state observations
CA_PENALTY_EVIDENCE,,960001670,2,,,NO,,NO,UNRESOLVED,NO,FACID absent from owned row-level state observations
CA_PENALTY_EVIDENCE,,960001671,1,,,NO,,NO,UNRESOLVED,NO,FACID absent from owned row-level state observations
CA_PENALTY_EVIDENCE,,960001677,3,,,NO,,NO,UNRESOLVED,NO,FACID absent from owned row-level state observations
CA_PENALTY_EVIDENCE,,960001678,1,,,NO,,NO,UNRESOLVED,NO,FACID absent from owned row-level state observations
CA_PENALTY_EVIDENCE,,960001679,1,,,NO,,NO,UNRESOLVED,NO,FACID absent from owned row-level state observations
CA_PENALTY_EVIDENCE,,960001694,2,,,NO,,NO,UNRESOLVED,NO,FACID absent from owned row-level state observations
CA_PENALTY_EVIDENCE,,960001696,9,,,NO,,NO,UNRESOLVED,NO,FACID absent from owned row-level state observations
CA_PENALTY_EVIDENCE,,960001702,3,,,NO,,NO,UNRESOLVED,NO,FACID absent from owned row-level state observations
CA_PENALTY_EVIDENCE,,960001713,6,,,NO,,NO,UNRESOLVED,NO,FACID absent from owned row-level state observations
CA_PENALTY_EVIDENCE,,960001715,2,,,NO,,NO,UNRESOLVED,NO,FACID absent from owned row-level state observations
CA_PENALTY_EVIDENCE,,960001718,4,,,NO,,NO,UNRESOLVED,NO,FACID absent from owned row-level state observations
CA_PENALTY_EVIDENCE,,960001720,3,,,NO,,NO,UNRESOLVED,NO,FACID absent from owned row-level state observations
CA_PENALTY_EVIDENCE,,960001723,1,,,NO,,NO,UNRESOLVED,NO,FACID absent from owned row-level state observations
CA_PENALTY_EVIDENCE,,960001724,5,,,NO,,NO,UNRESOLVED,NO,FACID absent from owned row-level state observations
CA_PENALTY_EVIDENCE,,960001738,3,,,NO,,NO,UNRESOLVED,NO,FACID absent from owned row-level state observations
CA_PENALTY_EVIDENCE,,960001743,7,,,NO,,NO,UNRESOLVED,NO,FACID absent from owned row-level state observations
CA_PENALTY_EVIDENCE,,960001748,1,,,NO,,NO,UNRESOLVED,NO,FACID absent from owned row-level state observations
CA_PENALTY_EVIDENCE,,960001754,2,,,NO,,NO,UNRESOLVED,NO,FACID absent from owned row-level state observations
CA_PENALTY_EVIDENCE,,960001756,2,,,NO,,NO,UNRESOLVED,NO,FACID absent from owned row-level state observations
CA_PENALTY_EVIDENCE,,960001765,2,,,NO,,NO,UNRESOLVED,NO,FACID absent from owned row-level state observations
CA_PENALTY_EVIDENCE,,960001771,1,,,NO,,NO,UNRESOLVED,NO,FACID absent from owned row-level state observations
CA_PENALTY_EVIDENCE,,960001787,3,,,NO,,NO,UNRESOLVED,NO,FACID absent from owned row-level state observations
CA_PENALTY_EVIDENCE,,960001789,1,,,NO,,NO,UNRESOLVED,NO,FACID absent from owned row-level state observations
CA_PENALTY_EVIDENCE,,960001790,1,,,NO,,NO,UNRESOLVED,NO,FACID absent from owned row-level state observations
CA_PENALTY_EVIDENCE,,960001792,1,,,NO,,NO,UNRESOLVED,NO,FACID absent from owned row-level state observations
CA_PENALTY_EVIDENCE,,960001793,1,,,NO,,NO,UNRESOLVED,NO,FACID absent from owned row-level state observations
CA_PENALTY_EVIDENCE,,960001794,1,,,NO,,NO,UNRESOLVED,NO,FACID absent from owned row-level state observations
CA_PENALTY_EVIDENCE,,960001807,2,,,NO,,NO,UNRESOLVED,NO,FACID absent from owned row-level state observations
CA_PENALTY_EVIDENCE,,960001809,3,,,NO,,NO,UNRESOLVED,NO,FACID absent from owned row-level state observations
CA_PENALTY_EVIDENCE,,960001817,1,,,NO,,NO,UNRESOLVED,NO,FACID absent from owned row-level state observations
CA_PENALTY_EVIDENCE,,960001818,1,,,NO,,NO,UNRESOLVED,NO,FACID absent from owned row-level state observations
CA_PENALTY_EVIDENCE,,960001826,3,,,NO,,NO,UNRESOLVED,NO,FACID absent from owned row-level state observations
CA_PENALTY_EVIDENCE,,960001831,2,,,NO,,NO,UNRESOLVED,NO,FACID absent from owned row-level state observations
CA_PENALTY_EVIDENCE,,960001833,3,,,NO,,NO,UNRESOLVED,NO,FACID absent from owned row-level state observations
CA_PENALTY_EVIDENCE,,960001836,4,,,NO,,NO,UNRESOLVED,NO,FACID absent from owned row-level state observations
CA_PENALTY_EVIDENCE,,960001841,4,,,NO,,NO,UNRESOLVED,NO,FACID absent from owned row-level state observations
CA_PENALTY_EVIDENCE,,960001871,1,,,NO,,NO,UNRESOLVED,NO,FACID absent from owned row-level state observations
CA_PENALTY_EVIDENCE,,960001875,4,,,NO,,NO,UNRESOLVED,NO,FACID absent from owned row-level state observations
CA_PENALTY_EVIDENCE,,960001885,3,,,NO,,NO,UNRESOLVED,NO,FACID absent from owned row-level state observations
CA_PENALTY_EVIDENCE,,960001894,2,,,NO,,NO,UNRESOLVED,NO,FACID absent from owned row-level state observations
CA_PENALTY_EVIDENCE,,960001896,2,,,NO,,NO,UNRESOLVED,NO,FACID absent from owned row-level state observations
CA_PENALTY_EVIDENCE,,960001898,4,,,NO,,NO,UNRESOLVED,NO,FACID absent from owned row-level state observations
CA_PENALTY_EVIDENCE,,960001900,2,,,NO,,NO,UNRESOLVED,NO,FACID absent from owned row-level state observations
CA_PENALTY_EVIDENCE,,960001904,8,,,NO,,NO,UNRESOLVED,NO,FACID absent from owned row-level state observations
CA_PENALTY_EVIDENCE,,960001906,1,,,NO,,NO,UNRESOLVED,NO,FACID absent from owned row-level state observations
CA_PENALTY_EVIDENCE,,960001907,2,,,NO,,NO,UNRESOLVED,NO,FACID absent from owned row-level state observations
CA_PENALTY_EVIDENCE,,960001910,1,,,NO,,NO,UNRESOLVED,NO,FACID absent from owned row-level state observations
CA_PENALTY_EVIDENCE,,960001911,1,,,NO,,NO,UNRESOLVED,NO,FACID absent from owned row-level state observations
CA_PENALTY_EVIDENCE,,960001922,1,,,NO,,NO,UNRESOLVED,NO,FACID absent from owned row-level state observations
CA_PENALTY_EVIDENCE,,960001924,1,,,NO,,NO,UNRESOLVED,NO,FACID absent from owned row-level state observations
CA_PENALTY_EVIDENCE,,960001926,1,,,NO,,NO,UNRESOLVED,NO,FACID absent from owned row-level state observations
CA_PENALTY_EVIDENCE,,960001949,2,,,NO,,NO,UNRESOLVED,NO,FACID absent from owned row-level state observations
CA_PENALTY_EVIDENCE,,960001965,1,,,NO,,NO,UNRESOLVED,NO,FACID absent from owned row-level state observations
CA_PENALTY_EVIDENCE,,960001973,2,,,NO,,NO,UNRESOLVED,NO,FACID absent from owned row-level state observations
CA_PENALTY_EVIDENCE,,960001975,2,,,NO,,NO,UNRESOLVED,NO,FACID absent from owned row-level state observations
CA_PENALTY_EVIDENCE,,960001977,2,,,NO,,NO,UNRESOLVED,NO,FACID absent from owned row-level state observations
CA_PENALTY_EVIDENCE,,960001984,3,,,NO,,NO,UNRESOLVED,NO,FACID absent from owned row-level state observations
CA_PENALTY_EVIDENCE,,960001997,1,,,NO,,NO,UNRESOLVED,NO,FACID absent from owned row-level state observations
CA_PENALTY_EVIDENCE,,960002015,2,,,NO,,NO,UNRESOLVED,NO,FACID absent from owned row-level state observations
CA_PENALTY_EVIDENCE,,960002024,1,,,NO,,NO,UNRESOLVED,NO,FACID absent from owned row-level state observations
CA_PENALTY_EVIDENCE,,960002027,4,,,NO,,NO,UNRESOLVED,NO,FACID absent from owned row-level state observations
CA_PENALTY_EVIDENCE,,960002036,4,,,NO,,NO,UNRESOLVED,NO,FACID absent from owned row-level state observations
CA_PENALTY_EVIDENCE,,960002040,1,,,NO,,NO,UNRESOLVED,NO,FACID absent from owned row-level state observations
CA_PENALTY_EVIDENCE,,960002043,1,,,NO,,NO,UNRESOLVED,NO,FACID absent from owned row-level state observations
CA_PENALTY_EVIDENCE,,960002056,1,,,NO,,NO,UNRESOLVED,NO,FACID absent from owned row-level state observations
CA_PENALTY_EVIDENCE,,960002058,3,,,NO,,NO,UNRESOLVED,NO,FACID absent from owned row-level state observations
CA_PENALTY_EVIDENCE,,960002060,6,,,NO,,NO,UNRESOLVED,NO,FACID absent from owned row-level state observations
CA_PENALTY_EVIDENCE,,960002063,2,,,NO,,NO,UNRESOLVED,NO,FACID absent from owned row-level state observations
CA_PENALTY_EVIDENCE,,960002066,3,,,NO,,NO,UNRESOLVED,NO,FACID absent from owned row-level state observations
CA_PENALTY_EVIDENCE,,960002072,4,,,NO,,NO,UNRESOLVED,NO,FACID absent from owned row-level state observations
CA_PENALTY_EVIDENCE,,960002076,1,,,NO,,NO,UNRESOLVED,NO,FACID absent from owned row-level state observations
CA_PENALTY_EVIDENCE,,960002077,5,,,NO,,NO,UNRESOLVED,NO,FACID absent from owned row-level state observations
CA_PENALTY_EVIDENCE,,960002084,7,,,NO,,NO,UNRESOLVED,NO,FACID absent from owned row-level state observations
CA_PENALTY_EVIDENCE,,960002087,3,,,NO,,NO,UNRESOLVED,NO,FACID absent from owned row-level state observations
CA_PENALTY_EVIDENCE,,960002089,4,,,NO,,NO,UNRESOLVED,NO,FACID absent from owned row-level state observations
CA_PENALTY_EVIDENCE,,960002094,1,,,NO,,NO,UNRESOLVED,NO,FACID absent from owned row-level state observations
CA_PENALTY_EVIDENCE,,960002096,1,,,NO,,NO,UNRESOLVED,NO,FACID absent from owned row-level state observations
CA_PENALTY_EVIDENCE,,960002098,2,,,NO,,NO,UNRESOLVED,NO,FACID absent from owned row-level state observations
CA_PENALTY_EVIDENCE,,960002099,3,,,NO,,NO,UNRESOLVED,NO,FACID absent from owned row-level state observations
CA_PENALTY_EVIDENCE,,960002102,1,,,NO,,NO,UNRESOLVED,NO,FACID absent from owned row-level state observations
CA_PENALTY_EVIDENCE,,960002104,2,,,NO,,NO,UNRESOLVED,NO,FACID absent from owned row-level state observations
CA_PENALTY_EVIDENCE,,960002115,1,,,NO,,NO,UNRESOLVED,NO,FACID absent from owned row-level state observations
CA_PENALTY_EVIDENCE,,960002127,6,,,NO,,NO,UNRESOLVED,NO,FACID absent from owned row-level state observations
CA_PENALTY_EVIDENCE,,960002142,4,,,NO,,NO,UNRESOLVED,NO,FACID absent from owned row-level state observations
CA_PENALTY_EVIDENCE,,960002148,1,,,NO,,NO,UNRESOLVED,NO,FACID absent from owned row-level state observations
CA_PENALTY_EVIDENCE,,960002151,2,,,NO,,NO,UNRESOLVED,NO,FACID absent from owned row-level state observations
CA_PENALTY_EVIDENCE,,960002158,2,,,NO,,NO,UNRESOLVED,NO,FACID absent from owned row-level state observations
CA_PENALTY_EVIDENCE,,960002170,5,,,NO,,NO,UNRESOLVED,NO,FACID absent from owned row-level state observations
CA_PENALTY_EVIDENCE,,960002202,2,,,NO,,NO,UNRESOLVED,NO,FACID absent from owned row-level state observations
CA_PENALTY_EVIDENCE,,960002204,2,,,NO,,NO,UNRESOLVED,NO,FACID absent from owned row-level state observations
CA_PENALTY_EVIDENCE,,960002205,3,,,NO,,NO,UNRESOLVED,NO,FACID absent from owned row-level state observations
CA_PENALTY_EVIDENCE,,960002211,5,,,NO,,NO,UNRESOLVED,NO,FACID absent from owned row-level state observations
CA_PENALTY_EVIDENCE,,960002276,3,,,NO,,NO,UNRESOLVED,NO,FACID absent from owned row-level state observations
CA_PENALTY_EVIDENCE,,960002295,3,,,NO,,NO,UNRESOLVED,NO,FACID absent from owned row-level state observations
CA_PENALTY_EVIDENCE,,960002308,3,,,NO,,NO,UNRESOLVED,NO,FACID absent from owned row-level state observations
CA_PENALTY_EVIDENCE,,960002310,4,,,NO,,NO,UNRESOLVED,NO,FACID absent from owned row-level state observations
CA_PENALTY_EVIDENCE,,960002312,5,,,NO,,NO,UNRESOLVED,NO,FACID absent from owned row-level state observations
CA_PENALTY_EVIDENCE,,960002314,7,,,NO,,NO,UNRESOLVED,NO,FACID absent from owned row-level state observations
CA_PENALTY_EVIDENCE,,960002316,5,,,NO,,NO,UNRESOLVED,NO,FACID absent from owned row-level state observations
CA_PENALTY_EVIDENCE,,960002322,7,,,NO,,NO,UNRESOLVED,NO,FACID absent from owned row-level state observations
CA_PENALTY_EVIDENCE,,960002324,1,,,NO,,NO,UNRESOLVED,NO,FACID absent from owned row-level state observations
CA_PENALTY_EVIDENCE,,960002326,3,,,NO,,NO,UNRESOLVED,NO,FACID absent from owned row-level state observations
CA_PENALTY_EVIDENCE,,960002347,2,,,NO,,NO,UNRESOLVED,NO,FACID absent from owned row-level state observations
CA_PENALTY_EVIDENCE,,960002352,3,,,NO,,NO,UNRESOLVED,NO,FACID absent from owned row-level state observations
CA_PENALTY_EVIDENCE,,960002356,6,,,NO,,NO,UNRESOLVED,NO,FACID absent from owned row-level state observations
CA_PENALTY_EVIDENCE,,960002358,4,,,NO,,NO,UNRESOLVED,NO,FACID absent from owned row-level state observations
CA_PENALTY_EVIDENCE,,960002360,3,,,NO,,NO,UNRESOLVED,NO,FACID absent from owned row-level state observations
CA_PENALTY_EVIDENCE,,960002366,2,,,NO,,NO,UNRESOLVED,NO,FACID absent from owned row-level state observations
CA_PENALTY_EVIDENCE,,960002368,1,,,NO,,NO,UNRESOLVED,NO,FACID absent from owned row-level state observations
CA_PENALTY_EVIDENCE,,960002370,2,,,NO,,NO,UNRESOLVED,NO,FACID absent from owned row-level state observations
CA_PENALTY_EVIDENCE,,960002393,4,,,NO,,NO,UNRESOLVED,NO,FACID absent from owned row-level state observations
CA_PENALTY_EVIDENCE,,960002394,1,,,NO,,NO,UNRESOLVED,NO,FACID absent from owned row-level state observations
CA_PENALTY_EVIDENCE,,960002399,3,,,NO,,NO,UNRESOLVED,NO,FACID absent from owned row-level state observations
CA_PENALTY_EVIDENCE,,960002401,1,,,NO,,NO,UNRESOLVED,NO,FACID absent from owned row-level state observations
CA_PENALTY_EVIDENCE,,960002403,1,,,NO,,NO,UNRESOLVED,NO,FACID absent from owned row-level state observations
CA_PENALTY_EVIDENCE,,960002407,2,,,NO,,NO,UNRESOLVED,NO,FACID absent from owned row-level state observations
CA_PENALTY_EVIDENCE,,960002411,4,,,NO,,NO,UNRESOLVED,NO,FACID absent from owned row-level state observations
CA_PENALTY_EVIDENCE,,960002467,10,,,NO,,NO,UNRESOLVED,NO,FACID absent from owned row-level state observations
CA_PENALTY_EVIDENCE,,960002538,1,,,NO,,NO,UNRESOLVED,NO,FACID absent from owned row-level state observations
CA_PENALTY_EVIDENCE,,960002558,4,,,NO,,NO,UNRESOLVED,NO,FACID absent from owned row-level state observations
CA_PENALTY_EVIDENCE,,960002567,1,,,NO,,NO,UNRESOLVED,NO,FACID absent from owned row-level state observations
CA_PENALTY_EVIDENCE,,960002606,1,,,NO,,NO,UNRESOLVED,NO,FACID absent from owned row-level state observations
CA_PENALTY_EVIDENCE,,960002685,1,,,NO,,NO,UNRESOLVED,NO,FACID absent from owned row-level state observations
CA_PENALTY_EVIDENCE,,960002687,2,,,NO,,NO,UNRESOLVED,NO,FACID absent from owned row-level state observations
CA_PENALTY_EVIDENCE,,960002689,1,,,NO,,NO,UNRESOLVED,NO,FACID absent from owned row-level state observations
CA_PENALTY_EVIDENCE,,960002705,4,,,NO,,NO,UNRESOLVED,NO,FACID absent from owned row-level state observations
CA_PENALTY_EVIDENCE,,960002724,1,,,NO,,NO,UNRESOLVED,NO,FACID absent from owned row-level state observations
CA_PENALTY_EVIDENCE,,960002757,1,,,NO,,NO,UNRESOLVED,NO,FACID absent from owned row-level state observations
CA_PENALTY_EVIDENCE,,960002765,1,,,NO,,NO,UNRESOLVED,NO,FACID absent from owned row-level state observations
CA_PENALTY_EVIDENCE,,960002786,1,,,NO,,NO,UNRESOLVED,NO,FACID absent from owned row-level state observations
CA_PENALTY_EVIDENCE,,960002799,3,,,NO,,NO,UNRESOLVED,NO,FACID absent from owned row-level state observations
CA_PENALTY_EVIDENCE,,960002836,2,,,NO,,NO,UNRESOLVED,NO,FACID absent from owned row-level state observations
CA_PENALTY_EVIDENCE,,960002842,1,,,NO,,NO,UNRESOLVED,NO,FACID absent from owned row-level state observations
CA_PENALTY_EVIDENCE,,960002849,5,,,NO,,NO,UNRESOLVED,NO,FACID absent from owned row-level state observations
CA_PENALTY_EVIDENCE,,960002863,5,,,NO,,NO,UNRESOLVED,NO,FACID absent from owned row-level state observations
CA_PENALTY_EVIDENCE,,960002865,2,,,NO,,NO,UNRESOLVED,NO,FACID absent from owned row-level state observations
CA_PENALTY_EVIDENCE,,960002867,1,,,NO,,NO,UNRESOLVED,NO,FACID absent from owned row-level state observations
CA_PENALTY_EVIDENCE,,960002874,1,,,NO,,NO,UNRESOLVED,NO,FACID absent from owned row-level state observations
CA_PENALTY_EVIDENCE,,960002877,4,,,NO,,NO,UNRESOLVED,NO,FACID absent from owned row-level state observations
CA_PENALTY_EVIDENCE,,960002879,1,,,NO,,NO,UNRESOLVED,NO,FACID absent from owned row-level state observations
CA_PENALTY_EVIDENCE,,960002899,1,,,NO,,NO,UNRESOLVED,NO,FACID absent from owned row-level state observations
CA_PENALTY_EVIDENCE,,960002901,6,,,NO,,NO,UNRESOLVED,NO,FACID absent from owned row-level state observations
CA_PENALTY_EVIDENCE,,970000001,10,ca-cdph-healthcare-facility-locations,970000001,YES,e9211d0e-8efe-4bc7-8e16-088129e4a4b5,NO,ALREADY_OWNED_EXACT,NO,Exact FACID in production state observation
CA_PENALTY_EVIDENCE,,970000003,21,ca-cdph-healthcare-facility-locations,970000003,YES,e73d87a5-c01b-4c58-abc7-9ea0613a0f37,NO,ALREADY_OWNED_EXACT,NO,Exact FACID in production state observation
CA_PENALTY_EVIDENCE,,970000005,17,ca-cdph-healthcare-facility-locations,970000005,YES,0f0d7ced-e04b-4fcd-9f6b-f6c3a1f0995c,NO,ALREADY_OWNED_EXACT,NO,Exact FACID in production state observation
CA_PENALTY_EVIDENCE,,970000009,10,ca-cdph-healthcare-facility-locations,970000009,YES,bc0165cb-b731-418a-9335-db153a194b32,NO,ALREADY_OWNED_EXACT,NO,Exact FACID in production state observation
CA_PENALTY_EVIDENCE,,970000015,19,ca-cdph-healthcare-facility-locations,970000015,YES,ebe11b83-be73-4d96-a675-484bba4f97eb,NO,ALREADY_OWNED_EXACT,NO,Exact FACID in production state observation
CA_PENALTY_EVIDENCE,,970000017,8,ca-cdph-healthcare-facility-locations,970000017,YES,f391569d-e306-4cc6-bb9e-6630807e53a7,NO,ALREADY_OWNED_EXACT,NO,Exact FACID in production state observation
CA_PENALTY_EVIDENCE,,970000021,24,ca-cdph-healthcare-facility-locations,970000021,YES,076f52d2-d23d-486d-8372-1e7ce5528cce,NO,ALREADY_OWNED_EXACT,NO,Exact FACID in production state observation
CA_PENALTY_EVIDENCE,,970000029,7,,,NO,,NO,UNRESOLVED,NO,FACID absent from owned row-level state observations
CA_PENALTY_EVIDENCE,,970000033,5,,,NO,,NO,UNRESOLVED,NO,FACID absent from owned row-level state observations
CA_PENALTY_EVIDENCE,,970000035,17,ca-cdph-healthcare-facility-locations,970000035,YES,148ac1c8-3afb-4c99-9189-bf2bd1709cde,NO,ALREADY_OWNED_EXACT,NO,Exact FACID in production state observation
CA_PENALTY_EVIDENCE,,970000037,6,ca-cdph-healthcare-facility-locations,970000037,YES,5917565d-24a7-4f2c-885d-851811d7db7e,NO,ALREADY_OWNED_EXACT,NO,Exact FACID in production state observation
CA_PENALTY_EVIDENCE,,970000039,11,ca-cdph-healthcare-facility-locations,970000039,YES,791b07dc-7fdc-4360-84c8-adddc4b4ae5e,NO,ALREADY_OWNED_EXACT,NO,Exact FACID in production state observation
CA_PENALTY_EVIDENCE,,970000043,20,ca-cdph-healthcare-facility-locations,970000043,YES,9f3aaba8-cc3e-4268-8e08-7aa3c51d111f,NO,ALREADY_OWNED_EXACT,NO,Exact FACID in production state observation
CA_PENALTY_EVIDENCE,,970000046,19,ca-cdph-healthcare-facility-locations,970000046,YES,38b354d9-38d6-4aa2-9ba2-6b70532af002,NO,ALREADY_OWNED_EXACT,NO,Exact FACID in production state observation
CA_PENALTY_EVIDENCE,,970000050,46,ca-cdph-healthcare-facility-locations,970000050,YES,fb51943a-a76f-4d4d-804f-3c8f161bb5c1,NO,ALREADY_OWNED_EXACT,NO,Exact FACID in production state observation
CA_PENALTY_EVIDENCE,,970000052,4,ca-cdph-healthcare-facility-locations,970000052,YES,8a66723f-7886-409c-9ef8-1f9e421c536a,NO,ALREADY_OWNED_EXACT,NO,Exact FACID in production state observation
CA_PENALTY_EVIDENCE,,970000054,76,ca-cdph-healthcare-facility-locations,970000054,YES,3c9646ec-f44c-4b49-8a9c-86059118c9e5,NO,ALREADY_OWNED_EXACT,NO,Exact FACID in production state observation
CA_PENALTY_EVIDENCE,,970000058,9,ca-cdph-healthcare-facility-locations,970000058,YES,ef2fb04d-2e3c-4688-bc27-8531e62c5d0a,NO,ALREADY_OWNED_EXACT,NO,Exact FACID in production state observation
CA_PENALTY_EVIDENCE,,970000060,1,,,NO,,NO,UNRESOLVED,NO,FACID absent from owned row-level state observations
CA_PENALTY_EVIDENCE,,970000062,8,ca-cdph-healthcare-facility-locations,970000062,YES,9b7a4c2d-56b2-4bff-a2cc-1a444a697a13,NO,ALREADY_OWNED_EXACT,NO,Exact FACID in production state observation
CA_PENALTY_EVIDENCE,,970000064,11,ca-cdph-healthcare-facility-locations,970000064,YES,93096089-912b-4ea7-8405-873fc4ac119a,NO,ALREADY_OWNED_EXACT,NO,Exact FACID in production state observation
CA_PENALTY_EVIDENCE,,970000066,6,ca-cdph-healthcare-facility-locations,970000066,YES,651b6ff8-100a-4e96-8124-ff316e45f3f9,NO,ALREADY_OWNED_EXACT,NO,Exact FACID in production state observation
CA_PENALTY_EVIDENCE,,970000068,9,ca-cdph-healthcare-facility-locations,970000068,YES,51eb9f64-78a5-4f45-91eb-ed1dbf6585e4,NO,ALREADY_OWNED_EXACT,NO,Exact FACID in production state observation
CA_PENALTY_EVIDENCE,,970000070,9,ca-cdph-healthcare-facility-locations,970000070,YES,c6fa338a-912f-49dd-910e-0d6c737636f0,NO,ALREADY_OWNED_EXACT,NO,Exact FACID in production state observation
CA_PENALTY_EVIDENCE,,970000075,8,ca-cdph-healthcare-facility-locations,970000075,YES,6da3f47d-b1f6-4fa8-94f9-dd2aaa817ca6,NO,ALREADY_OWNED_EXACT,NO,Exact FACID in production state observation
CA_PENALTY_EVIDENCE,,970000077,35,ca-cdph-healthcare-facility-locations,970000077,YES,68e2318f-fce4-4357-8412-a42f5b33ecf5,NO,ALREADY_OWNED_EXACT,NO,Exact FACID in production state observation
CA_PENALTY_EVIDENCE,,970000081,11,ca-cdph-healthcare-facility-locations,970000081,YES,5edd3155-0edc-4f9d-9be9-c5420440a9f0,NO,ALREADY_OWNED_EXACT,NO,Exact FACID in production state observation
CA_PENALTY_EVIDENCE,,970000083,12,ca-cdph-healthcare-facility-locations,970000083,YES,c4a91402-27fc-497d-be92-81a6aa0a0402,NO,ALREADY_OWNED_EXACT,NO,Exact FACID in production state observation
CA_PENALTY_EVIDENCE,,970000085,2,ca-cdph-healthcare-facility-locations,970000085,YES,22aea1e8-8f9d-4712-b381-80a0ff976442,NO,ALREADY_OWNED_EXACT,NO,Exact FACID in production state observation
CA_PENALTY_EVIDENCE,,970000087,1,,,NO,,NO,UNRESOLVED,NO,FACID absent from owned row-level state observations
CA_PENALTY_EVIDENCE,,970000089,8,ca-cdph-healthcare-facility-locations,970000089,YES,7d371cfe-c944-4df5-a65d-b0c9db6b964a,NO,ALREADY_OWNED_EXACT,NO,Exact FACID in production state observation
CA_PENALTY_EVIDENCE,,970000091,2,ca-cdph-healthcare-facility-locations,970000091,YES,6a471c3a-2279-4c2e-9fc9-50bc4989a6d5,NO,ALREADY_OWNED_EXACT,NO,Exact FACID in production state observation
CA_PENALTY_EVIDENCE,,970000097,16,ca-cdph-healthcare-facility-locations,970000097,YES,fbbbe8ce-7538-4e5c-b8e4-c9c758704e6d,NO,ALREADY_OWNED_EXACT,NO,Exact FACID in production state observation
CA_PENALTY_EVIDENCE,,970000099,3,ca-cdph-healthcare-facility-locations,970000099,YES,7b0d3c8e-2b06-4459-a785-623f419beaf2,NO,ALREADY_OWNED_EXACT,NO,Exact FACID in production state observation
CA_PENALTY_EVIDENCE,,970000101,41,,,NO,,NO,UNRESOLVED,NO,FACID absent from owned row-level state observations
CA_PENALTY_EVIDENCE,,970000103,12,ca-cdph-healthcare-facility-locations,970000103,YES,df803b71-6bae-4689-8aa0-22d1d978599c,NO,ALREADY_OWNED_EXACT,NO,Exact FACID in production state observation
CA_PENALTY_EVIDENCE,,970000105,4,ca-cdph-healthcare-facility-locations,970000105,YES,530d1ce1-363a-4821-affb-24140a48266b,NO,ALREADY_OWNED_EXACT,NO,Exact FACID in production state observation
CA_PENALTY_EVIDENCE,,970000107,13,ca-cdph-healthcare-facility-locations,970000107,YES,df6ec529-6246-49e9-99a6-437884c96e1e,NO,ALREADY_OWNED_EXACT,NO,Exact FACID in production state observation
CA_PENALTY_EVIDENCE,,970000109,9,ca-cdph-healthcare-facility-locations,970000109,YES,b86d39e6-4611-4073-b53b-8014efb23eef,NO,ALREADY_OWNED_EXACT,NO,Exact FACID in production state observation
CA_PENALTY_EVIDENCE,,970000111,27,ca-cdph-healthcare-facility-locations,970000111,YES,31386299-536d-486c-b58e-de1f0bca99dc,NO,ALREADY_OWNED_EXACT,NO,Exact FACID in production state observation
CA_PENALTY_EVIDENCE,,970000115,39,ca-cdph-healthcare-facility-locations,970000115,YES,82dc2005-2828-4963-8bb4-5c8d73a364a9,NO,ALREADY_OWNED_EXACT,NO,Exact FACID in production state observation
CA_PENALTY_EVIDENCE,,970000117,8,ca-cdph-healthcare-facility-locations,970000117,YES,aac8c57f-985e-4b5c-8e53-80b8a7c014a3,NO,ALREADY_OWNED_EXACT,NO,Exact FACID in production state observation
CA_PENALTY_EVIDENCE,,970000121,8,ca-cdph-healthcare-facility-locations,970000121,YES,cc857035-b172-4bf5-9f5d-c7877a0534e2,NO,ALREADY_OWNED_EXACT,NO,Exact FACID in production state observation
CA_PENALTY_EVIDENCE,,970000123,20,ca-cdph-healthcare-facility-locations,970000123,YES,60c7255e-6b10-4a86-90d7-55a390118c0c,NO,ALREADY_OWNED_EXACT,NO,Exact FACID in production state observation
CA_PENALTY_EVIDENCE,,970000125,11,ca-cdph-healthcare-facility-locations,970000125,YES,8b35ae9c-a6aa-4d66-b3ff-22e1877b79ef,NO,ALREADY_OWNED_EXACT,NO,Exact FACID in production state observation
CA_PENALTY_EVIDENCE,,970000127,9,ca-cdph-healthcare-facility-locations,970000127,YES,87f42d85-6253-42ba-b176-3f08cbebb2b2,NO,ALREADY_OWNED_EXACT,NO,Exact FACID in production state observation
CA_PENALTY_EVIDENCE,,970000129,10,ca-cdph-healthcare-facility-locations,970000129,YES,ac1a4662-25c5-4f83-890f-bfc26340450f,NO,ALREADY_OWNED_EXACT,NO,Exact FACID in production state observation
CA_PENALTY_EVIDENCE,,970000131,57,ca-cdph-healthcare-facility-locations,970000131,YES,8cf01bb7-7729-4800-a77d-5e58a74c80f6,NO,ALREADY_OWNED_EXACT,NO,Exact FACID in production state observation
CA_PENALTY_EVIDENCE,,970000133,7,ca-cdph-healthcare-facility-locations,970000133,YES,cc123294-1e45-463b-9216-b29c4996bf41,NO,ALREADY_OWNED_EXACT,NO,Exact FACID in production state observation
CA_PENALTY_EVIDENCE,,970000135,28,ca-cdph-healthcare-facility-locations,970000135,YES,913d73c5-9842-42e6-a8ea-0787b209ec4e,NO,ALREADY_OWNED_EXACT,NO,Exact FACID in production state observation
CA_PENALTY_EVIDENCE,,970000137,14,ca-cdph-healthcare-facility-locations,970000137,YES,9e296ea0-3a2e-4fa4-8e5c-6a10b8147c6e,NO,ALREADY_OWNED_EXACT,NO,Exact FACID in production state observation
CA_PENALTY_EVIDENCE,,970000139,38,ca-cdph-healthcare-facility-locations,970000139,YES,00039fec-a9b1-451d-b23e-aaf96e3265f0,NO,ALREADY_OWNED_EXACT,NO,Exact FACID in production state observation
CA_PENALTY_EVIDENCE,,970000141,11,ca-cdph-healthcare-facility-locations,970000141,YES,75376821-2c94-4602-9b5c-1ae832990d7d,NO,ALREADY_OWNED_EXACT,NO,Exact FACID in production state observation
CA_PENALTY_EVIDENCE,,970000143,11,ca-cdph-healthcare-facility-locations,970000143,YES,88b1c871-7bc8-45c5-bfb4-db43d61e8764,NO,ALREADY_OWNED_EXACT,NO,Exact FACID in production state observation
CA_PENALTY_EVIDENCE,,970000145,12,ca-cdph-healthcare-facility-locations,970000145,YES,81912e9b-b690-49df-a1dc-5416193dc1db,NO,ALREADY_OWNED_EXACT,NO,Exact FACID in production state observation
CA_PENALTY_EVIDENCE,,970000147,6,ca-cdph-healthcare-facility-locations,970000147,YES,89536f07-3d32-41ed-b9c0-638b6c36c8c0,NO,ALREADY_OWNED_EXACT,NO,Exact FACID in production state observation
CA_PENALTY_EVIDENCE,,970000149,12,ca-cdph-healthcare-facility-locations,970000149,YES,fc05f6dd-a2c4-40c5-8387-c159f010185d,NO,ALREADY_OWNED_EXACT,NO,Exact FACID in production state observation
CA_PENALTY_EVIDENCE,,970000156,2,ca-cdph-healthcare-facility-locations,970000156,YES,1eeec6e6-3aa1-429b-829c-8b7231703eb1,NO,ALREADY_OWNED_EXACT,NO,Exact FACID in production state observation
CA_PENALTY_EVIDENCE,,970000161,13,ca-cdph-healthcare-facility-locations,970000161,YES,6ece7634-8e2b-4615-b418-13ce6e776e58,NO,ALREADY_OWNED_EXACT,NO,Exact FACID in production state observation
CA_PENALTY_EVIDENCE,,970000163,8,ca-cdph-healthcare-facility-locations,970000163,YES,b46a7bcf-3963-4748-b384-08f4292252c2,NO,ALREADY_OWNED_EXACT,NO,Exact FACID in production state observation
CA_PENALTY_EVIDENCE,,970000165,21,ca-cdph-healthcare-facility-locations,970000165,YES,8d452dd3-cfeb-40f9-a908-7bfaab3a13c0,NO,ALREADY_OWNED_EXACT,NO,Exact FACID in production state observation
CA_PENALTY_EVIDENCE,,970000167,4,ca-cdph-healthcare-facility-locations,970000167,YES,95a67365-3564-4f59-98d6-2fcd8093475e,NO,ALREADY_OWNED_EXACT,NO,Exact FACID in production state observation
CA_PENALTY_EVIDENCE,,970000169,6,ca-cdph-healthcare-facility-locations,970000169,YES,d3fb286e-8dec-4df5-80bd-30e30bf7f740,NO,ALREADY_OWNED_EXACT,NO,Exact FACID in production state observation
CA_PENALTY_EVIDENCE,,970000171,14,,,NO,,NO,UNRESOLVED,NO,FACID absent from owned row-level state observations
CA_PENALTY_EVIDENCE,,970000174,9,ca-cdph-healthcare-facility-locations,970000174,YES,10a43af7-6f5a-44b3-92f4-a937d27c73c9,NO,ALREADY_OWNED_EXACT,NO,Exact FACID in production state observation
CA_PENALTY_EVIDENCE,,970000176,10,ca-cdph-healthcare-facility-locations,970000176,NO,,NO,UNRESOLVED,NO,FACID in owned observation but no linked provider
CA_PENALTY_EVIDENCE,,970000178,2,ca-cdph-healthcare-facility-locations,970000178,YES,659d760b-380d-464d-a05b-0580842fd6ca,NO,ALREADY_OWNED_EXACT,NO,Exact FACID in production state observation
CA_PENALTY_EVIDENCE,,970000180,1,,,NO,,NO,UNRESOLVED,NO,FACID absent from owned row-level state observations
CA_PENALTY_EVIDENCE,,970000184,5,ca-cdph-healthcare-facility-locations,970000184,YES,e30ad5e3-67b2-4a77-9a5e-ab91071f9f2d,NO,ALREADY_OWNED_EXACT,NO,Exact FACID in production state observation
CA_PENALTY_EVIDENCE,,970000186,26,ca-cdph-healthcare-facility-locations,970000186,YES,643f29e8-31ea-4896-8c1d-4a58b7ddf1f1,NO,ALREADY_OWNED_EXACT,NO,Exact FACID in production state observation
CA_PENALTY_EVIDENCE,,970000188,12,ca-cdph-healthcare-facility-locations,970000188,YES,15b06399-d771-469f-b322-bcd5712bed27,NO,ALREADY_OWNED_EXACT,NO,Exact FACID in production state observation
CA_PENALTY_EVIDENCE,,970000191,1,,,NO,,NO,UNRESOLVED,NO,FACID absent from owned row-level state observations
CA_PENALTY_EVIDENCE,,970000194,12,ca-cdph-healthcare-facility-locations,970000194,YES,ec5365d5-8cf5-4d5c-a764-4c35c0a7f3d4,NO,ALREADY_OWNED_EXACT,NO,Exact FACID in production state observation
CA_PENALTY_EVIDENCE,,980000764,4,,,NO,,NO,UNRESOLVED,NO,FACID absent from owned row-level state observations
CA_PENALTY_EVIDENCE,,980000858,2,,,NO,,NO,UNRESOLVED,NO,FACID absent from owned row-level state observations
CA_PENALTY_EVIDENCE,,980000944,1,,,NO,,NO,UNRESOLVED,NO,FACID absent from owned row-level state observations
CA_PENALTY_EVIDENCE,,980002279,1,,,NO,,NO,UNRESOLVED,NO,FACID absent from owned row-level state observations
CA_PENALTY_EVIDENCE,,980002508,3,,,NO,,NO,UNRESOLVED,NO,FACID absent from owned row-level state observations
IL_LEGACY_MOTOR_CARRIER_ORDER,1,181233 MC,1,,,UNKNOWN,,NO,UNRESOLVED,NO,"Move production identity access timed out; docket number is not proven equal to ILCC, federal MC, or USDOT."
IL_LEGACY_MOTOR_CARRIER_ORDER,2,225854 MC Sub 1,1,,,UNKNOWN,,NO,UNRESOLVED,NO,"Move production identity access timed out; docket number is not proven equal to ILCC, federal MC, or USDOT."
IL_LEGACY_MOTOR_CARRIER_ORDER,3,187262 MC Sub 2,1,,,UNKNOWN,,NO,UNRESOLVED,NO,"Move production identity access timed out; docket number is not proven equal to ILCC, federal MC, or USDOT."
IL_LEGACY_MOTOR_CARRIER_ORDER,4,147540 MC Sub 1,1,,,UNKNOWN,,NO,UNRESOLVED,NO,"Move production identity access timed out; docket number is not proven equal to ILCC, federal MC, or USDOT."
IL_LEGACY_MOTOR_CARRIER_ORDER,5,223835 MC Sub 1,1,,,UNKNOWN,,NO,UNRESOLVED,NO,"Move production identity access timed out; docket number is not proven equal to ILCC, federal MC, or USDOT."
IL_LEGACY_MOTOR_CARRIER_ORDER,6,96 RTV-R Sub 11,1,,,UNKNOWN,,NO,UNRESOLVED,NO,"Move production identity access timed out; docket number is not proven equal to ILCC, federal MC, or USDOT."
IL_LEGACY_MOTOR_CARRIER_ORDER,7,171563 Sub 1,1,,,UNKNOWN,,NO,UNRESOLVED,NO,"Move production identity access timed out; docket number is not proven equal to ILCC, federal MC, or USDOT."
IL_LEGACY_MOTOR_CARRIER_ORDER,8,150 RTV-R Sub 14,1,,,UNKNOWN,,NO,UNRESOLVED,NO,"Move production identity access timed out; docket number is not proven equal to ILCC, federal MC, or USDOT."
IL_LEGACY_MOTOR_CARRIER_ORDER,9,219367 MC Sub 10,1,,,UNKNOWN,,NO,UNRESOLVED,NO,"Move production identity access timed out; docket number is not proven equal to ILCC, federal MC, or USDOT."
IL_LEGACY_MOTOR_CARRIER_ORDER,10,219367 MC Sub 11,1,,,UNKNOWN,,NO,UNRESOLVED,NO,"Move production identity access timed out; docket number is not proven equal to ILCC, federal MC, or USDOT."
IL_LEGACY_MOTOR_CARRIER_ORDER,11,225560 MC Sub 1,1,,,UNKNOWN,,NO,UNRESOLVED,NO,"Move production identity access timed out; docket number is not proven equal to ILCC, federal MC, or USDOT."
IL_LEGACY_MOTOR_CARRIER_ORDER,12,226101 MC Sub 0,1,,,UNKNOWN,,NO,UNRESOLVED,NO,"Move production identity access timed out; docket number is not proven equal to ILCC, federal MC, or USDOT."
IL_LEGACY_MOTOR_CARRIER_ORDER,13,224112 MC Sub 1,1,,,UNKNOWN,,NO,UNRESOLVED,NO,"Move production identity access timed out; docket number is not proven equal to ILCC, federal MC, or USDOT."
IL_LEGACY_MOTOR_CARRIER_ORDER,14,221156 MC Sub 1,1,,,UNKNOWN,,NO,UNRESOLVED,NO,"Move production identity access timed out; docket number is not proven equal to ILCC, federal MC, or USDOT."
IL_LEGACY_MOTOR_CARRIER_ORDER,15,226008 Sub 0,1,,,UNKNOWN,,NO,UNRESOLVED,NO,"Move production identity access timed out; docket number is not proven equal to ILCC, federal MC, or USDOT."
IL_LEGACY_MOTOR_CARRIER_ORDER,16,222373 MC Sub 2,1,,,UNKNOWN,,NO,UNRESOLVED,NO,"Move production identity access timed out; docket number is not proven equal to ILCC, federal MC, or USDOT."
IL_LEGACY_MOTOR_CARRIER_ORDER,17,157786 MC Sub 3,1,,,UNKNOWN,,NO,UNRESOLVED,NO,"Move production identity access timed out; docket number is not proven equal to ILCC, federal MC, or USDOT."
IL_LEGACY_MOTOR_CARRIER_ORDER,18,225716 MC Sub 1,1,,,UNKNOWN,,NO,UNRESOLVED,NO,"Move production identity access timed out; docket number is not proven equal to ILCC, federal MC, or USDOT."
IL_LEGACY_MOTOR_CARRIER_ORDER,19,123 RTV-R Sub 10,1,,,UNKNOWN,,NO,UNRESOLVED,NO,"Move production identity access timed out; docket number is not proven equal to ILCC, federal MC, or USDOT."
IL_LEGACY_MOTOR_CARRIER_ORDER,20,176 RTV-R Sub 9,1,,,UNKNOWN,,NO,UNRESOLVED,NO,"Move production identity access timed out; docket number is not proven equal to ILCC, federal MC, or USDOT."
IL_LEGACY_MOTOR_CARRIER_ORDER,21,225813 MC Sub 0,1,,,UNKNOWN,,NO,UNRESOLVED,NO,"Move production identity access timed out; docket number is not proven equal to ILCC, federal MC, or USDOT."
IL_LEGACY_MOTOR_CARRIER_ORDER,22,212451 MC Sub 6,1,,,UNKNOWN,,NO,UNRESOLVED,NO,"Move production identity access timed out; docket number is not proven equal to ILCC, federal MC, or USDOT."
IL_LEGACY_MOTOR_CARRIER_ORDER,23,217393 MC Sub 9,1,,,UNKNOWN,,NO,UNRESOLVED,NO,"Move production identity access timed out; docket number is not proven equal to ILCC, federal MC, or USDOT."
IL_LEGACY_MOTOR_CARRIER_ORDER,24,225741 MC Sub 0,1,,,UNKNOWN,,NO,UNRESOLVED,NO,"Move production identity access timed out; docket number is not proven equal to ILCC, federal MC, or USDOT."
IL_LEGACY_MOTOR_CARRIER_ORDER,25,142981 MC Sub 3,1,,,UNKNOWN,,NO,UNRESOLVED,NO,"Move production identity access timed out; docket number is not proven equal to ILCC, federal MC, or USDOT."
IL_LEGACY_MOTOR_CARRIER_ORDER,26,169727 MC Sub 9,1,,,UNKNOWN,,NO,UNRESOLVED,NO,"Move production identity access timed out; docket number is not proven equal to ILCC, federal MC, or USDOT."
IL_LEGACY_MOTOR_CARRIER_ORDER,27,167 RTV-R Sub 7,1,,,UNKNOWN,,NO,UNRESOLVED,NO,"Move production identity access timed out; docket number is not proven equal to ILCC, federal MC, or USDOT."
IL_LEGACY_MOTOR_CARRIER_ORDER,28,228 RTV-R Sub 8,1,,,UNKNOWN,,NO,UNRESOLVED,NO,"Move production identity access timed out; docket number is not proven equal to ILCC, federal MC, or USDOT."
IL_LEGACY_MOTOR_CARRIER_ORDER,29,225611 MC Sub 0,1,,,UNKNOWN,,NO,UNRESOLVED,NO,"Move production identity access timed out; docket number is not proven equal to ILCC, federal MC, or USDOT."
IL_LEGACY_MOTOR_CARRIER_ORDER,30,213 RTV-R Sub 12,1,,,UNKNOWN,,NO,UNRESOLVED,NO,"Move production identity access timed out; docket number is not proven equal to ILCC, federal MC, or USDOT."
IL_LEGACY_MOTOR_CARRIER_ORDER,31,222144 MC Sub 3,1,,,UNKNOWN,,NO,UNRESOLVED,NO,"Move production identity access timed out; docket number is not proven equal to ILCC, federal MC, or USDOT."
IL_LEGACY_MOTOR_CARRIER_ORDER,32,220766 MC Sub 3,1,,,UNKNOWN,,NO,UNRESOLVED,NO,"Move production identity access timed out; docket number is not proven equal to ILCC, federal MC, or USDOT."
IL_LEGACY_MOTOR_CARRIER_ORDER,33,110633 MC Sub 6,1,,,UNKNOWN,,NO,UNRESOLVED,NO,"Move production identity access timed out; docket number is not proven equal to ILCC, federal MC, or USDOT."
IL_LEGACY_MOTOR_CARRIER_ORDER,34,179114 MC Sub 1,1,,,UNKNOWN,,NO,UNRESOLVED,NO,"Move production identity access timed out; docket number is not proven equal to ILCC, federal MC, or USDOT."
IL_LEGACY_MOTOR_CARRIER_ORDER,35,138749 MC Sub 7,1,,,UNKNOWN,,NO,UNRESOLVED,NO,"Move production identity access timed out; docket number is not proven equal to ILCC, federal MC, or USDOT."
IL_LEGACY_MOTOR_CARRIER_ORDER,36,137713 MC Sub 5,1,,,UNKNOWN,,NO,UNRESOLVED,NO,"Move production identity access timed out; docket number is not proven equal to ILCC, federal MC, or USDOT."
IL_LEGACY_MOTOR_CARRIER_ORDER,37,222214 MC Sub 2,1,,,UNKNOWN,,NO,UNRESOLVED,NO,"Move production identity access timed out; docket number is not proven equal to ILCC, federal MC, or USDOT."
IL_LEGACY_MOTOR_CARRIER_ORDER,38,225073 MC Sub 2,1,,,UNKNOWN,,NO,UNRESOLVED,NO,"Move production identity access timed out; docket number is not proven equal to ILCC, federal MC, or USDOT."
IL_LEGACY_MOTOR_CARRIER_ORDER,39,159871 MC Sub 15,1,,,UNKNOWN,,NO,UNRESOLVED,NO,"Move production identity access timed out; docket number is not proven equal to ILCC, federal MC, or USDOT."
IL_LEGACY_MOTOR_CARRIER_ORDER,40,130060 MC Sub 4,1,,,UNKNOWN,,NO,UNRESOLVED,NO,"Move production identity access timed out; docket number is not proven equal to ILCC, federal MC, or USDOT."
IL_LEGACY_MOTOR_CARRIER_ORDER,41,207 RTV-R Sub 7,1,,,UNKNOWN,,NO,UNRESOLVED,NO,"Move production identity access timed out; docket number is not proven equal to ILCC, federal MC, or USDOT."
IL_LEGACY_MOTOR_CARRIER_ORDER,42,220317 MC Sub 4,1,,,UNKNOWN,,NO,UNRESOLVED,NO,"Move production identity access timed out; docket number is not proven equal to ILCC, federal MC, or USDOT."
IL_LEGACY_MOTOR_CARRIER_ORDER,43,225032 MC Sub 0,1,,,UNKNOWN,,NO,UNRESOLVED,NO,"Move production identity access timed out; docket number is not proven equal to ILCC, federal MC, or USDOT."
IL_LEGACY_MOTOR_CARRIER_ORDER,44,249 RTV-R Sub 4,1,,,UNKNOWN,,NO,UNRESOLVED,NO,"Move production identity access timed out; docket number is not proven equal to ILCC, federal MC, or USDOT."
IL_LEGACY_MOTOR_CARRIER_ORDER,45,161368 MC Sub 5,1,,,UNKNOWN,,NO,UNRESOLVED,NO,"Move production identity access timed out; docket number is not proven equal to ILCC, federal MC, or USDOT."
IL_LEGACY_MOTOR_CARRIER_ORDER,46,134 RTV-R Sub 12,1,,,UNKNOWN,,NO,UNRESOLVED,NO,"Move production identity access timed out; docket number is not proven equal to ILCC, federal MC, or USDOT."
IL_LEGACY_MOTOR_CARRIER_ORDER,47,161368 MC Sub 8,1,,,UNKNOWN,,NO,UNRESOLVED,NO,"Move production identity access timed out; docket number is not proven equal to ILCC, federal MC, or USDOT."
IL_LEGACY_MOTOR_CARRIER_ORDER,48,152596 MC Sub 2,1,,,UNKNOWN,,NO,UNRESOLVED,NO,"Move production identity access timed out; docket number is not proven equal to ILCC, federal MC, or USDOT."
IL_LEGACY_MOTOR_CARRIER_ORDER,49,214136 MC Sub 4,1,,,UNKNOWN,,NO,UNRESOLVED,NO,"Move production identity access timed out; docket number is not proven equal to ILCC, federal MC, or USDOT."
IL_LEGACY_MOTOR_CARRIER_ORDER,50,214060 MC Sub 10,1,,,UNKNOWN,,NO,UNRESOLVED,NO,"Move production identity access timed out; docket number is not proven equal to ILCC, federal MC, or USDOT."
IL_LEGACY_MOTOR_CARRIER_ORDER,51,224269 MC Sub 1,1,,,UNKNOWN,,NO,UNRESOLVED,NO,"Move production identity access timed out; docket number is not proven equal to ILCC, federal MC, or USDOT."
IL_LEGACY_MOTOR_CARRIER_ORDER,52,224601 MC Sub 1,1,,,UNKNOWN,,NO,UNRESOLVED,NO,"Move production identity access timed out; docket number is not proven equal to ILCC, federal MC, or USDOT."
IL_LEGACY_MOTOR_CARRIER_ORDER,53,269 RTV-R Sub 3,1,,,UNKNOWN,,NO,UNRESOLVED,NO,"Move production identity access timed out; docket number is not proven equal to ILCC, federal MC, or USDOT."
IL_LEGACY_MOTOR_CARRIER_ORDER,54,172 RTV-R Sub 7,1,,,UNKNOWN,,NO,UNRESOLVED,NO,"Move production identity access timed out; docket number is not proven equal to ILCC, federal MC, or USDOT."
IL_LEGACY_MOTOR_CARRIER_ORDER,55,223716 MC Sub 2,1,,,UNKNOWN,,NO,UNRESOLVED,NO,"Move production identity access timed out; docket number is not proven equal to ILCC, federal MC, or USDOT."
IL_LEGACY_MOTOR_CARRIER_ORDER,56,224033 MC Sub 1,1,,,UNKNOWN,,NO,UNRESOLVED,NO,"Move production identity access timed out; docket number is not proven equal to ILCC, federal MC, or USDOT."
IL_LEGACY_MOTOR_CARRIER_ORDER,57,142745 MC Sub 3,1,,,UNKNOWN,,NO,UNRESOLVED,NO,"Move production identity access timed out; docket number is not proven equal to ILCC, federal MC, or USDOT."
IL_LEGACY_MOTOR_CARRIER_ORDER,58,224264 MC Sub 2,1,,,UNKNOWN,,NO,UNRESOLVED,NO,"Move production identity access timed out; docket number is not proven equal to ILCC, federal MC, or USDOT."
IL_LEGACY_MOTOR_CARRIER_ORDER,59,104865 MC Sub 9,1,,,UNKNOWN,,NO,UNRESOLVED,NO,"Move production identity access timed out; docket number is not proven equal to ILCC, federal MC, or USDOT."
IL_LEGACY_MOTOR_CARRIER_ORDER,60,224691 MC Sub 1,1,,,UNKNOWN,,NO,UNRESOLVED,NO,"Move production identity access timed out; docket number is not proven equal to ILCC, federal MC, or USDOT."
IL_LEGACY_MOTOR_CARRIER_ORDER,61,125575 MC Sub 3,1,,,UNKNOWN,,NO,UNRESOLVED,NO,"Move production identity access timed out; docket number is not proven equal to ILCC, federal MC, or USDOT."
IL_LEGACY_MOTOR_CARRIER_ORDER,62,145305 MC Sub 7,1,,,UNKNOWN,,NO,UNRESOLVED,NO,"Move production identity access timed out; docket number is not proven equal to ILCC, federal MC, or USDOT."
IL_LEGACY_MOTOR_CARRIER_ORDER,63,223640 MC Sub 1,1,,,UNKNOWN,,NO,UNRESOLVED,NO,"Move production identity access timed out; docket number is not proven equal to ILCC, federal MC, or USDOT."
IL_LEGACY_MOTOR_CARRIER_ORDER,64,90 RTV-R Sub 16,1,,,UNKNOWN,,NO,UNRESOLVED,NO,"Move production identity access timed out; docket number is not proven equal to ILCC, federal MC, or USDOT."
IL_LEGACY_MOTOR_CARRIER_ORDER,65,230 RTV-R Sub 4,1,,,UNKNOWN,,NO,UNRESOLVED,NO,"Move production identity access timed out; docket number is not proven equal to ILCC, federal MC, or USDOT."
IL_LEGACY_MOTOR_CARRIER_ORDER,66,218331 MC Sub 3,1,,,UNKNOWN,,NO,UNRESOLVED,NO,"Move production identity access timed out; docket number is not proven equal to ILCC, federal MC, or USDOT."
IL_LEGACY_MOTOR_CARRIER_ORDER,67,169356 MC Sub 1,1,,,UNKNOWN,,NO,UNRESOLVED,NO,"Move production identity access timed out; docket number is not proven equal to ILCC, federal MC, or USDOT."
IL_LEGACY_MOTOR_CARRIER_ORDER,68,91485 MC Sub 1,1,,,UNKNOWN,,NO,UNRESOLVED,NO,"Move production identity access timed out; docket number is not proven equal to ILCC, federal MC, or USDOT."
IL_LEGACY_MOTOR_CARRIER_ORDER,69,222176 MC Sub 3,1,,,UNKNOWN,,NO,UNRESOLVED,NO,"Move production identity access timed out; docket number is not proven equal to ILCC, federal MC, or USDOT."
IL_LEGACY_MOTOR_CARRIER_ORDER,70,174983 MC Sub 2,1,,,UNKNOWN,,NO,UNRESOLVED,NO,"Move production identity access timed out; docket number is not proven equal to ILCC, federal MC, or USDOT."
IL_LEGACY_MOTOR_CARRIER_ORDER,71,115831 MC Sub 13,1,,,UNKNOWN,,NO,UNRESOLVED,NO,"Move production identity access timed out; docket number is not proven equal to ILCC, federal MC, or USDOT."
IL_LEGACY_MOTOR_CARRIER_ORDER,72,72257 MC Sub 1,1,,,UNKNOWN,,NO,UNRESOLVED,NO,"Move production identity access timed out; docket number is not proven equal to ILCC, federal MC, or USDOT."
IL_LEGACY_MOTOR_CARRIER_ORDER,73,182130 MC Sub 2,1,,,UNKNOWN,,NO,UNRESOLVED,NO,"Move production identity access timed out; docket number is not proven equal to ILCC, federal MC, or USDOT."
IL_LEGACY_MOTOR_CARRIER_ORDER,74,139 RTV-R Sub 9,1,,,UNKNOWN,,NO,UNRESOLVED,NO,"Move production identity access timed out; docket number is not proven equal to ILCC, federal MC, or USDOT."
IL_LEGACY_MOTOR_CARRIER_ORDER,75,252 RTV-R Sub 3,1,,,UNKNOWN,,NO,UNRESOLVED,NO,"Move production identity access timed out; docket number is not proven equal to ILCC, federal MC, or USDOT."
IL_LEGACY_MOTOR_CARRIER_ORDER,76,66 RTV-R Sub 23,1,,,UNKNOWN,,NO,UNRESOLVED,NO,"Move production identity access timed out; docket number is not proven equal to ILCC, federal MC, or USDOT."
IL_LEGACY_MOTOR_CARRIER_ORDER,77,142536 MC Sub 3,1,,,UNKNOWN,,NO,UNRESOLVED,NO,"Move production identity access timed out; docket number is not proven equal to ILCC, federal MC, or USDOT."
IL_LEGACY_MOTOR_CARRIER_ORDER,78,224122 MC Sub 1,1,,,UNKNOWN,,NO,UNRESOLVED,NO,"Move production identity access timed out; docket number is not proven equal to ILCC, federal MC, or USDOT."
IL_LEGACY_MOTOR_CARRIER_ORDER,79,270 RTV-R Sub 3,1,,,UNKNOWN,,NO,UNRESOLVED,NO,"Move production identity access timed out; docket number is not proven equal to ILCC, federal MC, or USDOT."
IL_LEGACY_MOTOR_CARRIER_ORDER,80,70078 MC Sub 0,1,,,UNKNOWN,,NO,UNRESOLVED,NO,"Move production identity access timed out; docket number is not proven equal to ILCC, federal MC, or USDOT."
IL_LEGACY_MOTOR_CARRIER_ORDER,81,212 RTV-R Sub 4,1,,,UNKNOWN,,NO,UNRESOLVED,NO,"Move production identity access timed out; docket number is not proven equal to ILCC, federal MC, or USDOT."
IL_LEGACY_MOTOR_CARRIER_ORDER,82,218153 MC Sub 6,1,,,UNKNOWN,,NO,UNRESOLVED,NO,"Move production identity access timed out; docket number is not proven equal to ILCC, federal MC, or USDOT."
IL_LEGACY_MOTOR_CARRIER_ORDER,83,180703 MC Sub 3,1,,,UNKNOWN,,NO,UNRESOLVED,NO,"Move production identity access timed out; docket number is not proven equal to ILCC, federal MC, or USDOT."
IL_LEGACY_MOTOR_CARRIER_ORDER,84,169947 MC Sub 4,1,,,UNKNOWN,,NO,UNRESOLVED,NO,"Move production identity access timed out; docket number is not proven equal to ILCC, federal MC, or USDOT."
IL_LEGACY_MOTOR_CARRIER_ORDER,85,212037 MC Sub 6,1,,,UNKNOWN,,NO,UNRESOLVED,NO,"Move production identity access timed out; docket number is not proven equal to ILCC, federal MC, or USDOT."
IL_LEGACY_MOTOR_CARRIER_ORDER,86,153648 MC Sub 4,1,,,UNKNOWN,,NO,UNRESOLVED,NO,"Move production identity access timed out; docket number is not proven equal to ILCC, federal MC, or USDOT."
IL_LEGACY_MOTOR_CARRIER_ORDER,87,199 RTV-R Sub 5,1,,,UNKNOWN,,NO,UNRESOLVED,NO,"Move production identity access timed out; docket number is not proven equal to ILCC, federal MC, or USDOT."
IL_LEGACY_MOTOR_CARRIER_ORDER,88,182841 MC Sub 1,1,,,UNKNOWN,,NO,UNRESOLVED,NO,"Move production identity access timed out; docket number is not proven equal to ILCC, federal MC, or USDOT."
IL_LEGACY_MOTOR_CARRIER_ORDER,89,209631 MC Sub 4,1,,,UNKNOWN,,NO,UNRESOLVED,NO,"Move production identity access timed out; docket number is not proven equal to ILCC, federal MC, or USDOT."
IL_LEGACY_MOTOR_CARRIER_ORDER,90,185387 MC Sub 12,1,,,UNKNOWN,,NO,UNRESOLVED,NO,"Move production identity access timed out; docket number is not proven equal to ILCC, federal MC, or USDOT."
IL_LEGACY_MOTOR_CARRIER_ORDER,91,182282 MC Sub 2,1,,,UNKNOWN,,NO,UNRESOLVED,NO,"Move production identity access timed out; docket number is not proven equal to ILCC, federal MC, or USDOT."
IL_LEGACY_MOTOR_CARRIER_ORDER,92,130523 MC Sub 3,1,,,UNKNOWN,,NO,UNRESOLVED,NO,"Move production identity access timed out; docket number is not proven equal to ILCC, federal MC, or USDOT."
IL_LEGACY_MOTOR_CARRIER_ORDER,93,219367 MC Sub 3,1,,,UNKNOWN,,NO,UNRESOLVED,NO,"Move production identity access timed out; docket number is not proven equal to ILCC, federal MC, or USDOT."
IL_LEGACY_MOTOR_CARRIER_ORDER,94,218693 MC Sub 3,1,,,UNKNOWN,,NO,UNRESOLVED,NO,"Move production identity access timed out; docket number is not proven equal to ILCC, federal MC, or USDOT."
IL_LEGACY_MOTOR_CARRIER_ORDER,95,180146 MC Sub 1,1,,,UNKNOWN,,NO,UNRESOLVED,NO,"Move production identity access timed out; docket number is not proven equal to ILCC, federal MC, or USDOT."
IL_LEGACY_MOTOR_CARRIER_ORDER,96,217403 MC Sub 1,1,,,UNKNOWN,,NO,UNRESOLVED,NO,"Move production identity access timed out; docket number is not proven equal to ILCC, federal MC, or USDOT."
IL_LEGACY_MOTOR_CARRIER_ORDER,97,216170 MC Sub 3,1,,,UNKNOWN,,NO,UNRESOLVED,NO,"Move production identity access timed out; docket number is not proven equal to ILCC, federal MC, or USDOT."
IL_LEGACY_MOTOR_CARRIER_ORDER,98,219130 MC Sub 2,1,,,UNKNOWN,,NO,UNRESOLVED,NO,"Move production identity access timed out; docket number is not proven equal to ILCC, federal MC, or USDOT."
IL_LEGACY_MOTOR_CARRIER_ORDER,99,223196 MC Sub 1,1,,,UNKNOWN,,NO,UNRESOLVED,NO,"Move production identity access timed out; docket number is not proven equal to ILCC, federal MC, or USDOT."
IL_LEGACY_MOTOR_CARRIER_ORDER,100,220778 MC Sub 2,1,,,UNKNOWN,,NO,UNRESOLVED,NO,"Move production identity access timed out; docket number is not proven equal to ILCC, federal MC, or USDOT."
IL_LEGACY_MOTOR_CARRIER_ORDER,101,222435 MC Sub 1,1,,,UNKNOWN,,NO,UNRESOLVED,NO,"Move production identity access timed out; docket number is not proven equal to ILCC, federal MC, or USDOT."
IL_LEGACY_MOTOR_CARRIER_ORDER,102,174773 MC Sub 4,1,,,UNKNOWN,,NO,UNRESOLVED,NO,"Move production identity access timed out; docket number is not proven equal to ILCC, federal MC, or USDOT."
IL_LEGACY_MOTOR_CARRIER_ORDER,103,221106 MC Sub 1,1,,,UNKNOWN,,NO,UNRESOLVED,NO,"Move production identity access timed out; docket number is not proven equal to ILCC, federal MC, or USDOT."
IL_LEGACY_MOTOR_CARRIER_ORDER,104,71444 MC Sub 2,1,,,UNKNOWN,,NO,UNRESOLVED,NO,"Move production identity access timed out; docket number is not proven equal to ILCC, federal MC, or USDOT."
IL_LEGACY_MOTOR_CARRIER_ORDER,105,262 RTV-R Sub 4,1,,,UNKNOWN,,NO,UNRESOLVED,NO,"Move production identity access timed out; docket number is not proven equal to ILCC, federal MC, or USDOT."
IL_LEGACY_MOTOR_CARRIER_ORDER,106,223768 MC Sub 0,1,,,UNKNOWN,,NO,UNRESOLVED,NO,"Move production identity access timed out; docket number is not proven equal to ILCC, federal MC, or USDOT."
IL_LEGACY_MOTOR_CARRIER_ORDER,107,222375 MC Sub 1,1,,,UNKNOWN,,NO,UNRESOLVED,NO,"Move production identity access timed out; docket number is not proven equal to ILCC, federal MC, or USDOT."
IL_LEGACY_MOTOR_CARRIER_ORDER,108,217244 MC Sub 3,1,,,UNKNOWN,,NO,UNRESOLVED,NO,"Move production identity access timed out; docket number is not proven equal to ILCC, federal MC, or USDOT."
IL_LEGACY_MOTOR_CARRIER_ORDER,109,216069 MC Sub 5,1,,,UNKNOWN,,NO,UNRESOLVED,NO,"Move production identity access timed out; docket number is not proven equal to ILCC, federal MC, or USDOT."
IL_LEGACY_MOTOR_CARRIER_ORDER,110,97558 MC Sub 0,1,,,UNKNOWN,,NO,UNRESOLVED,NO,"Move production identity access timed out; docket number is not proven equal to ILCC, federal MC, or USDOT."
IL_LEGACY_MOTOR_CARRIER_ORDER,111,45457 MC Sub 17,1,,,UNKNOWN,,NO,UNRESOLVED,NO,"Move production identity access timed out; docket number is not proven equal to ILCC, federal MC, or USDOT."
IL_LEGACY_MOTOR_CARRIER_ORDER,112,216161 MC Sub 7,1,,,UNKNOWN,,NO,UNRESOLVED,NO,"Move production identity access timed out; docket number is not proven equal to ILCC, federal MC, or USDOT."
IL_LEGACY_MOTOR_CARRIER_ORDER,113,182841 MC Sub 2,1,,,UNKNOWN,,NO,UNRESOLVED,NO,"Move production identity access timed out; docket number is not proven equal to ILCC, federal MC, or USDOT."
IL_LEGACY_MOTOR_CARRIER_ORDER,114,223703 MC Sub 0,1,,,UNKNOWN,,NO,UNRESOLVED,NO,"Move production identity access timed out; docket number is not proven equal to ILCC, federal MC, or USDOT."
IL_LEGACY_MOTOR_CARRIER_ORDER,115,158163 MC Sub 14,1,,,UNKNOWN,,NO,UNRESOLVED,NO,"Move production identity access timed out; docket number is not proven equal to ILCC, federal MC, or USDOT."
IL_LEGACY_MOTOR_CARRIER_ORDER,116,223633 MC Sub 0,1,,,UNKNOWN,,NO,UNRESOLVED,NO,"Move production identity access timed out; docket number is not proven equal to ILCC, federal MC, or USDOT."
IL_LEGACY_MOTOR_CARRIER_ORDER,117,219921 MC Sub 3,1,,,UNKNOWN,,NO,UNRESOLVED,NO,"Move production identity access timed out; docket number is not proven equal to ILCC, federal MC, or USDOT."
IL_LEGACY_MOTOR_CARRIER_ORDER,118,223605 MC Sub 0,1,,,UNKNOWN,,NO,UNRESOLVED,NO,"Move production identity access timed out; docket number is not proven equal to ILCC, federal MC, or USDOT."
IL_LEGACY_MOTOR_CARRIER_ORDER,119,223298 MC Sub 0,1,,,UNKNOWN,,NO,UNRESOLVED,NO,"Move production identity access timed out; docket number is not proven equal to ILCC, federal MC, or USDOT."
IL_LEGACY_MOTOR_CARRIER_ORDER,120,89 RTV-R Sub 12,1,,,UNKNOWN,,NO,UNRESOLVED,NO,"Move production identity access timed out; docket number is not proven equal to ILCC, federal MC, or USDOT."
IL_LEGACY_MOTOR_CARRIER_ORDER,121,185072 MC Sub 3,1,,,UNKNOWN,,NO,UNRESOLVED,NO,"Move production identity access timed out; docket number is not proven equal to ILCC, federal MC, or USDOT."
IL_LEGACY_MOTOR_CARRIER_ORDER,122,162274 MC Sub 7,1,,,UNKNOWN,,NO,UNRESOLVED,NO,"Move production identity access timed out; docket number is not proven equal to ILCC, federal MC, or USDOT."
IL_LEGACY_MOTOR_CARRIER_ORDER,123,145919 MC Sub 3,1,,,UNKNOWN,,NO,UNRESOLVED,NO,"Move production identity access timed out; docket number is not proven equal to ILCC, federal MC, or USDOT."
IL_LEGACY_MOTOR_CARRIER_ORDER,124,188153 MC Sub 3,1,,,UNKNOWN,,NO,UNRESOLVED,NO,"Move production identity access timed out; docket number is not proven equal to ILCC, federal MC, or USDOT."
IL_LEGACY_MOTOR_CARRIER_ORDER,125,74 RTV-R Sub 15,1,,,UNKNOWN,,NO,UNRESOLVED,NO,"Move production identity access timed out; docket number is not proven equal to ILCC, federal MC, or USDOT."
IL_LEGACY_MOTOR_CARRIER_ORDER,126,144383 MC Sub 3,1,,,UNKNOWN,,NO,UNRESOLVED,NO,"Move production identity access timed out; docket number is not proven equal to ILCC, federal MC, or USDOT."
IL_LEGACY_MOTOR_CARRIER_ORDER,127,222375 MC Sub 0,1,,,UNKNOWN,,NO,UNRESOLVED,NO,"Move production identity access timed out; docket number is not proven equal to ILCC, federal MC, or USDOT."
IL_LEGACY_MOTOR_CARRIER_ORDER,128,261 RTV-R Sub 3,1,,,UNKNOWN,,NO,UNRESOLVED,NO,"Move production identity access timed out; docket number is not proven equal to ILCC, federal MC, or USDOT."
IL_LEGACY_MOTOR_CARRIER_ORDER,129,260 RTV-R Sub 3,1,,,UNKNOWN,,NO,UNRESOLVED,NO,"Move production identity access timed out; docket number is not proven equal to ILCC, federal MC, or USDOT."
IL_LEGACY_MOTOR_CARRIER_ORDER,130,153374 MC Sub 3,1,,,UNKNOWN,,NO,UNRESOLVED,NO,"Move production identity access timed out; docket number is not proven equal to ILCC, federal MC, or USDOT."
IL_LEGACY_MOTOR_CARRIER_ORDER,131,223049 MC Sub 0,1,,,UNKNOWN,,NO,UNRESOLVED,NO,"Move production identity access timed out; docket number is not proven equal to ILCC, federal MC, or USDOT."
IL_LEGACY_MOTOR_CARRIER_ORDER,132,250 RTV-R Sub 3,1,,,UNKNOWN,,NO,UNRESOLVED,NO,"Move production identity access timed out; docket number is not proven equal to ILCC, federal MC, or USDOT."
IL_LEGACY_MOTOR_CARRIER_ORDER,133,223114 MC Sub 0,1,,,UNKNOWN,,NO,UNRESOLVED,NO,"Move production identity access timed out; docket number is not proven equal to ILCC, federal MC, or USDOT."
IL_LEGACY_MOTOR_CARRIER_ORDER,134,212947 MC Sub 7,1,,,UNKNOWN,,NO,UNRESOLVED,NO,"Move production identity access timed out; docket number is not proven equal to ILCC, federal MC, or USDOT."
IL_LEGACY_MOTOR_CARRIER_ORDER,135,220122 MC Sub 0,1,,,UNKNOWN,,NO,UNRESOLVED,NO,"Move production identity access timed out; docket number is not proven equal to ILCC, federal MC, or USDOT."
IL_LEGACY_MOTOR_CARRIER_ORDER,136,282 RTV-R Sub 0,1,,,UNKNOWN,,NO,UNRESOLVED,NO,"Move production identity access timed out; docket number is not proven equal to ILCC, federal MC, or USDOT."
IL_LEGACY_MOTOR_CARRIER_ORDER,137,220013 MC Sub 0,1,,,UNKNOWN,,NO,UNRESOLVED,NO,"Move production identity access timed out; docket number is not proven equal to ILCC, federal MC, or USDOT."
IL_LEGACY_MOTOR_CARRIER_ORDER,138,86 RTV-R Sub 12,1,,,UNKNOWN,,NO,UNRESOLVED,NO,"Move production identity access timed out; docket number is not proven equal to ILCC, federal MC, or USDOT."
IL_LEGACY_MOTOR_CARRIER_ORDER,139,222961 MC Sub 0,1,,,UNKNOWN,,NO,UNRESOLVED,NO,"Move production identity access timed out; docket number is not proven equal to ILCC, federal MC, or USDOT."
IL_LEGACY_MOTOR_CARRIER_ORDER,140,266 RTV-R Sub 2,1,,,UNKNOWN,,NO,UNRESOLVED,NO,"Move production identity access timed out; docket number is not proven equal to ILCC, federal MC, or USDOT."
IL_LEGACY_MOTOR_CARRIER_ORDER,141,222785 MC Sub 0,1,,,UNKNOWN,,NO,UNRESOLVED,NO,"Move production identity access timed out; docket number is not proven equal to ILCC, federal MC, or USDOT."
IL_LEGACY_MOTOR_CARRIER_ORDER,142,186274 MC Sub 13,1,,,UNKNOWN,,NO,UNRESOLVED,NO,"Move production identity access timed out; docket number is not proven equal to ILCC, federal MC, or USDOT."
IL_LEGACY_MOTOR_CARRIER_ORDER,143,222739 MC Sub 0,1,,,UNKNOWN,,NO,UNRESOLVED,NO,"Move production identity access timed out; docket number is not proven equal to ILCC, federal MC, or USDOT."
IL_LEGACY_MOTOR_CARRIER_ORDER,144,222748 MC Sub 0,1,,,UNKNOWN,,NO,UNRESOLVED,DUPLICATE_SOURCE_DOCKET,"Move production identity access timed out; docket number is not proven equal to ILCC, federal MC, or USDOT."
IL_LEGACY_MOTOR_CARRIER_ORDER,145,222748 MC Sub 0,1,,,UNKNOWN,,NO,UNRESOLVED,DUPLICATE_SOURCE_DOCKET,"Move production identity access timed out; docket number is not proven equal to ILCC, federal MC, or USDOT."
IL_LEGACY_MOTOR_CARRIER_ORDER,146,156 RTV-R Sub 9,1,,,UNKNOWN,,NO,UNRESOLVED,NO,"Move production identity access timed out; docket number is not proven equal to ILCC, federal MC, or USDOT."
IL_LEGACY_MOTOR_CARRIER_ORDER,147,164 RTV-R Sub 8,1,,,UNKNOWN,,NO,UNRESOLVED,NO,"Move production identity access timed out; docket number is not proven equal to ILCC, federal MC, or USDOT."
IL_LEGACY_MOTOR_CARRIER_ORDER,148,138532 MC Sub 14,1,,,UNKNOWN,,NO,UNRESOLVED,NO,"Move production identity access timed out; docket number is not proven equal to ILCC, federal MC, or USDOT."
IL_LEGACY_MOTOR_CARRIER_ORDER,149,124798 MC Sub 12,1,,,UNKNOWN,,NO,UNRESOLVED,NO,"Move production identity access timed out; docket number is not proven equal to ILCC, federal MC, or USDOT."
IL_LEGACY_MOTOR_CARRIER_ORDER,150,154490 MC Sub 6,1,,,UNKNOWN,,NO,UNRESOLVED,NO,"Move production identity access timed out; docket number is not proven equal to ILCC, federal MC, or USDOT."
IL_LEGACY_MOTOR_CARRIER_ORDER,151,162868 MC Sub 4,1,,,UNKNOWN,,NO,UNRESOLVED,NO,"Move production identity access timed out; docket number is not proven equal to ILCC, federal MC, or USDOT."
IL_LEGACY_MOTOR_CARRIER_ORDER,152,176468 MC Sub 1,1,,,UNKNOWN,,NO,UNRESOLVED,NO,"Move production identity access timed out; docket number is not proven equal to ILCC, federal MC, or USDOT."
IL_LEGACY_MOTOR_CARRIER_ORDER,153,186037 MC Sub 7,1,,,UNKNOWN,,NO,UNRESOLVED,NO,"Move production identity access timed out; docket number is not proven equal to ILCC, federal MC, or USDOT."
IL_LEGACY_MOTOR_CARRIER_ORDER,154,219301 MC Sub 3,1,,,UNKNOWN,,NO,UNRESOLVED,NO,"Move production identity access timed out; docket number is not proven equal to ILCC, federal MC, or USDOT."
IL_LEGACY_MOTOR_CARRIER_ORDER,155,219994 MC Sub 2,1,,,UNKNOWN,,NO,UNRESOLVED,NO,"Move production identity access timed out; docket number is not proven equal to ILCC, federal MC, or USDOT."
IL_LEGACY_MOTOR_CARRIER_ORDER,156,221905 MC Sub 1,1,,,UNKNOWN,,NO,UNRESOLVED,NO,"Move production identity access timed out; docket number is not proven equal to ILCC, federal MC, or USDOT."
IL_LEGACY_MOTOR_CARRIER_ORDER,157,222117 MC Sub 1,1,,,UNKNOWN,,NO,UNRESOLVED,NO,"Move production identity access timed out; docket number is not proven equal to ILCC, federal MC, or USDOT."
IL_LEGACY_MOTOR_CARRIER_ORDER,158,216451 MC Sub 3,1,,,UNKNOWN,,NO,UNRESOLVED,NO,"Move production identity access timed out; docket number is not proven equal to ILCC, federal MC, or USDOT."
IL_LEGACY_MOTOR_CARRIER_ORDER,159,222523 MC Sub 0,1,,,UNKNOWN,,NO,UNRESOLVED,NO,"Move production identity access timed out; docket number is not proven equal to ILCC, federal MC, or USDOT."
IL_LEGACY_MOTOR_CARRIER_ORDER,160,111691 MC Sub 3,1,,,UNKNOWN,,NO,UNRESOLVED,NO,"Move production identity access timed out; docket number is not proven equal to ILCC, federal MC, or USDOT."
IL_LEGACY_MOTOR_CARRIER_ORDER,161,222496 MC Sub 0,1,,,UNKNOWN,,NO,UNRESOLVED,NO,"Move production identity access timed out; docket number is not proven equal to ILCC, federal MC, or USDOT."
IL_LEGACY_MOTOR_CARRIER_ORDER,162,219658 MC Sub 1,1,,,UNKNOWN,,NO,UNRESOLVED,NO,"Move production identity access timed out; docket number is not proven equal to ILCC, federal MC, or USDOT."
IL_LEGACY_MOTOR_CARRIER_ORDER,163,169375 MC Sub 3,1,,,UNKNOWN,,NO,UNRESOLVED,NO,"Move production identity access timed out; docket number is not proven equal to ILCC, federal MC, or USDOT."
IL_LEGACY_MOTOR_CARRIER_ORDER,164,222372 MC Sub 0,1,,,UNKNOWN,,NO,UNRESOLVED,NO,"Move production identity access timed out; docket number is not proven equal to ILCC, federal MC, or USDOT."
IL_LEGACY_MOTOR_CARRIER_ORDER,165,176741 MC Sub 1,1,,,UNKNOWN,,NO,UNRESOLVED,NO,"Move production identity access timed out; docket number is not proven equal to ILCC, federal MC, or USDOT."
IL_LEGACY_MOTOR_CARRIER_ORDER,166,122548 MC Sub 16,1,,,UNKNOWN,,NO,UNRESOLVED,NO,"Move production identity access timed out; docket number is not proven equal to ILCC, federal MC, or USDOT."
IL_LEGACY_MOTOR_CARRIER_ORDER,167,68 RTV-R Sub 18,1,,,UNKNOWN,,NO,UNRESOLVED,NO,"Move production identity access timed out; docket number is not proven equal to ILCC, federal MC, or USDOT."
IL_LEGACY_MOTOR_CARRIER_ORDER,168,215736 MC Sub 2,1,,,UNKNOWN,,NO,UNRESOLVED,NO,"Move production identity access timed out; docket number is not proven equal to ILCC, federal MC, or USDOT."
IL_LEGACY_MOTOR_CARRIER_ORDER,169,2220242 MC Sub 2,1,,,UNKNOWN,,NO,UNRESOLVED,NO,"Move production identity access timed out; docket number is not proven equal to ILCC, federal MC, or USDOT."
IL_LEGACY_MOTOR_CARRIER_ORDER,170,138440 MC Sub 1,1,,,UNKNOWN,,NO,UNRESOLVED,NO,"Move production identity access timed out; docket number is not proven equal to ILCC, federal MC, or USDOT."
IL_LEGACY_MOTOR_CARRIER_ORDER,171,220373 MC Sub 2,1,,,UNKNOWN,,NO,UNRESOLVED,NO,"Move production identity access timed out; docket number is not proven equal to ILCC, federal MC, or USDOT."
IL_LEGACY_MOTOR_CARRIER_ORDER,172,221626 MC Sub 0,1,,,UNKNOWN,,NO,UNRESOLVED,NO,"Move production identity access timed out; docket number is not proven equal to ILCC, federal MC, or USDOT."
IL_LEGACY_MOTOR_CARRIER_ORDER,173,216450 MC Sub 3,1,,,UNKNOWN,,NO,UNRESOLVED,NO,"Move production identity access timed out; docket number is not proven equal to ILCC, federal MC, or USDOT."
IL_LEGACY_MOTOR_CARRIER_ORDER,174,220331 MC Sub 4,1,,,UNKNOWN,,NO,UNRESOLVED,NO,"Move production identity access timed out; docket number is not proven equal to ILCC, federal MC, or USDOT."
IL_LEGACY_MOTOR_CARRIER_ORDER,175,222044 MC Sub 0,1,,,UNKNOWN,,NO,UNRESOLVED,NO,"Move production identity access timed out; docket number is not proven equal to ILCC, federal MC, or USDOT."
IL_LEGACY_MOTOR_CARRIER_ORDER,176,17287 MC Sub 28,1,,,UNKNOWN,,NO,UNRESOLVED,NO,"Move production identity access timed out; docket number is not proven equal to ILCC, federal MC, or USDOT."
IL_LEGACY_MOTOR_CARRIER_ORDER,177,217164 MC Sub 3,1,,,UNKNOWN,,NO,UNRESOLVED,NO,"Move production identity access timed out; docket number is not proven equal to ILCC, federal MC, or USDOT."
IL_LEGACY_MOTOR_CARRIER_ORDER,178,221533 MC Sub 0,1,,,UNKNOWN,,NO,UNRESOLVED,NO,"Move production identity access timed out; docket number is not proven equal to ILCC, federal MC, or USDOT."
IL_LEGACY_MOTOR_CARRIER_ORDER,179,175291 MC Sub 12,1,,,UNKNOWN,,NO,UNRESOLVED,NO,"Move production identity access timed out; docket number is not proven equal to ILCC, federal MC, or USDOT."
IL_LEGACY_MOTOR_CARRIER_ORDER,180,12620 MC Sub 0,1,,,UNKNOWN,,NO,UNRESOLVED,NO,"Move production identity access timed out; docket number is not proven equal to ILCC, federal MC, or USDOT."
IL_LEGACY_MOTOR_CARRIER_ORDER,181,157462 MC Sub 5,1,,,UNKNOWN,,NO,UNRESOLVED,NO,"Move production identity access timed out; docket number is not proven equal to ILCC, federal MC, or USDOT."
IL_LEGACY_MOTOR_CARRIER_ORDER,182,210486 MC Sub 7,1,,,UNKNOWN,,NO,UNRESOLVED,NO,"Move production identity access timed out; docket number is not proven equal to ILCC, federal MC, or USDOT."
IL_LEGACY_MOTOR_CARRIER_ORDER,183,221690 MC Sub 1,1,,,UNKNOWN,,NO,UNRESOLVED,NO,"Move production identity access timed out; docket number is not proven equal to ILCC, federal MC, or USDOT."
IL_LEGACY_MOTOR_CARRIER_ORDER,184,279 RTV-R Sub 0,1,,,UNKNOWN,,NO,UNRESOLVED,NO,"Move production identity access timed out; docket number is not proven equal to ILCC, federal MC, or USDOT."
IL_LEGACY_MOTOR_CARRIER_ORDER,185,RTV-A-59,1,,,UNKNOWN,,NO,UNRESOLVED,NO,"Move production identity access timed out; docket number is not proven equal to ILCC, federal MC, or USDOT."
IL_LEGACY_MOTOR_CARRIER_ORDER,186,23475 MC Sub 3,1,,,UNKNOWN,,NO,UNRESOLVED,NO,"Move production identity access timed out; docket number is not proven equal to ILCC, federal MC, or USDOT."
IL_LEGACY_MOTOR_CARRIER_ORDER,187,122078 MC Sub 1,1,,,UNKNOWN,,NO,UNRESOLVED,NO,"Move production identity access timed out; docket number is not proven equal to ILCC, federal MC, or USDOT."
IL_LEGACY_MOTOR_CARRIER_ORDER,188,178050 MC Sub 2,1,,,UNKNOWN,,NO,UNRESOLVED,NO,"Move production identity access timed out; docket number is not proven equal to ILCC, federal MC, or USDOT."
IL_LEGACY_MOTOR_CARRIER_ORDER,189,117420 MC Sub 1,1,,,UNKNOWN,,NO,UNRESOLVED,NO,"Move production identity access timed out; docket number is not proven equal to ILCC, federal MC, or USDOT."
IL_LEGACY_MOTOR_CARRIER_ORDER,190,211297MC Sub 3,1,,,UNKNOWN,,NO,UNRESOLVED,NO,"Move production identity access timed out; docket number is not proven equal to ILCC, federal MC, or USDOT."
IL_LEGACY_MOTOR_CARRIER_ORDER,191,216509 MC Sub 1,1,,,UNKNOWN,,NO,UNRESOLVED,NO,"Move production identity access timed out; docket number is not proven equal to ILCC, federal MC, or USDOT."
IL_LEGACY_MOTOR_CARRIER_ORDER,192,219190 MC Sub 1,1,,,UNKNOWN,,NO,UNRESOLVED,NO,"Move production identity access timed out; docket number is not proven equal to ILCC, federal MC, or USDOT."
IL_LEGACY_MOTOR_CARRIER_ORDER,193,220665 MC Sub 1,1,,,UNKNOWN,,NO,UNRESOLVED,NO,"Move production identity access timed out; docket number is not proven equal to ILCC, federal MC, or USDOT."
IL_LEGACY_MOTOR_CARRIER_ORDER,194,112253 MC Sub 34,1,,,UNKNOWN,,NO,UNRESOLVED,NO,"Move production identity access timed out; docket number is not proven equal to ILCC, federal MC, or USDOT."
IL_LEGACY_MOTOR_CARRIER_ORDER,195,272 RTV-R Sub 1,1,,,UNKNOWN,,NO,UNRESOLVED,NO,"Move production identity access timed out; docket number is not proven equal to ILCC, federal MC, or USDOT."
IL_LEGACY_MOTOR_CARRIER_ORDER,196,181946 MC Sub 6,1,,,UNKNOWN,,NO,UNRESOLVED,NO,"Move production identity access timed out; docket number is not proven equal to ILCC, federal MC, or USDOT."
IL_LEGACY_MOTOR_CARRIER_ORDER,197,215993 Mc Sub 2,1,,,UNKNOWN,,NO,UNRESOLVED,NO,"Move production identity access timed out; docket number is not proven equal to ILCC, federal MC, or USDOT."
IL_LEGACY_MOTOR_CARRIER_ORDER,198,217347 MC Sub 3,1,,,UNKNOWN,,NO,UNRESOLVED,NO,"Move production identity access timed out; docket number is not proven equal to ILCC, federal MC, or USDOT."
IL_LEGACY_MOTOR_CARRIER_ORDER,199,216161 MC Sub 4,1,,,UNKNOWN,,NO,UNRESOLVED,NO,"Move production identity access timed out; docket number is not proven equal to ILCC, federal MC, or USDOT."
IL_LEGACY_MOTOR_CARRIER_ORDER,200,221207 MC Sub 0,1,,,UNKNOWN,,NO,UNRESOLVED,NO,"Move production identity access timed out; docket number is not proven equal to ILCC, federal MC, or USDOT."
IL_LEGACY_MOTOR_CARRIER_ORDER,201,144456 MC Sub 1,1,,,UNKNOWN,,NO,UNRESOLVED,NO,"Move production identity access timed out; docket number is not proven equal to ILCC, federal MC, or USDOT."
IL_LEGACY_MOTOR_CARRIER_ORDER,202,220783 MC Sub 0,1,,,UNKNOWN,,NO,UNRESOLVED,NO,"Move production identity access timed out; docket number is not proven equal to ILCC, federal MC, or USDOT."
IL_LEGACY_MOTOR_CARRIER_ORDER,203,215381 MC Sub 4,1,,,UNKNOWN,,NO,UNRESOLVED,NO,"Move production identity access timed out; docket number is not proven equal to ILCC, federal MC, or USDOT."
IL_LEGACY_MOTOR_CARRIER_ORDER,204,220657 MC Sub 0,1,,,UNKNOWN,,NO,UNRESOLVED,NO,"Move production identity access timed out; docket number is not proven equal to ILCC, federal MC, or USDOT."
IL_LEGACY_MOTOR_CARRIER_ORDER,205,169882 MC Sub 7,1,,,UNKNOWN,,NO,UNRESOLVED,NO,"Move production identity access timed out; docket number is not proven equal to ILCC, federal MC, or USDOT."
IL_LEGACY_MOTOR_CARRIER_ORDER,206,219733 MC Sub 1,1,,,UNKNOWN,,NO,UNRESOLVED,NO,"Move production identity access timed out; docket number is not proven equal to ILCC, federal MC, or USDOT."
IL_LEGACY_MOTOR_CARRIER_ORDER,207,219964 MC Sub 1,1,,,UNKNOWN,,NO,UNRESOLVED,NO,"Move production identity access timed out; docket number is not proven equal to ILCC, federal MC, or USDOT."
IL_LEGACY_MOTOR_CARRIER_ORDER,208,217581 MC Sub 3,1,,,UNKNOWN,,NO,UNRESOLVED,NO,"Move production identity access timed out; docket number is not proven equal to ILCC, federal MC, or USDOT."
IL_LEGACY_MOTOR_CARRIER_ORDER,209,219846 MC Sub 1,1,,,UNKNOWN,,NO,UNRESOLVED,NO,"Move production identity access timed out; docket number is not proven equal to ILCC, federal MC, or USDOT."
IL_LEGACY_MOTOR_CARRIER_ORDER,210,188267 MC Sub 7,1,,,UNKNOWN,,NO,UNRESOLVED,NO,"Move production identity access timed out; docket number is not proven equal to ILCC, federal MC, or USDOT."
IL_LEGACY_MOTOR_CARRIER_ORDER,211,259 RTV-R Sub 4,1,,,UNKNOWN,,NO,UNRESOLVED,NO,"Move production identity access timed out; docket number is not proven equal to ILCC, federal MC, or USDOT."
IL_LEGACY_MOTOR_CARRIER_ORDER,212,216979 MC Sub 1,1,,,UNKNOWN,,NO,UNRESOLVED,NO,"Move production identity access timed out; docket number is not proven equal to ILCC, federal MC, or USDOT."
IL_LEGACY_MOTOR_CARRIER_ORDER,213,220206 MC Sub 0,1,,,UNKNOWN,,NO,UNRESOLVED,NO,"Move production identity access timed out; docket number is not proven equal to ILCC, federal MC, or USDOT."
IL_LEGACY_MOTOR_CARRIER_ORDER,214,141 RTV-R Sub 10,1,,,UNKNOWN,,NO,UNRESOLVED,NO,"Move production identity access timed out; docket number is not proven equal to ILCC, federal MC, or USDOT."
IL_LEGACY_MOTOR_CARRIER_ORDER,215,208848 MC Sub 4,1,,,UNKNOWN,,NO,UNRESOLVED,NO,"Move production identity access timed out; docket number is not proven equal to ILCC, federal MC, or USDOT."
IL_LEGACY_MOTOR_CARRIER_ORDER,216,7337 MC Sub 9,1,,,UNKNOWN,,NO,UNRESOLVED,NO,"Move production identity access timed out; docket number is not proven equal to ILCC, federal MC, or USDOT."
IL_LEGACY_MOTOR_CARRIER_ORDER,217,220051 MC Sub 0,1,,,UNKNOWN,,NO,UNRESOLVED,NO,"Move production identity access timed out; docket number is not proven equal to ILCC, federal MC, or USDOT."
IL_LEGACY_MOTOR_CARRIER_ORDER,218,219645 MC Sub 1,1,,,UNKNOWN,,NO,UNRESOLVED,NO,"Move production identity access timed out; docket number is not proven equal to ILCC, federal MC, or USDOT."
IL_LEGACY_MOTOR_CARRIER_ORDER,219,162868 MC Sub 3,1,,,UNKNOWN,,NO,UNRESOLVED,NO,"Move production identity access timed out; docket number is not proven equal to ILCC, federal MC, or USDOT."
IL_LEGACY_MOTOR_CARRIER_ORDER,220,187691 MC Sub 3,1,,,UNKNOWN,,NO,UNRESOLVED,NO,"Move production identity access timed out; docket number is not proven equal to ILCC, federal MC, or USDOT."
IL_LEGACY_MOTOR_CARRIER_ORDER,221,219367 MC Sub 1,1,,,UNKNOWN,,NO,UNRESOLVED,NO,"Move production identity access timed out; docket number is not proven equal to ILCC, federal MC, or USDOT."
IL_LEGACY_MOTOR_CARRIER_ORDER,222,219783 MC Sub 0,1,,,UNKNOWN,,NO,UNRESOLVED,NO,"Move production identity access timed out; docket number is not proven equal to ILCC, federal MC, or USDOT."
IL_LEGACY_MOTOR_CARRIER_ORDER,223,69512 MC Sub 13,1,,,UNKNOWN,,NO,UNRESOLVED,NO,"Move production identity access timed out; docket number is not proven equal to ILCC, federal MC, or USDOT."
IL_LEGACY_MOTOR_CARRIER_ORDER,224,219381 MC Sub 0,1,,,UNKNOWN,,NO,UNRESOLVED,NO,"Move production identity access timed out; docket number is not proven equal to ILCC, federal MC, or USDOT."
IL_LEGACY_MOTOR_CARRIER_ORDER,225,92 RTV-R Sub 19 100139 MC,1,,,UNKNOWN,,NO,UNRESOLVED,NO,"Move production identity access timed out; docket number is not proven equal to ILCC, federal MC, or USDOT."
IL_LEGACY_MOTOR_CARRIER_ORDER,226,277 RTV-R Sub 0,1,,,UNKNOWN,,NO,UNRESOLVED,NO,"Move production identity access timed out; docket number is not proven equal to ILCC, federal MC, or USDOT."
IL_LEGACY_MOTOR_CARRIER_ORDER,227,192 RTV-R Sub 5,1,,,UNKNOWN,,NO,UNRESOLVED,NO,"Move production identity access timed out; docket number is not proven equal to ILCC, federal MC, or USDOT."
IL_LEGACY_MOTOR_CARRIER_ORDER,228,185333 MC Sub 3,1,,,UNKNOWN,,NO,UNRESOLVED,NO,"Move production identity access timed out; docket number is not proven equal to ILCC, federal MC, or USDOT."
IL_LEGACY_MOTOR_CARRIER_ORDER,229,267 RTV-R Sub 3,1,,,UNKNOWN,,NO,UNRESOLVED,NO,"Move production identity access timed out; docket number is not proven equal to ILCC, federal MC, or USDOT."
IL_LEGACY_MOTOR_CARRIER_ORDER,230,148 RTV-R Sub 11,1,,,UNKNOWN,,NO,UNRESOLVED,NO,"Move production identity access timed out; docket number is not proven equal to ILCC, federal MC, or USDOT."
IL_LEGACY_MOTOR_CARRIER_ORDER,231,239 RTV-R Sub 2,1,,,UNKNOWN,,NO,UNRESOLVED,NO,"Move production identity access timed out; docket number is not proven equal to ILCC, federal MC, or USDOT."
IL_LEGACY_MOTOR_CARRIER_ORDER,232,218516 MC Sub 0,1,,,UNKNOWN,,NO,UNRESOLVED,NO,"Move production identity access timed out; docket number is not proven equal to ILCC, federal MC, or USDOT."
IL_LEGACY_MOTOR_CARRIER_ORDER,233,217934 MC Sub 0,1,,,UNKNOWN,,NO,UNRESOLVED,NO,"Move production identity access timed out; docket number is not proven equal to ILCC, federal MC, or USDOT."
IL_LEGACY_MOTOR_CARRIER_ORDER,234,181380 MC Sub 4,1,,,UNKNOWN,,NO,UNRESOLVED,NO,"Move production identity access timed out; docket number is not proven equal to ILCC, federal MC, or USDOT."
IL_LEGACY_MOTOR_CARRIER_ORDER,235,121 RTV-R Sub 9,1,,,UNKNOWN,,NO,UNRESOLVED,NO,"Move production identity access timed out; docket number is not proven equal to ILCC, federal MC, or USDOT."
IL_LEGACY_MOTOR_CARRIER_ORDER,236,205 RTV-R Sub 4,1,,,UNKNOWN,,NO,UNRESOLVED,NO,"Move production identity access timed out; docket number is not proven equal to ILCC, federal MC, or USDOT."
IL_LEGACY_MOTOR_CARRIER_ORDER,237,130457 MC Sub 1,1,,,UNKNOWN,,NO,UNRESOLVED,NO,"Move production identity access timed out; docket number is not proven equal to ILCC, federal MC, or USDOT."
IL_LEGACY_MOTOR_CARRIER_ORDER,238,175116 MC Sub 12,1,,,UNKNOWN,,NO,UNRESOLVED,NO,"Move production identity access timed out; docket number is not proven equal to ILCC, federal MC, or USDOT."
IL_LEGACY_MOTOR_CARRIER_ORDER,239,74 RTV-R Sub 15 81440 MC,1,,,UNKNOWN,,NO,UNRESOLVED,NO,"Move production identity access timed out; docket number is not proven equal to ILCC, federal MC, or USDOT."
IL_LEGACY_MOTOR_CARRIER_ORDER,240,92 RTV-R Sub 17 100139 MC,1,,,UNKNOWN,,NO,UNRESOLVED,NO,"Move production identity access timed out; docket number is not proven equal to ILCC, federal MC, or USDOT."
IL_LEGACY_MOTOR_CARRIER_ORDER,241,215646 MC Sub 0,1,,,UNKNOWN,,NO,UNRESOLVED,NO,"Move production identity access timed out; docket number is not proven equal to ILCC, federal MC, or USDOT."
IL_LEGACY_MOTOR_CARRIER_ORDER,242,169257 MC Sub 3,1,,,UNKNOWN,,NO,UNRESOLVED,NO,"Move production identity access timed out; docket number is not proven equal to ILCC, federal MC, or USDOT."
IL_LEGACY_MOTOR_CARRIER_ORDER,243,186202 MC Sub 6,1,,,UNKNOWN,,NO,UNRESOLVED,NO,"Move production identity access timed out; docket number is not proven equal to ILCC, federal MC, or USDOT."
IL_LEGACY_MOTOR_CARRIER_ORDER,244,96 RTV-R Sub 10,1,,,UNKNOWN,,NO,UNRESOLVED,NO,"Move production identity access timed out; docket number is not proven equal to ILCC, federal MC, or USDOT."
IL_LEGACY_MOTOR_CARRIER_ORDER,245,115 RTV-R Sub 11,1,,,UNKNOWN,,NO,UNRESOLVED,NO,"Move production identity access timed out; docket number is not proven equal to ILCC, federal MC, or USDOT."
IL_LEGACY_MOTOR_CARRIER_ORDER,246,141677 MC Sub 20,1,,,UNKNOWN,,NO,UNRESOLVED,NO,"Move production identity access timed out; docket number is not proven equal to ILCC, federal MC, or USDOT."
IL_LEGACY_MOTOR_CARRIER_ORDER,247,170 RTV-R Sub 6,1,,,UNKNOWN,,NO,UNRESOLVED,NO,"Move production identity access timed out; docket number is not proven equal to ILCC, federal MC, or USDOT."
IL_LEGACY_MOTOR_CARRIER_ORDER,248,247 RTV-R Sub 2,1,,,UNKNOWN,,NO,UNRESOLVED,NO,"Move production identity access timed out; docket number is not proven equal to ILCC, federal MC, or USDOT."
IL_LEGACY_MOTOR_CARRIER_ORDER,249,241 RTV-R Sub 2,1,,,UNKNOWN,,NO,UNRESOLVED,NO,"Move production identity access timed out; docket number is not proven equal to ILCC, federal MC, or USDOT."
IL_LEGACY_MOTOR_CARRIER_ORDER,250,209106 MC Sub 0,1,,,UNKNOWN,,NO,UNRESOLVED,NO,"Move production identity access timed out; docket number is not proven equal to ILCC, federal MC, or USDOT."
IL_LEGACY_MOTOR_CARRIER_ORDER,251,206 RTV-R Sub 4,1,,,UNKNOWN,,NO,UNRESOLVED,NO,"Move production identity access timed out; docket number is not proven equal to ILCC, federal MC, or USDOT."
IL_LEGACY_MOTOR_CARRIER_ORDER,252,237 RTV-R Sub 5,1,,,UNKNOWN,,NO,UNRESOLVED,NO,"Move production identity access timed out; docket number is not proven equal to ILCC, federal MC, or USDOT."
IL_LEGACY_MOTOR_CARRIER_ORDER,253,C-RTV 38,1,,,UNKNOWN,,NO,UNRESOLVED,NO,"Move production identity access timed out; docket number is not proven equal to ILCC, federal MC, or USDOT."
IL_LEGACY_MOTOR_CARRIER_ORDER,254,224 RTV-R Sub 2,1,,,UNKNOWN,,NO,UNRESOLVED,NO,"Move production identity access timed out; docket number is not proven equal to ILCC, federal MC, or USDOT."
IL_LEGACY_MOTOR_CARRIER_ORDER,255,122 RTV-R Sub 7,1,,,UNKNOWN,,NO,UNRESOLVED,NO,"Move production identity access timed out; docket number is not proven equal to ILCC, federal MC, or USDOT."
IL_LEGACY_MOTOR_CARRIER_ORDER,256,132049 MC Sub 1,1,,,UNKNOWN,,NO,UNRESOLVED,NO,"Move production identity access timed out; docket number is not proven equal to ILCC, federal MC, or USDOT."
IL_LEGACY_MOTOR_CARRIER_ORDER,257,137 RTV-R Sub 6,1,,,UNKNOWN,,NO,UNRESOLVED,NO,"Move production identity access timed out; docket number is not proven equal to ILCC, federal MC, or USDOT."
