provider_class,facility_id,source_row,official_name,program_type,facility_licensed_raw,facility_certified_raw,county,physical_address,city,state,zip,source_sha256,source_url,retrieved_at,source_as_of,record_sha256
TX_ICF_IID,003868,3,EDUCARE COMMUNITY LIVING LIMITED PARTNERSHIP,ICF/IID,YES,YES,ANDERSON,208 FM 1817,ELKHART,TX,75839,dddf847544af07c80cfa3c25e4b7d8f9dedc28696e6c14f5dd307636ea67f450,https://apps.hhs.texas.gov/providers/directories/ICFIID.xlsx,2026-09-30T13:16:15.417177+00:00,2026-09-28,1f757c736609f24de96934f69b80f049bd24a34e6617d88a9f8ad102eed1ac1e
TX_ICF_IID,003685,4,EDUCARE COMMUNITY LIVING LIMITED PARTNERSHIP,ICF/IID,YES,YES,ANDERSON,427 MAVERICK DR,PALESTINE,TX,75801,dddf847544af07c80cfa3c25e4b7d8f9dedc28696e6c14f5dd307636ea67f450,https://apps.hhs.texas.gov/providers/directories/ICFIID.xlsx,2026-09-30T13:16:15.417177+00:00,2026-09-28,6e4f2466d04271ba7a3cc07f34e620bdab1b56873fc3c0026658aaaf7c97a234
TX_ICF_IID,007606,5,DIBOLL HOUSE,ICF/IID,NO,YES,ANGELINA,200 STUBBLEFIELD,DIBOLL,TX,75941,dddf847544af07c80cfa3c25e4b7d8f9dedc28696e6c14f5dd307636ea67f450,https://apps.hhs.texas.gov/providers/directories/ICFIID.xlsx,2026-09-30T13:16:15.417177+00:00,2026-09-28,c158a252bcf489cd2003c04fd00672d956a7fca310a50d91f82d027d5509ad7b
TX_ICF_IID,007534,6,510 JEFFERSON,ICF/IID,YES,YES,ANGELINA,510 JEFFERSON AVE,LUFKIN,TX,75901,dddf847544af07c80cfa3c25e4b7d8f9dedc28696e6c14f5dd307636ea67f450,https://apps.hhs.texas.gov/providers/directories/ICFIID.xlsx,2026-09-30T13:16:15.417177+00:00,2026-09-28,ea39b9b251fc15f218c9dc1e999c2a67f263b752253dea7cf4f18669872b2981
TX_ICF_IID,007355,7,CUNNINGHAM HOUSE,ICF/IID,NO,YES,ANGELINA,1010 CUNNINGHAM RD,LUFKIN,TX,75901,dddf847544af07c80cfa3c25e4b7d8f9dedc28696e6c14f5dd307636ea67f450,https://apps.hhs.texas.gov/providers/directories/ICFIID.xlsx,2026-09-30T13:16:15.417177+00:00,2026-09-28,27ea63707261df7185f21af9316d1ab23718acaa62d4a345330613bf05999a2a
TX_ICF_IID,003899,8,EDUCARE COMMUNITY LIVING LIMITED PARTNERSHIP,ICF/IID,YES,YES,ANGELINA,462 WHITE DOVE DRIVE,LUFKIN,TX,75904-9798,dddf847544af07c80cfa3c25e4b7d8f9dedc28696e6c14f5dd307636ea67f450,https://apps.hhs.texas.gov/providers/directories/ICFIID.xlsx,2026-09-30T13:16:15.417177+00:00,2026-09-28,2377df691c3150d9f756e4231ffaba28d1795a4bdac569c527d463478c4efc2d
TX_ICF_IID,003869,9,EDUCARE COMMUNITY LIVING LIMITED PARTNERSHIP,ICF/IID,YES,YES,ANGELINA,1500 SOUTHWOOD,LUFKIN,TX,75904,dddf847544af07c80cfa3c25e4b7d8f9dedc28696e6c14f5dd307636ea67f450,https://apps.hhs.texas.gov/providers/directories/ICFIID.xlsx,2026-09-30T13:16:15.417177+00:00,2026-09-28,0dabd7b990860b59b3a07032c6e459c1e3f59379775a9e09cf3c7c260f581060
TX_ICF_IID,007522,10,HOWARD HOUSE,ICF/IID,YES,YES,ANGELINA,2007 HOWARD STREET,LUFKIN,TX,75901,dddf847544af07c80cfa3c25e4b7d8f9dedc28696e6c14f5dd307636ea67f450,https://apps.hhs.texas.gov/providers/directories/ICFIID.xlsx,2026-09-30T13:16:15.417177+00:00,2026-09-28,448cb5a3991a86fc07bc5a82ace8d4647b9226ca15f558cf0d2f1f62ccda67ee
TX_ICF_IID,003857,11,HUDSON COMMUNITY HOME,ICF/IID,YES,YES,ANGELINA,164 FREEMAN CEMETERY RD,LUFKIN,TX,75904,dddf847544af07c80cfa3c25e4b7d8f9dedc28696e6c14f5dd307636ea67f450,https://apps.hhs.texas.gov/providers/directories/ICFIID.xlsx,2026-09-30T13:16:15.417177+00:00,2026-09-28,f634501da57d7744f0ddac5971de9b0f1f89375ebd0bd342d67749868691de2e
TX_ICF_IID,007439,12,KARLA HOUSE,ICF/IID,YES,YES,ANGELINA,107 KARLA DR,LUFKIN,TX,75901,dddf847544af07c80cfa3c25e4b7d8f9dedc28696e6c14f5dd307636ea67f450,https://apps.hhs.texas.gov/providers/directories/ICFIID.xlsx,2026-09-30T13:16:15.417177+00:00,2026-09-28,9fe9dec3dd6f025502f8d8ad121f933ea62eb7b82e03e9da20964f259ba044a9
TX_ICF_IID,007406,13,MARKUS HOUSE,ICF/IID,YES,YES,ANGELINA,912 MARKUS AVE,LUFKIN,TX,75904,dddf847544af07c80cfa3c25e4b7d8f9dedc28696e6c14f5dd307636ea67f450,https://apps.hhs.texas.gov/providers/directories/ICFIID.xlsx,2026-09-30T13:16:15.417177+00:00,2026-09-28,57e08d9f783bba2bdb2b057582139f43159cf118c84e170cf37d64cab9439593
TX_ICF_IID,003996,14,NEWTON GROUP HOME,ICF/IID,NO,YES,ANGELINA,1204 OLETA STREET,LUFKIN,TX,75901,dddf847544af07c80cfa3c25e4b7d8f9dedc28696e6c14f5dd307636ea67f450,https://apps.hhs.texas.gov/providers/directories/ICFIID.xlsx,2026-09-30T13:16:15.417177+00:00,2026-09-28,4de36f3c0404e83fa6ceb93f71e1711e11b3a5f81fc893429ce7588c7314d42d
TX_ICF_IID,003898,15,STECHER COMMUNITY HOME,ICF/IID,YES,YES,ANGELINA,702 MARION ST,LUFKIN,TX,75904,dddf847544af07c80cfa3c25e4b7d8f9dedc28696e6c14f5dd307636ea67f450,https://apps.hhs.texas.gov/providers/directories/ICFIID.xlsx,2026-09-30T13:16:15.417177+00:00,2026-09-28,8539ae0e114dab0dcd9548c63285258db2c152bf5bcda43d0c90128fd37b12e4
TX_ICF_IID,003862,16,WESTSIDE COMMUNITY HOME,ICF/IID,YES,YES,ANGELINA,6895 FM 3150,LUFKIN,TX,75904,dddf847544af07c80cfa3c25e4b7d8f9dedc28696e6c14f5dd307636ea67f450,https://apps.hhs.texas.gov/providers/directories/ICFIID.xlsx,2026-09-30T13:16:15.417177+00:00,2026-09-28,72d831c2ef9b545f248b0fee0b70d1e272b69cdffa959789cdbe6114655393a6
TX_ICF_IID,007103,17,LUFKIN STATE SUPPORTED LIVING CENTER,ICF/IID,NO,YES,ANGELINA,6844 US-69,POLLOK,TX,75969,dddf847544af07c80cfa3c25e4b7d8f9dedc28696e6c14f5dd307636ea67f450,https://apps.hhs.texas.gov/providers/directories/ICFIID.xlsx,2026-09-30T13:16:15.417177+00:00,2026-09-28,d70096795c65a3550cd082059e409a8dff62bbf746221441d420febc289e391a
TX_ICF_IID,007270,18,BELLVILLE COMMUNITY RESIDENCE,ICF/IID,YES,YES,AUSTIN,305 S. THOMAS ST.,BELLVILLE,TEXAS,77418,dddf847544af07c80cfa3c25e4b7d8f9dedc28696e6c14f5dd307636ea67f450,https://apps.hhs.texas.gov/providers/directories/ICFIID.xlsx,2026-09-30T13:16:15.417177+00:00,2026-09-28,849cb886a5fbce55224f2c9686258b7626a6a2d11d89fd7c8f67018cf7bc0023
TX_ICF_IID,111903,19,MAGNOLIA HOUSE,ICF/IID,YES,YES,AUSTIN,526 5TH STREET,SEALY,TX,77474,dddf847544af07c80cfa3c25e4b7d8f9dedc28696e6c14f5dd307636ea67f450,https://apps.hhs.texas.gov/providers/directories/ICFIID.xlsx,2026-09-30T13:16:15.417177+00:00,2026-09-28,7c8ac27b450b985f673f84befdaf7395a62022eed0677ad3d55cf75b59a49876
TX_ICF_IID,007634,20,JEFFERSON COMMUNITY RESIDENCE,ICF/IID,YES,YES,BASTROP,1405 JEFFERSON STREET,BASTROP,TX,78602,dddf847544af07c80cfa3c25e4b7d8f9dedc28696e6c14f5dd307636ea67f450,https://apps.hhs.texas.gov/providers/directories/ICFIID.xlsx,2026-09-30T13:16:15.417177+00:00,2026-09-28,37962be5546fa6bdd916c7fd196c2d5db76fd479273ede91a4a25c313aa2887b
TX_ICF_IID,103555,21,BARNABAS HOUSE AT DOWN HOME RANCH,ICF/IID,YES,YES,BASTROP,20250 FM 619,ELGIN,TX,78621,dddf847544af07c80cfa3c25e4b7d8f9dedc28696e6c14f5dd307636ea67f450,https://apps.hhs.texas.gov/providers/directories/ICFIID.xlsx,2026-09-30T13:16:15.417177+00:00,2026-09-28,3e82dfa4332a28a07145500ea4a7e0d9a44e745e1b131d3ffbd8eecbabd385da
TX_ICF_IID,104838,22,ISAIAH HOUSE AT DOWN HOME RANCH,ICF/IID,YES,YES,BASTROP,20250 FM 619,ELGIN,TX,78621,dddf847544af07c80cfa3c25e4b7d8f9dedc28696e6c14f5dd307636ea67f450,https://apps.hhs.texas.gov/providers/directories/ICFIID.xlsx,2026-09-30T13:16:15.417177+00:00,2026-09-28,3c365272c7afe70157bfce6c169422065c352fd6d0f063bed9f5f440814b49b2
TX_ICF_IID,103554,23,MARTHA HOUSE AT DOWN HOME RANCH,ICF/IID,YES,YES,BASTROP,20250 FM 619,ELGIN,TX,78621,dddf847544af07c80cfa3c25e4b7d8f9dedc28696e6c14f5dd307636ea67f450,https://apps.hhs.texas.gov/providers/directories/ICFIID.xlsx,2026-09-30T13:16:15.417177+00:00,2026-09-28,8d04844854f3e341615ca1a5d9d15310a4ecad3566515ff973547fdc38d28016
TX_ICF_IID,103553,24,TERESA HOUSE AT DOWN HOME RANCH,ICF/IID,YES,YES,BASTROP,20250 FM 619,ELGIN,TX,78621,dddf847544af07c80cfa3c25e4b7d8f9dedc28696e6c14f5dd307636ea67f450,https://apps.hhs.texas.gov/providers/directories/ICFIID.xlsx,2026-09-30T13:16:15.417177+00:00,2026-09-28,8ac818764fd959b3a46596257573739fa29ddcadeb8204d4c65cfc3fd9492bad
TX_ICF_IID,003991,25,SMITHVILLE COMMUNITY RESIDENCE,ICF/IID,YES,YES,BASTROP,602 HICKORY,SMITHVILLE,TEXAS,78957,dddf847544af07c80cfa3c25e4b7d8f9dedc28696e6c14f5dd307636ea67f450,https://apps.hhs.texas.gov/providers/directories/ICFIID.xlsx,2026-09-30T13:16:15.417177+00:00,2026-09-28,bde878a2495b25a546688577ade7243eb93915440143bd186eedbbaa75c05c0b
TX_ICF_IID,007220,26,EDUCARE COMMUNITY LIVING LIMITED PARTNERSHIP,ICF/IID,YES,YES,BELL,3220 TRENTON DRIVE,TEMPLE,TX,76504,dddf847544af07c80cfa3c25e4b7d8f9dedc28696e6c14f5dd307636ea67f450,https://apps.hhs.texas.gov/providers/directories/ICFIID.xlsx,2026-09-30T13:16:15.417177+00:00,2026-09-28,e8383101200a2fb4420d09a57899ab2c6e1a1c0895ab3c5411b676f301919135
TX_ICF_IID,007459,27,PROSPECT COMMUNITY HOME,ICF/IID,YES,YES,BELL,1805 CANYON CREEK DRIVE,TEMPLE,TX,76502-3210,dddf847544af07c80cfa3c25e4b7d8f9dedc28696e6c14f5dd307636ea67f450,https://apps.hhs.texas.gov/providers/directories/ICFIID.xlsx,2026-09-30T13:16:15.417177+00:00,2026-09-28,9113e4b53fe994fe7b849bf922845c85c7790f70248d8f98ba7a0cc4f295229e
TX_ICF_IID,007219,28,TAYLORS COMMUNITY HOME,ICF/IID,YES,YES,BELL,221 TAYLORS DR,TEMPLE,TX,76502,dddf847544af07c80cfa3c25e4b7d8f9dedc28696e6c14f5dd307636ea67f450,https://apps.hhs.texas.gov/providers/directories/ICFIID.xlsx,2026-09-30T13:16:15.417177+00:00,2026-09-28,b2fd92a492911a19bd5895adad64adfcf532208da3c8e6210ef04aa74cf69a50
TX_ICF_IID,110534,29,BATTERY PARK HOME,ICF/IID,YES,YES,BEXAR,4015 BATTERY PARK,CONVERSE,TEXAS,78109,dddf847544af07c80cfa3c25e4b7d8f9dedc28696e6c14f5dd307636ea67f450,https://apps.hhs.texas.gov/providers/directories/ICFIID.xlsx,2026-09-30T13:16:15.417177+00:00,2026-09-28,a8337f66914a81641990d4c190304dce8ae331791fc3c91008f148a6fd445305
TX_ICF_IID,007376,30,COUNCIL OAKS @ MISTY RIDGE,ICF/IID,YES,YES,BEXAR,7005 MISTY RIDGE,CONVERSE,TX,78109,dddf847544af07c80cfa3c25e4b7d8f9dedc28696e6c14f5dd307636ea67f450,https://apps.hhs.texas.gov/providers/directories/ICFIID.xlsx,2026-09-30T13:16:15.417177+00:00,2026-09-28,79ce6ef1a16ee677b8e5ea0ea920a871dd733ecc9b3857cc65a29a58d21e0b0d
TX_ICF_IID,003844,31,COUNCIL OAKS AT CHERRY GLADE,ICF/IID,YES,YES,BEXAR,8303 CHERRY GLADE,CONVERSE,TX,78109,dddf847544af07c80cfa3c25e4b7d8f9dedc28696e6c14f5dd307636ea67f450,https://apps.hhs.texas.gov/providers/directories/ICFIID.xlsx,2026-09-30T13:16:15.417177+00:00,2026-09-28,2835b83c36bb505dd9bc8e0cb0592852aefe89b14074e728beb18a72bcfb358c
TX_ICF_IID,007318,32,COUNCIL OAKS AT NUGGET CREEK,ICF/IID,YES,YES,BEXAR,10022 NUGGET CREEK,CONVERSE,TX,78109,dddf847544af07c80cfa3c25e4b7d8f9dedc28696e6c14f5dd307636ea67f450,https://apps.hhs.texas.gov/providers/directories/ICFIID.xlsx,2026-09-30T13:16:15.417177+00:00,2026-09-28,371c72e88c944749fb66a1f82a4fc0bba784c037c51354b722163c3c0e2a5982
TX_ICF_IID,003652,33,COUNCIL OAKS AT TROUT RIDGE,ICF/IID,YES,YES,BEXAR,10026 TROUT RIDGE,CONVERSE,TX,78109,dddf847544af07c80cfa3c25e4b7d8f9dedc28696e6c14f5dd307636ea67f450,https://apps.hhs.texas.gov/providers/directories/ICFIID.xlsx,2026-09-30T13:16:15.417177+00:00,2026-09-28,3fb7d89e9ffeb22ef41a12acde7737cefc0de5272db2af8b7c16033847d59116
TX_ICF_IID,104463,34,COUNCIL OAKS FLATLAND TRAIL,ICF/IID,YES,YES,BEXAR,10304 FLATLAND TRAIL,CONVERSE,TX,78109,dddf847544af07c80cfa3c25e4b7d8f9dedc28696e6c14f5dd307636ea67f450,https://apps.hhs.texas.gov/providers/directories/ICFIID.xlsx,2026-09-30T13:16:15.417177+00:00,2026-09-28,999357517770c49567e1960d2c577129e773c7920dd58be318dbfadbb689ebcd
TX_ICF_IID,101821,35,SPRUCE RIDGE,ICF/IID,YES,YES,BEXAR,10026 SPRUCE RIDGE DR,CONVERSE,TX,78109,dddf847544af07c80cfa3c25e4b7d8f9dedc28696e6c14f5dd307636ea67f450,https://apps.hhs.texas.gov/providers/directories/ICFIID.xlsx,2026-09-30T13:16:15.417177+00:00,2026-09-28,ea1ccac0927f62dfe536c32ba8947a9eeede76032b789b889401f4d51870cb3c
TX_ICF_IID,007601,36,10115 CEDARMONT,ICF/IID,YES,YES,BEXAR,10115 CEDARMONT,SAN ANTONIO,TX,78245,dddf847544af07c80cfa3c25e4b7d8f9dedc28696e6c14f5dd307636ea67f450,https://apps.hhs.texas.gov/providers/directories/ICFIID.xlsx,2026-09-30T13:16:15.417177+00:00,2026-09-28,94dfc9a74b6c263fead6b85605f2c5cd0239fa2c4cf49938bbd651ac1f532119
TX_ICF_IID,007347,37,7123 SPRING MORNING,ICF/IID,YES,YES,BEXAR,7123 SPRING MORNING,SAN ANTONIO,TX,78249,dddf847544af07c80cfa3c25e4b7d8f9dedc28696e6c14f5dd307636ea67f450,https://apps.hhs.texas.gov/providers/directories/ICFIID.xlsx,2026-09-30T13:16:15.417177+00:00,2026-09-28,613a375c0c787f56b6f35bef74a0436cd8f885a67ec2cd5a169ece6ce3870242
TX_ICF_IID,007600,38,9519 AUTUMN BREEZE,ICF/IID,YES,YES,BEXAR,9519 AUTUMN BREEZE,SAN ANTONIO,TEXAS,78254,dddf847544af07c80cfa3c25e4b7d8f9dedc28696e6c14f5dd307636ea67f450,https://apps.hhs.texas.gov/providers/directories/ICFIID.xlsx,2026-09-30T13:16:15.417177+00:00,2026-09-28,a32d0c96a5aa8821c117ace7afcbfb213b0870ec5e9189fb830c119aea9e31f0
TX_ICF_IID,111908,39,9655 BRAUN RUN,ICF/IID,YES,NO,BEXAR,9655 BRAUN RUN,SAN ANTONIO,TX,78254,dddf847544af07c80cfa3c25e4b7d8f9dedc28696e6c14f5dd307636ea67f450,https://apps.hhs.texas.gov/providers/directories/ICFIID.xlsx,2026-09-30T13:16:15.417177+00:00,2026-09-28,39514de2beb006084f31cd03ee22fad0dad6d2cc352d5b62f8733386baa0fe9d
TX_ICF_IID,007253,40,APRICOT,ICF/IID,YES,YES,BEXAR,12126 APRICOT,SAN ANTONIO,TX,78247,dddf847544af07c80cfa3c25e4b7d8f9dedc28696e6c14f5dd307636ea67f450,https://apps.hhs.texas.gov/providers/directories/ICFIID.xlsx,2026-09-30T13:16:15.417177+00:00,2026-09-28,2670f845c634857e76613f8863231f769990e5eeaf044ec13a932a8e408195dd
TX_ICF_IID,010179,41,BOULDER CREEK,ICF/IID,YES,YES,BEXAR,15618 BOULDER CREEK,SAN ANTONIO,TX,78247,dddf847544af07c80cfa3c25e4b7d8f9dedc28696e6c14f5dd307636ea67f450,https://apps.hhs.texas.gov/providers/directories/ICFIID.xlsx,2026-09-30T13:16:15.417177+00:00,2026-09-28,02542aab78750ee3e7513f2c927b922262184c0116ee24b7feb31c68dc1b439e
TX_ICF_IID,003668,42,BOULDER OAKS,ICF/IID,YES,YES,BEXAR,14022 BOULDER OAKS,SAN ANTONIO,TEXAS,78247,dddf847544af07c80cfa3c25e4b7d8f9dedc28696e6c14f5dd307636ea67f450,https://apps.hhs.texas.gov/providers/directories/ICFIID.xlsx,2026-09-30T13:16:15.417177+00:00,2026-09-28,e8e264ab5d9e8e70e6b65ca52878dda9146844bc81c0b64a39d6dc224b2a4636
TX_ICF_IID,007409,43,BREES,ICF/IID,YES,YES,BEXAR,222 BREES,SAN ANTONIO,TX,78209,dddf847544af07c80cfa3c25e4b7d8f9dedc28696e6c14f5dd307636ea67f450,https://apps.hhs.texas.gov/providers/directories/ICFIID.xlsx,2026-09-30T13:16:15.417177+00:00,2026-09-28,1a3676ceb98aee5a639240a86fae4f7aed6a9fa2b7170234e2799e82fa2b72f4
TX_ICF_IID,106866,44,BROOKHOLLOW,ICF/IID,YES,YES,BEXAR,14026 BROOKHOLLOW BLVD.,SAN ANTONIO,TX,78232,dddf847544af07c80cfa3c25e4b7d8f9dedc28696e6c14f5dd307636ea67f450,https://apps.hhs.texas.gov/providers/directories/ICFIID.xlsx,2026-09-30T13:16:15.417177+00:00,2026-09-28,6d6047f9ae7bf886bcdbe937c2f4567e13c2a686bfb77a56f423c19b6edf95ae
TX_ICF_IID,106502,45,BURR HILL,ICF/IID,YES,YES,BEXAR,16402 BURR HILL STREET,SAN ANTONIO,TX,78247,dddf847544af07c80cfa3c25e4b7d8f9dedc28696e6c14f5dd307636ea67f450,https://apps.hhs.texas.gov/providers/directories/ICFIID.xlsx,2026-09-30T13:16:15.417177+00:00,2026-09-28,c005ba1ffbbcd011a135dd258fed5dc6357dd24364711c4258a693216fa68287
TX_ICF_IID,007487,46,CADES COVE HOUSE,ICF/IID,YES,YES,BEXAR,6647 CADES COVE,SAN ANTONIO,TEXAS,78238,dddf847544af07c80cfa3c25e4b7d8f9dedc28696e6c14f5dd307636ea67f450,https://apps.hhs.texas.gov/providers/directories/ICFIID.xlsx,2026-09-30T13:16:15.417177+00:00,2026-09-28,319321d6d89017e4fee56324f408258a5e88ab03a9fbbead4ef27e713f28be67
TX_ICF_IID,007348,47,CHISOLM TRAIL,ICF/IID,YES,YES,BEXAR,2815 CHISOLM TRL,SAN ANTONIO,TX,78217,dddf847544af07c80cfa3c25e4b7d8f9dedc28696e6c14f5dd307636ea67f450,https://apps.hhs.texas.gov/providers/directories/ICFIID.xlsx,2026-09-30T13:16:15.417177+00:00,2026-09-28,d3dbbac7794888c52eb03420e14bf6b8d09df7cafb7b9f11c9223af378024f87
TX_ICF_IID,110678,48,COUNCIL OAKS AT ALMARION WAY,ICF/IID,YES,YES,BEXAR,9430 ALMARION WAY,SAN ANTONIO,TEXAS,78250,dddf847544af07c80cfa3c25e4b7d8f9dedc28696e6c14f5dd307636ea67f450,https://apps.hhs.texas.gov/providers/directories/ICFIID.xlsx,2026-09-30T13:16:15.417177+00:00,2026-09-28,fa43dd9d47a0c339aea9a4e894fcef1915c43f3be7fc29c4e054b73c9ad31e34
TX_ICF_IID,003698,49,COUNCIL OAKS AT BEECH TRAIL,ICF/IID,YES,YES,BEXAR,7031 BEECH TRAIL,SAN ANTONIO,TX,78244,dddf847544af07c80cfa3c25e4b7d8f9dedc28696e6c14f5dd307636ea67f450,https://apps.hhs.texas.gov/providers/directories/ICFIID.xlsx,2026-09-30T13:16:15.417177+00:00,2026-09-28,36d058a777d01d56671021fdefefd91f2caf8692087c7becfeabcc49f52fbe23
TX_ICF_IID,007234,50,COUNCIL OAKS AT CLOUDY RIDGE,ICF/IID,YES,YES,BEXAR,6124 CLOUDY RIDGE,SAN ANTONIO,TX,78247,dddf847544af07c80cfa3c25e4b7d8f9dedc28696e6c14f5dd307636ea67f450,https://apps.hhs.texas.gov/providers/directories/ICFIID.xlsx,2026-09-30T13:16:15.417177+00:00,2026-09-28,fdc6b192fccd6042a5619af6af9e9be4408c47ed5601ad9b07463498542b8708
TX_ICF_IID,112074,51,COUNCIL OAKS AT COUNTRY CROSS,ICF/IID,YES,NO,BEXAR,6815 COUNTRY CROSS,SAN ANTONIO,TEXAS,78240,dddf847544af07c80cfa3c25e4b7d8f9dedc28696e6c14f5dd307636ea67f450,https://apps.hhs.texas.gov/providers/directories/ICFIID.xlsx,2026-09-30T13:16:15.417177+00:00,2026-09-28,0d2d50999b2f0365e64d0a9129c672537cfce0eda12f4327443265182cbebfa1
TX_ICF_IID,111576,52,COUNCIL OAKS AT SHALLOW CREEK,ICF/IID,YES,YES,BEXAR,8211 SHALLOW CREEK,SAN ANTONIO,TEXAS,78251,dddf847544af07c80cfa3c25e4b7d8f9dedc28696e6c14f5dd307636ea67f450,https://apps.hhs.texas.gov/providers/directories/ICFIID.xlsx,2026-09-30T13:16:15.417177+00:00,2026-09-28,ab7afcdef983cc6ba5d19513320836e17e8cd8131cf207ec42afeff2f79410c5
TX_ICF_IID,007546,53,COUNCIL OAKS AT SHALLOW RIDGE,ICF/IID,YES,YES,BEXAR,8722 SHALLOW RIDGE,SAN ANTONIO,TX,78239,dddf847544af07c80cfa3c25e4b7d8f9dedc28696e6c14f5dd307636ea67f450,https://apps.hhs.texas.gov/providers/directories/ICFIID.xlsx,2026-09-30T13:16:15.417177+00:00,2026-09-28,fd9484b4a47bff2afa75a4921edf1c3c99159f25ecbc772c34c31fcdbc51fe18
TX_ICF_IID,003816,54,COVENANT HOME,ICF/IID,YES,YES,BEXAR,131 BURR RD,SAN ANTONIO,TX,78209,dddf847544af07c80cfa3c25e4b7d8f9dedc28696e6c14f5dd307636ea67f450,https://apps.hhs.texas.gov/providers/directories/ICFIID.xlsx,2026-09-30T13:16:15.417177+00:00,2026-09-28,266b659bf6b7be5473b7abc7fc81f0788eeb63d8cb62cb84e6fc50e4b287b109
TX_ICF_IID,007558,55,CRATER LAKE HOME,ICF/IID,YES,YES,BEXAR,5707 CRATER LAKE,SAN ANTONIO,TX,78244,dddf847544af07c80cfa3c25e4b7d8f9dedc28696e6c14f5dd307636ea67f450,https://apps.hhs.texas.gov/providers/directories/ICFIID.xlsx,2026-09-30T13:16:15.417177+00:00,2026-09-28,9c265cae968c0e5a64447aa61260a92ac52f40bd991cf04c6fd37db6d5b51c9f
TX_ICF_IID,003649,56,EDUCARE COMMUNITY LIVING CORPORATION  TEXAS,ICF/IID,YES,YES,BEXAR,2643 PEBBLE BOW,SAN ANTONIO,TX,78232,dddf847544af07c80cfa3c25e4b7d8f9dedc28696e6c14f5dd307636ea67f450,https://apps.hhs.texas.gov/providers/directories/ICFIID.xlsx,2026-09-30T13:16:15.417177+00:00,2026-09-28,b844aed2e18e03f6bd2ef8690078c6fe082b6d34bef5475bd372588228fd58d5
TX_ICF_IID,101823,57,EDUCARE COMMUNITY LIVING CORPORATION  TEXAS,ICF/IID,YES,YES,BEXAR,17002 VISTA BRIAR DR,SAN ANTONIO,TX,78247,dddf847544af07c80cfa3c25e4b7d8f9dedc28696e6c14f5dd307636ea67f450,https://apps.hhs.texas.gov/providers/directories/ICFIID.xlsx,2026-09-30T13:16:15.417177+00:00,2026-09-28,0e2d09e6f51badbb03a0029e3e2f18ea9afcede94a82f6beb39f5b32890a98ed
TX_ICF_IID,007214,58,EDUCARE COMMUNITY LIVING CORPORATION  TEXAS,ICF/IID,YES,YES,BEXAR,13811 CYPRESS HOLLOW,SAN ANTONIO,TX,78232,dddf847544af07c80cfa3c25e4b7d8f9dedc28696e6c14f5dd307636ea67f450,https://apps.hhs.texas.gov/providers/directories/ICFIID.xlsx,2026-09-30T13:16:15.417177+00:00,2026-09-28,00ec391a919ea7f2fb8e0e581f3e5cd11d036ff9ade8497de83d92d0f67f33e0
TX_ICF_IID,003696,59,EDUCARE COMMUNITY LIVING CORPORATION  TEXAS,ICF/IID,YES,YES,BEXAR,5401 TIMBER MEADOW,SAN ANTONIO,TX,78250,dddf847544af07c80cfa3c25e4b7d8f9dedc28696e6c14f5dd307636ea67f450,https://apps.hhs.texas.gov/providers/directories/ICFIID.xlsx,2026-09-30T13:16:15.417177+00:00,2026-09-28,e614ca9fa857d4332f902061c3dd7400d3e9aac93c80397e18288ebe6b4ae23a
TX_ICF_IID,007362,60,EDUCARE COMMUNITY LIVING CORPORATION  TEXAS,ICF/IID,YES,YES,BEXAR,6342 RUSTLING WAY,SAN ANTONIO,TX,78249,dddf847544af07c80cfa3c25e4b7d8f9dedc28696e6c14f5dd307636ea67f450,https://apps.hhs.texas.gov/providers/directories/ICFIID.xlsx,2026-09-30T13:16:15.417177+00:00,2026-09-28,499f0cf94a12c273a321d2e1b8e61fe45d5e86fd68c512647dbdc2eae348f7b3
TX_ICF_IID,007364,61,EDUCARE COMMUNITY LIVING CORPORATION  TEXAS,ICF/IID,YES,YES,BEXAR,2947 GREEN RUN,SAN ANTONIO,TX,78231,dddf847544af07c80cfa3c25e4b7d8f9dedc28696e6c14f5dd307636ea67f450,https://apps.hhs.texas.gov/providers/directories/ICFIID.xlsx,2026-09-30T13:16:15.417177+00:00,2026-09-28,8c022906aad7fcd42eba0720c5d9558f6d926c0a1a3ec482400a7605f9d3f086
TX_ICF_IID,101793,62,EDUCARE COMMUNITY LIVING CORPORATION  TEXAS,ICF/IID,YES,YES,BEXAR,14038 BOULDER OAKS,SAN ANTONIO,TX,78247,dddf847544af07c80cfa3c25e4b7d8f9dedc28696e6c14f5dd307636ea67f450,https://apps.hhs.texas.gov/providers/directories/ICFIID.xlsx,2026-09-30T13:16:15.417177+00:00,2026-09-28,f433be1a480e72add02ee1bb3647d8b790d17c065e9273be25a7ee5eb369202c
TX_ICF_IID,003662,63,EDUCARE COMMUNITY LIVING CORPORATION  TEXAS,ICF/IID,YES,YES,BEXAR,1906 ENCINO VALLEY,SAN ANTONIO,TEXAS,78259,dddf847544af07c80cfa3c25e4b7d8f9dedc28696e6c14f5dd307636ea67f450,https://apps.hhs.texas.gov/providers/directories/ICFIID.xlsx,2026-09-30T13:16:15.417177+00:00,2026-09-28,9457155f9e42fe43026b36c883f821fee9139bc8ca0e888f85f701766c08858f
TX_ICF_IID,003681,64,EDUCARE COMMUNITY LIVING CORPORATION  TEXAS,ICF/IID,YES,YES,BEXAR,9714 SPRING HARVEST,SAN ANTONIO,TEXAS,78254,dddf847544af07c80cfa3c25e4b7d8f9dedc28696e6c14f5dd307636ea67f450,https://apps.hhs.texas.gov/providers/directories/ICFIID.xlsx,2026-09-30T13:16:15.417177+00:00,2026-09-28,c213262d8bb789bfb857492da8c4c2a25acde05c49ec270e7ebce63480dba711
TX_ICF_IID,101796,65,EDUCARE COMMUNITY LIVING CORPORATION  TEXAS,ICF/IID,YES,YES,BEXAR,106 GRANADA,SAN ANTONIO,TX,78216,dddf847544af07c80cfa3c25e4b7d8f9dedc28696e6c14f5dd307636ea67f450,https://apps.hhs.texas.gov/providers/directories/ICFIID.xlsx,2026-09-30T13:16:15.417177+00:00,2026-09-28,ede1b1e5b19d2d280ce2022e2641ed24fd8d5626bcb004a21bd6599533480725
TX_ICF_IID,102604,66,EDUCARE COMMUNITY LIVING CORPORATION  TEXAS,ICF/IID,YES,YES,BEXAR,5303 VISTA RUN DR,SAN ANTONIO,TX,78247,dddf847544af07c80cfa3c25e4b7d8f9dedc28696e6c14f5dd307636ea67f450,https://apps.hhs.texas.gov/providers/directories/ICFIID.xlsx,2026-09-30T13:16:15.417177+00:00,2026-09-28,75f58f9b8d18f018ed51c34a7b936fc449086a4a4103ea54a9fd5fe392d945a7
TX_ICF_IID,104357,67,EDUCARE COMMUNITY LIVING CORPORATION  TEXAS,ICF/IID,YES,YES,BEXAR,2114 OAK CREEK,SAN ANTONIO,TX,78232,dddf847544af07c80cfa3c25e4b7d8f9dedc28696e6c14f5dd307636ea67f450,https://apps.hhs.texas.gov/providers/directories/ICFIID.xlsx,2026-09-30T13:16:15.417177+00:00,2026-09-28,e0671b5cee071f7aa3e7cd3156417487fb6996e3e359ec0dca6254fc1fc814a0
TX_ICF_IID,104356,68,EDUCARE COMMUNITY LIVING CORPORATION  TEXAS,ICF/IID,YES,YES,BEXAR,3015 FALL WAY,SAN ANTONIO,TX,78247,dddf847544af07c80cfa3c25e4b7d8f9dedc28696e6c14f5dd307636ea67f450,https://apps.hhs.texas.gov/providers/directories/ICFIID.xlsx,2026-09-30T13:16:15.417177+00:00,2026-09-28,bdab34e2a991661c9a6141900fc5b5409afefc5821c97284e42b06ae83827148
TX_ICF_IID,104351,69,EDUCARE COMMUNITY LIVING CORPORATIONTEXAS,ICF/IID,YES,YES,BEXAR,3003 PEBBLE TRAIL,SAN ANTONIO,TX,78232,dddf847544af07c80cfa3c25e4b7d8f9dedc28696e6c14f5dd307636ea67f450,https://apps.hhs.texas.gov/providers/directories/ICFIID.xlsx,2026-09-30T13:16:15.417177+00:00,2026-09-28,8603c422e8c3c3a33be9877a3613f169a29a9785f4264fa0c5d4bb658cc070b8
TX_ICF_IID,104350,70,EDUCARE COMMUNITY LIVING CORPORATIONTEXAS,ICF/IID,YES,YES,BEXAR,2531 GREAT OAKS DRIVE,SAN ANTONIO,TX,78232,dddf847544af07c80cfa3c25e4b7d8f9dedc28696e6c14f5dd307636ea67f450,https://apps.hhs.texas.gov/providers/directories/ICFIID.xlsx,2026-09-30T13:16:15.417177+00:00,2026-09-28,76a20dad847dc66f178c83ad3d908ebf1e2bd64cd74bba9c8eaabe3c3dfd10ae
TX_ICF_IID,003935,71,EDUCARE COMMUNITY LIVING LIMITED PARTNERSHIP,ICF/IID,YES,YES,BEXAR,4935 LAMBETH ST,SAN ANTONIO,TX,78228,dddf847544af07c80cfa3c25e4b7d8f9dedc28696e6c14f5dd307636ea67f450,https://apps.hhs.texas.gov/providers/directories/ICFIID.xlsx,2026-09-30T13:16:15.417177+00:00,2026-09-28,768c149aebdd561ee709f08a4e0722ee4d831959dbb95e39f0252edfc527b929
TX_ICF_IID,007208,72,EL DORADO ADULT LIVING CENTER,ICF/IID,YES,YES,BEXAR,12302 GRAN VISTA,SAN ANTONIO,TX,78233,dddf847544af07c80cfa3c25e4b7d8f9dedc28696e6c14f5dd307636ea67f450,https://apps.hhs.texas.gov/providers/directories/ICFIID.xlsx,2026-09-30T13:16:15.417177+00:00,2026-09-28,bfe5b32dc3dbd40002210580fb01b6eeb861570076a0a05c0160dc806e096d3e
TX_ICF_IID,110627,73,FOREST GLADE HOME,ICF/IID,YES,YES,BEXAR,3506 FOREST GLADE STREET,SAN ANTONIO,TX,78247,dddf847544af07c80cfa3c25e4b7d8f9dedc28696e6c14f5dd307636ea67f450,https://apps.hhs.texas.gov/providers/directories/ICFIID.xlsx,2026-09-30T13:16:15.417177+00:00,2026-09-28,40c8d2fbca7bb71fd7f0c05879e4a2723ea5856116b4243f069bb3d6d7ea839a
TX_ICF_IID,007400,74,FOREST NIGHT HOME,ICF/IID,YES,YES,BEXAR,11209 FOREST NIGHT,SAN ANTONIO,TX,78233,dddf847544af07c80cfa3c25e4b7d8f9dedc28696e6c14f5dd307636ea67f450,https://apps.hhs.texas.gov/providers/directories/ICFIID.xlsx,2026-09-30T13:16:15.417177+00:00,2026-09-28,e7c3e84d511d691352668d64061114c90adeb6acc6a10a9bb21d371d6b964d3b
TX_ICF_IID,007256,75,HEREFORD HOUSE,ICF/IID,YES,YES,BEXAR,14433 HEREFORD,SAN ANTONIO,TX,78217,dddf847544af07c80cfa3c25e4b7d8f9dedc28696e6c14f5dd307636ea67f450,https://apps.hhs.texas.gov/providers/directories/ICFIID.xlsx,2026-09-30T13:16:15.417177+00:00,2026-09-28,ed437e11982bd466c9a06043e1416b56b1b4347b8b1cf6f21e21a2a050417412
TX_ICF_IID,007461,76,HILLSIDE RIDGE HOUSE,ICF/IID,YES,YES,BEXAR,14727 HILLSIDE RIDGE,SAN ANTONIO,TX,78233,dddf847544af07c80cfa3c25e4b7d8f9dedc28696e6c14f5dd307636ea67f450,https://apps.hhs.texas.gov/providers/directories/ICFIID.xlsx,2026-09-30T13:16:15.417177+00:00,2026-09-28,8a5322c3caea73cd43db1bd3f5b6951adfa86ca1bae792f044da64d034e481c6
TX_ICF_IID,007207,77,HUNTERS CIRCLE,ICF/IID,YES,YES,BEXAR,13230 N HUNTERS CIR,SAN ANTONIO,TX,78230,dddf847544af07c80cfa3c25e4b7d8f9dedc28696e6c14f5dd307636ea67f450,https://apps.hhs.texas.gov/providers/directories/ICFIID.xlsx,2026-09-30T13:16:15.417177+00:00,2026-09-28,4e6e3ce940ab53c5ce82004791b5865490d231aa1734f4bd6fffb4e94dd364cc
TX_ICF_IID,007527,78,KNOB OAK,ICF/IID,YES,YES,BEXAR,9714 KNOB OAK,SAN ANTONIO,TX,78250,dddf847544af07c80cfa3c25e4b7d8f9dedc28696e6c14f5dd307636ea67f450,https://apps.hhs.texas.gov/providers/directories/ICFIID.xlsx,2026-09-30T13:16:15.417177+00:00,2026-09-28,bddc18afbf6860e62a7ed2fcab0646da1af37b49e7aa61e9bd2b7ffbd84e9731
TX_ICF_IID,106203,79,LAKEWAY,ICF/IID,YES,YES,BEXAR,4417 LAKEWAY,SAN ANTONIO,TX,78244,dddf847544af07c80cfa3c25e4b7d8f9dedc28696e6c14f5dd307636ea67f450,https://apps.hhs.texas.gov/providers/directories/ICFIID.xlsx,2026-09-30T13:16:15.417177+00:00,2026-09-28,74d96def4583536fb34810b1ae9f04e2c0525a22c3d071d2c81d74f909dfd480
TX_ICF_IID,007458,80,LARIMER SQUARE,ICF/IID,YES,YES,BEXAR,6006 LARIMER SQUARE,SAN ANTONIO,TX,78249,dddf847544af07c80cfa3c25e4b7d8f9dedc28696e6c14f5dd307636ea67f450,https://apps.hhs.texas.gov/providers/directories/ICFIID.xlsx,2026-09-30T13:16:15.417177+00:00,2026-09-28,bb3bdbd1395eda9186726a192cf0e788c478d27da9295eb9d013710a118c56e5
TX_ICF_IID,003629,81,MAYFAIR,ICF/IID,YES,YES,BEXAR,3118 MAYFAIR,SAN ANTONIO,TX,78217,dddf847544af07c80cfa3c25e4b7d8f9dedc28696e6c14f5dd307636ea67f450,https://apps.hhs.texas.gov/providers/directories/ICFIID.xlsx,2026-09-30T13:16:15.417177+00:00,2026-09-28,c6d63cdb2b72272857f5724e8d20ab7ce280b570281e911c9a63463c13899250
TX_ICF_IID,007499,82,MISSION ROAD DEVELOPMENTAL CENTER,ICF/IID,YES,YES,BEXAR,460 KOPPLOW,SAN ANTONIO,TX,78221,dddf847544af07c80cfa3c25e4b7d8f9dedc28696e6c14f5dd307636ea67f450,https://apps.hhs.texas.gov/providers/directories/ICFIID.xlsx,2026-09-30T13:16:15.417177+00:00,2026-09-28,4821a8260b855cecf0afe0b3e8d6226072c44df00f4c0d098b98a64818a4fdb5
TX_ICF_IID,007292,83,MISSION ROAD DEVELOPMENTAL CENTER,ICF/IID,YES,YES,BEXAR,7618 MOCKINGBIRD LN,SAN ANTONIO,TX,78229,dddf847544af07c80cfa3c25e4b7d8f9dedc28696e6c14f5dd307636ea67f450,https://apps.hhs.texas.gov/providers/directories/ICFIID.xlsx,2026-09-30T13:16:15.417177+00:00,2026-09-28,ba9642041ce569da77ef44d6386e50db8506f58ba60c3015139ef15e4dffd403
TX_ICF_IID,003775,84,MISSION ROAD DEVELOPMENTAL CENTER,ICF/IID,YES,YES,BEXAR,7520 S SEA LN,SAN ANTONIO,TX,78216,dddf847544af07c80cfa3c25e4b7d8f9dedc28696e6c14f5dd307636ea67f450,https://apps.hhs.texas.gov/providers/directories/ICFIID.xlsx,2026-09-30T13:16:15.417177+00:00,2026-09-28,cd18290609681f10842cd24f80c83dba76bdcc6646ab416b2ed879620e4d1b1a
TX_ICF_IID,007365,85,PARK HAVEN HOME,ICF/IID,YES,YES,BEXAR,6738 PARK HAVEN,SAN ANTONIO,TX,78244,dddf847544af07c80cfa3c25e4b7d8f9dedc28696e6c14f5dd307636ea67f450,https://apps.hhs.texas.gov/providers/directories/ICFIID.xlsx,2026-09-30T13:16:15.417177+00:00,2026-09-28,d126ef132b290785a37fcbcf47c00c9ab92f3492e6782bac35695ff631423d9c
TX_ICF_IID,003603,86,PEPPERIDGE ADULT LIVING CENTER,ICF/IID,YES,YES,BEXAR,4611 WETZ,SAN ANTONIO,TX,78217,dddf847544af07c80cfa3c25e4b7d8f9dedc28696e6c14f5dd307636ea67f450,https://apps.hhs.texas.gov/providers/directories/ICFIID.xlsx,2026-09-30T13:16:15.417177+00:00,2026-09-28,82778cb5e1974e70f83a0fd26f9fe49bacaff117db6fb5b9f034778129cf7445
TX_ICF_IID,007478,87,PINETREE LANE,ICF/IID,YES,YES,BEXAR,2002 PINETREE LANE,SAN ANTONIO,TX,78232,dddf847544af07c80cfa3c25e4b7d8f9dedc28696e6c14f5dd307636ea67f450,https://apps.hhs.texas.gov/providers/directories/ICFIID.xlsx,2026-09-30T13:16:15.417177+00:00,2026-09-28,ef56372c7d6fc9c7bb3d2fba80363e72fcb37e3a59b50b80668469569acdb402
TX_ICF_IID,110141,88,PUMA PASS,ICF/IID,YES,YES,BEXAR,16302 PUMA PASS,SAN ANTONIO,TEXAS,78247,dddf847544af07c80cfa3c25e4b7d8f9dedc28696e6c14f5dd307636ea67f450,https://apps.hhs.texas.gov/providers/directories/ICFIID.xlsx,2026-09-30T13:16:15.417177+00:00,2026-09-28,08da06b4d3c8f391b7370af263a704eea925910ab72ffd3640edcef7e5a1c89e
TX_ICF_IID,007508,89,QUAIL RUN,ICF/IID,YES,YES,BEXAR,7422 QUAIL RUN,SAN ANTONIO,TX,78209,dddf847544af07c80cfa3c25e4b7d8f9dedc28696e6c14f5dd307636ea67f450,https://apps.hhs.texas.gov/providers/directories/ICFIID.xlsx,2026-09-30T13:16:15.417177+00:00,2026-09-28,ead00218c09f0ce21095278d64e2f98855e6370fbea677288de2a46b9d32740d
TX_ICF_IID,104491,90,R & K SPECIALIIZED HOMES INC,ICF/IID,YES,YES,BEXAR,15910 QUAIL CIRCLE,SAN ANTONIO,TX,78247,dddf847544af07c80cfa3c25e4b7d8f9dedc28696e6c14f5dd307636ea67f450,https://apps.hhs.texas.gov/providers/directories/ICFIID.xlsx,2026-09-30T13:16:15.417177+00:00,2026-09-28,9fa1ee9d672735ffbedcaddef9120f6a3f8f41c4dcffddb6b54bb43d360bdd5f
TX_ICF_IID,105215,91,"R & K SPECIALIZED HOMES, INC",ICF/IID,YES,YES,BEXAR,8711 OAK LEDGE DR.,SAN ANTONIO,TX,78217,dddf847544af07c80cfa3c25e4b7d8f9dedc28696e6c14f5dd307636ea67f450,https://apps.hhs.texas.gov/providers/directories/ICFIID.xlsx,2026-09-30T13:16:15.417177+00:00,2026-09-28,3cf7e3b7ff2ad6990dd1c07bf6691a962ffd727ce03598397bdbe44089b9be94
TX_ICF_IID,007564,92,"R & K SPECIALIZED HOMES, INC",ICF/IID,YES,YES,BEXAR,6706 TIMBERHILL,SAN ANTONIO,TX,78238,dddf847544af07c80cfa3c25e4b7d8f9dedc28696e6c14f5dd307636ea67f450,https://apps.hhs.texas.gov/providers/directories/ICFIID.xlsx,2026-09-30T13:16:15.417177+00:00,2026-09-28,57735a1eab170286357b984d5d043e8757760fdfce06ec85aba7699259a69d87
TX_ICF_IID,107143,93,R&K SPECIALIZED HOMES INC,ICF/IID,YES,YES,BEXAR,7070 RIMWOOD LIVE OAK,SAN ANTONIO,TX,78233,dddf847544af07c80cfa3c25e4b7d8f9dedc28696e6c14f5dd307636ea67f450,https://apps.hhs.texas.gov/providers/directories/ICFIID.xlsx,2026-09-30T13:16:15.417177+00:00,2026-09-28,5a3a3af2de8ffc748ed0fbc6db5b3a9c4375191f353392e0904d96e880e4a1ab
TX_ICF_IID,106756,94,R&K SPECIALIZED HOMES INC,ICF/IID,YES,YES,BEXAR,8007 CLYDE DENT,SAN ANTONIO,TX,78250,dddf847544af07c80cfa3c25e4b7d8f9dedc28696e6c14f5dd307636ea67f450,https://apps.hhs.texas.gov/providers/directories/ICFIID.xlsx,2026-09-30T13:16:15.417177+00:00,2026-09-28,5a83e9032d38a2cfd2f8c34344eac51dffe62f958fffa209dbaffe0cf4999dc3
TX_ICF_IID,104296,95,R&K SPECIALIZED HOMES INC,ICF/IID,YES,YES,BEXAR,4703 SHADY BREEZE,SAN ANTONIO,TX,78217,dddf847544af07c80cfa3c25e4b7d8f9dedc28696e6c14f5dd307636ea67f450,https://apps.hhs.texas.gov/providers/directories/ICFIID.xlsx,2026-09-30T13:16:15.417177+00:00,2026-09-28,ca96d2dd233af0f81333d8c90a9956e3b51ed627abdbe78294fb9e56b1b1e92c
TX_ICF_IID,104154,96,R&K SPECIALIZED HOMES INC,ICF/IID,YES,YES,BEXAR,10214 SQUANTO,SAN ANTONIO,TX,78230,dddf847544af07c80cfa3c25e4b7d8f9dedc28696e6c14f5dd307636ea67f450,https://apps.hhs.texas.gov/providers/directories/ICFIID.xlsx,2026-09-30T13:16:15.417177+00:00,2026-09-28,90e1bf7ed61c4dc766c68bf998ba4f37d96f24b3253a70b80c8a28668bf5e3ba
TX_ICF_IID,107228,97,REGENCY COVE,ICF/IID,YES,YES,BEXAR,6402 REGENCY COVE,SAN ANTONIO,TX,78249,dddf847544af07c80cfa3c25e4b7d8f9dedc28696e6c14f5dd307636ea67f450,https://apps.hhs.texas.gov/providers/directories/ICFIID.xlsx,2026-09-30T13:16:15.417177+00:00,2026-09-28,357614afcfb681b967ecc5501049ae24f52dfd816d03c00c2c276ebac41b0e26
TX_ICF_IID,007287,98,SAGE TRAIL,ICF/IID,YES,YES,BEXAR,14231 SAGE TRL,SAN ANTONIO,TX,78231,dddf847544af07c80cfa3c25e4b7d8f9dedc28696e6c14f5dd307636ea67f450,https://apps.hhs.texas.gov/providers/directories/ICFIID.xlsx,2026-09-30T13:16:15.417177+00:00,2026-09-28,17a3988af30444b8bc23fc47c549a10389e0d60f909541b2ac63fb271d023d92
TX_ICF_IID,007114,99,SAN ANTONIO STATE SUPPORTED LIVING CENTER,ICF/IID,NO,YES,BEXAR,6711 S NEW BRAUNFELS AVE,SAN ANTONIO,TX,78223,dddf847544af07c80cfa3c25e4b7d8f9dedc28696e6c14f5dd307636ea67f450,https://apps.hhs.texas.gov/providers/directories/ICFIID.xlsx,2026-09-30T13:16:15.417177+00:00,2026-09-28,66f93403c6ce37c5e18d708ac2d8826ed591fc149709f5e40f6c1bacbd1eace9
TX_ICF_IID,007603,100,SILVER QUAIL,ICF/IID,YES,YES,BEXAR,8706 SILVER QUAIL,SAN ANTONIO,TX,78250,dddf847544af07c80cfa3c25e4b7d8f9dedc28696e6c14f5dd307636ea67f450,https://apps.hhs.texas.gov/providers/directories/ICFIID.xlsx,2026-09-30T13:16:15.417177+00:00,2026-09-28,506fe978363c526e5dbbfdda9b42e63e1ccfc6ca27426a24f255bf748b245fcf
TX_ICF_IID,007488,101,SOUTH TEXAS COMMUNITY LIVING CORP,ICF/IID,YES,YES,BEXAR,5403 VISTA CREEK,SAN ANTONIO,TX,78247,dddf847544af07c80cfa3c25e4b7d8f9dedc28696e6c14f5dd307636ea67f450,https://apps.hhs.texas.gov/providers/directories/ICFIID.xlsx,2026-09-30T13:16:15.417177+00:00,2026-09-28,7e7a0a87b9a8f0f6a196ca50fd30fe683e197556f1e5afcda21c07c274cdc94d
TX_ICF_IID,007481,102,SOUTH TEXAS COMMUNITY LIVING CORP,ICF/IID,YES,YES,BEXAR,5822 SPRING DOVE,SAN ANTONIO,TX,78247,dddf847544af07c80cfa3c25e4b7d8f9dedc28696e6c14f5dd307636ea67f450,https://apps.hhs.texas.gov/providers/directories/ICFIID.xlsx,2026-09-30T13:16:15.417177+00:00,2026-09-28,6d45549a11145dc06ae40775df0fb95dc21cdbe84fd388c50fe3750369451853
TX_ICF_IID,007467,103,SOUTH TEXAS COMMUNITY LIVING CORP,ICF/IID,YES,YES,BEXAR,2934 FLORAL WAY,SAN ANTONIO,TX,78247,dddf847544af07c80cfa3c25e4b7d8f9dedc28696e6c14f5dd307636ea67f450,https://apps.hhs.texas.gov/providers/directories/ICFIID.xlsx,2026-09-30T13:16:15.417177+00:00,2026-09-28,1c4264a562ec2fd01c59f7a59dda1fd89d0acfd68e2ac1f8da74195e87aa83b7
TX_ICF_IID,007438,104,SOUTH TEXAS COMMUNITY LIVING CORP,ICF/IID,YES,YES,BEXAR,5227 FOUNTAIN LAKE,SAN ANTONIO,TX,78244,dddf847544af07c80cfa3c25e4b7d8f9dedc28696e6c14f5dd307636ea67f450,https://apps.hhs.texas.gov/providers/directories/ICFIID.xlsx,2026-09-30T13:16:15.417177+00:00,2026-09-28,7a458db2ea3fd88e2a18787def2e16f55fa00f6520798be17515add65a95f062
TX_ICF_IID,007435,105,SOUTH TEXAS COMMUNITY LIVING CORP,ICF/IID,YES,YES,BEXAR,3507 LAKE SUNSET CT,SAN ANTONIO,TX,78217,dddf847544af07c80cfa3c25e4b7d8f9dedc28696e6c14f5dd307636ea67f450,https://apps.hhs.texas.gov/providers/directories/ICFIID.xlsx,2026-09-30T13:16:15.417177+00:00,2026-09-28,f256f85796afa915859f4d262133464501566193ffd5ed062151fbee41d91ed9
TX_ICF_IID,007415,106,SOUTH TEXAS COMMUNITY LIVING CORP,ICF/IID,YES,YES,BEXAR,13055 FEATHER RIDGE,SAN ANTONIO,TX,78233,dddf847544af07c80cfa3c25e4b7d8f9dedc28696e6c14f5dd307636ea67f450,https://apps.hhs.texas.gov/providers/directories/ICFIID.xlsx,2026-09-30T13:16:15.417177+00:00,2026-09-28,38f9e1734cb863640fcd276620eee8fa4fb68e590557744007653c364b783da3
TX_ICF_IID,110135,107,STORMY SKIES,ICF/IID,YES,YES,BEXAR,5239 STORMY SKIES,SAN ANTONIO,TEXAS,78247,dddf847544af07c80cfa3c25e4b7d8f9dedc28696e6c14f5dd307636ea67f450,https://apps.hhs.texas.gov/providers/directories/ICFIID.xlsx,2026-09-30T13:16:15.417177+00:00,2026-09-28,e2e987ee0a036e772c9b510333ac52d9523b75035394505a6ef1c187f6f2720f
TX_ICF_IID,003633,108,SUNNY GROVE,ICF/IID,YES,YES,BEXAR,4706 SUNNY GROVE,SAN ANTONIO,TX,78217,dddf847544af07c80cfa3c25e4b7d8f9dedc28696e6c14f5dd307636ea67f450,https://apps.hhs.texas.gov/providers/directories/ICFIID.xlsx,2026-09-30T13:16:15.417177+00:00,2026-09-28,25455d71b4e0df64ef29e34c0532d115a8a66cd5ebd13ea7b70a262e969708d6
TX_ICF_IID,007520,109,SWANDALE,ICF/IID,YES,YES,BEXAR,3242 SWANDALE,SAN ANTONIO,TX,78230,dddf847544af07c80cfa3c25e4b7d8f9dedc28696e6c14f5dd307636ea67f450,https://apps.hhs.texas.gov/providers/directories/ICFIID.xlsx,2026-09-30T13:16:15.417177+00:00,2026-09-28,cf12931281417a8f998129d2555406cefd70f02ceafab2545789c6c395fa84c6
TX_ICF_IID,007639,110,THATCH,ICF/IID,YES,YES,BEXAR,8820 THATCH,SAN ANTONIO,TEXAS,78240,dddf847544af07c80cfa3c25e4b7d8f9dedc28696e6c14f5dd307636ea67f450,https://apps.hhs.texas.gov/providers/directories/ICFIID.xlsx,2026-09-30T13:16:15.417177+00:00,2026-09-28,b31cb65399061dd262013a813c7aecb9845c6992aee0f516c59ce3a2fe60e744
TX_ICF_IID,111944,111,WADDESDON WOOD,ICF/IID,YES,YES,BEXAR,6234 ALTA PUERTA,SAN ANTONIO,TX,78247,dddf847544af07c80cfa3c25e4b7d8f9dedc28696e6c14f5dd307636ea67f450,https://apps.hhs.texas.gov/providers/directories/ICFIID.xlsx,2026-09-30T13:16:15.417177+00:00,2026-09-28,aaa7bfdae685af86750ac2ea200f8730f683ec6d572687fcf07e220848241be8
TX_ICF_IID,007291,112,WELLES HARBOR,ICF/IID,YES,YES,BEXAR,8730 WELLES HARBOR,SAN ANTONIO,TX,78240,dddf847544af07c80cfa3c25e4b7d8f9dedc28696e6c14f5dd307636ea67f450,https://apps.hhs.texas.gov/providers/directories/ICFIID.xlsx,2026-09-30T13:16:15.417177+00:00,2026-09-28,ceb34ebd632e35cddbbfa35337d8fdc1c4c24050fb585659e25d4a1583d7f362
TX_ICF_IID,007420,113,WHISPER VALLEY,ICF/IID,YES,YES,BEXAR,10934 WHISPER VALLEY,SAN ANTONIO,TX,78230,dddf847544af07c80cfa3c25e4b7d8f9dedc28696e6c14f5dd307636ea67f450,https://apps.hhs.texas.gov/providers/directories/ICFIID.xlsx,2026-09-30T13:16:15.417177+00:00,2026-09-28,69046bc609529c0c17f598d047802cf1b2a5788ba84aabb7d129ef424bdb8512
TX_ICF_IID,003948,114,EDUCARE COMMUNITY LIVING LIMITED PARTNERSHIP,ICF/IID,YES,YES,BEXAR,250 GUILFORD FORGE,UNIVERSAL CITY,TX,78148-3615,dddf847544af07c80cfa3c25e4b7d8f9dedc28696e6c14f5dd307636ea67f450,https://apps.hhs.texas.gov/providers/directories/ICFIID.xlsx,2026-09-30T13:16:15.417177+00:00,2026-09-28,472684e39ce798544e55fba8e1f703e22c2417e0fa80fb9f673451a3fabd116a
TX_ICF_IID,003645,115,EVERGREEN NORTHWOOD COMMUNITY HOME,ICF/IID,YES,YES,BOWIE,113 NORTHWOOD,NASH,TX,75569,dddf847544af07c80cfa3c25e4b7d8f9dedc28696e6c14f5dd307636ea67f450,https://apps.hhs.texas.gov/providers/directories/ICFIID.xlsx,2026-09-30T13:16:15.417177+00:00,2026-09-28,50b050e7d3434e7d3b53884333a710ca880738ab6d5aa7194e3d76feb8bca50f
TX_ICF_IID,003628,116,EVERGREEN COOPER LANE COMMUNITY HOME,ICF/IID,YES,YES,BOWIE,3312 COOPER LN,TEXARKANA,TX,75503,dddf847544af07c80cfa3c25e4b7d8f9dedc28696e6c14f5dd307636ea67f450,https://apps.hhs.texas.gov/providers/directories/ICFIID.xlsx,2026-09-30T13:16:15.417177+00:00,2026-09-28,e9328b82316fb7900187b6a6984a475f4b945fd5aa6f63c62209c369e983bdbe
TX_ICF_IID,111837,117,EVERGREEN DANVILLE ROAD COMMUNITY HOME,ICF/IID,YES,YES,BOWIE,1302 WOOD STREET,TEXARKANA,TX,75501,dddf847544af07c80cfa3c25e4b7d8f9dedc28696e6c14f5dd307636ea67f450,https://apps.hhs.texas.gov/providers/directories/ICFIID.xlsx,2026-09-30T13:16:15.417177+00:00,2026-09-28,c3259b75840bf04b051d700355ba09d29e2821114c24aa4dd7a7131cd6636988
TX_ICF_IID,007248,118,EVERGREEN FORTUNE COMMUNITY HOME,ICF/IID,YES,YES,BOWIE,3002 FORTUNE AVE,TEXARKANA,TX,75503,dddf847544af07c80cfa3c25e4b7d8f9dedc28696e6c14f5dd307636ea67f450,https://apps.hhs.texas.gov/providers/directories/ICFIID.xlsx,2026-09-30T13:16:15.417177+00:00,2026-09-28,dbceddb30b3e6dff002ddd09653d565ef980bc5eb81ce9e7cae65fc237e3f9a7
TX_ICF_IID,003637,119,EVERGREEN MARYLAND COMMUNITY HOME,ICF/IID,YES,YES,BOWIE,106 MARYLAND,TEXARKANA,TX,75501,dddf847544af07c80cfa3c25e4b7d8f9dedc28696e6c14f5dd307636ea67f450,https://apps.hhs.texas.gov/providers/directories/ICFIID.xlsx,2026-09-30T13:16:15.417177+00:00,2026-09-28,3d93b5eb4240d38d0a28e4ab397b578e0be179ada4cb5c0f645fd7e9d2673633
TX_ICF_IID,003638,120,EVERGREEN MEADOW LANE COMMUNITY HOME,ICF/IID,YES,YES,BOWIE,#20 MEADOW LN,TEXARKANA,TX,75503,dddf847544af07c80cfa3c25e4b7d8f9dedc28696e6c14f5dd307636ea67f450,https://apps.hhs.texas.gov/providers/directories/ICFIID.xlsx,2026-09-30T13:16:15.417177+00:00,2026-09-28,d28448f59a814e9c4e6c2a96aa5c896adff9d8645ce548d51cfbc4004a566240
TX_ICF_IID,007203,121,EVERGREEN MOORES LANE COMMUNITY HOME,ICF/IID,YES,YES,BOWIE,3611 MOORES LN,TEXARKANA,TX,75503,dddf847544af07c80cfa3c25e4b7d8f9dedc28696e6c14f5dd307636ea67f450,https://apps.hhs.texas.gov/providers/directories/ICFIID.xlsx,2026-09-30T13:16:15.417177+00:00,2026-09-28,179723e7b2406a679cfc32c910ff837b93ea96376dd3cfe1dd2158394aca8177
TX_ICF_IID,007403,122,EVERGREEN PINE KNOLL COMMUNITY HOME,ICF/IID,YES,YES,BOWIE,3603 PINE KNOLL,TEXARKANA,TX,75503,dddf847544af07c80cfa3c25e4b7d8f9dedc28696e6c14f5dd307636ea67f450,https://apps.hhs.texas.gov/providers/directories/ICFIID.xlsx,2026-09-30T13:16:15.417177+00:00,2026-09-28,c9fc0c4d1144efc749929502007b178e85a99dae5b8dbbd93776fe8b008a1919
TX_ICF_IID,007617,123,NEW HORIZONS ELIZABETH,ICF/IID,YES,YES,BOWIE,4820 ELIZABETH ST,TEXARKANA,TX,75503,dddf847544af07c80cfa3c25e4b7d8f9dedc28696e6c14f5dd307636ea67f450,https://apps.hhs.texas.gov/providers/directories/ICFIID.xlsx,2026-09-30T13:16:15.417177+00:00,2026-09-28,fa7a9f621e05d2e2a9a7548708a5f70645b8289ec324198d773d96bcfbd6846d
TX_ICF_IID,007408,124,NEW HORIZONS MAGNOLIA,ICF/IID,YES,YES,BOWIE,4125 MAGNOLIA ST,TEXARKANA,TX,75503,dddf847544af07c80cfa3c25e4b7d8f9dedc28696e6c14f5dd307636ea67f450,https://apps.hhs.texas.gov/providers/directories/ICFIID.xlsx,2026-09-30T13:16:15.417177+00:00,2026-09-28,219d6e41b80f72d13e89888838c42d78bf469354ed51187c2016c44df59f68ea
TX_ICF_IID,007569,125,NEW HORIZONS STILLWELL,ICF/IID,YES,YES,BOWIE,2611 STILLWELL DR,TEXARKANA,TX,75503,dddf847544af07c80cfa3c25e4b7d8f9dedc28696e6c14f5dd307636ea67f450,https://apps.hhs.texas.gov/providers/directories/ICFIID.xlsx,2026-09-30T13:16:15.417177+00:00,2026-09-28,1250ba2f6242bdf5f73db0dd9da45b812edca91b2d082b0784f518ce5bbfa287
TX_ICF_IID,007407,126,NEW HORIZONS WEST 27TH ST,ICF/IID,YES,YES,BOWIE,404 W 27TH ST,TEXARKANA,TX,75503,dddf847544af07c80cfa3c25e4b7d8f9dedc28696e6c14f5dd307636ea67f450,https://apps.hhs.texas.gov/providers/directories/ICFIID.xlsx,2026-09-30T13:16:15.417177+00:00,2026-09-28,308b457da7b492f005b2b59f1f238d86074eadbb8815506c97734d6e4f118d78
TX_ICF_IID,003925,127,EDUCARE COMMUNITY LIVING CORPORATION  GULF COAST,ICF/IID,YES,YES,BRAZORIA,1304 HIGHLAND,ALVIN,TX,77512,dddf847544af07c80cfa3c25e4b7d8f9dedc28696e6c14f5dd307636ea67f450,https://apps.hhs.texas.gov/providers/directories/ICFIID.xlsx,2026-09-30T13:16:15.417177+00:00,2026-09-28,c90e28c92aa8e195dc54c2211575ce4f9cf578984c6635927f95fdf84f975569
TX_ICF_IID,003618,128,TOVREA,ICF/IID,YES,YES,BRAZORIA,802 TOVREA,ALVIN,TX,77512,dddf847544af07c80cfa3c25e4b7d8f9dedc28696e6c14f5dd307636ea67f450,https://apps.hhs.texas.gov/providers/directories/ICFIID.xlsx,2026-09-30T13:16:15.417177+00:00,2026-09-28,8e388e0f24334cc664566c12297d369f6ad3422504765c59f60764b2349d33b7
TX_ICF_IID,105082,129,ARCOLA,ICF/IID,YES,YES,BRAZORIA,800 N ARCOLA,ANGLETON,TX,77515,dddf847544af07c80cfa3c25e4b7d8f9dedc28696e6c14f5dd307636ea67f450,https://apps.hhs.texas.gov/providers/directories/ICFIID.xlsx,2026-09-30T13:16:15.417177+00:00,2026-09-28,7e6b737a6fa3ce65c49314a9ecf9041c5bce179305f2aee3ee10f7cacc6c70bb
TX_ICF_IID,007626,130,EDUCARE COMMUNITY LIVING  GULF COAST,ICF/IID,YES,YES,BRAZORIA,1811 OAKTREE CIR,PEARLAND,TX,77581,dddf847544af07c80cfa3c25e4b7d8f9dedc28696e6c14f5dd307636ea67f450,https://apps.hhs.texas.gov/providers/directories/ICFIID.xlsx,2026-09-30T13:16:15.417177+00:00,2026-09-28,4b85b4b49d439d37e3ced932e054b1d90e3205f94e2da5d6a56ee89c7fb410a7
TX_ICF_IID,003963,131,EDUCARE COMMUNITY LIVING CORPORATION  GULF COAST,ICF/IID,YES,YES,BRAZORIA,1117 CHESTERWOOD,PEARLAND,TX,77581,dddf847544af07c80cfa3c25e4b7d8f9dedc28696e6c14f5dd307636ea67f450,https://apps.hhs.texas.gov/providers/directories/ICFIID.xlsx,2026-09-30T13:16:15.417177+00:00,2026-09-28,d55f53ebf5df5dc79a5130096e26992fd3ab9e47ab7041a045f8017cb2d24cd0
TX_ICF_IID,007561,132,3706 CARTER CREEK PKWY,ICF/IID,YES,YES,BRAZOS,3706 CARTER CREEK PKWY,BRYAN,TX,77802,dddf847544af07c80cfa3c25e4b7d8f9dedc28696e6c14f5dd307636ea67f450,https://apps.hhs.texas.gov/providers/directories/ICFIID.xlsx,2026-09-30T13:16:15.417177+00:00,2026-09-28,eb6134a7574c7785da30d7e91363f118f614460a7b724181eb07a7a1e425e847
TX_ICF_IID,007662,133,FAMILY TREE,ICF/IID,NO,YES,BRAZOS,408 N WASHINGTON AVE,BRYAN,TX,77803,dddf847544af07c80cfa3c25e4b7d8f9dedc28696e6c14f5dd307636ea67f450,https://apps.hhs.texas.gov/providers/directories/ICFIID.xlsx,2026-09-30T13:16:15.417177+00:00,2026-09-28,b0dbca80dab9f88e7f72027df48864ec9e31c2215d028257a79ae457379ce0cc
TX_ICF_IID,003840,134,OPPORTUNITY DEVELOPMENT CENTER 2,ICF/IID,NO,YES,BROWN,403 MULBERRY DR,BROWNWOOD,TX,76801,dddf847544af07c80cfa3c25e4b7d8f9dedc28696e6c14f5dd307636ea67f450,https://apps.hhs.texas.gov/providers/directories/ICFIID.xlsx,2026-09-30T13:16:15.417177+00:00,2026-09-28,336e88bf7e6b5e9a711867a6324aca6fdedcff6af29ee6bbbae22d417b41af34
TX_ICF_IID,003675,135,BERTRAM COMMUNITY RESIDENCE,ICF/IID,YES,YES,BURNET,648 WEST CEDAR,BERTRAM,TX,78605,dddf847544af07c80cfa3c25e4b7d8f9dedc28696e6c14f5dd307636ea67f450,https://apps.hhs.texas.gov/providers/directories/ICFIID.xlsx,2026-09-30T13:16:15.417177+00:00,2026-09-28,ecf7f665220d07024b1d7aaaa688fde7e46fcd0b6441714c44f1c54753965716
TX_ICF_IID,007505,136,BLUEBONNET COMMUNITY RESIDENCE,ICF/IID,YES,YES,BURNET,1260 HIGHWAY 29 WEST,BERTRAM,TX,78605,dddf847544af07c80cfa3c25e4b7d8f9dedc28696e6c14f5dd307636ea67f450,https://apps.hhs.texas.gov/providers/directories/ICFIID.xlsx,2026-09-30T13:16:15.417177+00:00,2026-09-28,d1ace4af9ed4401e24ea50441be47ba0324fd3420cf1ab9678a7e94f22989a2a
TX_ICF_IID,007450,137,WOODVIEW COMMUNITY RESIDENCE,ICF/IID,YES,YES,BURNET,407 COUNTY ROAD 320,BERTRAM,TX,78605,dddf847544af07c80cfa3c25e4b7d8f9dedc28696e6c14f5dd307636ea67f450,https://apps.hhs.texas.gov/providers/directories/ICFIID.xlsx,2026-09-30T13:16:15.417177+00:00,2026-09-28,7548de6a4509c8c04d2b54944c467b5a836965fc73d1b65e47a23738698575ca
TX_ICF_IID,003879,138,HIGHLAND LAKES COMMUNITY RESIDENCE,ICF/IID,YES,YES,BURNET,705 KINCHELOE STREET,BURNET,TX,78611,dddf847544af07c80cfa3c25e4b7d8f9dedc28696e6c14f5dd307636ea67f450,https://apps.hhs.texas.gov/providers/directories/ICFIID.xlsx,2026-09-30T13:16:15.417177+00:00,2026-09-28,56f6f4e7f9590985df7b30a3f83c2f5aa39ef85f203ae91cf0b3aa24d7c4a6f9
TX_ICF_IID,007221,139,SUNSET COMMUNITY RESIDENCE,ICF/IID,YES,YES,BURNET,313 SUNSET DRIVE,BURNET,TX,78611,dddf847544af07c80cfa3c25e4b7d8f9dedc28696e6c14f5dd307636ea67f450,https://apps.hhs.texas.gov/providers/directories/ICFIID.xlsx,2026-09-30T13:16:15.417177+00:00,2026-09-28,9038de9cc5a523755aa6690916f304e8abaefe280a846f7ec5274327c7d6228a
TX_ICF_IID,003763,140,BURNET COUNTY COMMUNITY RESIDENCE,ICF/IID,YES,YES,BURNET,1513 BLUEBONNET,MARBLE FALLS,TX,78654,dddf847544af07c80cfa3c25e4b7d8f9dedc28696e6c14f5dd307636ea67f450,https://apps.hhs.texas.gov/providers/directories/ICFIID.xlsx,2026-09-30T13:16:15.417177+00:00,2026-09-28,6c0e30739db8c89dd713346b13d10a40ae1d9df4a0489b60d94cb141a9409bc2
TX_ICF_IID,003949,141,EDUCARE COMMUNITY LIVING LIMITED PARTNERSHIP,ICF/IID,YES,YES,CALDWELL,1501 SUNRISE TER DR,LOCKHART,TX,78644,dddf847544af07c80cfa3c25e4b7d8f9dedc28696e6c14f5dd307636ea67f450,https://apps.hhs.texas.gov/providers/directories/ICFIID.xlsx,2026-09-30T13:16:15.417177+00:00,2026-09-28,6d80aaf64a958e36c2675d63978c24be8ab415b4ca1ef4ba8db74f1ddce3d180
TX_ICF_IID,007559,142,EDUCARE COMMUNITY LIVING CORPORATION  TEXAS,ICF/IID,YES,YES,CAMERON,8 CASA LINDA,BROWNSVILLE,TX,78521,dddf847544af07c80cfa3c25e4b7d8f9dedc28696e6c14f5dd307636ea67f450,https://apps.hhs.texas.gov/providers/directories/ICFIID.xlsx,2026-09-30T13:16:15.417177+00:00,2026-09-28,01c5d947a89a670ea2ed48e513ec93067c8b1b1a4aa0192072e3e6202c6d4d3e
TX_ICF_IID,003983,143,EAST WASHINGTON COMMUNITY HOME,ICF/IID,YES,YES,CAMERON,1907 E. WASHINGTON AVE,HARLINGEN,TX,78550,dddf847544af07c80cfa3c25e4b7d8f9dedc28696e6c14f5dd307636ea67f450,https://apps.hhs.texas.gov/providers/directories/ICFIID.xlsx,2026-09-30T13:16:15.417177+00:00,2026-09-28,d571d0eaa060c9e604d73a613bd475af87c5e21adde9db2713676418fcfd13be
TX_ICF_IID,003954,144,EDUCARE COMMUNITY LIVING LIMITED PARTNERSHIP,ICF/IID,YES,YES,CAMERON,133 W DOMINION,HARLINGEN,TX,78550-3825,dddf847544af07c80cfa3c25e4b7d8f9dedc28696e6c14f5dd307636ea67f450,https://apps.hhs.texas.gov/providers/directories/ICFIID.xlsx,2026-09-30T13:16:15.417177+00:00,2026-09-28,7961f951c6763802a8e42413e18a9393740b7b5f9a57cca2e63a1c949e3f230a
TX_ICF_IID,007244,145,EDUCARE COMMUNITY LIVING LIMITED PARTNERSHIP,ICF/IID,YES,YES,CAMERON,2214 ADRIAN ST,HARLINGEN,TX,78550-7411,dddf847544af07c80cfa3c25e4b7d8f9dedc28696e6c14f5dd307636ea67f450,https://apps.hhs.texas.gov/providers/directories/ICFIID.xlsx,2026-09-30T13:16:15.417177+00:00,2026-09-28,a951c1a871c966e05075c31215c5b4d403493ea927a5ff0f78aa4431eaf33781
TX_ICF_IID,007236,146,MARIPOSA COMMUNITY HOME,ICF/IID,YES,YES,CAMERON,2505 MARIPOSA,HARLINGEN,TX,78550-7853,dddf847544af07c80cfa3c25e4b7d8f9dedc28696e6c14f5dd307636ea67f450,https://apps.hhs.texas.gov/providers/directories/ICFIID.xlsx,2026-09-30T13:16:15.417177+00:00,2026-09-28,45d23fb3aab864079b7c6d23acf43db21afc0c4e117a7ca06fb11f0856ae73e0
TX_ICF_IID,007112,147,RIO GRANDE STATE CENTER,ICF/IID,NO,YES,CAMERON,1401 S RANGERVILLE RD,HARLINGEN,TX,78552,dddf847544af07c80cfa3c25e4b7d8f9dedc28696e6c14f5dd307636ea67f450,https://apps.hhs.texas.gov/providers/directories/ICFIID.xlsx,2026-09-30T13:16:15.417177+00:00,2026-09-28,3e08ba97d84abe87c63cf59fb0a20e0f877fd3adb9845a2f1fdee65a3e4622ce
TX_ICF_IID,003979,148,EDUCARE COMMUNITY LIVING LIMITED PARTNERSHIP,ICF/IID,YES,YES,CAMERON,580 N SAM HOUSTON BLVD,SAN BENITO,TX,78586-4669,dddf847544af07c80cfa3c25e4b7d8f9dedc28696e6c14f5dd307636ea67f450,https://apps.hhs.texas.gov/providers/directories/ICFIID.xlsx,2026-09-30T13:16:15.417177+00:00,2026-09-28,1d7c864959b3770ad7004d79474b5c6172283380594f7c1cff5fc8269eee2ca2
TX_ICF_IID,003699,149,EVERGREEN CHOCTAW COMMUNITY HOME,ICF/IID,YES,YES,CASS,1313 CHOCTAW,ATLANTA,TX,75551,dddf847544af07c80cfa3c25e4b7d8f9dedc28696e6c14f5dd307636ea67f450,https://apps.hhs.texas.gov/providers/directories/ICFIID.xlsx,2026-09-30T13:16:15.417177+00:00,2026-09-28,3e0a84de1b88aef320289cc3a732624352f0922827e60806cd8f3cce0bdb2fa6
TX_ICF_IID,007432,150,EVERGREEN CLEARVIEW COMMUNITY HOME,ICF/IID,YES,YES,CASS,101 CLEARVIEW,ATLANTA,TX,75551,dddf847544af07c80cfa3c25e4b7d8f9dedc28696e6c14f5dd307636ea67f450,https://apps.hhs.texas.gov/providers/directories/ICFIID.xlsx,2026-09-30T13:16:15.417177+00:00,2026-09-28,4f636eead80fb42c0311d17de13a1c71df3450fa677cdfe7c9157e798970f305
TX_ICF_IID,010279,151,ATCHISON GROUP HOME,ICF/IID,YES,YES,CHEROKEE,RR 2 BOX 796514 CR 4204,JACKSONVILLE,TX,75766,dddf847544af07c80cfa3c25e4b7d8f9dedc28696e6c14f5dd307636ea67f450,https://apps.hhs.texas.gov/providers/directories/ICFIID.xlsx,2026-09-30T13:16:15.417177+00:00,2026-09-28,b9acb22ec74255bc0a9645cf9aad4677a86d4f67316d1cce11d97847a9e308da
TX_ICF_IID,010278,152,DOGWOOD GROUP HOME,ICF/IID,YES,YES,CHEROKEE,432 DOGWOOD ST,JACKSONVILLE,TX,75766,dddf847544af07c80cfa3c25e4b7d8f9dedc28696e6c14f5dd307636ea67f450,https://apps.hhs.texas.gov/providers/directories/ICFIID.xlsx,2026-09-30T13:16:15.417177+00:00,2026-09-28,f5a010d2e90b30265593b8660095ebf8e4c5244ab0d538180159ee9ea438a2a4
TX_ICF_IID,010355,153,SAN ANTONIO GROUP HOME,ICF/IID,YES,YES,CHEROKEE,602 DALLAS STREET,JACKSONVILLE,TX,75766,dddf847544af07c80cfa3c25e4b7d8f9dedc28696e6c14f5dd307636ea67f450,https://apps.hhs.texas.gov/providers/directories/ICFIID.xlsx,2026-09-30T13:16:15.417177+00:00,2026-09-28,00b625e9e32fdad33985d0a1718352901c8aa6d91a792c6bf91bf51615072707
TX_ICF_IID,007648,154,FOREST HILLS GROUP HOME,ICF/IID,NO,YES,CHEROKEE,803 SHARON ST,RUSK,TX,75785,dddf847544af07c80cfa3c25e4b7d8f9dedc28696e6c14f5dd307636ea67f450,https://apps.hhs.texas.gov/providers/directories/ICFIID.xlsx,2026-09-30T13:16:15.417177+00:00,2026-09-28,cfdb45c5501483272ab271d101813db2418a3f0b901a7a15c1b1750baf9ff737
TX_ICF_IID,007649,155,PECAN GROVE HOME,ICF/IID,NO,YES,CHEROKEE,619 E FOURTH ST,RUSK,TX,75785,dddf847544af07c80cfa3c25e4b7d8f9dedc28696e6c14f5dd307636ea67f450,https://apps.hhs.texas.gov/providers/directories/ICFIID.xlsx,2026-09-30T13:16:15.417177+00:00,2026-09-28,e8d34bb56b0f8ff58ac8ccc3b9d7e06fbf6d223fd1fd842e3ee6d09c1bd331db
TX_ICF_IID,007493,156,EDUCARE COMMUNITY LIVING LIMITED PARTNERSHIP,ICF/IID,YES,YES,COLLIN,957 LONGHORN DR,PLANO,TX,75023,dddf847544af07c80cfa3c25e4b7d8f9dedc28696e6c14f5dd307636ea67f450,https://apps.hhs.texas.gov/providers/directories/ICFIID.xlsx,2026-09-30T13:16:15.417177+00:00,2026-09-28,c65f7e32bd58bc8f48e59e03dab6e07fbf38b11296524313bf8e94e4440556d8
TX_ICF_IID,007421,157,EDUCARE COMMUNITY LIVING LIMITED PARTNERSHIP,ICF/IID,YES,YES,COLLIN,2900 PORT O CALL,PLANO,TX,75075,dddf847544af07c80cfa3c25e4b7d8f9dedc28696e6c14f5dd307636ea67f450,https://apps.hhs.texas.gov/providers/directories/ICFIID.xlsx,2026-09-30T13:16:15.417177+00:00,2026-09-28,19d9800daadf4e1bb96796475c6515a9a8b2a77d00a29436141611663d30e672
TX_ICF_IID,007402,158,EDUCARE COMMUNITY LIVING LIMITED PARTNERSHIP,ICF/IID,YES,YES,COLLIN,3700 GRIFBRICK,PLANO,TX,75075-1514,dddf847544af07c80cfa3c25e4b7d8f9dedc28696e6c14f5dd307636ea67f450,https://apps.hhs.texas.gov/providers/directories/ICFIID.xlsx,2026-09-30T13:16:15.417177+00:00,2026-09-28,9e2a57517a3f5db342a6aacf7447e3b2887b07284f1e353781449865d9a8b825
TX_ICF_IID,003993,159,WEIMAR COMMUNITY RESIDENCE,ICF/IID,YES,YES,COLORADO,104 W. ST. CHARLES,WEIMAR,TEXAS,78962,dddf847544af07c80cfa3c25e4b7d8f9dedc28696e6c14f5dd307636ea67f450,https://apps.hhs.texas.gov/providers/directories/ICFIID.xlsx,2026-09-30T13:16:15.417177+00:00,2026-09-28,941098fe8ce8359dfac0333bc9302d163e862988bc225a6d627afd12162797d2
TX_ICF_IID,003997,160,EARL HOUSE,ICF/IID,YES,YES,COMAL,926 EARL DR,NEW BRAUNFELS,TX,78130,dddf847544af07c80cfa3c25e4b7d8f9dedc28696e6c14f5dd307636ea67f450,https://apps.hhs.texas.gov/providers/directories/ICFIID.xlsx,2026-09-30T13:16:15.417177+00:00,2026-09-28,9c324b599e57b59ad808a9b9965397e6657e487f5729de8a175ad2d576dac58c
TX_ICF_IID,007233,161,MARIGOLD HOUSE,ICF/IID,YES,YES,COMAL,1639 MARIGOLD,NEW BRAUNFELS,TX,78130,dddf847544af07c80cfa3c25e4b7d8f9dedc28696e6c14f5dd307636ea67f450,https://apps.hhs.texas.gov/providers/directories/ICFIID.xlsx,2026-09-30T13:16:15.417177+00:00,2026-09-28,2bc8fdb03694254cdf1dd7a65d39402b4000ac041016822709602271062963a4
TX_ICF_IID,007232,162,RAPIDS HOUSE,ICF/IID,YES,YES,COMAL,1220 RAPIDS RD,NEW BRAUNFELS,TX,78130,dddf847544af07c80cfa3c25e4b7d8f9dedc28696e6c14f5dd307636ea67f450,https://apps.hhs.texas.gov/providers/directories/ICFIID.xlsx,2026-09-30T13:16:15.417177+00:00,2026-09-28,7ca16388632e869f341154253bdc13f18ec0bc5223ab3389ed10c324d2a5139b
TX_ICF_IID,003617,163,TIMBERHILL HOUSE,ICF/IID,YES,YES,COMAL,1374 TIMBERHILL DRIVE,NEW BRAUNFELS,TX,78130,dddf847544af07c80cfa3c25e4b7d8f9dedc28696e6c14f5dd307636ea67f450,https://apps.hhs.texas.gov/providers/directories/ICFIID.xlsx,2026-09-30T13:16:15.417177+00:00,2026-09-28,d352c4868d3292c74d614075ad816a9cf5fa7b79cc5e4f9b63ba290bacdd7c2c
TX_ICF_IID,104052,164,ROLLING MEADOWS GROUP HOME,ICF/IID,YES,YES,COMAL,7419 OBBLIGATO,SAN ANTONIO,TX,78266,dddf847544af07c80cfa3c25e4b7d8f9dedc28696e6c14f5dd307636ea67f450,https://apps.hhs.texas.gov/providers/directories/ICFIID.xlsx,2026-09-30T13:16:15.417177+00:00,2026-09-28,ed785ee41f13e73e4fbe49ce07d534ea279c3e722b80275d28ed3fee7cecb3f2
TX_ICF_IID,003950,165,1515 NORTHLAND,ICF/IID,YES,YES,DALLAS,1515 NORTHLAND ST.,CARROLLTON,TX,75006,dddf847544af07c80cfa3c25e4b7d8f9dedc28696e6c14f5dd307636ea67f450,https://apps.hhs.texas.gov/providers/directories/ICFIID.xlsx,2026-09-30T13:16:15.417177+00:00,2026-09-28,e742431716b7555ed47fc46c45cc7784563c410425fbabb75e14f69191b67aa2
TX_ICF_IID,003968,166,2100 CEDAR,ICF/IID,YES,YES,DALLAS,2100 CEDAR CIR,CARROLLTON,TX,75006,dddf847544af07c80cfa3c25e4b7d8f9dedc28696e6c14f5dd307636ea67f450,https://apps.hhs.texas.gov/providers/directories/ICFIID.xlsx,2026-09-30T13:16:15.417177+00:00,2026-09-28,b1ee3b80724d294180a762f7d76aaa593caec7d19bc23bbbbecfcd0773aac33a
TX_ICF_IID,111970,167,2321 GREENMEADOW,ICF/IID,YES,YES,DALLAS,2321 GREENMEADOW DR,CARROLLTON,TX,75006,dddf847544af07c80cfa3c25e4b7d8f9dedc28696e6c14f5dd307636ea67f450,https://apps.hhs.texas.gov/providers/directories/ICFIID.xlsx,2026-09-30T13:16:15.417177+00:00,2026-09-28,386147c37c2ddef739f0b5b59adef55dc01d630f5ba811f2e2b4f370816607cb
TX_ICF_IID,100368,168,14 FERRIS CREEK,ICF/IID,YES,YES,DALLAS,9814 FERRIS CREEK,DALLAS,TX,75243,dddf847544af07c80cfa3c25e4b7d8f9dedc28696e6c14f5dd307636ea67f450,https://apps.hhs.texas.gov/providers/directories/ICFIID.xlsx,2026-09-30T13:16:15.417177+00:00,2026-09-28,768194f4751ec4194b257a97447a49191d10eaab457da1e9c4167cf7015e7bc7
TX_ICF_IID,100939,169,23 FERRIS CREEK,ICF/IID,YES,YES,DALLAS,12323 FERRIS CREEK LN,DALLAS,TX,75243,dddf847544af07c80cfa3c25e4b7d8f9dedc28696e6c14f5dd307636ea67f450,https://apps.hhs.texas.gov/providers/directories/ICFIID.xlsx,2026-09-30T13:16:15.417177+00:00,2026-09-28,8eb8d839ba5e192c16ae7a6aa5cc560f1a335df3ea306ffcb1d9dd1075fa2b67
TX_ICF_IID,010175,170,27 FERRIS CREEK,ICF/IID,YES,YES,DALLAS,12327 FERRIS CREEK LANE,DALLAS,TX,75243,dddf847544af07c80cfa3c25e4b7d8f9dedc28696e6c14f5dd307636ea67f450,https://apps.hhs.texas.gov/providers/directories/ICFIID.xlsx,2026-09-30T13:16:15.417177+00:00,2026-09-28,0e49ce70922ec4d2aeb54513a3325e3731150abc07f429b4b226b08e5400eabc
TX_ICF_IID,007321,171,‎6520 BRADDOCK PLACE‎,ICF/IID,YES,YES,DALLAS,6520 BRADDOCK PLACE,DALLAS,TX,75232,dddf847544af07c80cfa3c25e4b7d8f9dedc28696e6c14f5dd307636ea67f450,https://apps.hhs.texas.gov/providers/directories/ICFIID.xlsx,2026-09-30T13:16:15.417177+00:00,2026-09-28,3278faed12825342e7be69fee0af2a1afa20f125361fb9dcfef7452a7a888200
TX_ICF_IID,003835,172,EDUCARE COMMUNITY LIVING CORPORATION  TEXAS,ICF/IID,YES,YES,DALLAS,14255 HAYMEADOW DR,DALLAS,TX,75240,dddf847544af07c80cfa3c25e4b7d8f9dedc28696e6c14f5dd307636ea67f450,https://apps.hhs.texas.gov/providers/directories/ICFIID.xlsx,2026-09-30T13:16:15.417177+00:00,2026-09-28,64426fb2f40d6ee89a9cf3ea4ab64908b1353fd0b71caa613e61628e63e759bf
TX_ICF_IID,003756,173,EDUCARE COMMUNITY LIVING CORPORATION  TEXAS,ICF/IID,YES,YES,DALLAS,5922 LEWISBURG LANE,DALLAS,TX,75237,dddf847544af07c80cfa3c25e4b7d8f9dedc28696e6c14f5dd307636ea67f450,https://apps.hhs.texas.gov/providers/directories/ICFIID.xlsx,2026-09-30T13:16:15.417177+00:00,2026-09-28,3de3fd9991d10e84922df13a0807b0bf2419fbf27283582d5d339c51481e03aa
TX_ICF_IID,003796,174,EDUCARE COMMUNITY LIVING CORPORATION  TEXAS,ICF/IID,YES,YES,DALLAS,14163 HAYMEADOW DR,DALLAS,TX,75240,dddf847544af07c80cfa3c25e4b7d8f9dedc28696e6c14f5dd307636ea67f450,https://apps.hhs.texas.gov/providers/directories/ICFIID.xlsx,2026-09-30T13:16:15.417177+00:00,2026-09-28,9368ca9a45811a582de5431243c59aa2a4156b22f6e852af3e8030cdfde01621
TX_ICF_IID,007374,175,EDUCARE COMMUNITY LIVING CORPORATION  TEXAS,ICF/IID,YES,YES,DALLAS,3111 LEHARVE,DALLAS,TX,75211,dddf847544af07c80cfa3c25e4b7d8f9dedc28696e6c14f5dd307636ea67f450,https://apps.hhs.texas.gov/providers/directories/ICFIID.xlsx,2026-09-30T13:16:15.417177+00:00,2026-09-28,3981e83e6f76ee9912a1906524180692be6f3ff73c9b6ceb2abddb8e62876430
TX_ICF_IID,003783,176,HENRY HOUSE,ICF/IID,YES,YES,DALLAS,7153 PINEBERRY,DALLAS,TX,75249,dddf847544af07c80cfa3c25e4b7d8f9dedc28696e6c14f5dd307636ea67f450,https://apps.hhs.texas.gov/providers/directories/ICFIID.xlsx,2026-09-30T13:16:15.417177+00:00,2026-09-28,a1941884de33142d4c0864f5107c498e24cb3020b2dccc8bf191eb09642083fe
TX_ICF_IID,100362,177,JUBILEE HOUSE,ICF/IID,YES,YES,DALLAS,3108 JUBILEE TR,DALLAS,TEXAS,75229,dddf847544af07c80cfa3c25e4b7d8f9dedc28696e6c14f5dd307636ea67f450,https://apps.hhs.texas.gov/providers/directories/ICFIID.xlsx,2026-09-30T13:16:15.417177+00:00,2026-09-28,81e0de3cf04261b61d6dec31d0c6299f5d3edf0e388b9c43b7476200d6c39e29
TX_ICF_IID,104764,178,ST NICHOLAS OPERATIONS LLC,ICF/IID,YES,YES,DALLAS,4612 HEATHERBROOK DR,DALLAS,TX,75244,dddf847544af07c80cfa3c25e4b7d8f9dedc28696e6c14f5dd307636ea67f450,https://apps.hhs.texas.gov/providers/directories/ICFIID.xlsx,2026-09-30T13:16:15.417177+00:00,2026-09-28,0e398155f0ce57b77c48a784dbd88f8f850becfe225aaec3839e60c0ebb00186
TX_ICF_IID,104122,179,DAYBREAK MEADOW HILL GROUP HOME,ICF/IID,YES,YES,DALLAS,517 MEADOW HILL,DESOTO,TX,75115,dddf847544af07c80cfa3c25e4b7d8f9dedc28696e6c14f5dd307636ea67f450,https://apps.hhs.texas.gov/providers/directories/ICFIID.xlsx,2026-09-30T13:16:15.417177+00:00,2026-09-28,fcdbbce72561070a89c7b3eb33aa1d908bceee611beaaca42d7e4f0785a18de3
TX_ICF_IID,104131,180,DEVONSHIRE HOME,ICF/IID,YES,YES,DALLAS,1225 DEVONSHIRE DRIVE,DESOTO,TX,75115,dddf847544af07c80cfa3c25e4b7d8f9dedc28696e6c14f5dd307636ea67f450,https://apps.hhs.texas.gov/providers/directories/ICFIID.xlsx,2026-09-30T13:16:15.417177+00:00,2026-09-28,6afe58c55f0b65002f8235f73f4b519eefb7d676dd3d188667a85ff28964437c
TX_ICF_IID,007252,181,LIVE OAK,ICF/IID,YES,YES,DALLAS,812 LIVE OAK,DESOTO,TX,75115,dddf847544af07c80cfa3c25e4b7d8f9dedc28696e6c14f5dd307636ea67f450,https://apps.hhs.texas.gov/providers/directories/ICFIID.xlsx,2026-09-30T13:16:15.417177+00:00,2026-09-28,539aaa4b1aa79abab60063d717a058a04ea8eceef8d5c568468b70f02b85d198
TX_ICF_IID,007651,182,PRAIRIE CREEK,ICF/IID,YES,YES,DALLAS,920 PRAIRIE CREEK DR,DESOTO,TX,75115,dddf847544af07c80cfa3c25e4b7d8f9dedc28696e6c14f5dd307636ea67f450,https://apps.hhs.texas.gov/providers/directories/ICFIID.xlsx,2026-09-30T13:16:15.417177+00:00,2026-09-28,8926eb9087defe0062a457eccd99814eb1cd44b4486cd3ff49aae07c32c44993
TX_ICF_IID,007652,183,TATE,ICF/IID,YES,YES,DALLAS,525 TATE DR,DESOTO,TX,75115,dddf847544af07c80cfa3c25e4b7d8f9dedc28696e6c14f5dd307636ea67f450,https://apps.hhs.texas.gov/providers/directories/ICFIID.xlsx,2026-09-30T13:16:15.417177+00:00,2026-09-28,5dc263ed67eca83ea705cde3830e2ab92f211c89b45485d95e949aecdf2676b3
TX_ICF_IID,003890,184,VALLEY GLEN,ICF/IID,YES,YES,DALLAS,219 VALLEY GLEN,DESOTO,TX,75115,dddf847544af07c80cfa3c25e4b7d8f9dedc28696e6c14f5dd307636ea67f450,https://apps.hhs.texas.gov/providers/directories/ICFIID.xlsx,2026-09-30T13:16:15.417177+00:00,2026-09-28,c1aef3cbbd36f52405e8b604187ca943cdf0316265c16375f0e434ff6089061e
TX_ICF_IID,003846,185,EDUCARE COMMUNITY LIVING CORPORATION  TEXAS,ICF/IID,YES,YES,DALLAS,402 W VINYARD,DUNCANVILLE,TEXAS,75137,dddf847544af07c80cfa3c25e4b7d8f9dedc28696e6c14f5dd307636ea67f450,https://apps.hhs.texas.gov/providers/directories/ICFIID.xlsx,2026-09-30T13:16:15.417177+00:00,2026-09-28,80a1492c3b5e9c3183db130b60221b107c15bf0dc5c664306f25bfcd09bd56f2
TX_ICF_IID,007644,186,EVERGREEN HIDDEN COURT COMMUNITY HOME,ICF/IID,YES,YES,DALLAS,5322 HIDDEN CT,GARLAND,TX,75043,dddf847544af07c80cfa3c25e4b7d8f9dedc28696e6c14f5dd307636ea67f450,https://apps.hhs.texas.gov/providers/directories/ICFIID.xlsx,2026-09-30T13:16:15.417177+00:00,2026-09-28,7e82ca1b5b8bd8ab9a23e6165107f81032815cec7eaf9008739520d7fd04335e
TX_ICF_IID,007812,187,EVERGREEN LIGHTHOUSE COMMUNITY HOME,ICF/IID,YES,YES,DALLAS,1205 WENDELL WAY,GARLAND,TX,75043,dddf847544af07c80cfa3c25e4b7d8f9dedc28696e6c14f5dd307636ea67f450,https://apps.hhs.texas.gov/providers/directories/ICFIID.xlsx,2026-09-30T13:16:15.417177+00:00,2026-09-28,bf88bb55a42f188f6be06796ed830549a6441e812c7b8d71cba5a9c3999b4b3c
TX_ICF_IID,007640,188,EVERGREEN PEBBLECREEK COMMUNITY HOME,ICF/IID,YES,YES,DALLAS,530 PEBBLECREEK DR,GARLAND,TX,75041,dddf847544af07c80cfa3c25e4b7d8f9dedc28696e6c14f5dd307636ea67f450,https://apps.hhs.texas.gov/providers/directories/ICFIID.xlsx,2026-09-30T13:16:15.417177+00:00,2026-09-28,1428d1f10a7e3e7967f476a21fb8e8a5cb7429edae224b7e977f33ed8e5d57fc
TX_ICF_IID,007813,189,EVERGREEN PYRAMID COMMUNITY HOME,ICF/IID,YES,YES,DALLAS,706 PYRAMID,GARLAND,TX,75040,dddf847544af07c80cfa3c25e4b7d8f9dedc28696e6c14f5dd307636ea67f450,https://apps.hhs.texas.gov/providers/directories/ICFIID.xlsx,2026-09-30T13:16:15.417177+00:00,2026-09-28,9154b1f5f58c9f335e2054a5a7889a678eb85266b79489353f0e28b837d962a5
TX_ICF_IID,007621,190,"KNOLL POINT PLACE, LLC",ICF/IID,YES,YES,DALLAS,3446 KNOLL POINT DR,GARLAND,TX,75043,dddf847544af07c80cfa3c25e4b7d8f9dedc28696e6c14f5dd307636ea67f450,https://apps.hhs.texas.gov/providers/directories/ICFIID.xlsx,2026-09-30T13:16:15.417177+00:00,2026-09-28,77d6fae38c4b79c737792d5c568b0f4c4f8425cde702e328a9c6b52edbb86058
TX_ICF_IID,007404,191,TRINITY MANOR,ICF/IID,YES,YES,DALLAS,2813 COUNTRY VALLEY RD,GARLAND,TX,75043,dddf847544af07c80cfa3c25e4b7d8f9dedc28696e6c14f5dd307636ea67f450,https://apps.hhs.texas.gov/providers/directories/ICFIID.xlsx,2026-09-30T13:16:15.417177+00:00,2026-09-28,29848097bb68dd2473c2253305ff7a80dc5a51e501e585c2e9baff96172b7dc0
TX_ICF_IID,007333,192,1102 FORT SCOTT TRAIL,ICF/IID,YES,YES,DALLAS,1102 FORT SCOTT TRAIL,GRAND PRAIRIE,TX,75052,dddf847544af07c80cfa3c25e4b7d8f9dedc28696e6c14f5dd307636ea67f450,https://apps.hhs.texas.gov/providers/directories/ICFIID.xlsx,2026-09-30T13:16:15.417177+00:00,2026-09-28,4287908d21228dbe08c5022ebdd4572537880bb9a47602cc59e1f53305505c9b
TX_ICF_IID,007266,193,3502 GLENDA,ICF/IID,YES,YES,DALLAS,3502 GLENDA,GRAND PRAIRIE,TX,75051,dddf847544af07c80cfa3c25e4b7d8f9dedc28696e6c14f5dd307636ea67f450,https://apps.hhs.texas.gov/providers/directories/ICFIID.xlsx,2026-09-30T13:16:15.417177+00:00,2026-09-28,4d007a08b7c40a5dda9101d74df3a1d804e5609ff81c670797c950ff2bdc6fb4
TX_ICF_IID,007531,194,AMICUS AT WOODSIDE,ICF/IID,YES,YES,DALLAS,2213 WOODSIDE DRIVE,GRAND PRAIRIE,TX,75052,dddf847544af07c80cfa3c25e4b7d8f9dedc28696e6c14f5dd307636ea67f450,https://apps.hhs.texas.gov/providers/directories/ICFIID.xlsx,2026-09-30T13:16:15.417177+00:00,2026-09-28,1b365e93e1ce59519c64c012b3a4440049518db6419823dd14ea6bca8eac600b
TX_ICF_IID,007614,195,EDUCARE COMMUNITY LIVING CORPORATION  TEXAS,ICF/IID,YES,YES,DALLAS,4333 COVENTRY DR,GRAND PRAIRIE,TX,75052,dddf847544af07c80cfa3c25e4b7d8f9dedc28696e6c14f5dd307636ea67f450,https://apps.hhs.texas.gov/providers/directories/ICFIID.xlsx,2026-09-30T13:16:15.417177+00:00,2026-09-28,9bb0f07cc9c385d76f8131463b16be7be631d14175d6a539611898a65911b1dd
TX_ICF_IID,007615,196,EDUCARE COMMUNITY LIVING CORPORATION  TEXAS,ICF/IID,YES,YES,DALLAS,4925 EMBERS TRAIL,GRAND PRAIRIE,TX,75052,dddf847544af07c80cfa3c25e4b7d8f9dedc28696e6c14f5dd307636ea67f450,https://apps.hhs.texas.gov/providers/directories/ICFIID.xlsx,2026-09-30T13:16:15.417177+00:00,2026-09-28,246601588984a0bd911fbbe1eca7f0afe8372dc4499ef462e1a27f049dfdd095
TX_ICF_IID,007641,197,EDUCARE COMMUNITY LIVING CORPORATION  TEXAS,ICF/IID,YES,YES,DALLAS,917 APPLE TREE CT,IRVING,TX,75061,dddf847544af07c80cfa3c25e4b7d8f9dedc28696e6c14f5dd307636ea67f450,https://apps.hhs.texas.gov/providers/directories/ICFIID.xlsx,2026-09-30T13:16:15.417177+00:00,2026-09-28,095facf720e2ef22927af9ad4a3b759a9ca890c9b422fa380a7f023c4347c0ca
TX_ICF_IID,007642,198,EDUCARE COMMUNITY LIVING CORPORATION  TEXAS,ICF/IID,YES,YES,DALLAS,1829 ANNA DR,IRVING,TX,75061,dddf847544af07c80cfa3c25e4b7d8f9dedc28696e6c14f5dd307636ea67f450,https://apps.hhs.texas.gov/providers/directories/ICFIID.xlsx,2026-09-30T13:16:15.417177+00:00,2026-09-28,a39fd280a161d1947c7c16660d64be16dbe530289c9bf8ee60eea136a155ef10
TX_ICF_IID,003736,199,EDUCARE COMMUNITY LIVING CORPORATION  TEXAS,ICF/IID,YES,YES,DALLAS,2616 ALAN A DALE,IRVING,TX,75061,dddf847544af07c80cfa3c25e4b7d8f9dedc28696e6c14f5dd307636ea67f450,https://apps.hhs.texas.gov/providers/directories/ICFIID.xlsx,2026-09-30T13:16:15.417177+00:00,2026-09-28,834e581c5da742c6bada27e12ee3ea311222be662fe14ef2d3b3ed71300f3b7e
TX_ICF_IID,007503,200,EDUCARE COMMUNITY LIVING LIMITED PARTNERSHIP,ICF/IID,YES,YES,DALLAS,1701 RINDIE ST,IRVING,TX,75060,dddf847544af07c80cfa3c25e4b7d8f9dedc28696e6c14f5dd307636ea67f450,https://apps.hhs.texas.gov/providers/directories/ICFIID.xlsx,2026-09-30T13:16:15.417177+00:00,2026-09-28,8d76a3f28939e5102f1a273feb79309c3a5b74687e453bb6ee1b9989a18ee582
TX_ICF_IID,007810,201,FULTON COMMUNITY HOME,ICF/IID,YES,YES,DALLAS,2501 CRESTVIEW,IRVING,TX,75062,dddf847544af07c80cfa3c25e4b7d8f9dedc28696e6c14f5dd307636ea67f450,https://apps.hhs.texas.gov/providers/directories/ICFIID.xlsx,2026-09-30T13:16:15.417177+00:00,2026-09-28,c0fb047c76862320bf5e0a386dfe8dcb546c34cbc4cb85b70bc713129919e81d
TX_ICF_IID,007497,202,MAYKUS COMMUNITY HOME,ICF/IID,YES,YES,DALLAS,600 MAYKUS CT,IRVING,TX,75061,dddf847544af07c80cfa3c25e4b7d8f9dedc28696e6c14f5dd307636ea67f450,https://apps.hhs.texas.gov/providers/directories/ICFIID.xlsx,2026-09-30T13:16:15.417177+00:00,2026-09-28,65387ebfc9d7fc1b63afa4a7603ca8924fe63dc815cd08eb13665305bcfd391b
TX_ICF_IID,003947,203,BARRY LANE,ICF/IID,YES,YES,DALLAS,234 BARRY LANE,LANCASTER,TX,75146,dddf847544af07c80cfa3c25e4b7d8f9dedc28696e6c14f5dd307636ea67f450,https://apps.hhs.texas.gov/providers/directories/ICFIID.xlsx,2026-09-30T13:16:15.417177+00:00,2026-09-28,77a9938f643de9f2351589183e902b55e770693aee13351997c4957f5b7258cb
TX_ICF_IID,003666,204,WILLOWOOD,ICF/IID,YES,YES,DALLAS,731 WILLOWOOD,LANCASTER,TX,75146,dddf847544af07c80cfa3c25e4b7d8f9dedc28696e6c14f5dd307636ea67f450,https://apps.hhs.texas.gov/providers/directories/ICFIID.xlsx,2026-09-30T13:16:15.417177+00:00,2026-09-28,8617535d686922797103de6d36eaffbdc03b29aedd984910ddc7cbef06af77b4
TX_ICF_IID,003620,205,EASTBROOK HOUSE,ICF/IID,YES,YES,DALLAS,3313 EASTBROOK DR,MESQUITE,TX,75150,dddf847544af07c80cfa3c25e4b7d8f9dedc28696e6c14f5dd307636ea67f450,https://apps.hhs.texas.gov/providers/directories/ICFIID.xlsx,2026-09-30T13:16:15.417177+00:00,2026-09-28,f61fe580d64448aa050cd969028bdcd775a1f0338cb4cbe56576370d43e929f7
TX_ICF_IID,007645,206,EVERGREEN ISLAND VIEW COMMUNITY HOME,ICF/IID,YES,YES,DALLAS,1901 ISLAND VIEW,MESQUITE,TX,75149,dddf847544af07c80cfa3c25e4b7d8f9dedc28696e6c14f5dd307636ea67f450,https://apps.hhs.texas.gov/providers/directories/ICFIID.xlsx,2026-09-30T13:16:15.417177+00:00,2026-09-28,69c166984aa257deae0e934c5066170dfc43394506ce45426462804a18d2a3bb
TX_ICF_IID,007647,207,EVERGREEN VALLEY CREEK COMMUNITY HOME,ICF/IID,YES,YES,DALLAS,907 VALLEYCREEK DR,MESQUITE,TX,75181,dddf847544af07c80cfa3c25e4b7d8f9dedc28696e6c14f5dd307636ea67f450,https://apps.hhs.texas.gov/providers/directories/ICFIID.xlsx,2026-09-30T13:16:15.417177+00:00,2026-09-28,fb368680aba54c9a36ddd950691c1f1641efa1cb937e9c8ae7aa2b7ccf6b55fe
TX_ICF_IID,003987,208,HARMAN HOUSE,ICF/IID,YES,YES,DALLAS,4237 ASHWOOD DR,MESQUITE,TX,75150,dddf847544af07c80cfa3c25e4b7d8f9dedc28696e6c14f5dd307636ea67f450,https://apps.hhs.texas.gov/providers/directories/ICFIID.xlsx,2026-09-30T13:16:15.417177+00:00,2026-09-28,a39da1a9b0133751e7dbcc060ee382126848732a5d6e69184fa5a8bf461d39e5
TX_ICF_IID,007280,209,1509 VERSAILLES,ICF/IID,YES,YES,DALLAS,1509 VERSAILLES,RICHARDSON,TX,75081,dddf847544af07c80cfa3c25e4b7d8f9dedc28696e6c14f5dd307636ea67f450,https://apps.hhs.texas.gov/providers/directories/ICFIID.xlsx,2026-09-30T13:16:15.417177+00:00,2026-09-28,eb0b35e7368189447486b2b58ba31ee63499fe5989e9a25ef6fd08304104cce6
TX_ICF_IID,003901,210,1809 AUBURN,ICF/IID,YES,YES,DALLAS,1809 AUBURN,RICHARDSON,TX,75081,dddf847544af07c80cfa3c25e4b7d8f9dedc28696e6c14f5dd307636ea67f450,https://apps.hhs.texas.gov/providers/directories/ICFIID.xlsx,2026-09-30T13:16:15.417177+00:00,2026-09-28,1508ee93b0454cbfda5126eb876d4ba479134e4fa2abc8ded16faebb03fe1624
TX_ICF_IID,007800,211,ABILITY HOUSE,ICF/IID,YES,YES,DALLAS,615-617 WOODHAVEN PLACE,RICHARDSON,TEXAS,75080,dddf847544af07c80cfa3c25e4b7d8f9dedc28696e6c14f5dd307636ea67f450,https://apps.hhs.texas.gov/providers/directories/ICFIID.xlsx,2026-09-30T13:16:15.417177+00:00,2026-09-28,ca87d8787024f9f73c506134ad8af7b9f02c947266377825b6d6ec09e8e4ca9c
TX_ICF_IID,110326,212,"AUTISTIC TREATMENT CENTER, INC",ICF/IID,YES,YES,DALLAS,406 FIELDWOOD DRIVE,RICHARDSON,TEXAS,75081,dddf847544af07c80cfa3c25e4b7d8f9dedc28696e6c14f5dd307636ea67f450,https://apps.hhs.texas.gov/providers/directories/ICFIID.xlsx,2026-09-30T13:16:15.417177+00:00,2026-09-28,01aa37a033db033022f5ab1d58b6c5371742abaa7bbc2850973d7be80e1f80be
TX_ICF_IID,003994,213,WENTWORTH HOUSE,ICF/IID,YES,YES,DALLAS,642 WENTWORTH DR,RICHARDSON,TEXAS,75081,dddf847544af07c80cfa3c25e4b7d8f9dedc28696e6c14f5dd307636ea67f450,https://apps.hhs.texas.gov/providers/directories/ICFIID.xlsx,2026-09-30T13:16:15.417177+00:00,2026-09-28,6875635031ad2566dc9401430db3fe7b6a8fa09433e2b4d9f824a4c4f4dfa98c
TX_ICF_IID,007667,214,BELL COMMUNITY RESIDENCE,ICF/IID,YES,YES,DENTON,2402 BERNARD,DENTON,TX,76205,dddf847544af07c80cfa3c25e4b7d8f9dedc28696e6c14f5dd307636ea67f450,https://apps.hhs.texas.gov/providers/directories/ICFIID.xlsx,2026-09-30T13:16:15.417177+00:00,2026-09-28,c827e3485bf9feb9096bf9861b3cc961217f6f7d88d7302ebc71852c4caaf738
TX_ICF_IID,003922,215,CANDLEBERRY,ICF/IID,YES,YES,DENTON,2721 THUNDERBIRD ST,DENTON,TX,76201,dddf847544af07c80cfa3c25e4b7d8f9dedc28696e6c14f5dd307636ea67f450,https://apps.hhs.texas.gov/providers/directories/ICFIID.xlsx,2026-09-30T13:16:15.417177+00:00,2026-09-28,dac1c07de227c748b55bd72892cc578afe596e6171a071c2ae05ab6b27b5db1a
TX_ICF_IID,007668,216,CARTER COMMUNITY RESIDENCE,ICF/IID,YES,YES,DENTON,3805 CAMELOT,DENTON,TX,76209,dddf847544af07c80cfa3c25e4b7d8f9dedc28696e6c14f5dd307636ea67f450,https://apps.hhs.texas.gov/providers/directories/ICFIID.xlsx,2026-09-30T13:16:15.417177+00:00,2026-09-28,f954fc369829e78b0f50ea9e9ee0151c518dfabf7a3b95cd7e8bd8a7b2ca7b13
TX_ICF_IID,007670,217,DAVIS COMMUNITY RESIDENCE,ICF/IID,YES,YES,DENTON,1426 RUDDELL,DENTON,TX,76201,dddf847544af07c80cfa3c25e4b7d8f9dedc28696e6c14f5dd307636ea67f450,https://apps.hhs.texas.gov/providers/directories/ICFIID.xlsx,2026-09-30T13:16:15.417177+00:00,2026-09-28,18cac2e418a6bcc25108a2cb257dc39047433148a41e41c32d951ce7954f914b
TX_ICF_IID,007102,218,DENTON STATE SUPPORTED LIVING CENTER,ICF/IID,NO,YES,DENTON,3980 STATE SCHOOL RD,DENTON,TX,76210,dddf847544af07c80cfa3c25e4b7d8f9dedc28696e6c14f5dd307636ea67f450,https://apps.hhs.texas.gov/providers/directories/ICFIID.xlsx,2026-09-30T13:16:15.417177+00:00,2026-09-28,0d88dfd70b2052cd9ddb6bd9c5d3b3af19eb3f4b5f4dc408a3f204c8f52428a3
TX_ICF_IID,007206,219,EDUCARE COMMUNITY LIVING CORPORATION  TEXAS,ICF/IID,YES,YES,DENTON,7501 RIVERCHASE TRL,DENTON,TX,76210,dddf847544af07c80cfa3c25e4b7d8f9dedc28696e6c14f5dd307636ea67f450,https://apps.hhs.texas.gov/providers/directories/ICFIID.xlsx,2026-09-30T13:16:15.417177+00:00,2026-09-28,623f242bbb43743c24b2da88f6ac5cabb157182293e7a8e09b46aa0764e4d092
TX_ICF_IID,007247,220,EDUCARE COMMUNITY LIVING CORPORATIONTEXAS,ICF/IID,YES,YES,DENTON,3612 BIG HORN TRL,DENTON,TX,76210,dddf847544af07c80cfa3c25e4b7d8f9dedc28696e6c14f5dd307636ea67f450,https://apps.hhs.texas.gov/providers/directories/ICFIID.xlsx,2026-09-30T13:16:15.417177+00:00,2026-09-28,f5e009cd0f373e4421b054f7d535d2043b263bc39c62e50c66f4cdaca8a642ec
TX_ICF_IID,007669,221,NEWTON COMMUNITY RESIDENCE,ICF/IID,YES,YES,DENTON,3112 CEDAR HILL,DENTON,TX,76209,dddf847544af07c80cfa3c25e4b7d8f9dedc28696e6c14f5dd307636ea67f450,https://apps.hhs.texas.gov/providers/directories/ICFIID.xlsx,2026-09-30T13:16:15.417177+00:00,2026-09-28,ab5904698e3ea7aff7e2be1be8f4cf8e369fe0fe86ef1888e2a52ec2194b9542
TX_ICF_IID,007671,222,OAKBEND COMMUNITY RESIDENCE,ICF/IID,YES,YES,DENTON,1430 N RUDDELL,DENTON,TX,76201,dddf847544af07c80cfa3c25e4b7d8f9dedc28696e6c14f5dd307636ea67f450,https://apps.hhs.texas.gov/providers/directories/ICFIID.xlsx,2026-09-30T13:16:15.417177+00:00,2026-09-28,950854f94769f356cafbbf7059918a3e092a59c2dce64478dde0487df40a2bf4
TX_ICF_IID,007442,223,OAKRIDGE GROUP HOME,ICF/IID,YES,YES,DENTON,2421 OAKRIDGE,DENTON,TX,76209,dddf847544af07c80cfa3c25e4b7d8f9dedc28696e6c14f5dd307636ea67f450,https://apps.hhs.texas.gov/providers/directories/ICFIID.xlsx,2026-09-30T13:16:15.417177+00:00,2026-09-28,1d9a5236bcd78b223b1d38db83474258657e974c055b52a2900fe3949af1c1f5
TX_ICF_IID,003805,224,SANDY OAKS I,ICF/IID,YES,YES,DENTON,1475 S TRINITY RD,DENTON,TX,76208,dddf847544af07c80cfa3c25e4b7d8f9dedc28696e6c14f5dd307636ea67f450,https://apps.hhs.texas.gov/providers/directories/ICFIID.xlsx,2026-09-30T13:16:15.417177+00:00,2026-09-28,c1ae2723c6e2b3b23888304b45ff1794b7107f73cffc6e1cb876705eed6b7a79
TX_ICF_IID,003837,225,SANDY OAKS II,ICF/IID,YES,YES,DENTON,1475 S TRINITY RD,DENTON,TX,76208,dddf847544af07c80cfa3c25e4b7d8f9dedc28696e6c14f5dd307636ea67f450,https://apps.hhs.texas.gov/providers/directories/ICFIID.xlsx,2026-09-30T13:16:15.417177+00:00,2026-09-28,a8e9b72268211a924b9c7d8c89fc833b9bacbee1d95c83971fd807273442d00d
TX_ICF_IID,003886,226,EDUCARE COMMUNITY LIVING CORPORATION  TEXAS,ICF/IID,YES,YES,DENTON,50 N SHARON DR,KRUM,TX,76249,dddf847544af07c80cfa3c25e4b7d8f9dedc28696e6c14f5dd307636ea67f450,https://apps.hhs.texas.gov/providers/directories/ICFIID.xlsx,2026-09-30T13:16:15.417177+00:00,2026-09-28,152811b867fccc5cef244d7420294cb69100dc1b4e0febc275ba0386e5a255ff
TX_ICF_IID,003894,227,EDUCARE COMMUNITY LIVING CORPORATION  TEXAS,ICF/IID,YES,YES,DENTON,4520 MILLER ROAD,KRUM,TX,76249,dddf847544af07c80cfa3c25e4b7d8f9dedc28696e6c14f5dd307636ea67f450,https://apps.hhs.texas.gov/providers/directories/ICFIID.xlsx,2026-09-30T13:16:15.417177+00:00,2026-09-28,19c5f58a5e1073fdbccf453e9a6cb17a4c9565b27946a553af5305d2936656be
TX_ICF_IID,003640,228,EDUCARE COMMUNITY LIVING CORPORATION  TEXAS,ICF/IID,YES,YES,DENTON,9554 RECTOR ROAD,SANGER,TX,76266,dddf847544af07c80cfa3c25e4b7d8f9dedc28696e6c14f5dd307636ea67f450,https://apps.hhs.texas.gov/providers/directories/ICFIID.xlsx,2026-09-30T13:16:15.417177+00:00,2026-09-28,82b5f5e1af688256286e2220bedfca2124ca10271e5a1ecf77743e33bc23bc78
TX_ICF_IID,003814,229,ROCK HOUSE SPRINGS,ICF/IID,YES,YES,EASTLAND,1105 LAGO VISTA,EASTLAND,TX,76448,dddf847544af07c80cfa3c25e4b7d8f9dedc28696e6c14f5dd307636ea67f450,https://apps.hhs.texas.gov/providers/directories/ICFIID.xlsx,2026-09-30T13:16:15.417177+00:00,2026-09-28,3f67cc0eeb828389d53b08b3ef791ee1a264b8b7dd6d692e13a6d27794946d3d
TX_ICF_IID,007650,230,ROCK HOUSE SPRINGS II,ICF/IID,YES,YES,EASTLAND,401 LENS,EASTLAND,TX,76448,dddf847544af07c80cfa3c25e4b7d8f9dedc28696e6c14f5dd307636ea67f450,https://apps.hhs.texas.gov/providers/directories/ICFIID.xlsx,2026-09-30T13:16:15.417177+00:00,2026-09-28,566d22f19fd294eda04267e3f0b8f095519b741acd1d58443c959c16272332d0
TX_ICF_IID,007116,231,EL PASO STATE SUPPORTED LIVING CENTER,ICF/IID,NO,YES,EL PASO,6700 DELTA DRIVE,EL PASO,TX,79905,dddf847544af07c80cfa3c25e4b7d8f9dedc28696e6c14f5dd307636ea67f450,https://apps.hhs.texas.gov/providers/directories/ICFIID.xlsx,2026-09-30T13:16:15.417177+00:00,2026-09-28,dfa373f53bb4b190a86cb7c849120e6fff58d65c3662fabb2e989183e003847d
TX_ICF_IID,003873,232,NEW HOPE COMMUNITY LIVING III,ICF/IID,YES,YES,EL PASO,3204 DUNDEE ST,EL PASO,TX,79925,dddf847544af07c80cfa3c25e4b7d8f9dedc28696e6c14f5dd307636ea67f450,https://apps.hhs.texas.gov/providers/directories/ICFIID.xlsx,2026-09-30T13:16:15.417177+00:00,2026-09-28,f6f7c23594930201c75049546e4b85dbfca12903974aacaaf29804670e1e0112
TX_ICF_IID,003876,233,NEW HOPE COMMUNITY LIVING IV,ICF/IID,YES,YES,EL PASO,11608 BLUEBONNET CT,EL PASO,TX,79936,dddf847544af07c80cfa3c25e4b7d8f9dedc28696e6c14f5dd307636ea67f450,https://apps.hhs.texas.gov/providers/directories/ICFIID.xlsx,2026-09-30T13:16:15.417177+00:00,2026-09-28,9d41c96a81def2ad364e1a5defd72c836fba721e83dd7713b21d98861030cb75
TX_ICF_IID,003877,234,NEW HOPE COMMUNITY LIVING V,ICF/IID,YES,YES,EL PASO,7721 INCA AVE,EL PASO,TX,79912,dddf847544af07c80cfa3c25e4b7d8f9dedc28696e6c14f5dd307636ea67f450,https://apps.hhs.texas.gov/providers/directories/ICFIID.xlsx,2026-09-30T13:16:15.417177+00:00,2026-09-28,b1da61b20da5a9fbbc6c9b41621589b1a74f53963bda357bec9e2240cc85ca6e
TX_ICF_IID,003932,235,NEW HOPE COMMUNITY LIVING VI,ICF/IID,YES,YES,EL PASO,10520 SPRINGWOOD,EL PASO,TX,79936,dddf847544af07c80cfa3c25e4b7d8f9dedc28696e6c14f5dd307636ea67f450,https://apps.hhs.texas.gov/providers/directories/ICFIID.xlsx,2026-09-30T13:16:15.417177+00:00,2026-09-28,250c3434d9828d3aa6b7af937195956647df49caeb754d93c97d62cc3d49996e
TX_ICF_IID,003958,236,NEW HOPE COMMUNITY LIVING VII,ICF/IID,YES,YES,EL PASO,4216 LA ADELITA DR,EL PASO,TX,79922,dddf847544af07c80cfa3c25e4b7d8f9dedc28696e6c14f5dd307636ea67f450,https://apps.hhs.texas.gov/providers/directories/ICFIID.xlsx,2026-09-30T13:16:15.417177+00:00,2026-09-28,bd0e1f9a05d2da6883027ca3f9aead30a5cb65d53f1aedc96c3bf1f16fe40309
TX_ICF_IID,003614,237,NEW HOPE COMMUNITY LIVING VIII,ICF/IID,YES,YES,EL PASO,7850 PECAN COURT,EL PASO,TX,79915,dddf847544af07c80cfa3c25e4b7d8f9dedc28696e6c14f5dd307636ea67f450,https://apps.hhs.texas.gov/providers/directories/ICFIID.xlsx,2026-09-30T13:16:15.417177+00:00,2026-09-28,f669ca5f6ddc656960e3c5484e765cf098bc16b2964b5888f272652d7a5c142c
TX_ICF_IID,007514,238,AUBURN HOUSE,ICF/IID,YES,YES,ELLIS,115 AUBURN ST,WAXAHACHIE,TX,75165,dddf847544af07c80cfa3c25e4b7d8f9dedc28696e6c14f5dd307636ea67f450,https://apps.hhs.texas.gov/providers/directories/ICFIID.xlsx,2026-09-30T13:16:15.417177+00:00,2026-09-28,7e442d724247b481a395cc7826139601f5ff36a4033a709e8c3c1db1c3bc2654
TX_ICF_IID,007588,239,BRANDON WAY HOUSE,ICF/IID,YES,YES,ELLIS,209 BRANDON WAY,WAXAHACHIE,TEXAS,75165,dddf847544af07c80cfa3c25e4b7d8f9dedc28696e6c14f5dd307636ea67f450,https://apps.hhs.texas.gov/providers/directories/ICFIID.xlsx,2026-09-30T13:16:15.417177+00:00,2026-09-28,ecf63b060b9da9244f067fdaef3a160b84b01d53f752f20f08362ed428b92aee
TX_ICF_IID,007532,240,BRYN MAWR HOUSE,ICF/IID,YES,YES,ELLIS,109 BRYN MAWR,WAXAHACHIE,TX,75165,dddf847544af07c80cfa3c25e4b7d8f9dedc28696e6c14f5dd307636ea67f450,https://apps.hhs.texas.gov/providers/directories/ICFIID.xlsx,2026-09-30T13:16:15.417177+00:00,2026-09-28,855878e53eba652e4866c973b2f37ab3a5ed011b28a28e91787b30c4092451e7
TX_ICF_IID,007592,241,ROCK SPRINGS HOUSE,ICF/IID,YES,YES,ELLIS,206 ROCK SPRINGS,WAXAHACHIE,TX,75165,dddf847544af07c80cfa3c25e4b7d8f9dedc28696e6c14f5dd307636ea67f450,https://apps.hhs.texas.gov/providers/directories/ICFIID.xlsx,2026-09-30T13:16:15.417177+00:00,2026-09-28,680f273245fe45865cb495e88a220cf89b681f5d1f5b156c0ade23e470b1acc2
TX_ICF_IID,007373,242,EAST ROCK,ICF/IID,YES,YES,ERATH,1485 BLACKJACK,STEPHENVILLE,TX,76401,dddf847544af07c80cfa3c25e4b7d8f9dedc28696e6c14f5dd307636ea67f450,https://apps.hhs.texas.gov/providers/directories/ICFIID.xlsx,2026-09-30T13:16:15.417177+00:00,2026-09-28,371db84d5f29288a7da36181418e97f6f10c22b2d7bc2dbfa2ebaf2194bfc542
TX_ICF_IID,007552,243,HARBIN HOUSE,ICF/IID,YES,YES,ERATH,909 HARBIN DR,STEPHENVILLE,TX,76401,dddf847544af07c80cfa3c25e4b7d8f9dedc28696e6c14f5dd307636ea67f450,https://apps.hhs.texas.gov/providers/directories/ICFIID.xlsx,2026-09-30T13:16:15.417177+00:00,2026-09-28,536f45ff3ce25362330b8f41068fe9b5493bc6330f5dd7763cb910606caf8b94
TX_ICF_IID,003788,244,NORTH ROCK 1,ICF/IID,YES,YES,ERATH,2250 LINGLEVILLE RD,STEPHENVILLE,TX,76401,dddf847544af07c80cfa3c25e4b7d8f9dedc28696e6c14f5dd307636ea67f450,https://apps.hhs.texas.gov/providers/directories/ICFIID.xlsx,2026-09-30T13:16:15.417177+00:00,2026-09-28,20ffc6a6e2c4b5da0e0a7f9dbae378f71b1334c3d888256a95eee5348b52bfe4
TX_ICF_IID,003824,245,NORTH ROCK 2,ICF/IID,YES,YES,ERATH,2248 LINGLEVILLE RD,STEPHENVILLE,TX,76401,dddf847544af07c80cfa3c25e4b7d8f9dedc28696e6c14f5dd307636ea67f450,https://apps.hhs.texas.gov/providers/directories/ICFIID.xlsx,2026-09-30T13:16:15.417177+00:00,2026-09-28,31088fdaed24d07fdbb23b9d7500c4d8b4b3499177792a3b95ad6a3f87a83437
TX_ICF_IID,110358,246,PARKER HOUSE,ICF/IID,YES,YES,ERATH,911 HARBIN DR,STEPHENVILLE,TX,76401,dddf847544af07c80cfa3c25e4b7d8f9dedc28696e6c14f5dd307636ea67f450,https://apps.hhs.texas.gov/providers/directories/ICFIID.xlsx,2026-09-30T13:16:15.417177+00:00,2026-09-28,9932d231d2ace3b1838f8482003ebdac81147bb420598dcb62ad42dcc60d969a
TX_ICF_IID,003761,247,ROCK HOUSE,ICF/IID,YES,YES,ERATH,2254 LINGLEVILLE RD,STEPHENVILLE,TX,76401,dddf847544af07c80cfa3c25e4b7d8f9dedc28696e6c14f5dd307636ea67f450,https://apps.hhs.texas.gov/providers/directories/ICFIID.xlsx,2026-09-30T13:16:15.417177+00:00,2026-09-28,8b8c46de0dfab606fdc093af48867190e0d8ba830d91947a1db3497ca1c3d361
TX_ICF_IID,003766,248,ROCK HOUSE 2,ICF/IID,YES,YES,ERATH,2326 DENMAN ST,STEPHENVILLE,TX,76401,dddf847544af07c80cfa3c25e4b7d8f9dedc28696e6c14f5dd307636ea67f450,https://apps.hhs.texas.gov/providers/directories/ICFIID.xlsx,2026-09-30T13:16:15.417177+00:00,2026-09-28,e383f9430fa669adaaf88c9e8d1bc6820b5c8ae9fe57c3c797c6b3d5091f35ed
TX_ICF_IID,003682,249,MAIN STREET COMMUNITY RESIDENCE,ICF/IID,YES,YES,FAYETTE,520 N. MAIN STREET,LA GRANGE,TX,78945,dddf847544af07c80cfa3c25e4b7d8f9dedc28696e6c14f5dd307636ea67f450,https://apps.hhs.texas.gov/providers/directories/ICFIID.xlsx,2026-09-30T13:16:15.417177+00:00,2026-09-28,cd59e3df96da89a5b5af5744f30577c586ee61f6e50f150aa244d23f83455ab0
TX_ICF_IID,110477,250,MEADOW LANE COMMUNITY RESIDENCE,ICF/IID,YES,YES,FAYETTE,124 MEADOW LN,LA GRANGE,TX,78945,dddf847544af07c80cfa3c25e4b7d8f9dedc28696e6c14f5dd307636ea67f450,https://apps.hhs.texas.gov/providers/directories/ICFIID.xlsx,2026-09-30T13:16:15.417177+00:00,2026-09-28,f42e4eb581256ce9ba274cde0e988a91bf6fe4e7e1505d99c1a3f6049482a6ea
TX_ICF_IID,007227,251,MONROE COMMUNITY RESIDENCE,ICF/IID,YES,YES,FAYETTE,842 N. MONROE,LA GRANGE,TX,78945,dddf847544af07c80cfa3c25e4b7d8f9dedc28696e6c14f5dd307636ea67f450,https://apps.hhs.texas.gov/providers/directories/ICFIID.xlsx,2026-09-30T13:16:15.417177+00:00,2026-09-28,159379e3ed41b82a9a48e938477e7b04f2dfb1244491782fc76d79db2ca8f5ef
TX_ICF_IID,003678,252,SHADY LANE COMMUNITY RESIDENCE,ICF/IID,YES,YES,FAYETTE,542 EAST PECAN STREET,LA GRANGE,TX,78945,dddf847544af07c80cfa3c25e4b7d8f9dedc28696e6c14f5dd307636ea67f450,https://apps.hhs.texas.gov/providers/directories/ICFIID.xlsx,2026-09-30T13:16:15.417177+00:00,2026-09-28,e2c486058252bc193565033105d5fc67834c17e6573d7d50ef556cba0fcd4bf2
TX_ICF_IID,007672,253,FELICE SCHWARTZ COMMUNITY RESIDENCE,ICF/IID,YES,YES,FAYETTE,2011 W US HWY 90,SCHULENBURG,TX,78956,dddf847544af07c80cfa3c25e4b7d8f9dedc28696e6c14f5dd307636ea67f450,https://apps.hhs.texas.gov/providers/directories/ICFIID.xlsx,2026-09-30T13:16:15.417177+00:00,2026-09-28,96978071e592031c488aecb8611ef49145e77051e5d8ca5ca72aedca22d17ee5
TX_ICF_IID,007673,254,HIRSCH SCHWARTZ COMMUNITY RESIDENCE,ICF/IID,YES,YES,FAYETTE,2021 W US HWY 90,SCHULENBURG,TX,78956,dddf847544af07c80cfa3c25e4b7d8f9dedc28696e6c14f5dd307636ea67f450,https://apps.hhs.texas.gov/providers/directories/ICFIID.xlsx,2026-09-30T13:16:15.417177+00:00,2026-09-28,f932ebf51f3e619a0568f47d3e9597874b845ca0b44433e272940f7a9b40efc7
TX_ICF_IID,007630,255,JUSTICE HOUSE,ICF/IID,YES,YES,FAYETTE,706 JUSTICE RD,WEST POINT,TX,78963,dddf847544af07c80cfa3c25e4b7d8f9dedc28696e6c14f5dd307636ea67f450,https://apps.hhs.texas.gov/providers/directories/ICFIID.xlsx,2026-09-30T13:16:15.417177+00:00,2026-09-28,0788a34875b0c17b7ddcceb8d855cc35c808c3cc5ca6f51fc6506ac1955a7a36
TX_ICF_IID,007267,256,ANGEL HOUSE I,ICF/IID,YES,YES,FISHER,410 RICHARD,ROTAN,TX,79546,dddf847544af07c80cfa3c25e4b7d8f9dedc28696e6c14f5dd307636ea67f450,https://apps.hhs.texas.gov/providers/directories/ICFIID.xlsx,2026-09-30T13:16:15.417177+00:00,2026-09-28,0dcc25e7c24347aa2c0914bdb329b39c36b6fa7b89ae0335bc44d64ec75dd64f
TX_ICF_IID,007463,257,ANGEL HOUSE II,ICF/IID,YES,YES,FISHER,712 E 6TH ST,ROTAN,TX,79546,dddf847544af07c80cfa3c25e4b7d8f9dedc28696e6c14f5dd307636ea67f450,https://apps.hhs.texas.gov/providers/directories/ICFIID.xlsx,2026-09-30T13:16:15.417177+00:00,2026-09-28,6fe446efcd7789451547dae9ea6347f28b407158fda9b36c2246076b3c08d90b
TX_ICF_IID,003656,258,UCG  SOUTHMEADOW HOUSE,ICF/IID,YES,YES,FORT BEND,2814 WHISPERING CREEK,FRESNO,TX,77545,dddf847544af07c80cfa3c25e4b7d8f9dedc28696e6c14f5dd307636ea67f450,https://apps.hhs.texas.gov/providers/directories/ICFIID.xlsx,2026-09-30T13:16:15.417177+00:00,2026-09-28,45bd0376c2d501a314c080243e016a21766a2579f703951fb19a58ee6c5051ac
TX_ICF_IID,007521,259,HOUSTON IN A VISION II,ICF/IID,YES,YES,FORT BEND,3203 CYPRESS POINT DRIVE,MISSOURI CITY,TX,77459,dddf847544af07c80cfa3c25e4b7d8f9dedc28696e6c14f5dd307636ea67f450,https://apps.hhs.texas.gov/providers/directories/ICFIID.xlsx,2026-09-30T13:16:15.417177+00:00,2026-09-28,43f7e6ed0c58a5784969f11be6c51b73b751213e923a1a2926198bd890efb3f5
TX_ICF_IID,100346,260,BTTC PIN OAK HOUSE,ICF/IID,NO,YES,FORT BEND,1818 COLLINS RD BLDG A,RICHMOND,TX,77469,dddf847544af07c80cfa3c25e4b7d8f9dedc28696e6c14f5dd307636ea67f450,https://apps.hhs.texas.gov/providers/directories/ICFIID.xlsx,2026-09-30T13:16:15.417177+00:00,2026-09-28,92adc793574ca9e059cb2599c3fdefe125a31a9a257d5275a52bc3c4f7373597
TX_ICF_IID,100373,261,BTTC WILLOW GLEN HOUSE,ICF/IID,NO,YES,FORT BEND,1818 COLLINS RD BLDG B,RICHMOND,TX,77469,dddf847544af07c80cfa3c25e4b7d8f9dedc28696e6c14f5dd307636ea67f450,https://apps.hhs.texas.gov/providers/directories/ICFIID.xlsx,2026-09-30T13:16:15.417177+00:00,2026-09-28,b0a4c6b0af2ac92046122cdb9c64172f147041ccef72301b004fd02625a73dbf
TX_ICF_IID,007106,262,RICHMOND STATE SUPPORTED LIVING CENTER,ICF/IID,NO,YES,FORT BEND,2100 PRESTON ROAD,RICHMOND,TX,77469,dddf847544af07c80cfa3c25e4b7d8f9dedc28696e6c14f5dd307636ea67f450,https://apps.hhs.texas.gov/providers/directories/ICFIID.xlsx,2026-09-30T13:16:15.417177+00:00,2026-09-28,15284424a308bbff8dfd7a21e38daf9dde9b518c60d5522148d4b186ff3c20fe
TX_ICF_IID,003921,263,EDUCARE COMMUNITY LIVING CORPORATIONGULF COAST,ICF/IID,YES,YES,GALVESTON,1813 VALERO,FRIENDSWOOD,TX,77546,dddf847544af07c80cfa3c25e4b7d8f9dedc28696e6c14f5dd307636ea67f450,https://apps.hhs.texas.gov/providers/directories/ICFIID.xlsx,2026-09-30T13:16:15.417177+00:00,2026-09-28,afc6a22d28a9749280e67d9bc468d03e559a0a1a047b802066cf81e18c0cc7f4
TX_ICF_IID,003781,264,EDUCARE COMMUNITY LIVING LIMITED PARTNERSHIP,ICF/IID,YES,YES,GONZALES,310 DEWITT ST,GONZALES,TX,78629-4210,dddf847544af07c80cfa3c25e4b7d8f9dedc28696e6c14f5dd307636ea67f450,https://apps.hhs.texas.gov/providers/directories/ICFIID.xlsx,2026-09-30T13:16:15.417177+00:00,2026-09-28,8056faa9d7b984bec8170c4f034bddfd1c994cfd713fca8c7c31c871b39b90e2
TX_ICF_IID,007653,265,GONZALES COUNTY COMMUNITY RESIDENCE,ICF/IID,YES,YES,GONZALES,3221 HWY 87 WEST,SMILEY,TX,78159,dddf847544af07c80cfa3c25e4b7d8f9dedc28696e6c14f5dd307636ea67f450,https://apps.hhs.texas.gov/providers/directories/ICFIID.xlsx,2026-09-30T13:16:15.417177+00:00,2026-09-28,93a7e229857b349a486ca166667a4139977323730a52cf54d3215f060a63830a
TX_ICF_IID,007268,266,SMILEY COMMUNITY RESIDENCE,ICF/IID,YES,YES,GONZALES,282 FM 3234,SMILEY,TX,78159,dddf847544af07c80cfa3c25e4b7d8f9dedc28696e6c14f5dd307636ea67f450,https://apps.hhs.texas.gov/providers/directories/ICFIID.xlsx,2026-09-30T13:16:15.417177+00:00,2026-09-28,220b4988d514a1e32416f26e59f737c5e8e600749551a7993e2a9fc0864f2e70
TX_ICF_IID,101455,267,EVERGREEN CARRIAGE ESTATES COMMUNITY HOME,ICF/IID,YES,YES,GRAYSON,2304 CARRIAGE ESTATES ROAD,SHERMAN,TX,75092,dddf847544af07c80cfa3c25e4b7d8f9dedc28696e6c14f5dd307636ea67f450,https://apps.hhs.texas.gov/providers/directories/ICFIID.xlsx,2026-09-30T13:16:15.417177+00:00,2026-09-28,4f7303ea29dd0306eb9c2f318233e5d00a8990c95ee6e993c992a5018397fe15
TX_ICF_IID,101453,268,EVERGREEN NORTHBROOK COMMUNITY HOME,ICF/IID,YES,YES,GRAYSON,1732 NORTHBROOK,SHERMAN,TX,75092,dddf847544af07c80cfa3c25e4b7d8f9dedc28696e6c14f5dd307636ea67f450,https://apps.hhs.texas.gov/providers/directories/ICFIID.xlsx,2026-09-30T13:16:15.417177+00:00,2026-09-28,3db1b9fe72649e4060811940785a62cbb8893a9ca15ec422873efba26c2069fb
TX_ICF_IID,007492,269,MONTE CARLO COMMUNITY HOME,ICF/IID,YES,YES,GREGG,12 MONTE CARLO,GLADEWATER,TX,75647,dddf847544af07c80cfa3c25e4b7d8f9dedc28696e6c14f5dd307636ea67f450,https://apps.hhs.texas.gov/providers/directories/ICFIID.xlsx,2026-09-30T13:16:15.417177+00:00,2026-09-28,9bbf3afa188e1160d99ac106097b02a3274ef8f829bc260b7ca9a439448218d3
TX_ICF_IID,007572,270,TENERY STREET COMMUNITY HOME,ICF/IID,YES,YES,GREGG,502 TENERY ST,GLADEWATER,TX,75647,dddf847544af07c80cfa3c25e4b7d8f9dedc28696e6c14f5dd307636ea67f450,https://apps.hhs.texas.gov/providers/directories/ICFIID.xlsx,2026-09-30T13:16:15.417177+00:00,2026-09-28,b8fed7e82898aad8384988eb25c5554729816eeb292bf68df16e4e347d7ce059
TX_ICF_IID,007293,271,WOODBINE COMMUNITY HOME,ICF/IID,YES,YES,GREGG,2402 WOODBINE,GLADEWATER,TX,75647,dddf847544af07c80cfa3c25e4b7d8f9dedc28696e6c14f5dd307636ea67f450,https://apps.hhs.texas.gov/providers/directories/ICFIID.xlsx,2026-09-30T13:16:15.417177+00:00,2026-09-28,13080c139f60fecb648b4dce3b8ad1d3352421ac7ffd053b5fa82e32197ab39e
TX_ICF_IID,007541,272,R & K BARBER INC,ICF/IID,YES,YES,GREGG,805 SCEYNE,KILGORE,TX,75662,dddf847544af07c80cfa3c25e4b7d8f9dedc28696e6c14f5dd307636ea67f450,https://apps.hhs.texas.gov/providers/directories/ICFIID.xlsx,2026-09-30T13:16:15.417177+00:00,2026-09-28,22a2ef9f27660c95fe2d6a54f5383f1c33374bce5e495fea7ce6f6eb723c2e49
TX_ICF_IID,007431,273,S&H HOMES INC,ICF/IID,YES,YES,GREGG,3009 ROYAL DR,KILGORE,TX,75662,dddf847544af07c80cfa3c25e4b7d8f9dedc28696e6c14f5dd307636ea67f450,https://apps.hhs.texas.gov/providers/directories/ICFIID.xlsx,2026-09-30T13:16:15.417177+00:00,2026-09-28,cc48dc2ab14920021070880011dfdb9c5c64165ca5c20b5152f02be4856d6f14
TX_ICF_IID,007608,274,CHAD COMMUNITY HOME,ICF/IID,YES,YES,GREGG,1202 CHAD,LONGVIEW,TX,75604,dddf847544af07c80cfa3c25e4b7d8f9dedc28696e6c14f5dd307636ea67f450,https://apps.hhs.texas.gov/providers/directories/ICFIID.xlsx,2026-09-30T13:16:15.417177+00:00,2026-09-28,a419fd2cb2065d06abb2dddd2c623811015ba804da74ecebb6e1db6f17c5d850
TX_ICF_IID,007229,275,EVERGREEN SPRING HILL COMMUNITY HOME,ICF/IID,YES,YES,GREGG,225 SYBLE LN,LONGVIEW,TX,75605,dddf847544af07c80cfa3c25e4b7d8f9dedc28696e6c14f5dd307636ea67f450,https://apps.hhs.texas.gov/providers/directories/ICFIID.xlsx,2026-09-30T13:16:15.417177+00:00,2026-09-28,098358df75c46fa67ffef2b3b7827664075c688461b3ec941dca389a26b3a570
TX_ICF_IID,007261,276,HARMONY HOUSE I I,ICF/IID,YES,YES,GREGG,1012 EAGLE HILL TRAIL,LONGVIEW,TX,75601,dddf847544af07c80cfa3c25e4b7d8f9dedc28696e6c14f5dd307636ea67f450,https://apps.hhs.texas.gov/providers/directories/ICFIID.xlsx,2026-09-30T13:16:15.417177+00:00,2026-09-28,856bdbe23aca0f5a9c8d66e6497f21855203c9c1e5a573cee68d35ddb641ed53
TX_ICF_IID,007255,277,HONEYSUCKLE COMMUNITY HOME,ICF/IID,YES,YES,GREGG,9 HONEYSUCKLE,LONGVIEW,TX,75604,dddf847544af07c80cfa3c25e4b7d8f9dedc28696e6c14f5dd307636ea67f450,https://apps.hhs.texas.gov/providers/directories/ICFIID.xlsx,2026-09-30T13:16:15.417177+00:00,2026-09-28,d7f9b4b2338d0b1a73d0e1ce6e83cc269465a93dde7b174accc3d8d06adc989d
TX_ICF_IID,007587,278,MARTIN COMMUNITY HOME,ICF/IID,YES,YES,GREGG,2809 CLENDENEN,LONGVIEW,TX,75605,dddf847544af07c80cfa3c25e4b7d8f9dedc28696e6c14f5dd307636ea67f450,https://apps.hhs.texas.gov/providers/directories/ICFIID.xlsx,2026-09-30T13:16:15.417177+00:00,2026-09-28,297848b4f755b82b3b450cf8f431ebd5140239ec2fd108009a5b23bb743990c9
TX_ICF_IID,007495,279,MELTON HOUSE,ICF/IID,YES,YES,GREGG,517 MELTON,LONGVIEW,TX,75602,dddf847544af07c80cfa3c25e4b7d8f9dedc28696e6c14f5dd307636ea67f450,https://apps.hhs.texas.gov/providers/directories/ICFIID.xlsx,2026-09-30T13:16:15.417177+00:00,2026-09-28,16dae0fd004c7d8897380bd20e77ce1e7203eaa56b8c462d7184d76e4755d7c5
TX_ICF_IID,007297,280,THELMA COMMUNITY HOME,ICF/IID,YES,YES,GREGG,1009 THELMA,LONGVIEW,TX,75604,dddf847544af07c80cfa3c25e4b7d8f9dedc28696e6c14f5dd307636ea67f450,https://apps.hhs.texas.gov/providers/directories/ICFIID.xlsx,2026-09-30T13:16:15.417177+00:00,2026-09-28,59ea19e2be2b083f2052f802258972bd47ae5b2761bb2de285d7d4dcafa734e0
TX_ICF_IID,003765,281,TUPELO HOUSE,ICF/IID,YES,YES,GREGG,511 TUPELO,LONGVIEW,TX,75601,dddf847544af07c80cfa3c25e4b7d8f9dedc28696e6c14f5dd307636ea67f450,https://apps.hhs.texas.gov/providers/directories/ICFIID.xlsx,2026-09-30T13:16:15.417177+00:00,2026-09-28,874075856b05d895dc4a307a2a73b57cd57618b25e89a51aa8d0f42a4c3924a5
TX_ICF_IID,003611,282,BESS HOUSE,ICF/IID,YES,YES,GUADALUPE,157 BESS STREET,NEW BRAUNFELS,TX,78130,dddf847544af07c80cfa3c25e4b7d8f9dedc28696e6c14f5dd307636ea67f450,https://apps.hhs.texas.gov/providers/directories/ICFIID.xlsx,2026-09-30T13:16:15.417177+00:00,2026-09-28,0d2b589157b263a9ae4df09657209cdeab8e76fb359c8d68b13b6ebb8fa8f322
TX_ICF_IID,003943,283,1622 WILLOW,ICF/IID,YES,YES,GUADALUPE,1622 WILLOW LANE,SEGUIN,TX,78155,dddf847544af07c80cfa3c25e4b7d8f9dedc28696e6c14f5dd307636ea67f450,https://apps.hhs.texas.gov/providers/directories/ICFIID.xlsx,2026-09-30T13:16:15.417177+00:00,2026-09-28,f5bc8079862736dd86a40fd24dd8f4b0527c292534205651f563691210369357
TX_ICF_IID,003999,284,974 E CEDAR,ICF/IID,YES,YES,GUADALUPE,974 E CEDAR,SEGUIN,TX,78155,dddf847544af07c80cfa3c25e4b7d8f9dedc28696e6c14f5dd307636ea67f450,https://apps.hhs.texas.gov/providers/directories/ICFIID.xlsx,2026-09-30T13:16:15.417177+00:00,2026-09-28,78f46b0fc854ef3895e5bdcb0795d8015363976d5d98394a6deaf6b3fa0910f6
TX_ICF_IID,003786,285,CASA GUADALUPE I,ICF/IID,YES,YES,GUADALUPE,957 KUNKEL ST,SEGUIN,TX,78155,dddf847544af07c80cfa3c25e4b7d8f9dedc28696e6c14f5dd307636ea67f450,https://apps.hhs.texas.gov/providers/directories/ICFIID.xlsx,2026-09-30T13:16:15.417177+00:00,2026-09-28,2b5531e16d73c6b745c38b502f31459c7e307d78534fdf45984d1b5b0c4814d8
TX_ICF_IID,003830,286,CASA GUADALUPE II,ICF/IID,YES,YES,GUADALUPE,936 ZUNKER STREET,SEGUIN,TX,78155,dddf847544af07c80cfa3c25e4b7d8f9dedc28696e6c14f5dd307636ea67f450,https://apps.hhs.texas.gov/providers/directories/ICFIID.xlsx,2026-09-30T13:16:15.417177+00:00,2026-09-28,489357ce14394ea0b32a6cb354d615c48cb89f45240ca4c3913172c42f5157fc
TX_ICF_IID,007394,287,EDUCARE COMMUNITY LIVING CORPORATION  TEXAS,ICF/IID,YES,YES,GUADALUPE,1427 DOVE LN,SEGUIN,TX,78155,dddf847544af07c80cfa3c25e4b7d8f9dedc28696e6c14f5dd307636ea67f450,https://apps.hhs.texas.gov/providers/directories/ICFIID.xlsx,2026-09-30T13:16:15.417177+00:00,2026-09-28,855da9d6a4da17f8f62b4bfa1ee558cd12d0fa1a118e14b86f8ecb55a74f0eda
TX_ICF_IID,003627,288,RIVER OAK,ICF/IID,YES,YES,GUADALUPE,1005 RIVER OAK DR,SEGUIN,TX,78155,dddf847544af07c80cfa3c25e4b7d8f9dedc28696e6c14f5dd307636ea67f450,https://apps.hhs.texas.gov/providers/directories/ICFIID.xlsx,2026-09-30T13:16:15.417177+00:00,2026-09-28,b4d79845600970d80b17a4de8efa3c279bff42e79622c9a385b1b2f194fcffb3
TX_ICF_IID,007250,289,COUNCIL OAKS AT PHOENIX,ICF/IID,YES,YES,GUADALUPE,8418 PHOENIX,SELMA,TX,78154,dddf847544af07c80cfa3c25e4b7d8f9dedc28696e6c14f5dd307636ea67f450,https://apps.hhs.texas.gov/providers/directories/ICFIID.xlsx,2026-09-30T13:16:15.417177+00:00,2026-09-28,1a32ba6257de4c75a5277f494295af519e4133f7b93851b4b05184c5d1fc085c
TX_ICF_IID,003809,290,FRIES HOUSE,ICF/IID,YES,YES,HARDIN,190 E AVE J,SILSBEE,TX,77656,dddf847544af07c80cfa3c25e4b7d8f9dedc28696e6c14f5dd307636ea67f450,https://apps.hhs.texas.gov/providers/directories/ICFIID.xlsx,2026-09-30T13:16:15.417177+00:00,2026-09-28,d5585958a10464f8b431353a656fcc68335ec5370bc3683a7d109cd5d8cc4b79
TX_ICF_IID,007570,291,BURNING TREE LIVING CENTER,ICF/IID,YES,YES,HARRIS,4902 BURNING TREE,BAYTOWN,TEXAS,77521,dddf847544af07c80cfa3c25e4b7d8f9dedc28696e6c14f5dd307636ea67f450,https://apps.hhs.texas.gov/providers/directories/ICFIID.xlsx,2026-09-30T13:16:15.417177+00:00,2026-09-28,6627ff81750a179079c921cf779c5c4aac53a25b6183149b5e48703b1194c639
TX_ICF_IID,003605,292,KILGORE HOUSE,ICF/IID,YES,YES,HARRIS,2203 KILGORE RD,BAYTOWN,TX,77520,dddf847544af07c80cfa3c25e4b7d8f9dedc28696e6c14f5dd307636ea67f450,https://apps.hhs.texas.gov/providers/directories/ICFIID.xlsx,2026-09-30T13:16:15.417177+00:00,2026-09-28,9df7c714d5bcb3ea7db78c491124b576a02ef21f29d9803d7865f17dca301463
TX_ICF_IID,007411,293,MAPLEWOOD LIVING CENTER,ICF/IID,YES,YES,HARRIS,706 MAPLEWOOD STREET,BAYTOWN,TEXAS,77520,dddf847544af07c80cfa3c25e4b7d8f9dedc28696e6c14f5dd307636ea67f450,https://apps.hhs.texas.gov/providers/directories/ICFIID.xlsx,2026-09-30T13:16:15.417177+00:00,2026-09-28,97209a842eb7f91d38d9b135056fd61e85247d2cfe572b5b3f35ea906a31288d
TX_ICF_IID,003671,294,MCFARLAND HOUSE,ICF/IID,YES,YES,HARRIS,1706 MCFARLAND,BAYTOWN,TX,77520,dddf847544af07c80cfa3c25e4b7d8f9dedc28696e6c14f5dd307636ea67f450,https://apps.hhs.texas.gov/providers/directories/ICFIID.xlsx,2026-09-30T13:16:15.417177+00:00,2026-09-28,95891aed64d68d62cb506ca8d8cbf11fd91a5d8700131efbbeeae336288fc4bb
TX_ICF_IID,007381,295,NORTH SHEPHERD HOUSE,ICF/IID,YES,YES,HARRIS,1112 N SHEPHERD,BAYTOWN,TX,77520,dddf847544af07c80cfa3c25e4b7d8f9dedc28696e6c14f5dd307636ea67f450,https://apps.hhs.texas.gov/providers/directories/ICFIID.xlsx,2026-09-30T13:16:15.417177+00:00,2026-09-28,1f292d053c06629477b72d093a0cd3227deb4ba170988a6976dd39c7f9c3d85c
TX_ICF_IID,007565,296,OLIVE LIVING CENTER,ICF/IID,YES,YES,HARRIS,2301 OLIVE CIRCLE,BAYTOWN,TEXAS,77522,dddf847544af07c80cfa3c25e4b7d8f9dedc28696e6c14f5dd307636ea67f450,https://apps.hhs.texas.gov/providers/directories/ICFIID.xlsx,2026-09-30T13:16:15.417177+00:00,2026-09-28,97cf8c3dc9faa8b78d1315d7a2f009f461a019a1c4c444ae8bc4543bbd60cb46
TX_ICF_IID,007560,297,CLASSIC GROUP HOME,ICF/IID,YES,YES,HARRIS,1454 SOMERCOTES LANE,CHANNELVIEW,TX,77530,dddf847544af07c80cfa3c25e4b7d8f9dedc28696e6c14f5dd307636ea67f450,https://apps.hhs.texas.gov/providers/directories/ICFIID.xlsx,2026-09-30T13:16:15.417177+00:00,2026-09-28,c33f46fa72f2c4f8e8dd9a36d527487f545594b7738a88f66415ce90205c162f
TX_ICF_IID,003654,298,ARMADILLO TRAILS GROUP HOME,ICF/IID,YES,YES,HARRIS,16723 HUFFMEISTER ROAD,CYPRESS,TX,77429,dddf847544af07c80cfa3c25e4b7d8f9dedc28696e6c14f5dd307636ea67f450,https://apps.hhs.texas.gov/providers/directories/ICFIID.xlsx,2026-09-30T13:16:15.417177+00:00,2026-09-28,2e532d9ae5152602fad27e983cac9cf921bed3e67096828fac3610833f10afce
TX_ICF_IID,003615,299,KINGS COURT GROUP HOME,ICF/IID,YES,YES,HARRIS,17626 KINGS COURT,CYPRESS,TEXAS,77429,dddf847544af07c80cfa3c25e4b7d8f9dedc28696e6c14f5dd307636ea67f450,https://apps.hhs.texas.gov/providers/directories/ICFIID.xlsx,2026-09-30T13:16:15.417177+00:00,2026-09-28,244625bba0d1a1d4b572cad8f0fa4dc09b9112d8a84c30859314c63ffe2e6398
TX_ICF_IID,003619,300,MAVERICK VALLEY GROUP HOME,ICF/IID,YES,YES,HARRIS,14802 MAVERICK VALLEY LANE,CYPRESS,TEXAS,77429,dddf847544af07c80cfa3c25e4b7d8f9dedc28696e6c14f5dd307636ea67f450,https://apps.hhs.texas.gov/providers/directories/ICFIID.xlsx,2026-09-30T13:16:15.417177+00:00,2026-09-28,54634f7345e35964d28842bcbc12aad02b2c7f53b6e30b8d174bf3a8d8e771ef
TX_ICF_IID,010197,301,MUELLER HOUSE,ICF/IID,YES,YES,HARRIS,11910 MUELLER CEMETERY RD,CYPRESS,TX,77429,dddf847544af07c80cfa3c25e4b7d8f9dedc28696e6c14f5dd307636ea67f450,https://apps.hhs.texas.gov/providers/directories/ICFIID.xlsx,2026-09-30T13:16:15.417177+00:00,2026-09-28,60ace0334c73be3113750ae52507d8f8116574b0f8beb716d978331001f1b177
TX_ICF_IID,003608,302,"REACH UNLIMITED, INC",ICF/IID,YES,YES,HARRIS,11914 MUELLER CEMETERY RD,CYPRESS,TX,77429,dddf847544af07c80cfa3c25e4b7d8f9dedc28696e6c14f5dd307636ea67f450,https://apps.hhs.texas.gov/providers/directories/ICFIID.xlsx,2026-09-30T13:16:15.417177+00:00,2026-09-28,b557ed212122bc15ea532114fe08aa6ee662fa81723f9ceab19751f491e30333
TX_ICF_IID,110270,303,SHADY VILLA PLACE,ICF/IID,YES,YES,HARRIS,13919 JARVIS ROAD,CYPRESS,TX,77429,dddf847544af07c80cfa3c25e4b7d8f9dedc28696e6c14f5dd307636ea67f450,https://apps.hhs.texas.gov/providers/directories/ICFIID.xlsx,2026-09-30T13:16:15.417177+00:00,2026-09-28,54ef7af1ecb000c3bb5152a3e7d00a44318ae93d56ca7d47ee519f1908c7abad
TX_ICF_IID,007424,304,HENDERSON LIVING CENTER,ICF/IID,YES,YES,HARRIS,2601 HENDERSON LANE,DEER PARK,TEXAS,77536,dddf847544af07c80cfa3c25e4b7d8f9dedc28696e6c14f5dd307636ea67f450,https://apps.hhs.texas.gov/providers/directories/ICFIID.xlsx,2026-09-30T13:16:15.417177+00:00,2026-09-28,68dc9eb359015d8049900ba02057cb2b46bd3b32c066e43308d93db5282ab3d8
TX_ICF_IID,007284,305,WINDSOR LIVING CENTER,ICF/IID,YES,YES,HARRIS,3602 WINDSOR DRIVE,DEER PARK,TX,77536,dddf847544af07c80cfa3c25e4b7d8f9dedc28696e6c14f5dd307636ea67f450,https://apps.hhs.texas.gov/providers/directories/ICFIID.xlsx,2026-09-30T13:16:15.417177+00:00,2026-09-28,29d84789c3afc0da6aec890b15138373792827f301a23a4e9c03383bb5eea69a
TX_ICF_IID,007660,306,616 WEST BELL,ICF/IID,YES,YES,HARRIS,616 W BELL ST,HOUSTON,TX,77019,dddf847544af07c80cfa3c25e4b7d8f9dedc28696e6c14f5dd307636ea67f450,https://apps.hhs.texas.gov/providers/directories/ICFIID.xlsx,2026-09-30T13:16:15.417177+00:00,2026-09-28,13284c5ec148b276ba727e623c706044c29cbe5b7b2e92f888ccf0182de9463d
TX_ICF_IID,007548,307,APRIL WIND HOUSE,ICF/IID,YES,YES,HARRIS,3015 APRIL WIND,HOUSTON,TX,77014,dddf847544af07c80cfa3c25e4b7d8f9dedc28696e6c14f5dd307636ea67f450,https://apps.hhs.texas.gov/providers/directories/ICFIID.xlsx,2026-09-30T13:16:15.417177+00:00,2026-09-28,d549cf63401a1e23ebd9de94b0241e9080df69e42b74648915ff0235323af119
TX_ICF_IID,010183,308,AVONDALE HOUSE,ICF/IID,YES,YES,HARRIS,4826 MCDERMED,HOUSTON,TX,77035,dddf847544af07c80cfa3c25e4b7d8f9dedc28696e6c14f5dd307636ea67f450,https://apps.hhs.texas.gov/providers/directories/ICFIID.xlsx,2026-09-30T13:16:15.417177+00:00,2026-09-28,a6841b9b815105dcc4b5edde4e0ceda94e83bdd33f47eecfbe9799bdae65ef2d
TX_ICF_IID,102827,309,AVONDALE HOUSE,ICF/IID,YES,YES,HARRIS,5614 BENNING,HOUSTON,TX,77096,dddf847544af07c80cfa3c25e4b7d8f9dedc28696e6c14f5dd307636ea67f450,https://apps.hhs.texas.gov/providers/directories/ICFIID.xlsx,2026-09-30T13:16:15.417177+00:00,2026-09-28,ddb86429aa7bf047d4bd33ec512ec4f90246138acca8105fb4279806457cf4a9
TX_ICF_IID,010182,310,AVONDALE HOUSE II,ICF/IID,YES,YES,HARRIS,8515 BLUEGATE,HOUSTON,TX,77025,dddf847544af07c80cfa3c25e4b7d8f9dedc28696e6c14f5dd307636ea67f450,https://apps.hhs.texas.gov/providers/directories/ICFIID.xlsx,2026-09-30T13:16:15.417177+00:00,2026-09-28,04e19a8abc32036bb1d17b3d78954eeaf80d7de98d69692b55e8250c2db3bd89
TX_ICF_IID,007486,311,BOSWORTH LIVING CENTER,ICF/IID,YES,YES,HARRIS,5126 BOSWORTH STREET,HOUSTON,TX,77017,dddf847544af07c80cfa3c25e4b7d8f9dedc28696e6c14f5dd307636ea67f450,https://apps.hhs.texas.gov/providers/directories/ICFIID.xlsx,2026-09-30T13:16:15.417177+00:00,2026-09-28,21b4d036e8b913435832a147ee21c585497dd8fda60b4448991ecac788d1d8a8
TX_ICF_IID,110541,312,CAMPBELL HOUSE,ICF/IID,YES,YES,HARRIS,9438 CAMPBELL RD.,HOUSTON,TX,77080,dddf847544af07c80cfa3c25e4b7d8f9dedc28696e6c14f5dd307636ea67f450,https://apps.hhs.texas.gov/providers/directories/ICFIID.xlsx,2026-09-30T13:16:15.417177+00:00,2026-09-28,195ed95628e091af80d0000a6626b3347b025fdfa376946f3a224d7866fefa85
TX_ICF_IID,003941,313,EDUCARE COMMUNITY LIVING CORPORATION  GULF COAST,ICF/IID,YES,YES,HARRIS,2422 HEATHERGOLD,HOUSTON,TX,77084,dddf847544af07c80cfa3c25e4b7d8f9dedc28696e6c14f5dd307636ea67f450,https://apps.hhs.texas.gov/providers/directories/ICFIID.xlsx,2026-09-30T13:16:15.417177+00:00,2026-09-28,5b17da6e421cf10c30b29857720a92b6b41e9126850cbb178017bf4486524d4c
TX_ICF_IID,003960,314,EDUCARE COMMUNITY LIVING CORPORATION  GULF COAST,ICF/IID,YES,YES,HARRIS,18006 LONGCLIFFE,HOUSTON,TX,77084,dddf847544af07c80cfa3c25e4b7d8f9dedc28696e6c14f5dd307636ea67f450,https://apps.hhs.texas.gov/providers/directories/ICFIID.xlsx,2026-09-30T13:16:15.417177+00:00,2026-09-28,dc1a8e32cfcae8f3a8d394dd8e9eb68fc568c8b76c970e647f50cf3077d9510c
TX_ICF_IID,003746,315,EDUCARE COMMUNITY LIVING CORPORATION  GULF COAST,ICF/IID,YES,YES,HARRIS,5706 PINEWILDE,HOUSTON,TX,77066,dddf847544af07c80cfa3c25e4b7d8f9dedc28696e6c14f5dd307636ea67f450,https://apps.hhs.texas.gov/providers/directories/ICFIID.xlsx,2026-09-30T13:16:15.417177+00:00,2026-09-28,c8d999994aae191f07cae898f58f135e85ee8129a2ae7c2c1daf13aead92551c
TX_ICF_IID,007616,316,EDUCARE COMMUNITY LIVING CORPORATION  GULF COAST,ICF/IID,YES,YES,HARRIS,8002 FAWN TERRACE,HOUSTON,TX,77071,dddf847544af07c80cfa3c25e4b7d8f9dedc28696e6c14f5dd307636ea67f450,https://apps.hhs.texas.gov/providers/directories/ICFIID.xlsx,2026-09-30T13:16:15.417177+00:00,2026-09-28,f8326128faa5bb638464ca7c08538d4b9e17cd7d68fa0309d58e3bf6b35f83c8
TX_ICF_IID,003940,317,EDUCARE COMMUNITY LIVING CORPORATION  GULF COAST,ICF/IID,YES,YES,HARRIS,11914 GREEN CREEK CIRCLE,HOUSTON,TX,77070,dddf847544af07c80cfa3c25e4b7d8f9dedc28696e6c14f5dd307636ea67f450,https://apps.hhs.texas.gov/providers/directories/ICFIID.xlsx,2026-09-30T13:16:15.417177+00:00,2026-09-28,a3799946294f495d4a2d8c22128c839d88d92e09e4504f55a81989b8ae74a9d2
TX_ICF_IID,003913,318,EDUCARE COMMUNITY LIVING CORPORATION  GULF COAST,ICF/IID,YES,YES,HARRIS,7206 BENWICH CIRCLE,HOUSTON,TX,77095,dddf847544af07c80cfa3c25e4b7d8f9dedc28696e6c14f5dd307636ea67f450,https://apps.hhs.texas.gov/providers/directories/ICFIID.xlsx,2026-09-30T13:16:15.417177+00:00,2026-09-28,6e6c16ee0ed77853e5a638dcfcef9e752385373ae2e8fedf14f5522c7ea15326
TX_ICF_IID,003907,319,EDUCARE COMMUNITY LIVING CORPORATION  GULF COAST,ICF/IID,YES,YES,HARRIS,16130 ACAPULCO,HOUSTON,TX,77040,dddf847544af07c80cfa3c25e4b7d8f9dedc28696e6c14f5dd307636ea67f450,https://apps.hhs.texas.gov/providers/directories/ICFIID.xlsx,2026-09-30T13:16:15.417177+00:00,2026-09-28,213bbf99edcd5df5a9e3c9258cb266e37bc369af9ff871f3d237b56076ffe14e
TX_ICF_IID,003971,320,EDUCARE COMMUNITY LIVING CORPORATION  GULF COAST F,ICF/IID,YES,YES,HARRIS,2803 QUINCANNON,HOUSTON,TX,77043,dddf847544af07c80cfa3c25e4b7d8f9dedc28696e6c14f5dd307636ea67f450,https://apps.hhs.texas.gov/providers/directories/ICFIID.xlsx,2026-09-30T13:16:15.417177+00:00,2026-09-28,cc72a14691af32bad3afec66238a288bd48eb8bd16278dad46b6f3fc70ea58a9
TX_ICF_IID,003915,321,EDUCARE COMMUNITY LIVING CORPORATION GULF COAST,ICF/IID,YES,YES,HARRIS,10038 BRIAR FOREST DR,HOUSTON,TX,77042,dddf847544af07c80cfa3c25e4b7d8f9dedc28696e6c14f5dd307636ea67f450,https://apps.hhs.texas.gov/providers/directories/ICFIID.xlsx,2026-09-30T13:16:15.417177+00:00,2026-09-28,92143f5a88a76e9dd111eac76c062491c322a6d6028ee235ed073aae4c4c7d2b
TX_ICF_IID,007585,322,FROSTVIEW HOUSE II,ICF/IID,YES,YES,HARRIS,15331 E ANTONE,HOUSTON,TX,77071,dddf847544af07c80cfa3c25e4b7d8f9dedc28696e6c14f5dd307636ea67f450,https://apps.hhs.texas.gov/providers/directories/ICFIID.xlsx,2026-09-30T13:16:15.417177+00:00,2026-09-28,7d3e83fc817f772fae7fe1089616403a16175b9253859d648cdd207fee51b474
TX_ICF_IID,007437,323,GREAT HOME CARE INC,ICF/IID,YES,YES,HARRIS,12502 LIMA DRIVE,HOUSTON,TX,77099,dddf847544af07c80cfa3c25e4b7d8f9dedc28696e6c14f5dd307636ea67f450,https://apps.hhs.texas.gov/providers/directories/ICFIID.xlsx,2026-09-30T13:16:15.417177+00:00,2026-09-28,4e2ff007d9a3f3b576d18187ff5ef63b838aeead7cd1dd6bfa03d43700c06e53
TX_ICF_IID,007317,324,HOUSTON IN A VISION,ICF/IID,YES,YES,HARRIS,6442 GLADEWELL DRIVE,HOUSTON,TX,77072,dddf847544af07c80cfa3c25e4b7d8f9dedc28696e6c14f5dd307636ea67f450,https://apps.hhs.texas.gov/providers/directories/ICFIID.xlsx,2026-09-30T13:16:15.417177+00:00,2026-09-28,1213c488afa68a161e86709a2fb03d6b61f697611a5e0ccc4cfd3bc08968e29c
TX_ICF_IID,007597,325,"K & K LIVING CENTER, INC",ICF/IID,YES,YES,HARRIS,16602 GAELDOM LN,HOUSTON,TX,77084,dddf847544af07c80cfa3c25e4b7d8f9dedc28696e6c14f5dd307636ea67f450,https://apps.hhs.texas.gov/providers/directories/ICFIID.xlsx,2026-09-30T13:16:15.417177+00:00,2026-09-28,3a676008af454702e1377bdaee65ee49078dc69ccfdf4aff9590025e0e218a4f
TX_ICF_IID,007387,326,"K AND K LIVING CENTER, INC",ICF/IID,YES,YES,HARRIS,16802 JUDY LEIGH DR,HOUSTON,TX,77084,dddf847544af07c80cfa3c25e4b7d8f9dedc28696e6c14f5dd307636ea67f450,https://apps.hhs.texas.gov/providers/directories/ICFIID.xlsx,2026-09-30T13:16:15.417177+00:00,2026-09-28,ffffcca8e24271878a431b80ea6b0b8309c80cf69113ca34e58b4f503e693a47
TX_ICF_IID,003729,327,MAPLEWOOD SOUTH,ICF/IID,YES,YES,HARRIS,8111 BURNING HILLS,HOUSTON,TX,77071,dddf847544af07c80cfa3c25e4b7d8f9dedc28696e6c14f5dd307636ea67f450,https://apps.hhs.texas.gov/providers/directories/ICFIID.xlsx,2026-09-30T13:16:15.417177+00:00,2026-09-28,a4186a90cf74f26450517258e3faf82f6cc674291b01c86d0980f27e9f0e7f3b
TX_ICF_IID,007239,328,MERIDIAN LIVING CENTER,ICF/IID,YES,YES,HARRIS,7231 AUGUSTINE DR,HOUSTON,TX,77036,dddf847544af07c80cfa3c25e4b7d8f9dedc28696e6c14f5dd307636ea67f450,https://apps.hhs.texas.gov/providers/directories/ICFIID.xlsx,2026-09-30T13:16:15.417177+00:00,2026-09-28,a84654be61a6f3a84f7d40b7133d7a411be43697b3f77fb7740184210b0b1861
TX_ICF_IID,007428,329,MERIDIAN LIVING CENTER,ICF/IID,YES,YES,HARRIS,10610 ODYSSEY CT,HOUSTON,TX,77099,dddf847544af07c80cfa3c25e4b7d8f9dedc28696e6c14f5dd307636ea67f450,https://apps.hhs.texas.gov/providers/directories/ICFIID.xlsx,2026-09-30T13:16:15.417177+00:00,2026-09-28,90b3c31bd6a4e20451dfe48e1ad06f856cafc80f730d450da794c3901a61a120
TX_ICF_IID,007296,330,PERIWINKLE HOUSE,ICF/IID,YES,YES,HARRIS,1638 PERIWINKLE ST,HOUSTON,TX,77038,dddf847544af07c80cfa3c25e4b7d8f9dedc28696e6c14f5dd307636ea67f450,https://apps.hhs.texas.gov/providers/directories/ICFIID.xlsx,2026-09-30T13:16:15.417177+00:00,2026-09-28,f9d2e12fb1c4775c6b597707975deae282967fa3dec7ca306cb1b80ccce9d9b9
TX_ICF_IID,007384,331,RAVENHEAD LIVING CENTER,ICF/IID,YES,YES,HARRIS,314 RAVENHEAD STREET,HOUSTON,TEXAS,77034,dddf847544af07c80cfa3c25e4b7d8f9dedc28696e6c14f5dd307636ea67f450,https://apps.hhs.texas.gov/providers/directories/ICFIID.xlsx,2026-09-30T13:16:15.417177+00:00,2026-09-28,e4a25f135e45d6b0fca928ec8064482fbd772cec20a4c8a9879237c0ce3fe8c2
TX_ICF_IID,003643,332,"REACH UNLIMITED, INC",ICF/IID,YES,YES,HARRIS,11519 COLONIAL TRAIL,HOUSTON,TX,77066,dddf847544af07c80cfa3c25e4b7d8f9dedc28696e6c14f5dd307636ea67f450,https://apps.hhs.texas.gov/providers/directories/ICFIID.xlsx,2026-09-30T13:16:15.417177+00:00,2026-09-28,f5390288b617179214f15ef1329414bd62601f1e8c851eb4731a240482e1c2ae
TX_ICF_IID,110471,333,SANDSTONE HOUSE,ICF/IID,YES,YES,HARRIS,8903 SANDSTONE STREET,HOUSTON,TX,77036,dddf847544af07c80cfa3c25e4b7d8f9dedc28696e6c14f5dd307636ea67f450,https://apps.hhs.texas.gov/providers/directories/ICFIID.xlsx,2026-09-30T13:16:15.417177+00:00,2026-09-28,6b17e937a254adfc8062592f4e06ddc5ae453eefa7abbc7d5c0b9b87261f7654
TX_ICF_IID,110456,334,STROUD,ICF/IID,YES,YES,HARRIS,6634 STROUD DRIVE,HOUSTON,TX,77074,dddf847544af07c80cfa3c25e4b7d8f9dedc28696e6c14f5dd307636ea67f450,https://apps.hhs.texas.gov/providers/directories/ICFIID.xlsx,2026-09-30T13:16:15.417177+00:00,2026-09-28,60a8885e88fadb27417bbf9d63a03c48008795d68f03e5a3f0e176d1fa05677c
TX_ICF_IID,007472,335,UCG  ALBURY HOUSE,ICF/IID,YES,YES,HARRIS,11019 ALBURY,HOUSTON,TX,77096,dddf847544af07c80cfa3c25e4b7d8f9dedc28696e6c14f5dd307636ea67f450,https://apps.hhs.texas.gov/providers/directories/ICFIID.xlsx,2026-09-30T13:16:15.417177+00:00,2026-09-28,1ddf208274c09f7e39694ed65868d5f45a0b56a4c557732c9d2c5b0b5c14cf87
TX_ICF_IID,007263,336,UCG  HUMMINGBIRD HOUSE,ICF/IID,YES,YES,HARRIS,9726 S. HANWORTH DR.,HOUSTON,TX,77031,dddf847544af07c80cfa3c25e4b7d8f9dedc28696e6c14f5dd307636ea67f450,https://apps.hhs.texas.gov/providers/directories/ICFIID.xlsx,2026-09-30T13:16:15.417177+00:00,2026-09-28,7b8110fc911f02b0f9146f727d22accc85cacaed676fc767e3db80c614bde1a0
TX_ICF_IID,007801,337,UCG NIGHTINGALE I,ICF/IID,YES,YES,HARRIS,13927 MAGNUS LANE,HOUSTON,TX,77083,dddf847544af07c80cfa3c25e4b7d8f9dedc28696e6c14f5dd307636ea67f450,https://apps.hhs.texas.gov/providers/directories/ICFIID.xlsx,2026-09-30T13:16:15.417177+00:00,2026-09-28,349acf5076e73a14ece98936cb4ec807403c3060c43dbe835e962fd94eb80ef8
TX_ICF_IID,111644,338,UCG NIGHTINGALE II,ICF/IID,YES,YES,HARRIS,6227 PAISLEY ST,HOUSTON,TX,77096,dddf847544af07c80cfa3c25e4b7d8f9dedc28696e6c14f5dd307636ea67f450,https://apps.hhs.texas.gov/providers/directories/ICFIID.xlsx,2026-09-30T13:16:15.417177+00:00,2026-09-28,fbebc15ebebeb4c8e99576b38873c45276258aadfe5b8da43917c6fd1e931a73
TX_ICF_IID,003684,339,"VITALIVING, INC",ICF/IID,YES,YES,HARRIS,7410 CAREW STREET,HOUSTON,TX,77074,dddf847544af07c80cfa3c25e4b7d8f9dedc28696e6c14f5dd307636ea67f450,https://apps.hhs.texas.gov/providers/directories/ICFIID.xlsx,2026-09-30T13:16:15.417177+00:00,2026-09-28,e28e0d9f2d387396921daa97a387aa7a0b0e596fc58b74c435500b8a1e914c5d
TX_ICF_IID,007369,340,WEST ROAD HOUSE,ICF/IID,YES,YES,HARRIS,7811 WEST ROAD,HOUSTON,TX,77064,dddf847544af07c80cfa3c25e4b7d8f9dedc28696e6c14f5dd307636ea67f450,https://apps.hhs.texas.gov/providers/directories/ICFIID.xlsx,2026-09-30T13:16:15.417177+00:00,2026-09-28,7d0f20f559fa6ad1b7edf57b1891ea38da2aee4b60c4bcb1362c768f9ced5d41
TX_ICF_IID,003721,341,WESTBURY HOUSE,ICF/IID,NO,YES,HARRIS,5707 WARM SPRINGS,HOUSTON,TX,77035,dddf847544af07c80cfa3c25e4b7d8f9dedc28696e6c14f5dd307636ea67f450,https://apps.hhs.texas.gov/providers/directories/ICFIID.xlsx,2026-09-30T13:16:15.417177+00:00,2026-09-28,f601686a79fb02cbfb7b0d60a4db9e6a820686e63239667ac77dcd12a4cea73c
TX_ICF_IID,007571,342,WESTVIEW I,ICF/IID,YES,YES,HARRIS,10018 WESTVIEW DR,HOUSTON,TX,77055,dddf847544af07c80cfa3c25e4b7d8f9dedc28696e6c14f5dd307636ea67f450,https://apps.hhs.texas.gov/providers/directories/ICFIID.xlsx,2026-09-30T13:16:15.417177+00:00,2026-09-28,c7dc1d857d64a39993b8fa9ac044f7f2184392db978bd2ba284234691a5903ab
TX_ICF_IID,007328,343,EDUCARE COMMUNITY LIVING LIMITED PARTNERSHIP,ICF/IID,YES,YES,HARRIS,13515 TARA OAK DRIVE,JERSEY VILLAGE,TX,77065,dddf847544af07c80cfa3c25e4b7d8f9dedc28696e6c14f5dd307636ea67f450,https://apps.hhs.texas.gov/providers/directories/ICFIID.xlsx,2026-09-30T13:16:15.417177+00:00,2026-09-28,13a63e389c9ce18a39a0d66bb6edd23d251586fa97ae610f0e9ad70ce2036fbc
TX_ICF_IID,003688,344,APPLEWHITE,ICF/IID,NO,YES,HARRIS,526 APPLEWHITE DRIVE,KATY,TX,77450,dddf847544af07c80cfa3c25e4b7d8f9dedc28696e6c14f5dd307636ea67f450,https://apps.hhs.texas.gov/providers/directories/ICFIID.xlsx,2026-09-30T13:16:15.417177+00:00,2026-09-28,a1b0fa94dc896e9c4deba0ffc13db5f01b3bd18dfd9df1af773fc4a077b68681
TX_ICF_IID,007540,345,MEADOWPLACE LIVING CENTER,ICF/IID,YES,YES,HARRIS,5205 MEADOW PLACE DRIVE,LA PORTE,TX,77571,dddf847544af07c80cfa3c25e4b7d8f9dedc28696e6c14f5dd307636ea67f450,https://apps.hhs.texas.gov/providers/directories/ICFIID.xlsx,2026-09-30T13:16:15.417177+00:00,2026-09-28,5e88a9ce0ea5b5eb62861b9e02184d2e4c1e2c79a689267047015124e1f57b82
TX_ICF_IID,007462,346,SHELL ROCK LIVING CENTER,ICF/IID,YES,YES,HARRIS,9734 SHELL ROCK,LA PORTE,TEXAS,77571,dddf847544af07c80cfa3c25e4b7d8f9dedc28696e6c14f5dd307636ea67f450,https://apps.hhs.texas.gov/providers/directories/ICFIID.xlsx,2026-09-30T13:16:15.417177+00:00,2026-09-28,059058ef6368127afa5e78a4a5f1ef92a1e3242ed9bbb9619fb900dbefbc7685
TX_ICF_IID,003694,347,EDUCARE COMMUNITY LIVING CORPORATION  GULF COAST,ICF/IID,YES,YES,HARRIS,3419 BOCA RATON DRIVE,MISSOURI CITY,TX,77459,dddf847544af07c80cfa3c25e4b7d8f9dedc28696e6c14f5dd307636ea67f450,https://apps.hhs.texas.gov/providers/directories/ICFIID.xlsx,2026-09-30T13:16:15.417177+00:00,2026-09-28,ddaf670f8ed1f36b1ba3c208fbefb9ff1814a3f1b5ebbb302819d8b4fb92dcfd
TX_ICF_IID,007218,348,FROSTVIEW HOUSE,ICF/IID,YES,YES,HARRIS,7310 FROSTVIEW LN,MISSOURI CITY,TX,77489,dddf847544af07c80cfa3c25e4b7d8f9dedc28696e6c14f5dd307636ea67f450,https://apps.hhs.texas.gov/providers/directories/ICFIID.xlsx,2026-09-30T13:16:15.417177+00:00,2026-09-28,48f455709bcb90d2a73659d9e4711445b20511e0e35cd84964451d36f0bf6add
TX_ICF_IID,007346,349,JUDY LIVING CENTER,ICF/IID,YES,YES,HARRIS,2012 JUDY LANE,PASADENA,TEXAS,77502,dddf847544af07c80cfa3c25e4b7d8f9dedc28696e6c14f5dd307636ea67f450,https://apps.hhs.texas.gov/providers/directories/ICFIID.xlsx,2026-09-30T13:16:15.417177+00:00,2026-09-28,ec00d76d6d019dfa1fe361b31c5a9811b8b9a076fe17d7d01e13df2e0f2e7d8f
TX_ICF_IID,007807,350,PASADENA COTTAGE,ICF/IID,NO,YES,HARRIS,2122 WICHITA,PASADENA,TX,77502,dddf847544af07c80cfa3c25e4b7d8f9dedc28696e6c14f5dd307636ea67f450,https://apps.hhs.texas.gov/providers/directories/ICFIID.xlsx,2026-09-30T13:16:15.417177+00:00,2026-09-28,05e1d45f01fc5d937f1043d74630915a68c651da9aede6bceba98fc47c3935e1
TX_ICF_IID,007818,351,PASADENA COTTAGE B,ICF/IID,NO,YES,HARRIS,2122 WICHITA,PASADENA,TX,77502,dddf847544af07c80cfa3c25e4b7d8f9dedc28696e6c14f5dd307636ea67f450,https://apps.hhs.texas.gov/providers/directories/ICFIID.xlsx,2026-09-30T13:16:15.417177+00:00,2026-09-28,d1f45928e812ea90f123d7b75435dcbc580c76f7f4b82d45867f2490f32726e9
TX_ICF_IID,007322,352,PONCA LIVING CENTER,ICF/IID,YES,YES,HARRIS,4314 PONCA STREET,PASADENA,TEXAS,77504,dddf847544af07c80cfa3c25e4b7d8f9dedc28696e6c14f5dd307636ea67f450,https://apps.hhs.texas.gov/providers/directories/ICFIID.xlsx,2026-09-30T13:16:15.417177+00:00,2026-09-28,3e18dcb526aacd2e774ace2e13dfcc54b88e01827823a11e9e3f5f2508ddd9b5
TX_ICF_IID,007378,353,GREEN VALLEY HOUSE,ICF/IID,YES,YES,HARRIS,5202 ALAMOSA LN,SPRING,TX,77379,dddf847544af07c80cfa3c25e4b7d8f9dedc28696e6c14f5dd307636ea67f450,https://apps.hhs.texas.gov/providers/directories/ICFIID.xlsx,2026-09-30T13:16:15.417177+00:00,2026-09-28,587a67fe1e24bec70c8ef3c1b70593189bb5612c652599a3adb3209af21408a9
TX_ICF_IID,003847,354,PASSION HOUSE,ICF/IID,YES,YES,HARRIS,19110 CANDLETRAIL DRIVE,SPRING,TX,77388,dddf847544af07c80cfa3c25e4b7d8f9dedc28696e6c14f5dd307636ea67f450,https://apps.hhs.texas.gov/providers/directories/ICFIID.xlsx,2026-09-30T13:16:15.417177+00:00,2026-09-28,418ad8daeee64cd0ef5bcec928ebdb649cbc01a87de419692b5312da72f28e2e
TX_ICF_IID,003990,355,SPRING GROUP HOME,ICF/IID,YES,YES,HARRIS,17403 DEER CREEK,SPRING,TEXAS,77379,dddf847544af07c80cfa3c25e4b7d8f9dedc28696e6c14f5dd307636ea67f450,https://apps.hhs.texas.gov/providers/directories/ICFIID.xlsx,2026-09-30T13:16:15.417177+00:00,2026-09-28,6f0aa792f2108692b43d2c304648b6b908365c803413e7552810b01ba49feac7
TX_ICF_IID,105856,356,CHOCTAW GROUP HOME,ICF/IID,YES,YES,HARRIS,11719 COCONINO LANE,TOMBALL,TX,77377,dddf847544af07c80cfa3c25e4b7d8f9dedc28696e6c14f5dd307636ea67f450,https://apps.hhs.texas.gov/providers/directories/ICFIID.xlsx,2026-09-30T13:16:15.417177+00:00,2026-09-28,b489040b0ff8ce01607c3e4036a4b8d84f4165da5753000ba9bca4d39e0f43f7
TX_ICF_IID,003607,357,"REACH UNLIMITED, INC",ICF/IID,YES,YES,HARRIS,14119 LIMERICK LN,TOMBALL,TX,77375,dddf847544af07c80cfa3c25e4b7d8f9dedc28696e6c14f5dd307636ea67f450,https://apps.hhs.texas.gov/providers/directories/ICFIID.xlsx,2026-09-30T13:16:15.417177+00:00,2026-09-28,fc4b6fa86fff5c5797d4772cd4b748cea55ed7253d1efb0e1b85bd7991824e86
TX_ICF_IID,003986,358,TOMBALL HILLS HOME,ICF/IID,YES,YES,HARRIS,31111 STELLA LANE,TOMBALL,TX,77375,dddf847544af07c80cfa3c25e4b7d8f9dedc28696e6c14f5dd307636ea67f450,https://apps.hhs.texas.gov/providers/directories/ICFIID.xlsx,2026-09-30T13:16:15.417177+00:00,2026-09-28,808eb6c450b1f1edd98915012d49d48e790565e4bb970f3dbd61b813d971cc0a
TX_ICF_IID,003989,359,WHITE RIVER,ICF/IID,YES,YES,HARRIS,12335 WHITE RIVER,TOMBALL,TX,77375,dddf847544af07c80cfa3c25e4b7d8f9dedc28696e6c14f5dd307636ea67f450,https://apps.hhs.texas.gov/providers/directories/ICFIID.xlsx,2026-09-30T13:16:15.417177+00:00,2026-09-28,6ca74d40b5b117c84e9e0c7b911482d9f11e7cf7d7c81d96c6576df976487750
TX_ICF_IID,007427,360,"HARMONY LIVING CENTERS, INC",ICF/IID,YES,YES,HARRISON,2402 PALATO DR,MARSHALL,TX,75670,dddf847544af07c80cfa3c25e4b7d8f9dedc28696e6c14f5dd307636ea67f450,https://apps.hhs.texas.gov/providers/directories/ICFIID.xlsx,2026-09-30T13:16:15.417177+00:00,2026-09-28,b7e6716128add4cac479da3e5b85eb26324473147e3aa176d34e198b3c45ad30
TX_ICF_IID,007440,361,"HARMONY LIVING CENTERS, INC",ICF/IID,YES,YES,HARRISON,101 ROSEBUD DRIVE,MARSHALL,TX,75672,dddf847544af07c80cfa3c25e4b7d8f9dedc28696e6c14f5dd307636ea67f450,https://apps.hhs.texas.gov/providers/directories/ICFIID.xlsx,2026-09-30T13:16:15.417177+00:00,2026-09-28,6e38ed0cb3035f391c9e6e31ef454748ed01504a544e97a2c33d187a2a0f25d3
TX_ICF_IID,104575,362,SUN BONNET COMMUNITY RESIDENCE,ICF/IID,YES,YES,HAYS,500 REBEL DRIVE,BUDA,TX,78610,dddf847544af07c80cfa3c25e4b7d8f9dedc28696e6c14f5dd307636ea67f450,https://apps.hhs.texas.gov/providers/directories/ICFIID.xlsx,2026-09-30T13:16:15.417177+00:00,2026-09-28,06d4065fd351ad0cf1860edb12bc68c57ea4cd67b61217201846f9ba5ce74a79
TX_ICF_IID,111584,363,CENTURY HOUSE,ICF/IID,YES,YES,HAYS,216 RAILHEAD RD,SAN MARCOS,TEXAS,78666-3390,dddf847544af07c80cfa3c25e4b7d8f9dedc28696e6c14f5dd307636ea67f450,https://apps.hhs.texas.gov/providers/directories/ICFIID.xlsx,2026-09-30T13:16:15.417177+00:00,2026-09-28,ca37417965bd55db5ad00e5b61aef01fa838b7fa94ea40f947f8da15aaefdd34
TX_ICF_IID,007278,364,LAGO VISTA,ICF/IID,YES,YES,HAYS,1129 LAGO VISTA,SAN MARCOS,TX,78666,dddf847544af07c80cfa3c25e4b7d8f9dedc28696e6c14f5dd307636ea67f450,https://apps.hhs.texas.gov/providers/directories/ICFIID.xlsx,2026-09-30T13:16:15.417177+00:00,2026-09-28,a21362683afb2b518a6777a703e4edb3372de2efc80d9f1167f9c321b8102908
TX_ICF_IID,003919,365,MOCKINGBIRD VILLA,ICF/IID,YES,YES,HAYS,1502 MOCKINGBIRD DRIVE,SAN MARCOS,TX,78666,dddf847544af07c80cfa3c25e4b7d8f9dedc28696e6c14f5dd307636ea67f450,https://apps.hhs.texas.gov/providers/directories/ICFIID.xlsx,2026-09-30T13:16:15.417177+00:00,2026-09-28,733b3b798fac75f259c6b114fdf5fe12df53d61600348eeca7c4186d1d35d32e
TX_ICF_IID,003874,366,RIO BLANCO,ICF/IID,YES,YES,HAYS,1010 E UHLAND RD,SAN MARCOS,TX,78666,dddf847544af07c80cfa3c25e4b7d8f9dedc28696e6c14f5dd307636ea67f450,https://apps.hhs.texas.gov/providers/directories/ICFIID.xlsx,2026-09-30T13:16:15.417177+00:00,2026-09-28,4c5210277d9412957c760125191d7d01ebf4b2dd5e5bdd8867dc35bf0f30afd5
TX_ICF_IID,106850,367,UCG  HARWOOD HOUSE,ICF/IID,YES,YES,HAYS,718 HARWOOD DR.,SAN MARCOS,TX,78666,dddf847544af07c80cfa3c25e4b7d8f9dedc28696e6c14f5dd307636ea67f450,https://apps.hhs.texas.gov/providers/directories/ICFIID.xlsx,2026-09-30T13:16:15.417177+00:00,2026-09-28,377ed30113c2f8d173b1300f113273d55429ebef0072288f9d104487334b10c2
TX_ICF_IID,010354,368,ATHENS PLACE GROUP HOME,ICF/IID,NO,YES,HENDERSON,4875 FM 2709,ATHENS,TX,75751,dddf847544af07c80cfa3c25e4b7d8f9dedc28696e6c14f5dd307636ea67f450,https://apps.hhs.texas.gov/providers/directories/ICFIID.xlsx,2026-09-30T13:16:15.417177+00:00,2026-09-28,85b23bad71f58e8d0424ba096919f3ae372baed4b84122a82faac110398562e9
TX_ICF_IID,003956,369,SOUTH TEXAS COMMUNITY LIVING CORP,ICF/IID,YES,YES,HIDALGO,922 DIANA DRIVE,EDINBURG,TX,78542,dddf847544af07c80cfa3c25e4b7d8f9dedc28696e6c14f5dd307636ea67f450,https://apps.hhs.texas.gov/providers/directories/ICFIID.xlsx,2026-09-30T13:16:15.417177+00:00,2026-09-28,d28b2394a9b5d1745e525b8bd4292aac6943a60e69638ad8d5829bbc0d87f6b0
TX_ICF_IID,003602,370,SOUTH TEXAS COMMUNITY LIVING CORP,ICF/IID,YES,YES,HIDALGO,207 W ENFIELD RD,EDINBURG,TX,78539,dddf847544af07c80cfa3c25e4b7d8f9dedc28696e6c14f5dd307636ea67f450,https://apps.hhs.texas.gov/providers/directories/ICFIID.xlsx,2026-09-30T13:16:15.417177+00:00,2026-09-28,baeb8334216f1874dbcf6dd2d2c8b29407d18b6242df447f2db56a57d94a7c49
TX_ICF_IID,007470,371,SOUTH TEXAS COMMUNITY LIVING CORP,ICF/IID,YES,YES,HIDALGO,5313 N 32ND ST,MCALLEN,TX,78504,dddf847544af07c80cfa3c25e4b7d8f9dedc28696e6c14f5dd307636ea67f450,https://apps.hhs.texas.gov/providers/directories/ICFIID.xlsx,2026-09-30T13:16:15.417177+00:00,2026-09-28,da2c2f2ef26004d59e586ef45fab31139b74babf29d29f28cb7ecafd8eba29a8
TX_ICF_IID,007525,372,SOUTH TEXAS COMMUNITY LIVING CORP,ICF/IID,YES,YES,HIDALGO,6000 N 26TH ST,MCALLEN,TX,78504,dddf847544af07c80cfa3c25e4b7d8f9dedc28696e6c14f5dd307636ea67f450,https://apps.hhs.texas.gov/providers/directories/ICFIID.xlsx,2026-09-30T13:16:15.417177+00:00,2026-09-28,052bc4907f69a7653f1c54d4c65471f3441570289e5fbec3422bf3cca17f3548
TX_ICF_IID,007507,373,SOUTH TEXAS COMMUNITY LIVING CORP,ICF/IID,YES,YES,HIDALGO,2406 BRIARWOOD,MISSION,TX,78574,dddf847544af07c80cfa3c25e4b7d8f9dedc28696e6c14f5dd307636ea67f450,https://apps.hhs.texas.gov/providers/directories/ICFIID.xlsx,2026-09-30T13:16:15.417177+00:00,2026-09-28,37987339413819c76c401ceef87b53bb606d82a268db180fac32f5c83f4261c6
TX_ICF_IID,007455,374,EDUCARE COMMUNITY LIVING CORPORATION  TEXAS,ICF/IID,YES,YES,HOCKLEY,308 W 7TH STREET,SUNDOWN,TX,79372,dddf847544af07c80cfa3c25e4b7d8f9dedc28696e6c14f5dd307636ea67f450,https://apps.hhs.texas.gov/providers/directories/ICFIID.xlsx,2026-09-30T13:16:15.417177+00:00,2026-09-28,4adb014285b6dedf8c77d88ba0f97d430d59e787f46c87c14c48403200a32f1a
TX_ICF_IID,003779,375,GRANBURY HOUSE,ICF/IID,YES,YES,HOOD,826 N. THORPE SPRINGS ROAD,GRANBURY,TX,76048,dddf847544af07c80cfa3c25e4b7d8f9dedc28696e6c14f5dd307636ea67f450,https://apps.hhs.texas.gov/providers/directories/ICFIID.xlsx,2026-09-30T13:16:15.417177+00:00,2026-09-28,bc1b8e1dc760225b6c35bd264ab278164bebba3c37d67ea8afb8559e34719a57
TX_ICF_IID,007382,376,6TH AND MESQUITE,ICF/IID,YES,YES,HOOD,407 E SIXTH ST,TOLAR,TX,76476,dddf847544af07c80cfa3c25e4b7d8f9dedc28696e6c14f5dd307636ea67f450,https://apps.hhs.texas.gov/providers/directories/ICFIID.xlsx,2026-09-30T13:16:15.417177+00:00,2026-09-28,5a066bcaa5e612a717fcb4ac6658d187b1cef65ab093124f8bc38b4a3322540e
TX_ICF_IID,003792,377,COMANCHE FLATS,ICF/IID,YES,YES,HOWARD,1315 BAYLOR BOULEVARD,BIG SPRING,TX,79720,dddf847544af07c80cfa3c25e4b7d8f9dedc28696e6c14f5dd307636ea67f450,https://apps.hhs.texas.gov/providers/directories/ICFIID.xlsx,2026-09-30T13:16:15.417177+00:00,2026-09-28,f174558273488ad42dfed21abd7b94bfd7d56977685d214820a02642582bdd04
TX_ICF_IID,007205,378,100 PATTI J STREET,ICF/IID,YES,YES,HUNT,100 PATTI J STREET,GREENVILLE,TX,75402,dddf847544af07c80cfa3c25e4b7d8f9dedc28696e6c14f5dd307636ea67f450,https://apps.hhs.texas.gov/providers/directories/ICFIID.xlsx,2026-09-30T13:16:15.417177+00:00,2026-09-28,37f95f3d61e2dafb2fa7b701581e6f20241099ba08c89b2fbec6fe9a21e4805e
TX_ICF_IID,007282,379,2500 TERRY PLACE,ICF/IID,YES,YES,HUNT,2500 TERRY PLACE,GREENVILLE,TX,75402,dddf847544af07c80cfa3c25e4b7d8f9dedc28696e6c14f5dd307636ea67f450,https://apps.hhs.texas.gov/providers/directories/ICFIID.xlsx,2026-09-30T13:16:15.417177+00:00,2026-09-28,f6ee300114ae943a1c9c611069e3448d26384fe746276cdf6c95579ba03464d9
TX_ICF_IID,003669,380,3506 GARBER CIRCLE,ICF/IID,YES,YES,HUNT,3506 GARBER CIRCLE,GREENVILLE,TX,75402,dddf847544af07c80cfa3c25e4b7d8f9dedc28696e6c14f5dd307636ea67f450,https://apps.hhs.texas.gov/providers/directories/ICFIID.xlsx,2026-09-30T13:16:15.417177+00:00,2026-09-28,fa265b80b761b219a57a95add74be8ae39a8e3bf709d2f17f8aed0f5eae2ff56
TX_ICF_IID,003937,381,BONNIE LEA GROUP HOME,ICF/IID,NO,YES,HUNT,3408 BONNIE LEA,GREENVILLE,TX,75402,dddf847544af07c80cfa3c25e4b7d8f9dedc28696e6c14f5dd307636ea67f450,https://apps.hhs.texas.gov/providers/directories/ICFIID.xlsx,2026-09-30T13:16:15.417177+00:00,2026-09-28,92f9178bc3572b3c6d5ab78a8d323c217af4e4efe69f762a13c08fbd9adc20d2
TX_ICF_IID,007549,382,SAYLE STREET GROUP HOME,ICF/IID,NO,YES,HUNT,6518 SAYLE ST,GREENVILLE,TX,75402,dddf847544af07c80cfa3c25e4b7d8f9dedc28696e6c14f5dd307636ea67f450,https://apps.hhs.texas.gov/providers/directories/ICFIID.xlsx,2026-09-30T13:16:15.417177+00:00,2026-09-28,315cba86b8d3be30930469935c4c8fcc9405dd352b50b4d4d614866cc2c2c9b8
TX_ICF_IID,007460,383,TURTLE CREEK FAMILY LIVING,ICF/IID,NO,YES,HUNT,505 ERMINE,GREENVILLE,TX,75401,dddf847544af07c80cfa3c25e4b7d8f9dedc28696e6c14f5dd307636ea67f450,https://apps.hhs.texas.gov/providers/directories/ICFIID.xlsx,2026-09-30T13:16:15.417177+00:00,2026-09-28,1892438db7a5e429595cb5125b8ed86c0f1b391c3ef6da3eb6943f2f4232d864
TX_ICF_IID,007543,384,WINDY HILL GROUP HOME,ICF/IID,NO,YES,HUNT,5307 WINDY HILL RD,GREENVILLE,TX,75402,dddf847544af07c80cfa3c25e4b7d8f9dedc28696e6c14f5dd307636ea67f450,https://apps.hhs.texas.gov/providers/directories/ICFIID.xlsx,2026-09-30T13:16:15.417177+00:00,2026-09-28,8eb06c3f947c6e59624cd26708eeb1fdcde0ae652e4c23ec692ddbe0cb02ab60
TX_ICF_IID,007643,385,WEST BAY HOUSE,ICF/IID,NO,YES,JASPER,46 WEST BAY,JASPER,TX,75951,dddf847544af07c80cfa3c25e4b7d8f9dedc28696e6c14f5dd307636ea67f450,https://apps.hhs.texas.gov/providers/directories/ICFIID.xlsx,2026-09-30T13:16:15.417177+00:00,2026-09-28,645c0b794659b5fa2aa966a389c30b7359d50a86276d85d089d6cfdb135225f8
TX_ICF_IID,003906,386,KIRBYVILLE GROUP HOME,ICF/IID,NO,YES,JASPER,703 W MARTIN LUTHER KING BLVD,KIRBYVILLE,TX,75956,dddf847544af07c80cfa3c25e4b7d8f9dedc28696e6c14f5dd307636ea67f450,https://apps.hhs.texas.gov/providers/directories/ICFIID.xlsx,2026-09-30T13:16:15.417177+00:00,2026-09-28,5fd20e95f39fb72bcdf6e8380b721b6e24ed7b876e55795115481517ba063178
TX_ICF_IID,007457,387,ADA LIVING CENTER,ICF/IID,YES,YES,JEFFERSON,5010 ADA,BEAUMONT,TEXAS,77708,dddf847544af07c80cfa3c25e4b7d8f9dedc28696e6c14f5dd307636ea67f450,https://apps.hhs.texas.gov/providers/directories/ICFIID.xlsx,2026-09-30T13:16:15.417177+00:00,2026-09-28,d700d3d13ac8f35390a4e45750b95ee73b9c239f40967dab31499133133fb306
TX_ICF_IID,003673,388,CARNATION LIVING CENTER,ICF/IID,YES,YES,JEFFERSON,6270 CARNATION,BEAUMONT,TEXAS,77703,dddf847544af07c80cfa3c25e4b7d8f9dedc28696e6c14f5dd307636ea67f450,https://apps.hhs.texas.gov/providers/directories/ICFIID.xlsx,2026-09-30T13:16:15.417177+00:00,2026-09-28,6e053609da731bdf6069f9c6b32d7d88226c4a240530fce036ec9c76666ed9e3
TX_ICF_IID,007528,389,CENTRAL HOUSE,ICF/IID,YES,YES,JEFFERSON,4655 HOLST ST,BEAUMONT,TX,77708,dddf847544af07c80cfa3c25e4b7d8f9dedc28696e6c14f5dd307636ea67f450,https://apps.hhs.texas.gov/providers/directories/ICFIID.xlsx,2026-09-30T13:16:15.417177+00:00,2026-09-28,da95b46f64b1fd0b64c55876628ac6e3b9f06334e395e33c8bfafa3c2d04a8a9
TX_ICF_IID,003672,390,CHERYL LIVING CENTER,ICF/IID,YES,YES,JEFFERSON,3895 CHERYL DRIVE,BEAUMONT,TX,77713,dddf847544af07c80cfa3c25e4b7d8f9dedc28696e6c14f5dd307636ea67f450,https://apps.hhs.texas.gov/providers/directories/ICFIID.xlsx,2026-09-30T13:16:15.417177+00:00,2026-09-28,417aeedbf5ce1c9900f4a00fe9e07c650b4d950434074ff28f6454c2a840a8f5
TX_ICF_IID,003754,391,COLE ROAD HOUSE,ICF/IID,YES,YES,JEFFERSON,5820 COLE RD,BEAUMONT,TX,77706,dddf847544af07c80cfa3c25e4b7d8f9dedc28696e6c14f5dd307636ea67f450,https://apps.hhs.texas.gov/providers/directories/ICFIID.xlsx,2026-09-30T13:16:15.417177+00:00,2026-09-28,98244942fd7041881f721e50dfb3f1dca123b22656dec60452ee9b25c508b47e
TX_ICF_IID,003967,392,EDUCARE COMMUNITY LIVING CORPORATION  TEXAS,ICF/IID,YES,YES,JEFFERSON,7585 SAN DIEGO,BEAUMONT,TX,77708,dddf847544af07c80cfa3c25e4b7d8f9dedc28696e6c14f5dd307636ea67f450,https://apps.hhs.texas.gov/providers/directories/ICFIID.xlsx,2026-09-30T13:16:15.417177+00:00,2026-09-28,9909622a7c9bbd24df542df948039125d2e02067c8514420665fbf55ea912d87
TX_ICF_IID,003966,393,EDUCARE COMMUNITY LIVING CORPORATION  TEXAS,ICF/IID,YES,YES,JEFFERSON,9165 LANDIS,BEAUMONT,TX,77707,dddf847544af07c80cfa3c25e4b7d8f9dedc28696e6c14f5dd307636ea67f450,https://apps.hhs.texas.gov/providers/directories/ICFIID.xlsx,2026-09-30T13:16:15.417177+00:00,2026-09-28,a4bc254035616d4319e72d2aa8c5f0bc8d2a9756a820983007104684001b902d
TX_ICF_IID,003964,394,EDUCARE COMMUNITY LIVING CORPORATION  TEXAS,ICF/IID,YES,YES,JEFFERSON,5155 CAMBRIDGE,BEAUMONT,TX,77707,dddf847544af07c80cfa3c25e4b7d8f9dedc28696e6c14f5dd307636ea67f450,https://apps.hhs.texas.gov/providers/directories/ICFIID.xlsx,2026-09-30T13:16:15.417177+00:00,2026-09-28,69951afc1c696322c2d4dab7c99b5bdf8ed271138c735e5354b23cf92d8fce9a
TX_ICF_IID,003965,395,EDUCARE COMMUNITY LIVING CORPORATION  TEXAS,ICF/IID,YES,YES,JEFFERSON,3550 AUSTIN ST,BEAUMONT,TX,77706,dddf847544af07c80cfa3c25e4b7d8f9dedc28696e6c14f5dd307636ea67f450,https://apps.hhs.texas.gov/providers/directories/ICFIID.xlsx,2026-09-30T13:16:15.417177+00:00,2026-09-28,b0ae5b702680c707fd3d5f7d2c0e88df60138c4fca4acfeff53d51a5bc486145
TX_ICF_IID,003689,396,HUNTSMAN LIVING CENTER,ICF/IID,YES,YES,JEFFERSON,535 CARNAHAN PLACE,BEAUMONT,TEXAS,77707,dddf847544af07c80cfa3c25e4b7d8f9dedc28696e6c14f5dd307636ea67f450,https://apps.hhs.texas.gov/providers/directories/ICFIID.xlsx,2026-09-30T13:16:15.417177+00:00,2026-09-28,c7ffce651d30f6a64212f6289c095a09d664f883e1d641e95622329990ca926e
TX_ICF_IID,007307,397,JERRY LIVING CENTER,ICF/IID,YES,YES,JEFFERSON,4415 JERRY DRIVE,BEAUMONT,TX,77703,dddf847544af07c80cfa3c25e4b7d8f9dedc28696e6c14f5dd307636ea67f450,https://apps.hhs.texas.gov/providers/directories/ICFIID.xlsx,2026-09-30T13:16:15.417177+00:00,2026-09-28,56256ce797d8c71030af0bba0cf501390aeb1792c4fceb103c88677bfae18efd
TX_ICF_IID,111865,398,KAREN LANE,ICF/IID,YES,YES,JEFFERSON,1880 KAREN LN,BEAUMONT,TX,77706,dddf847544af07c80cfa3c25e4b7d8f9dedc28696e6c14f5dd307636ea67f450,https://apps.hhs.texas.gov/providers/directories/ICFIID.xlsx,2026-09-30T13:16:15.417177+00:00,2026-09-28,afd9fb80da9434fe08a7285300a1d522aba52257746ffc5205b63994a57dbf52
TX_ICF_IID,003674,399,MCANELLY COMMUNITY HOME,ICF/IID,YES,YES,JEFFERSON,5125 MCANELLY,BEAUMONT,TEXAS,77708,dddf847544af07c80cfa3c25e4b7d8f9dedc28696e6c14f5dd307636ea67f450,https://apps.hhs.texas.gov/providers/directories/ICFIID.xlsx,2026-09-30T13:16:15.417177+00:00,2026-09-28,6c09df5986ff538215f8e9e57c7c3b5e8ca4f546c069742bc994c9a48c149c00
TX_ICF_IID,007405,400,MEADOWICK LIVING CENTER,ICF/IID,YES,YES,JEFFERSON,9640 MEADOWICK,BEAUMONT,TEXAS,77706,dddf847544af07c80cfa3c25e4b7d8f9dedc28696e6c14f5dd307636ea67f450,https://apps.hhs.texas.gov/providers/directories/ICFIID.xlsx,2026-09-30T13:16:15.417177+00:00,2026-09-28,7b9613f508b787ba98da97993860e8d716069264ec558f30b6359510a47360fb
TX_ICF_IID,007326,401,NORTH HOUSE,ICF/IID,YES,YES,JEFFERSON,8185 PARK NORTH DR,BEAUMONT,TX,77708,dddf847544af07c80cfa3c25e4b7d8f9dedc28696e6c14f5dd307636ea67f450,https://apps.hhs.texas.gov/providers/directories/ICFIID.xlsx,2026-09-30T13:16:15.417177+00:00,2026-09-28,9916b67b4918c36c6432d526594ec0d832c6d4e0fc49820210ba4f2e4fa149f7
TX_ICF_IID,003690,402,NOTTINGHAM LIVING CENTER,ICF/IID,YES,YES,JEFFERSON,5965 NAVAJO TRAIL,BEAUMONT,TX,77708,dddf847544af07c80cfa3c25e4b7d8f9dedc28696e6c14f5dd307636ea67f450,https://apps.hhs.texas.gov/providers/directories/ICFIID.xlsx,2026-09-30T13:16:15.417177+00:00,2026-09-28,370b20f5f79fd5c302fe396bcde9393e5e9ba49e8d7eb17e15b636b1895238e5
TX_ICF_IID,003693,403,SAMS WAY LIVING CENTER,ICF/IID,YES,YES,JEFFERSON,1760 SAMS WAY,BEAUMONT,TEXAS,77706,dddf847544af07c80cfa3c25e4b7d8f9dedc28696e6c14f5dd307636ea67f450,https://apps.hhs.texas.gov/providers/directories/ICFIID.xlsx,2026-09-30T13:16:15.417177+00:00,2026-09-28,6dc7a664d38695179a4a5392f0935406420959ffd39b7e146d387495740b30e7
TX_ICF_IID,003677,404,THOUSAND OAKS LIVING CENTER,ICF/IID,YES,YES,JEFFERSON,8255 SHILOH,BEAUMONT,TEXAS,77706,dddf847544af07c80cfa3c25e4b7d8f9dedc28696e6c14f5dd307636ea67f450,https://apps.hhs.texas.gov/providers/directories/ICFIID.xlsx,2026-09-30T13:16:15.417177+00:00,2026-09-28,277e4eaea7bb9e27b7a934e41d66ea700b474f492bc107a772b83bed1d5d0083
TX_ICF_IID,007567,405,GRIFFIN LIVING CENTER,ICF/IID,YES,YES,JEFFERSON,3905 28TH STREET,PORT ARTHUR,TEXAS,77642,dddf847544af07c80cfa3c25e4b7d8f9dedc28696e6c14f5dd307636ea67f450,https://apps.hhs.texas.gov/providers/directories/ICFIID.xlsx,2026-09-30T13:16:15.417177+00:00,2026-09-28,61ba8d9182f6cce29de5b5b07402bf6da29533855710a4b67f5973da0be303cc
TX_ICF_IID,007530,406,SHERIDAN LIVING CENTER,ICF/IID,YES,YES,JEFFERSON,2810 SHERIDAN,PORT ARTHUR,TX,77640,dddf847544af07c80cfa3c25e4b7d8f9dedc28696e6c14f5dd307636ea67f450,https://apps.hhs.texas.gov/providers/directories/ICFIID.xlsx,2026-09-30T13:16:15.417177+00:00,2026-09-28,a005cba919ffd689329f6ad17853a4ee273ee97d52a1266cc1b1d558cc7bb8f5
TX_ICF_IID,007295,407,GREEN ACRES,ICF/IID,YES,YES,JIM WELLS,5927 S HWY 281,ALICE,TX,78332,dddf847544af07c80cfa3c25e4b7d8f9dedc28696e6c14f5dd307636ea67f450,https://apps.hhs.texas.gov/providers/directories/ICFIID.xlsx,2026-09-30T13:16:15.417177+00:00,2026-09-28,ea43cd94b62b33944f9dae0a270c234cbafe1f0ebc96c7fec887ef5934178c4b
TX_ICF_IID,003929,408,OAK HOUSE,ICF/IID,YES,YES,JOHNSON,208 ALVARADO OAKS DR,ALVARADO,TX,76009,dddf847544af07c80cfa3c25e4b7d8f9dedc28696e6c14f5dd307636ea67f450,https://apps.hhs.texas.gov/providers/directories/ICFIID.xlsx,2026-09-30T13:16:15.417177+00:00,2026-09-28,9ff55f166d9268f717a55aaa19b0a22a2b4ea5f60d21442cf3dbd82f3aebc587
TX_ICF_IID,003635,409,EDUCARE COMMUNITY LIVING CORPORATION  TEXAS,ICF/IID,YES,YES,JOHNSON,716 STELLA MAE,BURLESON,TX,76028,dddf847544af07c80cfa3c25e4b7d8f9dedc28696e6c14f5dd307636ea67f450,https://apps.hhs.texas.gov/providers/directories/ICFIID.xlsx,2026-09-30T13:16:15.417177+00:00,2026-09-28,028edb7ae3703252d5f9f0b1f38c4876e46ba5bee6b8ceeb3776bf9751028de0
TX_ICF_IID,003961,410,TURKEY PEAK,ICF/IID,NO,YES,JOHNSON,908 BROWNCREST,BURLESON,TX,76028,dddf847544af07c80cfa3c25e4b7d8f9dedc28696e6c14f5dd307636ea67f450,https://apps.hhs.texas.gov/providers/directories/ICFIID.xlsx,2026-09-30T13:16:15.417177+00:00,2026-09-28,2adb9962f94e6d51751a67b5e8a507753c12b67ac0420808b63cb977ba44dfd3
TX_ICF_IID,003822,411,COMMUNITY LIVING CONCEPTS INC,ICF/IID,YES,YES,JOHNSON,2764 CO RD 310,CLEBURNE,TX,76031,dddf847544af07c80cfa3c25e4b7d8f9dedc28696e6c14f5dd307636ea67f450,https://apps.hhs.texas.gov/providers/directories/ICFIID.xlsx,2026-09-30T13:16:15.417177+00:00,2026-09-28,eb07173c6a5c8b49d2573898c68aa2e019b2afbe4c94c40fabd5ae0673264928
TX_ICF_IID,003924,412,EDUCARE COMMUNITY LIVING  TEXAS,ICF/IID,YES,YES,JOHNSON,802 BERKLEY,CLEBURNE,TX,76031,dddf847544af07c80cfa3c25e4b7d8f9dedc28696e6c14f5dd307636ea67f450,https://apps.hhs.texas.gov/providers/directories/ICFIID.xlsx,2026-09-30T13:16:15.417177+00:00,2026-09-28,46cbbddcc28e38a7c9e4ca1d117dae3b12ebb9fa2c87bfe46a05deb9fbc1d58b
TX_ICF_IID,111999,413,FEATHERSTON,ICF/IID,YES,YES,JOHNSON,402 FEATHERSTON STREET,CLEBURNE,TX,76033,dddf847544af07c80cfa3c25e4b7d8f9dedc28696e6c14f5dd307636ea67f450,https://apps.hhs.texas.gov/providers/directories/ICFIID.xlsx,2026-09-30T13:16:15.417177+00:00,2026-09-28,23d4eb098102dd9a0b037fcac018905be778adb0fcc5988a325dd893cbc6b425
TX_ICF_IID,111523,414,FOREST HOUSE,ICF/IID,YES,YES,JOHNSON,1206 TANGLEWOOD DR,CLEBURNE,TEXAS,76033,dddf847544af07c80cfa3c25e4b7d8f9dedc28696e6c14f5dd307636ea67f450,https://apps.hhs.texas.gov/providers/directories/ICFIID.xlsx,2026-09-30T13:16:15.417177+00:00,2026-09-28,12bba3bbd95c2168de74770cd2a2638a8ecd649d0b81e6304d8c3a4f710f5013
TX_ICF_IID,003969,415,HIGHLAND ESTATES,ICF/IID,NO,YES,JOHNSON,1018 HIGHLAND ROAD,CLEBURNE,TX,76031,dddf847544af07c80cfa3c25e4b7d8f9dedc28696e6c14f5dd307636ea67f450,https://apps.hhs.texas.gov/providers/directories/ICFIID.xlsx,2026-09-30T13:16:15.417177+00:00,2026-09-28,435571e55aef8f6703a8d817da34a3a2cd7fd9609b77feb0348f04694f777953
TX_ICF_IID,003962,416,QUAIL PARK,ICF/IID,NO,YES,JOHNSON,805 QUAIL PARK LANE,CLEBURNE,TX,76031,dddf847544af07c80cfa3c25e4b7d8f9dedc28696e6c14f5dd307636ea67f450,https://apps.hhs.texas.gov/providers/directories/ICFIID.xlsx,2026-09-30T13:16:15.417177+00:00,2026-09-28,9ff137113f1a03f921ad26a2047b3a498953067a30bcd4b0e579f49576c73c59
TX_ICF_IID,003970,417,ROLLING ACRES,ICF/IID,NO,YES,JOHNSON,2901 FM 2280,CLEBURNE,TX,76031,dddf847544af07c80cfa3c25e4b7d8f9dedc28696e6c14f5dd307636ea67f450,https://apps.hhs.texas.gov/providers/directories/ICFIID.xlsx,2026-09-30T13:16:15.417177+00:00,2026-09-28,c1b0c1ed93754270d7d587d9c2c0b2dc887d99ebe7b9e98001a23647634ad12a
TX_ICF_IID,003622,418,COMMUNITY LIVING CONCEPTS INC,ICF/IID,YES,YES,JOHNSON,802 DAVIS ST,GRANDVIEW,TX,76050,dddf847544af07c80cfa3c25e4b7d8f9dedc28696e6c14f5dd307636ea67f450,https://apps.hhs.texas.gov/providers/directories/ICFIID.xlsx,2026-09-30T13:16:15.417177+00:00,2026-09-28,57b297a8779aad18da76921fe0ce065fa51bb8cc8a18fe6c46f54eb7919da28f
TX_ICF_IID,003820,419,COMMUNITY LIVING CONCEPTS INC,ICF/IID,YES,YES,JOHNSON,712 STADIUM DR,JOSHUA,TX,76058,dddf847544af07c80cfa3c25e4b7d8f9dedc28696e6c14f5dd307636ea67f450,https://apps.hhs.texas.gov/providers/directories/ICFIID.xlsx,2026-09-30T13:16:15.417177+00:00,2026-09-28,70a38268e8b96159e4937ebf4d85600064da7657fdc907df61185cfc707f4837
TX_ICF_IID,003972,420,LITTLEBROOK ESTATES,ICF/IID,NO,YES,JOHNSON,105 LITTLEBROOK ROAD,JOSHUA,TX,76058,dddf847544af07c80cfa3c25e4b7d8f9dedc28696e6c14f5dd307636ea67f450,https://apps.hhs.texas.gov/providers/directories/ICFIID.xlsx,2026-09-30T13:16:15.417177+00:00,2026-09-28,055e4bdc1326c80c27e7da9bd5c2bf629dfd77e1b0e7e0944749ddacb60935fa
TX_ICF_IID,007366,421,COMMUNITY LIVING CONCEPTS INC,ICF/IID,YES,YES,JOHNSON,112 E WALNUT,KEENE,TX,76059,dddf847544af07c80cfa3c25e4b7d8f9dedc28696e6c14f5dd307636ea67f450,https://apps.hhs.texas.gov/providers/directories/ICFIID.xlsx,2026-09-30T13:16:15.417177+00:00,2026-09-28,73d80d0864d36de8f83f44e05549867f859660be9439d61ab313388306fa03d2
TX_ICF_IID,007583,422,COUNTRY CLUB HOUSE,ICF/IID,YES,YES,LEE,1070 CR 227,GIDDINGS,TX,78942,dddf847544af07c80cfa3c25e4b7d8f9dedc28696e6c14f5dd307636ea67f450,https://apps.hhs.texas.gov/providers/directories/ICFIID.xlsx,2026-09-30T13:16:15.417177+00:00,2026-09-28,df5561d8337160a52cec054915269c8a02edcac4fa9060151da8097b3ce58f44
TX_ICF_IID,007523,423,EDGEWOOD HOUSE,ICF/IID,YES,YES,LEE,486 EDGEWOOD,GIDDINGS,TX,78942,dddf847544af07c80cfa3c25e4b7d8f9dedc28696e6c14f5dd307636ea67f450,https://apps.hhs.texas.gov/providers/directories/ICFIID.xlsx,2026-09-30T13:16:15.417177+00:00,2026-09-28,40b9c760f1897989917b4ef883785a0d70269284b46ff4b7c34883cda762b6e1
TX_ICF_IID,007471,424,JOEKEL HOUSE,ICF/IID,YES,YES,LEE,666 JOEKEL,GIDDINGS,TX,78942,dddf847544af07c80cfa3c25e4b7d8f9dedc28696e6c14f5dd307636ea67f450,https://apps.hhs.texas.gov/providers/directories/ICFIID.xlsx,2026-09-30T13:16:15.417177+00:00,2026-09-28,75f52ad5eaed3b75e01fcd1f8987a7c639f6fba510ac5a0363c64d078912d52d
TX_ICF_IID,007610,425,WASHINGTON HOUSE,ICF/IID,YES,YES,LEE,259 CACTUS,GIDDINGS,TX,78942,dddf847544af07c80cfa3c25e4b7d8f9dedc28696e6c14f5dd307636ea67f450,https://apps.hhs.texas.gov/providers/directories/ICFIID.xlsx,2026-09-30T13:16:15.417177+00:00,2026-09-28,2dfc6b76e98f64ac6755c19beeee65976addf22b466bce025e3ab066ce1a40a5
TX_ICF_IID,003891,426,LEGION ST COMMUNITY RESIDENCE,ICF/IID,YES,YES,LIBERTY,206 CHARLES BARKER AVENUE,CLEVELAND,TX,77327,dddf847544af07c80cfa3c25e4b7d8f9dedc28696e6c14f5dd307636ea67f450,https://apps.hhs.texas.gov/providers/directories/ICFIID.xlsx,2026-09-30T13:16:15.417177+00:00,2026-09-28,61cc9d0426d69d4e154c91dab35a8b036d167228320613a2151f77b6277542da
TX_ICF_IID,007566,427,HOLLY ST COMMUNITY RESIDENCE,ICF/IID,YES,YES,LIBERTY,1420 HOLLY STREET,LIBERTY,TX,77575,dddf847544af07c80cfa3c25e4b7d8f9dedc28696e6c14f5dd307636ea67f450,https://apps.hhs.texas.gov/providers/directories/ICFIID.xlsx,2026-09-30T13:16:15.417177+00:00,2026-09-28,359a0a231faa50015ae1424b46ce6809d3d0816348b2594320fd604059a6a494
TX_ICF_IID,007512,428,COMMERCE HOUSE,ICF/IID,YES,YES,LIMESTONE,811 EAST COMMERCE,MEXIA,TEXAS,76667,dddf847544af07c80cfa3c25e4b7d8f9dedc28696e6c14f5dd307636ea67f450,https://apps.hhs.texas.gov/providers/directories/ICFIID.xlsx,2026-09-30T13:16:15.417177+00:00,2026-09-28,9fb569cf7c00e1564f137ee95f83652f3a5f707f2cc950d0f01141d4ee0a2c7f
TX_ICF_IID,007513,429,FAIRWAY HOUSE,ICF/IID,YES,YES,LIMESTONE,1000 FAIRWAY,MEXIA,TX,76667,dddf847544af07c80cfa3c25e4b7d8f9dedc28696e6c14f5dd307636ea67f450,https://apps.hhs.texas.gov/providers/directories/ICFIID.xlsx,2026-09-30T13:16:15.417177+00:00,2026-09-28,7493bec3d7de1062baa411d0249a266ed0c7ee49a2694bfabe1fe39f6abe0913
TX_ICF_IID,007105,430,MEXIA STATE SUPPORTED LIVING CENTER,ICF/IID,NO,YES,LIMESTONE,540 CHAPEL DRIVE,MEXIA,TX,76667,dddf847544af07c80cfa3c25e4b7d8f9dedc28696e6c14f5dd307636ea67f450,https://apps.hhs.texas.gov/providers/directories/ICFIID.xlsx,2026-09-30T13:16:15.417177+00:00,2026-09-28,07704501344c2c537470388ef9b6d60efeecb5e16f4f70a4f13514e68cac05f6
TX_ICF_IID,007586,431,TYLER HOUSE,ICF/IID,YES,YES,LIMESTONE,830 TYLER STREET,MEXIA,TEXAS,76667,dddf847544af07c80cfa3c25e4b7d8f9dedc28696e6c14f5dd307636ea67f450,https://apps.hhs.texas.gov/providers/directories/ICFIID.xlsx,2026-09-30T13:16:15.417177+00:00,2026-09-28,cc1e3f8ab36217d9c6bd74c864b04fd24dc49610861e1c1cbeac37181e5a4ea3
TX_ICF_IID,003908,432,EDUCARE COMMUNITY LIVING LIMITED PARTNERSHIP,ICF/IID,YES,YES,LUBBOCK,606 S MAIN,IDALOU,TX,79329,dddf847544af07c80cfa3c25e4b7d8f9dedc28696e6c14f5dd307636ea67f450,https://apps.hhs.texas.gov/providers/directories/ICFIID.xlsx,2026-09-30T13:16:15.417177+00:00,2026-09-28,eda8f4e515c08c8b9d6d936941c5910269a588e1117a1b93dce97a0eda8b5d00
TX_ICF_IID,112122,433,14TH ST,ICF/IID,YES,NO,LUBBOCK,5003 14TH ST.,LUBBOCK,TX,79414,dddf847544af07c80cfa3c25e4b7d8f9dedc28696e6c14f5dd307636ea67f450,https://apps.hhs.texas.gov/providers/directories/ICFIID.xlsx,2026-09-30T13:16:15.417177+00:00,2026-09-28,e539b47c069f3e9e79a6467b7bef603eedaa5fbdaa695b708d80736e9182c029
TX_ICF_IID,007330,434,23RD MANOR,ICF/IID,YES,YES,LUBBOCK,5423 23RD ST,LUBBOCK,TX,79407,dddf847544af07c80cfa3c25e4b7d8f9dedc28696e6c14f5dd307636ea67f450,https://apps.hhs.texas.gov/providers/directories/ICFIID.xlsx,2026-09-30T13:16:15.417177+00:00,2026-09-28,d6cdf489287f3eaada76652dc2fb9bef26c2013c749bbc3389633b9dfe2f58d2
TX_ICF_IID,111842,435,30TH STREET,ICF/IID,YES,YES,LUBBOCK,1711 30TH STREET,LUBBOCK,TX,79411,dddf847544af07c80cfa3c25e4b7d8f9dedc28696e6c14f5dd307636ea67f450,https://apps.hhs.texas.gov/providers/directories/ICFIID.xlsx,2026-09-30T13:16:15.417177+00:00,2026-09-28,6e15c9284089afaa7c2c00ebc6968046364e48eded91c653fd2289a864153f0d
TX_ICF_IID,007591,436,3419 54TH ST,ICF/IID,YES,YES,LUBBOCK,3419 54TH ST,LUBBOCK,TX,79413,dddf847544af07c80cfa3c25e4b7d8f9dedc28696e6c14f5dd307636ea67f450,https://apps.hhs.texas.gov/providers/directories/ICFIID.xlsx,2026-09-30T13:16:15.417177+00:00,2026-09-28,679a28a9d0d27df9a17de8a09b23560f9959bbf3e9a8f1ff02c51490a7d9ee13
TX_ICF_IID,003917,437,3425 GRINNELL ST,ICF/IID,YES,YES,LUBBOCK,3425 GRINNELL STREET,LUBBOCK,TX,79415,dddf847544af07c80cfa3c25e4b7d8f9dedc28696e6c14f5dd307636ea67f450,https://apps.hhs.texas.gov/providers/directories/ICFIID.xlsx,2026-09-30T13:16:15.417177+00:00,2026-09-28,9c270c3d0ee7df7b35f9f261c18611943cb0e8615416ebd5dc39e9a62d7fc828
TX_ICF_IID,003848,438,41ST STREET COMMUNITY HOME,ICF/IID,YES,YES,LUBBOCK,3615 41ST ST,LUBBOCK,TX,79413,dddf847544af07c80cfa3c25e4b7d8f9dedc28696e6c14f5dd307636ea67f450,https://apps.hhs.texas.gov/providers/directories/ICFIID.xlsx,2026-09-30T13:16:15.417177+00:00,2026-09-28,310f6d9e050e6a1f799d24262040bcc5a30d86e387305abce4a0a64e1b878ad2
TX_ICF_IID,007344,439,5735 DARTMOUTH DRIVE,ICF/IID,YES,YES,LUBBOCK,5735 DARTMOUTH DR,LUBBOCK,TX,79416,dddf847544af07c80cfa3c25e4b7d8f9dedc28696e6c14f5dd307636ea67f450,https://apps.hhs.texas.gov/providers/directories/ICFIID.xlsx,2026-09-30T13:16:15.417177+00:00,2026-09-28,d546a393f95209875b8058bc95fb3e7efb8ce0eb9c454cebb500502d572b91b2
TX_ICF_IID,003951,440,5814 6TH STREET,ICF/IID,YES,YES,LUBBOCK,5814 6TH ST,LUBBOCK,TX,79416,dddf847544af07c80cfa3c25e4b7d8f9dedc28696e6c14f5dd307636ea67f450,https://apps.hhs.texas.gov/providers/directories/ICFIID.xlsx,2026-09-30T13:16:15.417177+00:00,2026-09-28,67971680159bffb7670e2df96ce54e909a15aff7c8cbe24bc9dcd7dbb1849348
TX_ICF_IID,003679,441,5TH STREET COMMUNITY HOME,ICF/IID,YES,YES,LUBBOCK,7423 5TH ST,LUBBOCK,TX,79416-6519,dddf847544af07c80cfa3c25e4b7d8f9dedc28696e6c14f5dd307636ea67f450,https://apps.hhs.texas.gov/providers/directories/ICFIID.xlsx,2026-09-30T13:16:15.417177+00:00,2026-09-28,a54699cf4b4624ca645f2b11e5469c06d6040bf75a05135f450599419d0da2f6
TX_ICF_IID,007447,442,6603 DOVER AVENUE,ICF/IID,YES,YES,LUBBOCK,6603 DOVER AVE,LUBBOCK,TX,79423,dddf847544af07c80cfa3c25e4b7d8f9dedc28696e6c14f5dd307636ea67f450,https://apps.hhs.texas.gov/providers/directories/ICFIID.xlsx,2026-09-30T13:16:15.417177+00:00,2026-09-28,77ffb1b429e3fbd06ff703e382b91ae1ddd5c16f3f700ad44ef9a676f25b8c64
TX_ICF_IID,007448,443,7409 RICHMOND AVENUE,ICF/IID,YES,YES,LUBBOCK,7409 RICHMOND AVE,LUBBOCK,TX,79424,dddf847544af07c80cfa3c25e4b7d8f9dedc28696e6c14f5dd307636ea67f450,https://apps.hhs.texas.gov/providers/directories/ICFIID.xlsx,2026-09-30T13:16:15.417177+00:00,2026-09-28,2c9abd68f7677f9dc1df53858717926e5b306843297265886832a2781fe5b49e
TX_ICF_IID,007201,444,AGNES DENT HOMES I,ICF/IID,YES,YES,LUBBOCK,4805 16TH ST,LUBBOCK,TX,79416,dddf847544af07c80cfa3c25e4b7d8f9dedc28696e6c14f5dd307636ea67f450,https://apps.hhs.texas.gov/providers/directories/ICFIID.xlsx,2026-09-30T13:16:15.417177+00:00,2026-09-28,6fa8ece5ca359114dd194e9d23f8f6d45e73bf4e3d36848d2b5e1890deb19d53
TX_ICF_IID,007350,445,B & B SERVICES,ICF/IID,YES,YES,LUBBOCK,5322 22ND ST,LUBBOCK,TX,79407,dddf847544af07c80cfa3c25e4b7d8f9dedc28696e6c14f5dd307636ea67f450,https://apps.hhs.texas.gov/providers/directories/ICFIID.xlsx,2026-09-30T13:16:15.417177+00:00,2026-09-28,8fd83c5e79da584242e3f55f8831dce7548220fc67e0db7dcb42fc540e75c690
TX_ICF_IID,007334,446,CAPROCK,ICF/IID,YES,YES,LUBBOCK,6201 LYNNHAVEN DR,LUBBOCK,TX,79413,dddf847544af07c80cfa3c25e4b7d8f9dedc28696e6c14f5dd307636ea67f450,https://apps.hhs.texas.gov/providers/directories/ICFIID.xlsx,2026-09-30T13:16:15.417177+00:00,2026-09-28,1ac0a06c2685916c8923bc856f20c2999f8b97bb326c3c9977b5877f8c930549
TX_ICF_IID,111840,447,CENTRAL,ICF/IID,YES,YES,LUBBOCK,6302 34TH STREET,LUBBOCK,TX,79407,dddf847544af07c80cfa3c25e4b7d8f9dedc28696e6c14f5dd307636ea67f450,https://apps.hhs.texas.gov/providers/directories/ICFIID.xlsx,2026-09-30T13:16:15.417177+00:00,2026-09-28,de49bb64e18d1e66d55dd3c6a8762ac2b6dd0a4fd20eb04270dadf9d6c025760
TX_ICF_IID,003881,448,EDUCARE COMMUNITY LIVING LIMITED PARTNERSHIP,ICF/IID,YES,YES,LUBBOCK,2404 97TH ST,LUBBOCK,TX,79423-4406,dddf847544af07c80cfa3c25e4b7d8f9dedc28696e6c14f5dd307636ea67f450,https://apps.hhs.texas.gov/providers/directories/ICFIID.xlsx,2026-09-30T13:16:15.417177+00:00,2026-09-28,61f0a72748784b9453dbf8a0bd8fd69fec0f0b575009cd3203ee9c689f8889bc
TX_ICF_IID,007443,449,HAWTHORN HOUSE,ICF/IID,YES,YES,LUBBOCK,3412 85TH STREET,LUBBOCK,TEXAS,79423,dddf847544af07c80cfa3c25e4b7d8f9dedc28696e6c14f5dd307636ea67f450,https://apps.hhs.texas.gov/providers/directories/ICFIID.xlsx,2026-09-30T13:16:15.417177+00:00,2026-09-28,220660d932de62789c2ad93750e9a610176566279203cf6db87b570f69b44c63
TX_ICF_IID,111014,450,HOLLY HOUSE,ICF/IID,YES,YES,LUBBOCK,4416 10TH STREET,LUBBOCK,TEXAS,79416,dddf847544af07c80cfa3c25e4b7d8f9dedc28696e6c14f5dd307636ea67f450,https://apps.hhs.texas.gov/providers/directories/ICFIID.xlsx,2026-09-30T13:16:15.417177+00:00,2026-09-28,3b9febd53e817626d1e9d98fd53cfee57b31a31c510d32532879d963820eabec
TX_ICF_IID,003872,451,JUNEAU COMMUNITY HOME,ICF/IID,YES,YES,LUBBOCK,2502 JUNEAU AVE,LUBBOCK,TX,79407,dddf847544af07c80cfa3c25e4b7d8f9dedc28696e6c14f5dd307636ea67f450,https://apps.hhs.texas.gov/providers/directories/ICFIID.xlsx,2026-09-30T13:16:15.417177+00:00,2026-09-28,940c26cab4fdfafcf5d7b819c1cf53b891afe3c3aa28064e139081d642bd4c5a
TX_ICF_IID,007107,452,LUBBOCK STATE SUPPORTED LIVING CENTER,ICF/IID,NO,YES,LUBBOCK,3401 N UNIVERSITY AVE,LUBBOCK,TX,79415,dddf847544af07c80cfa3c25e4b7d8f9dedc28696e6c14f5dd307636ea67f450,https://apps.hhs.texas.gov/providers/directories/ICFIID.xlsx,2026-09-30T13:16:15.417177+00:00,2026-09-28,f4970db84c5d8c34f85c21204066778d96a787193991c13bb11625c0b8803ce3
TX_ICF_IID,111841,453,THE RANCH,ICF/IID,YES,YES,LUBBOCK,8405 19TH STREET,LUBBOCK,TX,79407,dddf847544af07c80cfa3c25e4b7d8f9dedc28696e6c14f5dd307636ea67f450,https://apps.hhs.texas.gov/providers/directories/ICFIID.xlsx,2026-09-30T13:16:15.417177+00:00,2026-09-28,510d00a11603abb9672099a6df137ef5d98736049914a01e2b012920c9620536
TX_ICF_IID,007491,454,ANNADALE MANOR INC,ICF/IID,YES,YES,LUBBOCK,10702 COUNTY RD 1300,WOLFFORTH,TX,79382,dddf847544af07c80cfa3c25e4b7d8f9dedc28696e6c14f5dd307636ea67f450,https://apps.hhs.texas.gov/providers/directories/ICFIID.xlsx,2026-09-30T13:16:15.417177+00:00,2026-09-28,86f0ab1ad22156eb716c37f8697abb0c8d2749dae1c36364b4628eef6e428296
TX_ICF_IID,007327,455,EDUCARE COMMUNITY LIVING LIMITED PARTNERSHIP,ICF/IID,YES,YES,MEDINA,1506 28TH ST,HONDO,TX,78861,dddf847544af07c80cfa3c25e4b7d8f9dedc28696e6c14f5dd307636ea67f450,https://apps.hhs.texas.gov/providers/directories/ICFIID.xlsx,2026-09-30T13:16:15.417177+00:00,2026-09-28,6ff3bf3322843155fa135894f59c8bb80fe1dbcb8e1a78093a2ff469fa72fc2c
TX_ICF_IID,003959,456,BARNEY GREATHOUSE MEMORIAL HOME,ICF/IID,YES,YES,MIDLAND,3005 W GOLFCOURSE RD,MIDLAND,TX,79701,dddf847544af07c80cfa3c25e4b7d8f9dedc28696e6c14f5dd307636ea67f450,https://apps.hhs.texas.gov/providers/directories/ICFIID.xlsx,2026-09-30T13:16:15.417177+00:00,2026-09-28,4e4f395fc8721f92db4dae9ed468f48eadb306d600e778d5bcadd3a5c1aaa9d9
TX_ICF_IID,007279,457,CAMARIE PLACE,ICF/IID,YES,YES,MIDLAND,2302 CAMARIE,MIDLAND,TX,79705,dddf847544af07c80cfa3c25e4b7d8f9dedc28696e6c14f5dd307636ea67f450,https://apps.hhs.texas.gov/providers/directories/ICFIID.xlsx,2026-09-30T13:16:15.417177+00:00,2026-09-28,d117622799f1ae076a5bbd51765c3c7569211900e5f386e4205cd10282ab874d
TX_ICF_IID,003984,458,LINDORA WAY,ICF/IID,YES,YES,MIDLAND,2000 LINDORA WAY,MIDLAND,TX,79707,dddf847544af07c80cfa3c25e4b7d8f9dedc28696e6c14f5dd307636ea67f450,https://apps.hhs.texas.gov/providers/directories/ICFIID.xlsx,2026-09-30T13:16:15.417177+00:00,2026-09-28,a3898631fc72e209293795b655199383824b15bedd570d46fe3593b4a0121f29
TX_ICF_IID,003819,459,MARCWOOD ONE,ICF/IID,YES,YES,MIDLAND,2801 NORTH A ST,MIDLAND,TX,79705,dddf847544af07c80cfa3c25e4b7d8f9dedc28696e6c14f5dd307636ea67f450,https://apps.hhs.texas.gov/providers/directories/ICFIID.xlsx,2026-09-30T13:16:15.417177+00:00,2026-09-28,3d6917247b678605c90bb82a110934f0690389cad6b289d3c0b31093063aaab5
TX_ICF_IID,003787,460,MARCWOOD TWO,ICF/IID,YES,YES,MIDLAND,2901 NORTH A ST,MIDLAND,TX,79705,dddf847544af07c80cfa3c25e4b7d8f9dedc28696e6c14f5dd307636ea67f450,https://apps.hhs.texas.gov/providers/directories/ICFIID.xlsx,2026-09-30T13:16:15.417177+00:00,2026-09-28,5ed18d9c078ff85d3920d5e61d67ea0ca18c4a90d8dc45a3e5fa9b2cf2d76680
TX_ICF_IID,007243,461,ROCK HOUSE MICHIGAN,ICF/IID,YES,YES,MIDLAND,811 W MICHIGAN,MIDLAND,TX,79701,dddf847544af07c80cfa3c25e4b7d8f9dedc28696e6c14f5dd307636ea67f450,https://apps.hhs.texas.gov/providers/directories/ICFIID.xlsx,2026-09-30T13:16:15.417177+00:00,2026-09-28,e58ee53e8c860e7f05bb65dfd84a65bd68b70c25dd803ffe786756f56e68d893
TX_ICF_IID,007618,462,ROCK HOUSE SPENCE,ICF/IID,YES,YES,MIDLAND,4403 SPENCE,MIDLAND,TX,79707,dddf847544af07c80cfa3c25e4b7d8f9dedc28696e6c14f5dd307636ea67f450,https://apps.hhs.texas.gov/providers/directories/ICFIID.xlsx,2026-09-30T13:16:15.417177+00:00,2026-09-28,185890fae2c69715e1a32729ace240368e18c28dc455f54cd619e3bd49a4673f
TX_ICF_IID,003642,463,ROCK HOUSE TRAIL,ICF/IID,YES,YES,MIDLAND,2806 ARROWHEAD TRAILS,MIDLAND,TX,79705,dddf847544af07c80cfa3c25e4b7d8f9dedc28696e6c14f5dd307636ea67f450,https://apps.hhs.texas.gov/providers/directories/ICFIID.xlsx,2026-09-30T13:16:15.417177+00:00,2026-09-28,277cb40cf08e7115f72cca6ede36adb83680e1e792af4108b21e9162f3a0a981
TX_ICF_IID,003657,464,ROCK HOUSE TREVINO,ICF/IID,YES,YES,MIDLAND,4314 TREVINO,MIDLAND,TX,79705,dddf847544af07c80cfa3c25e4b7d8f9dedc28696e6c14f5dd307636ea67f450,https://apps.hhs.texas.gov/providers/directories/ICFIID.xlsx,2026-09-30T13:16:15.417177+00:00,2026-09-28,d6e802ee2f2dcfefe0f69b9a6be2760da0ab0d3163232df00461de0f97496cfd
TX_ICF_IID,003985,465,SAINT ANDREWS,ICF/IID,YES,YES,MIDLAND,4512 SAINT ANDREWS,MIDLAND,TX,79707,dddf847544af07c80cfa3c25e4b7d8f9dedc28696e6c14f5dd307636ea67f450,https://apps.hhs.texas.gov/providers/directories/ICFIID.xlsx,2026-09-30T13:16:15.417177+00:00,2026-09-28,c391768b1074cabeedeb2984995dd52ce798bb5a76d7239bf21ea1b9f21aaae9
TX_ICF_IID,007612,466,WEST ROCK,ICF/IID,YES,YES,MIDLAND,708 DEVONIAN,MIDLAND,TX,79703,dddf847544af07c80cfa3c25e4b7d8f9dedc28696e6c14f5dd307636ea67f450,https://apps.hhs.texas.gov/providers/directories/ICFIID.xlsx,2026-09-30T13:16:15.417177+00:00,2026-09-28,f7f2dcd064556e53c254798d1291fef2cae85ef4c5dc8925a6496370240fa6e1
TX_ICF_IID,003904,467,LEE ST COMMUNITY RESIDENCE,ICF/IID,YES,YES,MONTGOMERY,802 LEE AVENUE,CLEVELAND,TX,77327,dddf847544af07c80cfa3c25e4b7d8f9dedc28696e6c14f5dd307636ea67f450,https://apps.hhs.texas.gov/providers/directories/ICFIID.xlsx,2026-09-30T13:16:15.417177+00:00,2026-09-28,2094967df6809c2779502dea86e03b3a774a6082def31d1e1cc50d5851bbd283
TX_ICF_IID,003882,468,NORTH THOMPSON COMMUNITY RESIDENCE,ICF/IID,YES,YES,MONTGOMERY,2223 N THOMPSON STREET,CONROE,TX,77303,dddf847544af07c80cfa3c25e4b7d8f9dedc28696e6c14f5dd307636ea67f450,https://apps.hhs.texas.gov/providers/directories/ICFIID.xlsx,2026-09-30T13:16:15.417177+00:00,2026-09-28,d6f96c6869711ee650059b8eb985500dd08542aee3ab0361ff853d74d0b72ec7
TX_ICF_IID,003905,469,PATRICIA ST COMMUNITY RESIDENCE,ICF/IID,YES,YES,MONTGOMERY,104 PATRICIA STREET,CONROE,TX,77301,dddf847544af07c80cfa3c25e4b7d8f9dedc28696e6c14f5dd307636ea67f450,https://apps.hhs.texas.gov/providers/directories/ICFIID.xlsx,2026-09-30T13:16:15.417177+00:00,2026-09-28,4a2754e37d99a75449040a3b8cd48846b8a122e5844142d322018b282b7aaa1b
TX_ICF_IID,003883,470,SHENANDOAH COMMUNITY RESIDENCE,ICF/IID,YES,YES,MONTGOMERY,28902 ENCHANTED DRIVE,SHENANDOAH,TX,77381,dddf847544af07c80cfa3c25e4b7d8f9dedc28696e6c14f5dd307636ea67f450,https://apps.hhs.texas.gov/providers/directories/ICFIID.xlsx,2026-09-30T13:16:15.417177+00:00,2026-09-28,ace4dd969aff15a421e5f3b9d48f7aa1cac9a8440be8ce7fb1bb158afb28f421
TX_ICF_IID,007658,471,NACOGDOCHES  HOUSE,ICF/IID,NO,YES,NACOGDOCHES,2712 S E STALLINGS DR,NACOGDOCHES,TX,75961,dddf847544af07c80cfa3c25e4b7d8f9dedc28696e6c14f5dd307636ea67f450,https://apps.hhs.texas.gov/providers/directories/ICFIID.xlsx,2026-09-30T13:16:15.417177+00:00,2026-09-28,4e06472735b06cb3aedeb1d6f3ab7c374a24a85e21a0270cb2f950733080305b
TX_ICF_IID,007445,472,EDUCARE COMMUNITY LIVING LIMITED PARTNERSHIP,ICF/IID,YES,YES,NAVARRO,1516 W 5TH AVE,CORSICANA,TX,75110-4207,dddf847544af07c80cfa3c25e4b7d8f9dedc28696e6c14f5dd307636ea67f450,https://apps.hhs.texas.gov/providers/directories/ICFIID.xlsx,2026-09-30T13:16:15.417177+00:00,2026-09-28,238b98abeedd98516ad6515311f68ae4078656462a754ad75e0269370cb410ec
TX_ICF_IID,007222,473,EDUCARE COMMUNITY LIVING LIMITED PARTNERSHIP,ICF/IID,YES,YES,NAVARRO,109 BOYD AVE,CORSICANA,TX,75110-1937,dddf847544af07c80cfa3c25e4b7d8f9dedc28696e6c14f5dd307636ea67f450,https://apps.hhs.texas.gov/providers/directories/ICFIID.xlsx,2026-09-30T13:16:15.417177+00:00,2026-09-28,524bafdbef5583e099b0e878f7a6d709c22c0fa80d0d136418c407f3de1e997a
TX_ICF_IID,003836,474,EDUCARE COMMUNITY LIVING LIMITED PARTNERSHIP,ICF/IID,YES,YES,NAVARRO,1348 1/2 N 45TH ST,CORSICANA,TX,75110-1733,dddf847544af07c80cfa3c25e4b7d8f9dedc28696e6c14f5dd307636ea67f450,https://apps.hhs.texas.gov/providers/directories/ICFIID.xlsx,2026-09-30T13:16:15.417177+00:00,2026-09-28,bc83269ad5af9ca37fd7651e9b1f20bcb36d6ea7e96856e295837497351c1c43
TX_ICF_IID,003773,475,EDUCARE COMMUNITY LIVING LIMITED PARTNERSHIP,ICF/IID,YES,YES,NAVARRO,1348 N 45TH ST,CORSICANA,TX,75110,dddf847544af07c80cfa3c25e4b7d8f9dedc28696e6c14f5dd307636ea67f450,https://apps.hhs.texas.gov/providers/directories/ICFIID.xlsx,2026-09-30T13:16:15.417177+00:00,2026-09-28,c3ba6c6c1ee10fa8b603d9f8c8c46f9cd8fdd94320d33251c4f237108b098ef2
TX_ICF_IID,007217,476,EDWARDS COMMUNITY HOME,ICF/IID,YES,YES,NAVARRO,701 W 4TH AVE,CORSICANA,TX,75110,dddf847544af07c80cfa3c25e4b7d8f9dedc28696e6c14f5dd307636ea67f450,https://apps.hhs.texas.gov/providers/directories/ICFIID.xlsx,2026-09-30T13:16:15.417177+00:00,2026-09-28,f8ea10686586d6ca2a09a71d32a667ed959260c230713bda26a909c005e4a172
TX_ICF_IID,007335,477,HARMONY HOUSE I V,ICF/IID,YES,YES,NAVARRO,720 SE CR 0025,CORSICANA,TX,75110,dddf847544af07c80cfa3c25e4b7d8f9dedc28696e6c14f5dd307636ea67f450,https://apps.hhs.texas.gov/providers/directories/ICFIID.xlsx,2026-09-30T13:16:15.417177+00:00,2026-09-28,040a432c5028f4ef209e1fa6e65aeff99f9595f86b7ab0d239bb3b34a8fdf4d0
TX_ICF_IID,007315,478,HARMONY HOUSE III,ICF/IID,YES,YES,NAVARRO,509 LAKEWOOD,CORSICANA,TX,75110,dddf847544af07c80cfa3c25e4b7d8f9dedc28696e6c14f5dd307636ea67f450,https://apps.hhs.texas.gov/providers/directories/ICFIID.xlsx,2026-09-30T13:16:15.417177+00:00,2026-09-28,c951e5860fce228c851ee65763f963296fb9a85a8f5cab2124c3087bbe7dd36b
TX_ICF_IID,007454,479,HARMONY HOUSE V I,ICF/IID,YES,YES,NAVARRO,430 MADISON AVE,CORSICANA,TX,75110,dddf847544af07c80cfa3c25e4b7d8f9dedc28696e6c14f5dd307636ea67f450,https://apps.hhs.texas.gov/providers/directories/ICFIID.xlsx,2026-09-30T13:16:15.417177+00:00,2026-09-28,7f965a077f5787ef899d43973610515e6c3c7c6cb3bae0cad7f284f7adbccec6
TX_ICF_IID,007225,480,HACKBERRY HOUSE,ICF/IID,YES,YES,NOLAN,1916 LAKEVIEW,SWEETWATER,TX,79556,dddf847544af07c80cfa3c25e4b7d8f9dedc28696e6c14f5dd307636ea67f450,https://apps.hhs.texas.gov/providers/directories/ICFIID.xlsx,2026-09-30T13:16:15.417177+00:00,2026-09-28,d6bcf9886a7d46795ba6e5a5fd9b129930b37ebeada54d63863f2cea15c5de6d
TX_ICF_IID,007657,481,WALNUT CREEK HOME,ICF/IID,YES,YES,NOLAN,301 W AVE D,SWEETWATER,TX,79556,dddf847544af07c80cfa3c25e4b7d8f9dedc28696e6c14f5dd307636ea67f450,https://apps.hhs.texas.gov/providers/directories/ICFIID.xlsx,2026-09-30T13:16:15.417177+00:00,2026-09-28,71fede6c4a45349941eec07f7cf548851047cace89f7218a64dd80802d0a691c
TX_ICF_IID,007124,482,CASTLE RIVER,ICF/IID,NO,YES,NUECES,4013 CASTLE RIDGE,CORPUS CHRISTI,TX,78410,dddf847544af07c80cfa3c25e4b7d8f9dedc28696e6c14f5dd307636ea67f450,https://apps.hhs.texas.gov/providers/directories/ICFIID.xlsx,2026-09-30T13:16:15.417177+00:00,2026-09-28,769195f62462394148e5295bbf568010200ad43ff92cfd6e1d3ea56dd8d8a4c0
TX_ICF_IID,007111,483,CORPUS CHRISTI STATE SUPPORTED LIVING CENTER,ICF/IID,NO,YES,NUECES,902 AIRPORT RD,CORPUS CHRISTI,TX,78405,dddf847544af07c80cfa3c25e4b7d8f9dedc28696e6c14f5dd307636ea67f450,https://apps.hhs.texas.gov/providers/directories/ICFIID.xlsx,2026-09-30T13:16:15.417177+00:00,2026-09-28,a0f960bc21e8847df4cb91c05a2e9afed3ee3cbdb69ceab9c5047acf5eb9b80b
TX_ICF_IID,003659,484,EDUCARE COMMUNITY LIVING CORPORATION  TEXAS,ICF/IID,YES,YES,NUECES,5502 BOWIE,CORPUS CHRISTI,TX,78415,dddf847544af07c80cfa3c25e4b7d8f9dedc28696e6c14f5dd307636ea67f450,https://apps.hhs.texas.gov/providers/directories/ICFIID.xlsx,2026-09-30T13:16:15.417177+00:00,2026-09-28,8c0dc8c3cc8715dd8f25b1f1e55703d968470c6bcd54f06166bed9e5087ea4ec
TX_ICF_IID,003664,485,EDUCARE COMMUNITY LIVING CORPORATION  TEXAS,ICF/IID,YES,YES,NUECES,9230 EVENING STAR LN,CORPUS CHRISTI,TX,78410,dddf847544af07c80cfa3c25e4b7d8f9dedc28696e6c14f5dd307636ea67f450,https://apps.hhs.texas.gov/providers/directories/ICFIID.xlsx,2026-09-30T13:16:15.417177+00:00,2026-09-28,0f5995afd641a38cd1ba8e6562c250ff7de2e634ec3fb3d22c3f3a969d4bc1ac
TX_ICF_IID,003660,486,EDUCARE COMMUNITY LIVING CORPORATION  TEXAS,ICF/IID,YES,YES,NUECES,5310 WENTWORTH,CORPUS CHRISTI,TX,78413,dddf847544af07c80cfa3c25e4b7d8f9dedc28696e6c14f5dd307636ea67f450,https://apps.hhs.texas.gov/providers/directories/ICFIID.xlsx,2026-09-30T13:16:15.417177+00:00,2026-09-28,9591db4b54d889067439f1bc7419d164758e1163087219c508bb7132457aa9d9
TX_ICF_IID,003858,487,EDUCARE COMMUNITY LIVING CORPORATION  TEXAS,ICF/IID,YES,YES,NUECES,4038 KILLARMET,CORPUS CHRISTI,TX,78413,dddf847544af07c80cfa3c25e4b7d8f9dedc28696e6c14f5dd307636ea67f450,https://apps.hhs.texas.gov/providers/directories/ICFIID.xlsx,2026-09-30T13:16:15.417177+00:00,2026-09-28,4a9eb9c278f34b81ae05cc9374eba7f41bf98a72d7cc0ccba9b88b2a5eba403a
TX_ICF_IID,007258,488,EDUCARE COMMUNITY LIVING CORPORATION  TEXAS,ICF/IID,YES,YES,NUECES,4913 EIDER,CORPUS CHRISTI,TX,78413,dddf847544af07c80cfa3c25e4b7d8f9dedc28696e6c14f5dd307636ea67f450,https://apps.hhs.texas.gov/providers/directories/ICFIID.xlsx,2026-09-30T13:16:15.417177+00:00,2026-09-28,bc935cfba600fce30cb0355d5d3e5b3f63b79d30d2d452760688b8fc489cb616
TX_ICF_IID,007265,489,EDUCARE COMMUNITY LIVING CORPORATION  TEXAS,ICF/IID,YES,YES,NUECES,409 SHERIDAN,CORPUS CHRISTI,TX,78412,dddf847544af07c80cfa3c25e4b7d8f9dedc28696e6c14f5dd307636ea67f450,https://apps.hhs.texas.gov/providers/directories/ICFIID.xlsx,2026-09-30T13:16:15.417177+00:00,2026-09-28,0c23a9e9c7e8c716ddbc3dd0233f821a33b5b5b65d10e05bcda029cb313e4cdb
TX_ICF_IID,007433,490,EDUCARE COMMUNITY LIVING CORPORATIONTEXAS,ICF/IID,YES,YES,NUECES,4053 MOUNTAIN VIEW,CORPUS CHRISTI,TX,78410,dddf847544af07c80cfa3c25e4b7d8f9dedc28696e6c14f5dd307636ea67f450,https://apps.hhs.texas.gov/providers/directories/ICFIID.xlsx,2026-09-30T13:16:15.417177+00:00,2026-09-28,1016a585ca05cb76ba0354e0f81074d9041ef65dcf53fa40a35af30fc514f00e
TX_ICF_IID,007363,491,EDUCARE COMMUNITY LIVING CORPORATIONTEXAS,ICF/IID,YES,YES,NUECES,9329 MOON LIGHT DR,CORPUS CHRISTI,TX,78409,dddf847544af07c80cfa3c25e4b7d8f9dedc28696e6c14f5dd307636ea67f450,https://apps.hhs.texas.gov/providers/directories/ICFIID.xlsx,2026-09-30T13:16:15.417177+00:00,2026-09-28,da69eb8b44fe41992649821ce8d620ab3cacd41d7529c4faf888ffcb2e44bcf3
TX_ICF_IID,007511,492,LMS CONCEPTS INC,ICF/IID,YES,YES,NUECES,6102 BROCKHAMPTON,CORPUS CHRISTI,TX,78414,dddf847544af07c80cfa3c25e4b7d8f9dedc28696e6c14f5dd307636ea67f450,https://apps.hhs.texas.gov/providers/directories/ICFIID.xlsx,2026-09-30T13:16:15.417177+00:00,2026-09-28,d69b4f22d6df58faa4989683df0471c1984c94cead238c8681e645f87ee1dcd8
TX_ICF_IID,105083,493,NELON,ICF/IID,YES,YES,NUECES,11730 NELON,CORPUS CHRISTI,TX,78414,dddf847544af07c80cfa3c25e4b7d8f9dedc28696e6c14f5dd307636ea67f450,https://apps.hhs.texas.gov/providers/directories/ICFIID.xlsx,2026-09-30T13:16:15.417177+00:00,2026-09-28,b98a1c1e5ac83d56b7333f615a8433cf4ab6ec16b4fb377e35e542ed9855ad34
TX_ICF_IID,007123,494,RIVER FOREST,ICF/IID,NO,YES,NUECES,5021 CALALLEN DRIVE,CORPUS CHRISTI,TX,78410,dddf847544af07c80cfa3c25e4b7d8f9dedc28696e6c14f5dd307636ea67f450,https://apps.hhs.texas.gov/providers/directories/ICFIID.xlsx,2026-09-30T13:16:15.417177+00:00,2026-09-28,c5d46910158765ecd324964272900772215a8bf3b9823ef13d56297b80db8259
TX_ICF_IID,003871,495,CYPRESS STREET GROUP HOME,ICF/IID,YES,YES,ORANGE,1302 W CYPRESS AVE,ORANGE,TX,77630,dddf847544af07c80cfa3c25e4b7d8f9dedc28696e6c14f5dd307636ea67f450,https://apps.hhs.texas.gov/providers/directories/ICFIID.xlsx,2026-09-30T13:16:15.417177+00:00,2026-09-28,241de36362cb5d677507ef33f5f30fb25d5b641a42eb19e20d1c8e162383ada6
TX_ICF_IID,007537,496,NEW DAY HOUSE,ICF/IID,YES,YES,POLK,4530 U.S. 190 EAST,LIVINGSTON,TX,77351,dddf847544af07c80cfa3c25e4b7d8f9dedc28696e6c14f5dd307636ea67f450,https://apps.hhs.texas.gov/providers/directories/ICFIID.xlsx,2026-09-30T13:16:15.417177+00:00,2026-09-28,514d1f0cb98cd990a272958398a882d08c8486079db492cd222fd04ed6192ed7
TX_ICF_IID,007613,497,"ADVO COMPANIES, INC",ICF/IID,YES,YES,RANDALL,7006 ANDOVER,AMARILLO,TX,79109,dddf847544af07c80cfa3c25e4b7d8f9dedc28696e6c14f5dd307636ea67f450,https://apps.hhs.texas.gov/providers/directories/ICFIID.xlsx,2026-09-30T13:16:15.417177+00:00,2026-09-28,b50d79da20b5b5e4abd7c43c0f983f2a972921d7d86c1e26bf9500a233f448ab
TX_ICF_IID,007490,498,"ADVO COMPANIES, INC",ICF/IID,YES,YES,RANDALL,7800 SIMPSON,AMARILLO,TX,79121,dddf847544af07c80cfa3c25e4b7d8f9dedc28696e6c14f5dd307636ea67f450,https://apps.hhs.texas.gov/providers/directories/ICFIID.xlsx,2026-09-30T13:16:15.417177+00:00,2026-09-28,1591af70ad051b111e6a09a06ef816e112723dceec660080490dbd3ae8b95eb8
TX_ICF_IID,007273,499,"ADVO COMPANIES, INC",ICF/IID,YES,YES,RANDALL,6004 HAMPTON,AMARILLO,TX,79109,dddf847544af07c80cfa3c25e4b7d8f9dedc28696e6c14f5dd307636ea67f450,https://apps.hhs.texas.gov/providers/directories/ICFIID.xlsx,2026-09-30T13:16:15.417177+00:00,2026-09-28,17ccaead776d1484db40dcf7977c612d74409d34c7c51b4ec7cbf1784b59e0d1
TX_ICF_IID,007271,500,"ADVO COMPANIES, INC",ICF/IID,YES,YES,RANDALL,5718 MARY DELL,AMARILLO,TX,79109,dddf847544af07c80cfa3c25e4b7d8f9dedc28696e6c14f5dd307636ea67f450,https://apps.hhs.texas.gov/providers/directories/ICFIID.xlsx,2026-09-30T13:16:15.417177+00:00,2026-09-28,3fc49d73bdf59851d02f2ad4dff4eae96e88cc219def32dd20cda8c0c3f73acd
TX_ICF_IID,007619,501,"ADVO COMPANIES, INC",ICF/IID,YES,YES,RANDALL,8511 EL PASO DR,AMARILLO,TX,79118,dddf847544af07c80cfa3c25e4b7d8f9dedc28696e6c14f5dd307636ea67f450,https://apps.hhs.texas.gov/providers/directories/ICFIID.xlsx,2026-09-30T13:16:15.417177+00:00,2026-09-28,1c8b0003af472283bc46d9b9bf72711a3c9b2ffde2140cc129a1593b94bdc446
TX_ICF_IID,007311,502,AVONDALE,ICF/IID,YES,YES,RANDALL,6911 VISION,AMARILLO,TX,79119,dddf847544af07c80cfa3c25e4b7d8f9dedc28696e6c14f5dd307636ea67f450,https://apps.hhs.texas.gov/providers/directories/ICFIID.xlsx,2026-09-30T13:16:15.417177+00:00,2026-09-28,a62eec4ce0dd1fe3105e93e9233e4fa15073c78a12b53b1dad151524f76c8450
TX_ICF_IID,007518,503,EDUCARE COMMUNITY LIVING LIMITED PARTNERSHIP,ICF/IID,YES,YES,RANDALL,4 IDLEWOOD,CANYON,TX,79015,dddf847544af07c80cfa3c25e4b7d8f9dedc28696e6c14f5dd307636ea67f450,https://apps.hhs.texas.gov/providers/directories/ICFIID.xlsx,2026-09-30T13:16:15.417177+00:00,2026-09-28,c43775ea840dc6e2685c13bccc7d96ec9abfdf183364bf959e1f6bdedf0455a8
TX_ICF_IID,007539,504,CROSBY COMMUNITY HOME INC,ICF/IID,YES,YES,RUSK,102 CROSBY DR,HENDERSON,TX,75652,dddf847544af07c80cfa3c25e4b7d8f9dedc28696e6c14f5dd307636ea67f450,https://apps.hhs.texas.gov/providers/directories/ICFIID.xlsx,2026-09-30T13:16:15.417177+00:00,2026-09-28,849a17aca38bc8f472a4d503e62594e8be4c4c41124aee721b5ddea82507c344
TX_ICF_IID,007331,505,PETERSON COMMUNITY HOME,ICF/IID,YES,YES,RUSK,1522 PETERSON,HENDERSON,TX,75652,dddf847544af07c80cfa3c25e4b7d8f9dedc28696e6c14f5dd307636ea67f450,https://apps.hhs.texas.gov/providers/directories/ICFIID.xlsx,2026-09-30T13:16:15.417177+00:00,2026-09-28,94823641b6507e3de3fac34bb6701b3dc308e81f0766e23b677a7dbab97041fd
TX_ICF_IID,003687,506,CHAMPAGNE HOUSE,ICF/IID,YES,YES,SMITH,303 MOUNT SYLVAN RD,LINDALE,TX,75771,dddf847544af07c80cfa3c25e4b7d8f9dedc28696e6c14f5dd307636ea67f450,https://apps.hhs.texas.gov/providers/directories/ICFIID.xlsx,2026-09-30T13:16:15.417177+00:00,2026-09-28,fb08887fa73ccb5e765c5ea656ac5b1d447e6015cb34e75a514cf1fd1af59426
TX_ICF_IID,007547,507,JEFFRIES HOUSE,ICF/IID,YES,YES,SMITH,314 JEFFRIES,LINDALE,TX,75771,dddf847544af07c80cfa3c25e4b7d8f9dedc28696e6c14f5dd307636ea67f450,https://apps.hhs.texas.gov/providers/directories/ICFIID.xlsx,2026-09-30T13:16:15.417177+00:00,2026-09-28,0f1b5b68cf8a51e1989bac6ad8604f2676d67a901f0d6b506b6d32649fa8ce4a
TX_ICF_IID,007345,508,2525 PRESTON AVENUE,ICF/IID,YES,YES,SMITH,2525 PRESTON AVENUE,TYLER,TX,75701,dddf847544af07c80cfa3c25e4b7d8f9dedc28696e6c14f5dd307636ea67f450,https://apps.hhs.texas.gov/providers/directories/ICFIID.xlsx,2026-09-30T13:16:15.417177+00:00,2026-09-28,98a89205ccefecc07d29f4086266340a14be05591fe98b8b0bf0172f9b82af65
TX_ICF_IID,007593,509,2616 POUNDS AVENUE,ICF/IID,YES,YES,SMITH,2616 POUNDS AVENUE,TYLER,TX,75701,dddf847544af07c80cfa3c25e4b7d8f9dedc28696e6c14f5dd307636ea67f450,https://apps.hhs.texas.gov/providers/directories/ICFIID.xlsx,2026-09-30T13:16:15.417177+00:00,2026-09-28,795ce83b997e4ba120adb8734f6d766ac692cbfb8231e0a544e82cdea8fb15ab
TX_ICF_IID,007496,510,2812 SHAFFER LANE,ICF/IID,YES,YES,SMITH,2812 SHAFFER LANE,TYLER,TX,75702,dddf847544af07c80cfa3c25e4b7d8f9dedc28696e6c14f5dd307636ea67f450,https://apps.hhs.texas.gov/providers/directories/ICFIID.xlsx,2026-09-30T13:16:15.417177+00:00,2026-09-28,813e9efb216b13681af2b2559932dc211faa0d523b3f79cb8f9c3ec5dfcabd87
TX_ICF_IID,007342,511,3323 GAIL LANE,ICF/IID,YES,YES,SMITH,3323 GAIL LANE,TYLER,TX,75701,dddf847544af07c80cfa3c25e4b7d8f9dedc28696e6c14f5dd307636ea67f450,https://apps.hhs.texas.gov/providers/directories/ICFIID.xlsx,2026-09-30T13:16:15.417177+00:00,2026-09-28,540ada4c30e52bd8c87eb907604414f3e3f0f5c6a1a2d9c04c0699e4eb7f7c25
TX_ICF_IID,007286,512,3600 NEW COPELAND ROAD,ICF/IID,YES,YES,SMITH,3600 NEW COPELAND RD,TYLER,TX,75701,dddf847544af07c80cfa3c25e4b7d8f9dedc28696e6c14f5dd307636ea67f450,https://apps.hhs.texas.gov/providers/directories/ICFIID.xlsx,2026-09-30T13:16:15.417177+00:00,2026-09-28,6646a8ec35e41df202a34f6eaed285da0cee560b6b788e9cccaa6c67fb93e267
TX_ICF_IID,007372,513,BRECKENRIDGE VILLAGE OF TYLER  BLUEBONNET HOUSE,ICF/IID,YES,YES,SMITH,15062 CR 1145,TYLER,TX,75704,dddf847544af07c80cfa3c25e4b7d8f9dedc28696e6c14f5dd307636ea67f450,https://apps.hhs.texas.gov/providers/directories/ICFIID.xlsx,2026-09-30T13:16:15.417177+00:00,2026-09-28,48c00cd506812168d7af3a5380ece2b06b636bab6a18d1d1baed0339ebb72681
TX_ICF_IID,003860,514,BRECKENRIDGE VILLAGE OF TYLER  DE WET HOUSE,ICF/IID,YES,YES,SMITH,15062 COUNTY ROAD 1145,TYLER,TX,75704,dddf847544af07c80cfa3c25e4b7d8f9dedc28696e6c14f5dd307636ea67f450,https://apps.hhs.texas.gov/providers/directories/ICFIID.xlsx,2026-09-30T13:16:15.417177+00:00,2026-09-28,63ae10a00643be6ec4e3fc6eaaefe49f23a33303c7a0889798f9ae8d37c4b1a2
TX_ICF_IID,007213,515,BRECKENRIDGE VILLAGE OF TYLER  MAGNOLIA HOUSE,ICF/IID,YES,YES,SMITH,15062 CR 1145,TYLER,TX,75704,dddf847544af07c80cfa3c25e4b7d8f9dedc28696e6c14f5dd307636ea67f450,https://apps.hhs.texas.gov/providers/directories/ICFIID.xlsx,2026-09-30T13:16:15.417177+00:00,2026-09-28,cdbb90d6f11d9d778d92819c04eda75e9b1e337cd70382cd520814fdfbc37f37
TX_ICF_IID,007620,516,BRECKENRIDGE VILLAGE OF TYLER  MALLARD HOUSE,ICF/IID,YES,YES,SMITH,15062 CR 1145,TYLER,TX,75704,dddf847544af07c80cfa3c25e4b7d8f9dedc28696e6c14f5dd307636ea67f450,https://apps.hhs.texas.gov/providers/directories/ICFIID.xlsx,2026-09-30T13:16:15.417177+00:00,2026-09-28,51abd3346c572ae0107cd6430eaa7dc128502c7e94e26f23308bc5ad36504be9
TX_ICF_IID,110294,517,BRECKENRIDGE VILLAGE OF TYLER  PIGOTT HOUSE,ICF/IID,YES,YES,SMITH,15062 CR 1145,TYLER,TX,75704,dddf847544af07c80cfa3c25e4b7d8f9dedc28696e6c14f5dd307636ea67f450,https://apps.hhs.texas.gov/providers/directories/ICFIID.xlsx,2026-09-30T13:16:15.417177+00:00,2026-09-28,04e8c65750778c078d4f97d3ae4536c1f1a94e83d529eed91e6fb5163eb567db
TX_ICF_IID,106432,518,BRECKENRIDGE VILLAGE OF TYLER ROSE HOUSE,ICF/IID,YES,YES,SMITH,15062 COUNTY ROAD 1145,TYLER,TX,75704,dddf847544af07c80cfa3c25e4b7d8f9dedc28696e6c14f5dd307636ea67f450,https://apps.hhs.texas.gov/providers/directories/ICFIID.xlsx,2026-09-30T13:16:15.417177+00:00,2026-09-28,8fc7d808c9f6951874c2fd30a403b99ac7437ce0bec50f69f0763af61e0c07af
TX_ICF_IID,106368,519,BRECKENRIDGE VILLAGE OF TYLERBARNABAS HOUSE,ICF/IID,YES,YES,SMITH,15062 COUNTY ROAD 1145,TYLER,TX,75704,dddf847544af07c80cfa3c25e4b7d8f9dedc28696e6c14f5dd307636ea67f450,https://apps.hhs.texas.gov/providers/directories/ICFIID.xlsx,2026-09-30T13:16:15.417177+00:00,2026-09-28,b65b3e94d04a344c48563c2aa4a552937ef987db0847c296a647776759e3cf19
TX_ICF_IID,105449,520,BRECKENRIDGE VILLAGE OF TYLEREAGLES NEST HOUSE,ICF/IID,YES,YES,SMITH,15062 CR 1145,TYLER,TX,75704,dddf847544af07c80cfa3c25e4b7d8f9dedc28696e6c14f5dd307636ea67f450,https://apps.hhs.texas.gov/providers/directories/ICFIID.xlsx,2026-09-30T13:16:15.417177+00:00,2026-09-28,372161cdf4a35ec31e4fdfa024df7bbf25018747696146d12326aa4f0c21793c
TX_ICF_IID,110103,521,BRECKENRIDGE VILLAGE OF TYLERPOWELL HOUSE,ICF/IID,YES,YES,SMITH,15062 CR 1145,TYLER,TX,75704,dddf847544af07c80cfa3c25e4b7d8f9dedc28696e6c14f5dd307636ea67f450,https://apps.hhs.texas.gov/providers/directories/ICFIID.xlsx,2026-09-30T13:16:15.417177+00:00,2026-09-28,6c5d1360b6fd1dc2146c805e5e01692bb250d398bffdc179b18a91ce7eef4998
TX_ICF_IID,003776,522,PHILLIPS GROUP HOME,ICF/IID,NO,YES,SMITH,210 WEST PHILLIPS,TYLER,TX,75701,dddf847544af07c80cfa3c25e4b7d8f9dedc28696e6c14f5dd307636ea67f450,https://apps.hhs.texas.gov/providers/directories/ICFIID.xlsx,2026-09-30T13:16:15.417177+00:00,2026-09-28,563e4c51e31220f3e3b73b42b855ff5e897554a8ff5b6a2d0cd3ffc7d7e4cae8
TX_ICF_IID,007419,523,1501 LOVERS LN,ICF/IID,YES,YES,TARRANT,1501 E LOVERS LN,ARLINGTON,TX,76010,dddf847544af07c80cfa3c25e4b7d8f9dedc28696e6c14f5dd307636ea67f450,https://apps.hhs.texas.gov/providers/directories/ICFIID.xlsx,2026-09-30T13:16:15.417177+00:00,2026-09-28,5548e088b9e038df95d0f8515fef1d554c05f52afdd772bf9ce1047c6e52fb0b
TX_ICF_IID,007230,524,2309 CLEARWOOD COURT,ICF/IID,YES,YES,TARRANT,2309 CLEARWOOD CT,ARLINGTON,TX,76014,dddf847544af07c80cfa3c25e4b7d8f9dedc28696e6c14f5dd307636ea67f450,https://apps.hhs.texas.gov/providers/directories/ICFIID.xlsx,2026-09-30T13:16:15.417177+00:00,2026-09-28,4af7f6b8e9a4eada582af8123936bffc4f8cd1608946e5cadb0cc8872c29b9bd
TX_ICF_IID,007352,525,2410 EDINBURGH,ICF/IID,YES,YES,TARRANT,2410 EDINBURGH,ARLINGTON,TX,76018,dddf847544af07c80cfa3c25e4b7d8f9dedc28696e6c14f5dd307636ea67f450,https://apps.hhs.texas.gov/providers/directories/ICFIID.xlsx,2026-09-30T13:16:15.417177+00:00,2026-09-28,8207ff5a01f7f8351512d303c56c603fc8d8331c1e7e19ec1832c5bec04c3e96
TX_ICF_IID,007245,526,4209 BLOSSOM TRAIL,ICF/IID,YES,YES,TARRANT,4209 BLOSSOM TR,ARLINGTON,TX,76016,dddf847544af07c80cfa3c25e4b7d8f9dedc28696e6c14f5dd307636ea67f450,https://apps.hhs.texas.gov/providers/directories/ICFIID.xlsx,2026-09-30T13:16:15.417177+00:00,2026-09-28,1e38a4ab779bcd888680298d7ad91668c71b089171c2949a110f3aa9601966ce
TX_ICF_IID,104605,527,"A & M CARE, INC",ICF/IID,YES,YES,TARRANT,2605 GLASSBORO CIR,ARLINGTON,TX,76015,dddf847544af07c80cfa3c25e4b7d8f9dedc28696e6c14f5dd307636ea67f450,https://apps.hhs.texas.gov/providers/directories/ICFIID.xlsx,2026-09-30T13:16:15.417177+00:00,2026-09-28,e1ba50d20c04830bb08f5aa91ddbce6f092a629ea9e47ce362a337b2f7a63965
TX_ICF_IID,007524,528,"A & M CARE, INC",ICF/IID,YES,YES,TARRANT,2004 QUINCY CT,ARLINGTON,TX,76013,dddf847544af07c80cfa3c25e4b7d8f9dedc28696e6c14f5dd307636ea67f450,https://apps.hhs.texas.gov/providers/directories/ICFIID.xlsx,2026-09-30T13:16:15.417177+00:00,2026-09-28,5123e453d356f7e1fbfd903bde201c575c3eb83b07e2fd4f3f358fa4b2b4f4c0
TX_ICF_IID,007584,529,AMICUS AT RIFLEMAN,ICF/IID,YES,YES,TARRANT,405 RIFLEMAN TRAIL,ARLINGTON,TX,76002,dddf847544af07c80cfa3c25e4b7d8f9dedc28696e6c14f5dd307636ea67f450,https://apps.hhs.texas.gov/providers/directories/ICFIID.xlsx,2026-09-30T13:16:15.417177+00:00,2026-09-28,d6563477088dd5b601fd5a9f38d102cac3fb0304029ea6edd2fe7e22652c324c
TX_ICF_IID,007526,530,AMICUS AT SHAWN,ICF/IID,YES,YES,TARRANT,517 SHAWN COURT,ARLINGTON,TX,76014,dddf847544af07c80cfa3c25e4b7d8f9dedc28696e6c14f5dd307636ea67f450,https://apps.hhs.texas.gov/providers/directories/ICFIID.xlsx,2026-09-30T13:16:15.417177+00:00,2026-09-28,e89fc6778c0665c02ae4a84dec7c1c840ff5abe7c5110c1cb56b83f005a4e28b
TX_ICF_IID,007589,531,AMICUS AT XAVIER,ICF/IID,YES,YES,TARRANT,817 XAVIER DRIVE,ARLINGTON,TEXAS,76001,dddf847544af07c80cfa3c25e4b7d8f9dedc28696e6c14f5dd307636ea67f450,https://apps.hhs.texas.gov/providers/directories/ICFIID.xlsx,2026-09-30T13:16:15.417177+00:00,2026-09-28,d94053a14d8565b2df81270771edd2f2cb07f97e341c2887317c817608e32e91
TX_ICF_IID,007817,532,CALIFORNIA,ICF/IID,NO,YES,TARRANT,2812 CALIFORNIA LN,ARLINGTON,TX,76015,dddf847544af07c80cfa3c25e4b7d8f9dedc28696e6c14f5dd307636ea67f450,https://apps.hhs.texas.gov/providers/directories/ICFIID.xlsx,2026-09-30T13:16:15.417177+00:00,2026-09-28,44b52cc8d2f810f4f14110edbd0a9c132116e751889d95ce7a29595b7ea406e5
TX_ICF_IID,007302,533,CEDAR OAKS COMMUNITY HOME,ICF/IID,YES,YES,TARRANT,1000 COKE RD,ARLINGTON,TX,76010,dddf847544af07c80cfa3c25e4b7d8f9dedc28696e6c14f5dd307636ea67f450,https://apps.hhs.texas.gov/providers/directories/ICFIID.xlsx,2026-09-30T13:16:15.417177+00:00,2026-09-28,55873d0dba9665267edc02b7c3e92b9f6f90486a721bcad35864ec4da68d7de4
TX_ICF_IID,007281,534,EDUCARE COMMUNITY LIVING CORPORATION  TEXAS,ICF/IID,YES,YES,TARRANT,4700 MANDALAY DR,ARLINGTON,TX,76016,dddf847544af07c80cfa3c25e4b7d8f9dedc28696e6c14f5dd307636ea67f450,https://apps.hhs.texas.gov/providers/directories/ICFIID.xlsx,2026-09-30T13:16:15.417177+00:00,2026-09-28,04df48e6c6daafcbb70a9355d35126e2cee6e14b2ab1b69422592e85ef4bfc69
TX_ICF_IID,003676,535,EDUCARE COMMUNITY LIVING CORPORATION  TEXAS,ICF/IID,YES,YES,TARRANT,5004 MISTY WOOD DR,ARLINGTON,TX,76017,dddf847544af07c80cfa3c25e4b7d8f9dedc28696e6c14f5dd307636ea67f450,https://apps.hhs.texas.gov/providers/directories/ICFIID.xlsx,2026-09-30T13:16:15.417177+00:00,2026-09-28,23968362e347a80dcf1de831495072531a9788fdac6c2985bce67dc2a648afc0
TX_ICF_IID,003601,536,EDUCARE COMMUNITY LIVING CORPORATION  TEXAS,ICF/IID,YES,YES,TARRANT,1824 S FIELDER,ARLINGTON,TX,76013,dddf847544af07c80cfa3c25e4b7d8f9dedc28696e6c14f5dd307636ea67f450,https://apps.hhs.texas.gov/providers/directories/ICFIID.xlsx,2026-09-30T13:16:15.417177+00:00,2026-09-28,3006d801e5ea1cefdb00f576aa93f37761693432b001dcd15e64af824be4b025
TX_ICF_IID,007277,537,EDUCARE COMMUNITY LIVING CORPORATION  TEXAS,ICF/IID,YES,YES,TARRANT,2310 SHARPSHIRE LN,ARLINGTON,TX,76014,dddf847544af07c80cfa3c25e4b7d8f9dedc28696e6c14f5dd307636ea67f450,https://apps.hhs.texas.gov/providers/directories/ICFIID.xlsx,2026-09-30T13:16:15.417177+00:00,2026-09-28,e1f6ff54be9efbe3deac9468d23195e41b7c3d51b56231781e4eab0a76e49428
TX_ICF_IID,007441,538,EDUCARE COMMUNITY LIVING LIMITED PARTNERSHIP,ICF/IID,YES,YES,TARRANT,2121 REVERCHON DR,ARLINGTON,TX,76017,dddf847544af07c80cfa3c25e4b7d8f9dedc28696e6c14f5dd307636ea67f450,https://apps.hhs.texas.gov/providers/directories/ICFIID.xlsx,2026-09-30T13:16:15.417177+00:00,2026-09-28,4fa1384255ef5eb1f78319c01dfdb7307f4f0218381a180ccdd13c5a43e3dea1
TX_ICF_IID,007301,539,EDUCARE COMMUNITY LIVING LIMITED PARTNERSHIP,ICF/IID,YES,YES,TARRANT,3202 FOX HILL DR,ARLINGTON,TX,76015,dddf847544af07c80cfa3c25e4b7d8f9dedc28696e6c14f5dd307636ea67f450,https://apps.hhs.texas.gov/providers/directories/ICFIID.xlsx,2026-09-30T13:16:15.417177+00:00,2026-09-28,a0e310eeb1e0978b315db092614ad56caa3be543de6c34eb099b1169c24550f0
TX_ICF_IID,003850,540,EDUCARE COMMUNITY LIVING LIMITED PARTNERSHIP,ICF/IID,YES,YES,TARRANT,4806 SPRING CREEK RD,ARLINGTON,TX,76017-1228,dddf847544af07c80cfa3c25e4b7d8f9dedc28696e6c14f5dd307636ea67f450,https://apps.hhs.texas.gov/providers/directories/ICFIID.xlsx,2026-09-30T13:16:15.417177+00:00,2026-09-28,fc6f5ffb47fe59e67326a0830745d13ba250df0922c9a6443d320bc25432a800
TX_ICF_IID,007473,541,EDUCARE COMMUNITY LIVING LIMITED PARTNERSHIP,ICF/IID,YES,YES,TARRANT,1919 BOSQUE LN,ARLINGTON,TX,76006,dddf847544af07c80cfa3c25e4b7d8f9dedc28696e6c14f5dd307636ea67f450,https://apps.hhs.texas.gov/providers/directories/ICFIID.xlsx,2026-09-30T13:16:15.417177+00:00,2026-09-28,3948a0f682e8c084a30c695850333481eba38d80a25bf138859449b4c64baafc
TX_ICF_IID,101452,542,EVERGREEN  ECHO SUMMIT COMMUNITY HOME,ICF/IID,YES,YES,TARRANT,6218 ECHO SUMMIT LN,ARLINGTON,TX,76017,dddf847544af07c80cfa3c25e4b7d8f9dedc28696e6c14f5dd307636ea67f450,https://apps.hhs.texas.gov/providers/directories/ICFIID.xlsx,2026-09-30T13:16:15.417177+00:00,2026-09-28,5bb407c5878b41a27c5d40b5564a5f25e604ddc3099798ff0722f7558b8d14c4
TX_ICF_IID,007562,543,EVERGREEN ELMGROVE COMMUNITY HOME,ICF/IID,YES,YES,TARRANT,4211 ELMGROVE,ARLINGTON,TX,76015,dddf847544af07c80cfa3c25e4b7d8f9dedc28696e6c14f5dd307636ea67f450,https://apps.hhs.texas.gov/providers/directories/ICFIID.xlsx,2026-09-30T13:16:15.417177+00:00,2026-09-28,386a4aa184240b864bfa447162a906f459ae4cdc802260a851cfbddd14a86f36
TX_ICF_IID,007563,544,EVERGREEN ENDICOTT COMMUNITY HOME,ICF/IID,YES,YES,TARRANT,1502 ENDICOTT,ARLINGTON,TX,76018,dddf847544af07c80cfa3c25e4b7d8f9dedc28696e6c14f5dd307636ea67f450,https://apps.hhs.texas.gov/providers/directories/ICFIID.xlsx,2026-09-30T13:16:15.417177+00:00,2026-09-28,19043413d334bb6d88c273b1c92cd0ab42f88404f5bb9b0dc7e3993bf1046fe4
TX_ICF_IID,101525,545,EVERGREEN JEANNETTE EARLY COMMUNITY HOME,ICF/IID,YES,YES,TARRANT,329 MONTANA DR,ARLINGTON,TX,76002,dddf847544af07c80cfa3c25e4b7d8f9dedc28696e6c14f5dd307636ea67f450,https://apps.hhs.texas.gov/providers/directories/ICFIID.xlsx,2026-09-30T13:16:15.417177+00:00,2026-09-28,adfac6a0418866a2bd36296cd18149253b5191e48917dbaf3a9fc8b76340a0b4
TX_ICF_IID,101454,546,EVERGREEN SALIDA COMMUNITY HOME,ICF/IID,YES,YES,TARRANT,911 SALIDA DR,ARLINGTON,TX,76001,dddf847544af07c80cfa3c25e4b7d8f9dedc28696e6c14f5dd307636ea67f450,https://apps.hhs.texas.gov/providers/directories/ICFIID.xlsx,2026-09-30T13:16:15.417177+00:00,2026-09-28,b19af68ca37a9be4526382b15353917d77bbd43ae81bd491d8669f5341e2d996
TX_ICF_IID,101819,547,EVERGREEN WAGNER COMMUNITY HOME,ICF/IID,YES,YES,TARRANT,7905 PEREGRINE TRAIL,ARLINGTON,TX,76001,dddf847544af07c80cfa3c25e4b7d8f9dedc28696e6c14f5dd307636ea67f450,https://apps.hhs.texas.gov/providers/directories/ICFIID.xlsx,2026-09-30T13:16:15.417177+00:00,2026-09-28,e66db3f2928c310f201cdb83bd2fc02540c895e1f93cc1800c701247d1b2478e
TX_ICF_IID,007576,548,RACQUET CLUB,ICF/IID,NO,YES,TARRANT,4809 RACQUET CLUB DRIVE,ARLINGTON,TX,76017,dddf847544af07c80cfa3c25e4b7d8f9dedc28696e6c14f5dd307636ea67f450,https://apps.hhs.texas.gov/providers/directories/ICFIID.xlsx,2026-09-30T13:16:15.417177+00:00,2026-09-28,88e421de2f5c69504e8f39831f1941f5712a9e1ab04522c6e0e21f88f7798074
TX_ICF_IID,007451,549,DENVER TRAIL,ICF/IID,YES,YES,TARRANT,129 DENVER TRAIL,AZLE,TX,76020,dddf847544af07c80cfa3c25e4b7d8f9dedc28696e6c14f5dd307636ea67f450,https://apps.hhs.texas.gov/providers/directories/ICFIID.xlsx,2026-09-30T13:16:15.417177+00:00,2026-09-28,f634c704fec38f6038a735bfa4f982720d7d616dfc01f748bd59dca92379eb55
TX_ICF_IID,007422,550,EDUCARE COMMUNITY LIVING LIMITED PARTNERSHIP,ICF/IID,YES,YES,TARRANT,104 LAMPLIGHTER CT,AZLE,TX,76020,dddf847544af07c80cfa3c25e4b7d8f9dedc28696e6c14f5dd307636ea67f450,https://apps.hhs.texas.gov/providers/directories/ICFIID.xlsx,2026-09-30T13:16:15.417177+00:00,2026-09-28,8f856b73b51c4cfc04b30685978d54eebded01c79b3eed81f67fae9c69934544
TX_ICF_IID,007414,551,EDUCARE COMMUNITY LIVING LIMITED PARTNERSHIP,ICF/IID,YES,YES,TARRANT,1748 SPINNAKER LN,AZLE,TX,76020,dddf847544af07c80cfa3c25e4b7d8f9dedc28696e6c14f5dd307636ea67f450,https://apps.hhs.texas.gov/providers/directories/ICFIID.xlsx,2026-09-30T13:16:15.417177+00:00,2026-09-28,60e72a978c8236aa671d4bdfa6b9afb5da44561bb11503168bb572d43a8bc0b0
TX_ICF_IID,003957,552,EDUCARE COMMUNITY LIVING LIMITED PARTNERSHIP,ICF/IID,YES,YES,TARRANT,708 JAMES ST,AZLE,TX,76020,dddf847544af07c80cfa3c25e4b7d8f9dedc28696e6c14f5dd307636ea67f450,https://apps.hhs.texas.gov/providers/directories/ICFIID.xlsx,2026-09-30T13:16:15.417177+00:00,2026-09-28,52a401a8708b09c57fd8894f688e297d6b662700953863cce117992604189bd8
TX_ICF_IID,007223,553,ELM COURT,ICF/IID,YES,YES,TARRANT,928 ELM COURT,AZLE,TX,76020,dddf847544af07c80cfa3c25e4b7d8f9dedc28696e6c14f5dd307636ea67f450,https://apps.hhs.texas.gov/providers/directories/ICFIID.xlsx,2026-09-30T13:16:15.417177+00:00,2026-09-28,74e130829afded94dc3b9dc95771d27451e3731aae45c4e5c293ac1926081e6a
TX_ICF_IID,007209,554,TANGLEWOOD,ICF/IID,YES,YES,TARRANT,1613 TANGLEWOOD,AZLE,TX,76020,dddf847544af07c80cfa3c25e4b7d8f9dedc28696e6c14f5dd307636ea67f450,https://apps.hhs.texas.gov/providers/directories/ICFIID.xlsx,2026-09-30T13:16:15.417177+00:00,2026-09-28,720ef752705bcb96e5f1661e82327ab00a521b77ef4afb6cb0fea10ff75403eb
TX_ICF_IID,007809,555,EDUCARE COMMUNITY LIVING LIMITED PARTNERSHIP,ICF/IID,YES,YES,TARRANT,3824 WALNUT DR,BEDFORD,TX,76021,dddf847544af07c80cfa3c25e4b7d8f9dedc28696e6c14f5dd307636ea67f450,https://apps.hhs.texas.gov/providers/directories/ICFIID.xlsx,2026-09-30T13:16:15.417177+00:00,2026-09-28,bb95f205c0c48885098ce8a6e182f96b1811912361bfa051567da9c718e14eec
TX_ICF_IID,007395,556,TRAINING RESIDENCE 6,ICF/IID,NO,YES,TARRANT,1619 PIPELINE ROAD,BEDFORD,TX,76022,dddf847544af07c80cfa3c25e4b7d8f9dedc28696e6c14f5dd307636ea67f450,https://apps.hhs.texas.gov/providers/directories/ICFIID.xlsx,2026-09-30T13:16:15.417177+00:00,2026-09-28,dea73e1482618976c2aa92c0ff17ed5dd76475666d94ac0d0e42c6e4c7d3961b
TX_ICF_IID,003953,557,COZBY COMMUNITY HOME,ICF/IID,YES,YES,TARRANT,106 COZBY ST SOUTH,BENBROOK,TX,76126,dddf847544af07c80cfa3c25e4b7d8f9dedc28696e6c14f5dd307636ea67f450,https://apps.hhs.texas.gov/providers/directories/ICFIID.xlsx,2026-09-30T13:16:15.417177+00:00,2026-09-28,410ef0b0cd1a6b0d9d6da0e4d6af2e6d58055a6746f5cc7c831cd64845ac288e
TX_ICF_IID,007397,558,BUILDER ROAD,ICF/IID,NO,YES,TARRANT,2200 BUILDER ROAD,CROWLEY,TX,76036,dddf847544af07c80cfa3c25e4b7d8f9dedc28696e6c14f5dd307636ea67f450,https://apps.hhs.texas.gov/providers/directories/ICFIID.xlsx,2026-09-30T13:16:15.417177+00:00,2026-09-28,41a8529a795fe0a2f154a4085551815e6fb3963f5153de5fe1cbe628a7879d7c
TX_ICF_IID,003845,559,NEWSTART LIVING CENTER I,ICF/IID,YES,YES,TARRANT,305 N BEVERLY ST,CROWLEY,TX,76036,dddf847544af07c80cfa3c25e4b7d8f9dedc28696e6c14f5dd307636ea67f450,https://apps.hhs.texas.gov/providers/directories/ICFIID.xlsx,2026-09-30T13:16:15.417177+00:00,2026-09-28,fc34cb5163c3b8da5e58c8cf06724f890bfcf0426b97310a8d6fcc1c3df61d5b
TX_ICF_IID,003670,560,SUMMER HOUSE,ICF/IID,YES,YES,TARRANT,1925 CATTLE DRIVE CT,CROWLEY,TX,76036,dddf847544af07c80cfa3c25e4b7d8f9dedc28696e6c14f5dd307636ea67f450,https://apps.hhs.texas.gov/providers/directories/ICFIID.xlsx,2026-09-30T13:16:15.417177+00:00,2026-09-28,975fa8fbac5b8f3737cfbe7c3025efb0047abaa49ced7f7a43e298c7eaa63c7b
TX_ICF_IID,111904,561,2YORK,ICF/IID,YES,YES,TARRANT,2 YORK DR,EDGECLIFF VILLAGE,TEXAS,76134,dddf847544af07c80cfa3c25e4b7d8f9dedc28696e6c14f5dd307636ea67f450,https://apps.hhs.texas.gov/providers/directories/ICFIID.xlsx,2026-09-30T13:16:15.417177+00:00,2026-09-28,9ce9e09242c61ba0a48dee5d6c804502d6071a49f5b34ef801db56dcae5f9e07
TX_ICF_IID,007575,562,AMICUS AT MILLS,ICF/IID,YES,YES,TARRANT,512 S MILLS DRIVE,EULESS,TX,76040,dddf847544af07c80cfa3c25e4b7d8f9dedc28696e6c14f5dd307636ea67f450,https://apps.hhs.texas.gov/providers/directories/ICFIID.xlsx,2026-09-30T13:16:15.417177+00:00,2026-09-28,b2aba3bbfe2405a56f1b178d6b50a1189f5f779a5bf22148f906d68ba96b2263
TX_ICF_IID,007262,563,CHAMBERS CREEK COMMUNITY HOME,ICF/IID,YES,YES,TARRANT,613 CHAMBERS CRK,EVERMAN,TX,76140,dddf847544af07c80cfa3c25e4b7d8f9dedc28696e6c14f5dd307636ea67f450,https://apps.hhs.texas.gov/providers/directories/ICFIID.xlsx,2026-09-30T13:16:15.417177+00:00,2026-09-28,6c601ee2f7099f850c2ac264fcfaffb72c1aac7a63a3cc55b97f77bf2c40a4e9
TX_ICF_IID,003870,564,NEWSTART LIVING CENTER II,ICF/IID,YES,YES,TARRANT,1000 COURY RD,EVERMAN,TX,76140,dddf847544af07c80cfa3c25e4b7d8f9dedc28696e6c14f5dd307636ea67f450,https://apps.hhs.texas.gov/providers/directories/ICFIID.xlsx,2026-09-30T13:16:15.417177+00:00,2026-09-28,0e3e03b879489d5e829e5b540cd16ba64a1ba5f06ace451b00dd6844fdaab874
TX_ICF_IID,110479,565,CIBOLO HOUSE,ICF/IID,NO,YES,TARRANT,3313 SHAMROCK,FOREST HILL,TX,76119,dddf847544af07c80cfa3c25e4b7d8f9dedc28696e6c14f5dd307636ea67f450,https://apps.hhs.texas.gov/providers/directories/ICFIID.xlsx,2026-09-30T13:16:15.417177+00:00,2026-09-28,7b22e26763b92a2707c4bb5a4b1c867d57a1111fb09c90600692b627122e19da
TX_ICF_IID,003931,566,NEWSTART LIVING CENTER I I I,ICF/IID,YES,YES,TARRANT,5124 QUEEN ANNE DR,FOREST HILL,TX,76119,dddf847544af07c80cfa3c25e4b7d8f9dedc28696e6c14f5dd307636ea67f450,https://apps.hhs.texas.gov/providers/directories/ICFIID.xlsx,2026-09-30T13:16:15.417177+00:00,2026-09-28,25372c1099595519ff2e209a2f454539b5333ce8898a693667e15c688fc78013
TX_ICF_IID,003683,567,CRAIG STREET,ICF/IID,YES,YES,TARRANT,7504 CRAIG ST,FORT WORTH,TX,76112,dddf847544af07c80cfa3c25e4b7d8f9dedc28696e6c14f5dd307636ea67f450,https://apps.hhs.texas.gov/providers/directories/ICFIID.xlsx,2026-09-30T13:16:15.417177+00:00,2026-09-28,17f28c8524342cd5c44c57504c34d2cde2142afc44e06f124f53718261544c65
TX_ICF_IID,007240,568,EDUCARE COMMUNITY LIVING CORPORATION  TEXAS,ICF/IID,YES,YES,TARRANT,5009 MARBLE FALLS,FORT WORTH,TX,76103,dddf847544af07c80cfa3c25e4b7d8f9dedc28696e6c14f5dd307636ea67f450,https://apps.hhs.texas.gov/providers/directories/ICFIID.xlsx,2026-09-30T13:16:15.417177+00:00,2026-09-28,4c390853896e80d2ac6ee5237c676922528d89b13bada75a48e0bc2d4f59d44b
TX_ICF_IID,003636,569,EDUCARE COMMUNITY LIVING CORPORATION  TEXAS,ICF/IID,YES,YES,TARRANT,5320 HASTINGS,FORT WORTH,TX,76133,dddf847544af07c80cfa3c25e4b7d8f9dedc28696e6c14f5dd307636ea67f450,https://apps.hhs.texas.gov/providers/directories/ICFIID.xlsx,2026-09-30T13:16:15.417177+00:00,2026-09-28,cb96040d5e212c196b3917552d98238c6c8d39055c29f502b6a4948b28acf6c2
TX_ICF_IID,007226,570,EDUCARE COMMUNITY LIVING CORPORATION  TEXAS,ICF/IID,YES,YES,TARRANT,1433 BARRON LN,FORT WORTH,TX,76112,dddf847544af07c80cfa3c25e4b7d8f9dedc28696e6c14f5dd307636ea67f450,https://apps.hhs.texas.gov/providers/directories/ICFIID.xlsx,2026-09-30T13:16:15.417177+00:00,2026-09-28,6d68c0170c50c9a55ff293e7e5869ce8541f6828b213122041a93b6ab3d3e314
TX_ICF_IID,007285,571,EDUCARE COMMUNITY LIVING CORPORATION  TEXAS,ICF/IID,YES,YES,TARRANT,8321 OHARA,FORT WORTH,TX,76123,dddf847544af07c80cfa3c25e4b7d8f9dedc28696e6c14f5dd307636ea67f450,https://apps.hhs.texas.gov/providers/directories/ICFIID.xlsx,2026-09-30T13:16:15.417177+00:00,2026-09-28,f1238d78ebe38dcdc0d8f2891a27c97797e84dd0bf0118b7270293e6961cdf41
TX_ICF_IID,003641,572,EDUCARE COMMUNITY LIVING CORPORATION – TEXAS,ICF/IID,YES,YES,TARRANT,6524 WHITMAN,FORT WORTH,TX,76133,dddf847544af07c80cfa3c25e4b7d8f9dedc28696e6c14f5dd307636ea67f450,https://apps.hhs.texas.gov/providers/directories/ICFIID.xlsx,2026-09-30T13:16:15.417177+00:00,2026-09-28,96d0a0227a0f08baee7397b93347cf13d148ff58d6dd3e6f1800861c29c1e5fd
TX_ICF_IID,003855,573,EDUCARE COMMUNITY LIVING LIMITED PARTNERSHIP,ICF/IID,YES,YES,TARRANT,4308 BARCELONA,FORT WORTH,TX,76133,dddf847544af07c80cfa3c25e4b7d8f9dedc28696e6c14f5dd307636ea67f450,https://apps.hhs.texas.gov/providers/directories/ICFIID.xlsx,2026-09-30T13:16:15.417177+00:00,2026-09-28,6451b12f52d6b4606fd9caa2734fb8f2bba3a3d3442bbb83893b3a267fe4d891
TX_ICF_IID,007477,574,EDUCARE COMMUNITY LIVING LIMITED PARTNERSHIP,ICF/IID,YES,YES,TARRANT,5724 WINIFRED DR,FORT WORTH,TX,76133,dddf847544af07c80cfa3c25e4b7d8f9dedc28696e6c14f5dd307636ea67f450,https://apps.hhs.texas.gov/providers/directories/ICFIID.xlsx,2026-09-30T13:16:15.417177+00:00,2026-09-28,adffef252dc2760454618faca204cc673237ebf688913df45f12e9d10c43ad12
TX_ICF_IID,007544,575,EDUCARE COMMUNITY LIVING LIMITED PARTNERSHIP,ICF/IID,YES,YES,TARRANT,1812 COUNTRY MANOR RD,FORT WORTH,TX,76133,dddf847544af07c80cfa3c25e4b7d8f9dedc28696e6c14f5dd307636ea67f450,https://apps.hhs.texas.gov/providers/directories/ICFIID.xlsx,2026-09-30T13:16:15.417177+00:00,2026-09-28,150ae33f54fbdd62728bb756c3fdde74619d1821fc42705242daddf07847d07c
TX_ICF_IID,007815,576,EDUCARE COMMUNITY LIVING LIMITED PARTNERSHIP,ICF/IID,YES,YES,TARRANT,6505 POCO COURT,FORT WORTH,TX,76133,dddf847544af07c80cfa3c25e4b7d8f9dedc28696e6c14f5dd307636ea67f450,https://apps.hhs.texas.gov/providers/directories/ICFIID.xlsx,2026-09-30T13:16:15.417177+00:00,2026-09-28,fbf7d914f33be0afafc658942a10f378df9f0e450136e301e011d244aecb1d4d
TX_ICF_IID,007551,577,EDUCARE COMMUNITY LIVING LIMITED PARTNERSHIP,ICF/IID,YES,YES,TARRANT,4120 LONGMEADOW WAY,FORT WORTH,TX,76134,dddf847544af07c80cfa3c25e4b7d8f9dedc28696e6c14f5dd307636ea67f450,https://apps.hhs.texas.gov/providers/directories/ICFIID.xlsx,2026-09-30T13:16:15.417177+00:00,2026-09-28,05fcafa6b3e1e985383b10484aff1a233d4ce7dd7e97b77b35b8ace0e09148ca
TX_ICF_IID,007388,578,FAIRMEADOWS,ICF/IID,YES,YES,TARRANT,3309 FAIRMEADOWS,FORT WORTH,TX,76123,dddf847544af07c80cfa3c25e4b7d8f9dedc28696e6c14f5dd307636ea67f450,https://apps.hhs.texas.gov/providers/directories/ICFIID.xlsx,2026-09-30T13:16:15.417177+00:00,2026-09-28,91ec479d2b16867e7b8ce5cfd0968c845a9bb2edd0bb1790cc852ea9bf9c0d14
TX_ICF_IID,007529,579,FOREST CREEK,ICF/IID,YES,YES,TARRANT,2520 FOREST CREEK DR,FORT WORTH,TX,76123,dddf847544af07c80cfa3c25e4b7d8f9dedc28696e6c14f5dd307636ea67f450,https://apps.hhs.texas.gov/providers/directories/ICFIID.xlsx,2026-09-30T13:16:15.417177+00:00,2026-09-28,c798a2eacb79a1f2fa02ef32354d8c43136fd70161b30ec293ef2982ebe9b110
TX_ICF_IID,007303,580,HUNTWICK,ICF/IID,YES,YES,TARRANT,3744 HUNTWICK DR,FORT WORTH,TX,76123,dddf847544af07c80cfa3c25e4b7d8f9dedc28696e6c14f5dd307636ea67f450,https://apps.hhs.texas.gov/providers/directories/ICFIID.xlsx,2026-09-30T13:16:15.417177+00:00,2026-09-28,d295b297a7e8e533ccd04e96ea6142fac0dfdcf5cf76ca4322bf3870612f270d
TX_ICF_IID,003849,581,KINGSWOOD COMMUNITY HOME,ICF/IID,YES,YES,TARRANT,6717 KINGSWOOD DR,FORT WORTH,TX,76133,dddf847544af07c80cfa3c25e4b7d8f9dedc28696e6c14f5dd307636ea67f450,https://apps.hhs.texas.gov/providers/directories/ICFIID.xlsx,2026-09-30T13:16:15.417177+00:00,2026-09-28,342d031b5bd3ff4d67a1619f29cc0ad2f7c5a907230e7432b0549d17dab7cc22
TX_ICF_IID,007329,582,MOUNTAIN RIDGE,ICF/IID,YES,YES,TARRANT,717 MOUNTAIN RIDGE COURT WEST,FORT WORTH,TX,76135,dddf847544af07c80cfa3c25e4b7d8f9dedc28696e6c14f5dd307636ea67f450,https://apps.hhs.texas.gov/providers/directories/ICFIID.xlsx,2026-09-30T13:16:15.417177+00:00,2026-09-28,3a0334488ea6f033188946de886bfffcc5555671c3490319c281e4c4cecdd77d
TX_ICF_IID,003843,583,OAKLAND PARK,ICF/IID,YES,YES,TARRANT,4613/15 MENZER,FORT WORTH,TX,76103,dddf847544af07c80cfa3c25e4b7d8f9dedc28696e6c14f5dd307636ea67f450,https://apps.hhs.texas.gov/providers/directories/ICFIID.xlsx,2026-09-30T13:16:15.417177+00:00,2026-09-28,28f4c7b9251cb3effd99bcd6355ce97e8cba81d7de5881a4229715395b5fcf09
TX_ICF_IID,110546,584,OAKLAWN HOUSE,ICF/IID,YES,YES,TARRANT,7008 VOLLEY COURT,FORT WORTH,TEXAS,76133,dddf847544af07c80cfa3c25e4b7d8f9dedc28696e6c14f5dd307636ea67f450,https://apps.hhs.texas.gov/providers/directories/ICFIID.xlsx,2026-09-30T13:16:15.417177+00:00,2026-09-28,eecc9aa590c2d8faecc8d246a4e5f726ff160861825d96eb4f5c9234a4fd352e
TX_ICF_IID,111422,585,PETTIT HOUSE,ICF/IID,YES,YES,TARRANT,4305 BARCELONA DR,FORT WORTH,TEXAS,76133,dddf847544af07c80cfa3c25e4b7d8f9dedc28696e6c14f5dd307636ea67f450,https://apps.hhs.texas.gov/providers/directories/ICFIID.xlsx,2026-09-30T13:16:15.417177+00:00,2026-09-28,9ab1daf0daeb8b4586c71a827e25beb80ce545f6f23bbdb24c19f89a42d55075
TX_ICF_IID,007476,586,SAFE CARE III,ICF/IID,YES,YES,TARRANT,4244 RIVER BIRCH RD,FORT WORTH,TX,76137,dddf847544af07c80cfa3c25e4b7d8f9dedc28696e6c14f5dd307636ea67f450,https://apps.hhs.texas.gov/providers/directories/ICFIID.xlsx,2026-09-30T13:16:15.417177+00:00,2026-09-28,4021658ef4afcb82baf608f5d27c495ba26c8c9e9f27804571df8ef854dba75b
TX_ICF_IID,007464,587,SAFE CARE IV,ICF/IID,YES,YES,TARRANT,7105 BENTLEY,FORT WORTH,TX,76137,dddf847544af07c80cfa3c25e4b7d8f9dedc28696e6c14f5dd307636ea67f450,https://apps.hhs.texas.gov/providers/directories/ICFIID.xlsx,2026-09-30T13:16:15.417177+00:00,2026-09-28,c212530562a2f4f49eb332dce9f398ef44957a7dddd4fc8407817e3436aef49e
TX_ICF_IID,007430,588,SUMMER HOUSE 2,ICF/IID,YES,YES,TARRANT,4445 CARTAGENA DRIVE,FORT WORTH,TX,76133,dddf847544af07c80cfa3c25e4b7d8f9dedc28696e6c14f5dd307636ea67f450,https://apps.hhs.texas.gov/providers/directories/ICFIID.xlsx,2026-09-30T13:16:15.417177+00:00,2026-09-28,7c6370d169b1d4325d90573f5d7ff5cb8c7d8cf9534e841c5c0b317c56479b40
TX_ICF_IID,110612,589,SUNSET ACRES HOUSE,ICF/IID,YES,YES,TARRANT,7336 CHANNEL VIEW DR.,FORT WORTH,TEXAS,76133,dddf847544af07c80cfa3c25e4b7d8f9dedc28696e6c14f5dd307636ea67f450,https://apps.hhs.texas.gov/providers/directories/ICFIID.xlsx,2026-09-30T13:16:15.417177+00:00,2026-09-28,08db462659611577623ee117cc459c51c891bd6908a933b3ea3233d0f06839ab
TX_ICF_IID,106856,590,TARRANT COUNTY DADS SERVICES WEST LANE,ICF/IID,NO,YES,TARRANT,6225 S HULEN,FORT WORTH,TX,76133,dddf847544af07c80cfa3c25e4b7d8f9dedc28696e6c14f5dd307636ea67f450,https://apps.hhs.texas.gov/providers/directories/ICFIID.xlsx,2026-09-30T13:16:15.417177+00:00,2026-09-28,5cf484d9cd34445d6c3c50665baab562f47b36704cb384d0ca3f9fc8830e0ea7
TX_ICF_IID,003829,591,TARRANT COUNTY MHMR SERVICES TRAINING RESIDENCE 2,ICF/IID,NO,YES,TARRANT,701 SANDY LN,FORT WORTH,TX,76120,dddf847544af07c80cfa3c25e4b7d8f9dedc28696e6c14f5dd307636ea67f450,https://apps.hhs.texas.gov/providers/directories/ICFIID.xlsx,2026-09-30T13:16:15.417177+00:00,2026-09-28,51547e48826bfcdede555f259c82ddf1646830971aed32b25aff647d42494ec3
TX_ICF_IID,003812,592,TARRANT COUNTY MHMR SERVICES TRAINING RESIDENCE 5,ICF/IID,NO,YES,TARRANT,4833 DIAZ,FORT WORTH,TX,76107,dddf847544af07c80cfa3c25e4b7d8f9dedc28696e6c14f5dd307636ea67f450,https://apps.hhs.texas.gov/providers/directories/ICFIID.xlsx,2026-09-30T13:16:15.417177+00:00,2026-09-28,16881e4e13b0b6df2a2b7304662101aeec3c03b0b1bb9b5bffd2cbfaff307aa1
TX_ICF_IID,007370,593,TRAINING RESIDENCE 7,ICF/IID,NO,YES,TARRANT,6312 KINGSWOOD,FORT WORTH,TX,76133,dddf847544af07c80cfa3c25e4b7d8f9dedc28696e6c14f5dd307636ea67f450,https://apps.hhs.texas.gov/providers/directories/ICFIID.xlsx,2026-09-30T13:16:15.417177+00:00,2026-09-28,4cd048a0efd44d3f40c112ca6850b2bb5102bccadd13b208da7ef32a07963997
TX_ICF_IID,007351,594,TRAINING RESIDENCE 8 TARRANT COUNTY MHMR,ICF/IID,NO,YES,TARRANT,6341 JUNEAU,FORT WORTH,TX,76116,dddf847544af07c80cfa3c25e4b7d8f9dedc28696e6c14f5dd307636ea67f450,https://apps.hhs.texas.gov/providers/directories/ICFIID.xlsx,2026-09-30T13:16:15.417177+00:00,2026-09-28,6a0cef931e17d3b3c681ee07975f1117ed94355977c07b98f798f3d871cce4be
TX_ICF_IID,003739,595,WILLIAMS ROAD,ICF/IID,NO,YES,TARRANT,1136 WILLIAMS ROAD,FORT WORTH,TX,76120,dddf847544af07c80cfa3c25e4b7d8f9dedc28696e6c14f5dd307636ea67f450,https://apps.hhs.texas.gov/providers/directories/ICFIID.xlsx,2026-09-30T13:16:15.417177+00:00,2026-09-28,698285980c62d87065c24869af2609482b83885e111c0d3edb0cd26679d2cd68
TX_ICF_IID,110604,596,WORRELL,ICF/IID,NO,YES,TARRANT,3829 FENTON DRIVE,FORT WORTH,TEXAS,76133,dddf847544af07c80cfa3c25e4b7d8f9dedc28696e6c14f5dd307636ea67f450,https://apps.hhs.texas.gov/providers/directories/ICFIID.xlsx,2026-09-30T13:16:15.417177+00:00,2026-09-28,215c01a0b1155de5160e634afb3514b186f3fb338d0f14f693b0b49a2889e802
TX_ICF_IID,007453,597,WALNUT CREEK RESIDENTIAL SERVICES  INC,ICF/IID,YES,YES,TARRANT,4611 YALE DR.,GRAND PRAIRIE,TX,75052,dddf847544af07c80cfa3c25e4b7d8f9dedc28696e6c14f5dd307636ea67f450,https://apps.hhs.texas.gov/providers/directories/ICFIID.xlsx,2026-09-30T13:16:15.417177+00:00,2026-09-28,799d170715bfd490573cb9325b8c98c89717fa1bdedd36707b492c87abad1297
TX_ICF_IID,007417,598,BROOKWOOD II,ICF/IID,YES,YES,TARRANT,649 CIRCLE VIEW S,HURST,TX,76054,dddf847544af07c80cfa3c25e4b7d8f9dedc28696e6c14f5dd307636ea67f450,https://apps.hhs.texas.gov/providers/directories/ICFIID.xlsx,2026-09-30T13:16:15.417177+00:00,2026-09-28,1c4ec31d39aaf66f913ae8be7a81d4c2efcd4eb5034e1710599a4771f6ac31cf
TX_ICF_IID,003942,599,EDUCARE COMMUNITY LIVING LIMITED PARTNERSHIP,ICF/IID,YES,YES,TARRANT,540 HURSTVIEW,HURST,TX,76053,dddf847544af07c80cfa3c25e4b7d8f9dedc28696e6c14f5dd307636ea67f450,https://apps.hhs.texas.gov/providers/directories/ICFIID.xlsx,2026-09-30T13:16:15.417177+00:00,2026-09-28,8f03386bc48a0268cd1bcbadabda9433449cd9b298a2f1184cb57e6022f6cb84
TX_ICF_IID,007276,600,BROOKWOOD I,ICF/IID,YES,YES,TARRANT,2900 BROOKWOOD LN,SOUTHLAKE,TX,76092,dddf847544af07c80cfa3c25e4b7d8f9dedc28696e6c14f5dd307636ea67f450,https://apps.hhs.texas.gov/providers/directories/ICFIID.xlsx,2026-09-30T13:16:15.417177+00:00,2026-09-28,1e251eecfd82bec2c57ff4ed7ecbf14c119a43cc7d598f8fa5c3e0bf06b26ee7
TX_ICF_IID,007623,601,BROOKWOOD I I I,ICF/IID,YES,YES,TARRANT,2410 TAYLOR ST,SOUTHLAKE,TX,76092,dddf847544af07c80cfa3c25e4b7d8f9dedc28696e6c14f5dd307636ea67f450,https://apps.hhs.texas.gov/providers/directories/ICFIID.xlsx,2026-09-30T13:16:15.417177+00:00,2026-09-28,625406e7e578ec28dd9dcc88db763299ae917329036a1aac2794e0430ac78ef3
TX_ICF_IID,007353,602,SAFE CARE I,ICF/IID,YES,YES,TARRANT,6517 BROOKSIDE DR,WATAUGA,TX,76148,dddf847544af07c80cfa3c25e4b7d8f9dedc28696e6c14f5dd307636ea67f450,https://apps.hhs.texas.gov/providers/directories/ICFIID.xlsx,2026-09-30T13:16:15.417177+00:00,2026-09-28,c01d8df7c266d7e8f48e92b76367446942a9cc30256743624078d36287aa35c7
TX_ICF_IID,007410,603,SAFE CARE II,ICF/IID,YES,YES,TARRANT,8005 LAZY BROOK DR,WATAUGA,TX,76148,dddf847544af07c80cfa3c25e4b7d8f9dedc28696e6c14f5dd307636ea67f450,https://apps.hhs.texas.gov/providers/directories/ICFIID.xlsx,2026-09-30T13:16:15.417177+00:00,2026-09-28,2462e1448ea9a35cfe89f29012a468b9bbe64d279cd4ece0392de62527730978
TX_ICF_IID,106857,604,LOVELL HOUSE,ICF/IID,NO,YES,TARRANT,5325 LOVELL AVENUE,WESTOVER HILLS,TX,76107,dddf847544af07c80cfa3c25e4b7d8f9dedc28696e6c14f5dd307636ea67f450,https://apps.hhs.texas.gov/providers/directories/ICFIID.xlsx,2026-09-30T13:16:15.417177+00:00,2026-09-28,f98da7abc0825c2d4423f9e05b3a37e41454bd0522a2a31a81e5257d33dd62ea
TX_ICF_IID,007425,605,ALYSSA 1,ICF/IID,YES,YES,TARRANT,9220 ALYSSA DR,WHITE SETTLEMENT,TX,76108,dddf847544af07c80cfa3c25e4b7d8f9dedc28696e6c14f5dd307636ea67f450,https://apps.hhs.texas.gov/providers/directories/ICFIID.xlsx,2026-09-30T13:16:15.417177+00:00,2026-09-28,9fdf0a6dd818b3c14eb4d3c77cf0d7766e7e9a9bda0e1f80ab778a52aefb4b0c
TX_ICF_IID,007305,606,ALYSSA 2,ICF/IID,YES,YES,TARRANT,9212 ALYSSA,WHITE SETTLEMENT,TX,76108,dddf847544af07c80cfa3c25e4b7d8f9dedc28696e6c14f5dd307636ea67f450,https://apps.hhs.texas.gov/providers/directories/ICFIID.xlsx,2026-09-30T13:16:15.417177+00:00,2026-09-28,0b8ad3be78367a1d8d8634522c6245f6e8619474d6e584393ba87863155c1b9e
TX_ICF_IID,003728,607,ABILENE COMMUNITY RESIDENCE,ICF/IID,YES,YES,TAYLOR,3110 BUFFALO GAP RD,ABILENE,TX,79605,dddf847544af07c80cfa3c25e4b7d8f9dedc28696e6c14f5dd307636ea67f450,https://apps.hhs.texas.gov/providers/directories/ICFIID.xlsx,2026-09-30T13:16:15.417177+00:00,2026-09-28,a7c98860511983fe41275ec97bd83f258e43ee47b3ebed58e259441b33d66fbd
TX_ICF_IID,007100,608,ABILENE STATE SUPPORTED LIVING CENTER,ICF/IID,NO,YES,TAYLOR,2501 MAPLE ST,ABILENE,TX,79602,dddf847544af07c80cfa3c25e4b7d8f9dedc28696e6c14f5dd307636ea67f450,https://apps.hhs.texas.gov/providers/directories/ICFIID.xlsx,2026-09-30T13:16:15.417177+00:00,2026-09-28,09f3e4be504df688365396d164f4183320bbf4d8ea6b8daddfce54df06bcbbaf
TX_ICF_IID,110804,609,AMBER HOUSE,ICF/IID,YES,YES,TAYLOR,3264 VARNER LANE,ABILENE,TEXAS,79601,dddf847544af07c80cfa3c25e4b7d8f9dedc28696e6c14f5dd307636ea67f450,https://apps.hhs.texas.gov/providers/directories/ICFIID.xlsx,2026-09-30T13:16:15.417177+00:00,2026-09-28,3b7b371e1ed6a353b3658d2b924e04918bfc0216cc5e285f67a931a15aa4bace
TX_ICF_IID,107089,610,ANDRESS HOUSE,ICF/IID,YES,YES,TAYLOR,3257 VARNER LANE,ABILENE,TX,79601,dddf847544af07c80cfa3c25e4b7d8f9dedc28696e6c14f5dd307636ea67f450,https://apps.hhs.texas.gov/providers/directories/ICFIID.xlsx,2026-09-30T13:16:15.417177+00:00,2026-09-28,af4277b03fd08c1a85cfd213be747b6e65b073d29582cc6ae5e188ada6d40e6e
TX_ICF_IID,003749,611,BIG SKY RANCH,ICF/IID,YES,YES,TAYLOR,2234 B AMY LYN AVE,ABILENE,TX,79603,dddf847544af07c80cfa3c25e4b7d8f9dedc28696e6c14f5dd307636ea67f450,https://apps.hhs.texas.gov/providers/directories/ICFIID.xlsx,2026-09-30T13:16:15.417177+00:00,2026-09-28,89ce9b68508cc99602c5939c71fbb8625b2c94f62a15d1ece87bda390cab650f
TX_ICF_IID,007354,612,EAST LAKE,ICF/IID,YES,YES,TAYLOR,3325 E LAKE RD,ABILENE,TX,79601,dddf847544af07c80cfa3c25e4b7d8f9dedc28696e6c14f5dd307636ea67f450,https://apps.hhs.texas.gov/providers/directories/ICFIID.xlsx,2026-09-30T13:16:15.417177+00:00,2026-09-28,453a74bf8ee13eb2e878df28ae7212c7ac23a2ba75f9996bde9d1da3ec9568ef
TX_ICF_IID,007324,613,EDUCARE COMMUNITY LIVING LIMITED PARTNERSHIP,ICF/IID,YES,YES,TAYLOR,2326 BRENDA ST,ABILENE,TX,79605-1118,dddf847544af07c80cfa3c25e4b7d8f9dedc28696e6c14f5dd307636ea67f450,https://apps.hhs.texas.gov/providers/directories/ICFIID.xlsx,2026-09-30T13:16:15.417177+00:00,2026-09-28,286a38d4d7e2e9bdd064c11b990b190edeea58ab9141424707f6fc96ead16cbb
TX_ICF_IID,007383,614,EDUCARE COMMUNITY LIVING LIMITED PARTNERSHIP,ICF/IID,YES,YES,TAYLOR,634 BACON DR,ABILENE,TX,79601-2051,dddf847544af07c80cfa3c25e4b7d8f9dedc28696e6c14f5dd307636ea67f450,https://apps.hhs.texas.gov/providers/directories/ICFIID.xlsx,2026-09-30T13:16:15.417177+00:00,2026-09-28,09faab9ff94d36aa765f33bff554a83b591a3debfd84cc83206627e1d7d4db64
TX_ICF_IID,007501,615,EDUCARE COMMUNITY LIVING LIMITED PARTNERSHIP,ICF/IID,YES,YES,TAYLOR,1366 HIGHLAND AVE,ABILENE,TX,79605-4251,dddf847544af07c80cfa3c25e4b7d8f9dedc28696e6c14f5dd307636ea67f450,https://apps.hhs.texas.gov/providers/directories/ICFIID.xlsx,2026-09-30T13:16:15.417177+00:00,2026-09-28,56eb1545979a1556fd8af5c294c17e6bdeb947e0afd71048baa5f08208274c91
TX_ICF_IID,010198,616,EDUCARE COMMUNITY LIVING LIMITED PARTNERSHIP,ICF/IID,YES,YES,TAYLOR,910 PARSONS RD,ABILENE,TX,79602-3110,dddf847544af07c80cfa3c25e4b7d8f9dedc28696e6c14f5dd307636ea67f450,https://apps.hhs.texas.gov/providers/directories/ICFIID.xlsx,2026-09-30T13:16:15.417177+00:00,2026-09-28,0601806ff66950e10589986d27ba16a966200643892f4d210cb1d74d1e0e8441
TX_ICF_IID,110490,617,FARMER HOUSE,ICF/IID,YES,YES,TAYLOR,3302 BELLPEPPER WAY,ABILENE,TX,79601,dddf847544af07c80cfa3c25e4b7d8f9dedc28696e6c14f5dd307636ea67f450,https://apps.hhs.texas.gov/providers/directories/ICFIID.xlsx,2026-09-30T13:16:15.417177+00:00,2026-09-28,9b77475d4107e13faff5fa2891f4787cf8fec8384b793f32453affc3b8292e23
TX_ICF_IID,007259,618,GRACE RESIDENTIAL,ICF/IID,YES,YES,TAYLOR,1318 PIEDMONT DR,ABILENE,TX,79601,dddf847544af07c80cfa3c25e4b7d8f9dedc28696e6c14f5dd307636ea67f450,https://apps.hhs.texas.gov/providers/directories/ICFIID.xlsx,2026-09-30T13:16:15.417177+00:00,2026-09-28,ea9fd0023e70338bb534021e733f03d3904f495c5d6c1ce2d4419b20a7f56ca6
TX_ICF_IID,110498,619,HARKINS HOUSE,ICF/IID,YES,YES,TAYLOR,3210 BELL PEPPER WAY,ABILENE,TEXAS,79601,dddf847544af07c80cfa3c25e4b7d8f9dedc28696e6c14f5dd307636ea67f450,https://apps.hhs.texas.gov/providers/directories/ICFIID.xlsx,2026-09-30T13:16:15.417177+00:00,2026-09-28,3b461fe7193e10162db3c4c51029df127f7f9f4ea1372c71d528de3cbd3235b4
TX_ICF_IID,003667,620,HIGH LIFE,ICF/IID,YES,YES,TAYLOR,#2 HIGH LIFE CIR,ABILENE,TX,79606,dddf847544af07c80cfa3c25e4b7d8f9dedc28696e6c14f5dd307636ea67f450,https://apps.hhs.texas.gov/providers/directories/ICFIID.xlsx,2026-09-30T13:16:15.417177+00:00,2026-09-28,9738c4077333172a26e1eed0915090693da04495da721d1c2e0aa6db5f88766e
TX_ICF_IID,007254,621,"HILL RESOURCES II, INC",ICF/IID,YES,YES,TAYLOR,965 WASHINGTON BLVD,ABILENE,TX,79601,dddf847544af07c80cfa3c25e4b7d8f9dedc28696e6c14f5dd307636ea67f450,https://apps.hhs.texas.gov/providers/directories/ICFIID.xlsx,2026-09-30T13:16:15.417177+00:00,2026-09-28,c719a5100c4c7f32a80c49e2935a110c27ef57912b056e9227ef7aa42bc58121
TX_ICF_IID,007568,622,LAWYERS LANE,ICF/IID,YES,YES,TAYLOR,1317 LAWYERS LANE,ABILENE,TEXAS,79602,dddf847544af07c80cfa3c25e4b7d8f9dedc28696e6c14f5dd307636ea67f450,https://apps.hhs.texas.gov/providers/directories/ICFIID.xlsx,2026-09-30T13:16:15.417177+00:00,2026-09-28,9031fa893c207823ebb9fae92cb2baff10bfb95c096665b5fe71626f1ba1e2aa
TX_ICF_IID,007319,623,MATTHEWS HOUSE,ICF/IID,YES,YES,TAYLOR,3201 BELL PEPPER WAY,ABILENE,TEXAS,79601,dddf847544af07c80cfa3c25e4b7d8f9dedc28696e6c14f5dd307636ea67f450,https://apps.hhs.texas.gov/providers/directories/ICFIID.xlsx,2026-09-30T13:16:15.417177+00:00,2026-09-28,11613e18da97b4e78523f184137fb059b36707ae3a24a424daa294584c886693
TX_ICF_IID,003770,624,MESQUITE VILLA,ICF/IID,YES,YES,TAYLOR,2234 A AMY LYN AVE,ABILENE,TX,79603,dddf847544af07c80cfa3c25e4b7d8f9dedc28696e6c14f5dd307636ea67f450,https://apps.hhs.texas.gov/providers/directories/ICFIID.xlsx,2026-09-30T13:16:15.417177+00:00,2026-09-28,5e350d30d11131264cb7deb785486e40c9c217dceec5eb1bb6530bd81025eabc
TX_ICF_IID,110382,625,MILLIORN HOUSE,ICF/IID,YES,YES,TAYLOR,3209 BELL PEPPER WAY,ABILENE,TEXAS,79601,dddf847544af07c80cfa3c25e4b7d8f9dedc28696e6c14f5dd307636ea67f450,https://apps.hhs.texas.gov/providers/directories/ICFIID.xlsx,2026-09-30T13:16:15.417177+00:00,2026-09-28,204678aca2cfeb40755320fee3e97cc2d00c36834c81b42ad0a8215048e633aa
TX_ICF_IID,007298,626,NORTH WILLIS,ICF/IID,YES,YES,TAYLOR,1855 N WILLIS ST,ABILENE,TX,79603,dddf847544af07c80cfa3c25e4b7d8f9dedc28696e6c14f5dd307636ea67f450,https://apps.hhs.texas.gov/providers/directories/ICFIID.xlsx,2026-09-30T13:16:15.417177+00:00,2026-09-28,fff1d6cc0ab0fc9b9c2b90f58228a43eef2d7b8c191f26e5e3b6895ae7e254a7
TX_ICF_IID,112057,627,OAKWOOD,ICF/IID,YES,YES,TAYLOR,2001 OAKWOOD LANE,ABILENE,TEXAS,79605,dddf847544af07c80cfa3c25e4b7d8f9dedc28696e6c14f5dd307636ea67f450,https://apps.hhs.texas.gov/providers/directories/ICFIID.xlsx,2026-09-30T13:16:15.417177+00:00,2026-09-28,8959020ba1263a34d07a1bf00de257f26fc8386a4a8004fdea9a6a25e0eb668f
TX_ICF_IID,106671,628,ORSBURN HOUSE,ICF/IID,YES,YES,TAYLOR,3258 VARNER LANE,ABILENE,TX,79601,dddf847544af07c80cfa3c25e4b7d8f9dedc28696e6c14f5dd307636ea67f450,https://apps.hhs.texas.gov/providers/directories/ICFIID.xlsx,2026-09-30T13:16:15.417177+00:00,2026-09-28,188cf78e4508b612d6d2d336b33b550b352f6b7a3e22eed53ac1e02da84cac05
TX_ICF_IID,007386,629,OVER STREET,ICF/IID,YES,YES,TAYLOR,3190 OVER ST,ABILENE,TX,79605,dddf847544af07c80cfa3c25e4b7d8f9dedc28696e6c14f5dd307636ea67f450,https://apps.hhs.texas.gov/providers/directories/ICFIID.xlsx,2026-09-30T13:16:15.417177+00:00,2026-09-28,785e55e9c2130b850e306bf37306e4474321beac00fb24dc6a0aac6414bd27c3
TX_ICF_IID,007510,630,RICHLAND,ICF/IID,YES,YES,TAYLOR,2010 RICHLAND ST,ABILENE,TX,79605,dddf847544af07c80cfa3c25e4b7d8f9dedc28696e6c14f5dd307636ea67f450,https://apps.hhs.texas.gov/providers/directories/ICFIID.xlsx,2026-09-30T13:16:15.417177+00:00,2026-09-28,979f2994a575dc7548c8d7a6b2429569432263e384f8da41971861a5b3a010ab
TX_ICF_IID,007251,631,ROYAL COURT,ICF/IID,YES,YES,TAYLOR,4601 ROYAL CT,ABILENE,TX,79605,dddf847544af07c80cfa3c25e4b7d8f9dedc28696e6c14f5dd307636ea67f450,https://apps.hhs.texas.gov/providers/directories/ICFIID.xlsx,2026-09-30T13:16:15.417177+00:00,2026-09-28,38b70407de1249e685a887e7763fa70e4fc180d13b126737b77a97a168117503
TX_ICF_IID,007578,632,WOODRIDGE,ICF/IID,YES,YES,TAYLOR,3410 WOODRIDGE ST,ABILENE,TX,79605,dddf847544af07c80cfa3c25e4b7d8f9dedc28696e6c14f5dd307636ea67f450,https://apps.hhs.texas.gov/providers/directories/ICFIID.xlsx,2026-09-30T13:16:15.417177+00:00,2026-09-28,efbe912dbfd9370f9f789ae796e75e1827b48f03214491973076ccbf18353d43
TX_ICF_IID,007517,633,"PLEASANT LIVING, INC",ICF/IID,YES,YES,TITUS,2003 HAPPY ST,MOUNT PLEASANT,TX,75455,dddf847544af07c80cfa3c25e4b7d8f9dedc28696e6c14f5dd307636ea67f450,https://apps.hhs.texas.gov/providers/directories/ICFIID.xlsx,2026-09-30T13:16:15.417177+00:00,2026-09-28,a784deea09ee501ab57ec8f3f94d68949e0ed116883d0fd377c023e1e61825d5
TX_ICF_IID,007108,634,SAN ANGELO STATE SUPPORTED LIVING CENTER,ICF/IID,NO,YES,TOM GREEN,11640 US HIGHWAY 87,CARLSBAD,TX,76934,dddf847544af07c80cfa3c25e4b7d8f9dedc28696e6c14f5dd307636ea67f450,https://apps.hhs.texas.gov/providers/directories/ICFIID.xlsx,2026-09-30T13:16:15.417177+00:00,2026-09-28,b65ab0525e9414df59d6c1682283114cab02fc94c02840e5ed3d18cdf7c67858
TX_ICF_IID,003945,635,2742 PALO DURO DR,ICF/IID,YES,YES,TOM GREEN,2742 PALO DURO DR,SAN ANGELO,TX,76904,dddf847544af07c80cfa3c25e4b7d8f9dedc28696e6c14f5dd307636ea67f450,https://apps.hhs.texas.gov/providers/directories/ICFIID.xlsx,2026-09-30T13:16:15.417177+00:00,2026-09-28,dd3a80b80f0a938a415d360e87c905aee4d698e24da0617c46557862df648e9a
TX_ICF_IID,003606,636,3217 CLEARVIEW DR,ICF/IID,YES,YES,TOM GREEN,3217 CLEARVIEW DR,SAN ANGELO,TX,76904,dddf847544af07c80cfa3c25e4b7d8f9dedc28696e6c14f5dd307636ea67f450,https://apps.hhs.texas.gov/providers/directories/ICFIID.xlsx,2026-09-30T13:16:15.417177+00:00,2026-09-28,4025f4170f151fb1b85789a908170e18c85f1d72d498d6bf255355e5449f913f
TX_ICF_IID,003889,637,4801 BERMUDA DR,ICF/IID,YES,YES,TOM GREEN,4801 BERMUDA DR.,SAN ANGELO,TX,76904,dddf847544af07c80cfa3c25e4b7d8f9dedc28696e6c14f5dd307636ea67f450,https://apps.hhs.texas.gov/providers/directories/ICFIID.xlsx,2026-09-30T13:16:15.417177+00:00,2026-09-28,e7214dfa6fe8877710defa1abf6abc0e30357917a5000261fba89770786011de
TX_ICF_IID,007596,638,BLUEBONNET HOMES 1,ICF/IID,YES,YES,TOM GREEN,1822 CORDELL,SAN ANGELO,TX,76901,dddf847544af07c80cfa3c25e4b7d8f9dedc28696e6c14f5dd307636ea67f450,https://apps.hhs.texas.gov/providers/directories/ICFIID.xlsx,2026-09-30T13:16:15.417177+00:00,2026-09-28,a8e307ba28a4c75070e19509ee929905efc18577f691b8fefd4ea851e2056d63
TX_ICF_IID,007357,639,BLUEBONNET HOMES 2,ICF/IID,YES,YES,TOM GREEN,236 WESTWOOD,SAN ANGELO,TX,76901,dddf847544af07c80cfa3c25e4b7d8f9dedc28696e6c14f5dd307636ea67f450,https://apps.hhs.texas.gov/providers/directories/ICFIID.xlsx,2026-09-30T13:16:15.417177+00:00,2026-09-28,65f738853a8a97727284d06ab5d4889cf17bd61a563ed90d7d76d81ddb7bdda2
TX_ICF_IID,007358,640,BLUEBONNET HOMES 3,ICF/IID,YES,YES,TOM GREEN,1135 E 25TH,SAN ANGELO,TX,76903,dddf847544af07c80cfa3c25e4b7d8f9dedc28696e6c14f5dd307636ea67f450,https://apps.hhs.texas.gov/providers/directories/ICFIID.xlsx,2026-09-30T13:16:15.417177+00:00,2026-09-28,f08db865ae422bd1ec49194211faab12b57b24c9e09168df03701c1a5a77a180
TX_ICF_IID,007401,641,CAPITAL HEIGHTS HOME,ICF/IID,YES,YES,TOM GREEN,1706 IDAHO AVENUE,SAN ANGELO,TX,76904,dddf847544af07c80cfa3c25e4b7d8f9dedc28696e6c14f5dd307636ea67f450,https://apps.hhs.texas.gov/providers/directories/ICFIID.xlsx,2026-09-30T13:16:15.417177+00:00,2026-09-28,d3ec39d4057c0ab2f32dfa522800a677ea6357283a7bf693334d7eb3affbaf05
TX_ICF_IID,007235,642,CASA DE CONCHO,ICF/IID,YES,YES,TOM GREEN,2706 WATSON STREET,SAN ANGELO,TX,76905,dddf847544af07c80cfa3c25e4b7d8f9dedc28696e6c14f5dd307636ea67f450,https://apps.hhs.texas.gov/providers/directories/ICFIID.xlsx,2026-09-30T13:16:15.417177+00:00,2026-09-28,03b2116993616012f792d12882948421200de47d957bb2fa4547bccbb1be36a6
TX_ICF_IID,003632,643,CASA DE MIMOSA,ICF/IID,YES,YES,TOM GREEN,1041 EAST 44TH STREET,SAN ANGELO,TX,76903,dddf847544af07c80cfa3c25e4b7d8f9dedc28696e6c14f5dd307636ea67f450,https://apps.hhs.texas.gov/providers/directories/ICFIID.xlsx,2026-09-30T13:16:15.417177+00:00,2026-09-28,120ef3b88470e7a52b866d5088f879e09203b376db93fd6c0cc21b2ea0652b98
TX_ICF_IID,007582,644,D&S TERRACE PLACE,ICF/IID,YES,YES,TOM GREEN,42 TERRACE DRIVE,SAN ANGELO,TX,76903,dddf847544af07c80cfa3c25e4b7d8f9dedc28696e6c14f5dd307636ea67f450,https://apps.hhs.texas.gov/providers/directories/ICFIID.xlsx,2026-09-30T13:16:15.417177+00:00,2026-09-28,f107490cf0dd09db98767c1d98e3b2d2d906313e116114aa7c45b9d4c56a0003
TX_ICF_IID,107267,645,EDUCARE COMMUNITY LIVING CORPORATION  GULF COAST,ICF/IID,YES,YES,TOM GREEN,5322 SADDLE RIDGE TRAIL,SAN ANGELO,TX,76904,dddf847544af07c80cfa3c25e4b7d8f9dedc28696e6c14f5dd307636ea67f450,https://apps.hhs.texas.gov/providers/directories/ICFIID.xlsx,2026-09-30T13:16:15.417177+00:00,2026-09-28,8ddc1be23d327d1273e662d035f474417faf3164dc7b8c45c52fd7e922d8c657
TX_ICF_IID,007656,646,SAN ANGELO INDEPENDENT LIVING TRAINING RESIDENCE,ICF/IID,YES,YES,TOM GREEN,20 S KOENIGHEIM,SAN ANGELO,TX,76903,dddf847544af07c80cfa3c25e4b7d8f9dedc28696e6c14f5dd307636ea67f450,https://apps.hhs.texas.gov/providers/directories/ICFIID.xlsx,2026-09-30T13:16:15.417177+00:00,2026-09-28,98fd2fc84c8a99b23d071329c33d9d4327b1aca93ec86e90b9a1acb5fa244800
TX_ICF_IID,111926,647,SIERRA HOUSE,ICF/IID,YES,YES,TOM GREEN,3026 SIERRA DR,SAN ANGELO,TX,76904,dddf847544af07c80cfa3c25e4b7d8f9dedc28696e6c14f5dd307636ea67f450,https://apps.hhs.texas.gov/providers/directories/ICFIID.xlsx,2026-09-30T13:16:15.417177+00:00,2026-09-28,070edf5efc471c2a6ed3ce94447e037a6184d8e0512d02626ff6f9a1be0b9241
TX_ICF_IID,007249,648,AUSTIN HOUSE,ICF/IID,YES,YES,TRAVIS,101 CLOUDVIEW DR,AUSTIN,TX,78745,dddf847544af07c80cfa3c25e4b7d8f9dedc28696e6c14f5dd307636ea67f450,https://apps.hhs.texas.gov/providers/directories/ICFIID.xlsx,2026-09-30T13:16:15.417177+00:00,2026-09-28,34c6d17c6ea8a1a8af6765c0c8f73a95c2951c563efbce914b58afb482f03413
TX_ICF_IID,007101,649,AUSTIN STATE SUPPORTED LIVING CENTER,ICF/IID,NO,YES,TRAVIS,2203 W 35TH ST,AUSTIN,TX,78767,dddf847544af07c80cfa3c25e4b7d8f9dedc28696e6c14f5dd307636ea67f450,https://apps.hhs.texas.gov/providers/directories/ICFIID.xlsx,2026-09-30T13:16:15.417177+00:00,2026-09-28,b9d1cc19b783c2dacfff11aa62a366ea4b680465e3e2056d328e0f1e073bbeb9
TX_ICF_IID,007389,650,AUTUMN RIDGE,ICF/IID,YES,YES,TRAVIS,11605 AUTUMN RIDGE,AUSTIN,TX,78759,dddf847544af07c80cfa3c25e4b7d8f9dedc28696e6c14f5dd307636ea67f450,https://apps.hhs.texas.gov/providers/directories/ICFIID.xlsx,2026-09-30T13:16:15.417177+00:00,2026-09-28,50fb8248789174111982af962511e57724236d9b70b164fd9b3a098792cb73fd
TX_ICF_IID,007367,651,BALCONES WOODS,ICF/IID,YES,YES,TRAVIS,4504 BALCONES WOODS,AUSTIN,TX,78759,dddf847544af07c80cfa3c25e4b7d8f9dedc28696e6c14f5dd307636ea67f450,https://apps.hhs.texas.gov/providers/directories/ICFIID.xlsx,2026-09-30T13:16:15.417177+00:00,2026-09-28,a6816237d1a5e1c64a45dead03f9d97ac69aa6b6e511b5be36961dd03852e2ec
TX_ICF_IID,007599,652,BLARWOOD,ICF/IID,YES,YES,TRAVIS,6100 BLARWOOD DRIVE,AUSTIN,TX,78745,dddf847544af07c80cfa3c25e4b7d8f9dedc28696e6c14f5dd307636ea67f450,https://apps.hhs.texas.gov/providers/directories/ICFIID.xlsx,2026-09-30T13:16:15.417177+00:00,2026-09-28,e5f42101a820977c0b21613ca2169f0e2f356a5e9c54f5ec4c89289b8ae56ab2
TX_ICF_IID,003621,653,BLUFF CANYON COMMUNITY RESIDENCE,ICF/IID,YES,YES,TRAVIS,11101 BLUFF CANYON,AUSTIN,TX,78754,dddf847544af07c80cfa3c25e4b7d8f9dedc28696e6c14f5dd307636ea67f450,https://apps.hhs.texas.gov/providers/directories/ICFIID.xlsx,2026-09-30T13:16:15.417177+00:00,2026-09-28,7d73607cdad8fcba35f21156baca25b8aab00f1474ab99c009b9aefa7053597f
TX_ICF_IID,003631,654,CABANA COMMUNITY RESIDENCE,ICF/IID,YES,YES,TRAVIS,12004 CABANA LN,AUSTIN,TX,78727,dddf847544af07c80cfa3c25e4b7d8f9dedc28696e6c14f5dd307636ea67f450,https://apps.hhs.texas.gov/providers/directories/ICFIID.xlsx,2026-09-30T13:16:15.417177+00:00,2026-09-28,8a5c9dd7df8e331125ade0b1113d6ddf8e540a36fc4a535d5fc5cc88fd2c8ff8
TX_ICF_IID,007542,655,CEDAR VALLEY COMMUNITY RESIDENCE,ICF/IID,YES,YES,TRAVIS,12800 DANIEL BOONE DRIVE,AUSTIN,TX,78737,dddf847544af07c80cfa3c25e4b7d8f9dedc28696e6c14f5dd307636ea67f450,https://apps.hhs.texas.gov/providers/directories/ICFIID.xlsx,2026-09-30T13:16:15.417177+00:00,2026-09-28,5193f0a67deeb545690549a725fd0f64c87ec9ec7b92f5aeae0e16e839ff5657
TX_ICF_IID,007483,656,CHINATREE COMMUNITY RESIDENCE,ICF/IID,YES,YES,TRAVIS,8106 US HIGHWAY 290 WEST,AUSTIN,TX,78735,dddf847544af07c80cfa3c25e4b7d8f9dedc28696e6c14f5dd307636ea67f450,https://apps.hhs.texas.gov/providers/directories/ICFIID.xlsx,2026-09-30T13:16:15.417177+00:00,2026-09-28,658123c2ac15f0598c2ef3878866dac65a0d07b2bf6c45ac1ea7c776e5c32937
TX_ICF_IID,007631,657,CRAIG DRIVE,ICF/IID,YES,YES,TRAVIS,4901 CRAIG DR,AUSTIN,TX,78727,dddf847544af07c80cfa3c25e4b7d8f9dedc28696e6c14f5dd307636ea67f450,https://apps.hhs.texas.gov/providers/directories/ICFIID.xlsx,2026-09-30T13:16:15.417177+00:00,2026-09-28,6f7543027f59b701e0bc58812b9068de19b2a81fef55e0660e878b8f035909f6
TX_ICF_IID,003695,658,CROCKETT HOUSE,ICF/IID,YES,YES,TRAVIS,7906 BRODIE LN,AUSTIN,TX,78745,dddf847544af07c80cfa3c25e4b7d8f9dedc28696e6c14f5dd307636ea67f450,https://apps.hhs.texas.gov/providers/directories/ICFIID.xlsx,2026-09-30T13:16:15.417177+00:00,2026-09-28,c4dfcc6ae8de225536563046a01234d975590a4cd7f8a235b2d30355ba662f68
TX_ICF_IID,007379,659,DEER TRACK,ICF/IID,YES,YES,TRAVIS,12306 DEER TRACK,AUSTIN,TX,78759,dddf847544af07c80cfa3c25e4b7d8f9dedc28696e6c14f5dd307636ea67f450,https://apps.hhs.texas.gov/providers/directories/ICFIID.xlsx,2026-09-30T13:16:15.417177+00:00,2026-09-28,c525839553ac4a139ad9d4a6592fd30b6dde43e8d9e525e59643a7384f725629
TX_ICF_IID,007545,660,EDUCARE COMMUNITY LIVING CORPORATION  TEXAS,ICF/IID,YES,YES,TRAVIS,8204 PILGRIMS PL,AUSTIN,TX,78759,dddf847544af07c80cfa3c25e4b7d8f9dedc28696e6c14f5dd307636ea67f450,https://apps.hhs.texas.gov/providers/directories/ICFIID.xlsx,2026-09-30T13:16:15.417177+00:00,2026-09-28,10f342c57b3ed8219e6df3db50be40de3a67df60e3cf70e10be9cc3e55588a77
TX_ICF_IID,007274,661,EDUCARE COMMUNITY LIVING CORPORATION  TEXAS,ICF/IID,YES,YES,TRAVIS,7507 WHISTLESTOP,AUSTIN,TX,78749,dddf847544af07c80cfa3c25e4b7d8f9dedc28696e6c14f5dd307636ea67f450,https://apps.hhs.texas.gov/providers/directories/ICFIID.xlsx,2026-09-30T13:16:15.417177+00:00,2026-09-28,bc48ddd366aa9b8a98cb02ddd4e06e7525c2b0f052a483c6f147c4e9a5ca3bd5
TX_ICF_IID,102416,662,EDUCARE COMMUNITY LIVING CORPORATION  TEXAS,ICF/IID,YES,YES,TRAVIS,7906 APPOMATTOX DR,AUSTIN,TX,78745,dddf847544af07c80cfa3c25e4b7d8f9dedc28696e6c14f5dd307636ea67f450,https://apps.hhs.texas.gov/providers/directories/ICFIID.xlsx,2026-09-30T13:16:15.417177+00:00,2026-09-28,443d7400c5378636aff8d7771b54c30114fbb1ca1731bd655e3bf3e3a810b54f
TX_ICF_IID,007264,663,EDUCARE COMMUNITY LIVING CORPORATION  TEXAS,ICF/IID,YES,YES,TRAVIS,8604 DELAWARE CT,AUSTIN,TX,78758,dddf847544af07c80cfa3c25e4b7d8f9dedc28696e6c14f5dd307636ea67f450,https://apps.hhs.texas.gov/providers/directories/ICFIID.xlsx,2026-09-30T13:16:15.417177+00:00,2026-09-28,8258f26f26c85ba0b9257cfa8d887a0aa2898fd854d54b2b50c25bade335f441
TX_ICF_IID,007323,664,GRACY FARMS,ICF/IID,YES,YES,TRAVIS,1512 GRACY FARMS LANE,AUSTIN,TX,78758,dddf847544af07c80cfa3c25e4b7d8f9dedc28696e6c14f5dd307636ea67f450,https://apps.hhs.texas.gov/providers/directories/ICFIID.xlsx,2026-09-30T13:16:15.417177+00:00,2026-09-28,391de3336043f229724ab1452b4e01a9d245ece3fd9cc818c1e88df2d453a570
TX_ICF_IID,007429,665,GRASSHOPPER,ICF/IID,YES,YES,TRAVIS,3319 GRASSHOPPER,AUSTIN,TX,78748,dddf847544af07c80cfa3c25e4b7d8f9dedc28696e6c14f5dd307636ea67f450,https://apps.hhs.texas.gov/providers/directories/ICFIID.xlsx,2026-09-30T13:16:15.417177+00:00,2026-09-28,ebd92c0beb120db20531a3f3848e7f72ea2fc71fb4a5e5af586421b1bf1d15b2
TX_ICF_IID,007475,666,HOUSTON GROUP HOUSE,ICF/IID,YES,YES,TRAVIS,7509 WESTGATE BLVD,AUSTIN,TX,78745,dddf847544af07c80cfa3c25e4b7d8f9dedc28696e6c14f5dd307636ea67f450,https://apps.hhs.texas.gov/providers/directories/ICFIID.xlsx,2026-09-30T13:16:15.417177+00:00,2026-09-28,93cbbbe02877350e7870af747cb70f61004d68a81cfc535803ff2438861a68fa
TX_ICF_IID,007805,667,KEOTA,ICF/IID,YES,YES,TRAVIS,4508 KEOTA DRIVE,AUSTIN,TX,78749,dddf847544af07c80cfa3c25e4b7d8f9dedc28696e6c14f5dd307636ea67f450,https://apps.hhs.texas.gov/providers/directories/ICFIID.xlsx,2026-09-30T13:16:15.417177+00:00,2026-09-28,653331b538096bc77776415dd20a0959b741d84ca360d23797de5010fc3d2828
TX_ICF_IID,007452,668,LINCOLN HOUSE,ICF/IID,YES,YES,TRAVIS,1007 COLLINGSWORTH DR,AUSTIN,TX,78753,dddf847544af07c80cfa3c25e4b7d8f9dedc28696e6c14f5dd307636ea67f450,https://apps.hhs.texas.gov/providers/directories/ICFIID.xlsx,2026-09-30T13:16:15.417177+00:00,2026-09-28,f0cb89b25ded9ca59ecc998308b395963b265aab463d0ab1a657be00e9ef9db0
TX_ICF_IID,003793,669,MARY LEE FOUNDATION SOUTHPOINTE I,ICF/IID,YES,YES,TRAVIS,1338 LAMAR SQUARE DR,AUSTIN,TX,78704,dddf847544af07c80cfa3c25e4b7d8f9dedc28696e6c14f5dd307636ea67f450,https://apps.hhs.texas.gov/providers/directories/ICFIID.xlsx,2026-09-30T13:16:15.417177+00:00,2026-09-28,8b16810c5b4d26d35c62478112a63734818727aa3e7ac4d0b3245ed355ef8262
TX_ICF_IID,003832,670,MARY LEE FOUNDATION SOUTHPOINTE I I,ICF/IID,YES,YES,TRAVIS,1336 LAMAR SQUARE DR,AUSTIN,TX,78704,dddf847544af07c80cfa3c25e4b7d8f9dedc28696e6c14f5dd307636ea67f450,https://apps.hhs.texas.gov/providers/directories/ICFIID.xlsx,2026-09-30T13:16:15.417177+00:00,2026-09-28,2923f2804b6f939f66c0c1876d5bb38b2a5eb45fa8e21fda1f5d381eb7ef679b
TX_ICF_IID,007418,671,MARY LEE FOUNDATION THE COTTAGE,ICF/IID,YES,YES,TRAVIS,1334 LAMAR SQUARE DR,AUSTIN,TX,78704,dddf847544af07c80cfa3c25e4b7d8f9dedc28696e6c14f5dd307636ea67f450,https://apps.hhs.texas.gov/providers/directories/ICFIID.xlsx,2026-09-30T13:16:15.417177+00:00,2026-09-28,9b5012d6159a52b6cc8936a30bb7862af80cfc5fe0299b459e350e4db047e235
TX_ICF_IID,007627,672,OAKTREE COMMUNITY RESIDENCE,ICF/IID,YES,YES,TRAVIS,3509 CONVICT HILL,AUSTIN,TX,78749,dddf847544af07c80cfa3c25e4b7d8f9dedc28696e6c14f5dd307636ea67f450,https://apps.hhs.texas.gov/providers/directories/ICFIID.xlsx,2026-09-30T13:16:15.417177+00:00,2026-09-28,30e7e6750cad54fcca9210d850bed5afbd9e656cdac453bb7666e0ca34ee0a1e
TX_ICF_IID,007611,673,ROSS HOUSE,ICF/IID,YES,YES,TRAVIS,3215 WESTERN DR,AUSTIN,TX,78745,dddf847544af07c80cfa3c25e4b7d8f9dedc28696e6c14f5dd307636ea67f450,https://apps.hhs.texas.gov/providers/directories/ICFIID.xlsx,2026-09-30T13:16:15.417177+00:00,2026-09-28,e3a1d4de41dd09b7011a759ce25cf1dbf32d681527629d1caf18caf2dcc37564
TX_ICF_IID,102153,674,SALEM MEADOW,ICF/IID,YES,YES,TRAVIS,1402 SALEM MEADOW CIRCLE,AUSTIN,TX,78745,dddf847544af07c80cfa3c25e4b7d8f9dedc28696e6c14f5dd307636ea67f450,https://apps.hhs.texas.gov/providers/directories/ICFIID.xlsx,2026-09-30T13:16:15.417177+00:00,2026-09-28,9e8d6d912f70742727e0133baabd0a9de93523dcdc0c89629dfb0f49c8f9cc3e
TX_ICF_IID,003639,675,TRAVIS GROUP HOME,ICF/IID,YES,YES,TRAVIS,9112 JAPONICA CT,AUSTIN,TX,78748,dddf847544af07c80cfa3c25e4b7d8f9dedc28696e6c14f5dd307636ea67f450,https://apps.hhs.texas.gov/providers/directories/ICFIID.xlsx,2026-09-30T13:16:15.417177+00:00,2026-09-28,4670a3ebe84872408afc8b337b6f2630948efa067bf022ea87f98bbee806cac4
TX_ICF_IID,003647,676,WAGON CROSSING,ICF/IID,YES,YES,TRAVIS,1203 ECHO LN,AUSTIN,TX,78745,dddf847544af07c80cfa3c25e4b7d8f9dedc28696e6c14f5dd307636ea67f450,https://apps.hhs.texas.gov/providers/directories/ICFIID.xlsx,2026-09-30T13:16:15.417177+00:00,2026-09-28,deedc766bac5c1f3f4c001c69e72bd2d7cad070408e9deb8e6f142731091212e
TX_ICF_IID,007633,677,EDUCARE COMMUNITY LIVING CORPORATION  TEXAS,ICF/IID,YES,YES,TRAVIS,904 VICTORIA RIDGE,PFLUGERVILLE,TX,78660,dddf847544af07c80cfa3c25e4b7d8f9dedc28696e6c14f5dd307636ea67f450,https://apps.hhs.texas.gov/providers/directories/ICFIID.xlsx,2026-09-30T13:16:15.417177+00:00,2026-09-28,9de0a452226b4d59e73191782d46f6e29c0d004ed371ce59a7df2aa74e674ed8
TX_ICF_IID,003974,678,EDUCARE COMMUNITY LIVING LIMITED PARTNERSHIP,ICF/IID,YES,YES,TRAVIS,514 OAT MEADOW DRIVE,PFLUGERVILLE,TX,78660,dddf847544af07c80cfa3c25e4b7d8f9dedc28696e6c14f5dd307636ea67f450,https://apps.hhs.texas.gov/providers/directories/ICFIID.xlsx,2026-09-30T13:16:15.417177+00:00,2026-09-28,aa6a27b076585615ce19eb849ff434ba5cf821869351c4933891d8114e955ad1
TX_ICF_IID,007343,679,DOROTHY JO COMMUNITY HOME,ICF/IID,YES,YES,UVALDE,625 DOROTHY JO CIR,UVALDE,TX,78801,dddf847544af07c80cfa3c25e4b7d8f9dedc28696e6c14f5dd307636ea67f450,https://apps.hhs.texas.gov/providers/directories/ICFIID.xlsx,2026-09-30T13:16:15.417177+00:00,2026-09-28,9921ff21460f62edc168e52c25f416e9a0e47a64760d40fc747419dc13393468
TX_ICF_IID,007500,680,EDUCARE COMMUNITY LIVING LIMITED PARTNERSHIP,ICF/IID,YES,YES,UVALDE,802 E NOPAL STREET,UVALDE,TX,78801-5400,dddf847544af07c80cfa3c25e4b7d8f9dedc28696e6c14f5dd307636ea67f450,https://apps.hhs.texas.gov/providers/directories/ICFIID.xlsx,2026-09-30T13:16:15.417177+00:00,2026-09-28,5d56851407ed870eae7500056d58183c96bbf1a3abb2f3c5e7dae27eca1953a3
TX_ICF_IID,007290,681,EDUCARE COMMUNITY LIVING LIMITED PARTNERSHIP,ICF/IID,YES,YES,VAL VERDE,110 JOHN GLENN DR,DEL RIO,TX,78840,dddf847544af07c80cfa3c25e4b7d8f9dedc28696e6c14f5dd307636ea67f450,https://apps.hhs.texas.gov/providers/directories/ICFIID.xlsx,2026-09-30T13:16:15.417177+00:00,2026-09-28,ccf6481432a41573115363efc2787729299eb55b29b0a37b66e55e68f7700af3
TX_ICF_IID,007237,682,EDUCARE COMMUNITY LIVING LIMITED PARTNERSHIP,ICF/IID,YES,YES,VAL VERDE,93 MICHELLE DR,DEL RIO,TX,78840-2621,dddf847544af07c80cfa3c25e4b7d8f9dedc28696e6c14f5dd307636ea67f450,https://apps.hhs.texas.gov/providers/directories/ICFIID.xlsx,2026-09-30T13:16:15.417177+00:00,2026-09-28,0755295ed630c407a422abc8f891ff18198eae6971d79350c44335fbdb501993
TX_ICF_IID,003772,683,ELLIOTT DRIVE GROUP HOME,ICF/IID,NO,YES,VAN ZANDT,1738 ELLIOTT DR,CANTON,TX,75103,dddf847544af07c80cfa3c25e4b7d8f9dedc28696e6c14f5dd307636ea67f450,https://apps.hhs.texas.gov/providers/directories/ICFIID.xlsx,2026-09-30T13:16:15.417177+00:00,2026-09-28,0e2a6c26db553cdaabd3a2792e631b70ef4fddcae3146c8fe1cd62bf0915b33f
TX_ICF_IID,003938,684,EDINBURGH HOME,ICF/IID,YES,YES,VICTORIA,306 EDINBURGH,VICTORIA,TX,77904,dddf847544af07c80cfa3c25e4b7d8f9dedc28696e6c14f5dd307636ea67f450,https://apps.hhs.texas.gov/providers/directories/ICFIID.xlsx,2026-09-30T13:16:15.417177+00:00,2026-09-28,437033d298990f17cc300e00306883717e7f33e9ef442339ea20adc97c284451
TX_ICF_IID,007304,685,NORTHCREST GROUP HOME,ICF/IID,YES,YES,VICTORIA,902 BELLEVUE,VICTORIA,TX,77904,dddf847544af07c80cfa3c25e4b7d8f9dedc28696e6c14f5dd307636ea67f450,https://apps.hhs.texas.gov/providers/directories/ICFIID.xlsx,2026-09-30T13:16:15.417177+00:00,2026-09-28,9d3d87e642d2d171c764ed0666d2fa35e0a8416e841abb90e287b3a6578199fc
TX_ICF_IID,007504,686,HUNTSVILLE COMMUNITY RESIDENCE,ICF/IID,YES,YES,WALKER,63 STATE HIGHWAY 75 N,HUNTSVILLE,TX,77320,dddf847544af07c80cfa3c25e4b7d8f9dedc28696e6c14f5dd307636ea67f450,https://apps.hhs.texas.gov/providers/directories/ICFIID.xlsx,2026-09-30T13:16:15.417177+00:00,2026-09-28,6ecedd568a00dc669c16a9966f9bca9c27022abc37aaf1c5be1ad375e09ea353
TX_ICF_IID,007110,687,BRENHAM STATE SUPPORTED LIVING CENTER,ICF/IID,NO,YES,WASHINGTON,4001 HIGHWAY 36 SOUTH,BRENHAM,TX,77833,dddf847544af07c80cfa3c25e4b7d8f9dedc28696e6c14f5dd307636ea67f450,https://apps.hhs.texas.gov/providers/directories/ICFIID.xlsx,2026-09-30T13:16:15.417177+00:00,2026-09-28,dda767b99efeb5a0d485f136595943498c3a3c590dfb7992aa75f4c842130682
TX_ICF_IID,007820,688,EL CAMPO #2,ICF/IID,YES,YES,WHARTON,4912 NORTH FM 441 RD,EL CAMPO,TX,77437,dddf847544af07c80cfa3c25e4b7d8f9dedc28696e6c14f5dd307636ea67f450,https://apps.hhs.texas.gov/providers/directories/ICFIID.xlsx,2026-09-30T13:16:15.417177+00:00,2026-09-28,49f53b845252ee5996a7977d74ef25c6c4f99c14bb152f0f9973538c5ca70e06
TX_ICF_IID,007822,689,EL CAMPO #3,ICF/IID,YES,YES,WHARTON,4200 CR 360,EL CAMPO,TX,77437,dddf847544af07c80cfa3c25e4b7d8f9dedc28696e6c14f5dd307636ea67f450,https://apps.hhs.texas.gov/providers/directories/ICFIID.xlsx,2026-09-30T13:16:15.417177+00:00,2026-09-28,5d8e08acced499928145152f9de4ff466b0883b0e73b2792181ce2a4a7430139
TX_ICF_IID,007819,690,EL CAMPO 1,ICF/IID,YES,YES,WHARTON,3396 COUNTY ROAD 355,EL CAMPO,TX,77437,dddf847544af07c80cfa3c25e4b7d8f9dedc28696e6c14f5dd307636ea67f450,https://apps.hhs.texas.gov/providers/directories/ICFIID.xlsx,2026-09-30T13:16:15.417177+00:00,2026-09-28,701adc922a78c6aab5a29078841e63066a0adfbaed04dfb19bd933bc1e6bf535
TX_ICF_IID,007821,691,EL CAMPO 4,ICF/IID,YES,YES,WHARTON,577 C.R. 346,EL CAMPO,TX,77437,dddf847544af07c80cfa3c25e4b7d8f9dedc28696e6c14f5dd307636ea67f450,https://apps.hhs.texas.gov/providers/directories/ICFIID.xlsx,2026-09-30T13:16:15.417177+00:00,2026-09-28,d5b4f6294292e9188a2ae7c3a698df460154e212f86769f0595977790512a00c
TX_ICF_IID,007361,692,CUMBERLAND COURT,ICF/IID,YES,YES,WICHITA,2114 8TH ST,WICHITA FALLS,TX,76301,dddf847544af07c80cfa3c25e4b7d8f9dedc28696e6c14f5dd307636ea67f450,https://apps.hhs.texas.gov/providers/directories/ICFIID.xlsx,2026-09-30T13:16:15.417177+00:00,2026-09-28,8f3ee0bc06d76c844792d296956554d67eed99488225313f3667cc2783ed676d
TX_ICF_IID,007556,693,HAMLIN HOUSE,ICF/IID,YES,YES,WICHITA,1509 P B LN,WICHITA FALLS,TX,76302,dddf847544af07c80cfa3c25e4b7d8f9dedc28696e6c14f5dd307636ea67f450,https://apps.hhs.texas.gov/providers/directories/ICFIID.xlsx,2026-09-30T13:16:15.417177+00:00,2026-09-28,cd4fe1e6301dacc3c1cf453eb19a4cc8e3e49b2a3ff135fcd52b75e7112e7ceb
TX_ICF_IID,007360,694,MIRAMAR,ICF/IID,YES,YES,WICHITA,2911 AVE L,WICHITA FALLS,TX,76309,dddf847544af07c80cfa3c25e4b7d8f9dedc28696e6c14f5dd307636ea67f450,https://apps.hhs.texas.gov/providers/directories/ICFIID.xlsx,2026-09-30T13:16:15.417177+00:00,2026-09-28,8aee91b6e2cf3d052c02aa4a431ee528dde135ada28853c86df1fc7e4ed04379
TX_ICF_IID,003797,695,OUACHITA ACRES,ICF/IID,YES,YES,WICHITA,7752 STATE HWY 79 SOUTH,WICHITA FALLS,TX,76310,dddf847544af07c80cfa3c25e4b7d8f9dedc28696e6c14f5dd307636ea67f450,https://apps.hhs.texas.gov/providers/directories/ICFIID.xlsx,2026-09-30T13:16:15.417177+00:00,2026-09-28,122340ccb9218e8134e3de152db20b9b13facfaee471d538365ce3d1baddf9c1
TX_ICF_IID,003759,696,OUACHITA FLATS,ICF/IID,YES,YES,WICHITA,6086 KOVARIK RD,WICHITA FALLS,TX,76310,dddf847544af07c80cfa3c25e4b7d8f9dedc28696e6c14f5dd307636ea67f450,https://apps.hhs.texas.gov/providers/directories/ICFIID.xlsx,2026-09-30T13:16:15.417177+00:00,2026-09-28,9776e2cb46a68f34a80344cd8061ccbe66cdc142219b7bfad96e85e8b438f19b
TX_ICF_IID,007426,697,SOMERSET HILLS,ICF/IID,YES,YES,WICHITA,4515 LAKEVIEW DR,WICHITA FALLS,TX,76308,dddf847544af07c80cfa3c25e4b7d8f9dedc28696e6c14f5dd307636ea67f450,https://apps.hhs.texas.gov/providers/directories/ICFIID.xlsx,2026-09-30T13:16:15.417177+00:00,2026-09-28,df1b599f68d8309597820a9a33c5dd0e7f515e35a08a58a3562e69299c4d0ac3
TX_ICF_IID,007538,698,GRANT HOUSE,ICF/IID,YES,YES,WILLIAMSON,11602 FLINNWOOD CIR,AUSTIN,TX,78750,dddf847544af07c80cfa3c25e4b7d8f9dedc28696e6c14f5dd307636ea67f450,https://apps.hhs.texas.gov/providers/directories/ICFIID.xlsx,2026-09-30T13:16:15.417177+00:00,2026-09-28,e22e934ff3839dc8e18657e532475c0ad3125b7fd433af4df89da2beeb532a7d
TX_ICF_IID,106799,699,APPLETREE COMMUNITY RESIDENCE,ICF/IID,YES,YES,WILLIAMSON,2507 BOIS D ARC LANE,CEDAR PARK,TX,78613,dddf847544af07c80cfa3c25e4b7d8f9dedc28696e6c14f5dd307636ea67f450,https://apps.hhs.texas.gov/providers/directories/ICFIID.xlsx,2026-09-30T13:16:15.417177+00:00,2026-09-28,ca0473061511103b831033c848907c59d81c681be86ab58e7996412ced78d043
TX_ICF_IID,007310,700,CEDAR PARK COMMUNITY RESIDENCE,ICF/IID,YES,YES,WILLIAMSON,611 POMEGRANATE PASS,CEDAR PARK,TX,78613,dddf847544af07c80cfa3c25e4b7d8f9dedc28696e6c14f5dd307636ea67f450,https://apps.hhs.texas.gov/providers/directories/ICFIID.xlsx,2026-09-30T13:16:15.417177+00:00,2026-09-28,b0f4606201c079350fdf3896a8163ea116c63e0c8658eaac9a2464bdf23684f1
TX_ICF_IID,007468,701,DRIFTWOOD COMMUNITY HOME,ICF/IID,YES,YES,WILLIAMSON,2304 DIJON,CEDAR PARK,TX,78613,dddf847544af07c80cfa3c25e4b7d8f9dedc28696e6c14f5dd307636ea67f450,https://apps.hhs.texas.gov/providers/directories/ICFIID.xlsx,2026-09-30T13:16:15.417177+00:00,2026-09-28,388d60696933a015a7e0060e4bc096d2fcf89ccd02172a91ee992bedfa8beab7
TX_ICF_IID,003810,702,HILL COUNTRY COMMUNITY RESIDENCE,ICF/IID,YES,YES,WILLIAMSON,1406 PECAN STREET,CEDAR PARK,TX,78613,dddf847544af07c80cfa3c25e4b7d8f9dedc28696e6c14f5dd307636ea67f450,https://apps.hhs.texas.gov/providers/directories/ICFIID.xlsx,2026-09-30T13:16:15.417177+00:00,2026-09-28,85b5c36ef5f4620d80d8964d7eb48c05ffb3a5ec2ade8b1d7279dca101e78f53
TX_ICF_IID,003644,703,RIVIERA COMMUNITY RESIDENCE,ICF/IID,YES,YES,WILLIAMSON,2401 DIJON DR,CEDAR PARK,TX,78613,dddf847544af07c80cfa3c25e4b7d8f9dedc28696e6c14f5dd307636ea67f450,https://apps.hhs.texas.gov/providers/directories/ICFIID.xlsx,2026-09-30T13:16:15.417177+00:00,2026-09-28,6979e167a0a7c1ea62fedca30fd64b9db5c283a2735ee3d01360a6e11578d8a0
TX_ICF_IID,003784,704,ROCK HOUSE OF GEORGETOWN 1,ICF/IID,YES,YES,WILLIAMSON,4142 WILLIAMS DR,GEORGETOWN,TX,78628,dddf847544af07c80cfa3c25e4b7d8f9dedc28696e6c14f5dd307636ea67f450,https://apps.hhs.texas.gov/providers/directories/ICFIID.xlsx,2026-09-30T13:16:15.417177+00:00,2026-09-28,20f4d0ea86fe8701354fa2a9d97854d6f93d9506b0d026564586ec20e32427cd
TX_ICF_IID,003813,705,ROCK HOUSE OF GEORGETOWN 2,ICF/IID,YES,YES,WILLIAMSON,4146 WILLIAMS DR,GEORGETOWN,TX,78628,dddf847544af07c80cfa3c25e4b7d8f9dedc28696e6c14f5dd307636ea67f450,https://apps.hhs.texas.gov/providers/directories/ICFIID.xlsx,2026-09-30T13:16:15.417177+00:00,2026-09-28,930aa2eb25096ee10e8c8cec8505fcbd8401f7e70f55fcca343f0d5e2c59d9e5
TX_ICF_IID,007412,706,COUNTY GLEN COMMUNITY RESIDENCE,ICF/IID,YES,YES,WILLIAMSON,308 COUNTY GLEN,LEANDER,TX,78641,dddf847544af07c80cfa3c25e4b7d8f9dedc28696e6c14f5dd307636ea67f450,https://apps.hhs.texas.gov/providers/directories/ICFIID.xlsx,2026-09-30T13:16:15.417177+00:00,2026-09-28,58572b0a460e0b7a38026cfde352273b3cdd47b3ad22c081b623f84015c4a535
TX_ICF_IID,003626,707,GREYSON COMMUNITY RESIDENCE,ICF/IID,YES,YES,WILLIAMSON,2316 PEARSON WAY,ROUND ROCK,TX,78665,dddf847544af07c80cfa3c25e4b7d8f9dedc28696e6c14f5dd307636ea67f450,https://apps.hhs.texas.gov/providers/directories/ICFIID.xlsx,2026-09-30T13:16:15.417177+00:00,2026-09-28,7bb4561ad07ed6e33af9e95818922b88e0f1b8dc24f6257d354061e1426ae2f7
TX_ICF_IID,007444,708,MUSTANG COMMUNITY RESIDENCE,ICF/IID,YES,YES,WILLIAMSON,4207 DEER TRACT STREET,ROUND ROCK,TX,78665,dddf847544af07c80cfa3c25e4b7d8f9dedc28696e6c14f5dd307636ea67f450,https://apps.hhs.texas.gov/providers/directories/ICFIID.xlsx,2026-09-30T13:16:15.417177+00:00,2026-09-28,bc85d825014fb1b2e1a7266e4a1366464aa0b14fe31866c2c5e27adcf4bd030a
TX_ICF_IID,007605,709,MALLARD COMMUNITY RESIDENCE,ICF/IID,YES,YES,WILLIAMSON,1609 MALLARD,TAYLOR,TX,76574,dddf847544af07c80cfa3c25e4b7d8f9dedc28696e6c14f5dd307636ea67f450,https://apps.hhs.texas.gov/providers/directories/ICFIID.xlsx,2026-09-30T13:16:15.417177+00:00,2026-09-28,2e28c6bbb3856e3029907d35db6c134c84b59ef949456acf830d7a765d630faf
TX_ICF_IID,003680,710,TAYLOR COMMUNITY RESIDENCE,ICF/IID,YES,YES,WILLIAMSON,4600 NORTH DRIVE,TAYLOR,TX,76574,dddf847544af07c80cfa3c25e4b7d8f9dedc28696e6c14f5dd307636ea67f450,https://apps.hhs.texas.gov/providers/directories/ICFIID.xlsx,2026-09-30T13:16:15.417177+00:00,2026-09-28,0e0655266803ab0fda01be0563165d02ad5f9380d24f9be3c7a1db9b232fe162
TX_DAHS,110993,3,"DOWN HOME RANCH, INC",DAHS-ISS,YES,NO,BASTROP,20250 FM 619,ELGIN,TEXAS,78621,fd2ff2772ac2144bc6d363e4d1b2333d59cf4b15879ec357328ca37258423bc7,https://apps.hhs.texas.gov/providers/directories/DAHS.xlsx,2026-09-30T13:16:17.102715+00:00,2026-09-28,0499edeaaff6dfea506104b20a61fa38a25dba848a4e03443b78b2300f654da1
TX_DAHS,003330,4,"LA AMISTAD ADULT CARE & ACTIVITY CENTER, LLC",DAHS,YES,NO,BEE,403 N MONROE ST.,BEEVILLE,TEXAS,78102,fd2ff2772ac2144bc6d363e4d1b2333d59cf4b15879ec357328ca37258423bc7,https://apps.hhs.texas.gov/providers/directories/DAHS.xlsx,2026-09-30T13:16:17.102715+00:00,2026-09-28,311e3f9b815485d1525b6e267bb2cd26412d628717d907beb67701fa0bccb151
TX_DAHS,050755,5,LA ESPERANZA ADULT ACTIVITY CENTER,DAHS,YES,NO,BEE,302 MOORE ST,BEEVILLE,TX,78102,fd2ff2772ac2144bc6d363e4d1b2333d59cf4b15879ec357328ca37258423bc7,https://apps.hhs.texas.gov/providers/directories/DAHS.xlsx,2026-09-30T13:16:17.102715+00:00,2026-09-28,943d3da9f4555bc14728b70b8411898fde5baa469f492142c9c7bd3d8dc4c75b
TX_DAHS,003401,6,TEXAS ADULT DAY CARE CENTERS INC,DAHS,YES,NO,BEE,1900 S WASHINGTON,BEEVILLE,TX,78102,fd2ff2772ac2144bc6d363e4d1b2333d59cf4b15879ec357328ca37258423bc7,https://apps.hhs.texas.gov/providers/directories/DAHS.xlsx,2026-09-30T13:16:17.102715+00:00,2026-09-28,5038549be33fbcda349ba7c97af9630f71030779a6e7c3ed3142a03fdc4ff599
TX_DAHS,110569,7,HEART OF GOLD ADULT DAYCARE LLC,DAHS,YES,NO,BELL,2904 TRIMMIER RD STE B16,KILLEEN,TEXAS,76542,fd2ff2772ac2144bc6d363e4d1b2333d59cf4b15879ec357328ca37258423bc7,https://apps.hhs.texas.gov/providers/directories/DAHS.xlsx,2026-09-30T13:16:17.102715+00:00,2026-09-28,c0fb8f3f8c87abe3165ecc0c38cfdfa704b3ef8cd2552254c3362a8633a97ca5
TX_DAHS,111376,8,ACTS  ADULT DAY & ACTIVITY CENTER,DAHS-ISS,YES,NO,BEXAR,328 W. MAYFIELD BLVD,SAN ANTONIO,TX,78221,fd2ff2772ac2144bc6d363e4d1b2333d59cf4b15879ec357328ca37258423bc7,https://apps.hhs.texas.gov/providers/directories/DAHS.xlsx,2026-09-30T13:16:17.102715+00:00,2026-09-28,8bbb23fb64b68c7f6a6e0b0ad60f687fe86bc22e6d0a09e4a8e6130325bc1869
TX_DAHS,000521,9,ACTS ADULT DAY & ACTIVITY CENTER,DAHS,YES,NO,BEXAR,328 WEST MAYFIELD,SAN ANTONIO,TX,78221,fd2ff2772ac2144bc6d363e4d1b2333d59cf4b15879ec357328ca37258423bc7,https://apps.hhs.texas.gov/providers/directories/DAHS.xlsx,2026-09-30T13:16:17.102715+00:00,2026-09-28,117a9e1305c8ee1355633a2d2061991d9022f5f072282cffac29fd1b1010f857
TX_DAHS,010245,10,ALAMOCARE ADULT ACTIVITY DAYCARE,DAHS,YES,NO,BEXAR,1300 WEST AVE,SAN ANTONIO,TX,78201,fd2ff2772ac2144bc6d363e4d1b2333d59cf4b15879ec357328ca37258423bc7,https://apps.hhs.texas.gov/providers/directories/DAHS.xlsx,2026-09-30T13:16:17.102715+00:00,2026-09-28,87689b26b12e2cc7d2b03b33027d64f8e7499e0568f6a014342691ed539bebfc
TX_DAHS,001541,11,CAREPLEX ADULT DAY CARE CENTER INC,DAHS,YES,NO,BEXAR,7519 MARBACH RD STE 106,SAN ANTONIO,TX,78227,fd2ff2772ac2144bc6d363e4d1b2333d59cf4b15879ec357328ca37258423bc7,https://apps.hhs.texas.gov/providers/directories/DAHS.xlsx,2026-09-30T13:16:17.102715+00:00,2026-09-28,29bb1955f73b8fb314d508bbb2529b323f5f785f264d963456f3df93078cbd1e
TX_DAHS,104528,12,"CLEARDAY CLUBS OF LEON VALLEY, LLC",DAHS,YES,NO,BEXAR,"6812 BANDERA ROAD, SUITE 124",SAN ANTONIO,TX,78238,fd2ff2772ac2144bc6d363e4d1b2333d59cf4b15879ec357328ca37258423bc7,https://apps.hhs.texas.gov/providers/directories/DAHS.xlsx,2026-09-30T13:16:17.102715+00:00,2026-09-28,d91382157c23a699ece19e9f5b9795577f6d45e9ba576d504a0a62233564e15c
TX_DAHS,110149,13,EXCLUSIVE ADULT DAY CARE INC,DAHS,YES,NO,BEXAR,6810 BANDERA RD STE 01,SAN ANTONIO,TEXAS,78238,fd2ff2772ac2144bc6d363e4d1b2333d59cf4b15879ec357328ca37258423bc7,https://apps.hhs.texas.gov/providers/directories/DAHS.xlsx,2026-09-30T13:16:17.102715+00:00,2026-09-28,dd5ce0ab60d4f52cb1643182d80da1e25073c642eb27eb744f9171a00c907877
TX_DAHS,111639,14,GRACE PLACE ALZHEIMER'S ACTIVITY CENTER,DAHS,YES,NO,BEXAR,2718 DANBURY STREET,SAN ANTONIO,TEXAS,78217,fd2ff2772ac2144bc6d363e4d1b2333d59cf4b15879ec357328ca37258423bc7,https://apps.hhs.texas.gov/providers/directories/DAHS.xlsx,2026-09-30T13:16:17.102715+00:00,2026-09-28,143913b380ef2d1651695dd588a21c1ca19b079e7a4d53158599d9b966871cab
TX_DAHS,003076,15,HEAVENLY HEARTS ADULT DAYCARE LLC,DAHS,YES,NO,BEXAR,4252 THOUSAND OAKS DR,SAN ANTONIO,TEXAS,78217,fd2ff2772ac2144bc6d363e4d1b2333d59cf4b15879ec357328ca37258423bc7,https://apps.hhs.texas.gov/providers/directories/DAHS.xlsx,2026-09-30T13:16:17.102715+00:00,2026-09-28,e535a1b3d084ee23382052f295e1ce769295b63f12f7c3f3b2111953e368f5ec
TX_DAHS,100026,16,"KIRBY ADULT DAY CARE,  INC",DAHS,YES,NO,BEXAR,5135 OLD SEGUIN RD,SAN ANTONIO,TX,78219,fd2ff2772ac2144bc6d363e4d1b2333d59cf4b15879ec357328ca37258423bc7,https://apps.hhs.texas.gov/providers/directories/DAHS.xlsx,2026-09-30T13:16:17.102715+00:00,2026-09-28,6f4a45aaa5ebd09511c47f51d2c16ec971ecd0890972a0fda3f8a7e99bfb116a
TX_DAHS,010229,17,LA ESTRELLA ADULT DAY CARE,DAHS,YES,NO,BEXAR,2301 SAN FERNANDO ST,SAN ANTONIO,TX,78207,fd2ff2772ac2144bc6d363e4d1b2333d59cf4b15879ec357328ca37258423bc7,https://apps.hhs.texas.gov/providers/directories/DAHS.xlsx,2026-09-30T13:16:17.102715+00:00,2026-09-28,471814521b07e6eadc56431cb7e00e489372489b84af8744c76beaeff9f724db
TX_DAHS,101085,18,LA ESTRELLA ADULT DAY CARE  S FLORES,DAHS,YES,NO,BEXAR,6315 S FLORES,SAN ANTONIO,TX,78214,fd2ff2772ac2144bc6d363e4d1b2333d59cf4b15879ec357328ca37258423bc7,https://apps.hhs.texas.gov/providers/directories/DAHS.xlsx,2026-09-30T13:16:17.102715+00:00,2026-09-28,095b3de59100b4f85e1cf3a745a3503d67fd317a7d5a676eaed5e208d451485f
TX_DAHS,003302,19,LIVING DAYS ADULT DAY CARE CENTER INC,DAHS,YES,NO,BEXAR,2603 W SOUTHCROSS BLVD,SAN ANTONIO,TX,78211,fd2ff2772ac2144bc6d363e4d1b2333d59cf4b15879ec357328ca37258423bc7,https://apps.hhs.texas.gov/providers/directories/DAHS.xlsx,2026-09-30T13:16:17.102715+00:00,2026-09-28,2cabd53f568d91fe4e8ebfd67d523d4c1fe575c8b7d6e92b0018b4ac50bb50c9
TX_DAHS,003021,20,MOTHER EARTH ADULT DAYCARE CENTER,DAHS,YES,NO,BEXAR,8464 BARRON RD,SAN ANTONIO,TX,78240,fd2ff2772ac2144bc6d363e4d1b2333d59cf4b15879ec357328ca37258423bc7,https://apps.hhs.texas.gov/providers/directories/DAHS.xlsx,2026-09-30T13:16:17.102715+00:00,2026-09-28,57984910e19b7e205dad9266e8485b10061236dead944e12d7d8bb4cb86f117e
TX_DAHS,105385,21,"MUNDO DE AMOR ADULT DAY CARE, LLC",DAHS,YES,NO,BEXAR,4606 E SOUTHCROSS BLVD SUITE 103,SAN ANTONIO,TX,78222,fd2ff2772ac2144bc6d363e4d1b2333d59cf4b15879ec357328ca37258423bc7,https://apps.hhs.texas.gov/providers/directories/DAHS.xlsx,2026-09-30T13:16:17.102715+00:00,2026-09-28,5cb6689c59ece5d1fa7976fd06013f2d268b9e02112bad91d1d2fa70d66e3dfc
TX_DAHS,106288,22,NEW DAWN ADULT DAY CARE,DAHS,YES,NO,BEXAR,10300 HERITAGE STE 101,SAN ANTONIO,TX,78216,fd2ff2772ac2144bc6d363e4d1b2333d59cf4b15879ec357328ca37258423bc7,https://apps.hhs.texas.gov/providers/directories/DAHS.xlsx,2026-09-30T13:16:17.102715+00:00,2026-09-28,7832945ad4398f9799baecbdc3414ba4bdebc22b26cda64707abe0c1cb00105c
TX_DAHS,112061,23,SARAHCARE AT ENCINO PARK,DAHS,YES,NO,BEXAR,21025 ENCINO COMMONS #101,SAN ANTONIO,TX,78259,fd2ff2772ac2144bc6d363e4d1b2333d59cf4b15879ec357328ca37258423bc7,https://apps.hhs.texas.gov/providers/directories/DAHS.xlsx,2026-09-30T13:16:17.102715+00:00,2026-09-28,8cee722287894a304c19332ae8ca7f540fb34c1fce07f60924ae4ac0a47f831b
TX_DAHS,101313,24,SENIORS 2000 HEALTH AND ACTIVITIES CENTER,DAHS,YES,NO,BEXAR,4396 CALLAGHAN,SAN ANTONIO,TX,78228,fd2ff2772ac2144bc6d363e4d1b2333d59cf4b15879ec357328ca37258423bc7,https://apps.hhs.texas.gov/providers/directories/DAHS.xlsx,2026-09-30T13:16:17.102715+00:00,2026-09-28,4e9c43f4042c56cc9875d46dcfe229d3eb4e3444871f778ec275440b050954ac
TX_DAHS,003422,25,STERLING ADULT DAY CARE,DAHS,YES,NO,BEXAR,543 PINN RD,SAN ANTONIO,TX,78227,fd2ff2772ac2144bc6d363e4d1b2333d59cf4b15879ec357328ca37258423bc7,https://apps.hhs.texas.gov/providers/directories/DAHS.xlsx,2026-09-30T13:16:17.102715+00:00,2026-09-28,16aa99f5a9288dbdf05852cba009040c7e82e723f62b2ba66674348dde2f52ea
TX_DAHS,111414,26,TEXCARE ADULT DAY SERVICE INC,DAHS-ISS,YES,NO,BEXAR,1915 LAMANDA BLVD,SAN ANTONIO,TX,78201,fd2ff2772ac2144bc6d363e4d1b2333d59cf4b15879ec357328ca37258423bc7,https://apps.hhs.texas.gov/providers/directories/DAHS.xlsx,2026-09-30T13:16:17.102715+00:00,2026-09-28,0104ab517960aa6b49093165a5cab307bad8ec22530d2bae67af2b52fd74d247
TX_DAHS,101287,27,TEXCARE ADULT DAY SERVICES INC,DAHS,YES,NO,BEXAR,1915 LA MANDA,SAN ANTONIO,TX,78201,fd2ff2772ac2144bc6d363e4d1b2333d59cf4b15879ec357328ca37258423bc7,https://apps.hhs.texas.gov/providers/directories/DAHS.xlsx,2026-09-30T13:16:17.102715+00:00,2026-09-28,8c87b02d360dbbd740fd49782d8c1d2182cd49e1ee6ae83271f21a467e8f2433
TX_DAHS,105820,28,"LULA'S PLACE ADULT DAY FACILITY, LLC",DAHS,YES,NO,BRAZORIA,2336 TEXAS AVENUESTE 100,PEARLAND,TX,77581,fd2ff2772ac2144bc6d363e4d1b2333d59cf4b15879ec357328ca37258423bc7,https://apps.hhs.texas.gov/providers/directories/DAHS.xlsx,2026-09-30T13:16:17.102715+00:00,2026-09-28,53730e0bd20d94f80742e205150610bd8d4d1b1fff4f65ae1bc6048de3eb673a
TX_DAHS,106212,29,GOOD TIMES ADULT DAY CARE II,DAHS,YES,NO,BROOKS,119 WEST RICE ST,FALFURRIAS,TX,78355,fd2ff2772ac2144bc6d363e4d1b2333d59cf4b15879ec357328ca37258423bc7,https://apps.hhs.texas.gov/providers/directories/DAHS.xlsx,2026-09-30T13:16:17.102715+00:00,2026-09-28,4cd6bbf681857354817c2f7b103375bb69e9554427306515cc2b2a0e2c790bc7
TX_DAHS,003278,30,ALPINE ADULT DAY CARE INC,DAHS,YES,NO,CAMERON,500 PAREDES LINE RD STE E,BROWNSVILLE,TX,78521,fd2ff2772ac2144bc6d363e4d1b2333d59cf4b15879ec357328ca37258423bc7,https://apps.hhs.texas.gov/providers/directories/DAHS.xlsx,2026-09-30T13:16:17.102715+00:00,2026-09-28,8881ffafff51de54326853d6cca88b3c88a717d42151dff17b57c9a2903274c5
TX_DAHS,110585,31,BELLA VIDA SENIOR SERVICES LLC,DAHS,YES,NO,CAMERON,794 PAREDES LINE RD,BROWNSVILLE,TEXAS,78521,fd2ff2772ac2144bc6d363e4d1b2333d59cf4b15879ec357328ca37258423bc7,https://apps.hhs.texas.gov/providers/directories/DAHS.xlsx,2026-09-30T13:16:17.102715+00:00,2026-09-28,814e148d5aeae2bd200479f774b796dc5bfb2e269ff4c0670d23c86fee1f993e
TX_DAHS,103479,32,BELLO AMANECER ADULT DAY CARE INC,DAHS,YES,NO,CAMERON,556 W ELIZABETH,BROWNSVILLE,TX,78520,fd2ff2772ac2144bc6d363e4d1b2333d59cf4b15879ec357328ca37258423bc7,https://apps.hhs.texas.gov/providers/directories/DAHS.xlsx,2026-09-30T13:16:17.102715+00:00,2026-09-28,48083fbec599ce7a2b725c2f9465b148d2ae373ab17c8ed043afb121a8a1b8ff
TX_DAHS,110533,33,BRIGHTEN ACADEMY RGV,DAHS,YES,NO,CAMERON,285 KINGS HIGHWAY,BROWNSVILLE,TEXAS,78521,fd2ff2772ac2144bc6d363e4d1b2333d59cf4b15879ec357328ca37258423bc7,https://apps.hhs.texas.gov/providers/directories/DAHS.xlsx,2026-09-30T13:16:17.102715+00:00,2026-09-28,66848a613342b6984b7c8de1db46f05ba5df920d28aa293c93520dee8ac71dad
TX_DAHS,104486,34,BUGAMBILIAS ADULT DAY CARE CENTER,DAHS,YES,NO,CAMERON,325 MEXICO BLVDSUITE B,BROWNSVILLE,TX,78520,fd2ff2772ac2144bc6d363e4d1b2333d59cf4b15879ec357328ca37258423bc7,https://apps.hhs.texas.gov/providers/directories/DAHS.xlsx,2026-09-30T13:16:17.102715+00:00,2026-09-28,bcf2c2c0bcff99b69db763f244d6df3d050286d2ca0742d70d553d5040376b7a
TX_DAHS,003077,35,CARINO ADULT DAY CARE,DAHS,YES,NO,CAMERON,2410 RUSSELL AVE,BROWNSVILLE,TX,78520,fd2ff2772ac2144bc6d363e4d1b2333d59cf4b15879ec357328ca37258423bc7,https://apps.hhs.texas.gov/providers/directories/DAHS.xlsx,2026-09-30T13:16:17.102715+00:00,2026-09-28,9fab962853c7f8c0996d901a1d7409a6b27c9e90192577545fe9f54a5a3350cd
TX_DAHS,111264,36,"DINORAH'S ADULT DAYCARE CENTER, LLC",DAHS,YES,NO,CAMERON,"205 SECURITY DR., BLDG. B",BROWNSVILLE,TX,78521,fd2ff2772ac2144bc6d363e4d1b2333d59cf4b15879ec357328ca37258423bc7,https://apps.hhs.texas.gov/providers/directories/DAHS.xlsx,2026-09-30T13:16:17.102715+00:00,2026-09-28,c42d2cf16e29243c457194c7bad15c1111db5e58d04ca7d129d6feda4cafab0c
TX_DAHS,100398,37,DULCE HOGAR ADULT DAY CARE CENTER,DAHS,YES,NO,CAMERON,980 JOSE COLUNGA JR ST,BROWNSVILLE,TX,78521,fd2ff2772ac2144bc6d363e4d1b2333d59cf4b15879ec357328ca37258423bc7,https://apps.hhs.texas.gov/providers/directories/DAHS.xlsx,2026-09-30T13:16:17.102715+00:00,2026-09-28,c3c6ba4e81be5db0d2ad977a7716c708ff1441fe38092b472494ea649830a650
TX_DAHS,100024,38,FIESTA ADULT DAY CARE CENTER,DAHS,YES,NO,CAMERON,6466 S. PADRE ISLAND HWY.,BROWNSVILLE,TEXAS,78521,fd2ff2772ac2144bc6d363e4d1b2333d59cf4b15879ec357328ca37258423bc7,https://apps.hhs.texas.gov/providers/directories/DAHS.xlsx,2026-09-30T13:16:17.102715+00:00,2026-09-28,e35e58a2ed0b3fa468bd11cc23efcc62177779d8ee5b80942070a18254abe4e5
TX_DAHS,003268,39,HAPPY HEARTS ADULT DAY CARE,DAHS,YES,NO,CAMERON,4080 TED HUNT BLVD,BROWNSVILLE,TX,78521,fd2ff2772ac2144bc6d363e4d1b2333d59cf4b15879ec357328ca37258423bc7,https://apps.hhs.texas.gov/providers/directories/DAHS.xlsx,2026-09-30T13:16:17.102715+00:00,2026-09-28,eb3efb26382a2ec9bf24bac6c6cf086d59412424739da55f85fa13a51e5ee488
TX_DAHS,003417,40,KORAZONCITO DE MI AMOR ADULT DAY CARE CENTER INC,DAHS,YES,NO,CAMERON,292 KINGS HWY STE 4 - 7,BROWNSVILLE,TX,78521,fd2ff2772ac2144bc6d363e4d1b2333d59cf4b15879ec357328ca37258423bc7,https://apps.hhs.texas.gov/providers/directories/DAHS.xlsx,2026-09-30T13:16:17.102715+00:00,2026-09-28,e8904553735e989d77801e3f6a896990d27d95677ce7a907b6e16e289ecaf192
TX_DAHS,101658,41,LA CADENITA,DAHS,YES,NO,CAMERON,780 CENTRAL BLVD SUITE D,BROWNSVILLE,TX,78520,fd2ff2772ac2144bc6d363e4d1b2333d59cf4b15879ec357328ca37258423bc7,https://apps.hhs.texas.gov/providers/directories/DAHS.xlsx,2026-09-30T13:16:17.102715+00:00,2026-09-28,788abd866773c4becf5c1fcb3014ec2b1411806c25b794bcfcc54f8ebb730f01
TX_DAHS,110505,42,LA CASA DE LOS ABUELOS ADULT DAY CARE,DAHS,YES,NO,CAMERON,1805 RUBEN M. TORRES STE C1,BROWNSVILLE,TX,78526,fd2ff2772ac2144bc6d363e4d1b2333d59cf4b15879ec357328ca37258423bc7,https://apps.hhs.texas.gov/providers/directories/DAHS.xlsx,2026-09-30T13:16:17.102715+00:00,2026-09-28,e5ec3ad023834b384009ad09909e4bb909a3be4882c57d258e3fae5064c99f8d
TX_DAHS,003452,43,"LA ESPERANZA ADULT DAY HEALTH CARE CENTER, INC DBA LA ESPERANZA ADULT DAY HEALTH CARE CENTER #2",DAHS,YES,NO,CAMERON,1244 E. 14TH ST,BROWNSVILLE,TX,78520,fd2ff2772ac2144bc6d363e4d1b2333d59cf4b15879ec357328ca37258423bc7,https://apps.hhs.texas.gov/providers/directories/DAHS.xlsx,2026-09-30T13:16:17.102715+00:00,2026-09-28,c7429b2f259dde5bfbdf0f6f498a2ed61bdd71e289bc5a5fe0368a8d21e67143
TX_DAHS,107013,44,LA FE ADULT DAY CARE LLC,DAHS,YES,NO,CAMERON,3638 BOCA CHICA BLVD. STE 3-9,BROWNSVILLE,TX,78521,fd2ff2772ac2144bc6d363e4d1b2333d59cf4b15879ec357328ca37258423bc7,https://apps.hhs.texas.gov/providers/directories/DAHS.xlsx,2026-09-30T13:16:17.102715+00:00,2026-09-28,e10c4172227418ad6f99a62554a7c7fe83479ae9bd3f7a82734dad9c6aeffc1e
TX_DAHS,110719,45,LAS JACARANDAS ADULT DAY CARE,DAHS-ISS,YES,NO,CAMERON,707 VILLA MARIA BLVD.,BROWNSVILLE,TX,78520,fd2ff2772ac2144bc6d363e4d1b2333d59cf4b15879ec357328ca37258423bc7,https://apps.hhs.texas.gov/providers/directories/DAHS.xlsx,2026-09-30T13:16:17.102715+00:00,2026-09-28,3ad3f92fd72ef8f7df2322f41e1c07968775620d50560ef7aaad428fa3a7ad04
TX_DAHS,003379,46,LAS JACARANDAS ADULT DAY CARE,DAHS,YES,NO,CAMERON,707 VILLA MARIA BLVD,BROWNSVILLE,TX,78520,fd2ff2772ac2144bc6d363e4d1b2333d59cf4b15879ec357328ca37258423bc7,https://apps.hhs.texas.gov/providers/directories/DAHS.xlsx,2026-09-30T13:16:17.102715+00:00,2026-09-28,a03843f45743a6a13e3e9c570eb40e9ad1d34d3353f7204c0b7c34ffa7ec8112
TX_DAHS,102437,47,LUPITA ADULT DAY CARE INC,DAHS,YES,NO,CAMERON,467 REGAL ROW,BROWNSVILLE,TX,78521,fd2ff2772ac2144bc6d363e4d1b2333d59cf4b15879ec357328ca37258423bc7,https://apps.hhs.texas.gov/providers/directories/DAHS.xlsx,2026-09-30T13:16:17.102715+00:00,2026-09-28,0226f70efb9605a6405af685975d2fb2b5002e4882b65ceaa56bf146ab530e08
TX_DAHS,001511,48,MI CIELITO LINDO,DAHS,YES,NO,CAMERON,1655 E PRICE RD STE A,BROWNSVILLE,TX,78521,fd2ff2772ac2144bc6d363e4d1b2333d59cf4b15879ec357328ca37258423bc7,https://apps.hhs.texas.gov/providers/directories/DAHS.xlsx,2026-09-30T13:16:17.102715+00:00,2026-09-28,9b556356394c256a8d2e1e393be9a5ef68abd3164928b925b19afb4a4be07657
TX_DAHS,112181,49,MI JARDIN ADULT DAY CARE CENTER #3,DAHS,YES,NO,CAMERON,3104 INTERNATIONAL BLVD STE B,BROWNSVILLE,TEXAS,78521,fd2ff2772ac2144bc6d363e4d1b2333d59cf4b15879ec357328ca37258423bc7,https://apps.hhs.texas.gov/providers/directories/DAHS.xlsx,2026-09-30T13:16:17.102715+00:00,2026-09-28,20861c5df7505cafce79139820e692ee8f615a0b15f2e79383e144d0a3137bf9
TX_DAHS,003079,50,MI JARDIN ADULT DAY CARE CENTER 2,DAHS,YES,NO,CAMERON,370 OLD PORT ISABEL ROAD,BROWNSVILLE,TEXAS,78521,fd2ff2772ac2144bc6d363e4d1b2333d59cf4b15879ec357328ca37258423bc7,https://apps.hhs.texas.gov/providers/directories/DAHS.xlsx,2026-09-30T13:16:17.102715+00:00,2026-09-28,fbd76a7ac46fa4ae849a48ed93d159e882ce4dc01aea4d8c6a11ce79a951b5af
TX_DAHS,102547,51,"MINISTRY HOME HEALTH, INC",DAHS,YES,NO,CAMERON,2701 E PRICE RD STE A,BROWNSVILLE,TX,78521,fd2ff2772ac2144bc6d363e4d1b2333d59cf4b15879ec357328ca37258423bc7,https://apps.hhs.texas.gov/providers/directories/DAHS.xlsx,2026-09-30T13:16:17.102715+00:00,2026-09-28,a9b33affd7e77e0bd982f9d1f11798a71e88e58ffcc730903823f09161eb220b
TX_DAHS,010321,52,RIVERSIDE ADULT DAY CARE INC,DAHS,YES,NO,CAMERON,1474 W PRICE RDSTE 1,BROWNSVILLE,TX,78520,fd2ff2772ac2144bc6d363e4d1b2333d59cf4b15879ec357328ca37258423bc7,https://apps.hhs.texas.gov/providers/directories/DAHS.xlsx,2026-09-30T13:16:17.102715+00:00,2026-09-28,4aaecc61e7aafe177529238c67f7b077d53d0424c1f1ea3894c79a1ad59d2f10
TX_DAHS,103187,53,SANTA FE ADULT DAY CARE CENTER LLC,DAHS,YES,NO,CAMERON,3465 E RUBEN M TORRES SR BLVD STE A,BROWNSVILLE,TX,78526,fd2ff2772ac2144bc6d363e4d1b2333d59cf4b15879ec357328ca37258423bc7,https://apps.hhs.texas.gov/providers/directories/DAHS.xlsx,2026-09-30T13:16:17.102715+00:00,2026-09-28,a54f468f092007706bb09a866d190ce2ecaf54ebe103837494c80de70ce3e9f3
TX_DAHS,003096,54,SINAI ADULT DAY CARE,DAHS,YES,NO,CAMERON,524 E LOS EBANOS BLVD,BROWNSVILLE,TX,78520,fd2ff2772ac2144bc6d363e4d1b2333d59cf4b15879ec357328ca37258423bc7,https://apps.hhs.texas.gov/providers/directories/DAHS.xlsx,2026-09-30T13:16:17.102715+00:00,2026-09-28,8fb6a46cb75413682c17517e701d0ddab9466f7526aca09c0183a508c1ad63e8
TX_DAHS,106653,55,VICTORIA ADULT DAY CARE,DAHS,YES,NO,CAMERON,25 BUSINESS DRIVE,BROWNSVILLE,TX,78521,fd2ff2772ac2144bc6d363e4d1b2333d59cf4b15879ec357328ca37258423bc7,https://apps.hhs.texas.gov/providers/directories/DAHS.xlsx,2026-09-30T13:16:17.102715+00:00,2026-09-28,e3ab1a47a3dcbe3d46b334af33b5184840735864aa3d53a06662bb994e927065
TX_DAHS,105474,56,EL CIELO ADULT DAY CARE,DAHS,YES,NO,CAMERON,3101 E. HARRISON,HARLINGEN,TX,78550,fd2ff2772ac2144bc6d363e4d1b2333d59cf4b15879ec357328ca37258423bc7,https://apps.hhs.texas.gov/providers/directories/DAHS.xlsx,2026-09-30T13:16:17.102715+00:00,2026-09-28,a591958a0a7a0211bda4dcc7214578833d19c99aabae0b6bbd410f4368d3dd01
TX_DAHS,103100,57,EL VAQUERO ADULT DAY CARE,DAHS,YES,NO,CAMERON,221 NORTH L ST,HARLINGEN,TX,78550,fd2ff2772ac2144bc6d363e4d1b2333d59cf4b15879ec357328ca37258423bc7,https://apps.hhs.texas.gov/providers/directories/DAHS.xlsx,2026-09-30T13:16:17.102715+00:00,2026-09-28,15898d4e6e21f9a2c01030b72560f03a313c18ba113e885a6f89d3d10c6655aa
TX_DAHS,111395,58,FAITH HOPE LOVE ADULT DAYCARE LLC,DAHS,YES,NO,CAMERON,3201 S EXPRESSWAY 83 UNIT B,HARLINGEN,TX,78550,fd2ff2772ac2144bc6d363e4d1b2333d59cf4b15879ec357328ca37258423bc7,https://apps.hhs.texas.gov/providers/directories/DAHS.xlsx,2026-09-30T13:16:17.102715+00:00,2026-09-28,3fa9595f413f8e9228c4bc1783e66684a54895047c6e2b8054a7aa2063f0f370
TX_DAHS,100665,59,HARLINGEN ADULT DAY CARE INC,DAHS,YES,NO,CAMERON,2730 SOUTH 77 SUNSHINE STRIP,HARLINGEN,TX,78550,fd2ff2772ac2144bc6d363e4d1b2333d59cf4b15879ec357328ca37258423bc7,https://apps.hhs.texas.gov/providers/directories/DAHS.xlsx,2026-09-30T13:16:17.102715+00:00,2026-09-28,66aa623ace08d882c3c3cb1a5ee17a2070018b0c2342b190712c8f94aa031ac6
TX_DAHS,100170,60,LA FAMILIA ADULT DAY CARE,DAHS,YES,NO,CAMERON,902 E GRIMES AVE,HARLINGEN,TX,78550,fd2ff2772ac2144bc6d363e4d1b2333d59cf4b15879ec357328ca37258423bc7,https://apps.hhs.texas.gov/providers/directories/DAHS.xlsx,2026-09-30T13:16:17.102715+00:00,2026-09-28,2247640c9d5e659787f390fc159c2dd10dc3f9a5a9a7d31ca63582699e6c345d
TX_DAHS,001528,61,LA VICTORIA ADULT DAY CARE CENTER 3,DAHS,YES,NO,CAMERON,3131 WILSON RD,HARLINGEN,TX,78550,fd2ff2772ac2144bc6d363e4d1b2333d59cf4b15879ec357328ca37258423bc7,https://apps.hhs.texas.gov/providers/directories/DAHS.xlsx,2026-09-30T13:16:17.102715+00:00,2026-09-28,9521a3893b47e885de1dc35ab8db569b85ca9c00f4dd43b793d0f266ceb1a57b
TX_DAHS,102013,62,LAS FRONTERAS ADULT DAY CARE INC,DAHS,YES,NO,CAMERON,301 NEVADA AVE,HARLINGEN,TX,78550,fd2ff2772ac2144bc6d363e4d1b2333d59cf4b15879ec357328ca37258423bc7,https://apps.hhs.texas.gov/providers/directories/DAHS.xlsx,2026-09-30T13:16:17.102715+00:00,2026-09-28,95854fb141f362d98c497a30ba4e97a0aedd9aa6ecd9bfd08175dace1b30469c
TX_DAHS,102810,63,MIRASOLES ADULT DAY CARE II,DAHS,YES,NO,CAMERON,1606 W FILMORE,HARLINGEN,TX,78550,fd2ff2772ac2144bc6d363e4d1b2333d59cf4b15879ec357328ca37258423bc7,https://apps.hhs.texas.gov/providers/directories/DAHS.xlsx,2026-09-30T13:16:17.102715+00:00,2026-09-28,725dcb0c8a99ac13c7ea9d98c8fde37a6a0101f84d3d83eba4262e287ff9a00d
TX_DAHS,003029,64,PARADISE ADULT DAY CARE CENTER INC,DAHS,YES,NO,CAMERON,1011 S COMMERCE,HARLINGEN,TX,78550,fd2ff2772ac2144bc6d363e4d1b2333d59cf4b15879ec357328ca37258423bc7,https://apps.hhs.texas.gov/providers/directories/DAHS.xlsx,2026-09-30T13:16:17.102715+00:00,2026-09-28,f41b7dfbd2863aa3c07d9fe979e6cab40097f076e81107458338a1a45ca2e07c
TX_DAHS,010352,65,LA ESPERANZA ADULT DAY HEALTH CARE CENTER INC,DAHS,YES,NO,CAMERON,1406 EAST HIGHWAY 83,LA FERIA,TX,78559,fd2ff2772ac2144bc6d363e4d1b2333d59cf4b15879ec357328ca37258423bc7,https://apps.hhs.texas.gov/providers/directories/DAHS.xlsx,2026-09-30T13:16:17.102715+00:00,2026-09-28,3fe0125333ac99844192872a6612b9cdf55337d149f807e4cea6701e810265d9
TX_DAHS,102581,66,MI DESTINO ADULT DAY CARE INC,DAHS,YES,NO,CAMERON,2805 MEMORIAL DRIVE STE A,LA FERIA,TX,78559,fd2ff2772ac2144bc6d363e4d1b2333d59cf4b15879ec357328ca37258423bc7,https://apps.hhs.texas.gov/providers/directories/DAHS.xlsx,2026-09-30T13:16:17.102715+00:00,2026-09-28,b8e5dab1da8c4dcf7719d5deacac7a28d9562f2a14ec32b3eb0287ff5434df4a
TX_DAHS,103034,67,SOLUNA ADULT DAY CARE CENTER,DAHS,YES,NO,CAMERON,10896 W BUSINESS 83,LA FERIA,TX,78559,fd2ff2772ac2144bc6d363e4d1b2333d59cf4b15879ec357328ca37258423bc7,https://apps.hhs.texas.gov/providers/directories/DAHS.xlsx,2026-09-30T13:16:17.102715+00:00,2026-09-28,3d239356588faf037daf1b0df6ff00a09243eecffeeb4a1686d1733ac0264ac9
TX_DAHS,003223,68,BRIGHTEN ACADEMY,DAHS,YES,NO,CAMERON,1462 SCOTT BROWN,SAN BENITO,TX,78586,fd2ff2772ac2144bc6d363e4d1b2333d59cf4b15879ec357328ca37258423bc7,https://apps.hhs.texas.gov/providers/directories/DAHS.xlsx,2026-09-30T13:16:17.102715+00:00,2026-09-28,d5104b47204a69b7026e9362761b2f38335c178264f896922689935319eb9b4d
TX_DAHS,102045,69,DELIA'S ADULT DAY CARE CENTER,DAHS,YES,NO,CAMERON,325 E HICKS STREET,SAN BENITO,TX,78586,fd2ff2772ac2144bc6d363e4d1b2333d59cf4b15879ec357328ca37258423bc7,https://apps.hhs.texas.gov/providers/directories/DAHS.xlsx,2026-09-30T13:16:17.102715+00:00,2026-09-28,afaa1ad04114423ce75b32ff7268e09b34f890da00288d30c60315e56e14b046
TX_DAHS,003057,70,SAN BENITO ADULT DAY CARE CENTER,DAHS,YES,NO,CAMERON,820 E HWY 77 BUS STE A,SAN BENITO,TX,78586,fd2ff2772ac2144bc6d363e4d1b2333d59cf4b15879ec357328ca37258423bc7,https://apps.hhs.texas.gov/providers/directories/DAHS.xlsx,2026-09-30T13:16:17.102715+00:00,2026-09-28,a076be2702dd2489299ab4f01fec614f0329f518f3a3901e117fe351c99a4b0f
TX_DAHS,110225,71,"GOLDEN GRACE DAY ACTIVITY & HEALTHCARE SERVICES, LLC",DAHS,YES,NO,COLLIN,1710 N MCDONALD STREET,MCKINNEY,TX,75071,fd2ff2772ac2144bc6d363e4d1b2333d59cf4b15879ec357328ca37258423bc7,https://apps.hhs.texas.gov/providers/directories/DAHS.xlsx,2026-09-30T13:16:17.102715+00:00,2026-09-28,3071d442e93ea3fc3583ef6a86dfdb1ab1c0e427ba75564c444f7143f9d334b2
TX_DAHS,104447,72,ENCORE ADULT DAILY ENRICHMENT CENTER OF PLANO,DAHS,YES,NO,COLLIN,6505 W PARK DR STE 116,PLANO,TX,75093,fd2ff2772ac2144bc6d363e4d1b2333d59cf4b15879ec357328ca37258423bc7,https://apps.hhs.texas.gov/providers/directories/DAHS.xlsx,2026-09-30T13:16:17.102715+00:00,2026-09-28,1ee647f83412dfb2aeb69e605f1e0b55fcc09b7b4999b3afc500757e24cf4a3b
TX_DAHS,104478,73,SUNRAY ACTIVITY AND HEALTHCARE SERVICES LLC,DAHS,YES,NO,COLLIN,1301 CUSTER ROAD SUITE 400,PLANO,TEXAS,75075,fd2ff2772ac2144bc6d363e4d1b2333d59cf4b15879ec357328ca37258423bc7,https://apps.hhs.texas.gov/providers/directories/DAHS.xlsx,2026-09-30T13:16:17.102715+00:00,2026-09-28,77e8a9e4ab18102f4b3c3343b2364a8dac0662e355b7fc94fe80979d2b9b5b2e
TX_DAHS,110536,74,UPLIFT 100 LLC,DAHS,YES,NO,COLLIN,5212 VILLAGE CREEK DR,PLANO,TX,75093,fd2ff2772ac2144bc6d363e4d1b2333d59cf4b15879ec357328ca37258423bc7,https://apps.hhs.texas.gov/providers/directories/DAHS.xlsx,2026-09-30T13:16:17.102715+00:00,2026-09-28,be002e8fe4293a4affa042df447c827ea5f23902ba1582279fc00d09f38c8663
TX_DAHS,110402,75,NUSTART ADULT DAY CENTER,DAHS,YES,NO,DALLAS,"101 , KENYA STREET STE#106/108",CEDAR HILL,TX,75104,fd2ff2772ac2144bc6d363e4d1b2333d59cf4b15879ec357328ca37258423bc7,https://apps.hhs.texas.gov/providers/directories/DAHS.xlsx,2026-09-30T13:16:17.102715+00:00,2026-09-28,8c80a8a4645368661fd28aaf5b3bddbee420e5362375d43cf284f2557eaf9827
TX_DAHS,111804,76,NUSTART ADULT DAY CENTER,DAHS-ISS,YES,NO,DALLAS,101 KENYA STREET SUITE 106,CEDAR HILL,TEXAS,75104,fd2ff2772ac2144bc6d363e4d1b2333d59cf4b15879ec357328ca37258423bc7,https://apps.hhs.texas.gov/providers/directories/DAHS.xlsx,2026-09-30T13:16:17.102715+00:00,2026-09-28,c49f8380045e2bf872097e7b284c2b58c2ad705a5fb29ead2191ac073bdd97dd
TX_DAHS,111656,77,ZIONS HOPE ADULT DAY CARE,DAHS-ISS,YES,NO,DALLAS,412 COOPER ST,CEDAR HILL,TEXAS,75104,fd2ff2772ac2144bc6d363e4d1b2333d59cf4b15879ec357328ca37258423bc7,https://apps.hhs.texas.gov/providers/directories/DAHS.xlsx,2026-09-30T13:16:17.102715+00:00,2026-09-28,a168dd1169dbbf4cb69f51af0a2f45d2b81de03f5b2427baab37c6e7f5a043e1
TX_DAHS,111866,78,1ST CHOICE ADULT DAY CENTER,DAHS-ISS,YES,NO,DALLAS,2902 S BUCKNER BLVD STE 300,DALLAS,TX,75227,fd2ff2772ac2144bc6d363e4d1b2333d59cf4b15879ec357328ca37258423bc7,https://apps.hhs.texas.gov/providers/directories/DAHS.xlsx,2026-09-30T13:16:17.102715+00:00,2026-09-28,845005a65ec58680f039e5ad597f444055f534d86ba69907d3b20c099e80089c
TX_DAHS,111290,79,1ST CHOICE ADULT DAY CENTER,DAHS-ISS,YES,NO,DALLAS,326 E 12TH STREET,DALLAS,TEXAS,75203,fd2ff2772ac2144bc6d363e4d1b2333d59cf4b15879ec357328ca37258423bc7,https://apps.hhs.texas.gov/providers/directories/DAHS.xlsx,2026-09-30T13:16:17.102715+00:00,2026-09-28,7eb72dfa6d592b9bf3b26f71faeac347cea04098ab4053d7fb5a16bfda68b259
TX_DAHS,100924,80,AGAPE ADULT DAY CARE,DAHS,YES,NO,DALLAS,3107 W CAMP WISDOM RD #950,DALLAS,TX,75237,fd2ff2772ac2144bc6d363e4d1b2333d59cf4b15879ec357328ca37258423bc7,https://apps.hhs.texas.gov/providers/directories/DAHS.xlsx,2026-09-30T13:16:17.102715+00:00,2026-09-28,288a125925f32dcfaa9b8281ef10a171e9600d4f44eb019355de2aa5c69df147
TX_DAHS,110327,81,CHRISTIAN HEIGHTS ADULT DAY & HEALTH CARE,DAHS,YES,NO,DALLAS,4710 WADSWORTH DRIVE,DALLAS,TEXAS,75216,fd2ff2772ac2144bc6d363e4d1b2333d59cf4b15879ec357328ca37258423bc7,https://apps.hhs.texas.gov/providers/directories/DAHS.xlsx,2026-09-30T13:16:17.102715+00:00,2026-09-28,d1071aed7e1b16bf39408c7d2e60aa9c9b2d44e94f0b25b20d41b81d3522d1ed
TX_DAHS,106777,82,SUNRISE SENIOR CENTER INC,DAHS,YES,NO,DALLAS,13521 METHOD STREET,DALLAS,TX,75243,fd2ff2772ac2144bc6d363e4d1b2333d59cf4b15879ec357328ca37258423bc7,https://apps.hhs.texas.gov/providers/directories/DAHS.xlsx,2026-09-30T13:16:17.102715+00:00,2026-09-28,f8f46bd7fd65d282ec943bb013050212e3092b9e8125a1c87d1daef4288c8aa9
TX_DAHS,106095,83,SUPREME CARE ADULT CENTER,DAHS,YES,NO,DALLAS,4033 SHILLING WAY,DALLAS,TX,75237,fd2ff2772ac2144bc6d363e4d1b2333d59cf4b15879ec357328ca37258423bc7,https://apps.hhs.texas.gov/providers/directories/DAHS.xlsx,2026-09-30T13:16:17.102715+00:00,2026-09-28,cd82d6d3184528135f3dc8d4a99411ba7562faaabf23092824762d9b273c5ca6
TX_DAHS,102501,84,THE BRIDGE AT FAIR PARK LLC,DAHS,YES,NO,DALLAS,2535 MARTIN LUTHER KING JR BLVD,DALLAS,TX,75215,fd2ff2772ac2144bc6d363e4d1b2333d59cf4b15879ec357328ca37258423bc7,https://apps.hhs.texas.gov/providers/directories/DAHS.xlsx,2026-09-30T13:16:17.102715+00:00,2026-09-28,a790182a5b30b92578ce1571843fd53ed670df7a1cc76e103b166a8ef04d4457
TX_DAHS,010238,85,WE CARE ADULT DAY CENTER,DAHS,YES,NO,DALLAS,3200 S LANCASTER RD # 609,DALLAS,TX,75216,fd2ff2772ac2144bc6d363e4d1b2333d59cf4b15879ec357328ca37258423bc7,https://apps.hhs.texas.gov/providers/directories/DAHS.xlsx,2026-09-30T13:16:17.102715+00:00,2026-09-28,f320f19db524b88c6dcd29700966ea9b154725622fd10f2549f59bb4e929f0b5
TX_DAHS,105411,86,FRIENDS PLACE ADULT DAY SERVICES,DAHS,YES,NO,DALLAS,1232 W BELTLINE,DESOTO,TX,75115,fd2ff2772ac2144bc6d363e4d1b2333d59cf4b15879ec357328ca37258423bc7,https://apps.hhs.texas.gov/providers/directories/DAHS.xlsx,2026-09-30T13:16:17.102715+00:00,2026-09-28,c0e70215625f6fa56bf4a585195fbcb2eaff81ef2e3bd01c7064530a9502309f
TX_DAHS,111697,87,GUSSIE MAE SPECIAL NEEDS ADULT DAYCARE CENTER INC,DAHS,YES,NO,DALLAS,1010 W. PLEASANT RUN RD,DESOTO,TEXAS,75115,fd2ff2772ac2144bc6d363e4d1b2333d59cf4b15879ec357328ca37258423bc7,https://apps.hhs.texas.gov/providers/directories/DAHS.xlsx,2026-09-30T13:16:17.102715+00:00,2026-09-28,dace4ef2f95fd94a080402fe90525062f3f5956a1c0e58212951b0f60cc440c1
TX_DAHS,104991,88,"GRACE ADULT DAY CARE, INC",DAHS,YES,NO,DALLAS,1870 CROWN DRIVE SUITE #1520,FARMERS BRANCH,TX,75234,fd2ff2772ac2144bc6d363e4d1b2333d59cf4b15879ec357328ca37258423bc7,https://apps.hhs.texas.gov/providers/directories/DAHS.xlsx,2026-09-30T13:16:17.102715+00:00,2026-09-28,62067babeab9fb07678bee9969bccbc264520f73b6c56bb8c8a48048bb4fd528
TX_DAHS,105571,89,AAA HEALTH CARE LLC,DAHS,YES,NO,DALLAS,3306 W WALNUT STREET SUITE 200,GARLAND,TX,75042,fd2ff2772ac2144bc6d363e4d1b2333d59cf4b15879ec357328ca37258423bc7,https://apps.hhs.texas.gov/providers/directories/DAHS.xlsx,2026-09-30T13:16:17.102715+00:00,2026-09-28,b15a9267931a0aaa94a0848f448b545009a7081f3bb17d08c615e8dad16fb27c
TX_DAHS,101842,90,DALLAS OMNI CARE INC,DAHS,YES,NO,DALLAS,2222 DEER MEADOW,GARLAND,TX,75044,fd2ff2772ac2144bc6d363e4d1b2333d59cf4b15879ec357328ca37258423bc7,https://apps.hhs.texas.gov/providers/directories/DAHS.xlsx,2026-09-30T13:16:17.102715+00:00,2026-09-28,8f3e80cb946ea3cf12ab5fa1d60c5c473d1c0c69987ebfa3375f696d4ee7a4e9
TX_DAHS,106399,91,"ROSIALY, LLC DBA GARLAND ADULT CARE CENTER",DAHS,YES,NO,DALLAS,3845 N GARLAND RDSTE # 700B,GARLAND,TX,75040,fd2ff2772ac2144bc6d363e4d1b2333d59cf4b15879ec357328ca37258423bc7,https://apps.hhs.texas.gov/providers/directories/DAHS.xlsx,2026-09-30T13:16:17.102715+00:00,2026-09-28,79f89e680a7fa40e73267e87f2384055662268ea5bdd9abb899e2c25d02864a7
TX_DAHS,112087,92,"ROBICHEAUX HAVEN ADULT DAYCARE CENTER, INC",DAHS-ISS,YES,NO,DALLAS,630 W PLEASANT RUN RD # 112,LANCASTER,TEXAS,75146,fd2ff2772ac2144bc6d363e4d1b2333d59cf4b15879ec357328ca37258423bc7,https://apps.hhs.texas.gov/providers/directories/DAHS.xlsx,2026-09-30T13:16:17.102715+00:00,2026-09-28,30c847c75805b1e470450b020087d4a3d4ab055bea8e0c538991da151984c3bf
TX_DAHS,107105,93,AGAPE DAY CENTER FOR ADULTS LIMITED,DAHS,YES,NO,DALLAS,1025 GROSS ROAD,MESQUITE,TX,75149,fd2ff2772ac2144bc6d363e4d1b2333d59cf4b15879ec357328ca37258423bc7,https://apps.hhs.texas.gov/providers/directories/DAHS.xlsx,2026-09-30T13:16:17.102715+00:00,2026-09-28,062bc241d8a4ef04db57402976673bc76a54ac4017068a33d45e0ae7f2a9b1dd
TX_DAHS,102356,94,"FRIENDS PLACE ADULT DAY SERVICES, INC",DAHS,YES,NO,DALLAS,1960 NANTUCKET DRIVE,RICHARDSON,TX,75080,fd2ff2772ac2144bc6d363e4d1b2333d59cf4b15879ec357328ca37258423bc7,https://apps.hhs.texas.gov/providers/directories/DAHS.xlsx,2026-09-30T13:16:17.102715+00:00,2026-09-28,853463e20e333f38286528596a080f4b7c5a71e037a42a1afadb6a7a15c905cd
TX_DAHS,110607,95,ALWAYS YOUNG AT HEART LLC,DAHS,YES,NO,DENTON,719 UNIVERSITY PLACE,LEWISVILLE,TEXAS,75067,fd2ff2772ac2144bc6d363e4d1b2333d59cf4b15879ec357328ca37258423bc7,https://apps.hhs.texas.gov/providers/directories/DAHS.xlsx,2026-09-30T13:16:17.102715+00:00,2026-09-28,be46894d33566366c2d7724063ac259353b80ac7866ecb82e6a5a5da255b7ed2
TX_DAHS,112056,96,"LEWISVILLE ENCORE ADEC, LLC",DAHS,YES,NO,DENTON,1439 MOCCASSIN TRAIL,LEWISVILLE,TX,75077,fd2ff2772ac2144bc6d363e4d1b2333d59cf4b15879ec357328ca37258423bc7,https://apps.hhs.texas.gov/providers/directories/DAHS.xlsx,2026-09-30T13:16:17.102715+00:00,2026-09-28,bc0f434ee693f24167ece7a7b61633472dccbb55ed08512d3fedc931f430db45
TX_DAHS,050718,97,LA PALOMA ADULT DAY CARE I V,DAHS,YES,NO,DIMMIT,203 N 6TH,CARRIZO SPRINGS,TX,78834,fd2ff2772ac2144bc6d363e4d1b2333d59cf4b15879ec357328ca37258423bc7,https://apps.hhs.texas.gov/providers/directories/DAHS.xlsx,2026-09-30T13:16:17.102715+00:00,2026-09-28,36f91748991de73f7029fe028c0259e0832c8e82fc7d15792b778e96255495fd
TX_DAHS,003219,98,REAL DAHS III,DAHS,YES,NO,DUVAL,722 S HUMBLE,BENAVIDES,TX,78341,fd2ff2772ac2144bc6d363e4d1b2333d59cf4b15879ec357328ca37258423bc7,https://apps.hhs.texas.gov/providers/directories/DAHS.xlsx,2026-09-30T13:16:17.102715+00:00,2026-09-28,33bb8f97847357438d517252d01f51109ceb3f3583e577407ce8b68cc361c754
TX_DAHS,112118,99,BABY BOOMERS,DAHS-ISS,YES,NO,EL PASO,1001 CAROLINA SUIT D,EL PASO,TEXAS,79915,fd2ff2772ac2144bc6d363e4d1b2333d59cf4b15879ec357328ca37258423bc7,https://apps.hhs.texas.gov/providers/directories/DAHS.xlsx,2026-09-30T13:16:17.102715+00:00,2026-09-28,ad0fd04b3a841febb2a526799788c27fbd679a3234a730bd0df0397f44a0bbbd
TX_DAHS,001409,100,BIENVIVIR ALLINCLUSIVE SENIOR HEALTH,DAHS,YES,NO,EL PASO,940 N CAROLINA,EL PASO,TX,79915,fd2ff2772ac2144bc6d363e4d1b2333d59cf4b15879ec357328ca37258423bc7,https://apps.hhs.texas.gov/providers/directories/DAHS.xlsx,2026-09-30T13:16:17.102715+00:00,2026-09-28,d5961e0aabaa27b4ec1dfb3417d4355a67a0c40416a4cbfc52523f4b514646d0
TX_DAHS,101691,101,BIENVIVIR ALLINCLUSIVE SENIOR HEALTH,DAHS,YES,NO,EL PASO,2300 MCKINLEY,EL PASO,TX,79930,fd2ff2772ac2144bc6d363e4d1b2333d59cf4b15879ec357328ca37258423bc7,https://apps.hhs.texas.gov/providers/directories/DAHS.xlsx,2026-09-30T13:16:17.102715+00:00,2026-09-28,57132007bc7827f3948f876be8694eab7ae2b0225bfa526d2f1bef03ac90effa
TX_DAHS,104726,102,"EL PALACIO ADULT DAY CARE, LLC",DAHS,YES,NO,EL PASO,11150 MONTWOOD DRIVE BUILDING STE.A BLDG B,EL PASO,TX,79936,fd2ff2772ac2144bc6d363e4d1b2333d59cf4b15879ec357328ca37258423bc7,https://apps.hhs.texas.gov/providers/directories/DAHS.xlsx,2026-09-30T13:16:17.102715+00:00,2026-09-28,bee6e57c0e93b863b4bb94da94572e9cf018b20cf8ddcdefbe81626b3e9bf343
TX_DAHS,110346,103,HELPING HAND #2 ADULT DAYCARE CENTER,DAHS,YES,NO,EL PASO,5450 HURD PLACE,EL PASO,TX,79912,fd2ff2772ac2144bc6d363e4d1b2333d59cf4b15879ec357328ca37258423bc7,https://apps.hhs.texas.gov/providers/directories/DAHS.xlsx,2026-09-30T13:16:17.102715+00:00,2026-09-28,f9c684910305d4eb3a513a7c974029303e7320631e759d0d6d1fc54e7da4d3ae
TX_DAHS,105587,104,LA VICTORIA ADULT DAY CARE CENTER #10,DAHS,YES,NO,EL PASO,6921 DELTA DRIVE  SUITE B,EL PASO,TX,79905,fd2ff2772ac2144bc6d363e4d1b2333d59cf4b15879ec357328ca37258423bc7,https://apps.hhs.texas.gov/providers/directories/DAHS.xlsx,2026-09-30T13:16:17.102715+00:00,2026-09-28,ac0c4965309f003abc84356ad4a412240e3e547e13a55fd0dd850d7daefe28a0
TX_DAHS,110443,105,LA VICTORIA ADULT DAY CARE CENTER #11,DAHS,YES,NO,EL PASO,2700 GEORGE DIETER,EL PASO,TEXAS,79936,fd2ff2772ac2144bc6d363e4d1b2333d59cf4b15879ec357328ca37258423bc7,https://apps.hhs.texas.gov/providers/directories/DAHS.xlsx,2026-09-30T13:16:17.102715+00:00,2026-09-28,be4fa24954aeecee2556ee04fbea420cbd3660a3ead2735c325e3b3cfc6c4701
TX_DAHS,110155,106,LA VICTORIA ADULT DAY CARE CENTER #4,DAHS,YES,NO,EL PASO,4121 EAST YANDELL,EL PASO,TEXAS,79903,fd2ff2772ac2144bc6d363e4d1b2333d59cf4b15879ec357328ca37258423bc7,https://apps.hhs.texas.gov/providers/directories/DAHS.xlsx,2026-09-30T13:16:17.102715+00:00,2026-09-28,1cedb0bf9f1ac3873a4d047195199b731a68023a1ca47e77adfa7092f54fc0a5
TX_DAHS,100676,107,LA VICTORIA ADULT DAY CARE CENTER #5,DAHS,YES,NO,EL PASO,560 YARBROUGH,EL PASO,TX,79915,fd2ff2772ac2144bc6d363e4d1b2333d59cf4b15879ec357328ca37258423bc7,https://apps.hhs.texas.gov/providers/directories/DAHS.xlsx,2026-09-30T13:16:17.102715+00:00,2026-09-28,c137f40ed138fb670899201e15d90446f6b6e6db430a6918dfcd2d31ba2a0b31
TX_DAHS,101790,108,LA VICTORIA ADULT DAY CARE CENTER #6,DAHS,YES,NO,EL PASO,6921 DELTA DRIVE STE A,EL PASO,TX,79905,fd2ff2772ac2144bc6d363e4d1b2333d59cf4b15879ec357328ca37258423bc7,https://apps.hhs.texas.gov/providers/directories/DAHS.xlsx,2026-09-30T13:16:17.102715+00:00,2026-09-28,547787e7c26ff2a1e7dfbb20ac5c655722033edda3a541c8e4b511513119f981
TX_DAHS,101902,109,LA VICTORIA ADULT DAY CARE CENTER #7,DAHS,YES,NO,EL PASO,255 PADRES,EL PASO,TX,79907,fd2ff2772ac2144bc6d363e4d1b2333d59cf4b15879ec357328ca37258423bc7,https://apps.hhs.texas.gov/providers/directories/DAHS.xlsx,2026-09-30T13:16:17.102715+00:00,2026-09-28,63c61b2390803f4bf26b3da67c2f854308ee9b218abdcfa5f38e7d0c7c127cb6
TX_DAHS,102564,110,LA VICTORIA ADULT DAY CARE CENTER #8,DAHS,YES,NO,EL PASO,10142 DYER,EL PASO,TX,79924,fd2ff2772ac2144bc6d363e4d1b2333d59cf4b15879ec357328ca37258423bc7,https://apps.hhs.texas.gov/providers/directories/DAHS.xlsx,2026-09-30T13:16:17.102715+00:00,2026-09-28,3cc93da8a0eaf6ae3cda2c8be17be0cd9e8da076a874a84d0871c89bac3e82c2
TX_DAHS,103763,111,LA VICTORIA ADULT DAY CARE CENTER #9,DAHS,YES,NO,EL PASO,10920 MONTANA AVE SUITE A,EL PASO,TX,79936,fd2ff2772ac2144bc6d363e4d1b2333d59cf4b15879ec357328ca37258423bc7,https://apps.hhs.texas.gov/providers/directories/DAHS.xlsx,2026-09-30T13:16:17.102715+00:00,2026-09-28,f99279b52b55873ccc1968abd6e2824a1f0d8e6d29857959b67a1023d14f5ba9
TX_DAHS,003459,112,NEW HORIZONS ADULT DAY CARE LLC,DAHS,YES,NO,EL PASO,1817 E YANDELL,EL PASO,TX,79902,fd2ff2772ac2144bc6d363e4d1b2333d59cf4b15879ec357328ca37258423bc7,https://apps.hhs.texas.gov/providers/directories/DAHS.xlsx,2026-09-30T13:16:17.102715+00:00,2026-09-28,22ee74e6df077fa56b2d070192cea97143392476407a7e9deb148c0558128e7b
TX_DAHS,106170,113,"NUEVA VIDA ADULT DAYCARE, LLC",DAHS,YES,NO,EL PASO,8825 N LOOP DR STE 120,EL PASO,TX,79907,fd2ff2772ac2144bc6d363e4d1b2333d59cf4b15879ec357328ca37258423bc7,https://apps.hhs.texas.gov/providers/directories/DAHS.xlsx,2026-09-30T13:16:17.102715+00:00,2026-09-28,b8a13680d186d677abe8127e98a4e3f7a49fe032f5eb72bfd74bf0133caf7b95
TX_DAHS,111472,114,"NUEVA VIDA ADULT DAYCARE, LLC",DAHS-ISS,YES,NO,EL PASO,8825 NORTH LOOP STE. 120,EL PASO,TEXAS,79907,fd2ff2772ac2144bc6d363e4d1b2333d59cf4b15879ec357328ca37258423bc7,https://apps.hhs.texas.gov/providers/directories/DAHS.xlsx,2026-09-30T13:16:17.102715+00:00,2026-09-28,1e570c48f5a5ece73e9618b4d550e6ec156c41b3e5e1bdbc5fcf3dccbeaec0a1
TX_DAHS,105912,115,ROKA ADULT DAY HEALTH CARE SERVICES,DAHS,YES,NO,EL PASO,12025 ROJAS DR STE J AND K,EL PASO,TX,79936,fd2ff2772ac2144bc6d363e4d1b2333d59cf4b15879ec357328ca37258423bc7,https://apps.hhs.texas.gov/providers/directories/DAHS.xlsx,2026-09-30T13:16:17.102715+00:00,2026-09-28,509dbf1f01a9f67bb4203e8b7a0bd34d081091fb81e5741859e828573804b431
TX_DAHS,106378,116,SALUBRIS ADULT DAY ACTIVITY & HEALTH SERVICES LLC,DAHS,YES,NO,EL PASO,8434 DYER ST,EL PASO,TX,79904,fd2ff2772ac2144bc6d363e4d1b2333d59cf4b15879ec357328ca37258423bc7,https://apps.hhs.texas.gov/providers/directories/DAHS.xlsx,2026-09-30T13:16:17.102715+00:00,2026-09-28,a0e8931996d9b413ee0c1ea860d09875d6a9cd9807b9964d3418cabf02c20975
TX_DAHS,101140,117,SAN ANTONIO ADULT DAY CARE,DAHS,YES,NO,EL PASO,1417 DELTA,EL PASO,TX,79901,fd2ff2772ac2144bc6d363e4d1b2333d59cf4b15879ec357328ca37258423bc7,https://apps.hhs.texas.gov/providers/directories/DAHS.xlsx,2026-09-30T13:16:17.102715+00:00,2026-09-28,a2e781d46b110f9f09298a0b196a5c12d542770ae44ef13a0dd3f6f2a4287a0b
TX_DAHS,105517,118,SOL Y LUNA ADULT DAY CARE LLC,DAHS,YES,NO,EL PASO,2911 GEORGE DIETER DR.,EL PASO,TX,79936,fd2ff2772ac2144bc6d363e4d1b2333d59cf4b15879ec357328ca37258423bc7,https://apps.hhs.texas.gov/providers/directories/DAHS.xlsx,2026-09-30T13:16:17.102715+00:00,2026-09-28,af02cc1936ae4a74ca57b2b4f88f85139a2634f0980efc1a27b22661ed42f0ac
TX_DAHS,106068,119,SWEET HOME ADULT DAYCARE LLC,DAHS,YES,NO,EL PASO,8615 SAN JUAN LANE BUILDING 19,EL PASO,TX,79907,fd2ff2772ac2144bc6d363e4d1b2333d59cf4b15879ec357328ca37258423bc7,https://apps.hhs.texas.gov/providers/directories/DAHS.xlsx,2026-09-30T13:16:17.102715+00:00,2026-09-28,96026b5e97b4b72dd66a4fb0a2736e527bf8eb4aeadd5d189bfedeb3d3539915
TX_DAHS,111354,120,"LA HACIENDA ADULT DAYCARE, LLC",DAHS,YES,NO,EL PASO,1001 N. FABENS STREET,FABENS,TX,79838,fd2ff2772ac2144bc6d363e4d1b2333d59cf4b15879ec357328ca37258423bc7,https://apps.hhs.texas.gov/providers/directories/DAHS.xlsx,2026-09-30T13:16:17.102715+00:00,2026-09-28,df6381e4f9a3708c1ef4dcac87886bfccf03cb19959f3c1a1ad55475623d50ff
TX_DAHS,102237,121,CLUB DE AMISTAD ADULT DAY CARE,DAHS,YES,NO,EL PASO,109 CROCKER DR,HORIZON CITY,TX,79928,fd2ff2772ac2144bc6d363e4d1b2333d59cf4b15879ec357328ca37258423bc7,https://apps.hhs.texas.gov/providers/directories/DAHS.xlsx,2026-09-30T13:16:17.102715+00:00,2026-09-28,402afcfb27ebef8f371ac0567315ece5a837bafcfe824e1c53b89793742138dd
TX_DAHS,104698,122,"CIRCLE OF FRIENDS UNITED ADULT DAY CARE, LLC",DAHS,YES,NO,EL PASO,10750 NORTH LOOP DR. SPACE A-3,SOCORRO,TX,79927,fd2ff2772ac2144bc6d363e4d1b2333d59cf4b15879ec357328ca37258423bc7,https://apps.hhs.texas.gov/providers/directories/DAHS.xlsx,2026-09-30T13:16:17.102715+00:00,2026-09-28,03071e8bcb2ed87f68755470bcc7bae4d923cb73a0f20b2cf115f44ae682cc47
TX_DAHS,100108,123,JOHNSON & JOHNSON ACTIVITIES INC,DAHS,YES,NO,FORT BEND,14730 FONDREN RD,MISSOURI CITY,TX,77489,fd2ff2772ac2144bc6d363e4d1b2333d59cf4b15879ec357328ca37258423bc7,https://apps.hhs.texas.gov/providers/directories/DAHS.xlsx,2026-09-30T13:16:17.102715+00:00,2026-09-28,496f2541bc2a9aea1abc289946a57a3cf6c596494537ee234062b3f60afed8e6
TX_DAHS,111351,124,"JOHNSON & JOHNSON ACTIVITIES, INC",DAHS-ISS,YES,NO,FORT BEND,14730 FONDREN RD,MISSOURI CITY,TEXAS,77489,fd2ff2772ac2144bc6d363e4d1b2333d59cf4b15879ec357328ca37258423bc7,https://apps.hhs.texas.gov/providers/directories/DAHS.xlsx,2026-09-30T13:16:17.102715+00:00,2026-09-28,59b5efa31f84f0e6c23b84e3e06afe40ca9dc38b575abda87e50b8c41eb7aab9
TX_DAHS,107308,125,WELLCARE SENIOR CENTER,DAHS,YES,NO,FORT BEND,3250 WILLIAMSBURG LANE,MISSOURI CITY,TX,77459,fd2ff2772ac2144bc6d363e4d1b2333d59cf4b15879ec357328ca37258423bc7,https://apps.hhs.texas.gov/providers/directories/DAHS.xlsx,2026-09-30T13:16:17.102715+00:00,2026-09-28,4801905478b320f4863ca51faed087cd567dc6f53354205f2ff92fcc8e0b747e
TX_DAHS,111683,126,CARE II ASSIST YOU,DAHS-ISS,YES,NO,FORT BEND,610 S 11TH ST,RICHMOND,TX,77469,fd2ff2772ac2144bc6d363e4d1b2333d59cf4b15879ec357328ca37258423bc7,https://apps.hhs.texas.gov/providers/directories/DAHS.xlsx,2026-09-30T13:16:17.102715+00:00,2026-09-28,c6aea72edd7bf9e331de850767538d0516b2bceb6c38dc5a94f7830b67f5bf3f
TX_DAHS,107068,127,SHRIJI SENIOR DAY ACTIVITY CENTER,DAHS,YES,NO,FORT BEND,10319 CLODINE ROAD,RICHMOND,TX,77407,fd2ff2772ac2144bc6d363e4d1b2333d59cf4b15879ec357328ca37258423bc7,https://apps.hhs.texas.gov/providers/directories/DAHS.xlsx,2026-09-30T13:16:17.102715+00:00,2026-09-28,c0e831d6ec834aa1c068ac53d5ceb885c68e1e80530821f76046a72785a8943d
TX_DAHS,003017,128,CARING PEOPLE LTD CO,DAHS,YES,NO,FORT BEND,914 FROST STREET,ROSENBERG,TX,77471,fd2ff2772ac2144bc6d363e4d1b2333d59cf4b15879ec357328ca37258423bc7,https://apps.hhs.texas.gov/providers/directories/DAHS.xlsx,2026-09-30T13:16:17.102715+00:00,2026-09-28,72d9e3f9e4bdb85e5298099b7ad2e5cf9f5ca7edc7d5cc59d246cf54249dd73c
TX_DAHS,111294,129,CARING PEOPLE LTD CO,DAHS-ISS,YES,NO,FORT BEND,914 FROST STREET,ROSENBERG,TEXAS,77471,fd2ff2772ac2144bc6d363e4d1b2333d59cf4b15879ec357328ca37258423bc7,https://apps.hhs.texas.gov/providers/directories/DAHS.xlsx,2026-09-30T13:16:17.102715+00:00,2026-09-28,f5cf836afb8de2a496e2c294c9ea1c08c4d69c47ab5bc5ac3db7a9845a7827a1
TX_DAHS,110783,130,18 AND BEYOND SPECIAL SERVICES,DAHS-ISS,YES,NO,FORT BEND,10200 WEST AIRPORT BLVD SUITE 100,STAFFORD,TEXAS,77477,fd2ff2772ac2144bc6d363e4d1b2333d59cf4b15879ec357328ca37258423bc7,https://apps.hhs.texas.gov/providers/directories/DAHS.xlsx,2026-09-30T13:16:17.102715+00:00,2026-09-28,21c5281effd48633c0e8bd7f79310326c0ef9d330d761d9a7acee4ef1ae07ce1
TX_DAHS,111403,131,DAYSTARS ADULT ACTIVITIES CENTER INC,DAHS,YES,NO,FORT BEND,4611 SOUTH MAIN SUITE 4,STAFFORD,TEXAS,77477,fd2ff2772ac2144bc6d363e4d1b2333d59cf4b15879ec357328ca37258423bc7,https://apps.hhs.texas.gov/providers/directories/DAHS.xlsx,2026-09-30T13:16:17.102715+00:00,2026-09-28,2938752f61d5a7743e12572b8033942273084034fb10f7b41a7e83a1990eb10f
TX_DAHS,110650,132,GENESIS ADULT ACTIVITY SERVICES STAFFORD,DAHS,YES,NO,FORT BEND,930 FM 1092 RD #B,STAFFORD,TEXAS,77477,fd2ff2772ac2144bc6d363e4d1b2333d59cf4b15879ec357328ca37258423bc7,https://apps.hhs.texas.gov/providers/directories/DAHS.xlsx,2026-09-30T13:16:17.102715+00:00,2026-09-28,d7f4baefcf77d8ae9f9e0e16ac7ab087723f05adf5c0780447bdddfe136f8358
TX_DAHS,100536,133,LIBBIES PLACE,DAHS,YES,NO,GALVESTON,5402 AVENUE U,GALVESTON,TX,77551,fd2ff2772ac2144bc6d363e4d1b2333d59cf4b15879ec357328ca37258423bc7,https://apps.hhs.texas.gov/providers/directories/DAHS.xlsx,2026-09-30T13:16:17.102715+00:00,2026-09-28,79140ced81dcab9b839af9baea479eac60e77f3a549fe2e6ecd3e21d6aaf8b13
TX_DAHS,105520,134,HEALING H A D C INC,DAHS,YES,NO,GALVESTON,2108 TWIN OAKS BLVD,KEMAH,TX,77565,fd2ff2772ac2144bc6d363e4d1b2333d59cf4b15879ec357328ca37258423bc7,https://apps.hhs.texas.gov/providers/directories/DAHS.xlsx,2026-09-30T13:16:17.102715+00:00,2026-09-28,32bb0b4ac88d0170d0129ae42d4595599d56b36ff3763e1a5fa1432c61779da9
TX_DAHS,111895,135,TAJ ADULT DAYHAB,DAHS-ISS,YES,NO,GALVESTON,150 PARKER COURT,LEAGUE CITY,TX,77573,fd2ff2772ac2144bc6d363e4d1b2333d59cf4b15879ec357328ca37258423bc7,https://apps.hhs.texas.gov/providers/directories/DAHS.xlsx,2026-09-30T13:16:17.102715+00:00,2026-09-28,36aceb6a3588c54333fb42d6c207d57ff1226de45afa19d23950951bc0448d73
TX_DAHS,111013,136,"GALVESTON COUNTY ADULT DAYCARE, INC",DAHS-ISS,YES,NO,GALVESTON,2120 TEXAS AVENUE,TEXAS CITY,TEXAS,77590,fd2ff2772ac2144bc6d363e4d1b2333d59cf4b15879ec357328ca37258423bc7,https://apps.hhs.texas.gov/providers/directories/DAHS.xlsx,2026-09-30T13:16:17.102715+00:00,2026-09-28,47028de0704faab9445686d3de9a97eaa8bd53d67782cd73e85536caed41b5e8
TX_DAHS,003062,137,GALVESTON COUNTY ADULT HEALTH DAY CARE,DAHS,YES,NO,GALVESTON,2120 TEXAS AVE,TEXAS CITY,TX,77590,fd2ff2772ac2144bc6d363e4d1b2333d59cf4b15879ec357328ca37258423bc7,https://apps.hhs.texas.gov/providers/directories/DAHS.xlsx,2026-09-30T13:16:17.102715+00:00,2026-09-28,b1c0e64314ed4a1d9c99bfe99049192b3c4d40b1c37b970efbb9e8dc082bf6a3
TX_DAHS,111591,138,"M&M ADULT DAYCARE, LLC",DAHS-ISS,YES,NO,GALVESTON,722 - 25TH AVE. N,TEXAS CITY,TX,77590,fd2ff2772ac2144bc6d363e4d1b2333d59cf4b15879ec357328ca37258423bc7,https://apps.hhs.texas.gov/providers/directories/DAHS.xlsx,2026-09-30T13:16:17.102715+00:00,2026-09-28,c73337a6046b1e2844e3819af285fa250a802bbf96613195c199e037c796208b
TX_DAHS,105691,139,"M&M ADULT DAYCARE, LLC",DAHS,YES,NO,GALVESTON,722 -25TH AVENUE N,TEXAS CITY,TX,77590,fd2ff2772ac2144bc6d363e4d1b2333d59cf4b15879ec357328ca37258423bc7,https://apps.hhs.texas.gov/providers/directories/DAHS.xlsx,2026-09-30T13:16:17.102715+00:00,2026-09-28,190ff4253279f3eb39b331e0e90153c0c0864382ce4443f85a5726d65978ce47
TX_DAHS,001526,140,BEST FRIENDS ADULT ACTIVITY CENTER,DAHS,YES,NO,GREGG,503 S GREEN ST,LONGVIEW,TX,75601,fd2ff2772ac2144bc6d363e4d1b2333d59cf4b15879ec357328ca37258423bc7,https://apps.hhs.texas.gov/providers/directories/DAHS.xlsx,2026-09-30T13:16:17.102715+00:00,2026-09-28,0d0ae2b543f9c10ce4c3f40638f1eeaf07fd9542ed326e4702f2440acbf71623
TX_DAHS,111345,141,GARRETT'S HEALTHCARE SERVICES LLC,DAHS-ISS,YES,NO,GREGG,1670 FM 2906,LONGVIEW,TX,75603,fd2ff2772ac2144bc6d363e4d1b2333d59cf4b15879ec357328ca37258423bc7,https://apps.hhs.texas.gov/providers/directories/DAHS.xlsx,2026-09-30T13:16:17.102715+00:00,2026-09-28,2a5954dc1633c5c4bd74fce70d46b5543387671c86e673d73943742b052591c8
TX_DAHS,104977,142,FIRST STREET ASSISTED LIVING & ADULT DAY CARE,DAHS,YES,NO,GUADALUPE,312 1ST  STREET,SCHERTZ,TX,78154,fd2ff2772ac2144bc6d363e4d1b2333d59cf4b15879ec357328ca37258423bc7,https://apps.hhs.texas.gov/providers/directories/DAHS.xlsx,2026-09-30T13:16:17.102715+00:00,2026-09-28,533a18347a61fe29b49f977c81f9bc010edee20ed62880ff052b77e2a8a82ee6
TX_DAHS,111560,143,FOUNTAIN OF LIFE ADULT ACTIVITY CENTER #2,DAHS-ISS,YES,NO,HALE,1001 N MAIN STREET,HALE CENTER,TEXAS,79041,fd2ff2772ac2144bc6d363e4d1b2333d59cf4b15879ec357328ca37258423bc7,https://apps.hhs.texas.gov/providers/directories/DAHS.xlsx,2026-09-30T13:16:17.102715+00:00,2026-09-28,0ff152f02cc116452498c53581493d7af493594aa87838f8a9a9912e838ec2b8
TX_DAHS,105740,144,FOUNTAIN OF LIFE ADULT ACTIVITY CENTER #2,DAHS,YES,NO,HALE,1001 N MAIN ST,HALE CENTER,TX,79041,fd2ff2772ac2144bc6d363e4d1b2333d59cf4b15879ec357328ca37258423bc7,https://apps.hhs.texas.gov/providers/directories/DAHS.xlsx,2026-09-30T13:16:17.102715+00:00,2026-09-28,bbd1e29df0f168272c840c5174ee12c94b134659c3698e8569c810e74fe9ff3b
TX_DAHS,105628,145,A BETTER QUALITY OF LIFE ADULT DAY CARE,DAHS,YES,NO,HARRIS,239 W TIDWELL RD STE F1,HOUSTON,TX,77022,fd2ff2772ac2144bc6d363e4d1b2333d59cf4b15879ec357328ca37258423bc7,https://apps.hhs.texas.gov/providers/directories/DAHS.xlsx,2026-09-30T13:16:17.102715+00:00,2026-09-28,8dab825e19478f3a63e8624fd2c8c5f0a72fbeb80919c8155f7f1a095fc33559
TX_DAHS,111356,146,ABC ADULT CENTER,DAHS-ISS,YES,NO,HARRIS,12454 BEECHNUT ST STE 8,HOUSTON,TX,77072,fd2ff2772ac2144bc6d363e4d1b2333d59cf4b15879ec357328ca37258423bc7,https://apps.hhs.texas.gov/providers/directories/DAHS.xlsx,2026-09-30T13:16:17.102715+00:00,2026-09-28,4ef8d052d2d2b866279f0a78955ae689a38a34ca97039296827576cfae006016
TX_DAHS,111678,147,ABC ADULT CENTER,DAHS,YES,NO,HARRIS,12454 BEECHNUT ST. STE. 8,HOUSTON,TEXAS,77072,fd2ff2772ac2144bc6d363e4d1b2333d59cf4b15879ec357328ca37258423bc7,https://apps.hhs.texas.gov/providers/directories/DAHS.xlsx,2026-09-30T13:16:17.102715+00:00,2026-09-28,f9d0b913edceb2fe26d003a6207f22c165bb95263880153fde87ef4d3d3a599f
TX_DAHS,003319,148,ADULT TOWN DAY CARE,DAHS,YES,NO,HARRIS,4450 S WAYSIDE STE 105,HOUSTON,TX,77087,fd2ff2772ac2144bc6d363e4d1b2333d59cf4b15879ec357328ca37258423bc7,https://apps.hhs.texas.gov/providers/directories/DAHS.xlsx,2026-09-30T13:16:17.102715+00:00,2026-09-28,2b02def30619139ad542ecaafe757989eb76fb6b3eacbe5af2d620c46a692a61
TX_DAHS,110350,149,"ASIAN AMERICAN SOCIAL CENTER OF HOUSTON, LLC",DAHS,YES,NO,HARRIS,7329 WEST SAM HOUSTON SOUTH PKY # 190,HOUSTON,TX,77072,fd2ff2772ac2144bc6d363e4d1b2333d59cf4b15879ec357328ca37258423bc7,https://apps.hhs.texas.gov/providers/directories/DAHS.xlsx,2026-09-30T13:16:17.102715+00:00,2026-09-28,ca32987839a769863a0149e12e030f7c73f9d7bcd63537e61d5a44a658e19d3d
TX_DAHS,105605,150,BETTER CARE SENIOR CENTER,DAHS,YES,NO,HARRIS,10161 HARWIN DR #120,HOUSTON,TX,77036,fd2ff2772ac2144bc6d363e4d1b2333d59cf4b15879ec357328ca37258423bc7,https://apps.hhs.texas.gov/providers/directories/DAHS.xlsx,2026-09-30T13:16:17.102715+00:00,2026-09-28,8bb706fee6147cbb5e7b83461bd0b543485adfd5fd98cc3607f87a47add8901a
TX_DAHS,111521,151,"BRIGHTWAY ADULT DAYCARE CENTER, LLC",DAHS-ISS,YES,NO,HARRIS,5020 FM 1960 RD W STE A1,HOUSTON,TEXAS,77069,fd2ff2772ac2144bc6d363e4d1b2333d59cf4b15879ec357328ca37258423bc7,https://apps.hhs.texas.gov/providers/directories/DAHS.xlsx,2026-09-30T13:16:17.102715+00:00,2026-09-28,a97fa9520110c96ed07767d3792ea626dab6884c1575681bbb0d0e07d95a7c28
TX_DAHS,001465,152,CAREPARTNERS,DAHS,YES,NO,HARRIS,3838 ABERDEEN WAY,HOUSTON,TX,77025,fd2ff2772ac2144bc6d363e4d1b2333d59cf4b15879ec357328ca37258423bc7,https://apps.hhs.texas.gov/providers/directories/DAHS.xlsx,2026-09-30T13:16:17.102715+00:00,2026-09-28,7c05f40135d2ee9bec9221f4cc4f053d10fef71077251e99befec75781205c7a
TX_DAHS,111980,153,CHINESE CIVIC CENTER,DAHS,YES,NO,HARRIS,5905 SOVEREIGN DR.,HOUSTON,TEXAS,77036,fd2ff2772ac2144bc6d363e4d1b2333d59cf4b15879ec357328ca37258423bc7,https://apps.hhs.texas.gov/providers/directories/DAHS.xlsx,2026-09-30T13:16:17.102715+00:00,2026-09-28,048c3d7d8cbf7e7e9e95f078c5a3260af026febe930a1d9c1c17a5d5c4aeaa61
TX_DAHS,110354,154,"CHINESE COMMUNITY CENTER, INC",DAHS,YES,NO,HARRIS,9800 TOWN PARK DRIVE,HOUSTON,TX,77036,fd2ff2772ac2144bc6d363e4d1b2333d59cf4b15879ec357328ca37258423bc7,https://apps.hhs.texas.gov/providers/directories/DAHS.xlsx,2026-09-30T13:16:17.102715+00:00,2026-09-28,a4998a04fc45ee273ed18864c48cfa35af32c8c23199ead5897c5cf7fa5a3584
TX_DAHS,003448,155,CORPORATE SENIOR CENTER,DAHS,YES,NO,HARRIS,9630 CLAREWOOD DR STE A2,HOUSTON,TX,77036,fd2ff2772ac2144bc6d363e4d1b2333d59cf4b15879ec357328ca37258423bc7,https://apps.hhs.texas.gov/providers/directories/DAHS.xlsx,2026-09-30T13:16:17.102715+00:00,2026-09-28,90ad9cc5af08c20f7d643add23a08271bca5ba033cbb195ee40266102c9f16f5
TX_DAHS,111338,156,DELIGHT ADULT DAYCARE,DAHS-ISS,YES,NO,HARRIS,4505 HWY 6 N UNIT 850,HOUSTON,TEXAS,77084,fd2ff2772ac2144bc6d363e4d1b2333d59cf4b15879ec357328ca37258423bc7,https://apps.hhs.texas.gov/providers/directories/DAHS.xlsx,2026-09-30T13:16:17.102715+00:00,2026-09-28,ffb362d55d69f8030d415f94ec80ee22e1400780b8dee8a13ee6c316d99fbe6a
TX_DAHS,111553,157,"ELITE MEDSERVE, INC,",DAHS,YES,NO,HARRIS,"6917 MARTIN LUTHER KING, JR BLVD",HOUSTON,TEXAS,77033,fd2ff2772ac2144bc6d363e4d1b2333d59cf4b15879ec357328ca37258423bc7,https://apps.hhs.texas.gov/providers/directories/DAHS.xlsx,2026-09-30T13:16:17.102715+00:00,2026-09-28,1e00af36fb9bed846a1dc6e47c8097e040358b45c49cb9ad6e94f8a6729e6c79
TX_DAHS,111583,158,FILLING THE GAP ADULT DAY CARE LLC,DAHS-ISS,YES,NO,HARRIS,6734 ANTOINE DR,HOUSTON,TEXAS,77091,fd2ff2772ac2144bc6d363e4d1b2333d59cf4b15879ec357328ca37258423bc7,https://apps.hhs.texas.gov/providers/directories/DAHS.xlsx,2026-09-30T13:16:17.102715+00:00,2026-09-28,6acd36e9b3a038f978f73e16187768a24eb15ac8c4113448a2d08827aa2e625b
TX_DAHS,111430,159,FONDREN ADULT DAY CARE,DAHS,YES,NO,HARRIS,"11001 FONDREN ROAD, SUITE A",HOUSTON,TX,77096,fd2ff2772ac2144bc6d363e4d1b2333d59cf4b15879ec357328ca37258423bc7,https://apps.hhs.texas.gov/providers/directories/DAHS.xlsx,2026-09-30T13:16:17.102715+00:00,2026-09-28,7ca2b209249cb52121ea0ed4bb3d2e29d87cd0c3e13cd7457b7e1415c8e0581b
TX_DAHS,110586,160,GENESIS ADULT ACTIVITY CENTER LLC,DAHS,YES,NO,HARRIS,2819 CAROLINE ST,HOUSTON,TEXAS,77004,fd2ff2772ac2144bc6d363e4d1b2333d59cf4b15879ec357328ca37258423bc7,https://apps.hhs.texas.gov/providers/directories/DAHS.xlsx,2026-09-30T13:16:17.102715+00:00,2026-09-28,e3a9e82e26c55d08b486606c971cfbc47a6adf1d5cca11f926423dd58bf3c847
TX_DAHS,110705,161,GEVIL HEALTH SERVICES LLC,DAHS-ISS,YES,NO,HARRIS,12000 BELLAIRE BLVD. SUITE 140,HOUSTON,TEXAS,77072,fd2ff2772ac2144bc6d363e4d1b2333d59cf4b15879ec357328ca37258423bc7,https://apps.hhs.texas.gov/providers/directories/DAHS.xlsx,2026-09-30T13:16:17.102715+00:00,2026-09-28,fedd23a0a78f1ea87bee8d2a0deed9298a4359788dce45dc5fffc8106330f414
TX_DAHS,105363,162,GOOD OLD DAYS ADULT DAYCARE LLC,DAHS,YES,NO,HARRIS,5339 EAST HAMPTON DR,HOUSTON,TX,77039,fd2ff2772ac2144bc6d363e4d1b2333d59cf4b15879ec357328ca37258423bc7,https://apps.hhs.texas.gov/providers/directories/DAHS.xlsx,2026-09-30T13:16:17.102715+00:00,2026-09-28,5539f2122a6a88af3c087e7f3a37e0b1914c39b24566043f0bd4215115cbcd12
TX_DAHS,110397,163,HANNAH'S PLACE ADULT DAY CENTER,DAHS,YES,NO,HARRIS,2612 ALMEDA PLAZA DR.,HOUSTON,TEXAS,77045,fd2ff2772ac2144bc6d363e4d1b2333d59cf4b15879ec357328ca37258423bc7,https://apps.hhs.texas.gov/providers/directories/DAHS.xlsx,2026-09-30T13:16:17.102715+00:00,2026-09-28,f2ce06599b22ad635d567261790c7d8083748e05804eb63d1203b22efd4af262
TX_DAHS,111485,164,HANNAH'S PLACE ADULT DAY CENTER,DAHS-ISS,YES,NO,HARRIS,2612 ALMEDA PLAZA DR.,HOUSTON,TEXAS,77045,fd2ff2772ac2144bc6d363e4d1b2333d59cf4b15879ec357328ca37258423bc7,https://apps.hhs.texas.gov/providers/directories/DAHS.xlsx,2026-09-30T13:16:17.102715+00:00,2026-09-28,e294fad6e7c285159cb8f985e1db6d3517767daad617afdb30ca363b07332c79
TX_DAHS,112050,165,HARMONY SENIOR CENTER,DAHS,YES,NO,HARRIS,13178 W BELLFORT AVE,HOUSTON,TX,77099,fd2ff2772ac2144bc6d363e4d1b2333d59cf4b15879ec357328ca37258423bc7,https://apps.hhs.texas.gov/providers/directories/DAHS.xlsx,2026-09-30T13:16:17.102715+00:00,2026-09-28,ba6ddc6b4bf129b7b28933a094ff523b814e0157d1092ac271ca6bb728c02476
TX_DAHS,110395,166,HORIZON ADULT DAY SERVICES,DAHS,YES,NO,HARRIS,918 ALTIC ST,HOUSTON,TEXAS,77023,fd2ff2772ac2144bc6d363e4d1b2333d59cf4b15879ec357328ca37258423bc7,https://apps.hhs.texas.gov/providers/directories/DAHS.xlsx,2026-09-30T13:16:17.102715+00:00,2026-09-28,0b53efaffe2ee5744daf3d57e6faa58dc704b9264c50d6f4fe131d124e06252b
TX_DAHS,001460,167,HOUSTON'S AMAZING PLACE  INC,DAHS,YES,NO,HARRIS,3735 DREXEL,HOUSTON,TX,77027,fd2ff2772ac2144bc6d363e4d1b2333d59cf4b15879ec357328ca37258423bc7,https://apps.hhs.texas.gov/providers/directories/DAHS.xlsx,2026-09-30T13:16:17.102715+00:00,2026-09-28,04be9fbdabc8151245a75a8891e51ad18deb827b0d29ec1c49f4178693d9c203
TX_DAHS,112079,168,"HOUSTON'S AMAZING PLACE, INC",DAHS,YES,NO,HARRIS,621 CIRCLE DEMATEL,HOUSTON,TEXAS,77094,fd2ff2772ac2144bc6d363e4d1b2333d59cf4b15879ec357328ca37258423bc7,https://apps.hhs.texas.gov/providers/directories/DAHS.xlsx,2026-09-30T13:16:17.102715+00:00,2026-09-28,70cc256d4e066ca867d6e13b85a89091df90aeb816b483448ac8bb51a581d264
TX_DAHS,111888,169,IVY SENIOR ACTIVITY CENTER LLC,DAHS,YES,NO,HARRIS,14248 BELLAIRE BLVD. STE 107,HOUSTON,TX,77083,fd2ff2772ac2144bc6d363e4d1b2333d59cf4b15879ec357328ca37258423bc7,https://apps.hhs.texas.gov/providers/directories/DAHS.xlsx,2026-09-30T13:16:17.102715+00:00,2026-09-28,2d1274cd41469adcc5b0e0dc59dc6ef9bc8a18ab986c0a2bd22a85538e1768d8
TX_DAHS,111863,170,KEPT WISHES WELLNESS CENTER LLC,DAHS,YES,NO,HARRIS,14114 HIRAM CLARKE RD STE F,HOUSTON,TEXAS,77045,fd2ff2772ac2144bc6d363e4d1b2333d59cf4b15879ec357328ca37258423bc7,https://apps.hhs.texas.gov/providers/directories/DAHS.xlsx,2026-09-30T13:16:17.102715+00:00,2026-09-28,cec05494129bb13d1ebf69b501a4bdb4313bd933b00d0e316862f63743651379
TX_DAHS,102319,171,LAC HONG ADULT DAY CARE,DAHS,YES,NO,HARRIS,6628 WILCREST DR STE A,HOUSTON,TX,77072,fd2ff2772ac2144bc6d363e4d1b2333d59cf4b15879ec357328ca37258423bc7,https://apps.hhs.texas.gov/providers/directories/DAHS.xlsx,2026-09-30T13:16:17.102715+00:00,2026-09-28,6b79fc15db1f1ad1da592c00c04e380f6975ada5db5d085665e1429edc53cf8f
TX_DAHS,110587,172,LIDO SENIOR CLUB LLC,DAHS,YES,NO,HARRIS,12800 VETERANS MEMORIAL DRIVE,HOUSTON,TX,77014,fd2ff2772ac2144bc6d363e4d1b2333d59cf4b15879ec357328ca37258423bc7,https://apps.hhs.texas.gov/providers/directories/DAHS.xlsx,2026-09-30T13:16:17.102715+00:00,2026-09-28,69de3ea7b264d62154021c2ea5c845efde39411d9602c079324b4b85d38d5df4
TX_DAHS,111413,173,LOVE & JOY REHAB ADULT DAY CARE,DAHS-ISS,YES,NO,HARRIS,4440 BENNINGTON ST,HOUSTON,TX,77016,fd2ff2772ac2144bc6d363e4d1b2333d59cf4b15879ec357328ca37258423bc7,https://apps.hhs.texas.gov/providers/directories/DAHS.xlsx,2026-09-30T13:16:17.102715+00:00,2026-09-28,d535e09bbf194d9593a88cb19edba7860c84bc4c9570f81aef4dccc1c9300c99
TX_DAHS,111621,174,MAIS SENIOR CENTER INC,DAHS,YES,NO,HARRIS,12547 GULF FWY,HOUSTON,TX,77034,fd2ff2772ac2144bc6d363e4d1b2333d59cf4b15879ec357328ca37258423bc7,https://apps.hhs.texas.gov/providers/directories/DAHS.xlsx,2026-09-30T13:16:17.102715+00:00,2026-09-28,c150e5efe30056892bce8a12f5ef8ce1a22885ba2b7afc15c1f2c1522de7e37a
TX_DAHS,111545,175,MEDXBRIGHT LLC,DAHS-ISS,YES,NO,HARRIS,6501 WESTLINE DRIVE,HOUSTON,TX,77036,fd2ff2772ac2144bc6d363e4d1b2333d59cf4b15879ec357328ca37258423bc7,https://apps.hhs.texas.gov/providers/directories/DAHS.xlsx,2026-09-30T13:16:17.102715+00:00,2026-09-28,44277f9e4cdcc29eec3818049525732b097d9abd10214dc40779c4db0ab60278
TX_DAHS,105081,176,"NEW ABILITY HEALTH CENTER, INCORPORATED",DAHS,YES,NO,HARRIS,4139 KEWANEE STREET,HOUSTON,TEXAS,77051,fd2ff2772ac2144bc6d363e4d1b2333d59cf4b15879ec357328ca37258423bc7,https://apps.hhs.texas.gov/providers/directories/DAHS.xlsx,2026-09-30T13:16:17.102715+00:00,2026-09-28,bfcb850a631c2acab158d256ae89947826460a6af210c11d222dd677f4037d0d
TX_DAHS,112070,177,NEXT2KIN LLC,DAHS-ISS,YES,NO,HARRIS,8047 ANTOINE DR.,HOUSTON,TEXAS,77088,fd2ff2772ac2144bc6d363e4d1b2333d59cf4b15879ec357328ca37258423bc7,https://apps.hhs.texas.gov/providers/directories/DAHS.xlsx,2026-09-30T13:16:17.102715+00:00,2026-09-28,a7af703a8840f5727286765898524823e63d01a528d7125ec67790b89a10b492
TX_DAHS,111318,178,NIXON ADULT DAY CENTER,DAHS-ISS,YES,NO,HARRIS,3719 LYNNFIELD,HOUSTON,TX,77016,fd2ff2772ac2144bc6d363e4d1b2333d59cf4b15879ec357328ca37258423bc7,https://apps.hhs.texas.gov/providers/directories/DAHS.xlsx,2026-09-30T13:16:17.102715+00:00,2026-09-28,ed6a5f2f45342de6206638fb2ef3482b47ec6e48914b25e9fa6f2dde01e6652e
TX_DAHS,010364,179,NIXON ADULT DAY CENTER,DAHS,YES,NO,HARRIS,3719 LYNNFIELD ST,HOUSTON,TX,77016,fd2ff2772ac2144bc6d363e4d1b2333d59cf4b15879ec357328ca37258423bc7,https://apps.hhs.texas.gov/providers/directories/DAHS.xlsx,2026-09-30T13:16:17.102715+00:00,2026-09-28,e05c096688a7694f6e4bd357af81e1cc5be1fec053ffd53b1f0b316e4a2caf11
TX_DAHS,111406,180,NORTHLINE ADULT DAYCARE,DAHS-ISS,YES,NO,HARRIS,3910 N. FREEWAY,HOUSTON,TX,77022,fd2ff2772ac2144bc6d363e4d1b2333d59cf4b15879ec357328ca37258423bc7,https://apps.hhs.texas.gov/providers/directories/DAHS.xlsx,2026-09-30T13:16:17.102715+00:00,2026-09-28,c55975ab91821d7b52619789a8e325e0602fec5a43f9c5b7b6f9968296ae6e24
TX_DAHS,101804,181,"ODYSSEY TLC ADULT DAY CENTER, INC",DAHS,YES,NO,HARRIS,220 N VISTA DR,HOUSTON,TX,77073,fd2ff2772ac2144bc6d363e4d1b2333d59cf4b15879ec357328ca37258423bc7,https://apps.hhs.texas.gov/providers/directories/DAHS.xlsx,2026-09-30T13:16:17.102715+00:00,2026-09-28,4167fa4070bbabed13bfe9c6d8b16ed761cd4b4045b4eb146b09a8c9d769ff6c
TX_DAHS,105126,182,"ODYSSEY TLC ADULT DAY CENTER, INC",DAHS,YES,NO,HARRIS,779 NORMANDY ST STE 125,HOUSTON,TX,77015,fd2ff2772ac2144bc6d363e4d1b2333d59cf4b15879ec357328ca37258423bc7,https://apps.hhs.texas.gov/providers/directories/DAHS.xlsx,2026-09-30T13:16:17.102715+00:00,2026-09-28,e2011460c96c65558ff74f018c3d83b673bec0efe92240e70eb6a04db8b6433a
TX_DAHS,111498,183,ODYSSEY TLC ADULT DAY INC,DAHS-ISS,YES,NO,HARRIS,2115 CYPRESS LANDING RD,HOUSTON,TEXAS,77090,fd2ff2772ac2144bc6d363e4d1b2333d59cf4b15879ec357328ca37258423bc7,https://apps.hhs.texas.gov/providers/directories/DAHS.xlsx,2026-09-30T13:16:17.102715+00:00,2026-09-28,839f0272ff38c3f81632c1e7d20e9a6c72579ccba04abbba2d4b552457263228
TX_DAHS,111322,184,PARADISE LANE ADULT WORKSHOP LLC,DAHS-ISS,YES,NO,HARRIS,"10503 ROCKLEY RD, SUITE 100",HOUSTON,TEXAS,77099,fd2ff2772ac2144bc6d363e4d1b2333d59cf4b15879ec357328ca37258423bc7,https://apps.hhs.texas.gov/providers/directories/DAHS.xlsx,2026-09-30T13:16:17.102715+00:00,2026-09-28,025db3a291f6ff2d33770128dd8ea28564d3ee71231ba74dbdd8cf4a48a39ac1
TX_DAHS,106723,185,SENIOR COMMUNITY CENTER,DAHS,YES,NO,HARRIS,7850 PARKWOOD CIRCLE DR.  SUITE A-1,HOUSTON,TX,77036,fd2ff2772ac2144bc6d363e4d1b2333d59cf4b15879ec357328ca37258423bc7,https://apps.hhs.texas.gov/providers/directories/DAHS.xlsx,2026-09-30T13:16:17.102715+00:00,2026-09-28,225f70782491ba41611366a7eb50992fde95cd9e6953046697e06ac4401245f6
TX_DAHS,104988,186,SENIOR SOCIAL CENTER LLC,DAHS,YES,NO,HARRIS,9347 1/2 RICHMOND AVENUE,HOUSTON,TX,77063,fd2ff2772ac2144bc6d363e4d1b2333d59cf4b15879ec357328ca37258423bc7,https://apps.hhs.texas.gov/providers/directories/DAHS.xlsx,2026-09-30T13:16:17.102715+00:00,2026-09-28,dea334b012679c334d0c07ede9410ef4f244ee99928778e797edd6a8ad75d5fd
TX_DAHS,110543,187,SILVER AGE ADULT DAY CARE LLC,DAHS,YES,NO,HARRIS,10880 BISSONNET STREET #140D,HOUSTON,TX,77099,fd2ff2772ac2144bc6d363e4d1b2333d59cf4b15879ec357328ca37258423bc7,https://apps.hhs.texas.gov/providers/directories/DAHS.xlsx,2026-09-30T13:16:17.102715+00:00,2026-09-28,44dda18c567e43b8e0553adcdb4e4a436b1a799ce513511d902fda553f4e24b3
TX_DAHS,100993,188,SOUTH TEXAS ADULT DAY ACTIVITY CENTER,DAHS,YES,NO,HARRIS,6011 TELEPHONE RD,HOUSTON,TX,77087,fd2ff2772ac2144bc6d363e4d1b2333d59cf4b15879ec357328ca37258423bc7,https://apps.hhs.texas.gov/providers/directories/DAHS.xlsx,2026-09-30T13:16:17.102715+00:00,2026-09-28,1e97a63043804d84727e9d34532698800590b897d7fe96f74780f7ad43c5ae57
TX_DAHS,111426,189,SOUTH TEXAS ADULT DAY ACTIVITY CENTER,DAHS-ISS,YES,NO,HARRIS,6011 TELEPHONE ROAD,HOUSTON,TX,77087,fd2ff2772ac2144bc6d363e4d1b2333d59cf4b15879ec357328ca37258423bc7,https://apps.hhs.texas.gov/providers/directories/DAHS.xlsx,2026-09-30T13:16:17.102715+00:00,2026-09-28,304605aac2ad33815a61beafbb901e9282460ce5da16108e5377bdadbc33b612
TX_DAHS,003343,190,SUNNYSIDE ADULT DAYCARE INC,DAHS,YES,NO,HARRIS,8423 T ALMEDA RD,HOUSTON,TX,77054,fd2ff2772ac2144bc6d363e4d1b2333d59cf4b15879ec357328ca37258423bc7,https://apps.hhs.texas.gov/providers/directories/DAHS.xlsx,2026-09-30T13:16:17.102715+00:00,2026-09-28,cd1bf6a57868eb3998ac9129fc9a4a31671122210cafa14ead94f250363a4741
TX_DAHS,106582,191,SUNRISE ADULT ACTIVITY & HEALTH CENTER  LLC,DAHS,YES,NO,HARRIS,9525 WILCREST DR,HOUSTON,TX,77099,fd2ff2772ac2144bc6d363e4d1b2333d59cf4b15879ec357328ca37258423bc7,https://apps.hhs.texas.gov/providers/directories/DAHS.xlsx,2026-09-30T13:16:17.102715+00:00,2026-09-28,83df3feac42be8d520cb7525d6305a5c0d43dcfbe510c01e62cf8f0ad5a168c2
TX_DAHS,003210,192,THE LIGHTHOUSE OF HOUSTON,DAHS,YES,NO,HARRIS,3602 WEST DALLAS,HOUSTON,TX,77019,fd2ff2772ac2144bc6d363e4d1b2333d59cf4b15879ec357328ca37258423bc7,https://apps.hhs.texas.gov/providers/directories/DAHS.xlsx,2026-09-30T13:16:17.102715+00:00,2026-09-28,f93d5a92ee1338fd89e7716dc431c92453d6b33964bbc271e520ef71fd642fa1
TX_DAHS,003052,193,WHEN I GROW UP ADULT DAYCARE,DAHS,YES,NO,HARRIS,5331 W OREM,HOUSTON,TX,77045,fd2ff2772ac2144bc6d363e4d1b2333d59cf4b15879ec357328ca37258423bc7,https://apps.hhs.texas.gov/providers/directories/DAHS.xlsx,2026-09-30T13:16:17.102715+00:00,2026-09-28,926610316447c8b96bf7463c3b3b4337adb8dd1fb1219593f5a721b7b4ac069e
TX_DAHS,102919,194,"WORLD SENIOR SERVICE, INC",DAHS,YES,NO,HARRIS,5850 RANCHESTER STE 268,HOUSTON,TX,77036,fd2ff2772ac2144bc6d363e4d1b2333d59cf4b15879ec357328ca37258423bc7,https://apps.hhs.texas.gov/providers/directories/DAHS.xlsx,2026-09-30T13:16:17.102715+00:00,2026-09-28,25937fdbaac5579fc57adb584cbc1e4fcfef681fc5aef8b0feeaebf917a7015c
TX_DAHS,102636,195,SARAH CARE ADULT DAY SERVICES,DAHS,YES,NO,HARRIS,23972 HIGHWAY 59 NORTH,KINGWOOD,TX,77339,fd2ff2772ac2144bc6d363e4d1b2333d59cf4b15879ec357328ca37258423bc7,https://apps.hhs.texas.gov/providers/directories/DAHS.xlsx,2026-09-30T13:16:17.102715+00:00,2026-09-28,4889408d0c089563cb80f5db9daed1efe7bbaa58baee1a34ecfb686283921faa
TX_DAHS,003270,196,DIAS FELICES ADULT DAY CARE,DAHS,YES,NO,HIDALGO,1039 W FRONTAGE RD STE I,ALAMO,TX,78516-2300,fd2ff2772ac2144bc6d363e4d1b2333d59cf4b15879ec357328ca37258423bc7,https://apps.hhs.texas.gov/providers/directories/DAHS.xlsx,2026-09-30T13:16:17.102715+00:00,2026-09-28,6163909abc69ee9d2ba125dff1b838c36da4d239f135d08f4c89362e50013115
TX_DAHS,106816,197,LA MORADA ADULT DAYCARE LLC,DAHS,YES,NO,HIDALGO,1040 W ELLIS # 3716,ALAMO,TX,78516,fd2ff2772ac2144bc6d363e4d1b2333d59cf4b15879ec357328ca37258423bc7,https://apps.hhs.texas.gov/providers/directories/DAHS.xlsx,2026-09-30T13:16:17.102715+00:00,2026-09-28,4f28b0fa7ae1e1b63c11b7191072b4827f0d5c6b786f8aa4f0ad43bf6da56711
TX_DAHS,003084,198,CASA DE AMIGOS ADULT DAY SERVICES LLC,DAHS,YES,NO,HIDALGO,118 N STEWART BLVD,ALTON,TEXAS,78573,fd2ff2772ac2144bc6d363e4d1b2333d59cf4b15879ec357328ca37258423bc7,https://apps.hhs.texas.gov/providers/directories/DAHS.xlsx,2026-09-30T13:16:17.102715+00:00,2026-09-28,4c2af5f644a7afd6ca8c0c63be3866e9b1d9ee2ac66185e3ed3e0a8f4fd333a7
TX_DAHS,104735,199,MI HERMOSO VALLE ADULT DAY CARE LLC,DAHS,YES,NO,HIDALGO,3103 E MAIN,ALTON,TX,78573,fd2ff2772ac2144bc6d363e4d1b2333d59cf4b15879ec357328ca37258423bc7,https://apps.hhs.texas.gov/providers/directories/DAHS.xlsx,2026-09-30T13:16:17.102715+00:00,2026-09-28,46be44a53b509d40e1939837490ec66c7882a13a5649453e06569939012c2cbb
TX_DAHS,110603,200,EL CIELO ADULT DAY CARE,DAHS,YES,NO,HIDALGO,216 S. MAIN ST,DONNA,TX,78537,fd2ff2772ac2144bc6d363e4d1b2333d59cf4b15879ec357328ca37258423bc7,https://apps.hhs.texas.gov/providers/directories/DAHS.xlsx,2026-09-30T13:16:17.102715+00:00,2026-09-28,706ddca1e4fa94b9136a72d5ce862247af67c0d594fb46331705e946ce7f032d
TX_DAHS,106017,201,EL CLUB ADULT DAY CARE 2,DAHS,YES,NO,HIDALGO,2803 E BUSINESS 83,DONNA,TX,78537,fd2ff2772ac2144bc6d363e4d1b2333d59cf4b15879ec357328ca37258423bc7,https://apps.hhs.texas.gov/providers/directories/DAHS.xlsx,2026-09-30T13:16:17.102715+00:00,2026-09-28,b3461d41c09dde8943ade439a3d7bcc88481a67fee904cef911ca9f19fc5d901
TX_DAHS,003295,202,EL RECREO ADULT DAY CARE I I,DAHS,YES,NO,HIDALGO,227 S 8TH,DONNA,TX,78537,fd2ff2772ac2144bc6d363e4d1b2333d59cf4b15879ec357328ca37258423bc7,https://apps.hhs.texas.gov/providers/directories/DAHS.xlsx,2026-09-30T13:16:17.102715+00:00,2026-09-28,da55b6a6cf21aa076680786b0a1aa7965b0912e05637f151fc5aa2d906453d09
TX_DAHS,104592,203,FUENTE DE JUVENTUD ADULT DAY CARE #2,DAHS,YES,NO,HIDALGO,2008 REDSKIN AVE,DONNA,TX,78537,fd2ff2772ac2144bc6d363e4d1b2333d59cf4b15879ec357328ca37258423bc7,https://apps.hhs.texas.gov/providers/directories/DAHS.xlsx,2026-09-30T13:16:17.102715+00:00,2026-09-28,1b41edffffb33a2eae8c469ce1de93371d064ee778de834ed56a873ca1ef20b6
TX_DAHS,003438,204,DULCE CARICIAS ADULT DAY CARE #2,DAHS,YES,NO,HIDALGO,308 W SANTA ROSA AVE,EDCOUCH,TX,78538,fd2ff2772ac2144bc6d363e4d1b2333d59cf4b15879ec357328ca37258423bc7,https://apps.hhs.texas.gov/providers/directories/DAHS.xlsx,2026-09-30T13:16:17.102715+00:00,2026-09-28,937b89394b5ef63225ee2da507a61a0b9b8074ea137b224dfb6d8e76176d0395
TX_DAHS,003355,205,MIRASOLES ADULT DAY CARE III,DAHS,YES,NO,HIDALGO,401 W SANTA ROSA AVENUE,EDCOUCH,TX,78538,fd2ff2772ac2144bc6d363e4d1b2333d59cf4b15879ec357328ca37258423bc7,https://apps.hhs.texas.gov/providers/directories/DAHS.xlsx,2026-09-30T13:16:17.102715+00:00,2026-09-28,d384f25eeb98b35eb2e75e0c58752d19694ecfcd1620e79fe780495d2dff3de7
TX_DAHS,110171,206,AGAPE ADULT DAYCARE,DAHS,YES,NO,HIDALGO,1212 S RAUL LONGORIA,EDINBURG,TEXAS,78542,fd2ff2772ac2144bc6d363e4d1b2333d59cf4b15879ec357328ca37258423bc7,https://apps.hhs.texas.gov/providers/directories/DAHS.xlsx,2026-09-30T13:16:17.102715+00:00,2026-09-28,bfd4d51fef9ee1571d404efcf76bd5066e4c6d49ee64279beceb417d65c5acd4
TX_DAHS,110608,207,AMBER LOVE ADULT DAY CARE CENTER,DAHS,YES,NO,HIDALGO,615 E CANO ST,EDINBURG,TEXAS,78539,fd2ff2772ac2144bc6d363e4d1b2333d59cf4b15879ec357328ca37258423bc7,https://apps.hhs.texas.gov/providers/directories/DAHS.xlsx,2026-09-30T13:16:17.102715+00:00,2026-09-28,88538191787350de1636a30e57aaa2ab8ea2c609bdf67a2f37ecbda74478d120
TX_DAHS,112177,208,CORAZONES DIVINOS HEALTHCARE LLC,DAHS,YES,NO,HIDALGO,"3400 SOUTH SUGAR ROAD, SUITE 1",EDINBURG,TX,78539,fd2ff2772ac2144bc6d363e4d1b2333d59cf4b15879ec357328ca37258423bc7,https://apps.hhs.texas.gov/providers/directories/DAHS.xlsx,2026-09-30T13:16:17.102715+00:00,2026-09-28,66dc093e89b91edb3da5900d39ba9c69015039677586d642d1940e3660488f4f
TX_DAHS,104584,209,EL CENTRO ADULT DAY CARE CENTER,DAHS,YES,NO,HIDALGO,8463 E. HIGHWAY 107 SUITE B,EDINBURG,TX,78542,fd2ff2772ac2144bc6d363e4d1b2333d59cf4b15879ec357328ca37258423bc7,https://apps.hhs.texas.gov/providers/directories/DAHS.xlsx,2026-09-30T13:16:17.102715+00:00,2026-09-28,d55cffed30dcd62a23bb44b4cfc84a75984f9d70de840eeba2b67b5b15754b0e
TX_DAHS,104325,210,ELIAZAR RODRIGUEZ DBA LA PALMA #2 ADULT DAY CARE,DAHS,YES,NO,HIDALGO,1215 SOUTH EXPRESSWAY 281,EDINBURG,TX,78541,fd2ff2772ac2144bc6d363e4d1b2333d59cf4b15879ec357328ca37258423bc7,https://apps.hhs.texas.gov/providers/directories/DAHS.xlsx,2026-09-30T13:16:17.102715+00:00,2026-09-28,0c0f724ca350325ebb001867ed613fd438cb3e741bc7a6ffaa311f690fd79397
TX_DAHS,112116,211,"FUENTES DE ALEGRIA, LLC",DAHS,YES,NO,HIDALGO,2510 W. FREDDY GONZALEZ,EDINBURG,TX,78539,fd2ff2772ac2144bc6d363e4d1b2333d59cf4b15879ec357328ca37258423bc7,https://apps.hhs.texas.gov/providers/directories/DAHS.xlsx,2026-09-30T13:16:17.102715+00:00,2026-09-28,4f45c1060b8ca1f264367474c884b4f826cd9e029c2011f7caa2d2eb3d6f999d
TX_DAHS,105117,212,GUARDIAN ANGEL ADULT DAY CARE,DAHS,YES,NO,HIDALGO,3415 W UNIVERSITY DR,EDINBURG,TX,78541,fd2ff2772ac2144bc6d363e4d1b2333d59cf4b15879ec357328ca37258423bc7,https://apps.hhs.texas.gov/providers/directories/DAHS.xlsx,2026-09-30T13:16:17.102715+00:00,2026-09-28,325dd087bbb4c8383ae95327cc1de118e2cfd3113d50e25a0b66073428400e4b
TX_DAHS,101481,213,LOVING TOUCH ADULT DAYCARE,DAHS,YES,NO,HIDALGO,1206 E UNIVERSITY DR,EDINBURG,TX,78539,fd2ff2772ac2144bc6d363e4d1b2333d59cf4b15879ec357328ca37258423bc7,https://apps.hhs.texas.gov/providers/directories/DAHS.xlsx,2026-09-30T13:16:17.102715+00:00,2026-09-28,886f375bbba4e56eec77638fdaa66370845a0990bfe69bf9eb1b5e09dcd1c331
TX_DAHS,003404,214,MI PUEBLITO ADULT DAY CARE,DAHS,YES,NO,HIDALGO,1405 N EXPY 281,EDINBURG,TX,78542,fd2ff2772ac2144bc6d363e4d1b2333d59cf4b15879ec357328ca37258423bc7,https://apps.hhs.texas.gov/providers/directories/DAHS.xlsx,2026-09-30T13:16:17.102715+00:00,2026-09-28,539b6418ffe74e00c4582a26793952609ba29f365f290c59189f921c2b7146e8
TX_DAHS,003253,215,MIS AMIGOS ADULT DAY CARE CENTER,DAHS,YES,NO,HIDALGO,815 N CLOSNER STE B,EDINBURG,TX,78541,fd2ff2772ac2144bc6d363e4d1b2333d59cf4b15879ec357328ca37258423bc7,https://apps.hhs.texas.gov/providers/directories/DAHS.xlsx,2026-09-30T13:16:17.102715+00:00,2026-09-28,2f23b2b05f148811d83ef3bfe034d91d4763caa2198f67354f3e5bdbea7ab7dd
TX_DAHS,101282,216,NEW AGE ADULT DAY CARE,DAHS,YES,NO,HIDALGO,2701 CORNERSTONE BLVD,EDINBURG,TX,78539,fd2ff2772ac2144bc6d363e4d1b2333d59cf4b15879ec357328ca37258423bc7,https://apps.hhs.texas.gov/providers/directories/DAHS.xlsx,2026-09-30T13:16:17.102715+00:00,2026-09-28,f2b7560e54f70f9a6b40b7aba9647f371334a68c1494327309f3afe09184bea0
TX_DAHS,003369,217,PRIDE AND JOY ADULT DAY CARE CENTER,DAHS,YES,NO,HIDALGO,304 E CANO ST,EDINBURG,TX,78539,fd2ff2772ac2144bc6d363e4d1b2333d59cf4b15879ec357328ca37258423bc7,https://apps.hhs.texas.gov/providers/directories/DAHS.xlsx,2026-09-30T13:16:17.102715+00:00,2026-09-28,4c3f5e7e6c788fe98b3bb8546b82ea8e9d614680661a1c733ec9f22bdd92fa21
TX_DAHS,101295,218,SANTA CRUZ DAY CARE  EDINBURG,DAHS,YES,NO,HIDALGO,2015 E UNIVERSITY DR,EDINBURG,TX,78539,fd2ff2772ac2144bc6d363e4d1b2333d59cf4b15879ec357328ca37258423bc7,https://apps.hhs.texas.gov/providers/directories/DAHS.xlsx,2026-09-30T13:16:17.102715+00:00,2026-09-28,04526fd29ed15270592dbb529607c08621315348fb634c41b4657a72e531b040
TX_DAHS,111825,219,THE LADYBUG ADULT DAY CARE LLC,DAHS,YES,NO,HIDALGO,1200 W. MONTE CRISTO,EDINBURG,TEXAS,78541,fd2ff2772ac2144bc6d363e4d1b2333d59cf4b15879ec357328ca37258423bc7,https://apps.hhs.texas.gov/providers/directories/DAHS.xlsx,2026-09-30T13:16:17.102715+00:00,2026-09-28,243f4ed0d24cff1d6f2cda6f0999ec5b922363578bc3591de94372877554dfc5
TX_DAHS,106974,220,UN RINCONCITO EN EL CIELO ADULT DAY CARE LLC,DAHS,YES,NO,HIDALGO,3204 N SUGAR RD,EDINBURG,TX,78541,fd2ff2772ac2144bc6d363e4d1b2333d59cf4b15879ec357328ca37258423bc7,https://apps.hhs.texas.gov/providers/directories/DAHS.xlsx,2026-09-30T13:16:17.102715+00:00,2026-09-28,72067cebce95217a6d1332b51066d97f416b95e003391127128fc4f6449071cf
TX_DAHS,101718,221,"VIDA HEALTH CARE, INC",DAHS,YES,NO,HIDALGO,2024 W. UNIVERSITY,EDINBURG,TX,78539,fd2ff2772ac2144bc6d363e4d1b2333d59cf4b15879ec357328ca37258423bc7,https://apps.hhs.texas.gov/providers/directories/DAHS.xlsx,2026-09-30T13:16:17.102715+00:00,2026-09-28,69bc5191277bd4ec4b7bcec8f432f88d4edcd8fa0742f948e07226ecc370ad53
TX_DAHS,111943,222,VIVA DAHS LLC,DAHS,YES,NO,HIDALGO,913 E SCHUNIOR ST,EDINBURG,TEXAS,78541,fd2ff2772ac2144bc6d363e4d1b2333d59cf4b15879ec357328ca37258423bc7,https://apps.hhs.texas.gov/providers/directories/DAHS.xlsx,2026-09-30T13:16:17.102715+00:00,2026-09-28,688c6a473685d1027bef97f7975072196f49d759986f5c32ee9cbb0724dbcb69
TX_DAHS,111850,223,BESOS Y CARICIAS ADULT DAYCARE II,DAHS,YES,NO,HIDALGO,305 N BROADWAY,ELSA,TX,78543,fd2ff2772ac2144bc6d363e4d1b2333d59cf4b15879ec357328ca37258423bc7,https://apps.hhs.texas.gov/providers/directories/DAHS.xlsx,2026-09-30T13:16:17.102715+00:00,2026-09-28,978321bc86ccddfccff708a1689d32979d16ab8cc1bcb2498e450deab7cd8868
TX_DAHS,110540,224,LA PALMA ADULT DAY CARE,DAHS,YES,NO,HIDALGO,"610 N. BROADWAY, STE A",ELSA,TEXAS,78543,fd2ff2772ac2144bc6d363e4d1b2333d59cf4b15879ec357328ca37258423bc7,https://apps.hhs.texas.gov/providers/directories/DAHS.xlsx,2026-09-30T13:16:17.102715+00:00,2026-09-28,d0c72bc0fc30da5714f2804a94256bb2fd555902a12687713d7827f99423973f
TX_DAHS,003312,225,SANTA CRUZ DAY CARE FOR ADULTS LLC,DAHS,YES,NO,HIDALGO,834 PALM DR,ELSA,TX,78543,fd2ff2772ac2144bc6d363e4d1b2333d59cf4b15879ec357328ca37258423bc7,https://apps.hhs.texas.gov/providers/directories/DAHS.xlsx,2026-09-30T13:16:17.102715+00:00,2026-09-28,c341bb9c011a35b4038cd21b479b259ef222c0fcacf6b1099d9386d6badb1f27
TX_DAHS,111615,226,DIAS DE ALEGRIA ADC,DAHS,YES,NO,HIDALGO,604 RAMON AYALA DR,HIDALGO,TX,78557,fd2ff2772ac2144bc6d363e4d1b2333d59cf4b15879ec357328ca37258423bc7,https://apps.hhs.texas.gov/providers/directories/DAHS.xlsx,2026-09-30T13:16:17.102715+00:00,2026-09-28,4375de5288dbc485feb669ca91a86577b2bb40fa5929b31343b4ff36182f6b04
TX_DAHS,003251,227,SOUTH TEXAS ELDERLY SERVICES INC,DAHS,YES,NO,HIDALGO,500 E RAMON AYALA DRIVE,HIDALGO,TX,78557,fd2ff2772ac2144bc6d363e4d1b2333d59cf4b15879ec357328ca37258423bc7,https://apps.hhs.texas.gov/providers/directories/DAHS.xlsx,2026-09-30T13:16:17.102715+00:00,2026-09-28,9ef60ac6d940b52d612049419ca11aa4dff0c23bc8fc724dd1e8900a3f182726
TX_DAHS,112159,228,AMOR Y VIDA ADULT DAY CARE,DAHS-ISS,YES,NO,HIDALGO,13600 EAST HWY 107 STE 8 & 9,LA BLANCA,TEXAS,78558,fd2ff2772ac2144bc6d363e4d1b2333d59cf4b15879ec357328ca37258423bc7,https://apps.hhs.texas.gov/providers/directories/DAHS.xlsx,2026-09-30T13:16:17.102715+00:00,2026-09-28,c5e3817094d30ec07d6078091be30902d2b25dbc7134ec5ca16be62932db60ef
TX_DAHS,010361,229,MI NUEVO MUNDO ADULT DAY CARE,DAHS,YES,NO,HIDALGO,220 WEST 1ST STREET,LA JOYA,TX,78560,fd2ff2772ac2144bc6d363e4d1b2333d59cf4b15879ec357328ca37258423bc7,https://apps.hhs.texas.gov/providers/directories/DAHS.xlsx,2026-09-30T13:16:17.102715+00:00,2026-09-28,ba0ec56838c0d338b3d2c173799ed9ffd73aa547ba4a7e2c806e8b0f7d8f2714
TX_DAHS,111599,230,MI RANCHITO ADULT DAY CARE LLC,DAHS,YES,NO,HIDALGO,828 E EXPRESSWAY 83,LA JOYA,TEXAS,78560,fd2ff2772ac2144bc6d363e4d1b2333d59cf4b15879ec357328ca37258423bc7,https://apps.hhs.texas.gov/providers/directories/DAHS.xlsx,2026-09-30T13:16:17.102715+00:00,2026-09-28,9a5f4cf9577806d772fc3a2f9de8f59e636490d4cfcde8f4fc896f9458dc543d
TX_DAHS,103248,231,ABRAZOS ADULT CENTERS LLC,DAHS,YES,NO,HIDALGO,1117  E. DALLAS,MCALLEN,TX,78501,fd2ff2772ac2144bc6d363e4d1b2333d59cf4b15879ec357328ca37258423bc7,https://apps.hhs.texas.gov/providers/directories/DAHS.xlsx,2026-09-30T13:16:17.102715+00:00,2026-09-28,f0cb95393691e0ad6a3e068fb782bc727bd7e702ee8986e4a7f2e9de9670f96c
TX_DAHS,111955,232,BELLA VIDA ADULT DAY CARE,DAHS,YES,NO,HIDALGO,2214 N. 10TH. ST.,MCALLEN,TEXAS,78501,fd2ff2772ac2144bc6d363e4d1b2333d59cf4b15879ec357328ca37258423bc7,https://apps.hhs.texas.gov/providers/directories/DAHS.xlsx,2026-09-30T13:16:17.102715+00:00,2026-09-28,df0d2e27ae75cdc7f3f78a6cb1765d5ac5c1f80d784a3e86fc0c0bc4bc456c09
TX_DAHS,003425,233,CIELITO LINDO ADULT DAY CARE,DAHS,YES,NO,HIDALGO,9717 N 10TH ST,MCALLEN,TX,78504,fd2ff2772ac2144bc6d363e4d1b2333d59cf4b15879ec357328ca37258423bc7,https://apps.hhs.texas.gov/providers/directories/DAHS.xlsx,2026-09-30T13:16:17.102715+00:00,2026-09-28,25f586fb5f5afff70f27e36bbf9c46cde21767dfba91ead484ee0d67ba0c7f7f
TX_DAHS,111340,234,"DEL NORTE LEARNING CENTER, INC",DAHS-ISS,YES,NO,HIDALGO,3221 N 38TH ST.,MCALLEN,TEXAS,78501,fd2ff2772ac2144bc6d363e4d1b2333d59cf4b15879ec357328ca37258423bc7,https://apps.hhs.texas.gov/providers/directories/DAHS.xlsx,2026-09-30T13:16:17.102715+00:00,2026-09-28,aa77177071c39f8ee82e876f50a12070da8312a2461b11ace6b93a406c4c32f9
TX_DAHS,103562,235,"DEL NORTE LEARNING CENTER, INC",DAHS,YES,NO,HIDALGO,3221 N 38TH ST,MCALLEN,TX,78501,fd2ff2772ac2144bc6d363e4d1b2333d59cf4b15879ec357328ca37258423bc7,https://apps.hhs.texas.gov/providers/directories/DAHS.xlsx,2026-09-30T13:16:17.102715+00:00,2026-09-28,bbdb586107a7befcefe300fa9853df213ada3c449620cdead91283c185ee9caf
TX_DAHS,102157,236,EL CASTILLO ADULT DAY CARE,DAHS,YES,NO,HIDALGO,407 S 12TH ST,MCALLEN,TX,78501,fd2ff2772ac2144bc6d363e4d1b2333d59cf4b15879ec357328ca37258423bc7,https://apps.hhs.texas.gov/providers/directories/DAHS.xlsx,2026-09-30T13:16:17.102715+00:00,2026-09-28,9f6233509f1ba75ecaa5355c0791c5146bcbaaed118e6a886643a1c32f9b81ad
TX_DAHS,111971,237,"LA POSADA ADULT DAY CARE CENTER, INC",DAHS,YES,NO,HIDALGO,5001 PECAN BLVD. SUITE#140,MCALLEN,TX,78501,fd2ff2772ac2144bc6d363e4d1b2333d59cf4b15879ec357328ca37258423bc7,https://apps.hhs.texas.gov/providers/directories/DAHS.xlsx,2026-09-30T13:16:17.102715+00:00,2026-09-28,aafa7bc50e6e12c925666bf6243dae1e1e21e5a852ee8d9e2163633069ae7af8
TX_DAHS,003066,238,LA VICTORIA ADULT DAY CARE CENTER,DAHS,YES,NO,HIDALGO,420 S BROADWAY,MCALLEN,TX,78501,fd2ff2772ac2144bc6d363e4d1b2333d59cf4b15879ec357328ca37258423bc7,https://apps.hhs.texas.gov/providers/directories/DAHS.xlsx,2026-09-30T13:16:17.102715+00:00,2026-09-28,712efe9e500285b97db2bb0bd76325aec457880eaf15f1cc42f0b69678af0685
TX_DAHS,102854,239,LINDOS MOMENTOS ADULT DAY CARE,DAHS,YES,NO,HIDALGO,2514 BUDDY OWENS AVE.,MCALLEN,TX,78504,fd2ff2772ac2144bc6d363e4d1b2333d59cf4b15879ec357328ca37258423bc7,https://apps.hhs.texas.gov/providers/directories/DAHS.xlsx,2026-09-30T13:16:17.102715+00:00,2026-09-28,39ac25606725266ba907a8096528f0228ea3d7324cceddcb1d87d54d8377fa3e
TX_DAHS,112076,240,NEW LIFE ADULT DAY CARE 4,DAHS,YES,NO,HIDALGO,4513 W BUSINESS HIGHWAY 83,MCALLEN,TX,78501,fd2ff2772ac2144bc6d363e4d1b2333d59cf4b15879ec357328ca37258423bc7,https://apps.hhs.texas.gov/providers/directories/DAHS.xlsx,2026-09-30T13:16:17.102715+00:00,2026-09-28,3b92c00c41564f56e66f460e2abbef7e68070db3c7a1151e50a0002aee988fc9
TX_DAHS,111986,241,PASEO DE ANGELITOS ADULT DAY CARE CENTER,DAHS,YES,NO,HIDALGO,3612 SH 107  SUITE# 210-250,MCALLEN,TX,78504,fd2ff2772ac2144bc6d363e4d1b2333d59cf4b15879ec357328ca37258423bc7,https://apps.hhs.texas.gov/providers/directories/DAHS.xlsx,2026-09-30T13:16:17.102715+00:00,2026-09-28,617a0e37b40eff502bd93aa0ee863e1480bb04b43efea9e548e5a3249319c365
TX_DAHS,104829,242,BESOS Y CARICIAS ADULT DAY CARE III LLC,DAHS,YES,NO,HIDALGO,520 W. 2ND ST.,MERCEDES,TX,78570,fd2ff2772ac2144bc6d363e4d1b2333d59cf4b15879ec357328ca37258423bc7,https://apps.hhs.texas.gov/providers/directories/DAHS.xlsx,2026-09-30T13:16:17.102715+00:00,2026-09-28,ec482de5af3f94aff7f025e755a7099e402ff44458b354b741ffb94ec3a4c3f3
TX_DAHS,112161,243,"SIEMPRE UNIDOS ADULT DAY CARE, LLC",DAHS,YES,NO,HIDALGO,157 N TEXAS AVE,MERCEDES,TEXAS,78570,fd2ff2772ac2144bc6d363e4d1b2333d59cf4b15879ec357328ca37258423bc7,https://apps.hhs.texas.gov/providers/directories/DAHS.xlsx,2026-09-30T13:16:17.102715+00:00,2026-09-28,c96dcc321d1a2da4a31bf55cdb8138012cb84a169bc8acf1da8d290647eb63b3
TX_DAHS,104462,244,TIGRES ADULT DAY CARE LLC,DAHS,YES,NO,HIDALGO,950 S MISSOURI AVE,MERCEDES,TX,78570,fd2ff2772ac2144bc6d363e4d1b2333d59cf4b15879ec357328ca37258423bc7,https://apps.hhs.texas.gov/providers/directories/DAHS.xlsx,2026-09-30T13:16:17.102715+00:00,2026-09-28,0ceb09142881c959b59abbbfcf4ef3bf52b5026b9c958e5e05432aaf7212c9f6
TX_DAHS,104377,245,ANGEL MIO ADULT DAY CARE LLC,DAHS,YES,NO,HIDALGO,1619 N LA HOMA RD,MISSION,TX,78573,fd2ff2772ac2144bc6d363e4d1b2333d59cf4b15879ec357328ca37258423bc7,https://apps.hhs.texas.gov/providers/directories/DAHS.xlsx,2026-09-30T13:16:17.102715+00:00,2026-09-28,d012a59d2c940e52633f3d2e9b416a8555409e337165ebe138d50c91d708acc6
TX_DAHS,110259,246,"ANGELES ADULT DAY CARE, LLC",DAHS,YES,NO,HIDALGO,4100 W 3 MILE ROAD STE 12,MISSION,TEXAS,78574,fd2ff2772ac2144bc6d363e4d1b2333d59cf4b15879ec357328ca37258423bc7,https://apps.hhs.texas.gov/providers/directories/DAHS.xlsx,2026-09-30T13:16:17.102715+00:00,2026-09-28,76bec296720dfe7bb0f349b2e59f074b7e631628a33a5eed20f51c252e1a3d46
TX_DAHS,111496,247,CASA AZUL ADULT DAY CARE LLC,DAHS,YES,NO,HIDALGO,2109 W. MILE 3 RD. UNIT 11-13,MISSION,TX,78573,fd2ff2772ac2144bc6d363e4d1b2333d59cf4b15879ec357328ca37258423bc7,https://apps.hhs.texas.gov/providers/directories/DAHS.xlsx,2026-09-30T13:16:17.102715+00:00,2026-09-28,ec58d10a8e5e2806c6c600b67764f6011bdd15adda9d6bf957ba87deeaa5e8a9
TX_DAHS,102142,248,CENTRO DE BUENA VIDA ADULT DAY CARE,DAHS,YES,NO,HIDALGO,2517 E GRIFFIN PKWY,MISSION,TX,78572,fd2ff2772ac2144bc6d363e4d1b2333d59cf4b15879ec357328ca37258423bc7,https://apps.hhs.texas.gov/providers/directories/DAHS.xlsx,2026-09-30T13:16:17.102715+00:00,2026-09-28,158053d4816f8d487fa285a845d88dd57efeeb6a29044068d314167467866734
TX_DAHS,001535,249,CIELITO LINDO ADULT DAY CARE #2,DAHS,YES,NO,HIDALGO,8012 W EXPY 83,MISSION,TX,78572,fd2ff2772ac2144bc6d363e4d1b2333d59cf4b15879ec357328ca37258423bc7,https://apps.hhs.texas.gov/providers/directories/DAHS.xlsx,2026-09-30T13:16:17.102715+00:00,2026-09-28,e2e39ae5abf73e66047bb9a7bd60be9d3cfa5ed4837e3e9109a16fb5ce815229
TX_DAHS,103689,250,"CORAZON CON CORAZON ADULT DAY CARE, LLC",DAHS,YES,NO,HIDALGO,1300 S BRYAN RD STE 103,MISSION,TX,78572,fd2ff2772ac2144bc6d363e4d1b2333d59cf4b15879ec357328ca37258423bc7,https://apps.hhs.texas.gov/providers/directories/DAHS.xlsx,2026-09-30T13:16:17.102715+00:00,2026-09-28,13ae9b8f49f81523502de36b8a01da3ab9cbdfbc427d8d7dce5737cd097eb67e
TX_DAHS,105879,251,EL RANCHO ADULT DAY CARE,DAHS,YES,NO,HIDALGO,1905 W 3 MILE RD SUITE 1600 & 1700,MISSION,TX,78573,fd2ff2772ac2144bc6d363e4d1b2333d59cf4b15879ec357328ca37258423bc7,https://apps.hhs.texas.gov/providers/directories/DAHS.xlsx,2026-09-30T13:16:17.102715+00:00,2026-09-28,e0e3e20493930671abbf2ac666de92b4155b7ad8dc78d0997354b31d588446d9
TX_DAHS,111990,252,EL RANCHO ADULT DAY CARE  2,DAHS,YES,NO,HIDALGO,5504 W 3 MILE RD,MISSION,TEXAS,78573,fd2ff2772ac2144bc6d363e4d1b2333d59cf4b15879ec357328ca37258423bc7,https://apps.hhs.texas.gov/providers/directories/DAHS.xlsx,2026-09-30T13:16:17.102715+00:00,2026-09-28,9ca44271abe35acfbb4d784ad5277a4b87788febb9b01fc839b1d6ccf9454d16
TX_DAHS,103568,253,EL SENDERO ADULT DAY CARE LLC,DAHS,YES,NO,HIDALGO,7302 W MILE 7 RD,MISSION,TX,78574,fd2ff2772ac2144bc6d363e4d1b2333d59cf4b15879ec357328ca37258423bc7,https://apps.hhs.texas.gov/providers/directories/DAHS.xlsx,2026-09-30T13:16:17.102715+00:00,2026-09-28,92bbdfa73677773c9f13bb92b32493e57ba737a6103be20d690683619f070e21
TX_DAHS,103144,254,EMMANUEL ADULT DAY CARE,DAHS,YES,NO,HIDALGO,1312 OBLATE AVE,MISSION,TX,78572,fd2ff2772ac2144bc6d363e4d1b2333d59cf4b15879ec357328ca37258423bc7,https://apps.hhs.texas.gov/providers/directories/DAHS.xlsx,2026-09-30T13:16:17.102715+00:00,2026-09-28,1f95758de73d1fa8ecb3097ec6cadd71288b8885dfd94c17d8c8ae830d8482a7
TX_DAHS,110584,255,EPOCA DE ORO ADULT DAY CARE,DAHS,YES,NO,HIDALGO,"923 W BUSINESS 83, SUITE 100",MISSION,TEXAS,78572,fd2ff2772ac2144bc6d363e4d1b2333d59cf4b15879ec357328ca37258423bc7,https://apps.hhs.texas.gov/providers/directories/DAHS.xlsx,2026-09-30T13:16:17.102715+00:00,2026-09-28,4bbd455a372f617ed174bc6d2043e01ad98317729e5aa8334794ad2d0393f5cd
TX_DAHS,112025,256,EXPERT ADULT DAY CARE CENTER INC,DAHS,YES,NO,HIDALGO,2110 E. GRIFFIN PARKWAY,MISSION,TX,78572-3225,fd2ff2772ac2144bc6d363e4d1b2333d59cf4b15879ec357328ca37258423bc7,https://apps.hhs.texas.gov/providers/directories/DAHS.xlsx,2026-09-30T13:16:17.102715+00:00,2026-09-28,336cf81c4bec6ff0a4e1856f6a52913e90aafc449efc531da6bf506730d1fde1
TX_DAHS,111325,257,HOME AWAY FROM HOME ADULT DAY CARE,DAHS,YES,NO,HIDALGO,1005 W. BUS. HWY 83,MISSION,TX,78572,fd2ff2772ac2144bc6d363e4d1b2333d59cf4b15879ec357328ca37258423bc7,https://apps.hhs.texas.gov/providers/directories/DAHS.xlsx,2026-09-30T13:16:17.102715+00:00,2026-09-28,a8e1d38ae0efe0f998a8a4c1621edaff2d1ffdcb48b5e8d4ca234ee897b65e9c
TX_DAHS,104974,258,"LIBERTAD ADULT DAY CARE, LLC",DAHS,YES,NO,HIDALGO,7218 W IH 2,MISSION,TX,78572,fd2ff2772ac2144bc6d363e4d1b2333d59cf4b15879ec357328ca37258423bc7,https://apps.hhs.texas.gov/providers/directories/DAHS.xlsx,2026-09-30T13:16:17.102715+00:00,2026-09-28,b30716c4daa1e69c54d5d2bde635ca90b516a10e1755fb16dafbebdd10adc8b5
TX_DAHS,106951,259,LOS PRIMITOS ADULT DAY CARE LLC,DAHS,YES,NO,HIDALGO,2605 W MILE 5 RD,MISSION,TX,78574,fd2ff2772ac2144bc6d363e4d1b2333d59cf4b15879ec357328ca37258423bc7,https://apps.hhs.texas.gov/providers/directories/DAHS.xlsx,2026-09-30T13:16:17.102715+00:00,2026-09-28,1dc36de758c3c772a8b69e5a0724755824e2dcd91c25436e8158d97af23c5999
TX_DAHS,003071,260,MI CASA ADULT DAY CARE INC,DAHS,YES,NO,HIDALGO,2017 E GRIFFIN PKWY,MISSION,TX,78574,fd2ff2772ac2144bc6d363e4d1b2333d59cf4b15879ec357328ca37258423bc7,https://apps.hhs.texas.gov/providers/directories/DAHS.xlsx,2026-09-30T13:16:17.102715+00:00,2026-09-28,8e3f93e12e2db02c4415a1c261dfc4033d851452835b732d3516f821ce79d543
TX_DAHS,104426,261,MI TIERRA ADULT DAY CARE LLC,DAHS,YES,NO,HIDALGO,2406 BROCK ST STE 7,MISSION,TX,78572,fd2ff2772ac2144bc6d363e4d1b2333d59cf4b15879ec357328ca37258423bc7,https://apps.hhs.texas.gov/providers/directories/DAHS.xlsx,2026-09-30T13:16:17.102715+00:00,2026-09-28,1995e2ac3ea3871d94bc9c45e632aa96cec2c6d6da2f6f3475193cfa50803927
TX_DAHS,102175,262,PALOMA BLANCA ADULT DAY CARE,DAHS,YES,NO,HIDALGO,1020 N CONWAY AVE,MISSION,TEXAS,78572,fd2ff2772ac2144bc6d363e4d1b2333d59cf4b15879ec357328ca37258423bc7,https://apps.hhs.texas.gov/providers/directories/DAHS.xlsx,2026-09-30T13:16:17.102715+00:00,2026-09-28,939ef2cfe70d554bf0c367ebecae107e7cb7cbb1914a653d89e7e20cb90ec58f
TX_DAHS,103489,263,PALOMITA BLANCA ADULT DAY CARE,DAHS,YES,NO,HIDALGO,"1352 E 1ST STREET, SUITE H",MISSION,TEXAS,78572,fd2ff2772ac2144bc6d363e4d1b2333d59cf4b15879ec357328ca37258423bc7,https://apps.hhs.texas.gov/providers/directories/DAHS.xlsx,2026-09-30T13:16:17.102715+00:00,2026-09-28,4d77ce2c49f3720fb98c84709dcb50fb85a4611d3870e1678fe6dff67260cb2b
TX_DAHS,112195,264,PARKVIEW ADULT HEALTH CARE AND ACTIVITY CENTER INC,DAHS,YES,NO,HIDALGO,1002 RAGLAND ST,MISSION,TX,78572,fd2ff2772ac2144bc6d363e4d1b2333d59cf4b15879ec357328ca37258423bc7,https://apps.hhs.texas.gov/providers/directories/DAHS.xlsx,2026-09-30T13:16:17.102715+00:00,2026-09-28,5f2f4c5e01c9d8426d44890263e65ecf07343192273279bffcb7eb922f4a1bdb
TX_DAHS,111631,265,PUEBLO ALEGRE ADULT DAY CARE,DAHS,YES,NO,HIDALGO,2014 E BUS HWY 83 STE A,MISSION,TX,78572,fd2ff2772ac2144bc6d363e4d1b2333d59cf4b15879ec357328ca37258423bc7,https://apps.hhs.texas.gov/providers/directories/DAHS.xlsx,2026-09-30T13:16:17.102715+00:00,2026-09-28,e0a27ff25c7bf3c1143a4261ede69310da99f5404514bfedc1937d307545804d
TX_DAHS,104617,266,ROSIE'S ADULT DAY CARE,DAHS,YES,NO,HIDALGO,8214 W EXPWY 83,MISSION,TX,78572,fd2ff2772ac2144bc6d363e4d1b2333d59cf4b15879ec357328ca37258423bc7,https://apps.hhs.texas.gov/providers/directories/DAHS.xlsx,2026-09-30T13:16:17.102715+00:00,2026-09-28,3886503fddd2dbc1868393b64d21b4e98c3ef39b2d74923b67fdfd96d6f2274e
TX_DAHS,110419,267,VALLE FELIZ ADULT DAY CARE,DAHS,YES,NO,HIDALGO,102 S. BRYAN RD.,MISSION,TX,78572,fd2ff2772ac2144bc6d363e4d1b2333d59cf4b15879ec357328ca37258423bc7,https://apps.hhs.texas.gov/providers/directories/DAHS.xlsx,2026-09-30T13:16:17.102715+00:00,2026-09-28,77b77bd27e6a33d5684bf1beba661f687d58fb98936cc26e4abc5361829aad49
TX_DAHS,104482,268,AMIGOS POR SIEMPRE ADULT DAY CARE LLC,DAHS,YES,NO,HIDALGO,305 E ELIDA ST,PALMHURST,TX,78573,fd2ff2772ac2144bc6d363e4d1b2333d59cf4b15879ec357328ca37258423bc7,https://apps.hhs.texas.gov/providers/directories/DAHS.xlsx,2026-09-30T13:16:17.102715+00:00,2026-09-28,e1792ce9f7ba59992b0bdcd4c794633d0fa01cdef66b3cd0bca0292e3b612d51
TX_DAHS,110213,269,"MIS VERDADEROS AMIGOS ADULT DAY CARE, LLC",DAHS,YES,NO,HIDALGO,"123 W MILE 3 RD, STE 106",PALMHURST,TEXAS,78573,fd2ff2772ac2144bc6d363e4d1b2333d59cf4b15879ec357328ca37258423bc7,https://apps.hhs.texas.gov/providers/directories/DAHS.xlsx,2026-09-30T13:16:17.102715+00:00,2026-09-28,5cb3a9f93078c710f97d036a6b779b022bc772187224f9904ad90471c8712db0
TX_DAHS,101106,270,AMIGOS Y FAMILIA ADULT DAY CARE  INC,DAHS,YES,NO,HIDALGO,1414 HILL DR,PALMVIEW,TX,78572,fd2ff2772ac2144bc6d363e4d1b2333d59cf4b15879ec357328ca37258423bc7,https://apps.hhs.texas.gov/providers/directories/DAHS.xlsx,2026-09-30T13:16:17.102715+00:00,2026-09-28,13a6c8d53ce753cc91d0183e4613f5789359d81852f78dabb25ba8d09f47f3d6
TX_DAHS,050703,271,DEL PUEBLO ADULT DAY CARE,DAHS,YES,NO,HIDALGO,700 N COMMERCIAL DRIVE,PALMVIEW,TX,78572,fd2ff2772ac2144bc6d363e4d1b2333d59cf4b15879ec357328ca37258423bc7,https://apps.hhs.texas.gov/providers/directories/DAHS.xlsx,2026-09-30T13:16:17.102715+00:00,2026-09-28,97de36dfeb09770f5d7a31c35a2264538a42a97f84526dfd06dad9e084fbb454
TX_DAHS,105292,272,"EPOCA DE ORO ADULT DAY CARE, LLC",DAHS,YES,NO,HIDALGO,915 N LA HOMA ROAD,PALMVIEW,TEXAS,78574,fd2ff2772ac2144bc6d363e4d1b2333d59cf4b15879ec357328ca37258423bc7,https://apps.hhs.texas.gov/providers/directories/DAHS.xlsx,2026-09-30T13:16:17.102715+00:00,2026-09-28,1df17e19b808bcb61a0b560533f200e8a6605c408ca43d91a73195d2faa2bfef
TX_DAHS,111928,273,FIVE STAR ADULT DAY CARE  LLC,DAHS,YES,NO,HIDALGO,211 SHOWERS RD,PALMVIEW,TEXAS,78572,fd2ff2772ac2144bc6d363e4d1b2333d59cf4b15879ec357328ca37258423bc7,https://apps.hhs.texas.gov/providers/directories/DAHS.xlsx,2026-09-30T13:16:17.102715+00:00,2026-09-28,4087853f5acbc2a32ef39c9eaf4c926a6a1cfe699cc1fe9c3fe340886fdd3993
TX_DAHS,102772,274,GENESIS ADULT DAY CARE LLC,DAHS,YES,NO,HIDALGO,6920 W EXPRESSWAY 83,PALMVIEW,TX,78572,fd2ff2772ac2144bc6d363e4d1b2333d59cf4b15879ec357328ca37258423bc7,https://apps.hhs.texas.gov/providers/directories/DAHS.xlsx,2026-09-30T13:16:17.102715+00:00,2026-09-28,b207c1da4845f5a1efbe813fc00a4dd6853cbb7a9efb0133b616969099ff8a14
TX_DAHS,003046,275,"HACIENDA LAS FUENTES, LLC",DAHS,YES,NO,HIDALGO,2308 N. ABRAM ROAD,PALMVIEW,TX,78572,fd2ff2772ac2144bc6d363e4d1b2333d59cf4b15879ec357328ca37258423bc7,https://apps.hhs.texas.gov/providers/directories/DAHS.xlsx,2026-09-30T13:16:17.102715+00:00,2026-09-28,dc7e7588ade14850669036e1e59524b16201959ae78eae340314eb4b736dd821
TX_DAHS,111614,276,KAIROS ADULT DAY CARE CENTER LLC,DAHS,YES,NO,HIDALGO,2200 W. PALMA VISTA DRIVE,PALMVIEW,TX,78572,fd2ff2772ac2144bc6d363e4d1b2333d59cf4b15879ec357328ca37258423bc7,https://apps.hhs.texas.gov/providers/directories/DAHS.xlsx,2026-09-30T13:16:17.102715+00:00,2026-09-28,e4dfa41fc9743a49bb278a673467125e8a3825589b0714fced4d50d6823bf77f
TX_DAHS,110686,277,LA TRINIDAD ADULT DAY CARE LLC,DAHS,YES,NO,HIDALGO,1304 W VETERANS BLVD,PALMVIEW,TEXAS,78572-8115,fd2ff2772ac2144bc6d363e4d1b2333d59cf4b15879ec357328ca37258423bc7,https://apps.hhs.texas.gov/providers/directories/DAHS.xlsx,2026-09-30T13:16:17.102715+00:00,2026-09-28,0d30855b9c47638c1feac60f8df609cb13514ae3d50d04eb80a6f5da431502ee
TX_DAHS,112046,278,LOS ATRIOS ADULT DAY CARE LLC,DAHS,YES,NO,HIDALGO,1008 W BUSINESS HIGHWAY 83,PALMVIEW,TEXAS,78572,fd2ff2772ac2144bc6d363e4d1b2333d59cf4b15879ec357328ca37258423bc7,https://apps.hhs.texas.gov/providers/directories/DAHS.xlsx,2026-09-30T13:16:17.102715+00:00,2026-09-28,1d739411de32ac96cd10037e8819115f3db4203d47659f6ac7723790663440c6
TX_DAHS,104720,279,"MI ILUSION, LLC",DAHS,YES,NO,HIDALGO,3421 WEST PALMA VISTA DR,PALMVIEW,TX,78572,fd2ff2772ac2144bc6d363e4d1b2333d59cf4b15879ec357328ca37258423bc7,https://apps.hhs.texas.gov/providers/directories/DAHS.xlsx,2026-09-30T13:16:17.102715+00:00,2026-09-28,a6df8864164f8980429b46ecc61807be9472028d7e4e3f01fdd57b143d87aca4
TX_DAHS,003051,280,MI JARDIN ADULT DAY CARE CENTER 1,DAHS,YES,NO,HIDALGO,614 W PALMA VISTA DR,PALMVIEW,TX,78572,fd2ff2772ac2144bc6d363e4d1b2333d59cf4b15879ec357328ca37258423bc7,https://apps.hhs.texas.gov/providers/directories/DAHS.xlsx,2026-09-30T13:16:17.102715+00:00,2026-09-28,f83e4da3610078447d76984d5f435c31ab6978536e84b9bcb9ce77dec1293766
TX_DAHS,111616,281,THE NEW 3RD HEAVEN ADULT DAY CARE LLC,DAHS,YES,NO,HIDALGO,205 W VETERANS BLVD,PALMVIEW,TEXAS,78572,fd2ff2772ac2144bc6d363e4d1b2333d59cf4b15879ec357328ca37258423bc7,https://apps.hhs.texas.gov/providers/directories/DAHS.xlsx,2026-09-30T13:16:17.102715+00:00,2026-09-28,ebb7bea08913c3896127da96df3385e9d29600d70f3b6d20a510e4558a8e54da
TX_DAHS,103614,282,EL SINAI ADULT DAY CARE INC,DAHS,YES,NO,HIDALGO,1516 ARBOLEDAS DR,PENITAS,TX,78576,fd2ff2772ac2144bc6d363e4d1b2333d59cf4b15879ec357328ca37258423bc7,https://apps.hhs.texas.gov/providers/directories/DAHS.xlsx,2026-09-30T13:16:17.102715+00:00,2026-09-28,1b403290aff57ba6bb7fff5524dff5ef51671a9381a1684aebb0db432b337abe
TX_DAHS,111693,283,EPOCA DE ORO ADULT DAY CARE #3,DAHS,YES,NO,HIDALGO,"2308 EXPRESSWAY 83, SUITE D & E",PENITAS,TX,78576,fd2ff2772ac2144bc6d363e4d1b2333d59cf4b15879ec357328ca37258423bc7,https://apps.hhs.texas.gov/providers/directories/DAHS.xlsx,2026-09-30T13:16:17.102715+00:00,2026-09-28,3d11bbd62ffcc4d976d617b1c918d338cc415c83960a6c6a8f3417395eccc23d
TX_DAHS,104522,284,IDOLINA'S ADULT DAY CARE LLC,DAHS,YES,NO,HIDALGO,38615 W MILE 7 RD STE. 1,PENITAS,TX,78576,fd2ff2772ac2144bc6d363e4d1b2333d59cf4b15879ec357328ca37258423bc7,https://apps.hhs.texas.gov/providers/directories/DAHS.xlsx,2026-09-30T13:16:17.102715+00:00,2026-09-28,1514c4cfe76965f842e29379f5a4a99ab8ab43e7acb19aec8d2e2b0cfc14208f
TX_DAHS,003326,285,"AMISTAD HEALTH SERVICES, INC",DAHS,YES,NO,HIDALGO,1008 W FERGUSON,PHARR,TX,78577,fd2ff2772ac2144bc6d363e4d1b2333d59cf4b15879ec357328ca37258423bc7,https://apps.hhs.texas.gov/providers/directories/DAHS.xlsx,2026-09-30T13:16:17.102715+00:00,2026-09-28,613bef70a6a711673611e352ca492498d77351e61513e969811d70418781ad90
TX_DAHS,101368,286,EDINBURG ADULT DAY CARE,DAHS,YES,NO,HIDALGO,1307 W FERGUSON ST,PHARR,TX,78577,fd2ff2772ac2144bc6d363e4d1b2333d59cf4b15879ec357328ca37258423bc7,https://apps.hhs.texas.gov/providers/directories/DAHS.xlsx,2026-09-30T13:16:17.102715+00:00,2026-09-28,6c3dc786abec456ad1c0f79a2222f2a1a6555027a2a9ba799f803c63678b53a4
TX_DAHS,103947,287,EL RANCHO GRANDE ADULT DAY CARE,DAHS,YES,NO,HIDALGO,2711 S JACKSON RD,PHARR,TX,78577,fd2ff2772ac2144bc6d363e4d1b2333d59cf4b15879ec357328ca37258423bc7,https://apps.hhs.texas.gov/providers/directories/DAHS.xlsx,2026-09-30T13:16:17.102715+00:00,2026-09-28,2dd55bc6d4f3e51792a00a37f7b53312b21c2b39dc879fdae6b883d60d62ed15
TX_DAHS,102900,288,FUENTE DE JUVENTUD ADULT DAY CARE,DAHS,YES,NO,HIDALGO,"1138 E INTERSTATE 2, STE E",PHARR,TX,78577,fd2ff2772ac2144bc6d363e4d1b2333d59cf4b15879ec357328ca37258423bc7,https://apps.hhs.texas.gov/providers/directories/DAHS.xlsx,2026-09-30T13:16:17.102715+00:00,2026-09-28,e7516d11b302175af22c1abfb1c4508eacd4c6dc9278ce17b56e07bba5ca3b61
TX_DAHS,003014,289,HELPING HANDS ADULT DAY CARE,DAHS,YES,NO,HIDALGO,601 S CAGE BLVD,PHARR,TX,78577,fd2ff2772ac2144bc6d363e4d1b2333d59cf4b15879ec357328ca37258423bc7,https://apps.hhs.texas.gov/providers/directories/DAHS.xlsx,2026-09-30T13:16:17.102715+00:00,2026-09-28,b1df75c2098fd03ed6a7ed00d0f6acd048c1a455b6ba70939e795e5d3852d3eb
TX_DAHS,110414,290,LA CASA FELIZ,DAHS,YES,NO,HIDALGO,803 S ATHOL ST,PHARR,TEXAS,78577,fd2ff2772ac2144bc6d363e4d1b2333d59cf4b15879ec357328ca37258423bc7,https://apps.hhs.texas.gov/providers/directories/DAHS.xlsx,2026-09-30T13:16:17.102715+00:00,2026-09-28,62b4ad4ccedc85240687a743c561fa64235620be865c363966f88d09efc57c4e
TX_DAHS,101952,291,LAHS INC,DAHS,YES,NO,HIDALGO,105 E INTERSTATE 2 STE B,PHARR,TX,78577,fd2ff2772ac2144bc6d363e4d1b2333d59cf4b15879ec357328ca37258423bc7,https://apps.hhs.texas.gov/providers/directories/DAHS.xlsx,2026-09-30T13:16:17.102715+00:00,2026-09-28,3fabc3f72b5e5a1948dacc2ad92d89718f0cf968382609570f6c1cd0ee844428
TX_DAHS,003403,292,LAS MILPAS ADULT DAY CARE INC,DAHS,YES,NO,HIDALGO,6901 S CAGE STE A & B,PHARR,TX,78577,fd2ff2772ac2144bc6d363e4d1b2333d59cf4b15879ec357328ca37258423bc7,https://apps.hhs.texas.gov/providers/directories/DAHS.xlsx,2026-09-30T13:16:17.102715+00:00,2026-09-28,09b829208e7ca64c23bcf08a5c65436c3b38347160c2e5eceb2ee96d958cf995
TX_DAHS,102104,293,MI CASITA ADULT DAY CARE,DAHS,YES,NO,HIDALGO,216 N CAGE BLVD,PHARR,TX,78577,fd2ff2772ac2144bc6d363e4d1b2333d59cf4b15879ec357328ca37258423bc7,https://apps.hhs.texas.gov/providers/directories/DAHS.xlsx,2026-09-30T13:16:17.102715+00:00,2026-09-28,f2e1f2649e72e2c7ae12914a1cc1b3503d79b15658a90d27346ab3b8b52bf9b5
TX_DAHS,103129,294,MI REPOSO ADULT DAY CARE INC,DAHS,YES,NO,HIDALGO,"912 E NOLANA LOOP, SUITE W",PHARR,TX,78577,fd2ff2772ac2144bc6d363e4d1b2333d59cf4b15879ec357328ca37258423bc7,https://apps.hhs.texas.gov/providers/directories/DAHS.xlsx,2026-09-30T13:16:17.102715+00:00,2026-09-28,ac76d8027bc02e34d52acaef48509617d775e1e11109d389de34f17f55dadbb3
TX_DAHS,101966,295,MIS ABUELITOS ADULT DAY CARE CENTER,DAHS,YES,NO,HIDALGO,"5300 N ATHOL STREET SUITE B,C,D,E",PHARR,TX,78577,fd2ff2772ac2144bc6d363e4d1b2333d59cf4b15879ec357328ca37258423bc7,https://apps.hhs.texas.gov/providers/directories/DAHS.xlsx,2026-09-30T13:16:17.102715+00:00,2026-09-28,bf4f60f8adc832fc281d16dddbdb7e339f9994644e4316986003c38d8cf2845b
TX_DAHS,105306,296,MY MORNING STAR ADULT DAY CARE LLC,DAHS,YES,NO,HIDALGO,300 E. NOLANA LOOP SUITE E,PHARR,TX,78577,fd2ff2772ac2144bc6d363e4d1b2333d59cf4b15879ec357328ca37258423bc7,https://apps.hhs.texas.gov/providers/directories/DAHS.xlsx,2026-09-30T13:16:17.102715+00:00,2026-09-28,225bc09a3e38a0de533699f676c8546a143f3f24d696f4314cc24df605086c8d
TX_DAHS,111754,297,NEW LIFE ADULT DAY CARE 4,DAHS,YES,NO,HIDALGO,1305 EAST JUAREZ AVENUE,PHARR,TEXAS,78577,fd2ff2772ac2144bc6d363e4d1b2333d59cf4b15879ec357328ca37258423bc7,https://apps.hhs.texas.gov/providers/directories/DAHS.xlsx,2026-09-30T13:16:17.102715+00:00,2026-09-28,48c4180a8386638a093270fdc69c03445dd07903f8d239329cccda0d7c49a0da
TX_DAHS,050557,298,NUESTRA FAMILIA FELIZ ADULT DAY CARE CENTER INC,DAHS,YES,NO,HIDALGO,801 S FLAG ST,PHARR,TX,78577,fd2ff2772ac2144bc6d363e4d1b2333d59cf4b15879ec357328ca37258423bc7,https://apps.hhs.texas.gov/providers/directories/DAHS.xlsx,2026-09-30T13:16:17.102715+00:00,2026-09-28,0c91c76070ca2aa4e8092a86698bce318fcf91c849d09c8264f5cfbd3efcbc36
TX_DAHS,102855,299,NUEVO AMANECER DAY ACTIVITY AND HEALTH SERVICES,DAHS,YES,NO,HIDALGO,5224 N CAGE STE 1,PHARR,TX,78577,fd2ff2772ac2144bc6d363e4d1b2333d59cf4b15879ec357328ca37258423bc7,https://apps.hhs.texas.gov/providers/directories/DAHS.xlsx,2026-09-30T13:16:17.102715+00:00,2026-09-28,a80f3550022b669b1e041e5d426e9f3ada75d28f676d101a097ab4265eee5741
TX_DAHS,102178,300,ST MICHAELS ADULT DAY CARE LLC,DAHS,YES,NO,HIDALGO,920 W STATE AVE,PHARR,TX,78577,fd2ff2772ac2144bc6d363e4d1b2333d59cf4b15879ec357328ca37258423bc7,https://apps.hhs.texas.gov/providers/directories/DAHS.xlsx,2026-09-30T13:16:17.102715+00:00,2026-09-28,00f003f75ad019509bc6c5b741deb72ddcefe70dd5951b7aaa784c8e69f00faa
TX_DAHS,003334,301,AMIGOS DEL PROGRESO ADULT DAY CARE,DAHS,YES,NO,HIDALGO,515 NORTH FM 1015,PROGRESO,TX,78579,fd2ff2772ac2144bc6d363e4d1b2333d59cf4b15879ec357328ca37258423bc7,https://apps.hhs.texas.gov/providers/directories/DAHS.xlsx,2026-09-30T13:16:17.102715+00:00,2026-09-28,964d0e5a78dad7a0563851f6d1e6af104249f789cf38ea8b491aa62db8360adb
TX_DAHS,112004,302,CIELO AZUL LLC,DAHS,YES,NO,HIDALGO,40875 S FM 1015,PROGRESO,TX,78579,fd2ff2772ac2144bc6d363e4d1b2333d59cf4b15879ec357328ca37258423bc7,https://apps.hhs.texas.gov/providers/directories/DAHS.xlsx,2026-09-30T13:16:17.102715+00:00,2026-09-28,cb176afc96bf693fa6aed4a3cae354b1261a92b4b87453e57455707452852f46
TX_DAHS,102195,303,EL RECREO ADULT DAY CARE,DAHS,YES,NO,HIDALGO,1618 N VETERANS BLVD SUITE F,SAN JUAN,TX,78589,fd2ff2772ac2144bc6d363e4d1b2333d59cf4b15879ec357328ca37258423bc7,https://apps.hhs.texas.gov/providers/directories/DAHS.xlsx,2026-09-30T13:16:17.102715+00:00,2026-09-28,2fd67122f56527cdcdbaf8774d24445dcc702803a9bee530720804f651afe25e
TX_DAHS,100185,304,ESTAMOS UNIDOS ADULT DAY CARE LLC,DAHS,YES,NO,HIDALGO,2109 N RAUL LONGORIA RD,SAN JUAN,TX,78589,fd2ff2772ac2144bc6d363e4d1b2333d59cf4b15879ec357328ca37258423bc7,https://apps.hhs.texas.gov/providers/directories/DAHS.xlsx,2026-09-30T13:16:17.102715+00:00,2026-09-28,b7ec4128206494a63545934570a0fdd4b9f496b5109bd7477842432e26c4de5c
TX_DAHS,111651,305,LOS ENCINOS ADULT DAY CARE INC,DAHS,YES,NO,HIDALGO,130 E US HWY 83,SAN JUAN,TX,78589,fd2ff2772ac2144bc6d363e4d1b2333d59cf4b15879ec357328ca37258423bc7,https://apps.hhs.texas.gov/providers/directories/DAHS.xlsx,2026-09-30T13:16:17.102715+00:00,2026-09-28,92299cd5131a8971c64e3895e48dda57588513f2a9164370a41cff6d458d9240
TX_DAHS,105103,306,MEJOR VIDA ADULT DAY CARE  LLC,DAHS,YES,NO,HIDALGO,1209 E FARM TO MARKET RD 495,SAN JUAN,TX,78589,fd2ff2772ac2144bc6d363e4d1b2333d59cf4b15879ec357328ca37258423bc7,https://apps.hhs.texas.gov/providers/directories/DAHS.xlsx,2026-09-30T13:16:17.102715+00:00,2026-09-28,75fe2436cf96d90579fd7235f9749479dc9044a58ba5a31d4bbb4f51dc95dbd6
TX_DAHS,103453,307,MI HACIENDA ADULT DAYCARE LLC,DAHS,YES,NO,HIDALGO,4011 N. VERTERANS BLVD,SAN JUAN,TX,78589,fd2ff2772ac2144bc6d363e4d1b2333d59cf4b15879ec357328ca37258423bc7,https://apps.hhs.texas.gov/providers/directories/DAHS.xlsx,2026-09-30T13:16:17.102715+00:00,2026-09-28,54f63222e2eed00af5609b9a3980c37f32ca845eb593592d501c9844947c8c41
TX_DAHS,003467,308,RAINBOW ADULT DAY CARE INC,DAHS,YES,NO,HIDALGO,618 S KANSAS,SAN JUAN,TX,78589,fd2ff2772ac2144bc6d363e4d1b2333d59cf4b15879ec357328ca37258423bc7,https://apps.hhs.texas.gov/providers/directories/DAHS.xlsx,2026-09-30T13:16:17.102715+00:00,2026-09-28,320b75cec76cc80a50374e9b0c3771dc4c730dfb3369fd9c07b19ae1aba8d6c9
TX_DAHS,102804,309,TIERRA SANTA ADULT DAYCARE,DAHS,YES,NO,HIDALGO,508 SOUTH STANDARD ST,SAN JUAN,TX,78589,fd2ff2772ac2144bc6d363e4d1b2333d59cf4b15879ec357328ca37258423bc7,https://apps.hhs.texas.gov/providers/directories/DAHS.xlsx,2026-09-30T13:16:17.102715+00:00,2026-09-28,8d16c00e82c822ffe68ef12dd11655237157589ea0efe1eafae8caed39008602
TX_DAHS,102012,310,COMPASSION ADULT DAY CARE,DAHS,YES,NO,HIDALGO,211 E EXP 83 STE A B C,SULLIVAN CITY,TX,78595,fd2ff2772ac2144bc6d363e4d1b2333d59cf4b15879ec357328ca37258423bc7,https://apps.hhs.texas.gov/providers/directories/DAHS.xlsx,2026-09-30T13:16:17.102715+00:00,2026-09-28,e26ab0ef3296b62f2f82429a1f100c136bfafd1f52253b371b998879ea448784
TX_DAHS,003055,311,LA FUENTE ADULT DAY CARE CENTER,DAHS,YES,NO,HIDALGO,1285 W EXPY 83,SULLIVAN CITY,TX,78595,fd2ff2772ac2144bc6d363e4d1b2333d59cf4b15879ec357328ca37258423bc7,https://apps.hhs.texas.gov/providers/directories/DAHS.xlsx,2026-09-30T13:16:17.102715+00:00,2026-09-28,5a18eae1220992ee62af7e2b6d76c885b1c765e179104ff93481313842b04dc2
TX_DAHS,110173,312,BESOS Y CARICIAS ADULT DAY CARE  LLC,DAHS,YES,NO,HIDALGO,515 E. PIKE SUITE D,WESLACO,TEXAS,78596,fd2ff2772ac2144bc6d363e4d1b2333d59cf4b15879ec357328ca37258423bc7,https://apps.hhs.texas.gov/providers/directories/DAHS.xlsx,2026-09-30T13:16:17.102715+00:00,2026-09-28,0f9c0e43266a7b62779786f6292bb1646f84d10af0b3d4b50a882be0a72baee1
TX_DAHS,111439,313,COASTAL FAMILY CARE LLC,DAHS,YES,NO,HIDALGO,1000 S. TEXAS BLVD.,WESLACO,TEXAS,78596,fd2ff2772ac2144bc6d363e4d1b2333d59cf4b15879ec357328ca37258423bc7,https://apps.hhs.texas.gov/providers/directories/DAHS.xlsx,2026-09-30T13:16:17.102715+00:00,2026-09-28,7842589348adb38fa4abb991acd435f092cdcde6078bddfba4bd3cd9e7f6822b
TX_DAHS,102543,314,EL CLUB ADULT DAY CARE,DAHS,YES,NO,HIDALGO,501 N WESTGATE DR,WESLACO,TX,78596,fd2ff2772ac2144bc6d363e4d1b2333d59cf4b15879ec357328ca37258423bc7,https://apps.hhs.texas.gov/providers/directories/DAHS.xlsx,2026-09-30T13:16:17.102715+00:00,2026-09-28,461c4b391c4d12f7f2cfff006fcb2d702a7b1090e3a272a9a5effe60b01782a1
TX_DAHS,003399,315,LA POSADA II,DAHS,YES,NO,HIDALGO,159 S TEXAS BLVD.,WESLACO,TX,78596,fd2ff2772ac2144bc6d363e4d1b2333d59cf4b15879ec357328ca37258423bc7,https://apps.hhs.texas.gov/providers/directories/DAHS.xlsx,2026-09-30T13:16:17.102715+00:00,2026-09-28,da298c9530a949e7028aac40f7164c9ed9f1fa2a81a4e763170d194c70d790fe
TX_DAHS,110345,316,LA POSADA III,DAHS,YES,NO,HIDALGO,1320 N. DOLORES HUERTA AVE.,WESLACO,TEXAS,78596,fd2ff2772ac2144bc6d363e4d1b2333d59cf4b15879ec357328ca37258423bc7,https://apps.hhs.texas.gov/providers/directories/DAHS.xlsx,2026-09-30T13:16:17.102715+00:00,2026-09-28,50ee460b3e51416684cdce4e1ac151bcc41fb4071de5be8c3b4fab41ff55fcbd
TX_DAHS,101513,317,MI HACIENDA ADULT DAY CARE CENTER,DAHS,YES,NO,HIDALGO,2917 N WESTGATE DR,WESLACO,TX,78599,fd2ff2772ac2144bc6d363e4d1b2333d59cf4b15879ec357328ca37258423bc7,https://apps.hhs.texas.gov/providers/directories/DAHS.xlsx,2026-09-30T13:16:17.102715+00:00,2026-09-28,5be6affb96d08375542900637a3b68eec63dcc3cc356ed4ff13b5ab7987268c3
TX_DAHS,003340,318,MI PUEBLITO DE BELEN,DAHS,YES,NO,HIDALGO,723 S AIRPORT DR,WESLACO,TX,78596,fd2ff2772ac2144bc6d363e4d1b2333d59cf4b15879ec357328ca37258423bc7,https://apps.hhs.texas.gov/providers/directories/DAHS.xlsx,2026-09-30T13:16:17.102715+00:00,2026-09-28,4e1a7de107436f59b5d1b980cd01b5e68491d7b7a09bfe0fdb79716af43c7a29
TX_DAHS,100679,319,MI RANCHITO ADULT DAY CARE,DAHS,YES,NO,HIDALGO,337 E MILE 14-1/2 N,WESLACO,TX,78599,fd2ff2772ac2144bc6d363e4d1b2333d59cf4b15879ec357328ca37258423bc7,https://apps.hhs.texas.gov/providers/directories/DAHS.xlsx,2026-09-30T13:16:17.102715+00:00,2026-09-28,0e2cea6fc43648c7abfebff19776e790d0e61fd2dc83f7bdafff735e10e24811
TX_DAHS,003224,320,MIS AMIGOS DE WESLACO ADULT DAY CARE CENTER,DAHS,YES,NO,HIDALGO,707 ANGELITA DR,WESLACO,TX,78596,fd2ff2772ac2144bc6d363e4d1b2333d59cf4b15879ec357328ca37258423bc7,https://apps.hhs.texas.gov/providers/directories/DAHS.xlsx,2026-09-30T13:16:17.102715+00:00,2026-09-28,b6e2874d9c4c00e0d3448a8e2f9079b187f22d997e45df14093104d59a943528
TX_DAHS,102665,321,NUESTRA FAMILIA ADULT DAY CARE INC,DAHS,YES,NO,HIDALGO,621 E BUSINESS 83,WESLACO,TX,78596,fd2ff2772ac2144bc6d363e4d1b2333d59cf4b15879ec357328ca37258423bc7,https://apps.hhs.texas.gov/providers/directories/DAHS.xlsx,2026-09-30T13:16:17.102715+00:00,2026-09-28,9018d6b2242c7a25f5bcefeab56dcd0dea7198bdfa7b3fa6a317914baf9554e1
TX_DAHS,103949,322,NUESTRA FAMILIA ADULT DAY CARE INC,DAHS,YES,NO,HIDALGO,1000 S. UTAH,WESLACO,TX,78596,fd2ff2772ac2144bc6d363e4d1b2333d59cf4b15879ec357328ca37258423bc7,https://apps.hhs.texas.gov/providers/directories/DAHS.xlsx,2026-09-30T13:16:17.102715+00:00,2026-09-28,fa9ac903d2d5aa4a069cf7b2f4a54813aa4037b5c187d6a90852f8e3c1fb6b32
TX_DAHS,105043,323,NUESTRA FAMILIA ADULT DAY CARE INC,DAHS,YES,NO,HIDALGO,"1005 E. 10TH ST., SUITE C",WESLACO,TX,78596,fd2ff2772ac2144bc6d363e4d1b2333d59cf4b15879ec357328ca37258423bc7,https://apps.hhs.texas.gov/providers/directories/DAHS.xlsx,2026-09-30T13:16:17.102715+00:00,2026-09-28,4ec4c9441fc78fdd409eba42a9cf3edaa6510e7250c41634e0d9ffec04b2b95a
TX_DAHS,003321,324,NUESTRA FAMILIA ADULT DAY CARE INC,DAHS,YES,NO,HIDALGO,1010 SOUTH UTAH AVE,WESLACO,TX,78596,fd2ff2772ac2144bc6d363e4d1b2333d59cf4b15879ec357328ca37258423bc7,https://apps.hhs.texas.gov/providers/directories/DAHS.xlsx,2026-09-30T13:16:17.102715+00:00,2026-09-28,0e4e6ce1c671ce5f2399defa7c999213ded547b57db2a8d5ee03001ab183a581
TX_DAHS,105855,325,"NUESTRA FAMILIA ADULT DAY CARE, INC",DAHS,YES,NO,HIDALGO,602 E. 6TH ST.,WESLACO,TX,78596,fd2ff2772ac2144bc6d363e4d1b2333d59cf4b15879ec357328ca37258423bc7,https://apps.hhs.texas.gov/providers/directories/DAHS.xlsx,2026-09-30T13:16:17.102715+00:00,2026-09-28,6b71d91b08cfd72a92c5e150f00b4615016463b590ce6081ccce215268069136
TX_DAHS,103667,326,SU CASA ADULT DAY CARE II,DAHS,YES,NO,HIDALGO,318 W RAILROAD ST,WESLACO,TX,78596,fd2ff2772ac2144bc6d363e4d1b2333d59cf4b15879ec357328ca37258423bc7,https://apps.hhs.texas.gov/providers/directories/DAHS.xlsx,2026-09-30T13:16:17.102715+00:00,2026-09-28,9695fb0ccbe6507b21def3ecf363d2521fc4be823a55ca7a1d83c15a6d0a9895
TX_DAHS,003218,327,CASA REAL I,DAHS,YES,NO,JIM WELLS,1300 WYOMING ST,ALICE,TX,78332,fd2ff2772ac2144bc6d363e4d1b2333d59cf4b15879ec357328ca37258423bc7,https://apps.hhs.texas.gov/providers/directories/DAHS.xlsx,2026-09-30T13:16:17.102715+00:00,2026-09-28,6c2d2fb95e29efd4941c8ca5e4c592f0707595a55eeb5efd05b6d58ec4da4f55
TX_DAHS,107242,328,FIRST CLASS ACTIVITY CENTER LLC,DAHS,YES,NO,JIM WELLS,"308 E. 2ND STREET, STE A",ALICE,TX,78332,fd2ff2772ac2144bc6d363e4d1b2333d59cf4b15879ec357328ca37258423bc7,https://apps.hhs.texas.gov/providers/directories/DAHS.xlsx,2026-09-30T13:16:17.102715+00:00,2026-09-28,96220127be6354c8239cd5d69a93d4e206c826d08f6f5fc0fdbdbc16942055db
TX_DAHS,111564,329,"SUPERIOR ADULT CARE SERVICES, INC",DAHS-ISS,YES,NO,KAUFMAN,500 EAST HIGH STREET,TERRELL,TX,75160,fd2ff2772ac2144bc6d363e4d1b2333d59cf4b15879ec357328ca37258423bc7,https://apps.hhs.texas.gov/providers/directories/DAHS.xlsx,2026-09-30T13:16:17.102715+00:00,2026-09-28,2744abf3d71b3afd845cc80f368b2b121892771b4fb9718d72fd499ae271ee4f
TX_DAHS,111359,330,VIP ADULT DAY CARE,DAHS-ISS,YES,NO,KLEBERG,1212 N 14TH ST,KINGSVILLE,TEXAS,78363,fd2ff2772ac2144bc6d363e4d1b2333d59cf4b15879ec357328ca37258423bc7,https://apps.hhs.texas.gov/providers/directories/DAHS.xlsx,2026-09-30T13:16:17.102715+00:00,2026-09-28,fc44e99d001fc3d06a96dd896a11c5ce186abf0ac4f88e13e3ca965b977baabb
TX_DAHS,101770,331,LIGHTWAY HEALTH SERVICES,DAHS,YES,NO,LIBERTY,807 E. HANSON STREET,CLEVELAND,TX,77327,fd2ff2772ac2144bc6d363e4d1b2333d59cf4b15879ec357328ca37258423bc7,https://apps.hhs.texas.gov/providers/directories/DAHS.xlsx,2026-09-30T13:16:17.102715+00:00,2026-09-28,b5121c6639ea743dd89ed61731b16cc2ba22948e5996468e075ee79ee120eff9
TX_DAHS,111367,332,FOUNTAIN OF LIFE ADULT ACTIVITY CENTER #1,DAHS-ISS,YES,NO,LUBBOCK,1720 PARKWAY DR,LUBBOCK,TEXAS,79403,fd2ff2772ac2144bc6d363e4d1b2333d59cf4b15879ec357328ca37258423bc7,https://apps.hhs.texas.gov/providers/directories/DAHS.xlsx,2026-09-30T13:16:17.102715+00:00,2026-09-28,577308f7d2f79abf43b4f6370a1c74dad797e3f1176333d1a9900cda5def4a9d
TX_DAHS,104610,333,FOUNTAIN OF LIFE ADULT ACTIVITY CENTER #1,DAHS,YES,NO,LUBBOCK,1720 PARKWAY DRIVE,LUBBOCK,TX,79403,fd2ff2772ac2144bc6d363e4d1b2333d59cf4b15879ec357328ca37258423bc7,https://apps.hhs.texas.gov/providers/directories/DAHS.xlsx,2026-09-30T13:16:17.102715+00:00,2026-09-28,f7aa491cf56ba206327245f2420492e76d239afc58857052336124939ceae0b4
TX_DAHS,111388,334,LUBBOCK ADULT DAY CENTER,DAHS-ISS,YES,NO,LUBBOCK,3306 83RD ST,LUBBOCK,TEXAS,79423,fd2ff2772ac2144bc6d363e4d1b2333d59cf4b15879ec357328ca37258423bc7,https://apps.hhs.texas.gov/providers/directories/DAHS.xlsx,2026-09-30T13:16:17.102715+00:00,2026-09-28,a637b2b40d9f4088cfe72efe5009eb9b819bffb036e070978307db6a02f88b0d
TX_DAHS,104074,335,SILVER STAR HEALTH NETWORK,DAHS,YES,NO,LUBBOCK,4010 22ND STREET,LUBBOCK,TX,79410,fd2ff2772ac2144bc6d363e4d1b2333d59cf4b15879ec357328ca37258423bc7,https://apps.hhs.texas.gov/providers/directories/DAHS.xlsx,2026-09-30T13:16:17.102715+00:00,2026-09-28,5bb7fc94a19cdab8fbf0944e2b87becd2e9b5314e1d1fea09f132b204ab4f046
TX_DAHS,105498,336,BLANQUITA'S ADULT DAY CARE CENTER LLC,DAHS,YES,NO,MAVERICK,1537 SOUTH VETERANS BLVD.,EAGLE PASS,TX,78852,fd2ff2772ac2144bc6d363e4d1b2333d59cf4b15879ec357328ca37258423bc7,https://apps.hhs.texas.gov/providers/directories/DAHS.xlsx,2026-09-30T13:16:17.102715+00:00,2026-09-28,e6bfd9ec9a05fea8604e981b537cb85153542eb2a5aec154714bcb1ba00d6fba
TX_DAHS,102162,337,KEYWEST ADULT DAY CARE INC,DAHS,YES,NO,MAVERICK,2508 FOXPLACE DR,EAGLE PASS,TX,78852,fd2ff2772ac2144bc6d363e4d1b2333d59cf4b15879ec357328ca37258423bc7,https://apps.hhs.texas.gov/providers/directories/DAHS.xlsx,2026-09-30T13:16:17.102715+00:00,2026-09-28,08eced6131c50349424a6c654680a7662ad5abffd30a098851ef9dc21f667f3c
TX_DAHS,102472,338,"LA GUADALUPANA ADULT DAY CARE, INC",DAHS,YES,NO,MAVERICK,3407 CATHLEEN ST,EAGLE PASS,TX,78852,fd2ff2772ac2144bc6d363e4d1b2333d59cf4b15879ec357328ca37258423bc7,https://apps.hhs.texas.gov/providers/directories/DAHS.xlsx,2026-09-30T13:16:17.102715+00:00,2026-09-28,2662d35cb828dc8d90ab18601e0dc5d5bd97c3d4923ae597cda119b894f775b0
TX_DAHS,003040,339,"TLC ADULT DAY CARE CENTERS, INC",DAHS,YES,NO,MAVERICK,"735 N. PIERCE, STE. B.",EAGLE PASS,TX,78852-4012,fd2ff2772ac2144bc6d363e4d1b2333d59cf4b15879ec357328ca37258423bc7,https://apps.hhs.texas.gov/providers/directories/DAHS.xlsx,2026-09-30T13:16:17.102715+00:00,2026-09-28,c593ab1183cba1aeea5432416850bb405f9670b006cf3eafda44b4301aacef8c
TX_DAHS,003318,340,WILLOW CREEK ADULT DAY CARE,DAHS,YES,NO,MAVERICK,808 BIBB ST,EAGLE PASS,TX,78852,fd2ff2772ac2144bc6d363e4d1b2333d59cf4b15879ec357328ca37258423bc7,https://apps.hhs.texas.gov/providers/directories/DAHS.xlsx,2026-09-30T13:16:17.102715+00:00,2026-09-28,80a8975c580883e795f58a7e87e1aa7d671b839e777644f8b1ef86d0ea110c5c
TX_DAHS,110330,341,CENTRAL TEXAS HELPING HANDS,DAHS,YES,NO,MCLENNAN,105 TAMPICO,HEWITT,TX,76643,fd2ff2772ac2144bc6d363e4d1b2333d59cf4b15879ec357328ca37258423bc7,https://apps.hhs.texas.gov/providers/directories/DAHS.xlsx,2026-09-30T13:16:17.102715+00:00,2026-09-28,13d724a0dc009b1ec9edc63566437c4bab850a225d18b7fc79a231f7f3c74600
TX_DAHS,003354,342,FRIENDS FOR LIFE,DAHS,YES,NO,MCLENNAN,5000 LAKEWOOD DR,WACO,TX,76710,fd2ff2772ac2144bc6d363e4d1b2333d59cf4b15879ec357328ca37258423bc7,https://apps.hhs.texas.gov/providers/directories/DAHS.xlsx,2026-09-30T13:16:17.102715+00:00,2026-09-28,295ab65c18950ef193472685451467ff95eb3e33b0fb4b279a0c911ae962b0d2
TX_DAHS,105260,343,SARAH CARE ADULT DAY CARE CENTERS OF THE WOODLANDS,DAHS,YES,NO,MONTGOMERY,157 NURSERY ROAD,THE WOODLANDS,TX,77380,fd2ff2772ac2144bc6d363e4d1b2333d59cf4b15879ec357328ca37258423bc7,https://apps.hhs.texas.gov/providers/directories/DAHS.xlsx,2026-09-30T13:16:17.102715+00:00,2026-09-28,1b0acef7daf78e26207aed3e7627ffd694251b11966b7e2eb35dddd4daf80bd8
TX_DAHS,101850,344,CORPUS CHRISTI ADULT DAY CARE LTD,DAHS,YES,NO,NUECES,2020 GOLLIHAR ROAD,CORPUS CHRISTI,TX,78416,fd2ff2772ac2144bc6d363e4d1b2333d59cf4b15879ec357328ca37258423bc7,https://apps.hhs.texas.gov/providers/directories/DAHS.xlsx,2026-09-30T13:16:17.102715+00:00,2026-09-28,9bb4e3b638e4409ba038be03d87ec3e56ac32e0e1b833a85631a2e136735f8b4
TX_DAHS,111387,345,"CORPUS CHRISTI ADULT DAY CARE, LTD",DAHS-ISS,YES,NO,NUECES,2020 GOLLIHAR RD.,CORPUS CHRISTI,TEXAS,78416,fd2ff2772ac2144bc6d363e4d1b2333d59cf4b15879ec357328ca37258423bc7,https://apps.hhs.texas.gov/providers/directories/DAHS.xlsx,2026-09-30T13:16:17.102715+00:00,2026-09-28,640dd7b288a3a30a3a9c59c49535328562a5c6be4e9e7cc8b22385df171aec5d
TX_DAHS,102627,346,TEXAS ADULT DAY CARE  CORPUS CHRISTI,DAHS,YES,NO,NUECES,3529 MORGAN STREET,CORPUS CHRISTI,TX,78405,fd2ff2772ac2144bc6d363e4d1b2333d59cf4b15879ec357328ca37258423bc7,https://apps.hhs.texas.gov/providers/directories/DAHS.xlsx,2026-09-30T13:16:17.102715+00:00,2026-09-28,93aa63f0c27ea6ff59d65952372e28ff8dde02e09e101c75f6d2491a6ec0fb1c
TX_DAHS,003308,347,JAN WERNER ADULT DAY CARE CENTER,DAHS,YES,NO,RANDALL,3108 S FILLMORE,AMARILLO,TX,79110,fd2ff2772ac2144bc6d363e4d1b2333d59cf4b15879ec357328ca37258423bc7,https://apps.hhs.texas.gov/providers/directories/DAHS.xlsx,2026-09-30T13:16:17.102715+00:00,2026-09-28,6eaece8be1ab3986565f2da8172f3f52c062103dac55651fc6b32eb881d2b735
TX_DAHS,111799,348,PURE HEALS ADULT MEDICAL COMPLEX,DAHS-ISS,YES,NO,RANDALL,201 WESTGATE PRKWY W A2,AMARILLO,TEXAS,79121,fd2ff2772ac2144bc6d363e4d1b2333d59cf4b15879ec357328ca37258423bc7,https://apps.hhs.texas.gov/providers/directories/DAHS.xlsx,2026-09-30T13:16:17.102715+00:00,2026-09-28,b8be3fd438a1293dba73760296a3be98c68fafe041aa854015917bdc76a75658
TX_DAHS,104786,349,NIXON ADULT DAY CENTER OF SAN JACINTO,DAHS,YES,NO,SAN JACINTO,931 N BYRD AVE,SHEPHERD,TX,77371,fd2ff2772ac2144bc6d363e4d1b2333d59cf4b15879ec357328ca37258423bc7,https://apps.hhs.texas.gov/providers/directories/DAHS.xlsx,2026-09-30T13:16:17.102715+00:00,2026-09-28,dbb1bc55740978cc5764cc06c40a7368c60eb97ad48e3b92877357d4d67c0d9d
TX_DAHS,111315,350,NIXON ADULT DAY CENTER OF SAN JACINTO COUNTY,DAHS-ISS,YES,NO,SAN JACINTO,931 N BYRD AVE,SHEPHERD,TX,77371,fd2ff2772ac2144bc6d363e4d1b2333d59cf4b15879ec357328ca37258423bc7,https://apps.hhs.texas.gov/providers/directories/DAHS.xlsx,2026-09-30T13:16:17.102715+00:00,2026-09-28,b9ec38c103d195d5d672932073ec619064222af9011ac7472efb027f55ab27c2
TX_DAHS,111394,351,VIP ADULT DAY CARE,DAHS-ISS,YES,NO,SAN PATRICIO,114 N VINEYARD,SINTON,TEXAS,78387,fd2ff2772ac2144bc6d363e4d1b2333d59cf4b15879ec357328ca37258423bc7,https://apps.hhs.texas.gov/providers/directories/DAHS.xlsx,2026-09-30T13:16:17.102715+00:00,2026-09-28,65ba9caa3747d55d3ad2d0d0221dcf3e2a7be22cbc9ac78cfe4e34284e9636b5
TX_DAHS,103575,352,LOS GIRASOLES ADULT DAY CARE,DAHS,YES,NO,STARR,5997 E US HWY 83,RIO GRANDE,TX,78582,fd2ff2772ac2144bc6d363e4d1b2333d59cf4b15879ec357328ca37258423bc7,https://apps.hhs.texas.gov/providers/directories/DAHS.xlsx,2026-09-30T13:16:17.102715+00:00,2026-09-28,db2f921f5018975d54dc6fd7326998b2ff1bf75ed76ab60239578ee5121b84b5
TX_DAHS,111707,353,CONCHITAS ADULT DAY CARE  LLC,DAHS,YES,NO,STARR,108 E MAIN ST,RIO GRANDE CITY,TX,78582,fd2ff2772ac2144bc6d363e4d1b2333d59cf4b15879ec357328ca37258423bc7,https://apps.hhs.texas.gov/providers/directories/DAHS.xlsx,2026-09-30T13:16:17.102715+00:00,2026-09-28,0425252913a066bbbde72e84a123b8fc25f376c305caf3cc23af5462ebdef94b
TX_DAHS,110201,354,CROSSROADS ADULT DAY CARE LLC,DAHS,YES,NO,STARR,"4574 E US HWY 83, SUITE B",RIO GRANDE CITY,TEXAS,78582,fd2ff2772ac2144bc6d363e4d1b2333d59cf4b15879ec357328ca37258423bc7,https://apps.hhs.texas.gov/providers/directories/DAHS.xlsx,2026-09-30T13:16:17.102715+00:00,2026-09-28,67c201e69ad36e07e91f9ef453e6f9b72b7a732d9354434cc8bf42d4d1d9b8d4
TX_DAHS,103658,355,D'MARIA ADULT DAY CARE LLC,DAHS,YES,NO,STARR,101 N. FM 3167 SUITE 113/114,RIO GRANDE CITY,TX,78582,fd2ff2772ac2144bc6d363e4d1b2333d59cf4b15879ec357328ca37258423bc7,https://apps.hhs.texas.gov/providers/directories/DAHS.xlsx,2026-09-30T13:16:17.102715+00:00,2026-09-28,1dcef377e485a2eb21431f889298f21b0f483eb0c85bbcdacd8e0e9c8798e7b0
TX_DAHS,110152,356,LINDO AMANECER ADULT DAY CARE,DAHS,YES,NO,STARR,5105 S. EMBASSY STREET,RIO GRANDE CITY,TEXAS,78582,fd2ff2772ac2144bc6d363e4d1b2333d59cf4b15879ec357328ca37258423bc7,https://apps.hhs.texas.gov/providers/directories/DAHS.xlsx,2026-09-30T13:16:17.102715+00:00,2026-09-28,2d217d811a2997dd9bcf520a8354532660e6c871a7b944a24501a526781812ee
TX_DAHS,110383,357,MI LINDA FAMILIA ADULT DAY CARE LLC,DAHS,YES,NO,STARR,202 N FLORES ST,RIO GRANDE CITY,TEXAS,78582,fd2ff2772ac2144bc6d363e4d1b2333d59cf4b15879ec357328ca37258423bc7,https://apps.hhs.texas.gov/providers/directories/DAHS.xlsx,2026-09-30T13:16:17.102715+00:00,2026-09-28,4b34fddd64cc2e1ec83abb71aa2597b226d748078070720877809c86f336204e
TX_DAHS,103651,358,MIS MEJORES ANOS ADULT DAYCARE LLC,DAHS,YES,NO,STARR,7 ELVIA ZARATE ST,RIO GRANDE CITY,TX,78582,fd2ff2772ac2144bc6d363e4d1b2333d59cf4b15879ec357328ca37258423bc7,https://apps.hhs.texas.gov/providers/directories/DAHS.xlsx,2026-09-30T13:16:17.102715+00:00,2026-09-28,b4262c1ecf5ba749e893951e4e73bfa228fbc8f0fe1cc3c89e5b5593bd6f3350
TX_DAHS,104662,359,PARAISO DEL RIO ADULT DAY CARE LLC,DAHS,YES,NO,STARR,2915 ALPHA ST STE B,RIO GRANDE CITY,TX,78582,fd2ff2772ac2144bc6d363e4d1b2333d59cf4b15879ec357328ca37258423bc7,https://apps.hhs.texas.gov/providers/directories/DAHS.xlsx,2026-09-30T13:16:17.102715+00:00,2026-09-28,d5f7a3cf7d81f6fbf86826fde777676ef5fe54b277ae8fbaad4e59eaa2996d8e
TX_DAHS,105066,360,VIDA BENDITA ADULT DAY CARE LLC,DAHS,YES,NO,STARR,2911 ALPHA ST,RIO GRANDE CITY,TX,78582,fd2ff2772ac2144bc6d363e4d1b2333d59cf4b15879ec357328ca37258423bc7,https://apps.hhs.texas.gov/providers/directories/DAHS.xlsx,2026-09-30T13:16:17.102715+00:00,2026-09-28,268fdc27dc1e2c611858b1a905284c08b9932d8f68ab1e3e47d484b2e81b1480
TX_DAHS,106828,361,BELLA ESPERANZA ADULT DAY CARE,DAHS,YES,NO,STARR,5145 OLD ESCOBARES HIGHWAY 83,ROMA,TX,78584,fd2ff2772ac2144bc6d363e4d1b2333d59cf4b15879ec357328ca37258423bc7,https://apps.hhs.texas.gov/providers/directories/DAHS.xlsx,2026-09-30T13:16:17.102715+00:00,2026-09-28,b195f714c11b2296c744dd1f8cbbeb44fda526517101e1326e5297c3ca7cd77e
TX_DAHS,100103,362,ENSENADA ADULT DAY CARE,DAHS,YES,NO,STARR,1618 E GRANT ST,ROMA,TX,78584,fd2ff2772ac2144bc6d363e4d1b2333d59cf4b15879ec357328ca37258423bc7,https://apps.hhs.texas.gov/providers/directories/DAHS.xlsx,2026-09-30T13:16:17.102715+00:00,2026-09-28,39a3947fca4b9bc4493e2c4711fb5f72590ee2dd512ec69d9e079faab25e2218
TX_DAHS,102776,363,MI OTRA CASITA  EL PARAISO ADULT DAY CARE CENTER,DAHS,YES,NO,STARR,3000 AZALEA ST #15,ROMA,TX,78584,fd2ff2772ac2144bc6d363e4d1b2333d59cf4b15879ec357328ca37258423bc7,https://apps.hhs.texas.gov/providers/directories/DAHS.xlsx,2026-09-30T13:16:17.102715+00:00,2026-09-28,3b9a258ba3209931dd291644f393d2d586af7b76d8a8d44da8f85639db27b7fb
TX_DAHS,104037,364,NUEVA ESPERANZA ADULT DAY CARE LLC,DAHS,YES,NO,STARR,228 CORMORANT CIR,ROMA,TX,78584,fd2ff2772ac2144bc6d363e4d1b2333d59cf4b15879ec357328ca37258423bc7,https://apps.hhs.texas.gov/providers/directories/DAHS.xlsx,2026-09-30T13:16:17.102715+00:00,2026-09-28,6c7eba5eebcde8234cb75ebc8ebece2f206f852c6aa53806e41d6eeb436c5139
TX_DAHS,003384,365,VIDA LINDA ADULT DAY CARE,DAHS,YES,NO,STARR,1102 GRANT ST,ROMA,TX,78584,fd2ff2772ac2144bc6d363e4d1b2333d59cf4b15879ec357328ca37258423bc7,https://apps.hhs.texas.gov/providers/directories/DAHS.xlsx,2026-09-30T13:16:17.102715+00:00,2026-09-28,e28c9150cf558795d9ff415758f0022fed899d62f80a0d66528cccd32b3a28eb
TX_DAHS,104562,366,TEXAS GOLDEN AGE ADC CORP,DAHS,YES,NO,TARRANT,1115 W PIONEER PRKWY,ARLINGTON,TX,76013,fd2ff2772ac2144bc6d363e4d1b2333d59cf4b15879ec357328ca37258423bc7,https://apps.hhs.texas.gov/providers/directories/DAHS.xlsx,2026-09-30T13:16:17.102715+00:00,2026-09-28,450802101db6ad7ed7a0c018a5b454fef62ea2a1fc81fdc1603c7dd7fc1037f8
TX_DAHS,111647,367,YOUNG HEARTS ADULT DAY CARE,DAHS,YES,NO,TARRANT,710 SW GREEN OAKS BLVD. SUITE 100,ARLINGTON,TEXAS,76017,fd2ff2772ac2144bc6d363e4d1b2333d59cf4b15879ec357328ca37258423bc7,https://apps.hhs.texas.gov/providers/directories/DAHS.xlsx,2026-09-30T13:16:17.102715+00:00,2026-09-28,eb6621436456c7cf37470c83f9fc2f327710440e72b353bd156e3bb593110819
TX_DAHS,106793,368,BEDFORD ENCORE ADEC LLC,DAHS,YES,NO,TARRANT,2928 BLUE QUAIL LANE,BEDFORD,TX,76021,fd2ff2772ac2144bc6d363e4d1b2333d59cf4b15879ec357328ca37258423bc7,https://apps.hhs.texas.gov/providers/directories/DAHS.xlsx,2026-09-30T13:16:17.102715+00:00,2026-09-28,d21ce263ee78eb4cdcfc16c746b397ec0448620559d29e2d633bae7d6e83d37b
TX_DAHS,003036,369,ARLINGTON ADULT DAY HEALTH CARE,DAHS,YES,NO,TARRANT,2117-B ROOSEVELT DR,DALWORTHINGTON GARDENS,TX,76013,fd2ff2772ac2144bc6d363e4d1b2333d59cf4b15879ec357328ca37258423bc7,https://apps.hhs.texas.gov/providers/directories/DAHS.xlsx,2026-09-30T13:16:17.102715+00:00,2026-09-28,376d7aa60fd6416c288023325874b38cd98f5584ecb8a3849cb6849de5906e34
TX_DAHS,111628,370,COME READ WITH ME,DAHS-ISS,YES,NO,TARRANT,901 CLINIC DRIVE #D109,EULESS,TEXAS,76039,fd2ff2772ac2144bc6d363e4d1b2333d59cf4b15879ec357328ca37258423bc7,https://apps.hhs.texas.gov/providers/directories/DAHS.xlsx,2026-09-30T13:16:17.102715+00:00,2026-09-28,56efc0adf9a40990db8783a37e784459a334f860b5648773e4cc14d5152c0598
TX_DAHS,111618,371,DORSEY’S HOUSE ADULT DAY CENTER,DAHS,YES,NO,TARRANT,5415 EAST LANCASTER AVENUE,FORT WORTH,TX,76112,fd2ff2772ac2144bc6d363e4d1b2333d59cf4b15879ec357328ca37258423bc7,https://apps.hhs.texas.gov/providers/directories/DAHS.xlsx,2026-09-30T13:16:17.102715+00:00,2026-09-28,b89142b7a3f17faec4a668d23c94a41e06cdade2a3a8c2502c4bf9381910cedb
TX_DAHS,111704,372,DORSEY'SHOUSE DBA DORSEY'S HOUSE ADULT DAY CENTER,DAHS-ISS,YES,NO,TARRANT,5415 E. LANCASTER,FORT WORTH,TX,76112,fd2ff2772ac2144bc6d363e4d1b2333d59cf4b15879ec357328ca37258423bc7,https://apps.hhs.texas.gov/providers/directories/DAHS.xlsx,2026-09-30T13:16:17.102715+00:00,2026-09-28,7f46b4baed90663a567402251959e7a534615b65d5b9368cb56f9ab680c8a8c5
TX_DAHS,111559,373,JAMES L WEST CENTER SENIOR ADULT DAY PROGRAM,DAHS,YES,NO,TARRANT,6050 HARRIS PARKWAY,FORT WORTH,TX,76132,fd2ff2772ac2144bc6d363e4d1b2333d59cf4b15879ec357328ca37258423bc7,https://apps.hhs.texas.gov/providers/directories/DAHS.xlsx,2026-09-30T13:16:17.102715+00:00,2026-09-28,2c82ac2ec31225def7087a39895449b2fa72db6fddc1a2a9427a731824f1e932
TX_DAHS,103576,374,SILVERSPRINGS CENTRAL ADULT DAYCARE CENTER INC,DAHS,YES,NO,TARRANT,1401 CLINTON AVE,FORT WORTH,TEXAS,76164,fd2ff2772ac2144bc6d363e4d1b2333d59cf4b15879ec357328ca37258423bc7,https://apps.hhs.texas.gov/providers/directories/DAHS.xlsx,2026-09-30T13:16:17.102715+00:00,2026-09-28,32a18e490c106383cf1142a39ee6fd347c45a4752fba9c430df42a3eb254f9f1
TX_DAHS,106430,375,"SILVERSPRINGS NOBLE ADULT DAYCARE CENTER, INC",DAHS,YES,NO,TARRANT,401 N RIVERSIDE DR,FORT WORTH,TEXAS,76111,fd2ff2772ac2144bc6d363e4d1b2333d59cf4b15879ec357328ca37258423bc7,https://apps.hhs.texas.gov/providers/directories/DAHS.xlsx,2026-09-30T13:16:17.102715+00:00,2026-09-28,6e3f3ffd211043c9b30861d0dd0ede5b880f0aa69884f318bdf6c09054fc3488
TX_DAHS,111910,376,BIG HEARTS DAY HABILITATION CENTER,DAHS-ISS,YES,NO,TARRANT,400 INDUSTRIAL BLVD SUITE 208,MANSFIELD,TEXAS,76063,fd2ff2772ac2144bc6d363e4d1b2333d59cf4b15879ec357328ca37258423bc7,https://apps.hhs.texas.gov/providers/directories/DAHS.xlsx,2026-09-30T13:16:17.102715+00:00,2026-09-28,4403fb6d5faa3f08e94b93ac866e07d816c114ac9f8f742ab59f4e8c1d392a92
TX_DAHS,111807,377,ELDERHAVEN ADULT DAY CARE,DAHS,YES,NO,TRAVIS,9400 ALICE MAE LN,AUSTIN,TX,78748,fd2ff2772ac2144bc6d363e4d1b2333d59cf4b15879ec357328ca37258423bc7,https://apps.hhs.texas.gov/providers/directories/DAHS.xlsx,2026-09-30T13:16:17.102715+00:00,2026-09-28,84cbb6e3625a10bb7139517226d0ba95593ff1c3c4572f8245fe37c91749a013
TX_DAHS,110994,378,"TOWN SQUARE NW AUSTIN, TX",DAHS,YES,NO,TRAVIS,"13450 RESEARCH BLVD., UNIT 106",AUSTIN,TX,78750,fd2ff2772ac2144bc6d363e4d1b2333d59cf4b15879ec357328ca37258423bc7,https://apps.hhs.texas.gov/providers/directories/DAHS.xlsx,2026-09-30T13:16:17.102715+00:00,2026-09-28,e15dbea3079441b8ee45c83c6ed2213c8b22663e42f38e05b8ef629bbb933c64
TX_DAHS,102668,379,WILLOW CREEK ADULT DAY CARE,DAHS,YES,NO,VAL VERDE,504 VITELA,DEL RIO,TX,78840,fd2ff2772ac2144bc6d363e4d1b2333d59cf4b15879ec357328ca37258423bc7,https://apps.hhs.texas.gov/providers/directories/DAHS.xlsx,2026-09-30T13:16:17.102715+00:00,2026-09-28,6e39480e20f8ba86fb7d31c5d55b4a8f14a7c0addcaaf5e708c314ee771501a3
TX_DAHS,111818,380,A BETTER ADULT DAYCARE,DAHS-ISS,YES,NO,VICTORIA,1408 MELROSE,VICTORIA,TEXAS,77901,fd2ff2772ac2144bc6d363e4d1b2333d59cf4b15879ec357328ca37258423bc7,https://apps.hhs.texas.gov/providers/directories/DAHS.xlsx,2026-09-30T13:16:17.102715+00:00,2026-09-28,63270f2d1e4afba8447698c69900ff891739995f36615d0ff6a2de29d382cb4d
TX_DAHS,003242,381,AFFECTIONATE ARMS ADULT DAY HEALTH CARE CENTER,DAHS,YES,NO,VICTORIA,3802 JOHN STOCKBAUER,VICTORIA,TX,77904,fd2ff2772ac2144bc6d363e4d1b2333d59cf4b15879ec357328ca37258423bc7,https://apps.hhs.texas.gov/providers/directories/DAHS.xlsx,2026-09-30T13:16:17.102715+00:00,2026-09-28,fce38ae4359ea38ddddc187938fdcd1265145a0c2b4a03ef98be3a6ccb732499
TX_DAHS,001539,382,BUENOS DIAS ADULT DAY CARE,DAHS,YES,NO,WEBB,2100 CORPUS CHRISTI ST STE #1,LAREDO,TX,78043,fd2ff2772ac2144bc6d363e4d1b2333d59cf4b15879ec357328ca37258423bc7,https://apps.hhs.texas.gov/providers/directories/DAHS.xlsx,2026-09-30T13:16:17.102715+00:00,2026-09-28,e549b9f3f800382d515e9a9d710b5f9563350a40f1254ab6faac840b43b05fcf
TX_DAHS,110199,383,DAYBREAK ADULT DAY CARE,DAHS,YES,NO,WEBB,501 MARINA STE 3,LAREDO,TEXAS,78046,fd2ff2772ac2144bc6d363e4d1b2333d59cf4b15879ec357328ca37258423bc7,https://apps.hhs.texas.gov/providers/directories/DAHS.xlsx,2026-09-30T13:16:17.102715+00:00,2026-09-28,35cb84343f1458eb09b1aaef0b17b7e841e7f9fcb6db69a7906ccfbce9c4299a
TX_DAHS,105201,384,ESMERALDA'S ADULT DAY CARE,DAHS,YES,NO,WEBB,1320 LAFAYETTE STREET,LAREDO,TX,78041,fd2ff2772ac2144bc6d363e4d1b2333d59cf4b15879ec357328ca37258423bc7,https://apps.hhs.texas.gov/providers/directories/DAHS.xlsx,2026-09-30T13:16:17.102715+00:00,2026-09-28,24258e22c410e98b61fb8600bf3489275e2fe6d7e9f4fa8c4d56f29c2a8c80dc
TX_DAHS,103150,385,"FIESTA ADULT DAY CARE, INC",DAHS,YES,NO,WEBB,6508 N BARTLETT AVE STE A,LAREDO,TX,78041,fd2ff2772ac2144bc6d363e4d1b2333d59cf4b15879ec357328ca37258423bc7,https://apps.hhs.texas.gov/providers/directories/DAHS.xlsx,2026-09-30T13:16:17.102715+00:00,2026-09-28,1dfc2218f6a6c753dc81f280a70fd4fddfe6f83c016f131f78c08214bd0cf389
TX_DAHS,010221,386,WILLOW SERVICES INC,DAHS,YES,NO,WEBB,2502 E TRAVIS,LAREDO,TEXAS,78043,fd2ff2772ac2144bc6d363e4d1b2333d59cf4b15879ec357328ca37258423bc7,https://apps.hhs.texas.gov/providers/directories/DAHS.xlsx,2026-09-30T13:16:17.102715+00:00,2026-09-28,af1fcb26419061c77cf6ab0a5ac0036c47b15d2e81e6ff59b55d2d820f826018
TX_DAHS,111456,387,ALMOST HEAVEN ADULT DAY CARE LLC,DAHS,YES,NO,WILLACY,13514 BROADWAY AVE,LYFORD,TX,78569,fd2ff2772ac2144bc6d363e4d1b2333d59cf4b15879ec357328ca37258423bc7,https://apps.hhs.texas.gov/providers/directories/DAHS.xlsx,2026-09-30T13:16:17.102715+00:00,2026-09-28,cc3c27eb7a18aa76ecdf68f29bee5972a6cc4ee54e1ba2495a9e0ed91eacca4b
TX_DAHS,003419,388,MIRASOLES ADULT DAY CARE I,DAHS,YES,NO,WILLACY,619 E HIDALGO AVE,RAYMONDVILLE,TX,78580,fd2ff2772ac2144bc6d363e4d1b2333d59cf4b15879ec357328ca37258423bc7,https://apps.hhs.texas.gov/providers/directories/DAHS.xlsx,2026-09-30T13:16:17.102715+00:00,2026-09-28,0fccb6c6e502322df6e43fc1f803bcd5907870c31a09419c7f92bfc7392d8285
TX_DAHS,003288,389,ELDERHAVEN ADC WILLIAMSON COUNTY,DAHS,YES,NO,WILLIAMSON,475 ROUND ROCK WEST STE 120,ROUND ROCK,TX,78681,fd2ff2772ac2144bc6d363e4d1b2333d59cf4b15879ec357328ca37258423bc7,https://apps.hhs.texas.gov/providers/directories/DAHS.xlsx,2026-09-30T13:16:17.102715+00:00,2026-09-28,86a27f171877d2f1dccececff4cfb88eb679dc63b9d5fef7ac2e4d306b0a81a1
TX_DAHS,104252,390,UN NUEVO DIA DE ALEGRIA LLC,DAHS,YES,NO,ZAPATA,202 & 6TH AVE,ZAPATA,TX,78076,fd2ff2772ac2144bc6d363e4d1b2333d59cf4b15879ec357328ca37258423bc7,https://apps.hhs.texas.gov/providers/directories/DAHS.xlsx,2026-09-30T13:16:17.102715+00:00,2026-09-28,322d6223ed8fa9c2a49e57f822ad010576ab9b4db0015dfe7a887f4d8f98e593
TX_DAHS,104640,391,VIDA NUEVA ADULT DAY CARE,DAHS,YES,NO,ZAVALA,409 W. ZAVALA,CRYSTAL CITY,TX,78839,fd2ff2772ac2144bc6d363e4d1b2333d59cf4b15879ec357328ca37258423bc7,https://apps.hhs.texas.gov/providers/directories/DAHS.xlsx,2026-09-30T13:16:17.102715+00:00,2026-09-28,6a44e5a446406c5beaa9d529abf5566a4ea96a901b7d636cb454ff4838716513
TX_DAHS_ISS_ONLY,110784,3,GATEWAY COMMUNITY PARTNERS INC,DAHS-ISSONLY,YES,NO,ANDERSON,201 ACR 142,PALESTINE,TEXAS,75801,f9bdf6d39a118b4a4ff293674bab46416237cdfe51ad81a55f862aa7c94d1860,https://apps.hhs.texas.gov/providers/directories/dahs_issonly.xlsx,2026-09-30T13:16:18.681388+00:00,2026-09-28,25e56a437c5326315f81d4470313496bc92c2c8f63a4bb76a8f980160fe25be3
TX_DAHS_ISS_ONLY,111010,4,BURKE CENTER,DAHS-ISSONLY,YES,NO,ANGELINA,2215 N. JOHN REDDITT DR.,LUFKIN,TEXAS,75904,f9bdf6d39a118b4a4ff293674bab46416237cdfe51ad81a55f862aa7c94d1860,https://apps.hhs.texas.gov/providers/directories/dahs_issonly.xlsx,2026-09-30T13:16:18.681388+00:00,2026-09-28,e0dcbb5ecf54c81b18e3591349c4ad3b3c36e28e9ac85b3c5333279b1c4e4505
TX_DAHS_ISS_ONLY,110753,5,GATEWAY COMMUNITY PARTNERS INC,DAHS-ISSONLY,YES,NO,ANGELINA,1305 TULANE,LUFKIN,TEXAS,75902,f9bdf6d39a118b4a4ff293674bab46416237cdfe51ad81a55f862aa7c94d1860,https://apps.hhs.texas.gov/providers/directories/dahs_issonly.xlsx,2026-09-30T13:16:18.681388+00:00,2026-09-28,635bc168c32ae2c4b5d7a4972b6f110aed0ef38b09fe428359299199b478ce89
TX_DAHS_ISS_ONLY,110953,6,OAK CREEK DAY HABILITATIONVOCATIONAL CENTER,DAHS-ISSONLY,YES,NO,ANGELINA,1514 W FRANK AVENUE,LUFKIN,TX,75904,f9bdf6d39a118b4a4ff293674bab46416237cdfe51ad81a55f862aa7c94d1860,https://apps.hhs.texas.gov/providers/directories/dahs_issonly.xlsx,2026-09-30T13:16:18.681388+00:00,2026-09-28,e9c6e791b8d681ebcc2f8966ddfa1ea50eac8003eed23ab435d6bf38e76c0651
TX_DAHS_ISS_ONLY,111992,7,QUEST VOCATIONAL CENTER,DAHS-ISSONLY,YES,NO,ANGELINA,418 N SECOND ST,LUFKIN,TX,75901,f9bdf6d39a118b4a4ff293674bab46416237cdfe51ad81a55f862aa7c94d1860,https://apps.hhs.texas.gov/providers/directories/dahs_issonly.xlsx,2026-09-30T13:16:18.681388+00:00,2026-09-28,2fec21a0f02ec7d5b4071bd3cb3f3d0ccff50fb35bb1e7d6adea74d6290f2cec
TX_DAHS_ISS_ONLY,111117,8,THE INNOVATIVE HOMES OF DEEP EAST TEXAS INC,DAHS-ISSONLY,YES,NO,ANGELINA,518 SOUTH THIRD STREET,LUFKIN,TEXAS,75901,f9bdf6d39a118b4a4ff293674bab46416237cdfe51ad81a55f862aa7c94d1860,https://apps.hhs.texas.gov/providers/directories/dahs_issonly.xlsx,2026-09-30T13:16:18.681388+00:00,2026-09-28,d8b5361df65b895027062b450e11f73b02411b3cce7d5ec5900dbdd9ac00ff8d
TX_DAHS_ISS_ONLY,111084,9,CAMINO REAL COMMUNITY SERVICESATASCOSA WORK CENTER,DAHS-ISSONLY,YES,NO,ATASCOSA,510 AVENUE H,POTEET,TEXAS,78065,f9bdf6d39a118b4a4ff293674bab46416237cdfe51ad81a55f862aa7c94d1860,https://apps.hhs.texas.gov/providers/directories/dahs_issonly.xlsx,2026-09-30T13:16:18.681388+00:00,2026-09-28,fdc1dbea9ed0ec5a20e54418f62b8304649073ad00d89c5e1ecdf2f1f242a521
TX_DAHS_ISS_ONLY,112211,10,"COUNTRY PARADISE LIVING, LLC",DAHS-ISSONLY,YES,NO,ATASCOSA,901 PRIVATE ROAD D55,POTEET,TX,78065,f9bdf6d39a118b4a4ff293674bab46416237cdfe51ad81a55f862aa7c94d1860,https://apps.hhs.texas.gov/providers/directories/dahs_issonly.xlsx,2026-09-30T13:16:18.681388+00:00,2026-09-28,f593f31aaa9bac8bdcfc96a9f7685891dcf0837836a20e4f1af33780ef778f40
TX_DAHS_ISS_ONLY,112120,11,"COUNTRY PARADISE LIVING,LLC",DAHS-ISSONLY,YES,NO,ATASCOSA,1208 S DONATO RD,POTEET,TX,78065,f9bdf6d39a118b4a4ff293674bab46416237cdfe51ad81a55f862aa7c94d1860,https://apps.hhs.texas.gov/providers/directories/dahs_issonly.xlsx,2026-09-30T13:16:18.681388+00:00,2026-09-28,4afce9ad96e2421a5a093e9a675928b0cba84baf39b0e9f2431abf107ae75d26
TX_DAHS_ISS_ONLY,111126,12,AMAZIN GRACE DAY HABILITATION PROGRAM,DAHS-ISSONLY,YES,NO,BASTROP,150 SETTLEMENT DR.   ST.A,BASTROP,TX,78602,f9bdf6d39a118b4a4ff293674bab46416237cdfe51ad81a55f862aa7c94d1860,https://apps.hhs.texas.gov/providers/directories/dahs_issonly.xlsx,2026-09-30T13:16:18.681388+00:00,2026-09-28,6c59e1b2d62bbfbd89945b3096f3d3266c657e77dbb6ec160cacb840060deaaf
TX_DAHS_ISS_ONLY,111527,13,TWO BROTHERS DAY HAB,DAHS-ISSONLY,YES,NO,BASTROP,108 DEPOT ST.,ELGIN,TEXAS,78621,f9bdf6d39a118b4a4ff293674bab46416237cdfe51ad81a55f862aa7c94d1860,https://apps.hhs.texas.gov/providers/directories/dahs_issonly.xlsx,2026-09-30T13:16:18.681388+00:00,2026-09-28,a4e6134bc51ffb1a2780ad445ff5fbe35ffbb5167c93569552f37c3ca650c700
TX_DAHS_ISS_ONLY,110881,14,"ABIDING CHOICE, INC",DAHS-ISSONLY,YES,NO,BELL,703 NORTH MAIN STREET,BELTON,TEXAS,76513,f9bdf6d39a118b4a4ff293674bab46416237cdfe51ad81a55f862aa7c94d1860,https://apps.hhs.texas.gov/providers/directories/dahs_issonly.xlsx,2026-09-30T13:16:18.681388+00:00,2026-09-28,9e71945a31203397b8f182ae23c73cbebffa20d228dbd405c30f7fb1c7d01a2e
TX_DAHS_ISS_ONLY,111622,15,ELDRED'S NURSERY FOUNDATION,DAHS-ISSONLY,YES,NO,BELL,1220 B NORTH MAIN STREET,BELTON,TX,76513,f9bdf6d39a118b4a4ff293674bab46416237cdfe51ad81a55f862aa7c94d1860,https://apps.hhs.texas.gov/providers/directories/dahs_issonly.xlsx,2026-09-30T13:16:18.681388+00:00,2026-09-28,f2f92ffdb4eb864225afd1448826d54756979667681d723c609980b6bae923b8
TX_DAHS_ISS_ONLY,111011,16,TEMPLE DAYHAB,DAHS-ISSONLY,YES,NO,BELL,500 SPARTA ROAD,BELTON,TEXAS,76513,f9bdf6d39a118b4a4ff293674bab46416237cdfe51ad81a55f862aa7c94d1860,https://apps.hhs.texas.gov/providers/directories/dahs_issonly.xlsx,2026-09-30T13:16:18.681388+00:00,2026-09-28,31fa58e16fb6acbd0fc8ebc5059b146d9342f0fec9e75c9c612f12671413430d
TX_DAHS_ISS_ONLY,110876,17,THE JAYBIRD LEARNING ACADEMY INC,DAHS-ISSONLY,YES,NO,BELL,"515 E VETERANS MEMORIAL BLVD, SUITE B",HARKER HEIGHTS,TEXAS,76548,f9bdf6d39a118b4a4ff293674bab46416237cdfe51ad81a55f862aa7c94d1860,https://apps.hhs.texas.gov/providers/directories/dahs_issonly.xlsx,2026-09-30T13:16:18.681388+00:00,2026-09-28,438ae6834d044348e7a2e01c42796808922b2d11a9756d1fe3f7032629328d1b
TX_DAHS_ISS_ONLY,110773,18,CENTRAL COUNTIES SERVICESKILLEEN,DAHS-ISSONLY,YES,NO,BELL,100 EAST AVE A.,KILLEEN,TX,76541,f9bdf6d39a118b4a4ff293674bab46416237cdfe51ad81a55f862aa7c94d1860,https://apps.hhs.texas.gov/providers/directories/dahs_issonly.xlsx,2026-09-30T13:16:18.681388+00:00,2026-09-28,912c0172bf59b71cdf1e62dad43d907183d667e2cf390034061dbc8599bc83f0
TX_DAHS_ISS_ONLY,112071,19,KILLEEN TRAINING CENTERWALES DRIVE,DAHS-ISSONLY,YES,NO,BELL,1011 WALES DR.,KILLEEN,TX,76549,f9bdf6d39a118b4a4ff293674bab46416237cdfe51ad81a55f862aa7c94d1860,https://apps.hhs.texas.gov/providers/directories/dahs_issonly.xlsx,2026-09-30T13:16:18.681388+00:00,2026-09-28,2e2d3803b1a98d91fab4792a70078d75b30b6bcfffff301c8d6d41293ca42a63
TX_DAHS_ISS_ONLY,111191,20,MIDDLETON DAY HABILITATION CENTER OUTREACH INC,DAHS-ISSONLY,YES,NO,BELL,111 N. 2ND STREET,KILLEEN,TEXAS,76541,f9bdf6d39a118b4a4ff293674bab46416237cdfe51ad81a55f862aa7c94d1860,https://apps.hhs.texas.gov/providers/directories/dahs_issonly.xlsx,2026-09-30T13:16:18.681388+00:00,2026-09-28,0dce64ac9996a330930b724d15c39ee9b60c461069118e39fc4a706480d7d89b
TX_DAHS_ISS_ONLY,112204,21,WALNUT GROVE COMMUNITY SERVICES,DAHS-ISSONLY,YES,NO,BELL,809 N GRAY STREET,KILLEEN,TEXAS,76541,f9bdf6d39a118b4a4ff293674bab46416237cdfe51ad81a55f862aa7c94d1860,https://apps.hhs.texas.gov/providers/directories/dahs_issonly.xlsx,2026-09-30T13:16:18.681388+00:00,2026-09-28,890db7c8d49e0eccd58e0ce3f618e0f4828d14148a86b1e5959784c71cb5d361
TX_DAHS_ISS_ONLY,111922,22,WORDLIGHT DAYHABILITATION CENTER,DAHS-ISSONLY,YES,NO,BELL,111 N. 2ND STREET,KILLEEN,TEXAS,76541,f9bdf6d39a118b4a4ff293674bab46416237cdfe51ad81a55f862aa7c94d1860,https://apps.hhs.texas.gov/providers/directories/dahs_issonly.xlsx,2026-09-30T13:16:18.681388+00:00,2026-09-28,306562a811348e2968a703ad49f368d7fc179fac63ef049da96c663d927fa20c
TX_DAHS_ISS_ONLY,110781,23,CENTRAL COUNTIES SERVICES,DAHS-ISSONLY,YES,NO,BELL,2420 S. 37TH ST.,TEMPLE,TX,76504,f9bdf6d39a118b4a4ff293674bab46416237cdfe51ad81a55f862aa7c94d1860,https://apps.hhs.texas.gov/providers/directories/dahs_issonly.xlsx,2026-09-30T13:16:18.681388+00:00,2026-09-28,bf964ba590b6599f72d13e7a89635027f8183aefcd72a6ab0858a4ac39e7f99d
TX_DAHS_ISS_ONLY,110857,24,EDUCARE COMMUNITY LIVING CORPORATION  TEXAS,DAHS-ISSONLY,YES,NO,BELL,2828 COTTONWOOD LANE,TEMPLE,TEXAS,76502,f9bdf6d39a118b4a4ff293674bab46416237cdfe51ad81a55f862aa7c94d1860,https://apps.hhs.texas.gov/providers/directories/dahs_issonly.xlsx,2026-09-30T13:16:18.681388+00:00,2026-09-28,0539ec886d22429a9ff08652be4a72a380b33ef57563f17a85d173f558aa21db
TX_DAHS_ISS_ONLY,111007,25,ANCHOR OF HOPE DAY HAB LLC,DAHS-ISSONLY,YES,NO,BEXAR,2932 HILLCREST DR.,BALCONES HEIGHTS,TEXAS,78201,f9bdf6d39a118b4a4ff293674bab46416237cdfe51ad81a55f862aa7c94d1860,https://apps.hhs.texas.gov/providers/directories/dahs_issonly.xlsx,2026-09-30T13:16:18.681388+00:00,2026-09-28,db26eea9ea686c89090ded207374744110b69e4d0c1128ea3e66550824e49a23
TX_DAHS_ISS_ONLY,112064,26,ADVENTURES WITH MARLENA,DAHS-ISSONLY,YES,NO,BEXAR,9838 WAGON TRAIN,CONVERSE,TEXAS,78109,f9bdf6d39a118b4a4ff293674bab46416237cdfe51ad81a55f862aa7c94d1860,https://apps.hhs.texas.gov/providers/directories/dahs_issonly.xlsx,2026-09-30T13:16:18.681388+00:00,2026-09-28,e517a2d3a86a40b522fc3cd82ded0ae2837beda0566f47bee6a102283a4281f6
TX_DAHS_ISS_ONLY,111721,27,SUNNYSIDE ADULT DAY SERVICES,DAHS-ISSONLY,YES,NO,BEXAR,6643 EASTERN CLOUDS,CONVERSE,TEXAS,78109,f9bdf6d39a118b4a4ff293674bab46416237cdfe51ad81a55f862aa7c94d1860,https://apps.hhs.texas.gov/providers/directories/dahs_issonly.xlsx,2026-09-30T13:16:18.681388+00:00,2026-09-28,d8ae53fe2f64605803e51c970d3aad30be10b54213fdf809178e61666ecf250f
TX_DAHS_ISS_ONLY,112127,28,"HOPE & FAITH WITH GOD'S GRACE HOMING, LLC",DAHS-ISSONLY,YES,NO,BEXAR,3155 ACKERMAN RD. SUITE #108,KIRBY,TEXAS,78219,f9bdf6d39a118b4a4ff293674bab46416237cdfe51ad81a55f862aa7c94d1860,https://apps.hhs.texas.gov/providers/directories/dahs_issonly.xlsx,2026-09-30T13:16:18.681388+00:00,2026-09-28,2918547bc9d1e6bcb165e7e2cba5e34f332e330099b86cfa8fcba8126bcf8c47
TX_DAHS_ISS_ONLY,111515,29,ADELA'S ANGELS LLC,DAHS-ISSONLY,YES,NO,BEXAR,1613 FREDERICKSBURG RD,SAN ANTONIO,TEXAS,78220,f9bdf6d39a118b4a4ff293674bab46416237cdfe51ad81a55f862aa7c94d1860,https://apps.hhs.texas.gov/providers/directories/dahs_issonly.xlsx,2026-09-30T13:16:18.681388+00:00,2026-09-28,8297f6ae383f2befc11826ea37ee8f57cff55e73d0825ecefda9565892571b14
TX_DAHS_ISS_ONLY,110921,30,ADVANTAGE BEHAVIORAL SERVICES,DAHS-ISSONLY,YES,NO,BEXAR,5039 BECKWITH BLVD  105,SAN ANTONIO,TEXAS,78249,f9bdf6d39a118b4a4ff293674bab46416237cdfe51ad81a55f862aa7c94d1860,https://apps.hhs.texas.gov/providers/directories/dahs_issonly.xlsx,2026-09-30T13:16:18.681388+00:00,2026-09-28,141f0d544dadeb4b0bf668ba355b1a14df38af7b8f5c02f5aa59e0551a0e7be4
TX_DAHS_ISS_ONLY,110832,31,"ANGEL CARE CENTER OF SAN ANTONIO, INC",DAHS-ISSONLY,YES,NO,BEXAR,4338 CENTERGATE STREET,SAN ANTONIO,TX,78217,f9bdf6d39a118b4a4ff293674bab46416237cdfe51ad81a55f862aa7c94d1860,https://apps.hhs.texas.gov/providers/directories/dahs_issonly.xlsx,2026-09-30T13:16:18.681388+00:00,2026-09-28,bbee8e2bb16dc201d2ef32591097ec222d87ea1d0f120e1aef1ac5cb87ef5235
TX_DAHS_ISS_ONLY,111452,32,BENJAMIN CARE SERVICES,DAHS-ISSONLY,YES,NO,BEXAR,6353 KINGS CROWN ST,SAN ANTONIO,TEXAS,78233,f9bdf6d39a118b4a4ff293674bab46416237cdfe51ad81a55f862aa7c94d1860,https://apps.hhs.texas.gov/providers/directories/dahs_issonly.xlsx,2026-09-30T13:16:18.681388+00:00,2026-09-28,5d6c83dac706d94f3fc3f47cf9d3620394e1822ffe0d7730e58ff9eaf75288f8
TX_DAHS_ISS_ONLY,111162,33,BREA'S HOUSE OF ARTS,DAHS-ISSONLY,YES,NO,BEXAR,706 TRAPPERS RUN,SAN ANTONIO,TEXAS,78245,f9bdf6d39a118b4a4ff293674bab46416237cdfe51ad81a55f862aa7c94d1860,https://apps.hhs.texas.gov/providers/directories/dahs_issonly.xlsx,2026-09-30T13:16:18.681388+00:00,2026-09-28,0f977f44b406a2dc6eb3c6967e871b8716e960e80a5445ae871fa25b0399a35f
TX_DAHS_ISS_ONLY,111780,34,C&J HEALTHCARE SERVICES LLC,DAHS-ISSONLY,YES,NO,BEXAR,2324 BLANCO RD,SAN ANTONIO,TEXAS,78212,f9bdf6d39a118b4a4ff293674bab46416237cdfe51ad81a55f862aa7c94d1860,https://apps.hhs.texas.gov/providers/directories/dahs_issonly.xlsx,2026-09-30T13:16:18.681388+00:00,2026-09-28,f433c3a95347d398dc1e20f2b6df9b68defa185655986ae3d7b21cc2718d8c84
TX_DAHS_ISS_ONLY,111016,35,CALAB ACTIVITY CENTER CAC,DAHS-ISSONLY,YES,NO,BEXAR,6470 HEATH ROAD,SAN ANTONIO,TEXAS,78250,f9bdf6d39a118b4a4ff293674bab46416237cdfe51ad81a55f862aa7c94d1860,https://apps.hhs.texas.gov/providers/directories/dahs_issonly.xlsx,2026-09-30T13:16:18.681388+00:00,2026-09-28,9f7cdf79718f9731a79a1a66987e1f7d8917d7c94f67c8e883b9d02612f9d170
TX_DAHS_ISS_ONLY,111964,36,COMMUNITY CONNECTIONS ISS SERVICES LLC,DAHS-ISSONLY,YES,NO,BEXAR,4361 RITTIMAN RD,SAN ANTONIO,TX,78218,f9bdf6d39a118b4a4ff293674bab46416237cdfe51ad81a55f862aa7c94d1860,https://apps.hhs.texas.gov/providers/directories/dahs_issonly.xlsx,2026-09-30T13:16:18.681388+00:00,2026-09-28,ad5336e0e4172eeda0bb2d97359df455f18c5f56136645939346032c8ee9f34a
TX_DAHS_ISS_ONLY,111134,37,"COUNCIL OAKS COMMUNITY OPTIONS, LTD",DAHS-ISSONLY,YES,NO,BEXAR,"11901 TOEPPEREIN RD., STE. 1001",SAN ANTONIO,TEXAS,78233,f9bdf6d39a118b4a4ff293674bab46416237cdfe51ad81a55f862aa7c94d1860,https://apps.hhs.texas.gov/providers/directories/dahs_issonly.xlsx,2026-09-30T13:16:18.681388+00:00,2026-09-28,a9951b37f4b6554d7e089843fa6e121137b0d30c8d56feb42bc70e6139166c9a
TX_DAHS_ISS_ONLY,112139,38,COVENANT CARE ADULT ACTIVITY CENTER,DAHS-ISSONLY,YES,NO,BEXAR,4555 WALZEM ROAD SUITE 200,SAN ANTONIO,TEXAS,78218,f9bdf6d39a118b4a4ff293674bab46416237cdfe51ad81a55f862aa7c94d1860,https://apps.hhs.texas.gov/providers/directories/dahs_issonly.xlsx,2026-09-30T13:16:18.681388+00:00,2026-09-28,3fc25ce0efa0cfd3fc1e2c9cb00b6864acccdf8fdc464301c44f4036f334c312
TX_DAHS_ISS_ONLY,112073,39,DAVID'S WAY INC,DAHS-ISSONLY,YES,NO,BEXAR,8714 WOODLAND BEND,SAN ANTONIO,TX,78255,f9bdf6d39a118b4a4ff293674bab46416237cdfe51ad81a55f862aa7c94d1860,https://apps.hhs.texas.gov/providers/directories/dahs_issonly.xlsx,2026-09-30T13:16:18.681388+00:00,2026-09-28,2e5cd753d8612eff6da20e5f774d3c3c29bbe55e46ca9e8ef965aa7d0945ba99
TX_DAHS_ISS_ONLY,111847,40,DISCOVERY ZONE DAYHAB,DAHS-ISSONLY,YES,NO,BEXAR,7707 BEECHNUT OAK,SAN ANTONIO,TEXAS,78223,f9bdf6d39a118b4a4ff293674bab46416237cdfe51ad81a55f862aa7c94d1860,https://apps.hhs.texas.gov/providers/directories/dahs_issonly.xlsx,2026-09-30T13:16:18.681388+00:00,2026-09-28,f5171f34b2d7cefb254f1dc824bd5e384db76b9a9a4b69c413f298057dd9d3e1
TX_DAHS_ISS_ONLY,110817,41,DOVES HAVEN LLC,DAHS-ISSONLY,YES,NO,BEXAR,202 RECOLETA RD,SAN ANTONIO,TEXAS,78216,f9bdf6d39a118b4a4ff293674bab46416237cdfe51ad81a55f862aa7c94d1860,https://apps.hhs.texas.gov/providers/directories/dahs_issonly.xlsx,2026-09-30T13:16:18.681388+00:00,2026-09-28,4eee3fcf84d041027f40ebfac93a43aa84a3a86f2da5813d054d355a1fc15c69
TX_DAHS_ISS_ONLY,111714,42,EAGLES FLIGHT ADVOCACY OUTREACH,DAHS-ISSONLY,YES,NO,BEXAR,14855 BLANCO ROAD SUITE 320,SAN ANTONIO,TEXAS,78216,f9bdf6d39a118b4a4ff293674bab46416237cdfe51ad81a55f862aa7c94d1860,https://apps.hhs.texas.gov/providers/directories/dahs_issonly.xlsx,2026-09-30T13:16:18.681388+00:00,2026-09-28,853da126b704d0709747b18bd47ed0635fb9ffa0b089c30939e55edadbe0ab1b
TX_DAHS_ISS_ONLY,110870,43,EDUCARE COMMUNITY LIVING CORPORATION  TEXAS,DAHS-ISSONLY,YES,NO,BEXAR,3700 BELGIUM LANE,SAN ANTONIO,TEXAS,78219,f9bdf6d39a118b4a4ff293674bab46416237cdfe51ad81a55f862aa7c94d1860,https://apps.hhs.texas.gov/providers/directories/dahs_issonly.xlsx,2026-09-30T13:16:18.681388+00:00,2026-09-28,b3ede909ff9ebe3824dd09cb05a525c50dcf41180354c35155a3948320a6f7d2
TX_DAHS_ISS_ONLY,111370,44,EVA'S HEROES,DAHS-ISSONLY,YES,NO,BEXAR,11120 WURZBACH RD #300,SAN ANTONIO,TEXAS,78230,f9bdf6d39a118b4a4ff293674bab46416237cdfe51ad81a55f862aa7c94d1860,https://apps.hhs.texas.gov/providers/directories/dahs_issonly.xlsx,2026-09-30T13:16:18.681388+00:00,2026-09-28,108c7b3975b5d9119de5fd4f3054c7c26ce9e503a241e3422c3f55c436ba7a67
TX_DAHS_ISS_ONLY,111262,45,"GREAT LIFE SERVICES, LLC",DAHS-ISSONLY,YES,NO,BEXAR,9200 BROADWAY ST. SUITE 106,SAN ANTONIO,TX,78217,f9bdf6d39a118b4a4ff293674bab46416237cdfe51ad81a55f862aa7c94d1860,https://apps.hhs.texas.gov/providers/directories/dahs_issonly.xlsx,2026-09-30T13:16:18.681388+00:00,2026-09-28,a1839b4d6d5bb719787843ca2e1c1194053191c963a125ac57bd3f1e3ebe4ee6
TX_DAHS_ISS_ONLY,111261,46,"HEAVEN AND EARTH DAY HAB, LLC",DAHS-ISSONLY,YES,NO,BEXAR,5545 NW LOOP 410 STE 107,SAN ANTONIO,TEXAS,78238,f9bdf6d39a118b4a4ff293674bab46416237cdfe51ad81a55f862aa7c94d1860,https://apps.hhs.texas.gov/providers/directories/dahs_issonly.xlsx,2026-09-30T13:16:18.681388+00:00,2026-09-28,198714abb452325c0c9c6e772fa3f74280d722c9daa21641e0c952cf472cc541
TX_DAHS_ISS_ONLY,112021,47,HEAVENLY HANDS ADULT DAY CENTER,DAHS-ISSONLY,YES,NO,BEXAR,4805 LAKEBEND WEST DR,SAN ANTONIO,TEXAS,78244,f9bdf6d39a118b4a4ff293674bab46416237cdfe51ad81a55f862aa7c94d1860,https://apps.hhs.texas.gov/providers/directories/dahs_issonly.xlsx,2026-09-30T13:16:18.681388+00:00,2026-09-28,b943efa371a1310d6e7314e26411e5d90fdcaf4a899e672dafa3da845b245e18
TX_DAHS_ISS_ONLY,112112,48,"HELPING HANDS DAY PROGRAM, INC",DAHS-ISSONLY,YES,NO,BEXAR,5084 DE ZAVALA ROAD,SAN ANTONIO,TX,78249-2025,f9bdf6d39a118b4a4ff293674bab46416237cdfe51ad81a55f862aa7c94d1860,https://apps.hhs.texas.gov/providers/directories/dahs_issonly.xlsx,2026-09-30T13:16:18.681388+00:00,2026-09-28,2408c787eae63aa0f7b3b8740631ee43c6cbe67d8801869377f37e9576e30283
TX_DAHS_ISS_ONLY,112038,49,HIGHTINGALE HOMECARE SERVICES INC,DAHS-ISSONLY,YES,NO,BEXAR,3700 FREDRICKSBURG ROAD #158,SAN ANTONIO,TEXAS,78201,f9bdf6d39a118b4a4ff293674bab46416237cdfe51ad81a55f862aa7c94d1860,https://apps.hhs.texas.gov/providers/directories/dahs_issonly.xlsx,2026-09-30T13:16:18.681388+00:00,2026-09-28,4ef3f750a12f895018fc18f6b0b39ee9aeb54cb8bdef9cda12b1b117960f0124
TX_DAHS_ISS_ONLY,111036,50,"HOME LIFE & COMMUNITY SERVICES, INC",DAHS-ISSONLY,YES,NO,BEXAR,2401 WILSON BLVD.,SAN ANTONIO,TX,78228,f9bdf6d39a118b4a4ff293674bab46416237cdfe51ad81a55f862aa7c94d1860,https://apps.hhs.texas.gov/providers/directories/dahs_issonly.xlsx,2026-09-30T13:16:18.681388+00:00,2026-09-28,cfbdc91db07ec7119601d738e15ceaf439ce3eb910ca2177bdc0f5fdf6840dc2
TX_DAHS_ISS_ONLY,111494,51,HUMBLED HEARTS ADULT ACTIVITY CENTER,DAHS-ISSONLY,YES,NO,BEXAR,7402 W MILITARY DR SUITE 1,SAN ANTONIO,TEXAS,78227,f9bdf6d39a118b4a4ff293674bab46416237cdfe51ad81a55f862aa7c94d1860,https://apps.hhs.texas.gov/providers/directories/dahs_issonly.xlsx,2026-09-30T13:16:18.681388+00:00,2026-09-28,72ce2fb01e9bf25e70fecba49d7f7f6a256df69f025f98192ea27f26da60e3bc
TX_DAHS_ISS_ONLY,111747,52,HURRICANE STAFFING LLC,DAHS-ISSONLY,YES,NO,BEXAR,5804 A. WALZEM RD.,SAN ANTONIO,TX,78218,f9bdf6d39a118b4a4ff293674bab46416237cdfe51ad81a55f862aa7c94d1860,https://apps.hhs.texas.gov/providers/directories/dahs_issonly.xlsx,2026-09-30T13:16:18.681388+00:00,2026-09-28,2bf96abd6d040039ab928b0b33b2c7f5981a613e878d3f3bcb5488f8c58d5cb5
TX_DAHS_ISS_ONLY,111383,53,J M A CARE SERVICES,DAHS-ISSONLY,YES,NO,BEXAR,2014 NOLAN STREET,SAN ANTONIO,TX,78202,f9bdf6d39a118b4a4ff293674bab46416237cdfe51ad81a55f862aa7c94d1860,https://apps.hhs.texas.gov/providers/directories/dahs_issonly.xlsx,2026-09-30T13:16:18.681388+00:00,2026-09-28,fb2926e31008fc31f2c62dea2964c9bee58ff609cf41201493ad91fb89ef67e5
TX_DAHS_ISS_ONLY,111115,54,LIFE CHOICES UNLIMITED INC SAN ANTONIO,DAHS-ISSONLY,YES,NO,BEXAR,"85 NE LOOP 410, STE. 220",SAN ANTONIO,TX,78216,f9bdf6d39a118b4a4ff293674bab46416237cdfe51ad81a55f862aa7c94d1860,https://apps.hhs.texas.gov/providers/directories/dahs_issonly.xlsx,2026-09-30T13:16:18.681388+00:00,2026-09-28,ef7a8964541353fc97c6686d4e74d76d6292dc72e2056c31f377c5c84958be1b
TX_DAHS_ISS_ONLY,110731,55,LIFETIME LIVING AT THOUSAND OAKS,DAHS-ISSONLY,YES,NO,BEXAR,7711 MADONNA DR.,SAN ANTONIO,TEXAS,78216,f9bdf6d39a118b4a4ff293674bab46416237cdfe51ad81a55f862aa7c94d1860,https://apps.hhs.texas.gov/providers/directories/dahs_issonly.xlsx,2026-09-30T13:16:18.681388+00:00,2026-09-28,1f56cd881bec943987d356bb1664981e66c846bd4ce5d04b537b66705ccfa8a6
TX_DAHS_ISS_ONLY,111743,56,"LIVE LAUGH LOVE CLUB, LLC",DAHS-ISSONLY,YES,NO,BEXAR,1202 N FLORES SUITE 101,SAN ANTONIO,TX,78212,f9bdf6d39a118b4a4ff293674bab46416237cdfe51ad81a55f862aa7c94d1860,https://apps.hhs.texas.gov/providers/directories/dahs_issonly.xlsx,2026-09-30T13:16:18.681388+00:00,2026-09-28,b0abf06dbb71ee53746160e47d4cb91312cc691c974a0937eced81abc3bc3fba
TX_DAHS_ISS_ONLY,111723,57,LIVING ANGELS HOME CARE SERVICES LLC,DAHS-ISSONLY,YES,NO,BEXAR,4845 GOLDFIELD ST STE 110,SAN ANTONIO,TEXAS,78218,f9bdf6d39a118b4a4ff293674bab46416237cdfe51ad81a55f862aa7c94d1860,https://apps.hhs.texas.gov/providers/directories/dahs_issonly.xlsx,2026-09-30T13:16:18.681388+00:00,2026-09-28,103a0246477f8b0ea31d14015d00e57d9b4a02d9a75e23b7228fde8e67ad1c0d
TX_DAHS_ISS_ONLY,111032,58,MIRACLES HAPPEN,DAHS-ISSONLY,YES,NO,BEXAR,"12000 STARCREST, SUITE 109",SAN ANTONIO,TX,78247,f9bdf6d39a118b4a4ff293674bab46416237cdfe51ad81a55f862aa7c94d1860,https://apps.hhs.texas.gov/providers/directories/dahs_issonly.xlsx,2026-09-30T13:16:18.681388+00:00,2026-09-28,9540b07310f159978aed414c9b51f888d56a7a889adb7305f159e5e365002ff5
TX_DAHS_ISS_ONLY,110727,59,MISSION ROAD DEVELOPMENTAL CENTER,DAHS-ISSONLY,YES,NO,BEXAR,8706 MISSION ROAD,SAN ANTONIO,TEXAS,78214,f9bdf6d39a118b4a4ff293674bab46416237cdfe51ad81a55f862aa7c94d1860,https://apps.hhs.texas.gov/providers/directories/dahs_issonly.xlsx,2026-09-30T13:16:18.681388+00:00,2026-09-28,eb4bc83fe67336b60bab6921c3b3bc5dde3aac0c2ea96ce222c309b7ac2783a0
TX_DAHS_ISS_ONLY,110706,60,MISSION ROAD DEVELOPMENTAL CENTER,DAHS-ISSONLY,YES,NO,BEXAR,4630 HAMILTON WOLFE ROAD,SAN ANTONIO,TEXAS,78229,f9bdf6d39a118b4a4ff293674bab46416237cdfe51ad81a55f862aa7c94d1860,https://apps.hhs.texas.gov/providers/directories/dahs_issonly.xlsx,2026-09-30T13:16:18.681388+00:00,2026-09-28,e9d86aacf0660360025e26e42936dadec8334ee35d5fa9ff9a1a6e2612fb82d3
TX_DAHS_ISS_ONLY,112223,61,MOAN HEALTHCARE LLC,DAHS-ISSONLY,YES,NO,BEXAR,"12227 HUEBNER ROAD, SUITE 102",SAN ANTONIO,TEXAS,78230,f9bdf6d39a118b4a4ff293674bab46416237cdfe51ad81a55f862aa7c94d1860,https://apps.hhs.texas.gov/providers/directories/dahs_issonly.xlsx,2026-09-30T13:16:18.681388+00:00,2026-09-28,5b49c866a31249d8d3b98370268a73acd18e9034cf259a026e542810ee900c2f
TX_DAHS_ISS_ONLY,112041,62,ORENE'S HANDS OF LOVE LLC,DAHS-ISSONLY,YES,NO,BEXAR,4444 WALZEM RD STE 204,SAN ANTONIO,TEXAS,78218,f9bdf6d39a118b4a4ff293674bab46416237cdfe51ad81a55f862aa7c94d1860,https://apps.hhs.texas.gov/providers/directories/dahs_issonly.xlsx,2026-09-30T13:16:18.681388+00:00,2026-09-28,2a8a5c164f9248975dd2658f5e3d18f1febc8c9b0f2e0facf83007e01adf7716
TX_DAHS_ISS_ONLY,110850,63,PAULINE IGWE,DAHS-ISSONLY,YES,NO,BEXAR,900 SE MILITARY DRIVE,SAN ANTONIO,TEXAS,78214,f9bdf6d39a118b4a4ff293674bab46416237cdfe51ad81a55f862aa7c94d1860,https://apps.hhs.texas.gov/providers/directories/dahs_issonly.xlsx,2026-09-30T13:16:18.681388+00:00,2026-09-28,377fed443522524b5165851c4741398b022e0cc246a875e91871ea8e00c5a542
TX_DAHS_ISS_ONLY,111504,64,PRECISE RESPITE CARE INC,DAHS-ISSONLY,YES,NO,BEXAR,1616 S WW WHITE RD,SAN ANTONIO,TEXAS,78220,f9bdf6d39a118b4a4ff293674bab46416237cdfe51ad81a55f862aa7c94d1860,https://apps.hhs.texas.gov/providers/directories/dahs_issonly.xlsx,2026-09-30T13:16:18.681388+00:00,2026-09-28,c90a3a615500b8dd65b80224890c84f60a38aed22ed57027709ebdf6b16c5a6c
TX_DAHS_ISS_ONLY,111526,65,PROVIDENCE NORTHEAST,DAHS-ISSONLY,YES,NO,BEXAR,10807 PERRIN BEITEL,SAN ANTONIO,TX,78217,f9bdf6d39a118b4a4ff293674bab46416237cdfe51ad81a55f862aa7c94d1860,https://apps.hhs.texas.gov/providers/directories/dahs_issonly.xlsx,2026-09-30T13:16:18.681388+00:00,2026-09-28,c4fb0aaa25b19f279b61215cacaa5380eaebbbe71e02221c452fcc43fe0f9fee
TX_DAHS_ISS_ONLY,111316,66,"R&K SPECIALIZED HOMES, INC",DAHS-ISSONLY,YES,NO,BEXAR,8709 BOTTS LANE,SAN ANTONIO,TEXAS,78217,f9bdf6d39a118b4a4ff293674bab46416237cdfe51ad81a55f862aa7c94d1860,https://apps.hhs.texas.gov/providers/directories/dahs_issonly.xlsx,2026-09-30T13:16:18.681388+00:00,2026-09-28,fc883c57047c8e230dfd1e9a05320bfff9bd32b4f862b5f4871ee9b2dda4884e
TX_DAHS_ISS_ONLY,110722,67,"REACHING MAXIMUM INDEPENDENCE, INC",DAHS-ISSONLY,YES,NO,BEXAR,8242 VICAR DRIVE,SAN ANTONIO,TEXAS,78218,f9bdf6d39a118b4a4ff293674bab46416237cdfe51ad81a55f862aa7c94d1860,https://apps.hhs.texas.gov/providers/directories/dahs_issonly.xlsx,2026-09-30T13:16:18.681388+00:00,2026-09-28,b20b2c340b0dd5d1e3140a530d8ce9deba465c205e81dca69759a64010a3ab9a
TX_DAHS_ISS_ONLY,110793,68,SA LIFE ACADEMY,DAHS-ISSONLY,YES,NO,BEXAR,308 MOUNT CALVARY DR,SAN ANTONIO,TX,78209,f9bdf6d39a118b4a4ff293674bab46416237cdfe51ad81a55f862aa7c94d1860,https://apps.hhs.texas.gov/providers/directories/dahs_issonly.xlsx,2026-09-30T13:16:18.681388+00:00,2026-09-28,08049922f1ec58209fbdefb6eda636b05e01bfc9f0aa91a78a962835652dcb8f
TX_DAHS_ISS_ONLY,111730,69,SAMMY'S HANGOUT,DAHS-ISSONLY,YES,NO,BEXAR,8010 AEROMEDICAL RD,SAN ANTONIO,TX,78235,f9bdf6d39a118b4a4ff293674bab46416237cdfe51ad81a55f862aa7c94d1860,https://apps.hhs.texas.gov/providers/directories/dahs_issonly.xlsx,2026-09-30T13:16:18.681388+00:00,2026-09-28,4d9335c07ac1ff20d2e0ef6c99ebc62e0465e29444cfa6b9c9ca341f4d317cfb
TX_DAHS_ISS_ONLY,110757,70,SAN ANTONIO FITNESS INDEPENDENT RECREATIONAL ENVIRONMENT  SAFIRE,DAHS-ISSONLY,YES,NO,BEXAR,11111 IOTA DR,SAN ANTONIO,TX,78217,f9bdf6d39a118b4a4ff293674bab46416237cdfe51ad81a55f862aa7c94d1860,https://apps.hhs.texas.gov/providers/directories/dahs_issonly.xlsx,2026-09-30T13:16:18.681388+00:00,2026-09-28,a785ad9c25da10c329bf035e5a367e83500574314e4564176238e19ae1c0835a
TX_DAHS_ISS_ONLY,110949,71,STEPPING STONES DAY HABILITATION,DAHS-ISSONLY,YES,NO,BEXAR,"5309 WURZBACH RD., SUITE 102",SAN ANTONIO,TEXAS,78238,f9bdf6d39a118b4a4ff293674bab46416237cdfe51ad81a55f862aa7c94d1860,https://apps.hhs.texas.gov/providers/directories/dahs_issonly.xlsx,2026-09-30T13:16:18.681388+00:00,2026-09-28,83ac9078e4ac686e3fe45c2c06a035c7a17b9ff296cedcaad79c3c8fbf06626d
TX_DAHS_ISS_ONLY,111029,72,TEXAS FOUNDATION OF HOPE,DAHS-ISSONLY,YES,NO,BEXAR,2845 THOUSAND OAKS,SAN ANTONIO,TX,78232,f9bdf6d39a118b4a4ff293674bab46416237cdfe51ad81a55f862aa7c94d1860,https://apps.hhs.texas.gov/providers/directories/dahs_issonly.xlsx,2026-09-30T13:16:18.681388+00:00,2026-09-28,1bfc7a8af82997fe37c2f79970778503dbaca96ac31800c240ea23ef3852655b
TX_DAHS_ISS_ONLY,110927,73,TEXAS HCS INC,DAHS-ISSONLY,YES,NO,BEXAR,2391 NE LOOP 410 SUITE 201,SAN ANTONIO,TEXAS,78217,f9bdf6d39a118b4a4ff293674bab46416237cdfe51ad81a55f862aa7c94d1860,https://apps.hhs.texas.gov/providers/directories/dahs_issonly.xlsx,2026-09-30T13:16:18.681388+00:00,2026-09-28,2417f130487bedd813374e44888e8df661ba7a1e2e7d2e491ed739d512612266
TX_DAHS_ISS_ONLY,110872,74,"THE ARC OF SAN ANTONIO, INC",DAHS-ISSONLY,YES,NO,BEXAR,6530 WURZBACH RD.,SAN ANTONIO,TX,78240,f9bdf6d39a118b4a4ff293674bab46416237cdfe51ad81a55f862aa7c94d1860,https://apps.hhs.texas.gov/providers/directories/dahs_issonly.xlsx,2026-09-30T13:16:18.681388+00:00,2026-09-28,83df524cd28b8c52cfa899d24ea5574df7a71a8ea04b57b3085e5067087d2ec4
TX_DAHS_ISS_ONLY,110862,75,"THE ARC OF SAN ANTONIO, INC",DAHS-ISSONLY,YES,NO,BEXAR,13430 WEST. AVE.,SAN ANTONIO,TX,78216,f9bdf6d39a118b4a4ff293674bab46416237cdfe51ad81a55f862aa7c94d1860,https://apps.hhs.texas.gov/providers/directories/dahs_issonly.xlsx,2026-09-30T13:16:18.681388+00:00,2026-09-28,09d553e07918be30ff147be72ca585b7dc15d555c26629393bf7d130410b9222
TX_DAHS_ISS_ONLY,110778,76,THE BACKYARD,DAHS-ISSONLY,YES,NO,BEXAR,9511 POWHATAN,SAN ANTONIO,TX,78230,f9bdf6d39a118b4a4ff293674bab46416237cdfe51ad81a55f862aa7c94d1860,https://apps.hhs.texas.gov/providers/directories/dahs_issonly.xlsx,2026-09-30T13:16:18.681388+00:00,2026-09-28,a85bf6b6b09788d937494f071fa1e429fecacbc89920cc8c65b91d6e0cd27966
TX_DAHS_ISS_ONLY,112206,77,TOTAL FRIENDLY CARE INC,DAHS-ISSONLY,YES,NO,BEXAR,7418 JOHN SMITH DRIVE SUITE 1115 & 1130,SAN ANTONIO,TEXAS,78229,f9bdf6d39a118b4a4ff293674bab46416237cdfe51ad81a55f862aa7c94d1860,https://apps.hhs.texas.gov/providers/directories/dahs_issonly.xlsx,2026-09-30T13:16:18.681388+00:00,2026-09-28,e17b50fe66a6591a49a20db711e49d7e3fdbb2f10074e60e92be7e1c33382f51
TX_DAHS_ISS_ONLY,111374,78,"TRUE REACHER, INC",DAHS-ISSONLY,YES,NO,BEXAR,2014 NOLAN STREET,SAN ANTONIO,TEXAS,78202,f9bdf6d39a118b4a4ff293674bab46416237cdfe51ad81a55f862aa7c94d1860,https://apps.hhs.texas.gov/providers/directories/dahs_issonly.xlsx,2026-09-30T13:16:18.681388+00:00,2026-09-28,516eb283ce1fb246c14e1ed937f564615d27da3cf652df21596787bf589c78e3
TX_DAHS_ISS_ONLY,111500,79,WEST BYRD CENTER,DAHS-ISSONLY,YES,NO,BEXAR,401 W. BYRD,UNIVERSAL CITY,TEXAS,78148,f9bdf6d39a118b4a4ff293674bab46416237cdfe51ad81a55f862aa7c94d1860,https://apps.hhs.texas.gov/providers/directories/dahs_issonly.xlsx,2026-09-30T13:16:18.681388+00:00,2026-09-28,e1ffcea06ea0034ac5322d803645521474e6bdb49fa90e54a1adfdbb06dca9c2
TX_DAHS_ISS_ONLY,110988,80,EVERGREEN LIFE SERVICES OF TEXARKANA,DAHS-ISSONLY,YES,NO,BOWIE,1315 WALNUT,TEXARKANA,TX,75501,f9bdf6d39a118b4a4ff293674bab46416237cdfe51ad81a55f862aa7c94d1860,https://apps.hhs.texas.gov/providers/directories/dahs_issonly.xlsx,2026-09-30T13:16:18.681388+00:00,2026-09-28,915efe2b8e711712f6af1a5c0337b13b03753239911663ab8fd0b7ba9c958f53
TX_DAHS_ISS_ONLY,111763,81,"SHINE ON TXK DAYHAB SERVICES, LLC",DAHS-ISSONLY,YES,NO,BOWIE,2202 SOUTH STATELINE AVE,TEXARKANA,TEXAS,75501,f9bdf6d39a118b4a4ff293674bab46416237cdfe51ad81a55f862aa7c94d1860,https://apps.hhs.texas.gov/providers/directories/dahs_issonly.xlsx,2026-09-30T13:16:18.681388+00:00,2026-09-28,84d4b5143a11e75d33121417729a06ea85d331aa69bd77b781039a6610249973
TX_DAHS_ISS_ONLY,110728,82,ALL THE LITTLE THINGS COUNTRY,DAHS-ISSONLY,YES,NO,BRAZORIA,201 FM 2917,ALVIN,TX,77511,f9bdf6d39a118b4a4ff293674bab46416237cdfe51ad81a55f862aa7c94d1860,https://apps.hhs.texas.gov/providers/directories/dahs_issonly.xlsx,2026-09-30T13:16:18.681388+00:00,2026-09-28,b5e73c8643675e91ac3db661d4e2c8957904f80bbae63e0294482d8e3b34862d
TX_DAHS_ISS_ONLY,111044,83,STARS 1,DAHS-ISSONLY,YES,NO,BRAZORIA,250 VICTORY LANE BUILDING B,ALVIN,TEXAS,77511,f9bdf6d39a118b4a4ff293674bab46416237cdfe51ad81a55f862aa7c94d1860,https://apps.hhs.texas.gov/providers/directories/dahs_issonly.xlsx,2026-09-30T13:16:18.681388+00:00,2026-09-28,f554ef37a90fa85f6bd6cb4df233223c08762bc6babcd39346ff68d39c27d606
TX_DAHS_ISS_ONLY,111172,84,WAYMAKER TX LLC,DAHS-ISSONLY,YES,NO,BRAZORIA,608 BRIARWILDE CT.,ALVIN,TX,77511,f9bdf6d39a118b4a4ff293674bab46416237cdfe51ad81a55f862aa7c94d1860,https://apps.hhs.texas.gov/providers/directories/dahs_issonly.xlsx,2026-09-30T13:16:18.681388+00:00,2026-09-28,69bbba04413c5e9bb12b1755565cdbb7f59ff8235abe8df6d684b9574c3707b5
TX_DAHS_ISS_ONLY,110960,85,"AMANDOLE HCS, LLC",DAHS-ISSONLY,YES,NO,BRAZORIA,1040 S VELASCO ST.,ANGLETON,TX,77515,f9bdf6d39a118b4a4ff293674bab46416237cdfe51ad81a55f862aa7c94d1860,https://apps.hhs.texas.gov/providers/directories/dahs_issonly.xlsx,2026-09-30T13:16:18.681388+00:00,2026-09-28,3dc54afb4fcd4a6211469e14e791190197676348de6431f32d2c6d83d1b37660
TX_DAHS_ISS_ONLY,111361,86,"COMMUNITY INCLUSION PROGRAM, INC",DAHS-ISSONLY,YES,NO,BRAZORIA,744 EAST HENDERSON ROAD,ANGLETON,TX,77515,f9bdf6d39a118b4a4ff293674bab46416237cdfe51ad81a55f862aa7c94d1860,https://apps.hhs.texas.gov/providers/directories/dahs_issonly.xlsx,2026-09-30T13:16:18.681388+00:00,2026-09-28,d59186a0250c3bdb6facc35b340324188515c06dd5c93d527a8cfa4c4b718213
TX_DAHS_ISS_ONLY,112205,87,ABIGAIL'S CARE SERVICES LLC,DAHS-ISSONLY,YES,NO,BRAZORIA,"7924 BROADWAY STREET, STE. 102",PEARLAND,TEXAS,77584,f9bdf6d39a118b4a4ff293674bab46416237cdfe51ad81a55f862aa7c94d1860,https://apps.hhs.texas.gov/providers/directories/dahs_issonly.xlsx,2026-09-30T13:16:18.681388+00:00,2026-09-28,9493619f1fd44ab90cbbbe8158b6173147378f094fa49b8430b8dff34dab7ff8
TX_DAHS_ISS_ONLY,111364,88,ADREN REED,DAHS-ISSONLY,YES,NO,BRAZORIA,3512 MCLEAN RD,PEARLAND,TX,77584,f9bdf6d39a118b4a4ff293674bab46416237cdfe51ad81a55f862aa7c94d1860,https://apps.hhs.texas.gov/providers/directories/dahs_issonly.xlsx,2026-09-30T13:16:18.681388+00:00,2026-09-28,784f6bb03ed21b6dd44f8ac53c6d1911355930735b5fb108d55728227b7ed9d7
TX_DAHS_ISS_ONLY,111492,89,DIVINE EMBRACE HEALTH SERVICES LLC,DAHS-ISSONLY,YES,NO,BRAZORIA,3811 ALLEN RD,PEARLAND,TEXAS,77584,f9bdf6d39a118b4a4ff293674bab46416237cdfe51ad81a55f862aa7c94d1860,https://apps.hhs.texas.gov/providers/directories/dahs_issonly.xlsx,2026-09-30T13:16:18.681388+00:00,2026-09-28,2d46e28927af932f87c8bfe1297ac32ff8cf2f203f0caa63712ee1363ad83ac1
TX_DAHS_ISS_ONLY,110823,90,FORGOTTEN ANGELS,DAHS-ISSONLY,YES,NO,BRAZORIA,3309 INDUSTRIAL DR,PEARLAND,TEXAS,77581,f9bdf6d39a118b4a4ff293674bab46416237cdfe51ad81a55f862aa7c94d1860,https://apps.hhs.texas.gov/providers/directories/dahs_issonly.xlsx,2026-09-30T13:16:18.681388+00:00,2026-09-28,30e2b5d17eed0e8a6b326919a60d3bf7d58e1cc48d266cdf9eecdf9f219899b0
TX_DAHS_ISS_ONLY,111832,91,KIMMONS CARE DAY HABILITATION CENTER,DAHS-ISSONLY,YES,NO,BRAZORIA,7102 BROOKSIDE ROAD SUITE #104,PEARLAND,TX,77581,f9bdf6d39a118b4a4ff293674bab46416237cdfe51ad81a55f862aa7c94d1860,https://apps.hhs.texas.gov/providers/directories/dahs_issonly.xlsx,2026-09-30T13:16:18.681388+00:00,2026-09-28,80c705da18e1be00fd949682ec2b6a5241b274a2e29b13abf4b76a9b648877bd
TX_DAHS_ISS_ONLY,110846,92,PACE OPPORTUNITY CENTERS INC,DAHS-ISSONLY,YES,NO,BRAZORIA,3901 E. PLUM,PEARLAND,TEXAS,77581,f9bdf6d39a118b4a4ff293674bab46416237cdfe51ad81a55f862aa7c94d1860,https://apps.hhs.texas.gov/providers/directories/dahs_issonly.xlsx,2026-09-30T13:16:18.681388+00:00,2026-09-28,de7866d00069f1325336388cfeac95d306737fd13585659b2deda11f9db984bc
TX_DAHS_ISS_ONLY,112210,93,RISE SENIOR CONNECTIONS & ADULT DAY CENTER LLC,DAHS-ISSONLY,YES,NO,BRAZORIA,2335 N. TEXAS AVENUE SUITE 101,PEARLAND,TEXAS,77581,f9bdf6d39a118b4a4ff293674bab46416237cdfe51ad81a55f862aa7c94d1860,https://apps.hhs.texas.gov/providers/directories/dahs_issonly.xlsx,2026-09-30T13:16:18.681388+00:00,2026-09-28,35863f05e987de11afbc2d1192c61cbd1dcd3db62e8bb178c08b3d8c39566558
TX_DAHS_ISS_ONLY,111081,94,SPECIAL GRACES,DAHS-ISSONLY,YES,NO,BRAZORIA,4650 DIXIE FARM RD #110,PEARLAND,TEXAS,77581,f9bdf6d39a118b4a4ff293674bab46416237cdfe51ad81a55f862aa7c94d1860,https://apps.hhs.texas.gov/providers/directories/dahs_issonly.xlsx,2026-09-30T13:16:18.681388+00:00,2026-09-28,02bbcfc5aa4a1bc742d4d673551e27c27b5f5d9dadba8f9d2aa53dec3ecba6ec
TX_DAHS_ISS_ONLY,112188,95,THE RETREAT OF ADULT HEALTH CENTER LLC,DAHS-ISSONLY,YES,NO,BRAZORIA,2654 W OAKS BLVD UNIT B,PEARLAND,TEXAS,77584,f9bdf6d39a118b4a4ff293674bab46416237cdfe51ad81a55f862aa7c94d1860,https://apps.hhs.texas.gov/providers/directories/dahs_issonly.xlsx,2026-09-30T13:16:18.681388+00:00,2026-09-28,d27ae5a9405e39e57346aa54fb4f781117dae54e06a29db390089ecfecb05d84
TX_DAHS_ISS_ONLY,111390,96,HEAVEN'S BLANKET LLC,DAHS-ISSONLY,YES,NO,BRAZORIA,18302 A COUNTY ROAD 40,ROSHARON,TX,77583,f9bdf6d39a118b4a4ff293674bab46416237cdfe51ad81a55f862aa7c94d1860,https://apps.hhs.texas.gov/providers/directories/dahs_issonly.xlsx,2026-09-30T13:16:18.681388+00:00,2026-09-28,30583e988524b18989a2c7e2d86c45dfab146fda877b17a3201560006378d36d
TX_DAHS_ISS_ONLY,111058,97,BCS DAYHAB,DAHS-ISSONLY,YES,NO,BRAZOS,4455 CARTER CREEK PARKWAY,BRYAN,TEXAS,77802,f9bdf6d39a118b4a4ff293674bab46416237cdfe51ad81a55f862aa7c94d1860,https://apps.hhs.texas.gov/providers/directories/dahs_issonly.xlsx,2026-09-30T13:16:18.681388+00:00,2026-09-28,0d932039f56b80c95e7c8bb7a7f5ad43e4b9988e33917c275cf2c00f35f6038d
TX_DAHS_ISS_ONLY,111782,98,BROTHERS HELPING HANDS,DAHS-ISSONLY,YES,NO,BRAZOS,1716 BRIARCREST DRIVE SUITE 150,BRYAN,TEXAS,77802,f9bdf6d39a118b4a4ff293674bab46416237cdfe51ad81a55f862aa7c94d1860,https://apps.hhs.texas.gov/providers/directories/dahs_issonly.xlsx,2026-09-30T13:16:18.681388+00:00,2026-09-28,47dfd73f60809e8badebecac122f6c8bdff4a1678321db12c7e892140edb3d5e
TX_DAHS_ISS_ONLY,110930,99,BRYAN DAY HAB,DAHS-ISSONLY,YES,NO,BRAZOS,208 ELM STREET,BRYAN,TX,77801,f9bdf6d39a118b4a4ff293674bab46416237cdfe51ad81a55f862aa7c94d1860,https://apps.hhs.texas.gov/providers/directories/dahs_issonly.xlsx,2026-09-30T13:16:18.681388+00:00,2026-09-28,50d505a2268a9e556634333630a9a2d800374e6562179e8ff5c8077921d84e58
TX_DAHS_ISS_ONLY,110998,100,KENMAR RESIDENTIAL HCS SERVICES INC  BRYAN,DAHS-ISSONLY,YES,NO,BRAZOS,1200 E VILLA MARIA RD,BRYAN,TEXAS,77802,f9bdf6d39a118b4a4ff293674bab46416237cdfe51ad81a55f862aa7c94d1860,https://apps.hhs.texas.gov/providers/directories/dahs_issonly.xlsx,2026-09-30T13:16:18.681388+00:00,2026-09-28,b7cfc2f451b9a12849290fb714784865dcf8160abb45108ef0a2c32d2eafcb90
TX_DAHS_ISS_ONLY,111251,101,LIFE CHOICES CENTER BRAZOS COUNTY,DAHS-ISSONLY,YES,NO,BRAZOS,623 MARY LAKE,BRYAN,TEXAS,77801,f9bdf6d39a118b4a4ff293674bab46416237cdfe51ad81a55f862aa7c94d1860,https://apps.hhs.texas.gov/providers/directories/dahs_issonly.xlsx,2026-09-30T13:16:18.681388+00:00,2026-09-28,183f36a02dc8ea630dd4dd627d8f763c9f927801741073239eea24030290d66f
TX_DAHS_ISS_ONLY,111953,102,BROTHERS HELPING HANDS,DAHS-ISSONLY,YES,NO,BRAZOS,5914 IMPERIAL LOOP SUITE 10,COLLEGE STATION,TEXAS,77845,f9bdf6d39a118b4a4ff293674bab46416237cdfe51ad81a55f862aa7c94d1860,https://apps.hhs.texas.gov/providers/directories/dahs_issonly.xlsx,2026-09-30T13:16:18.681388+00:00,2026-09-28,c80841271a0a395dc4443d5265a47073cdbb26de80ef6c0b304d479d134e985b
TX_DAHS_ISS_ONLY,110954,103,EDUCARE COMMUNITY LIVING CORPORATION  TEXAS,DAHS-ISSONLY,YES,NO,BROWN,2001 CALVERT ROAD,BROWNWOOD,TEXAS,76801,f9bdf6d39a118b4a4ff293674bab46416237cdfe51ad81a55f862aa7c94d1860,https://apps.hhs.texas.gov/providers/directories/dahs_issonly.xlsx,2026-09-30T13:16:18.681388+00:00,2026-09-28,c4d594e2f2c49f525a7517b63dab6864f914e63d05c4bdd84ef0c9e343bd2e64
TX_DAHS_ISS_ONLY,007325,104,JANIE CLEMENTS INDUSTRIES,DAHS-ISSONLY,YES,NO,BROWN,3401 MILAM DRIVE,BROWNWOOD,TEXAS,76804,f9bdf6d39a118b4a4ff293674bab46416237cdfe51ad81a55f862aa7c94d1860,https://apps.hhs.texas.gov/providers/directories/dahs_issonly.xlsx,2026-09-30T13:16:18.681388+00:00,2026-09-28,f8f226a027caac93ef8d205bf5e17312863bc358afd942405be6dbc588bc02df
TX_DAHS_ISS_ONLY,110812,105,BROWNWOOD DAYHAB,DAHS-ISSONLY,YES,NO,BROWN,209 GARMON DR.,EARLY,TEXAS,76802,f9bdf6d39a118b4a4ff293674bab46416237cdfe51ad81a55f862aa7c94d1860,https://apps.hhs.texas.gov/providers/directories/dahs_issonly.xlsx,2026-09-30T13:16:18.681388+00:00,2026-09-28,ddba6af6764cc1ca48f0e8861facaacdc06954da63913563cf1403cafcf3770f
TX_DAHS_ISS_ONLY,112068,106,THE ARC OF THE CAPITAL AREA,DAHS-ISSONLY,YES,NO,BURNET,4606 INNOVATION LOOP,MARBLE FALLS,TX,78654,f9bdf6d39a118b4a4ff293674bab46416237cdfe51ad81a55f862aa7c94d1860,https://apps.hhs.texas.gov/providers/directories/dahs_issonly.xlsx,2026-09-30T13:16:18.681388+00:00,2026-09-28,510cc1f4cb5b6d09d5d8903baf19a4285d98df48e562ae58f277392427ff1a44
TX_DAHS_ISS_ONLY,110874,107,LOVE ONE ANOTHER HOMES LLC,DAHS-ISSONLY,YES,NO,CALHOUN,376 DIERLAM ROAD,SEADRIFT,TX,77983,f9bdf6d39a118b4a4ff293674bab46416237cdfe51ad81a55f862aa7c94d1860,https://apps.hhs.texas.gov/providers/directories/dahs_issonly.xlsx,2026-09-30T13:16:18.681388+00:00,2026-09-28,8d3e79dc0154f1372e34d6c22e0794af8f5e4c56b3eb4d06b87336d54a6f22f6
TX_DAHS_ISS_ONLY,110810,108,HAPPY LIFE DAYCARE INC,DAHS-ISSONLY,YES,NO,CAMERON,795 PAREDES LINE RD SUITE C,BROWNSVILLE,TEXAS,78521,f9bdf6d39a118b4a4ff293674bab46416237cdfe51ad81a55f862aa7c94d1860,https://apps.hhs.texas.gov/providers/directories/dahs_issonly.xlsx,2026-09-30T13:16:18.681388+00:00,2026-09-28,68d3db76687bd3df83cab5145012a739edca2ada470a048ca8936b70f18b92ee
TX_DAHS_ISS_ONLY,111305,109,HELPING HANDS COMMUNITY CENTER INC,DAHS-ISSONLY,YES,NO,CAMERON,1940 PECAN ST,BROWNSVILLE,TX,78520,f9bdf6d39a118b4a4ff293674bab46416237cdfe51ad81a55f862aa7c94d1860,https://apps.hhs.texas.gov/providers/directories/dahs_issonly.xlsx,2026-09-30T13:16:18.681388+00:00,2026-09-28,6b31947a7b20053fab62507b0e3e9b105f3dab2550505b6fd40556c09f8816c8
TX_DAHS_ISS_ONLY,111099,110,IDEAL ISS LLC,DAHS-ISSONLY,YES,NO,CAMERON,835 N. EXPRESSWAY SUITE B,BROWNSVILLE,TX,78520,f9bdf6d39a118b4a4ff293674bab46416237cdfe51ad81a55f862aa7c94d1860,https://apps.hhs.texas.gov/providers/directories/dahs_issonly.xlsx,2026-09-30T13:16:18.681388+00:00,2026-09-28,ef701f67b86a30bb88d75115754b808ea9eab003ef8b5f1028fc2915bda0d254
TX_DAHS_ISS_ONLY,111039,111,LIFE CHOICES UNLIMITED INC BROWNSVILLE,DAHS-ISSONLY,YES,NO,CAMERON,2414 BOCA CHICA BLVD.,BROWNSVILLE,TX,78521,f9bdf6d39a118b4a4ff293674bab46416237cdfe51ad81a55f862aa7c94d1860,https://apps.hhs.texas.gov/providers/directories/dahs_issonly.xlsx,2026-09-30T13:16:18.681388+00:00,2026-09-28,cfb7093a130c3767b2c92e5369e28a02852f469ac8bfda86a084f590730951a0
TX_DAHS_ISS_ONLY,110951,112,"MINERVA G CORONADO, DBA FIG TREE HOME & COMMUNITYBASED SERVICES",DAHS-ISSONLY,YES,NO,CAMERON,"95 E PRICE RD, STE B2",BROWNSVILLE,TEXAS,78521,f9bdf6d39a118b4a4ff293674bab46416237cdfe51ad81a55f862aa7c94d1860,https://apps.hhs.texas.gov/providers/directories/dahs_issonly.xlsx,2026-09-30T13:16:18.681388+00:00,2026-09-28,8b35eb60df5c35932856aa7b8f6d8577159a09ddafed7595bdebc88f621f98a9
TX_DAHS_ISS_ONLY,110746,113,SERENITY SPECIAL SERVICES INC,DAHS-ISSONLY,YES,NO,CAMERON,1885 E. PRICE RD. SUITE F,BROWNSVILLE,TEXAS,78521,f9bdf6d39a118b4a4ff293674bab46416237cdfe51ad81a55f862aa7c94d1860,https://apps.hhs.texas.gov/providers/directories/dahs_issonly.xlsx,2026-09-30T13:16:18.681388+00:00,2026-09-28,9a648d9620c61d75a424abe2edfc2c6ec707c27b5d902903904de28e891c2e2b
TX_DAHS_ISS_ONLY,110991,114,WKCG INC,DAHS-ISSONLY,YES,NO,CAMERON,301 N. VERMILLION AVE,BROWNSVILLE,TEXAS,78521,f9bdf6d39a118b4a4ff293674bab46416237cdfe51ad81a55f862aa7c94d1860,https://apps.hhs.texas.gov/providers/directories/dahs_issonly.xlsx,2026-09-30T13:16:18.681388+00:00,2026-09-28,16c138f0a6dd4aca424503d244c854b28c8842b69c0aa21ca7e3b10ea5699f83
TX_DAHS_ISS_ONLY,110835,115,EDUCARE COMMUNITY LIVING CORPORATION  GULF COAST,DAHS-ISSONLY,YES,NO,CAMERON,1401 NORTH 28TH STREET,HARLINGEN,TEXAS,78550,f9bdf6d39a118b4a4ff293674bab46416237cdfe51ad81a55f862aa7c94d1860,https://apps.hhs.texas.gov/providers/directories/dahs_issonly.xlsx,2026-09-30T13:16:18.681388+00:00,2026-09-28,4ba546df04ed5118c8409a45c813d5efc506656da598212bae073e113ee4226c
TX_DAHS_ISS_ONLY,110853,116,HUMAN SERVICES CENTER,DAHS-ISSONLY,YES,NO,CAMERON,1209A NORTH 7TH STREET,HARLINGEN,TEXAS,78550,f9bdf6d39a118b4a4ff293674bab46416237cdfe51ad81a55f862aa7c94d1860,https://apps.hhs.texas.gov/providers/directories/dahs_issonly.xlsx,2026-09-30T13:16:18.681388+00:00,2026-09-28,b4868b820138d8bf1ec97c7475627cdffcdced17cc7c16fc437fc01b84c60529
TX_DAHS_ISS_ONLY,110751,117,LIFETIME LIVING AT JACKSON,DAHS-ISSONLY,YES,NO,CAMERON,519 E JACKSON AVE,HARLINGEN,TEXAS,78550,f9bdf6d39a118b4a4ff293674bab46416237cdfe51ad81a55f862aa7c94d1860,https://apps.hhs.texas.gov/providers/directories/dahs_issonly.xlsx,2026-09-30T13:16:18.681388+00:00,2026-09-28,c39eef6db5d025920580d8bf5c17045413e02c6358b2918549468f7f589a5c90
TX_DAHS_ISS_ONLY,112214,118,NEW BEGINNING HCSP LLC,DAHS-ISSONLY,YES,NO,CAMERON,2420 E. TYLER AVE,HARLINGEN,TEXAS,78550,f9bdf6d39a118b4a4ff293674bab46416237cdfe51ad81a55f862aa7c94d1860,https://apps.hhs.texas.gov/providers/directories/dahs_issonly.xlsx,2026-09-30T13:16:18.681388+00:00,2026-09-28,9a1d317092aaf788d6ca2dfbe45f5921ebd04d04ea74abc41efe83d823966e6b
TX_DAHS_ISS_ONLY,110708,119,NEW BEGINNING HCSP LLC,DAHS-ISSONLY,YES,NO,CAMERON,2617 S. 77 SUNSHINE STRIP,HARLINGEN,TEXAS,78550,f9bdf6d39a118b4a4ff293674bab46416237cdfe51ad81a55f862aa7c94d1860,https://apps.hhs.texas.gov/providers/directories/dahs_issonly.xlsx,2026-09-30T13:16:18.681388+00:00,2026-09-28,41cc9db099030baa164518d40f07d2536cc6ff4e4d5dbab01443a127a4a87f63
TX_DAHS_ISS_ONLY,110873,120,TEXAS HCS INC,DAHS-ISSONLY,YES,NO,CAMERON,2422 E TYLER AVE. SUITE B2,HARLINGEN,TEXAS,78550,f9bdf6d39a118b4a4ff293674bab46416237cdfe51ad81a55f862aa7c94d1860,https://apps.hhs.texas.gov/providers/directories/dahs_issonly.xlsx,2026-09-30T13:16:18.681388+00:00,2026-09-28,fa245bf3f2c760b8dd679311f1dab2196c11b47a05ee8fcbea3af584f51ea8e7
TX_DAHS_ISS_ONLY,111233,121,VALLEY FAMILY LTD,DAHS-ISSONLY,YES,NO,CAMERON,1514 S 77 SUNSHINE STRIP #25,HARLINGEN,TEXAS,78550,f9bdf6d39a118b4a4ff293674bab46416237cdfe51ad81a55f862aa7c94d1860,https://apps.hhs.texas.gov/providers/directories/dahs_issonly.xlsx,2026-09-30T13:16:18.681388+00:00,2026-09-28,82c4d411ef95ee12d9a160292996b9f151e353e7f3a60b3662a0c7469d56a6b1
TX_DAHS_ISS_ONLY,111396,122,CAMP COUNTY SERVICE INDUSTRIES,DAHS-ISSONLY,YES,NO,CAMP,523 ELM,PITTSBURG,TEXAS,75686,f9bdf6d39a118b4a4ff293674bab46416237cdfe51ad81a55f862aa7c94d1860,https://apps.hhs.texas.gov/providers/directories/dahs_issonly.xlsx,2026-09-30T13:16:18.681388+00:00,2026-09-28,8389d10cecc7ffdecc6b05997e47ae7245488308b1c8f6a75d6a3b29921b75fd
TX_DAHS_ISS_ONLY,111805,123,"FOREVER GROWING INSTITUTE, INC",DAHS-ISSONLY,YES,NO,CASS,307 NORTH LOUISE ST. SUITE B,ATLANTA,TEXAS,75551,f9bdf6d39a118b4a4ff293674bab46416237cdfe51ad81a55f862aa7c94d1860,https://apps.hhs.texas.gov/providers/directories/dahs_issonly.xlsx,2026-09-30T13:16:18.681388+00:00,2026-09-28,224bad1e856a98ea478ce3ae3e6972a0dfabd6d57e263b560d21764217cb81c4
TX_DAHS_ISS_ONLY,111940,124,A HOME AWAY FROM HOME EAST TEXAS LLC,DAHS-ISSONLY,YES,NO,CASS,59 COUNTY ROAD 1795,JEFFERSON,TEXAS,75657,f9bdf6d39a118b4a4ff293674bab46416237cdfe51ad81a55f862aa7c94d1860,https://apps.hhs.texas.gov/providers/directories/dahs_issonly.xlsx,2026-09-30T13:16:18.681388+00:00,2026-09-28,8fe6328dbd11d252208fdbe3e92873db5f1999ce40699455974b3a803e68cc55
TX_DAHS_ISS_ONLY,110732,125,GATEWAY COMMUNITY PARTNERS INC,DAHS-ISSONLY,YES,NO,CHEROKEE,417 SE LOOP 456,JACKSONVILLE,TEXAS,75766,f9bdf6d39a118b4a4ff293674bab46416237cdfe51ad81a55f862aa7c94d1860,https://apps.hhs.texas.gov/providers/directories/dahs_issonly.xlsx,2026-09-30T13:16:18.681388+00:00,2026-09-28,c473a6e7d0f167de433f134dcc4a70ebae33151f25c85d15ecf086b168f6f037
TX_DAHS_ISS_ONLY,111627,126,ALCOVE CARE INC,DAHS-ISSONLY,YES,NO,COCHRAN,106 SW 5TH STREET,MORTON,TEXAS,79346,f9bdf6d39a118b4a4ff293674bab46416237cdfe51ad81a55f862aa7c94d1860,https://apps.hhs.texas.gov/providers/directories/dahs_issonly.xlsx,2026-09-30T13:16:18.681388+00:00,2026-09-28,5e140d237ac9af3f37bdd92b8484969f96ae0a55d7bbdc64c2233ec5306f1936
TX_DAHS_ISS_ONLY,110900,127,CENTRAL TEXAS MHMR CENTER DBA COLEMAN WORKSHOP,DAHS-ISSONLY,YES,NO,COLEMAN,100 E LIVE OAK,COLEMAN,TEXAS,76834,f9bdf6d39a118b4a4ff293674bab46416237cdfe51ad81a55f862aa7c94d1860,https://apps.hhs.texas.gov/providers/directories/dahs_issonly.xlsx,2026-09-30T13:16:18.681388+00:00,2026-09-28,8414a631368a101581b8fcdd739022ac47913316b2862145bdf505b7fab2da9d
TX_DAHS_ISS_ONLY,111093,128,EVERYONE'S DAY HAB,DAHS-ISSONLY,YES,NO,COLLIN,1228 E EXCHANGE PKWY. STE. 118,ALLEN,TEXAS,75002,f9bdf6d39a118b4a4ff293674bab46416237cdfe51ad81a55f862aa7c94d1860,https://apps.hhs.texas.gov/providers/directories/dahs_issonly.xlsx,2026-09-30T13:16:18.681388+00:00,2026-09-28,900f15936a89930291d63333a1d407d7432cb4841e018add2d81f274ccb4e8e4
TX_DAHS_ISS_ONLY,111372,129,JUDY SIMPSON,DAHS-ISSONLY,YES,NO,COLLIN,1009 MATHEW DR,ANNA,TX,75409,f9bdf6d39a118b4a4ff293674bab46416237cdfe51ad81a55f862aa7c94d1860,https://apps.hhs.texas.gov/providers/directories/dahs_issonly.xlsx,2026-09-30T13:16:18.681388+00:00,2026-09-28,8fbf7ff6eac79f175ff965777d07f70015b4443820c0261eee1f0847e050e7e4
TX_DAHS_ISS_ONLY,112187,130,TAYLOR'S GIFT FARM,DAHS-ISSONLY,YES,NO,COLLIN,6160 WARREN PARKWAY STE 100,FRISCO,TEXAS,75034,f9bdf6d39a118b4a4ff293674bab46416237cdfe51ad81a55f862aa7c94d1860,https://apps.hhs.texas.gov/providers/directories/dahs_issonly.xlsx,2026-09-30T13:16:18.681388+00:00,2026-09-28,e6dad6109076bce7214298f988d0cd834795eea828a72d0223af4701182a3952
TX_DAHS_ISS_ONLY,111524,131,MCKINNEYMCDONALD ONSITE ISS,DAHS-ISSONLY,YES,NO,COLLIN,901 N. MCDONALD ST. SUITE 206,MCKINNEY,TEXAS,75069,f9bdf6d39a118b4a4ff293674bab46416237cdfe51ad81a55f862aa7c94d1860,https://apps.hhs.texas.gov/providers/directories/dahs_issonly.xlsx,2026-09-30T13:16:18.681388+00:00,2026-09-28,a7777da95f0195dc6f016dfd08ddee1dd3105f2b576e342c5820d7e6e1d152d2
TX_DAHS_ISS_ONLY,110762,132,MDCS DAY HABILITATION LLC,DAHS-ISSONLY,YES,NO,COLLIN,2414 W UNIVERSITY DR STE 200,MCKINNEY,TX,75071,f9bdf6d39a118b4a4ff293674bab46416237cdfe51ad81a55f862aa7c94d1860,https://apps.hhs.texas.gov/providers/directories/dahs_issonly.xlsx,2026-09-30T13:16:18.681388+00:00,2026-09-28,26c3b5e245503a9591cf798c62ba63e4cf5d542d381bc4470db50fc592e0018c
TX_DAHS_ISS_ONLY,111451,133,SPECIAL DAYS LLC,DAHS-ISSONLY,YES,NO,COLLIN,5850 COLLIN MCKINNEY PARKWAY SUITE 502,MCKINNEY,TEXAS,75070,f9bdf6d39a118b4a4ff293674bab46416237cdfe51ad81a55f862aa7c94d1860,https://apps.hhs.texas.gov/providers/directories/dahs_issonly.xlsx,2026-09-30T13:16:18.681388+00:00,2026-09-28,6aa0b920e49ef882112a13b4328a8ffefd15706121a53c589c7a9bb4ad3c1be6
TX_DAHS_ISS_ONLY,111676,134,ALTRUISTIC,DAHS-ISSONLY,YES,NO,COLLIN,"600 DATA DR, UNIT 200",PLANO,TEXAS,75075,f9bdf6d39a118b4a4ff293674bab46416237cdfe51ad81a55f862aa7c94d1860,https://apps.hhs.texas.gov/providers/directories/dahs_issonly.xlsx,2026-09-30T13:16:18.681388+00:00,2026-09-28,f989b21d93d7c686ca3a241d423f31e2a8337544e11a9941c8647cfa8fdb9c63
TX_DAHS_ISS_ONLY,111015,135,ALTRUISTIC,DAHS-ISSONLY,YES,NO,COLLIN,2300 COIT RD STE 250,PLANO,TX,75075,f9bdf6d39a118b4a4ff293674bab46416237cdfe51ad81a55f862aa7c94d1860,https://apps.hhs.texas.gov/providers/directories/dahs_issonly.xlsx,2026-09-30T13:16:18.681388+00:00,2026-09-28,99832e764816b0e3ef5f829a67dc1d5e42f0cf2f95da1139983a352951134487
TX_DAHS_ISS_ONLY,112202,136,ALTRUISTIC,DAHS-ISSONLY,YES,NO,COLLIN,3709 OHIO DR,PLANO,TEXAS,75093,f9bdf6d39a118b4a4ff293674bab46416237cdfe51ad81a55f862aa7c94d1860,https://apps.hhs.texas.gov/providers/directories/dahs_issonly.xlsx,2026-09-30T13:16:18.681388+00:00,2026-09-28,383040e19bf43b5607f1db328efd3ebab5dcd714d64541e008398ba3bbe3666e
TX_DAHS_ISS_ONLY,111324,137,HANGOUTS & ADVENTURES,DAHS-ISSONLY,YES,NO,COLLIN,2001 E SPRING CREEK PKWY #6304,PLANO,TEXAS,75074,f9bdf6d39a118b4a4ff293674bab46416237cdfe51ad81a55f862aa7c94d1860,https://apps.hhs.texas.gov/providers/directories/dahs_issonly.xlsx,2026-09-30T13:16:18.681388+00:00,2026-09-28,a2537cbaf66f562a8168d102a8a2bdc099a04f54cdfba3ea4fca19cbc7b42a0a
TX_DAHS_ISS_ONLY,112062,138,"HEARTLAND ACADEMY OF TEXAS, LLC",DAHS-ISSONLY,YES,NO,COLLIN,"5170 VILLAGE CREEK DRIVE, SUITE 100",PLANO,TEXAS,75093,f9bdf6d39a118b4a4ff293674bab46416237cdfe51ad81a55f862aa7c94d1860,https://apps.hhs.texas.gov/providers/directories/dahs_issonly.xlsx,2026-09-30T13:16:18.681388+00:00,2026-09-28,4672b4ad33614865fd29015c3e5f3434470881929f3e0e2c92e2929493df4f21
TX_DAHS_ISS_ONLY,111070,139,MY POSSIBILITIES,DAHS-ISSONLY,YES,NO,COLLIN,3601 MAPLESHADE LN,PLANO,TEXAS,75075,f9bdf6d39a118b4a4ff293674bab46416237cdfe51ad81a55f862aa7c94d1860,https://apps.hhs.texas.gov/providers/directories/dahs_issonly.xlsx,2026-09-30T13:16:18.681388+00:00,2026-09-28,60ac23479f3140e2990ced15f785e09962d4270d2ccd06a531a53f4a79ca4303
TX_DAHS_ISS_ONLY,111313,140,SPECIAL SKILLS ACADEMY,DAHS-ISSONLY,YES,NO,COLLIN,2621 SUMMIT AVE. SUITE 400,PLANO,TEXAS,75074,f9bdf6d39a118b4a4ff293674bab46416237cdfe51ad81a55f862aa7c94d1860,https://apps.hhs.texas.gov/providers/directories/dahs_issonly.xlsx,2026-09-30T13:16:18.681388+00:00,2026-09-28,afabd0f5ce2594788d8aae1a6a182ea98a52fd74a4d64809c7950837e96e026d
TX_DAHS_ISS_ONLY,111425,141,TERRY FUNG,DAHS-ISSONLY,YES,NO,COLLIN,3801 CROSS BEND RD,PLANO,TEXAS,75023,f9bdf6d39a118b4a4ff293674bab46416237cdfe51ad81a55f862aa7c94d1860,https://apps.hhs.texas.gov/providers/directories/dahs_issonly.xlsx,2026-09-30T13:16:18.681388+00:00,2026-09-28,c4487d059abf6b3c2cb4ae06678f2529d477a8d40eae1ee47b87b04953fda4db
TX_DAHS_ISS_ONLY,110819,142,THE AVENUE,DAHS-ISSONLY,YES,NO,COLLIN,1121 F AVENUE,PLANO,TX,75074,f9bdf6d39a118b4a4ff293674bab46416237cdfe51ad81a55f862aa7c94d1860,https://apps.hhs.texas.gov/providers/directories/dahs_issonly.xlsx,2026-09-30T13:16:18.681388+00:00,2026-09-28,93315523d8b261424f41f92515ea22db53d7dee92b40b6f3571768ff3719f6f1
TX_DAHS_ISS_ONLY,111800,143,SUNSHINE ADVENTURE DAYHAB,DAHS-ISSONLY,YES,NO,COLLIN,1112 COUNTY ROAD 490,PRINCETON,TX,75407,f9bdf6d39a118b4a4ff293674bab46416237cdfe51ad81a55f862aa7c94d1860,https://apps.hhs.texas.gov/providers/directories/dahs_issonly.xlsx,2026-09-30T13:16:18.681388+00:00,2026-09-28,6bdb7c477cb760d93e9cb0727bc36a379fef79152452e288ca91ba4afbb4fd3f
TX_DAHS_ISS_ONLY,111710,144,RIGHTCHOICECARE LLC,DAHS-ISSONLY,YES,NO,COLLIN,291 S PRESTON RD SUITE 510,PROSPER,TX,75078,f9bdf6d39a118b4a4ff293674bab46416237cdfe51ad81a55f862aa7c94d1860,https://apps.hhs.texas.gov/providers/directories/dahs_issonly.xlsx,2026-09-30T13:16:18.681388+00:00,2026-09-28,a839aa264cce70b63d4750d3518df76cf183c49444d8b7dc3cc0640a7f4ef969
TX_DAHS_ISS_ONLY,111739,145,BEYOND CARE LLC,DAHS-ISSONLY,YES,NO,COLLIN,"3201 FM 544,",WYLIE,TEXAS,75098,f9bdf6d39a118b4a4ff293674bab46416237cdfe51ad81a55f862aa7c94d1860,https://apps.hhs.texas.gov/providers/directories/dahs_issonly.xlsx,2026-09-30T13:16:18.681388+00:00,2026-09-28,f31a411dcc0f58a02a4ca40029a241402402efd496865aa7fe6690af9a96a38d
TX_DAHS_ISS_ONLY,111958,146,BRYANNA C MORENO,DAHS-ISSONLY,YES,NO,COMAL,1532 AGAVE CELLAR,NEW BRAUNFELS,TX,78130,f9bdf6d39a118b4a4ff293674bab46416237cdfe51ad81a55f862aa7c94d1860,https://apps.hhs.texas.gov/providers/directories/dahs_issonly.xlsx,2026-09-30T13:16:18.681388+00:00,2026-09-28,bab5e60201e467f48e2e0309d683ac33062f691a04115bd9ab0a63d14dbb3545
TX_DAHS_ISS_ONLY,110714,147,"CAMP CUMMINS ACTIVITY CENTER, LLC",DAHS-ISSONLY,YES,NO,COMAL,241 SOUTH BUSINESS 35,NEW BRAUNFELS,TEXAS,78130,f9bdf6d39a118b4a4ff293674bab46416237cdfe51ad81a55f862aa7c94d1860,https://apps.hhs.texas.gov/providers/directories/dahs_issonly.xlsx,2026-09-30T13:16:18.681388+00:00,2026-09-28,4bd487a0225e7c088fb2405135420ef5535fc6851070ec3c5ced3cc032f26db1
TX_DAHS_ISS_ONLY,111814,148,"FOREVER GROWING INSTITUTE, INC",DAHS-ISSONLY,YES,NO,COMAL,511 E. NORTH ST.,NEW BRAUNFELS,TEXAS,78130,f9bdf6d39a118b4a4ff293674bab46416237cdfe51ad81a55f862aa7c94d1860,https://apps.hhs.texas.gov/providers/directories/dahs_issonly.xlsx,2026-09-30T13:16:18.681388+00:00,2026-09-28,650db72250722499d6f21cabca0f979a4257cc3b6bb61c9cd9048bdcbd05f755
TX_DAHS_ISS_ONLY,110754,149,LIFETIME LIVING AT NEW BRAUNFELS,DAHS-ISSONLY,YES,NO,COMAL,336 LANDA ST,NEW BRAUNFELS,TEXAS,78130,f9bdf6d39a118b4a4ff293674bab46416237cdfe51ad81a55f862aa7c94d1860,https://apps.hhs.texas.gov/providers/directories/dahs_issonly.xlsx,2026-09-30T13:16:18.681388+00:00,2026-09-28,20b1c21a0b61cc570b90a0b4ad86e925546f7b33ffe8f438c5d402feb10272f0
TX_DAHS_ISS_ONLY,110933,150,SAN ANTONIO DAYHAB,DAHS-ISSONLY,YES,NO,COMAL,750 RUSK AVE,NEW BRAUNFELS,TEXAS,78130,f9bdf6d39a118b4a4ff293674bab46416237cdfe51ad81a55f862aa7c94d1860,https://apps.hhs.texas.gov/providers/directories/dahs_issonly.xlsx,2026-09-30T13:16:18.681388+00:00,2026-09-28,b5c1f5d91e7451ce7d9aa60c8bd1f9d820997ad1ad6b140ed4d9837dddf074d7
TX_DAHS_ISS_ONLY,110818,151,CENTRAL TEXAS MHMR CENTER DBA BILL DOGGETT,DAHS-ISSONLY,YES,NO,COMANCHE,1009 S AUSTIN,COMANCHE,TEXAS,76442,f9bdf6d39a118b4a4ff293674bab46416237cdfe51ad81a55f862aa7c94d1860,https://apps.hhs.texas.gov/providers/directories/dahs_issonly.xlsx,2026-09-30T13:16:18.681388+00:00,2026-09-28,f4dca3ef9d680bfcc1c8c29ed20aa68832be7e68a80ab6a38795bd01dcf9f913
TX_DAHS_ISS_ONLY,111796,152,ALLI ENTERPRISES LLC,DAHS-ISSONLY,YES,NO,CORYELL,1302 S FM 116,COPPERAS COVE,TX,76522,f9bdf6d39a118b4a4ff293674bab46416237cdfe51ad81a55f862aa7c94d1860,https://apps.hhs.texas.gov/providers/directories/dahs_issonly.xlsx,2026-09-30T13:16:18.681388+00:00,2026-09-28,d6f78d8b8f13e65f1c1dde62972370914e882dca9d065b0be59d7b91b8387965
TX_DAHS_ISS_ONLY,110806,153,CARING PATHWAYS OF CARROLLTON,DAHS-ISSONLY,YES,NO,DALLAS,2150 N. JOSEY LANE #318,CARROLLTON,TX,75006,f9bdf6d39a118b4a4ff293674bab46416237cdfe51ad81a55f862aa7c94d1860,https://apps.hhs.texas.gov/providers/directories/dahs_issonly.xlsx,2026-09-30T13:16:18.681388+00:00,2026-09-28,962e4c4947c8255cd83f269dc638d0bc0c154a10605daea945b0c689c3155c6e
TX_DAHS_ISS_ONLY,111018,154,CARROLLTON DAYHAB,DAHS-ISSONLY,YES,NO,DALLAS,2105 LUNA ROAD SUITE # 320,CARROLLTON,TEXAS,75006,f9bdf6d39a118b4a4ff293674bab46416237cdfe51ad81a55f862aa7c94d1860,https://apps.hhs.texas.gov/providers/directories/dahs_issonly.xlsx,2026-09-30T13:16:18.681388+00:00,2026-09-28,78d43b93c80ab3d707eeac5c43c550de6e1a9ab21c766519860b521d7c4c14d6
TX_DAHS_ISS_ONLY,111690,155,"A TIME TO CARE, INC",DAHS-ISSONLY,YES,NO,DALLAS,1009 ARIES ST,CEDAR HILL,TX,75104,f9bdf6d39a118b4a4ff293674bab46416237cdfe51ad81a55f862aa7c94d1860,https://apps.hhs.texas.gov/providers/directories/dahs_issonly.xlsx,2026-09-30T13:16:18.681388+00:00,2026-09-28,221fa438b215c41baa6f351bc72214009c98f5e1e8c0e9c7b0ec350bc78006e4
TX_DAHS_ISS_ONLY,112018,156,ACTIVE ACHIEVERS LLC,DAHS-ISSONLY,YES,NO,DALLAS,1102 HAMPSHIRE LN,CEDAR HILL,TX,75104,f9bdf6d39a118b4a4ff293674bab46416237cdfe51ad81a55f862aa7c94d1860,https://apps.hhs.texas.gov/providers/directories/dahs_issonly.xlsx,2026-09-30T13:16:18.681388+00:00,2026-09-28,18a5315f7b10ea2ec60a8ccb759aca86bc6a04a7ef412ce297087517ac6d5410
TX_DAHS_ISS_ONLY,111056,157,HIGH RISE DAY HABILITATION CENTER,DAHS-ISSONLY,YES,NO,DALLAS,128 N. ROBERTS RD.,CEDAR HILL,TEXAS,75104,f9bdf6d39a118b4a4ff293674bab46416237cdfe51ad81a55f862aa7c94d1860,https://apps.hhs.texas.gov/providers/directories/dahs_issonly.xlsx,2026-09-30T13:16:18.681388+00:00,2026-09-28,43182377a5fb031aba46ea3af1cd4af8c420b3ef35c3537a307ef98a2c5897cf
TX_DAHS_ISS_ONLY,112151,158,"1DERFULL TIMES, LLC",DAHS-ISSONLY,YES,NO,DALLAS,3911 S. LANCASTER RD  STE 100,DALLAS,TEXAS,75216,f9bdf6d39a118b4a4ff293674bab46416237cdfe51ad81a55f862aa7c94d1860,https://apps.hhs.texas.gov/providers/directories/dahs_issonly.xlsx,2026-09-30T13:16:18.681388+00:00,2026-09-28,db3878bd48a2b6194a8c35327e2c295ed92fc87776cc2457c85de4ac8f82cead
TX_DAHS_ISS_ONLY,111518,159,1ST CHOICE DAY HAB,DAHS-ISSONLY,YES,NO,DALLAS,4210 S. WESTMORELAND RD.,DALLAS,TEXAS,75233,f9bdf6d39a118b4a4ff293674bab46416237cdfe51ad81a55f862aa7c94d1860,https://apps.hhs.texas.gov/providers/directories/dahs_issonly.xlsx,2026-09-30T13:16:18.681388+00:00,2026-09-28,ec1b6733d598cef3d7367630d33629f7ac26a5e414b7d36a7145e3b23b003909
TX_DAHS_ISS_ONLY,111802,160,A DESTINY'S ROSE HCS INC,DAHS-ISSONLY,YES,NO,DALLAS,6330 S. LANCASTER RD,DALLAS,TX,75241,f9bdf6d39a118b4a4ff293674bab46416237cdfe51ad81a55f862aa7c94d1860,https://apps.hhs.texas.gov/providers/directories/dahs_issonly.xlsx,2026-09-30T13:16:18.681388+00:00,2026-09-28,fa35b240dffca91f64d9b20a5f9ac63c33e04a7a0ad5c08a4ebdf3dd34b2ec83
TX_DAHS_ISS_ONLY,111003,161,A FRIEND OF A FRIEND DAY HAB,DAHS-ISSONLY,YES,NO,DALLAS,5203 BEXAR STREET STE 1,DALLAS,TEXAS,75215,f9bdf6d39a118b4a4ff293674bab46416237cdfe51ad81a55f862aa7c94d1860,https://apps.hhs.texas.gov/providers/directories/dahs_issonly.xlsx,2026-09-30T13:16:18.681388+00:00,2026-09-28,544fec1451cdfac176951eb555596eaaf39f52f53ab5979fc4491afe4203d5c8
TX_DAHS_ISS_ONLY,110977,162,A HIGHER LEARNING ACTIVITY CENTER INC,DAHS-ISSONLY,YES,NO,DALLAS,1150 EMPIRE CENTRAL PL #106,DALLAS,TEXAS,75247,f9bdf6d39a118b4a4ff293674bab46416237cdfe51ad81a55f862aa7c94d1860,https://apps.hhs.texas.gov/providers/directories/dahs_issonly.xlsx,2026-09-30T13:16:18.681388+00:00,2026-09-28,b8ea213693d44f6605a810109c41de0276249e9537296f10763f35aeeb917326
TX_DAHS_ISS_ONLY,111287,163,ABUNDANT LIFE HCS COMPANY,DAHS-ISSONLY,YES,NO,DALLAS,4575 SOUTH WESTMORELAND ROAD,DALLAS,TEXAS,75237,f9bdf6d39a118b4a4ff293674bab46416237cdfe51ad81a55f862aa7c94d1860,https://apps.hhs.texas.gov/providers/directories/dahs_issonly.xlsx,2026-09-30T13:16:18.681388+00:00,2026-09-28,87ebd39171d1a99ec195e2005eb255e7db5184128bfdba0a0cc8d6e7205be00a
TX_DAHS_ISS_ONLY,111178,164,AN ANGEL'S TOUCH HCS INC,DAHS-ISSONLY,YES,NO,DALLAS,5409 N JIM ROAD STE 209 & 213,DALLAS,TEXAS,75227,f9bdf6d39a118b4a4ff293674bab46416237cdfe51ad81a55f862aa7c94d1860,https://apps.hhs.texas.gov/providers/directories/dahs_issonly.xlsx,2026-09-30T13:16:18.681388+00:00,2026-09-28,5f5bd245ee383f8e73f603260df6a16886c9fc9470fb676b055b470cbeaac431
TX_DAHS_ISS_ONLY,111046,165,AUTISTIC TREATMENT CENTER INC,DAHS-ISSONLY,YES,NO,DALLAS,10503 METRIC DRIVE,DALLAS,TEXAS,75243,f9bdf6d39a118b4a4ff293674bab46416237cdfe51ad81a55f862aa7c94d1860,https://apps.hhs.texas.gov/providers/directories/dahs_issonly.xlsx,2026-09-30T13:16:18.681388+00:00,2026-09-28,73bce32b5197dd67a2aeeccb7b275ee9b289bcd82426fbc43646bbce424bf89a
TX_DAHS_ISS_ONLY,111037,166,"AUTISTIC TREATMENT CENTER, INC",DAHS-ISSONLY,YES,NO,DALLAS,10610 METRIC DRIVE SUITE 102,DALLAS,TX,75243,f9bdf6d39a118b4a4ff293674bab46416237cdfe51ad81a55f862aa7c94d1860,https://apps.hhs.texas.gov/providers/directories/dahs_issonly.xlsx,2026-09-30T13:16:18.681388+00:00,2026-09-28,3cf89cbc7a42d9fd6c270e0e9fa5aba07e626bdd2d2268df9e17c8587325d3c9
TX_DAHS_ISS_ONLY,111454,167,"CHRISTIAN HEIGHTS COMMUNITY CARE, INC",DAHS-ISSONLY,YES,NO,DALLAS,4710 WADSWORTH DRIVE,DALLAS,TEXAS,75216,f9bdf6d39a118b4a4ff293674bab46416237cdfe51ad81a55f862aa7c94d1860,https://apps.hhs.texas.gov/providers/directories/dahs_issonly.xlsx,2026-09-30T13:16:18.681388+00:00,2026-09-28,8c14a566b9352147806fb4856d12890766bb44eef9e874f6114074b0e7bf17c3
TX_DAHS_ISS_ONLY,110802,168,CITIZENS DEVELOPMENT CENTER,DAHS-ISSONLY,YES,NO,DALLAS,8800 AMBASSADOR ROW,DALLAS,TEXAS,75247,f9bdf6d39a118b4a4ff293674bab46416237cdfe51ad81a55f862aa7c94d1860,https://apps.hhs.texas.gov/providers/directories/dahs_issonly.xlsx,2026-09-30T13:16:18.681388+00:00,2026-09-28,ad5cfba4f822cde0989354cedcb597b053571f5c1ab2bc5ed397b9ad389d13bc
TX_DAHS_ISS_ONLY,111113,169,COMMUNITY HOMES FOR ADULTS INC,DAHS-ISSONLY,YES,NO,DALLAS,7900 NORTHAVEN ROAD,DALLAS,TEXAS,75230,f9bdf6d39a118b4a4ff293674bab46416237cdfe51ad81a55f862aa7c94d1860,https://apps.hhs.texas.gov/providers/directories/dahs_issonly.xlsx,2026-09-30T13:16:18.681388+00:00,2026-09-28,33097fdb2ba9666560bef94d8870a18637771cd45b159a062ce6f563ef9298ec
TX_DAHS_ISS_ONLY,112178,170,"COMMUNITY OPTIONS, INC",DAHS-ISSONLY,YES,NO,DALLAS,5050 QUORUM DRIVE SUITE 700,DALLAS,TEXAS,75254,f9bdf6d39a118b4a4ff293674bab46416237cdfe51ad81a55f862aa7c94d1860,https://apps.hhs.texas.gov/providers/directories/dahs_issonly.xlsx,2026-09-30T13:16:18.681388+00:00,2026-09-28,78da08fa81d7b8ee97cd548732d3ec299ae14ddc27edaf7565c4ecb45df35267
TX_DAHS_ISS_ONLY,111033,171,CONNECTING POINT OF PARK CITIES,DAHS-ISSONLY,YES,NO,DALLAS,4024 CARUTH BLVD.,DALLAS,TX,75225,f9bdf6d39a118b4a4ff293674bab46416237cdfe51ad81a55f862aa7c94d1860,https://apps.hhs.texas.gov/providers/directories/dahs_issonly.xlsx,2026-09-30T13:16:18.681388+00:00,2026-09-28,e2f3800780e5b641a89d7fdf84b69e21e649ba23b01216b43fd7f3c6925c3e84
TX_DAHS_ISS_ONLY,110730,172,DBA AMISTAD DAY HAB,DAHS-ISSONLY,YES,NO,DALLAS,419 W PEMBROKE AVE,DALLAS,TEXAS,75208,f9bdf6d39a118b4a4ff293674bab46416237cdfe51ad81a55f862aa7c94d1860,https://apps.hhs.texas.gov/providers/directories/dahs_issonly.xlsx,2026-09-30T13:16:18.681388+00:00,2026-09-28,e90c5cea8313d99106ab86d05dd94b157f53882a3bd1b912225ba42eb79fbd4d
TX_DAHS_ISS_ONLY,110932,173,EVERGREEN LIFE SERVICES OF DALLAS,DAHS-ISSONLY,YES,NO,DALLAS,10810 SANDEN DRIVE,DALLAS,TEXAS,75238,f9bdf6d39a118b4a4ff293674bab46416237cdfe51ad81a55f862aa7c94d1860,https://apps.hhs.texas.gov/providers/directories/dahs_issonly.xlsx,2026-09-30T13:16:18.681388+00:00,2026-09-28,04d4fe86db3b66c258ae89d1868a1d3f6cb9799418cca4ec35157a83819d79e7
TX_DAHS_ISS_ONLY,112186,174,FAITHDAYHAB,DAHS-ISSONLY,YES,NO,DALLAS,"8300 LA PRADA DRIVE, SUITE 164",DALLAS,TEXAS,75228,f9bdf6d39a118b4a4ff293674bab46416237cdfe51ad81a55f862aa7c94d1860,https://apps.hhs.texas.gov/providers/directories/dahs_issonly.xlsx,2026-09-30T13:16:18.681388+00:00,2026-09-28,aa584e0e0f22589cba92dbc1db209ffd1cca34a5561f3366d6c79d07001e000c
TX_DAHS_ISS_ONLY,111218,175,"GOODWILL INDUSTRIES OF DALLAS, INC",DAHS-ISSONLY,YES,NO,DALLAS,3020 N. WESTMORELAND ROAD,DALLAS,TX,75212,f9bdf6d39a118b4a4ff293674bab46416237cdfe51ad81a55f862aa7c94d1860,https://apps.hhs.texas.gov/providers/directories/dahs_issonly.xlsx,2026-09-30T13:16:18.681388+00:00,2026-09-28,0b2e6f5a8864e8e374cc108e9e25b1c6be5447cf42a1371a63020087f3240287
TX_DAHS_ISS_ONLY,110766,176,HELPING EVERYONE REACH OUTSTANDING EDUCATIONAL SUCCESS,DAHS-ISSONLY,YES,NO,DALLAS,7815 ARAPAHO RD,DALLAS,TEXAS,75248,f9bdf6d39a118b4a4ff293674bab46416237cdfe51ad81a55f862aa7c94d1860,https://apps.hhs.texas.gov/providers/directories/dahs_issonly.xlsx,2026-09-30T13:16:18.681388+00:00,2026-09-28,9f556b052de75377c560816219a76951307610b16bca3923cfd6794a19a4c171
TX_DAHS_ISS_ONLY,111529,177,LATONIA ROCHELLE JENNINGS,DAHS-ISSONLY,YES,NO,DALLAS,7104 CLOVERGLEN DR,DALLAS,TEXAS,75249,f9bdf6d39a118b4a4ff293674bab46416237cdfe51ad81a55f862aa7c94d1860,https://apps.hhs.texas.gov/providers/directories/dahs_issonly.xlsx,2026-09-30T13:16:18.681388+00:00,2026-09-28,72e3cbf69beede0b342e3987932ef74cc1e4babe97e226170c5bba524cc17fd7
TX_DAHS_ISS_ONLY,112026,178,MAINLAND HEALTH,DAHS-ISSONLY,YES,NO,DALLAS,"4100 ALPHA RD, SUITE 412",DALLAS,TEXAS,75244,f9bdf6d39a118b4a4ff293674bab46416237cdfe51ad81a55f862aa7c94d1860,https://apps.hhs.texas.gov/providers/directories/dahs_issonly.xlsx,2026-09-30T13:16:18.681388+00:00,2026-09-28,a3e4e6f1995dbd6dec1c03ecafdeca0181cc5d015de93f5389b62dde49d8733d
TX_DAHS_ISS_ONLY,110733,179,METROCARE SERVICES,DAHS-ISSONLY,YES,NO,DALLAS,1451 JOHN WEST RD.,DALLAS,TEXAS,75228,f9bdf6d39a118b4a4ff293674bab46416237cdfe51ad81a55f862aa7c94d1860,https://apps.hhs.texas.gov/providers/directories/dahs_issonly.xlsx,2026-09-30T13:16:18.681388+00:00,2026-09-28,2bb2f638bb6ef9286429c8d43e9a3e516149722dc1ff579759b80ae95a112ad0
TX_DAHS_ISS_ONLY,110997,180,NOTRE DAME OF DALLAS SCHOOLS,DAHS-ISSONLY,YES,NO,DALLAS,629 N. PEAK ST.,DALLAS,TEXAS,75246,f9bdf6d39a118b4a4ff293674bab46416237cdfe51ad81a55f862aa7c94d1860,https://apps.hhs.texas.gov/providers/directories/dahs_issonly.xlsx,2026-09-30T13:16:18.681388+00:00,2026-09-28,e7b4dc4f388bcc60f295269a756165d61f158e3450b770a32903083bcfc79cb3
TX_DAHS_ISS_ONLY,111273,181,ROYAL INVESTMENT GROUP LLC,DAHS-ISSONLY,YES,NO,DALLAS,7125 MARVIN D. LOVE FREE WAY #211,DALLAS,TEXAS,75237,f9bdf6d39a118b4a4ff293674bab46416237cdfe51ad81a55f862aa7c94d1860,https://apps.hhs.texas.gov/providers/directories/dahs_issonly.xlsx,2026-09-30T13:16:18.681388+00:00,2026-09-28,7395e5f0f41ab19007ec6e7a92db8ef1186d418c4a8bf03cb3b0e224dc8b9ce4
TX_DAHS_ISS_ONLY,110899,182,SHAHN PLACE INC,DAHS-ISSONLY,YES,NO,DALLAS,2200 EAST LEDBETTER DRIVE,DALLAS,TX,75216,f9bdf6d39a118b4a4ff293674bab46416237cdfe51ad81a55f862aa7c94d1860,https://apps.hhs.texas.gov/providers/directories/dahs_issonly.xlsx,2026-09-30T13:16:18.681388+00:00,2026-09-28,6f458e286201bd82fa9799314a23f1f1535dd2b8c7d4280fc1187fca94b8b037
TX_DAHS_ISS_ONLY,110940,183,STEADFAST GROUP LLC,DAHS-ISSONLY,YES,NO,DALLAS,"10990 SWITZER AVE, STE 302",DALLAS,TX,75238,f9bdf6d39a118b4a4ff293674bab46416237cdfe51ad81a55f862aa7c94d1860,https://apps.hhs.texas.gov/providers/directories/dahs_issonly.xlsx,2026-09-30T13:16:18.681388+00:00,2026-09-28,293e02e11500edaabbd1f95feeb2bac9f7c06ea3730dd0fb30ad81475ac11add
TX_DAHS_ISS_ONLY,111215,184,SUPREME CARE ADULT CENTER,DAHS-ISSONLY,YES,NO,DALLAS,4033 SHILLING WAY,DALLAS,TEXAS,75237,f9bdf6d39a118b4a4ff293674bab46416237cdfe51ad81a55f862aa7c94d1860,https://apps.hhs.texas.gov/providers/directories/dahs_issonly.xlsx,2026-09-30T13:16:18.681388+00:00,2026-09-28,502284cf5d354a869c5925bac40b8c2e1191204ea03a820faa5811266a04161f
TX_DAHS_ISS_ONLY,110735,185,A SERVICE THAT CARES,DAHS-ISSONLY,YES,NO,DALLAS,219 EXECUTIVE WAY,DESOTO,TX,75115,f9bdf6d39a118b4a4ff293674bab46416237cdfe51ad81a55f862aa7c94d1860,https://apps.hhs.texas.gov/providers/directories/dahs_issonly.xlsx,2026-09-30T13:16:18.681388+00:00,2026-09-28,73adc9dd4913d4c22d93c6db0d298ce372ee8be6f9f55a7c2816d148c78451f8
TX_DAHS_ISS_ONLY,111211,186,DESTINY CREATION,DAHS-ISSONLY,YES,NO,DALLAS,1231 E PLEASANT RUN RD#110,DESOTO,TEXAS,75115,f9bdf6d39a118b4a4ff293674bab46416237cdfe51ad81a55f862aa7c94d1860,https://apps.hhs.texas.gov/providers/directories/dahs_issonly.xlsx,2026-09-30T13:16:18.681388+00:00,2026-09-28,acfd5125f7785dde28d7d8cc333203aea644b40f92f2fbb54ecf3d66f80fd66f
TX_DAHS_ISS_ONLY,111438,187,FAITH HOUSE INC,DAHS-ISSONLY,YES,NO,DALLAS,104 W. SPINNER,DESOTO,TEXAS,75115,f9bdf6d39a118b4a4ff293674bab46416237cdfe51ad81a55f862aa7c94d1860,https://apps.hhs.texas.gov/providers/directories/dahs_issonly.xlsx,2026-09-30T13:16:18.681388+00:00,2026-09-28,5219673ecff0a9624b7b3784365144140cfe3ef871e273048d38c22d4eaa2dfd
TX_DAHS_ISS_ONLY,110825,188,HIGH SOARING EAGLE CENTER INCORPORATED,DAHS-ISSONLY,YES,NO,DALLAS,107 EXECUTIVE WAY,DESOTO,TEXAS,75115,f9bdf6d39a118b4a4ff293674bab46416237cdfe51ad81a55f862aa7c94d1860,https://apps.hhs.texas.gov/providers/directories/dahs_issonly.xlsx,2026-09-30T13:16:18.681388+00:00,2026-09-28,3658bace11653254a98078cfe7f29b51e01143df27d00a4d1f0ebddbd8763918
TX_DAHS_ISS_ONLY,112150,189,IT'S OUR DESTINY,DAHS-ISSONLY,YES,NO,DALLAS,1369 N. HAMPTON RD UNIT 76,DESOTO,TEXAS,75115,f9bdf6d39a118b4a4ff293674bab46416237cdfe51ad81a55f862aa7c94d1860,https://apps.hhs.texas.gov/providers/directories/dahs_issonly.xlsx,2026-09-30T13:16:18.681388+00:00,2026-09-28,2d6fa53147b551e975f8d19a6ad3367b2f75891fe3898873651c5e124742edef
TX_DAHS_ISS_ONLY,110928,190,MY DESTINY DAY HABILITATION CENTER,DAHS-ISSONLY,YES,NO,DALLAS,115 W. BELTLINE RD,DESOTO,TEXAS,75104,f9bdf6d39a118b4a4ff293674bab46416237cdfe51ad81a55f862aa7c94d1860,https://apps.hhs.texas.gov/providers/directories/dahs_issonly.xlsx,2026-09-30T13:16:18.681388+00:00,2026-09-28,3d1dc6ce46af62944e38de247772f2a2edd22f517d0318191df3cc8850f341f4
TX_DAHS_ISS_ONLY,112213,191,"PETTIS AND ASSOCIATES, INC",DAHS-ISSONLY,YES,NO,DALLAS,"1801 N HAMPTON RD, SUITE 305",DESOTO,TX,75115,f9bdf6d39a118b4a4ff293674bab46416237cdfe51ad81a55f862aa7c94d1860,https://apps.hhs.texas.gov/providers/directories/dahs_issonly.xlsx,2026-09-30T13:16:18.681388+00:00,2026-09-28,77ce4a98c9c0afd9bf95f59cc1b055eac2765653c7ff779f6e0a54c9d00e933e
TX_DAHS_ISS_ONLY,111028,192,RISING STAR ISS LLC,DAHS-ISSONLY,YES,NO,DALLAS,203 S HAMPTON RD,DESOTO,TX,75115,f9bdf6d39a118b4a4ff293674bab46416237cdfe51ad81a55f862aa7c94d1860,https://apps.hhs.texas.gov/providers/directories/dahs_issonly.xlsx,2026-09-30T13:16:18.681388+00:00,2026-09-28,31d818c7806a5325964883df6fe21b5aa357edd3525f361c21bcd6ddc8b655f0
TX_DAHS_ISS_ONLY,112117,193,UNITED VILLAGE,DAHS-ISSONLY,YES,NO,DALLAS,116 EAST WINTERGREEN RD,DESOTO,TX,75115,f9bdf6d39a118b4a4ff293674bab46416237cdfe51ad81a55f862aa7c94d1860,https://apps.hhs.texas.gov/providers/directories/dahs_issonly.xlsx,2026-09-30T13:16:18.681388+00:00,2026-09-28,b90fcefc44b7edeb661cdceda6c754df83a6b8ecf66e85ec09a9f59f1b581f59
TX_DAHS_ISS_ONLY,110962,194,"ABORIGINE SOLUTION, LLC",DAHS-ISSONLY,YES,NO,DALLAS,1318 SOUTH MAIN STREET #101 & 102,DUNCANVILLE,TEXAS,75137,f9bdf6d39a118b4a4ff293674bab46416237cdfe51ad81a55f862aa7c94d1860,https://apps.hhs.texas.gov/providers/directories/dahs_issonly.xlsx,2026-09-30T13:16:18.681388+00:00,2026-09-28,c9b5c6a1c791014e40f8ef25c36f9121cf395ec9c0612e2dc578d9630c5ba2b6
TX_DAHS_ISS_ONLY,110709,195,LIFE SKILLS CENTER FOR ADULTS INC,DAHS-ISSONLY,YES,NO,DALLAS,328 E. CAMP WISDOM RD,DUNCANVILLE,TX,75116,f9bdf6d39a118b4a4ff293674bab46416237cdfe51ad81a55f862aa7c94d1860,https://apps.hhs.texas.gov/providers/directories/dahs_issonly.xlsx,2026-09-30T13:16:18.681388+00:00,2026-09-28,385d81d456eb1b8efd4c20b51136819a00852643217438ac6cdc765006d1af93
TX_DAHS_ISS_ONLY,110803,196,RATCLIFF YOUTH AND FAMILY SERVICES,DAHS-ISSONLY,YES,NO,DALLAS,926 S. CEDAR RIDGE DR.,DUNCANVILLE,TEXAS,75137,f9bdf6d39a118b4a4ff293674bab46416237cdfe51ad81a55f862aa7c94d1860,https://apps.hhs.texas.gov/providers/directories/dahs_issonly.xlsx,2026-09-30T13:16:18.681388+00:00,2026-09-28,f26aa6f2b6a4447bfffaa95bc23409c041e11f9ae44a76dcc7a605ad48f057aa
TX_DAHS_ISS_ONLY,110974,197,"29 ACRES, INC",DAHS-ISSONLY,YES,NO,DALLAS,13500 MIDWAY AVE. SUITE 5,FARMERS BRANCH,TX,75244,f9bdf6d39a118b4a4ff293674bab46416237cdfe51ad81a55f862aa7c94d1860,https://apps.hhs.texas.gov/providers/directories/dahs_issonly.xlsx,2026-09-30T13:16:18.681388+00:00,2026-09-28,0c0fdeaf1d91c2f4e715ec92b2151b2a92071b602180097a4f6452769af8691b
TX_DAHS_ISS_ONLY,111447,198,OVERCOMING BARRIERS SERVICES LLC,DAHS-ISSONLY,YES,NO,DALLAS,2655 VILLA CREEK DR. STE 280 EAST BUILDING,FARMERS BRANCH,TEXAS,75234,f9bdf6d39a118b4a4ff293674bab46416237cdfe51ad81a55f862aa7c94d1860,https://apps.hhs.texas.gov/providers/directories/dahs_issonly.xlsx,2026-09-30T13:16:18.681388+00:00,2026-09-28,24cc7f3f3702a1801fe88e13b85dc078a25ede3d3cb40a07d830aa39f416b2fa
TX_DAHS_ISS_ONLY,111534,199,ACHIEVEMENT CENTER OF TEXAS INC,DAHS-ISSONLY,YES,NO,DALLAS,306 N BARNES DR,GARLAND,TX,75042,f9bdf6d39a118b4a4ff293674bab46416237cdfe51ad81a55f862aa7c94d1860,https://apps.hhs.texas.gov/providers/directories/dahs_issonly.xlsx,2026-09-30T13:16:18.681388+00:00,2026-09-28,3e078d9fa2107bc920e8443b2772dba520970d220fa473751f39762892f6a4cd
TX_DAHS_ISS_ONLY,110798,200,ANGEL'S DAY HABILITATION LLC,DAHS-ISSONLY,YES,NO,DALLAS,2214 SOUTH JUPITER RD STE 240,GARLAND,TEXAS,75041,f9bdf6d39a118b4a4ff293674bab46416237cdfe51ad81a55f862aa7c94d1860,https://apps.hhs.texas.gov/providers/directories/dahs_issonly.xlsx,2026-09-30T13:16:18.681388+00:00,2026-09-28,29986630db680cc7f10635d2f30503b1adaca1d00ec42f7ac0e1774e133b6051
TX_DAHS_ISS_ONLY,111051,201,EMMA’S EDUCATION CENTER,DAHS-ISSONLY,YES,NO,DALLAS,5222 WOODMEADOW DR,GARLAND,TX,75043,f9bdf6d39a118b4a4ff293674bab46416237cdfe51ad81a55f862aa7c94d1860,https://apps.hhs.texas.gov/providers/directories/dahs_issonly.xlsx,2026-09-30T13:16:18.681388+00:00,2026-09-28,19320df128be24e96e712d0582f4da139a2db79066f8a1b1c8312fcfe2a1eae5
TX_DAHS_ISS_ONLY,110724,202,"HOPE HORIZON, LLC",DAHS-ISSONLY,YES,NO,DALLAS,3905 W WALNUT ST,GARLAND,TX,75042,f9bdf6d39a118b4a4ff293674bab46416237cdfe51ad81a55f862aa7c94d1860,https://apps.hhs.texas.gov/providers/directories/dahs_issonly.xlsx,2026-09-30T13:16:18.681388+00:00,2026-09-28,dc74c88ea31fa2571addec15d181ea88c90f3cd83a8d049f5ef9975655403c72
TX_DAHS_ISS_ONLY,111150,203,JADE QUALITY CARE INC,DAHS-ISSONLY,YES,NO,DALLAS,1521 N W HWY,GARLAND,TEXAS,75041,f9bdf6d39a118b4a4ff293674bab46416237cdfe51ad81a55f862aa7c94d1860,https://apps.hhs.texas.gov/providers/directories/dahs_issonly.xlsx,2026-09-30T13:16:18.681388+00:00,2026-09-28,4b6cc4a39c8ca48b444af6f349554ff9c6debb985d5f476905d33eb6b963810b
TX_DAHS_ISS_ONLY,111440,204,"JOY ACHIEVERS, LLC",DAHS-ISSONLY,YES,NO,DALLAS,1505 NORTHWEST HIGHWAY,GARLAND,TX,75041,f9bdf6d39a118b4a4ff293674bab46416237cdfe51ad81a55f862aa7c94d1860,https://apps.hhs.texas.gov/providers/directories/dahs_issonly.xlsx,2026-09-30T13:16:18.681388+00:00,2026-09-28,5d4d50d59f9dcd8786ca7663000d8ba8181b0f1c20d5caa67654cd4a7e272a95
TX_DAHS_ISS_ONLY,110772,205,KATHRYN FUNDAMENTAL DAY HAB,DAHS-ISSONLY,YES,NO,DALLAS,4222 ROSEHILL RD STE 12,GARLAND,TEXAS,75043,f9bdf6d39a118b4a4ff293674bab46416237cdfe51ad81a55f862aa7c94d1860,https://apps.hhs.texas.gov/providers/directories/dahs_issonly.xlsx,2026-09-30T13:16:18.681388+00:00,2026-09-28,f65c240be777d17aeee6b977eed56c4d3308fcb7d9b5fd08906ca286d7c5a1c5
TX_DAHS_ISS_ONLY,111034,206,MILLROSE CENTER INC,DAHS-ISSONLY,YES,NO,DALLAS,4242 ROSEHILL RD,GARLAND,TX,75043,f9bdf6d39a118b4a4ff293674bab46416237cdfe51ad81a55f862aa7c94d1860,https://apps.hhs.texas.gov/providers/directories/dahs_issonly.xlsx,2026-09-30T13:16:18.681388+00:00,2026-09-28,4907ab147965aa3609658bd087888f254d2f5df0914c66fa7bc71ed9c4d854c2
TX_DAHS_ISS_ONLY,110837,207,ABILITY CONNECTION TEXAS,DAHS-ISSONLY,YES,NO,DALLAS,7880 BENT BRANCH DR.,IRVING,TEXAS,75063,f9bdf6d39a118b4a4ff293674bab46416237cdfe51ad81a55f862aa7c94d1860,https://apps.hhs.texas.gov/providers/directories/dahs_issonly.xlsx,2026-09-30T13:16:18.681388+00:00,2026-09-28,9f613c33a7ec2649bcb8adb9b6c4e206f86886a632282660da30aa1b21e5e3be
TX_DAHS_ISS_ONLY,110986,208,DALLAS DAYHAB,DAHS-ISSONLY,YES,NO,DALLAS,2249 W. BELT LINE ROAD,LANCASTER,TEXAS,75146,f9bdf6d39a118b4a4ff293674bab46416237cdfe51ad81a55f862aa7c94d1860,https://apps.hhs.texas.gov/providers/directories/dahs_issonly.xlsx,2026-09-30T13:16:18.681388+00:00,2026-09-28,dfc69a283d5b4afd9c10566e319ef758b187056d406ec4a7965fa7fc5562ce44
TX_DAHS_ISS_ONLY,111877,209,D&D DAY HABILITATION SERVICES LLC,DAHS-ISSONLY,YES,NO,DALLAS,746 LINGCO DR,RICHARDSON,TX,75081,f9bdf6d39a118b4a4ff293674bab46416237cdfe51ad81a55f862aa7c94d1860,https://apps.hhs.texas.gov/providers/directories/dahs_issonly.xlsx,2026-09-30T13:16:18.681388+00:00,2026-09-28,4c2e64896f76d4d93e04cab41356cbb3259d2ae37ff790f67e947480c4eb5264
TX_DAHS_ISS_ONLY,111755,210,CRESCENT HEIGHTS LLC,DAHS-ISSONLY,YES,NO,DALLAS,8405 MEADOWVIEW ST,ROWLETT,TEXAS,75088,f9bdf6d39a118b4a4ff293674bab46416237cdfe51ad81a55f862aa7c94d1860,https://apps.hhs.texas.gov/providers/directories/dahs_issonly.xlsx,2026-09-30T13:16:18.681388+00:00,2026-09-28,3d3156f782f280e67adcdd42a49a1b2a7ebc4a9ea740d017602cd8206c0b7cad
TX_DAHS_ISS_ONLY,111040,211,SONSHINE CENTER,DAHS-ISSONLY,YES,NO,DALLAS,3018 N BELT LINE RD,SUNNYVALE,TX,75182,f9bdf6d39a118b4a4ff293674bab46416237cdfe51ad81a55f862aa7c94d1860,https://apps.hhs.texas.gov/providers/directories/dahs_issonly.xlsx,2026-09-30T13:16:18.681388+00:00,2026-09-28,1baae5ffb9c1d0acbf319e0b9b80d1941fe1008809eee5b5c510feb334638b3c
TX_DAHS_ISS_ONLY,111121,212,HEREFORD ASCI,DAHS-ISSONLY,YES,NO,DEAF SMITH,218 N. 25 MILE AVE,HEREFORD,TX,79045,f9bdf6d39a118b4a4ff293674bab46416237cdfe51ad81a55f862aa7c94d1860,https://apps.hhs.texas.gov/providers/directories/dahs_issonly.xlsx,2026-09-30T13:16:18.681388+00:00,2026-09-28,807dd4d6ad2cbeeb531457b5ca614c4fa0d0da3d44b18640e0f4ec4f19c20de3
TX_DAHS_ISS_ONLY,110830,213,CARING HANDS DAY HABILITATION LLC,DAHS-ISSONLY,YES,NO,DENTON,1440 FM 2931 STE B,AUBREY,TX,76227,f9bdf6d39a118b4a4ff293674bab46416237cdfe51ad81a55f862aa7c94d1860,https://apps.hhs.texas.gov/providers/directories/dahs_issonly.xlsx,2026-09-30T13:16:18.681388+00:00,2026-09-28,9ed4b1ffe1219d9a8b6d3362764a8ac5f9df140277c51e30d4738342b4dcdf6c
TX_DAHS_ISS_ONLY,110748,214,"ADVANTAGE COMMUNITY SERVICES, INC",DAHS-ISSONLY,YES,NO,DENTON,1467 LEMAY,CARROLLTON,TX,75007,f9bdf6d39a118b4a4ff293674bab46416237cdfe51ad81a55f862aa7c94d1860,https://apps.hhs.texas.gov/providers/directories/dahs_issonly.xlsx,2026-09-30T13:16:18.681388+00:00,2026-09-28,ff5731b57276e00af5e6caad579110b95bb88b3859f214d3639ff723be3a2df6
TX_DAHS_ISS_ONLY,111124,215,EIS FAMILY A38,DAHS-ISSONLY,YES,NO,DENTON,3918 OLD DENTON RD.,CARROLLTON,TEXAS,75007,f9bdf6d39a118b4a4ff293674bab46416237cdfe51ad81a55f862aa7c94d1860,https://apps.hhs.texas.gov/providers/directories/dahs_issonly.xlsx,2026-09-30T13:16:18.681388+00:00,2026-09-28,6115355f74ed148733ddb7d7951b45879924da962a5427a4b9fb72b6dbc81737
TX_DAHS_ISS_ONLY,111431,216,"29 ACRES, INC",DAHS-ISSONLY,YES,NO,DENTON,3000 MOSELEY ROAD,CROSSROADS,TEXAS,76227,f9bdf6d39a118b4a4ff293674bab46416237cdfe51ad81a55f862aa7c94d1860,https://apps.hhs.texas.gov/providers/directories/dahs_issonly.xlsx,2026-09-30T13:16:18.681388+00:00,2026-09-28,ff90cf42dc143ff65d00557512e35214d97e1cf99df7f68fcb4a4134593b4976
TX_DAHS_ISS_ONLY,111860,217,ABOVE EXPECTATIONS DAY HABILITATION LLC,DAHS-ISSONLY,YES,NO,DENTON,3200 COLORADO BLVD STE 103,DENTON,TEXAS,76210,f9bdf6d39a118b4a4ff293674bab46416237cdfe51ad81a55f862aa7c94d1860,https://apps.hhs.texas.gov/providers/directories/dahs_issonly.xlsx,2026-09-30T13:16:18.681388+00:00,2026-09-28,dfe0612c33c1786528394bf72709012b4f5de4c1bbfada420c14d1b47301302d
TX_DAHS_ISS_ONLY,111963,218,INNOVATIVE STEPS,DAHS-ISSONLY,YES,NO,DENTON,406 S. CARROLL BLVD.,DENTON,TEXAS,76201,f9bdf6d39a118b4a4ff293674bab46416237cdfe51ad81a55f862aa7c94d1860,https://apps.hhs.texas.gov/providers/directories/dahs_issonly.xlsx,2026-09-30T13:16:18.681388+00:00,2026-09-28,9c7a11a714bb33ea9ee8be6ca350b6cb6e0c0b2e3560eb17c05ee44b99d3c578
TX_DAHS_ISS_ONLY,110939,219,LIFE WORKS COMMUNITY,DAHS-ISSONLY,YES,NO,DENTON,300 W OAK ST,DENTON,TEXAS,76201,f9bdf6d39a118b4a4ff293674bab46416237cdfe51ad81a55f862aa7c94d1860,https://apps.hhs.texas.gov/providers/directories/dahs_issonly.xlsx,2026-09-30T13:16:18.681388+00:00,2026-09-28,62ef3d6d865150849b526a9429b29d82e5cc2647f7a868e8be6196b78dc370c9
TX_DAHS_ISS_ONLY,111017,220,UNITED HANDS DAY HABILITATION,DAHS-ISSONLY,YES,NO,DENTON,531 LONDONDERRY LANE STE. 128,DENTON,TEXAS,76205,f9bdf6d39a118b4a4ff293674bab46416237cdfe51ad81a55f862aa7c94d1860,https://apps.hhs.texas.gov/providers/directories/dahs_issonly.xlsx,2026-09-30T13:16:18.681388+00:00,2026-09-28,04c16b73e644879fc72a62505ebecb1b211f34792bb528f322a4a134672fdb89
TX_DAHS_ISS_ONLY,111870,221,MYLAR HEALTH SERVICES LLC,DAHS-ISSONLY,YES,NO,DENTON,260 DICKINSON DR,HIGHLAND VILLAGE,TEXAS,75077,f9bdf6d39a118b4a4ff293674bab46416237cdfe51ad81a55f862aa7c94d1860,https://apps.hhs.texas.gov/providers/directories/dahs_issonly.xlsx,2026-09-30T13:16:18.681388+00:00,2026-09-28,a48436ac7cebaea89dc5c2839c09675735b8327ded1e7ceb42fb7a7829c7cecc
TX_DAHS_ISS_ONLY,110984,222,TOGETHER WE CARE LLC,DAHS-ISSONLY,YES,NO,DENTON,507 S LAKE DALLAS DR STE C,LAKE DALLAS,TX,75065,f9bdf6d39a118b4a4ff293674bab46416237cdfe51ad81a55f862aa7c94d1860,https://apps.hhs.texas.gov/providers/directories/dahs_issonly.xlsx,2026-09-30T13:16:18.681388+00:00,2026-09-28,5d7cb8f19332ec3fdfc733871b6c6e9bf78a9f9a031b5190765cf2df814b48be
TX_DAHS_ISS_ONLY,110856,223,"ASPIRE DAY HABILITATION SERVICES OF TEXAS, LLC",DAHS-ISSONLY,YES,NO,DENTON,"1305 S. STATE HWY 121,",LEWISVILLE,TEXAS,75067,f9bdf6d39a118b4a4ff293674bab46416237cdfe51ad81a55f862aa7c94d1860,https://apps.hhs.texas.gov/providers/directories/dahs_issonly.xlsx,2026-09-30T13:16:18.681388+00:00,2026-09-28,bff75e42d6be4cf689b9c7338b1529d00d943e20b671bde3791446bb1ca9eaf2
TX_DAHS_ISS_ONLY,110959,224,SPECIAL ABILITIES OF NORTH TEXAS,DAHS-ISSONLY,YES,NO,DENTON,1511 JUSTIN RD. B,LEWISVILLE,TEXAS,75077,f9bdf6d39a118b4a4ff293674bab46416237cdfe51ad81a55f862aa7c94d1860,https://apps.hhs.texas.gov/providers/directories/dahs_issonly.xlsx,2026-09-30T13:16:18.681388+00:00,2026-09-28,da67e158f4d46c407e32f44c4e6fceffa4ebd339041acd89d83585bf6a1745c9
TX_DAHS_ISS_ONLY,110902,225,ROCK HOUSE SUPPORT SERVICES,DAHS-ISSONLY,YES,NO,EASTLAND,401 A LENS ST,EASTLAND,TEXAS,76448,f9bdf6d39a118b4a4ff293674bab46416237cdfe51ad81a55f862aa7c94d1860,https://apps.hhs.texas.gov/providers/directories/dahs_issonly.xlsx,2026-09-30T13:16:18.681388+00:00,2026-09-28,6c1d08f7460fd20e0ab003bbe3a20c7784b3f5668869a8d095f55d8f165f26e6
TX_DAHS_ISS_ONLY,110809,226,SAUL PULLMAN WORKSHOP,DAHS-ISSONLY,YES,NO,EASTLAND,301 POGUE AVE,EASTLAND,TEXAS,76448,f9bdf6d39a118b4a4ff293674bab46416237cdfe51ad81a55f862aa7c94d1860,https://apps.hhs.texas.gov/providers/directories/dahs_issonly.xlsx,2026-09-30T13:16:18.681388+00:00,2026-09-28,31d40c0dc1cb5fa8f3eb6a9514c9a5ef69317629751f6821925b73c7c43708c3
TX_DAHS_ISS_ONLY,111080,227,PERMIAN BASIN COMMUNITY CENTER FOR MHMR,DAHS-ISSONLY,YES,NO,ECTOR,3128 KERMIT HWY,ODESSA,TX,79764,f9bdf6d39a118b4a4ff293674bab46416237cdfe51ad81a55f862aa7c94d1860,https://apps.hhs.texas.gov/providers/directories/dahs_issonly.xlsx,2026-09-30T13:16:18.681388+00:00,2026-09-28,cdf8101a1029f31991583a29c435988d47cbf77cfd846fc285f7f91e6c975b1e
TX_DAHS_ISS_ONLY,111595,228,2 CASA FOSTER CARE LLC,DAHS-ISSONLY,YES,NO,EL PASO,9010 VISCOUNT SUITE 100,EL PASO,TEXAS,79925,f9bdf6d39a118b4a4ff293674bab46416237cdfe51ad81a55f862aa7c94d1860,https://apps.hhs.texas.gov/providers/directories/dahs_issonly.xlsx,2026-09-30T13:16:18.681388+00:00,2026-09-28,f02190bdd4316e8fb4628825aa2ce9575bd9da983c6324935cc2d9959d1f8b53
TX_DAHS_ISS_ONLY,111087,229,A HOME FOR LORENZO,DAHS-ISSONLY,YES,NO,EL PASO,1155 VISTA DE ORO OFFICE B,EL PASO,TEXAS,79935,f9bdf6d39a118b4a4ff293674bab46416237cdfe51ad81a55f862aa7c94d1860,https://apps.hhs.texas.gov/providers/directories/dahs_issonly.xlsx,2026-09-30T13:16:18.681388+00:00,2026-09-28,05bcf2ab436eb4baf4f044a72d2b67a9324cfd3af288d799584ba94df1328ef3
TX_DAHS_ISS_ONLY,111339,230,"CARE DIVINE OF GUARDIAN ANGEL, LLC",DAHS-ISSONLY,YES,NO,EL PASO,3135 TRAWOOD DR,EL PASO,TX,79936,f9bdf6d39a118b4a4ff293674bab46416237cdfe51ad81a55f862aa7c94d1860,https://apps.hhs.texas.gov/providers/directories/dahs_issonly.xlsx,2026-09-30T13:16:18.681388+00:00,2026-09-28,bc6a6953908617dceb16d33f071d3301ac4d898f191ae0f7f4f5f35e5ce4a553
TX_DAHS_ISS_ONLY,111241,231,CARING MATTERS,DAHS-ISSONLY,YES,NO,EL PASO,935 PENDALE RD.,EL PASO,TEXAS,79907,f9bdf6d39a118b4a4ff293674bab46416237cdfe51ad81a55f862aa7c94d1860,https://apps.hhs.texas.gov/providers/directories/dahs_issonly.xlsx,2026-09-30T13:16:18.681388+00:00,2026-09-28,d68a5f880d0fbe759681cc18a89e1214d18f6e77b889e145da889fe9c99a6629
TX_DAHS_ISS_ONLY,111285,232,COMMUNITY OPTIONS INC,DAHS-ISSONLY,YES,NO,EL PASO,2525 E MISSOURI,EL PASO,TEXAS,79903,f9bdf6d39a118b4a4ff293674bab46416237cdfe51ad81a55f862aa7c94d1860,https://apps.hhs.texas.gov/providers/directories/dahs_issonly.xlsx,2026-09-30T13:16:18.681388+00:00,2026-09-28,6e51233e810ac2a0e2ebbded56c599acd6a7a14dbdb1070a93200a7d31ec75af
TX_DAHS_ISS_ONLY,111284,233,COMMUNITY OPTIONS INC,DAHS-ISSONLY,YES,NO,EL PASO,4420 MONTANA,EL PASO,TEXAS,79903,f9bdf6d39a118b4a4ff293674bab46416237cdfe51ad81a55f862aa7c94d1860,https://apps.hhs.texas.gov/providers/directories/dahs_issonly.xlsx,2026-09-30T13:16:18.681388+00:00,2026-09-28,dad213c3e2ecc82e7401d1a1d851a0aa0afe39d60a2c36180964be9c9f6dfae3
TX_DAHS_ISS_ONLY,112172,234,DRACO SERVICES  BLANCO,DAHS-ISSONLY,YES,NO,EL PASO,5310 BLANCO AVE.,EL PASO,TEXAS,79905,f9bdf6d39a118b4a4ff293674bab46416237cdfe51ad81a55f862aa7c94d1860,https://apps.hhs.texas.gov/providers/directories/dahs_issonly.xlsx,2026-09-30T13:16:18.681388+00:00,2026-09-28,511c1a9ca6a975a48d83d012488a54f2f09cce0b6b08ede91b61279f2a932657
TX_DAHS_ISS_ONLY,110820,235,EDUCARE COMMUNITY LIVING CORPORATION  TEXAS,DAHS-ISSONLY,YES,NO,EL PASO,"1605 GEORGE DIETER DR, STE 100",EL PASO,TEXAS,79936,f9bdf6d39a118b4a4ff293674bab46416237cdfe51ad81a55f862aa7c94d1860,https://apps.hhs.texas.gov/providers/directories/dahs_issonly.xlsx,2026-09-30T13:16:18.681388+00:00,2026-09-28,9b600302a93e11636ea7250523f629682c6fa2ad8efb06ff6fb61259786213b4
TX_DAHS_ISS_ONLY,111095,236,EL PASO COMMUNITY MHMR DBA EMERGENCE HEALTH NETWORK,DAHS-ISSONLY,YES,NO,EL PASO,"1477 LOMALAND, SUITE E-7",EL PASO,TX,79935,f9bdf6d39a118b4a4ff293674bab46416237cdfe51ad81a55f862aa7c94d1860,https://apps.hhs.texas.gov/providers/directories/dahs_issonly.xlsx,2026-09-30T13:16:18.681388+00:00,2026-09-28,9eacf27675d6d4dad49c670f1e107dde8b06bf630c53c5a9331c538ab3e82f5f
TX_DAHS_ISS_ONLY,110782,237,PEOPLECARE,DAHS-ISSONLY,YES,NO,EL PASO,20 FOUNDER BLVD,EL PASO,TX,79906,f9bdf6d39a118b4a4ff293674bab46416237cdfe51ad81a55f862aa7c94d1860,https://apps.hhs.texas.gov/providers/directories/dahs_issonly.xlsx,2026-09-30T13:16:18.681388+00:00,2026-09-28,8354b481decf8ca15373f6792f9247805303e7398d3f25b8a724f72fb7a9d634
TX_DAHS_ISS_ONLY,110906,238,SPECIAL HOME CARE LIVING CENTER,DAHS-ISSONLY,YES,NO,EL PASO,3637 MATTOX ST,EL PASO,TEXAS,79925,f9bdf6d39a118b4a4ff293674bab46416237cdfe51ad81a55f862aa7c94d1860,https://apps.hhs.texas.gov/providers/directories/dahs_issonly.xlsx,2026-09-30T13:16:18.681388+00:00,2026-09-28,5f4d35e71b9e3be0c2e4f06a9ed8c45abb9bccd7b08ddd340fa7836eea3d4697
TX_DAHS_ISS_ONLY,112132,239,WE ROCK THE SPECTRUM EL PASO LLC,DAHS-ISSONLY,YES,NO,EL PASO,1410 N LEE TREVINO DR.,EL PASO,TEXAS,79936,f9bdf6d39a118b4a4ff293674bab46416237cdfe51ad81a55f862aa7c94d1860,https://apps.hhs.texas.gov/providers/directories/dahs_issonly.xlsx,2026-09-30T13:16:18.681388+00:00,2026-09-28,13cfb3d95a3dd08a642433c412c12167d7ef6dfd45d347cdcd02969efdc89854
TX_DAHS_ISS_ONLY,111154,240,LAKES REGIONAL ENNIS TRAINING CENTER,DAHS-ISSONLY,YES,NO,ELLIS,2414 N. PRESTON,ENNIS,TX,75119,f9bdf6d39a118b4a4ff293674bab46416237cdfe51ad81a55f862aa7c94d1860,https://apps.hhs.texas.gov/providers/directories/dahs_issonly.xlsx,2026-09-30T13:16:18.681388+00:00,2026-09-28,018a27b54e4cd5cac08d1dc86a814dc84e10ce0290dd4b6f862d29704c88e4dd
TX_DAHS_ISS_ONLY,111377,241,BRIDGES TRAINING FOUNDATION,DAHS-ISSONLY,YES,NO,ELLIS,110 E OHIO AVE,MIDLOTHIAN,TX,76065,f9bdf6d39a118b4a4ff293674bab46416237cdfe51ad81a55f862aa7c94d1860,https://apps.hhs.texas.gov/providers/directories/dahs_issonly.xlsx,2026-09-30T13:16:18.681388+00:00,2026-09-28,76d2194a9497653da84ef6a1ea90f2685fb7e9bbae219e801c934f706b4b8994
TX_DAHS_ISS_ONLY,111712,242,LAKES REGIONAL WAXAHACHIE TRAINING CENTER,DAHS-ISSONLY,YES,NO,ELLIS,102 W. PARKS,WAXAHACHIE,TX,75165,f9bdf6d39a118b4a4ff293674bab46416237cdfe51ad81a55f862aa7c94d1860,https://apps.hhs.texas.gov/providers/directories/dahs_issonly.xlsx,2026-09-30T13:16:18.681388+00:00,2026-09-28,59f04ed4b1612bafd63388444680bdf480a45cb02dcae9df3f0d8e7bc0e550ba
TX_DAHS_ISS_ONLY,112217,243,THRIVE INDEPENDENCE SERVICES LLC,DAHS-ISSONLY,YES,NO,ENNIS,601 SOUTH CLAY STREET SUITE 107,ENNIS,TEXAS,75119,f9bdf6d39a118b4a4ff293674bab46416237cdfe51ad81a55f862aa7c94d1860,https://apps.hhs.texas.gov/providers/directories/dahs_issonly.xlsx,2026-09-30T13:16:18.681388+00:00,2026-09-28,6a8b2c6a697d35cfbc13ed48157dc1e226c62bf456b36f0f2b37dca8485f719e
TX_DAHS_ISS_ONLY,111206,244,PECAN VALLEY CENTERS STEPHENVILLE LIFE SKILLS CENTER,DAHS-ISSONLY,YES,NO,ERATH,910 LINGLEVILLE HWY,STEPHENVILLE,TEXAS,76401,f9bdf6d39a118b4a4ff293674bab46416237cdfe51ad81a55f862aa7c94d1860,https://apps.hhs.texas.gov/providers/directories/dahs_issonly.xlsx,2026-09-30T13:16:18.681388+00:00,2026-09-28,1af434a2ef32a45f9086dd8c103ef80ddaef25f0f55074942be46e8ab58bce3b
TX_DAHS_ISS_ONLY,110987,245,ROCK HOUSE SUPPORT SERVICES INC,DAHS-ISSONLY,YES,NO,ERATH,774 CR 351,STEPHENVILLE,TEXAS,76401,f9bdf6d39a118b4a4ff293674bab46416237cdfe51ad81a55f862aa7c94d1860,https://apps.hhs.texas.gov/providers/directories/dahs_issonly.xlsx,2026-09-30T13:16:18.681388+00:00,2026-09-28,62647a9e80a6265f23b684db5223c207e7fb34aa0433a9d1ce68e6c10caada73
TX_DAHS_ISS_ONLY,111967,246,A & S COMMUNITY LIVING LLC,DAHS-ISSONLY,YES,NO,FORNEY,2006 ABBEY RD,FORNEY,TEXAS,75126,f9bdf6d39a118b4a4ff293674bab46416237cdfe51ad81a55f862aa7c94d1860,https://apps.hhs.texas.gov/providers/directories/dahs_issonly.xlsx,2026-09-30T13:16:18.681388+00:00,2026-09-28,dd062dac07bb681b1619c651e7855d26338efa65bf70dca83b3a916c645bc038
TX_DAHS_ISS_ONLY,111223,247,GOLDEN HAVEN SERVICES INC,DAHS-ISSONLY,YES,YES,FORT BEND,7610 LORO LINDA DRIVE,HOUSTON,TEXAS,77083,f9bdf6d39a118b4a4ff293674bab46416237cdfe51ad81a55f862aa7c94d1860,https://apps.hhs.texas.gov/providers/directories/dahs_issonly.xlsx,2026-09-30T13:16:18.681388+00:00,2026-09-28,66199abb68755be77809f99fe47c8c84ac4a80f455215a900b80a605b2101b9d
TX_DAHS_ISS_ONLY,112077,248,HOLDEN'S PLACE LLC,DAHS-ISSONLY,YES,NO,FORT BEND,26702 WILLOW LN,KATY,TX,77494,f9bdf6d39a118b4a4ff293674bab46416237cdfe51ad81a55f862aa7c94d1860,https://apps.hhs.texas.gov/providers/directories/dahs_issonly.xlsx,2026-09-30T13:16:18.681388+00:00,2026-09-28,ecc1029bd4b1ecef5e76d8346f5089158e23ceb43bbcbb6ffe919fa3f7117011
TX_DAHS_ISS_ONLY,112184,249,WE ROCK THE SPECTRUM WEST HOUSTON,DAHS-ISSONLY,YES,NO,FORT BEND,23930 WESTHEIMER PARKWAY #108,KATY,TEXAS,77494,f9bdf6d39a118b4a4ff293674bab46416237cdfe51ad81a55f862aa7c94d1860,https://apps.hhs.texas.gov/providers/directories/dahs_issonly.xlsx,2026-09-30T13:16:18.681388+00:00,2026-09-28,311417575462f03b80e63bfa6876b7fe52885c5dfcc0534b79b10e4ee4bf62eb
TX_DAHS_ISS_ONLY,111471,250,AAAA SERVICES LLC,DAHS-ISSONLY,YES,NO,FORT BEND,"2440 TEXAS PARKWAY, SUITE 315",MISSOURI CITY,TX,77489,f9bdf6d39a118b4a4ff293674bab46416237cdfe51ad81a55f862aa7c94d1860,https://apps.hhs.texas.gov/providers/directories/dahs_issonly.xlsx,2026-09-30T13:16:18.681388+00:00,2026-09-28,c74bbb5944e665931963dc6dc137753d47f5f5f8da9554532a11d35571782d40
TX_DAHS_ISS_ONLY,110729,251,ALL THE LITTLE THINGS COUNTRY,DAHS-ISSONLY,YES,NO,FORT BEND,2715 CYPRESS POINT DRIVE,MISSOURI CITY,TEXAS,77459,f9bdf6d39a118b4a4ff293674bab46416237cdfe51ad81a55f862aa7c94d1860,https://apps.hhs.texas.gov/providers/directories/dahs_issonly.xlsx,2026-09-30T13:16:18.681388+00:00,2026-09-28,258974a094dfa597220add0ffb4d857d19aa23d9ac35eb152dc205c0be610500
TX_DAHS_ISS_ONLY,111582,252,FORGOTTEN ANGELS  KNIGHT CT,DAHS-ISSONLY,YES,NO,FORT BEND,7070 KNIGHT CT  #1501,MISSOURI CITY,TEXAS,77459,f9bdf6d39a118b4a4ff293674bab46416237cdfe51ad81a55f862aa7c94d1860,https://apps.hhs.texas.gov/providers/directories/dahs_issonly.xlsx,2026-09-30T13:16:18.681388+00:00,2026-09-28,7040f5f277a86d987ba696c867cf14670f0cc0a0bee1b47bbde59d6a7af80c06
TX_DAHS_ISS_ONLY,112047,253,JASON'S TOUCH FAMILY CARING CENTER LLC,DAHS-ISSONLY,YES,NO,FORT BEND,4220 CARTWRIGHT ROAD STE 302,MISSOURI CITY,TEXAS,77459,f9bdf6d39a118b4a4ff293674bab46416237cdfe51ad81a55f862aa7c94d1860,https://apps.hhs.texas.gov/providers/directories/dahs_issonly.xlsx,2026-09-30T13:16:18.681388+00:00,2026-09-28,01ca1027eb848ca99e8b1bf7917d2d8b649578cc5b2c83decc77921e71800351
TX_DAHS_ISS_ONLY,111001,254,REDWIN,DAHS-ISSONLY,YES,NO,FORT BEND,2425 TEXAS PARKWAY,MISSOURI CITY,TEXAS,77489,f9bdf6d39a118b4a4ff293674bab46416237cdfe51ad81a55f862aa7c94d1860,https://apps.hhs.texas.gov/providers/directories/dahs_issonly.xlsx,2026-09-30T13:16:18.681388+00:00,2026-09-28,dccd979dbc0cacef06acb1dbe74ac998babc82e528be514a78c3702964610ef6
TX_DAHS_ISS_ONLY,112101,255,A & R TREASURES HEALTH SERVICES LLC,DAHS-ISSONLY,YES,NO,FORT BEND,1620 FM 2218 RD,RICHMOND,TEXAS,77469,f9bdf6d39a118b4a4ff293674bab46416237cdfe51ad81a55f862aa7c94d1860,https://apps.hhs.texas.gov/providers/directories/dahs_issonly.xlsx,2026-09-30T13:16:18.681388+00:00,2026-09-28,e9869ec5b00a1a1b208d6a29f08db723c66384a623c720c3eab90f3a128bd8dc
TX_DAHS_ISS_ONLY,111288,256,ABLE LIVING HOMES LLC,DAHS-ISSONLY,YES,NO,FORT BEND,8433 FM 1464 RD STE Q,RICHMOND,TX,77407,f9bdf6d39a118b4a4ff293674bab46416237cdfe51ad81a55f862aa7c94d1860,https://apps.hhs.texas.gov/providers/directories/dahs_issonly.xlsx,2026-09-30T13:16:18.681388+00:00,2026-09-28,4e1d9b0965aab924e8093c9dca7f16d04383f6db665834a7e51d863e99e06a7c
TX_DAHS_ISS_ONLY,112165,257,FAFO CARING HANDS LLC,DAHS-ISSONLY,YES,NO,FORT BEND,7511 RAMSGATE CLIFF LANE,RICHMOND,TX,77407,f9bdf6d39a118b4a4ff293674bab46416237cdfe51ad81a55f862aa7c94d1860,https://apps.hhs.texas.gov/providers/directories/dahs_issonly.xlsx,2026-09-30T13:16:18.681388+00:00,2026-09-28,f99302c6ae9f3774dce027cd8565e012656d60657d26ddbb60cae2485b6019f7
TX_DAHS_ISS_ONLY,112027,258,HOME AT LAST,DAHS-ISSONLY,YES,NO,FORT BEND,11106 CRESTLINE BAY LANE,RICHMOND,TEXAS,77406,f9bdf6d39a118b4a4ff293674bab46416237cdfe51ad81a55f862aa7c94d1860,https://apps.hhs.texas.gov/providers/directories/dahs_issonly.xlsx,2026-09-30T13:16:18.681388+00:00,2026-09-28,50fffb8a2f90b510d129fbd4bd889ecfd4923fb73b23cf869492830f15463161
TX_DAHS_ISS_ONLY,111312,259,"JADE COMMUNITY CARE, INC",DAHS-ISSONLY,YES,NO,FORT BEND,6115 WILL POINT LANE,RICHMOND,TEXAS,77469,f9bdf6d39a118b4a4ff293674bab46416237cdfe51ad81a55f862aa7c94d1860,https://apps.hhs.texas.gov/providers/directories/dahs_issonly.xlsx,2026-09-30T13:16:18.681388+00:00,2026-09-28,a0b6fc5e78e02187251413a95343c1f25ac24af64eb4ee52fc6ee7274dbd619d
TX_DAHS_ISS_ONLY,112019,260,MERMAN CENTER LLC,DAHS-ISSONLY,YES,NO,FORT BEND,"140 COLLINS ROAD, STE. 300",RICHMOND,TEXAS,77469,f9bdf6d39a118b4a4ff293674bab46416237cdfe51ad81a55f862aa7c94d1860,https://apps.hhs.texas.gov/providers/directories/dahs_issonly.xlsx,2026-09-30T13:16:18.681388+00:00,2026-09-28,68665da0b122988858b1264f94e66677e43b3a4d77f6bd607e4681ed6d369702
TX_DAHS_ISS_ONLY,112194,261,MODADE CARE SERVICES INC,DAHS-ISSONLY,YES,NO,FORT BEND,5151 MEADOW RANCH PARKWAY SUITE 905,RICHMOND,TEXAS,77407,f9bdf6d39a118b4a4ff293674bab46416237cdfe51ad81a55f862aa7c94d1860,https://apps.hhs.texas.gov/providers/directories/dahs_issonly.xlsx,2026-09-30T13:16:18.681388+00:00,2026-09-28,4cc5b8073c308a5ceb8c5c5c87a29b43386faa2df31f0addb5a12229d57efc48
TX_DAHS_ISS_ONLY,112135,262,"VERICON HEALTH RESOURCES,  LLC",DAHS-ISSONLY,YES,NO,FORT BEND,3415 HUGHES MEADOW WAY,RICHMOND,TEXAS,77406,f9bdf6d39a118b4a4ff293674bab46416237cdfe51ad81a55f862aa7c94d1860,https://apps.hhs.texas.gov/providers/directories/dahs_issonly.xlsx,2026-09-30T13:16:18.681388+00:00,2026-09-28,17fe852b2e40c2ce7446075e5e44ff81b8c34cf24535ea47f6b84f0ca56f8ef0
TX_DAHS_ISS_ONLY,111921,263,ALL THE LITTLE THINGS COUNTRY,DAHS-ISSONLY,YES,NO,FORT BEND,1117 LAWRENCE ST,ROSENBERG,TX,77471,f9bdf6d39a118b4a4ff293674bab46416237cdfe51ad81a55f862aa7c94d1860,https://apps.hhs.texas.gov/providers/directories/dahs_issonly.xlsx,2026-09-30T13:16:18.681388+00:00,2026-09-28,d4002b4312b85f7d33199a606283a282bcb2db7f39725fdd256e42ee1448bbf8
TX_DAHS_ISS_ONLY,111205,264,"THOMAS & LEWIN ASSOCIATES, INC",DAHS-ISSONLY,YES,NO,FORT BEND,2025 AVENUE G,ROSENBERG,TEXAS,77471,f9bdf6d39a118b4a4ff293674bab46416237cdfe51ad81a55f862aa7c94d1860,https://apps.hhs.texas.gov/providers/directories/dahs_issonly.xlsx,2026-09-30T13:16:18.681388+00:00,2026-09-28,9b4dde32512f5ce35e2ceb129567ed1c262db40ded0ca914d891582eece8a04c
TX_DAHS_ISS_ONLY,111913,265,"THOMAS & LEWIN ASSOCIATES, INC",DAHS-ISSONLY,YES,NO,FORT BEND,714 GRILLO WAY,ROSENBERG,TEXAS,77471,f9bdf6d39a118b4a4ff293674bab46416237cdfe51ad81a55f862aa7c94d1860,https://apps.hhs.texas.gov/providers/directories/dahs_issonly.xlsx,2026-09-30T13:16:18.681388+00:00,2026-09-28,f1b03a607d432e225981ea8b438d25cb6bc713c2f72d1528125e90eea697fd1a
TX_DAHS_ISS_ONLY,111385,266,CHARTONI INC,DAHS-ISSONLY,YES,NO,FORT BEND,"869 DULLES AVE., SUITE #D",STAFFORD,TX,77477,f9bdf6d39a118b4a4ff293674bab46416237cdfe51ad81a55f862aa7c94d1860,https://apps.hhs.texas.gov/providers/directories/dahs_issonly.xlsx,2026-09-30T13:16:18.681388+00:00,2026-09-28,304f1582391111345d275fb4ee76bef81c3c4ca8807673d2e14f5e8fbceeb716
TX_DAHS_ISS_ONLY,112201,267,VERITAS GRAVITAS LLC,DAHS-ISSONLY,YES,NO,FORT BEND,10435 GREENBOROUGH DRIVE SUITE B1,STAFFORD,TX,77477,f9bdf6d39a118b4a4ff293674bab46416237cdfe51ad81a55f862aa7c94d1860,https://apps.hhs.texas.gov/providers/directories/dahs_issonly.xlsx,2026-09-30T13:16:18.681388+00:00,2026-09-28,c5fece8c5b18fb5acdf8c4a9e7dd6137b904368d66ca20beeb3e4ab82e133b8f
TX_DAHS_ISS_ONLY,110969,268,C&A TRAINING CENTER LLC,DAHS-ISSONLY,YES,NO,FORT BEND,2102 STEAMBOAT RUN,SUGAR LAND,TX,77478,f9bdf6d39a118b4a4ff293674bab46416237cdfe51ad81a55f862aa7c94d1860,https://apps.hhs.texas.gov/providers/directories/dahs_issonly.xlsx,2026-09-30T13:16:18.681388+00:00,2026-09-28,bed8f0289a4e3096d065d36cbf32ce17c2160c7b145faef874e9ea410f8077e2
TX_DAHS_ISS_ONLY,111002,269,MAIA AND LALA'S WORLD,DAHS-ISSONLY,YES,NO,FORT BEND,913 ELDRIDGE,SUGAR LAND,TEXAS,77478,f9bdf6d39a118b4a4ff293674bab46416237cdfe51ad81a55f862aa7c94d1860,https://apps.hhs.texas.gov/providers/directories/dahs_issonly.xlsx,2026-09-30T13:16:18.681388+00:00,2026-09-28,9dcbaaa21b1746488aab88e7f296757216e00bef9bd61ce5bf6beaf3be098539
TX_DAHS_ISS_ONLY,111138,270,INTEGRITY LIVING CENTER INC,DAHS-ISSONLY,YES,NO,FORT BEND,11507 SOUTH HIGHWAY 6 SUITE B,SUGARLAND,TEXAS,77498,f9bdf6d39a118b4a4ff293674bab46416237cdfe51ad81a55f862aa7c94d1860,https://apps.hhs.texas.gov/providers/directories/dahs_issonly.xlsx,2026-09-30T13:16:18.681388+00:00,2026-09-28,dd9e49f0e4c9b3ec2eb146a0ba00b8b3f4add8e2fa05892e4cb25531b756a095
TX_DAHS_ISS_ONLY,110936,271,SOUTHWEST VOCATIONAL DAYHAB,DAHS-ISSONLY,YES,NO,FORT BEND,820 PARK TWO DR. (ADMIN SUGARLAND),SUGARLAND,TEXAS,77478,f9bdf6d39a118b4a4ff293674bab46416237cdfe51ad81a55f862aa7c94d1860,https://apps.hhs.texas.gov/providers/directories/dahs_issonly.xlsx,2026-09-30T13:16:18.681388+00:00,2026-09-28,39ae3c1e14da26d457cb040cf4117f6b7d316eb21e170a64d008423739153446
TX_DAHS_ISS_ONLY,111088,272,CAMINO REAL COMMUNITY SERVICESFRIO WORK CENTER,DAHS-ISSONLY,YES,NO,FRIO,1796 I-35BL,PEARSALL,TEXAS,78061,f9bdf6d39a118b4a4ff293674bab46416237cdfe51ad81a55f862aa7c94d1860,https://apps.hhs.texas.gov/providers/directories/dahs_issonly.xlsx,2026-09-30T13:16:18.681388+00:00,2026-09-28,fb76ac11547a841e68f7d8046a2f5368c930c54ec53c892e2841f21b7a8402f4
TX_DAHS_ISS_ONLY,111183,273,GAINES COUNTY VOTECH CENTER,DAHS-ISSONLY,YES,NO,GAINES,208 EAST AVE. A,SEMINOLE,TEXAS,79360,f9bdf6d39a118b4a4ff293674bab46416237cdfe51ad81a55f862aa7c94d1860,https://apps.hhs.texas.gov/providers/directories/dahs_issonly.xlsx,2026-09-30T13:16:18.681388+00:00,2026-09-28,7969d628102dbc17db428884d084b3fca39e06f8a39909937f9a51f8ba0bf752
TX_DAHS_ISS_ONLY,111718,274,ANN&AGNES THE PEAK ISS FACILITY LLC,DAHS-ISSONLY,YES,NO,GALVESTON,1215 AVE. E,BACLIFF,TEXAS,77518,f9bdf6d39a118b4a4ff293674bab46416237cdfe51ad81a55f862aa7c94d1860,https://apps.hhs.texas.gov/providers/directories/dahs_issonly.xlsx,2026-09-30T13:16:18.681388+00:00,2026-09-28,bc84060c4433e58a0063c754829621d939a01ea5b994078ef5227d1b427ffacb
TX_DAHS_ISS_ONLY,111369,275,A TREASURE OF DREAMS,DAHS-ISSONLY,YES,NO,GALVESTON,115 E EDGEWOOD DRIVE,FRIENDSWOOD,TX,77546,f9bdf6d39a118b4a4ff293674bab46416237cdfe51ad81a55f862aa7c94d1860,https://apps.hhs.texas.gov/providers/directories/dahs_issonly.xlsx,2026-09-30T13:16:18.681388+00:00,2026-09-28,2d84f2963ce0d463a959bc302486e39899915f6eb33aa4cb5522a479003e2f17
TX_DAHS_ISS_ONLY,110854,276,JOHN A THOMPSON,DAHS-ISSONLY,YES,NO,GALVESTON,108 EAST SHADOWBED AVENUE,FRIENDSWOOD,TEXAS,77546,f9bdf6d39a118b4a4ff293674bab46416237cdfe51ad81a55f862aa7c94d1860,https://apps.hhs.texas.gov/providers/directories/dahs_issonly.xlsx,2026-09-30T13:16:18.681388+00:00,2026-09-28,35c2612776ec821856f2af9992516b31adf74f217a913a4cba42b0a25efa36c9
TX_DAHS_ISS_ONLY,110808,277,"SUNSHINE CENTER, INC",DAHS-ISSONLY,YES,NO,GALVESTON,1726 21ST STREET,GALVESTON,TEXAS,77550,f9bdf6d39a118b4a4ff293674bab46416237cdfe51ad81a55f862aa7c94d1860,https://apps.hhs.texas.gov/providers/directories/dahs_issonly.xlsx,2026-09-30T13:16:18.681388+00:00,2026-09-28,001b396bf78c01e32b8fce51a26015696050b7ae5ab0f1a3a5eb9272046e1c07
TX_DAHS_ISS_ONLY,112080,278,"TARC CENTER, LLC",DAHS-ISSONLY,YES,NO,GALVESTON,823 TEXAS AVE,LA MARQUE,TEXAS,77568,f9bdf6d39a118b4a4ff293674bab46416237cdfe51ad81a55f862aa7c94d1860,https://apps.hhs.texas.gov/providers/directories/dahs_issonly.xlsx,2026-09-30T13:16:18.681388+00:00,2026-09-28,f65794dc5808c090dddb319c6682d0e83c168e5043064745f16507f8b9acbb57
TX_DAHS_ISS_ONLY,110711,279,QUALITY OF CARE SERVICES,DAHS-ISSONLY,YES,NO,GALVESTON,2047 W. MAIN STREET STE B5,LEAGUE CITY,TEXAS,77573,f9bdf6d39a118b4a4ff293674bab46416237cdfe51ad81a55f862aa7c94d1860,https://apps.hhs.texas.gov/providers/directories/dahs_issonly.xlsx,2026-09-30T13:16:18.681388+00:00,2026-09-28,a860e4cafa8cd76d83686ab1e364bbf45550694a5c857172ac950e21c07660d7
TX_DAHS_ISS_ONLY,111064,280,THE HARMONY PLACE,DAHS-ISSONLY,YES,NO,GALVESTON,612 W. MAIN ST. SUITE 102,LEAGUE CITY,TEXAS,77573,f9bdf6d39a118b4a4ff293674bab46416237cdfe51ad81a55f862aa7c94d1860,https://apps.hhs.texas.gov/providers/directories/dahs_issonly.xlsx,2026-09-30T13:16:18.681388+00:00,2026-09-28,fe6e5369a6b60e1f79c8170b4ba024a9c7de9dd90563dc3b5e9061a64087ac5b
TX_DAHS_ISS_ONLY,110774,281,"AMANDOLE HCS, LLC",DAHS-ISSONLY,YES,NO,GALVESTON,2810 13TH AVE,TEXAS CITY,TEXAS,77590,f9bdf6d39a118b4a4ff293674bab46416237cdfe51ad81a55f862aa7c94d1860,https://apps.hhs.texas.gov/providers/directories/dahs_issonly.xlsx,2026-09-30T13:16:18.681388+00:00,2026-09-28,c5c251d8a2f23f05e2fbeaa71e7e3b0016816968c323cf2e3a3c1d94392ae5ab
TX_DAHS_ISS_ONLY,110971,282,"FLORENCE T JONES HCS, INC",DAHS-ISSONLY,YES,NO,GALVESTON,2112 TEXAS AVENUE,TEXAS CITY,TX,77590,f9bdf6d39a118b4a4ff293674bab46416237cdfe51ad81a55f862aa7c94d1860,https://apps.hhs.texas.gov/providers/directories/dahs_issonly.xlsx,2026-09-30T13:16:18.681388+00:00,2026-09-28,629844e5d803bb67f33c49bede8f0c987c2823484a8464cb2bf69bbd6b5757be
TX_DAHS_ISS_ONLY,111006,283,STARS 2,DAHS-ISSONLY,YES,NO,GALVESTON,720 34TH STREET NORTH,TEXAS CITY,TEXAS,77590,f9bdf6d39a118b4a4ff293674bab46416237cdfe51ad81a55f862aa7c94d1860,https://apps.hhs.texas.gov/providers/directories/dahs_issonly.xlsx,2026-09-30T13:16:18.681388+00:00,2026-09-28,e48cb3b8eb9bb2e0bcb8f898cb9b530bb9384b8dccd7626e2d25ef739e1314b3
TX_DAHS_ISS_ONLY,110863,284,"ADVANTAGE BEHAVIORAL SERVICES, INC",DAHS-ISSONLY,YES,NO,GILLESPIE,603 FM 2093 SUITE 1301,FREDERICKSBURG,TEXAS,78624,f9bdf6d39a118b4a4ff293674bab46416237cdfe51ad81a55f862aa7c94d1860,https://apps.hhs.texas.gov/providers/directories/dahs_issonly.xlsx,2026-09-30T13:16:18.681388+00:00,2026-09-28,f2bbb1cf70119e06b62fee8f8a85bf1ac65978b3efe7d7dddafe153bcf9159fb
TX_DAHS_ISS_ONLY,111777,285,"FOREVER GROWING INSTITUTE, INC",DAHS-ISSONLY,YES,NO,GILLESPIE,107 INDUSTRIAL LOOP,FREDERICKSBURG,TEXAS,78624,f9bdf6d39a118b4a4ff293674bab46416237cdfe51ad81a55f862aa7c94d1860,https://apps.hhs.texas.gov/providers/directories/dahs_issonly.xlsx,2026-09-30T13:16:18.681388+00:00,2026-09-28,bea57db6d9267e471843004012034bedc253b9a0129505d5243c02225d22a488
TX_DAHS_ISS_ONLY,111446,286,LIVING WELL LEARNING CENTER,DAHS-ISSONLY,YES,NO,GILLESPIE,1800 NORTH LLANO,FREDERICKSBURG,TEXAS,78624,f9bdf6d39a118b4a4ff293674bab46416237cdfe51ad81a55f862aa7c94d1860,https://apps.hhs.texas.gov/providers/directories/dahs_issonly.xlsx,2026-09-30T13:16:18.681388+00:00,2026-09-28,380561b71813ffc1717048dd1f0046f09284e48218f5af6178bace439e8c9eca
TX_DAHS_ISS_ONLY,111873,287,ARBORS OF ALLEN,DAHS-ISSONLY,YES,NO,GONZALES,617 ST. PAUL ST.,GONZALES,TEXAS,78629,f9bdf6d39a118b4a4ff293674bab46416237cdfe51ad81a55f862aa7c94d1860,https://apps.hhs.texas.gov/providers/directories/dahs_issonly.xlsx,2026-09-30T13:16:18.681388+00:00,2026-09-28,53a063887d59553c7f620c0ad26a25b0bcb59ae19d056ac7f5cb7414d247a9af
TX_DAHS_ISS_ONLY,111192,288,PAMPA ASCI,DAHS-ISSONLY,YES,NO,GRAY,409 N WEST,PAMPA,TX,79066,f9bdf6d39a118b4a4ff293674bab46416237cdfe51ad81a55f862aa7c94d1860,https://apps.hhs.texas.gov/providers/directories/dahs_issonly.xlsx,2026-09-30T13:16:18.681388+00:00,2026-09-28,3d7b00f87c4d377bdad5ddb6e12510925da7ca739063509a8e19d48dadd0ab0e
TX_DAHS_ISS_ONLY,111592,289,DEBORAH DIANE RITCHIE LLC,DAHS-ISSONLY,YES,NO,GRAYSON,1424 REEVES RD.,POTTSBORO,TX,75076,f9bdf6d39a118b4a4ff293674bab46416237cdfe51ad81a55f862aa7c94d1860,https://apps.hhs.texas.gov/providers/directories/dahs_issonly.xlsx,2026-09-30T13:16:18.681388+00:00,2026-09-28,b47c9c31bb086ee9e3f1423c8b12d484dca786542f2f89d90eafe68423355895
TX_DAHS_ISS_ONLY,110919,290,EVERGREEN LIFE SERVICES OF SHERMAN,DAHS-ISSONLY,YES,NO,GRAYSON,424 NORTH RUSK STREET,SHERMAN,TEXAS,75090,f9bdf6d39a118b4a4ff293674bab46416237cdfe51ad81a55f862aa7c94d1860,https://apps.hhs.texas.gov/providers/directories/dahs_issonly.xlsx,2026-09-30T13:16:18.681388+00:00,2026-09-28,bf99093caf3c247f7c8847066a1fbed3314da74a6e30fda0fc9eb2356a83de85
TX_DAHS_ISS_ONLY,111408,291,MCKINNEY ONSITE DAY HAB,DAHS-ISSONLY,YES,NO,GRAYSON,220 SOUTH ELM STREET,SHERMAN,TEXAS,75090,f9bdf6d39a118b4a4ff293674bab46416237cdfe51ad81a55f862aa7c94d1860,https://apps.hhs.texas.gov/providers/directories/dahs_issonly.xlsx,2026-09-30T13:16:18.681388+00:00,2026-09-28,771b402b728f067abd436084705dcde52fd2584135dc9408a25d976622ce67b6
TX_DAHS_ISS_ONLY,111872,292,TEXOMA COMMUNITY CENTER,DAHS-ISSONLY,YES,NO,GRAYSON,2310 N TRAVIS ST,SHERMAN,TEXAS,75092,f9bdf6d39a118b4a4ff293674bab46416237cdfe51ad81a55f862aa7c94d1860,https://apps.hhs.texas.gov/providers/directories/dahs_issonly.xlsx,2026-09-30T13:16:18.681388+00:00,2026-09-28,d864a3b6cb144af8ad546f97062359259ccf7f2ead0ffa1d9f1bd14bc531f339
TX_DAHS_ISS_ONLY,110833,293,READY SET LIVE DAY HAB,DAHS-ISSONLY,YES,NO,GRAYSON,"636 POSSOM TROT HOLLOW RD, SUITE B",WHITEWRIGHT,TEXAS,75491,f9bdf6d39a118b4a4ff293674bab46416237cdfe51ad81a55f862aa7c94d1860,https://apps.hhs.texas.gov/providers/directories/dahs_issonly.xlsx,2026-09-30T13:16:18.681388+00:00,2026-09-28,3a05d062b76e856f5e076705fc13ba240614cfee9f11c25d4ea3778f173666da
TX_DAHS_ISS_ONLY,111166,294,BRANNON'S FRIENDS LLC,DAHS-ISSONLY,YES,NO,GREGG,3634 ANDREA ST,LONGVIEW,TEXAS,75604,f9bdf6d39a118b4a4ff293674bab46416237cdfe51ad81a55f862aa7c94d1860,https://apps.hhs.texas.gov/providers/directories/dahs_issonly.xlsx,2026-09-30T13:16:18.681388+00:00,2026-09-28,a72e03b382c1a7703655b5928fc8339d6a031d3665c7fded19f5b753284d561d
TX_DAHS_ISS_ONLY,111688,295,CUSTOM CARE DAY PROGRAM,DAHS-ISSONLY,YES,NO,GREGG,1413 W. LOOP 281 SUITE 105,LONGVIEW,TEXAS,75604,f9bdf6d39a118b4a4ff293674bab46416237cdfe51ad81a55f862aa7c94d1860,https://apps.hhs.texas.gov/providers/directories/dahs_issonly.xlsx,2026-09-30T13:16:18.681388+00:00,2026-09-28,b51e38012af78e1110072def29c059088ee738dbc113cdcb3194c25699f027df
TX_DAHS_ISS_ONLY,112093,296,KK ADULT DAY ACTIVITY AND LEARNING CENTER,DAHS-ISSONLY,YES,NO,GREGG,168 LONESOME PINE RD,LONGVIEW,TX,75605,f9bdf6d39a118b4a4ff293674bab46416237cdfe51ad81a55f862aa7c94d1860,https://apps.hhs.texas.gov/providers/directories/dahs_issonly.xlsx,2026-09-30T13:16:18.681388+00:00,2026-09-28,a5924aca843261b6116feb008c0a2a0c0721d35c57925d3b60c50420a05d8f4a
TX_DAHS_ISS_ONLY,111112,297,LIL COUNTRY DAYHAB AND WORKSHOP,DAHS-ISSONLY,YES,NO,GREGG,1310 PINE TREE RD,LONGVIEW,TX,75604,f9bdf6d39a118b4a4ff293674bab46416237cdfe51ad81a55f862aa7c94d1860,https://apps.hhs.texas.gov/providers/directories/dahs_issonly.xlsx,2026-09-30T13:16:18.681388+00:00,2026-09-28,5ece12a754d98cc64a6584e5e03cb1ad9ecfb2c1a0cb1dc0dec993b6e8f787bb
TX_DAHS_ISS_ONLY,110866,298,LONGVIEW DAY HABILITATION,DAHS-ISSONLY,YES,NO,GREGG,302 ENTERPRISE STREET,LONGVIEW,TEXAS,75604,f9bdf6d39a118b4a4ff293674bab46416237cdfe51ad81a55f862aa7c94d1860,https://apps.hhs.texas.gov/providers/directories/dahs_issonly.xlsx,2026-09-30T13:16:18.681388+00:00,2026-09-28,56902421c8521f4bedbb87be76f703515cf5ff361c0d1481fc3f7eca0a3245f1
TX_DAHS_ISS_ONLY,110847,299,PACE OPPORTUNITY CENTERS INC,DAHS-ISSONLY,YES,NO,GREGG,1101 JAYCEE DR.,LONGVIEW,TX,75604,f9bdf6d39a118b4a4ff293674bab46416237cdfe51ad81a55f862aa7c94d1860,https://apps.hhs.texas.gov/providers/directories/dahs_issonly.xlsx,2026-09-30T13:16:18.681388+00:00,2026-09-28,76341fedac7546521735ad94e8fa807d8cbe2b97e4a9b2757eefeed0199d0590
TX_DAHS_ISS_ONLY,111234,300,"SNS HOUSE OF CARE, INCORPORATED",DAHS-ISSONLY,YES,NO,GREGG,205 E US HWY 80,WHITE OAK,TX,75693,f9bdf6d39a118b4a4ff293674bab46416237cdfe51ad81a55f862aa7c94d1860,https://apps.hhs.texas.gov/providers/directories/dahs_issonly.xlsx,2026-09-30T13:16:18.681388+00:00,2026-09-28,20e7a0694f752ed64cabf04591b38ee6d295481b2aa2405e04aa64b099faf7da
TX_DAHS_ISS_ONLY,111214,301,"WILLAND, INC",DAHS-ISSONLY,YES,NO,GREGG,907 SOUTH WHITE OAK RD,WHITE OAK,TEXAS,75693,f9bdf6d39a118b4a4ff293674bab46416237cdfe51ad81a55f862aa7c94d1860,https://apps.hhs.texas.gov/providers/directories/dahs_issonly.xlsx,2026-09-30T13:16:18.681388+00:00,2026-09-28,c55aa4a52a066ac40914ef6e175de4a99f3a9924d3ea5ab527a8422aa5bc1504
TX_DAHS_ISS_ONLY,111434,302,DECADE DAY SERVICE LLC,DAHS-ISSONLY,YES,NO,GUADALUPE,1672 WETZ RD.,MARION,TEXAS,78124,f9bdf6d39a118b4a4ff293674bab46416237cdfe51ad81a55f862aa7c94d1860,https://apps.hhs.texas.gov/providers/directories/dahs_issonly.xlsx,2026-09-30T13:16:18.681388+00:00,2026-09-28,d07e3849abb7ea952ea2707447db9dc570f077dce527e6726d52bff6d83c33b6
TX_DAHS_ISS_ONLY,111310,303,ALONG FOR THE RIDE DAY SERVICES LLC,DAHS-ISSONLY,YES,NO,GUADALUPE,2252 BROKEN STAR DR,NEW BRAUNFELS,TX,78130,f9bdf6d39a118b4a4ff293674bab46416237cdfe51ad81a55f862aa7c94d1860,https://apps.hhs.texas.gov/providers/directories/dahs_issonly.xlsx,2026-09-30T13:16:18.681388+00:00,2026-09-28,9a88909013b60f54c3617c8b4069e106a6ea706beb3634f161e96579d0a895bb
TX_DAHS_ISS_ONLY,111343,304,"MARIO'S DAYHAB WITHOUT WALLS, LLC",DAHS-ISSONLY,YES,NO,GUADALUPE,1648 SUNSTONE CIRCLE,NEW BRAUNFELS,TEXAS,78130,f9bdf6d39a118b4a4ff293674bab46416237cdfe51ad81a55f862aa7c94d1860,https://apps.hhs.texas.gov/providers/directories/dahs_issonly.xlsx,2026-09-30T13:16:18.681388+00:00,2026-09-28,9d8bb723009b4212f32fa1e0b78f4da8ba6a7d62fed0187ecf0591c14e144689
TX_DAHS_ISS_ONLY,110743,305,BARBARA M IUNGERICH,DAHS-ISSONLY,YES,NO,GUADALUPE,108 WEST HAMPTON DRIVE,SEGUIN,TX,78155,f9bdf6d39a118b4a4ff293674bab46416237cdfe51ad81a55f862aa7c94d1860,https://apps.hhs.texas.gov/providers/directories/dahs_issonly.xlsx,2026-09-30T13:16:18.681388+00:00,2026-09-28,34ea7de4d4248f2f1f3f7429f51c89050f00551b20fa2cd1e6c1163e6bbf646f
TX_DAHS_ISS_ONLY,110925,306,LEXI A JACOBUS,DAHS-ISSONLY,YES,NO,GUADALUPE,109 SPANISH OAK ST.,SEGUIN,TX,78155,f9bdf6d39a118b4a4ff293674bab46416237cdfe51ad81a55f862aa7c94d1860,https://apps.hhs.texas.gov/providers/directories/dahs_issonly.xlsx,2026-09-30T13:16:18.681388+00:00,2026-09-28,b0da67d761ab004ef4a28d62ee04453168e8aec14b84c944e06fcb6e16cef44e
TX_DAHS_ISS_ONLY,110794,307,MARY ANN RANGEL,DAHS-ISSONLY,YES,NO,GUADALUPE,1199 MUEHL ROAD,SEGUIN,TX,78155,f9bdf6d39a118b4a4ff293674bab46416237cdfe51ad81a55f862aa7c94d1860,https://apps.hhs.texas.gov/providers/directories/dahs_issonly.xlsx,2026-09-30T13:16:18.681388+00:00,2026-09-28,3e86522b4eaefccae19e59171da8d5866f864470938957cc62b3ae771bce1b02
TX_DAHS_ISS_ONLY,111118,308,MONTANA L CAVAZOS,DAHS-ISSONLY,YES,NO,GUADALUPE,1440 SCHNEIDER ROAD,SEGUIN,TX,78155,f9bdf6d39a118b4a4ff293674bab46416237cdfe51ad81a55f862aa7c94d1860,https://apps.hhs.texas.gov/providers/directories/dahs_issonly.xlsx,2026-09-30T13:16:18.681388+00:00,2026-09-28,4fe344543ffcdd6601fcf033e8e0290401a2136b6e35f0a8e610e634162a2d11
TX_DAHS_ISS_ONLY,110888,309,SHAUNETTE TORRES,DAHS-ISSONLY,YES,NO,GUADALUPE,200 PLANTATION DRIVE,SEGUIN,TX,78155,f9bdf6d39a118b4a4ff293674bab46416237cdfe51ad81a55f862aa7c94d1860,https://apps.hhs.texas.gov/providers/directories/dahs_issonly.xlsx,2026-09-30T13:16:18.681388+00:00,2026-09-28,225f7481287c6583b1dafb7769e1063ee7d222263d9efc9b728543c42a023b03
TX_DAHS_ISS_ONLY,110878,310,TOMMY LEWIS INDUSTRIES TLI,DAHS-ISSONLY,YES,NO,HALE,208 SOUTH COLUMBIA STREET,PLAINVIEW,TX,79072,f9bdf6d39a118b4a4ff293674bab46416237cdfe51ad81a55f862aa7c94d1860,https://apps.hhs.texas.gov/providers/directories/dahs_issonly.xlsx,2026-09-30T13:16:18.681388+00:00,2026-09-28,a711c18fb05949346ef43053eca720dd76632d3aee4885c3e1177b8ad6c94d47
TX_DAHS_ISS_ONLY,110740,311,SPINDLETOP SILSBEE,DAHS-ISSONLY,YES,NO,HARDIN,222 E DURDIN DRIVE,SILSBEE,TX,77656,f9bdf6d39a118b4a4ff293674bab46416237cdfe51ad81a55f862aa7c94d1860,https://apps.hhs.texas.gov/providers/directories/dahs_issonly.xlsx,2026-09-30T13:16:18.681388+00:00,2026-09-28,f7fdaaedffc4e2865a27b1cf945977aee58e13ad6c0bb48e3e7079ee94b76d27
TX_DAHS_ISS_ONLY,111248,312,BAY AREA REHABILITATION CENTER,DAHS-ISSONLY,YES,NO,HARRIS,5313 DECKER DR.,BAYTOWN,TEXAS,77520,f9bdf6d39a118b4a4ff293674bab46416237cdfe51ad81a55f862aa7c94d1860,https://apps.hhs.texas.gov/providers/directories/dahs_issonly.xlsx,2026-09-30T13:16:18.681388+00:00,2026-09-28,3abc27f10f9b8aad00d1e9a97c378fb7f23ab899b2a0362c0ff64f5691853217
TX_DAHS_ISS_ONLY,112215,313,FRUITS OF SPIRIT CARE SERVICE LLC,DAHS-ISSONLY,YES,NO,HARRIS,1704 MISSISSIPPI ST,BAYTOWN,TX,77520,f9bdf6d39a118b4a4ff293674bab46416237cdfe51ad81a55f862aa7c94d1860,https://apps.hhs.texas.gov/providers/directories/dahs_issonly.xlsx,2026-09-30T13:16:18.681388+00:00,2026-09-28,9d2cd57d5428fb3799f29d546f5acfd491e45eed05ed791a6e1097d9f2cb2396
TX_DAHS_ISS_ONLY,111196,314,TRIPLE E WORKSHOP,DAHS-ISSONLY,YES,NO,HARRIS,16221 BEAR BAYOU DR.,CHANNELVIEW,TEXAS,77530,f9bdf6d39a118b4a4ff293674bab46416237cdfe51ad81a55f862aa7c94d1860,https://apps.hhs.texas.gov/providers/directories/dahs_issonly.xlsx,2026-09-30T13:16:18.681388+00:00,2026-09-28,6639d8ada9218e514c47274991099fa9fcb829610917a63897c637a3ba491c5f
TX_DAHS_ISS_ONLY,110865,315,"DEVELOPMENTAL DAYHAB ACTIVITY CENTER, CORP",DAHS-ISSONLY,YES,NO,HARRIS,7607 CORAL LAKE DRIVE,CYPRESS,TEXAS,77433,f9bdf6d39a118b4a4ff293674bab46416237cdfe51ad81a55f862aa7c94d1860,https://apps.hhs.texas.gov/providers/directories/dahs_issonly.xlsx,2026-09-30T13:16:18.681388+00:00,2026-09-28,2e5645b7c21ecee9c94b98cd5776d57fe1b302dd43894733d6fd7f1564b02ddc
TX_DAHS_ISS_ONLY,110824,316,FORGOTTEN ANGELS  CYPRESS,DAHS-ISSONLY,YES,NO,HARRIS,18937 KZ ROAD,CYPRESS,TX,77433,f9bdf6d39a118b4a4ff293674bab46416237cdfe51ad81a55f862aa7c94d1860,https://apps.hhs.texas.gov/providers/directories/dahs_issonly.xlsx,2026-09-30T13:16:18.681388+00:00,2026-09-28,284249ff1748deb4335586c6c3049fa63a6b37df076ed351c9c533c3dbfc1159
TX_DAHS_ISS_ONLY,110905,317,HALL'S HOUSE,DAHS-ISSONLY,YES,NO,HARRIS,16303 CHANNING WAY,CYPRESS,TX,77429,f9bdf6d39a118b4a4ff293674bab46416237cdfe51ad81a55f862aa7c94d1860,https://apps.hhs.texas.gov/providers/directories/dahs_issonly.xlsx,2026-09-30T13:16:18.681388+00:00,2026-09-28,059e3539c4ea10aaf6e49f4af42ebb3f0e0092251f22cbbabd0bf688deacdbb2
TX_DAHS_ISS_ONLY,111141,318,JULIAN'S HOUSE LLC,DAHS-ISSONLY,YES,NO,HARRIS,16435 TELGE RD,CYPRESS,TX,77429,f9bdf6d39a118b4a4ff293674bab46416237cdfe51ad81a55f862aa7c94d1860,https://apps.hhs.texas.gov/providers/directories/dahs_issonly.xlsx,2026-09-30T13:16:18.681388+00:00,2026-09-28,ce627f2046b14f5a25024fcb43004baa6998119c4a39802ed8c51ca936fd5357
TX_DAHS_ISS_ONLY,111159,319,REACH UNLIMITED,DAHS-ISSONLY,YES,NO,HARRIS,11832 MUELLER CEMTERY RD SUITE #100,CYPRESS,TX,77429,f9bdf6d39a118b4a4ff293674bab46416237cdfe51ad81a55f862aa7c94d1860,https://apps.hhs.texas.gov/providers/directories/dahs_issonly.xlsx,2026-09-30T13:16:18.681388+00:00,2026-09-28,a06d2cb9f9aac9ff42e2cd1dcfdd02104b7b0daf97a2d69e8a8d547559c0fc46
TX_DAHS_ISS_ONLY,111114,320,THE BEVERLY CENTER,DAHS-ISSONLY,YES,NO,HARRIS,15235 SPRING CYPRESS RD,CYPRESS,TEXAS,77429,f9bdf6d39a118b4a4ff293674bab46416237cdfe51ad81a55f862aa7c94d1860,https://apps.hhs.texas.gov/providers/directories/dahs_issonly.xlsx,2026-09-30T13:16:18.681388+00:00,2026-09-28,eb66c25f5d24bb914e67403f24a4101a3114e4d1c6868cb5c44106b49a770580
TX_DAHS_ISS_ONLY,110764,321,THE ROCK CENTER  VERNON,DAHS-ISSONLY,YES,NO,HARRIS,13111 VERNON RD,CYPRESS,TX,77429,f9bdf6d39a118b4a4ff293674bab46416237cdfe51ad81a55f862aa7c94d1860,https://apps.hhs.texas.gov/providers/directories/dahs_issonly.xlsx,2026-09-30T13:16:18.681388+00:00,2026-09-28,d6f246b9abcb767e20a56e09210928b3ac2f9bf58972f9d7b6662eda2f0b8b9d
TX_DAHS_ISS_ONLY,110797,322,"NEXT STEP TRANSITION CENTER, LLC",DAHS-ISSONLY,YES,NO,HARRIS,229 E VAUGHN LN.,DEER PARK,TEXAS,77536,f9bdf6d39a118b4a4ff293674bab46416237cdfe51ad81a55f862aa7c94d1860,https://apps.hhs.texas.gov/providers/directories/dahs_issonly.xlsx,2026-09-30T13:16:18.681388+00:00,2026-09-28,2f1369b8fac72fc35a0d787f2e14c9c332cadaf47e18bb8160f1ce75eb236c65
TX_DAHS_ISS_ONLY,110848,323,1ST CHOICE HOMES,DAHS-ISSONLY,YES,NO,HARRIS,16140 KUYKENDAHL RD. #126,HOUSTON,TEXAS,77068,f9bdf6d39a118b4a4ff293674bab46416237cdfe51ad81a55f862aa7c94d1860,https://apps.hhs.texas.gov/providers/directories/dahs_issonly.xlsx,2026-09-30T13:16:18.681388+00:00,2026-09-28,7b98ce643bd115581a04b9580777ef90f56f57d5f86d26bf2cda125ee7cd7b13
TX_DAHS_ISS_ONLY,111226,324,A PLACE TO STAND CORPORATION,DAHS-ISSONLY,YES,NO,HARRIS,"9896 BISSONNET ST, STE. 118",HOUSTON,TEXAS,77036,f9bdf6d39a118b4a4ff293674bab46416237cdfe51ad81a55f862aa7c94d1860,https://apps.hhs.texas.gov/providers/directories/dahs_issonly.xlsx,2026-09-30T13:16:18.681388+00:00,2026-09-28,03488da42e1513703ed3a8ebea2d293aafc7a5b51c2c56cc4a15b233e4d78007
TX_DAHS_ISS_ONLY,111652,325,"A SPECIAL KIND OF TLC, INC",DAHS-ISSONLY,YES,NO,HARRIS,2001 RAINBOW DR.,HOUSTON,TEXAS,77023,f9bdf6d39a118b4a4ff293674bab46416237cdfe51ad81a55f862aa7c94d1860,https://apps.hhs.texas.gov/providers/directories/dahs_issonly.xlsx,2026-09-30T13:16:18.681388+00:00,2026-09-28,baf5688ba1782cd882dc97839cf1f6e4e3cd21e92792d689c2da1ba68ab15c0c
TX_DAHS_ISS_ONLY,111238,326,ABILITY OPTIONS LLC,DAHS-ISSONLY,YES,NO,HARRIS,15150 BELLAIRE BLVD,HOUSTON,TX,77083,f9bdf6d39a118b4a4ff293674bab46416237cdfe51ad81a55f862aa7c94d1860,https://apps.hhs.texas.gov/providers/directories/dahs_issonly.xlsx,2026-09-30T13:16:18.681388+00:00,2026-09-28,93da50cdd696e49636ac5f44fce4f60f5c3f8099365b6111795e513bfdd32337
TX_DAHS_ISS_ONLY,111869,327,ABLE LIVING HOMES LLC,DAHS-ISSONLY,YES,NO,HARRIS,15136 BELLAIRE BLVD,HOUSTON,TX,77083,f9bdf6d39a118b4a4ff293674bab46416237cdfe51ad81a55f862aa7c94d1860,https://apps.hhs.texas.gov/providers/directories/dahs_issonly.xlsx,2026-09-30T13:16:18.681388+00:00,2026-09-28,fc6b2bb5946d9269c814f3e3618f7213db6770631f2158f0fb8bc9af7ad9be71
TX_DAHS_ISS_ONLY,110958,328,"ACCOUNTABLE SOURCE, INC",DAHS-ISSONLY,YES,NO,HARRIS,8103 DUNLAP,HOUSTON,TEXAS,77074,f9bdf6d39a118b4a4ff293674bab46416237cdfe51ad81a55f862aa7c94d1860,https://apps.hhs.texas.gov/providers/directories/dahs_issonly.xlsx,2026-09-30T13:16:18.681388+00:00,2026-09-28,d810f745d299cec23b45f3e98b7b3840a8149c98da7b2e266be8842781e4c26b
TX_DAHS_ISS_ONLY,111160,329,ADAPTIVE AIDS INC,DAHS-ISSONLY,YES,NO,HARRIS,3648 CYPRESS CREEK PKWY STE. 140,HOUSTON,TX,77068,f9bdf6d39a118b4a4ff293674bab46416237cdfe51ad81a55f862aa7c94d1860,https://apps.hhs.texas.gov/providers/directories/dahs_issonly.xlsx,2026-09-30T13:16:18.681388+00:00,2026-09-28,d59b4e83b4e442e6332e9ed63fefb1564e08173fa5dddb824fb88a159f150b48
TX_DAHS_ISS_ONLY,111236,330,ADVOCATES UNITED AND COMPANY,DAHS-ISSONLY,YES,NO,HARRIS,2618 PIERCE STREET,HOUSTON,TEXAS,77003,f9bdf6d39a118b4a4ff293674bab46416237cdfe51ad81a55f862aa7c94d1860,https://apps.hhs.texas.gov/providers/directories/dahs_issonly.xlsx,2026-09-30T13:16:18.681388+00:00,2026-09-28,c317887ce926d627c97a734f47292d74f51b22543d64f984f672eeb64e20864c
TX_DAHS_ISS_ONLY,110893,331,ALTERNATIVE BEHAVIOR SOLUTIONS,DAHS-ISSONLY,YES,NO,HARRIS,8101 AIRPORT BLVD SUITE F,HOUSTON,TEXAS,77061,f9bdf6d39a118b4a4ff293674bab46416237cdfe51ad81a55f862aa7c94d1860,https://apps.hhs.texas.gov/providers/directories/dahs_issonly.xlsx,2026-09-30T13:16:18.681388+00:00,2026-09-28,21777c9408fc04540f28b04b672813197277e8d3bfaea25d1117c08b79e83877
TX_DAHS_ISS_ONLY,111184,332,ALTERNATIVE DAY SOLUTIONS INC,DAHS-ISSONLY,YES,NO,HARRIS,"11511 N GARDEN STREET, 1ST FLOOR",HOUSTON,TEXAS,77071,f9bdf6d39a118b4a4ff293674bab46416237cdfe51ad81a55f862aa7c94d1860,https://apps.hhs.texas.gov/providers/directories/dahs_issonly.xlsx,2026-09-30T13:16:18.681388+00:00,2026-09-28,08c96fc35e7ecb61ca441496865fbfb51d883668fb2210339cf44dfad94ce045
TX_DAHS_ISS_ONLY,111237,333,ALWAYS CARING DAY HABILITATION,DAHS-ISSONLY,YES,NO,HARRIS,8950 WILCREST DRIVE,HOUSTON,TEXAS,77099,f9bdf6d39a118b4a4ff293674bab46416237cdfe51ad81a55f862aa7c94d1860,https://apps.hhs.texas.gov/providers/directories/dahs_issonly.xlsx,2026-09-30T13:16:18.681388+00:00,2026-09-28,90d605060885138202d514698791351bbb60895f32f6e4305ce3f774226beabf
TX_DAHS_ISS_ONLY,112147,334,ALWAYS DAY PROGRAM INC,DAHS-ISSONLY,YES,NO,HARRIS,5039 REED ROAD SUITE 1,HOUSTON,TEXAS,77033,f9bdf6d39a118b4a4ff293674bab46416237cdfe51ad81a55f862aa7c94d1860,https://apps.hhs.texas.gov/providers/directories/dahs_issonly.xlsx,2026-09-30T13:16:18.681388+00:00,2026-09-28,16ba78784f9258a49e640265968050c292f2852b10868f9b45246ca8096cefde
TX_DAHS_ISS_ONLY,111765,335,AMANI LIVING LLC,DAHS-ISSONLY,YES,NO,HARRIS,"7001 HIGHWAY 6 S, SUITE 236",HOUSTON,TEXAS,77083,f9bdf6d39a118b4a4ff293674bab46416237cdfe51ad81a55f862aa7c94d1860,https://apps.hhs.texas.gov/providers/directories/dahs_issonly.xlsx,2026-09-30T13:16:18.681388+00:00,2026-09-28,42b939345ec6145dc46fe0672a841999a0c42081d20a43244153917686635f83
TX_DAHS_ISS_ONLY,111833,336,"AMAZING GRACE HEALTHCARE SERVICES, INC",DAHS-ISSONLY,YES,NO,HARRIS,8449 W BELLFORT AVE STE 285,HOUSTON,TEXAS,77071,f9bdf6d39a118b4a4ff293674bab46416237cdfe51ad81a55f862aa7c94d1860,https://apps.hhs.texas.gov/providers/directories/dahs_issonly.xlsx,2026-09-30T13:16:18.681388+00:00,2026-09-28,ba26be22384a95a5672475ab5f555d45c84c6a939bf9900b589117fad332a3f0
TX_DAHS_ISS_ONLY,111724,337,ANDREAS HOME CARE ACTIVITY CENTER,DAHS-ISSONLY,YES,NO,HARRIS,5300 HOLLISTER ST. STE 500,HOUSTON,TX,77040,f9bdf6d39a118b4a4ff293674bab46416237cdfe51ad81a55f862aa7c94d1860,https://apps.hhs.texas.gov/providers/directories/dahs_issonly.xlsx,2026-09-30T13:16:18.681388+00:00,2026-09-28,d414b93b4f2d95f58f6dcce654921d4f7e6506e012ebc1f221873ae3b3f49af5
TX_DAHS_ISS_ONLY,111750,338,ANGELS OF COLOUR THERAPEUTIC GROUP HOME,DAHS-ISSONLY,YES,NO,HARRIS,"8369 ALMEDA ROAD, SUITE R",HOUSTON,TEXAS,77054,f9bdf6d39a118b4a4ff293674bab46416237cdfe51ad81a55f862aa7c94d1860,https://apps.hhs.texas.gov/providers/directories/dahs_issonly.xlsx,2026-09-30T13:16:18.681388+00:00,2026-09-28,041c63d9fbf18aded969dd1061e8aa5b331004d6ef442394899b5d70304351dc
TX_DAHS_ISS_ONLY,110946,339,ANGELS WITHOUT WINGS DAY HABILITATION CENTER LLC,DAHS-ISSONLY,YES,NO,HARRIS,10417 ROCKLEY ROAD,HOUSTON,TEXAS,77099,f9bdf6d39a118b4a4ff293674bab46416237cdfe51ad81a55f862aa7c94d1860,https://apps.hhs.texas.gov/providers/directories/dahs_issonly.xlsx,2026-09-30T13:16:18.681388+00:00,2026-09-28,78043909d96a4595c93f195c2b8f8b88eed805fdf14430c0e7747d9bdbdf64a6
TX_DAHS_ISS_ONLY,112039,340,ANGIE'S HOUSE LLC,DAHS-ISSONLY,YES,NO,HARRIS,9844 SOUTHWEST FREEWAY,HOUSTON,TX,77074,f9bdf6d39a118b4a4ff293674bab46416237cdfe51ad81a55f862aa7c94d1860,https://apps.hhs.texas.gov/providers/directories/dahs_issonly.xlsx,2026-09-30T13:16:18.681388+00:00,2026-09-28,ddbea9c610ebf6612b3153588b4e47e978751a2c9c2912b1eb5f97c8cc0caaa8
TX_DAHS_ISS_ONLY,111535,341,ARACELY SALGUERO MEJIA,DAHS-ISSONLY,YES,NO,HARRIS,5522 AMARANTH MEADOW LN,HOUSTON,TEXAS,77085,f9bdf6d39a118b4a4ff293674bab46416237cdfe51ad81a55f862aa7c94d1860,https://apps.hhs.texas.gov/providers/directories/dahs_issonly.xlsx,2026-09-30T13:16:18.681388+00:00,2026-09-28,61a70515855c35966302c9bd17c0538a2baadeaa4bd07fb9527bc63b4e0fea80
TX_DAHS_ISS_ONLY,110707,342,AVONDALE HOUSE,DAHS-ISSONLY,YES,NO,HARRIS,3737 O'MEARA DRIVE,HOUSTON,TX,77025,f9bdf6d39a118b4a4ff293674bab46416237cdfe51ad81a55f862aa7c94d1860,https://apps.hhs.texas.gov/providers/directories/dahs_issonly.xlsx,2026-09-30T13:16:18.681388+00:00,2026-09-28,1d344f4a4e771d77cbfab10732a1ab39bef5cdb5dac0c458597f15e9cd854ec0
TX_DAHS_ISS_ONLY,111152,343,AXCESS HEALTHCARE LLC,DAHS-ISSONLY,YES,NO,HARRIS,8303 SOUTHWEST FWY STE 150,HOUSTON,TX,77074,f9bdf6d39a118b4a4ff293674bab46416237cdfe51ad81a55f862aa7c94d1860,https://apps.hhs.texas.gov/providers/directories/dahs_issonly.xlsx,2026-09-30T13:16:18.681388+00:00,2026-09-28,b2dc1493b4eaa8e6987f77c08faf36a6c7c4c93e553f0e9e354c2c8c9b251008
TX_DAHS_ISS_ONLY,111250,344,AYONG HEALTHCARE  LLC,DAHS-ISSONLY,YES,NO,HARRIS,15000 BELLAIRE BLVD SUITE #W,HOUSTON,TEXAS,77083,f9bdf6d39a118b4a4ff293674bab46416237cdfe51ad81a55f862aa7c94d1860,https://apps.hhs.texas.gov/providers/directories/dahs_issonly.xlsx,2026-09-30T13:16:18.681388+00:00,2026-09-28,f3fe74f4db134891cd30e25af5ec3b61a688e3b334a61296d26e342320623071
TX_DAHS_ISS_ONLY,111097,345,"B J LIVING CENTER, INC",DAHS-ISSONLY,YES,NO,HARRIS,3945 BRAXTON DR,HOUSTON,TX,77063,f9bdf6d39a118b4a4ff293674bab46416237cdfe51ad81a55f862aa7c94d1860,https://apps.hhs.texas.gov/providers/directories/dahs_issonly.xlsx,2026-09-30T13:16:18.681388+00:00,2026-09-28,c00135d279af07f6b326dc8db0ed12d742be471a4bc2f7367ce16e0416a26c94
TX_DAHS_ISS_ONLY,111145,346,BELLO AMANECER,DAHS-ISSONLY,YES,NO,HARRIS,12080 EAST FREEWAY,HOUSTON,TX,77029,f9bdf6d39a118b4a4ff293674bab46416237cdfe51ad81a55f862aa7c94d1860,https://apps.hhs.texas.gov/providers/directories/dahs_issonly.xlsx,2026-09-30T13:16:18.681388+00:00,2026-09-28,29fde934884bf4f36f4c26443fb43b17fb395c428829407bf4a94d10461abf8c
TX_DAHS_ISS_ONLY,112160,347,BELLS HAVEN LLC,DAHS-ISSONLY,YES,NO,HARRIS,2955 S SAM HOUSTON PKWY E #100,HOUSTON,TEXAS,77047,f9bdf6d39a118b4a4ff293674bab46416237cdfe51ad81a55f862aa7c94d1860,https://apps.hhs.texas.gov/providers/directories/dahs_issonly.xlsx,2026-09-30T13:16:18.681388+00:00,2026-09-28,f683ea77271d8e12640513233de6aaadb91c177d11c38fee6a16594810487332
TX_DAHS_ISS_ONLY,112107,348,BELLTECH ENTERPRISES  INC,DAHS-ISSONLY,YES,NO,HARRIS,"2539 SOUTH GESSNER RD, STE 19",HOUSTON,TEXAS,77063,f9bdf6d39a118b4a4ff293674bab46416237cdfe51ad81a55f862aa7c94d1860,https://apps.hhs.texas.gov/providers/directories/dahs_issonly.xlsx,2026-09-30T13:16:18.681388+00:00,2026-09-28,7f5f95b73aef8b952d4abf10587c92c32e9d829f876ed0466ce800cc03a3b0ab
TX_DAHS_ISS_ONLY,112123,349,"BETTER THAN HOME, LLC",DAHS-ISSONLY,YES,NO,HARRIS,2618 PIERCE STREET,HOUSTON,HOUSTON,77003,f9bdf6d39a118b4a4ff293674bab46416237cdfe51ad81a55f862aa7c94d1860,https://apps.hhs.texas.gov/providers/directories/dahs_issonly.xlsx,2026-09-30T13:16:18.681388+00:00,2026-09-28,c69145ad09d04270cb11c3a623299cffb1b302607313fe5399d54a1521df99cb
TX_DAHS_ISS_ONLY,111228,350,BLESSING HEARTS,DAHS-ISSONLY,YES,NO,HARRIS,4560 FM 1960 WEST,HOUSTON,TX,77069,f9bdf6d39a118b4a4ff293674bab46416237cdfe51ad81a55f862aa7c94d1860,https://apps.hhs.texas.gov/providers/directories/dahs_issonly.xlsx,2026-09-30T13:16:18.681388+00:00,2026-09-28,128d18e50da472a0285988e358eb64a4f558b836f64e623ea6e459c7cc091319
TX_DAHS_ISS_ONLY,111543,351,BLEU ARC INC,DAHS-ISSONLY,YES,NO,HARRIS,12129 BISSONET STREET,HOUSTON,TX,77099,f9bdf6d39a118b4a4ff293674bab46416237cdfe51ad81a55f862aa7c94d1860,https://apps.hhs.texas.gov/providers/directories/dahs_issonly.xlsx,2026-09-30T13:16:18.681388+00:00,2026-09-28,2a38cd33ef5fee8493ff411b37a359d29d5573b3e6ed19df6571e6c054d274c0
TX_DAHS_ISS_ONLY,111646,352,BYCGP,DAHS-ISSONLY,YES,NO,HARRIS,5250 BROWNWAY ST.,HOUSTON,TEXAS,77056,f9bdf6d39a118b4a4ff293674bab46416237cdfe51ad81a55f862aa7c94d1860,https://apps.hhs.texas.gov/providers/directories/dahs_issonly.xlsx,2026-09-30T13:16:18.681388+00:00,2026-09-28,dd7f850bcc1081a6149f30da047defe59f5e30a28dd7ddbe4447bf5dd6122656
TX_DAHS_ISS_ONLY,111661,353,CELEBRATION COMPANY,DAHS-ISSONLY,YES,NO,HARRIS,4131 SOUTH BRAESWOOD BLVD,HOUSTON,TX,77025,f9bdf6d39a118b4a4ff293674bab46416237cdfe51ad81a55f862aa7c94d1860,https://apps.hhs.texas.gov/providers/directories/dahs_issonly.xlsx,2026-09-30T13:16:18.681388+00:00,2026-09-28,8fffbec4c09fa4c9ef0f335fd6a47acc97582c3bcb23e9e65a8eaf3cfd1e68d3
TX_DAHS_ISS_ONLY,110968,354,CHI HABILITATION COMPANY,DAHS-ISSONLY,YES,NO,HARRIS,8311 KEMPWOOD DRIVE,HOUSTON,TX,77055,f9bdf6d39a118b4a4ff293674bab46416237cdfe51ad81a55f862aa7c94d1860,https://apps.hhs.texas.gov/providers/directories/dahs_issonly.xlsx,2026-09-30T13:16:18.681388+00:00,2026-09-28,df0a7efdf6361af96aef51ee109af1a43b10c4c4dbcb000c11ff3f3ffad54ff7
TX_DAHS_ISS_ONLY,110877,355,CHICHI LIVING CENTER LLC,DAHS-ISSONLY,YES,NO,HARRIS,"9119 S GESSNER RD., SUITE 201",HOUSTON,TEXAS,77074,f9bdf6d39a118b4a4ff293674bab46416237cdfe51ad81a55f862aa7c94d1860,https://apps.hhs.texas.gov/providers/directories/dahs_issonly.xlsx,2026-09-30T13:16:18.681388+00:00,2026-09-28,4506380adbfbde61f61d0ea606dc3297a42ace5d2fd82d1bebba65f93209e750
TX_DAHS_ISS_ONLY,112015,356,CHOSEN BEHAVIORAL,DAHS-ISSONLY,YES,NO,HARRIS,2700 CYPRESS CREEK PKWY,HOUSTON,TX,77068,f9bdf6d39a118b4a4ff293674bab46416237cdfe51ad81a55f862aa7c94d1860,https://apps.hhs.texas.gov/providers/directories/dahs_issonly.xlsx,2026-09-30T13:16:18.681388+00:00,2026-09-28,994c0e29d6a658853a46ea4cb41fcc7d33ae74d397aeb2c9e73df3bafc68a767
TX_DAHS_ISS_ONLY,111128,357,CHOSEN JX INC,DAHS-ISSONLY,YES,NO,HARRIS,"13192 BELLAIRE BLVD, SUITE C",HOUSTON,TX,77083,f9bdf6d39a118b4a4ff293674bab46416237cdfe51ad81a55f862aa7c94d1860,https://apps.hhs.texas.gov/providers/directories/dahs_issonly.xlsx,2026-09-30T13:16:18.681388+00:00,2026-09-28,65ce29d1641bbb229baad6d19487a8a29e53f6becf805b076379b8d66caaeef1
TX_DAHS_ISS_ONLY,112022,358,CHRISBORN PLACE INC,DAHS-ISSONLY,YES,NO,HARRIS,13698 TONNOCHY CT,HOUSTON,TEXAS,77083,f9bdf6d39a118b4a4ff293674bab46416237cdfe51ad81a55f862aa7c94d1860,https://apps.hhs.texas.gov/providers/directories/dahs_issonly.xlsx,2026-09-30T13:16:18.681388+00:00,2026-09-28,7be320f96b7cd7275b047c2e275a54987aa8313a99dcff242003f0bc5569c8d1
TX_DAHS_ISS_ONLY,110747,359,CHRISDAVNET DAY CENTER,DAHS-ISSONLY,YES,NO,HARRIS,5830 W BELLFORT AVENUE,HOUSTON,TEXAS,77035,f9bdf6d39a118b4a4ff293674bab46416237cdfe51ad81a55f862aa7c94d1860,https://apps.hhs.texas.gov/providers/directories/dahs_issonly.xlsx,2026-09-30T13:16:18.681388+00:00,2026-09-28,ffa5434b865e49a0aeba7dd05b9ac89d022e4fc54b14adbd16de081ace524d75
TX_DAHS_ISS_ONLY,110859,360,CITI HEALTH GROUP INC,DAHS-ISSONLY,YES,NO,HARRIS,8449 WEST BELFORT STE. 130,HOUSTON,TEXAS,77071,f9bdf6d39a118b4a4ff293674bab46416237cdfe51ad81a55f862aa7c94d1860,https://apps.hhs.texas.gov/providers/directories/dahs_issonly.xlsx,2026-09-30T13:16:18.681388+00:00,2026-09-28,45bbfaa9842cff8fdbd36857565e07abadf5acb79880d4b2288b2d5db6a9aff8
TX_DAHS_ISS_ONLY,111022,361,CLAREWOOD WORK TRAINING CENTER INC,DAHS-ISSONLY,YES,NO,HARRIS,5419 CLAREWOOD DR # A,HOUSTON,TX,77081,f9bdf6d39a118b4a4ff293674bab46416237cdfe51ad81a55f862aa7c94d1860,https://apps.hhs.texas.gov/providers/directories/dahs_issonly.xlsx,2026-09-30T13:16:18.681388+00:00,2026-09-28,c3ffbec2ae8b55dd6aca5f4194f1e8098f113bb4d4de77afe1595c7320fe8e8c
TX_DAHS_ISS_ONLY,111491,362,"CREEKVIEW ADULT HEALTH AND ACTIVITY CENTER, INC",DAHS-ISSONLY,YES,NO,HARRIS,16026 HIGHLANDER DRIVE,HOUSTON,TEXAS,77082,f9bdf6d39a118b4a4ff293674bab46416237cdfe51ad81a55f862aa7c94d1860,https://apps.hhs.texas.gov/providers/directories/dahs_issonly.xlsx,2026-09-30T13:16:18.681388+00:00,2026-09-28,bd25ce221e5f055e1002d08a0960ca8fb3eecbbc28c67af244e340123bf62e83
TX_DAHS_ISS_ONLY,112220,363,DD'S HOUSE OF LOVE INC,DAHS-ISSONLY,YES,NO,HARRIS,6707 LARKSTONE ST,HOUSTON,TEXAS,77028,f9bdf6d39a118b4a4ff293674bab46416237cdfe51ad81a55f862aa7c94d1860,https://apps.hhs.texas.gov/providers/directories/dahs_issonly.xlsx,2026-09-30T13:16:18.681388+00:00,2026-09-28,e6fc82338331441544ebadc0f8190af8ac42449f98e987d220895e3cf8287a82
TX_DAHS_ISS_ONLY,110750,364,"DDWD DEVELOPMENTAL HCS SERVICES, INC",DAHS-ISSONLY,YES,NO,HARRIS,14405 WALTERS ROAD #105,HOUSTON,TEXAS,77014,f9bdf6d39a118b4a4ff293674bab46416237cdfe51ad81a55f862aa7c94d1860,https://apps.hhs.texas.gov/providers/directories/dahs_issonly.xlsx,2026-09-30T13:16:18.681388+00:00,2026-09-28,34fb7e54a2cd827cbca679df076648c8d7b9ab11f4414fda19aafa0a80a6c559
TX_DAHS_ISS_ONLY,111770,365,"DHCS DRAYLON HEALTHCARE SERVICES,LLC",DAHS-ISSONLY,YES,NO,HARRIS,4411 BRECKENRIDGE DR,HOUSTON,TEXAS,77066,f9bdf6d39a118b4a4ff293674bab46416237cdfe51ad81a55f862aa7c94d1860,https://apps.hhs.texas.gov/providers/directories/dahs_issonly.xlsx,2026-09-30T13:16:18.681388+00:00,2026-09-28,339aafa5c1fee28dd84fda99350c1cb7d50fdbe7b7014b1e6693f3526b482547
TX_DAHS_ISS_ONLY,111759,366,DLAREG ADULT DAY CENTER LLC,DAHS-ISSONLY,YES,NO,HARRIS,15655 WESTHEIMER RD. UNIT #107,HOUSTON,TEXAS,77082,f9bdf6d39a118b4a4ff293674bab46416237cdfe51ad81a55f862aa7c94d1860,https://apps.hhs.texas.gov/providers/directories/dahs_issonly.xlsx,2026-09-30T13:16:18.681388+00:00,2026-09-28,ff8d9deae376f0664af63a6f5d6fd51d8859928b47635c0c67106963c230d247
TX_DAHS_ISS_ONLY,111102,367,FAITH ACTIVITY CENTER LLC,DAHS-ISSONLY,YES,NO,HARRIS,3945 BRAXTON DRIVE  STE 2,HOUSTON,TEXAS,77063,f9bdf6d39a118b4a4ff293674bab46416237cdfe51ad81a55f862aa7c94d1860,https://apps.hhs.texas.gov/providers/directories/dahs_issonly.xlsx,2026-09-30T13:16:18.681388+00:00,2026-09-28,b64ded1928fb218395e8db92cf8ebe20e29415f4bcbfe2bf96980d38142693c1
TX_DAHS_ISS_ONLY,111221,368,"FOUR J'S DAY ACTIVITY CENTER, INC",DAHS-ISSONLY,YES,NO,HARRIS,"9920 W. SAM HOUSTON PKWY S., SUITE 410",HOUSTON,TEXAS,77099,f9bdf6d39a118b4a4ff293674bab46416237cdfe51ad81a55f862aa7c94d1860,https://apps.hhs.texas.gov/providers/directories/dahs_issonly.xlsx,2026-09-30T13:16:18.681388+00:00,2026-09-28,7577466dc3bda99a6ca71c6f4fbbf641483e8d54ab07ac425433ab528ca03dc9
TX_DAHS_ISS_ONLY,110907,369,FRIENDS OF DOWN SYNDROME,DAHS-ISSONLY,YES,NO,HARRIS,8425 WEST ROAD,HOUSTON,TX,77064,f9bdf6d39a118b4a4ff293674bab46416237cdfe51ad81a55f862aa7c94d1860,https://apps.hhs.texas.gov/providers/directories/dahs_issonly.xlsx,2026-09-30T13:16:18.681388+00:00,2026-09-28,9b163e47a07fd94b4571f85661746031f1dd811d9c34c02c4c5533ce3377f89d
TX_DAHS_ISS_ONLY,110864,370,"GILMORE ACCOMPLISHMENT PLACE, INC",DAHS-ISSONLY,YES,NO,HARRIS,"17300 EL CAMINO REAL, SUITE #110-GG",HOUSTON,TEXAS,77058,f9bdf6d39a118b4a4ff293674bab46416237cdfe51ad81a55f862aa7c94d1860,https://apps.hhs.texas.gov/providers/directories/dahs_issonly.xlsx,2026-09-30T13:16:18.681388+00:00,2026-09-28,2dc7fdb43967220cdeaf12f4dfee5a25decb974eb4cc2b0d3cffeb55bd678db0
TX_DAHS_ISS_ONLY,111779,371,GLO'S HOPE CORPORATION,DAHS-ISSONLY,YES,NO,HARRIS,16111 CAIRNWAY DR STE 190,HOUSTON,TX,77084,f9bdf6d39a118b4a4ff293674bab46416237cdfe51ad81a55f862aa7c94d1860,https://apps.hhs.texas.gov/providers/directories/dahs_issonly.xlsx,2026-09-30T13:16:18.681388+00:00,2026-09-28,5ffc63dba51617cba87046f1b39458d11fa267668a422dc712632e0c13dee9ee
TX_DAHS_ISS_ONLY,112099,372,GOLDEN YEARS ADULT DAY CENTER,DAHS-ISSONLY,YES,NO,HARRIS,207 WAYSIDE DRIVE,HOUSTON,TX,77011,f9bdf6d39a118b4a4ff293674bab46416237cdfe51ad81a55f862aa7c94d1860,https://apps.hhs.texas.gov/providers/directories/dahs_issonly.xlsx,2026-09-30T13:16:18.681388+00:00,2026-09-28,3405119368328765b19ee1057e1a0277debd8b5a986a6c36821b0e94b50d0b2a
TX_DAHS_ISS_ONLY,111161,373,GOOD OLD DAYS ADULT DAY CARE LLC,DAHS-ISSONLY,YES,NO,HARRIS,5339 EASTHAMPTON DR,HOUSTON,TX,77039,f9bdf6d39a118b4a4ff293674bab46416237cdfe51ad81a55f862aa7c94d1860,https://apps.hhs.texas.gov/providers/directories/dahs_issonly.xlsx,2026-09-30T13:16:18.681388+00:00,2026-09-28,fd36a24351b4d4fd04fc998749529ffa3bcd562ce29ee5b0f60cd0f39acfc5ea
TX_DAHS_ISS_ONLY,111244,374,GRACEFUL CARE CENTER,DAHS-ISSONLY,YES,NO,HARRIS,5231 BEECHNUT STREET,HOUSTON,TEXAS,77096,f9bdf6d39a118b4a4ff293674bab46416237cdfe51ad81a55f862aa7c94d1860,https://apps.hhs.texas.gov/providers/directories/dahs_issonly.xlsx,2026-09-30T13:16:18.681388+00:00,2026-09-28,7b25e4fc9871a229e59b3839aaf6f30f392f085c3410320f4603dd4c460af3d5
TX_DAHS_ISS_ONLY,111090,375,"GREAT BEGINNINGS CAREER COUNSELING AND LIFE COACHING, PC",DAHS-ISSONLY,YES,NO,HARRIS,10301 NORTHWEST FWY STE 101,HOUSTON,TEXAS,77092,f9bdf6d39a118b4a4ff293674bab46416237cdfe51ad81a55f862aa7c94d1860,https://apps.hhs.texas.gov/providers/directories/dahs_issonly.xlsx,2026-09-30T13:16:18.681388+00:00,2026-09-28,8453e652a5c6eb2625126e0517c9541206b27d8ab20cfd037fc2af4288b82a97
TX_DAHS_ISS_ONLY,110861,376,HILLCROFT EMPOWERMENT CENTER,DAHS-ISSONLY,YES,NO,HARRIS,6125 HILLCROFT AVE,HOUSTON,TX,77081,f9bdf6d39a118b4a4ff293674bab46416237cdfe51ad81a55f862aa7c94d1860,https://apps.hhs.texas.gov/providers/directories/dahs_issonly.xlsx,2026-09-30T13:16:18.681388+00:00,2026-09-28,2fac99795ca9d9c8a9f1888630c3680bba1158a10fa0d1e6b9b38aa6276ca7ec
TX_DAHS_ISS_ONLY,110871,377,HOUSTON DAY HAB,DAHS-ISSONLY,YES,NO,HARRIS,4572 FM 1960,HOUSTON,TX,77069,f9bdf6d39a118b4a4ff293674bab46416237cdfe51ad81a55f862aa7c94d1860,https://apps.hhs.texas.gov/providers/directories/dahs_issonly.xlsx,2026-09-30T13:16:18.681388+00:00,2026-09-28,fc02952d48b9c49ad1a98321890194e3e4b84a63fcc160b41a1f30d10b07019c
TX_DAHS_ISS_ONLY,110838,378,HUMAN SERVICES CENTER,DAHS-ISSONLY,YES,NO,HARRIS,8515 FONDREN RD. SUITE 200,HOUSTON,TEXAS,77074,f9bdf6d39a118b4a4ff293674bab46416237cdfe51ad81a55f862aa7c94d1860,https://apps.hhs.texas.gov/providers/directories/dahs_issonly.xlsx,2026-09-30T13:16:18.681388+00:00,2026-09-28,25793116c24bcc3c0e3315f18071faad9f6e1403e72979f87d5fabe6195c71cd
TX_DAHS_ISS_ONLY,111185,379,"IMAR   ENTERPRISES, INC",DAHS-ISSONLY,YES,NO,HARRIS,"9898 BISSONNET , SUITE #165",HOUSTON,TEXAS,77036,f9bdf6d39a118b4a4ff293674bab46416237cdfe51ad81a55f862aa7c94d1860,https://apps.hhs.texas.gov/providers/directories/dahs_issonly.xlsx,2026-09-30T13:16:18.681388+00:00,2026-09-28,5c25954815e4ed3d1719d1c3bd9c7d68ab85c6b6f9f7ac2e7c0fcf31094ebb85
TX_DAHS_ISS_ONLY,111911,380,INFINITY CARE,DAHS-ISSONLY,YES,NO,HARRIS,13243 ITALIAN CYPRESS TRL,HOUSTON,TX,77044,f9bdf6d39a118b4a4ff293674bab46416237cdfe51ad81a55f862aa7c94d1860,https://apps.hhs.texas.gov/providers/directories/dahs_issonly.xlsx,2026-09-30T13:16:18.681388+00:00,2026-09-28,473feb7fc98b6ec49b5dff741b12c08c09bc14d6d4a7b4c910818cf06f7f6f0e
TX_DAHS_ISS_ONLY,111133,381,"JOEL ELIJAH ADULT CARE, INC",DAHS-ISSONLY,YES,NO,HARRIS,6670 HWY 6 SOUTH SUITE 6674C,HOUSTON,TX,77083,f9bdf6d39a118b4a4ff293674bab46416237cdfe51ad81a55f862aa7c94d1860,https://apps.hhs.texas.gov/providers/directories/dahs_issonly.xlsx,2026-09-30T13:16:18.681388+00:00,2026-09-28,d48be0e6fb115a7ade89b70084b78f62cd6df45fcdd652e2d4a9c1969e996ed4
TX_DAHS_ISS_ONLY,111280,382,JOYFUL JOURNEY,DAHS-ISSONLY,YES,NO,HARRIS,1605 SOUTH VICTORY,HOUSTON,TEXAS,77088,f9bdf6d39a118b4a4ff293674bab46416237cdfe51ad81a55f862aa7c94d1860,https://apps.hhs.texas.gov/providers/directories/dahs_issonly.xlsx,2026-09-30T13:16:18.681388+00:00,2026-09-28,c16763a6201deb36855a2b0ee596acab744e4177d7329eae52ed2c65e10608a8
TX_DAHS_ISS_ONLY,112144,383,JOYFUL JOURNEYS ISS PROGRAM LLC,DAHS-ISSONLY,YES,NO,HARRIS,7066 LAKEVIEW HAVEN DRIVE SUITE 108,HOUSTON,TX,77095,f9bdf6d39a118b4a4ff293674bab46416237cdfe51ad81a55f862aa7c94d1860,https://apps.hhs.texas.gov/providers/directories/dahs_issonly.xlsx,2026-09-30T13:16:18.681388+00:00,2026-09-28,b6ee7b9b2bb89f0ea74021032def9c75d3280423857b98f61b044dab71850928
TX_DAHS_ISS_ONLY,111893,384,JOYFUL LEARNING CENTER 2,DAHS-ISSONLY,YES,NO,HARRIS,4560 FM 1960 W SUITE 107,HOUSTON,TEXAS,77069,f9bdf6d39a118b4a4ff293674bab46416237cdfe51ad81a55f862aa7c94d1860,https://apps.hhs.texas.gov/providers/directories/dahs_issonly.xlsx,2026-09-30T13:16:18.681388+00:00,2026-09-28,503f473377d643b6d3539a8f5e32643c4646942e17f86bcb1c490227af14ddd4
TX_DAHS_ISS_ONLY,111577,385,JUBILEE CENTER,DAHS-ISSONLY,YES,NO,HARRIS,7808 DIXIE DRIVE,HOUSTON,TEXAS,77087,f9bdf6d39a118b4a4ff293674bab46416237cdfe51ad81a55f862aa7c94d1860,https://apps.hhs.texas.gov/providers/directories/dahs_issonly.xlsx,2026-09-30T13:16:18.681388+00:00,2026-09-28,de46a60bf315215aeb835dfcfd8b3d656322987015e151df12c49b9d668d3026
TX_DAHS_ISS_ONLY,110945,386,"KES CARE LEARNING AND DEVELOPMENT CENTER, INC",DAHS-ISSONLY,YES,NO,HARRIS,1621 PLEASANTVILLE DR.,HOUSTON,TEXAS,77029,f9bdf6d39a118b4a4ff293674bab46416237cdfe51ad81a55f862aa7c94d1860,https://apps.hhs.texas.gov/providers/directories/dahs_issonly.xlsx,2026-09-30T13:16:18.681388+00:00,2026-09-28,252b2596956e82647fdc3e49762cef09bd161102e5bc0ae5c67e6b2001d2c349
TX_DAHS_ISS_ONLY,111736,387,LAC HONG ADULT DAY CARE,DAHS-ISSONLY,YES,NO,HARRIS,"6628 WILCREST DRIVE, SUITE A",HOUSTON,TX,77072,f9bdf6d39a118b4a4ff293674bab46416237cdfe51ad81a55f862aa7c94d1860,https://apps.hhs.texas.gov/providers/directories/dahs_issonly.xlsx,2026-09-30T13:16:18.681388+00:00,2026-09-28,95b7bba501854602c42afa2f3ccabce56d2756a9ec7cf7ffef6e5b1f5e40de8c
TX_DAHS_ISS_ONLY,112102,388,LG EXCEPTIONAL CARE ENTERPRISES LLC,DAHS-ISSONLY,YES,NO,HARRIS,6220 WESTPARK DRIVE #143,HOUSTON,TEXAS,77057,f9bdf6d39a118b4a4ff293674bab46416237cdfe51ad81a55f862aa7c94d1860,https://apps.hhs.texas.gov/providers/directories/dahs_issonly.xlsx,2026-09-30T13:16:18.681388+00:00,2026-09-28,16032618044751b6001dc9d77e1f9708045f9b6bfbc477b5400384323f4f2bfd
TX_DAHS_ISS_ONLY,111715,389,"LIFETIME HOMECARE SERVICES, LLC",DAHS-ISSONLY,YES,NO,HARRIS,3230 BROOKFIELD DRIVE,HOUSTON,TX,77045,f9bdf6d39a118b4a4ff293674bab46416237cdfe51ad81a55f862aa7c94d1860,https://apps.hhs.texas.gov/providers/directories/dahs_issonly.xlsx,2026-09-30T13:16:18.681388+00:00,2026-09-28,37336bf75c91cdd9981eec934b2487d8d9dc6a195afbd0aed3f806819becec3e
TX_DAHS_ISS_ONLY,111142,390,LIGHT AND SALT ASSOCIATION,DAHS-ISSONLY,YES,NO,HARRIS,3535 BRIARPARK DR. STE 135,HOUSTON,TX,77042,f9bdf6d39a118b4a4ff293674bab46416237cdfe51ad81a55f862aa7c94d1860,https://apps.hhs.texas.gov/providers/directories/dahs_issonly.xlsx,2026-09-30T13:16:18.681388+00:00,2026-09-28,63aa3e4da7bfc5569b2982e2c6acb575a187b897fa03f72b93e25af2ef9f0a0a
TX_DAHS_ISS_ONLY,111794,391,LINKS OF COMPASSION INC,DAHS-ISSONLY,YES,NO,HARRIS,15600 W HARDY ROAD,HOUSTON,TX,77060,f9bdf6d39a118b4a4ff293674bab46416237cdfe51ad81a55f862aa7c94d1860,https://apps.hhs.texas.gov/providers/directories/dahs_issonly.xlsx,2026-09-30T13:16:18.681388+00:00,2026-09-28,4c32d1bd204b2d6fccfe5ca31fea0076b6acb67000d707e3d9341a0c5acdb640
TX_DAHS_ISS_ONLY,111076,392,LIVINGMIND PROJECT INC,DAHS-ISSONLY,YES,NO,HARRIS,16205 WESTHEIMER ROAD #100,HOUSTON,TX,77082,f9bdf6d39a118b4a4ff293674bab46416237cdfe51ad81a55f862aa7c94d1860,https://apps.hhs.texas.gov/providers/directories/dahs_issonly.xlsx,2026-09-30T13:16:18.681388+00:00,2026-09-28,736c4c5728b6c41dea744011ee68b77309dbb227ed758451bc428bc10c7df926
TX_DAHS_ISS_ONLY,111231,393,LOVE AMONG US DAY HABILITATION CENTER LLC,DAHS-ISSONLY,YES,NO,HARRIS,10824 KINGSPOINT RD,HOUSTON,TEXAS,77075,f9bdf6d39a118b4a4ff293674bab46416237cdfe51ad81a55f862aa7c94d1860,https://apps.hhs.texas.gov/providers/directories/dahs_issonly.xlsx,2026-09-30T13:16:18.681388+00:00,2026-09-28,a38b50ac5d3748100bfbc8138d7ef3e0e813b5180cbbca8a88e6f4d2a96ff77d
TX_DAHS_ISS_ONLY,110976,394,MAIA AND LALA'S WORLD,DAHS-ISSONLY,YES,NO,HARRIS,15991 WESTHEIMER RD,HOUSTON,TEXAS,77082,f9bdf6d39a118b4a4ff293674bab46416237cdfe51ad81a55f862aa7c94d1860,https://apps.hhs.texas.gov/providers/directories/dahs_issonly.xlsx,2026-09-30T13:16:18.681388+00:00,2026-09-28,f36c00c15a4f28dbc55e0c9f7943f939e8f39b838688699a813cb08beab7b54c
TX_DAHS_ISS_ONLY,110917,395,MAINSTREAM LIVING CENTER LLC,DAHS-ISSONLY,YES,NO,HARRIS,13940 BAMMEL N. HOUSTON #305,HOUSTON,TX,77066,f9bdf6d39a118b4a4ff293674bab46416237cdfe51ad81a55f862aa7c94d1860,https://apps.hhs.texas.gov/providers/directories/dahs_issonly.xlsx,2026-09-30T13:16:18.681388+00:00,2026-09-28,d85d7cbdbba86105aaf3fe2fde410159220724e393f12beef5d06a8fae30f8ce
TX_DAHS_ISS_ONLY,111200,396,"MERIDIAN LIVING CENTER, INC",DAHS-ISSONLY,YES,NO,HARRIS,8130 WESTGLEN DRIVE,HOUSTON,TX,77063,f9bdf6d39a118b4a4ff293674bab46416237cdfe51ad81a55f862aa7c94d1860,https://apps.hhs.texas.gov/providers/directories/dahs_issonly.xlsx,2026-09-30T13:16:18.681388+00:00,2026-09-28,7c0d44a9cdd638b30abf13905c4c3db6f375c69b9bc89ebe7f5aca5db4b94f4b
TX_DAHS_ISS_ONLY,111512,397,MIKEY'S PLACE,DAHS-ISSONLY,YES,NO,HARRIS,11612 MEMORIAL DRIVE ROOMS 212/213,HOUSTON,TX,77024,f9bdf6d39a118b4a4ff293674bab46416237cdfe51ad81a55f862aa7c94d1860,https://apps.hhs.texas.gov/providers/directories/dahs_issonly.xlsx,2026-09-30T13:16:18.681388+00:00,2026-09-28,7d894fe03614b2a5eddaf64ad759baad83f2e6df8fbbd7cc8e5517fcd97848a8
TX_DAHS_ISS_ONLY,111442,398,NATE DAY HAB & SERVICES LLC,DAHS-ISSONLY,YES,NO,HARRIS,"525 N. SAM HOUSTON PKWY E, #245",HOUSTON,TX,77060,f9bdf6d39a118b4a4ff293674bab46416237cdfe51ad81a55f862aa7c94d1860,https://apps.hhs.texas.gov/providers/directories/dahs_issonly.xlsx,2026-09-30T13:16:18.681388+00:00,2026-09-28,bac49b57df5ece6c0c981a5166a099a1cf3f51ea38704d500b2f73617702fd55
TX_DAHS_ISS_ONLY,112036,399,"ODYSSEY DAY SERVICES, INC",DAHS-ISSONLY,YES,NO,HARRIS,779 NORMANDY ST STE 125,HOUSTON,TX,77015,f9bdf6d39a118b4a4ff293674bab46416237cdfe51ad81a55f862aa7c94d1860,https://apps.hhs.texas.gov/providers/directories/dahs_issonly.xlsx,2026-09-30T13:16:18.681388+00:00,2026-09-28,5582ff9cbbe359563610c48b29b6a47e328aff18ba41a0d917aa3a39da2047e0
TX_DAHS_ISS_ONLY,112023,400,"ODYSSEY DAY SERVICES, INC",DAHS-ISSONLY,YES,NO,HARRIS,220 N VISTA DR,HOUSTON,TX,77073,f9bdf6d39a118b4a4ff293674bab46416237cdfe51ad81a55f862aa7c94d1860,https://apps.hhs.texas.gov/providers/directories/dahs_issonly.xlsx,2026-09-30T13:16:18.681388+00:00,2026-09-28,7ca9b4f041fd85a62ceecba433cba4f64795cbeb8f5cd453aeb32f27d111ef47
TX_DAHS_ISS_ONLY,111321,401,ODYSSEY TLC ADULT DAY CTR,DAHS-ISSONLY,YES,NO,HARRIS,779 NORMANDY ST  STE 125,HOUSTON,TEXAS,77015,f9bdf6d39a118b4a4ff293674bab46416237cdfe51ad81a55f862aa7c94d1860,https://apps.hhs.texas.gov/providers/directories/dahs_issonly.xlsx,2026-09-30T13:16:18.681388+00:00,2026-09-28,e049fd9a74f42d46d4be4b643844dc5e8fc75e1fdc31874c9c0165a17d6d3f84
TX_DAHS_ISS_ONLY,110983,402,PARADISE CARE CENTER,DAHS-ISSONLY,YES,NO,HARRIS,11001 FONDREN ROAD SUITE A,HOUSTON,TEXAS,77096,f9bdf6d39a118b4a4ff293674bab46416237cdfe51ad81a55f862aa7c94d1860,https://apps.hhs.texas.gov/providers/directories/dahs_issonly.xlsx,2026-09-30T13:16:18.681388+00:00,2026-09-28,2e1ceb3e4e5f49656f49d6c5f7a1485bb09eba68ea7d78b7d87937ed1e76bbf5
TX_DAHS_ISS_ONLY,111852,403,PATRICK'S HOME,DAHS-ISSONLY,YES,NO,HARRIS,9223 STROUD DRIVE,HOUSTON,TX,77036,f9bdf6d39a118b4a4ff293674bab46416237cdfe51ad81a55f862aa7c94d1860,https://apps.hhs.texas.gov/providers/directories/dahs_issonly.xlsx,2026-09-30T13:16:18.681388+00:00,2026-09-28,21d68098c51499ed4cb8de01023fc09532ef50b90935a3ee841630e4a3f9d27c
TX_DAHS_ISS_ONLY,111281,404,PURPOSE OF VISION ADULT AND YOUTH ENRICHMENT CENTER,DAHS-ISSONLY,YES,NO,HARRIS,2600 S LOOP WEST STE 332,HOUSTON,TX,77504,f9bdf6d39a118b4a4ff293674bab46416237cdfe51ad81a55f862aa7c94d1860,https://apps.hhs.texas.gov/providers/directories/dahs_issonly.xlsx,2026-09-30T13:16:18.681388+00:00,2026-09-28,ee463f4a43f775fbfa772f369ba9b38b0dd9de9f46097c95ee0f2028b0c2ec26
TX_DAHS_ISS_ONLY,111194,405,RCJ GENESIS II ME,DAHS-ISSONLY,YES,NO,HARRIS,12035 MISTY VALLEY DR.,HOUSTON,TEXAS,77066,f9bdf6d39a118b4a4ff293674bab46416237cdfe51ad81a55f862aa7c94d1860,https://apps.hhs.texas.gov/providers/directories/dahs_issonly.xlsx,2026-09-30T13:16:18.681388+00:00,2026-09-28,3a79de1f862b0ea72b85ad426ac2e4430558ec850bb58441bb2797808f15d84a
TX_DAHS_ISS_ONLY,111270,406,RESOURCE HOME HEALTH SERVICES,DAHS-ISSONLY,YES,NO,HARRIS,8885 W. BELLFORT,HOUSTON,TEXAS,77031,f9bdf6d39a118b4a4ff293674bab46416237cdfe51ad81a55f862aa7c94d1860,https://apps.hhs.texas.gov/providers/directories/dahs_issonly.xlsx,2026-09-30T13:16:18.681388+00:00,2026-09-28,1f0b76f9d136fa0e8ad81623193ff90770c7b414445cbb10076862d6edddb4d0
TX_DAHS_ISS_ONLY,111957,407,RITE BE HOME HEALTH CARE LLC,DAHS-ISSONLY,YES,NO,HARRIS,15124 BELLAIRE BLVD,HOUSTON,TX,77083,f9bdf6d39a118b4a4ff293674bab46416237cdfe51ad81a55f862aa7c94d1860,https://apps.hhs.texas.gov/providers/directories/dahs_issonly.xlsx,2026-09-30T13:16:18.681388+00:00,2026-09-28,0e4845d78b9bf2473e512b35687f94544a82d6d4895dce77590aebab5c1f0a58
TX_DAHS_ISS_ONLY,111797,408,SECOND CHANCE ADULT DAYCARE LLC,DAHS-ISSONLY,YES,NO,HARRIS,8133 BEECHCOVE LN,HOUSTON,TX,77099,f9bdf6d39a118b4a4ff293674bab46416237cdfe51ad81a55f862aa7c94d1860,https://apps.hhs.texas.gov/providers/directories/dahs_issonly.xlsx,2026-09-30T13:16:18.681388+00:00,2026-09-28,b2f3c5915c2cc5bc1bfb2c12efcef2b66c4ffe175bbde3c202154f51d4c1a610
TX_DAHS_ISS_ONLY,112129,409,SPECIAL HOME CARE LIVING CENTER,DAHS-ISSONLY,YES,NO,HARRIS,2600 SOUTH LOOP W FWY SUITE 150,HOUSTON,TX,77054,f9bdf6d39a118b4a4ff293674bab46416237cdfe51ad81a55f862aa7c94d1860,https://apps.hhs.texas.gov/providers/directories/dahs_issonly.xlsx,2026-09-30T13:16:18.681388+00:00,2026-09-28,fc22b4bc3a6980b57a6bab4d0ecf3d2b9bf137dce6e7e60a1260d56a189b79a8
TX_DAHS_ISS_ONLY,111277,410,"SPECIAL RECREATION SERVICES, INC",DAHS-ISSONLY,YES,NO,HARRIS,7301 AVENUE F,HOUSTON,TEXAS,77011,f9bdf6d39a118b4a4ff293674bab46416237cdfe51ad81a55f862aa7c94d1860,https://apps.hhs.texas.gov/providers/directories/dahs_issonly.xlsx,2026-09-30T13:16:18.681388+00:00,2026-09-28,bf769d9649f9f101bc0fc18245a24d0147afb2ed35465c5f86cd298dd29ef878
TX_DAHS_ISS_ONLY,111332,411,"STARPOINT SERVICES, INC",DAHS-ISSONLY,YES,NO,HARRIS,6515 ADDICKS CLODINE ROAD,HOUSTON,TEXAS,77083,f9bdf6d39a118b4a4ff293674bab46416237cdfe51ad81a55f862aa7c94d1860,https://apps.hhs.texas.gov/providers/directories/dahs_issonly.xlsx,2026-09-30T13:16:18.681388+00:00,2026-09-28,1737d5470d10ef8784d9723ca1808177149bf060cea1f8eb60988dd34e441075
TX_DAHS_ISS_ONLY,110929,412,"STEPPING STONES ACHIEVEMENT CENTER, INC",DAHS-ISSONLY,YES,NO,HARRIS,"440 BENMAR DRIVE, SUITE 1205",HOUSTON,TEXAS,77060,f9bdf6d39a118b4a4ff293674bab46416237cdfe51ad81a55f862aa7c94d1860,https://apps.hhs.texas.gov/providers/directories/dahs_issonly.xlsx,2026-09-30T13:16:18.681388+00:00,2026-09-28,a3ae6ec2616820ebd2567b34d60e6bbe940899bf4d3bce45f829dabd68b7d4d6
TX_DAHS_ISS_ONLY,111307,413,SUMMERHOUSE HOUSTON,DAHS-ISSONLY,YES,NO,HARRIS,1424 WASECA ST,HOUSTON,TX,77055,f9bdf6d39a118b4a4ff293674bab46416237cdfe51ad81a55f862aa7c94d1860,https://apps.hhs.texas.gov/providers/directories/dahs_issonly.xlsx,2026-09-30T13:16:18.681388+00:00,2026-09-28,c734482224c105fb83a96f25328b1f95aeb7b6b4534253e9beb75663bff49512
TX_DAHS_ISS_ONLY,111659,414,"TAYLOR LOVE & CARE DISABILITY,SERVICES,LLC",DAHS-ISSONLY,YES,NO,HARRIS,340 N. SAM HOUSTON PKWY STE 150,HOUSTON,TX,77060,f9bdf6d39a118b4a4ff293674bab46416237cdfe51ad81a55f862aa7c94d1860,https://apps.hhs.texas.gov/providers/directories/dahs_issonly.xlsx,2026-09-30T13:16:18.681388+00:00,2026-09-28,914a03ccb6720df7fbd90d3bd06f0d1862aece77fedf6b20f049b7f07e66ec77
TX_DAHS_ISS_ONLY,111464,415,THE CENTER FOR PROGRESSION,DAHS-ISSONLY,YES,NO,HARRIS,"8449 WEST BELLFORT BLVD.
SUITE 395",HOUSTON,TX,77071,f9bdf6d39a118b4a4ff293674bab46416237cdfe51ad81a55f862aa7c94d1860,https://apps.hhs.texas.gov/providers/directories/dahs_issonly.xlsx,2026-09-30T13:16:18.681388+00:00,2026-09-28,63353b8bfe5fefbe876d3f7ce0f4d28beba440994c40cb1fe3e7a27477ae9f85
TX_DAHS_ISS_ONLY,110826,416,THE CENTER FOR PURSUIT,DAHS-ISSONLY,YES,NO,HARRIS,4400 HARRISBURG BLVD,HOUSTON,TX,77011,f9bdf6d39a118b4a4ff293674bab46416237cdfe51ad81a55f862aa7c94d1860,https://apps.hhs.texas.gov/providers/directories/dahs_issonly.xlsx,2026-09-30T13:16:18.681388+00:00,2026-09-28,2fcc3f37aef0ff8b1131f647db962ba09f540589f9e56cb8cf7e14757725d07c
TX_DAHS_ISS_ONLY,111744,417,THE HOMESTEAD DAY CARE SERVICES,DAHS-ISSONLY,YES,NO,HARRIS,5234 TAUTENHAHN,HOUSTON,TX,77016,f9bdf6d39a118b4a4ff293674bab46416237cdfe51ad81a55f862aa7c94d1860,https://apps.hhs.texas.gov/providers/directories/dahs_issonly.xlsx,2026-09-30T13:16:18.681388+00:00,2026-09-28,7d9024e13d29fb079d57365d901aa95b79ff3970bb6fb943496feeabcaa9ec92
TX_DAHS_ISS_ONLY,110788,418,THE ROCK CENTER  BELLAIRE,DAHS-ISSONLY,YES,NO,HARRIS,15160 BELLAIRE BOULEVARD,HOUSTON,TEXAS,77083,f9bdf6d39a118b4a4ff293674bab46416237cdfe51ad81a55f862aa7c94d1860,https://apps.hhs.texas.gov/providers/directories/dahs_issonly.xlsx,2026-09-30T13:16:18.681388+00:00,2026-09-28,42570c08573eefb5515f438d426300fec62dbda582d0ed011f20f096e972f166
TX_DAHS_ISS_ONLY,111738,419,TOTAL FRIENDLY CARE INC,DAHS-ISSONLY,YES,NO,HARRIS,10039 BISSONNETT STREET SUITE 125,HOUSTON,TX,77099,f9bdf6d39a118b4a4ff293674bab46416237cdfe51ad81a55f862aa7c94d1860,https://apps.hhs.texas.gov/providers/directories/dahs_issonly.xlsx,2026-09-30T13:16:18.681388+00:00,2026-09-28,31a23fe03139b98ad364708deab062d94a1f3edb338df8e7b26b3ba4454e6bcb
TX_DAHS_ISS_ONLY,110796,420,TOUCH BASE CENTER FOR THE DEAFBLIND,DAHS-ISSONLY,YES,NO,HARRIS,"7207 REGENCY SQUARE BLVD, SUITE 160",HOUSTON,TX,77036,f9bdf6d39a118b4a4ff293674bab46416237cdfe51ad81a55f862aa7c94d1860,https://apps.hhs.texas.gov/providers/directories/dahs_issonly.xlsx,2026-09-30T13:16:18.681388+00:00,2026-09-28,2e7d1de8391eb73badf36b542f553e3c2b2d32476e0b2663309fa47453f8245a
TX_DAHS_ISS_ONLY,110935,421,TREASURES OF JOYJOYFUL LEARNING CENTER,DAHS-ISSONLY,YES,NO,HARRIS,15302 STUEBNER AIRLINE  SUITE D,HOUSTON,TX,77069,f9bdf6d39a118b4a4ff293674bab46416237cdfe51ad81a55f862aa7c94d1860,https://apps.hhs.texas.gov/providers/directories/dahs_issonly.xlsx,2026-09-30T13:16:18.681388+00:00,2026-09-28,530068ac8090c3f67442824f38bc51323fefe33c15247a6b2f5188cd36efe76d
TX_DAHS_ISS_ONLY,111399,422,"TRINITY AYOMIDE, LLC",DAHS-ISSONLY,YES,NO,HARRIS,10333 HARWIN DR. SUITE 152,HOUSTON,TEXAS,77036,f9bdf6d39a118b4a4ff293674bab46416237cdfe51ad81a55f862aa7c94d1860,https://apps.hhs.texas.gov/providers/directories/dahs_issonly.xlsx,2026-09-30T13:16:18.681388+00:00,2026-09-28,e543c8b92e27ddd63b5e213ad8d403f6d22990672bc789d9f12eb0cbbd703302
TX_DAHS_ISS_ONLY,110982,423,TRINITY DAY HABILITATION CENTER,DAHS-ISSONLY,YES,NO,HARRIS,"9896 BISSONNET ST, SUITE 100",HOUSTON,TX,77036,f9bdf6d39a118b4a4ff293674bab46416237cdfe51ad81a55f862aa7c94d1860,https://apps.hhs.texas.gov/providers/directories/dahs_issonly.xlsx,2026-09-30T13:16:18.681388+00:00,2026-09-28,7845cdd9fa295d8f13619abf2877199a6e9427ac5ed033b81f19219e792a7848
TX_DAHS_ISS_ONLY,111470,424,UNIQUE MANOR AND REHAB,DAHS-ISSONLY,YES,NO,HARRIS,13151 BISSONNET ST SUITE 550,HOUSTON,TEXAS,77099,f9bdf6d39a118b4a4ff293674bab46416237cdfe51ad81a55f862aa7c94d1860,https://apps.hhs.texas.gov/providers/directories/dahs_issonly.xlsx,2026-09-30T13:16:18.681388+00:00,2026-09-28,215c9d6bf86a34511a594db619759b80df8fa5d52b1afb82410da49d6be2d50f
TX_DAHS_ISS_ONLY,110855,425,UNIVERSAL LIVING CARE CENTER,DAHS-ISSONLY,YES,NO,HARRIS,12600 BISSONNET STREET # A2,HOUSTON,TEXAS,77099,f9bdf6d39a118b4a4ff293674bab46416237cdfe51ad81a55f862aa7c94d1860,https://apps.hhs.texas.gov/providers/directories/dahs_issonly.xlsx,2026-09-30T13:16:18.681388+00:00,2026-09-28,0aae62773f90afcc6e6abdd761c9d7b664b3fd86a3d7ccb035f14b88c0e2f40f
TX_DAHS_ISS_ONLY,111645,426,"VITA LIVING, INC",DAHS-ISSONLY,YES,NO,HARRIS,"3300 S GESSNER RD, STE 150,",HOUSTON,TEXAS,77063,f9bdf6d39a118b4a4ff293674bab46416237cdfe51ad81a55f862aa7c94d1860,https://apps.hhs.texas.gov/providers/directories/dahs_issonly.xlsx,2026-09-30T13:16:18.681388+00:00,2026-09-28,68bc86c3e01442c6c37de8664f4d22a65c883b658474779f731026f454922392
TX_DAHS_ISS_ONLY,111401,427,VOLUNTEERS OF AMERICA TEXAS INC,DAHS-ISSONLY,YES,NO,HARRIS,4808 YALE STREET,HOUSTON,TEXAS,77018,f9bdf6d39a118b4a4ff293674bab46416237cdfe51ad81a55f862aa7c94d1860,https://apps.hhs.texas.gov/providers/directories/dahs_issonly.xlsx,2026-09-30T13:16:18.681388+00:00,2026-09-28,3a1ac78cdade601f12840e50cd91072c8d45a5a5f4d5cd6ff5d836fa00e2c0e7
TX_DAHS_ISS_ONLY,111580,428,A BETTER ADULT DAYCARE,DAHS-ISSONLY,YES,NO,HARRIS,14814 LEE RD,HUMBLE,TEXAS,77396,f9bdf6d39a118b4a4ff293674bab46416237cdfe51ad81a55f862aa7c94d1860,https://apps.hhs.texas.gov/providers/directories/dahs_issonly.xlsx,2026-09-30T13:16:18.681388+00:00,2026-09-28,5c27796033a79e64c90a073e3e3ae7c279ca1956175393d092c47ad30671a209
TX_DAHS_ISS_ONLY,111309,429,"AMAZING LIVING HCS, LLC",DAHS-ISSONLY,YES,NO,HARRIS,304 WILSON RD,HUMBLE,TEXAS,77338,f9bdf6d39a118b4a4ff293674bab46416237cdfe51ad81a55f862aa7c94d1860,https://apps.hhs.texas.gov/providers/directories/dahs_issonly.xlsx,2026-09-30T13:16:18.681388+00:00,2026-09-28,e66d928c230c807fc094be6cede5a37926da1c856863526d23235021c272fe9b
TX_DAHS_ISS_ONLY,110738,430,BLOOM CONSULTING,DAHS-ISSONLY,YES,NO,HARRIS,20103 ALDINE WESTFIELD RD,HUMBLE,TEXAS,77338,f9bdf6d39a118b4a4ff293674bab46416237cdfe51ad81a55f862aa7c94d1860,https://apps.hhs.texas.gov/providers/directories/dahs_issonly.xlsx,2026-09-30T13:16:18.681388+00:00,2026-09-28,044f0e60487b0d011afd2f073c7305a53bcfb35651165d668419ded5853536a9
TX_DAHS_ISS_ONLY,110882,431,HUMBLE SERVICE CENTER,DAHS-ISSONLY,YES,NO,HARRIS,6805 OAK VILLAGE,HUMBLE,TX,77396,f9bdf6d39a118b4a4ff293674bab46416237cdfe51ad81a55f862aa7c94d1860,https://apps.hhs.texas.gov/providers/directories/dahs_issonly.xlsx,2026-09-30T13:16:18.681388+00:00,2026-09-28,c665532180e5d81f2e2af05a7d7d3eaa698da92e56350f7f5697e9441a8061c1
TX_DAHS_ISS_ONLY,111679,432,JOVIC HOMES ISS SPRING,DAHS-ISSONLY,YES,NO,HARRIS,21507 ORNELLA CIRCLE,HUMBLE,TX,77338,f9bdf6d39a118b4a4ff293674bab46416237cdfe51ad81a55f862aa7c94d1860,https://apps.hhs.texas.gov/providers/directories/dahs_issonly.xlsx,2026-09-30T13:16:18.681388+00:00,2026-09-28,ab520c5ddc27bb34eac5e89a8aa979dd101defc1af5208d4741eb4108775b437
TX_DAHS_ISS_ONLY,112179,433,FORGOTTEN ANGELS  JERSEY VILLAGE,DAHS-ISSONLY,YES,NO,HARRIS,16565 VILLAGE DRIVE,JERSEY VILLAGE,TEXAS,77040,f9bdf6d39a118b4a4ff293674bab46416237cdfe51ad81a55f862aa7c94d1860,https://apps.hhs.texas.gov/providers/directories/dahs_issonly.xlsx,2026-09-30T13:16:18.681388+00:00,2026-09-28,623ed5a00e1c118ddffde4dd66c51dcf1ee747615ddf7b3718d93533beed4bd0
TX_DAHS_ISS_ONLY,111222,434,AVADIS COMMUNITY BRIDGE AND SUPPORT SERVICES,DAHS-ISSONLY,YES,NO,HARRIS,20850 COTTAGE COVE LN,KATY,TEXAS,77450,f9bdf6d39a118b4a4ff293674bab46416237cdfe51ad81a55f862aa7c94d1860,https://apps.hhs.texas.gov/providers/directories/dahs_issonly.xlsx,2026-09-30T13:16:18.681388+00:00,2026-09-28,0e2ba2cfc21185f542db09eebe648a5e3ab9532961c76b92d353ad0ee57e4580
TX_DAHS_ISS_ONLY,111384,435,LILLYLOU DAY ACTIVITY CENTER,DAHS-ISSONLY,YES,NO,HARRIS,18075 W. LITTLE YORK STE. G,KATY,TEXAS,77449,f9bdf6d39a118b4a4ff293674bab46416237cdfe51ad81a55f862aa7c94d1860,https://apps.hhs.texas.gov/providers/directories/dahs_issonly.xlsx,2026-09-30T13:16:18.681388+00:00,2026-09-28,5810bbb580883b722648909c925b1530cd298a35ded7048eda22858b0d37e7bc
TX_DAHS_ISS_ONLY,111175,436,MERIDIAN LIVING CENTER INC,DAHS-ISSONLY,YES,NO,HARRIS,913 S MASON RD,KATY,TX,77450,f9bdf6d39a118b4a4ff293674bab46416237cdfe51ad81a55f862aa7c94d1860,https://apps.hhs.texas.gov/providers/directories/dahs_issonly.xlsx,2026-09-30T13:16:18.681388+00:00,2026-09-28,447185fe52a1851bc8254ce86d722934fc596e29d24b8d91f2671f75de8b17a4
TX_DAHS_ISS_ONLY,111623,437,THE LIFELONG LEARNING CENTER,DAHS-ISSONLY,YES,NO,HARRIS,1701 EAST AVENUE,KATY,TX,77494,f9bdf6d39a118b4a4ff293674bab46416237cdfe51ad81a55f862aa7c94d1860,https://apps.hhs.texas.gov/providers/directories/dahs_issonly.xlsx,2026-09-30T13:16:18.681388+00:00,2026-09-28,36ab10d35d20c38d79339cde17db8d395aae9a3d2cf04da7b1247f594e4e0b81
TX_DAHS_ISS_ONLY,111981,438,BLOOM COMMUNITY SERVICES,DAHS-ISSONLY,YES,NO,HARRIS,2530 GREEN OAK DR,KINGWOOD,TEXAS,77339,f9bdf6d39a118b4a4ff293674bab46416237cdfe51ad81a55f862aa7c94d1860,https://apps.hhs.texas.gov/providers/directories/dahs_issonly.xlsx,2026-09-30T13:16:18.681388+00:00,2026-09-28,ad1ca5c47dc48b820f717f7a16ab9b3d56515961ddbf112997b9c1008ba3e6b7
TX_DAHS_ISS_ONLY,110799,439,FORGOTTEN ANGELS  KINGWOOD,DAHS-ISSONLY,YES,NO,HARRIS,1210 HAMBLEN RD,KINGWOOD,TEXAS,77339,f9bdf6d39a118b4a4ff293674bab46416237cdfe51ad81a55f862aa7c94d1860,https://apps.hhs.texas.gov/providers/directories/dahs_issonly.xlsx,2026-09-30T13:16:18.681388+00:00,2026-09-28,5609ce53554ecd98fdd82778a598d9357bc4678d01dab2d640b0f2fd364b88af
TX_DAHS_ISS_ONLY,110765,440,"THE VILLAGE LEARNING CENTER, INC",DAHS-ISSONLY,YES,NO,HARRIS,3838 PLUM VALLEY DRIVE,KINGWOOD,TEXAS,77339,f9bdf6d39a118b4a4ff293674bab46416237cdfe51ad81a55f862aa7c94d1860,https://apps.hhs.texas.gov/providers/directories/dahs_issonly.xlsx,2026-09-30T13:16:18.681388+00:00,2026-09-28,4e6b22e6ef1af48dfb6302c983156a10916ee6c37cd452657fb52e9f759e96e7
TX_DAHS_ISS_ONLY,110752,441,"THE VILLAGE LEARNING CENTER, INC",DAHS-ISSONLY,YES,NO,HARRIS,3819 PLUM VALLEY DRIVE,KINGWOOD,TEXAS,77339,f9bdf6d39a118b4a4ff293674bab46416237cdfe51ad81a55f862aa7c94d1860,https://apps.hhs.texas.gov/providers/directories/dahs_issonly.xlsx,2026-09-30T13:16:18.681388+00:00,2026-09-28,35e58ad57d0493d0fed21c3713ad112b57946fdd84ba1d6410cff9a42930d2d5
TX_DAHS_ISS_ONLY,110759,442,ALL THE LITTLE THINGS COUNTRY,DAHS-ISSONLY,YES,NO,HARRIS,202 SAN JACINTO,LA PORTE,TEXAS,77571,f9bdf6d39a118b4a4ff293674bab46416237cdfe51ad81a55f862aa7c94d1860,https://apps.hhs.texas.gov/providers/directories/dahs_issonly.xlsx,2026-09-30T13:16:18.681388+00:00,2026-09-28,9cf567be4b3a86ee6f00d104235597ce071025441b0a21a935aa61b0b806aaa0
TX_DAHS_ISS_ONLY,110901,443,THERE'S NO PLACE LIKE HOME,DAHS-ISSONLY,YES,NO,HARRIS,3901 SPENCER,PASADENA,TX,77504,f9bdf6d39a118b4a4ff293674bab46416237cdfe51ad81a55f862aa7c94d1860,https://apps.hhs.texas.gov/providers/directories/dahs_issonly.xlsx,2026-09-30T13:16:18.681388+00:00,2026-09-28,06832268d1120b9589f598ed373048b1efeaa1c9a25af0bb68ffed3ceb4c2624
TX_DAHS_ISS_ONLY,111157,444,ALL ABOUT U HCS LLC,DAHS-ISSONLY,YES,NO,HARRIS,3610 OTTO RD,SPRING,TEXAS,77373,f9bdf6d39a118b4a4ff293674bab46416237cdfe51ad81a55f862aa7c94d1860,https://apps.hhs.texas.gov/providers/directories/dahs_issonly.xlsx,2026-09-30T13:16:18.681388+00:00,2026-09-28,af853d41bf6ede21bd757edc1512b7f57ef59742e96daf57fcbff5502ec8d28d
TX_DAHS_ISS_ONLY,110924,445,CAREGIVER SPRING ISS,DAHS-ISSONLY,YES,NO,HARRIS,23745 WEST HARDY,SPRING,TEXAS,77386,f9bdf6d39a118b4a4ff293674bab46416237cdfe51ad81a55f862aa7c94d1860,https://apps.hhs.texas.gov/providers/directories/dahs_issonly.xlsx,2026-09-30T13:16:18.681388+00:00,2026-09-28,445d82d44a768cc7dd6ce08c015ea334b30de445f7db0d2d597f410922352fce
TX_DAHS_ISS_ONLY,110716,446,"CRAIG MILLENNIUM ENTERPRISES, INC",DAHS-ISSONLY,YES,NO,HARRIS,2530 OLD LOUETTA LOOP STE 111,SPRING,TEXAS,77388,f9bdf6d39a118b4a4ff293674bab46416237cdfe51ad81a55f862aa7c94d1860,https://apps.hhs.texas.gov/providers/directories/dahs_issonly.xlsx,2026-09-30T13:16:18.681388+00:00,2026-09-28,a60d8a3cca1d8d86469b71e99f11f40a4a84529281cb32c628f8605ba260236f
TX_DAHS_ISS_ONLY,110769,447,HOME PLACE OF TEXAS,DAHS-ISSONLY,YES,NO,HARRIS,7135 LOUETTA ROAD SUITE O.,SPRING,TEXAS,77379,f9bdf6d39a118b4a4ff293674bab46416237cdfe51ad81a55f862aa7c94d1860,https://apps.hhs.texas.gov/providers/directories/dahs_issonly.xlsx,2026-09-30T13:16:18.681388+00:00,2026-09-28,52f7121f840399057d1b83c84dabe5c9bc293f03cab2e2d5ca3bfe253a4fdc71
TX_DAHS_ISS_ONLY,111131,448,KEVIN JOHN DIETRICH,DAHS-ISSONLY,YES,NO,HARRIS,4002 LOUETTA RD,SPRING,TX,77388,f9bdf6d39a118b4a4ff293674bab46416237cdfe51ad81a55f862aa7c94d1860,https://apps.hhs.texas.gov/providers/directories/dahs_issonly.xlsx,2026-09-30T13:16:18.681388+00:00,2026-09-28,71dd2bd4b3249d85e8c0b3d9aa649f5d39ec715b8ad29a535b9c3081fd7b373d
TX_DAHS_ISS_ONLY,111179,449,OPTIONS,DAHS-ISSONLY,YES,NO,HARRIS,20502 MARILYN LN,SPRING,TEXAS,77388,f9bdf6d39a118b4a4ff293674bab46416237cdfe51ad81a55f862aa7c94d1860,https://apps.hhs.texas.gov/providers/directories/dahs_issonly.xlsx,2026-09-30T13:16:18.681388+00:00,2026-09-28,0cdce269574afcacbb028960ade80b933ff57147287555cf7c8cddb9d4d2d2ec
TX_DAHS_ISS_ONLY,111749,450,PARAMOUNT CARE SERVICE,DAHS-ISSONLY,YES,NO,HARRIS,21002 BRIDGEVIEW CIRCLE,SPRING,TEXAS,77388,f9bdf6d39a118b4a4ff293674bab46416237cdfe51ad81a55f862aa7c94d1860,https://apps.hhs.texas.gov/providers/directories/dahs_issonly.xlsx,2026-09-30T13:16:18.681388+00:00,2026-09-28,39da8dc8b2611672188fac60c3001c8ab844fcdbcf9690787a620dd60f14a110
TX_DAHS_ISS_ONLY,110775,451,A LITTLE SOMETHING DIFFERENT,DAHS-ISSONLY,YES,NO,HARRIS,3727 GREENBRIAR DR. SUITE 100,STAFFORD,TX,77477,f9bdf6d39a118b4a4ff293674bab46416237cdfe51ad81a55f862aa7c94d1860,https://apps.hhs.texas.gov/providers/directories/dahs_issonly.xlsx,2026-09-30T13:16:18.681388+00:00,2026-09-28,54ba6e886bac38c125b6e7672e1442d1eabee09734d53be3f734e4928f7e6bbf
TX_DAHS_ISS_ONLY,112146,452,HABADAYOUT DAY HABILITATION ACTIVITY CENTER LLC,DAHS-ISSONLY,YES,NO,HARRISON,165 DEERFIELD LAKE CIRCLE,LONGVIEW,TEXAS,75605,f9bdf6d39a118b4a4ff293674bab46416237cdfe51ad81a55f862aa7c94d1860,https://apps.hhs.texas.gov/providers/directories/dahs_issonly.xlsx,2026-09-30T13:16:18.681388+00:00,2026-09-28,0af354a78666388ec78ec0fbbe7df0f37ab6bccac0dec02c60c5aed8e243d84b
TX_DAHS_ISS_ONLY,111271,453,ASPIRING ADULT DAY ACTIVITY CENTER,DAHS-ISSONLY,YES,NO,HARRISON,2302 HOLLAND ST.,MARSHALL,TX,75670,f9bdf6d39a118b4a4ff293674bab46416237cdfe51ad81a55f862aa7c94d1860,https://apps.hhs.texas.gov/providers/directories/dahs_issonly.xlsx,2026-09-30T13:16:18.681388+00:00,2026-09-28,eb49a3a007a15bf5d6158f7c7b1d749ce6c96b706d0767236d2206443e9ceb4c
TX_DAHS_ISS_ONLY,111242,454,"SOLUTIONS FINANCIAL MANAGEMENT SERVICES, LLC",DAHS-ISSONLY,YES,NO,HENDERSON,1750 ENTERPRISE STREET SUITE 102B,ATHENS,TX,75751,f9bdf6d39a118b4a4ff293674bab46416237cdfe51ad81a55f862aa7c94d1860,https://apps.hhs.texas.gov/providers/directories/dahs_issonly.xlsx,2026-09-30T13:16:18.681388+00:00,2026-09-28,1407f4a869325842eec9948b0c277863a298d2fecd28a773445d412035be48a8
TX_DAHS_ISS_ONLY,111110,455,LIFE CHOICES UNLIMITED INC,DAHS-ISSONLY,YES,NO,HIDALGO,608 S JACKSON RD,EDINBURG,TX,78539,f9bdf6d39a118b4a4ff293674bab46416237cdfe51ad81a55f862aa7c94d1860,https://apps.hhs.texas.gov/providers/directories/dahs_issonly.xlsx,2026-09-30T13:16:18.681388+00:00,2026-09-28,15f0af06cbade2a6a92e50660c713b7b59688a6e089d733cc1f09df01324f5d4
TX_DAHS_ISS_ONLY,110786,456,LIFETIME LIVING AT SUGAR RD,DAHS-ISSONLY,YES,NO,HIDALGO,3206 S SUGAR RD,EDINBURG,TEXAS,78539,f9bdf6d39a118b4a4ff293674bab46416237cdfe51ad81a55f862aa7c94d1860,https://apps.hhs.texas.gov/providers/directories/dahs_issonly.xlsx,2026-09-30T13:16:18.681388+00:00,2026-09-28,2a3d8e15d47d59d262e9b756a2d906f1d6005281680381b503f4f0615a857d10
TX_DAHS_ISS_ONLY,111450,457,ROMA HEALTH CARE LLC,DAHS-ISSONLY,YES,NO,HIDALGO,3007 W ALBERTA RD,EDINBURG,TEXAS,78539,f9bdf6d39a118b4a4ff293674bab46416237cdfe51ad81a55f862aa7c94d1860,https://apps.hhs.texas.gov/providers/directories/dahs_issonly.xlsx,2026-09-30T13:16:18.681388+00:00,2026-09-28,82199df28cfc2c8081df4ed544826381db5303c371275ffe9dcdb722109445d5
TX_DAHS_ISS_ONLY,110761,458,LIFETIME LIVING AT WARE RD,DAHS-ISSONLY,YES,NO,HIDALGO,705 N WARE RD,MCALLEN,TEXAS,78501,f9bdf6d39a118b4a4ff293674bab46416237cdfe51ad81a55f862aa7c94d1860,https://apps.hhs.texas.gov/providers/directories/dahs_issonly.xlsx,2026-09-30T13:16:18.681388+00:00,2026-09-28,2af1e5a3e2a10df77e168bed9569c7bd3eddcec5db24c1352e9190c8e6fedcb8
TX_DAHS_ISS_ONLY,112134,459,MAGIC VALLEY HOME HEALTH CARE INC,DAHS-ISSONLY,YES,NO,HIDALGO,1601 N 7TH STREET,MCALLEN,TEXAS,78501,f9bdf6d39a118b4a4ff293674bab46416237cdfe51ad81a55f862aa7c94d1860,https://apps.hhs.texas.gov/providers/directories/dahs_issonly.xlsx,2026-09-30T13:16:18.681388+00:00,2026-09-28,503b5da08108d24290be9b4423df4308fe1af5aa64617b951e1c1afc446d96d7
TX_DAHS_ISS_ONLY,110966,460,PREMIEANT ISS,DAHS-ISSONLY,YES,NO,HIDALGO,2424 BUDDY OWENS BLVD,MCALLEN,TEXAS,78504,f9bdf6d39a118b4a4ff293674bab46416237cdfe51ad81a55f862aa7c94d1860,https://apps.hhs.texas.gov/providers/directories/dahs_issonly.xlsx,2026-09-30T13:16:18.681388+00:00,2026-09-28,11789b79e514dc34b7830d077c2d37d1986c506dca98f0e4cfd831058be19bdc
TX_DAHS_ISS_ONLY,111047,461,TEXAS HCS INC,DAHS-ISSONLY,YES,NO,HIDALGO,900 E REDBUD AVE UNIT 19-A,MCALLEN,TEXAS,78504,f9bdf6d39a118b4a4ff293674bab46416237cdfe51ad81a55f862aa7c94d1860,https://apps.hhs.texas.gov/providers/directories/dahs_issonly.xlsx,2026-09-30T13:16:18.681388+00:00,2026-09-28,9f18f0625c3baabfbe9c1493907be2ac0d076452f64bc2503bf631904c2a2bfe
TX_DAHS_ISS_ONLY,111748,462,ENTRUSTED CARE LLC,DAHS-ISSONLY,YES,NO,HIDALGO,1512 E GRIFFIN PKWY STE 5,MISSION,TEXAS,78572,f9bdf6d39a118b4a4ff293674bab46416237cdfe51ad81a55f862aa7c94d1860,https://apps.hhs.texas.gov/providers/directories/dahs_issonly.xlsx,2026-09-30T13:16:18.681388+00:00,2026-09-28,8c06aa1fddc4364d67dcdde6cf826d55f96b744b77536faf4065b20da56e85c3
TX_DAHS_ISS_ONLY,111094,463,REDEEM CENTER,DAHS-ISSONLY,YES,NO,HIDALGO,929 E. GRIFFIN PARKWAY STE. B,MISSION,TX,78572,f9bdf6d39a118b4a4ff293674bab46416237cdfe51ad81a55f862aa7c94d1860,https://apps.hhs.texas.gov/providers/directories/dahs_issonly.xlsx,2026-09-30T13:16:18.681388+00:00,2026-09-28,0846488e1df5d80778eb4bb75625d0a98524f822772f08402ae5756343a896a4
TX_DAHS_ISS_ONLY,111198,464,"JCE & ASSOCIATES, LLC",DAHS-ISSONLY,YES,NO,HIDALGO,"802 E. EXPRESSWAY 83, SUITE C",PHARR,TEXAS,78577,f9bdf6d39a118b4a4ff293674bab46416237cdfe51ad81a55f862aa7c94d1860,https://apps.hhs.texas.gov/providers/directories/dahs_issonly.xlsx,2026-09-30T13:16:18.681388+00:00,2026-09-28,05698bf4e8d74fa53473da29547649e699a146af6346a5ae6aa484360cc531cf
TX_DAHS_ISS_ONLY,111295,465,"JCE & ASSOCIATES, LLC",DAHS-ISSONLY,YES,NO,HIDALGO,"802 E. EXPRESSWAY 83, SUITE C",PHARR,TEXAS,78577,f9bdf6d39a118b4a4ff293674bab46416237cdfe51ad81a55f862aa7c94d1860,https://apps.hhs.texas.gov/providers/directories/dahs_issonly.xlsx,2026-09-30T13:16:18.681388+00:00,2026-09-28,53961dd5303f995d29c5bee88125ed4c11128221f20095ea65e666088c24f25f
TX_DAHS_ISS_ONLY,111815,466,ACHIEVE ABILITY LLC,DAHS-ISSONLY,YES,NO,HIDALGO,1110 S. STEWART RD,SAN JUAN,TEXAS,78589,f9bdf6d39a118b4a4ff293674bab46416237cdfe51ad81a55f862aa7c94d1860,https://apps.hhs.texas.gov/providers/directories/dahs_issonly.xlsx,2026-09-30T13:16:18.681388+00:00,2026-09-28,a70d01aa0da87d0ac12afdd3c25bba76a7c8f79f0ce842eaf5d728668eaa0553
TX_DAHS_ISS_ONLY,111108,467,DELTA INDEPENDENT LIVING LLC,DAHS-ISSONLY,YES,NO,HIDALGO,"1125 S. JAMES ST., SUITE D",WESLACO,TX,78596,f9bdf6d39a118b4a4ff293674bab46416237cdfe51ad81a55f862aa7c94d1860,https://apps.hhs.texas.gov/providers/directories/dahs_issonly.xlsx,2026-09-30T13:16:18.681388+00:00,2026-09-28,b5e0417a3b928cdd6e7ec12abc128b5c9017697dcfa8eab60e76205ee5691ee4
TX_DAHS_ISS_ONLY,110813,468,GRANBURY DAYHAB,DAHS-ISSONLY,YES,NO,HOOD,3601 ACTON HWY SUITE 4,GRANBURY,TX,76049,f9bdf6d39a118b4a4ff293674bab46416237cdfe51ad81a55f862aa7c94d1860,https://apps.hhs.texas.gov/providers/directories/dahs_issonly.xlsx,2026-09-30T13:16:18.681388+00:00,2026-09-28,fa525ca1a7dc402287b2b41d31cf5b383aab40610b22c05d74b8eab9b02de789
TX_DAHS_ISS_ONLY,110767,469,HOWARD DAY HAB,DAHS-ISSONLY,YES,NO,HOPKINS,6851 TEXAS HIGHWAY 154,SULPHUR SPRINGS,TX,75482,f9bdf6d39a118b4a4ff293674bab46416237cdfe51ad81a55f862aa7c94d1860,https://apps.hhs.texas.gov/providers/directories/dahs_issonly.xlsx,2026-09-30T13:16:18.681388+00:00,2026-09-28,d5f1b8ee5bf23804a95a44bd9aa607d2707ca86b360d6b65e961f5027fd01c00
TX_DAHS_ISS_ONLY,111469,470,KIKI PLACE ISS COMMUNITY,DAHS-ISSONLY,YES,NO,HOPKINS,325 S DAVIS ST,SULPHUR SPRINGS,TEXAS,75482,f9bdf6d39a118b4a4ff293674bab46416237cdfe51ad81a55f862aa7c94d1860,https://apps.hhs.texas.gov/providers/directories/dahs_issonly.xlsx,2026-09-30T13:16:18.681388+00:00,2026-09-28,bbe300affb2e6a79927ce480a6c263b8052a92e09db192cd0ec48c4465a556e7
TX_DAHS_ISS_ONLY,110995,471,LAKES REGIONAL SULPHUR SPRINGS TRAINING CENTER,DAHS-ISSONLY,YES,NO,HOPKINS,655 AIRPORT RD BUILDING B,SULPHUR SPRINGS,TX,75482,f9bdf6d39a118b4a4ff293674bab46416237cdfe51ad81a55f862aa7c94d1860,https://apps.hhs.texas.gov/providers/directories/dahs_issonly.xlsx,2026-09-30T13:16:18.681388+00:00,2026-09-28,c34e84729c43b14368ec3180074f5b7025e448d633db2f6b3049293531b8f9f2
TX_DAHS_ISS_ONLY,112013,472,KENMAR RESIDENTIAL HCS SERVICES  GRAPELAND,DAHS-ISSONLY,YES,NO,HOUSTON,128 S. MAIN ST.,GRAPELAND,TEXAS,75844,f9bdf6d39a118b4a4ff293674bab46416237cdfe51ad81a55f862aa7c94d1860,https://apps.hhs.texas.gov/providers/directories/dahs_issonly.xlsx,2026-09-30T13:16:18.681388+00:00,2026-09-28,3fb7b21477d503290ba070012914f91b95965f1d549034159e78f2afe72b3348
TX_DAHS_ISS_ONLY,111146,473,HOWARD COUNTY VOTECH CENTER,DAHS-ISSONLY,YES,NO,HOWARD,501 BIRDWELL LN. SUITE #2,BIG SPRING,TEXAS,79720,f9bdf6d39a118b4a4ff293674bab46416237cdfe51ad81a55f862aa7c94d1860,https://apps.hhs.texas.gov/providers/directories/dahs_issonly.xlsx,2026-09-30T13:16:18.681388+00:00,2026-09-28,0bd8d214235835c789a92b65f93550957c3c0764a5a11fd798f445c79152a3f9
TX_DAHS_ISS_ONLY,111189,474,DAISY DAY HABILITATION LLC,DAHS-ISSONLY,YES,NO,HUNT,245 FM 1903 STE. 100,GREENVILLE,TX,75402,f9bdf6d39a118b4a4ff293674bab46416237cdfe51ad81a55f862aa7c94d1860,https://apps.hhs.texas.gov/providers/directories/dahs_issonly.xlsx,2026-09-30T13:16:18.681388+00:00,2026-09-28,76839d582b745286b0a74e9dce78c13846ac3d033ee5b0dc13f3b4f8011507b6
TX_DAHS_ISS_ONLY,111019,475,GREENVILLE DAYHAB,DAHS-ISSONLY,YES,NO,HUNT,"2824 TERRELL STREET, SUITE 502-503",GREENVILLE,TEXAS,75402,f9bdf6d39a118b4a4ff293674bab46416237cdfe51ad81a55f862aa7c94d1860,https://apps.hhs.texas.gov/providers/directories/dahs_issonly.xlsx,2026-09-30T13:16:18.681388+00:00,2026-09-28,4fbcce5c098bc2949ae5d500ea6a0a28014864f2ac05a65a4ebaa4f13d1c3810
TX_DAHS_ISS_ONLY,111165,476,LAKES REGIONAL WESLEY TRAINING CENTER,DAHS-ISSONLY,YES,NO,HUNT,4804 WESLEY ST.,GREENVILLE,TX,75401,f9bdf6d39a118b4a4ff293674bab46416237cdfe51ad81a55f862aa7c94d1860,https://apps.hhs.texas.gov/providers/directories/dahs_issonly.xlsx,2026-09-30T13:16:18.681388+00:00,2026-09-28,374637810ae2139000022a31335611dfed7ded6e3ad0a699a59ff44c1a9f9f89
TX_DAHS_ISS_ONLY,110890,477,REFLECTIONS OF FAITH DAYHAB CENTER,DAHS-ISSONLY,YES,NO,HUNT,3504 LEE,GREENVILLE,TX,75401,f9bdf6d39a118b4a4ff293674bab46416237cdfe51ad81a55f862aa7c94d1860,https://apps.hhs.texas.gov/providers/directories/dahs_issonly.xlsx,2026-09-30T13:16:18.681388+00:00,2026-09-28,106ebddf7fe8669887e924b7ae7b045d8842e8261c09ac84ff5df3fbd48a6b24
TX_DAHS_ISS_ONLY,111075,478,BORGER ASCI,DAHS-ISSONLY,YES,NO,HUTCHINSON,28 PANTEX,BORGER,TX,79007,f9bdf6d39a118b4a4ff293674bab46416237cdfe51ad81a55f862aa7c94d1860,https://apps.hhs.texas.gov/providers/directories/dahs_issonly.xlsx,2026-09-30T13:16:18.681388+00:00,2026-09-28,17daf752cbc3abe76229540766ab0a9c4590f7bae3f6dbbc660ab551a6256cf8
TX_DAHS_ISS_ONLY,111889,479,"CEAETTAS FAMILY SERVICES, LLC",DAHS-ISSONLY,YES,NO,JASPER,215 COUNTY ROAD 746,BUNA,TEXAS,77612,f9bdf6d39a118b4a4ff293674bab46416237cdfe51ad81a55f862aa7c94d1860,https://apps.hhs.texas.gov/providers/directories/dahs_issonly.xlsx,2026-09-30T13:16:18.681388+00:00,2026-09-28,94b7780d867c9f4435b1f3e367cfb5abebcfb5282b41ee0e11ccad81765dbea5
TX_DAHS_ISS_ONLY,110858,480,BEAUMONT DAYHAB,DAHS-ISSONLY,YES,NO,JEFFERSON,7650 PARK NORTH DR.,BEAUMONT,TEXAS,77708,f9bdf6d39a118b4a4ff293674bab46416237cdfe51ad81a55f862aa7c94d1860,https://apps.hhs.texas.gov/providers/directories/dahs_issonly.xlsx,2026-09-30T13:16:18.681388+00:00,2026-09-28,5ec9d86ab5fd1385549ddf19d8a499063df4f856626b742260cf31c2b6e0412d
TX_DAHS_ISS_ONLY,111462,481,JUBILEE GROUP HOME INC,DAHS-ISSONLY,YES,NO,JEFFERSON,2678 LAUREL AVENUE,BEAUMONT,TEXAS,77702,f9bdf6d39a118b4a4ff293674bab46416237cdfe51ad81a55f862aa7c94d1860,https://apps.hhs.texas.gov/providers/directories/dahs_issonly.xlsx,2026-09-30T13:16:18.681388+00:00,2026-09-28,a4ffe157131755c87b3b24abde8de1a1f6465adea9d17f2823f937655ee0b6fe
TX_DAHS_ISS_ONLY,111565,482,MGS COMMUNITY LIVING CENTERS,DAHS-ISSONLY,YES,NO,JEFFERSON,8085 EASTEX FREEWAY SUITE A,BEAUMONT,TX,77708,f9bdf6d39a118b4a4ff293674bab46416237cdfe51ad81a55f862aa7c94d1860,https://apps.hhs.texas.gov/providers/directories/dahs_issonly.xlsx,2026-09-30T13:16:18.681388+00:00,2026-09-28,7668fd30ab7e5e4b5fa5712cfc2d4b79a11ac58dff8ec55cc8dce7055970d124
TX_DAHS_ISS_ONLY,110739,483,SPINDLETOP NORTH CAMPUS,DAHS-ISSONLY,YES,NO,JEFFERSON,655 S 8TH ST,BEAUMONT,TX,77701,f9bdf6d39a118b4a4ff293674bab46416237cdfe51ad81a55f862aa7c94d1860,https://apps.hhs.texas.gov/providers/directories/dahs_issonly.xlsx,2026-09-30T13:16:18.681388+00:00,2026-09-28,345f7e2863d413cde1f79779473a218832bbf8d077b03742c296456315c706c2
TX_DAHS_ISS_ONLY,110908,484,TEXAS HCS INC,DAHS-ISSONLY,YES,NO,JEFFERSON,4353 CROW RD. SUITE B,BEAUMONT,TEXAS,77706,f9bdf6d39a118b4a4ff293674bab46416237cdfe51ad81a55f862aa7c94d1860,https://apps.hhs.texas.gov/providers/directories/dahs_issonly.xlsx,2026-09-30T13:16:18.681388+00:00,2026-09-28,a9306a05017a11b29c6eb4d3b17246f3ddb00996c16d8b9db857ec8efbb9918f
TX_DAHS_ISS_ONLY,111609,485,"UNITED HANDS ADULT DAYCARE, LLC",DAHS-ISSONLY,YES,NO,JEFFERSON,3255 EXECUTIVE BLVD SUITE 103,BEAUMONT,TEXAS,77705,f9bdf6d39a118b4a4ff293674bab46416237cdfe51ad81a55f862aa7c94d1860,https://apps.hhs.texas.gov/providers/directories/dahs_issonly.xlsx,2026-09-30T13:16:18.681388+00:00,2026-09-28,bf352fdec0d54565622b6c8657344073271191d8efae9b74daea65aed7b1fa36
TX_DAHS_ISS_ONLY,112191,486,VERITAS GRAVITAS LLC,DAHS-ISSONLY,YES,NO,JEFFERSON,730 ADAMS STREET,BEAUMONT,TX,77705,f9bdf6d39a118b4a4ff293674bab46416237cdfe51ad81a55f862aa7c94d1860,https://apps.hhs.texas.gov/providers/directories/dahs_issonly.xlsx,2026-09-30T13:16:18.681388+00:00,2026-09-28,16889cbe5906309eb4700c3a7101f6ce5ec0cbc0b3048a5d3ed1ceb0650a9dde
TX_DAHS_ISS_ONLY,110790,487,SPINDLETOP PORT ARTHUR,DAHS-ISSONLY,YES,NO,JEFFERSON,3419 57TH ST,PORT ARTHUR,TX,77642,f9bdf6d39a118b4a4ff293674bab46416237cdfe51ad81a55f862aa7c94d1860,https://apps.hhs.texas.gov/providers/directories/dahs_issonly.xlsx,2026-09-30T13:16:18.681388+00:00,2026-09-28,1711849a5c6bbb3814dfc17bf611bb95e8549d4b3c89de263031337333515e35
TX_DAHS_ISS_ONLY,111420,488,BORDER REGION MHMR COMMUNITY CENTER,DAHS-ISSONLY,YES,NO,JIM HOGG,106 E. AMADA ST.,HEBBRONVILLE,TX,78361,f9bdf6d39a118b4a4ff293674bab46416237cdfe51ad81a55f862aa7c94d1860,https://apps.hhs.texas.gov/providers/directories/dahs_issonly.xlsx,2026-09-30T13:16:18.681388+00:00,2026-09-28,6853c6116e42693f8dec9ce85b60d56eee3de91a94f4fa1e58d8db80991d1ca1
TX_DAHS_ISS_ONLY,110734,489,COASTAL PLAINS COMMUNITY MENTAL HEALTH MENTAL RETARDATION CENTER,DAHS-ISSONLY,YES,NO,JIM WELLS,614 W. FRONT STREET,ALICE,TEXAS,78332,f9bdf6d39a118b4a4ff293674bab46416237cdfe51ad81a55f862aa7c94d1860,https://apps.hhs.texas.gov/providers/directories/dahs_issonly.xlsx,2026-09-30T13:16:18.681388+00:00,2026-09-28,6917828df22a1429813c1ba454307cfece1a6446988f734b8dc945f26fb450f0
TX_DAHS_ISS_ONLY,111122,490,A MEANING OF LIFE LLC,DAHS-ISSONLY,YES,NO,JOHNSON,2505 SOUTH BURLESON BLVD,BURLESON,TX,76028,f9bdf6d39a118b4a4ff293674bab46416237cdfe51ad81a55f862aa7c94d1860,https://apps.hhs.texas.gov/providers/directories/dahs_issonly.xlsx,2026-09-30T13:16:18.681388+00:00,2026-09-28,4a6a97d30299607f20acd974a18da8d9d22cc680dc20f051b23d8ef2e3d81522
TX_DAHS_ISS_ONLY,112185,491,AZ HOME BASED CARE SOLUTIONS,DAHS-ISSONLY,YES,NO,JOHNSON,6624 GEHRIG CIR,BURLESON,TX,76028,f9bdf6d39a118b4a4ff293674bab46416237cdfe51ad81a55f862aa7c94d1860,https://apps.hhs.texas.gov/providers/directories/dahs_issonly.xlsx,2026-09-30T13:16:18.681388+00:00,2026-09-28,5c63ce172b9515d1f47ff85b60d96378219bd741ddec8fc5b73ae145f93b9ed0
TX_DAHS_ISS_ONLY,112154,492,EVERYDAY HEROES ASSEMBLE,DAHS-ISSONLY,YES,NO,JOHNSON,2505 S. BURLESON BLVD,BURLESON,TEXAS,76028,f9bdf6d39a118b4a4ff293674bab46416237cdfe51ad81a55f862aa7c94d1860,https://apps.hhs.texas.gov/providers/directories/dahs_issonly.xlsx,2026-09-30T13:16:18.681388+00:00,2026-09-28,b2a83b586c4ebfca017c13670a39a70c9ecfa32dd0ca7e45dc76ece310cf7e16
TX_DAHS_ISS_ONLY,111729,493,"PARENTS DEFEATING AUTISM TODAY ""PDAT""",DAHS-ISSONLY,YES,NO,JOHNSON,640 NW TARRANT AVE,BURLESON,TX,76028,f9bdf6d39a118b4a4ff293674bab46416237cdfe51ad81a55f862aa7c94d1860,https://apps.hhs.texas.gov/providers/directories/dahs_issonly.xlsx,2026-09-30T13:16:18.681388+00:00,2026-09-28,4ab1b16f5ad48f994e27714f88836139b428b11755e911ffea6f43e497787a37
TX_DAHS_ISS_ONLY,110851,494,ROCK HOUSE SUPPORT SERVICES,DAHS-ISSONLY,YES,NO,JOHNSON,1257 WEST KILPATRICK ST,CLEBURNE,TEXAS,76033,f9bdf6d39a118b4a4ff293674bab46416237cdfe51ad81a55f862aa7c94d1860,https://apps.hhs.texas.gov/providers/directories/dahs_issonly.xlsx,2026-09-30T13:16:18.681388+00:00,2026-09-28,bba9a78508bd5775a2a147afe5bbf2c76e2813a52eea5f4eb12c273e2b83afdf
TX_DAHS_ISS_ONLY,111026,495,"COMMUNITY LIVING CONCEPTS, INC",DAHS-ISSONLY,YES,NO,JOHNSON,113 E. WALNUT,KEENE,TEXAS,76059,f9bdf6d39a118b4a4ff293674bab46416237cdfe51ad81a55f862aa7c94d1860,https://apps.hhs.texas.gov/providers/directories/dahs_issonly.xlsx,2026-09-30T13:16:18.681388+00:00,2026-09-28,a05de0d6d628dbc5d92dbb6bb8f9d83a6dc616adbdda3ba94b0a02afb2097b7b
TX_DAHS_ISS_ONLY,112119,496,THE SOCIAL CENTER DD AND ASD,DAHS-ISSONLY,YES,NO,JOHNSON,2920 CHAMBERS ST STE124,VENUS,TEXAS,76084,f9bdf6d39a118b4a4ff293674bab46416237cdfe51ad81a55f862aa7c94d1860,https://apps.hhs.texas.gov/providers/directories/dahs_issonly.xlsx,2026-09-30T13:16:18.681388+00:00,2026-09-28,64831ff65ba144f5df3b4a9e5fd7ac047fa983cc100e55d17cd6d8ac832fb929
TX_DAHS_ISS_ONLY,112109,497,O'WINNIE LTD CO,DAHS-ISSONLY,YES,NO,KAUFMAN,1024 THORNBERRY DRIVE,CRANDALL,TEXAS,75114,f9bdf6d39a118b4a4ff293674bab46416237cdfe51ad81a55f862aa7c94d1860,https://apps.hhs.texas.gov/providers/directories/dahs_issonly.xlsx,2026-09-30T13:16:18.681388+00:00,2026-09-28,ddc7ef733b901e4a64752bc054cad45a72386dce2d4a187b1a301423c4914a73
TX_DAHS_ISS_ONLY,111991,498,AMPLIFY LIFE ADULT DAY ACTIVITIES LLC,DAHS-ISSONLY,YES,NO,KAUFMAN,2123 PECAN RIDGE DR,FORNEY,TEXAS,75126,f9bdf6d39a118b4a4ff293674bab46416237cdfe51ad81a55f862aa7c94d1860,https://apps.hhs.texas.gov/providers/directories/dahs_issonly.xlsx,2026-09-30T13:16:18.681388+00:00,2026-09-28,5177aebf018e5caec7244c0ae6ba92fff80d9f3b9026d43b838750db0e08722a
TX_DAHS_ISS_ONLY,110869,499,BEE HAPPY DAY HAB FOUNDATION,DAHS-ISSONLY,YES,NO,KAUFMAN,106 NORTH WASHINGTON ST,KAUFMAN,TEXAS,75142,f9bdf6d39a118b4a4ff293674bab46416237cdfe51ad81a55f862aa7c94d1860,https://apps.hhs.texas.gov/providers/directories/dahs_issonly.xlsx,2026-09-30T13:16:18.681388+00:00,2026-09-28,18f7318bcaed62867d579ced67e945050712f2aa8be1cd687ac864bd09a7ea31
TX_DAHS_ISS_ONLY,111272,500,"GIVENS SOME LOVE COMMUNITY AND DAY HABILITATION CENTER, LLC",DAHS-ISSONLY,YES,NO,KAUFMAN,301 S 7TH ST,MABANK,TX,75147,f9bdf6d39a118b4a4ff293674bab46416237cdfe51ad81a55f862aa7c94d1860,https://apps.hhs.texas.gov/providers/directories/dahs_issonly.xlsx,2026-09-30T13:16:18.681388+00:00,2026-09-28,87dae0105950f383498371a7b8ab217c48a4235efee73466e54a033529644d0c
TX_DAHS_ISS_ONLY,110822,501,ENVISION DAY HAB,DAHS-ISSONLY,YES,NO,KAUFMAN,819 EAST MOORE AVE,TERRELL,TX,75160,f9bdf6d39a118b4a4ff293674bab46416237cdfe51ad81a55f862aa7c94d1860,https://apps.hhs.texas.gov/providers/directories/dahs_issonly.xlsx,2026-09-30T13:16:18.681388+00:00,2026-09-28,6d08794cd041d34e95d7b2e4ee1c06696eae312c6d6c7d53623071caf4f4cf90
TX_DAHS_ISS_ONLY,111173,502,LAKES REGIONAL TERRELL TRAINING CENTER,DAHS-ISSONLY,YES,NO,KAUFMAN,901 E. STATE ST. #731,TERRELL,TX,75160,f9bdf6d39a118b4a4ff293674bab46416237cdfe51ad81a55f862aa7c94d1860,https://apps.hhs.texas.gov/providers/directories/dahs_issonly.xlsx,2026-09-30T13:16:18.681388+00:00,2026-09-28,eeccef3713ba3168659013ad47db4c413855c05fbbdb1cf0ec3539b4dafa2d71
TX_DAHS_ISS_ONLY,111381,503,"MESSIAH'S PLACE OF SPECIAL ANGELS, LLC",DAHS-ISSONLY,YES,NO,KAUFMAN,815 EAST MOORE AVE.,TERRELL,TEXAS,75160,f9bdf6d39a118b4a4ff293674bab46416237cdfe51ad81a55f862aa7c94d1860,https://apps.hhs.texas.gov/providers/directories/dahs_issonly.xlsx,2026-09-30T13:16:18.681388+00:00,2026-09-28,9681146f470cdb0dc02f8e8367565051d1ff69bfa09ffc920a59af7cdf935056
TX_DAHS_ISS_ONLY,111365,504,HELPING HANDS DAY PROGRAM,DAHS-ISSONLY,YES,NO,KENDALL,205 JAMES ST,BOERNE,TX,78006,f9bdf6d39a118b4a4ff293674bab46416237cdfe51ad81a55f862aa7c94d1860,https://apps.hhs.texas.gov/providers/directories/dahs_issonly.xlsx,2026-09-30T13:16:18.681388+00:00,2026-09-28,385936588b2acfb17c5b185d874e5e4635568f33b207107a760ae7bb51a1582c
TX_DAHS_ISS_ONLY,111823,505,"FOREVER GROWING INSTITUTE, INC",DAHS-ISSONLY,YES,NO,KERR,1404 SIDNEY BAKER ST.,KERRVILLE,TEXAS,78028,f9bdf6d39a118b4a4ff293674bab46416237cdfe51ad81a55f862aa7c94d1860,https://apps.hhs.texas.gov/providers/directories/dahs_issonly.xlsx,2026-09-30T13:16:18.681388+00:00,2026-09-28,053a89cb0765a7d125a0c5189ed4f952419e7735c01b582218fbf62403c925af
TX_DAHS_ISS_ONLY,111514,506,"HC SIGNS OF HOPE, INC",DAHS-ISSONLY,YES,NO,KERR,1322 HARPER RD.,KERRVILLE,TX,78028,f9bdf6d39a118b4a4ff293674bab46416237cdfe51ad81a55f862aa7c94d1860,https://apps.hhs.texas.gov/providers/directories/dahs_issonly.xlsx,2026-09-30T13:16:18.681388+00:00,2026-09-28,a77640536fc5468e442ce2ef8c7cc38167c3c612e6801d77aece1904cd31c04c
TX_DAHS_ISS_ONLY,110737,507,COASTAL PLAINS COMMUNITY MENTAL HEALTH MENTAL RETARDATION CENTER,DAHS-ISSONLY,YES,NO,KLEBERG,1621 E. CORRAL AVE,KINGSVILLE,TEXAS,78363,f9bdf6d39a118b4a4ff293674bab46416237cdfe51ad81a55f862aa7c94d1860,https://apps.hhs.texas.gov/providers/directories/dahs_issonly.xlsx,2026-09-30T13:16:18.681388+00:00,2026-09-28,59c00ae88d745c6d035b726b4db5cf3cc601d1c7b78c7f6508e73af0ad3e36bf
TX_DAHS_ISS_ONLY,110885,508,PARIS DAY HABILITATION,DAHS-ISSONLY,YES,NO,LAMAR,2101 NORTH MAIN STREET,PARIS,TX,75460,f9bdf6d39a118b4a4ff293674bab46416237cdfe51ad81a55f862aa7c94d1860,https://apps.hhs.texas.gov/providers/directories/dahs_issonly.xlsx,2026-09-30T13:16:18.681388+00:00,2026-09-28,47e456f9f0d3953ca789c9d8c79add5be72313e37d7dcfb765b21bd96d4b3c16
TX_DAHS_ISS_ONLY,110970,509,PARIS TRAINING CENTER,DAHS-ISSONLY,YES,NO,LAMAR,2995 LAMAR AVE,PARIS,TX,75460,f9bdf6d39a118b4a4ff293674bab46416237cdfe51ad81a55f862aa7c94d1860,https://apps.hhs.texas.gov/providers/directories/dahs_issonly.xlsx,2026-09-30T13:16:18.681388+00:00,2026-09-28,1a26dab524ad40a389c5f61ae81d05a32e929a488c6c078d8e5190a03a9c3631
TX_DAHS_ISS_ONLY,111065,510,TRICOUNTY BEHAVIORAL HEALTHCARE CLEVELAND ISS,DAHS-ISSONLY,YES,NO,LIBERTY,402 LIBERTY ST.,CLEVELAND,TEXAS,77327,f9bdf6d39a118b4a4ff293674bab46416237cdfe51ad81a55f862aa7c94d1860,https://apps.hhs.texas.gov/providers/directories/dahs_issonly.xlsx,2026-09-30T13:16:18.681388+00:00,2026-09-28,4dda1e53b19c107f2205fc1b9a1a9c0d9f505118ad49c915828da1b749f8b4c0
TX_DAHS_ISS_ONLY,111035,511,TRICOUNTY BEHAVIORAL HEALTHCARE LIBERTY ISS,DAHS-ISSONLY,YES,NO,LIBERTY,2000 PANTHER LANE,LIBERTY,TEXAS,77575,f9bdf6d39a118b4a4ff293674bab46416237cdfe51ad81a55f862aa7c94d1860,https://apps.hhs.texas.gov/providers/directories/dahs_issonly.xlsx,2026-09-30T13:16:18.681388+00:00,2026-09-28,2bc450b535295085e44895edb5ef097f32e0e1cd307a652086ad314fcac50642
TX_DAHS_ISS_ONLY,111104,512,CENTEX ASSOCIATION FOR RETARDED CHILDREN,DAHS-ISSONLY,YES,NO,LIMESTONE,104 E. MAIN ST.,MEXIA,TEXAS,76667,f9bdf6d39a118b4a4ff293674bab46416237cdfe51ad81a55f862aa7c94d1860,https://apps.hhs.texas.gov/providers/directories/dahs_issonly.xlsx,2026-09-30T13:16:18.681388+00:00,2026-09-28,1f2329234a08cd02b7e72bdd1595c25085cbedb50432331510f849743e0c46da
TX_DAHS_ISS_ONLY,111778,513,"FOREVER GROWING INSTITUTE, INC",DAHS-ISSONLY,YES,NO,LLANO,206 E MAIN,LLANO,TEXAS,78643,f9bdf6d39a118b4a4ff293674bab46416237cdfe51ad81a55f862aa7c94d1860,https://apps.hhs.texas.gov/providers/directories/dahs_issonly.xlsx,2026-09-30T13:16:18.681388+00:00,2026-09-28,855b93dfbb6f255f5b8114154062c81a50f529382759e1c23c3f4ae7e5c88133
TX_DAHS_ISS_ONLY,111004,514,CALAB ACTIVITY CENTER LUBBOCK CACL,DAHS-ISSONLY,YES,NO,LUBBOCK,5313 50TH STREET,LUBBOCK,TEXAS,79414,f9bdf6d39a118b4a4ff293674bab46416237cdfe51ad81a55f862aa7c94d1860,https://apps.hhs.texas.gov/providers/directories/dahs_issonly.xlsx,2026-09-30T13:16:18.681388+00:00,2026-09-28,94f1eb4d63fd4bc5e724265604b9efc82467d9f5e14853033bce06f67cb8897f
TX_DAHS_ISS_ONLY,111638,515,COMMUNITY OPTIONS INC,DAHS-ISSONLY,YES,NO,LUBBOCK,5901 63RD SUITE DE,LUBBOCK,TEXAS,79424,f9bdf6d39a118b4a4ff293674bab46416237cdfe51ad81a55f862aa7c94d1860,https://apps.hhs.texas.gov/providers/directories/dahs_issonly.xlsx,2026-09-30T13:16:18.681388+00:00,2026-09-28,ac94117706fbf2c85f401b87b0642b302b1fbbdf4fd65f5a8d751c12086507ba
TX_DAHS_ISS_ONLY,111706,516,CROWNING POINT DAY ACTIVITY CENTER,DAHS-ISSONLY,YES,NO,LUBBOCK,4801 FRANKFORD AVE. UNIT C,LUBBOCK,TEXAS,79424,f9bdf6d39a118b4a4ff293674bab46416237cdfe51ad81a55f862aa7c94d1860,https://apps.hhs.texas.gov/providers/directories/dahs_issonly.xlsx,2026-09-30T13:16:18.681388+00:00,2026-09-28,b98a534ea363a47c318a3f305df7a8a411c18e8928342de38f2045338553ebd8
TX_DAHS_ISS_ONLY,111829,517,CROWNING POINT DAY ACTIVITY CENTER LLC,DAHS-ISSONLY,YES,NO,LUBBOCK,2807 42ND ST. SUITE 100,LUBBOCK,TEXAS,79413,f9bdf6d39a118b4a4ff293674bab46416237cdfe51ad81a55f862aa7c94d1860,https://apps.hhs.texas.gov/providers/directories/dahs_issonly.xlsx,2026-09-30T13:16:18.681388+00:00,2026-09-28,92aa7b6464ca4f498310482a4e07603426935aec4a7d6fb421b137788118ae7d
TX_DAHS_ISS_ONLY,111063,518,DONTES DAY GUARDIANS LLC,DAHS-ISSONLY,YES,NO,LUBBOCK,3601 34TH STREET,LUBBOCK,TX,79410,f9bdf6d39a118b4a4ff293674bab46416237cdfe51ad81a55f862aa7c94d1860,https://apps.hhs.texas.gov/providers/directories/dahs_issonly.xlsx,2026-09-30T13:16:18.681388+00:00,2026-09-28,923359f6f002469c035d76a0acd889c2bc2488f59e85c5b2872ef9fee5123aca
TX_DAHS_ISS_ONLY,111130,519,"HIGH POINT VILLAGE, INC",DAHS-ISSONLY,YES,NO,LUBBOCK,6223 CR 6300,LUBBOCK,TX,79416,f9bdf6d39a118b4a4ff293674bab46416237cdfe51ad81a55f862aa7c94d1860,https://apps.hhs.texas.gov/providers/directories/dahs_issonly.xlsx,2026-09-30T13:16:18.681388+00:00,2026-09-28,16cdcd173bd277f421242d5a125e70fb8c0ba19fca66879d463551535c55bc7c
TX_DAHS_ISS_ONLY,112065,520,J&M COMMUNITY SERVICES LLC,DAHS-ISSONLY,YES,NO,LUBBOCK,2402 52ND ST SUITE 12,LUBBOCK,TX,79412,f9bdf6d39a118b4a4ff293674bab46416237cdfe51ad81a55f862aa7c94d1860,https://apps.hhs.texas.gov/providers/directories/dahs_issonly.xlsx,2026-09-30T13:16:18.681388+00:00,2026-09-28,ec7fee79505050191192e32bfb971bce19fdc896b278ce424b53bdeae3558105
TX_DAHS_ISS_ONLY,111074,521,LUBBOCK DAY HAB,DAHS-ISSONLY,YES,NO,LUBBOCK,504 CR 7300,LUBBOCK,TEXAS,79404,f9bdf6d39a118b4a4ff293674bab46416237cdfe51ad81a55f862aa7c94d1860,https://apps.hhs.texas.gov/providers/directories/dahs_issonly.xlsx,2026-09-30T13:16:18.681388+00:00,2026-09-28,c98072b5c467194f37d13aaac773a8f2e89e887bc7cbe3851823d5ea20364291
TX_DAHS_ISS_ONLY,111530,522,LUBBOCK ONSITE ISS,DAHS-ISSONLY,YES,NO,LUBBOCK,"519 GILBERT DRIVE, BUILDING 1111",LUBBOCK,TEXAS,79416,f9bdf6d39a118b4a4ff293674bab46416237cdfe51ad81a55f862aa7c94d1860,https://apps.hhs.texas.gov/providers/directories/dahs_issonly.xlsx,2026-09-30T13:16:18.681388+00:00,2026-09-28,74e28786e3793aa84e4c1cf850ff7ce4fae283edd9465feafdec3c487b94b94f
TX_DAHS_ISS_ONLY,110922,523,MARIAN MOSS ENTERPRISES,DAHS-ISSONLY,YES,NO,LUBBOCK,4001 MLK BLVD,LUBBOCK,TX,79404,f9bdf6d39a118b4a4ff293674bab46416237cdfe51ad81a55f862aa7c94d1860,https://apps.hhs.texas.gov/providers/directories/dahs_issonly.xlsx,2026-09-30T13:16:18.681388+00:00,2026-09-28,e82f7340ac364568723ac4609976de8f79b82f32e880c8777e1b68e249246593
TX_DAHS_ISS_ONLY,110895,524,"ROCK HOUSE SUPPORT SERVICES, INC",DAHS-ISSONLY,YES,NO,LUBBOCK,4315 IRONTON AVE,LUBBOCK,TEXAS,79407,f9bdf6d39a118b4a4ff293674bab46416237cdfe51ad81a55f862aa7c94d1860,https://apps.hhs.texas.gov/providers/directories/dahs_issonly.xlsx,2026-09-30T13:16:18.681388+00:00,2026-09-28,6bcc5739812c2378d98ca1d9c4d63fca4e1a37db3c38a483d8057392d18bc569
TX_DAHS_ISS_ONLY,111291,525,LIFE CHOICES CENTER MADISONVILLE COUNTY,DAHS-ISSONLY,YES,NO,MADISON,3438 HIGHWAY 21 EAST,MADISONVILLE,TEXAS,77864,f9bdf6d39a118b4a4ff293674bab46416237cdfe51ad81a55f862aa7c94d1860,https://apps.hhs.texas.gov/providers/directories/dahs_issonly.xlsx,2026-09-30T13:16:18.681388+00:00,2026-09-28,88a60cc3a00acfc01244dacc0eed01a9a9b23b029afa91d282409ddca326a2c9
TX_DAHS_ISS_ONLY,111600,526,"THE LAKE O THE PINES DREAM CENTER, INC",DAHS-ISSONLY,YES,NO,MARION,249 AVINGER CUTOFF ROAD,AVINGER,TEXAS,75630,f9bdf6d39a118b4a4ff293674bab46416237cdfe51ad81a55f862aa7c94d1860,https://apps.hhs.texas.gov/providers/directories/dahs_issonly.xlsx,2026-09-30T13:16:18.681388+00:00,2026-09-28,434635947c933e8e321936c60e5fd218d48b02d0a2f3033854c7cc7c7a272399
TX_DAHS_ISS_ONLY,110821,527,JOHN A THOMPSON DBA ABILITY BEYOND DISABILITY,DAHS-ISSONLY,YES,NO,MATAGORDA,3636 AVENUE F,BAY CITY,TEXAS,77414,f9bdf6d39a118b4a4ff293674bab46416237cdfe51ad81a55f862aa7c94d1860,https://apps.hhs.texas.gov/providers/directories/dahs_issonly.xlsx,2026-09-30T13:16:18.681388+00:00,2026-09-28,19ca88b08615bc38bcdfa9c89521e9855e7be5070861a3628c80caa8836ef2f9
TX_DAHS_ISS_ONLY,111216,528,LAURA HICELA VALDEZ,DAHS-ISSONLY,YES,NO,MATAGORDA,2800 4TH STREET,BAY CITY,TEXAS,77414,f9bdf6d39a118b4a4ff293674bab46416237cdfe51ad81a55f862aa7c94d1860,https://apps.hhs.texas.gov/providers/directories/dahs_issonly.xlsx,2026-09-30T13:16:18.681388+00:00,2026-09-28,8e2a458e23d1b15a5b20a82bbebf3c98bb97ac101bff9b2289a7cf2784242e42
TX_DAHS_ISS_ONLY,111140,529,CAMINO REAL COMMUNITY MHMR CENTER,DAHS-ISSONLY,YES,NO,MAVERICK,757 RIO GRANDE STREET,EAGLE PASS,TEXAS,78852,f9bdf6d39a118b4a4ff293674bab46416237cdfe51ad81a55f862aa7c94d1860,https://apps.hhs.texas.gov/providers/directories/dahs_issonly.xlsx,2026-09-30T13:16:18.681388+00:00,2026-09-28,54bde890fcd3557b5d56b207d28b0b1ea3faefb327baf8f77162bc014368e7be
TX_DAHS_ISS_ONLY,110789,530,CENTRAL TEXAS MHMR CENTER DBA BRADY WORKSHOP,DAHS-ISSONLY,YES,NO,MCCULLOCH,"201 S, BRIDGE STREET",BRADY,TEXAS,76825,f9bdf6d39a118b4a4ff293674bab46416237cdfe51ad81a55f862aa7c94d1860,https://apps.hhs.texas.gov/providers/directories/dahs_issonly.xlsx,2026-09-30T13:16:18.681388+00:00,2026-09-28,077ea662b328a7fa0e08b298c38abf1f99fde1a5e39c4b4f08fb2b89c4d4e6a9
TX_DAHS_ISS_ONLY,111210,531,HELPING HANDS THERAPY CENTER,DAHS-ISSONLY,YES,NO,MCLENNAN,105 TAMPICO DR,HEWITT,TX,76643,f9bdf6d39a118b4a4ff293674bab46416237cdfe51ad81a55f862aa7c94d1860,https://apps.hhs.texas.gov/providers/directories/dahs_issonly.xlsx,2026-09-30T13:16:18.681388+00:00,2026-09-28,54724b6a77136b22ec8c4ea85b334188e5c7f1c70e14f480f8f1554fe0cf6b19
TX_DAHS_ISS_ONLY,110875,532,"GENESIS DISABILITY CARE PROVIDER, INC",DAHS-ISSONLY,YES,NO,MCLENNAN,6328 GHOLSON RD,WACO,TEXAS,76705,f9bdf6d39a118b4a4ff293674bab46416237cdfe51ad81a55f862aa7c94d1860,https://apps.hhs.texas.gov/providers/directories/dahs_issonly.xlsx,2026-09-30T13:16:18.681388+00:00,2026-09-28,1cc32b1acb4edbbae9bf956e5bce37b3eca504fca48d550ea408563890595160
TX_DAHS_ISS_ONLY,111187,533,"IVYREIGN SUPPORT SERVICES, INC",DAHS-ISSONLY,YES,NO,MCLENNAN,1905 WASHINGTON AVE,WACO,TEXAS,76701,f9bdf6d39a118b4a4ff293674bab46416237cdfe51ad81a55f862aa7c94d1860,https://apps.hhs.texas.gov/providers/directories/dahs_issonly.xlsx,2026-09-30T13:16:18.681388+00:00,2026-09-28,122dec8e03eacfe1abc481ad9addb60b5c8534201d98277207cef281ae6a5d48
TX_DAHS_ISS_ONLY,111230,534,THE ARC OF MCLENNAN COUNTY,DAHS-ISSONLY,YES,NO,MCLENNAN,4901 LAKEWOOD DRIVE,WACO,TEXAS,76710,f9bdf6d39a118b4a4ff293674bab46416237cdfe51ad81a55f862aa7c94d1860,https://apps.hhs.texas.gov/providers/directories/dahs_issonly.xlsx,2026-09-30T13:16:18.681388+00:00,2026-09-28,2cc5d7d60f3932e94c14c360e9f510efa9cd04537d20ffc74d117381e1f4c1fc
TX_DAHS_ISS_ONLY,111169,535,WE CAN TOO,DAHS-ISSONLY,YES,NO,MCLENNAN,4800 W WACO DR SUITE 232,WACO,TX,76710,f9bdf6d39a118b4a4ff293674bab46416237cdfe51ad81a55f862aa7c94d1860,https://apps.hhs.texas.gov/providers/directories/dahs_issonly.xlsx,2026-09-30T13:16:18.681388+00:00,2026-09-28,ba5e200192ab8b42dacac076c4eb9e54039823d5e36eb155f483d0c5811e22d6
TX_DAHS_ISS_ONLY,111148,536,WE CAN TOO,DAHS-ISSONLY,YES,NO,MCLENNAN,112 S. 35TH STREET,WACO,TX,76710,f9bdf6d39a118b4a4ff293674bab46416237cdfe51ad81a55f862aa7c94d1860,https://apps.hhs.texas.gov/providers/directories/dahs_issonly.xlsx,2026-09-30T13:16:18.681388+00:00,2026-09-28,0b597580d9239e48a2a3ae76a3b60c775651d062d0e668880eb506b75f02b38a
TX_DAHS_ISS_ONLY,112084,537,CJA’S PLACE,DAHS-ISSONLY,YES,NO,MEDINA,2439 HWY 90 W SUITE 103,CASTROVILLE,TEXAS,78009,f9bdf6d39a118b4a4ff293674bab46416237cdfe51ad81a55f862aa7c94d1860,https://apps.hhs.texas.gov/providers/directories/dahs_issonly.xlsx,2026-09-30T13:16:18.681388+00:00,2026-09-28,77a986101b91123ae100aa067d7fc732bf202d54fdfaab58332e071607ade60d
TX_DAHS_ISS_ONLY,111822,538,"FOREVER GROWING INSTITUTE, INC",DAHS-ISSONLY,YES,NO,MEDINA,198 COUNTY RD 6702,DEVINE,TEXAS,78016,f9bdf6d39a118b4a4ff293674bab46416237cdfe51ad81a55f862aa7c94d1860,https://apps.hhs.texas.gov/providers/directories/dahs_issonly.xlsx,2026-09-30T13:16:18.681388+00:00,2026-09-28,d76cf18e2e599b87bf9e4f43922dae0467be9063477b5c1e860a576c2a84b9c1
TX_DAHS_ISS_ONLY,112130,539,MAYSTAR CARE & RESPITE SERVICES LLC,DAHS-ISSONLY,YES,NO,MEDINA,139 EMPRESS BRILLIANT,SAN ANTONIO,TEXAS,78253,f9bdf6d39a118b4a4ff293674bab46416237cdfe51ad81a55f862aa7c94d1860,https://apps.hhs.texas.gov/providers/directories/dahs_issonly.xlsx,2026-09-30T13:16:18.681388+00:00,2026-09-28,f3b4ee05465f1923c91c57747059dd7f58bb2273bc914899ddcb5ce160cf49e6
TX_DAHS_ISS_ONLY,110763,540,HELEN GREATHOUSE DAY USE CENTER,DAHS-ISSONLY,YES,NO,MIDLAND,2701 N A STREET,MIDLAND,TEXAS,79701,f9bdf6d39a118b4a4ff293674bab46416237cdfe51ad81a55f862aa7c94d1860,https://apps.hhs.texas.gov/providers/directories/dahs_issonly.xlsx,2026-09-30T13:16:18.681388+00:00,2026-09-28,f728f5539c7f275449706af37f388326ec469ef8113edfd198fc957afeaf8ea3
TX_DAHS_ISS_ONLY,111915,541,MISSION CENTER ADULT DAY SERVICE,DAHS-ISSONLY,YES,NO,MIDLAND,"3300 N. A STREET, BLDG. 4-100",MIDLAND,TEXAS,79705,f9bdf6d39a118b4a4ff293674bab46416237cdfe51ad81a55f862aa7c94d1860,https://apps.hhs.texas.gov/providers/directories/dahs_issonly.xlsx,2026-09-30T13:16:18.681388+00:00,2026-09-28,0faa6b91715f2469b392169621d956f8601f4d7f64bf50bda2fdeec259b36ddf
TX_DAHS_ISS_ONLY,111213,542,"PANZY AND EDDIE JAMES, SR DAY USE CENTER",DAHS-ISSONLY,YES,NO,MIDLAND,2701 N. A STREET BUILDING 2,MIDLAND,TEXAS,79705,f9bdf6d39a118b4a4ff293674bab46416237cdfe51ad81a55f862aa7c94d1860,https://apps.hhs.texas.gov/providers/directories/dahs_issonly.xlsx,2026-09-30T13:16:18.681388+00:00,2026-09-28,28b6b585f16e1138a7081e987d09bf5078b6e4ba34c64a31dfd698c150ae5c02
TX_DAHS_ISS_ONLY,111188,543,PERMIAN BASIN COMMUNITY CENTERS FOR MHMR,DAHS-ISSONLY,YES,NO,MIDLAND,1403 E. FRONT,MIDLAND,TX,79701,f9bdf6d39a118b4a4ff293674bab46416237cdfe51ad81a55f862aa7c94d1860,https://apps.hhs.texas.gov/providers/directories/dahs_issonly.xlsx,2026-09-30T13:16:18.681388+00:00,2026-09-28,88ffca5efa8fa6553331b034d35e2438fda4f736852ddb77532a9e40abcbef60
TX_DAHS_ISS_ONLY,110896,544,ROCK HOUSE SUPPORT SERVICES,DAHS-ISSONLY,YES,NO,MIDLAND,211 EAST TEXAS AVE,MIDLAND,TEXAS,79701,f9bdf6d39a118b4a4ff293674bab46416237cdfe51ad81a55f862aa7c94d1860,https://apps.hhs.texas.gov/providers/directories/dahs_issonly.xlsx,2026-09-30T13:16:18.681388+00:00,2026-09-28,5d82e4f98b48eaa6decf5eee6be4c6c656d451009becb22d4f711b7ebfc16f3f
TX_DAHS_ISS_ONLY,111918,545,"ABIDING CHOICE, INC",DAHS-ISSONLY,YES,NO,MILAM,1705 PECOS,ROCKDALE,TEXAS,76567,f9bdf6d39a118b4a4ff293674bab46416237cdfe51ad81a55f862aa7c94d1860,https://apps.hhs.texas.gov/providers/directories/dahs_issonly.xlsx,2026-09-30T13:16:18.681388+00:00,2026-09-28,b7dd63fbfbeafc9a40022021e49c8ba9829a88ae5071e11991bcb2dd153e7f4c
TX_DAHS_ISS_ONLY,110897,546,EVERGREEN LIFE SERVICES OF BOWIE,DAHS-ISSONLY,YES,NO,MONTAGUE,100 WEST WISCHITA,BOWIE,TX,76230,f9bdf6d39a118b4a4ff293674bab46416237cdfe51ad81a55f862aa7c94d1860,https://apps.hhs.texas.gov/providers/directories/dahs_issonly.xlsx,2026-09-30T13:16:18.681388+00:00,2026-09-28,3e962eeb24062ef5b43d1c34a95c74516d36b870ff07c4deced805f0173136e1
TX_DAHS_ISS_ONLY,111129,547,"BRIDGEWOOD FARMS, INC",DAHS-ISSONLY,YES,NO,MONTGOMERY,11680 ROSE ROAD,CONROE,TEXAS,77303,f9bdf6d39a118b4a4ff293674bab46416237cdfe51ad81a55f862aa7c94d1860,https://apps.hhs.texas.gov/providers/directories/dahs_issonly.xlsx,2026-09-30T13:16:18.681388+00:00,2026-09-28,44a541af2996e6031e140157d794e7d1044c19640518f8604183f7fb1498204c
TX_DAHS_ISS_ONLY,110795,548,CAREGIVER CONROE ISS,DAHS-ISSONLY,YES,NO,MONTGOMERY,"13627 POPLAR CIRCLE, STE 104",CONROE,TEXAS,77304,f9bdf6d39a118b4a4ff293674bab46416237cdfe51ad81a55f862aa7c94d1860,https://apps.hhs.texas.gov/providers/directories/dahs_issonly.xlsx,2026-09-30T13:16:18.681388+00:00,2026-09-28,568f453e3b2d9ebec4ed92ffe436d30b4e86c81fbc8d7d398ecc7db7c81c9ab0
TX_DAHS_ISS_ONLY,110926,549,HUMAN SERVICES CENTER,DAHS-ISSONLY,YES,NO,MONTGOMERY,2015A N. FRAZIER,CONROE,TEXAS,77301,f9bdf6d39a118b4a4ff293674bab46416237cdfe51ad81a55f862aa7c94d1860,https://apps.hhs.texas.gov/providers/directories/dahs_issonly.xlsx,2026-09-30T13:16:18.681388+00:00,2026-09-28,698e45c3f597a0c83045ad5d9557e2cebbf1aede5d8f86af1c4a1590e4cd9cbe
TX_DAHS_ISS_ONLY,111153,550,PROJECT BEACON,DAHS-ISSONLY,YES,NO,MONTGOMERY,27316 SPECTRUM WAY,CONROE,TEXAS,77385,f9bdf6d39a118b4a4ff293674bab46416237cdfe51ad81a55f862aa7c94d1860,https://apps.hhs.texas.gov/providers/directories/dahs_issonly.xlsx,2026-09-30T13:16:18.681388+00:00,2026-09-28,8709a5155ab818392af0da8baa293622effc9c4c574f1058f00683937f5a4229
TX_DAHS_ISS_ONLY,111132,551,"NEW CANEY NEW HORIZONS, INC",DAHS-ISSONLY,YES,NO,MONTGOMERY,18642 US HWY 59,NEW CANEY,TX,77357,f9bdf6d39a118b4a4ff293674bab46416237cdfe51ad81a55f862aa7c94d1860,https://apps.hhs.texas.gov/providers/directories/dahs_issonly.xlsx,2026-09-30T13:16:18.681388+00:00,2026-09-28,24fa2a95ded0d3801e0abf628b85297e33e3de612d8e5f0ff31ed8ca23081509
TX_DAHS_ISS_ONLY,110941,552,SPECIAL ANGELS OF THE WOODLANDS,DAHS-ISSONLY,YES,NO,MONTGOMERY,314A PRUITT RD.,SPRING,TX,77380,f9bdf6d39a118b4a4ff293674bab46416237cdfe51ad81a55f862aa7c94d1860,https://apps.hhs.texas.gov/providers/directories/dahs_issonly.xlsx,2026-09-30T13:16:18.681388+00:00,2026-09-28,8b769b4530974af41fae552f1f79f1720b2221f1e90581925cba821d44712f23
TX_DAHS_ISS_ONLY,111443,553,TEAM ABILITIES,DAHS-ISSONLY,YES,NO,MONTGOMERY,611 WESTRIDGE DRIVE,SPRING,TX,77380,f9bdf6d39a118b4a4ff293674bab46416237cdfe51ad81a55f862aa7c94d1860,https://apps.hhs.texas.gov/providers/directories/dahs_issonly.xlsx,2026-09-30T13:16:18.681388+00:00,2026-09-28,d360becd1efa024cc1a20374021a598b7dc83b0f15f96316ed661bad1854780d
TX_DAHS_ISS_ONLY,111111,554,YOUNG MENS CHRISTIAN ASSOCIATION OF GREATER HOUSTON AREA,DAHS-ISSONLY,YES,NO,MONTGOMERY,8100 ASHLANE WAY,THE WOODLANDS,TX,77382,f9bdf6d39a118b4a4ff293674bab46416237cdfe51ad81a55f862aa7c94d1860,https://apps.hhs.texas.gov/providers/directories/dahs_issonly.xlsx,2026-09-30T13:16:18.681388+00:00,2026-09-28,4a8d05277c082e62afe79812f08c336798b6c73b0fabfa61004cc0c9c655fda2
TX_DAHS_ISS_ONLY,112012,555,INCLUSIVE HORIZONS,DAHS-ISSONLY,YES,NO,MONTGOMERY,1012 NORTH DANVILLE ST.,WILLIS,TX,77378,f9bdf6d39a118b4a4ff293674bab46416237cdfe51ad81a55f862aa7c94d1860,https://apps.hhs.texas.gov/providers/directories/dahs_issonly.xlsx,2026-09-30T13:16:18.681388+00:00,2026-09-28,93a2ee9f325232ffc707b6c77d395d7557defbad0a04019acf4da2db3e7b815f
TX_DAHS_ISS_ONLY,112141,556,KALLIOPE'S RANCH CORPORATION,DAHS-ISSONLY,YES,NO,MONTGOMERY,504 N. THOMASON ST.,WILLIS,TX,77378,f9bdf6d39a118b4a4ff293674bab46416237cdfe51ad81a55f862aa7c94d1860,https://apps.hhs.texas.gov/providers/directories/dahs_issonly.xlsx,2026-09-30T13:16:18.681388+00:00,2026-09-28,3ad370c603058809feb9be92e79820d8517e1125afd66cb773dae76da0b5fd13
TX_DAHS_ISS_ONLY,111144,557,NEW DANVILLE,DAHS-ISSONLY,YES,NO,MONTGOMERY,10951 SHEPARD HILL ROAD,WILLIS,TX,77318,f9bdf6d39a118b4a4ff293674bab46416237cdfe51ad81a55f862aa7c94d1860,https://apps.hhs.texas.gov/providers/directories/dahs_issonly.xlsx,2026-09-30T13:16:18.681388+00:00,2026-09-28,9d5bea775994713d4bcbf2986fe39c19632436010cc65e99838d4454762c9ca8
TX_DAHS_ISS_ONLY,111116,558,DUMAS ASCI,DAHS-ISSONLY,YES,NO,MOORE,310 E. 1ST #200,DUMAS,TX,79029,f9bdf6d39a118b4a4ff293674bab46416237cdfe51ad81a55f862aa7c94d1860,https://apps.hhs.texas.gov/providers/directories/dahs_issonly.xlsx,2026-09-30T13:16:18.681388+00:00,2026-09-28,f248d240524d57c9fced98ac9d949adb681f111f485dc25935c97292213a8ffb
TX_DAHS_ISS_ONLY,111078,559,BURKE CENTER,DAHS-ISSONLY,YES,NO,NACOGDOCHES,1718 S. UNIVERSITY DR.,NACOGDOCHES,TEXAS,75961,f9bdf6d39a118b4a4ff293674bab46416237cdfe51ad81a55f862aa7c94d1860,https://apps.hhs.texas.gov/providers/directories/dahs_issonly.xlsx,2026-09-30T13:16:18.681388+00:00,2026-09-28,16b307ddcb72389339360baa5f6f9d5893f6c96a0fed7020830e9c46d3384309
TX_DAHS_ISS_ONLY,111101,560,A&A ADVANTAGE CARE LLC,DAHS-ISSONLY,YES,NO,NAVARRO,800 N MAIN SUITE C107,CORSICANA,TX,75110,f9bdf6d39a118b4a4ff293674bab46416237cdfe51ad81a55f862aa7c94d1860,https://apps.hhs.texas.gov/providers/directories/dahs_issonly.xlsx,2026-09-30T13:16:18.681388+00:00,2026-09-28,ee895fc740062fd6fad4eb052efef73cfe46b6197e3dfa0119f087482747ef69
TX_DAHS_ISS_ONLY,111082,561,CORSICANA DAYHAB I,DAHS-ISSONLY,YES,NO,NAVARRO,916 N MAIN STREET,CORSICANA,TEXAS,75110,f9bdf6d39a118b4a4ff293674bab46416237cdfe51ad81a55f862aa7c94d1860,https://apps.hhs.texas.gov/providers/directories/dahs_issonly.xlsx,2026-09-30T13:16:18.681388+00:00,2026-09-28,3da056298a1144a4dc25d94231fafd870a131ad4de9b0ac183a16da2edcdd7cd
TX_DAHS_ISS_ONLY,111171,562,CORSICANA DAYHAB II,DAHS-ISSONLY,YES,NO,NAVARRO,2011 SE COUNTY ROAD 70,CORSICANA,TEXAS,75109,f9bdf6d39a118b4a4ff293674bab46416237cdfe51ad81a55f862aa7c94d1860,https://apps.hhs.texas.gov/providers/directories/dahs_issonly.xlsx,2026-09-30T13:16:18.681388+00:00,2026-09-28,5878aff5aa87349ef7d2cd82e342aa9ae179e8e558019028e9f344cad6a5e8e8
TX_DAHS_ISS_ONLY,110904,563,EDUCARE COMMUNITY LIVING CORPORATION  TEXAS,DAHS-ISSONLY,YES,NO,NAVARRO,4517 WEST HIGHWAY 31,CORSICANA,TEXAS,75110,f9bdf6d39a118b4a4ff293674bab46416237cdfe51ad81a55f862aa7c94d1860,https://apps.hhs.texas.gov/providers/directories/dahs_issonly.xlsx,2026-09-30T13:16:18.681388+00:00,2026-09-28,860e93975f0674aa14fc8970776c6d31d9cf8b03eaa9cf7fb5e228556b0e6066
TX_DAHS_ISS_ONLY,111143,564,NOLAN COUNTY VOTECH CENTER,DAHS-ISSONLY,YES,NO,NOLAN,1200 HENDERSON,SWEETWATER,TEXAS,79556,f9bdf6d39a118b4a4ff293674bab46416237cdfe51ad81a55f862aa7c94d1860,https://apps.hhs.texas.gov/providers/directories/dahs_issonly.xlsx,2026-09-30T13:16:18.681388+00:00,2026-09-28,697c4f2eaab231fe0dba8b1335a10cd35c606687bfce7779c430b11c40de7595
TX_DAHS_ISS_ONLY,110745,565,"ANCHOR HABILITATION SERVICES, LLC",DAHS-ISSONLY,YES,NO,NUECES,9241 S PADRE ISLAND DRIVE,CORPUS CHRISTI,TEXAS,78418,f9bdf6d39a118b4a4ff293674bab46416237cdfe51ad81a55f862aa7c94d1860,https://apps.hhs.texas.gov/providers/directories/dahs_issonly.xlsx,2026-09-30T13:16:18.681388+00:00,2026-09-28,9064be7a4112f55fbfb945ed8bb3b5d5510bd0b06c9ad27a55fe7d21d43c4ef0
TX_DAHS_ISS_ONLY,111066,566,BRUSH COUNTRY DAY ACTIVITY CENTER,DAHS-ISSONLY,YES,NO,NUECES,5872 EVERHART RD,CORPUS CHRISTI,TX,78413,f9bdf6d39a118b4a4ff293674bab46416237cdfe51ad81a55f862aa7c94d1860,https://apps.hhs.texas.gov/providers/directories/dahs_issonly.xlsx,2026-09-30T13:16:18.681388+00:00,2026-09-28,a8f20cfd5074acec286ae11f2aa8e01a275d506404ef7016497bb555908f5efa
TX_DAHS_ISS_ONLY,111235,567,CHOICE LIVING COMMUNITY,DAHS-ISSONLY,YES,NO,NUECES,3875 S STAPLES ST BUILDING #4,CORPUS CHRISTI,TEXAS,78411,f9bdf6d39a118b4a4ff293674bab46416237cdfe51ad81a55f862aa7c94d1860,https://apps.hhs.texas.gov/providers/directories/dahs_issonly.xlsx,2026-09-30T13:16:18.681388+00:00,2026-09-28,235279801b6bb4192d40601e464442b53d8493c10109e3c39cb50827d2bb6c09
TX_DAHS_ISS_ONLY,111341,568,"COASTAL AREA SUPPORT ALTERNATIVES, INC",DAHS-ISSONLY,YES,NO,NUECES,5810 SOUTH STAPLES,CORPUS CHRISTI,TEXAS,78413,f9bdf6d39a118b4a4ff293674bab46416237cdfe51ad81a55f862aa7c94d1860,https://apps.hhs.texas.gov/providers/directories/dahs_issonly.xlsx,2026-09-30T13:16:18.681388+00:00,2026-09-28,f15009528d90b712b6747e6734906108d49af64e5f345c63b71c03ae3fd33669
TX_DAHS_ISS_ONLY,111292,569,"COMMUNITY OPTIONS, INC",DAHS-ISSONLY,YES,NO,NUECES,4930 HOLLY RD,CORPUS CHRISTI,TEXAS,78411,f9bdf6d39a118b4a4ff293674bab46416237cdfe51ad81a55f862aa7c94d1860,https://apps.hhs.texas.gov/providers/directories/dahs_issonly.xlsx,2026-09-30T13:16:18.681388+00:00,2026-09-28,8739895d3b10d3052e8873c50ddd66c53cef0573f34cd2508bfff5153c1f3e5a
TX_DAHS_ISS_ONLY,111042,570,CORPUS CHRISTI DAY HABILITATION,DAHS-ISSONLY,YES,NO,NUECES,4110 KYSTORYZ ROAD,CORPUS CHRISTI,TEXAS,78415,f9bdf6d39a118b4a4ff293674bab46416237cdfe51ad81a55f862aa7c94d1860,https://apps.hhs.texas.gov/providers/directories/dahs_issonly.xlsx,2026-09-30T13:16:18.681388+00:00,2026-09-28,35270359ad84d17bf2233c4083f315515794f50d675f4046da9dbc82292a9ff2
TX_DAHS_ISS_ONLY,110827,571,EDUCARE COMMUNITY LIVING CORPORATION  GULF COAST,DAHS-ISSONLY,YES,NO,NUECES,"4320 SOUTH PADRE ISLAND DRIVE, STE B",CORPUS CHRISTI,TEXAS,78411,f9bdf6d39a118b4a4ff293674bab46416237cdfe51ad81a55f862aa7c94d1860,https://apps.hhs.texas.gov/providers/directories/dahs_issonly.xlsx,2026-09-30T13:16:18.681388+00:00,2026-09-28,90ed702a7601195e6fd248ce13ff9685be229832e7c2b25132b93ff34ac02176
TX_DAHS_ISS_ONLY,111259,572,GOOD HOME COMMUNITY LIVING INC,DAHS-ISSONLY,YES,NO,NUECES,4122 WEBER ROAD STE C,CORPUS CHRISTI,TX,78411,f9bdf6d39a118b4a4ff293674bab46416237cdfe51ad81a55f862aa7c94d1860,https://apps.hhs.texas.gov/providers/directories/dahs_issonly.xlsx,2026-09-30T13:16:18.681388+00:00,2026-09-28,daa671e554aa3a58ea9f9be38eb3b8122fc8e6d89d0609cd11f89719d1993979
TX_DAHS_ISS_ONLY,110860,573,HUMAN SERVICES CENTER,DAHS-ISSONLY,YES,NO,NUECES,4141 GOLLIHAR,CORPUS CHRISTI,TEXAS,78411,f9bdf6d39a118b4a4ff293674bab46416237cdfe51ad81a55f862aa7c94d1860,https://apps.hhs.texas.gov/providers/directories/dahs_issonly.xlsx,2026-09-30T13:16:18.681388+00:00,2026-09-28,e3146becf67bae89558bfb4015a8e4219410e887ef60beca6e175bd3b6447180
TX_DAHS_ISS_ONLY,111256,574,"JCE & ASSOCIATES, LLC",DAHS-ISSONLY,YES,NO,NUECES,"4925 EVERHART RD., SUITE 108",CORPUS CHRISTI,TEXAS,78411,f9bdf6d39a118b4a4ff293674bab46416237cdfe51ad81a55f862aa7c94d1860,https://apps.hhs.texas.gov/providers/directories/dahs_issonly.xlsx,2026-09-30T13:16:18.681388+00:00,2026-09-28,184c084c23be1880f085ba9c6b4f1941be064723fc4995bbde1d4f08dc394045
TX_DAHS_ISS_ONLY,111050,575,LMS CONCEPTS INC,DAHS-ISSONLY,YES,NO,NUECES,3810 KITTY LANE,CORPUS CHRISTI,TEXAS,78414,f9bdf6d39a118b4a4ff293674bab46416237cdfe51ad81a55f862aa7c94d1860,https://apps.hhs.texas.gov/providers/directories/dahs_issonly.xlsx,2026-09-30T13:16:18.681388+00:00,2026-09-28,b20b5de6b970bef0757bfdbcc68c7b86ccf5bcd278fb50e0880562731c2c5fc1
TX_DAHS_ISS_ONLY,111283,576,M'AGINE SUPPORT SERVICES,DAHS-ISSONLY,YES,NO,NUECES,6102 AYERS ST. 101,CORPUS CHRISTI,TEXAS,78415,f9bdf6d39a118b4a4ff293674bab46416237cdfe51ad81a55f862aa7c94d1860,https://apps.hhs.texas.gov/providers/directories/dahs_issonly.xlsx,2026-09-30T13:16:18.681388+00:00,2026-09-28,b3ea806e9e4a2668af92c79871621a258077a434d8365a06b00f521c58c87bbe
TX_DAHS_ISS_ONLY,110776,577,NUECES CENTER FOR MENTAL HEALTH AND INTELLECTUAL DISABILITIES,DAHS-ISSONLY,YES,NO,NUECES,1625 10TH ST.,CORPUS CHRISTI,TEXAS,78404,f9bdf6d39a118b4a4ff293674bab46416237cdfe51ad81a55f862aa7c94d1860,https://apps.hhs.texas.gov/providers/directories/dahs_issonly.xlsx,2026-09-30T13:16:18.681388+00:00,2026-09-28,1c0ce447e1e4a3503d04f8abec34b9c3b9dbf1d5e16db9598f4f63889d3a1f26
TX_DAHS_ISS_ONLY,112208,578,TRUECARE COMMUNITY,DAHS-ISSONLY,YES,NO,NUECES,5115 COSNER DR,CORPUS CHRISTI,TEXAS,78411,f9bdf6d39a118b4a4ff293674bab46416237cdfe51ad81a55f862aa7c94d1860,https://apps.hhs.texas.gov/providers/directories/dahs_issonly.xlsx,2026-09-30T13:16:18.681388+00:00,2026-09-28,a39b8ed2fa9061c4febcd6f015f9b88660f98b622a52ee933aef2f39a12dd452
TX_DAHS_ISS_ONLY,111155,579,PERRYTON ASCI,DAHS-ISSONLY,YES,NO,OCHILTREE,1701 S. JEFFERSON,PERRYTON,TEXAS,79070,f9bdf6d39a118b4a4ff293674bab46416237cdfe51ad81a55f862aa7c94d1860,https://apps.hhs.texas.gov/providers/directories/dahs_issonly.xlsx,2026-09-30T13:16:18.681388+00:00,2026-09-28,47701d1d67afcbac3e5a46d387cbe61eb1c22ae9ba0ae8d4b4a7bf44316c6acf
TX_DAHS_ISS_ONLY,111105,580,OCARC INC,DAHS-ISSONLY,YES,NO,ORANGE,905 WEST PARK,ORANGE,TEXAS,77630,f9bdf6d39a118b4a4ff293674bab46416237cdfe51ad81a55f862aa7c94d1860,https://apps.hhs.texas.gov/providers/directories/dahs_issonly.xlsx,2026-09-30T13:16:18.681388+00:00,2026-09-28,c990e646995295b196f0e8f65bde1cb8f745f10fff2abf0aec6c44d3b6c8283d
TX_DAHS_ISS_ONLY,110785,581,JOHN LOGAN INDUSTRIES  COMMUNITY HEALTHCORE,DAHS-ISSONLY,YES,NO,PANOLA,1701 S. ADAMS ST.,CARTHAGE,TX,75633,f9bdf6d39a118b4a4ff293674bab46416237cdfe51ad81a55f862aa7c94d1860,https://apps.hhs.texas.gov/providers/directories/dahs_issonly.xlsx,2026-09-30T13:16:18.681388+00:00,2026-09-28,d79370c269803ee952f10846daf711a787c6d6a4be7eb1838132092c4eaa176b
TX_DAHS_ISS_ONLY,111212,582,PECAN VALLEY CENTERS WEATHERFORD LIFE SKILLS CENTER,DAHS-ISSONLY,YES,NO,PARKER,1719 SANTA FE DR.,WEATHERFORD,TEXAS,76086,f9bdf6d39a118b4a4ff293674bab46416237cdfe51ad81a55f862aa7c94d1860,https://apps.hhs.texas.gov/providers/directories/dahs_issonly.xlsx,2026-09-30T13:16:18.681388+00:00,2026-09-28,b9dffec24f4946df7f3db285f914ce5ca0f7fa8830882472ddb84bb106aeaf25
TX_DAHS_ISS_ONLY,111092,583,PERMIAN BASIN COMMUNITY CENTERS FOR MHMR,DAHS-ISSONLY,YES,NO,PECOS,1123 MAIN,FORT STOCKTON,TX,79735,f9bdf6d39a118b4a4ff293674bab46416237cdfe51ad81a55f862aa7c94d1860,https://apps.hhs.texas.gov/providers/directories/dahs_issonly.xlsx,2026-09-30T13:16:18.681388+00:00,2026-09-28,21e59ebc325b8943a3770750a015ec8e3497c13b86a6e2f6a04be2534584f6aa
TX_DAHS_ISS_ONLY,111038,584,AMARILLO ASCI,DAHS-ISSONLY,YES,NO,POTTER,2004 HARDY,AMARILLO,TX,79106,f9bdf6d39a118b4a4ff293674bab46416237cdfe51ad81a55f862aa7c94d1860,https://apps.hhs.texas.gov/providers/directories/dahs_issonly.xlsx,2026-09-30T13:16:18.681388+00:00,2026-09-28,ef3d29a38014d193f1187d6403154d7233a87d672634f922b5c1f570896fceaf
TX_DAHS_ISS_ONLY,111225,585,AMARILLO DAY HABILITATION,DAHS-ISSONLY,YES,NO,POTTER,2400 LAKEVIEW DRIVE,AMARILLO,TX,79109,f9bdf6d39a118b4a4ff293674bab46416237cdfe51ad81a55f862aa7c94d1860,https://apps.hhs.texas.gov/providers/directories/dahs_issonly.xlsx,2026-09-30T13:16:18.681388+00:00,2026-09-28,524731e4172bcb191b9c07d0fcbd57fd1ec5d11315b09c082c676b7dd8543a2e
TX_DAHS_ISS_ONLY,111149,586,SPECIALIZED SERVICES,DAHS-ISSONLY,YES,NO,POTTER,"901 WALLACE BLVD, BUILDING 504",AMARILLO,TEXAS,79106,f9bdf6d39a118b4a4ff293674bab46416237cdfe51ad81a55f862aa7c94d1860,https://apps.hhs.texas.gov/providers/directories/dahs_issonly.xlsx,2026-09-30T13:16:18.681388+00:00,2026-09-28,bcbdcae13a76b4b23f6dba0e42b4c9fde6e9821f657ef808cb91660221e2e510
TX_DAHS_ISS_ONLY,112024,587,YELLOW CITY DAY CENTER BY CAREGIVER INC,DAHS-ISSONLY,YES,NO,POTTER,940 BUENA VISTA STREET,AMARILLO,TX,79106,f9bdf6d39a118b4a4ff293674bab46416237cdfe51ad81a55f862aa7c94d1860,https://apps.hhs.texas.gov/providers/directories/dahs_issonly.xlsx,2026-09-30T13:16:18.681388+00:00,2026-09-28,3f50b1cbfb520313fb503951a34103d8b16eda8ec51bad0eb9c51b69daaa64e4
TX_DAHS_ISS_ONLY,111009,588,"ADVO COMPANIES, INC",DAHS-ISSONLY,YES,NO,RANDALL,5241 S. WASHINGTON,AMARILLO,TEXAS,79110,f9bdf6d39a118b4a4ff293674bab46416237cdfe51ad81a55f862aa7c94d1860,https://apps.hhs.texas.gov/providers/directories/dahs_issonly.xlsx,2026-09-30T13:16:18.681388+00:00,2026-09-28,96fb580221a5d4d7b14ad426852fe6f5a775baa4c1b5fd7c431c9a6157c0d13d
TX_DAHS_ISS_ONLY,111276,589,COMMUNITY OPTIONS INC  AMARILLO,DAHS-ISSONLY,YES,NO,RANDALL,3010 SW 27TH AVENUE,AMARILLO,TEXAS,79109,f9bdf6d39a118b4a4ff293674bab46416237cdfe51ad81a55f862aa7c94d1860,https://apps.hhs.texas.gov/providers/directories/dahs_issonly.xlsx,2026-09-30T13:16:18.681388+00:00,2026-09-28,9ca183830551be6aa305be0593ef7deacb51679c4b55071fed42fbe8995c8b57
TX_DAHS_ISS_ONLY,111373,590,FOX OPERATIONS,DAHS-ISSONLY,YES,NO,RANDALL,615 W LOOP 335 S #39,AMARILLO,TEXAS,79118,f9bdf6d39a118b4a4ff293674bab46416237cdfe51ad81a55f862aa7c94d1860,https://apps.hhs.texas.gov/providers/directories/dahs_issonly.xlsx,2026-09-30T13:16:18.681388+00:00,2026-09-28,22b140eadd308f2141b82a59e10094517964a318ad6f5dfaeee31f8ab082c42f
TX_DAHS_ISS_ONLY,111727,591,A LOVELY DAY HABILITATION,DAHS-ISSONLY,YES,NO,RED RIVER,312 N WALNUT ST,CLARKSVILLE,TEXAS,75426,f9bdf6d39a118b4a4ff293674bab46416237cdfe51ad81a55f862aa7c94d1860,https://apps.hhs.texas.gov/providers/directories/dahs_issonly.xlsx,2026-09-30T13:16:18.681388+00:00,2026-09-28,c8b3d3cded369242e7b58abd4df4e327b75e51db6c0815669f3a80b2515929d2
TX_DAHS_ISS_ONLY,111147,592,REEVES COUNTY VOTECH CENTER,DAHS-ISSONLY,YES,NO,REEVES,700 W. DAGGETT ST.,PECOS,TEXAS,79772,f9bdf6d39a118b4a4ff293674bab46416237cdfe51ad81a55f862aa7c94d1860,https://apps.hhs.texas.gov/providers/directories/dahs_issonly.xlsx,2026-09-30T13:16:18.681388+00:00,2026-09-28,d1f4b4e18225628517eb05bd50f2a8f4d0b464cfc83e0529685c7e349d217151
TX_DAHS_ISS_ONLY,110780,593,LAKES REGIONAL CONNECTIONS TRAINING CENTER,DAHS-ISSONLY,YES,NO,ROCKWALL,1525 AIRPORT RD,ROCKWALL,TX,75087,f9bdf6d39a118b4a4ff293674bab46416237cdfe51ad81a55f862aa7c94d1860,https://apps.hhs.texas.gov/providers/directories/dahs_issonly.xlsx,2026-09-30T13:16:18.681388+00:00,2026-09-28,068e27614968d61a86c1940f591c7c382358f33c3014fd75209bd98012e49102
TX_DAHS_ISS_ONLY,111123,594,RUNNELS COUNTY VOTECH CENTER,DAHS-ISSONLY,YES,NO,RUNNELS,119 NORTH 7TH ST.,BALLINGER,TEXAS,76821,f9bdf6d39a118b4a4ff293674bab46416237cdfe51ad81a55f862aa7c94d1860,https://apps.hhs.texas.gov/providers/directories/dahs_issonly.xlsx,2026-09-30T13:16:18.681388+00:00,2026-09-28,e19353c1aa335c36ca6040c7aabf3e48beaf7c7cfa20d74a0151c9cbc9a1cd96
TX_DAHS_ISS_ONLY,111319,595,AGREENS HOUSE OF CARE INC,DAHS-ISSONLY,YES,NO,SAN AUGUSTINE,1012 PARTIN ROAD,SAN AUGUSTINE,TEXAS,75972,f9bdf6d39a118b4a4ff293674bab46416237cdfe51ad81a55f862aa7c94d1860,https://apps.hhs.texas.gov/providers/directories/dahs_issonly.xlsx,2026-09-30T13:16:18.681388+00:00,2026-09-28,bc1f8a494428b7c273a039c68559f1675706a4c1450a531663b96d127cc1dcd9
TX_DAHS_ISS_ONLY,110715,596,COASTAL PLAINS COMMUNITY MENTAL HEALTH MENTAL RETARDATION CENTER,DAHS-ISSONLY,YES,NO,SAN PATRICIO,201 ROOTS AVE,TAFT,TX,78390,f9bdf6d39a118b4a4ff293674bab46416237cdfe51ad81a55f862aa7c94d1860,https://apps.hhs.texas.gov/providers/directories/dahs_issonly.xlsx,2026-09-30T13:16:18.681388+00:00,2026-09-28,d0f542508dab4b81296bc457cfd42e82a182eb4a85753f53746694f33913d83d
TX_DAHS_ISS_ONLY,110791,597,CENTRAL TEXAS MHMR CENTER DBA SAN SABA WORKSHOP,DAHS-ISSONLY,YES,NO,SAN SABA,115 N. CHEROKEE,SAN SABA,TEXAS,76877,f9bdf6d39a118b4a4ff293674bab46416237cdfe51ad81a55f862aa7c94d1860,https://apps.hhs.texas.gov/providers/directories/dahs_issonly.xlsx,2026-09-30T13:16:18.681388+00:00,2026-09-28,f6a8a8031cd8ead7b98106f87ac0f57783e9e27caa75e3fa6dbe1e4c0255b7e7
TX_DAHS_ISS_ONLY,111119,598,SCURRY COUNTY VOTECH CENTER,DAHS-ISSONLY,YES,NO,SCURRY,3100 1/2 37TH PLACE,SNYDER,TEXAS,79549,f9bdf6d39a118b4a4ff293674bab46416237cdfe51ad81a55f862aa7c94d1860,https://apps.hhs.texas.gov/providers/directories/dahs_issonly.xlsx,2026-09-30T13:16:18.681388+00:00,2026-09-28,1988d5ce22de2af4ea0227e5ad433a150cd4bbc4b43512235b6016a0cc438fbc
TX_DAHS_ISS_ONLY,111106,599,ACHIEVING DREAMS,DAHS-ISSONLY,YES,NO,SMITH,12465 FM 16W,LINDALE,TEXAS,75771,f9bdf6d39a118b4a4ff293674bab46416237cdfe51ad81a55f862aa7c94d1860,https://apps.hhs.texas.gov/providers/directories/dahs_issonly.xlsx,2026-09-30T13:16:18.681388+00:00,2026-09-28,340e16ec9728357c5b450b176bae40dec1f016b2875ef232a9002b658d8cbbe0
TX_DAHS_ISS_ONLY,110973,600,BEHAVIOR AND LANGUAGE TREATMENT CENTER LLC,DAHS-ISSONLY,YES,NO,SMITH,14623 FM 849,LINDALE,TX,75771,f9bdf6d39a118b4a4ff293674bab46416237cdfe51ad81a55f862aa7c94d1860,https://apps.hhs.texas.gov/providers/directories/dahs_issonly.xlsx,2026-09-30T13:16:18.681388+00:00,2026-09-28,944cac1d2b0391f1fbe8dcf92ac04a681e69f91fc8aed130c58c8ac752c83c97
TX_DAHS_ISS_ONLY,111358,601,"CHAMPAGNE, INCORPORATED",DAHS-ISSONLY,YES,NO,SMITH,217 BLACKBERRY BLVD,LINDALE,TEXAS,75771,f9bdf6d39a118b4a4ff293674bab46416237cdfe51ad81a55f862aa7c94d1860,https://apps.hhs.texas.gov/providers/directories/dahs_issonly.xlsx,2026-09-30T13:16:18.681388+00:00,2026-09-28,f5e99cde658851190e3a2e677a4c8a400940e29ea77334f26e933fa4a93ba4d4
TX_DAHS_ISS_ONLY,111096,602,ACHIEVING DREAMS,DAHS-ISSONLY,YES,NO,SMITH,4202 S. BROADWAY AVE.,TYLER,TEXAS,75701,f9bdf6d39a118b4a4ff293674bab46416237cdfe51ad81a55f862aa7c94d1860,https://apps.hhs.texas.gov/providers/directories/dahs_issonly.xlsx,2026-09-30T13:16:18.681388+00:00,2026-09-28,15c570195315d7ee305ec81ebe26dfdb86b050209c7781aaf3cd10971d935694
TX_DAHS_ISS_ONLY,110828,603,ANDREWS CENTER,DAHS-ISSONLY,YES,NO,SMITH,13470 CHOCTAW DR.,TYLER,TX,75709,f9bdf6d39a118b4a4ff293674bab46416237cdfe51ad81a55f862aa7c94d1860,https://apps.hhs.texas.gov/providers/directories/dahs_issonly.xlsx,2026-09-30T13:16:18.681388+00:00,2026-09-28,45a6c5da86b528ce4055c339c46c2205df4371bb8fad6fe899b339e8733682a2
TX_DAHS_ISS_ONLY,110965,604,AZALEA ACADEMY FOR EXCEPTIONAL ADULTS,DAHS-ISSONLY,YES,NO,SMITH,230 W. RUSK ST.,TYLER,TX,75701,f9bdf6d39a118b4a4ff293674bab46416237cdfe51ad81a55f862aa7c94d1860,https://apps.hhs.texas.gov/providers/directories/dahs_issonly.xlsx,2026-09-30T13:16:18.681388+00:00,2026-09-28,a798aed3d66d533ae84e7b9c85a679397a0fcc267e2df1d6f2d28ce0347be213
TX_DAHS_ISS_ONLY,111311,605,BRECKENRIDGE VILLAGE,DAHS-ISSONLY,YES,NO,SMITH,15062 CR 1145,TYLER,TEXAS,75704,f9bdf6d39a118b4a4ff293674bab46416237cdfe51ad81a55f862aa7c94d1860,https://apps.hhs.texas.gov/providers/directories/dahs_issonly.xlsx,2026-09-30T13:16:18.681388+00:00,2026-09-28,cc9a371f76b3200fc80c1554453fc7a2a4d0e3e7e76b1c5dc268a9e23406156d
TX_DAHS_ISS_ONLY,111085,606,MARY NELL'S CLOSE TO HOME,DAHS-ISSONLY,YES,NO,SMITH,12878 HIGHWAY 155 SOUTH,TYLER,TEXAS,75703,f9bdf6d39a118b4a4ff293674bab46416237cdfe51ad81a55f862aa7c94d1860,https://apps.hhs.texas.gov/providers/directories/dahs_issonly.xlsx,2026-09-30T13:16:18.681388+00:00,2026-09-28,63c3d50cd6d1d0c63cea9ebb65521d9cf8c415c199605eefd6af516ca65dd436
TX_DAHS_ISS_ONLY,111069,607,TYLER DAYHAB,DAHS-ISSONLY,YES,NO,SMITH,"2211 ROY ROAD_x000D_
SUITE A",TYLER,TEXAS,75703,f9bdf6d39a118b4a4ff293674bab46416237cdfe51ad81a55f862aa7c94d1860,https://apps.hhs.texas.gov/providers/directories/dahs_issonly.xlsx,2026-09-30T13:16:18.681388+00:00,2026-09-28,11fc6fa5a68d52d01410d9a0a9c3fbdb5b8f0f9dd734c6d5047c29c03b70755c
TX_DAHS_ISS_ONLY,111421,608,BORDER REGION MHMR COMMUNITY CENTER,DAHS-ISSONLY,YES,NO,STARR,2751 PHARMACY ROAD,RIO GRANDE,TX,78582,f9bdf6d39a118b4a4ff293674bab46416237cdfe51ad81a55f862aa7c94d1860,https://apps.hhs.texas.gov/providers/directories/dahs_issonly.xlsx,2026-09-30T13:16:18.681388+00:00,2026-09-28,977c4d3cfc70423b6d6800340ae75e4db631ea70508880db455d794fe11d88c3
TX_DAHS_ISS_ONLY,111274,609,MARIA'S RANCH DAY HAB,DAHS-ISSONLY,YES,NO,STEPHENS,9620 CR 137,RANGER,TEXAS,76470,f9bdf6d39a118b4a4ff293674bab46416237cdfe51ad81a55f862aa7c94d1860,https://apps.hhs.texas.gov/providers/directories/dahs_issonly.xlsx,2026-09-30T13:16:18.681388+00:00,2026-09-28,06a6260ed70bbfcd59ea2bb765c434074e8fd77fbc96c703faa8dd9d4647875c
TX_DAHS_ISS_ONLY,111320,610,"A FAIR CHOICE, INC",DAHS-ISSONLY,YES,NO,TARRANT,1320 WEST PIONEER PARKWAY,ARLINGTON,TX,76013,f9bdf6d39a118b4a4ff293674bab46416237cdfe51ad81a55f862aa7c94d1860,https://apps.hhs.texas.gov/providers/directories/dahs_issonly.xlsx,2026-09-30T13:16:18.681388+00:00,2026-09-28,e18c7398bed11226927776fe48d62491de8e4c10af118ae20b0326b5f5624696
TX_DAHS_ISS_ONLY,112069,611,"A FAMILY CHOICE CDS,LLC",DAHS-ISSONLY,YES,NO,TARRANT,2115 ELM POINT DR # 2133,ARLINGTON,TX,76010,f9bdf6d39a118b4a4ff293674bab46416237cdfe51ad81a55f862aa7c94d1860,https://apps.hhs.texas.gov/providers/directories/dahs_issonly.xlsx,2026-09-30T13:16:18.681388+00:00,2026-09-28,d2c956a886bbfc6a330cb4a2d26b791d6bdc8ed14db2dda52ba781416fa0609a
TX_DAHS_ISS_ONLY,111556,612,BETTYES HEALTHCARE NETWORK INC,DAHS-ISSONLY,YES,NO,TARRANT,400 N. EAST STREET,ARLINGTON,TEXAS,76011,f9bdf6d39a118b4a4ff293674bab46416237cdfe51ad81a55f862aa7c94d1860,https://apps.hhs.texas.gov/providers/directories/dahs_issonly.xlsx,2026-09-30T13:16:18.681388+00:00,2026-09-28,03bfcf7c681c4b4506a6fa1d7cb9f5884368af5c43390751f74277104f78e934
TX_DAHS_ISS_ONLY,111077,613,CALAB CREATIVE ARTS CENTER CCAC,DAHS-ISSONLY,YES,NO,TARRANT,3005 MEDLIN DRIVE,ARLINGTON,TEXAS,76015,f9bdf6d39a118b4a4ff293674bab46416237cdfe51ad81a55f862aa7c94d1860,https://apps.hhs.texas.gov/providers/directories/dahs_issonly.xlsx,2026-09-30T13:16:18.681388+00:00,2026-09-28,a65030e8fe19b9d686a1d3af779c2fba8f63407382e236a2871b9d743d313dcc
TX_DAHS_ISS_ONLY,111176,614,"GREEN OAKS EDUCATION AND SUPPORT, INC",DAHS-ISSONLY,YES,NO,TARRANT,500 HOUSTON STREET,ARLINGTON,TX,76011,f9bdf6d39a118b4a4ff293674bab46416237cdfe51ad81a55f862aa7c94d1860,https://apps.hhs.texas.gov/providers/directories/dahs_issonly.xlsx,2026-09-30T13:16:18.681388+00:00,2026-09-28,7eb03e6eeb1005645eb302b9959dcd0ecdb236eed660b4fefe53410c096299f7
TX_DAHS_ISS_ONLY,111008,615,LITTLE SCHOOL ROAD DAYHAB,DAHS-ISSONLY,YES,NO,TARRANT,1129 N. LITTLE SCHOOL ROAD,ARLINGTON,TEXAS,76017,f9bdf6d39a118b4a4ff293674bab46416237cdfe51ad81a55f862aa7c94d1860,https://apps.hhs.texas.gov/providers/directories/dahs_issonly.xlsx,2026-09-30T13:16:18.681388+00:00,2026-09-28,6cb9196e72e6b19bafe9014114a66413be54ece249006a60927647385b18941f
TX_DAHS_ISS_ONLY,110768,616,SPECIAL CONNEXION 1,DAHS-ISSONLY,YES,NO,TARRANT,1400B S COOPER,ARLINGTON,TX,76013,f9bdf6d39a118b4a4ff293674bab46416237cdfe51ad81a55f862aa7c94d1860,https://apps.hhs.texas.gov/providers/directories/dahs_issonly.xlsx,2026-09-30T13:16:18.681388+00:00,2026-09-28,b95889bee6ca8d9eb377bf87adf697a9eaeacdfbb7bfce9c06c446156ccb9b43
TX_DAHS_ISS_ONLY,110760,617,SPECIAL CONNEXION 2,DAHS-ISSONLY,YES,NO,TARRANT,1800 W RANDOL MILL,ARLINGTON,TX,76012,f9bdf6d39a118b4a4ff293674bab46416237cdfe51ad81a55f862aa7c94d1860,https://apps.hhs.texas.gov/providers/directories/dahs_issonly.xlsx,2026-09-30T13:16:18.681388+00:00,2026-09-28,b5fc1f1cdff15ab5d1dc6dc39d5095e1e36cffd4b3cd6000c51f4513beb15ea6
TX_DAHS_ISS_ONLY,110777,618,SPECIAL CONNEXION 3,DAHS-ISSONLY,YES,NO,TARRANT,101 E NORTH ST,ARLINGTON,TX,76011,f9bdf6d39a118b4a4ff293674bab46416237cdfe51ad81a55f862aa7c94d1860,https://apps.hhs.texas.gov/providers/directories/dahs_issonly.xlsx,2026-09-30T13:16:18.681388+00:00,2026-09-28,f935378139a042e43ef624797ec2898fda806419b542671ca4a76ac5537b2c85
TX_DAHS_ISS_ONLY,111347,619,SPECIAL CONNEXION 4,DAHS-ISSONLY,YES,NO,TARRANT,2045 SE GREEN OAKS BLVD,ARLINGTON,TX,76018,f9bdf6d39a118b4a4ff293674bab46416237cdfe51ad81a55f862aa7c94d1860,https://apps.hhs.texas.gov/providers/directories/dahs_issonly.xlsx,2026-09-30T13:16:18.681388+00:00,2026-09-28,a9ffb574815c3fa35d335ec45076d8b76a6186df07cb3e2fdd442ce5a59495a9
TX_DAHS_ISS_ONLY,112031,620,SPECIAL CONNEXION 5,DAHS-ISSONLY,YES,NO,TARRANT,5450 MANSFIELD RD,ARLINGTON,TEXAS,76017,f9bdf6d39a118b4a4ff293674bab46416237cdfe51ad81a55f862aa7c94d1860,https://apps.hhs.texas.gov/providers/directories/dahs_issonly.xlsx,2026-09-30T13:16:18.681388+00:00,2026-09-28,87a5c2ccd706cd28222921ea5b03e64377106cb9b1b8f540bc1b68022a969e5f
TX_DAHS_ISS_ONLY,111892,621,TIFF & CO LLC,DAHS-ISSONLY,YES,NO,TARRANT,101 E. PARK ROW DR,ARLINGTON,TEXAS,76010,f9bdf6d39a118b4a4ff293674bab46416237cdfe51ad81a55f862aa7c94d1860,https://apps.hhs.texas.gov/providers/directories/dahs_issonly.xlsx,2026-09-30T13:16:18.681388+00:00,2026-09-28,54bad3427df3343f7c55de7912687b9ab9a5afcd8690e3a38e6454919ddf35c7
TX_DAHS_ISS_ONLY,111762,622,YOUNG HEARTS ADULT DAYCARE,DAHS-ISSONLY,YES,NO,TARRANT,710 SW GREEN OAKS BLVD SUITE 100,ARLINGTON,TX,76017,f9bdf6d39a118b4a4ff293674bab46416237cdfe51ad81a55f862aa7c94d1860,https://apps.hhs.texas.gov/providers/directories/dahs_issonly.xlsx,2026-09-30T13:16:18.681388+00:00,2026-09-28,eebdf91d9a09ce6272a2b5cbec3c2e73c6a9d1cdfddf40fd58aaefd6ed4c1366
TX_DAHS_ISS_ONLY,111393,623,"THE CLUBHOUSE FOR SPECIAL NEEDS, INC",DAHS-ISSONLY,YES,NO,TARRANT,2701 HARWOOD ROAD,BEDFORD,TEXAS,76021,f9bdf6d39a118b4a4ff293674bab46416237cdfe51ad81a55f862aa7c94d1860,https://apps.hhs.texas.gov/providers/directories/dahs_issonly.xlsx,2026-09-30T13:16:18.681388+00:00,2026-09-28,b687b6f4da31d98f6b7304c64cf8acacec0f6184b9b1c442dde56182c5e47b11
TX_DAHS_ISS_ONLY,110943,624,BOSTON DAYHAB,DAHS-ISSONLY,YES,NO,TARRANT,3451 BOSTON AVE,BENBROOK,TEXAS,76116,f9bdf6d39a118b4a4ff293674bab46416237cdfe51ad81a55f862aa7c94d1860,https://apps.hhs.texas.gov/providers/directories/dahs_issonly.xlsx,2026-09-30T13:16:18.681388+00:00,2026-09-28,f14b05c1f0544baea21a571905f7306f1adad83e1fa64b6f2e81731738980ef2
TX_DAHS_ISS_ONLY,111177,625,"MARY'S HOUSE, INC",DAHS-ISSONLY,YES,NO,TARRANT,2312 MICHIGAN COURT,DALWORTHINGTON GARDENS,TX,76016,f9bdf6d39a118b4a4ff293674bab46416237cdfe51ad81a55f862aa7c94d1860,https://apps.hhs.texas.gov/providers/directories/dahs_issonly.xlsx,2026-09-30T13:16:18.681388+00:00,2026-09-28,2311b423edc73fd135178e8025e1640cbf0a84e563b7c005e08b27c023f66e91
TX_DAHS_ISS_ONLY,112175,626,TOGETHER WE THRIVE ISS PROGRAM,DAHS-ISSONLY,YES,NO,TARRANT,"2104 ROOSEVELT DR, SUITE G",DALWORTHINGTON GARDENS,TX,76013,f9bdf6d39a118b4a4ff293674bab46416237cdfe51ad81a55f862aa7c94d1860,https://apps.hhs.texas.gov/providers/directories/dahs_issonly.xlsx,2026-09-30T13:16:18.681388+00:00,2026-09-28,a162746deae19a131bd91e201e5c0fc30ffa4c41c4e85d57615dad861bb471f8
TX_DAHS_ISS_ONLY,111303,627,VOLUNTEERS OF AMERICA TEXAS,DAHS-ISSONLY,YES,NO,TARRANT,300 MIDWAY DRIVE EAST,EULESS,TEXAS,76039,f9bdf6d39a118b4a4ff293674bab46416237cdfe51ad81a55f862aa7c94d1860,https://apps.hhs.texas.gov/providers/directories/dahs_issonly.xlsx,2026-09-30T13:16:18.681388+00:00,2026-09-28,956604cb2683f37316d0879df9126ebb2d9c4f15d28b167d53065f3b7b180f9f
TX_DAHS_ISS_ONLY,111300,628,"ACCEPTING HANDS, LLC",DAHS-ISSONLY,YES,NO,TARRANT,4617 MARTIN ST.,FORT WORTH,TEXAS,76119,f9bdf6d39a118b4a4ff293674bab46416237cdfe51ad81a55f862aa7c94d1860,https://apps.hhs.texas.gov/providers/directories/dahs_issonly.xlsx,2026-09-30T13:16:18.681388+00:00,2026-09-28,db69c4e1c02c881f21056f68ac70834ba948ac749691f4f338339b0c6c6e46d5
TX_DAHS_ISS_ONLY,110920,629,AMPIFY,DAHS-ISSONLY,YES,NO,TARRANT,3005 WICHITA COURT,FORT WORTH,TX,76140,f9bdf6d39a118b4a4ff293674bab46416237cdfe51ad81a55f862aa7c94d1860,https://apps.hhs.texas.gov/providers/directories/dahs_issonly.xlsx,2026-09-30T13:16:18.681388+00:00,2026-09-28,8ba415eaa464779e623ff4706f636a7ac4176994a995b07054c66114cdc0ba30
TX_DAHS_ISS_ONLY,111330,630,ANNETTE'S COMFORT LIVING,DAHS-ISSONLY,YES,NO,TARRANT,"6800 MANHATTAN BLVD, BUILDING #4",FORT WORTH,TEXAS,76120,f9bdf6d39a118b4a4ff293674bab46416237cdfe51ad81a55f862aa7c94d1860,https://apps.hhs.texas.gov/providers/directories/dahs_issonly.xlsx,2026-09-30T13:16:18.681388+00:00,2026-09-28,4abc52c962e41d27364cc0bbe940e25ce41326de601f46df9c82de476690dfa4
TX_DAHS_ISS_ONLY,111798,631,"ANN'S SUNSHINE FAMILY SERVICES, LLC",DAHS-ISSONLY,YES,NO,TARRANT,4551 SOUTHWEST BLVD,FORT WORTH,TX,76116,f9bdf6d39a118b4a4ff293674bab46416237cdfe51ad81a55f862aa7c94d1860,https://apps.hhs.texas.gov/providers/directories/dahs_issonly.xlsx,2026-09-30T13:16:18.681388+00:00,2026-09-28,ef0f978c60dc6363ab49c9967a84ffd56cb7ba58893966ba6e17ac49ec4c909b
TX_DAHS_ISS_ONLY,110889,632,BEHAVIORIST ON CALL,DAHS-ISSONLY,YES,NO,TARRANT,1170 COUNTRY CLUB LANE,FORT WORTH,TEXAS,76112,f9bdf6d39a118b4a4ff293674bab46416237cdfe51ad81a55f862aa7c94d1860,https://apps.hhs.texas.gov/providers/directories/dahs_issonly.xlsx,2026-09-30T13:16:18.681388+00:00,2026-09-28,30a3355ffa5ad0a072ea20b6e2ade6c582789f5f3c5aa365afaa3f6ea8476639
TX_DAHS_ISS_ONLY,112153,633,DOLLIE'S ADULT DAY CENTER,DAHS-ISSONLY,YES,NO,TARRANT,6611 SOUTH CREEK DR,FORT WORTH,TX,76133,f9bdf6d39a118b4a4ff293674bab46416237cdfe51ad81a55f862aa7c94d1860,https://apps.hhs.texas.gov/providers/directories/dahs_issonly.xlsx,2026-09-30T13:16:18.681388+00:00,2026-09-28,2afa2aee0453ac8ca94ae254d716ee2bf50d8e5f87575ed6ebf8db349499da87
TX_DAHS_ISS_ONLY,111219,634,ELLIS WORKS LLC,DAHS-ISSONLY,YES,NO,TARRANT,420 TIERNEY RD,FORT WORTH,TEXAS,76112,f9bdf6d39a118b4a4ff293674bab46416237cdfe51ad81a55f862aa7c94d1860,https://apps.hhs.texas.gov/providers/directories/dahs_issonly.xlsx,2026-09-30T13:16:18.681388+00:00,2026-09-28,173bdfe9a5ce431e01393af3f3e098d7843e1cbd243eafa233568ede986c1076
TX_DAHS_ISS_ONLY,111391,635,EMPOWER ME CORPORATION,DAHS-ISSONLY,YES,NO,TARRANT,3116 E. ROSEDALE ST.,FORT WORTH,TEXAS,76105,f9bdf6d39a118b4a4ff293674bab46416237cdfe51ad81a55f862aa7c94d1860,https://apps.hhs.texas.gov/providers/directories/dahs_issonly.xlsx,2026-09-30T13:16:18.681388+00:00,2026-09-28,10529e4a6fb800f316207493992d6abcfb3734e45833a2c5c81dcc2e5f5443f6
TX_DAHS_ISS_ONLY,110843,636,FAMILY OF FAITH SERVICE PROVIDERS IMPACT LEARNING CENTER,DAHS-ISSONLY,YES,NO,TARRANT,6263 MCCART AVE STE 302,FORT WORTH,TEXAS,76133,f9bdf6d39a118b4a4ff293674bab46416237cdfe51ad81a55f862aa7c94d1860,https://apps.hhs.texas.gov/providers/directories/dahs_issonly.xlsx,2026-09-30T13:16:18.681388+00:00,2026-09-28,efdf6d1890c2f1da5dba150001105c0bf19414e91d207c81dd11585744107b11
TX_DAHS_ISS_ONLY,110891,637,FORT WORTH DAYHAB,DAHS-ISSONLY,YES,NO,TARRANT,7401 WEST CLEBURNE RD,FORT WORTH,TEXAS,76133,f9bdf6d39a118b4a4ff293674bab46416237cdfe51ad81a55f862aa7c94d1860,https://apps.hhs.texas.gov/providers/directories/dahs_issonly.xlsx,2026-09-30T13:16:18.681388+00:00,2026-09-28,97e52bcd9f88fd71a6a14934e39bf84201cd98d01e8449cef2c1dd3ae763877d
TX_DAHS_ISS_ONLY,110980,638,GOODWILL NORTH CENTRAL TEXAS,DAHS-ISSONLY,YES,NO,TARRANT,4005 CAMPUS DR,FORT WORTH,TEXAS,76119,f9bdf6d39a118b4a4ff293674bab46416237cdfe51ad81a55f862aa7c94d1860,https://apps.hhs.texas.gov/providers/directories/dahs_issonly.xlsx,2026-09-30T13:16:18.681388+00:00,2026-09-28,c8d51bfbca00ca8ba1933934144f8e0e7b1655a1f53e26de9a225880fc152669
TX_DAHS_ISS_ONLY,110868,639,LWP SEVICES,DAHS-ISSONLY,YES,NO,TARRANT,4817 BRENTWOOD STAIR RD,FORT WORTH,TX,76103,f9bdf6d39a118b4a4ff293674bab46416237cdfe51ad81a55f862aa7c94d1860,https://apps.hhs.texas.gov/providers/directories/dahs_issonly.xlsx,2026-09-30T13:16:18.681388+00:00,2026-09-28,27ea863e1a13898317f186117b53c2111fa1a9377cc97e2b606deca329f3b854
TX_DAHS_ISS_ONLY,112002,640,MINDS N MOTION LLC,DAHS-ISSONLY,YES,NO,TARRANT,3613 FLEETWOOD DR,FORT WORTH,TEXAS,76123,f9bdf6d39a118b4a4ff293674bab46416237cdfe51ad81a55f862aa7c94d1860,https://apps.hhs.texas.gov/providers/directories/dahs_issonly.xlsx,2026-09-30T13:16:18.681388+00:00,2026-09-28,18a8b983a2d14e42311a235355817d6276881961d2c5a8ba6f66a60bd791b3af
TX_DAHS_ISS_ONLY,111409,641,NEWSTART HCS INC,DAHS-ISSONLY,YES,NO,TARRANT,6751 MCCART AVE.,FORT WORTH,TX,76133,f9bdf6d39a118b4a4ff293674bab46416237cdfe51ad81a55f862aa7c94d1860,https://apps.hhs.texas.gov/providers/directories/dahs_issonly.xlsx,2026-09-30T13:16:18.681388+00:00,2026-09-28,3cd15a28bc28442f2507b208bb151d1d4df87315379d8061c526b015d57608ec
TX_DAHS_ISS_ONLY,111975,642,NGOZI PLACE,DAHS-ISSONLY,YES,NO,TARRANT,5516 BRENTWOOD STAIR RD,FORT WORTH,TEXAS,76112,f9bdf6d39a118b4a4ff293674bab46416237cdfe51ad81a55f862aa7c94d1860,https://apps.hhs.texas.gov/providers/directories/dahs_issonly.xlsx,2026-09-30T13:16:18.681388+00:00,2026-09-28,c950bbab36c73723df44e7eeea6236076130c5a2c4ed210bc958602f16c9b969
TX_DAHS_ISS_ONLY,112182,643,OUR LOVING ABODE INC,DAHS-ISSONLY,YES,NO,TARRANT,9220 VINYARD LN,FORT WORTH,TX,76123,f9bdf6d39a118b4a4ff293674bab46416237cdfe51ad81a55f862aa7c94d1860,https://apps.hhs.texas.gov/providers/directories/dahs_issonly.xlsx,2026-09-30T13:16:18.681388+00:00,2026-09-28,ddf8014994d8863c64c00231fe77d48c54f0878bcf46d56e1ea056690e0546ba
TX_DAHS_ISS_ONLY,111025,644,QUALITY LIVING THROUGH CHOICES LLC,DAHS-ISSONLY,YES,NO,TARRANT,3126 SE LOOP 820,FORT WORTH,TX,76140,f9bdf6d39a118b4a4ff293674bab46416237cdfe51ad81a55f862aa7c94d1860,https://apps.hhs.texas.gov/providers/directories/dahs_issonly.xlsx,2026-09-30T13:16:18.681388+00:00,2026-09-28,73f938955bb65d671ccaccbb2bc6d3c2f3657458252caf77cfe147d4a9556314
TX_DAHS_ISS_ONLY,110898,645,"ROCK HOUSE SUPPORT SERVICES, INC",DAHS-ISSONLY,YES,NO,TARRANT,8701 MCCART AVENUE,FORT WORTH,TEXAS,76123,f9bdf6d39a118b4a4ff293674bab46416237cdfe51ad81a55f862aa7c94d1860,https://apps.hhs.texas.gov/providers/directories/dahs_issonly.xlsx,2026-09-30T13:16:18.681388+00:00,2026-09-28,ad3f458dbaa6e7094bc0eb8c9ed46e5fd550af4b085bbb6fcc947527996e4435
TX_DAHS_ISS_ONLY,111455,646,SANDRA WHEELER,DAHS-ISSONLY,YES,NO,TARRANT,6103 NORTH RIDGE ROAD,FORT WORTH,TEXAS,76135,f9bdf6d39a118b4a4ff293674bab46416237cdfe51ad81a55f862aa7c94d1860,https://apps.hhs.texas.gov/providers/directories/dahs_issonly.xlsx,2026-09-30T13:16:18.681388+00:00,2026-09-28,d8a211eac13266611f209fb0d646ea145201079c3a022c37405ccdae4afbc04e
TX_DAHS_ISS_ONLY,111973,647,THE SOCIAL CENTER FOR DD AND ASD,DAHS-ISSONLY,YES,NO,TARRANT,875 MCPHERSON RD,FORT WORTH,TEXAS,76140,f9bdf6d39a118b4a4ff293674bab46416237cdfe51ad81a55f862aa7c94d1860,https://apps.hhs.texas.gov/providers/directories/dahs_issonly.xlsx,2026-09-30T13:16:18.681388+00:00,2026-09-28,bdd2d61fa17b6fb73fc90ac6b4895fb4112ae504804127b9091970df5732c002
TX_DAHS_ISS_ONLY,111519,648,WEDGWOOD ACADEMY,DAHS-ISSONLY,YES,NO,TARRANT,4833 SELKIRK,FORT WORTH,TX,76109,f9bdf6d39a118b4a4ff293674bab46416237cdfe51ad81a55f862aa7c94d1860,https://apps.hhs.texas.gov/providers/directories/dahs_issonly.xlsx,2026-09-30T13:16:18.681388+00:00,2026-09-28,e504b9a2b7750f7071dd8c5aa090893939fd89c2d2343e1b2de079b243b0bfa4
TX_DAHS_ISS_ONLY,110911,649,EVERGREEN LIFE SERVICES OF FT WORTH,DAHS-ISSONLY,YES,NO,TARRANT,3425 VICKERY BLVD,FT WORTH,TEXAS,76105,f9bdf6d39a118b4a4ff293674bab46416237cdfe51ad81a55f862aa7c94d1860,https://apps.hhs.texas.gov/providers/directories/dahs_issonly.xlsx,2026-09-30T13:16:18.681388+00:00,2026-09-28,c24fe81dbde474d3d226c1103a7468253c43b3a862530a214875d4655e791ab5
TX_DAHS_ISS_ONLY,111091,650,CALAB LEARNING CENTER CLC,DAHS-ISSONLY,YES,NO,TARRANT,1025 SANTERRE DRIVE,GRAND PRAIRIE,TEXAS,75050,f9bdf6d39a118b4a4ff293674bab46416237cdfe51ad81a55f862aa7c94d1860,https://apps.hhs.texas.gov/providers/directories/dahs_issonly.xlsx,2026-09-30T13:16:18.681388+00:00,2026-09-28,aa452e04545c39d94823cdd250a5566340dc3e7c04db8ba2120a79baab9f4258
TX_DAHS_ISS_ONLY,110912,651,GOODWILL STARS PROGRAM GRAPEVINE,DAHS-ISSONLY,YES,NO,TARRANT,880 MUSTANG DR,GRAPEVINE,TX,76051,f9bdf6d39a118b4a4ff293674bab46416237cdfe51ad81a55f862aa7c94d1860,https://apps.hhs.texas.gov/providers/directories/dahs_issonly.xlsx,2026-09-30T13:16:18.681388+00:00,2026-09-28,e3b52a1e1d9e7e1d73490bf2f090cca25ebd3ff3a76c6a8af971d252b95166db
TX_DAHS_ISS_ONLY,111258,652,HERITAGE DAY ACTIVITY CENTER LLC,DAHS-ISSONLY,YES,NO,TARRANT,412 W BEDFORD/EULESS RD,HURST,TEXAS,76053,f9bdf6d39a118b4a4ff293674bab46416237cdfe51ad81a55f862aa7c94d1860,https://apps.hhs.texas.gov/providers/directories/dahs_issonly.xlsx,2026-09-30T13:16:18.681388+00:00,2026-09-28,eb4c68cf118254c29a5c8c53cf735a2c4ed20a90d4ad1399839f588687ffa9d7
TX_DAHS_ISS_ONLY,112037,653,KIYAN DONALD,DAHS-ISSONLY,YES,NO,TARRANT,538 W HARWOOD RD.,HURST,TEXAS,76054,f9bdf6d39a118b4a4ff293674bab46416237cdfe51ad81a55f862aa7c94d1860,https://apps.hhs.texas.gov/providers/directories/dahs_issonly.xlsx,2026-09-30T13:16:18.681388+00:00,2026-09-28,265f90761cf45a4feaf8e4a0dd190c14a0ca3dfa95a3657bd0396c01ae42e0d4
TX_DAHS_ISS_ONLY,111286,654,HEATHER'S OLD SKOOL VILLAGE,DAHS-ISSONLY,YES,NO,TARRANT,6018 GRAHAM STREET,LAKE WORTH,TEXAS,76135,f9bdf6d39a118b4a4ff293674bab46416237cdfe51ad81a55f862aa7c94d1860,https://apps.hhs.texas.gov/providers/directories/dahs_issonly.xlsx,2026-09-30T13:16:18.681388+00:00,2026-09-28,9a78d087348b66e3ba4eb50fc0d5db1c9973c31bd3aa1afe7ba5536b65d93136
TX_DAHS_ISS_ONLY,111675,655,LE'DEHAB,DAHS-ISSONLY,YES,NO,TARRANT,725 US HWY 287 NORTH SUITE 509,MANSFIELD,TEXAS,76063,f9bdf6d39a118b4a4ff293674bab46416237cdfe51ad81a55f862aa7c94d1860,https://apps.hhs.texas.gov/providers/directories/dahs_issonly.xlsx,2026-09-30T13:16:18.681388+00:00,2026-09-28,b1dc41a8cf4331ef6d00041be171691cb2485e120fd3d37c31c5548bb584082f
TX_DAHS_ISS_ONLY,112157,656,LIFEPOINT CONNEXION,DAHS-ISSONLY,YES,NO,TARRANT,580 PLEASANT RIDGE DR.,MANSFIELD,TEXAS,76063-7634,f9bdf6d39a118b4a4ff293674bab46416237cdfe51ad81a55f862aa7c94d1860,https://apps.hhs.texas.gov/providers/directories/dahs_issonly.xlsx,2026-09-30T13:16:18.681388+00:00,2026-09-28,73be761357b082eb300b0e5e17f6cd24a341836b9a6e9c235db0b457c7afd5a5
TX_DAHS_ISS_ONLY,111820,657,LOVE AND CARE COMPANIONS,DAHS-ISSONLY,YES,NO,TARRANT,4116 DALEY AVE,NORTH RICHLAND HILLS,TEXAS,76180,f9bdf6d39a118b4a4ff293674bab46416237cdfe51ad81a55f862aa7c94d1860,https://apps.hhs.texas.gov/providers/directories/dahs_issonly.xlsx,2026-09-30T13:16:18.681388+00:00,2026-09-28,39b1bcd8a1159bae1f6c26619c2e138adf3f893746ccfc3005352d0c2bebcc9b
TX_DAHS_ISS_ONLY,111360,658,ANGEL'S N TRANSITION,DAHS-ISSONLY,YES,NO,TARRANT,2609 JACKSBORO HWY,RIVER OAKS,TX,76114,f9bdf6d39a118b4a4ff293674bab46416237cdfe51ad81a55f862aa7c94d1860,https://apps.hhs.texas.gov/providers/directories/dahs_issonly.xlsx,2026-09-30T13:16:18.681388+00:00,2026-09-28,49339dc79bebd78e0a94dd0a0b8fdee3ab0995775935725f8e540e76559766ec
TX_DAHS_ISS_ONLY,111012,659,CHAMPION SERVICES INC,DAHS-ISSONLY,YES,NO,TARRANT,"2050 GREENWOOD DRIVE, SUITE 100",SOUTHLAKE,TEXAS,76092,f9bdf6d39a118b4a4ff293674bab46416237cdfe51ad81a55f862aa7c94d1860,https://apps.hhs.texas.gov/providers/directories/dahs_issonly.xlsx,2026-09-30T13:16:18.681388+00:00,2026-09-28,893721bfb5ee9548debb83a27bad65076947d0c4824e9378b1262bd7f30c68a6
TX_DAHS_ISS_ONLY,111023,660,ABILENE DAYHAB,DAHS-ISSONLY,YES,NO,TAYLOR,8228 US HWY 277 S,ABILENE,TEXAS,79606,f9bdf6d39a118b4a4ff293674bab46416237cdfe51ad81a55f862aa7c94d1860,https://apps.hhs.texas.gov/providers/directories/dahs_issonly.xlsx,2026-09-30T13:16:18.681388+00:00,2026-09-28,e2cf406bf0b70ff4e21fc14c87cabe2196df1ec31e34d5c4da6c1a9744713822
TX_DAHS_ISS_ONLY,111575,661,ABILENE ONSITE ISS,DAHS-ISSONLY,YES,NO,TAYLOR,1128 RUSSWOOD DR.,ABILENE,TEXAS,79601,f9bdf6d39a118b4a4ff293674bab46416237cdfe51ad81a55f862aa7c94d1860,https://apps.hhs.texas.gov/providers/directories/dahs_issonly.xlsx,2026-09-30T13:16:18.681388+00:00,2026-09-28,29163023adf78be0eae97ce1a3e237d864c9a64a6c23c539c6547adee2825e8e
TX_DAHS_ISS_ONLY,111186,662,BETTY HARDWICK CENTER,DAHS-ISSONLY,YES,NO,TAYLOR,2609 S SEVENTH ST,ABILENE,TX,79605,f9bdf6d39a118b4a4ff293674bab46416237cdfe51ad81a55f862aa7c94d1860,https://apps.hhs.texas.gov/providers/directories/dahs_issonly.xlsx,2026-09-30T13:16:18.681388+00:00,2026-09-28,c11eeac129d2145509550312a44cbdc748c05f6c432eb86a8d4c581e9b40e257
TX_DAHS_ISS_ONLY,111572,663,DAYBREAK ABILENE DAYHAB,DAHS-ISSONLY,YES,NO,TAYLOR,400 N WILLIS ST.,ABILENE,TEXAS,79603,f9bdf6d39a118b4a4ff293674bab46416237cdfe51ad81a55f862aa7c94d1860,https://apps.hhs.texas.gov/providers/directories/dahs_issonly.xlsx,2026-09-30T13:16:18.681388+00:00,2026-09-28,05801f981ddd61149a79b0cefd80b546e216f9eaf666fb3c2feb3cc43c343417
TX_DAHS_ISS_ONLY,111170,664,HILL RESOURCES INC,DAHS-ISSONLY,YES,NO,TAYLOR,1850 EAST LOWDEN ST,ABILENE,TEXAS,79601,f9bdf6d39a118b4a4ff293674bab46416237cdfe51ad81a55f862aa7c94d1860,https://apps.hhs.texas.gov/providers/directories/dahs_issonly.xlsx,2026-09-30T13:16:18.681388+00:00,2026-09-28,8d5fc6918844b7b94ca01646b538964705e5791c514721c0b3be338faebc30cb
TX_DAHS_ISS_ONLY,111202,665,HILL RESOURCES INC,DAHS-ISSONLY,YES,NO,TAYLOR,234 CHESTNUT STREET,ABILENE,TEXAS,79602,f9bdf6d39a118b4a4ff293674bab46416237cdfe51ad81a55f862aa7c94d1860,https://apps.hhs.texas.gov/providers/directories/dahs_issonly.xlsx,2026-09-30T13:16:18.681388+00:00,2026-09-28,8ea0873d820aa4e9681a7ba790f0ae631c8a6ee7acd7c83af3885941ecb65984
TX_DAHS_ISS_ONLY,110938,666,INTEGRATED COMMUNITY SERVICES,DAHS-ISSONLY,YES,NO,TAYLOR,2449 S TREADWAY BLVD.,ABILENE,TEXAS,79602,f9bdf6d39a118b4a4ff293674bab46416237cdfe51ad81a55f862aa7c94d1860,https://apps.hhs.texas.gov/providers/directories/dahs_issonly.xlsx,2026-09-30T13:16:18.681388+00:00,2026-09-28,9bf4a5c6e1c95f717429f02fb17308ed66da623921bce34bd676cfdfbf184860
TX_DAHS_ISS_ONLY,111100,667,THELMA LOUISE FRAZIER DBA ALPHA1 HCS,DAHS-ISSONLY,YES,NO,TITUS,1103 W 16TH ST,MOUNT PLEASANT,TEXAS,75455,f9bdf6d39a118b4a4ff293674bab46416237cdfe51ad81a55f862aa7c94d1860,https://apps.hhs.texas.gov/providers/directories/dahs_issonly.xlsx,2026-09-30T13:16:18.681388+00:00,2026-09-28,c3da95675b412f23914f77ff85db3cdabd096aa0730ad56540d26cb541002d5c
TX_DAHS_ISS_ONLY,111243,668,VOCATIONAL OPPORTUNITIES CENTER OF NORTHEAST TEXAS,DAHS-ISSONLY,YES,NO,TITUS,3501 COUNTY ROAD 1200,MOUNT PLEASANT,TEXAS,75455,f9bdf6d39a118b4a4ff293674bab46416237cdfe51ad81a55f862aa7c94d1860,https://apps.hhs.texas.gov/providers/directories/dahs_issonly.xlsx,2026-09-30T13:16:18.681388+00:00,2026-09-28,2fbd0f9088892a99e20c4d718563cf915123d3642b9c9998f668a901271a84bd
TX_DAHS_ISS_ONLY,110981,669,DAYBREAK ACTIVITY CENTER,DAHS-ISSONLY,YES,NO,TOM GREEN,3109 EXECUTIVE DRIVE,SAN ANGELO,TX,76904,f9bdf6d39a118b4a4ff293674bab46416237cdfe51ad81a55f862aa7c94d1860,https://apps.hhs.texas.gov/providers/directories/dahs_issonly.xlsx,2026-09-30T13:16:18.681388+00:00,2026-09-28,76cf8d77c12eb68e3c91d4ea69d53c8aac6ad27fcc7f2b0f0269cff83d7105a8
TX_DAHS_ISS_ONLY,110961,670,EDUCARE COMMUNITY LIVING CORPORATION  TEXAS,DAHS-ISSONLY,YES,NO,TOM GREEN,3501 ARDEN ROAD,SAN ANGELO,TEXAS,76903,f9bdf6d39a118b4a4ff293674bab46416237cdfe51ad81a55f862aa7c94d1860,https://apps.hhs.texas.gov/providers/directories/dahs_issonly.xlsx,2026-09-30T13:16:18.681388+00:00,2026-09-28,48fc0125664fb2262d3239de2be21e5ab1d6c5cc8b4993edeeffe7b3006688f5
TX_DAHS_ISS_ONLY,111168,671,FRESH START OF SAN ANGELO,DAHS-ISSONLY,YES,NO,TOM GREEN,110  S TAYLOR ST,SAN ANGELO,TX,76901,f9bdf6d39a118b4a4ff293674bab46416237cdfe51ad81a55f862aa7c94d1860,https://apps.hhs.texas.gov/providers/directories/dahs_issonly.xlsx,2026-09-30T13:16:18.681388+00:00,2026-09-28,f8f632ceacd8c39333aa7aa4de5580ff6079a7d12d4b4b78adfebef89d30dd38
TX_DAHS_ISS_ONLY,110937,672,MHMR SERVICES FOR THE CONCHO VALLEY,DAHS-ISSONLY,YES,NO,TOM GREEN,1501 WEST BEAUREGAD AVE,SAN ANGELO,TEXAS,76901,f9bdf6d39a118b4a4ff293674bab46416237cdfe51ad81a55f862aa7c94d1860,https://apps.hhs.texas.gov/providers/directories/dahs_issonly.xlsx,2026-09-30T13:16:18.681388+00:00,2026-09-28,567504857cb2e2e32bc8a12f75fb1eddc069993ff8d169a16dfecc826b84d057
TX_DAHS_ISS_ONLY,110836,673,SAN ANGELO DAY HABILITATION,DAHS-ISSONLY,YES,NO,TOM GREEN,3745 S. JACKSON STREET STE B,SAN ANGELO,TEXAS,76904,f9bdf6d39a118b4a4ff293674bab46416237cdfe51ad81a55f862aa7c94d1860,https://apps.hhs.texas.gov/providers/directories/dahs_issonly.xlsx,2026-09-30T13:16:18.681388+00:00,2026-09-28,8fb81663c17c6bcaf4e43e8caef720b4682b9102c0b8a81d0eead73bd844d848
TX_DAHS_ISS_ONLY,111328,674,ADVENTURERS ACADEMY OF LIFELONG LEARNING,DAHS-ISSONLY,YES,NO,TRAVIS,1010 MEREDITH DR,AUSTIN,TX,78748,f9bdf6d39a118b4a4ff293674bab46416237cdfe51ad81a55f862aa7c94d1860,https://apps.hhs.texas.gov/providers/directories/dahs_issonly.xlsx,2026-09-30T13:16:18.681388+00:00,2026-09-28,f850891d6c625cb8c5a177a3fdbe29370d5564ef815a1b424b305b4813b59616
TX_DAHS_ISS_ONLY,110879,675,AUSTIN VOCATIONAL SERVICES,DAHS-ISSONLY,YES,NO,TRAVIS,8906 WALL STREET SUITE 302,AUSTIN,TEXAS,78754,f9bdf6d39a118b4a4ff293674bab46416237cdfe51ad81a55f862aa7c94d1860,https://apps.hhs.texas.gov/providers/directories/dahs_issonly.xlsx,2026-09-30T13:16:18.681388+00:00,2026-09-28,9d94d5dcfb765e8b7067cdd25b0b752f18a18e2033e405ee4d1cd991cc6744c6
TX_DAHS_ISS_ONLY,111856,676,BONATERRA INC,DAHS-ISSONLY,YES,NO,TRAVIS,"1320 E 51ST STREET, SUITE A",AUSTIN,TEXAS,78723,f9bdf6d39a118b4a4ff293674bab46416237cdfe51ad81a55f862aa7c94d1860,https://apps.hhs.texas.gov/providers/directories/dahs_issonly.xlsx,2026-09-30T13:16:18.681388+00:00,2026-09-28,27cfe98f59b3b3f717957dd6a93cfc291403e0d62e7854c66043c0dcb1f95049
TX_DAHS_ISS_ONLY,110978,677,BONATERRA INC,DAHS-ISSONLY,YES,NO,TRAVIS,119 CUMBERLAND RD,AUSTIN,TEXAS,78704,f9bdf6d39a118b4a4ff293674bab46416237cdfe51ad81a55f862aa7c94d1860,https://apps.hhs.texas.gov/providers/directories/dahs_issonly.xlsx,2026-09-30T13:16:18.681388+00:00,2026-09-28,e87bd1a67c67bfb9d96734098fac68c5affb79a36415540809f55b1eda351e79
TX_DAHS_ISS_ONLY,110770,678,BONATERRA INC,DAHS-ISSONLY,YES,NO,TRAVIS,608 RALPH ABLANEDO DR,AUSTIN,TEXAS,78748,f9bdf6d39a118b4a4ff293674bab46416237cdfe51ad81a55f862aa7c94d1860,https://apps.hhs.texas.gov/providers/directories/dahs_issonly.xlsx,2026-09-30T13:16:18.681388+00:00,2026-09-28,93afa9b04f52aef992a6a8a13f128f06eff34d1e3757d103ff6f8cff070a38db
TX_DAHS_ISS_ONLY,111268,679,CATINA CROCHETT,DAHS-ISSONLY,YES,NO,TRAVIS,6504 GLEBE PATH,AUSTIN,TEXAS,78754,f9bdf6d39a118b4a4ff293674bab46416237cdfe51ad81a55f862aa7c94d1860,https://apps.hhs.texas.gov/providers/directories/dahs_issonly.xlsx,2026-09-30T13:16:18.681388+00:00,2026-09-28,c5e074700a107a0c22067766bd8448b4b7f6b28e3c121ac67957535c614edfeb
TX_DAHS_ISS_ONLY,111174,680,DAISYS DAY HAB INC,DAHS-ISSONLY,YES,NO,TRAVIS,11302 JUNE DR.,AUSTIN,TEXAS,78753,f9bdf6d39a118b4a4ff293674bab46416237cdfe51ad81a55f862aa7c94d1860,https://apps.hhs.texas.gov/providers/directories/dahs_issonly.xlsx,2026-09-30T13:16:18.681388+00:00,2026-09-28,28cb5847a72a8c5c9fea75a5861044edf7af191750d9640a8406338e178ac184
TX_DAHS_ISS_ONLY,111068,681,EXCEPTIONAL EMPLOYMENT SERVICES,DAHS-ISSONLY,YES,NO,TRAVIS,2621 RIDGEPIONT DR #130,AUSTIN,TX,78754,f9bdf6d39a118b4a4ff293674bab46416237cdfe51ad81a55f862aa7c94d1860,https://apps.hhs.texas.gov/providers/directories/dahs_issonly.xlsx,2026-09-30T13:16:18.681388+00:00,2026-09-28,a090be5adea21a52b6dabe578db3bd5dd671693f0a142869b8277c684bbad96a
TX_DAHS_ISS_ONLY,112149,682,GURKASH LLC,DAHS-ISSONLY,YES,NO,TRAVIS,2028 E. BEN WHITE BLVD. SUITE 115,AUSTIN,TX,78741,f9bdf6d39a118b4a4ff293674bab46416237cdfe51ad81a55f862aa7c94d1860,https://apps.hhs.texas.gov/providers/directories/dahs_issonly.xlsx,2026-09-30T13:16:18.681388+00:00,2026-09-28,58443f8a3a7549a935b56e74d58748856319324a0a7f503f9053da9d66cd369f
TX_DAHS_ISS_ONLY,112049,683,HOLA DAYHAB LLC,DAHS-ISSONLY,YES,NO,TRAVIS,719 W WILLIAM CANNON DR. STE 112,AUSTIN,TEXAS,78745,f9bdf6d39a118b4a4ff293674bab46416237cdfe51ad81a55f862aa7c94d1860,https://apps.hhs.texas.gov/providers/directories/dahs_issonly.xlsx,2026-09-30T13:16:18.681388+00:00,2026-09-28,c2c22c2bd5ee2db422e68cd472a1c7e40df0a4ad5394c86d2e8ba2de2cdc6140
TX_DAHS_ISS_ONLY,110957,684,IMAGINE ART,DAHS-ISSONLY,YES,NO,TRAVIS,1127 TILLERY STREET,AUSTIN,TEXAS,78702,f9bdf6d39a118b4a4ff293674bab46416237cdfe51ad81a55f862aa7c94d1860,https://apps.hhs.texas.gov/providers/directories/dahs_issonly.xlsx,2026-09-30T13:16:18.681388+00:00,2026-09-28,837a07618fcc5b3533232095e9ad514915586931247194c58bb03efa6954788e
TX_DAHS_ISS_ONLY,111067,685,INDEPENDENT IDENTITY,DAHS-ISSONLY,YES,NO,TRAVIS,7801 NORTH LAMAR BOULEVARD B168,AUSTIN,TEXAS,78752,f9bdf6d39a118b4a4ff293674bab46416237cdfe51ad81a55f862aa7c94d1860,https://apps.hhs.texas.gov/providers/directories/dahs_issonly.xlsx,2026-09-30T13:16:18.681388+00:00,2026-09-28,6fdd1ca4872dca3a399f421e9aa4d956cb2d7a2cf91d693602d01d79ceb980d7
TX_DAHS_ISS_ONLY,110999,686,INSPIRE SOUTH INC,DAHS-ISSONLY,YES,NO,TRAVIS,4400-B S. 1ST STREET,AUSTIN,TEXAS,78745,f9bdf6d39a118b4a4ff293674bab46416237cdfe51ad81a55f862aa7c94d1860,https://apps.hhs.texas.gov/providers/directories/dahs_issonly.xlsx,2026-09-30T13:16:18.681388+00:00,2026-09-28,c5ebb48a6a327ee2eb9fceba1592d05a6626da05838abff85ef48c15f2aebe38
TX_DAHS_ISS_ONLY,111109,687,LANIQUES DAY HAB,DAHS-ISSONLY,YES,NO,TRAVIS,2013 WELLS BRANCH PKWY # 118,AUSTIN,TX,78728,f9bdf6d39a118b4a4ff293674bab46416237cdfe51ad81a55f862aa7c94d1860,https://apps.hhs.texas.gov/providers/directories/dahs_issonly.xlsx,2026-09-30T13:16:18.681388+00:00,2026-09-28,1c1b75dcea6a5b6c363c1c3188e187d97ae5b5741bb31e44853707f3d55cb3db
TX_DAHS_ISS_ONLY,111156,688,MARY LEE FOUNDATION DAYBREAK,DAHS-ISSONLY,YES,NO,TRAVIS,1327 LAMAR SQUARE DRIVE,AUSTIN,TX,78704,f9bdf6d39a118b4a4ff293674bab46416237cdfe51ad81a55f862aa7c94d1860,https://apps.hhs.texas.gov/providers/directories/dahs_issonly.xlsx,2026-09-30T13:16:18.681388+00:00,2026-09-28,7693c4abcf762b9e3f5551182b00124a36060e56ab9c58a841d178bde239eaa2
TX_DAHS_ISS_ONLY,110800,689,"S&S EXTRAVAGANZA, LLC",DAHS-ISSONLY,YES,NO,TRAVIS,"11530 MANCHACA  RD, BDLG 6",AUSTIN,TEXAS,78748,f9bdf6d39a118b4a4ff293674bab46416237cdfe51ad81a55f862aa7c94d1860,https://apps.hhs.texas.gov/providers/directories/dahs_issonly.xlsx,2026-09-30T13:16:18.681388+00:00,2026-09-28,96c0491a93cc0c68c04e975e247f32fd4ddc16d92aeac0f88317361dfe853816
TX_DAHS_ISS_ONLY,111648,690,THE ARC OF THE CAPITAL AREA  DOWNTOWN LOCATION,DAHS-ISSONLY,YES,NO,TRAVIS,7050 VILLAGE CENTER DR.,AUSTIN,TEXAS,78731,f9bdf6d39a118b4a4ff293674bab46416237cdfe51ad81a55f862aa7c94d1860,https://apps.hhs.texas.gov/providers/directories/dahs_issonly.xlsx,2026-09-30T13:16:18.681388+00:00,2026-09-28,9894d7a0c467cbc4cdd2b0b8735fb9df3d3c3facab31a9ea184c152b7fa16d4a
TX_DAHS_ISS_ONLY,112209,691,TOTAL FRIENDLY CARE INC,DAHS-ISSONLY,YES,NO,TRAVIS,"7500 W HIGHWAY 71, SUITE 106",AUSTIN,TX,78735,f9bdf6d39a118b4a4ff293674bab46416237cdfe51ad81a55f862aa7c94d1860,https://apps.hhs.texas.gov/providers/directories/dahs_issonly.xlsx,2026-09-30T13:16:18.681388+00:00,2026-09-28,b5c76b4ee63ead13b9c78659a7c4640eb28d41eff7f635a94773d5453bd41808
TX_DAHS_ISS_ONLY,112007,692,A FAMILY OF NEW BEGINNINGS INC,DAHS-ISSONLY,YES,NO,TRAVIS,2911 SOUTH A W GRIMES BLVD STE 770,PFLUGERVILLE,TEXAS,78660,f9bdf6d39a118b4a4ff293674bab46416237cdfe51ad81a55f862aa7c94d1860,https://apps.hhs.texas.gov/providers/directories/dahs_issonly.xlsx,2026-09-30T13:16:18.681388+00:00,2026-09-28,52cbae1dc3bde66e90bb333b8f4477321f2987ba54c11ef3689ee16b8f0bface
TX_DAHS_ISS_ONLY,111503,693,BLESSINGS FUNDAMENTAL DAY SERVICE,DAHS-ISSONLY,YES,NO,TRAVIS,1226 FM 685,PFLUGERVILLE,TEXAS,78660,f9bdf6d39a118b4a4ff293674bab46416237cdfe51ad81a55f862aa7c94d1860,https://apps.hhs.texas.gov/providers/directories/dahs_issonly.xlsx,2026-09-30T13:16:18.681388+00:00,2026-09-28,fd0db21d80903669770bf8814bf4cc45e27279440f2c199219288f822e0e3a5a
TX_DAHS_ISS_ONLY,110892,694,BLESSINGS FUNDAMENTAL DAY SERVICE,DAHS-ISSONLY,YES,NO,TRAVIS,1317 PICADILLY DRIVE SUITE A-105,PFLUGERVILLE,TEXAS,78660,f9bdf6d39a118b4a4ff293674bab46416237cdfe51ad81a55f862aa7c94d1860,https://apps.hhs.texas.gov/providers/directories/dahs_issonly.xlsx,2026-09-30T13:16:18.681388+00:00,2026-09-28,21cf26716725fae7cbd5e10ac5f5e486bc952649e10a215094c59114f04ee457
TX_DAHS_ISS_ONLY,112219,695,BRIGHT FUTURES DAY CENTER LLC,DAHS-ISSONLY,YES,NO,TRAVIS,103 S 12TH STREET  #100,PFLUGERVILLE,TEXAS,78660,f9bdf6d39a118b4a4ff293674bab46416237cdfe51ad81a55f862aa7c94d1860,https://apps.hhs.texas.gov/providers/directories/dahs_issonly.xlsx,2026-09-30T13:16:18.681388+00:00,2026-09-28,39306b682477fa03b161a4f87b5b099f9a82060dbe64558849160ebf1a5d108e
TX_DAHS_ISS_ONLY,112143,696,BUDA'S BRIGHTSIDE,DAHS-ISSONLY,YES,NO,TX,300 N SAN MARCOS STREET,BUDA,TX,78610,f9bdf6d39a118b4a4ff293674bab46416237cdfe51ad81a55f862aa7c94d1860,https://apps.hhs.texas.gov/providers/directories/dahs_issonly.xlsx,2026-09-30T13:16:18.681388+00:00,2026-09-28,32f912005096436a597479b5ccc8f2ad799c84e6c4e1b6bbc2de88cb94aa73e0
TX_DAHS_ISS_ONLY,111605,697,"GWY DAYHAB, LLC",DAHS-ISSONLY,YES,NO,TX,219 E AVENUE D,KILLEEN,TX,76541,f9bdf6d39a118b4a4ff293674bab46416237cdfe51ad81a55f862aa7c94d1860,https://apps.hhs.texas.gov/providers/directories/dahs_issonly.xlsx,2026-09-30T13:16:18.681388+00:00,2026-09-28,1073f88805debf64673edd34cc0fc1719115c65f06c564dd4a3960671bf1bf08
TX_DAHS_ISS_ONLY,111265,698,NEW HORIZONS DAY HABILITATION LLC,DAHS-ISSONLY,YES,NO,UPSHUR,220 BUFFALO ST.,GILMER,TX,75644,f9bdf6d39a118b4a4ff293674bab46416237cdfe51ad81a55f862aa7c94d1860,https://apps.hhs.texas.gov/providers/directories/dahs_issonly.xlsx,2026-09-30T13:16:18.681388+00:00,2026-09-28,61dbbe0d7a7194afc8dc3d44aa2880e9670a214f387f27705ccf476ffa1ceb2f
TX_DAHS_ISS_ONLY,111296,699,"FOREVER GROWING INSTITUTE, INC",DAHS-ISSONLY,YES,NO,UVALDE,324 CRYSTAL CITY HWY,UVALDE,TX,78801,f9bdf6d39a118b4a4ff293674bab46416237cdfe51ad81a55f862aa7c94d1860,https://apps.hhs.texas.gov/providers/directories/dahs_issonly.xlsx,2026-09-30T13:16:18.681388+00:00,2026-09-28,db192db97c5a5be70f3d30e902d1ed4de1adf6ffd818b29b18e975e61b03b8e4
TX_DAHS_ISS_ONLY,110744,700,LIFETIME LIVING AT UVALDE,DAHS-ISSONLY,YES,NO,UVALDE,4407 E US HWY 90,UVALDE,TEXAS,78801,f9bdf6d39a118b4a4ff293674bab46416237cdfe51ad81a55f862aa7c94d1860,https://apps.hhs.texas.gov/providers/directories/dahs_issonly.xlsx,2026-09-30T13:16:18.681388+00:00,2026-09-28,fc938d72f8538c74bef0e77ae5f89c0d6231ea7011e81d33766ba2d89fd83aec
TX_DAHS_ISS_ONLY,111561,701,"FOREVER GROWING INSTITUTE, INC",DAHS-ISSONLY,YES,NO,VAL VERDE,1011 DR FERMIN CALRON BLVD.,DEL RIO,TEXAS,78840,f9bdf6d39a118b4a4ff293674bab46416237cdfe51ad81a55f862aa7c94d1860,https://apps.hhs.texas.gov/providers/directories/dahs_issonly.xlsx,2026-09-30T13:16:18.681388+00:00,2026-09-28,8603795655509d6502d7433b44d1af93c899bcd7c3811cb0d654c32cfea5d7ec
TX_DAHS_ISS_ONLY,111125,702,LIFE CHOICES UNLIMITED INC DEL RIO,DAHS-ISSONLY,YES,NO,VAL VERDE,1205 N BEDELL AVE,DEL RIO,TX,78840,f9bdf6d39a118b4a4ff293674bab46416237cdfe51ad81a55f862aa7c94d1860,https://apps.hhs.texas.gov/providers/directories/dahs_issonly.xlsx,2026-09-30T13:16:18.681388+00:00,2026-09-28,22e55502ee933befade9c913333fd2e7520251db53a268325bf2d0f414911ecb
TX_DAHS_ISS_ONLY,111405,703,SPECIAL DAY ACTIVITY CENTER LLC,DAHS-ISSONLY,YES,NO,VAN ZANDT,375 WEST MAIN STREET,VAN,TEXAS,75790,f9bdf6d39a118b4a4ff293674bab46416237cdfe51ad81a55f862aa7c94d1860,https://apps.hhs.texas.gov/providers/directories/dahs_issonly.xlsx,2026-09-30T13:16:18.681388+00:00,2026-09-28,08674b076bbf46a1bb5060ba9a0faaa98be459bff1a828e6ccb747f643ca4113
TX_DAHS_ISS_ONLY,111308,704,BRENDA'S BLESSINGS,DAHS-ISSONLY,YES,NO,VAN ZANDT,651 VAN ZANDT CR 2146,WILLS POINT,TEXAS,75169,f9bdf6d39a118b4a4ff293674bab46416237cdfe51ad81a55f862aa7c94d1860,https://apps.hhs.texas.gov/providers/directories/dahs_issonly.xlsx,2026-09-30T13:16:18.681388+00:00,2026-09-28,2cf4a335663cf9b55c9e039fce20de246d3f4e9522b21704b6b89d1972491051
TX_DAHS_ISS_ONLY,111163,705,BELLTECH ENTERPRISES,DAHS-ISSONLY,YES,NO,VICTORIA,102 COZZI CIRCLE,VICTORIA,TEXAS,77901,f9bdf6d39a118b4a4ff293674bab46416237cdfe51ad81a55f862aa7c94d1860,https://apps.hhs.texas.gov/providers/directories/dahs_issonly.xlsx,2026-09-30T13:16:18.681388+00:00,2026-09-28,aa73705664b0eb33f3ad3ebb7759bd3938946ddce10b0e783fff5a25a3be3486
TX_DAHS_ISS_ONLY,110923,706,VICTORIA DAYHAB,DAHS-ISSONLY,YES,NO,VICTORIA,103 NORTH STAR DRIVE,VICTORIA,TEXAS,77904,f9bdf6d39a118b4a4ff293674bab46416237cdfe51ad81a55f862aa7c94d1860,https://apps.hhs.texas.gov/providers/directories/dahs_issonly.xlsx,2026-09-30T13:16:18.681388+00:00,2026-09-28,8caf30df74dd30d7ec061b6d670452c2727778069a5e0e4579b723d6e9e31d0e
TX_DAHS_ISS_ONLY,111027,707,TRICOUNTY BEHAVIORAL HEALTHCARE HUNTSVILLE ISS,DAHS-ISSONLY,YES,NO,WALKER,7045 HIGHWAY 75 SOUTH,HUNTSVILLE,TEXAS,77340,f9bdf6d39a118b4a4ff293674bab46416237cdfe51ad81a55f862aa7c94d1860,https://apps.hhs.texas.gov/providers/directories/dahs_issonly.xlsx,2026-09-30T13:16:18.681388+00:00,2026-09-28,e8f5159ed5eee7f3b0dc8dab5ed76646f77769767f3a8fd97be34e7ac08a2db8
TX_DAHS_ISS_ONLY,111158,708,WARD COUNTY VOTECH CENTER,DAHS-ISSONLY,YES,NO,WARD,107 EAST K,MONAHANS,TEXAS,79756,f9bdf6d39a118b4a4ff293674bab46416237cdfe51ad81a55f862aa7c94d1860,https://apps.hhs.texas.gov/providers/directories/dahs_issonly.xlsx,2026-09-30T13:16:18.681388+00:00,2026-09-28,f8ab8c59d68e363470c746f232a365468bce188b0034e54d17b24b0c9e941889
TX_DAHS_ISS_ONLY,110886,709,BOUNTIFUL BLESSINGS DAY PROGRAM LLC,DAHS-ISSONLY,YES,NO,WASHINGTON,1004 BLUEBELL RD.,BRENHAM,TX,77833,f9bdf6d39a118b4a4ff293674bab46416237cdfe51ad81a55f862aa7c94d1860,https://apps.hhs.texas.gov/providers/directories/dahs_issonly.xlsx,2026-09-30T13:16:18.681388+00:00,2026-09-28,65c1396f9be51f1aab0e83d006c60870c470e0f82f0fa2672c78c58714523e25
TX_DAHS_ISS_ONLY,110883,710,BRENHAM DAY HABILITATION,DAHS-ISSONLY,YES,NO,WASHINGTON,304 BLUE BELL ROAD,BRENHAM,TX,77833,f9bdf6d39a118b4a4ff293674bab46416237cdfe51ad81a55f862aa7c94d1860,https://apps.hhs.texas.gov/providers/directories/dahs_issonly.xlsx,2026-09-30T13:16:18.681388+00:00,2026-09-28,727286126df6194db31ae4e0f590a5714fdd43d7de3ba3dbfdc4af7dabdc1c5d
TX_DAHS_ISS_ONLY,111412,711,EMBRACING ANGELS,DAHS-ISSONLY,YES,NO,WASHINGTON,8222 HWY 105,BRENHAM,TEXAS,77833,f9bdf6d39a118b4a4ff293674bab46416237cdfe51ad81a55f862aa7c94d1860,https://apps.hhs.texas.gov/providers/directories/dahs_issonly.xlsx,2026-09-30T13:16:18.681388+00:00,2026-09-28,2b0aa4ad4946f34c71e640f3ab2b8bb483ea03f5c1ab5197c34938a46774b924
TX_DAHS_ISS_ONLY,110834,712,"JOVIC HOMES, LLC",DAHS-ISSONLY,YES,NO,WASHINGTON,904 S AUSTIN STREET,BRENHAM,TX,77833,f9bdf6d39a118b4a4ff293674bab46416237cdfe51ad81a55f862aa7c94d1860,https://apps.hhs.texas.gov/providers/directories/dahs_issonly.xlsx,2026-09-30T13:16:18.681388+00:00,2026-09-28,b017a7f53c5e4459d4f10951d737bbcefe0f9565bb52a6f75a42b368b9c2716d
TX_DAHS_ISS_ONLY,111249,713,LIFE CHOICES CENTER WASHINGTON,DAHS-ISSONLY,YES,NO,WASHINGTON,300 LOUNGE,BRENHAM,TEXAS,77833,f9bdf6d39a118b4a4ff293674bab46416237cdfe51ad81a55f862aa7c94d1860,https://apps.hhs.texas.gov/providers/directories/dahs_issonly.xlsx,2026-09-30T13:16:18.681388+00:00,2026-09-28,10176f2bdecdb2abe9baf512a84a860d58664ce161de4cfb91ed88a56ccb4767
TX_DAHS_ISS_ONLY,111419,714,BORDER REGION MHMR COMMUNITY CENTER,DAHS-ISSONLY,YES,NO,WEBB,1500 PAPPAS ST.,LAREDO,TX,78041,f9bdf6d39a118b4a4ff293674bab46416237cdfe51ad81a55f862aa7c94d1860,https://apps.hhs.texas.gov/providers/directories/dahs_issonly.xlsx,2026-09-30T13:16:18.681388+00:00,2026-09-28,c95764d0c5e65affa868418f568ae95519b5f311111cc9e55952fde1b02b747c
TX_DAHS_ISS_ONLY,111563,715,"FOREVER GROWING INSTITUTE, INC",DAHS-ISSONLY,YES,NO,WEBB,2387 SAUNDERS E. STE 1,LAREDO,TEXAS,78041,f9bdf6d39a118b4a4ff293674bab46416237cdfe51ad81a55f862aa7c94d1860,https://apps.hhs.texas.gov/providers/directories/dahs_issonly.xlsx,2026-09-30T13:16:18.681388+00:00,2026-09-28,2e50ea0d11e891aec5751efe925218c067642da7da5adaddcec2b270c060be67
TX_DAHS_ISS_ONLY,111520,716,"HAPPY FAMILIES, LLC",DAHS-ISSONLY,YES,NO,WEBB,220 W. HILLSIDE RD. STE 7,LAREDO,TEXAS,78041,f9bdf6d39a118b4a4ff293674bab46416237cdfe51ad81a55f862aa7c94d1860,https://apps.hhs.texas.gov/providers/directories/dahs_issonly.xlsx,2026-09-30T13:16:18.681388+00:00,2026-09-28,e35fa49fda4c8007e75c680994af74777a701fb738469e57212e7cba8950a74f
TX_DAHS_ISS_ONLY,112032,717,"HAVEN LINK, LLC",DAHS-ISSONLY,YES,NO,WEBB,5411 MCPHERSON RD. SUITE 104,LAREDO,TEXAS,78041,f9bdf6d39a118b4a4ff293674bab46416237cdfe51ad81a55f862aa7c94d1860,https://apps.hhs.texas.gov/providers/directories/dahs_issonly.xlsx,2026-09-30T13:16:18.681388+00:00,2026-09-28,5429f1bfcde390533481f8c98989a5b520280130d0ba73bf3a821200e7271e36
TX_DAHS_ISS_ONLY,111136,718,LIFE CHOICES UNLIMITED INC LAREDO,DAHS-ISSONLY,YES,NO,WEBB,1219 CORPUS CHRISTI ST,LAREDO,TX,78040,f9bdf6d39a118b4a4ff293674bab46416237cdfe51ad81a55f862aa7c94d1860,https://apps.hhs.texas.gov/providers/directories/dahs_issonly.xlsx,2026-09-30T13:16:18.681388+00:00,2026-09-28,1af169498e78522dcf5913d8ba8dc83a47976e9e1feb4c62fa1ae2c1af1424b8
TX_DAHS_ISS_ONLY,110849,719,ALL THE LITTLE THINGS COUNTRY,DAHS-ISSONLY,YES,NO,WHARTON,511 W. JACKSON STREET,EL CAMPO,TEXAS,77437,f9bdf6d39a118b4a4ff293674bab46416237cdfe51ad81a55f862aa7c94d1860,https://apps.hhs.texas.gov/providers/directories/dahs_issonly.xlsx,2026-09-30T13:16:18.681388+00:00,2026-09-28,326490304b0b4c7a975ff18e27dca3e04b1d4bfbc50a4481f570b729df6a4784
TX_DAHS_ISS_ONLY,110710,720,1ABSOLUTE CARE HCS CORPORATION,DAHS-ISSONLY,YES,NO,WHARTON,1330 NORTH RICHMOND RD,WHARTON,TEXAS,77488,f9bdf6d39a118b4a4ff293674bab46416237cdfe51ad81a55f862aa7c94d1860,https://apps.hhs.texas.gov/providers/directories/dahs_issonly.xlsx,2026-09-30T13:16:18.681388+00:00,2026-09-28,225e3375f7a1e1b017e39fde9d4c51305d4fdb3021e9a56df78003ee7af67017
TX_DAHS_ISS_ONLY,111961,721,C & A TRAINING CENTER LLC,DAHS-ISSONLY,YES,NO,WHARTON,1017 1/2 N ALABAMA RD,WHARTON,TEXAS,77488,f9bdf6d39a118b4a4ff293674bab46416237cdfe51ad81a55f862aa7c94d1860,https://apps.hhs.texas.gov/providers/directories/dahs_issonly.xlsx,2026-09-30T13:16:18.681388+00:00,2026-09-28,3d78835ed75ff25eabeb077ed75c19fcc45e6d114f3418a73347966e77a9036a
TX_DAHS_ISS_ONLY,111978,722,ANCHORED IN HOPE DAY CENTER LLC,DAHS-ISSONLY,YES,NO,WICHITA,2101 GRANT STREET SUITE 3,WICHITA FALLS,TX,76309,f9bdf6d39a118b4a4ff293674bab46416237cdfe51ad81a55f862aa7c94d1860,https://apps.hhs.texas.gov/providers/directories/dahs_issonly.xlsx,2026-09-30T13:16:18.681388+00:00,2026-09-28,a487264ceff181db9fc4b966e573a1855ee3029355b81205bf2c83c2a2e8f0b2
TX_DAHS_ISS_ONLY,111005,723,"THE ARC OF WICHITA COUNTY, INC",DAHS-ISSONLY,YES,NO,WICHITA,3307 BUCHANAN,WICHITA FALLS,TEXAS,76308,f9bdf6d39a118b4a4ff293674bab46416237cdfe51ad81a55f862aa7c94d1860,https://apps.hhs.texas.gov/providers/directories/dahs_issonly.xlsx,2026-09-30T13:16:18.681388+00:00,2026-09-28,268e249dd28751ac7d08118a85b0b39b3a29761485fae41151c2bf4fb1b9190b
TX_DAHS_ISS_ONLY,112148,724,"THE ARC OF WICHITA COUNTY, INC",DAHS-ISSONLY,YES,NO,WICHITA,3124 GRANT ST.,WICHITA FALLS,TEXAS,76308,f9bdf6d39a118b4a4ff293674bab46416237cdfe51ad81a55f862aa7c94d1860,https://apps.hhs.texas.gov/providers/directories/dahs_issonly.xlsx,2026-09-30T13:16:18.681388+00:00,2026-09-28,e1902212f19881cbc648c274b571838ee598f21c09c085107be76ce9685bb73d
TX_DAHS_ISS_ONLY,110944,725,WICHITA FALLS DAYHAB,DAHS-ISSONLY,YES,NO,WICHITA,1601 BLUFF STREET,WICHITA FALLS,TEXAS,76310,f9bdf6d39a118b4a4ff293674bab46416237cdfe51ad81a55f862aa7c94d1860,https://apps.hhs.texas.gov/providers/directories/dahs_issonly.xlsx,2026-09-30T13:16:18.681388+00:00,2026-09-28,755fb5a232014d6265094ef589a651169fa8cc3a0f030d57416ccc373c7cb428
TX_DAHS_ISS_ONLY,110985,726,WICHITA FALLS LYDIA DAY HABILITATION,DAHS-ISSONLY,YES,NO,WICHITA,2909 LYDIA DRIVE,WICHITA FALLS,TX,76308,f9bdf6d39a118b4a4ff293674bab46416237cdfe51ad81a55f862aa7c94d1860,https://apps.hhs.texas.gov/providers/directories/dahs_issonly.xlsx,2026-09-30T13:16:18.681388+00:00,2026-09-28,765601d53a8b99c5aa3730e34dcc10ef0f2bf3961a7ff299a58a642647be76d6
TX_DAHS_ISS_ONLY,111427,727,JOHN 13 COMMUNITY,DAHS-ISSONLY,YES,NO,WILLIAMSON,8700 WEISER DRIVE,AUSTIN,TX,78729,f9bdf6d39a118b4a4ff293674bab46416237cdfe51ad81a55f862aa7c94d1860,https://apps.hhs.texas.gov/providers/directories/dahs_issonly.xlsx,2026-09-30T13:16:18.681388+00:00,2026-09-28,4e44cc84226fec39390ce96ea15b0483271aa2974c986e0cc0ef331ab4dca13a
TX_DAHS_ISS_ONLY,112142,728,THE SENSORY CLUB AUSTIN,DAHS-ISSONLY,YES,NO,WILLIAMSON,11066 PECAN PARK BLVD #417,CEDAR PARK,TEXAS,78613,f9bdf6d39a118b4a4ff293674bab46416237cdfe51ad81a55f862aa7c94d1860,https://apps.hhs.texas.gov/providers/directories/dahs_issonly.xlsx,2026-09-30T13:16:18.681388+00:00,2026-09-28,5a8c34f3a9379ad563a6c4e7725405b06a7c92cdef2410ad48024607c1a0014d
TX_DAHS_ISS_ONLY,111725,729,"GRACE ANCHOR, LLC",DAHS-ISSONLY,YES,NO,WILLIAMSON,101 EASTVIEW DR,GEORGETOWN,TX,78626,f9bdf6d39a118b4a4ff293674bab46416237cdfe51ad81a55f862aa7c94d1860,https://apps.hhs.texas.gov/providers/directories/dahs_issonly.xlsx,2026-09-30T13:16:18.681388+00:00,2026-09-28,2e6bb2ce2be446264acc54a7995a91a8f803b675da0874aebb8326c7cb18ba04
TX_DAHS_ISS_ONLY,110955,730,ROCK HOUSE SUPPORT SERVICES,DAHS-ISSONLY,YES,NO,WILLIAMSON,6920 RANCH ROAD 2338,GEORGETOWN,TEXAS,78633,f9bdf6d39a118b4a4ff293674bab46416237cdfe51ad81a55f862aa7c94d1860,https://apps.hhs.texas.gov/providers/directories/dahs_issonly.xlsx,2026-09-30T13:16:18.681388+00:00,2026-09-28,91ceb3a3b0e9dc6632106a844f6d74e430cdb04f3821d977360a2faa4c1509a4
TX_DAHS_ISS_ONLY,111380,731,NUDAY ACTIVITY CENTER LLC,DAHS-ISSONLY,YES,NO,WILLIAMSON,108 W AUSTIN AVE,HUTTO,TEXAS,78634,f9bdf6d39a118b4a4ff293674bab46416237cdfe51ad81a55f862aa7c94d1860,https://apps.hhs.texas.gov/providers/directories/dahs_issonly.xlsx,2026-09-30T13:16:18.681388+00:00,2026-09-28,85e78753d540a0ae1bced8d716a09a0931fae9dad57b1f11765db37069476011
TX_DAHS_ISS_ONLY,111041,732,THE ARC OF THE CAPITAL AREA  HUTTO CAMPUS,DAHS-ISSONLY,YES,NO,WILLIAMSON,502 CHURCH STREET,HUTTO,TEXAS,78634,f9bdf6d39a118b4a4ff293674bab46416237cdfe51ad81a55f862aa7c94d1860,https://apps.hhs.texas.gov/providers/directories/dahs_issonly.xlsx,2026-09-30T13:16:18.681388+00:00,2026-09-28,f0f6b5fae14faf326aa4f22bac074a5d3f8c58258f5860eb69db8d059409c4d7
TX_DAHS_ISS_ONLY,111817,733,THE ARC OF THE CAPITAL AREA,DAHS-ISSONLY,YES,NO,WILLIAMSON,1195 SONNY DRIVE,LEANDER,TEXAS,78641,f9bdf6d39a118b4a4ff293674bab46416237cdfe51ad81a55f862aa7c94d1860,https://apps.hhs.texas.gov/providers/directories/dahs_issonly.xlsx,2026-09-30T13:16:18.681388+00:00,2026-09-28,64e96adb7069a0c5022ade75d4a107fb67f4cae850b65cd75e753ba457af3f80
TX_DAHS_ISS_ONLY,110916,734,THE ABILITY CENTER,DAHS-ISSONLY,YES,NO,WILLIAMSON,3407 HIGHWAY 1869,LIBERTY HILL,TEXAS,78642,f9bdf6d39a118b4a4ff293674bab46416237cdfe51ad81a55f862aa7c94d1860,https://apps.hhs.texas.gov/providers/directories/dahs_issonly.xlsx,2026-09-30T13:16:18.681388+00:00,2026-09-28,bd9e4f4451d7698f82a6d7df71bd721112bdd62a5fe0ceb6db418be5260898ae
TX_DAHS_ISS_ONLY,111897,735,ANGEL HEART DAYHAB,DAHS-ISSONLY,YES,NO,WILLIAMSON,1050 MEADOWS DRIVE # 307,ROUND ROCK,TX,78681,f9bdf6d39a118b4a4ff293674bab46416237cdfe51ad81a55f862aa7c94d1860,https://apps.hhs.texas.gov/providers/directories/dahs_issonly.xlsx,2026-09-30T13:16:18.681388+00:00,2026-09-28,80224e81682709be37eaf6be661f7fa1653771f10b89dd03bbc41e5c304a447e
TX_DAHS_ISS_ONLY,111816,736,AUSOME BUDDIES OF AUSTINISH,DAHS-ISSONLY,YES,NO,WILLIAMSON,1503 BALSAM WAY,ROUND ROCK,TX,78665,f9bdf6d39a118b4a4ff293674bab46416237cdfe51ad81a55f862aa7c94d1860,https://apps.hhs.texas.gov/providers/directories/dahs_issonly.xlsx,2026-09-30T13:16:18.681388+00:00,2026-09-28,14b722a2a09d244236bf8b547f5d3a87ef1db7b3d0a613be68ffbc7cdb23d0fb
TX_DAHS_ISS_ONLY,112126,737,BONATERRA INC,DAHS-ISSONLY,YES,NO,WILLIAMSON,1201 SAM BASS RD,ROUND ROCK,TEXAS,78681,f9bdf6d39a118b4a4ff293674bab46416237cdfe51ad81a55f862aa7c94d1860,https://apps.hhs.texas.gov/providers/directories/dahs_issonly.xlsx,2026-09-30T13:16:18.681388+00:00,2026-09-28,d5b1894c650179ac140b9ef710de3b39c8c47fd626b281a2ee63e0ca64f76413
TX_DAHS_ISS_ONLY,111073,738,CAPITAL DAY HAB,DAHS-ISSONLY,YES,NO,WILLIAMSON,1601 SOUTH IH- 35 SUITE 370,ROUND ROCK,TEXAS,78664,f9bdf6d39a118b4a4ff293674bab46416237cdfe51ad81a55f862aa7c94d1860,https://apps.hhs.texas.gov/providers/directories/dahs_issonly.xlsx,2026-09-30T13:16:18.681388+00:00,2026-09-28,fe5f0511528e7bd861668e60061101c3caad01298446298a4ab2a3703c7ff1b5
TX_DAHS_ISS_ONLY,111696,739,PIONEER DAY HAB LLC,DAHS-ISSONLY,YES,NO,WILLIAMSON,2200 N AW GRIMES BLDG. 700,ROUND ROCK,TEXAS,78665,f9bdf6d39a118b4a4ff293674bab46416237cdfe51ad81a55f862aa7c94d1860,https://apps.hhs.texas.gov/providers/directories/dahs_issonly.xlsx,2026-09-30T13:16:18.681388+00:00,2026-09-28,15f9c759024a1acd66f33f7e4a06679b23076bf153c346652160cd7483ae0bca
TX_DAHS_ISS_ONLY,111968,740,ROAD TOWARDS SUCCESS,DAHS-ISSONLY,YES,NO,WILLIAMSON,2030 NORTH CO ROAD 122,ROUND ROCK,TEXAS,78665,f9bdf6d39a118b4a4ff293674bab46416237cdfe51ad81a55f862aa7c94d1860,https://apps.hhs.texas.gov/providers/directories/dahs_issonly.xlsx,2026-09-30T13:16:18.681388+00:00,2026-09-28,e2509fcf97dd032ba5fc1db2eb60e88fe9f630b4eaa4f5398a107b27f79476a0
TX_DAHS_ISS_ONLY,111240,741,ROAD TOWARDS SUCCESS,DAHS-ISSONLY,YES,NO,WILLIAMSON,1100 GATTIS SCCHOOL RD SUITE 240,ROUND ROCK,TEXAS,78664,f9bdf6d39a118b4a4ff293674bab46416237cdfe51ad81a55f862aa7c94d1860,https://apps.hhs.texas.gov/providers/directories/dahs_issonly.xlsx,2026-09-30T13:16:18.681388+00:00,2026-09-28,efc03908862e0b9017b52e468388a15d8ad73b83504bb0f9788be72bd718d7d8
TX_DAHS_ISS_ONLY,111478,742,THE SOCIAL CARE OF LIFE,DAHS-ISSONLY,YES,NO,WILLIAMSON,2261 GATTIS SCHOOL RD,ROUND ROCK,TEXAS,78664,f9bdf6d39a118b4a4ff293674bab46416237cdfe51ad81a55f862aa7c94d1860,https://apps.hhs.texas.gov/providers/directories/dahs_issonly.xlsx,2026-09-30T13:16:18.681388+00:00,2026-09-28,f36b34aaaf3139095de2b81b69756578b9abf1d3c62d27b3dc00a90ef008342a
TX_DAHS_ISS_ONLY,111103,743,CAMINO REAL COMMUNITY SERVICES,DAHS-ISSONLY,YES,NO,WILSON,1323 3RD STREET,FLORESVILLE,TEXAS,78114,f9bdf6d39a118b4a4ff293674bab46416237cdfe51ad81a55f862aa7c94d1860,https://apps.hhs.texas.gov/providers/directories/dahs_issonly.xlsx,2026-09-30T13:16:18.681388+00:00,2026-09-28,d07a3fb9dc4ed4de2d86250fca3f92ba967899bcfcc62938a02c6adae9654296
TX_DAHS_ISS_ONLY,111746,744,GRAHAM HERO HOUSE,DAHS-ISSONLY,YES,NO,YOUNG,611 SOUTH STREET,GRAHAM,TEXAS,76450,f9bdf6d39a118b4a4ff293674bab46416237cdfe51ad81a55f862aa7c94d1860,https://apps.hhs.texas.gov/providers/directories/dahs_issonly.xlsx,2026-09-30T13:16:18.681388+00:00,2026-09-28,fe6b5c06f987a0f8a944d8f0e03acbf027c97ff3868a5ce9de61eafc9845a1cc
TX_DAHS_ISS_ONLY,111423,745,BORDER REGION MHMR COMMUNITY CENTER,DAHS-ISSONLY,YES,NO,ZAPATA,101 S. HWY 83,ZAPATA,TX,78076,f9bdf6d39a118b4a4ff293674bab46416237cdfe51ad81a55f862aa7c94d1860,https://apps.hhs.texas.gov/providers/directories/dahs_issonly.xlsx,2026-09-30T13:16:18.681388+00:00,2026-09-28,2189d40827e31eaf069547f8787cc055ca2a15d0a854e237a654a3b79155d1d2
TX_DAHS_ISS_ONLY,111089,746,CAMINO REAL COMMUNITY SERVICESDIMMITZAVALA WORK CENTER,DAHS-ISSONLY,YES,NO,ZAVALA,101 W. LAKE ST,CRYSTAL CITY,TEXAS,78839,f9bdf6d39a118b4a4ff293674bab46416237cdfe51ad81a55f862aa7c94d1860,https://apps.hhs.texas.gov/providers/directories/dahs_issonly.xlsx,2026-09-30T13:16:18.681388+00:00,2026-09-28,6a513c1a5a1dcd9273681b13500880b20f138d076f2da713dcf034adada5426b
