batch_id,namespaced_key,credential_type,credential_number,facility_licensed_raw,license_effective_date,license_expiration_date,source_sha256
TH-ENRICH-TX-SENIOR-2026-09-30-IDR2,TX|HHSC|TX_ICF_IID|003868,HHSC_LICENSE_NUMBER,146727,YES,2024-01-01,2027-01-01,20548d8398104d2a882cd018fff31786ccc77c4412b6874d5e1fada31ca02ab1
TH-ENRICH-TX-SENIOR-2026-09-30-IDR2,TX|HHSC|TX_ICF_IID|003685,HHSC_LICENSE_NUMBER,146579,YES,2025-01-01,2028-01-01,20548d8398104d2a882cd018fff31786ccc77c4412b6874d5e1fada31ca02ab1
TH-ENRICH-TX-SENIOR-2026-09-30-IDR2,TX|HHSC|TX_ICF_IID|007534,HHSC_LICENSE_NUMBER,147974,YES,2024-09-01,2027-09-01,20548d8398104d2a882cd018fff31786ccc77c4412b6874d5e1fada31ca02ab1
TH-ENRICH-TX-SENIOR-2026-09-30-IDR2,TX|HHSC|TX_ICF_IID|003899,HHSC_LICENSE_NUMBER,146878,YES,2024-01-01,2027-01-01,20548d8398104d2a882cd018fff31786ccc77c4412b6874d5e1fada31ca02ab1
TH-ENRICH-TX-SENIOR-2026-09-30-IDR2,TX|HHSC|TX_ICF_IID|003869,HHSC_LICENSE_NUMBER,146589,YES,2024-01-01,2027-01-01,20548d8398104d2a882cd018fff31786ccc77c4412b6874d5e1fada31ca02ab1
TH-ENRICH-TX-SENIOR-2026-09-30-IDR2,TX|HHSC|TX_ICF_IID|007522,HHSC_LICENSE_NUMBER,148265,YES,2024-09-01,2027-09-01,20548d8398104d2a882cd018fff31786ccc77c4412b6874d5e1fada31ca02ab1
TH-ENRICH-TX-SENIOR-2026-09-30-IDR2,TX|HHSC|TX_ICF_IID|003857,HHSC_LICENSE_NUMBER,146634,YES,2024-01-01,2027-01-01,20548d8398104d2a882cd018fff31786ccc77c4412b6874d5e1fada31ca02ab1
TH-ENRICH-TX-SENIOR-2026-09-30-IDR2,TX|HHSC|TX_ICF_IID|007439,HHSC_LICENSE_NUMBER,148203,YES,2024-09-01,2027-09-01,20548d8398104d2a882cd018fff31786ccc77c4412b6874d5e1fada31ca02ab1
TH-ENRICH-TX-SENIOR-2026-09-30-IDR2,TX|HHSC|TX_ICF_IID|007406,HHSC_LICENSE_NUMBER,148004,YES,2024-09-01,2027-09-01,20548d8398104d2a882cd018fff31786ccc77c4412b6874d5e1fada31ca02ab1
TH-ENRICH-TX-SENIOR-2026-09-30-IDR2,TX|HHSC|TX_ICF_IID|003898,HHSC_LICENSE_NUMBER,146639,YES,2024-01-01,2027-01-01,20548d8398104d2a882cd018fff31786ccc77c4412b6874d5e1fada31ca02ab1
TH-ENRICH-TX-SENIOR-2026-09-30-IDR2,TX|HHSC|TX_ICF_IID|003862,HHSC_LICENSE_NUMBER,146133,YES,2026-09-23,2029-09-23,20548d8398104d2a882cd018fff31786ccc77c4412b6874d5e1fada31ca02ab1
TH-ENRICH-TX-SENIOR-2026-09-30-IDR2,TX|HHSC|TX_ICF_IID|007270,HHSC_LICENSE_NUMBER,148118,YES,2024-07-01,2027-07-01,20548d8398104d2a882cd018fff31786ccc77c4412b6874d5e1fada31ca02ab1
TH-ENRICH-TX-SENIOR-2026-09-30-IDR2,TX|HHSC|TX_ICF_IID|111903,HHSC_LICENSE_NUMBER,312568,YES,2025-07-15,2028-07-15,20548d8398104d2a882cd018fff31786ccc77c4412b6874d5e1fada31ca02ab1
TH-ENRICH-TX-SENIOR-2026-09-30-IDR2,TX|HHSC|TX_ICF_IID|007634,HHSC_LICENSE_NUMBER,313085,YES,2026-04-01,2029-04-01,20548d8398104d2a882cd018fff31786ccc77c4412b6874d5e1fada31ca02ab1
TH-ENRICH-TX-SENIOR-2026-09-30-IDR2,TX|HHSC|TX_ICF_IID|103555,HHSC_LICENSE_NUMBER,146139,YES,2025-12-18,2028-12-18,20548d8398104d2a882cd018fff31786ccc77c4412b6874d5e1fada31ca02ab1
TH-ENRICH-TX-SENIOR-2026-09-30-IDR2,TX|HHSC|TX_ICF_IID|104838,HHSC_LICENSE_NUMBER,147907,YES,2024-08-22,2027-08-22,20548d8398104d2a882cd018fff31786ccc77c4412b6874d5e1fada31ca02ab1
TH-ENRICH-TX-SENIOR-2026-09-30-IDR2,TX|HHSC|TX_ICF_IID|103554,HHSC_LICENSE_NUMBER,146234,YES,2023-12-17,2026-12-17,20548d8398104d2a882cd018fff31786ccc77c4412b6874d5e1fada31ca02ab1
TH-ENRICH-TX-SENIOR-2026-09-30-IDR2,TX|HHSC|TX_ICF_IID|103553,HHSC_LICENSE_NUMBER,145934,YES,2023-11-05,2026-11-05,20548d8398104d2a882cd018fff31786ccc77c4412b6874d5e1fada31ca02ab1
TH-ENRICH-TX-SENIOR-2026-09-30-IDR2,TX|HHSC|TX_ICF_IID|003991,HHSC_LICENSE_NUMBER,312248,YES,2024-12-15,2027-12-15,20548d8398104d2a882cd018fff31786ccc77c4412b6874d5e1fada31ca02ab1
TH-ENRICH-TX-SENIOR-2026-09-30-IDR2,TX|HHSC|TX_ICF_IID|007220,HHSC_LICENSE_NUMBER,146196,YES,2024-01-01,2027-01-01,20548d8398104d2a882cd018fff31786ccc77c4412b6874d5e1fada31ca02ab1
TH-ENRICH-TX-SENIOR-2026-09-30-IDR2,TX|HHSC|TX_ICF_IID|007459,HHSC_LICENSE_NUMBER,146230,YES,2024-01-01,2027-01-01,20548d8398104d2a882cd018fff31786ccc77c4412b6874d5e1fada31ca02ab1
TH-ENRICH-TX-SENIOR-2026-09-30-IDR2,TX|HHSC|TX_ICF_IID|007219,HHSC_LICENSE_NUMBER,146154,YES,2024-01-01,2027-01-01,20548d8398104d2a882cd018fff31786ccc77c4412b6874d5e1fada31ca02ab1
TH-ENRICH-TX-SENIOR-2026-09-30-IDR2,TX|HHSC|TX_ICF_IID|110534,HHSC_LICENSE_NUMBER,148031,YES,2024-09-13,2027-09-13,20548d8398104d2a882cd018fff31786ccc77c4412b6874d5e1fada31ca02ab1
TH-ENRICH-TX-SENIOR-2026-09-30-IDR2,TX|HHSC|TX_ICF_IID|007376,HHSC_LICENSE_NUMBER,149359,YES,2025-05-01,2028-05-01,20548d8398104d2a882cd018fff31786ccc77c4412b6874d5e1fada31ca02ab1
TH-ENRICH-TX-SENIOR-2026-09-30-IDR2,TX|HHSC|TX_ICF_IID|003844,HHSC_LICENSE_NUMBER,149054,YES,2025-02-01,2028-02-01,20548d8398104d2a882cd018fff31786ccc77c4412b6874d5e1fada31ca02ab1
TH-ENRICH-TX-SENIOR-2026-09-30-IDR2,TX|HHSC|TX_ICF_IID|007318,HHSC_LICENSE_NUMBER,148412,YES,2024-11-01,2027-11-01,20548d8398104d2a882cd018fff31786ccc77c4412b6874d5e1fada31ca02ab1
TH-ENRICH-TX-SENIOR-2026-09-30-IDR2,TX|HHSC|TX_ICF_IID|003652,HHSC_LICENSE_NUMBER,148364,YES,2024-11-01,2027-11-01,20548d8398104d2a882cd018fff31786ccc77c4412b6874d5e1fada31ca02ab1
TH-ENRICH-TX-SENIOR-2026-09-30-IDR2,TX|HHSC|TX_ICF_IID|104463,HHSC_LICENSE_NUMBER,150257,YES,2026-09-17,2029-09-17,20548d8398104d2a882cd018fff31786ccc77c4412b6874d5e1fada31ca02ab1
TH-ENRICH-TX-SENIOR-2026-09-30-IDR2,TX|HHSC|TX_ICF_IID|101821,HHSC_LICENSE_NUMBER,148134,YES,2024-11-01,2027-11-01,20548d8398104d2a882cd018fff31786ccc77c4412b6874d5e1fada31ca02ab1
TH-ENRICH-TX-SENIOR-2026-09-30-IDR2,TX|HHSC|TX_ICF_IID|007601,HHSC_LICENSE_NUMBER,149202,YES,2026-05-04,2029-05-04,20548d8398104d2a882cd018fff31786ccc77c4412b6874d5e1fada31ca02ab1
TH-ENRICH-TX-SENIOR-2026-09-30-IDR2,TX|HHSC|TX_ICF_IID|007347,HHSC_LICENSE_NUMBER,148181,YES,2024-09-01,2027-09-01,20548d8398104d2a882cd018fff31786ccc77c4412b6874d5e1fada31ca02ab1
TH-ENRICH-TX-SENIOR-2026-09-30-IDR2,TX|HHSC|TX_ICF_IID|007600,HHSC_LICENSE_NUMBER,149458,YES,2026-05-03,2029-05-03,20548d8398104d2a882cd018fff31786ccc77c4412b6874d5e1fada31ca02ab1
TH-ENRICH-TX-SENIOR-2026-09-30-IDR2,TX|HHSC|TX_ICF_IID|111908,HHSC_LICENSE_NUMBER,312513,YES,2025-06-21,2028-06-21,20548d8398104d2a882cd018fff31786ccc77c4412b6874d5e1fada31ca02ab1
TH-ENRICH-TX-SENIOR-2026-09-30-IDR2,TX|HHSC|TX_ICF_IID|007253,HHSC_LICENSE_NUMBER,146140,YES,2026-12-01,2029-12-01,20548d8398104d2a882cd018fff31786ccc77c4412b6874d5e1fada31ca02ab1
TH-ENRICH-TX-SENIOR-2026-09-30-IDR2,TX|HHSC|TX_ICF_IID|010179,HHSC_LICENSE_NUMBER,147315,YES,2024-07-12,2027-07-12,20548d8398104d2a882cd018fff31786ccc77c4412b6874d5e1fada31ca02ab1
TH-ENRICH-TX-SENIOR-2026-09-30-IDR2,TX|HHSC|TX_ICF_IID|003668,HHSC_LICENSE_NUMBER,149241,YES,2026-04-29,2029-04-29,20548d8398104d2a882cd018fff31786ccc77c4412b6874d5e1fada31ca02ab1
TH-ENRICH-TX-SENIOR-2026-09-30-IDR2,TX|HHSC|TX_ICF_IID|007409,HHSC_LICENSE_NUMBER,145813,YES,2026-12-01,2029-12-01,20548d8398104d2a882cd018fff31786ccc77c4412b6874d5e1fada31ca02ab1
TH-ENRICH-TX-SENIOR-2026-09-30-IDR2,TX|HHSC|TX_ICF_IID|106866,HHSC_LICENSE_NUMBER,307059,YES,2025-07-01,2028-07-01,20548d8398104d2a882cd018fff31786ccc77c4412b6874d5e1fada31ca02ab1
TH-ENRICH-TX-SENIOR-2026-09-30-IDR2,TX|HHSC|TX_ICF_IID|106502,HHSC_LICENSE_NUMBER,146647,YES,2024-01-25,2027-01-25,20548d8398104d2a882cd018fff31786ccc77c4412b6874d5e1fada31ca02ab1
TH-ENRICH-TX-SENIOR-2026-09-30-IDR2,TX|HHSC|TX_ICF_IID|007487,HHSC_LICENSE_NUMBER,307493,YES,2025-06-01,2028-06-01,20548d8398104d2a882cd018fff31786ccc77c4412b6874d5e1fada31ca02ab1
TH-ENRICH-TX-SENIOR-2026-09-30-IDR2,TX|HHSC|TX_ICF_IID|007348,HHSC_LICENSE_NUMBER,146214,YES,2026-12-01,2029-12-01,20548d8398104d2a882cd018fff31786ccc77c4412b6874d5e1fada31ca02ab1
TH-ENRICH-TX-SENIOR-2026-09-30-IDR2,TX|HHSC|TX_ICF_IID|110678,HHSC_LICENSE_NUMBER,308767,YES,2025-09-29,2028-09-29,20548d8398104d2a882cd018fff31786ccc77c4412b6874d5e1fada31ca02ab1
TH-ENRICH-TX-SENIOR-2026-09-30-IDR2,TX|HHSC|TX_ICF_IID|003698,HHSC_LICENSE_NUMBER,148190,YES,2024-11-01,2027-11-01,20548d8398104d2a882cd018fff31786ccc77c4412b6874d5e1fada31ca02ab1
TH-ENRICH-TX-SENIOR-2026-09-30-IDR2,TX|HHSC|TX_ICF_IID|007234,HHSC_LICENSE_NUMBER,148368,YES,2025-11-01,2028-11-01,20548d8398104d2a882cd018fff31786ccc77c4412b6874d5e1fada31ca02ab1
TH-ENRICH-TX-SENIOR-2026-09-30-IDR2,TX|HHSC|TX_ICF_IID|112074,HHSC_LICENSE_NUMBER,312916,YES,2026-03-06,2029-03-06,20548d8398104d2a882cd018fff31786ccc77c4412b6874d5e1fada31ca02ab1
TH-ENRICH-TX-SENIOR-2026-09-30-IDR2,TX|HHSC|TX_ICF_IID|111576,HHSC_LICENSE_NUMBER,311666,YES,2026-08-30,2029-08-30,20548d8398104d2a882cd018fff31786ccc77c4412b6874d5e1fada31ca02ab1
TH-ENRICH-TX-SENIOR-2026-09-30-IDR2,TX|HHSC|TX_ICF_IID|007546,HHSC_LICENSE_NUMBER,148619,YES,2025-11-01,2028-11-01,20548d8398104d2a882cd018fff31786ccc77c4412b6874d5e1fada31ca02ab1
TH-ENRICH-TX-SENIOR-2026-09-30-IDR2,TX|HHSC|TX_ICF_IID|003816,HHSC_LICENSE_NUMBER,145623,YES,2024-10-03,2027-10-03,20548d8398104d2a882cd018fff31786ccc77c4412b6874d5e1fada31ca02ab1
TH-ENRICH-TX-SENIOR-2026-09-30-IDR2,TX|HHSC|TX_ICF_IID|007558,HHSC_LICENSE_NUMBER,146917,YES,2024-04-08,2027-04-08,20548d8398104d2a882cd018fff31786ccc77c4412b6874d5e1fada31ca02ab1
TH-ENRICH-TX-SENIOR-2026-09-30-IDR2,TX|HHSC|TX_ICF_IID|104356,HHSC_LICENSE_NUMBER,149142,YES,2025-03-03,2028-03-03,20548d8398104d2a882cd018fff31786ccc77c4412b6874d5e1fada31ca02ab1
TH-ENRICH-TX-SENIOR-2026-09-30-IDR2,TX|HHSC|TX_ICF_IID|101796,HHSC_LICENSE_NUMBER,148205,YES,2025-11-01,2028-11-01,20548d8398104d2a882cd018fff31786ccc77c4412b6874d5e1fada31ca02ab1
TH-ENRICH-TX-SENIOR-2026-09-30-IDR2,TX|HHSC|TX_ICF_IID|007362,HHSC_LICENSE_NUMBER,148674,YES,2026-01-27,2029-01-27,20548d8398104d2a882cd018fff31786ccc77c4412b6874d5e1fada31ca02ab1
TH-ENRICH-TX-SENIOR-2026-09-30-IDR2,TX|HHSC|TX_ICF_IID|007364,HHSC_LICENSE_NUMBER,149048,YES,2025-01-30,2028-01-30,20548d8398104d2a882cd018fff31786ccc77c4412b6874d5e1fada31ca02ab1
TH-ENRICH-TX-SENIOR-2026-09-30-IDR2,TX|HHSC|TX_ICF_IID|101793,HHSC_LICENSE_NUMBER,148334,YES,2025-11-01,2028-11-01,20548d8398104d2a882cd018fff31786ccc77c4412b6874d5e1fada31ca02ab1
TH-ENRICH-TX-SENIOR-2026-09-30-IDR2,TX|HHSC|TX_ICF_IID|007214,HHSC_LICENSE_NUMBER,145952,YES,2025-12-01,2028-12-01,20548d8398104d2a882cd018fff31786ccc77c4412b6874d5e1fada31ca02ab1
TH-ENRICH-TX-SENIOR-2026-09-30-IDR2,TX|HHSC|TX_ICF_IID|003681,HHSC_LICENSE_NUMBER,149534,YES,2026-06-20,2029-06-20,20548d8398104d2a882cd018fff31786ccc77c4412b6874d5e1fada31ca02ab1
TH-ENRICH-TX-SENIOR-2026-09-30-IDR2,TX|HHSC|TX_ICF_IID|003696,HHSC_LICENSE_NUMBER,150201,YES,2025-08-29,2028-08-29,20548d8398104d2a882cd018fff31786ccc77c4412b6874d5e1fada31ca02ab1
TH-ENRICH-TX-SENIOR-2026-09-30-IDR2,TX|HHSC|TX_ICF_IID|003662,HHSC_LICENSE_NUMBER,144539,YES,2026-04-20,2029-04-20,20548d8398104d2a882cd018fff31786ccc77c4412b6874d5e1fada31ca02ab1
TH-ENRICH-TX-SENIOR-2026-09-30-IDR2,TX|HHSC|TX_ICF_IID|003649,HHSC_LICENSE_NUMBER,149783,YES,2026-03-01,2029-03-01,20548d8398104d2a882cd018fff31786ccc77c4412b6874d5e1fada31ca02ab1
TH-ENRICH-TX-SENIOR-2026-09-30-IDR2,TX|HHSC|TX_ICF_IID|101823,HHSC_LICENSE_NUMBER,148443,YES,2024-11-01,2027-11-01,20548d8398104d2a882cd018fff31786ccc77c4412b6874d5e1fada31ca02ab1
TH-ENRICH-TX-SENIOR-2026-09-30-IDR2,TX|HHSC|TX_ICF_IID|102604,HHSC_LICENSE_NUMBER,148698,YES,2025-11-01,2028-11-01,20548d8398104d2a882cd018fff31786ccc77c4412b6874d5e1fada31ca02ab1
TH-ENRICH-TX-SENIOR-2026-09-30-IDR2,TX|HHSC|TX_ICF_IID|104357,HHSC_LICENSE_NUMBER,147000,YES,2024-04-14,2027-04-14,20548d8398104d2a882cd018fff31786ccc77c4412b6874d5e1fada31ca02ab1
TH-ENRICH-TX-SENIOR-2026-09-30-IDR2,TX|HHSC|TX_ICF_IID|104351,HHSC_LICENSE_NUMBER,146860,YES,2024-05-11,2027-05-11,20548d8398104d2a882cd018fff31786ccc77c4412b6874d5e1fada31ca02ab1
TH-ENRICH-TX-SENIOR-2026-09-30-IDR2,TX|HHSC|TX_ICF_IID|104350,HHSC_LICENSE_NUMBER,145924,YES,2023-12-09,2026-12-09,20548d8398104d2a882cd018fff31786ccc77c4412b6874d5e1fada31ca02ab1
TH-ENRICH-TX-SENIOR-2026-09-30-IDR2,TX|HHSC|TX_ICF_IID|003935,HHSC_LICENSE_NUMBER,148519,YES,2025-10-20,2028-10-20,20548d8398104d2a882cd018fff31786ccc77c4412b6874d5e1fada31ca02ab1
TH-ENRICH-TX-SENIOR-2026-09-30-IDR2,TX|HHSC|TX_ICF_IID|007208,HHSC_LICENSE_NUMBER,148345,YES,2026-02-05,2027-10-26,20548d8398104d2a882cd018fff31786ccc77c4412b6874d5e1fada31ca02ab1
TH-ENRICH-TX-SENIOR-2026-09-30-IDR2,TX|HHSC|TX_ICF_IID|110627,HHSC_LICENSE_NUMBER,308644,YES,2024-05-16,2027-05-16,20548d8398104d2a882cd018fff31786ccc77c4412b6874d5e1fada31ca02ab1
TH-ENRICH-TX-SENIOR-2026-09-30-IDR2,TX|HHSC|TX_ICF_IID|007400,HHSC_LICENSE_NUMBER,149097,YES,2026-05-01,2029-05-01,20548d8398104d2a882cd018fff31786ccc77c4412b6874d5e1fada31ca02ab1
TH-ENRICH-TX-SENIOR-2026-09-30-IDR2,TX|HHSC|TX_ICF_IID|007256,HHSC_LICENSE_NUMBER,149354,YES,2025-03-14,2028-03-14,20548d8398104d2a882cd018fff31786ccc77c4412b6874d5e1fada31ca02ab1
TH-ENRICH-TX-SENIOR-2026-09-30-IDR2,TX|HHSC|TX_ICF_IID|007461,HHSC_LICENSE_NUMBER,147777,YES,2024-09-12,2027-09-12,20548d8398104d2a882cd018fff31786ccc77c4412b6874d5e1fada31ca02ab1
TH-ENRICH-TX-SENIOR-2026-09-30-IDR2,TX|HHSC|TX_ICF_IID|007207,HHSC_LICENSE_NUMBER,148186,YES,2024-10-25,2027-10-25,20548d8398104d2a882cd018fff31786ccc77c4412b6874d5e1fada31ca02ab1
TH-ENRICH-TX-SENIOR-2026-09-30-IDR2,TX|HHSC|TX_ICF_IID|007527,HHSC_LICENSE_NUMBER,146108,YES,2024-04-30,2027-04-30,20548d8398104d2a882cd018fff31786ccc77c4412b6874d5e1fada31ca02ab1
TH-ENRICH-TX-SENIOR-2026-09-30-IDR2,TX|HHSC|TX_ICF_IID|106203,HHSC_LICENSE_NUMBER,147189,YES,2024-05-27,2027-05-27,20548d8398104d2a882cd018fff31786ccc77c4412b6874d5e1fada31ca02ab1
TH-ENRICH-TX-SENIOR-2026-09-30-IDR2,TX|HHSC|TX_ICF_IID|007458,HHSC_LICENSE_NUMBER,148139,YES,2024-11-01,2027-11-01,20548d8398104d2a882cd018fff31786ccc77c4412b6874d5e1fada31ca02ab1
TH-ENRICH-TX-SENIOR-2026-09-30-IDR2,TX|HHSC|TX_ICF_IID|003629,HHSC_LICENSE_NUMBER,148408,YES,2025-03-18,2028-03-18,20548d8398104d2a882cd018fff31786ccc77c4412b6874d5e1fada31ca02ab1
TH-ENRICH-TX-SENIOR-2026-09-30-IDR2,TX|HHSC|TX_ICF_IID|003775,HHSC_LICENSE_NUMBER,148020,YES,2025-10-22,2028-10-22,20548d8398104d2a882cd018fff31786ccc77c4412b6874d5e1fada31ca02ab1
TH-ENRICH-TX-SENIOR-2026-09-30-IDR2,TX|HHSC|TX_ICF_IID|007499,HHSC_LICENSE_NUMBER,149033,YES,2026-01-21,2029-01-21,20548d8398104d2a882cd018fff31786ccc77c4412b6874d5e1fada31ca02ab1
TH-ENRICH-TX-SENIOR-2026-09-30-IDR2,TX|HHSC|TX_ICF_IID|007292,HHSC_LICENSE_NUMBER,149630,YES,2026-07-18,2029-07-18,20548d8398104d2a882cd018fff31786ccc77c4412b6874d5e1fada31ca02ab1
TH-ENRICH-TX-SENIOR-2026-09-30-IDR2,TX|HHSC|TX_ICF_IID|007365,HHSC_LICENSE_NUMBER,148806,YES,2025-01-31,2028-01-31,20548d8398104d2a882cd018fff31786ccc77c4412b6874d5e1fada31ca02ab1
TH-ENRICH-TX-SENIOR-2026-09-30-IDR2,TX|HHSC|TX_ICF_IID|003603,HHSC_LICENSE_NUMBER,149878,YES,2026-06-01,2029-06-01,20548d8398104d2a882cd018fff31786ccc77c4412b6874d5e1fada31ca02ab1
TH-ENRICH-TX-SENIOR-2026-09-30-IDR2,TX|HHSC|TX_ICF_IID|007478,HHSC_LICENSE_NUMBER,311562,YES,2026-06-22,2029-06-22,20548d8398104d2a882cd018fff31786ccc77c4412b6874d5e1fada31ca02ab1
TH-ENRICH-TX-SENIOR-2026-09-30-IDR2,TX|HHSC|TX_ICF_IID|110141,HHSC_LICENSE_NUMBER,148998,YES,2024-12-05,2027-12-05,20548d8398104d2a882cd018fff31786ccc77c4412b6874d5e1fada31ca02ab1
TH-ENRICH-TX-SENIOR-2026-09-30-IDR2,TX|HHSC|TX_ICF_IID|007508,HHSC_LICENSE_NUMBER,307511,YES,2025-06-01,2028-06-01,20548d8398104d2a882cd018fff31786ccc77c4412b6874d5e1fada31ca02ab1
TH-ENRICH-TX-SENIOR-2026-09-30-IDR2,TX|HHSC|TX_ICF_IID|104491,HHSC_LICENSE_NUMBER,145974,YES,2023-11-30,2026-11-30,20548d8398104d2a882cd018fff31786ccc77c4412b6874d5e1fada31ca02ab1
TH-ENRICH-TX-SENIOR-2026-09-30-IDR2,TX|HHSC|TX_ICF_IID|105215,HHSC_LICENSE_NUMBER,145973,YES,2025-11-14,2028-11-14,20548d8398104d2a882cd018fff31786ccc77c4412b6874d5e1fada31ca02ab1
TH-ENRICH-TX-SENIOR-2026-09-30-IDR2,TX|HHSC|TX_ICF_IID|007564,HHSC_LICENSE_NUMBER,150275,YES,2025-09-08,2028-09-08,20548d8398104d2a882cd018fff31786ccc77c4412b6874d5e1fada31ca02ab1
TH-ENRICH-TX-SENIOR-2026-09-30-IDR2,TX|HHSC|TX_ICF_IID|104154,HHSC_LICENSE_NUMBER,149456,YES,2025-05-01,2028-05-01,20548d8398104d2a882cd018fff31786ccc77c4412b6874d5e1fada31ca02ab1
TH-ENRICH-TX-SENIOR-2026-09-30-IDR2,TX|HHSC|TX_ICF_IID|104296,HHSC_LICENSE_NUMBER,149636,YES,2023-11-30,2026-11-30,20548d8398104d2a882cd018fff31786ccc77c4412b6874d5e1fada31ca02ab1
TH-ENRICH-TX-SENIOR-2026-09-30-IDR2,TX|HHSC|TX_ICF_IID|106756,HHSC_LICENSE_NUMBER,147497,YES,2025-06-01,2028-06-01,20548d8398104d2a882cd018fff31786ccc77c4412b6874d5e1fada31ca02ab1
TH-ENRICH-TX-SENIOR-2026-09-30-IDR2,TX|HHSC|TX_ICF_IID|107143,HHSC_LICENSE_NUMBER,307415,YES,2025-04-10,2028-04-10,20548d8398104d2a882cd018fff31786ccc77c4412b6874d5e1fada31ca02ab1
TH-ENRICH-TX-SENIOR-2026-09-30-IDR2,TX|HHSC|TX_ICF_IID|107228,HHSC_LICENSE_NUMBER,307573,YES,2024-11-25,2027-11-25,20548d8398104d2a882cd018fff31786ccc77c4412b6874d5e1fada31ca02ab1
TH-ENRICH-TX-SENIOR-2026-09-30-IDR2,TX|HHSC|TX_ICF_IID|007287,HHSC_LICENSE_NUMBER,146332,YES,2026-12-01,2029-12-01,20548d8398104d2a882cd018fff31786ccc77c4412b6874d5e1fada31ca02ab1
TH-ENRICH-TX-SENIOR-2026-09-30-IDR2,TX|HHSC|TX_ICF_IID|007603,HHSC_LICENSE_NUMBER,148384,YES,2024-10-01,2027-10-01,20548d8398104d2a882cd018fff31786ccc77c4412b6874d5e1fada31ca02ab1
TH-ENRICH-TX-SENIOR-2026-09-30-IDR2,TX|HHSC|TX_ICF_IID|007481,HHSC_LICENSE_NUMBER,148763,YES,2026-03-01,2029-03-01,20548d8398104d2a882cd018fff31786ccc77c4412b6874d5e1fada31ca02ab1
TH-ENRICH-TX-SENIOR-2026-09-30-IDR2,TX|HHSC|TX_ICF_IID|007488,HHSC_LICENSE_NUMBER,149194,YES,2026-03-01,2029-03-01,20548d8398104d2a882cd018fff31786ccc77c4412b6874d5e1fada31ca02ab1
TH-ENRICH-TX-SENIOR-2026-09-30-IDR2,TX|HHSC|TX_ICF_IID|007438,HHSC_LICENSE_NUMBER,150076,YES,2026-03-01,2029-03-01,20548d8398104d2a882cd018fff31786ccc77c4412b6874d5e1fada31ca02ab1
TH-ENRICH-TX-SENIOR-2026-09-30-IDR2,TX|HHSC|TX_ICF_IID|007435,HHSC_LICENSE_NUMBER,148743,YES,2025-03-01,2028-03-01,20548d8398104d2a882cd018fff31786ccc77c4412b6874d5e1fada31ca02ab1
TH-ENRICH-TX-SENIOR-2026-09-30-IDR2,TX|HHSC|TX_ICF_IID|007415,HHSC_LICENSE_NUMBER,148900,YES,2025-03-01,2028-03-01,20548d8398104d2a882cd018fff31786ccc77c4412b6874d5e1fada31ca02ab1
TH-ENRICH-TX-SENIOR-2026-09-30-IDR2,TX|HHSC|TX_ICF_IID|007467,HHSC_LICENSE_NUMBER,149355,YES,2026-03-01,2029-03-01,20548d8398104d2a882cd018fff31786ccc77c4412b6874d5e1fada31ca02ab1
TH-ENRICH-TX-SENIOR-2026-09-30-IDR2,TX|HHSC|TX_ICF_IID|110135,HHSC_LICENSE_NUMBER,307964,YES,2026-04-14,2029-04-14,20548d8398104d2a882cd018fff31786ccc77c4412b6874d5e1fada31ca02ab1
TH-ENRICH-TX-SENIOR-2026-09-30-IDR2,TX|HHSC|TX_ICF_IID|003633,HHSC_LICENSE_NUMBER,148185,YES,2024-12-18,2027-12-18,20548d8398104d2a882cd018fff31786ccc77c4412b6874d5e1fada31ca02ab1
TH-ENRICH-TX-SENIOR-2026-09-30-IDR2,TX|HHSC|TX_ICF_IID|007520,HHSC_LICENSE_NUMBER,148865,YES,2026-03-25,2029-03-25,20548d8398104d2a882cd018fff31786ccc77c4412b6874d5e1fada31ca02ab1
TH-ENRICH-TX-SENIOR-2026-09-30-IDR2,TX|HHSC|TX_ICF_IID|007639,HHSC_LICENSE_NUMBER,145953,YES,2026-12-01,2029-12-01,20548d8398104d2a882cd018fff31786ccc77c4412b6874d5e1fada31ca02ab1
TH-ENRICH-TX-SENIOR-2026-09-30-IDR2,TX|HHSC|TX_ICF_IID|111944,HHSC_LICENSE_NUMBER,312577,YES,2025-08-04,2027-12-27,20548d8398104d2a882cd018fff31786ccc77c4412b6874d5e1fada31ca02ab1
TH-ENRICH-TX-SENIOR-2026-09-30-IDR2,TX|HHSC|TX_ICF_IID|007291,HHSC_LICENSE_NUMBER,149650,YES,2026-07-09,2029-07-09,20548d8398104d2a882cd018fff31786ccc77c4412b6874d5e1fada31ca02ab1
TH-ENRICH-TX-SENIOR-2026-09-30-IDR2,TX|HHSC|TX_ICF_IID|007420,HHSC_LICENSE_NUMBER,148487,YES,2024-11-01,2027-11-01,20548d8398104d2a882cd018fff31786ccc77c4412b6874d5e1fada31ca02ab1
TH-ENRICH-TX-SENIOR-2026-09-30-IDR2,TX|HHSC|TX_ICF_IID|003948,HHSC_LICENSE_NUMBER,146334,YES,2027-01-01,2030-01-01,20548d8398104d2a882cd018fff31786ccc77c4412b6874d5e1fada31ca02ab1
TH-ENRICH-TX-SENIOR-2026-09-30-IDR2,TX|HHSC|TX_ICF_IID|003645,HHSC_LICENSE_NUMBER,149037,YES,2025-02-23,2028-02-23,20548d8398104d2a882cd018fff31786ccc77c4412b6874d5e1fada31ca02ab1
TH-ENRICH-TX-SENIOR-2026-09-30-IDR2,TX|HHSC|TX_ICF_IID|003628,HHSC_LICENSE_NUMBER,149130,YES,2024-11-21,2027-11-21,20548d8398104d2a882cd018fff31786ccc77c4412b6874d5e1fada31ca02ab1
TH-ENRICH-TX-SENIOR-2026-09-30-IDR2,TX|HHSC|TX_ICF_IID|111837,HHSC_LICENSE_NUMBER,312353,YES,2025-08-14,2028-08-14,20548d8398104d2a882cd018fff31786ccc77c4412b6874d5e1fada31ca02ab1
TH-ENRICH-TX-SENIOR-2026-09-30-IDR2,TX|HHSC|TX_ICF_IID|007248,HHSC_LICENSE_NUMBER,149075,YES,2026-03-20,2029-03-20,20548d8398104d2a882cd018fff31786ccc77c4412b6874d5e1fada31ca02ab1
TH-ENRICH-TX-SENIOR-2026-09-30-IDR2,TX|HHSC|TX_ICF_IID|003637,HHSC_LICENSE_NUMBER,148774,YES,2025-01-31,2028-01-31,20548d8398104d2a882cd018fff31786ccc77c4412b6874d5e1fada31ca02ab1
TH-ENRICH-TX-SENIOR-2026-09-30-IDR2,TX|HHSC|TX_ICF_IID|003638,HHSC_LICENSE_NUMBER,146602,YES,2023-12-22,2026-12-22,20548d8398104d2a882cd018fff31786ccc77c4412b6874d5e1fada31ca02ab1
TH-ENRICH-TX-SENIOR-2026-09-30-IDR2,TX|HHSC|TX_ICF_IID|007203,HHSC_LICENSE_NUMBER,148386,YES,2024-10-10,2027-10-10,20548d8398104d2a882cd018fff31786ccc77c4412b6874d5e1fada31ca02ab1
TH-ENRICH-TX-SENIOR-2026-09-30-IDR2,TX|HHSC|TX_ICF_IID|007403,HHSC_LICENSE_NUMBER,149260,YES,2026-03-05,2029-03-05,20548d8398104d2a882cd018fff31786ccc77c4412b6874d5e1fada31ca02ab1
TH-ENRICH-TX-SENIOR-2026-09-30-IDR2,TX|HHSC|TX_ICF_IID|007617,HHSC_LICENSE_NUMBER,150066,YES,2026-07-23,2029-07-23,20548d8398104d2a882cd018fff31786ccc77c4412b6874d5e1fada31ca02ab1
TH-ENRICH-TX-SENIOR-2026-09-30-IDR2,TX|HHSC|TX_ICF_IID|007408,HHSC_LICENSE_NUMBER,149228,YES,2026-05-15,2029-05-15,20548d8398104d2a882cd018fff31786ccc77c4412b6874d5e1fada31ca02ab1
TH-ENRICH-TX-SENIOR-2026-09-30-IDR2,TX|HHSC|TX_ICF_IID|007569,HHSC_LICENSE_NUMBER,148465,YES,2024-11-23,2027-11-23,20548d8398104d2a882cd018fff31786ccc77c4412b6874d5e1fada31ca02ab1
TH-ENRICH-TX-SENIOR-2026-09-30-IDR2,TX|HHSC|TX_ICF_IID|007407,HHSC_LICENSE_NUMBER,149876,YES,2026-07-30,2029-07-30,20548d8398104d2a882cd018fff31786ccc77c4412b6874d5e1fada31ca02ab1
TH-ENRICH-TX-SENIOR-2026-09-30-IDR2,TX|HHSC|TX_ICF_IID|003925,HHSC_LICENSE_NUMBER,149305,YES,2025-03-01,2028-03-01,20548d8398104d2a882cd018fff31786ccc77c4412b6874d5e1fada31ca02ab1
TH-ENRICH-TX-SENIOR-2026-09-30-IDR2,TX|HHSC|TX_ICF_IID|003618,HHSC_LICENSE_NUMBER,149815,YES,2026-07-20,2029-07-20,20548d8398104d2a882cd018fff31786ccc77c4412b6874d5e1fada31ca02ab1
TH-ENRICH-TX-SENIOR-2026-09-30-IDR2,TX|HHSC|TX_ICF_IID|105082,HHSC_LICENSE_NUMBER,147752,YES,2024-08-01,2027-08-01,20548d8398104d2a882cd018fff31786ccc77c4412b6874d5e1fada31ca02ab1
TH-ENRICH-TX-SENIOR-2026-09-30-IDR2,TX|HHSC|TX_ICF_IID|007626,HHSC_LICENSE_NUMBER,145711,YES,2025-09-07,2028-09-07,20548d8398104d2a882cd018fff31786ccc77c4412b6874d5e1fada31ca02ab1
TH-ENRICH-TX-SENIOR-2026-09-30-IDR2,TX|HHSC|TX_ICF_IID|003963,HHSC_LICENSE_NUMBER,149091,YES,2026-02-28,2029-02-28,20548d8398104d2a882cd018fff31786ccc77c4412b6874d5e1fada31ca02ab1
TH-ENRICH-TX-SENIOR-2026-09-30-IDR2,TX|HHSC|TX_ICF_IID|007561,HHSC_LICENSE_NUMBER,307871,YES,2026-02-10,2029-02-10,20548d8398104d2a882cd018fff31786ccc77c4412b6874d5e1fada31ca02ab1
TH-ENRICH-TX-SENIOR-2026-09-30-IDR2,TX|HHSC|TX_ICF_IID|003675,HHSC_LICENSE_NUMBER,313119,YES,2026-04-01,2029-04-01,20548d8398104d2a882cd018fff31786ccc77c4412b6874d5e1fada31ca02ab1
TH-ENRICH-TX-SENIOR-2026-09-30-IDR2,TX|HHSC|TX_ICF_IID|007505,HHSC_LICENSE_NUMBER,313115,YES,2026-04-01,2026-11-30,20548d8398104d2a882cd018fff31786ccc77c4412b6874d5e1fada31ca02ab1
TH-ENRICH-TX-SENIOR-2026-09-30-IDR2,TX|HHSC|TX_ICF_IID|007450,HHSC_LICENSE_NUMBER,313149,YES,2026-04-01,2026-12-07,20548d8398104d2a882cd018fff31786ccc77c4412b6874d5e1fada31ca02ab1
TH-ENRICH-TX-SENIOR-2026-09-30-IDR2,TX|HHSC|TX_ICF_IID|003879,HHSC_LICENSE_NUMBER,313105,YES,2026-04-01,2029-04-01,20548d8398104d2a882cd018fff31786ccc77c4412b6874d5e1fada31ca02ab1
TH-ENRICH-TX-SENIOR-2026-09-30-IDR2,TX|HHSC|TX_ICF_IID|007221,HHSC_LICENSE_NUMBER,313173,YES,2026-04-01,2026-12-17,20548d8398104d2a882cd018fff31786ccc77c4412b6874d5e1fada31ca02ab1
TH-ENRICH-TX-SENIOR-2026-09-30-IDR2,TX|HHSC|TX_ICF_IID|003763,HHSC_LICENSE_NUMBER,313148,YES,2026-04-01,2029-04-01,20548d8398104d2a882cd018fff31786ccc77c4412b6874d5e1fada31ca02ab1
TH-ENRICH-TX-SENIOR-2026-09-30-IDR2,TX|HHSC|TX_ICF_IID|003949,HHSC_LICENSE_NUMBER,146310,YES,2024-01-01,2027-01-01,20548d8398104d2a882cd018fff31786ccc77c4412b6874d5e1fada31ca02ab1
TH-ENRICH-TX-SENIOR-2026-09-30-IDR2,TX|HHSC|TX_ICF_IID|007559,HHSC_LICENSE_NUMBER,307774,YES,2025-12-01,2028-12-01,20548d8398104d2a882cd018fff31786ccc77c4412b6874d5e1fada31ca02ab1
TH-ENRICH-TX-SENIOR-2026-09-30-IDR2,TX|HHSC|TX_ICF_IID|003983,HHSC_LICENSE_NUMBER,146455,YES,2024-01-01,2027-01-01,20548d8398104d2a882cd018fff31786ccc77c4412b6874d5e1fada31ca02ab1
TH-ENRICH-TX-SENIOR-2026-09-30-IDR2,TX|HHSC|TX_ICF_IID|003954,HHSC_LICENSE_NUMBER,146198,YES,2025-01-01,2028-01-01,20548d8398104d2a882cd018fff31786ccc77c4412b6874d5e1fada31ca02ab1
TH-ENRICH-TX-SENIOR-2026-09-30-IDR2,TX|HHSC|TX_ICF_IID|007244,HHSC_LICENSE_NUMBER,146564,YES,2025-01-01,2028-01-01,20548d8398104d2a882cd018fff31786ccc77c4412b6874d5e1fada31ca02ab1
TH-ENRICH-TX-SENIOR-2026-09-30-IDR2,TX|HHSC|TX_ICF_IID|007236,HHSC_LICENSE_NUMBER,146380,YES,2024-01-01,2027-01-01,20548d8398104d2a882cd018fff31786ccc77c4412b6874d5e1fada31ca02ab1
TH-ENRICH-TX-SENIOR-2026-09-30-IDR2,TX|HHSC|TX_ICF_IID|003979,HHSC_LICENSE_NUMBER,146459,YES,2024-01-01,2027-01-01,20548d8398104d2a882cd018fff31786ccc77c4412b6874d5e1fada31ca02ab1
TH-ENRICH-TX-SENIOR-2026-09-30-IDR2,TX|HHSC|TX_ICF_IID|003699,HHSC_LICENSE_NUMBER,148079,YES,2024-09-18,2027-09-18,20548d8398104d2a882cd018fff31786ccc77c4412b6874d5e1fada31ca02ab1
TH-ENRICH-TX-SENIOR-2026-09-30-IDR2,TX|HHSC|TX_ICF_IID|007432,HHSC_LICENSE_NUMBER,149918,YES,2026-07-09,2029-07-09,20548d8398104d2a882cd018fff31786ccc77c4412b6874d5e1fada31ca02ab1
TH-ENRICH-TX-SENIOR-2026-09-30-IDR2,TX|HHSC|TX_ICF_IID|010279,HHSC_LICENSE_NUMBER,146291,YES,2024-01-29,2027-01-29,20548d8398104d2a882cd018fff31786ccc77c4412b6874d5e1fada31ca02ab1
TH-ENRICH-TX-SENIOR-2026-09-30-IDR2,TX|HHSC|TX_ICF_IID|010278,HHSC_LICENSE_NUMBER,146096,YES,2023-11-01,2026-11-01,20548d8398104d2a882cd018fff31786ccc77c4412b6874d5e1fada31ca02ab1
TH-ENRICH-TX-SENIOR-2026-09-30-IDR2,TX|HHSC|TX_ICF_IID|010355,HHSC_LICENSE_NUMBER,145971,YES,2023-11-01,2026-11-01,20548d8398104d2a882cd018fff31786ccc77c4412b6874d5e1fada31ca02ab1
TH-ENRICH-TX-SENIOR-2026-09-30-IDR2,TX|HHSC|TX_ICF_IID|007402,HHSC_LICENSE_NUMBER,146082,YES,2024-01-01,2027-01-01,20548d8398104d2a882cd018fff31786ccc77c4412b6874d5e1fada31ca02ab1
TH-ENRICH-TX-SENIOR-2026-09-30-IDR2,TX|HHSC|TX_ICF_IID|007421,HHSC_LICENSE_NUMBER,148935,YES,2024-12-05,2027-12-05,20548d8398104d2a882cd018fff31786ccc77c4412b6874d5e1fada31ca02ab1
TH-ENRICH-TX-SENIOR-2026-09-30-IDR2,TX|HHSC|TX_ICF_IID|007493,HHSC_LICENSE_NUMBER,146847,YES,2024-01-01,2027-01-01,20548d8398104d2a882cd018fff31786ccc77c4412b6874d5e1fada31ca02ab1
TH-ENRICH-TX-SENIOR-2026-09-30-IDR2,TX|HHSC|TX_ICF_IID|003993,HHSC_LICENSE_NUMBER,312192,YES,2024-12-15,2027-12-15,20548d8398104d2a882cd018fff31786ccc77c4412b6874d5e1fada31ca02ab1
TH-ENRICH-TX-SENIOR-2026-09-30-IDR2,TX|HHSC|TX_ICF_IID|003997,HHSC_LICENSE_NUMBER,149680,YES,2024-09-01,2027-09-01,20548d8398104d2a882cd018fff31786ccc77c4412b6874d5e1fada31ca02ab1
TH-ENRICH-TX-SENIOR-2026-09-30-IDR2,TX|HHSC|TX_ICF_IID|007233,HHSC_LICENSE_NUMBER,148113,YES,2025-09-01,2028-09-01,20548d8398104d2a882cd018fff31786ccc77c4412b6874d5e1fada31ca02ab1
TH-ENRICH-TX-SENIOR-2026-09-30-IDR2,TX|HHSC|TX_ICF_IID|007232,HHSC_LICENSE_NUMBER,148544,YES,2025-09-01,2028-09-01,20548d8398104d2a882cd018fff31786ccc77c4412b6874d5e1fada31ca02ab1
TH-ENRICH-TX-SENIOR-2026-09-30-IDR2,TX|HHSC|TX_ICF_IID|003617,HHSC_LICENSE_NUMBER,148006,YES,2024-09-01,2027-09-01,20548d8398104d2a882cd018fff31786ccc77c4412b6874d5e1fada31ca02ab1
TH-ENRICH-TX-SENIOR-2026-09-30-IDR2,TX|HHSC|TX_ICF_IID|104052,HHSC_LICENSE_NUMBER,148142,YES,2024-09-01,2027-09-01,20548d8398104d2a882cd018fff31786ccc77c4412b6874d5e1fada31ca02ab1
TH-ENRICH-TX-SENIOR-2026-09-30-IDR2,TX|HHSC|TX_ICF_IID|003950,HHSC_LICENSE_NUMBER,307736,YES,2026-02-10,2029-02-10,20548d8398104d2a882cd018fff31786ccc77c4412b6874d5e1fada31ca02ab1
TH-ENRICH-TX-SENIOR-2026-09-30-IDR2,TX|HHSC|TX_ICF_IID|003968,HHSC_LICENSE_NUMBER,307743,YES,2026-02-10,2029-02-10,20548d8398104d2a882cd018fff31786ccc77c4412b6874d5e1fada31ca02ab1
TH-ENRICH-TX-SENIOR-2026-09-30-IDR2,TX|HHSC|TX_ICF_IID|111970,HHSC_LICENSE_NUMBER,312625,YES,2025-09-05,2028-09-05,20548d8398104d2a882cd018fff31786ccc77c4412b6874d5e1fada31ca02ab1
TH-ENRICH-TX-SENIOR-2026-09-30-IDR2,TX|HHSC|TX_ICF_IID|100368,HHSC_LICENSE_NUMBER,147114,YES,2024-05-07,2027-05-07,20548d8398104d2a882cd018fff31786ccc77c4412b6874d5e1fada31ca02ab1
TH-ENRICH-TX-SENIOR-2026-09-30-IDR2,TX|HHSC|TX_ICF_IID|100939,HHSC_LICENSE_NUMBER,149524,YES,2026-07-01,2029-07-01,20548d8398104d2a882cd018fff31786ccc77c4412b6874d5e1fada31ca02ab1
TH-ENRICH-TX-SENIOR-2026-09-30-IDR2,TX|HHSC|TX_ICF_IID|010175,HHSC_LICENSE_NUMBER,148173,YES,2025-07-23,2028-07-23,20548d8398104d2a882cd018fff31786ccc77c4412b6874d5e1fada31ca02ab1
TH-ENRICH-TX-SENIOR-2026-09-30-IDR2,TX|HHSC|TX_ICF_IID|007321,HHSC_LICENSE_NUMBER,308066,YES,2024-01-07,2027-01-07,20548d8398104d2a882cd018fff31786ccc77c4412b6874d5e1fada31ca02ab1
TH-ENRICH-TX-SENIOR-2026-09-30-IDR2,TX|HHSC|TX_ICF_IID|003796,HHSC_LICENSE_NUMBER,144613,YES,2026-04-01,2029-04-01,20548d8398104d2a882cd018fff31786ccc77c4412b6874d5e1fada31ca02ab1
TH-ENRICH-TX-SENIOR-2026-09-30-IDR2,TX|HHSC|TX_ICF_IID|003835,HHSC_LICENSE_NUMBER,144609,YES,2025-04-01,2028-04-01,20548d8398104d2a882cd018fff31786ccc77c4412b6874d5e1fada31ca02ab1
TH-ENRICH-TX-SENIOR-2026-09-30-IDR2,TX|HHSC|TX_ICF_IID|007374,HHSC_LICENSE_NUMBER,149400,YES,2025-05-01,2028-05-01,20548d8398104d2a882cd018fff31786ccc77c4412b6874d5e1fada31ca02ab1
TH-ENRICH-TX-SENIOR-2026-09-30-IDR2,TX|HHSC|TX_ICF_IID|003756,HHSC_LICENSE_NUMBER,149371,YES,2025-04-01,2028-04-01,20548d8398104d2a882cd018fff31786ccc77c4412b6874d5e1fada31ca02ab1
TH-ENRICH-TX-SENIOR-2026-09-30-IDR2,TX|HHSC|TX_ICF_IID|003783,HHSC_LICENSE_NUMBER,148263,YES,2024-09-01,2027-09-01,20548d8398104d2a882cd018fff31786ccc77c4412b6874d5e1fada31ca02ab1
TH-ENRICH-TX-SENIOR-2026-09-30-IDR2,TX|HHSC|TX_ICF_IID|100362,HHSC_LICENSE_NUMBER,312073,YES,2024-09-05,2027-09-05,20548d8398104d2a882cd018fff31786ccc77c4412b6874d5e1fada31ca02ab1
TH-ENRICH-TX-SENIOR-2026-09-30-IDR2,TX|HHSC|TX_ICF_IID|104764,HHSC_LICENSE_NUMBER,150288,YES,2025-02-22,2028-02-22,20548d8398104d2a882cd018fff31786ccc77c4412b6874d5e1fada31ca02ab1
TH-ENRICH-TX-SENIOR-2026-09-30-IDR2,TX|HHSC|TX_ICF_IID|104122,HHSC_LICENSE_NUMBER,148115,YES,2025-09-01,2028-09-01,20548d8398104d2a882cd018fff31786ccc77c4412b6874d5e1fada31ca02ab1
TH-ENRICH-TX-SENIOR-2026-09-30-IDR2,TX|HHSC|TX_ICF_IID|104131,HHSC_LICENSE_NUMBER,148175,YES,2024-09-01,2027-09-01,20548d8398104d2a882cd018fff31786ccc77c4412b6874d5e1fada31ca02ab1
TH-ENRICH-TX-SENIOR-2026-09-30-IDR2,TX|HHSC|TX_ICF_IID|007252,HHSC_LICENSE_NUMBER,148005,YES,2024-09-01,2027-09-01,20548d8398104d2a882cd018fff31786ccc77c4412b6874d5e1fada31ca02ab1
TH-ENRICH-TX-SENIOR-2026-09-30-IDR2,TX|HHSC|TX_ICF_IID|007651,HHSC_LICENSE_NUMBER,148912,YES,2024-09-01,2027-09-01,20548d8398104d2a882cd018fff31786ccc77c4412b6874d5e1fada31ca02ab1
TH-ENRICH-TX-SENIOR-2026-09-30-IDR2,TX|HHSC|TX_ICF_IID|007652,HHSC_LICENSE_NUMBER,148429,YES,2024-09-01,2027-09-01,20548d8398104d2a882cd018fff31786ccc77c4412b6874d5e1fada31ca02ab1
TH-ENRICH-TX-SENIOR-2026-09-30-IDR2,TX|HHSC|TX_ICF_IID|003890,HHSC_LICENSE_NUMBER,147972,YES,2025-09-01,2028-09-01,20548d8398104d2a882cd018fff31786ccc77c4412b6874d5e1fada31ca02ab1
TH-ENRICH-TX-SENIOR-2026-09-30-IDR2,TX|HHSC|TX_ICF_IID|003846,HHSC_LICENSE_NUMBER,149370,YES,2025-04-01,2028-04-01,20548d8398104d2a882cd018fff31786ccc77c4412b6874d5e1fada31ca02ab1
TH-ENRICH-TX-SENIOR-2026-09-30-IDR2,TX|HHSC|TX_ICF_IID|007644,HHSC_LICENSE_NUMBER,145241,YES,2025-07-01,2028-07-01,20548d8398104d2a882cd018fff31786ccc77c4412b6874d5e1fada31ca02ab1
TH-ENRICH-TX-SENIOR-2026-09-30-IDR2,TX|HHSC|TX_ICF_IID|007812,HHSC_LICENSE_NUMBER,147387,YES,2024-06-11,2027-06-11,20548d8398104d2a882cd018fff31786ccc77c4412b6874d5e1fada31ca02ab1
TH-ENRICH-TX-SENIOR-2026-09-30-IDR2,TX|HHSC|TX_ICF_IID|007640,HHSC_LICENSE_NUMBER,150011,YES,2026-07-01,2029-07-01,20548d8398104d2a882cd018fff31786ccc77c4412b6874d5e1fada31ca02ab1
TH-ENRICH-TX-SENIOR-2026-09-30-IDR2,TX|HHSC|TX_ICF_IID|007813,HHSC_LICENSE_NUMBER,149953,YES,2026-08-05,2029-08-05,20548d8398104d2a882cd018fff31786ccc77c4412b6874d5e1fada31ca02ab1
TH-ENRICH-TX-SENIOR-2026-09-30-IDR2,TX|HHSC|TX_ICF_IID|007621,HHSC_LICENSE_NUMBER,149874,YES,2023-12-11,2026-12-11,20548d8398104d2a882cd018fff31786ccc77c4412b6874d5e1fada31ca02ab1
TH-ENRICH-TX-SENIOR-2026-09-30-IDR2,TX|HHSC|TX_ICF_IID|007404,HHSC_LICENSE_NUMBER,146581,YES,2025-02-28,2028-02-28,20548d8398104d2a882cd018fff31786ccc77c4412b6874d5e1fada31ca02ab1
TH-ENRICH-TX-SENIOR-2026-09-30-IDR2,TX|HHSC|TX_ICF_IID|007333,HHSC_LICENSE_NUMBER,148604,YES,2024-09-01,2027-09-01,20548d8398104d2a882cd018fff31786ccc77c4412b6874d5e1fada31ca02ab1
TH-ENRICH-TX-SENIOR-2026-09-30-IDR2,TX|HHSC|TX_ICF_IID|007266,HHSC_LICENSE_NUMBER,148427,YES,2025-09-01,2028-09-01,20548d8398104d2a882cd018fff31786ccc77c4412b6874d5e1fada31ca02ab1
TH-ENRICH-TX-SENIOR-2026-09-30-IDR2,TX|HHSC|TX_ICF_IID|007531,HHSC_LICENSE_NUMBER,307232,YES,2025-02-11,2028-02-11,20548d8398104d2a882cd018fff31786ccc77c4412b6874d5e1fada31ca02ab1
TH-ENRICH-TX-SENIOR-2026-09-30-IDR2,TX|HHSC|TX_ICF_IID|007615,HHSC_LICENSE_NUMBER,149112,YES,2025-01-01,2028-01-01,20548d8398104d2a882cd018fff31786ccc77c4412b6874d5e1fada31ca02ab1
TH-ENRICH-TX-SENIOR-2026-09-30-IDR2,TX|HHSC|TX_ICF_IID|007614,HHSC_LICENSE_NUMBER,149111,YES,2025-01-01,2028-01-01,20548d8398104d2a882cd018fff31786ccc77c4412b6874d5e1fada31ca02ab1
TH-ENRICH-TX-SENIOR-2026-09-30-IDR2,TX|HHSC|TX_ICF_IID|003736,HHSC_LICENSE_NUMBER,149073,YES,2025-04-01,2028-04-01,20548d8398104d2a882cd018fff31786ccc77c4412b6874d5e1fada31ca02ab1
TH-ENRICH-TX-SENIOR-2026-09-30-IDR2,TX|HHSC|TX_ICF_IID|007641,HHSC_LICENSE_NUMBER,150060,YES,2025-01-01,2028-01-01,20548d8398104d2a882cd018fff31786ccc77c4412b6874d5e1fada31ca02ab1
TH-ENRICH-TX-SENIOR-2026-09-30-IDR2,TX|HHSC|TX_ICF_IID|007642,HHSC_LICENSE_NUMBER,148919,YES,2026-01-01,2029-01-01,20548d8398104d2a882cd018fff31786ccc77c4412b6874d5e1fada31ca02ab1
TH-ENRICH-TX-SENIOR-2026-09-30-IDR2,TX|HHSC|TX_ICF_IID|007503,HHSC_LICENSE_NUMBER,146305,YES,2024-01-01,2027-01-01,20548d8398104d2a882cd018fff31786ccc77c4412b6874d5e1fada31ca02ab1
TH-ENRICH-TX-SENIOR-2026-09-30-IDR2,TX|HHSC|TX_ICF_IID|007810,HHSC_LICENSE_NUMBER,148019,YES,2024-10-13,2027-10-13,20548d8398104d2a882cd018fff31786ccc77c4412b6874d5e1fada31ca02ab1
TH-ENRICH-TX-SENIOR-2026-09-30-IDR2,TX|HHSC|TX_ICF_IID|007497,HHSC_LICENSE_NUMBER,146307,YES,2024-01-01,2027-01-01,20548d8398104d2a882cd018fff31786ccc77c4412b6874d5e1fada31ca02ab1
TH-ENRICH-TX-SENIOR-2026-09-30-IDR2,TX|HHSC|TX_ICF_IID|003947,HHSC_LICENSE_NUMBER,148471,YES,2025-09-01,2028-09-01,20548d8398104d2a882cd018fff31786ccc77c4412b6874d5e1fada31ca02ab1
TH-ENRICH-TX-SENIOR-2026-09-30-IDR2,TX|HHSC|TX_ICF_IID|003666,HHSC_LICENSE_NUMBER,148940,YES,2024-09-01,2027-09-01,20548d8398104d2a882cd018fff31786ccc77c4412b6874d5e1fada31ca02ab1
TH-ENRICH-TX-SENIOR-2026-09-30-IDR2,TX|HHSC|TX_ICF_IID|003620,HHSC_LICENSE_NUMBER,150019,YES,2026-09-01,2029-09-01,20548d8398104d2a882cd018fff31786ccc77c4412b6874d5e1fada31ca02ab1
TH-ENRICH-TX-SENIOR-2026-09-30-IDR2,TX|HHSC|TX_ICF_IID|007645,HHSC_LICENSE_NUMBER,144999,YES,2025-07-01,2028-07-01,20548d8398104d2a882cd018fff31786ccc77c4412b6874d5e1fada31ca02ab1
TH-ENRICH-TX-SENIOR-2026-09-30-IDR2,TX|HHSC|TX_ICF_IID|007647,HHSC_LICENSE_NUMBER,149865,YES,2026-07-01,2029-07-01,20548d8398104d2a882cd018fff31786ccc77c4412b6874d5e1fada31ca02ab1
TH-ENRICH-TX-SENIOR-2026-09-30-IDR2,TX|HHSC|TX_ICF_IID|003987,HHSC_LICENSE_NUMBER,145702,YES,2026-09-01,2029-09-01,20548d8398104d2a882cd018fff31786ccc77c4412b6874d5e1fada31ca02ab1
TH-ENRICH-TX-SENIOR-2026-09-30-IDR2,TX|HHSC|TX_ICF_IID|007280,HHSC_LICENSE_NUMBER,307765,YES,2026-02-10,2029-02-10,20548d8398104d2a882cd018fff31786ccc77c4412b6874d5e1fada31ca02ab1
TH-ENRICH-TX-SENIOR-2026-09-30-IDR2,TX|HHSC|TX_ICF_IID|003901,HHSC_LICENSE_NUMBER,307726,YES,2026-02-10,2029-02-10,20548d8398104d2a882cd018fff31786ccc77c4412b6874d5e1fada31ca02ab1
TH-ENRICH-TX-SENIOR-2026-09-30-IDR2,TX|HHSC|TX_ICF_IID|007800,HHSC_LICENSE_NUMBER,312027,YES,2024-06-15,2027-06-15,20548d8398104d2a882cd018fff31786ccc77c4412b6874d5e1fada31ca02ab1
TH-ENRICH-TX-SENIOR-2026-09-30-IDR2,TX|HHSC|TX_ICF_IID|110326,HHSC_LICENSE_NUMBER,307802,YES,2025-03-16,2028-03-16,20548d8398104d2a882cd018fff31786ccc77c4412b6874d5e1fada31ca02ab1
TH-ENRICH-TX-SENIOR-2026-09-30-IDR2,TX|HHSC|TX_ICF_IID|003994,HHSC_LICENSE_NUMBER,312052,YES,2024-06-15,2027-06-15,20548d8398104d2a882cd018fff31786ccc77c4412b6874d5e1fada31ca02ab1
TH-ENRICH-TX-SENIOR-2026-09-30-IDR2,TX|HHSC|TX_ICF_IID|007667,HHSC_LICENSE_NUMBER,148791,YES,2026-03-15,2029-03-15,20548d8398104d2a882cd018fff31786ccc77c4412b6874d5e1fada31ca02ab1
TH-ENRICH-TX-SENIOR-2026-09-30-IDR2,TX|HHSC|TX_ICF_IID|003922,HHSC_LICENSE_NUMBER,148104,YES,2024-10-01,2027-10-01,20548d8398104d2a882cd018fff31786ccc77c4412b6874d5e1fada31ca02ab1
TH-ENRICH-TX-SENIOR-2026-09-30-IDR2,TX|HHSC|TX_ICF_IID|007668,HHSC_LICENSE_NUMBER,149201,YES,2026-03-15,2029-03-15,20548d8398104d2a882cd018fff31786ccc77c4412b6874d5e1fada31ca02ab1
TH-ENRICH-TX-SENIOR-2026-09-30-IDR2,TX|HHSC|TX_ICF_IID|007670,HHSC_LICENSE_NUMBER,149154,YES,2026-03-15,2029-03-15,20548d8398104d2a882cd018fff31786ccc77c4412b6874d5e1fada31ca02ab1
TH-ENRICH-TX-SENIOR-2026-09-30-IDR2,TX|HHSC|TX_ICF_IID|007206,HHSC_LICENSE_NUMBER,144541,YES,2025-04-01,2028-04-01,20548d8398104d2a882cd018fff31786ccc77c4412b6874d5e1fada31ca02ab1
TH-ENRICH-TX-SENIOR-2026-09-30-IDR2,TX|HHSC|TX_ICF_IID|007247,HHSC_LICENSE_NUMBER,148794,YES,2026-03-18,2029-03-18,20548d8398104d2a882cd018fff31786ccc77c4412b6874d5e1fada31ca02ab1
TH-ENRICH-TX-SENIOR-2026-09-30-IDR2,TX|HHSC|TX_ICF_IID|007669,HHSC_LICENSE_NUMBER,148833,YES,2026-03-15,2029-03-15,20548d8398104d2a882cd018fff31786ccc77c4412b6874d5e1fada31ca02ab1
TH-ENRICH-TX-SENIOR-2026-09-30-IDR2,TX|HHSC|TX_ICF_IID|007671,HHSC_LICENSE_NUMBER,149360,YES,2026-03-15,2029-03-15,20548d8398104d2a882cd018fff31786ccc77c4412b6874d5e1fada31ca02ab1
TH-ENRICH-TX-SENIOR-2026-09-30-IDR2,TX|HHSC|TX_ICF_IID|007442,HHSC_LICENSE_NUMBER,146287,YES,2026-01-01,2029-01-01,20548d8398104d2a882cd018fff31786ccc77c4412b6874d5e1fada31ca02ab1
TH-ENRICH-TX-SENIOR-2026-09-30-IDR2,TX|HHSC|TX_ICF_IID|003805,HHSC_LICENSE_NUMBER,146281,YES,2025-01-01,2028-01-01,20548d8398104d2a882cd018fff31786ccc77c4412b6874d5e1fada31ca02ab1
TH-ENRICH-TX-SENIOR-2026-09-30-IDR2,TX|HHSC|TX_ICF_IID|003837,HHSC_LICENSE_NUMBER,146260,YES,2024-01-03,2027-01-03,20548d8398104d2a882cd018fff31786ccc77c4412b6874d5e1fada31ca02ab1
TH-ENRICH-TX-SENIOR-2026-09-30-IDR2,TX|HHSC|TX_ICF_IID|003886,HHSC_LICENSE_NUMBER,148226,YES,2025-10-01,2028-10-01,20548d8398104d2a882cd018fff31786ccc77c4412b6874d5e1fada31ca02ab1
TH-ENRICH-TX-SENIOR-2026-09-30-IDR2,TX|HHSC|TX_ICF_IID|003894,HHSC_LICENSE_NUMBER,148321,YES,2025-10-01,2028-10-01,20548d8398104d2a882cd018fff31786ccc77c4412b6874d5e1fada31ca02ab1
TH-ENRICH-TX-SENIOR-2026-09-30-IDR2,TX|HHSC|TX_ICF_IID|003640,HHSC_LICENSE_NUMBER,149183,YES,2026-01-23,2029-01-23,20548d8398104d2a882cd018fff31786ccc77c4412b6874d5e1fada31ca02ab1
TH-ENRICH-TX-SENIOR-2026-09-30-IDR2,TX|HHSC|TX_ICF_IID|003814,HHSC_LICENSE_NUMBER,149517,YES,2025-08-01,2028-08-01,20548d8398104d2a882cd018fff31786ccc77c4412b6874d5e1fada31ca02ab1
TH-ENRICH-TX-SENIOR-2026-09-30-IDR2,TX|HHSC|TX_ICF_IID|007650,HHSC_LICENSE_NUMBER,149798,YES,2026-08-01,2029-08-01,20548d8398104d2a882cd018fff31786ccc77c4412b6874d5e1fada31ca02ab1
TH-ENRICH-TX-SENIOR-2026-09-30-IDR2,TX|HHSC|TX_ICF_IID|003873,HHSC_LICENSE_NUMBER,149259,YES,2026-03-01,2029-03-01,20548d8398104d2a882cd018fff31786ccc77c4412b6874d5e1fada31ca02ab1
TH-ENRICH-TX-SENIOR-2026-09-30-IDR2,TX|HHSC|TX_ICF_IID|003876,HHSC_LICENSE_NUMBER,147867,YES,2025-09-29,2028-09-29,20548d8398104d2a882cd018fff31786ccc77c4412b6874d5e1fada31ca02ab1
TH-ENRICH-TX-SENIOR-2026-09-30-IDR2,TX|HHSC|TX_ICF_IID|003877,HHSC_LICENSE_NUMBER,149100,YES,2026-03-01,2029-03-01,20548d8398104d2a882cd018fff31786ccc77c4412b6874d5e1fada31ca02ab1
TH-ENRICH-TX-SENIOR-2026-09-30-IDR2,TX|HHSC|TX_ICF_IID|003932,HHSC_LICENSE_NUMBER,147888,YES,2025-09-25,2028-09-25,20548d8398104d2a882cd018fff31786ccc77c4412b6874d5e1fada31ca02ab1
TH-ENRICH-TX-SENIOR-2026-09-30-IDR2,TX|HHSC|TX_ICF_IID|003958,HHSC_LICENSE_NUMBER,149115,YES,2026-03-01,2029-03-01,20548d8398104d2a882cd018fff31786ccc77c4412b6874d5e1fada31ca02ab1
TH-ENRICH-TX-SENIOR-2026-09-30-IDR2,TX|HHSC|TX_ICF_IID|003614,HHSC_LICENSE_NUMBER,148967,YES,2025-03-01,2028-03-01,20548d8398104d2a882cd018fff31786ccc77c4412b6874d5e1fada31ca02ab1
TH-ENRICH-TX-SENIOR-2026-09-30-IDR2,TX|HHSC|TX_ICF_IID|007514,HHSC_LICENSE_NUMBER,307876,YES,2026-02-01,2029-02-01,20548d8398104d2a882cd018fff31786ccc77c4412b6874d5e1fada31ca02ab1
TH-ENRICH-TX-SENIOR-2026-09-30-IDR2,TX|HHSC|TX_ICF_IID|007588,HHSC_LICENSE_NUMBER,307892,YES,2026-02-01,2029-02-01,20548d8398104d2a882cd018fff31786ccc77c4412b6874d5e1fada31ca02ab1
TH-ENRICH-TX-SENIOR-2026-09-30-IDR2,TX|HHSC|TX_ICF_IID|007532,HHSC_LICENSE_NUMBER,307882,YES,2026-02-01,2029-02-01,20548d8398104d2a882cd018fff31786ccc77c4412b6874d5e1fada31ca02ab1
TH-ENRICH-TX-SENIOR-2026-09-30-IDR2,TX|HHSC|TX_ICF_IID|007592,HHSC_LICENSE_NUMBER,307879,YES,2026-02-01,2029-02-01,20548d8398104d2a882cd018fff31786ccc77c4412b6874d5e1fada31ca02ab1
TH-ENRICH-TX-SENIOR-2026-09-30-IDR2,TX|HHSC|TX_ICF_IID|007373,HHSC_LICENSE_NUMBER,145751,YES,2023-11-01,2026-11-01,20548d8398104d2a882cd018fff31786ccc77c4412b6874d5e1fada31ca02ab1
TH-ENRICH-TX-SENIOR-2026-09-30-IDR2,TX|HHSC|TX_ICF_IID|007552,HHSC_LICENSE_NUMBER,145680,YES,2023-11-01,2026-11-01,20548d8398104d2a882cd018fff31786ccc77c4412b6874d5e1fada31ca02ab1
TH-ENRICH-TX-SENIOR-2026-09-30-IDR2,TX|HHSC|TX_ICF_IID|003788,HHSC_LICENSE_NUMBER,145890,YES,2023-11-01,2026-11-01,20548d8398104d2a882cd018fff31786ccc77c4412b6874d5e1fada31ca02ab1
TH-ENRICH-TX-SENIOR-2026-09-30-IDR2,TX|HHSC|TX_ICF_IID|003824,HHSC_LICENSE_NUMBER,145721,YES,2025-11-01,2028-11-01,20548d8398104d2a882cd018fff31786ccc77c4412b6874d5e1fada31ca02ab1
TH-ENRICH-TX-SENIOR-2026-09-30-IDR2,TX|HHSC|TX_ICF_IID|110358,HHSC_LICENSE_NUMBER,145521,YES,2023-10-01,2026-10-01,20548d8398104d2a882cd018fff31786ccc77c4412b6874d5e1fada31ca02ab1
TH-ENRICH-TX-SENIOR-2026-09-30-IDR2,TX|HHSC|TX_ICF_IID|003761,HHSC_LICENSE_NUMBER,145750,YES,2026-11-01,2029-11-01,20548d8398104d2a882cd018fff31786ccc77c4412b6874d5e1fada31ca02ab1
TH-ENRICH-TX-SENIOR-2026-09-30-IDR2,TX|HHSC|TX_ICF_IID|003766,HHSC_LICENSE_NUMBER,145722,YES,2025-11-01,2028-11-01,20548d8398104d2a882cd018fff31786ccc77c4412b6874d5e1fada31ca02ab1
TH-ENRICH-TX-SENIOR-2026-09-30-IDR2,TX|HHSC|TX_ICF_IID|003682,HHSC_LICENSE_NUMBER,312899,YES,2026-02-27,2029-02-27,20548d8398104d2a882cd018fff31786ccc77c4412b6874d5e1fada31ca02ab1
TH-ENRICH-TX-SENIOR-2026-09-30-IDR2,TX|HHSC|TX_ICF_IID|110477,HHSC_LICENSE_NUMBER,312606,YES,2025-08-13,2028-08-13,20548d8398104d2a882cd018fff31786ccc77c4412b6874d5e1fada31ca02ab1
TH-ENRICH-TX-SENIOR-2026-09-30-IDR2,TX|HHSC|TX_ICF_IID|007227,HHSC_LICENSE_NUMBER,312945,YES,2026-02-25,2029-02-25,20548d8398104d2a882cd018fff31786ccc77c4412b6874d5e1fada31ca02ab1
TH-ENRICH-TX-SENIOR-2026-09-30-IDR2,TX|HHSC|TX_ICF_IID|003678,HHSC_LICENSE_NUMBER,313088,YES,2026-04-15,2029-04-15,20548d8398104d2a882cd018fff31786ccc77c4412b6874d5e1fada31ca02ab1
TH-ENRICH-TX-SENIOR-2026-09-30-IDR2,TX|HHSC|TX_ICF_IID|007672,HHSC_LICENSE_NUMBER,312585,YES,2025-08-13,2028-08-13,20548d8398104d2a882cd018fff31786ccc77c4412b6874d5e1fada31ca02ab1
TH-ENRICH-TX-SENIOR-2026-09-30-IDR2,TX|HHSC|TX_ICF_IID|007673,HHSC_LICENSE_NUMBER,312578,YES,2025-08-13,2028-08-13,20548d8398104d2a882cd018fff31786ccc77c4412b6874d5e1fada31ca02ab1
TH-ENRICH-TX-SENIOR-2026-09-30-IDR2,TX|HHSC|TX_ICF_IID|007630,HHSC_LICENSE_NUMBER,145655,YES,2026-10-07,2029-10-07,20548d8398104d2a882cd018fff31786ccc77c4412b6874d5e1fada31ca02ab1
TH-ENRICH-TX-SENIOR-2026-09-30-IDR2,TX|HHSC|TX_ICF_IID|007267,HHSC_LICENSE_NUMBER,149061,YES,2026-05-31,2029-05-31,20548d8398104d2a882cd018fff31786ccc77c4412b6874d5e1fada31ca02ab1
TH-ENRICH-TX-SENIOR-2026-09-30-IDR2,TX|HHSC|TX_ICF_IID|007463,HHSC_LICENSE_NUMBER,148267,YES,2024-12-04,2027-12-04,20548d8398104d2a882cd018fff31786ccc77c4412b6874d5e1fada31ca02ab1
TH-ENRICH-TX-SENIOR-2026-09-30-IDR2,TX|HHSC|TX_ICF_IID|003656,HHSC_LICENSE_NUMBER,148639,YES,2025-09-01,2028-09-01,20548d8398104d2a882cd018fff31786ccc77c4412b6874d5e1fada31ca02ab1
TH-ENRICH-TX-SENIOR-2026-09-30-IDR2,TX|HHSC|TX_ICF_IID|007521,HHSC_LICENSE_NUMBER,148391,YES,2024-09-01,2027-09-01,20548d8398104d2a882cd018fff31786ccc77c4412b6874d5e1fada31ca02ab1
TH-ENRICH-TX-SENIOR-2026-09-30-IDR2,TX|HHSC|TX_ICF_IID|003921,HHSC_LICENSE_NUMBER,149505,YES,2026-05-16,2029-05-16,20548d8398104d2a882cd018fff31786ccc77c4412b6874d5e1fada31ca02ab1
TH-ENRICH-TX-SENIOR-2026-09-30-IDR2,TX|HHSC|TX_ICF_IID|003781,HHSC_LICENSE_NUMBER,146460,YES,2024-01-01,2027-01-01,20548d8398104d2a882cd018fff31786ccc77c4412b6874d5e1fada31ca02ab1
TH-ENRICH-TX-SENIOR-2026-09-30-IDR2,TX|HHSC|TX_ICF_IID|007653,HHSC_LICENSE_NUMBER,312245,YES,2024-12-15,2027-12-15,20548d8398104d2a882cd018fff31786ccc77c4412b6874d5e1fada31ca02ab1
TH-ENRICH-TX-SENIOR-2026-09-30-IDR2,TX|HHSC|TX_ICF_IID|007268,HHSC_LICENSE_NUMBER,312504,YES,2025-06-15,2028-06-15,20548d8398104d2a882cd018fff31786ccc77c4412b6874d5e1fada31ca02ab1
TH-ENRICH-TX-SENIOR-2026-09-30-IDR2,TX|HHSC|TX_ICF_IID|101455,HHSC_LICENSE_NUMBER,147621,YES,2025-07-03,2028-07-03,20548d8398104d2a882cd018fff31786ccc77c4412b6874d5e1fada31ca02ab1
TH-ENRICH-TX-SENIOR-2026-09-30-IDR2,TX|HHSC|TX_ICF_IID|101453,HHSC_LICENSE_NUMBER,147671,YES,2024-07-02,2027-07-02,20548d8398104d2a882cd018fff31786ccc77c4412b6874d5e1fada31ca02ab1
TH-ENRICH-TX-SENIOR-2026-09-30-IDR2,TX|HHSC|TX_ICF_IID|007492,HHSC_LICENSE_NUMBER,149159,YES,2024-12-22,2027-12-22,20548d8398104d2a882cd018fff31786ccc77c4412b6874d5e1fada31ca02ab1
TH-ENRICH-TX-SENIOR-2026-09-30-IDR2,TX|HHSC|TX_ICF_IID|007572,HHSC_LICENSE_NUMBER,148704,YES,2024-12-03,2027-12-03,20548d8398104d2a882cd018fff31786ccc77c4412b6874d5e1fada31ca02ab1
TH-ENRICH-TX-SENIOR-2026-09-30-IDR2,TX|HHSC|TX_ICF_IID|007293,HHSC_LICENSE_NUMBER,148295,YES,2023-12-01,2026-12-01,20548d8398104d2a882cd018fff31786ccc77c4412b6874d5e1fada31ca02ab1
TH-ENRICH-TX-SENIOR-2026-09-30-IDR2,TX|HHSC|TX_ICF_IID|007541,HHSC_LICENSE_NUMBER,149477,YES,2026-06-11,2029-06-11,20548d8398104d2a882cd018fff31786ccc77c4412b6874d5e1fada31ca02ab1
TH-ENRICH-TX-SENIOR-2026-09-30-IDR2,TX|HHSC|TX_ICF_IID|007431,HHSC_LICENSE_NUMBER,149881,YES,2026-07-10,2029-07-10,20548d8398104d2a882cd018fff31786ccc77c4412b6874d5e1fada31ca02ab1
TH-ENRICH-TX-SENIOR-2026-09-30-IDR2,TX|HHSC|TX_ICF_IID|007608,HHSC_LICENSE_NUMBER,148801,YES,2024-12-01,2027-12-01,20548d8398104d2a882cd018fff31786ccc77c4412b6874d5e1fada31ca02ab1
TH-ENRICH-TX-SENIOR-2026-09-30-IDR2,TX|HHSC|TX_ICF_IID|007229,HHSC_LICENSE_NUMBER,146402,YES,2023-12-29,2026-12-29,20548d8398104d2a882cd018fff31786ccc77c4412b6874d5e1fada31ca02ab1
TH-ENRICH-TX-SENIOR-2026-09-30-IDR2,TX|HHSC|TX_ICF_IID|007261,HHSC_LICENSE_NUMBER,146436,YES,2024-02-27,2027-02-27,20548d8398104d2a882cd018fff31786ccc77c4412b6874d5e1fada31ca02ab1
TH-ENRICH-TX-SENIOR-2026-09-30-IDR2,TX|HHSC|TX_ICF_IID|007255,HHSC_LICENSE_NUMBER,148809,YES,2025-12-01,2028-12-01,20548d8398104d2a882cd018fff31786ccc77c4412b6874d5e1fada31ca02ab1
TH-ENRICH-TX-SENIOR-2026-09-30-IDR2,TX|HHSC|TX_ICF_IID|007587,HHSC_LICENSE_NUMBER,148225,YES,2024-09-24,2027-09-24,20548d8398104d2a882cd018fff31786ccc77c4412b6874d5e1fada31ca02ab1
TH-ENRICH-TX-SENIOR-2026-09-30-IDR2,TX|HHSC|TX_ICF_IID|007495,HHSC_LICENSE_NUMBER,150159,YES,2026-09-01,2029-09-01,20548d8398104d2a882cd018fff31786ccc77c4412b6874d5e1fada31ca02ab1
TH-ENRICH-TX-SENIOR-2026-09-30-IDR2,TX|HHSC|TX_ICF_IID|007297,HHSC_LICENSE_NUMBER,147977,YES,2024-12-01,2027-12-01,20548d8398104d2a882cd018fff31786ccc77c4412b6874d5e1fada31ca02ab1
TH-ENRICH-TX-SENIOR-2026-09-30-IDR2,TX|HHSC|TX_ICF_IID|003765,HHSC_LICENSE_NUMBER,150021,YES,2023-12-31,2026-12-31,20548d8398104d2a882cd018fff31786ccc77c4412b6874d5e1fada31ca02ab1
TH-ENRICH-TX-SENIOR-2026-09-30-IDR2,TX|HHSC|TX_ICF_IID|003611,HHSC_LICENSE_NUMBER,148280,YES,2024-09-01,2027-09-01,20548d8398104d2a882cd018fff31786ccc77c4412b6874d5e1fada31ca02ab1
TH-ENRICH-TX-SENIOR-2026-09-30-IDR2,TX|HHSC|TX_ICF_IID|003943,HHSC_LICENSE_NUMBER,307702,YES,2026-02-10,2029-02-10,20548d8398104d2a882cd018fff31786ccc77c4412b6874d5e1fada31ca02ab1
TH-ENRICH-TX-SENIOR-2026-09-30-IDR2,TX|HHSC|TX_ICF_IID|003999,HHSC_LICENSE_NUMBER,307703,YES,2026-02-10,2029-02-10,20548d8398104d2a882cd018fff31786ccc77c4412b6874d5e1fada31ca02ab1
TH-ENRICH-TX-SENIOR-2026-09-30-IDR2,TX|HHSC|TX_ICF_IID|003786,HHSC_LICENSE_NUMBER,148093,YES,2024-09-17,2027-09-17,20548d8398104d2a882cd018fff31786ccc77c4412b6874d5e1fada31ca02ab1
TH-ENRICH-TX-SENIOR-2026-09-30-IDR2,TX|HHSC|TX_ICF_IID|003830,HHSC_LICENSE_NUMBER,148007,YES,2024-09-01,2027-09-01,20548d8398104d2a882cd018fff31786ccc77c4412b6874d5e1fada31ca02ab1
TH-ENRICH-TX-SENIOR-2026-09-30-IDR2,TX|HHSC|TX_ICF_IID|007394,HHSC_LICENSE_NUMBER,150133,YES,2025-09-01,2028-09-01,20548d8398104d2a882cd018fff31786ccc77c4412b6874d5e1fada31ca02ab1
TH-ENRICH-TX-SENIOR-2026-09-30-IDR2,TX|HHSC|TX_ICF_IID|003627,HHSC_LICENSE_NUMBER,147680,YES,2024-05-20,2027-05-20,20548d8398104d2a882cd018fff31786ccc77c4412b6874d5e1fada31ca02ab1
TH-ENRICH-TX-SENIOR-2026-09-30-IDR2,TX|HHSC|TX_ICF_IID|007250,HHSC_LICENSE_NUMBER,148180,YES,2024-11-01,2027-11-01,20548d8398104d2a882cd018fff31786ccc77c4412b6874d5e1fada31ca02ab1
TH-ENRICH-TX-SENIOR-2026-09-30-IDR2,TX|HHSC|TX_ICF_IID|003809,HHSC_LICENSE_NUMBER,148542,YES,2024-09-01,2027-09-01,20548d8398104d2a882cd018fff31786ccc77c4412b6874d5e1fada31ca02ab1
TH-ENRICH-TX-SENIOR-2026-09-30-IDR2,TX|HHSC|TX_ICF_IID|007570,HHSC_LICENSE_NUMBER,313091,YES,2026-04-01,2029-04-01,20548d8398104d2a882cd018fff31786ccc77c4412b6874d5e1fada31ca02ab1
TH-ENRICH-TX-SENIOR-2026-09-30-IDR2,TX|HHSC|TX_ICF_IID|003605,HHSC_LICENSE_NUMBER,149131,YES,2025-06-30,2028-06-30,20548d8398104d2a882cd018fff31786ccc77c4412b6874d5e1fada31ca02ab1
TH-ENRICH-TX-SENIOR-2026-09-30-IDR2,TX|HHSC|TX_ICF_IID|007411,HHSC_LICENSE_NUMBER,313092,YES,2026-04-01,2029-04-01,20548d8398104d2a882cd018fff31786ccc77c4412b6874d5e1fada31ca02ab1
TH-ENRICH-TX-SENIOR-2026-09-30-IDR2,TX|HHSC|TX_ICF_IID|003671,HHSC_LICENSE_NUMBER,148281,YES,2025-09-01,2028-09-01,20548d8398104d2a882cd018fff31786ccc77c4412b6874d5e1fada31ca02ab1
TH-ENRICH-TX-SENIOR-2026-09-30-IDR2,TX|HHSC|TX_ICF_IID|007381,HHSC_LICENSE_NUMBER,149145,YES,2024-09-01,2027-09-01,20548d8398104d2a882cd018fff31786ccc77c4412b6874d5e1fada31ca02ab1
TH-ENRICH-TX-SENIOR-2026-09-30-IDR2,TX|HHSC|TX_ICF_IID|007565,HHSC_LICENSE_NUMBER,313133,YES,2026-04-01,2029-04-01,20548d8398104d2a882cd018fff31786ccc77c4412b6874d5e1fada31ca02ab1
TH-ENRICH-TX-SENIOR-2026-09-30-IDR2,TX|HHSC|TX_ICF_IID|007560,HHSC_LICENSE_NUMBER,147975,YES,2024-09-23,2027-09-23,20548d8398104d2a882cd018fff31786ccc77c4412b6874d5e1fada31ca02ab1
TH-ENRICH-TX-SENIOR-2026-09-30-IDR2,TX|HHSC|TX_ICF_IID|003654,HHSC_LICENSE_NUMBER,308230,YES,2024-01-01,2027-01-01,20548d8398104d2a882cd018fff31786ccc77c4412b6874d5e1fada31ca02ab1
TH-ENRICH-TX-SENIOR-2026-09-30-IDR2,TX|HHSC|TX_ICF_IID|003615,HHSC_LICENSE_NUMBER,308232,YES,2027-01-01,2030-01-01,20548d8398104d2a882cd018fff31786ccc77c4412b6874d5e1fada31ca02ab1
TH-ENRICH-TX-SENIOR-2026-09-30-IDR2,TX|HHSC|TX_ICF_IID|003619,HHSC_LICENSE_NUMBER,308229,YES,2024-01-01,2027-01-01,20548d8398104d2a882cd018fff31786ccc77c4412b6874d5e1fada31ca02ab1
TH-ENRICH-TX-SENIOR-2026-09-30-IDR2,TX|HHSC|TX_ICF_IID|010197,HHSC_LICENSE_NUMBER,148320,YES,2024-09-24,2027-09-24,20548d8398104d2a882cd018fff31786ccc77c4412b6874d5e1fada31ca02ab1
TH-ENRICH-TX-SENIOR-2026-09-30-IDR2,TX|HHSC|TX_ICF_IID|003608,HHSC_LICENSE_NUMBER,149664,YES,2026-06-14,2029-06-14,20548d8398104d2a882cd018fff31786ccc77c4412b6874d5e1fada31ca02ab1
TH-ENRICH-TX-SENIOR-2026-09-30-IDR2,TX|HHSC|TX_ICF_IID|110270,HHSC_LICENSE_NUMBER,147837,YES,2024-09-27,2027-09-27,20548d8398104d2a882cd018fff31786ccc77c4412b6874d5e1fada31ca02ab1
TH-ENRICH-TX-SENIOR-2026-09-30-IDR2,TX|HHSC|TX_ICF_IID|007424,HHSC_LICENSE_NUMBER,313100,YES,2026-04-01,2029-04-01,20548d8398104d2a882cd018fff31786ccc77c4412b6874d5e1fada31ca02ab1
TH-ENRICH-TX-SENIOR-2026-09-30-IDR2,TX|HHSC|TX_ICF_IID|007284,HHSC_LICENSE_NUMBER,313109,YES,2026-04-01,2029-04-01,20548d8398104d2a882cd018fff31786ccc77c4412b6874d5e1fada31ca02ab1
TH-ENRICH-TX-SENIOR-2026-09-30-IDR2,TX|HHSC|TX_ICF_IID|007660,HHSC_LICENSE_NUMBER,148512,YES,2024-09-01,2027-09-01,20548d8398104d2a882cd018fff31786ccc77c4412b6874d5e1fada31ca02ab1
TH-ENRICH-TX-SENIOR-2026-09-30-IDR2,TX|HHSC|TX_ICF_IID|007548,HHSC_LICENSE_NUMBER,149071,YES,2024-12-01,2027-12-01,20548d8398104d2a882cd018fff31786ccc77c4412b6874d5e1fada31ca02ab1
TH-ENRICH-TX-SENIOR-2026-09-30-IDR2,TX|HHSC|TX_ICF_IID|102827,HHSC_LICENSE_NUMBER,145891,YES,2024-02-26,2027-02-26,20548d8398104d2a882cd018fff31786ccc77c4412b6874d5e1fada31ca02ab1
TH-ENRICH-TX-SENIOR-2026-09-30-IDR2,TX|HHSC|TX_ICF_IID|010183,HHSC_LICENSE_NUMBER,148742,YES,2026-02-07,2029-02-07,20548d8398104d2a882cd018fff31786ccc77c4412b6874d5e1fada31ca02ab1
TH-ENRICH-TX-SENIOR-2026-09-30-IDR2,TX|HHSC|TX_ICF_IID|010182,HHSC_LICENSE_NUMBER,148076,YES,2024-10-08,2027-10-08,20548d8398104d2a882cd018fff31786ccc77c4412b6874d5e1fada31ca02ab1
TH-ENRICH-TX-SENIOR-2026-09-30-IDR2,TX|HHSC|TX_ICF_IID|007486,HHSC_LICENSE_NUMBER,313147,YES,2026-04-01,2029-04-01,20548d8398104d2a882cd018fff31786ccc77c4412b6874d5e1fada31ca02ab1
TH-ENRICH-TX-SENIOR-2026-09-30-IDR2,TX|HHSC|TX_ICF_IID|110541,HHSC_LICENSE_NUMBER,150163,YES,2024-09-28,2027-09-28,20548d8398104d2a882cd018fff31786ccc77c4412b6874d5e1fada31ca02ab1
TH-ENRICH-TX-SENIOR-2026-09-30-IDR2,TX|HHSC|TX_ICF_IID|003913,HHSC_LICENSE_NUMBER,149353,YES,2026-03-01,2029-03-01,20548d8398104d2a882cd018fff31786ccc77c4412b6874d5e1fada31ca02ab1
TH-ENRICH-TX-SENIOR-2026-09-30-IDR2,TX|HHSC|TX_ICF_IID|007616,HHSC_LICENSE_NUMBER,149947,YES,2025-07-31,2028-07-31,20548d8398104d2a882cd018fff31786ccc77c4412b6874d5e1fada31ca02ab1
TH-ENRICH-TX-SENIOR-2026-09-30-IDR2,TX|HHSC|TX_ICF_IID|003960,HHSC_LICENSE_NUMBER,150074,YES,2026-03-01,2029-03-01,20548d8398104d2a882cd018fff31786ccc77c4412b6874d5e1fada31ca02ab1
TH-ENRICH-TX-SENIOR-2026-09-30-IDR2,TX|HHSC|TX_ICF_IID|003941,HHSC_LICENSE_NUMBER,149173,YES,2026-03-01,2029-03-01,20548d8398104d2a882cd018fff31786ccc77c4412b6874d5e1fada31ca02ab1
TH-ENRICH-TX-SENIOR-2026-09-30-IDR2,TX|HHSC|TX_ICF_IID|003940,HHSC_LICENSE_NUMBER,144321,YES,2026-01-25,2029-01-25,20548d8398104d2a882cd018fff31786ccc77c4412b6874d5e1fada31ca02ab1
TH-ENRICH-TX-SENIOR-2026-09-30-IDR2,TX|HHSC|TX_ICF_IID|003907,HHSC_LICENSE_NUMBER,149127,YES,2026-03-01,2029-03-01,20548d8398104d2a882cd018fff31786ccc77c4412b6874d5e1fada31ca02ab1
TH-ENRICH-TX-SENIOR-2026-09-30-IDR2,TX|HHSC|TX_ICF_IID|003746,HHSC_LICENSE_NUMBER,148431,YES,2025-10-09,2028-10-09,20548d8398104d2a882cd018fff31786ccc77c4412b6874d5e1fada31ca02ab1
TH-ENRICH-TX-SENIOR-2026-09-30-IDR2,TX|HHSC|TX_ICF_IID|003971,HHSC_LICENSE_NUMBER,149193,YES,2026-02-14,2029-02-14,20548d8398104d2a882cd018fff31786ccc77c4412b6874d5e1fada31ca02ab1
TH-ENRICH-TX-SENIOR-2026-09-30-IDR2,TX|HHSC|TX_ICF_IID|003915,HHSC_LICENSE_NUMBER,149231,YES,2025-03-01,2028-03-01,20548d8398104d2a882cd018fff31786ccc77c4412b6874d5e1fada31ca02ab1
TH-ENRICH-TX-SENIOR-2026-09-30-IDR2,TX|HHSC|TX_ICF_IID|007585,HHSC_LICENSE_NUMBER,148204,YES,2025-06-30,2028-06-30,20548d8398104d2a882cd018fff31786ccc77c4412b6874d5e1fada31ca02ab1
TH-ENRICH-TX-SENIOR-2026-09-30-IDR2,TX|HHSC|TX_ICF_IID|007437,HHSC_LICENSE_NUMBER,149358,YES,2023-04-10,2026-04-10,20548d8398104d2a882cd018fff31786ccc77c4412b6874d5e1fada31ca02ab1
TH-ENRICH-TX-SENIOR-2026-09-30-IDR2,TX|HHSC|TX_ICF_IID|007317,HHSC_LICENSE_NUMBER,148319,YES,2024-09-01,2027-09-01,20548d8398104d2a882cd018fff31786ccc77c4412b6874d5e1fada31ca02ab1
TH-ENRICH-TX-SENIOR-2026-09-30-IDR2,TX|HHSC|TX_ICF_IID|007597,HHSC_LICENSE_NUMBER,149448,YES,2026-04-07,2029-04-07,20548d8398104d2a882cd018fff31786ccc77c4412b6874d5e1fada31ca02ab1
TH-ENRICH-TX-SENIOR-2026-09-30-IDR2,TX|HHSC|TX_ICF_IID|007387,HHSC_LICENSE_NUMBER,149688,YES,2026-03-30,2029-03-30,20548d8398104d2a882cd018fff31786ccc77c4412b6874d5e1fada31ca02ab1
TH-ENRICH-TX-SENIOR-2026-09-30-IDR2,TX|HHSC|TX_ICF_IID|003729,HHSC_LICENSE_NUMBER,145767,YES,2026-10-10,2029-10-10,20548d8398104d2a882cd018fff31786ccc77c4412b6874d5e1fada31ca02ab1
TH-ENRICH-TX-SENIOR-2026-09-30-IDR2,TX|HHSC|TX_ICF_IID|007239,HHSC_LICENSE_NUMBER,149147,YES,2026-11-30,2029-11-30,20548d8398104d2a882cd018fff31786ccc77c4412b6874d5e1fada31ca02ab1
TH-ENRICH-TX-SENIOR-2026-09-30-IDR2,TX|HHSC|TX_ICF_IID|007428,HHSC_LICENSE_NUMBER,149523,YES,2026-07-01,2029-07-01,20548d8398104d2a882cd018fff31786ccc77c4412b6874d5e1fada31ca02ab1
TH-ENRICH-TX-SENIOR-2026-09-30-IDR2,TX|HHSC|TX_ICF_IID|007296,HHSC_LICENSE_NUMBER,145828,YES,2023-11-10,2026-11-10,20548d8398104d2a882cd018fff31786ccc77c4412b6874d5e1fada31ca02ab1
TH-ENRICH-TX-SENIOR-2026-09-30-IDR2,TX|HHSC|TX_ICF_IID|007384,HHSC_LICENSE_NUMBER,313143,YES,2026-04-01,2029-04-01,20548d8398104d2a882cd018fff31786ccc77c4412b6874d5e1fada31ca02ab1
TH-ENRICH-TX-SENIOR-2026-09-30-IDR2,TX|HHSC|TX_ICF_IID|003643,HHSC_LICENSE_NUMBER,148810,YES,2026-02-01,2029-02-01,20548d8398104d2a882cd018fff31786ccc77c4412b6874d5e1fada31ca02ab1
TH-ENRICH-TX-SENIOR-2026-09-30-IDR2,TX|HHSC|TX_ICF_IID|110471,HHSC_LICENSE_NUMBER,149381,YES,2024-06-11,2027-06-11,20548d8398104d2a882cd018fff31786ccc77c4412b6874d5e1fada31ca02ab1
TH-ENRICH-TX-SENIOR-2026-09-30-IDR2,TX|HHSC|TX_ICF_IID|110456,HHSC_LICENSE_NUMBER,149029,YES,2024-02-28,2027-02-28,20548d8398104d2a882cd018fff31786ccc77c4412b6874d5e1fada31ca02ab1
TH-ENRICH-TX-SENIOR-2026-09-30-IDR2,TX|HHSC|TX_ICF_IID|007472,HHSC_LICENSE_NUMBER,148083,YES,2025-09-01,2028-09-01,20548d8398104d2a882cd018fff31786ccc77c4412b6874d5e1fada31ca02ab1
TH-ENRICH-TX-SENIOR-2026-09-30-IDR2,TX|HHSC|TX_ICF_IID|007263,HHSC_LICENSE_NUMBER,149140,YES,2025-09-01,2028-09-01,20548d8398104d2a882cd018fff31786ccc77c4412b6874d5e1fada31ca02ab1
TH-ENRICH-TX-SENIOR-2026-09-30-IDR2,TX|HHSC|TX_ICF_IID|007801,HHSC_LICENSE_NUMBER,148262,YES,2025-09-01,2028-09-01,20548d8398104d2a882cd018fff31786ccc77c4412b6874d5e1fada31ca02ab1
TH-ENRICH-TX-SENIOR-2026-09-30-IDR2,TX|HHSC|TX_ICF_IID|111644,HHSC_LICENSE_NUMBER,311890,YES,2025-09-01,2028-09-01,20548d8398104d2a882cd018fff31786ccc77c4412b6874d5e1fada31ca02ab1
TH-ENRICH-TX-SENIOR-2026-09-30-IDR2,TX|HHSC|TX_ICF_IID|003684,HHSC_LICENSE_NUMBER,149151,YES,2025-02-23,2028-02-23,20548d8398104d2a882cd018fff31786ccc77c4412b6874d5e1fada31ca02ab1
TH-ENRICH-TX-SENIOR-2026-09-30-IDR2,TX|HHSC|TX_ICF_IID|007369,HHSC_LICENSE_NUMBER,146835,YES,2024-03-01,2027-03-01,20548d8398104d2a882cd018fff31786ccc77c4412b6874d5e1fada31ca02ab1
TH-ENRICH-TX-SENIOR-2026-09-30-IDR2,TX|HHSC|TX_ICF_IID|007571,HHSC_LICENSE_NUMBER,148331,YES,2025-11-19,2028-11-19,20548d8398104d2a882cd018fff31786ccc77c4412b6874d5e1fada31ca02ab1
TH-ENRICH-TX-SENIOR-2026-09-30-IDR2,TX|HHSC|TX_ICF_IID|007328,HHSC_LICENSE_NUMBER,146401,YES,2024-01-01,2027-01-01,20548d8398104d2a882cd018fff31786ccc77c4412b6874d5e1fada31ca02ab1
TH-ENRICH-TX-SENIOR-2026-09-30-IDR2,TX|HHSC|TX_ICF_IID|007540,HHSC_LICENSE_NUMBER,313096,YES,2026-04-01,2029-04-01,20548d8398104d2a882cd018fff31786ccc77c4412b6874d5e1fada31ca02ab1
TH-ENRICH-TX-SENIOR-2026-09-30-IDR2,TX|HHSC|TX_ICF_IID|007462,HHSC_LICENSE_NUMBER,313106,YES,2026-04-01,2029-04-01,20548d8398104d2a882cd018fff31786ccc77c4412b6874d5e1fada31ca02ab1
TH-ENRICH-TX-SENIOR-2026-09-30-IDR2,TX|HHSC|TX_ICF_IID|003694,HHSC_LICENSE_NUMBER,150259,YES,2025-07-31,2028-07-31,20548d8398104d2a882cd018fff31786ccc77c4412b6874d5e1fada31ca02ab1
TH-ENRICH-TX-SENIOR-2026-09-30-IDR2,TX|HHSC|TX_ICF_IID|007218,HHSC_LICENSE_NUMBER,148939,YES,2025-09-01,2028-09-01,20548d8398104d2a882cd018fff31786ccc77c4412b6874d5e1fada31ca02ab1
TH-ENRICH-TX-SENIOR-2026-09-30-IDR2,TX|HHSC|TX_ICF_IID|007346,HHSC_LICENSE_NUMBER,313141,YES,2026-04-01,2029-04-01,20548d8398104d2a882cd018fff31786ccc77c4412b6874d5e1fada31ca02ab1
TH-ENRICH-TX-SENIOR-2026-09-30-IDR2,TX|HHSC|TX_ICF_IID|007322,HHSC_LICENSE_NUMBER,313102,YES,2026-04-01,2029-04-01,20548d8398104d2a882cd018fff31786ccc77c4412b6874d5e1fada31ca02ab1
TH-ENRICH-TX-SENIOR-2026-09-30-IDR2,TX|HHSC|TX_ICF_IID|007378,HHSC_LICENSE_NUMBER,145400,YES,2026-07-31,2029-07-31,20548d8398104d2a882cd018fff31786ccc77c4412b6874d5e1fada31ca02ab1
TH-ENRICH-TX-SENIOR-2026-09-30-IDR2,TX|HHSC|TX_ICF_IID|003847,HHSC_LICENSE_NUMBER,149991,YES,2026-07-31,2029-07-31,20548d8398104d2a882cd018fff31786ccc77c4412b6874d5e1fada31ca02ab1
TH-ENRICH-TX-SENIOR-2026-09-30-IDR2,TX|HHSC|TX_ICF_IID|003990,HHSC_LICENSE_NUMBER,308233,YES,2024-01-01,2027-01-01,20548d8398104d2a882cd018fff31786ccc77c4412b6874d5e1fada31ca02ab1
TH-ENRICH-TX-SENIOR-2026-09-30-IDR2,TX|HHSC|TX_ICF_IID|105856,HHSC_LICENSE_NUMBER,148002,YES,2025-09-01,2028-09-01,20548d8398104d2a882cd018fff31786ccc77c4412b6874d5e1fada31ca02ab1
TH-ENRICH-TX-SENIOR-2026-09-30-IDR2,TX|HHSC|TX_ICF_IID|003607,HHSC_LICENSE_NUMBER,150085,YES,2026-06-13,2029-06-13,20548d8398104d2a882cd018fff31786ccc77c4412b6874d5e1fada31ca02ab1
TH-ENRICH-TX-SENIOR-2026-09-30-IDR2,TX|HHSC|TX_ICF_IID|003986,HHSC_LICENSE_NUMBER,308231,YES,2024-01-01,2027-01-01,20548d8398104d2a882cd018fff31786ccc77c4412b6874d5e1fada31ca02ab1
TH-ENRICH-TX-SENIOR-2026-09-30-IDR2,TX|HHSC|TX_ICF_IID|003989,HHSC_LICENSE_NUMBER,148904,YES,2026-01-18,2029-01-18,20548d8398104d2a882cd018fff31786ccc77c4412b6874d5e1fada31ca02ab1
TH-ENRICH-TX-SENIOR-2026-09-30-IDR2,TX|HHSC|TX_ICF_IID|007427,HHSC_LICENSE_NUMBER,146055,YES,2026-10-01,2029-10-01,20548d8398104d2a882cd018fff31786ccc77c4412b6874d5e1fada31ca02ab1
TH-ENRICH-TX-SENIOR-2026-09-30-IDR2,TX|HHSC|TX_ICF_IID|007440,HHSC_LICENSE_NUMBER,146024,YES,2026-10-01,2029-10-01,20548d8398104d2a882cd018fff31786ccc77c4412b6874d5e1fada31ca02ab1
TH-ENRICH-TX-SENIOR-2026-09-30-IDR2,TX|HHSC|TX_ICF_IID|104575,HHSC_LICENSE_NUMBER,148468,YES,2025-12-01,2028-12-01,20548d8398104d2a882cd018fff31786ccc77c4412b6874d5e1fada31ca02ab1
TH-ENRICH-TX-SENIOR-2026-09-30-IDR2,TX|HHSC|TX_ICF_IID|111584,HHSC_LICENSE_NUMBER,311680,YES,2026-11-01,2029-11-01,20548d8398104d2a882cd018fff31786ccc77c4412b6874d5e1fada31ca02ab1
TH-ENRICH-TX-SENIOR-2026-09-30-IDR2,TX|HHSC|TX_ICF_IID|007278,HHSC_LICENSE_NUMBER,148249,YES,2024-09-01,2027-09-01,20548d8398104d2a882cd018fff31786ccc77c4412b6874d5e1fada31ca02ab1
TH-ENRICH-TX-SENIOR-2026-09-30-IDR2,TX|HHSC|TX_ICF_IID|003919,HHSC_LICENSE_NUMBER,148260,YES,2024-09-01,2027-09-01,20548d8398104d2a882cd018fff31786ccc77c4412b6874d5e1fada31ca02ab1
TH-ENRICH-TX-SENIOR-2026-09-30-IDR2,TX|HHSC|TX_ICF_IID|003874,HHSC_LICENSE_NUMBER,148970,YES,2025-09-19,2028-09-19,20548d8398104d2a882cd018fff31786ccc77c4412b6874d5e1fada31ca02ab1
TH-ENRICH-TX-SENIOR-2026-09-30-IDR2,TX|HHSC|TX_ICF_IID|106850,HHSC_LICENSE_NUMBER,149451,YES,2026-05-02,2029-05-02,20548d8398104d2a882cd018fff31786ccc77c4412b6874d5e1fada31ca02ab1
TH-ENRICH-TX-SENIOR-2026-09-30-IDR2,TX|HHSC|TX_ICF_IID|003956,HHSC_LICENSE_NUMBER,149172,YES,2025-03-01,2028-03-01,20548d8398104d2a882cd018fff31786ccc77c4412b6874d5e1fada31ca02ab1
TH-ENRICH-TX-SENIOR-2026-09-30-IDR2,TX|HHSC|TX_ICF_IID|003602,HHSC_LICENSE_NUMBER,150096,YES,2026-03-01,2029-03-01,20548d8398104d2a882cd018fff31786ccc77c4412b6874d5e1fada31ca02ab1
TH-ENRICH-TX-SENIOR-2026-09-30-IDR2,TX|HHSC|TX_ICF_IID|007525,HHSC_LICENSE_NUMBER,149555,YES,2025-03-01,2028-03-01,20548d8398104d2a882cd018fff31786ccc77c4412b6874d5e1fada31ca02ab1
TH-ENRICH-TX-SENIOR-2026-09-30-IDR2,TX|HHSC|TX_ICF_IID|007470,HHSC_LICENSE_NUMBER,149192,YES,2026-03-01,2029-03-01,20548d8398104d2a882cd018fff31786ccc77c4412b6874d5e1fada31ca02ab1
TH-ENRICH-TX-SENIOR-2026-09-30-IDR2,TX|HHSC|TX_ICF_IID|007507,HHSC_LICENSE_NUMBER,148762,YES,2026-03-01,2029-03-01,20548d8398104d2a882cd018fff31786ccc77c4412b6874d5e1fada31ca02ab1
TH-ENRICH-TX-SENIOR-2026-09-30-IDR2,TX|HHSC|TX_ICF_IID|007455,HHSC_LICENSE_NUMBER,148040,YES,2025-08-01,2028-08-01,20548d8398104d2a882cd018fff31786ccc77c4412b6874d5e1fada31ca02ab1
TH-ENRICH-TX-SENIOR-2026-09-30-IDR2,TX|HHSC|TX_ICF_IID|003779,HHSC_LICENSE_NUMBER,149585,YES,2026-04-01,2029-04-01,20548d8398104d2a882cd018fff31786ccc77c4412b6874d5e1fada31ca02ab1
TH-ENRICH-TX-SENIOR-2026-09-30-IDR2,TX|HHSC|TX_ICF_IID|007382,HHSC_LICENSE_NUMBER,150079,YES,2026-04-01,2029-04-01,20548d8398104d2a882cd018fff31786ccc77c4412b6874d5e1fada31ca02ab1
TH-ENRICH-TX-SENIOR-2026-09-30-IDR2,TX|HHSC|TX_ICF_IID|003792,HHSC_LICENSE_NUMBER,313152,YES,2026-04-01,2026-12-07,20548d8398104d2a882cd018fff31786ccc77c4412b6874d5e1fada31ca02ab1
TH-ENRICH-TX-SENIOR-2026-09-30-IDR2,TX|HHSC|TX_ICF_IID|007205,HHSC_LICENSE_NUMBER,308128,YES,2024-01-07,2027-01-07,20548d8398104d2a882cd018fff31786ccc77c4412b6874d5e1fada31ca02ab1
TH-ENRICH-TX-SENIOR-2026-09-30-IDR2,TX|HHSC|TX_ICF_IID|007282,HHSC_LICENSE_NUMBER,308127,YES,2024-01-07,2027-01-07,20548d8398104d2a882cd018fff31786ccc77c4412b6874d5e1fada31ca02ab1
TH-ENRICH-TX-SENIOR-2026-09-30-IDR2,TX|HHSC|TX_ICF_IID|003669,HHSC_LICENSE_NUMBER,147645,YES,2024-01-07,2027-01-07,20548d8398104d2a882cd018fff31786ccc77c4412b6874d5e1fada31ca02ab1
TH-ENRICH-TX-SENIOR-2026-09-30-IDR2,TX|HHSC|TX_ICF_IID|003906,HHSC_LICENSE_NUMBER,00811,NO,,,20548d8398104d2a882cd018fff31786ccc77c4412b6874d5e1fada31ca02ab1
TH-ENRICH-TX-SENIOR-2026-09-30-IDR2,TX|HHSC|TX_ICF_IID|007457,HHSC_LICENSE_NUMBER,313129,YES,2026-04-01,2029-04-01,20548d8398104d2a882cd018fff31786ccc77c4412b6874d5e1fada31ca02ab1
TH-ENRICH-TX-SENIOR-2026-09-30-IDR2,TX|HHSC|TX_ICF_IID|003673,HHSC_LICENSE_NUMBER,313112,YES,2026-04-01,2029-04-01,20548d8398104d2a882cd018fff31786ccc77c4412b6874d5e1fada31ca02ab1
TH-ENRICH-TX-SENIOR-2026-09-30-IDR2,TX|HHSC|TX_ICF_IID|007528,HHSC_LICENSE_NUMBER,148264,YES,2025-09-01,2028-09-01,20548d8398104d2a882cd018fff31786ccc77c4412b6874d5e1fada31ca02ab1
TH-ENRICH-TX-SENIOR-2026-09-30-IDR2,TX|HHSC|TX_ICF_IID|003672,HHSC_LICENSE_NUMBER,313099,YES,2026-04-01,2029-04-01,20548d8398104d2a882cd018fff31786ccc77c4412b6874d5e1fada31ca02ab1
TH-ENRICH-TX-SENIOR-2026-09-30-IDR2,TX|HHSC|TX_ICF_IID|003754,HHSC_LICENSE_NUMBER,148003,YES,2025-09-01,2028-09-01,20548d8398104d2a882cd018fff31786ccc77c4412b6874d5e1fada31ca02ab1
TH-ENRICH-TX-SENIOR-2026-09-30-IDR2,TX|HHSC|TX_ICF_IID|003967,HHSC_LICENSE_NUMBER,149788,YES,2026-02-28,2029-02-28,20548d8398104d2a882cd018fff31786ccc77c4412b6874d5e1fada31ca02ab1
TH-ENRICH-TX-SENIOR-2026-09-30-IDR2,TX|HHSC|TX_ICF_IID|003965,HHSC_LICENSE_NUMBER,149258,YES,2025-12-17,2028-12-17,20548d8398104d2a882cd018fff31786ccc77c4412b6874d5e1fada31ca02ab1
TH-ENRICH-TX-SENIOR-2026-09-30-IDR2,TX|HHSC|TX_ICF_IID|003964,HHSC_LICENSE_NUMBER,144750,YES,2025-03-02,2028-03-02,20548d8398104d2a882cd018fff31786ccc77c4412b6874d5e1fada31ca02ab1
TH-ENRICH-TX-SENIOR-2026-09-30-IDR2,TX|HHSC|TX_ICF_IID|003966,HHSC_LICENSE_NUMBER,149491,YES,2025-03-01,2028-03-01,20548d8398104d2a882cd018fff31786ccc77c4412b6874d5e1fada31ca02ab1
TH-ENRICH-TX-SENIOR-2026-09-30-IDR2,TX|HHSC|TX_ICF_IID|003689,HHSC_LICENSE_NUMBER,313132,YES,2026-04-01,2029-04-01,20548d8398104d2a882cd018fff31786ccc77c4412b6874d5e1fada31ca02ab1
TH-ENRICH-TX-SENIOR-2026-09-30-IDR2,TX|HHSC|TX_ICF_IID|007307,HHSC_LICENSE_NUMBER,313101,YES,2026-04-01,2029-04-01,20548d8398104d2a882cd018fff31786ccc77c4412b6874d5e1fada31ca02ab1
TH-ENRICH-TX-SENIOR-2026-09-30-IDR2,TX|HHSC|TX_ICF_IID|111865,HHSC_LICENSE_NUMBER,312421,YES,2025-09-01,2028-09-01,20548d8398104d2a882cd018fff31786ccc77c4412b6874d5e1fada31ca02ab1
TH-ENRICH-TX-SENIOR-2026-09-30-IDR2,TX|HHSC|TX_ICF_IID|003674,HHSC_LICENSE_NUMBER,313104,YES,2026-04-01,2029-04-01,20548d8398104d2a882cd018fff31786ccc77c4412b6874d5e1fada31ca02ab1
TH-ENRICH-TX-SENIOR-2026-09-30-IDR2,TX|HHSC|TX_ICF_IID|007405,HHSC_LICENSE_NUMBER,313103,YES,2026-04-01,2029-04-01,20548d8398104d2a882cd018fff31786ccc77c4412b6874d5e1fada31ca02ab1
TH-ENRICH-TX-SENIOR-2026-09-30-IDR2,TX|HHSC|TX_ICF_IID|007326,HHSC_LICENSE_NUMBER,148510,YES,2024-09-01,2027-09-01,20548d8398104d2a882cd018fff31786ccc77c4412b6874d5e1fada31ca02ab1
TH-ENRICH-TX-SENIOR-2026-09-30-IDR2,TX|HHSC|TX_ICF_IID|003690,HHSC_LICENSE_NUMBER,313140,YES,2026-04-01,2029-04-01,20548d8398104d2a882cd018fff31786ccc77c4412b6874d5e1fada31ca02ab1
TH-ENRICH-TX-SENIOR-2026-09-30-IDR2,TX|HHSC|TX_ICF_IID|003693,HHSC_LICENSE_NUMBER,313130,YES,2026-04-01,2029-04-01,20548d8398104d2a882cd018fff31786ccc77c4412b6874d5e1fada31ca02ab1
TH-ENRICH-TX-SENIOR-2026-09-30-IDR2,TX|HHSC|TX_ICF_IID|003677,HHSC_LICENSE_NUMBER,313113,YES,2026-04-01,2029-04-01,20548d8398104d2a882cd018fff31786ccc77c4412b6874d5e1fada31ca02ab1
TH-ENRICH-TX-SENIOR-2026-09-30-IDR2,TX|HHSC|TX_ICF_IID|007567,HHSC_LICENSE_NUMBER,313123,YES,2026-04-01,2029-04-01,20548d8398104d2a882cd018fff31786ccc77c4412b6874d5e1fada31ca02ab1
TH-ENRICH-TX-SENIOR-2026-09-30-IDR2,TX|HHSC|TX_ICF_IID|007530,HHSC_LICENSE_NUMBER,313111,YES,2026-04-01,2029-04-01,20548d8398104d2a882cd018fff31786ccc77c4412b6874d5e1fada31ca02ab1
TH-ENRICH-TX-SENIOR-2026-09-30-IDR2,TX|HHSC|TX_ICF_IID|007295,HHSC_LICENSE_NUMBER,149988,YES,2023-09-09,2026-10-04,20548d8398104d2a882cd018fff31786ccc77c4412b6874d5e1fada31ca02ab1
TH-ENRICH-TX-SENIOR-2026-09-30-IDR2,TX|HHSC|TX_ICF_IID|003929,HHSC_LICENSE_NUMBER,149327,YES,2024-10-01,2027-10-01,20548d8398104d2a882cd018fff31786ccc77c4412b6874d5e1fada31ca02ab1
TH-ENRICH-TX-SENIOR-2026-09-30-IDR2,TX|HHSC|TX_ICF_IID|003635,HHSC_LICENSE_NUMBER,147434,YES,2025-06-20,2028-06-20,20548d8398104d2a882cd018fff31786ccc77c4412b6874d5e1fada31ca02ab1
TH-ENRICH-TX-SENIOR-2026-09-30-IDR2,TX|HHSC|TX_ICF_IID|003822,HHSC_LICENSE_NUMBER,146387,YES,2024-01-09,2027-01-09,20548d8398104d2a882cd018fff31786ccc77c4412b6874d5e1fada31ca02ab1
TH-ENRICH-TX-SENIOR-2026-09-30-IDR2,TX|HHSC|TX_ICF_IID|003924,HHSC_LICENSE_NUMBER,143808,YES,2025-12-03,2028-12-03,20548d8398104d2a882cd018fff31786ccc77c4412b6874d5e1fada31ca02ab1
TH-ENRICH-TX-SENIOR-2026-09-30-IDR2,TX|HHSC|TX_ICF_IID|111999,HHSC_LICENSE_NUMBER,312699,YES,2025-07-29,2028-07-29,20548d8398104d2a882cd018fff31786ccc77c4412b6874d5e1fada31ca02ab1
TH-ENRICH-TX-SENIOR-2026-09-30-IDR2,TX|HHSC|TX_ICF_IID|111523,HHSC_LICENSE_NUMBER,312225,YES,2024-11-23,2027-11-23,20548d8398104d2a882cd018fff31786ccc77c4412b6874d5e1fada31ca02ab1
TH-ENRICH-TX-SENIOR-2026-09-30-IDR2,TX|HHSC|TX_ICF_IID|003622,HHSC_LICENSE_NUMBER,146294,YES,2024-01-09,2027-01-09,20548d8398104d2a882cd018fff31786ccc77c4412b6874d5e1fada31ca02ab1
TH-ENRICH-TX-SENIOR-2026-09-30-IDR2,TX|HHSC|TX_ICF_IID|003820,HHSC_LICENSE_NUMBER,146097,YES,2024-01-09,2027-01-09,20548d8398104d2a882cd018fff31786ccc77c4412b6874d5e1fada31ca02ab1
TH-ENRICH-TX-SENIOR-2026-09-30-IDR2,TX|HHSC|TX_ICF_IID|007366,HHSC_LICENSE_NUMBER,146153,YES,2025-01-09,2028-01-09,20548d8398104d2a882cd018fff31786ccc77c4412b6874d5e1fada31ca02ab1
TH-ENRICH-TX-SENIOR-2026-09-30-IDR2,TX|HHSC|TX_ICF_IID|007583,HHSC_LICENSE_NUMBER,148815,YES,2026-01-26,2029-01-26,20548d8398104d2a882cd018fff31786ccc77c4412b6874d5e1fada31ca02ab1
TH-ENRICH-TX-SENIOR-2026-09-30-IDR2,TX|HHSC|TX_ICF_IID|007523,HHSC_LICENSE_NUMBER,149053,YES,2026-04-08,2029-04-08,20548d8398104d2a882cd018fff31786ccc77c4412b6874d5e1fada31ca02ab1
TH-ENRICH-TX-SENIOR-2026-09-30-IDR2,TX|HHSC|TX_ICF_IID|007471,HHSC_LICENSE_NUMBER,148209,YES,2024-10-08,2027-10-08,20548d8398104d2a882cd018fff31786ccc77c4412b6874d5e1fada31ca02ab1
TH-ENRICH-TX-SENIOR-2026-09-30-IDR2,TX|HHSC|TX_ICF_IID|007610,HHSC_LICENSE_NUMBER,149362,YES,2026-06-01,2029-06-01,20548d8398104d2a882cd018fff31786ccc77c4412b6874d5e1fada31ca02ab1
TH-ENRICH-TX-SENIOR-2026-09-30-IDR2,TX|HHSC|TX_ICF_IID|003891,HHSC_LICENSE_NUMBER,313155,YES,2026-04-01,2026-12-08,20548d8398104d2a882cd018fff31786ccc77c4412b6874d5e1fada31ca02ab1
TH-ENRICH-TX-SENIOR-2026-09-30-IDR2,TX|HHSC|TX_ICF_IID|007566,HHSC_LICENSE_NUMBER,313095,YES,2026-04-01,2029-04-01,20548d8398104d2a882cd018fff31786ccc77c4412b6874d5e1fada31ca02ab1
TH-ENRICH-TX-SENIOR-2026-09-30-IDR2,TX|HHSC|TX_ICF_IID|007512,HHSC_LICENSE_NUMBER,307884,YES,2026-02-01,2029-02-01,20548d8398104d2a882cd018fff31786ccc77c4412b6874d5e1fada31ca02ab1
TH-ENRICH-TX-SENIOR-2026-09-30-IDR2,TX|HHSC|TX_ICF_IID|007513,HHSC_LICENSE_NUMBER,307886,YES,2026-02-01,2029-02-01,20548d8398104d2a882cd018fff31786ccc77c4412b6874d5e1fada31ca02ab1
TH-ENRICH-TX-SENIOR-2026-09-30-IDR2,TX|HHSC|TX_ICF_IID|007586,HHSC_LICENSE_NUMBER,307889,YES,2026-02-01,2029-02-01,20548d8398104d2a882cd018fff31786ccc77c4412b6874d5e1fada31ca02ab1
TH-ENRICH-TX-SENIOR-2026-09-30-IDR2,TX|HHSC|TX_ICF_IID|003908,HHSC_LICENSE_NUMBER,146081,YES,2024-01-01,2027-01-01,20548d8398104d2a882cd018fff31786ccc77c4412b6874d5e1fada31ca02ab1
TH-ENRICH-TX-SENIOR-2026-09-30-IDR2,TX|HHSC|TX_ICF_IID|112122,HHSC_LICENSE_NUMBER,313052,YES,2026-02-13,2029-02-13,20548d8398104d2a882cd018fff31786ccc77c4412b6874d5e1fada31ca02ab1
TH-ENRICH-TX-SENIOR-2026-09-30-IDR2,TX|HHSC|TX_ICF_IID|007330,HHSC_LICENSE_NUMBER,148130,YES,2024-07-01,2027-07-01,20548d8398104d2a882cd018fff31786ccc77c4412b6874d5e1fada31ca02ab1
TH-ENRICH-TX-SENIOR-2026-09-30-IDR2,TX|HHSC|TX_ICF_IID|111842,HHSC_LICENSE_NUMBER,312363,YES,2024-10-09,2027-10-09,20548d8398104d2a882cd018fff31786ccc77c4412b6874d5e1fada31ca02ab1
TH-ENRICH-TX-SENIOR-2026-09-30-IDR2,TX|HHSC|TX_ICF_IID|007591,HHSC_LICENSE_NUMBER,307691,YES,2026-02-10,2029-02-10,20548d8398104d2a882cd018fff31786ccc77c4412b6874d5e1fada31ca02ab1
TH-ENRICH-TX-SENIOR-2026-09-30-IDR2,TX|HHSC|TX_ICF_IID|003917,HHSC_LICENSE_NUMBER,307701,YES,2026-02-10,2029-02-10,20548d8398104d2a882cd018fff31786ccc77c4412b6874d5e1fada31ca02ab1
TH-ENRICH-TX-SENIOR-2026-09-30-IDR2,TX|HHSC|TX_ICF_IID|003848,HHSC_LICENSE_NUMBER,146146,YES,2027-01-01,2030-01-01,20548d8398104d2a882cd018fff31786ccc77c4412b6874d5e1fada31ca02ab1
TH-ENRICH-TX-SENIOR-2026-09-30-IDR2,TX|HHSC|TX_ICF_IID|007344,HHSC_LICENSE_NUMBER,148210,YES,2025-09-01,2028-09-01,20548d8398104d2a882cd018fff31786ccc77c4412b6874d5e1fada31ca02ab1
TH-ENRICH-TX-SENIOR-2026-09-30-IDR2,TX|HHSC|TX_ICF_IID|003951,HHSC_LICENSE_NUMBER,307723,YES,2026-02-10,2029-02-10,20548d8398104d2a882cd018fff31786ccc77c4412b6874d5e1fada31ca02ab1
TH-ENRICH-TX-SENIOR-2026-09-30-IDR2,TX|HHSC|TX_ICF_IID|003679,HHSC_LICENSE_NUMBER,146308,YES,2024-01-01,2027-01-01,20548d8398104d2a882cd018fff31786ccc77c4412b6874d5e1fada31ca02ab1
TH-ENRICH-TX-SENIOR-2026-09-30-IDR2,TX|HHSC|TX_ICF_IID|007447,HHSC_LICENSE_NUMBER,148428,YES,2024-09-01,2027-09-01,20548d8398104d2a882cd018fff31786ccc77c4412b6874d5e1fada31ca02ab1
TH-ENRICH-TX-SENIOR-2026-09-30-IDR2,TX|HHSC|TX_ICF_IID|007448,HHSC_LICENSE_NUMBER,148211,YES,2024-09-01,2027-09-01,20548d8398104d2a882cd018fff31786ccc77c4412b6874d5e1fada31ca02ab1
TH-ENRICH-TX-SENIOR-2026-09-30-IDR2,TX|HHSC|TX_ICF_IID|007201,HHSC_LICENSE_NUMBER,149553,YES,2026-04-01,2029-04-01,20548d8398104d2a882cd018fff31786ccc77c4412b6874d5e1fada31ca02ab1
TH-ENRICH-TX-SENIOR-2026-09-30-IDR2,TX|HHSC|TX_ICF_IID|007350,HHSC_LICENSE_NUMBER,146242,YES,2026-10-01,2029-10-01,20548d8398104d2a882cd018fff31786ccc77c4412b6874d5e1fada31ca02ab1
TH-ENRICH-TX-SENIOR-2026-09-30-IDR2,TX|HHSC|TX_ICF_IID|007334,HHSC_LICENSE_NUMBER,145497,YES,2025-10-01,2028-10-01,20548d8398104d2a882cd018fff31786ccc77c4412b6874d5e1fada31ca02ab1
TH-ENRICH-TX-SENIOR-2026-09-30-IDR2,TX|HHSC|TX_ICF_IID|111840,HHSC_LICENSE_NUMBER,312360,YES,2024-10-09,2027-10-09,20548d8398104d2a882cd018fff31786ccc77c4412b6874d5e1fada31ca02ab1
TH-ENRICH-TX-SENIOR-2026-09-30-IDR2,TX|HHSC|TX_ICF_IID|003881,HHSC_LICENSE_NUMBER,146327,YES,2027-01-01,2030-01-01,20548d8398104d2a882cd018fff31786ccc77c4412b6874d5e1fada31ca02ab1
TH-ENRICH-TX-SENIOR-2026-09-30-IDR2,TX|HHSC|TX_ICF_IID|007443,HHSC_LICENSE_NUMBER,312294,YES,2025-01-16,2028-01-16,20548d8398104d2a882cd018fff31786ccc77c4412b6874d5e1fada31ca02ab1
TH-ENRICH-TX-SENIOR-2026-09-30-IDR2,TX|HHSC|TX_ICF_IID|111014,HHSC_LICENSE_NUMBER,311262,YES,2026-04-10,2029-04-10,20548d8398104d2a882cd018fff31786ccc77c4412b6874d5e1fada31ca02ab1
TH-ENRICH-TX-SENIOR-2026-09-30-IDR2,TX|HHSC|TX_ICF_IID|003872,HHSC_LICENSE_NUMBER,146568,YES,2027-01-01,2030-01-01,20548d8398104d2a882cd018fff31786ccc77c4412b6874d5e1fada31ca02ab1
TH-ENRICH-TX-SENIOR-2026-09-30-IDR2,TX|HHSC|TX_ICF_IID|111841,HHSC_LICENSE_NUMBER,312361,YES,2024-10-09,2027-10-09,20548d8398104d2a882cd018fff31786ccc77c4412b6874d5e1fada31ca02ab1
TH-ENRICH-TX-SENIOR-2026-09-30-IDR2,TX|HHSC|TX_ICF_IID|007491,HHSC_LICENSE_NUMBER,149239,YES,2026-04-01,2029-04-01,20548d8398104d2a882cd018fff31786ccc77c4412b6874d5e1fada31ca02ab1
TH-ENRICH-TX-SENIOR-2026-09-30-IDR2,TX|HHSC|TX_ICF_IID|007327,HHSC_LICENSE_NUMBER,146103,YES,2024-01-01,2027-01-01,20548d8398104d2a882cd018fff31786ccc77c4412b6874d5e1fada31ca02ab1
TH-ENRICH-TX-SENIOR-2026-09-30-IDR2,TX|HHSC|TX_ICF_IID|003959,HHSC_LICENSE_NUMBER,148546,YES,2026-01-23,2029-01-23,20548d8398104d2a882cd018fff31786ccc77c4412b6874d5e1fada31ca02ab1
TH-ENRICH-TX-SENIOR-2026-09-30-IDR2,TX|HHSC|TX_ICF_IID|007279,HHSC_LICENSE_NUMBER,149880,YES,2026-06-25,2029-06-25,20548d8398104d2a882cd018fff31786ccc77c4412b6874d5e1fada31ca02ab1
TH-ENRICH-TX-SENIOR-2026-09-30-IDR2,TX|HHSC|TX_ICF_IID|003984,HHSC_LICENSE_NUMBER,148950,YES,2025-12-13,2028-12-13,20548d8398104d2a882cd018fff31786ccc77c4412b6874d5e1fada31ca02ab1
TH-ENRICH-TX-SENIOR-2026-09-30-IDR2,TX|HHSC|TX_ICF_IID|003819,HHSC_LICENSE_NUMBER,148453,YES,2024-11-01,2027-11-01,20548d8398104d2a882cd018fff31786ccc77c4412b6874d5e1fada31ca02ab1
TH-ENRICH-TX-SENIOR-2026-09-30-IDR2,TX|HHSC|TX_ICF_IID|003787,HHSC_LICENSE_NUMBER,148387,YES,2024-11-01,2027-11-01,20548d8398104d2a882cd018fff31786ccc77c4412b6874d5e1fada31ca02ab1
TH-ENRICH-TX-SENIOR-2026-09-30-IDR2,TX|HHSC|TX_ICF_IID|007243,HHSC_LICENSE_NUMBER,146672,YES,2026-10-01,2029-10-01,20548d8398104d2a882cd018fff31786ccc77c4412b6874d5e1fada31ca02ab1
TH-ENRICH-TX-SENIOR-2026-09-30-IDR2,TX|HHSC|TX_ICF_IID|007618,HHSC_LICENSE_NUMBER,145808,YES,2026-10-01,2029-10-01,20548d8398104d2a882cd018fff31786ccc77c4412b6874d5e1fada31ca02ab1
TH-ENRICH-TX-SENIOR-2026-09-30-IDR2,TX|HHSC|TX_ICF_IID|003642,HHSC_LICENSE_NUMBER,145524,YES,2023-10-01,2026-10-01,20548d8398104d2a882cd018fff31786ccc77c4412b6874d5e1fada31ca02ab1
TH-ENRICH-TX-SENIOR-2026-09-30-IDR2,TX|HHSC|TX_ICF_IID|003657,HHSC_LICENSE_NUMBER,145618,YES,2023-10-01,2026-10-01,20548d8398104d2a882cd018fff31786ccc77c4412b6874d5e1fada31ca02ab1
TH-ENRICH-TX-SENIOR-2026-09-30-IDR2,TX|HHSC|TX_ICF_IID|003985,HHSC_LICENSE_NUMBER,148333,YES,2025-12-13,2028-12-13,20548d8398104d2a882cd018fff31786ccc77c4412b6874d5e1fada31ca02ab1
TH-ENRICH-TX-SENIOR-2026-09-30-IDR2,TX|HHSC|TX_ICF_IID|007612,HHSC_LICENSE_NUMBER,148976,YES,2023-10-01,2026-10-01,20548d8398104d2a882cd018fff31786ccc77c4412b6874d5e1fada31ca02ab1
TH-ENRICH-TX-SENIOR-2026-09-30-IDR2,TX|HHSC|TX_ICF_IID|003904,HHSC_LICENSE_NUMBER,313153,YES,2026-04-01,2029-04-01,20548d8398104d2a882cd018fff31786ccc77c4412b6874d5e1fada31ca02ab1
TH-ENRICH-TX-SENIOR-2026-09-30-IDR2,TX|HHSC|TX_ICF_IID|003882,HHSC_LICENSE_NUMBER,313116,YES,2026-04-01,2029-04-01,20548d8398104d2a882cd018fff31786ccc77c4412b6874d5e1fada31ca02ab1
TH-ENRICH-TX-SENIOR-2026-09-30-IDR2,TX|HHSC|TX_ICF_IID|003905,HHSC_LICENSE_NUMBER,313094,YES,2026-04-01,2029-04-01,20548d8398104d2a882cd018fff31786ccc77c4412b6874d5e1fada31ca02ab1
TH-ENRICH-TX-SENIOR-2026-09-30-IDR2,TX|HHSC|TX_ICF_IID|003883,HHSC_LICENSE_NUMBER,313108,YES,2026-04-01,2029-04-01,20548d8398104d2a882cd018fff31786ccc77c4412b6874d5e1fada31ca02ab1
TH-ENRICH-TX-SENIOR-2026-09-30-IDR2,TX|HHSC|TX_ICF_IID|003773,HHSC_LICENSE_NUMBER,146574,YES,2024-01-01,2027-01-01,20548d8398104d2a882cd018fff31786ccc77c4412b6874d5e1fada31ca02ab1
TH-ENRICH-TX-SENIOR-2026-09-30-IDR2,TX|HHSC|TX_ICF_IID|003836,HHSC_LICENSE_NUMBER,146182,YES,2025-05-01,2028-01-01,20548d8398104d2a882cd018fff31786ccc77c4412b6874d5e1fada31ca02ab1
TH-ENRICH-TX-SENIOR-2026-09-30-IDR2,TX|HHSC|TX_ICF_IID|007222,HHSC_LICENSE_NUMBER,146336,YES,2024-01-01,2027-01-01,20548d8398104d2a882cd018fff31786ccc77c4412b6874d5e1fada31ca02ab1
TH-ENRICH-TX-SENIOR-2026-09-30-IDR2,TX|HHSC|TX_ICF_IID|007445,HHSC_LICENSE_NUMBER,146075,YES,2025-01-01,2028-01-01,20548d8398104d2a882cd018fff31786ccc77c4412b6874d5e1fada31ca02ab1
TH-ENRICH-TX-SENIOR-2026-09-30-IDR2,TX|HHSC|TX_ICF_IID|007217,HHSC_LICENSE_NUMBER,147479,YES,2024-01-01,2027-01-01,20548d8398104d2a882cd018fff31786ccc77c4412b6874d5e1fada31ca02ab1
TH-ENRICH-TX-SENIOR-2026-09-30-IDR2,TX|HHSC|TX_ICF_IID|007335,HHSC_LICENSE_NUMBER,150128,YES,2025-08-09,2028-08-09,20548d8398104d2a882cd018fff31786ccc77c4412b6874d5e1fada31ca02ab1
TH-ENRICH-TX-SENIOR-2026-09-30-IDR2,TX|HHSC|TX_ICF_IID|007315,HHSC_LICENSE_NUMBER,147918,YES,2025-09-11,2028-09-11,20548d8398104d2a882cd018fff31786ccc77c4412b6874d5e1fada31ca02ab1
TH-ENRICH-TX-SENIOR-2026-09-30-IDR2,TX|HHSC|TX_ICF_IID|007454,HHSC_LICENSE_NUMBER,149983,YES,2025-08-25,2028-08-25,20548d8398104d2a882cd018fff31786ccc77c4412b6874d5e1fada31ca02ab1
TH-ENRICH-TX-SENIOR-2026-09-30-IDR2,TX|HHSC|TX_ICF_IID|007225,HHSC_LICENSE_NUMBER,149038,YES,2025-06-30,2028-06-30,20548d8398104d2a882cd018fff31786ccc77c4412b6874d5e1fada31ca02ab1
TH-ENRICH-TX-SENIOR-2026-09-30-IDR2,TX|HHSC|TX_ICF_IID|007657,HHSC_LICENSE_NUMBER,146386,YES,2024-01-01,2027-01-01,20548d8398104d2a882cd018fff31786ccc77c4412b6874d5e1fada31ca02ab1
TH-ENRICH-TX-SENIOR-2026-09-30-IDR2,TX|HHSC|TX_ICF_IID|007265,HHSC_LICENSE_NUMBER,147487,YES,2025-08-01,2028-08-01,20548d8398104d2a882cd018fff31786ccc77c4412b6874d5e1fada31ca02ab1
TH-ENRICH-TX-SENIOR-2026-09-30-IDR2,TX|HHSC|TX_ICF_IID|007258,HHSC_LICENSE_NUMBER,147636,YES,2024-08-01,2027-08-01,20548d8398104d2a882cd018fff31786ccc77c4412b6874d5e1fada31ca02ab1
TH-ENRICH-TX-SENIOR-2026-09-30-IDR2,TX|HHSC|TX_ICF_IID|003664,HHSC_LICENSE_NUMBER,147757,YES,2025-08-01,2028-08-01,20548d8398104d2a882cd018fff31786ccc77c4412b6874d5e1fada31ca02ab1
TH-ENRICH-TX-SENIOR-2026-09-30-IDR2,TX|HHSC|TX_ICF_IID|003660,HHSC_LICENSE_NUMBER,147534,YES,2024-08-01,2027-08-01,20548d8398104d2a882cd018fff31786ccc77c4412b6874d5e1fada31ca02ab1
TH-ENRICH-TX-SENIOR-2026-09-30-IDR2,TX|HHSC|TX_ICF_IID|003659,HHSC_LICENSE_NUMBER,147792,YES,2024-08-27,2027-08-27,20548d8398104d2a882cd018fff31786ccc77c4412b6874d5e1fada31ca02ab1
TH-ENRICH-TX-SENIOR-2026-09-30-IDR2,TX|HHSC|TX_ICF_IID|003858,HHSC_LICENSE_NUMBER,148207,YES,2024-08-01,2027-08-01,20548d8398104d2a882cd018fff31786ccc77c4412b6874d5e1fada31ca02ab1
TH-ENRICH-TX-SENIOR-2026-09-30-IDR2,TX|HHSC|TX_ICF_IID|007433,HHSC_LICENSE_NUMBER,147846,YES,2024-09-01,2027-09-01,20548d8398104d2a882cd018fff31786ccc77c4412b6874d5e1fada31ca02ab1
TH-ENRICH-TX-SENIOR-2026-09-30-IDR2,TX|HHSC|TX_ICF_IID|007363,HHSC_LICENSE_NUMBER,147692,YES,2024-09-01,2027-09-01,20548d8398104d2a882cd018fff31786ccc77c4412b6874d5e1fada31ca02ab1
TH-ENRICH-TX-SENIOR-2026-09-30-IDR2,TX|HHSC|TX_ICF_IID|007511,HHSC_LICENSE_NUMBER,148778,YES,2026-02-12,2029-02-12,20548d8398104d2a882cd018fff31786ccc77c4412b6874d5e1fada31ca02ab1
TH-ENRICH-TX-SENIOR-2026-09-30-IDR2,TX|HHSC|TX_ICF_IID|105083,HHSC_LICENSE_NUMBER,147538,YES,2024-08-01,2027-08-01,20548d8398104d2a882cd018fff31786ccc77c4412b6874d5e1fada31ca02ab1
TH-ENRICH-TX-SENIOR-2026-09-30-IDR2,TX|HHSC|TX_ICF_IID|003871,HHSC_LICENSE_NUMBER,148540,YES,2024-08-01,2027-08-01,20548d8398104d2a882cd018fff31786ccc77c4412b6874d5e1fada31ca02ab1
TH-ENRICH-TX-SENIOR-2026-09-30-IDR2,TX|HHSC|TX_ICF_IID|007537,HHSC_LICENSE_NUMBER,148814,YES,2025-09-01,2028-09-01,20548d8398104d2a882cd018fff31786ccc77c4412b6874d5e1fada31ca02ab1
TH-ENRICH-TX-SENIOR-2026-09-30-IDR2,TX|HHSC|TX_ICF_IID|007619,HHSC_LICENSE_NUMBER,149840,YES,2026-08-09,2029-08-09,20548d8398104d2a882cd018fff31786ccc77c4412b6874d5e1fada31ca02ab1
TH-ENRICH-TX-SENIOR-2026-09-30-IDR2,TX|HHSC|TX_ICF_IID|007613,HHSC_LICENSE_NUMBER,139691,YES,2026-06-29,2029-06-29,20548d8398104d2a882cd018fff31786ccc77c4412b6874d5e1fada31ca02ab1
TH-ENRICH-TX-SENIOR-2026-09-30-IDR2,TX|HHSC|TX_ICF_IID|007273,HHSC_LICENSE_NUMBER,149879,YES,2026-06-03,2029-06-03,20548d8398104d2a882cd018fff31786ccc77c4412b6874d5e1fada31ca02ab1
TH-ENRICH-TX-SENIOR-2026-09-30-IDR2,TX|HHSC|TX_ICF_IID|007490,HHSC_LICENSE_NUMBER,148495,YES,2024-12-11,2027-12-11,20548d8398104d2a882cd018fff31786ccc77c4412b6874d5e1fada31ca02ab1
TH-ENRICH-TX-SENIOR-2026-09-30-IDR2,TX|HHSC|TX_ICF_IID|007271,HHSC_LICENSE_NUMBER,150083,YES,2026-06-23,2029-06-23,20548d8398104d2a882cd018fff31786ccc77c4412b6874d5e1fada31ca02ab1
TH-ENRICH-TX-SENIOR-2026-09-30-IDR2,TX|HHSC|TX_ICF_IID|007311,HHSC_LICENSE_NUMBER,148587,YES,2023-10-27,2026-10-27,20548d8398104d2a882cd018fff31786ccc77c4412b6874d5e1fada31ca02ab1
TH-ENRICH-TX-SENIOR-2026-09-30-IDR2,TX|HHSC|TX_ICF_IID|007518,HHSC_LICENSE_NUMBER,146304,YES,2024-01-01,2027-01-01,20548d8398104d2a882cd018fff31786ccc77c4412b6874d5e1fada31ca02ab1
TH-ENRICH-TX-SENIOR-2026-09-30-IDR2,TX|HHSC|TX_ICF_IID|007539,HHSC_LICENSE_NUMBER,149531,YES,2026-06-08,2029-06-08,20548d8398104d2a882cd018fff31786ccc77c4412b6874d5e1fada31ca02ab1
TH-ENRICH-TX-SENIOR-2026-09-30-IDR2,TX|HHSC|TX_ICF_IID|007331,HHSC_LICENSE_NUMBER,148823,YES,2024-11-08,2027-11-08,20548d8398104d2a882cd018fff31786ccc77c4412b6874d5e1fada31ca02ab1
TH-ENRICH-TX-SENIOR-2026-09-30-IDR2,TX|HHSC|TX_ICF_IID|003687,HHSC_LICENSE_NUMBER,149772,YES,2026-08-02,2029-08-02,20548d8398104d2a882cd018fff31786ccc77c4412b6874d5e1fada31ca02ab1
TH-ENRICH-TX-SENIOR-2026-09-30-IDR2,TX|HHSC|TX_ICF_IID|007547,HHSC_LICENSE_NUMBER,149651,YES,2026-07-09,2029-07-09,20548d8398104d2a882cd018fff31786ccc77c4412b6874d5e1fada31ca02ab1
TH-ENRICH-TX-SENIOR-2026-09-30-IDR2,TX|HHSC|TX_ICF_IID|007345,HHSC_LICENSE_NUMBER,308124,YES,2024-01-07,2027-01-07,20548d8398104d2a882cd018fff31786ccc77c4412b6874d5e1fada31ca02ab1
TH-ENRICH-TX-SENIOR-2026-09-30-IDR2,TX|HHSC|TX_ICF_IID|007593,HHSC_LICENSE_NUMBER,308130,YES,2024-01-07,2027-01-07,20548d8398104d2a882cd018fff31786ccc77c4412b6874d5e1fada31ca02ab1
TH-ENRICH-TX-SENIOR-2026-09-30-IDR2,TX|HHSC|TX_ICF_IID|007496,HHSC_LICENSE_NUMBER,308084,YES,2024-01-07,2027-01-07,20548d8398104d2a882cd018fff31786ccc77c4412b6874d5e1fada31ca02ab1
TH-ENRICH-TX-SENIOR-2026-09-30-IDR2,TX|HHSC|TX_ICF_IID|007342,HHSC_LICENSE_NUMBER,308125,YES,2024-01-07,2027-01-07,20548d8398104d2a882cd018fff31786ccc77c4412b6874d5e1fada31ca02ab1
TH-ENRICH-TX-SENIOR-2026-09-30-IDR2,TX|HHSC|TX_ICF_IID|007286,HHSC_LICENSE_NUMBER,308126,YES,2024-01-07,2027-01-07,20548d8398104d2a882cd018fff31786ccc77c4412b6874d5e1fada31ca02ab1
TH-ENRICH-TX-SENIOR-2026-09-30-IDR2,TX|HHSC|TX_ICF_IID|007372,HHSC_LICENSE_NUMBER,148444,YES,2024-11-01,2027-11-01,20548d8398104d2a882cd018fff31786ccc77c4412b6874d5e1fada31ca02ab1
TH-ENRICH-TX-SENIOR-2026-09-30-IDR2,TX|HHSC|TX_ICF_IID|003860,HHSC_LICENSE_NUMBER,146741,YES,2025-09-16,2028-09-16,20548d8398104d2a882cd018fff31786ccc77c4412b6874d5e1fada31ca02ab1
TH-ENRICH-TX-SENIOR-2026-09-30-IDR2,TX|HHSC|TX_ICF_IID|007213,HHSC_LICENSE_NUMBER,146433,YES,2024-02-01,2027-02-01,20548d8398104d2a882cd018fff31786ccc77c4412b6874d5e1fada31ca02ab1
TH-ENRICH-TX-SENIOR-2026-09-30-IDR2,TX|HHSC|TX_ICF_IID|007620,HHSC_LICENSE_NUMBER,148272,YES,2024-11-01,2027-11-01,20548d8398104d2a882cd018fff31786ccc77c4412b6874d5e1fada31ca02ab1
TH-ENRICH-TX-SENIOR-2026-09-30-IDR2,TX|HHSC|TX_ICF_IID|110294,HHSC_LICENSE_NUMBER,307713,YES,2026-02-25,2029-02-25,20548d8398104d2a882cd018fff31786ccc77c4412b6874d5e1fada31ca02ab1
TH-ENRICH-TX-SENIOR-2026-09-30-IDR2,TX|HHSC|TX_ICF_IID|106432,HHSC_LICENSE_NUMBER,148416,YES,2024-11-10,2027-11-10,20548d8398104d2a882cd018fff31786ccc77c4412b6874d5e1fada31ca02ab1
TH-ENRICH-TX-SENIOR-2026-09-30-IDR2,TX|HHSC|TX_ICF_IID|106368,HHSC_LICENSE_NUMBER,148268,YES,2024-09-18,2027-09-18,20548d8398104d2a882cd018fff31786ccc77c4412b6874d5e1fada31ca02ab1
TH-ENRICH-TX-SENIOR-2026-09-30-IDR2,TX|HHSC|TX_ICF_IID|105449,HHSC_LICENSE_NUMBER,146335,YES,2024-02-08,2027-02-08,20548d8398104d2a882cd018fff31786ccc77c4412b6874d5e1fada31ca02ab1
TH-ENRICH-TX-SENIOR-2026-09-30-IDR2,TX|HHSC|TX_ICF_IID|110103,HHSC_LICENSE_NUMBER,307235,YES,2025-03-21,2028-03-21,20548d8398104d2a882cd018fff31786ccc77c4412b6874d5e1fada31ca02ab1
TH-ENRICH-TX-SENIOR-2026-09-30-IDR2,TX|HHSC|TX_ICF_IID|007419,HHSC_LICENSE_NUMBER,148112,YES,2024-09-01,2027-09-01,20548d8398104d2a882cd018fff31786ccc77c4412b6874d5e1fada31ca02ab1
TH-ENRICH-TX-SENIOR-2026-09-30-IDR2,TX|HHSC|TX_ICF_IID|007230,HHSC_LICENSE_NUMBER,147806,YES,2024-09-01,2027-09-01,20548d8398104d2a882cd018fff31786ccc77c4412b6874d5e1fada31ca02ab1
TH-ENRICH-TX-SENIOR-2026-09-30-IDR2,TX|HHSC|TX_ICF_IID|007352,HHSC_LICENSE_NUMBER,148191,YES,2024-09-01,2027-09-01,20548d8398104d2a882cd018fff31786ccc77c4412b6874d5e1fada31ca02ab1
TH-ENRICH-TX-SENIOR-2026-09-30-IDR2,TX|HHSC|TX_ICF_IID|007245,HHSC_LICENSE_NUMBER,148049,YES,2025-09-01,2028-09-01,20548d8398104d2a882cd018fff31786ccc77c4412b6874d5e1fada31ca02ab1
TH-ENRICH-TX-SENIOR-2026-09-30-IDR2,TX|HHSC|TX_ICF_IID|007524,HHSC_LICENSE_NUMBER,149350,YES,2025-11-30,2028-11-30,20548d8398104d2a882cd018fff31786ccc77c4412b6874d5e1fada31ca02ab1
TH-ENRICH-TX-SENIOR-2026-09-30-IDR2,TX|HHSC|TX_ICF_IID|104605,HHSC_LICENSE_NUMBER,148086,YES,2025-06-17,2028-06-17,20548d8398104d2a882cd018fff31786ccc77c4412b6874d5e1fada31ca02ab1
TH-ENRICH-TX-SENIOR-2026-09-30-IDR2,TX|HHSC|TX_ICF_IID|007584,HHSC_LICENSE_NUMBER,307227,YES,2025-02-11,2028-02-11,20548d8398104d2a882cd018fff31786ccc77c4412b6874d5e1fada31ca02ab1
TH-ENRICH-TX-SENIOR-2026-09-30-IDR2,TX|HHSC|TX_ICF_IID|007526,HHSC_LICENSE_NUMBER,307243,YES,2025-02-11,2028-02-11,20548d8398104d2a882cd018fff31786ccc77c4412b6874d5e1fada31ca02ab1
TH-ENRICH-TX-SENIOR-2026-09-30-IDR2,TX|HHSC|TX_ICF_IID|007589,HHSC_LICENSE_NUMBER,307234,YES,2025-02-11,2028-02-11,20548d8398104d2a882cd018fff31786ccc77c4412b6874d5e1fada31ca02ab1
TH-ENRICH-TX-SENIOR-2026-09-30-IDR2,TX|HHSC|TX_ICF_IID|007302,HHSC_LICENSE_NUMBER,147053,YES,2027-01-01,2030-01-01,20548d8398104d2a882cd018fff31786ccc77c4412b6874d5e1fada31ca02ab1
TH-ENRICH-TX-SENIOR-2026-09-30-IDR2,TX|HHSC|TX_ICF_IID|003601,HHSC_LICENSE_NUMBER,149713,YES,2026-01-01,2029-01-01,20548d8398104d2a882cd018fff31786ccc77c4412b6874d5e1fada31ca02ab1
TH-ENRICH-TX-SENIOR-2026-09-30-IDR2,TX|HHSC|TX_ICF_IID|007277,HHSC_LICENSE_NUMBER,149042,YES,2026-01-01,2029-01-01,20548d8398104d2a882cd018fff31786ccc77c4412b6874d5e1fada31ca02ab1
TH-ENRICH-TX-SENIOR-2026-09-30-IDR2,TX|HHSC|TX_ICF_IID|007281,HHSC_LICENSE_NUMBER,149160,YES,2026-01-01,2029-01-01,20548d8398104d2a882cd018fff31786ccc77c4412b6874d5e1fada31ca02ab1
TH-ENRICH-TX-SENIOR-2026-09-30-IDR2,TX|HHSC|TX_ICF_IID|003676,HHSC_LICENSE_NUMBER,149348,YES,2025-01-01,2028-01-01,20548d8398104d2a882cd018fff31786ccc77c4412b6874d5e1fada31ca02ab1
TH-ENRICH-TX-SENIOR-2026-09-30-IDR2,TX|HHSC|TX_ICF_IID|003850,HHSC_LICENSE_NUMBER,146558,YES,2024-01-01,2027-01-01,20548d8398104d2a882cd018fff31786ccc77c4412b6874d5e1fada31ca02ab1
TH-ENRICH-TX-SENIOR-2026-09-30-IDR2,TX|HHSC|TX_ICF_IID|007473,HHSC_LICENSE_NUMBER,146240,YES,2024-01-01,2027-01-01,20548d8398104d2a882cd018fff31786ccc77c4412b6874d5e1fada31ca02ab1
TH-ENRICH-TX-SENIOR-2026-09-30-IDR2,TX|HHSC|TX_ICF_IID|007441,HHSC_LICENSE_NUMBER,146629,YES,2027-01-01,2030-01-01,20548d8398104d2a882cd018fff31786ccc77c4412b6874d5e1fada31ca02ab1
TH-ENRICH-TX-SENIOR-2026-09-30-IDR2,TX|HHSC|TX_ICF_IID|007301,HHSC_LICENSE_NUMBER,146840,YES,2024-01-01,2027-01-01,20548d8398104d2a882cd018fff31786ccc77c4412b6874d5e1fada31ca02ab1
TH-ENRICH-TX-SENIOR-2026-09-30-IDR2,TX|HHSC|TX_ICF_IID|101452,HHSC_LICENSE_NUMBER,147199,YES,2024-05-28,2027-05-28,20548d8398104d2a882cd018fff31786ccc77c4412b6874d5e1fada31ca02ab1
TH-ENRICH-TX-SENIOR-2026-09-30-IDR2,TX|HHSC|TX_ICF_IID|007562,HHSC_LICENSE_NUMBER,148200,YES,2024-11-01,2027-11-01,20548d8398104d2a882cd018fff31786ccc77c4412b6874d5e1fada31ca02ab1
TH-ENRICH-TX-SENIOR-2026-09-30-IDR2,TX|HHSC|TX_ICF_IID|007563,HHSC_LICENSE_NUMBER,148947,YES,2024-11-01,2027-11-01,20548d8398104d2a882cd018fff31786ccc77c4412b6874d5e1fada31ca02ab1
TH-ENRICH-TX-SENIOR-2026-09-30-IDR2,TX|HHSC|TX_ICF_IID|101525,HHSC_LICENSE_NUMBER,147603,YES,2025-08-12,2028-08-12,20548d8398104d2a882cd018fff31786ccc77c4412b6874d5e1fada31ca02ab1
TH-ENRICH-TX-SENIOR-2026-09-30-IDR2,TX|HHSC|TX_ICF_IID|101454,HHSC_LICENSE_NUMBER,148084,YES,2025-06-06,2028-06-06,20548d8398104d2a882cd018fff31786ccc77c4412b6874d5e1fada31ca02ab1
TH-ENRICH-TX-SENIOR-2026-09-30-IDR2,TX|HHSC|TX_ICF_IID|101819,HHSC_LICENSE_NUMBER,149415,YES,2026-05-18,2029-05-18,20548d8398104d2a882cd018fff31786ccc77c4412b6874d5e1fada31ca02ab1
TH-ENRICH-TX-SENIOR-2026-09-30-IDR2,TX|HHSC|TX_ICF_IID|007451,HHSC_LICENSE_NUMBER,147536,YES,2024-07-29,2027-07-29,20548d8398104d2a882cd018fff31786ccc77c4412b6874d5e1fada31ca02ab1
TH-ENRICH-TX-SENIOR-2026-09-30-IDR2,TX|HHSC|TX_ICF_IID|007422,HHSC_LICENSE_NUMBER,146583,YES,2024-01-01,2027-01-01,20548d8398104d2a882cd018fff31786ccc77c4412b6874d5e1fada31ca02ab1
TH-ENRICH-TX-SENIOR-2026-09-30-IDR2,TX|HHSC|TX_ICF_IID|007414,HHSC_LICENSE_NUMBER,146728,YES,2025-01-01,2028-01-01,20548d8398104d2a882cd018fff31786ccc77c4412b6874d5e1fada31ca02ab1
TH-ENRICH-TX-SENIOR-2026-09-30-IDR2,TX|HHSC|TX_ICF_IID|003957,HHSC_LICENSE_NUMBER,147299,YES,2024-01-01,2027-01-01,20548d8398104d2a882cd018fff31786ccc77c4412b6874d5e1fada31ca02ab1
TH-ENRICH-TX-SENIOR-2026-09-30-IDR2,TX|HHSC|TX_ICF_IID|007223,HHSC_LICENSE_NUMBER,147631,YES,2024-07-11,2027-07-11,20548d8398104d2a882cd018fff31786ccc77c4412b6874d5e1fada31ca02ab1
TH-ENRICH-TX-SENIOR-2026-09-30-IDR2,TX|HHSC|TX_ICF_IID|007209,HHSC_LICENSE_NUMBER,147934,YES,2024-07-11,2027-07-11,20548d8398104d2a882cd018fff31786ccc77c4412b6874d5e1fada31ca02ab1
TH-ENRICH-TX-SENIOR-2026-09-30-IDR2,TX|HHSC|TX_ICF_IID|007809,HHSC_LICENSE_NUMBER,147230,YES,2024-01-01,2027-01-01,20548d8398104d2a882cd018fff31786ccc77c4412b6874d5e1fada31ca02ab1
TH-ENRICH-TX-SENIOR-2026-09-30-IDR2,TX|HHSC|TX_ICF_IID|003953,HHSC_LICENSE_NUMBER,146111,YES,2024-01-01,2027-01-01,20548d8398104d2a882cd018fff31786ccc77c4412b6874d5e1fada31ca02ab1
TH-ENRICH-TX-SENIOR-2026-09-30-IDR2,TX|HHSC|TX_ICF_IID|003845,HHSC_LICENSE_NUMBER,149506,YES,2025-06-01,2028-06-01,20548d8398104d2a882cd018fff31786ccc77c4412b6874d5e1fada31ca02ab1
TH-ENRICH-TX-SENIOR-2026-09-30-IDR2,TX|HHSC|TX_ICF_IID|003670,HHSC_LICENSE_NUMBER,148340,YES,2024-10-05,2027-10-05,20548d8398104d2a882cd018fff31786ccc77c4412b6874d5e1fada31ca02ab1
TH-ENRICH-TX-SENIOR-2026-09-30-IDR2,TX|HHSC|TX_ICF_IID|111904,HHSC_LICENSE_NUMBER,312503,YES,2025-06-10,2028-06-10,20548d8398104d2a882cd018fff31786ccc77c4412b6874d5e1fada31ca02ab1
TH-ENRICH-TX-SENIOR-2026-09-30-IDR2,TX|HHSC|TX_ICF_IID|007575,HHSC_LICENSE_NUMBER,307228,YES,2025-02-11,2028-02-11,20548d8398104d2a882cd018fff31786ccc77c4412b6874d5e1fada31ca02ab1
TH-ENRICH-TX-SENIOR-2026-09-30-IDR2,TX|HHSC|TX_ICF_IID|007262,HHSC_LICENSE_NUMBER,146228,YES,2027-01-01,2030-01-01,20548d8398104d2a882cd018fff31786ccc77c4412b6874d5e1fada31ca02ab1
TH-ENRICH-TX-SENIOR-2026-09-30-IDR2,TX|HHSC|TX_ICF_IID|003870,HHSC_LICENSE_NUMBER,148390,YES,2024-11-02,2027-11-02,20548d8398104d2a882cd018fff31786ccc77c4412b6874d5e1fada31ca02ab1
TH-ENRICH-TX-SENIOR-2026-09-30-IDR2,TX|HHSC|TX_ICF_IID|003931,HHSC_LICENSE_NUMBER,147151,YES,2024-05-01,2027-05-01,20548d8398104d2a882cd018fff31786ccc77c4412b6874d5e1fada31ca02ab1
TH-ENRICH-TX-SENIOR-2026-09-30-IDR2,TX|HHSC|TX_ICF_IID|003683,HHSC_LICENSE_NUMBER,149649,YES,2026-07-16,2029-07-16,20548d8398104d2a882cd018fff31786ccc77c4412b6874d5e1fada31ca02ab1
TH-ENRICH-TX-SENIOR-2026-09-30-IDR2,TX|HHSC|TX_ICF_IID|007240,HHSC_LICENSE_NUMBER,148863,YES,2026-01-01,2029-01-01,20548d8398104d2a882cd018fff31786ccc77c4412b6874d5e1fada31ca02ab1
TH-ENRICH-TX-SENIOR-2026-09-30-IDR2,TX|HHSC|TX_ICF_IID|003636,HHSC_LICENSE_NUMBER,147491,YES,2025-06-20,2028-06-20,20548d8398104d2a882cd018fff31786ccc77c4412b6874d5e1fada31ca02ab1
TH-ENRICH-TX-SENIOR-2026-09-30-IDR2,TX|HHSC|TX_ICF_IID|007226,HHSC_LICENSE_NUMBER,148963,YES,2025-01-01,2028-01-01,20548d8398104d2a882cd018fff31786ccc77c4412b6874d5e1fada31ca02ab1
TH-ENRICH-TX-SENIOR-2026-09-30-IDR2,TX|HHSC|TX_ICF_IID|007285,HHSC_LICENSE_NUMBER,147710,YES,2025-06-20,2028-06-20,20548d8398104d2a882cd018fff31786ccc77c4412b6874d5e1fada31ca02ab1
TH-ENRICH-TX-SENIOR-2026-09-30-IDR2,TX|HHSC|TX_ICF_IID|003641,HHSC_LICENSE_NUMBER,144225,YES,2026-01-22,2029-01-22,20548d8398104d2a882cd018fff31786ccc77c4412b6874d5e1fada31ca02ab1
TH-ENRICH-TX-SENIOR-2026-09-30-IDR2,TX|HHSC|TX_ICF_IID|007815,HHSC_LICENSE_NUMBER,147778,YES,2025-09-13,2028-09-13,20548d8398104d2a882cd018fff31786ccc77c4412b6874d5e1fada31ca02ab1
TH-ENRICH-TX-SENIOR-2026-09-30-IDR2,TX|HHSC|TX_ICF_IID|007477,HHSC_LICENSE_NUMBER,146092,YES,2024-01-01,2027-01-01,20548d8398104d2a882cd018fff31786ccc77c4412b6874d5e1fada31ca02ab1
TH-ENRICH-TX-SENIOR-2026-09-30-IDR2,TX|HHSC|TX_ICF_IID|007551,HHSC_LICENSE_NUMBER,148595,YES,2026-01-01,2029-01-01,20548d8398104d2a882cd018fff31786ccc77c4412b6874d5e1fada31ca02ab1
TH-ENRICH-TX-SENIOR-2026-09-30-IDR2,TX|HHSC|TX_ICF_IID|003855,HHSC_LICENSE_NUMBER,147555,YES,2025-08-12,2028-08-12,20548d8398104d2a882cd018fff31786ccc77c4412b6874d5e1fada31ca02ab1
TH-ENRICH-TX-SENIOR-2026-09-30-IDR2,TX|HHSC|TX_ICF_IID|007544,HHSC_LICENSE_NUMBER,146366,YES,2025-01-01,2028-01-01,20548d8398104d2a882cd018fff31786ccc77c4412b6874d5e1fada31ca02ab1
TH-ENRICH-TX-SENIOR-2026-09-30-IDR2,TX|HHSC|TX_ICF_IID|007388,HHSC_LICENSE_NUMBER,147471,YES,2024-06-20,2027-06-20,20548d8398104d2a882cd018fff31786ccc77c4412b6874d5e1fada31ca02ab1
TH-ENRICH-TX-SENIOR-2026-09-30-IDR2,TX|HHSC|TX_ICF_IID|007529,HHSC_LICENSE_NUMBER,147193,YES,2024-06-20,2027-06-20,20548d8398104d2a882cd018fff31786ccc77c4412b6874d5e1fada31ca02ab1
TH-ENRICH-TX-SENIOR-2026-09-30-IDR2,TX|HHSC|TX_ICF_IID|007303,HHSC_LICENSE_NUMBER,150202,YES,2026-08-19,2029-08-19,20548d8398104d2a882cd018fff31786ccc77c4412b6874d5e1fada31ca02ab1
TH-ENRICH-TX-SENIOR-2026-09-30-IDR2,TX|HHSC|TX_ICF_IID|003849,HHSC_LICENSE_NUMBER,147609,YES,2024-08-20,2027-08-20,20548d8398104d2a882cd018fff31786ccc77c4412b6874d5e1fada31ca02ab1
TH-ENRICH-TX-SENIOR-2026-09-30-IDR2,TX|HHSC|TX_ICF_IID|007329,HHSC_LICENSE_NUMBER,147737,YES,2024-07-11,2027-07-11,20548d8398104d2a882cd018fff31786ccc77c4412b6874d5e1fada31ca02ab1
TH-ENRICH-TX-SENIOR-2026-09-30-IDR2,TX|HHSC|TX_ICF_IID|003843,HHSC_LICENSE_NUMBER,149694,YES,2026-04-01,2029-04-01,20548d8398104d2a882cd018fff31786ccc77c4412b6874d5e1fada31ca02ab1
TH-ENRICH-TX-SENIOR-2026-09-30-IDR2,TX|HHSC|TX_ICF_IID|110546,HHSC_LICENSE_NUMBER,308463,YES,2024-12-17,2027-12-17,20548d8398104d2a882cd018fff31786ccc77c4412b6874d5e1fada31ca02ab1
TH-ENRICH-TX-SENIOR-2026-09-30-IDR2,TX|HHSC|TX_ICF_IID|111422,HHSC_LICENSE_NUMBER,311583,YES,2026-09-01,2029-09-01,20548d8398104d2a882cd018fff31786ccc77c4412b6874d5e1fada31ca02ab1
TH-ENRICH-TX-SENIOR-2026-09-30-IDR2,TX|HHSC|TX_ICF_IID|007476,HHSC_LICENSE_NUMBER,150207,YES,2025-08-01,2028-08-01,20548d8398104d2a882cd018fff31786ccc77c4412b6874d5e1fada31ca02ab1
TH-ENRICH-TX-SENIOR-2026-09-30-IDR2,TX|HHSC|TX_ICF_IID|007464,HHSC_LICENSE_NUMBER,150049,YES,2025-08-01,2028-08-01,20548d8398104d2a882cd018fff31786ccc77c4412b6874d5e1fada31ca02ab1
TH-ENRICH-TX-SENIOR-2026-09-30-IDR2,TX|HHSC|TX_ICF_IID|007430,HHSC_LICENSE_NUMBER,150283,YES,2026-08-17,2029-08-17,20548d8398104d2a882cd018fff31786ccc77c4412b6874d5e1fada31ca02ab1
TH-ENRICH-TX-SENIOR-2026-09-30-IDR2,TX|HHSC|TX_ICF_IID|110612,HHSC_LICENSE_NUMBER,308620,YES,2024-08-01,2027-08-01,20548d8398104d2a882cd018fff31786ccc77c4412b6874d5e1fada31ca02ab1
TH-ENRICH-TX-SENIOR-2026-09-30-IDR2,TX|HHSC|TX_ICF_IID|110604,HHSC_LICENSE_NUMBER,103300,NO,2020-12-07,2023-12-07,20548d8398104d2a882cd018fff31786ccc77c4412b6874d5e1fada31ca02ab1
TH-ENRICH-TX-SENIOR-2026-09-30-IDR2,TX|HHSC|TX_ICF_IID|007453,HHSC_LICENSE_NUMBER,146762,YES,2024-01-29,2027-01-29,20548d8398104d2a882cd018fff31786ccc77c4412b6874d5e1fada31ca02ab1
TH-ENRICH-TX-SENIOR-2026-09-30-IDR2,TX|HHSC|TX_ICF_IID|007417,HHSC_LICENSE_NUMBER,146940,YES,2024-03-01,2027-03-01,20548d8398104d2a882cd018fff31786ccc77c4412b6874d5e1fada31ca02ab1
TH-ENRICH-TX-SENIOR-2026-09-30-IDR2,TX|HHSC|TX_ICF_IID|003942,HHSC_LICENSE_NUMBER,147572,YES,2024-01-01,2027-01-01,20548d8398104d2a882cd018fff31786ccc77c4412b6874d5e1fada31ca02ab1
TH-ENRICH-TX-SENIOR-2026-09-30-IDR2,TX|HHSC|TX_ICF_IID|007276,HHSC_LICENSE_NUMBER,146557,YES,2025-03-01,2028-03-01,20548d8398104d2a882cd018fff31786ccc77c4412b6874d5e1fada31ca02ab1
TH-ENRICH-TX-SENIOR-2026-09-30-IDR2,TX|HHSC|TX_ICF_IID|007623,HHSC_LICENSE_NUMBER,146549,YES,2024-03-01,2027-03-01,20548d8398104d2a882cd018fff31786ccc77c4412b6874d5e1fada31ca02ab1
TH-ENRICH-TX-SENIOR-2026-09-30-IDR2,TX|HHSC|TX_ICF_IID|007353,HHSC_LICENSE_NUMBER,149990,YES,2026-08-01,2029-08-01,20548d8398104d2a882cd018fff31786ccc77c4412b6874d5e1fada31ca02ab1
TH-ENRICH-TX-SENIOR-2026-09-30-IDR2,TX|HHSC|TX_ICF_IID|007410,HHSC_LICENSE_NUMBER,149761,YES,2026-08-22,2029-08-22,20548d8398104d2a882cd018fff31786ccc77c4412b6874d5e1fada31ca02ab1
TH-ENRICH-TX-SENIOR-2026-09-30-IDR2,TX|HHSC|TX_ICF_IID|007425,HHSC_LICENSE_NUMBER,148234,YES,2025-08-01,2028-08-01,20548d8398104d2a882cd018fff31786ccc77c4412b6874d5e1fada31ca02ab1
TH-ENRICH-TX-SENIOR-2026-09-30-IDR2,TX|HHSC|TX_ICF_IID|007305,HHSC_LICENSE_NUMBER,147478,YES,2025-08-01,2028-08-01,20548d8398104d2a882cd018fff31786ccc77c4412b6874d5e1fada31ca02ab1
TH-ENRICH-TX-SENIOR-2026-09-30-IDR2,TX|HHSC|TX_ICF_IID|003728,HHSC_LICENSE_NUMBER,148903,YES,2026-03-15,2029-03-15,20548d8398104d2a882cd018fff31786ccc77c4412b6874d5e1fada31ca02ab1
TH-ENRICH-TX-SENIOR-2026-09-30-IDR2,TX|HHSC|TX_ICF_IID|110804,HHSC_LICENSE_NUMBER,310698,YES,2026-01-10,2029-01-10,20548d8398104d2a882cd018fff31786ccc77c4412b6874d5e1fada31ca02ab1
TH-ENRICH-TX-SENIOR-2026-09-30-IDR2,TX|HHSC|TX_ICF_IID|107089,HHSC_LICENSE_NUMBER,307549,YES,2025-09-01,2028-09-01,20548d8398104d2a882cd018fff31786ccc77c4412b6874d5e1fada31ca02ab1
TH-ENRICH-TX-SENIOR-2026-09-30-IDR2,TX|HHSC|TX_ICF_IID|003749,HHSC_LICENSE_NUMBER,148800,YES,2024-12-01,2027-12-01,20548d8398104d2a882cd018fff31786ccc77c4412b6874d5e1fada31ca02ab1
TH-ENRICH-TX-SENIOR-2026-09-30-IDR2,TX|HHSC|TX_ICF_IID|007354,HHSC_LICENSE_NUMBER,148757,YES,2025-01-10,2028-01-10,20548d8398104d2a882cd018fff31786ccc77c4412b6874d5e1fada31ca02ab1
TH-ENRICH-TX-SENIOR-2026-09-30-IDR2,TX|HHSC|TX_ICF_IID|007383,HHSC_LICENSE_NUMBER,146839,YES,2024-01-01,2027-01-01,20548d8398104d2a882cd018fff31786ccc77c4412b6874d5e1fada31ca02ab1
TH-ENRICH-TX-SENIOR-2026-09-30-IDR2,TX|HHSC|TX_ICF_IID|007324,HHSC_LICENSE_NUMBER,146296,YES,2024-01-01,2027-01-01,20548d8398104d2a882cd018fff31786ccc77c4412b6874d5e1fada31ca02ab1
TH-ENRICH-TX-SENIOR-2026-09-30-IDR2,TX|HHSC|TX_ICF_IID|010198,HHSC_LICENSE_NUMBER,146094,YES,2024-01-03,2027-01-03,20548d8398104d2a882cd018fff31786ccc77c4412b6874d5e1fada31ca02ab1
TH-ENRICH-TX-SENIOR-2026-09-30-IDR2,TX|HHSC|TX_ICF_IID|007501,HHSC_LICENSE_NUMBER,146354,YES,2024-01-01,2027-01-01,20548d8398104d2a882cd018fff31786ccc77c4412b6874d5e1fada31ca02ab1
TH-ENRICH-TX-SENIOR-2026-09-30-IDR2,TX|HHSC|TX_ICF_IID|110490,HHSC_LICENSE_NUMBER,148021,YES,2024-04-01,2027-04-01,20548d8398104d2a882cd018fff31786ccc77c4412b6874d5e1fada31ca02ab1
TH-ENRICH-TX-SENIOR-2026-09-30-IDR2,TX|HHSC|TX_ICF_IID|007259,HHSC_LICENSE_NUMBER,149012,YES,2026-02-01,2029-02-01,20548d8398104d2a882cd018fff31786ccc77c4412b6874d5e1fada31ca02ab1
TH-ENRICH-TX-SENIOR-2026-09-30-IDR2,TX|HHSC|TX_ICF_IID|110498,HHSC_LICENSE_NUMBER,311782,YES,2024-01-13,2027-01-13,20548d8398104d2a882cd018fff31786ccc77c4412b6874d5e1fada31ca02ab1
TH-ENRICH-TX-SENIOR-2026-09-30-IDR2,TX|HHSC|TX_ICF_IID|003667,HHSC_LICENSE_NUMBER,149862,YES,2026-06-01,2029-06-01,20548d8398104d2a882cd018fff31786ccc77c4412b6874d5e1fada31ca02ab1
TH-ENRICH-TX-SENIOR-2026-09-30-IDR2,TX|HHSC|TX_ICF_IID|007254,HHSC_LICENSE_NUMBER,148237,YES,2025-12-01,2028-12-01,20548d8398104d2a882cd018fff31786ccc77c4412b6874d5e1fada31ca02ab1
TH-ENRICH-TX-SENIOR-2026-09-30-IDR2,TX|HHSC|TX_ICF_IID|007568,HHSC_LICENSE_NUMBER,310949,YES,2026-02-01,2029-02-01,20548d8398104d2a882cd018fff31786ccc77c4412b6874d5e1fada31ca02ab1
TH-ENRICH-TX-SENIOR-2026-09-30-IDR2,TX|HHSC|TX_ICF_IID|007319,HHSC_LICENSE_NUMBER,312273,YES,2025-01-12,2028-01-12,20548d8398104d2a882cd018fff31786ccc77c4412b6874d5e1fada31ca02ab1
TH-ENRICH-TX-SENIOR-2026-09-30-IDR2,TX|HHSC|TX_ICF_IID|003770,HHSC_LICENSE_NUMBER,148508,YES,2026-01-08,2029-01-08,20548d8398104d2a882cd018fff31786ccc77c4412b6874d5e1fada31ca02ab1
TH-ENRICH-TX-SENIOR-2026-09-30-IDR2,TX|HHSC|TX_ICF_IID|110382,HHSC_LICENSE_NUMBER,308946,YES,2025-10-01,2028-10-01,20548d8398104d2a882cd018fff31786ccc77c4412b6874d5e1fada31ca02ab1
TH-ENRICH-TX-SENIOR-2026-09-30-IDR2,TX|HHSC|TX_ICF_IID|007298,HHSC_LICENSE_NUMBER,149648,YES,2026-06-01,2029-06-01,20548d8398104d2a882cd018fff31786ccc77c4412b6874d5e1fada31ca02ab1
TH-ENRICH-TX-SENIOR-2026-09-30-IDR2,TX|HHSC|TX_ICF_IID|112057,HHSC_LICENSE_NUMBER,312872,YES,2026-01-06,2029-01-06,20548d8398104d2a882cd018fff31786ccc77c4412b6874d5e1fada31ca02ab1
TH-ENRICH-TX-SENIOR-2026-09-30-IDR2,TX|HHSC|TX_ICF_IID|106671,HHSC_LICENSE_NUMBER,146268,YES,2023-12-13,2026-12-13,20548d8398104d2a882cd018fff31786ccc77c4412b6874d5e1fada31ca02ab1
TH-ENRICH-TX-SENIOR-2026-09-30-IDR2,TX|HHSC|TX_ICF_IID|007386,HHSC_LICENSE_NUMBER,149554,YES,2026-05-29,2029-05-29,20548d8398104d2a882cd018fff31786ccc77c4412b6874d5e1fada31ca02ab1
TH-ENRICH-TX-SENIOR-2026-09-30-IDR2,TX|HHSC|TX_ICF_IID|007510,HHSC_LICENSE_NUMBER,149516,YES,2026-06-01,2029-06-01,20548d8398104d2a882cd018fff31786ccc77c4412b6874d5e1fada31ca02ab1
TH-ENRICH-TX-SENIOR-2026-09-30-IDR2,TX|HHSC|TX_ICF_IID|007251,HHSC_LICENSE_NUMBER,150116,YES,2026-06-01,2029-06-01,20548d8398104d2a882cd018fff31786ccc77c4412b6874d5e1fada31ca02ab1
TH-ENRICH-TX-SENIOR-2026-09-30-IDR2,TX|HHSC|TX_ICF_IID|007578,HHSC_LICENSE_NUMBER,149684,YES,2026-06-01,2029-06-01,20548d8398104d2a882cd018fff31786ccc77c4412b6874d5e1fada31ca02ab1
TH-ENRICH-TX-SENIOR-2026-09-30-IDR2,TX|HHSC|TX_ICF_IID|007517,HHSC_LICENSE_NUMBER,149251,YES,2026-05-01,2029-05-01,20548d8398104d2a882cd018fff31786ccc77c4412b6874d5e1fada31ca02ab1
TH-ENRICH-TX-SENIOR-2026-09-30-IDR2,TX|HHSC|TX_ICF_IID|003945,HHSC_LICENSE_NUMBER,307728,YES,2026-02-10,2029-02-10,20548d8398104d2a882cd018fff31786ccc77c4412b6874d5e1fada31ca02ab1
TH-ENRICH-TX-SENIOR-2026-09-30-IDR2,TX|HHSC|TX_ICF_IID|003606,HHSC_LICENSE_NUMBER,307719,YES,2026-02-10,2029-02-10,20548d8398104d2a882cd018fff31786ccc77c4412b6874d5e1fada31ca02ab1
TH-ENRICH-TX-SENIOR-2026-09-30-IDR2,TX|HHSC|TX_ICF_IID|003889,HHSC_LICENSE_NUMBER,307715,YES,2026-02-10,2029-02-10,20548d8398104d2a882cd018fff31786ccc77c4412b6874d5e1fada31ca02ab1
TH-ENRICH-TX-SENIOR-2026-09-30-IDR2,TX|HHSC|TX_ICF_IID|007596,HHSC_LICENSE_NUMBER,148934,YES,2025-04-06,2028-04-06,20548d8398104d2a882cd018fff31786ccc77c4412b6874d5e1fada31ca02ab1
TH-ENRICH-TX-SENIOR-2026-09-30-IDR2,TX|HHSC|TX_ICF_IID|007357,HHSC_LICENSE_NUMBER,148586,YES,2026-01-22,2029-01-22,20548d8398104d2a882cd018fff31786ccc77c4412b6874d5e1fada31ca02ab1
TH-ENRICH-TX-SENIOR-2026-09-30-IDR2,TX|HHSC|TX_ICF_IID|007358,HHSC_LICENSE_NUMBER,149363,YES,2026-01-23,2029-01-23,20548d8398104d2a882cd018fff31786ccc77c4412b6874d5e1fada31ca02ab1
TH-ENRICH-TX-SENIOR-2026-09-30-IDR2,TX|HHSC|TX_ICF_IID|007401,HHSC_LICENSE_NUMBER,313078,YES,2026-04-01,2029-04-01,20548d8398104d2a882cd018fff31786ccc77c4412b6874d5e1fada31ca02ab1
TH-ENRICH-TX-SENIOR-2026-09-30-IDR2,TX|HHSC|TX_ICF_IID|007235,HHSC_LICENSE_NUMBER,313151,YES,2026-04-23,2029-04-23,20548d8398104d2a882cd018fff31786ccc77c4412b6874d5e1fada31ca02ab1
TH-ENRICH-TX-SENIOR-2026-09-30-IDR2,TX|HHSC|TX_ICF_IID|003632,HHSC_LICENSE_NUMBER,313084,YES,2026-04-01,2029-04-01,20548d8398104d2a882cd018fff31786ccc77c4412b6874d5e1fada31ca02ab1
TH-ENRICH-TX-SENIOR-2026-09-30-IDR2,TX|HHSC|TX_ICF_IID|007582,HHSC_LICENSE_NUMBER,313079,YES,2026-04-01,2029-04-01,20548d8398104d2a882cd018fff31786ccc77c4412b6874d5e1fada31ca02ab1
TH-ENRICH-TX-SENIOR-2026-09-30-IDR2,TX|HHSC|TX_ICF_IID|107267,HHSC_LICENSE_NUMBER,307091,YES,2026-11-03,2029-11-03,20548d8398104d2a882cd018fff31786ccc77c4412b6874d5e1fada31ca02ab1
TH-ENRICH-TX-SENIOR-2026-09-30-IDR2,TX|HHSC|TX_ICF_IID|007656,HHSC_LICENSE_NUMBER,148703,YES,2025-01-22,2028-01-22,20548d8398104d2a882cd018fff31786ccc77c4412b6874d5e1fada31ca02ab1
TH-ENRICH-TX-SENIOR-2026-09-30-IDR2,TX|HHSC|TX_ICF_IID|111926,HHSC_LICENSE_NUMBER,312548,YES,2025-07-15,2028-07-15,20548d8398104d2a882cd018fff31786ccc77c4412b6874d5e1fada31ca02ab1
TH-ENRICH-TX-SENIOR-2026-09-30-IDR2,TX|HHSC|TX_ICF_IID|007249,HHSC_LICENSE_NUMBER,149126,YES,2026-01-27,2029-01-27,20548d8398104d2a882cd018fff31786ccc77c4412b6874d5e1fada31ca02ab1
TH-ENRICH-TX-SENIOR-2026-09-30-IDR2,TX|HHSC|TX_ICF_IID|007389,HHSC_LICENSE_NUMBER,145691,YES,2026-10-01,2029-10-01,20548d8398104d2a882cd018fff31786ccc77c4412b6874d5e1fada31ca02ab1
TH-ENRICH-TX-SENIOR-2026-09-30-IDR2,TX|HHSC|TX_ICF_IID|007367,HHSC_LICENSE_NUMBER,145692,YES,2026-10-01,2029-10-01,20548d8398104d2a882cd018fff31786ccc77c4412b6874d5e1fada31ca02ab1
TH-ENRICH-TX-SENIOR-2026-09-30-IDR2,TX|HHSC|TX_ICF_IID|007599,HHSC_LICENSE_NUMBER,148329,YES,2024-11-01,2027-11-01,20548d8398104d2a882cd018fff31786ccc77c4412b6874d5e1fada31ca02ab1
TH-ENRICH-TX-SENIOR-2026-09-30-IDR2,TX|HHSC|TX_ICF_IID|003621,HHSC_LICENSE_NUMBER,149215,YES,2026-03-15,2029-03-15,20548d8398104d2a882cd018fff31786ccc77c4412b6874d5e1fada31ca02ab1
TH-ENRICH-TX-SENIOR-2026-09-30-IDR2,TX|HHSC|TX_ICF_IID|003631,HHSC_LICENSE_NUMBER,148827,YES,2026-03-15,2029-03-15,20548d8398104d2a882cd018fff31786ccc77c4412b6874d5e1fada31ca02ab1
TH-ENRICH-TX-SENIOR-2026-09-30-IDR2,TX|HHSC|TX_ICF_IID|007542,HHSC_LICENSE_NUMBER,313135,YES,2026-04-01,2026-12-05,20548d8398104d2a882cd018fff31786ccc77c4412b6874d5e1fada31ca02ab1
TH-ENRICH-TX-SENIOR-2026-09-30-IDR2,TX|HHSC|TX_ICF_IID|007483,HHSC_LICENSE_NUMBER,313114,YES,2026-04-01,2029-04-01,20548d8398104d2a882cd018fff31786ccc77c4412b6874d5e1fada31ca02ab1
TH-ENRICH-TX-SENIOR-2026-09-30-IDR2,TX|HHSC|TX_ICF_IID|007631,HHSC_LICENSE_NUMBER,145763,YES,2026-10-01,2029-10-01,20548d8398104d2a882cd018fff31786ccc77c4412b6874d5e1fada31ca02ab1
TH-ENRICH-TX-SENIOR-2026-09-30-IDR2,TX|HHSC|TX_ICF_IID|003695,HHSC_LICENSE_NUMBER,148741,YES,2025-01-27,2028-01-27,20548d8398104d2a882cd018fff31786ccc77c4412b6874d5e1fada31ca02ab1
TH-ENRICH-TX-SENIOR-2026-09-30-IDR2,TX|HHSC|TX_ICF_IID|007379,HHSC_LICENSE_NUMBER,145765,YES,2026-10-01,2029-10-01,20548d8398104d2a882cd018fff31786ccc77c4412b6874d5e1fada31ca02ab1
TH-ENRICH-TX-SENIOR-2026-09-30-IDR2,TX|HHSC|TX_ICF_IID|007264,HHSC_LICENSE_NUMBER,145693,YES,2025-10-01,2028-10-01,20548d8398104d2a882cd018fff31786ccc77c4412b6874d5e1fada31ca02ab1
TH-ENRICH-TX-SENIOR-2026-09-30-IDR2,TX|HHSC|TX_ICF_IID|102416,HHSC_LICENSE_NUMBER,143620,YES,2025-11-01,2028-11-01,20548d8398104d2a882cd018fff31786ccc77c4412b6874d5e1fada31ca02ab1
TH-ENRICH-TX-SENIOR-2026-09-30-IDR2,TX|HHSC|TX_ICF_IID|007274,HHSC_LICENSE_NUMBER,148411,YES,2025-11-01,2028-11-01,20548d8398104d2a882cd018fff31786ccc77c4412b6874d5e1fada31ca02ab1
TH-ENRICH-TX-SENIOR-2026-09-30-IDR2,TX|HHSC|TX_ICF_IID|007545,HHSC_LICENSE_NUMBER,145766,YES,2025-10-01,2028-10-01,20548d8398104d2a882cd018fff31786ccc77c4412b6874d5e1fada31ca02ab1
TH-ENRICH-TX-SENIOR-2026-09-30-IDR2,TX|HHSC|TX_ICF_IID|007323,HHSC_LICENSE_NUMBER,313134,YES,2026-04-01,2029-04-01,20548d8398104d2a882cd018fff31786ccc77c4412b6874d5e1fada31ca02ab1
TH-ENRICH-TX-SENIOR-2026-09-30-IDR2,TX|HHSC|TX_ICF_IID|007429,HHSC_LICENSE_NUMBER,148389,YES,2024-11-01,2027-11-01,20548d8398104d2a882cd018fff31786ccc77c4412b6874d5e1fada31ca02ab1
TH-ENRICH-TX-SENIOR-2026-09-30-IDR2,TX|HHSC|TX_ICF_IID|007475,HHSC_LICENSE_NUMBER,148599,YES,2025-01-27,2028-01-27,20548d8398104d2a882cd018fff31786ccc77c4412b6874d5e1fada31ca02ab1
TH-ENRICH-TX-SENIOR-2026-09-30-IDR2,TX|HHSC|TX_ICF_IID|007805,HHSC_LICENSE_NUMBER,313144,YES,2026-04-01,2029-04-01,20548d8398104d2a882cd018fff31786ccc77c4412b6874d5e1fada31ca02ab1
TH-ENRICH-TX-SENIOR-2026-09-30-IDR2,TX|HHSC|TX_ICF_IID|007452,HHSC_LICENSE_NUMBER,149291,YES,2026-06-01,2029-06-01,20548d8398104d2a882cd018fff31786ccc77c4412b6874d5e1fada31ca02ab1
TH-ENRICH-TX-SENIOR-2026-09-30-IDR2,TX|HHSC|TX_ICF_IID|003793,HHSC_LICENSE_NUMBER,148707,YES,2024-11-03,2027-11-03,20548d8398104d2a882cd018fff31786ccc77c4412b6874d5e1fada31ca02ab1
TH-ENRICH-TX-SENIOR-2026-09-30-IDR2,TX|HHSC|TX_ICF_IID|003832,HHSC_LICENSE_NUMBER,148099,YES,2026-01-15,2029-01-15,20548d8398104d2a882cd018fff31786ccc77c4412b6874d5e1fada31ca02ab1
TH-ENRICH-TX-SENIOR-2026-09-30-IDR2,TX|HHSC|TX_ICF_IID|007418,HHSC_LICENSE_NUMBER,147539,YES,2024-10-24,2027-10-24,20548d8398104d2a882cd018fff31786ccc77c4412b6874d5e1fada31ca02ab1
TH-ENRICH-TX-SENIOR-2026-09-30-IDR2,TX|HHSC|TX_ICF_IID|007627,HHSC_LICENSE_NUMBER,313136,YES,2026-04-01,2029-04-01,20548d8398104d2a882cd018fff31786ccc77c4412b6874d5e1fada31ca02ab1
TH-ENRICH-TX-SENIOR-2026-09-30-IDR2,TX|HHSC|TX_ICF_IID|007611,HHSC_LICENSE_NUMBER,149748,YES,2026-01-27,2029-01-27,20548d8398104d2a882cd018fff31786ccc77c4412b6874d5e1fada31ca02ab1
TH-ENRICH-TX-SENIOR-2026-09-30-IDR2,TX|HHSC|TX_ICF_IID|102153,HHSC_LICENSE_NUMBER,148388,YES,2024-11-01,2027-11-01,20548d8398104d2a882cd018fff31786ccc77c4412b6874d5e1fada31ca02ab1
TH-ENRICH-TX-SENIOR-2026-09-30-IDR2,TX|HHSC|TX_ICF_IID|003639,HHSC_LICENSE_NUMBER,149161,YES,2025-01-27,2028-01-27,20548d8398104d2a882cd018fff31786ccc77c4412b6874d5e1fada31ca02ab1
TH-ENRICH-TX-SENIOR-2026-09-30-IDR2,TX|HHSC|TX_ICF_IID|003647,HHSC_LICENSE_NUMBER,147583,YES,2024-04-03,2027-04-03,20548d8398104d2a882cd018fff31786ccc77c4412b6874d5e1fada31ca02ab1
TH-ENRICH-TX-SENIOR-2026-09-30-IDR2,TX|HHSC|TX_ICF_IID|007633,HHSC_LICENSE_NUMBER,149546,YES,2026-03-01,2029-03-01,20548d8398104d2a882cd018fff31786ccc77c4412b6874d5e1fada31ca02ab1
TH-ENRICH-TX-SENIOR-2026-09-30-IDR2,TX|HHSC|TX_ICF_IID|003974,HHSC_LICENSE_NUMBER,146367,YES,2025-01-01,2028-01-01,20548d8398104d2a882cd018fff31786ccc77c4412b6874d5e1fada31ca02ab1
TH-ENRICH-TX-SENIOR-2026-09-30-IDR2,TX|HHSC|TX_ICF_IID|007343,HHSC_LICENSE_NUMBER,146338,YES,2027-01-01,2030-01-01,20548d8398104d2a882cd018fff31786ccc77c4412b6874d5e1fada31ca02ab1
TH-ENRICH-TX-SENIOR-2026-09-30-IDR2,TX|HHSC|TX_ICF_IID|007500,HHSC_LICENSE_NUMBER,146352,YES,2024-01-01,2027-01-01,20548d8398104d2a882cd018fff31786ccc77c4412b6874d5e1fada31ca02ab1
TH-ENRICH-TX-SENIOR-2026-09-30-IDR2,TX|HHSC|TX_ICF_IID|007237,HHSC_LICENSE_NUMBER,146312,YES,2024-01-01,2027-01-01,20548d8398104d2a882cd018fff31786ccc77c4412b6874d5e1fada31ca02ab1
TH-ENRICH-TX-SENIOR-2026-09-30-IDR2,TX|HHSC|TX_ICF_IID|007290,HHSC_LICENSE_NUMBER,146680,YES,2024-01-01,2027-01-01,20548d8398104d2a882cd018fff31786ccc77c4412b6874d5e1fada31ca02ab1
TH-ENRICH-TX-SENIOR-2026-09-30-IDR2,TX|HHSC|TX_ICF_IID|003938,HHSC_LICENSE_NUMBER,149321,YES,2026-03-01,2029-03-01,20548d8398104d2a882cd018fff31786ccc77c4412b6874d5e1fada31ca02ab1
TH-ENRICH-TX-SENIOR-2026-09-30-IDR2,TX|HHSC|TX_ICF_IID|007304,HHSC_LICENSE_NUMBER,149186,YES,2025-03-01,2028-03-01,20548d8398104d2a882cd018fff31786ccc77c4412b6874d5e1fada31ca02ab1
TH-ENRICH-TX-SENIOR-2026-09-30-IDR2,TX|HHSC|TX_ICF_IID|007504,HHSC_LICENSE_NUMBER,313150,YES,2026-04-01,2029-04-01,20548d8398104d2a882cd018fff31786ccc77c4412b6874d5e1fada31ca02ab1
TH-ENRICH-TX-SENIOR-2026-09-30-IDR2,TX|HHSC|TX_ICF_IID|007820,HHSC_LICENSE_NUMBER,148466,YES,2024-12-01,2027-12-01,20548d8398104d2a882cd018fff31786ccc77c4412b6874d5e1fada31ca02ab1
TH-ENRICH-TX-SENIOR-2026-09-30-IDR2,TX|HHSC|TX_ICF_IID|007822,HHSC_LICENSE_NUMBER,150173,YES,2026-09-22,2029-09-22,20548d8398104d2a882cd018fff31786ccc77c4412b6874d5e1fada31ca02ab1
TH-ENRICH-TX-SENIOR-2026-09-30-IDR2,TX|HHSC|TX_ICF_IID|007819,HHSC_LICENSE_NUMBER,148555,YES,2024-12-01,2027-12-01,20548d8398104d2a882cd018fff31786ccc77c4412b6874d5e1fada31ca02ab1
TH-ENRICH-TX-SENIOR-2026-09-30-IDR2,TX|HHSC|TX_ICF_IID|007821,HHSC_LICENSE_NUMBER,148710,YES,2024-12-01,2027-12-01,20548d8398104d2a882cd018fff31786ccc77c4412b6874d5e1fada31ca02ab1
TH-ENRICH-TX-SENIOR-2026-09-30-IDR2,TX|HHSC|TX_ICF_IID|007361,HHSC_LICENSE_NUMBER,149445,YES,2026-04-01,2029-04-01,20548d8398104d2a882cd018fff31786ccc77c4412b6874d5e1fada31ca02ab1
TH-ENRICH-TX-SENIOR-2026-09-30-IDR2,TX|HHSC|TX_ICF_IID|007556,HHSC_LICENSE_NUMBER,149964,YES,2025-08-17,2028-08-17,20548d8398104d2a882cd018fff31786ccc77c4412b6874d5e1fada31ca02ab1
TH-ENRICH-TX-SENIOR-2026-09-30-IDR2,TX|HHSC|TX_ICF_IID|007360,HHSC_LICENSE_NUMBER,149399,YES,2026-04-01,2029-04-01,20548d8398104d2a882cd018fff31786ccc77c4412b6874d5e1fada31ca02ab1
TH-ENRICH-TX-SENIOR-2026-09-30-IDR2,TX|HHSC|TX_ICF_IID|003797,HHSC_LICENSE_NUMBER,148293,YES,2024-12-01,2027-12-01,20548d8398104d2a882cd018fff31786ccc77c4412b6874d5e1fada31ca02ab1
TH-ENRICH-TX-SENIOR-2026-09-30-IDR2,TX|HHSC|TX_ICF_IID|003759,HHSC_LICENSE_NUMBER,148723,YES,2024-12-01,2027-12-01,20548d8398104d2a882cd018fff31786ccc77c4412b6874d5e1fada31ca02ab1
TH-ENRICH-TX-SENIOR-2026-09-30-IDR2,TX|HHSC|TX_ICF_IID|007426,HHSC_LICENSE_NUMBER,149550,YES,2025-07-02,2028-07-02,20548d8398104d2a882cd018fff31786ccc77c4412b6874d5e1fada31ca02ab1
TH-ENRICH-TX-SENIOR-2026-09-30-IDR2,TX|HHSC|TX_ICF_IID|007538,HHSC_LICENSE_NUMBER,149396,YES,2026-06-01,2029-06-01,20548d8398104d2a882cd018fff31786ccc77c4412b6874d5e1fada31ca02ab1
TH-ENRICH-TX-SENIOR-2026-09-30-IDR2,TX|HHSC|TX_ICF_IID|106799,HHSC_LICENSE_NUMBER,313107,YES,2026-04-01,2029-04-01,20548d8398104d2a882cd018fff31786ccc77c4412b6874d5e1fada31ca02ab1
TH-ENRICH-TX-SENIOR-2026-09-30-IDR2,TX|HHSC|TX_ICF_IID|007310,HHSC_LICENSE_NUMBER,313146,YES,2026-04-01,2026-12-07,20548d8398104d2a882cd018fff31786ccc77c4412b6874d5e1fada31ca02ab1
TH-ENRICH-TX-SENIOR-2026-09-30-IDR2,TX|HHSC|TX_ICF_IID|007468,HHSC_LICENSE_NUMBER,313145,YES,2026-04-01,2029-04-01,20548d8398104d2a882cd018fff31786ccc77c4412b6874d5e1fada31ca02ab1
TH-ENRICH-TX-SENIOR-2026-09-30-IDR2,TX|HHSC|TX_ICF_IID|003810,HHSC_LICENSE_NUMBER,313093,YES,2026-04-01,2026-11-29,20548d8398104d2a882cd018fff31786ccc77c4412b6874d5e1fada31ca02ab1
TH-ENRICH-TX-SENIOR-2026-09-30-IDR2,TX|HHSC|TX_ICF_IID|003644,HHSC_LICENSE_NUMBER,148467,YES,2025-12-01,2028-12-01,20548d8398104d2a882cd018fff31786ccc77c4412b6874d5e1fada31ca02ab1
TH-ENRICH-TX-SENIOR-2026-09-30-IDR2,TX|HHSC|TX_ICF_IID|003784,HHSC_LICENSE_NUMBER,145518,YES,2025-10-01,2028-10-01,20548d8398104d2a882cd018fff31786ccc77c4412b6874d5e1fada31ca02ab1
TH-ENRICH-TX-SENIOR-2026-09-30-IDR2,TX|HHSC|TX_ICF_IID|003813,HHSC_LICENSE_NUMBER,145523,YES,2023-10-01,2026-10-01,20548d8398104d2a882cd018fff31786ccc77c4412b6874d5e1fada31ca02ab1
TH-ENRICH-TX-SENIOR-2026-09-30-IDR2,TX|HHSC|TX_ICF_IID|007412,HHSC_LICENSE_NUMBER,149157,YES,2026-03-15,2029-03-15,20548d8398104d2a882cd018fff31786ccc77c4412b6874d5e1fada31ca02ab1
TH-ENRICH-TX-SENIOR-2026-09-30-IDR2,TX|HHSC|TX_ICF_IID|003626,HHSC_LICENSE_NUMBER,148174,YES,2025-10-19,2028-10-19,20548d8398104d2a882cd018fff31786ccc77c4412b6874d5e1fada31ca02ab1
TH-ENRICH-TX-SENIOR-2026-09-30-IDR2,TX|HHSC|TX_ICF_IID|007444,HHSC_LICENSE_NUMBER,149750,YES,2025-03-17,2028-03-17,20548d8398104d2a882cd018fff31786ccc77c4412b6874d5e1fada31ca02ab1
TH-ENRICH-TX-SENIOR-2026-09-30-IDR2,TX|HHSC|TX_ICF_IID|007605,HHSC_LICENSE_NUMBER,149017,YES,2025-03-15,2028-03-15,20548d8398104d2a882cd018fff31786ccc77c4412b6874d5e1fada31ca02ab1
TH-ENRICH-TX-SENIOR-2026-09-30-IDR2,TX|HHSC|TX_ICF_IID|003680,HHSC_LICENSE_NUMBER,149397,YES,2026-03-15,2029-03-15,20548d8398104d2a882cd018fff31786ccc77c4412b6874d5e1fada31ca02ab1
TH-ENRICH-TX-SENIOR-2026-09-30-IDR2,TX|HHSC|TX_DAHS|110993,HHSC_LICENSE_NUMBER,310894,YES,2025-02-14,2028-02-14,ec962e57112d6600b4deec292eaee5e0620e70b5413eea71d52078a3c4dcba8f
TH-ENRICH-TX-SENIOR-2026-09-30-IDR2,TX|HHSC|TX_DAHS|003330,HHSC_LICENSE_NUMBER,312370,YES,2025-04-01,2028-04-01,ec962e57112d6600b4deec292eaee5e0620e70b5413eea71d52078a3c4dcba8f
TH-ENRICH-TX-SENIOR-2026-09-30-IDR2,TX|HHSC|TX_DAHS|050755,HHSC_LICENSE_NUMBER,150181,YES,2026-01-21,2029-01-21,ec962e57112d6600b4deec292eaee5e0620e70b5413eea71d52078a3c4dcba8f
TH-ENRICH-TX-SENIOR-2026-09-30-IDR2,TX|HHSC|TX_DAHS|003401,HHSC_LICENSE_NUMBER,149282,YES,2026-05-29,2029-05-29,ec962e57112d6600b4deec292eaee5e0620e70b5413eea71d52078a3c4dcba8f
TH-ENRICH-TX-SENIOR-2026-09-30-IDR2,TX|HHSC|TX_DAHS|110569,HHSC_LICENSE_NUMBER,308457,YES,2024-12-07,2027-12-07,ec962e57112d6600b4deec292eaee5e0620e70b5413eea71d52078a3c4dcba8f
TH-ENRICH-TX-SENIOR-2026-09-30-IDR2,TX|HHSC|TX_DAHS|111376,HHSC_LICENSE_NUMBER,311333,YES,2026-04-24,2029-04-24,ec962e57112d6600b4deec292eaee5e0620e70b5413eea71d52078a3c4dcba8f
TH-ENRICH-TX-SENIOR-2026-09-30-IDR2,TX|HHSC|TX_DAHS|000521,HHSC_LICENSE_NUMBER,145662,YES,2024-10-31,2027-10-31,ec962e57112d6600b4deec292eaee5e0620e70b5413eea71d52078a3c4dcba8f
TH-ENRICH-TX-SENIOR-2026-09-30-IDR2,TX|HHSC|TX_DAHS|010245,HHSC_LICENSE_NUMBER,145168,YES,2024-02-26,2027-02-26,ec962e57112d6600b4deec292eaee5e0620e70b5413eea71d52078a3c4dcba8f
TH-ENRICH-TX-SENIOR-2026-09-30-IDR2,TX|HHSC|TX_DAHS|001541,HHSC_LICENSE_NUMBER,148880,YES,2026-03-21,2029-03-21,ec962e57112d6600b4deec292eaee5e0620e70b5413eea71d52078a3c4dcba8f
TH-ENRICH-TX-SENIOR-2026-09-30-IDR2,TX|HHSC|TX_DAHS|104528,HHSC_LICENSE_NUMBER,146292,YES,2023-12-27,2026-12-27,ec962e57112d6600b4deec292eaee5e0620e70b5413eea71d52078a3c4dcba8f
TH-ENRICH-TX-SENIOR-2026-09-30-IDR2,TX|HHSC|TX_DAHS|110149,HHSC_LICENSE_NUMBER,145512,YES,2026-07-23,2029-07-23,ec962e57112d6600b4deec292eaee5e0620e70b5413eea71d52078a3c4dcba8f
TH-ENRICH-TX-SENIOR-2026-09-30-IDR2,TX|HHSC|TX_DAHS|111639,HHSC_LICENSE_NUMBER,311877,YES,2024-03-27,2027-03-27,ec962e57112d6600b4deec292eaee5e0620e70b5413eea71d52078a3c4dcba8f
TH-ENRICH-TX-SENIOR-2026-09-30-IDR2,TX|HHSC|TX_DAHS|003076,HHSC_LICENSE_NUMBER,308554,YES,2025-12-05,2028-02-22,ec962e57112d6600b4deec292eaee5e0620e70b5413eea71d52078a3c4dcba8f
TH-ENRICH-TX-SENIOR-2026-09-30-IDR2,TX|HHSC|TX_DAHS|100026,HHSC_LICENSE_NUMBER,145536,YES,2025-09-27,2028-09-27,ec962e57112d6600b4deec292eaee5e0620e70b5413eea71d52078a3c4dcba8f
TH-ENRICH-TX-SENIOR-2026-09-30-IDR2,TX|HHSC|TX_DAHS|010229,HHSC_LICENSE_NUMBER,148445,YES,2024-11-16,2027-11-16,ec962e57112d6600b4deec292eaee5e0620e70b5413eea71d52078a3c4dcba8f
TH-ENRICH-TX-SENIOR-2026-09-30-IDR2,TX|HHSC|TX_DAHS|101085,HHSC_LICENSE_NUMBER,150191,YES,2026-03-31,2029-03-31,ec962e57112d6600b4deec292eaee5e0620e70b5413eea71d52078a3c4dcba8f
TH-ENRICH-TX-SENIOR-2026-09-30-IDR2,TX|HHSC|TX_DAHS|003302,HHSC_LICENSE_NUMBER,147073,YES,2024-02-01,2027-02-01,ec962e57112d6600b4deec292eaee5e0620e70b5413eea71d52078a3c4dcba8f
TH-ENRICH-TX-SENIOR-2026-09-30-IDR2,TX|HHSC|TX_DAHS|003021,HHSC_LICENSE_NUMBER,145140,YES,2026-07-01,2029-07-01,ec962e57112d6600b4deec292eaee5e0620e70b5413eea71d52078a3c4dcba8f
TH-ENRICH-TX-SENIOR-2026-09-30-IDR2,TX|HHSC|TX_DAHS|105385,HHSC_LICENSE_NUMBER,146181,YES,2025-01-24,2028-01-24,ec962e57112d6600b4deec292eaee5e0620e70b5413eea71d52078a3c4dcba8f
TH-ENRICH-TX-SENIOR-2026-09-30-IDR2,TX|HHSC|TX_DAHS|106288,HHSC_LICENSE_NUMBER,149609,YES,2024-12-30,2027-12-30,ec962e57112d6600b4deec292eaee5e0620e70b5413eea71d52078a3c4dcba8f
TH-ENRICH-TX-SENIOR-2026-09-30-IDR2,TX|HHSC|TX_DAHS|112061,HHSC_LICENSE_NUMBER,312880,YES,2026-02-05,2029-02-05,ec962e57112d6600b4deec292eaee5e0620e70b5413eea71d52078a3c4dcba8f
TH-ENRICH-TX-SENIOR-2026-09-30-IDR2,TX|HHSC|TX_DAHS|101313,HHSC_LICENSE_NUMBER,149557,YES,2026-05-01,2029-05-01,ec962e57112d6600b4deec292eaee5e0620e70b5413eea71d52078a3c4dcba8f
TH-ENRICH-TX-SENIOR-2026-09-30-IDR2,TX|HHSC|TX_DAHS|003422,HHSC_LICENSE_NUMBER,146008,YES,2023-12-01,2026-12-01,ec962e57112d6600b4deec292eaee5e0620e70b5413eea71d52078a3c4dcba8f
TH-ENRICH-TX-SENIOR-2026-09-30-IDR2,TX|HHSC|TX_DAHS|111414,HHSC_LICENSE_NUMBER,311384,YES,2023-05-08,2026-05-08,ec962e57112d6600b4deec292eaee5e0620e70b5413eea71d52078a3c4dcba8f
TH-ENRICH-TX-SENIOR-2026-09-30-IDR2,TX|HHSC|TX_DAHS|101287,HHSC_LICENSE_NUMBER,148983,YES,2023-01-01,2026-01-20,ec962e57112d6600b4deec292eaee5e0620e70b5413eea71d52078a3c4dcba8f
TH-ENRICH-TX-SENIOR-2026-09-30-IDR2,TX|HHSC|TX_DAHS|105820,HHSC_LICENSE_NUMBER,146156,YES,2023-12-05,2026-12-05,ec962e57112d6600b4deec292eaee5e0620e70b5413eea71d52078a3c4dcba8f
TH-ENRICH-TX-SENIOR-2026-09-30-IDR2,TX|HHSC|TX_DAHS|106212,HHSC_LICENSE_NUMBER,147749,YES,2024-08-21,2027-08-21,ec962e57112d6600b4deec292eaee5e0620e70b5413eea71d52078a3c4dcba8f
TH-ENRICH-TX-SENIOR-2026-09-30-IDR2,TX|HHSC|TX_DAHS|003278,HHSC_LICENSE_NUMBER,147278,YES,2024-08-18,2027-08-18,ec962e57112d6600b4deec292eaee5e0620e70b5413eea71d52078a3c4dcba8f
TH-ENRICH-TX-SENIOR-2026-09-30-IDR2,TX|HHSC|TX_DAHS|110585,HHSC_LICENSE_NUMBER,308487,YES,2025-01-31,2028-01-31,ec962e57112d6600b4deec292eaee5e0620e70b5413eea71d52078a3c4dcba8f
TH-ENRICH-TX-SENIOR-2026-09-30-IDR2,TX|HHSC|TX_DAHS|103479,HHSC_LICENSE_NUMBER,147984,YES,2024-09-04,2027-09-04,ec962e57112d6600b4deec292eaee5e0620e70b5413eea71d52078a3c4dcba8f
TH-ENRICH-TX-SENIOR-2026-09-30-IDR2,TX|HHSC|TX_DAHS|110533,HHSC_LICENSE_NUMBER,145649,YES,2024-04-01,2027-04-01,ec962e57112d6600b4deec292eaee5e0620e70b5413eea71d52078a3c4dcba8f
TH-ENRICH-TX-SENIOR-2026-09-30-IDR2,TX|HHSC|TX_DAHS|104486,HHSC_LICENSE_NUMBER,145906,YES,2023-11-19,2026-11-19,ec962e57112d6600b4deec292eaee5e0620e70b5413eea71d52078a3c4dcba8f
TH-ENRICH-TX-SENIOR-2026-09-30-IDR2,TX|HHSC|TX_DAHS|003077,HHSC_LICENSE_NUMBER,148520,YES,2024-12-04,2027-12-04,ec962e57112d6600b4deec292eaee5e0620e70b5413eea71d52078a3c4dcba8f
TH-ENRICH-TX-SENIOR-2026-09-30-IDR2,TX|HHSC|TX_DAHS|111264,HHSC_LICENSE_NUMBER,311173,YES,2026-03-09,2029-03-09,ec962e57112d6600b4deec292eaee5e0620e70b5413eea71d52078a3c4dcba8f
TH-ENRICH-TX-SENIOR-2026-09-30-IDR2,TX|HHSC|TX_DAHS|100398,HHSC_LICENSE_NUMBER,146317,YES,2025-01-14,2028-01-14,ec962e57112d6600b4deec292eaee5e0620e70b5413eea71d52078a3c4dcba8f
TH-ENRICH-TX-SENIOR-2026-09-30-IDR2,TX|HHSC|TX_DAHS|100024,HHSC_LICENSE_NUMBER,308439,YES,2024-09-02,2027-09-02,ec962e57112d6600b4deec292eaee5e0620e70b5413eea71d52078a3c4dcba8f
TH-ENRICH-TX-SENIOR-2026-09-30-IDR2,TX|HHSC|TX_DAHS|003268,HHSC_LICENSE_NUMBER,145708,YES,2026-10-10,2029-10-10,ec962e57112d6600b4deec292eaee5e0620e70b5413eea71d52078a3c4dcba8f
TH-ENRICH-TX-SENIOR-2026-09-30-IDR2,TX|HHSC|TX_DAHS|003417,HHSC_LICENSE_NUMBER,147791,YES,2024-09-14,2027-09-14,ec962e57112d6600b4deec292eaee5e0620e70b5413eea71d52078a3c4dcba8f
TH-ENRICH-TX-SENIOR-2026-09-30-IDR2,TX|HHSC|TX_DAHS|101658,HHSC_LICENSE_NUMBER,146043,YES,2023-12-15,2026-12-15,ec962e57112d6600b4deec292eaee5e0620e70b5413eea71d52078a3c4dcba8f
TH-ENRICH-TX-SENIOR-2026-09-30-IDR2,TX|HHSC|TX_DAHS|110505,HHSC_LICENSE_NUMBER,148300,YES,2026-01-31,2029-01-31,ec962e57112d6600b4deec292eaee5e0620e70b5413eea71d52078a3c4dcba8f
TH-ENRICH-TX-SENIOR-2026-09-30-IDR2,TX|HHSC|TX_DAHS|003452,HHSC_LICENSE_NUMBER,312347,YES,2025-01-29,2028-01-29,ec962e57112d6600b4deec292eaee5e0620e70b5413eea71d52078a3c4dcba8f
TH-ENRICH-TX-SENIOR-2026-09-30-IDR2,TX|HHSC|TX_DAHS|107013,HHSC_LICENSE_NUMBER,307051,YES,2026-10-30,2029-10-30,ec962e57112d6600b4deec292eaee5e0620e70b5413eea71d52078a3c4dcba8f
TH-ENRICH-TX-SENIOR-2026-09-30-IDR2,TX|HHSC|TX_DAHS|110719,HHSC_LICENSE_NUMBER,310594,YES,2026-04-03,2029-04-03,ec962e57112d6600b4deec292eaee5e0620e70b5413eea71d52078a3c4dcba8f
TH-ENRICH-TX-SENIOR-2026-09-30-IDR2,TX|HHSC|TX_DAHS|003379,HHSC_LICENSE_NUMBER,145040,YES,2026-05-15,2029-05-15,ec962e57112d6600b4deec292eaee5e0620e70b5413eea71d52078a3c4dcba8f
TH-ENRICH-TX-SENIOR-2026-09-30-IDR2,TX|HHSC|TX_DAHS|102437,HHSC_LICENSE_NUMBER,148358,YES,2024-10-28,2027-10-28,ec962e57112d6600b4deec292eaee5e0620e70b5413eea71d52078a3c4dcba8f
TH-ENRICH-TX-SENIOR-2026-09-30-IDR2,TX|HHSC|TX_DAHS|001511,HHSC_LICENSE_NUMBER,147201,YES,2024-04-26,2027-04-26,ec962e57112d6600b4deec292eaee5e0620e70b5413eea71d52078a3c4dcba8f
TH-ENRICH-TX-SENIOR-2026-09-30-IDR2,TX|HHSC|TX_DAHS|112181,HHSC_LICENSE_NUMBER,313229,YES,2026-07-10,2028-03-30,ec962e57112d6600b4deec292eaee5e0620e70b5413eea71d52078a3c4dcba8f
TH-ENRICH-TX-SENIOR-2026-09-30-IDR2,TX|HHSC|TX_DAHS|003079,HHSC_LICENSE_NUMBER,146830,YES,2026-10-01,2029-10-01,ec962e57112d6600b4deec292eaee5e0620e70b5413eea71d52078a3c4dcba8f
TH-ENRICH-TX-SENIOR-2026-09-30-IDR2,TX|HHSC|TX_DAHS|102547,HHSC_LICENSE_NUMBER,149575,YES,2026-04-07,2029-04-07,ec962e57112d6600b4deec292eaee5e0620e70b5413eea71d52078a3c4dcba8f
TH-ENRICH-TX-SENIOR-2026-09-30-IDR2,TX|HHSC|TX_DAHS|010321,HHSC_LICENSE_NUMBER,147869,YES,2024-05-29,2027-05-29,ec962e57112d6600b4deec292eaee5e0620e70b5413eea71d52078a3c4dcba8f
TH-ENRICH-TX-SENIOR-2026-09-30-IDR2,TX|HHSC|TX_DAHS|103187,HHSC_LICENSE_NUMBER,307694,YES,2025-01-19,2028-01-19,ec962e57112d6600b4deec292eaee5e0620e70b5413eea71d52078a3c4dcba8f
TH-ENRICH-TX-SENIOR-2026-09-30-IDR2,TX|HHSC|TX_DAHS|003096,HHSC_LICENSE_NUMBER,148816,YES,2025-12-11,2028-12-11,ec962e57112d6600b4deec292eaee5e0620e70b5413eea71d52078a3c4dcba8f
TH-ENRICH-TX-SENIOR-2026-09-30-IDR2,TX|HHSC|TX_DAHS|106653,HHSC_LICENSE_NUMBER,146495,YES,2024-01-11,2027-01-11,ec962e57112d6600b4deec292eaee5e0620e70b5413eea71d52078a3c4dcba8f
TH-ENRICH-TX-SENIOR-2026-09-30-IDR2,TX|HHSC|TX_DAHS|105474,HHSC_LICENSE_NUMBER,146655,YES,2025-01-24,2028-01-24,ec962e57112d6600b4deec292eaee5e0620e70b5413eea71d52078a3c4dcba8f
TH-ENRICH-TX-SENIOR-2026-09-30-IDR2,TX|HHSC|TX_DAHS|103100,HHSC_LICENSE_NUMBER,146950,YES,2024-05-16,2027-05-16,ec962e57112d6600b4deec292eaee5e0620e70b5413eea71d52078a3c4dcba8f
TH-ENRICH-TX-SENIOR-2026-09-30-IDR2,TX|HHSC|TX_DAHS|111395,HHSC_LICENSE_NUMBER,311356,YES,2026-04-28,2029-04-28,ec962e57112d6600b4deec292eaee5e0620e70b5413eea71d52078a3c4dcba8f
TH-ENRICH-TX-SENIOR-2026-09-30-IDR2,TX|HHSC|TX_DAHS|100665,HHSC_LICENSE_NUMBER,147236,YES,2025-07-01,2028-07-01,ec962e57112d6600b4deec292eaee5e0620e70b5413eea71d52078a3c4dcba8f
TH-ENRICH-TX-SENIOR-2026-09-30-IDR2,TX|HHSC|TX_DAHS|100170,HHSC_LICENSE_NUMBER,145789,YES,2026-09-25,2029-09-25,ec962e57112d6600b4deec292eaee5e0620e70b5413eea71d52078a3c4dcba8f
TH-ENRICH-TX-SENIOR-2026-09-30-IDR2,TX|HHSC|TX_DAHS|001528,HHSC_LICENSE_NUMBER,147165,YES,2024-06-01,2027-06-01,ec962e57112d6600b4deec292eaee5e0620e70b5413eea71d52078a3c4dcba8f
TH-ENRICH-TX-SENIOR-2026-09-30-IDR2,TX|HHSC|TX_DAHS|102013,HHSC_LICENSE_NUMBER,149437,YES,2026-05-17,2029-05-17,ec962e57112d6600b4deec292eaee5e0620e70b5413eea71d52078a3c4dcba8f
TH-ENRICH-TX-SENIOR-2026-09-30-IDR2,TX|HHSC|TX_DAHS|102810,HHSC_LICENSE_NUMBER,146650,YES,2024-01-12,2027-01-12,ec962e57112d6600b4deec292eaee5e0620e70b5413eea71d52078a3c4dcba8f
TH-ENRICH-TX-SENIOR-2026-09-30-IDR2,TX|HHSC|TX_DAHS|003029,HHSC_LICENSE_NUMBER,149490,YES,2026-04-12,2029-04-12,ec962e57112d6600b4deec292eaee5e0620e70b5413eea71d52078a3c4dcba8f
TH-ENRICH-TX-SENIOR-2026-09-30-IDR2,TX|HHSC|TX_DAHS|010352,HHSC_LICENSE_NUMBER,147124,YES,2024-03-14,2027-03-14,ec962e57112d6600b4deec292eaee5e0620e70b5413eea71d52078a3c4dcba8f
TH-ENRICH-TX-SENIOR-2026-09-30-IDR2,TX|HHSC|TX_DAHS|102581,HHSC_LICENSE_NUMBER,150069,YES,2026-04-06,2029-04-06,ec962e57112d6600b4deec292eaee5e0620e70b5413eea71d52078a3c4dcba8f
TH-ENRICH-TX-SENIOR-2026-09-30-IDR2,TX|HHSC|TX_DAHS|103034,HHSC_LICENSE_NUMBER,147476,YES,2025-07-09,2028-07-09,ec962e57112d6600b4deec292eaee5e0620e70b5413eea71d52078a3c4dcba8f
TH-ENRICH-TX-SENIOR-2026-09-30-IDR2,TX|HHSC|TX_DAHS|003223,HHSC_LICENSE_NUMBER,149771,YES,2026-07-01,2029-07-01,ec962e57112d6600b4deec292eaee5e0620e70b5413eea71d52078a3c4dcba8f
TH-ENRICH-TX-SENIOR-2026-09-30-IDR2,TX|HHSC|TX_DAHS|102045,HHSC_LICENSE_NUMBER,146254,YES,2025-02-28,2028-02-28,ec962e57112d6600b4deec292eaee5e0620e70b5413eea71d52078a3c4dcba8f
TH-ENRICH-TX-SENIOR-2026-09-30-IDR2,TX|HHSC|TX_DAHS|003057,HHSC_LICENSE_NUMBER,148677,YES,2024-11-01,2027-11-01,ec962e57112d6600b4deec292eaee5e0620e70b5413eea71d52078a3c4dcba8f
TH-ENRICH-TX-SENIOR-2026-09-30-IDR2,TX|HHSC|TX_DAHS|110225,HHSC_LICENSE_NUMBER,311950,YES,2024-04-17,2027-04-17,ec962e57112d6600b4deec292eaee5e0620e70b5413eea71d52078a3c4dcba8f
TH-ENRICH-TX-SENIOR-2026-09-30-IDR2,TX|HHSC|TX_DAHS|104447,HHSC_LICENSE_NUMBER,146003,YES,2023-12-12,2026-12-12,ec962e57112d6600b4deec292eaee5e0620e70b5413eea71d52078a3c4dcba8f
TH-ENRICH-TX-SENIOR-2026-09-30-IDR2,TX|HHSC|TX_DAHS|104478,HHSC_LICENSE_NUMBER,312395,YES,2024-06-01,2027-06-01,ec962e57112d6600b4deec292eaee5e0620e70b5413eea71d52078a3c4dcba8f
TH-ENRICH-TX-SENIOR-2026-09-30-IDR2,TX|HHSC|TX_DAHS|110536,HHSC_LICENSE_NUMBER,308378,YES,2024-09-21,2027-09-21,ec962e57112d6600b4deec292eaee5e0620e70b5413eea71d52078a3c4dcba8f
TH-ENRICH-TX-SENIOR-2026-09-30-IDR2,TX|HHSC|TX_DAHS|110402,HHSC_LICENSE_NUMBER,307998,YES,2023-11-16,2026-11-16,ec962e57112d6600b4deec292eaee5e0620e70b5413eea71d52078a3c4dcba8f
TH-ENRICH-TX-SENIOR-2026-09-30-IDR2,TX|HHSC|TX_DAHS|111804,HHSC_LICENSE_NUMBER,312254,YES,2024-12-18,2027-12-18,ec962e57112d6600b4deec292eaee5e0620e70b5413eea71d52078a3c4dcba8f
TH-ENRICH-TX-SENIOR-2026-09-30-IDR2,TX|HHSC|TX_DAHS|111656,HHSC_LICENSE_NUMBER,311923,YES,2024-05-03,2027-05-03,ec962e57112d6600b4deec292eaee5e0620e70b5413eea71d52078a3c4dcba8f
TH-ENRICH-TX-SENIOR-2026-09-30-IDR2,TX|HHSC|TX_DAHS|111866,HHSC_LICENSE_NUMBER,312160,YES,2024-10-21,2027-10-21,ec962e57112d6600b4deec292eaee5e0620e70b5413eea71d52078a3c4dcba8f
TH-ENRICH-TX-SENIOR-2026-09-30-IDR2,TX|HHSC|TX_DAHS|111290,HHSC_LICENSE_NUMBER,311202,YES,2023-09-19,2026-09-19,ec962e57112d6600b4deec292eaee5e0620e70b5413eea71d52078a3c4dcba8f
TH-ENRICH-TX-SENIOR-2026-09-30-IDR2,TX|HHSC|TX_DAHS|100924,HHSC_LICENSE_NUMBER,147940,YES,2026-03-03,2029-03-03,ec962e57112d6600b4deec292eaee5e0620e70b5413eea71d52078a3c4dcba8f
TH-ENRICH-TX-SENIOR-2026-09-30-IDR2,TX|HHSC|TX_DAHS|110327,HHSC_LICENSE_NUMBER,307803,YES,2026-04-23,2029-04-23,ec962e57112d6600b4deec292eaee5e0620e70b5413eea71d52078a3c4dcba8f
TH-ENRICH-TX-SENIOR-2026-09-30-IDR2,TX|HHSC|TX_DAHS|106777,HHSC_LICENSE_NUMBER,146965,YES,2024-04-06,2027-04-06,ec962e57112d6600b4deec292eaee5e0620e70b5413eea71d52078a3c4dcba8f
TH-ENRICH-TX-SENIOR-2026-09-30-IDR2,TX|HHSC|TX_DAHS|106095,HHSC_LICENSE_NUMBER,147922,YES,2025-08-21,2028-08-21,ec962e57112d6600b4deec292eaee5e0620e70b5413eea71d52078a3c4dcba8f
TH-ENRICH-TX-SENIOR-2026-09-30-IDR2,TX|HHSC|TX_DAHS|102501,HHSC_LICENSE_NUMBER,307773,YES,2025-12-05,2028-12-05,ec962e57112d6600b4deec292eaee5e0620e70b5413eea71d52078a3c4dcba8f
TH-ENRICH-TX-SENIOR-2026-09-30-IDR2,TX|HHSC|TX_DAHS|010238,HHSC_LICENSE_NUMBER,148126,YES,2024-07-09,2027-07-09,ec962e57112d6600b4deec292eaee5e0620e70b5413eea71d52078a3c4dcba8f
TH-ENRICH-TX-SENIOR-2026-09-30-IDR2,TX|HHSC|TX_DAHS|105411,HHSC_LICENSE_NUMBER,150127,YES,2024-02-22,2027-02-22,ec962e57112d6600b4deec292eaee5e0620e70b5413eea71d52078a3c4dcba8f
TH-ENRICH-TX-SENIOR-2026-09-30-IDR2,TX|HHSC|TX_DAHS|111697,HHSC_LICENSE_NUMBER,312046,YES,2024-07-15,2027-07-15,ec962e57112d6600b4deec292eaee5e0620e70b5413eea71d52078a3c4dcba8f
TH-ENRICH-TX-SENIOR-2026-09-30-IDR2,TX|HHSC|TX_DAHS|104991,HHSC_LICENSE_NUMBER,149945,YES,2026-01-12,2029-01-12,ec962e57112d6600b4deec292eaee5e0620e70b5413eea71d52078a3c4dcba8f
TH-ENRICH-TX-SENIOR-2026-09-30-IDR2,TX|HHSC|TX_DAHS|105571,HHSC_LICENSE_NUMBER,149782,YES,2023-11-30,2026-11-30,ec962e57112d6600b4deec292eaee5e0620e70b5413eea71d52078a3c4dcba8f
TH-ENRICH-TX-SENIOR-2026-09-30-IDR2,TX|HHSC|TX_DAHS|101842,HHSC_LICENSE_NUMBER,147097,YES,2024-01-29,2027-01-29,ec962e57112d6600b4deec292eaee5e0620e70b5413eea71d52078a3c4dcba8f
TH-ENRICH-TX-SENIOR-2026-09-30-IDR2,TX|HHSC|TX_DAHS|106399,HHSC_LICENSE_NUMBER,147020,YES,2024-03-09,2027-03-09,ec962e57112d6600b4deec292eaee5e0620e70b5413eea71d52078a3c4dcba8f
TH-ENRICH-TX-SENIOR-2026-09-30-IDR2,TX|HHSC|TX_DAHS|112087,HHSC_LICENSE_NUMBER,312967,YES,2026-03-17,2029-03-17,ec962e57112d6600b4deec292eaee5e0620e70b5413eea71d52078a3c4dcba8f
TH-ENRICH-TX-SENIOR-2026-09-30-IDR2,TX|HHSC|TX_DAHS|107105,HHSC_LICENSE_NUMBER,307557,YES,2024-11-13,2027-11-13,ec962e57112d6600b4deec292eaee5e0620e70b5413eea71d52078a3c4dcba8f
TH-ENRICH-TX-SENIOR-2026-09-30-IDR2,TX|HHSC|TX_DAHS|102356,HHSC_LICENSE_NUMBER,145862,YES,2025-10-11,2028-10-11,ec962e57112d6600b4deec292eaee5e0620e70b5413eea71d52078a3c4dcba8f
TH-ENRICH-TX-SENIOR-2026-09-30-IDR2,TX|HHSC|TX_DAHS|110607,HHSC_LICENSE_NUMBER,308531,YES,2023-03-29,2026-03-29,ec962e57112d6600b4deec292eaee5e0620e70b5413eea71d52078a3c4dcba8f
TH-ENRICH-TX-SENIOR-2026-09-30-IDR2,TX|HHSC|TX_DAHS|112056,HHSC_LICENSE_NUMBER,312870,YES,2026-02-05,2029-02-05,ec962e57112d6600b4deec292eaee5e0620e70b5413eea71d52078a3c4dcba8f
TH-ENRICH-TX-SENIOR-2026-09-30-IDR2,TX|HHSC|TX_DAHS|050718,HHSC_LICENSE_NUMBER,147885,YES,2024-06-27,2027-06-27,ec962e57112d6600b4deec292eaee5e0620e70b5413eea71d52078a3c4dcba8f
TH-ENRICH-TX-SENIOR-2026-09-30-IDR2,TX|HHSC|TX_DAHS|003219,HHSC_LICENSE_NUMBER,149482,YES,2024-10-18,2027-10-18,ec962e57112d6600b4deec292eaee5e0620e70b5413eea71d52078a3c4dcba8f
TH-ENRICH-TX-SENIOR-2026-09-30-IDR2,TX|HHSC|TX_DAHS|112118,HHSC_LICENSE_NUMBER,313043,YES,2026-05-01,2029-05-01,ec962e57112d6600b4deec292eaee5e0620e70b5413eea71d52078a3c4dcba8f
TH-ENRICH-TX-SENIOR-2026-09-30-IDR2,TX|HHSC|TX_DAHS|001409,HHSC_LICENSE_NUMBER,147897,YES,2024-08-01,2027-08-01,ec962e57112d6600b4deec292eaee5e0620e70b5413eea71d52078a3c4dcba8f
TH-ENRICH-TX-SENIOR-2026-09-30-IDR2,TX|HHSC|TX_DAHS|101691,HHSC_LICENSE_NUMBER,148666,YES,2024-12-17,2027-12-17,ec962e57112d6600b4deec292eaee5e0620e70b5413eea71d52078a3c4dcba8f
TH-ENRICH-TX-SENIOR-2026-09-30-IDR2,TX|HHSC|TX_DAHS|104726,HHSC_LICENSE_NUMBER,149858,YES,2025-11-21,2028-11-21,ec962e57112d6600b4deec292eaee5e0620e70b5413eea71d52078a3c4dcba8f
TH-ENRICH-TX-SENIOR-2026-09-30-IDR2,TX|HHSC|TX_DAHS|110346,HHSC_LICENSE_NUMBER,149124,YES,2026-04-06,2029-04-06,ec962e57112d6600b4deec292eaee5e0620e70b5413eea71d52078a3c4dcba8f
TH-ENRICH-TX-SENIOR-2026-09-30-IDR2,TX|HHSC|TX_DAHS|105587,HHSC_LICENSE_NUMBER,148401,YES,2024-10-11,2027-10-11,ec962e57112d6600b4deec292eaee5e0620e70b5413eea71d52078a3c4dcba8f
TH-ENRICH-TX-SENIOR-2026-09-30-IDR2,TX|HHSC|TX_DAHS|110443,HHSC_LICENSE_NUMBER,145839,YES,2026-11-12,2029-11-12,ec962e57112d6600b4deec292eaee5e0620e70b5413eea71d52078a3c4dcba8f
TH-ENRICH-TX-SENIOR-2026-09-30-IDR2,TX|HHSC|TX_DAHS|110155,HHSC_LICENSE_NUMBER,149057,YES,2025-11-10,2028-11-10,ec962e57112d6600b4deec292eaee5e0620e70b5413eea71d52078a3c4dcba8f
TH-ENRICH-TX-SENIOR-2026-09-30-IDR2,TX|HHSC|TX_DAHS|100676,HHSC_LICENSE_NUMBER,147152,YES,2025-11-21,2028-11-21,ec962e57112d6600b4deec292eaee5e0620e70b5413eea71d52078a3c4dcba8f
TH-ENRICH-TX-SENIOR-2026-09-30-IDR2,TX|HHSC|TX_DAHS|101790,HHSC_LICENSE_NUMBER,146577,YES,2024-03-04,2027-03-04,ec962e57112d6600b4deec292eaee5e0620e70b5413eea71d52078a3c4dcba8f
TH-ENRICH-TX-SENIOR-2026-09-30-IDR2,TX|HHSC|TX_DAHS|101902,HHSC_LICENSE_NUMBER,147357,YES,2024-07-08,2027-07-08,ec962e57112d6600b4deec292eaee5e0620e70b5413eea71d52078a3c4dcba8f
TH-ENRICH-TX-SENIOR-2026-09-30-IDR2,TX|HHSC|TX_DAHS|102564,HHSC_LICENSE_NUMBER,147108,YES,2025-05-05,2028-05-05,ec962e57112d6600b4deec292eaee5e0620e70b5413eea71d52078a3c4dcba8f
TH-ENRICH-TX-SENIOR-2026-09-30-IDR2,TX|HHSC|TX_DAHS|103763,HHSC_LICENSE_NUMBER,146750,YES,2024-03-19,2027-03-19,ec962e57112d6600b4deec292eaee5e0620e70b5413eea71d52078a3c4dcba8f
TH-ENRICH-TX-SENIOR-2026-09-30-IDR2,TX|HHSC|TX_DAHS|003459,HHSC_LICENSE_NUMBER,148035,YES,2024-11-01,2027-11-01,ec962e57112d6600b4deec292eaee5e0620e70b5413eea71d52078a3c4dcba8f
TH-ENRICH-TX-SENIOR-2026-09-30-IDR2,TX|HHSC|TX_DAHS|106170,HHSC_LICENSE_NUMBER,148942,YES,2024-11-30,2027-11-30,ec962e57112d6600b4deec292eaee5e0620e70b5413eea71d52078a3c4dcba8f
TH-ENRICH-TX-SENIOR-2026-09-30-IDR2,TX|HHSC|TX_DAHS|111472,HHSC_LICENSE_NUMBER,311464,YES,2026-07-18,2029-07-18,ec962e57112d6600b4deec292eaee5e0620e70b5413eea71d52078a3c4dcba8f
TH-ENRICH-TX-SENIOR-2026-09-30-IDR2,TX|HHSC|TX_DAHS|105912,HHSC_LICENSE_NUMBER,149966,YES,2026-08-13,2029-08-13,ec962e57112d6600b4deec292eaee5e0620e70b5413eea71d52078a3c4dcba8f
TH-ENRICH-TX-SENIOR-2026-09-30-IDR2,TX|HHSC|TX_DAHS|106378,HHSC_LICENSE_NUMBER,149464,YES,2024-12-15,2027-12-15,ec962e57112d6600b4deec292eaee5e0620e70b5413eea71d52078a3c4dcba8f
TH-ENRICH-TX-SENIOR-2026-09-30-IDR2,TX|HHSC|TX_DAHS|101140,HHSC_LICENSE_NUMBER,149722,YES,2026-06-21,2029-06-21,ec962e57112d6600b4deec292eaee5e0620e70b5413eea71d52078a3c4dcba8f
TH-ENRICH-TX-SENIOR-2026-09-30-IDR2,TX|HHSC|TX_DAHS|105517,HHSC_LICENSE_NUMBER,147333,YES,2024-06-19,2027-06-19,ec962e57112d6600b4deec292eaee5e0620e70b5413eea71d52078a3c4dcba8f
TH-ENRICH-TX-SENIOR-2026-09-30-IDR2,TX|HHSC|TX_DAHS|106068,HHSC_LICENSE_NUMBER,307541,YES,2025-12-17,2028-12-17,ec962e57112d6600b4deec292eaee5e0620e70b5413eea71d52078a3c4dcba8f
TH-ENRICH-TX-SENIOR-2026-09-30-IDR2,TX|HHSC|TX_DAHS|111354,HHSC_LICENSE_NUMBER,311295,YES,2026-02-27,2029-02-27,ec962e57112d6600b4deec292eaee5e0620e70b5413eea71d52078a3c4dcba8f
TH-ENRICH-TX-SENIOR-2026-09-30-IDR2,TX|HHSC|TX_DAHS|102237,HHSC_LICENSE_NUMBER,149634,YES,2026-04-10,2029-04-10,ec962e57112d6600b4deec292eaee5e0620e70b5413eea71d52078a3c4dcba8f
TH-ENRICH-TX-SENIOR-2026-09-30-IDR2,TX|HHSC|TX_DAHS|104698,HHSC_LICENSE_NUMBER,312005,YES,2024-03-26,2027-03-26,ec962e57112d6600b4deec292eaee5e0620e70b5413eea71d52078a3c4dcba8f
TH-ENRICH-TX-SENIOR-2026-09-30-IDR2,TX|HHSC|TX_DAHS|100108,HHSC_LICENSE_NUMBER,148420,YES,2023-12-05,2026-12-05,ec962e57112d6600b4deec292eaee5e0620e70b5413eea71d52078a3c4dcba8f
TH-ENRICH-TX-SENIOR-2026-09-30-IDR2,TX|HHSC|TX_DAHS|111351,HHSC_LICENSE_NUMBER,311290,YES,2026-04-12,2029-04-12,ec962e57112d6600b4deec292eaee5e0620e70b5413eea71d52078a3c4dcba8f
TH-ENRICH-TX-SENIOR-2026-09-30-IDR2,TX|HHSC|TX_DAHS|107308,HHSC_LICENSE_NUMBER,307269,YES,2024-11-07,2027-05-02,ec962e57112d6600b4deec292eaee5e0620e70b5413eea71d52078a3c4dcba8f
TH-ENRICH-TX-SENIOR-2026-09-30-IDR2,TX|HHSC|TX_DAHS|111683,HHSC_LICENSE_NUMBER,312004,YES,2024-06-27,2027-06-27,ec962e57112d6600b4deec292eaee5e0620e70b5413eea71d52078a3c4dcba8f
TH-ENRICH-TX-SENIOR-2026-09-30-IDR2,TX|HHSC|TX_DAHS|107068,HHSC_LICENSE_NUMBER,149439,YES,2026-05-01,2029-05-01,ec962e57112d6600b4deec292eaee5e0620e70b5413eea71d52078a3c4dcba8f
TH-ENRICH-TX-SENIOR-2026-09-30-IDR2,TX|HHSC|TX_DAHS|003017,HHSC_LICENSE_NUMBER,146749,YES,2024-02-26,2027-02-26,ec962e57112d6600b4deec292eaee5e0620e70b5413eea71d52078a3c4dcba8f
TH-ENRICH-TX-SENIOR-2026-09-30-IDR2,TX|HHSC|TX_DAHS|111294,HHSC_LICENSE_NUMBER,311207,YES,2023-03-15,2026-03-15,ec962e57112d6600b4deec292eaee5e0620e70b5413eea71d52078a3c4dcba8f
TH-ENRICH-TX-SENIOR-2026-09-30-IDR2,TX|HHSC|TX_DAHS|110783,HHSC_LICENSE_NUMBER,310675,YES,2026-03-01,2029-03-01,ec962e57112d6600b4deec292eaee5e0620e70b5413eea71d52078a3c4dcba8f
TH-ENRICH-TX-SENIOR-2026-09-30-IDR2,TX|HHSC|TX_DAHS|111403,HHSC_LICENSE_NUMBER,311366,YES,2026-04-13,2029-04-13,ec962e57112d6600b4deec292eaee5e0620e70b5413eea71d52078a3c4dcba8f
TH-ENRICH-TX-SENIOR-2026-09-30-IDR2,TX|HHSC|TX_DAHS|110650,HHSC_LICENSE_NUMBER,308684,YES,2025-05-31,2028-05-31,ec962e57112d6600b4deec292eaee5e0620e70b5413eea71d52078a3c4dcba8f
TH-ENRICH-TX-SENIOR-2026-09-30-IDR2,TX|HHSC|TX_DAHS|100536,HHSC_LICENSE_NUMBER,147873,YES,2025-11-30,2028-11-30,ec962e57112d6600b4deec292eaee5e0620e70b5413eea71d52078a3c4dcba8f
TH-ENRICH-TX-SENIOR-2026-09-30-IDR2,TX|HHSC|TX_DAHS|105520,HHSC_LICENSE_NUMBER,148902,YES,2024-10-09,2027-10-09,ec962e57112d6600b4deec292eaee5e0620e70b5413eea71d52078a3c4dcba8f
TH-ENRICH-TX-SENIOR-2026-09-30-IDR2,TX|HHSC|TX_DAHS|111895,HHSC_LICENSE_NUMBER,312487,YES,2025-05-29,2028-05-29,ec962e57112d6600b4deec292eaee5e0620e70b5413eea71d52078a3c4dcba8f
TH-ENRICH-TX-SENIOR-2026-09-30-IDR2,TX|HHSC|TX_DAHS|111013,HHSC_LICENSE_NUMBER,310913,YES,2025-07-15,2028-07-15,ec962e57112d6600b4deec292eaee5e0620e70b5413eea71d52078a3c4dcba8f
TH-ENRICH-TX-SENIOR-2026-09-30-IDR2,TX|HHSC|TX_DAHS|003062,HHSC_LICENSE_NUMBER,148657,YES,2024-07-16,2027-07-16,ec962e57112d6600b4deec292eaee5e0620e70b5413eea71d52078a3c4dcba8f
TH-ENRICH-TX-SENIOR-2026-09-30-IDR2,TX|HHSC|TX_DAHS|111591,HHSC_LICENSE_NUMBER,311697,YES,2023-12-07,2026-12-07,ec962e57112d6600b4deec292eaee5e0620e70b5413eea71d52078a3c4dcba8f
TH-ENRICH-TX-SENIOR-2026-09-30-IDR2,TX|HHSC|TX_DAHS|105691,HHSC_LICENSE_NUMBER,150065,YES,2026-08-07,2029-08-07,ec962e57112d6600b4deec292eaee5e0620e70b5413eea71d52078a3c4dcba8f
TH-ENRICH-TX-SENIOR-2026-09-30-IDR2,TX|HHSC|TX_DAHS|001526,HHSC_LICENSE_NUMBER,147734,YES,2025-07-16,2028-07-16,ec962e57112d6600b4deec292eaee5e0620e70b5413eea71d52078a3c4dcba8f
TH-ENRICH-TX-SENIOR-2026-09-30-IDR2,TX|HHSC|TX_DAHS|111345,HHSC_LICENSE_NUMBER,311277,YES,2026-04-06,2029-04-06,ec962e57112d6600b4deec292eaee5e0620e70b5413eea71d52078a3c4dcba8f
TH-ENRICH-TX-SENIOR-2026-09-30-IDR2,TX|HHSC|TX_DAHS|104977,HHSC_LICENSE_NUMBER,148962,YES,2024-08-06,2027-08-06,ec962e57112d6600b4deec292eaee5e0620e70b5413eea71d52078a3c4dcba8f
TH-ENRICH-TX-SENIOR-2026-09-30-IDR2,TX|HHSC|TX_DAHS|111560,HHSC_LICENSE_NUMBER,311615,YES,2026-09-21,2029-09-21,ec962e57112d6600b4deec292eaee5e0620e70b5413eea71d52078a3c4dcba8f
TH-ENRICH-TX-SENIOR-2026-09-30-IDR2,TX|HHSC|TX_DAHS|105740,HHSC_LICENSE_NUMBER,148527,YES,2026-01-14,2029-01-14,ec962e57112d6600b4deec292eaee5e0620e70b5413eea71d52078a3c4dcba8f
TH-ENRICH-TX-SENIOR-2026-09-30-IDR2,TX|HHSC|TX_DAHS|105628,HHSC_LICENSE_NUMBER,150126,YES,2024-12-15,2027-12-15,ec962e57112d6600b4deec292eaee5e0620e70b5413eea71d52078a3c4dcba8f
TH-ENRICH-TX-SENIOR-2026-09-30-IDR2,TX|HHSC|TX_DAHS|111356,HHSC_LICENSE_NUMBER,311298,YES,2026-04-13,2029-04-13,ec962e57112d6600b4deec292eaee5e0620e70b5413eea71d52078a3c4dcba8f
TH-ENRICH-TX-SENIOR-2026-09-30-IDR2,TX|HHSC|TX_DAHS|111678,HHSC_LICENSE_NUMBER,311990,YES,2025-05-14,2027-09-01,ec962e57112d6600b4deec292eaee5e0620e70b5413eea71d52078a3c4dcba8f
TH-ENRICH-TX-SENIOR-2026-09-30-IDR2,TX|HHSC|TX_DAHS|003319,HHSC_LICENSE_NUMBER,150075,YES,2026-05-21,2029-05-21,ec962e57112d6600b4deec292eaee5e0620e70b5413eea71d52078a3c4dcba8f
TH-ENRICH-TX-SENIOR-2026-09-30-IDR2,TX|HHSC|TX_DAHS|110350,HHSC_LICENSE_NUMBER,307870,YES,2026-06-04,2029-06-04,ec962e57112d6600b4deec292eaee5e0620e70b5413eea71d52078a3c4dcba8f
TH-ENRICH-TX-SENIOR-2026-09-30-IDR2,TX|HHSC|TX_DAHS|105605,HHSC_LICENSE_NUMBER,150086,YES,2025-08-01,2028-08-01,ec962e57112d6600b4deec292eaee5e0620e70b5413eea71d52078a3c4dcba8f
TH-ENRICH-TX-SENIOR-2026-09-30-IDR2,TX|HHSC|TX_DAHS|111521,HHSC_LICENSE_NUMBER,311545,YES,2025-05-16,2026-08-01,ec962e57112d6600b4deec292eaee5e0620e70b5413eea71d52078a3c4dcba8f
TH-ENRICH-TX-SENIOR-2026-09-30-IDR2,TX|HHSC|TX_DAHS|001465,HHSC_LICENSE_NUMBER,308503,YES,2025-01-01,2028-01-01,ec962e57112d6600b4deec292eaee5e0620e70b5413eea71d52078a3c4dcba8f
TH-ENRICH-TX-SENIOR-2026-09-30-IDR2,TX|HHSC|TX_DAHS|111980,HHSC_LICENSE_NUMBER,312639,YES,2025-08-21,2028-08-21,ec962e57112d6600b4deec292eaee5e0620e70b5413eea71d52078a3c4dcba8f
TH-ENRICH-TX-SENIOR-2026-09-30-IDR2,TX|HHSC|TX_DAHS|110354,HHSC_LICENSE_NUMBER,307899,YES,2026-06-10,2029-06-10,ec962e57112d6600b4deec292eaee5e0620e70b5413eea71d52078a3c4dcba8f
TH-ENRICH-TX-SENIOR-2026-09-30-IDR2,TX|HHSC|TX_DAHS|003448,HHSC_LICENSE_NUMBER,147517,YES,2024-06-14,2027-06-14,ec962e57112d6600b4deec292eaee5e0620e70b5413eea71d52078a3c4dcba8f
TH-ENRICH-TX-SENIOR-2026-09-30-IDR2,TX|HHSC|TX_DAHS|111338,HHSC_LICENSE_NUMBER,311269,YES,2026-04-05,2029-04-05,ec962e57112d6600b4deec292eaee5e0620e70b5413eea71d52078a3c4dcba8f
TH-ENRICH-TX-SENIOR-2026-09-30-IDR2,TX|HHSC|TX_DAHS|111553,HHSC_LICENSE_NUMBER,147137,YES,2024-04-13,2027-04-13,ec962e57112d6600b4deec292eaee5e0620e70b5413eea71d52078a3c4dcba8f
TH-ENRICH-TX-SENIOR-2026-09-30-IDR2,TX|HHSC|TX_DAHS|111583,HHSC_LICENSE_NUMBER,311679,YES,2026-11-20,2029-11-20,ec962e57112d6600b4deec292eaee5e0620e70b5413eea71d52078a3c4dcba8f
TH-ENRICH-TX-SENIOR-2026-09-30-IDR2,TX|HHSC|TX_DAHS|111430,HHSC_LICENSE_NUMBER,311403,YES,2023-03-21,2026-03-21,ec962e57112d6600b4deec292eaee5e0620e70b5413eea71d52078a3c4dcba8f
TH-ENRICH-TX-SENIOR-2026-09-30-IDR2,TX|HHSC|TX_DAHS|110586,HHSC_LICENSE_NUMBER,308489,YES,2025-01-18,2028-01-18,ec962e57112d6600b4deec292eaee5e0620e70b5413eea71d52078a3c4dcba8f
TH-ENRICH-TX-SENIOR-2026-09-30-IDR2,TX|HHSC|TX_DAHS|110705,HHSC_LICENSE_NUMBER,310575,YES,2024-02-09,2027-02-09,ec962e57112d6600b4deec292eaee5e0620e70b5413eea71d52078a3c4dcba8f
TH-ENRICH-TX-SENIOR-2026-09-30-IDR2,TX|HHSC|TX_DAHS|105363,HHSC_LICENSE_NUMBER,148773,YES,2024-10-13,2027-10-13,ec962e57112d6600b4deec292eaee5e0620e70b5413eea71d52078a3c4dcba8f
TH-ENRICH-TX-SENIOR-2026-09-30-IDR2,TX|HHSC|TX_DAHS|110397,HHSC_LICENSE_NUMBER,311252,YES,2024-05-05,2027-05-05,ec962e57112d6600b4deec292eaee5e0620e70b5413eea71d52078a3c4dcba8f
TH-ENRICH-TX-SENIOR-2026-09-30-IDR2,TX|HHSC|TX_DAHS|111485,HHSC_LICENSE_NUMBER,311483,YES,2023-06-28,2026-06-28,ec962e57112d6600b4deec292eaee5e0620e70b5413eea71d52078a3c4dcba8f
TH-ENRICH-TX-SENIOR-2026-09-30-IDR2,TX|HHSC|TX_DAHS|112050,HHSC_LICENSE_NUMBER,312855,YES,2026-01-29,2029-01-29,ec962e57112d6600b4deec292eaee5e0620e70b5413eea71d52078a3c4dcba8f
TH-ENRICH-TX-SENIOR-2026-09-30-IDR2,TX|HHSC|TX_DAHS|110395,HHSC_LICENSE_NUMBER,307990,YES,2023-10-21,2026-10-21,ec962e57112d6600b4deec292eaee5e0620e70b5413eea71d52078a3c4dcba8f
TH-ENRICH-TX-SENIOR-2026-09-30-IDR2,TX|HHSC|TX_DAHS|001460,HHSC_LICENSE_NUMBER,147265,YES,2024-05-08,2027-05-08,ec962e57112d6600b4deec292eaee5e0620e70b5413eea71d52078a3c4dcba8f
TH-ENRICH-TX-SENIOR-2026-09-30-IDR2,TX|HHSC|TX_DAHS|112079,HHSC_LICENSE_NUMBER,312931,YES,2026-02-18,2029-02-18,ec962e57112d6600b4deec292eaee5e0620e70b5413eea71d52078a3c4dcba8f
TH-ENRICH-TX-SENIOR-2026-09-30-IDR2,TX|HHSC|TX_DAHS|111888,HHSC_LICENSE_NUMBER,312468,YES,2025-05-22,2028-05-22,ec962e57112d6600b4deec292eaee5e0620e70b5413eea71d52078a3c4dcba8f
TH-ENRICH-TX-SENIOR-2026-09-30-IDR2,TX|HHSC|TX_DAHS|111863,HHSC_LICENSE_NUMBER,312412,YES,2025-04-08,2028-04-08,ec962e57112d6600b4deec292eaee5e0620e70b5413eea71d52078a3c4dcba8f
TH-ENRICH-TX-SENIOR-2026-09-30-IDR2,TX|HHSC|TX_DAHS|102319,HHSC_LICENSE_NUMBER,148514,YES,2024-08-12,2027-08-12,ec962e57112d6600b4deec292eaee5e0620e70b5413eea71d52078a3c4dcba8f
TH-ENRICH-TX-SENIOR-2026-09-30-IDR2,TX|HHSC|TX_DAHS|110587,HHSC_LICENSE_NUMBER,308490,YES,2025-02-24,2028-02-24,ec962e57112d6600b4deec292eaee5e0620e70b5413eea71d52078a3c4dcba8f
TH-ENRICH-TX-SENIOR-2026-09-30-IDR2,TX|HHSC|TX_DAHS|111413,HHSC_LICENSE_NUMBER,311381,YES,2026-05-05,2029-05-05,ec962e57112d6600b4deec292eaee5e0620e70b5413eea71d52078a3c4dcba8f
TH-ENRICH-TX-SENIOR-2026-09-30-IDR2,TX|HHSC|TX_DAHS|111621,HHSC_LICENSE_NUMBER,311813,YES,2024-02-02,2027-02-02,ec962e57112d6600b4deec292eaee5e0620e70b5413eea71d52078a3c4dcba8f
TH-ENRICH-TX-SENIOR-2026-09-30-IDR2,TX|HHSC|TX_DAHS|111545,HHSC_LICENSE_NUMBER,311590,YES,2026-08-31,2029-08-31,ec962e57112d6600b4deec292eaee5e0620e70b5413eea71d52078a3c4dcba8f
TH-ENRICH-TX-SENIOR-2026-09-30-IDR2,TX|HHSC|TX_DAHS|105081,HHSC_LICENSE_NUMBER,307963,YES,2023-04-22,2026-05-30,ec962e57112d6600b4deec292eaee5e0620e70b5413eea71d52078a3c4dcba8f
TH-ENRICH-TX-SENIOR-2026-09-30-IDR2,TX|HHSC|TX_DAHS|112070,HHSC_LICENSE_NUMBER,311254,YES,2026-03-29,2029-03-29,ec962e57112d6600b4deec292eaee5e0620e70b5413eea71d52078a3c4dcba8f
TH-ENRICH-TX-SENIOR-2026-09-30-IDR2,TX|HHSC|TX_DAHS|111318,HHSC_LICENSE_NUMBER,311236,YES,2026-03-24,2029-03-24,ec962e57112d6600b4deec292eaee5e0620e70b5413eea71d52078a3c4dcba8f
TH-ENRICH-TX-SENIOR-2026-09-30-IDR2,TX|HHSC|TX_DAHS|010364,HHSC_LICENSE_NUMBER,145332,YES,2025-09-01,2028-09-01,ec962e57112d6600b4deec292eaee5e0620e70b5413eea71d52078a3c4dcba8f
TH-ENRICH-TX-SENIOR-2026-09-30-IDR2,TX|HHSC|TX_DAHS|111406,HHSC_LICENSE_NUMBER,311371,YES,2026-05-03,2029-05-03,ec962e57112d6600b4deec292eaee5e0620e70b5413eea71d52078a3c4dcba8f
TH-ENRICH-TX-SENIOR-2026-09-30-IDR2,TX|HHSC|TX_DAHS|101804,HHSC_LICENSE_NUMBER,146400,YES,2025-11-14,2028-11-14,ec962e57112d6600b4deec292eaee5e0620e70b5413eea71d52078a3c4dcba8f
TH-ENRICH-TX-SENIOR-2026-09-30-IDR2,TX|HHSC|TX_DAHS|105126,HHSC_LICENSE_NUMBER,147065,YES,2025-10-15,2028-10-15,ec962e57112d6600b4deec292eaee5e0620e70b5413eea71d52078a3c4dcba8f
TH-ENRICH-TX-SENIOR-2026-09-30-IDR2,TX|HHSC|TX_DAHS|111498,HHSC_LICENSE_NUMBER,311503,YES,2026-07-10,2029-07-10,ec962e57112d6600b4deec292eaee5e0620e70b5413eea71d52078a3c4dcba8f
TH-ENRICH-TX-SENIOR-2026-09-30-IDR2,TX|HHSC|TX_DAHS|111322,HHSC_LICENSE_NUMBER,312298,YES,2024-12-27,2027-12-27,ec962e57112d6600b4deec292eaee5e0620e70b5413eea71d52078a3c4dcba8f
TH-ENRICH-TX-SENIOR-2026-09-30-IDR2,TX|HHSC|TX_DAHS|106723,HHSC_LICENSE_NUMBER,146665,YES,2024-02-22,2027-02-22,ec962e57112d6600b4deec292eaee5e0620e70b5413eea71d52078a3c4dcba8f
TH-ENRICH-TX-SENIOR-2026-09-30-IDR2,TX|HHSC|TX_DAHS|104988,HHSC_LICENSE_NUMBER,146058,YES,2023-12-31,2026-12-31,ec962e57112d6600b4deec292eaee5e0620e70b5413eea71d52078a3c4dcba8f
TH-ENRICH-TX-SENIOR-2026-09-30-IDR2,TX|HHSC|TX_DAHS|110543,HHSC_LICENSE_NUMBER,308396,YES,2024-10-06,2027-10-06,ec962e57112d6600b4deec292eaee5e0620e70b5413eea71d52078a3c4dcba8f
TH-ENRICH-TX-SENIOR-2026-09-30-IDR2,TX|HHSC|TX_DAHS|100993,HHSC_LICENSE_NUMBER,146057,YES,2026-07-09,2029-07-09,ec962e57112d6600b4deec292eaee5e0620e70b5413eea71d52078a3c4dcba8f
TH-ENRICH-TX-SENIOR-2026-09-30-IDR2,TX|HHSC|TX_DAHS|111426,HHSC_LICENSE_NUMBER,311398,YES,2026-05-12,2029-05-12,ec962e57112d6600b4deec292eaee5e0620e70b5413eea71d52078a3c4dcba8f
TH-ENRICH-TX-SENIOR-2026-09-30-IDR2,TX|HHSC|TX_DAHS|003343,HHSC_LICENSE_NUMBER,149749,YES,2026-08-05,2029-08-05,ec962e57112d6600b4deec292eaee5e0620e70b5413eea71d52078a3c4dcba8f
TH-ENRICH-TX-SENIOR-2026-09-30-IDR2,TX|HHSC|TX_DAHS|106582,HHSC_LICENSE_NUMBER,150047,YES,2026-08-18,2029-08-18,ec962e57112d6600b4deec292eaee5e0620e70b5413eea71d52078a3c4dcba8f
TH-ENRICH-TX-SENIOR-2026-09-30-IDR2,TX|HHSC|TX_DAHS|003210,HHSC_LICENSE_NUMBER,147971,YES,2024-07-26,2027-07-26,ec962e57112d6600b4deec292eaee5e0620e70b5413eea71d52078a3c4dcba8f
TH-ENRICH-TX-SENIOR-2026-09-30-IDR2,TX|HHSC|TX_DAHS|003052,HHSC_LICENSE_NUMBER,149547,YES,2026-05-09,2029-05-09,ec962e57112d6600b4deec292eaee5e0620e70b5413eea71d52078a3c4dcba8f
TH-ENRICH-TX-SENIOR-2026-09-30-IDR2,TX|HHSC|TX_DAHS|102919,HHSC_LICENSE_NUMBER,149940,YES,2026-06-17,2029-06-17,ec962e57112d6600b4deec292eaee5e0620e70b5413eea71d52078a3c4dcba8f
TH-ENRICH-TX-SENIOR-2026-09-30-IDR2,TX|HHSC|TX_DAHS|102636,HHSC_LICENSE_NUMBER,146084,YES,2023-12-05,2026-12-05,ec962e57112d6600b4deec292eaee5e0620e70b5413eea71d52078a3c4dcba8f
TH-ENRICH-TX-SENIOR-2026-09-30-IDR2,TX|HHSC|TX_DAHS|003270,HHSC_LICENSE_NUMBER,145648,YES,2026-08-11,2029-08-11,ec962e57112d6600b4deec292eaee5e0620e70b5413eea71d52078a3c4dcba8f
TH-ENRICH-TX-SENIOR-2026-09-30-IDR2,TX|HHSC|TX_DAHS|106816,HHSC_LICENSE_NUMBER,148105,YES,2025-09-14,2028-09-14,ec962e57112d6600b4deec292eaee5e0620e70b5413eea71d52078a3c4dcba8f
TH-ENRICH-TX-SENIOR-2026-09-30-IDR2,TX|HHSC|TX_DAHS|003084,HHSC_LICENSE_NUMBER,313307,YES,2026-03-18,2026-06-16,ec962e57112d6600b4deec292eaee5e0620e70b5413eea71d52078a3c4dcba8f
TH-ENRICH-TX-SENIOR-2026-09-30-IDR2,TX|HHSC|TX_DAHS|104735,HHSC_LICENSE_NUMBER,148376,YES,2025-05-12,2028-05-12,ec962e57112d6600b4deec292eaee5e0620e70b5413eea71d52078a3c4dcba8f
TH-ENRICH-TX-SENIOR-2026-09-30-IDR2,TX|HHSC|TX_DAHS|110603,HHSC_LICENSE_NUMBER,145132,YES,2026-12-26,2029-12-26,ec962e57112d6600b4deec292eaee5e0620e70b5413eea71d52078a3c4dcba8f
TH-ENRICH-TX-SENIOR-2026-09-30-IDR2,TX|HHSC|TX_DAHS|106017,HHSC_LICENSE_NUMBER,147132,YES,2024-05-16,2027-05-16,ec962e57112d6600b4deec292eaee5e0620e70b5413eea71d52078a3c4dcba8f
TH-ENRICH-TX-SENIOR-2026-09-30-IDR2,TX|HHSC|TX_DAHS|003295,HHSC_LICENSE_NUMBER,150068,YES,2025-05-01,2028-05-01,ec962e57112d6600b4deec292eaee5e0620e70b5413eea71d52078a3c4dcba8f
TH-ENRICH-TX-SENIOR-2026-09-30-IDR2,TX|HHSC|TX_DAHS|104592,HHSC_LICENSE_NUMBER,146357,YES,2026-11-02,2029-11-02,ec962e57112d6600b4deec292eaee5e0620e70b5413eea71d52078a3c4dcba8f
TH-ENRICH-TX-SENIOR-2026-09-30-IDR2,TX|HHSC|TX_DAHS|003438,HHSC_LICENSE_NUMBER,147789,YES,2024-04-16,2027-04-16,ec962e57112d6600b4deec292eaee5e0620e70b5413eea71d52078a3c4dcba8f
TH-ENRICH-TX-SENIOR-2026-09-30-IDR2,TX|HHSC|TX_DAHS|003355,HHSC_LICENSE_NUMBER,148133,YES,2025-10-01,2028-10-01,ec962e57112d6600b4deec292eaee5e0620e70b5413eea71d52078a3c4dcba8f
TH-ENRICH-TX-SENIOR-2026-09-30-IDR2,TX|HHSC|TX_DAHS|110171,HHSC_LICENSE_NUMBER,312045,YES,2025-12-18,2027-07-01,ec962e57112d6600b4deec292eaee5e0620e70b5413eea71d52078a3c4dcba8f
TH-ENRICH-TX-SENIOR-2026-09-30-IDR2,TX|HHSC|TX_DAHS|110608,HHSC_LICENSE_NUMBER,308539,YES,2025-03-08,2028-03-08,ec962e57112d6600b4deec292eaee5e0620e70b5413eea71d52078a3c4dcba8f
TH-ENRICH-TX-SENIOR-2026-09-30-IDR2,TX|HHSC|TX_DAHS|112177,HHSC_LICENSE_NUMBER,313220,YES,2026-07-24,2027-06-10,ec962e57112d6600b4deec292eaee5e0620e70b5413eea71d52078a3c4dcba8f
TH-ENRICH-TX-SENIOR-2026-09-30-IDR2,TX|HHSC|TX_DAHS|104584,HHSC_LICENSE_NUMBER,145961,YES,2023-11-02,2026-11-02,ec962e57112d6600b4deec292eaee5e0620e70b5413eea71d52078a3c4dcba8f
TH-ENRICH-TX-SENIOR-2026-09-30-IDR2,TX|HHSC|TX_DAHS|104325,HHSC_LICENSE_NUMBER,146245,YES,2026-09-13,2029-09-13,ec962e57112d6600b4deec292eaee5e0620e70b5413eea71d52078a3c4dcba8f
TH-ENRICH-TX-SENIOR-2026-09-30-IDR2,TX|HHSC|TX_DAHS|112116,HHSC_LICENSE_NUMBER,313040,YES,2026-04-28,2029-04-28,ec962e57112d6600b4deec292eaee5e0620e70b5413eea71d52078a3c4dcba8f
TH-ENRICH-TX-SENIOR-2026-09-30-IDR2,TX|HHSC|TX_DAHS|105117,HHSC_LICENSE_NUMBER,147527,YES,2024-03-16,2027-03-16,ec962e57112d6600b4deec292eaee5e0620e70b5413eea71d52078a3c4dcba8f
TH-ENRICH-TX-SENIOR-2026-09-30-IDR2,TX|HHSC|TX_DAHS|101481,HHSC_LICENSE_NUMBER,149752,YES,2023-06-13,2026-06-13,ec962e57112d6600b4deec292eaee5e0620e70b5413eea71d52078a3c4dcba8f
TH-ENRICH-TX-SENIOR-2026-09-30-IDR2,TX|HHSC|TX_DAHS|003404,HHSC_LICENSE_NUMBER,146408,YES,2023-12-30,2026-12-30,ec962e57112d6600b4deec292eaee5e0620e70b5413eea71d52078a3c4dcba8f
TH-ENRICH-TX-SENIOR-2026-09-30-IDR2,TX|HHSC|TX_DAHS|003253,HHSC_LICENSE_NUMBER,147562,YES,2024-09-01,2027-09-01,ec962e57112d6600b4deec292eaee5e0620e70b5413eea71d52078a3c4dcba8f
TH-ENRICH-TX-SENIOR-2026-09-30-IDR2,TX|HHSC|TX_DAHS|101282,HHSC_LICENSE_NUMBER,146509,YES,2026-11-04,2029-11-04,ec962e57112d6600b4deec292eaee5e0620e70b5413eea71d52078a3c4dcba8f
TH-ENRICH-TX-SENIOR-2026-09-30-IDR2,TX|HHSC|TX_DAHS|003369,HHSC_LICENSE_NUMBER,148244,YES,2025-04-08,2027-10-01,ec962e57112d6600b4deec292eaee5e0620e70b5413eea71d52078a3c4dcba8f
TH-ENRICH-TX-SENIOR-2026-09-30-IDR2,TX|HHSC|TX_DAHS|101295,HHSC_LICENSE_NUMBER,146734,YES,2025-03-01,2028-03-01,ec962e57112d6600b4deec292eaee5e0620e70b5413eea71d52078a3c4dcba8f
TH-ENRICH-TX-SENIOR-2026-09-30-IDR2,TX|HHSC|TX_DAHS|111825,HHSC_LICENSE_NUMBER,312316,YES,2025-01-16,2028-01-16,ec962e57112d6600b4deec292eaee5e0620e70b5413eea71d52078a3c4dcba8f
TH-ENRICH-TX-SENIOR-2026-09-30-IDR2,TX|HHSC|TX_DAHS|106974,HHSC_LICENSE_NUMBER,148522,YES,2025-11-27,2028-11-27,ec962e57112d6600b4deec292eaee5e0620e70b5413eea71d52078a3c4dcba8f
TH-ENRICH-TX-SENIOR-2026-09-30-IDR2,TX|HHSC|TX_DAHS|101718,HHSC_LICENSE_NUMBER,146715,YES,2024-03-01,2027-03-01,ec962e57112d6600b4deec292eaee5e0620e70b5413eea71d52078a3c4dcba8f
TH-ENRICH-TX-SENIOR-2026-09-30-IDR2,TX|HHSC|TX_DAHS|111943,HHSC_LICENSE_NUMBER,312576,YES,2025-08-13,2028-08-13,ec962e57112d6600b4deec292eaee5e0620e70b5413eea71d52078a3c4dcba8f
TH-ENRICH-TX-SENIOR-2026-09-30-IDR2,TX|HHSC|TX_DAHS|111850,HHSC_LICENSE_NUMBER,312377,YES,2024-12-22,2027-12-22,ec962e57112d6600b4deec292eaee5e0620e70b5413eea71d52078a3c4dcba8f
TH-ENRICH-TX-SENIOR-2026-09-30-IDR2,TX|HHSC|TX_DAHS|110540,HHSC_LICENSE_NUMBER,145895,YES,2026-09-09,2029-09-09,ec962e57112d6600b4deec292eaee5e0620e70b5413eea71d52078a3c4dcba8f
TH-ENRICH-TX-SENIOR-2026-09-30-IDR2,TX|HHSC|TX_DAHS|003312,HHSC_LICENSE_NUMBER,148502,YES,2024-05-03,2027-05-03,ec962e57112d6600b4deec292eaee5e0620e70b5413eea71d52078a3c4dcba8f
TH-ENRICH-TX-SENIOR-2026-09-30-IDR2,TX|HHSC|TX_DAHS|111615,HHSC_LICENSE_NUMBER,311798,YES,2026-09-01,2029-09-01,ec962e57112d6600b4deec292eaee5e0620e70b5413eea71d52078a3c4dcba8f
TH-ENRICH-TX-SENIOR-2026-09-30-IDR2,TX|HHSC|TX_DAHS|003251,HHSC_LICENSE_NUMBER,146063,YES,2023-10-24,2026-10-24,ec962e57112d6600b4deec292eaee5e0620e70b5413eea71d52078a3c4dcba8f
TH-ENRICH-TX-SENIOR-2026-09-30-IDR2,TX|HHSC|TX_DAHS|112159,HHSC_LICENSE_NUMBER,313182,YES,2026-07-01,2029-07-01,ec962e57112d6600b4deec292eaee5e0620e70b5413eea71d52078a3c4dcba8f
TH-ENRICH-TX-SENIOR-2026-09-30-IDR2,TX|HHSC|TX_DAHS|010361,HHSC_LICENSE_NUMBER,150183,YES,2026-08-01,2029-08-01,ec962e57112d6600b4deec292eaee5e0620e70b5413eea71d52078a3c4dcba8f
TH-ENRICH-TX-SENIOR-2026-09-30-IDR2,TX|HHSC|TX_DAHS|111599,HHSC_LICENSE_NUMBER,311711,YES,2024-06-26,2027-06-26,ec962e57112d6600b4deec292eaee5e0620e70b5413eea71d52078a3c4dcba8f
TH-ENRICH-TX-SENIOR-2026-09-30-IDR2,TX|HHSC|TX_DAHS|103248,HHSC_LICENSE_NUMBER,147981,YES,2024-08-14,2027-08-14,ec962e57112d6600b4deec292eaee5e0620e70b5413eea71d52078a3c4dcba8f
TH-ENRICH-TX-SENIOR-2026-09-30-IDR2,TX|HHSC|TX_DAHS|111955,HHSC_LICENSE_NUMBER,312598,YES,2025-08-11,2027-05-29,ec962e57112d6600b4deec292eaee5e0620e70b5413eea71d52078a3c4dcba8f
TH-ENRICH-TX-SENIOR-2026-09-30-IDR2,TX|HHSC|TX_DAHS|003425,HHSC_LICENSE_NUMBER,147870,YES,2025-09-30,2028-09-30,ec962e57112d6600b4deec292eaee5e0620e70b5413eea71d52078a3c4dcba8f
TH-ENRICH-TX-SENIOR-2026-09-30-IDR2,TX|HHSC|TX_DAHS|111340,HHSC_LICENSE_NUMBER,311271,YES,2026-08-21,2029-08-21,ec962e57112d6600b4deec292eaee5e0620e70b5413eea71d52078a3c4dcba8f
TH-ENRICH-TX-SENIOR-2026-09-30-IDR2,TX|HHSC|TX_DAHS|103562,HHSC_LICENSE_NUMBER,146041,YES,2026-09-24,2029-09-24,ec962e57112d6600b4deec292eaee5e0620e70b5413eea71d52078a3c4dcba8f
TH-ENRICH-TX-SENIOR-2026-09-30-IDR2,TX|HHSC|TX_DAHS|102157,HHSC_LICENSE_NUMBER,149597,YES,2026-05-16,2029-05-16,ec962e57112d6600b4deec292eaee5e0620e70b5413eea71d52078a3c4dcba8f
TH-ENRICH-TX-SENIOR-2026-09-30-IDR2,TX|HHSC|TX_DAHS|111971,HHSC_LICENSE_NUMBER,312627,YES,2026-03-31,2029-03-31,ec962e57112d6600b4deec292eaee5e0620e70b5413eea71d52078a3c4dcba8f
TH-ENRICH-TX-SENIOR-2026-09-30-IDR2,TX|HHSC|TX_DAHS|003066,HHSC_LICENSE_NUMBER,146528,YES,2026-12-23,2029-12-23,ec962e57112d6600b4deec292eaee5e0620e70b5413eea71d52078a3c4dcba8f
TH-ENRICH-TX-SENIOR-2026-09-30-IDR2,TX|HHSC|TX_DAHS|102854,HHSC_LICENSE_NUMBER,145884,YES,2026-09-03,2029-11-29,ec962e57112d6600b4deec292eaee5e0620e70b5413eea71d52078a3c4dcba8f
TH-ENRICH-TX-SENIOR-2026-09-30-IDR2,TX|HHSC|TX_DAHS|112076,HHSC_LICENSE_NUMBER,312918,YES,2026-03-03,2028-09-01,ec962e57112d6600b4deec292eaee5e0620e70b5413eea71d52078a3c4dcba8f
TH-ENRICH-TX-SENIOR-2026-09-30-IDR2,TX|HHSC|TX_DAHS|111986,HHSC_LICENSE_NUMBER,312655,YES,2026-05-04,2029-05-04,ec962e57112d6600b4deec292eaee5e0620e70b5413eea71d52078a3c4dcba8f
TH-ENRICH-TX-SENIOR-2026-09-30-IDR2,TX|HHSC|TX_DAHS|104829,HHSC_LICENSE_NUMBER,148456,YES,2024-08-12,2027-08-12,ec962e57112d6600b4deec292eaee5e0620e70b5413eea71d52078a3c4dcba8f
TH-ENRICH-TX-SENIOR-2026-09-30-IDR2,TX|HHSC|TX_DAHS|112161,HHSC_LICENSE_NUMBER,313186,YES,2026-05-21,2027-04-07,ec962e57112d6600b4deec292eaee5e0620e70b5413eea71d52078a3c4dcba8f
TH-ENRICH-TX-SENIOR-2026-09-30-IDR2,TX|HHSC|TX_DAHS|104462,HHSC_LICENSE_NUMBER,145748,YES,2026-09-15,2029-09-15,ec962e57112d6600b4deec292eaee5e0620e70b5413eea71d52078a3c4dcba8f
TH-ENRICH-TX-SENIOR-2026-09-30-IDR2,TX|HHSC|TX_DAHS|104377,HHSC_LICENSE_NUMBER,145647,YES,2026-10-14,2029-10-14,ec962e57112d6600b4deec292eaee5e0620e70b5413eea71d52078a3c4dcba8f
TH-ENRICH-TX-SENIOR-2026-09-30-IDR2,TX|HHSC|TX_DAHS|110259,HHSC_LICENSE_NUMBER,308359,YES,2026-12-01,2029-12-01,ec962e57112d6600b4deec292eaee5e0620e70b5413eea71d52078a3c4dcba8f
TH-ENRICH-TX-SENIOR-2026-09-30-IDR2,TX|HHSC|TX_DAHS|111496,HHSC_LICENSE_NUMBER,311500,YES,2026-06-29,2029-06-29,ec962e57112d6600b4deec292eaee5e0620e70b5413eea71d52078a3c4dcba8f
TH-ENRICH-TX-SENIOR-2026-09-30-IDR2,TX|HHSC|TX_DAHS|102142,HHSC_LICENSE_NUMBER,145054,YES,2026-07-01,2029-07-01,ec962e57112d6600b4deec292eaee5e0620e70b5413eea71d52078a3c4dcba8f
TH-ENRICH-TX-SENIOR-2026-09-30-IDR2,TX|HHSC|TX_DAHS|001535,HHSC_LICENSE_NUMBER,150109,YES,2026-03-01,2029-03-01,ec962e57112d6600b4deec292eaee5e0620e70b5413eea71d52078a3c4dcba8f
TH-ENRICH-TX-SENIOR-2026-09-30-IDR2,TX|HHSC|TX_DAHS|103689,HHSC_LICENSE_NUMBER,146927,YES,2026-11-30,2029-11-30,ec962e57112d6600b4deec292eaee5e0620e70b5413eea71d52078a3c4dcba8f
TH-ENRICH-TX-SENIOR-2026-09-30-IDR2,TX|HHSC|TX_DAHS|105879,HHSC_LICENSE_NUMBER,145568,YES,2026-06-25,2029-06-25,ec962e57112d6600b4deec292eaee5e0620e70b5413eea71d52078a3c4dcba8f
TH-ENRICH-TX-SENIOR-2026-09-30-IDR2,TX|HHSC|TX_DAHS|111990,HHSC_LICENSE_NUMBER,312667,YES,2025-09-26,2028-09-26,ec962e57112d6600b4deec292eaee5e0620e70b5413eea71d52078a3c4dcba8f
TH-ENRICH-TX-SENIOR-2026-09-30-IDR2,TX|HHSC|TX_DAHS|103568,HHSC_LICENSE_NUMBER,150084,YES,2026-05-20,2029-05-20,ec962e57112d6600b4deec292eaee5e0620e70b5413eea71d52078a3c4dcba8f
TH-ENRICH-TX-SENIOR-2026-09-30-IDR2,TX|HHSC|TX_DAHS|103144,HHSC_LICENSE_NUMBER,148373,YES,2021-02-26,2024-02-26,ec962e57112d6600b4deec292eaee5e0620e70b5413eea71d52078a3c4dcba8f
TH-ENRICH-TX-SENIOR-2026-09-30-IDR2,TX|HHSC|TX_DAHS|110584,HHSC_LICENSE_NUMBER,308486,YES,2024-12-23,2027-12-23,ec962e57112d6600b4deec292eaee5e0620e70b5413eea71d52078a3c4dcba8f
TH-ENRICH-TX-SENIOR-2026-09-30-IDR2,TX|HHSC|TX_DAHS|112025,HHSC_LICENSE_NUMBER,312811,YES,2025-07-01,2028-07-01,ec962e57112d6600b4deec292eaee5e0620e70b5413eea71d52078a3c4dcba8f
TH-ENRICH-TX-SENIOR-2026-09-30-IDR2,TX|HHSC|TX_DAHS|111325,HHSC_LICENSE_NUMBER,145544,YES,2026-08-04,2029-08-04,ec962e57112d6600b4deec292eaee5e0620e70b5413eea71d52078a3c4dcba8f
TH-ENRICH-TX-SENIOR-2026-09-30-IDR2,TX|HHSC|TX_DAHS|104974,HHSC_LICENSE_NUMBER,148694,YES,2025-11-28,2028-11-28,ec962e57112d6600b4deec292eaee5e0620e70b5413eea71d52078a3c4dcba8f
TH-ENRICH-TX-SENIOR-2026-09-30-IDR2,TX|HHSC|TX_DAHS|106951,HHSC_LICENSE_NUMBER,148726,YES,2026-01-04,2029-01-04,ec962e57112d6600b4deec292eaee5e0620e70b5413eea71d52078a3c4dcba8f
TH-ENRICH-TX-SENIOR-2026-09-30-IDR2,TX|HHSC|TX_DAHS|003071,HHSC_LICENSE_NUMBER,148987,YES,2024-12-18,2027-12-18,ec962e57112d6600b4deec292eaee5e0620e70b5413eea71d52078a3c4dcba8f
TH-ENRICH-TX-SENIOR-2026-09-30-IDR2,TX|HHSC|TX_DAHS|104426,HHSC_LICENSE_NUMBER,146192,YES,2024-01-17,2027-01-17,ec962e57112d6600b4deec292eaee5e0620e70b5413eea71d52078a3c4dcba8f
TH-ENRICH-TX-SENIOR-2026-09-30-IDR2,TX|HHSC|TX_DAHS|102175,HHSC_LICENSE_NUMBER,313063,YES,2026-02-26,2029-02-26,ec962e57112d6600b4deec292eaee5e0620e70b5413eea71d52078a3c4dcba8f
TH-ENRICH-TX-SENIOR-2026-09-30-IDR2,TX|HHSC|TX_DAHS|103489,HHSC_LICENSE_NUMBER,312970,YES,2026-03-31,2029-03-31,ec962e57112d6600b4deec292eaee5e0620e70b5413eea71d52078a3c4dcba8f
TH-ENRICH-TX-SENIOR-2026-09-30-IDR2,TX|HHSC|TX_DAHS|112195,HHSC_LICENSE_NUMBER,313248,YES,2026-08-10,2027-07-07,ec962e57112d6600b4deec292eaee5e0620e70b5413eea71d52078a3c4dcba8f
TH-ENRICH-TX-SENIOR-2026-09-30-IDR2,TX|HHSC|TX_DAHS|111631,HHSC_LICENSE_NUMBER,311860,YES,2025-05-01,2028-05-01,ec962e57112d6600b4deec292eaee5e0620e70b5413eea71d52078a3c4dcba8f
TH-ENRICH-TX-SENIOR-2026-09-30-IDR2,TX|HHSC|TX_DAHS|104617,HHSC_LICENSE_NUMBER,146070,YES,2023-12-15,2026-12-15,ec962e57112d6600b4deec292eaee5e0620e70b5413eea71d52078a3c4dcba8f
TH-ENRICH-TX-SENIOR-2026-09-30-IDR2,TX|HHSC|TX_DAHS|110419,HHSC_LICENSE_NUMBER,150193,YES,2026-08-01,2029-08-01,ec962e57112d6600b4deec292eaee5e0620e70b5413eea71d52078a3c4dcba8f
TH-ENRICH-TX-SENIOR-2026-09-30-IDR2,TX|HHSC|TX_DAHS|104482,HHSC_LICENSE_NUMBER,146884,YES,2024-02-21,2027-02-21,ec962e57112d6600b4deec292eaee5e0620e70b5413eea71d52078a3c4dcba8f
TH-ENRICH-TX-SENIOR-2026-09-30-IDR2,TX|HHSC|TX_DAHS|110213,HHSC_LICENSE_NUMBER,307472,YES,2025-06-28,2028-06-28,ec962e57112d6600b4deec292eaee5e0620e70b5413eea71d52078a3c4dcba8f
TH-ENRICH-TX-SENIOR-2026-09-30-IDR2,TX|HHSC|TX_DAHS|101106,HHSC_LICENSE_NUMBER,148559,YES,2026-01-01,2029-01-01,ec962e57112d6600b4deec292eaee5e0620e70b5413eea71d52078a3c4dcba8f
TH-ENRICH-TX-SENIOR-2026-09-30-IDR2,TX|HHSC|TX_DAHS|050703,HHSC_LICENSE_NUMBER,149943,YES,2026-05-01,2029-05-01,ec962e57112d6600b4deec292eaee5e0620e70b5413eea71d52078a3c4dcba8f
TH-ENRICH-TX-SENIOR-2026-09-30-IDR2,TX|HHSC|TX_DAHS|105292,HHSC_LICENSE_NUMBER,150106,YES,2023-09-26,2026-09-26,ec962e57112d6600b4deec292eaee5e0620e70b5413eea71d52078a3c4dcba8f
TH-ENRICH-TX-SENIOR-2026-09-30-IDR2,TX|HHSC|TX_DAHS|111928,HHSC_LICENSE_NUMBER,312550,YES,2025-06-24,2027-11-16,ec962e57112d6600b4deec292eaee5e0620e70b5413eea71d52078a3c4dcba8f
TH-ENRICH-TX-SENIOR-2026-09-30-IDR2,TX|HHSC|TX_DAHS|102772,HHSC_LICENSE_NUMBER,145865,YES,2026-10-12,2029-10-12,ec962e57112d6600b4deec292eaee5e0620e70b5413eea71d52078a3c4dcba8f
TH-ENRICH-TX-SENIOR-2026-09-30-IDR2,TX|HHSC|TX_DAHS|003046,HHSC_LICENSE_NUMBER,147986,YES,2026-10-01,2029-10-01,ec962e57112d6600b4deec292eaee5e0620e70b5413eea71d52078a3c4dcba8f
TH-ENRICH-TX-SENIOR-2026-09-30-IDR2,TX|HHSC|TX_DAHS|111614,HHSC_LICENSE_NUMBER,311796,YES,2024-01-05,2026-11-01,ec962e57112d6600b4deec292eaee5e0620e70b5413eea71d52078a3c4dcba8f
TH-ENRICH-TX-SENIOR-2026-09-30-IDR2,TX|HHSC|TX_DAHS|110686,HHSC_LICENSE_NUMBER,309421,YES,2024-10-25,2027-10-25,ec962e57112d6600b4deec292eaee5e0620e70b5413eea71d52078a3c4dcba8f
TH-ENRICH-TX-SENIOR-2026-09-30-IDR2,TX|HHSC|TX_DAHS|112046,HHSC_LICENSE_NUMBER,312850,YES,2025-05-28,2028-05-28,ec962e57112d6600b4deec292eaee5e0620e70b5413eea71d52078a3c4dcba8f
TH-ENRICH-TX-SENIOR-2026-09-30-IDR2,TX|HHSC|TX_DAHS|104720,HHSC_LICENSE_NUMBER,147550,YES,2024-03-10,2027-03-10,ec962e57112d6600b4deec292eaee5e0620e70b5413eea71d52078a3c4dcba8f
TH-ENRICH-TX-SENIOR-2026-09-30-IDR2,TX|HHSC|TX_DAHS|003051,HHSC_LICENSE_NUMBER,145911,YES,2026-10-01,2029-10-01,ec962e57112d6600b4deec292eaee5e0620e70b5413eea71d52078a3c4dcba8f
TH-ENRICH-TX-SENIOR-2026-09-30-IDR2,TX|HHSC|TX_DAHS|111616,HHSC_LICENSE_NUMBER,311800,YES,2026-04-18,2029-04-18,ec962e57112d6600b4deec292eaee5e0620e70b5413eea71d52078a3c4dcba8f
TH-ENRICH-TX-SENIOR-2026-09-30-IDR2,TX|HHSC|TX_DAHS|103614,HHSC_LICENSE_NUMBER,148122,YES,2025-04-01,2028-04-01,ec962e57112d6600b4deec292eaee5e0620e70b5413eea71d52078a3c4dcba8f
TH-ENRICH-TX-SENIOR-2026-09-30-IDR2,TX|HHSC|TX_DAHS|111693,HHSC_LICENSE_NUMBER,312033,YES,2024-07-15,2027-07-15,ec962e57112d6600b4deec292eaee5e0620e70b5413eea71d52078a3c4dcba8f
TH-ENRICH-TX-SENIOR-2026-09-30-IDR2,TX|HHSC|TX_DAHS|104522,HHSC_LICENSE_NUMBER,145388,YES,2026-09-16,2029-09-16,ec962e57112d6600b4deec292eaee5e0620e70b5413eea71d52078a3c4dcba8f
TH-ENRICH-TX-SENIOR-2026-09-30-IDR2,TX|HHSC|TX_DAHS|003326,HHSC_LICENSE_NUMBER,147899,YES,2025-09-01,2028-09-01,ec962e57112d6600b4deec292eaee5e0620e70b5413eea71d52078a3c4dcba8f
TH-ENRICH-TX-SENIOR-2026-09-30-IDR2,TX|HHSC|TX_DAHS|101368,HHSC_LICENSE_NUMBER,146066,YES,2026-08-15,2029-08-15,ec962e57112d6600b4deec292eaee5e0620e70b5413eea71d52078a3c4dcba8f
TH-ENRICH-TX-SENIOR-2026-09-30-IDR2,TX|HHSC|TX_DAHS|103947,HHSC_LICENSE_NUMBER,149903,YES,2026-07-28,2029-07-28,ec962e57112d6600b4deec292eaee5e0620e70b5413eea71d52078a3c4dcba8f
TH-ENRICH-TX-SENIOR-2026-09-30-IDR2,TX|HHSC|TX_DAHS|102900,HHSC_LICENSE_NUMBER,147549,YES,2024-04-05,2027-04-05,ec962e57112d6600b4deec292eaee5e0620e70b5413eea71d52078a3c4dcba8f
TH-ENRICH-TX-SENIOR-2026-09-30-IDR2,TX|HHSC|TX_DAHS|003014,HHSC_LICENSE_NUMBER,149698,YES,2026-05-21,2029-05-21,ec962e57112d6600b4deec292eaee5e0620e70b5413eea71d52078a3c4dcba8f
TH-ENRICH-TX-SENIOR-2026-09-30-IDR2,TX|HHSC|TX_DAHS|110414,HHSC_LICENSE_NUMBER,146993,YES,2025-05-25,2028-05-25,ec962e57112d6600b4deec292eaee5e0620e70b5413eea71d52078a3c4dcba8f
TH-ENRICH-TX-SENIOR-2026-09-30-IDR2,TX|HHSC|TX_DAHS|101952,HHSC_LICENSE_NUMBER,146645,YES,2024-02-04,2027-02-04,ec962e57112d6600b4deec292eaee5e0620e70b5413eea71d52078a3c4dcba8f
TH-ENRICH-TX-SENIOR-2026-09-30-IDR2,TX|HHSC|TX_DAHS|003403,HHSC_LICENSE_NUMBER,148561,YES,2026-01-08,2029-01-08,ec962e57112d6600b4deec292eaee5e0620e70b5413eea71d52078a3c4dcba8f
TH-ENRICH-TX-SENIOR-2026-09-30-IDR2,TX|HHSC|TX_DAHS|102104,HHSC_LICENSE_NUMBER,148640,YES,2025-10-01,2028-10-01,ec962e57112d6600b4deec292eaee5e0620e70b5413eea71d52078a3c4dcba8f
TH-ENRICH-TX-SENIOR-2026-09-30-IDR2,TX|HHSC|TX_DAHS|103129,HHSC_LICENSE_NUMBER,149919,YES,2026-08-03,2029-08-03,ec962e57112d6600b4deec292eaee5e0620e70b5413eea71d52078a3c4dcba8f
TH-ENRICH-TX-SENIOR-2026-09-30-IDR2,TX|HHSC|TX_DAHS|101966,HHSC_LICENSE_NUMBER,148788,YES,2025-11-29,2028-11-29,ec962e57112d6600b4deec292eaee5e0620e70b5413eea71d52078a3c4dcba8f
TH-ENRICH-TX-SENIOR-2026-09-30-IDR2,TX|HHSC|TX_DAHS|105306,HHSC_LICENSE_NUMBER,145444,YES,2025-09-25,2028-09-25,ec962e57112d6600b4deec292eaee5e0620e70b5413eea71d52078a3c4dcba8f
TH-ENRICH-TX-SENIOR-2026-09-30-IDR2,TX|HHSC|TX_DAHS|111754,HHSC_LICENSE_NUMBER,312129,YES,2024-09-20,2027-09-20,ec962e57112d6600b4deec292eaee5e0620e70b5413eea71d52078a3c4dcba8f
TH-ENRICH-TX-SENIOR-2026-09-30-IDR2,TX|HHSC|TX_DAHS|050557,HHSC_LICENSE_NUMBER,149430,YES,2026-06-01,2029-06-01,ec962e57112d6600b4deec292eaee5e0620e70b5413eea71d52078a3c4dcba8f
TH-ENRICH-TX-SENIOR-2026-09-30-IDR2,TX|HHSC|TX_DAHS|102855,HHSC_LICENSE_NUMBER,148893,YES,2025-12-29,2028-12-29,ec962e57112d6600b4deec292eaee5e0620e70b5413eea71d52078a3c4dcba8f
TH-ENRICH-TX-SENIOR-2026-09-30-IDR2,TX|HHSC|TX_DAHS|102178,HHSC_LICENSE_NUMBER,147105,YES,2024-03-31,2027-03-31,ec962e57112d6600b4deec292eaee5e0620e70b5413eea71d52078a3c4dcba8f
TH-ENRICH-TX-SENIOR-2026-09-30-IDR2,TX|HHSC|TX_DAHS|003334,HHSC_LICENSE_NUMBER,145858,YES,2023-10-09,2026-10-09,ec962e57112d6600b4deec292eaee5e0620e70b5413eea71d52078a3c4dcba8f
TH-ENRICH-TX-SENIOR-2026-09-30-IDR2,TX|HHSC|TX_DAHS|112004,HHSC_LICENSE_NUMBER,312720,YES,2025-10-14,2028-10-14,ec962e57112d6600b4deec292eaee5e0620e70b5413eea71d52078a3c4dcba8f
TH-ENRICH-TX-SENIOR-2026-09-30-IDR2,TX|HHSC|TX_DAHS|102195,HHSC_LICENSE_NUMBER,149604,YES,2025-09-01,2028-09-01,ec962e57112d6600b4deec292eaee5e0620e70b5413eea71d52078a3c4dcba8f
TH-ENRICH-TX-SENIOR-2026-09-30-IDR2,TX|HHSC|TX_DAHS|100185,HHSC_LICENSE_NUMBER,149637,YES,2025-03-31,2028-03-31,ec962e57112d6600b4deec292eaee5e0620e70b5413eea71d52078a3c4dcba8f
TH-ENRICH-TX-SENIOR-2026-09-30-IDR2,TX|HHSC|TX_DAHS|111651,HHSC_LICENSE_NUMBER,311703,YES,2025-02-17,2028-02-17,ec962e57112d6600b4deec292eaee5e0620e70b5413eea71d52078a3c4dcba8f
TH-ENRICH-TX-SENIOR-2026-09-30-IDR2,TX|HHSC|TX_DAHS|105103,HHSC_LICENSE_NUMBER,149319,YES,2026-07-29,2029-07-29,ec962e57112d6600b4deec292eaee5e0620e70b5413eea71d52078a3c4dcba8f
TH-ENRICH-TX-SENIOR-2026-09-30-IDR2,TX|HHSC|TX_DAHS|103453,HHSC_LICENSE_NUMBER,145603,YES,2026-08-13,2029-08-13,ec962e57112d6600b4deec292eaee5e0620e70b5413eea71d52078a3c4dcba8f
TH-ENRICH-TX-SENIOR-2026-09-30-IDR2,TX|HHSC|TX_DAHS|003467,HHSC_LICENSE_NUMBER,146231,YES,2026-10-30,2029-10-30,ec962e57112d6600b4deec292eaee5e0620e70b5413eea71d52078a3c4dcba8f
TH-ENRICH-TX-SENIOR-2026-09-30-IDR2,TX|HHSC|TX_DAHS|102804,HHSC_LICENSE_NUMBER,147959,YES,2025-05-01,2028-05-01,ec962e57112d6600b4deec292eaee5e0620e70b5413eea71d52078a3c4dcba8f
TH-ENRICH-TX-SENIOR-2026-09-30-IDR2,TX|HHSC|TX_DAHS|102012,HHSC_LICENSE_NUMBER,146664,YES,2023-12-15,2026-12-15,ec962e57112d6600b4deec292eaee5e0620e70b5413eea71d52078a3c4dcba8f
TH-ENRICH-TX-SENIOR-2026-09-30-IDR2,TX|HHSC|TX_DAHS|003055,HHSC_LICENSE_NUMBER,148575,YES,2025-11-17,2028-11-17,ec962e57112d6600b4deec292eaee5e0620e70b5413eea71d52078a3c4dcba8f
TH-ENRICH-TX-SENIOR-2026-09-30-IDR2,TX|HHSC|TX_DAHS|110173,HHSC_LICENSE_NUMBER,148943,YES,2026-02-28,2029-02-28,ec962e57112d6600b4deec292eaee5e0620e70b5413eea71d52078a3c4dcba8f
TH-ENRICH-TX-SENIOR-2026-09-30-IDR2,TX|HHSC|TX_DAHS|111439,HHSC_LICENSE_NUMBER,307895,YES,2026-01-30,2029-01-30,ec962e57112d6600b4deec292eaee5e0620e70b5413eea71d52078a3c4dcba8f
TH-ENRICH-TX-SENIOR-2026-09-30-IDR2,TX|HHSC|TX_DAHS|102543,HHSC_LICENSE_NUMBER,145875,YES,2023-11-12,2026-11-12,ec962e57112d6600b4deec292eaee5e0620e70b5413eea71d52078a3c4dcba8f
TH-ENRICH-TX-SENIOR-2026-09-30-IDR2,TX|HHSC|TX_DAHS|003399,HHSC_LICENSE_NUMBER,147784,YES,2024-06-01,2027-06-01,ec962e57112d6600b4deec292eaee5e0620e70b5413eea71d52078a3c4dcba8f
TH-ENRICH-TX-SENIOR-2026-09-30-IDR2,TX|HHSC|TX_DAHS|110345,HHSC_LICENSE_NUMBER,307862,YES,2026-05-29,2029-05-29,ec962e57112d6600b4deec292eaee5e0620e70b5413eea71d52078a3c4dcba8f
TH-ENRICH-TX-SENIOR-2026-09-30-IDR2,TX|HHSC|TX_DAHS|101513,HHSC_LICENSE_NUMBER,150185,YES,2024-09-22,2027-09-22,ec962e57112d6600b4deec292eaee5e0620e70b5413eea71d52078a3c4dcba8f
TH-ENRICH-TX-SENIOR-2026-09-30-IDR2,TX|HHSC|TX_DAHS|003340,HHSC_LICENSE_NUMBER,147138,YES,2024-04-19,2027-04-19,ec962e57112d6600b4deec292eaee5e0620e70b5413eea71d52078a3c4dcba8f
TH-ENRICH-TX-SENIOR-2026-09-30-IDR2,TX|HHSC|TX_DAHS|100679,HHSC_LICENSE_NUMBER,146585,YES,2026-09-22,2029-09-22,ec962e57112d6600b4deec292eaee5e0620e70b5413eea71d52078a3c4dcba8f
TH-ENRICH-TX-SENIOR-2026-09-30-IDR2,TX|HHSC|TX_DAHS|003224,HHSC_LICENSE_NUMBER,147023,YES,2025-06-09,2028-06-09,ec962e57112d6600b4deec292eaee5e0620e70b5413eea71d52078a3c4dcba8f
TH-ENRICH-TX-SENIOR-2026-09-30-IDR2,TX|HHSC|TX_DAHS|102665,HHSC_LICENSE_NUMBER,149926,YES,2026-07-25,2029-07-25,ec962e57112d6600b4deec292eaee5e0620e70b5413eea71d52078a3c4dcba8f
TH-ENRICH-TX-SENIOR-2026-09-30-IDR2,TX|HHSC|TX_DAHS|103949,HHSC_LICENSE_NUMBER,147941,YES,2024-07-01,2027-07-01,ec962e57112d6600b4deec292eaee5e0620e70b5413eea71d52078a3c4dcba8f
TH-ENRICH-TX-SENIOR-2026-09-30-IDR2,TX|HHSC|TX_DAHS|105043,HHSC_LICENSE_NUMBER,147358,YES,2024-04-01,2027-04-01,ec962e57112d6600b4deec292eaee5e0620e70b5413eea71d52078a3c4dcba8f
TH-ENRICH-TX-SENIOR-2026-09-30-IDR2,TX|HHSC|TX_DAHS|003321,HHSC_LICENSE_NUMBER,150230,YES,2026-03-20,2029-03-20,ec962e57112d6600b4deec292eaee5e0620e70b5413eea71d52078a3c4dcba8f
TH-ENRICH-TX-SENIOR-2026-09-30-IDR2,TX|HHSC|TX_DAHS|105855,HHSC_LICENSE_NUMBER,149572,YES,2026-04-17,2029-04-17,ec962e57112d6600b4deec292eaee5e0620e70b5413eea71d52078a3c4dcba8f
TH-ENRICH-TX-SENIOR-2026-09-30-IDR2,TX|HHSC|TX_DAHS|103667,HHSC_LICENSE_NUMBER,146467,YES,2024-01-24,2027-01-24,ec962e57112d6600b4deec292eaee5e0620e70b5413eea71d52078a3c4dcba8f
TH-ENRICH-TX-SENIOR-2026-09-30-IDR2,TX|HHSC|TX_DAHS|003218,HHSC_LICENSE_NUMBER,145365,YES,2026-09-13,2029-09-13,ec962e57112d6600b4deec292eaee5e0620e70b5413eea71d52078a3c4dcba8f
TH-ENRICH-TX-SENIOR-2026-09-30-IDR2,TX|HHSC|TX_DAHS|107242,HHSC_LICENSE_NUMBER,307096,YES,2026-11-05,2029-11-05,ec962e57112d6600b4deec292eaee5e0620e70b5413eea71d52078a3c4dcba8f
TH-ENRICH-TX-SENIOR-2026-09-30-IDR2,TX|HHSC|TX_DAHS|111564,HHSC_LICENSE_NUMBER,311637,YES,2026-10-06,2029-10-06,ec962e57112d6600b4deec292eaee5e0620e70b5413eea71d52078a3c4dcba8f
TH-ENRICH-TX-SENIOR-2026-09-30-IDR2,TX|HHSC|TX_DAHS|111359,HHSC_LICENSE_NUMBER,311309,YES,2026-04-14,2029-04-14,ec962e57112d6600b4deec292eaee5e0620e70b5413eea71d52078a3c4dcba8f
TH-ENRICH-TX-SENIOR-2026-09-30-IDR2,TX|HHSC|TX_DAHS|101770,HHSC_LICENSE_NUMBER,146824,YES,2024-01-11,2027-01-11,ec962e57112d6600b4deec292eaee5e0620e70b5413eea71d52078a3c4dcba8f
TH-ENRICH-TX-SENIOR-2026-09-30-IDR2,TX|HHSC|TX_DAHS|111367,HHSC_LICENSE_NUMBER,311320,YES,2026-04-19,2029-04-19,ec962e57112d6600b4deec292eaee5e0620e70b5413eea71d52078a3c4dcba8f
TH-ENRICH-TX-SENIOR-2026-09-30-IDR2,TX|HHSC|TX_DAHS|104610,HHSC_LICENSE_NUMBER,146782,YES,2024-03-15,2027-03-15,ec962e57112d6600b4deec292eaee5e0620e70b5413eea71d52078a3c4dcba8f
TH-ENRICH-TX-SENIOR-2026-09-30-IDR2,TX|HHSC|TX_DAHS|111388,HHSC_LICENSE_NUMBER,311347,YES,2026-04-27,2029-04-27,ec962e57112d6600b4deec292eaee5e0620e70b5413eea71d52078a3c4dcba8f
TH-ENRICH-TX-SENIOR-2026-09-30-IDR2,TX|HHSC|TX_DAHS|104074,HHSC_LICENSE_NUMBER,149452,YES,2025-04-02,2028-04-02,ec962e57112d6600b4deec292eaee5e0620e70b5413eea71d52078a3c4dcba8f
TH-ENRICH-TX-SENIOR-2026-09-30-IDR2,TX|HHSC|TX_DAHS|105498,HHSC_LICENSE_NUMBER,148980,YES,2024-09-09,2027-09-09,ec962e57112d6600b4deec292eaee5e0620e70b5413eea71d52078a3c4dcba8f
TH-ENRICH-TX-SENIOR-2026-09-30-IDR2,TX|HHSC|TX_DAHS|102162,HHSC_LICENSE_NUMBER,147064,YES,2024-07-30,2027-07-30,ec962e57112d6600b4deec292eaee5e0620e70b5413eea71d52078a3c4dcba8f
TH-ENRICH-TX-SENIOR-2026-09-30-IDR2,TX|HHSC|TX_DAHS|102472,HHSC_LICENSE_NUMBER,147026,YES,2024-04-04,2027-04-04,ec962e57112d6600b4deec292eaee5e0620e70b5413eea71d52078a3c4dcba8f
TH-ENRICH-TX-SENIOR-2026-09-30-IDR2,TX|HHSC|TX_DAHS|003040,HHSC_LICENSE_NUMBER,146100,YES,2024-08-30,2026-12-22,ec962e57112d6600b4deec292eaee5e0620e70b5413eea71d52078a3c4dcba8f
TH-ENRICH-TX-SENIOR-2026-09-30-IDR2,TX|HHSC|TX_DAHS|003318,HHSC_LICENSE_NUMBER,147783,YES,2024-09-30,2027-09-30,ec962e57112d6600b4deec292eaee5e0620e70b5413eea71d52078a3c4dcba8f
TH-ENRICH-TX-SENIOR-2026-09-30-IDR2,TX|HHSC|TX_DAHS|110330,HHSC_LICENSE_NUMBER,307052,YES,2026-08-15,2029-08-15,ec962e57112d6600b4deec292eaee5e0620e70b5413eea71d52078a3c4dcba8f
TH-ENRICH-TX-SENIOR-2026-09-30-IDR2,TX|HHSC|TX_DAHS|003354,HHSC_LICENSE_NUMBER,146713,YES,2025-01-01,2028-01-01,ec962e57112d6600b4deec292eaee5e0620e70b5413eea71d52078a3c4dcba8f
TH-ENRICH-TX-SENIOR-2026-09-30-IDR2,TX|HHSC|TX_DAHS|105260,HHSC_LICENSE_NUMBER,149431,YES,2026-02-25,2029-02-25,ec962e57112d6600b4deec292eaee5e0620e70b5413eea71d52078a3c4dcba8f
TH-ENRICH-TX-SENIOR-2026-09-30-IDR2,TX|HHSC|TX_DAHS|101850,HHSC_LICENSE_NUMBER,146851,YES,2024-03-26,2027-03-26,ec962e57112d6600b4deec292eaee5e0620e70b5413eea71d52078a3c4dcba8f
TH-ENRICH-TX-SENIOR-2026-09-30-IDR2,TX|HHSC|TX_DAHS|111387,HHSC_LICENSE_NUMBER,311346,YES,2023-04-27,2026-04-27,ec962e57112d6600b4deec292eaee5e0620e70b5413eea71d52078a3c4dcba8f
TH-ENRICH-TX-SENIOR-2026-09-30-IDR2,TX|HHSC|TX_DAHS|102627,HHSC_LICENSE_NUMBER,149110,YES,2024-12-30,2027-12-30,ec962e57112d6600b4deec292eaee5e0620e70b5413eea71d52078a3c4dcba8f
TH-ENRICH-TX-SENIOR-2026-09-30-IDR2,TX|HHSC|TX_DAHS|003308,HHSC_LICENSE_NUMBER,146644,YES,2024-03-01,2027-03-01,ec962e57112d6600b4deec292eaee5e0620e70b5413eea71d52078a3c4dcba8f
TH-ENRICH-TX-SENIOR-2026-09-30-IDR2,TX|HHSC|TX_DAHS|111799,HHSC_LICENSE_NUMBER,312247,YES,2024-11-01,2027-11-01,ec962e57112d6600b4deec292eaee5e0620e70b5413eea71d52078a3c4dcba8f
TH-ENRICH-TX-SENIOR-2026-09-30-IDR2,TX|HHSC|TX_DAHS|104786,HHSC_LICENSE_NUMBER,147992,YES,2025-08-03,2028-08-03,ec962e57112d6600b4deec292eaee5e0620e70b5413eea71d52078a3c4dcba8f
TH-ENRICH-TX-SENIOR-2026-09-30-IDR2,TX|HHSC|TX_DAHS|111315,HHSC_LICENSE_NUMBER,311231,YES,2026-03-24,2029-03-24,ec962e57112d6600b4deec292eaee5e0620e70b5413eea71d52078a3c4dcba8f
TH-ENRICH-TX-SENIOR-2026-09-30-IDR2,TX|HHSC|TX_DAHS|111394,HHSC_LICENSE_NUMBER,311355,YES,2026-04-28,2029-04-28,ec962e57112d6600b4deec292eaee5e0620e70b5413eea71d52078a3c4dcba8f
TH-ENRICH-TX-SENIOR-2026-09-30-IDR2,TX|HHSC|TX_DAHS|103575,HHSC_LICENSE_NUMBER,145798,YES,2026-10-01,2029-10-01,ec962e57112d6600b4deec292eaee5e0620e70b5413eea71d52078a3c4dcba8f
TH-ENRICH-TX-SENIOR-2026-09-30-IDR2,TX|HHSC|TX_DAHS|111707,HHSC_LICENSE_NUMBER,312070,YES,2026-10-01,2029-10-01,ec962e57112d6600b4deec292eaee5e0620e70b5413eea71d52078a3c4dcba8f
TH-ENRICH-TX-SENIOR-2026-09-30-IDR2,TX|HHSC|TX_DAHS|110201,HHSC_LICENSE_NUMBER,150172,YES,2026-05-01,2029-05-01,ec962e57112d6600b4deec292eaee5e0620e70b5413eea71d52078a3c4dcba8f
TH-ENRICH-TX-SENIOR-2026-09-30-IDR2,TX|HHSC|TX_DAHS|103658,HHSC_LICENSE_NUMBER,145983,YES,2023-12-05,2026-12-05,ec962e57112d6600b4deec292eaee5e0620e70b5413eea71d52078a3c4dcba8f
TH-ENRICH-TX-SENIOR-2026-09-30-IDR2,TX|HHSC|TX_DAHS|110152,HHSC_LICENSE_NUMBER,307331,YES,2024-06-10,2027-06-10,ec962e57112d6600b4deec292eaee5e0620e70b5413eea71d52078a3c4dcba8f
TH-ENRICH-TX-SENIOR-2026-09-30-IDR2,TX|HHSC|TX_DAHS|110383,HHSC_LICENSE_NUMBER,307969,YES,2026-06-30,2026-11-25,ec962e57112d6600b4deec292eaee5e0620e70b5413eea71d52078a3c4dcba8f
TH-ENRICH-TX-SENIOR-2026-09-30-IDR2,TX|HHSC|TX_DAHS|103651,HHSC_LICENSE_NUMBER,149113,YES,2024-05-17,2027-05-17,ec962e57112d6600b4deec292eaee5e0620e70b5413eea71d52078a3c4dcba8f
TH-ENRICH-TX-SENIOR-2026-09-30-IDR2,TX|HHSC|TX_DAHS|104662,HHSC_LICENSE_NUMBER,146248,YES,2025-06-01,2028-06-01,ec962e57112d6600b4deec292eaee5e0620e70b5413eea71d52078a3c4dcba8f
TH-ENRICH-TX-SENIOR-2026-09-30-IDR2,TX|HHSC|TX_DAHS|105066,HHSC_LICENSE_NUMBER,149758,YES,2025-01-26,2028-01-26,ec962e57112d6600b4deec292eaee5e0620e70b5413eea71d52078a3c4dcba8f
TH-ENRICH-TX-SENIOR-2026-09-30-IDR2,TX|HHSC|TX_DAHS|106828,HHSC_LICENSE_NUMBER,147543,YES,2024-06-28,2027-06-28,ec962e57112d6600b4deec292eaee5e0620e70b5413eea71d52078a3c4dcba8f
TH-ENRICH-TX-SENIOR-2026-09-30-IDR2,TX|HHSC|TX_DAHS|100103,HHSC_LICENSE_NUMBER,150219,YES,2023-08-16,2026-08-16,ec962e57112d6600b4deec292eaee5e0620e70b5413eea71d52078a3c4dcba8f
TH-ENRICH-TX-SENIOR-2026-09-30-IDR2,TX|HHSC|TX_DAHS|102776,HHSC_LICENSE_NUMBER,147056,YES,2025-01-26,2028-01-26,ec962e57112d6600b4deec292eaee5e0620e70b5413eea71d52078a3c4dcba8f
TH-ENRICH-TX-SENIOR-2026-09-30-IDR2,TX|HHSC|TX_DAHS|104037,HHSC_LICENSE_NUMBER,148570,YES,2026-01-24,2029-01-24,ec962e57112d6600b4deec292eaee5e0620e70b5413eea71d52078a3c4dcba8f
TH-ENRICH-TX-SENIOR-2026-09-30-IDR2,TX|HHSC|TX_DAHS|003384,HHSC_LICENSE_NUMBER,147831,YES,2025-07-01,2028-07-01,ec962e57112d6600b4deec292eaee5e0620e70b5413eea71d52078a3c4dcba8f
TH-ENRICH-TX-SENIOR-2026-09-30-IDR2,TX|HHSC|TX_DAHS|104562,HHSC_LICENSE_NUMBER,148095,YES,2024-07-21,2027-07-21,ec962e57112d6600b4deec292eaee5e0620e70b5413eea71d52078a3c4dcba8f
TH-ENRICH-TX-SENIOR-2026-09-30-IDR2,TX|HHSC|TX_DAHS|111647,HHSC_LICENSE_NUMBER,311898,YES,2024-04-09,2027-04-09,ec962e57112d6600b4deec292eaee5e0620e70b5413eea71d52078a3c4dcba8f
TH-ENRICH-TX-SENIOR-2026-09-30-IDR2,TX|HHSC|TX_DAHS|106793,HHSC_LICENSE_NUMBER,147364,YES,2024-06-06,2027-06-06,ec962e57112d6600b4deec292eaee5e0620e70b5413eea71d52078a3c4dcba8f
TH-ENRICH-TX-SENIOR-2026-09-30-IDR2,TX|HHSC|TX_DAHS|003036,HHSC_LICENSE_NUMBER,147591,YES,2025-02-17,2028-02-17,ec962e57112d6600b4deec292eaee5e0620e70b5413eea71d52078a3c4dcba8f
TH-ENRICH-TX-SENIOR-2026-09-30-IDR2,TX|HHSC|TX_DAHS|111628,HHSC_LICENSE_NUMBER,311854,YES,2024-03-11,2027-03-11,ec962e57112d6600b4deec292eaee5e0620e70b5413eea71d52078a3c4dcba8f
TH-ENRICH-TX-SENIOR-2026-09-30-IDR2,TX|HHSC|TX_DAHS|111618,HHSC_LICENSE_NUMBER,311809,YES,2024-02-14,2027-02-14,ec962e57112d6600b4deec292eaee5e0620e70b5413eea71d52078a3c4dcba8f
TH-ENRICH-TX-SENIOR-2026-09-30-IDR2,TX|HHSC|TX_DAHS|111704,HHSC_LICENSE_NUMBER,312058,YES,2024-08-19,2027-08-19,ec962e57112d6600b4deec292eaee5e0620e70b5413eea71d52078a3c4dcba8f
TH-ENRICH-TX-SENIOR-2026-09-30-IDR2,TX|HHSC|TX_DAHS|111559,HHSC_LICENSE_NUMBER,145158,YES,2026-05-24,2029-05-24,ec962e57112d6600b4deec292eaee5e0620e70b5413eea71d52078a3c4dcba8f
TH-ENRICH-TX-SENIOR-2026-09-30-IDR2,TX|HHSC|TX_DAHS|103576,HHSC_LICENSE_NUMBER,313004,YES,2026-04-08,2029-04-08,ec962e57112d6600b4deec292eaee5e0620e70b5413eea71d52078a3c4dcba8f
TH-ENRICH-TX-SENIOR-2026-09-30-IDR2,TX|HHSC|TX_DAHS|106430,HHSC_LICENSE_NUMBER,313230,YES,2026-09-01,2029-09-01,ec962e57112d6600b4deec292eaee5e0620e70b5413eea71d52078a3c4dcba8f
TH-ENRICH-TX-SENIOR-2026-09-30-IDR2,TX|HHSC|TX_DAHS|111910,HHSC_LICENSE_NUMBER,312521,YES,2025-06-12,2028-06-12,ec962e57112d6600b4deec292eaee5e0620e70b5413eea71d52078a3c4dcba8f
TH-ENRICH-TX-SENIOR-2026-09-30-IDR2,TX|HHSC|TX_DAHS|111807,HHSC_LICENSE_NUMBER,312261,YES,2024-12-16,2026-12-01,ec962e57112d6600b4deec292eaee5e0620e70b5413eea71d52078a3c4dcba8f
TH-ENRICH-TX-SENIOR-2026-09-30-IDR2,TX|HHSC|TX_DAHS|110994,HHSC_LICENSE_NUMBER,308760,YES,2025-08-24,2028-08-24,ec962e57112d6600b4deec292eaee5e0620e70b5413eea71d52078a3c4dcba8f
TH-ENRICH-TX-SENIOR-2026-09-30-IDR2,TX|HHSC|TX_DAHS|102668,HHSC_LICENSE_NUMBER,146121,YES,2023-11-08,2026-11-08,ec962e57112d6600b4deec292eaee5e0620e70b5413eea71d52078a3c4dcba8f
TH-ENRICH-TX-SENIOR-2026-09-30-IDR2,TX|HHSC|TX_DAHS|111818,HHSC_LICENSE_NUMBER,312299,YES,2025-01-15,2028-01-15,ec962e57112d6600b4deec292eaee5e0620e70b5413eea71d52078a3c4dcba8f
TH-ENRICH-TX-SENIOR-2026-09-30-IDR2,TX|HHSC|TX_DAHS|003242,HHSC_LICENSE_NUMBER,145607,YES,2023-10-11,2026-10-11,ec962e57112d6600b4deec292eaee5e0620e70b5413eea71d52078a3c4dcba8f
TH-ENRICH-TX-SENIOR-2026-09-30-IDR2,TX|HHSC|TX_DAHS|001539,HHSC_LICENSE_NUMBER,148888,YES,2024-12-31,2027-12-31,ec962e57112d6600b4deec292eaee5e0620e70b5413eea71d52078a3c4dcba8f
TH-ENRICH-TX-SENIOR-2026-09-30-IDR2,TX|HHSC|TX_DAHS|110199,HHSC_LICENSE_NUMBER,149376,YES,2024-06-05,2027-06-05,ec962e57112d6600b4deec292eaee5e0620e70b5413eea71d52078a3c4dcba8f
TH-ENRICH-TX-SENIOR-2026-09-30-IDR2,TX|HHSC|TX_DAHS|105201,HHSC_LICENSE_NUMBER,145538,YES,2026-07-10,2029-07-10,ec962e57112d6600b4deec292eaee5e0620e70b5413eea71d52078a3c4dcba8f
TH-ENRICH-TX-SENIOR-2026-09-30-IDR2,TX|HHSC|TX_DAHS|103150,HHSC_LICENSE_NUMBER,149765,YES,2024-12-02,2027-12-02,ec962e57112d6600b4deec292eaee5e0620e70b5413eea71d52078a3c4dcba8f
TH-ENRICH-TX-SENIOR-2026-09-30-IDR2,TX|HHSC|TX_DAHS|010221,HHSC_LICENSE_NUMBER,146747,YES,2024-04-15,2027-04-15,ec962e57112d6600b4deec292eaee5e0620e70b5413eea71d52078a3c4dcba8f
TH-ENRICH-TX-SENIOR-2026-09-30-IDR2,TX|HHSC|TX_DAHS|111456,HHSC_LICENSE_NUMBER,311446,YES,2026-08-02,2029-08-02,ec962e57112d6600b4deec292eaee5e0620e70b5413eea71d52078a3c4dcba8f
TH-ENRICH-TX-SENIOR-2026-09-30-IDR2,TX|HHSC|TX_DAHS|003419,HHSC_LICENSE_NUMBER,149928,YES,2026-07-26,2029-07-26,ec962e57112d6600b4deec292eaee5e0620e70b5413eea71d52078a3c4dcba8f
TH-ENRICH-TX-SENIOR-2026-09-30-IDR2,TX|HHSC|TX_DAHS|003288,HHSC_LICENSE_NUMBER,149711,YES,2026-02-22,2029-02-22,ec962e57112d6600b4deec292eaee5e0620e70b5413eea71d52078a3c4dcba8f
TH-ENRICH-TX-SENIOR-2026-09-30-IDR2,TX|HHSC|TX_DAHS|104252,HHSC_LICENSE_NUMBER,149910,YES,2026-03-23,2029-03-23,ec962e57112d6600b4deec292eaee5e0620e70b5413eea71d52078a3c4dcba8f
TH-ENRICH-TX-SENIOR-2026-09-30-IDR2,TX|HHSC|TX_DAHS|104640,HHSC_LICENSE_NUMBER,144290,YES,2022-11-01,2025-11-01,ec962e57112d6600b4deec292eaee5e0620e70b5413eea71d52078a3c4dcba8f
TH-ENRICH-TX-SENIOR-2026-09-30-IDR2,TX|HHSC|TX_DAHS_ISS_ONLY|110784,HHSC_LICENSE_NUMBER,310676,YES,2024-06-21,2027-06-21,1de6e81addd37ea016be4c2cdbd50a08648f2348c694ef0e4d9eee0eee1bd381
TH-ENRICH-TX-SENIOR-2026-09-30-IDR2,TX|HHSC|TX_DAHS_ISS_ONLY|111010,HHSC_LICENSE_NUMBER,310910,YES,2026-02-15,2029-02-15,1de6e81addd37ea016be4c2cdbd50a08648f2348c694ef0e4d9eee0eee1bd381
TH-ENRICH-TX-SENIOR-2026-09-30-IDR2,TX|HHSC|TX_DAHS_ISS_ONLY|110753,HHSC_LICENSE_NUMBER,310635,YES,2026-01-18,2029-01-18,1de6e81addd37ea016be4c2cdbd50a08648f2348c694ef0e4d9eee0eee1bd381
TH-ENRICH-TX-SENIOR-2026-09-30-IDR2,TX|HHSC|TX_DAHS_ISS_ONLY|110953,HHSC_LICENSE_NUMBER,310854,YES,2025-02-13,2028-02-13,1de6e81addd37ea016be4c2cdbd50a08648f2348c694ef0e4d9eee0eee1bd381
TH-ENRICH-TX-SENIOR-2026-09-30-IDR2,TX|HHSC|TX_DAHS_ISS_ONLY|111992,HHSC_LICENSE_NUMBER,312672,YES,2025-10-08,2028-10-08,1de6e81addd37ea016be4c2cdbd50a08648f2348c694ef0e4d9eee0eee1bd381
TH-ENRICH-TX-SENIOR-2026-09-30-IDR2,TX|HHSC|TX_DAHS_ISS_ONLY|111117,HHSC_LICENSE_NUMBER,311019,YES,2024-02-24,2027-02-24,1de6e81addd37ea016be4c2cdbd50a08648f2348c694ef0e4d9eee0eee1bd381
TH-ENRICH-TX-SENIOR-2026-09-30-IDR2,TX|HHSC|TX_DAHS_ISS_ONLY|111084,HHSC_LICENSE_NUMBER,310986,YES,2024-02-05,2027-02-05,1de6e81addd37ea016be4c2cdbd50a08648f2348c694ef0e4d9eee0eee1bd381
TH-ENRICH-TX-SENIOR-2026-09-30-IDR2,TX|HHSC|TX_DAHS_ISS_ONLY|112211,HHSC_LICENSE_NUMBER,313292,YES,2026-09-15,2027-03-14,1de6e81addd37ea016be4c2cdbd50a08648f2348c694ef0e4d9eee0eee1bd381
TH-ENRICH-TX-SENIOR-2026-09-30-IDR2,TX|HHSC|TX_DAHS_ISS_ONLY|112120,HHSC_LICENSE_NUMBER,313050,YES,2026-05-05,2029-05-05,1de6e81addd37ea016be4c2cdbd50a08648f2348c694ef0e4d9eee0eee1bd381
TH-ENRICH-TX-SENIOR-2026-09-30-IDR2,TX|HHSC|TX_DAHS_ISS_ONLY|111126,HHSC_LICENSE_NUMBER,311028,YES,2025-02-26,2028-02-26,1de6e81addd37ea016be4c2cdbd50a08648f2348c694ef0e4d9eee0eee1bd381
TH-ENRICH-TX-SENIOR-2026-09-30-IDR2,TX|HHSC|TX_DAHS_ISS_ONLY|111527,HHSC_LICENSE_NUMBER,311565,YES,2023-08-15,2026-08-15,1de6e81addd37ea016be4c2cdbd50a08648f2348c694ef0e4d9eee0eee1bd381
TH-ENRICH-TX-SENIOR-2026-09-30-IDR2,TX|HHSC|TX_DAHS_ISS_ONLY|110881,HHSC_LICENSE_NUMBER,310780,YES,2025-02-07,2028-02-07,1de6e81addd37ea016be4c2cdbd50a08648f2348c694ef0e4d9eee0eee1bd381
TH-ENRICH-TX-SENIOR-2026-09-30-IDR2,TX|HHSC|TX_DAHS_ISS_ONLY|111622,HHSC_LICENSE_NUMBER,311817,YES,2026-02-08,2029-02-08,1de6e81addd37ea016be4c2cdbd50a08648f2348c694ef0e4d9eee0eee1bd381
TH-ENRICH-TX-SENIOR-2026-09-30-IDR2,TX|HHSC|TX_DAHS_ISS_ONLY|111011,HHSC_LICENSE_NUMBER,310911,YES,2026-02-15,2029-02-15,1de6e81addd37ea016be4c2cdbd50a08648f2348c694ef0e4d9eee0eee1bd381
TH-ENRICH-TX-SENIOR-2026-09-30-IDR2,TX|HHSC|TX_DAHS_ISS_ONLY|110876,HHSC_LICENSE_NUMBER,310773,YES,2026-02-28,2029-02-28,1de6e81addd37ea016be4c2cdbd50a08648f2348c694ef0e4d9eee0eee1bd381
TH-ENRICH-TX-SENIOR-2026-09-30-IDR2,TX|HHSC|TX_DAHS_ISS_ONLY|110773,HHSC_LICENSE_NUMBER,310661,YES,2025-01-23,2028-01-23,1de6e81addd37ea016be4c2cdbd50a08648f2348c694ef0e4d9eee0eee1bd381
TH-ENRICH-TX-SENIOR-2026-09-30-IDR2,TX|HHSC|TX_DAHS_ISS_ONLY|112071,HHSC_LICENSE_NUMBER,312903,YES,2026-03-03,2029-03-03,1de6e81addd37ea016be4c2cdbd50a08648f2348c694ef0e4d9eee0eee1bd381
TH-ENRICH-TX-SENIOR-2026-09-30-IDR2,TX|HHSC|TX_DAHS_ISS_ONLY|111191,HHSC_LICENSE_NUMBER,311095,YES,2024-03-01,2027-03-01,1de6e81addd37ea016be4c2cdbd50a08648f2348c694ef0e4d9eee0eee1bd381
TH-ENRICH-TX-SENIOR-2026-09-30-IDR2,TX|HHSC|TX_DAHS_ISS_ONLY|112204,HHSC_LICENSE_NUMBER,313274,YES,2026-09-09,2027-03-08,1de6e81addd37ea016be4c2cdbd50a08648f2348c694ef0e4d9eee0eee1bd381
TH-ENRICH-TX-SENIOR-2026-09-30-IDR2,TX|HHSC|TX_DAHS_ISS_ONLY|111922,HHSC_LICENSE_NUMBER,312543,YES,2025-07-15,2027-07-15,1de6e81addd37ea016be4c2cdbd50a08648f2348c694ef0e4d9eee0eee1bd381
TH-ENRICH-TX-SENIOR-2026-09-30-IDR2,TX|HHSC|TX_DAHS_ISS_ONLY|110781,HHSC_LICENSE_NUMBER,310673,YES,2025-10-27,2028-01-24,1de6e81addd37ea016be4c2cdbd50a08648f2348c694ef0e4d9eee0eee1bd381
TH-ENRICH-TX-SENIOR-2026-09-30-IDR2,TX|HHSC|TX_DAHS_ISS_ONLY|110857,HHSC_LICENSE_NUMBER,310754,YES,2025-02-03,2028-02-03,1de6e81addd37ea016be4c2cdbd50a08648f2348c694ef0e4d9eee0eee1bd381
TH-ENRICH-TX-SENIOR-2026-09-30-IDR2,TX|HHSC|TX_DAHS_ISS_ONLY|111007,HHSC_LICENSE_NUMBER,310907,YES,2026-02-15,2029-02-15,1de6e81addd37ea016be4c2cdbd50a08648f2348c694ef0e4d9eee0eee1bd381
TH-ENRICH-TX-SENIOR-2026-09-30-IDR2,TX|HHSC|TX_DAHS_ISS_ONLY|112064,HHSC_LICENSE_NUMBER,312886,YES,2026-02-23,2026-12-01,1de6e81addd37ea016be4c2cdbd50a08648f2348c694ef0e4d9eee0eee1bd381
TH-ENRICH-TX-SENIOR-2026-09-30-IDR2,TX|HHSC|TX_DAHS_ISS_ONLY|111721,HHSC_LICENSE_NUMBER,312089,YES,2024-09-12,2027-09-12,1de6e81addd37ea016be4c2cdbd50a08648f2348c694ef0e4d9eee0eee1bd381
TH-ENRICH-TX-SENIOR-2026-09-30-IDR2,TX|HHSC|TX_DAHS_ISS_ONLY|112127,HHSC_LICENSE_NUMBER,313061,YES,2026-05-13,2026-12-03,1de6e81addd37ea016be4c2cdbd50a08648f2348c694ef0e4d9eee0eee1bd381
TH-ENRICH-TX-SENIOR-2026-09-30-IDR2,TX|HHSC|TX_DAHS_ISS_ONLY|111515,HHSC_LICENSE_NUMBER,311534,YES,2023-07-27,2026-10-05,1de6e81addd37ea016be4c2cdbd50a08648f2348c694ef0e4d9eee0eee1bd381
TH-ENRICH-TX-SENIOR-2026-09-30-IDR2,TX|HHSC|TX_DAHS_ISS_ONLY|110921,HHSC_LICENSE_NUMBER,310820,YES,2024-02-09,2027-02-09,1de6e81addd37ea016be4c2cdbd50a08648f2348c694ef0e4d9eee0eee1bd381
TH-ENRICH-TX-SENIOR-2026-09-30-IDR2,TX|HHSC|TX_DAHS_ISS_ONLY|110832,HHSC_LICENSE_NUMBER,310728,YES,2025-02-01,2028-02-01,1de6e81addd37ea016be4c2cdbd50a08648f2348c694ef0e4d9eee0eee1bd381
TH-ENRICH-TX-SENIOR-2026-09-30-IDR2,TX|HHSC|TX_DAHS_ISS_ONLY|111452,HHSC_LICENSE_NUMBER,311441,YES,2025-06-01,2028-06-01,1de6e81addd37ea016be4c2cdbd50a08648f2348c694ef0e4d9eee0eee1bd381
TH-ENRICH-TX-SENIOR-2026-09-30-IDR2,TX|HHSC|TX_DAHS_ISS_ONLY|111162,HHSC_LICENSE_NUMBER,311066,YES,2024-08-15,2026-10-05,1de6e81addd37ea016be4c2cdbd50a08648f2348c694ef0e4d9eee0eee1bd381
TH-ENRICH-TX-SENIOR-2026-09-30-IDR2,TX|HHSC|TX_DAHS_ISS_ONLY|111780,HHSC_LICENSE_NUMBER,312198,YES,2024-11-13,2027-11-13,1de6e81addd37ea016be4c2cdbd50a08648f2348c694ef0e4d9eee0eee1bd381
TH-ENRICH-TX-SENIOR-2026-09-30-IDR2,TX|HHSC|TX_DAHS_ISS_ONLY|111016,HHSC_LICENSE_NUMBER,310915,YES,2025-02-16,2028-02-16,1de6e81addd37ea016be4c2cdbd50a08648f2348c694ef0e4d9eee0eee1bd381
TH-ENRICH-TX-SENIOR-2026-09-30-IDR2,TX|HHSC|TX_DAHS_ISS_ONLY|111964,HHSC_LICENSE_NUMBER,312619,YES,2025-09-05,2028-09-05,1de6e81addd37ea016be4c2cdbd50a08648f2348c694ef0e4d9eee0eee1bd381
TH-ENRICH-TX-SENIOR-2026-09-30-IDR2,TX|HHSC|TX_DAHS_ISS_ONLY|111134,HHSC_LICENSE_NUMBER,311036,YES,2025-02-27,2028-02-27,1de6e81addd37ea016be4c2cdbd50a08648f2348c694ef0e4d9eee0eee1bd381
TH-ENRICH-TX-SENIOR-2026-09-30-IDR2,TX|HHSC|TX_DAHS_ISS_ONLY|112139,HHSC_LICENSE_NUMBER,313087,YES,2026-05-29,2026-11-25,1de6e81addd37ea016be4c2cdbd50a08648f2348c694ef0e4d9eee0eee1bd381
TH-ENRICH-TX-SENIOR-2026-09-30-IDR2,TX|HHSC|TX_DAHS_ISS_ONLY|112073,HHSC_LICENSE_NUMBER,312913,YES,2026-03-06,2029-03-06,1de6e81addd37ea016be4c2cdbd50a08648f2348c694ef0e4d9eee0eee1bd381
TH-ENRICH-TX-SENIOR-2026-09-30-IDR2,TX|HHSC|TX_DAHS_ISS_ONLY|111847,HHSC_LICENSE_NUMBER,312374,YES,2025-03-12,2027-03-12,1de6e81addd37ea016be4c2cdbd50a08648f2348c694ef0e4d9eee0eee1bd381
TH-ENRICH-TX-SENIOR-2026-09-30-IDR2,TX|HHSC|TX_DAHS_ISS_ONLY|110817,HHSC_LICENSE_NUMBER,310713,YES,2026-03-04,2029-01-30,1de6e81addd37ea016be4c2cdbd50a08648f2348c694ef0e4d9eee0eee1bd381
TH-ENRICH-TX-SENIOR-2026-09-30-IDR2,TX|HHSC|TX_DAHS_ISS_ONLY|111714,HHSC_LICENSE_NUMBER,312082,YES,2024-09-09,2026-09-25,1de6e81addd37ea016be4c2cdbd50a08648f2348c694ef0e4d9eee0eee1bd381
TH-ENRICH-TX-SENIOR-2026-09-30-IDR2,TX|HHSC|TX_DAHS_ISS_ONLY|110870,HHSC_LICENSE_NUMBER,310767,YES,2026-02-04,2029-02-04,1de6e81addd37ea016be4c2cdbd50a08648f2348c694ef0e4d9eee0eee1bd381
TH-ENRICH-TX-SENIOR-2026-09-30-IDR2,TX|HHSC|TX_DAHS_ISS_ONLY|111370,HHSC_LICENSE_NUMBER,311325,YES,2025-04-21,2028-04-21,1de6e81addd37ea016be4c2cdbd50a08648f2348c694ef0e4d9eee0eee1bd381
TH-ENRICH-TX-SENIOR-2026-09-30-IDR2,TX|HHSC|TX_DAHS_ISS_ONLY|111262,HHSC_LICENSE_NUMBER,311170,YES,2026-03-08,2029-03-08,1de6e81addd37ea016be4c2cdbd50a08648f2348c694ef0e4d9eee0eee1bd381
TH-ENRICH-TX-SENIOR-2026-09-30-IDR2,TX|HHSC|TX_DAHS_ISS_ONLY|111261,HHSC_LICENSE_NUMBER,311169,YES,2025-03-08,2028-03-08,1de6e81addd37ea016be4c2cdbd50a08648f2348c694ef0e4d9eee0eee1bd381
TH-ENRICH-TX-SENIOR-2026-09-30-IDR2,TX|HHSC|TX_DAHS_ISS_ONLY|112021,HHSC_LICENSE_NUMBER,312802,YES,2025-12-04,2028-12-04,1de6e81addd37ea016be4c2cdbd50a08648f2348c694ef0e4d9eee0eee1bd381
TH-ENRICH-TX-SENIOR-2026-09-30-IDR2,TX|HHSC|TX_DAHS_ISS_ONLY|112112,HHSC_LICENSE_NUMBER,313030,YES,2026-04-22,2026-10-19,1de6e81addd37ea016be4c2cdbd50a08648f2348c694ef0e4d9eee0eee1bd381
TH-ENRICH-TX-SENIOR-2026-09-30-IDR2,TX|HHSC|TX_DAHS_ISS_ONLY|112038,HHSC_LICENSE_NUMBER,312840,YES,2026-01-22,2029-01-22,1de6e81addd37ea016be4c2cdbd50a08648f2348c694ef0e4d9eee0eee1bd381
TH-ENRICH-TX-SENIOR-2026-09-30-IDR2,TX|HHSC|TX_DAHS_ISS_ONLY|111036,HHSC_LICENSE_NUMBER,310936,YES,2026-02-17,2029-02-17,1de6e81addd37ea016be4c2cdbd50a08648f2348c694ef0e4d9eee0eee1bd381
TH-ENRICH-TX-SENIOR-2026-09-30-IDR2,TX|HHSC|TX_DAHS_ISS_ONLY|111494,HHSC_LICENSE_NUMBER,311496,YES,2024-07-03,2027-07-03,1de6e81addd37ea016be4c2cdbd50a08648f2348c694ef0e4d9eee0eee1bd381
TH-ENRICH-TX-SENIOR-2026-09-30-IDR2,TX|HHSC|TX_DAHS_ISS_ONLY|111747,HHSC_LICENSE_NUMBER,312119,YES,2024-09-23,2026-09-23,1de6e81addd37ea016be4c2cdbd50a08648f2348c694ef0e4d9eee0eee1bd381
TH-ENRICH-TX-SENIOR-2026-09-30-IDR2,TX|HHSC|TX_DAHS_ISS_ONLY|111383,HHSC_LICENSE_NUMBER,311342,YES,2024-08-31,2027-08-31,1de6e81addd37ea016be4c2cdbd50a08648f2348c694ef0e4d9eee0eee1bd381
TH-ENRICH-TX-SENIOR-2026-09-30-IDR2,TX|HHSC|TX_DAHS_ISS_ONLY|111115,HHSC_LICENSE_NUMBER,311017,YES,2023-02-21,2026-02-24,1de6e81addd37ea016be4c2cdbd50a08648f2348c694ef0e4d9eee0eee1bd381
TH-ENRICH-TX-SENIOR-2026-09-30-IDR2,TX|HHSC|TX_DAHS_ISS_ONLY|110731,HHSC_LICENSE_NUMBER,310607,YES,2026-03-24,2029-02-04,1de6e81addd37ea016be4c2cdbd50a08648f2348c694ef0e4d9eee0eee1bd381
TH-ENRICH-TX-SENIOR-2026-09-30-IDR2,TX|HHSC|TX_DAHS_ISS_ONLY|111743,HHSC_LICENSE_NUMBER,312115,YES,2024-09-13,2027-09-13,1de6e81addd37ea016be4c2cdbd50a08648f2348c694ef0e4d9eee0eee1bd381
TH-ENRICH-TX-SENIOR-2026-09-30-IDR2,TX|HHSC|TX_DAHS_ISS_ONLY|111723,HHSC_LICENSE_NUMBER,312091,YES,2025-09-09,2028-09-09,1de6e81addd37ea016be4c2cdbd50a08648f2348c694ef0e4d9eee0eee1bd381
TH-ENRICH-TX-SENIOR-2026-09-30-IDR2,TX|HHSC|TX_DAHS_ISS_ONLY|111032,HHSC_LICENSE_NUMBER,310932,YES,2025-02-17,2028-02-17,1de6e81addd37ea016be4c2cdbd50a08648f2348c694ef0e4d9eee0eee1bd381
TH-ENRICH-TX-SENIOR-2026-09-30-IDR2,TX|HHSC|TX_DAHS_ISS_ONLY|110727,HHSC_LICENSE_NUMBER,310603,YES,2025-01-12,2028-01-12,1de6e81addd37ea016be4c2cdbd50a08648f2348c694ef0e4d9eee0eee1bd381
TH-ENRICH-TX-SENIOR-2026-09-30-IDR2,TX|HHSC|TX_DAHS_ISS_ONLY|110706,HHSC_LICENSE_NUMBER,310576,YES,2024-02-09,2027-02-09,1de6e81addd37ea016be4c2cdbd50a08648f2348c694ef0e4d9eee0eee1bd381
TH-ENRICH-TX-SENIOR-2026-09-30-IDR2,TX|HHSC|TX_DAHS_ISS_ONLY|112223,HHSC_LICENSE_NUMBER,313313,YES,2026-09-24,2027-03-23,1de6e81addd37ea016be4c2cdbd50a08648f2348c694ef0e4d9eee0eee1bd381
TH-ENRICH-TX-SENIOR-2026-09-30-IDR2,TX|HHSC|TX_DAHS_ISS_ONLY|112041,HHSC_LICENSE_NUMBER,312843,YES,2026-01-26,2029-01-26,1de6e81addd37ea016be4c2cdbd50a08648f2348c694ef0e4d9eee0eee1bd381
TH-ENRICH-TX-SENIOR-2026-09-30-IDR2,TX|HHSC|TX_DAHS_ISS_ONLY|110850,HHSC_LICENSE_NUMBER,310747,YES,2026-02-03,2029-02-03,1de6e81addd37ea016be4c2cdbd50a08648f2348c694ef0e4d9eee0eee1bd381
TH-ENRICH-TX-SENIOR-2026-09-30-IDR2,TX|HHSC|TX_DAHS_ISS_ONLY|111504,HHSC_LICENSE_NUMBER,311514,YES,2023-07-14,2026-07-14,1de6e81addd37ea016be4c2cdbd50a08648f2348c694ef0e4d9eee0eee1bd381
TH-ENRICH-TX-SENIOR-2026-09-30-IDR2,TX|HHSC|TX_DAHS_ISS_ONLY|111526,HHSC_LICENSE_NUMBER,311564,YES,2023-08-14,2026-08-14,1de6e81addd37ea016be4c2cdbd50a08648f2348c694ef0e4d9eee0eee1bd381
TH-ENRICH-TX-SENIOR-2026-09-30-IDR2,TX|HHSC|TX_DAHS_ISS_ONLY|111316,HHSC_LICENSE_NUMBER,311233,YES,2026-03-21,2029-03-21,1de6e81addd37ea016be4c2cdbd50a08648f2348c694ef0e4d9eee0eee1bd381
TH-ENRICH-TX-SENIOR-2026-09-30-IDR2,TX|HHSC|TX_DAHS_ISS_ONLY|110722,HHSC_LICENSE_NUMBER,310597,YES,2026-01-11,2029-01-11,1de6e81addd37ea016be4c2cdbd50a08648f2348c694ef0e4d9eee0eee1bd381
TH-ENRICH-TX-SENIOR-2026-09-30-IDR2,TX|HHSC|TX_DAHS_ISS_ONLY|110793,HHSC_LICENSE_NUMBER,310685,YES,2024-01-25,2027-01-25,1de6e81addd37ea016be4c2cdbd50a08648f2348c694ef0e4d9eee0eee1bd381
TH-ENRICH-TX-SENIOR-2026-09-30-IDR2,TX|HHSC|TX_DAHS_ISS_ONLY|111730,HHSC_LICENSE_NUMBER,312100,YES,2024-09-11,2026-11-30,1de6e81addd37ea016be4c2cdbd50a08648f2348c694ef0e4d9eee0eee1bd381
TH-ENRICH-TX-SENIOR-2026-09-30-IDR2,TX|HHSC|TX_DAHS_ISS_ONLY|110757,HHSC_LICENSE_NUMBER,310643,YES,2026-06-01,2029-06-01,1de6e81addd37ea016be4c2cdbd50a08648f2348c694ef0e4d9eee0eee1bd381
TH-ENRICH-TX-SENIOR-2026-09-30-IDR2,TX|HHSC|TX_DAHS_ISS_ONLY|110949,HHSC_LICENSE_NUMBER,310850,YES,2025-02-11,2028-02-11,1de6e81addd37ea016be4c2cdbd50a08648f2348c694ef0e4d9eee0eee1bd381
TH-ENRICH-TX-SENIOR-2026-09-30-IDR2,TX|HHSC|TX_DAHS_ISS_ONLY|111029,HHSC_LICENSE_NUMBER,310929,YES,2026-02-16,2029-02-16,1de6e81addd37ea016be4c2cdbd50a08648f2348c694ef0e4d9eee0eee1bd381
TH-ENRICH-TX-SENIOR-2026-09-30-IDR2,TX|HHSC|TX_DAHS_ISS_ONLY|110927,HHSC_LICENSE_NUMBER,310827,YES,2025-02-09,2028-02-09,1de6e81addd37ea016be4c2cdbd50a08648f2348c694ef0e4d9eee0eee1bd381
TH-ENRICH-TX-SENIOR-2026-09-30-IDR2,TX|HHSC|TX_DAHS_ISS_ONLY|110872,HHSC_LICENSE_NUMBER,310769,YES,2026-02-06,2029-02-06,1de6e81addd37ea016be4c2cdbd50a08648f2348c694ef0e4d9eee0eee1bd381
TH-ENRICH-TX-SENIOR-2026-09-30-IDR2,TX|HHSC|TX_DAHS_ISS_ONLY|110862,HHSC_LICENSE_NUMBER,310759,YES,2024-02-04,2027-02-04,1de6e81addd37ea016be4c2cdbd50a08648f2348c694ef0e4d9eee0eee1bd381
TH-ENRICH-TX-SENIOR-2026-09-30-IDR2,TX|HHSC|TX_DAHS_ISS_ONLY|110778,HHSC_LICENSE_NUMBER,310666,YES,2025-01-24,2028-01-24,1de6e81addd37ea016be4c2cdbd50a08648f2348c694ef0e4d9eee0eee1bd381
TH-ENRICH-TX-SENIOR-2026-09-30-IDR2,TX|HHSC|TX_DAHS_ISS_ONLY|112206,HHSC_LICENSE_NUMBER,313277,YES,2026-09-10,2027-03-09,1de6e81addd37ea016be4c2cdbd50a08648f2348c694ef0e4d9eee0eee1bd381
TH-ENRICH-TX-SENIOR-2026-09-30-IDR2,TX|HHSC|TX_DAHS_ISS_ONLY|111374,HHSC_LICENSE_NUMBER,311331,YES,2026-05-11,2029-05-11,1de6e81addd37ea016be4c2cdbd50a08648f2348c694ef0e4d9eee0eee1bd381
TH-ENRICH-TX-SENIOR-2026-09-30-IDR2,TX|HHSC|TX_DAHS_ISS_ONLY|111500,HHSC_LICENSE_NUMBER,311509,YES,2025-07-11,2028-07-11,1de6e81addd37ea016be4c2cdbd50a08648f2348c694ef0e4d9eee0eee1bd381
TH-ENRICH-TX-SENIOR-2026-09-30-IDR2,TX|HHSC|TX_DAHS_ISS_ONLY|110988,HHSC_LICENSE_NUMBER,310889,YES,2024-09-13,2027-09-13,1de6e81addd37ea016be4c2cdbd50a08648f2348c694ef0e4d9eee0eee1bd381
TH-ENRICH-TX-SENIOR-2026-09-30-IDR2,TX|HHSC|TX_DAHS_ISS_ONLY|111763,HHSC_LICENSE_NUMBER,312146,YES,2024-10-14,2027-10-14,1de6e81addd37ea016be4c2cdbd50a08648f2348c694ef0e4d9eee0eee1bd381
TH-ENRICH-TX-SENIOR-2026-09-30-IDR2,TX|HHSC|TX_DAHS_ISS_ONLY|110728,HHSC_LICENSE_NUMBER,310604,YES,2026-01-12,2029-01-12,1de6e81addd37ea016be4c2cdbd50a08648f2348c694ef0e4d9eee0eee1bd381
TH-ENRICH-TX-SENIOR-2026-09-30-IDR2,TX|HHSC|TX_DAHS_ISS_ONLY|111044,HHSC_LICENSE_NUMBER,310944,YES,2025-02-17,2028-02-17,1de6e81addd37ea016be4c2cdbd50a08648f2348c694ef0e4d9eee0eee1bd381
TH-ENRICH-TX-SENIOR-2026-09-30-IDR2,TX|HHSC|TX_DAHS_ISS_ONLY|111172,HHSC_LICENSE_NUMBER,311076,YES,2025-02-28,2028-02-28,1de6e81addd37ea016be4c2cdbd50a08648f2348c694ef0e4d9eee0eee1bd381
TH-ENRICH-TX-SENIOR-2026-09-30-IDR2,TX|HHSC|TX_DAHS_ISS_ONLY|110960,HHSC_LICENSE_NUMBER,310861,YES,2026-02-13,2029-02-13,1de6e81addd37ea016be4c2cdbd50a08648f2348c694ef0e4d9eee0eee1bd381
TH-ENRICH-TX-SENIOR-2026-09-30-IDR2,TX|HHSC|TX_DAHS_ISS_ONLY|111361,HHSC_LICENSE_NUMBER,311311,YES,2026-04-17,2029-04-17,1de6e81addd37ea016be4c2cdbd50a08648f2348c694ef0e4d9eee0eee1bd381
TH-ENRICH-TX-SENIOR-2026-09-30-IDR2,TX|HHSC|TX_DAHS_ISS_ONLY|112205,HHSC_LICENSE_NUMBER,313275,YES,2026-09-09,2029-09-09,1de6e81addd37ea016be4c2cdbd50a08648f2348c694ef0e4d9eee0eee1bd381
TH-ENRICH-TX-SENIOR-2026-09-30-IDR2,TX|HHSC|TX_DAHS_ISS_ONLY|111364,HHSC_LICENSE_NUMBER,311316,YES,2023-04-18,2025-07-18,1de6e81addd37ea016be4c2cdbd50a08648f2348c694ef0e4d9eee0eee1bd381
TH-ENRICH-TX-SENIOR-2026-09-30-IDR2,TX|HHSC|TX_DAHS_ISS_ONLY|111492,HHSC_LICENSE_NUMBER,311494,YES,2024-07-03,2027-07-03,1de6e81addd37ea016be4c2cdbd50a08648f2348c694ef0e4d9eee0eee1bd381
TH-ENRICH-TX-SENIOR-2026-09-30-IDR2,TX|HHSC|TX_DAHS_ISS_ONLY|110823,HHSC_LICENSE_NUMBER,310719,YES,2024-01-31,2027-01-31,1de6e81addd37ea016be4c2cdbd50a08648f2348c694ef0e4d9eee0eee1bd381
TH-ENRICH-TX-SENIOR-2026-09-30-IDR2,TX|HHSC|TX_DAHS_ISS_ONLY|111832,HHSC_LICENSE_NUMBER,312341,YES,2025-02-19,2027-02-19,1de6e81addd37ea016be4c2cdbd50a08648f2348c694ef0e4d9eee0eee1bd381
TH-ENRICH-TX-SENIOR-2026-09-30-IDR2,TX|HHSC|TX_DAHS_ISS_ONLY|110846,HHSC_LICENSE_NUMBER,310742,YES,2024-02-02,2027-02-02,1de6e81addd37ea016be4c2cdbd50a08648f2348c694ef0e4d9eee0eee1bd381
TH-ENRICH-TX-SENIOR-2026-09-30-IDR2,TX|HHSC|TX_DAHS_ISS_ONLY|112210,HHSC_LICENSE_NUMBER,313290,YES,2026-09-15,2027-03-14,1de6e81addd37ea016be4c2cdbd50a08648f2348c694ef0e4d9eee0eee1bd381
TH-ENRICH-TX-SENIOR-2026-09-30-IDR2,TX|HHSC|TX_DAHS_ISS_ONLY|111081,HHSC_LICENSE_NUMBER,310983,YES,2024-02-22,2027-02-22,1de6e81addd37ea016be4c2cdbd50a08648f2348c694ef0e4d9eee0eee1bd381
TH-ENRICH-TX-SENIOR-2026-09-30-IDR2,TX|HHSC|TX_DAHS_ISS_ONLY|112188,HHSC_LICENSE_NUMBER,313241,YES,2026-08-14,2027-02-10,1de6e81addd37ea016be4c2cdbd50a08648f2348c694ef0e4d9eee0eee1bd381
TH-ENRICH-TX-SENIOR-2026-09-30-IDR2,TX|HHSC|TX_DAHS_ISS_ONLY|111390,HHSC_LICENSE_NUMBER,311350,YES,2023-04-27,2026-04-14,1de6e81addd37ea016be4c2cdbd50a08648f2348c694ef0e4d9eee0eee1bd381
TH-ENRICH-TX-SENIOR-2026-09-30-IDR2,TX|HHSC|TX_DAHS_ISS_ONLY|111058,HHSC_LICENSE_NUMBER,310959,YES,2025-02-20,2028-02-20,1de6e81addd37ea016be4c2cdbd50a08648f2348c694ef0e4d9eee0eee1bd381
TH-ENRICH-TX-SENIOR-2026-09-30-IDR2,TX|HHSC|TX_DAHS_ISS_ONLY|111782,HHSC_LICENSE_NUMBER,312204,YES,2024-11-18,2025-08-15,1de6e81addd37ea016be4c2cdbd50a08648f2348c694ef0e4d9eee0eee1bd381
TH-ENRICH-TX-SENIOR-2026-09-30-IDR2,TX|HHSC|TX_DAHS_ISS_ONLY|110930,HHSC_LICENSE_NUMBER,310830,YES,2026-02-09,2029-02-09,1de6e81addd37ea016be4c2cdbd50a08648f2348c694ef0e4d9eee0eee1bd381
TH-ENRICH-TX-SENIOR-2026-09-30-IDR2,TX|HHSC|TX_DAHS_ISS_ONLY|110998,HHSC_LICENSE_NUMBER,310898,YES,2024-02-10,2027-02-10,1de6e81addd37ea016be4c2cdbd50a08648f2348c694ef0e4d9eee0eee1bd381
TH-ENRICH-TX-SENIOR-2026-09-30-IDR2,TX|HHSC|TX_DAHS_ISS_ONLY|111251,HHSC_LICENSE_NUMBER,311158,YES,2026-03-08,2029-03-08,1de6e81addd37ea016be4c2cdbd50a08648f2348c694ef0e4d9eee0eee1bd381
TH-ENRICH-TX-SENIOR-2026-09-30-IDR2,TX|HHSC|TX_DAHS_ISS_ONLY|111953,HHSC_LICENSE_NUMBER,312593,YES,2025-08-20,2028-08-20,1de6e81addd37ea016be4c2cdbd50a08648f2348c694ef0e4d9eee0eee1bd381
TH-ENRICH-TX-SENIOR-2026-09-30-IDR2,TX|HHSC|TX_DAHS_ISS_ONLY|110954,HHSC_LICENSE_NUMBER,310855,YES,2026-02-13,2029-02-13,1de6e81addd37ea016be4c2cdbd50a08648f2348c694ef0e4d9eee0eee1bd381
TH-ENRICH-TX-SENIOR-2026-09-30-IDR2,TX|HHSC|TX_DAHS_ISS_ONLY|007325,HHSC_LICENSE_NUMBER,310797,YES,2025-04-05,2028-04-05,1de6e81addd37ea016be4c2cdbd50a08648f2348c694ef0e4d9eee0eee1bd381
TH-ENRICH-TX-SENIOR-2026-09-30-IDR2,TX|HHSC|TX_DAHS_ISS_ONLY|110812,HHSC_LICENSE_NUMBER,310708,YES,2025-01-30,2028-01-30,1de6e81addd37ea016be4c2cdbd50a08648f2348c694ef0e4d9eee0eee1bd381
TH-ENRICH-TX-SENIOR-2026-09-30-IDR2,TX|HHSC|TX_DAHS_ISS_ONLY|112068,HHSC_LICENSE_NUMBER,312894,YES,2026-02-24,2029-02-24,1de6e81addd37ea016be4c2cdbd50a08648f2348c694ef0e4d9eee0eee1bd381
TH-ENRICH-TX-SENIOR-2026-09-30-IDR2,TX|HHSC|TX_DAHS_ISS_ONLY|110874,HHSC_LICENSE_NUMBER,310771,YES,2024-02-06,2027-02-06,1de6e81addd37ea016be4c2cdbd50a08648f2348c694ef0e4d9eee0eee1bd381
TH-ENRICH-TX-SENIOR-2026-09-30-IDR2,TX|HHSC|TX_DAHS_ISS_ONLY|110810,HHSC_LICENSE_NUMBER,310706,YES,2023-01-30,2026-01-30,1de6e81addd37ea016be4c2cdbd50a08648f2348c694ef0e4d9eee0eee1bd381
TH-ENRICH-TX-SENIOR-2026-09-30-IDR2,TX|HHSC|TX_DAHS_ISS_ONLY|111305,HHSC_LICENSE_NUMBER,311218,YES,2024-03-17,2027-03-17,1de6e81addd37ea016be4c2cdbd50a08648f2348c694ef0e4d9eee0eee1bd381
TH-ENRICH-TX-SENIOR-2026-09-30-IDR2,TX|HHSC|TX_DAHS_ISS_ONLY|111099,HHSC_LICENSE_NUMBER,311001,YES,2026-02-23,2029-02-23,1de6e81addd37ea016be4c2cdbd50a08648f2348c694ef0e4d9eee0eee1bd381
TH-ENRICH-TX-SENIOR-2026-09-30-IDR2,TX|HHSC|TX_DAHS_ISS_ONLY|111039,HHSC_LICENSE_NUMBER,310939,YES,2024-06-25,2027-06-25,1de6e81addd37ea016be4c2cdbd50a08648f2348c694ef0e4d9eee0eee1bd381
TH-ENRICH-TX-SENIOR-2026-09-30-IDR2,TX|HHSC|TX_DAHS_ISS_ONLY|110951,HHSC_LICENSE_NUMBER,310852,YES,2026-02-13,2029-02-13,1de6e81addd37ea016be4c2cdbd50a08648f2348c694ef0e4d9eee0eee1bd381
TH-ENRICH-TX-SENIOR-2026-09-30-IDR2,TX|HHSC|TX_DAHS_ISS_ONLY|110746,HHSC_LICENSE_NUMBER,310626,YES,2025-01-17,2028-01-17,1de6e81addd37ea016be4c2cdbd50a08648f2348c694ef0e4d9eee0eee1bd381
TH-ENRICH-TX-SENIOR-2026-09-30-IDR2,TX|HHSC|TX_DAHS_ISS_ONLY|110991,HHSC_LICENSE_NUMBER,310892,YES,2025-02-14,2028-02-14,1de6e81addd37ea016be4c2cdbd50a08648f2348c694ef0e4d9eee0eee1bd381
TH-ENRICH-TX-SENIOR-2026-09-30-IDR2,TX|HHSC|TX_DAHS_ISS_ONLY|110835,HHSC_LICENSE_NUMBER,310731,YES,2025-02-01,2028-02-01,1de6e81addd37ea016be4c2cdbd50a08648f2348c694ef0e4d9eee0eee1bd381
TH-ENRICH-TX-SENIOR-2026-09-30-IDR2,TX|HHSC|TX_DAHS_ISS_ONLY|110853,HHSC_LICENSE_NUMBER,310750,YES,2025-02-03,2028-02-03,1de6e81addd37ea016be4c2cdbd50a08648f2348c694ef0e4d9eee0eee1bd381
TH-ENRICH-TX-SENIOR-2026-09-30-IDR2,TX|HHSC|TX_DAHS_ISS_ONLY|110751,HHSC_LICENSE_NUMBER,310633,YES,2025-01-18,2028-01-18,1de6e81addd37ea016be4c2cdbd50a08648f2348c694ef0e4d9eee0eee1bd381
TH-ENRICH-TX-SENIOR-2026-09-30-IDR2,TX|HHSC|TX_DAHS_ISS_ONLY|112214,HHSC_LICENSE_NUMBER,313296,YES,2026-09-17,2027-03-16,1de6e81addd37ea016be4c2cdbd50a08648f2348c694ef0e4d9eee0eee1bd381
TH-ENRICH-TX-SENIOR-2026-09-30-IDR2,TX|HHSC|TX_DAHS_ISS_ONLY|110708,HHSC_LICENSE_NUMBER,310580,YES,2026-01-12,2029-01-12,1de6e81addd37ea016be4c2cdbd50a08648f2348c694ef0e4d9eee0eee1bd381
TH-ENRICH-TX-SENIOR-2026-09-30-IDR2,TX|HHSC|TX_DAHS_ISS_ONLY|110873,HHSC_LICENSE_NUMBER,310770,YES,2026-02-06,2029-02-06,1de6e81addd37ea016be4c2cdbd50a08648f2348c694ef0e4d9eee0eee1bd381
TH-ENRICH-TX-SENIOR-2026-09-30-IDR2,TX|HHSC|TX_DAHS_ISS_ONLY|111233,HHSC_LICENSE_NUMBER,311137,YES,2024-03-03,2027-03-03,1de6e81addd37ea016be4c2cdbd50a08648f2348c694ef0e4d9eee0eee1bd381
TH-ENRICH-TX-SENIOR-2026-09-30-IDR2,TX|HHSC|TX_DAHS_ISS_ONLY|111396,HHSC_LICENSE_NUMBER,311358,YES,2026-04-28,2029-04-28,1de6e81addd37ea016be4c2cdbd50a08648f2348c694ef0e4d9eee0eee1bd381
TH-ENRICH-TX-SENIOR-2026-09-30-IDR2,TX|HHSC|TX_DAHS_ISS_ONLY|111805,HHSC_LICENSE_NUMBER,312255,YES,2026-01-13,2027-12-20,1de6e81addd37ea016be4c2cdbd50a08648f2348c694ef0e4d9eee0eee1bd381
TH-ENRICH-TX-SENIOR-2026-09-30-IDR2,TX|HHSC|TX_DAHS_ISS_ONLY|111940,HHSC_LICENSE_NUMBER,312573,YES,2025-08-12,2028-08-12,1de6e81addd37ea016be4c2cdbd50a08648f2348c694ef0e4d9eee0eee1bd381
TH-ENRICH-TX-SENIOR-2026-09-30-IDR2,TX|HHSC|TX_DAHS_ISS_ONLY|110732,HHSC_LICENSE_NUMBER,310608,YES,2025-01-12,2028-01-12,1de6e81addd37ea016be4c2cdbd50a08648f2348c694ef0e4d9eee0eee1bd381
TH-ENRICH-TX-SENIOR-2026-09-30-IDR2,TX|HHSC|TX_DAHS_ISS_ONLY|111627,HHSC_LICENSE_NUMBER,311851,YES,2025-12-14,2028-12-14,1de6e81addd37ea016be4c2cdbd50a08648f2348c694ef0e4d9eee0eee1bd381
TH-ENRICH-TX-SENIOR-2026-09-30-IDR2,TX|HHSC|TX_DAHS_ISS_ONLY|110900,HHSC_LICENSE_NUMBER,310800,YES,2024-02-08,2027-02-08,1de6e81addd37ea016be4c2cdbd50a08648f2348c694ef0e4d9eee0eee1bd381
TH-ENRICH-TX-SENIOR-2026-09-30-IDR2,TX|HHSC|TX_DAHS_ISS_ONLY|111093,HHSC_LICENSE_NUMBER,310995,YES,2024-02-23,2027-02-23,1de6e81addd37ea016be4c2cdbd50a08648f2348c694ef0e4d9eee0eee1bd381
TH-ENRICH-TX-SENIOR-2026-09-30-IDR2,TX|HHSC|TX_DAHS_ISS_ONLY|111372,HHSC_LICENSE_NUMBER,311328,YES,2024-04-24,2027-04-24,1de6e81addd37ea016be4c2cdbd50a08648f2348c694ef0e4d9eee0eee1bd381
TH-ENRICH-TX-SENIOR-2026-09-30-IDR2,TX|HHSC|TX_DAHS_ISS_ONLY|112187,HHSC_LICENSE_NUMBER,313239,YES,2026-08-12,2027-02-08,1de6e81addd37ea016be4c2cdbd50a08648f2348c694ef0e4d9eee0eee1bd381
TH-ENRICH-TX-SENIOR-2026-09-30-IDR2,TX|HHSC|TX_DAHS_ISS_ONLY|111524,HHSC_LICENSE_NUMBER,311555,YES,2026-08-09,2029-08-09,1de6e81addd37ea016be4c2cdbd50a08648f2348c694ef0e4d9eee0eee1bd381
TH-ENRICH-TX-SENIOR-2026-09-30-IDR2,TX|HHSC|TX_DAHS_ISS_ONLY|110762,HHSC_LICENSE_NUMBER,310648,YES,2025-01-20,2028-01-20,1de6e81addd37ea016be4c2cdbd50a08648f2348c694ef0e4d9eee0eee1bd381
TH-ENRICH-TX-SENIOR-2026-09-30-IDR2,TX|HHSC|TX_DAHS_ISS_ONLY|111451,HHSC_LICENSE_NUMBER,311440,YES,2024-02-19,2027-02-19,1de6e81addd37ea016be4c2cdbd50a08648f2348c694ef0e4d9eee0eee1bd381
TH-ENRICH-TX-SENIOR-2026-09-30-IDR2,TX|HHSC|TX_DAHS_ISS_ONLY|112202,HHSC_LICENSE_NUMBER,313259,YES,2026-09-03,2027-03-02,1de6e81addd37ea016be4c2cdbd50a08648f2348c694ef0e4d9eee0eee1bd381
TH-ENRICH-TX-SENIOR-2026-09-30-IDR2,TX|HHSC|TX_DAHS_ISS_ONLY|111676,HHSC_LICENSE_NUMBER,311982,YES,2024-06-06,2027-06-06,1de6e81addd37ea016be4c2cdbd50a08648f2348c694ef0e4d9eee0eee1bd381
TH-ENRICH-TX-SENIOR-2026-09-30-IDR2,TX|HHSC|TX_DAHS_ISS_ONLY|111015,HHSC_LICENSE_NUMBER,310914,YES,2026-03-26,2029-03-26,1de6e81addd37ea016be4c2cdbd50a08648f2348c694ef0e4d9eee0eee1bd381
TH-ENRICH-TX-SENIOR-2026-09-30-IDR2,TX|HHSC|TX_DAHS_ISS_ONLY|111324,HHSC_LICENSE_NUMBER,311253,YES,2024-03-29,2027-03-29,1de6e81addd37ea016be4c2cdbd50a08648f2348c694ef0e4d9eee0eee1bd381
TH-ENRICH-TX-SENIOR-2026-09-30-IDR2,TX|HHSC|TX_DAHS_ISS_ONLY|112062,HHSC_LICENSE_NUMBER,312882,YES,2026-02-20,2029-02-20,1de6e81addd37ea016be4c2cdbd50a08648f2348c694ef0e4d9eee0eee1bd381
TH-ENRICH-TX-SENIOR-2026-09-30-IDR2,TX|HHSC|TX_DAHS_ISS_ONLY|111070,HHSC_LICENSE_NUMBER,310971,YES,2025-02-21,2028-02-21,1de6e81addd37ea016be4c2cdbd50a08648f2348c694ef0e4d9eee0eee1bd381
TH-ENRICH-TX-SENIOR-2026-09-30-IDR2,TX|HHSC|TX_DAHS_ISS_ONLY|111313,HHSC_LICENSE_NUMBER,311229,YES,2025-03-21,2028-03-21,1de6e81addd37ea016be4c2cdbd50a08648f2348c694ef0e4d9eee0eee1bd381
TH-ENRICH-TX-SENIOR-2026-09-30-IDR2,TX|HHSC|TX_DAHS_ISS_ONLY|111425,HHSC_LICENSE_NUMBER,311396,YES,2025-05-12,2028-05-12,1de6e81addd37ea016be4c2cdbd50a08648f2348c694ef0e4d9eee0eee1bd381
TH-ENRICH-TX-SENIOR-2026-09-30-IDR2,TX|HHSC|TX_DAHS_ISS_ONLY|110819,HHSC_LICENSE_NUMBER,310715,YES,2023-01-30,2026-01-30,1de6e81addd37ea016be4c2cdbd50a08648f2348c694ef0e4d9eee0eee1bd381
TH-ENRICH-TX-SENIOR-2026-09-30-IDR2,TX|HHSC|TX_DAHS_ISS_ONLY|111800,HHSC_LICENSE_NUMBER,312250,YES,2024-12-16,2026-12-16,1de6e81addd37ea016be4c2cdbd50a08648f2348c694ef0e4d9eee0eee1bd381
TH-ENRICH-TX-SENIOR-2026-09-30-IDR2,TX|HHSC|TX_DAHS_ISS_ONLY|111710,HHSC_LICENSE_NUMBER,312078,YES,2026-09-09,2029-09-09,1de6e81addd37ea016be4c2cdbd50a08648f2348c694ef0e4d9eee0eee1bd381
TH-ENRICH-TX-SENIOR-2026-09-30-IDR2,TX|HHSC|TX_DAHS_ISS_ONLY|111739,HHSC_LICENSE_NUMBER,312109,YES,2026-09-11,2029-09-11,1de6e81addd37ea016be4c2cdbd50a08648f2348c694ef0e4d9eee0eee1bd381
TH-ENRICH-TX-SENIOR-2026-09-30-IDR2,TX|HHSC|TX_DAHS_ISS_ONLY|111958,HHSC_LICENSE_NUMBER,312603,YES,2025-08-26,2027-08-26,1de6e81addd37ea016be4c2cdbd50a08648f2348c694ef0e4d9eee0eee1bd381
TH-ENRICH-TX-SENIOR-2026-09-30-IDR2,TX|HHSC|TX_DAHS_ISS_ONLY|110714,HHSC_LICENSE_NUMBER,310586,YES,2025-01-12,2028-01-12,1de6e81addd37ea016be4c2cdbd50a08648f2348c694ef0e4d9eee0eee1bd381
TH-ENRICH-TX-SENIOR-2026-09-30-IDR2,TX|HHSC|TX_DAHS_ISS_ONLY|111814,HHSC_LICENSE_NUMBER,312286,YES,2026-01-17,2029-01-17,1de6e81addd37ea016be4c2cdbd50a08648f2348c694ef0e4d9eee0eee1bd381
TH-ENRICH-TX-SENIOR-2026-09-30-IDR2,TX|HHSC|TX_DAHS_ISS_ONLY|110754,HHSC_LICENSE_NUMBER,310637,YES,2025-01-18,2028-01-18,1de6e81addd37ea016be4c2cdbd50a08648f2348c694ef0e4d9eee0eee1bd381
TH-ENRICH-TX-SENIOR-2026-09-30-IDR2,TX|HHSC|TX_DAHS_ISS_ONLY|110933,HHSC_LICENSE_NUMBER,310834,YES,2025-02-10,2028-02-10,1de6e81addd37ea016be4c2cdbd50a08648f2348c694ef0e4d9eee0eee1bd381
TH-ENRICH-TX-SENIOR-2026-09-30-IDR2,TX|HHSC|TX_DAHS_ISS_ONLY|110818,HHSC_LICENSE_NUMBER,310714,YES,2025-01-30,2028-01-30,1de6e81addd37ea016be4c2cdbd50a08648f2348c694ef0e4d9eee0eee1bd381
TH-ENRICH-TX-SENIOR-2026-09-30-IDR2,TX|HHSC|TX_DAHS_ISS_ONLY|111796,HHSC_LICENSE_NUMBER,312240,YES,2024-12-11,2026-12-11,1de6e81addd37ea016be4c2cdbd50a08648f2348c694ef0e4d9eee0eee1bd381
TH-ENRICH-TX-SENIOR-2026-09-30-IDR2,TX|HHSC|TX_DAHS_ISS_ONLY|110806,HHSC_LICENSE_NUMBER,310700,YES,2024-03-13,2027-03-13,1de6e81addd37ea016be4c2cdbd50a08648f2348c694ef0e4d9eee0eee1bd381
TH-ENRICH-TX-SENIOR-2026-09-30-IDR2,TX|HHSC|TX_DAHS_ISS_ONLY|111018,HHSC_LICENSE_NUMBER,310917,YES,2026-02-16,2029-02-16,1de6e81addd37ea016be4c2cdbd50a08648f2348c694ef0e4d9eee0eee1bd381
TH-ENRICH-TX-SENIOR-2026-09-30-IDR2,TX|HHSC|TX_DAHS_ISS_ONLY|111690,HHSC_LICENSE_NUMBER,312022,YES,2024-07-15,2027-07-15,1de6e81addd37ea016be4c2cdbd50a08648f2348c694ef0e4d9eee0eee1bd381
TH-ENRICH-TX-SENIOR-2026-09-30-IDR2,TX|HHSC|TX_DAHS_ISS_ONLY|112018,HHSC_LICENSE_NUMBER,312787,YES,2025-12-01,2028-12-01,1de6e81addd37ea016be4c2cdbd50a08648f2348c694ef0e4d9eee0eee1bd381
TH-ENRICH-TX-SENIOR-2026-09-30-IDR2,TX|HHSC|TX_DAHS_ISS_ONLY|111056,HHSC_LICENSE_NUMBER,310957,YES,2026-02-20,2029-02-20,1de6e81addd37ea016be4c2cdbd50a08648f2348c694ef0e4d9eee0eee1bd381
TH-ENRICH-TX-SENIOR-2026-09-30-IDR2,TX|HHSC|TX_DAHS_ISS_ONLY|112151,HHSC_LICENSE_NUMBER,313161,YES,2026-06-15,2026-12-12,1de6e81addd37ea016be4c2cdbd50a08648f2348c694ef0e4d9eee0eee1bd381
TH-ENRICH-TX-SENIOR-2026-09-30-IDR2,TX|HHSC|TX_DAHS_ISS_ONLY|111518,HHSC_LICENSE_NUMBER,311542,YES,2026-07-31,2029-07-31,1de6e81addd37ea016be4c2cdbd50a08648f2348c694ef0e4d9eee0eee1bd381
TH-ENRICH-TX-SENIOR-2026-09-30-IDR2,TX|HHSC|TX_DAHS_ISS_ONLY|111802,HHSC_LICENSE_NUMBER,313279,YES,2026-06-28,2026-09-26,1de6e81addd37ea016be4c2cdbd50a08648f2348c694ef0e4d9eee0eee1bd381
TH-ENRICH-TX-SENIOR-2026-09-30-IDR2,TX|HHSC|TX_DAHS_ISS_ONLY|111003,HHSC_LICENSE_NUMBER,310903,YES,2025-03-11,2028-03-11,1de6e81addd37ea016be4c2cdbd50a08648f2348c694ef0e4d9eee0eee1bd381
TH-ENRICH-TX-SENIOR-2026-09-30-IDR2,TX|HHSC|TX_DAHS_ISS_ONLY|110977,HHSC_LICENSE_NUMBER,310878,YES,2025-02-14,2028-02-14,1de6e81addd37ea016be4c2cdbd50a08648f2348c694ef0e4d9eee0eee1bd381
TH-ENRICH-TX-SENIOR-2026-09-30-IDR2,TX|HHSC|TX_DAHS_ISS_ONLY|111287,HHSC_LICENSE_NUMBER,311199,YES,2025-03-14,2028-03-14,1de6e81addd37ea016be4c2cdbd50a08648f2348c694ef0e4d9eee0eee1bd381
TH-ENRICH-TX-SENIOR-2026-09-30-IDR2,TX|HHSC|TX_DAHS_ISS_ONLY|111178,HHSC_LICENSE_NUMBER,311082,YES,2025-02-28,2028-02-28,1de6e81addd37ea016be4c2cdbd50a08648f2348c694ef0e4d9eee0eee1bd381
TH-ENRICH-TX-SENIOR-2026-09-30-IDR2,TX|HHSC|TX_DAHS_ISS_ONLY|111046,HHSC_LICENSE_NUMBER,310946,YES,2024-02-17,2027-02-17,1de6e81addd37ea016be4c2cdbd50a08648f2348c694ef0e4d9eee0eee1bd381
TH-ENRICH-TX-SENIOR-2026-09-30-IDR2,TX|HHSC|TX_DAHS_ISS_ONLY|111037,HHSC_LICENSE_NUMBER,310937,YES,2024-02-17,2027-02-17,1de6e81addd37ea016be4c2cdbd50a08648f2348c694ef0e4d9eee0eee1bd381
TH-ENRICH-TX-SENIOR-2026-09-30-IDR2,TX|HHSC|TX_DAHS_ISS_ONLY|111454,HHSC_LICENSE_NUMBER,311444,YES,2026-06-05,2029-06-05,1de6e81addd37ea016be4c2cdbd50a08648f2348c694ef0e4d9eee0eee1bd381
TH-ENRICH-TX-SENIOR-2026-09-30-IDR2,TX|HHSC|TX_DAHS_ISS_ONLY|110802,HHSC_LICENSE_NUMBER,310696,YES,2025-01-26,2028-01-26,1de6e81addd37ea016be4c2cdbd50a08648f2348c694ef0e4d9eee0eee1bd381
TH-ENRICH-TX-SENIOR-2026-09-30-IDR2,TX|HHSC|TX_DAHS_ISS_ONLY|111113,HHSC_LICENSE_NUMBER,311015,YES,2025-02-24,2028-02-24,1de6e81addd37ea016be4c2cdbd50a08648f2348c694ef0e4d9eee0eee1bd381
TH-ENRICH-TX-SENIOR-2026-09-30-IDR2,TX|HHSC|TX_DAHS_ISS_ONLY|112178,HHSC_LICENSE_NUMBER,313221,YES,2026-07-29,2027-01-25,1de6e81addd37ea016be4c2cdbd50a08648f2348c694ef0e4d9eee0eee1bd381
TH-ENRICH-TX-SENIOR-2026-09-30-IDR2,TX|HHSC|TX_DAHS_ISS_ONLY|111033,HHSC_LICENSE_NUMBER,310933,YES,2026-02-17,2029-02-17,1de6e81addd37ea016be4c2cdbd50a08648f2348c694ef0e4d9eee0eee1bd381
TH-ENRICH-TX-SENIOR-2026-09-30-IDR2,TX|HHSC|TX_DAHS_ISS_ONLY|110730,HHSC_LICENSE_NUMBER,310606,YES,2025-01-12,2028-01-12,1de6e81addd37ea016be4c2cdbd50a08648f2348c694ef0e4d9eee0eee1bd381
TH-ENRICH-TX-SENIOR-2026-09-30-IDR2,TX|HHSC|TX_DAHS_ISS_ONLY|110932,HHSC_LICENSE_NUMBER,310833,YES,2025-02-10,2028-02-10,1de6e81addd37ea016be4c2cdbd50a08648f2348c694ef0e4d9eee0eee1bd381
TH-ENRICH-TX-SENIOR-2026-09-30-IDR2,TX|HHSC|TX_DAHS_ISS_ONLY|112186,HHSC_LICENSE_NUMBER,313238,YES,2026-08-12,2027-02-08,1de6e81addd37ea016be4c2cdbd50a08648f2348c694ef0e4d9eee0eee1bd381
TH-ENRICH-TX-SENIOR-2026-09-30-IDR2,TX|HHSC|TX_DAHS_ISS_ONLY|111218,HHSC_LICENSE_NUMBER,311122,YES,2025-03-01,2028-03-01,1de6e81addd37ea016be4c2cdbd50a08648f2348c694ef0e4d9eee0eee1bd381
TH-ENRICH-TX-SENIOR-2026-09-30-IDR2,TX|HHSC|TX_DAHS_ISS_ONLY|110766,HHSC_LICENSE_NUMBER,310652,YES,2025-02-16,2028-02-16,1de6e81addd37ea016be4c2cdbd50a08648f2348c694ef0e4d9eee0eee1bd381
TH-ENRICH-TX-SENIOR-2026-09-30-IDR2,TX|HHSC|TX_DAHS_ISS_ONLY|111529,HHSC_LICENSE_NUMBER,311567,YES,2024-08-13,2027-08-13,1de6e81addd37ea016be4c2cdbd50a08648f2348c694ef0e4d9eee0eee1bd381
TH-ENRICH-TX-SENIOR-2026-09-30-IDR2,TX|HHSC|TX_DAHS_ISS_ONLY|112026,HHSC_LICENSE_NUMBER,312813,YES,2025-12-11,2028-12-11,1de6e81addd37ea016be4c2cdbd50a08648f2348c694ef0e4d9eee0eee1bd381
TH-ENRICH-TX-SENIOR-2026-09-30-IDR2,TX|HHSC|TX_DAHS_ISS_ONLY|110733,HHSC_LICENSE_NUMBER,310609,YES,2025-01-12,2028-01-12,1de6e81addd37ea016be4c2cdbd50a08648f2348c694ef0e4d9eee0eee1bd381
TH-ENRICH-TX-SENIOR-2026-09-30-IDR2,TX|HHSC|TX_DAHS_ISS_ONLY|110997,HHSC_LICENSE_NUMBER,310897,YES,2026-02-14,2029-02-14,1de6e81addd37ea016be4c2cdbd50a08648f2348c694ef0e4d9eee0eee1bd381
TH-ENRICH-TX-SENIOR-2026-09-30-IDR2,TX|HHSC|TX_DAHS_ISS_ONLY|111273,HHSC_LICENSE_NUMBER,311183,YES,2025-03-09,2028-03-09,1de6e81addd37ea016be4c2cdbd50a08648f2348c694ef0e4d9eee0eee1bd381
TH-ENRICH-TX-SENIOR-2026-09-30-IDR2,TX|HHSC|TX_DAHS_ISS_ONLY|110899,HHSC_LICENSE_NUMBER,310799,YES,2024-02-08,2027-02-08,1de6e81addd37ea016be4c2cdbd50a08648f2348c694ef0e4d9eee0eee1bd381
TH-ENRICH-TX-SENIOR-2026-09-30-IDR2,TX|HHSC|TX_DAHS_ISS_ONLY|110940,HHSC_LICENSE_NUMBER,310841,YES,2026-02-10,2029-02-10,1de6e81addd37ea016be4c2cdbd50a08648f2348c694ef0e4d9eee0eee1bd381
TH-ENRICH-TX-SENIOR-2026-09-30-IDR2,TX|HHSC|TX_DAHS_ISS_ONLY|111215,HHSC_LICENSE_NUMBER,311119,YES,2025-03-01,2028-03-01,1de6e81addd37ea016be4c2cdbd50a08648f2348c694ef0e4d9eee0eee1bd381
TH-ENRICH-TX-SENIOR-2026-09-30-IDR2,TX|HHSC|TX_DAHS_ISS_ONLY|110735,HHSC_LICENSE_NUMBER,310611,YES,2026-01-12,2029-01-12,1de6e81addd37ea016be4c2cdbd50a08648f2348c694ef0e4d9eee0eee1bd381
TH-ENRICH-TX-SENIOR-2026-09-30-IDR2,TX|HHSC|TX_DAHS_ISS_ONLY|111211,HHSC_LICENSE_NUMBER,311115,YES,2026-03-01,2029-03-01,1de6e81addd37ea016be4c2cdbd50a08648f2348c694ef0e4d9eee0eee1bd381
TH-ENRICH-TX-SENIOR-2026-09-30-IDR2,TX|HHSC|TX_DAHS_ISS_ONLY|111438,HHSC_LICENSE_NUMBER,311416,YES,2023-05-22,2026-05-22,1de6e81addd37ea016be4c2cdbd50a08648f2348c694ef0e4d9eee0eee1bd381
TH-ENRICH-TX-SENIOR-2026-09-30-IDR2,TX|HHSC|TX_DAHS_ISS_ONLY|110825,HHSC_LICENSE_NUMBER,310721,YES,2025-01-31,2028-01-31,1de6e81addd37ea016be4c2cdbd50a08648f2348c694ef0e4d9eee0eee1bd381
TH-ENRICH-TX-SENIOR-2026-09-30-IDR2,TX|HHSC|TX_DAHS_ISS_ONLY|112150,HHSC_LICENSE_NUMBER,313159,YES,2026-06-15,2026-12-12,1de6e81addd37ea016be4c2cdbd50a08648f2348c694ef0e4d9eee0eee1bd381
TH-ENRICH-TX-SENIOR-2026-09-30-IDR2,TX|HHSC|TX_DAHS_ISS_ONLY|110928,HHSC_LICENSE_NUMBER,310828,YES,2024-02-09,2027-02-09,1de6e81addd37ea016be4c2cdbd50a08648f2348c694ef0e4d9eee0eee1bd381
TH-ENRICH-TX-SENIOR-2026-09-30-IDR2,TX|HHSC|TX_DAHS_ISS_ONLY|112213,HHSC_LICENSE_NUMBER,313295,YES,2026-09-17,2027-03-16,1de6e81addd37ea016be4c2cdbd50a08648f2348c694ef0e4d9eee0eee1bd381
TH-ENRICH-TX-SENIOR-2026-09-30-IDR2,TX|HHSC|TX_DAHS_ISS_ONLY|111028,HHSC_LICENSE_NUMBER,310928,YES,2026-02-16,2029-02-16,1de6e81addd37ea016be4c2cdbd50a08648f2348c694ef0e4d9eee0eee1bd381
TH-ENRICH-TX-SENIOR-2026-09-30-IDR2,TX|HHSC|TX_DAHS_ISS_ONLY|112117,HHSC_LICENSE_NUMBER,310699,YES,2025-01-27,2028-01-27,1de6e81addd37ea016be4c2cdbd50a08648f2348c694ef0e4d9eee0eee1bd381
TH-ENRICH-TX-SENIOR-2026-09-30-IDR2,TX|HHSC|TX_DAHS_ISS_ONLY|110962,HHSC_LICENSE_NUMBER,310863,YES,2024-02-13,2027-02-13,1de6e81addd37ea016be4c2cdbd50a08648f2348c694ef0e4d9eee0eee1bd381
TH-ENRICH-TX-SENIOR-2026-09-30-IDR2,TX|HHSC|TX_DAHS_ISS_ONLY|110709,HHSC_LICENSE_NUMBER,310581,YES,2024-01-02,2027-01-02,1de6e81addd37ea016be4c2cdbd50a08648f2348c694ef0e4d9eee0eee1bd381
TH-ENRICH-TX-SENIOR-2026-09-30-IDR2,TX|HHSC|TX_DAHS_ISS_ONLY|110803,HHSC_LICENSE_NUMBER,310697,YES,2024-01-26,2027-01-26,1de6e81addd37ea016be4c2cdbd50a08648f2348c694ef0e4d9eee0eee1bd381
TH-ENRICH-TX-SENIOR-2026-09-30-IDR2,TX|HHSC|TX_DAHS_ISS_ONLY|110974,HHSC_LICENSE_NUMBER,310875,YES,2023-02-14,2026-02-14,1de6e81addd37ea016be4c2cdbd50a08648f2348c694ef0e4d9eee0eee1bd381
TH-ENRICH-TX-SENIOR-2026-09-30-IDR2,TX|HHSC|TX_DAHS_ISS_ONLY|111447,HHSC_LICENSE_NUMBER,311436,YES,2026-06-12,2027-05-30,1de6e81addd37ea016be4c2cdbd50a08648f2348c694ef0e4d9eee0eee1bd381
TH-ENRICH-TX-SENIOR-2026-09-30-IDR2,TX|HHSC|TX_DAHS_ISS_ONLY|111534,HHSC_LICENSE_NUMBER,311573,YES,2026-08-17,2029-08-17,1de6e81addd37ea016be4c2cdbd50a08648f2348c694ef0e4d9eee0eee1bd381
TH-ENRICH-TX-SENIOR-2026-09-30-IDR2,TX|HHSC|TX_DAHS_ISS_ONLY|110798,HHSC_LICENSE_NUMBER,310692,YES,2025-01-26,2028-01-26,1de6e81addd37ea016be4c2cdbd50a08648f2348c694ef0e4d9eee0eee1bd381
TH-ENRICH-TX-SENIOR-2026-09-30-IDR2,TX|HHSC|TX_DAHS_ISS_ONLY|111051,HHSC_LICENSE_NUMBER,310952,YES,2025-02-17,2028-02-17,1de6e81addd37ea016be4c2cdbd50a08648f2348c694ef0e4d9eee0eee1bd381
TH-ENRICH-TX-SENIOR-2026-09-30-IDR2,TX|HHSC|TX_DAHS_ISS_ONLY|110724,HHSC_LICENSE_NUMBER,310599,YES,2024-01-11,2027-01-11,1de6e81addd37ea016be4c2cdbd50a08648f2348c694ef0e4d9eee0eee1bd381
TH-ENRICH-TX-SENIOR-2026-09-30-IDR2,TX|HHSC|TX_DAHS_ISS_ONLY|111150,HHSC_LICENSE_NUMBER,311054,YES,2025-02-27,2028-02-27,1de6e81addd37ea016be4c2cdbd50a08648f2348c694ef0e4d9eee0eee1bd381
TH-ENRICH-TX-SENIOR-2026-09-30-IDR2,TX|HHSC|TX_DAHS_ISS_ONLY|111440,HHSC_LICENSE_NUMBER,311420,YES,2024-05-23,2027-05-23,1de6e81addd37ea016be4c2cdbd50a08648f2348c694ef0e4d9eee0eee1bd381
TH-ENRICH-TX-SENIOR-2026-09-30-IDR2,TX|HHSC|TX_DAHS_ISS_ONLY|110772,HHSC_LICENSE_NUMBER,310658,YES,2025-01-22,2028-01-22,1de6e81addd37ea016be4c2cdbd50a08648f2348c694ef0e4d9eee0eee1bd381
TH-ENRICH-TX-SENIOR-2026-09-30-IDR2,TX|HHSC|TX_DAHS_ISS_ONLY|111034,HHSC_LICENSE_NUMBER,310934,YES,2024-02-17,2027-02-17,1de6e81addd37ea016be4c2cdbd50a08648f2348c694ef0e4d9eee0eee1bd381
TH-ENRICH-TX-SENIOR-2026-09-30-IDR2,TX|HHSC|TX_DAHS_ISS_ONLY|110837,HHSC_LICENSE_NUMBER,310733,YES,2026-02-02,2029-02-02,1de6e81addd37ea016be4c2cdbd50a08648f2348c694ef0e4d9eee0eee1bd381
TH-ENRICH-TX-SENIOR-2026-09-30-IDR2,TX|HHSC|TX_DAHS_ISS_ONLY|110986,HHSC_LICENSE_NUMBER,310887,YES,2024-02-14,2027-02-14,1de6e81addd37ea016be4c2cdbd50a08648f2348c694ef0e4d9eee0eee1bd381
TH-ENRICH-TX-SENIOR-2026-09-30-IDR2,TX|HHSC|TX_DAHS_ISS_ONLY|111877,HHSC_LICENSE_NUMBER,312447,YES,2025-05-08,2026-02-02,1de6e81addd37ea016be4c2cdbd50a08648f2348c694ef0e4d9eee0eee1bd381
TH-ENRICH-TX-SENIOR-2026-09-30-IDR2,TX|HHSC|TX_DAHS_ISS_ONLY|111755,HHSC_LICENSE_NUMBER,312131,YES,2024-09-25,2026-03-24,1de6e81addd37ea016be4c2cdbd50a08648f2348c694ef0e4d9eee0eee1bd381
TH-ENRICH-TX-SENIOR-2026-09-30-IDR2,TX|HHSC|TX_DAHS_ISS_ONLY|111040,HHSC_LICENSE_NUMBER,310940,YES,2026-02-17,2029-02-17,1de6e81addd37ea016be4c2cdbd50a08648f2348c694ef0e4d9eee0eee1bd381
TH-ENRICH-TX-SENIOR-2026-09-30-IDR2,TX|HHSC|TX_DAHS_ISS_ONLY|111121,HHSC_LICENSE_NUMBER,311023,YES,2024-04-29,2027-04-29,1de6e81addd37ea016be4c2cdbd50a08648f2348c694ef0e4d9eee0eee1bd381
TH-ENRICH-TX-SENIOR-2026-09-30-IDR2,TX|HHSC|TX_DAHS_ISS_ONLY|110830,HHSC_LICENSE_NUMBER,310726,YES,2026-03-01,2029-03-01,1de6e81addd37ea016be4c2cdbd50a08648f2348c694ef0e4d9eee0eee1bd381
TH-ENRICH-TX-SENIOR-2026-09-30-IDR2,TX|HHSC|TX_DAHS_ISS_ONLY|110748,HHSC_LICENSE_NUMBER,310628,YES,2026-01-17,2029-01-17,1de6e81addd37ea016be4c2cdbd50a08648f2348c694ef0e4d9eee0eee1bd381
TH-ENRICH-TX-SENIOR-2026-09-30-IDR2,TX|HHSC|TX_DAHS_ISS_ONLY|111124,HHSC_LICENSE_NUMBER,311026,YES,2024-11-06,2027-11-06,1de6e81addd37ea016be4c2cdbd50a08648f2348c694ef0e4d9eee0eee1bd381
TH-ENRICH-TX-SENIOR-2026-09-30-IDR2,TX|HHSC|TX_DAHS_ISS_ONLY|111431,HHSC_LICENSE_NUMBER,311405,YES,2025-05-17,2028-05-17,1de6e81addd37ea016be4c2cdbd50a08648f2348c694ef0e4d9eee0eee1bd381
TH-ENRICH-TX-SENIOR-2026-09-30-IDR2,TX|HHSC|TX_DAHS_ISS_ONLY|111860,HHSC_LICENSE_NUMBER,312399,YES,2025-04-07,2026-09-29,1de6e81addd37ea016be4c2cdbd50a08648f2348c694ef0e4d9eee0eee1bd381
TH-ENRICH-TX-SENIOR-2026-09-30-IDR2,TX|HHSC|TX_DAHS_ISS_ONLY|111963,HHSC_LICENSE_NUMBER,310963,YES,2025-01-06,2028-02-21,1de6e81addd37ea016be4c2cdbd50a08648f2348c694ef0e4d9eee0eee1bd381
TH-ENRICH-TX-SENIOR-2026-09-30-IDR2,TX|HHSC|TX_DAHS_ISS_ONLY|110939,HHSC_LICENSE_NUMBER,310840,YES,2025-02-10,2028-02-10,1de6e81addd37ea016be4c2cdbd50a08648f2348c694ef0e4d9eee0eee1bd381
TH-ENRICH-TX-SENIOR-2026-09-30-IDR2,TX|HHSC|TX_DAHS_ISS_ONLY|111017,HHSC_LICENSE_NUMBER,310916,YES,2024-06-25,2027-06-25,1de6e81addd37ea016be4c2cdbd50a08648f2348c694ef0e4d9eee0eee1bd381
TH-ENRICH-TX-SENIOR-2026-09-30-IDR2,TX|HHSC|TX_DAHS_ISS_ONLY|111870,HHSC_LICENSE_NUMBER,312428,YES,2025-04-25,2028-04-25,1de6e81addd37ea016be4c2cdbd50a08648f2348c694ef0e4d9eee0eee1bd381
TH-ENRICH-TX-SENIOR-2026-09-30-IDR2,TX|HHSC|TX_DAHS_ISS_ONLY|110984,HHSC_LICENSE_NUMBER,310885,YES,2026-03-05,2028-08-18,1de6e81addd37ea016be4c2cdbd50a08648f2348c694ef0e4d9eee0eee1bd381
TH-ENRICH-TX-SENIOR-2026-09-30-IDR2,TX|HHSC|TX_DAHS_ISS_ONLY|110856,HHSC_LICENSE_NUMBER,310753,YES,2024-02-03,2027-02-03,1de6e81addd37ea016be4c2cdbd50a08648f2348c694ef0e4d9eee0eee1bd381
TH-ENRICH-TX-SENIOR-2026-09-30-IDR2,TX|HHSC|TX_DAHS_ISS_ONLY|110959,HHSC_LICENSE_NUMBER,310860,YES,2024-02-13,2027-02-13,1de6e81addd37ea016be4c2cdbd50a08648f2348c694ef0e4d9eee0eee1bd381
TH-ENRICH-TX-SENIOR-2026-09-30-IDR2,TX|HHSC|TX_DAHS_ISS_ONLY|110902,HHSC_LICENSE_NUMBER,310802,YES,2024-02-08,2027-02-08,1de6e81addd37ea016be4c2cdbd50a08648f2348c694ef0e4d9eee0eee1bd381
TH-ENRICH-TX-SENIOR-2026-09-30-IDR2,TX|HHSC|TX_DAHS_ISS_ONLY|110809,HHSC_LICENSE_NUMBER,310705,YES,2024-04-01,2027-04-01,1de6e81addd37ea016be4c2cdbd50a08648f2348c694ef0e4d9eee0eee1bd381
TH-ENRICH-TX-SENIOR-2026-09-30-IDR2,TX|HHSC|TX_DAHS_ISS_ONLY|111080,HHSC_LICENSE_NUMBER,310982,YES,2025-03-18,2028-03-18,1de6e81addd37ea016be4c2cdbd50a08648f2348c694ef0e4d9eee0eee1bd381
TH-ENRICH-TX-SENIOR-2026-09-30-IDR2,TX|HHSC|TX_DAHS_ISS_ONLY|111595,HHSC_LICENSE_NUMBER,311705,YES,2023-12-14,2026-12-14,1de6e81addd37ea016be4c2cdbd50a08648f2348c694ef0e4d9eee0eee1bd381
TH-ENRICH-TX-SENIOR-2026-09-30-IDR2,TX|HHSC|TX_DAHS_ISS_ONLY|111087,HHSC_LICENSE_NUMBER,310989,YES,2023-02-22,2026-02-22,1de6e81addd37ea016be4c2cdbd50a08648f2348c694ef0e4d9eee0eee1bd381
TH-ENRICH-TX-SENIOR-2026-09-30-IDR2,TX|HHSC|TX_DAHS_ISS_ONLY|111339,HHSC_LICENSE_NUMBER,311270,YES,2025-04-05,2028-04-05,1de6e81addd37ea016be4c2cdbd50a08648f2348c694ef0e4d9eee0eee1bd381
TH-ENRICH-TX-SENIOR-2026-09-30-IDR2,TX|HHSC|TX_DAHS_ISS_ONLY|111241,HHSC_LICENSE_NUMBER,311146,YES,2024-03-06,2027-03-06,1de6e81addd37ea016be4c2cdbd50a08648f2348c694ef0e4d9eee0eee1bd381
TH-ENRICH-TX-SENIOR-2026-09-30-IDR2,TX|HHSC|TX_DAHS_ISS_ONLY|111284,HHSC_LICENSE_NUMBER,311194,YES,2025-03-13,2028-03-13,1de6e81addd37ea016be4c2cdbd50a08648f2348c694ef0e4d9eee0eee1bd381
TH-ENRICH-TX-SENIOR-2026-09-30-IDR2,TX|HHSC|TX_DAHS_ISS_ONLY|111285,HHSC_LICENSE_NUMBER,311195,YES,2025-03-13,2028-03-13,1de6e81addd37ea016be4c2cdbd50a08648f2348c694ef0e4d9eee0eee1bd381
TH-ENRICH-TX-SENIOR-2026-09-30-IDR2,TX|HHSC|TX_DAHS_ISS_ONLY|112172,HHSC_LICENSE_NUMBER,313211,YES,2026-07-22,2027-01-18,1de6e81addd37ea016be4c2cdbd50a08648f2348c694ef0e4d9eee0eee1bd381
TH-ENRICH-TX-SENIOR-2026-09-30-IDR2,TX|HHSC|TX_DAHS_ISS_ONLY|110820,HHSC_LICENSE_NUMBER,310716,YES,2025-01-31,2028-01-31,1de6e81addd37ea016be4c2cdbd50a08648f2348c694ef0e4d9eee0eee1bd381
TH-ENRICH-TX-SENIOR-2026-09-30-IDR2,TX|HHSC|TX_DAHS_ISS_ONLY|111095,HHSC_LICENSE_NUMBER,310997,YES,2026-02-23,2029-02-23,1de6e81addd37ea016be4c2cdbd50a08648f2348c694ef0e4d9eee0eee1bd381
TH-ENRICH-TX-SENIOR-2026-09-30-IDR2,TX|HHSC|TX_DAHS_ISS_ONLY|110782,HHSC_LICENSE_NUMBER,310674,YES,2025-01-24,2028-01-24,1de6e81addd37ea016be4c2cdbd50a08648f2348c694ef0e4d9eee0eee1bd381
TH-ENRICH-TX-SENIOR-2026-09-30-IDR2,TX|HHSC|TX_DAHS_ISS_ONLY|110906,HHSC_LICENSE_NUMBER,310806,YES,2024-02-08,2027-02-08,1de6e81addd37ea016be4c2cdbd50a08648f2348c694ef0e4d9eee0eee1bd381
TH-ENRICH-TX-SENIOR-2026-09-30-IDR2,TX|HHSC|TX_DAHS_ISS_ONLY|112132,HHSC_LICENSE_NUMBER,313072,YES,2026-05-18,2026-11-14,1de6e81addd37ea016be4c2cdbd50a08648f2348c694ef0e4d9eee0eee1bd381
TH-ENRICH-TX-SENIOR-2026-09-30-IDR2,TX|HHSC|TX_DAHS_ISS_ONLY|111154,HHSC_LICENSE_NUMBER,311058,YES,2026-02-28,2029-02-28,1de6e81addd37ea016be4c2cdbd50a08648f2348c694ef0e4d9eee0eee1bd381
TH-ENRICH-TX-SENIOR-2026-09-30-IDR2,TX|HHSC|TX_DAHS_ISS_ONLY|111377,HHSC_LICENSE_NUMBER,311335,YES,2025-04-25,2028-04-25,1de6e81addd37ea016be4c2cdbd50a08648f2348c694ef0e4d9eee0eee1bd381
TH-ENRICH-TX-SENIOR-2026-09-30-IDR2,TX|HHSC|TX_DAHS_ISS_ONLY|111712,HHSC_LICENSE_NUMBER,312080,YES,2026-09-09,2029-09-09,1de6e81addd37ea016be4c2cdbd50a08648f2348c694ef0e4d9eee0eee1bd381
TH-ENRICH-TX-SENIOR-2026-09-30-IDR2,TX|HHSC|TX_DAHS_ISS_ONLY|112217,HHSC_LICENSE_NUMBER,313301,YES,2026-09-18,2027-03-17,1de6e81addd37ea016be4c2cdbd50a08648f2348c694ef0e4d9eee0eee1bd381
TH-ENRICH-TX-SENIOR-2026-09-30-IDR2,TX|HHSC|TX_DAHS_ISS_ONLY|111206,HHSC_LICENSE_NUMBER,311110,YES,2025-03-01,2028-03-01,1de6e81addd37ea016be4c2cdbd50a08648f2348c694ef0e4d9eee0eee1bd381
TH-ENRICH-TX-SENIOR-2026-09-30-IDR2,TX|HHSC|TX_DAHS_ISS_ONLY|110987,HHSC_LICENSE_NUMBER,310888,YES,2026-04-04,2029-04-04,1de6e81addd37ea016be4c2cdbd50a08648f2348c694ef0e4d9eee0eee1bd381
TH-ENRICH-TX-SENIOR-2026-09-30-IDR2,TX|HHSC|TX_DAHS_ISS_ONLY|111967,HHSC_LICENSE_NUMBER,312622,YES,2026-09-09,2029-09-09,1de6e81addd37ea016be4c2cdbd50a08648f2348c694ef0e4d9eee0eee1bd381
TH-ENRICH-TX-SENIOR-2026-09-30-IDR2,TX|HHSC|TX_DAHS_ISS_ONLY|111223,HHSC_LICENSE_NUMBER,311127,YES,2026-03-01,2029-03-01,1de6e81addd37ea016be4c2cdbd50a08648f2348c694ef0e4d9eee0eee1bd381
TH-ENRICH-TX-SENIOR-2026-09-30-IDR2,TX|HHSC|TX_DAHS_ISS_ONLY|112077,HHSC_LICENSE_NUMBER,312927,YES,2026-03-09,2026-12-04,1de6e81addd37ea016be4c2cdbd50a08648f2348c694ef0e4d9eee0eee1bd381
TH-ENRICH-TX-SENIOR-2026-09-30-IDR2,TX|HHSC|TX_DAHS_ISS_ONLY|111471,HHSC_LICENSE_NUMBER,311463,YES,2025-06-20,2028-06-20,1de6e81addd37ea016be4c2cdbd50a08648f2348c694ef0e4d9eee0eee1bd381
TH-ENRICH-TX-SENIOR-2026-09-30-IDR2,TX|HHSC|TX_DAHS_ISS_ONLY|110729,HHSC_LICENSE_NUMBER,310605,YES,2025-01-12,2028-01-12,1de6e81addd37ea016be4c2cdbd50a08648f2348c694ef0e4d9eee0eee1bd381
TH-ENRICH-TX-SENIOR-2026-09-30-IDR2,TX|HHSC|TX_DAHS_ISS_ONLY|111582,HHSC_LICENSE_NUMBER,311677,YES,2023-11-17,2025-11-17,1de6e81addd37ea016be4c2cdbd50a08648f2348c694ef0e4d9eee0eee1bd381
TH-ENRICH-TX-SENIOR-2026-09-30-IDR2,TX|HHSC|TX_DAHS_ISS_ONLY|112047,HHSC_LICENSE_NUMBER,312852,YES,2026-01-30,2026-10-27,1de6e81addd37ea016be4c2cdbd50a08648f2348c694ef0e4d9eee0eee1bd381
TH-ENRICH-TX-SENIOR-2026-09-30-IDR2,TX|HHSC|TX_DAHS_ISS_ONLY|111001,HHSC_LICENSE_NUMBER,310901,YES,2026-02-15,2029-02-15,1de6e81addd37ea016be4c2cdbd50a08648f2348c694ef0e4d9eee0eee1bd381
TH-ENRICH-TX-SENIOR-2026-09-30-IDR2,TX|HHSC|TX_DAHS_ISS_ONLY|112101,HHSC_LICENSE_NUMBER,313006,YES,2026-04-10,2029-04-10,1de6e81addd37ea016be4c2cdbd50a08648f2348c694ef0e4d9eee0eee1bd381
TH-ENRICH-TX-SENIOR-2026-09-30-IDR2,TX|HHSC|TX_DAHS_ISS_ONLY|111288,HHSC_LICENSE_NUMBER,311200,YES,2026-03-14,2029-03-14,1de6e81addd37ea016be4c2cdbd50a08648f2348c694ef0e4d9eee0eee1bd381
TH-ENRICH-TX-SENIOR-2026-09-30-IDR2,TX|HHSC|TX_DAHS_ISS_ONLY|112165,HHSC_LICENSE_NUMBER,313200,YES,2026-07-14,2027-01-10,1de6e81addd37ea016be4c2cdbd50a08648f2348c694ef0e4d9eee0eee1bd381
TH-ENRICH-TX-SENIOR-2026-09-30-IDR2,TX|HHSC|TX_DAHS_ISS_ONLY|112027,HHSC_LICENSE_NUMBER,312815,YES,2025-12-12,2026-12-03,1de6e81addd37ea016be4c2cdbd50a08648f2348c694ef0e4d9eee0eee1bd381
TH-ENRICH-TX-SENIOR-2026-09-30-IDR2,TX|HHSC|TX_DAHS_ISS_ONLY|111312,HHSC_LICENSE_NUMBER,311227,YES,2026-03-01,2029-03-01,1de6e81addd37ea016be4c2cdbd50a08648f2348c694ef0e4d9eee0eee1bd381
TH-ENRICH-TX-SENIOR-2026-09-30-IDR2,TX|HHSC|TX_DAHS_ISS_ONLY|112019,HHSC_LICENSE_NUMBER,312788,YES,2025-12-01,2028-12-01,1de6e81addd37ea016be4c2cdbd50a08648f2348c694ef0e4d9eee0eee1bd381
TH-ENRICH-TX-SENIOR-2026-09-30-IDR2,TX|HHSC|TX_DAHS_ISS_ONLY|112194,HHSC_LICENSE_NUMBER,313247,YES,2026-08-21,2027-02-17,1de6e81addd37ea016be4c2cdbd50a08648f2348c694ef0e4d9eee0eee1bd381
TH-ENRICH-TX-SENIOR-2026-09-30-IDR2,TX|HHSC|TX_DAHS_ISS_ONLY|112135,HHSC_LICENSE_NUMBER,313075,YES,2026-05-19,2026-11-18,1de6e81addd37ea016be4c2cdbd50a08648f2348c694ef0e4d9eee0eee1bd381
TH-ENRICH-TX-SENIOR-2026-09-30-IDR2,TX|HHSC|TX_DAHS_ISS_ONLY|111921,HHSC_LICENSE_NUMBER,312541,YES,2025-07-14,2028-07-14,1de6e81addd37ea016be4c2cdbd50a08648f2348c694ef0e4d9eee0eee1bd381
TH-ENRICH-TX-SENIOR-2026-09-30-IDR2,TX|HHSC|TX_DAHS_ISS_ONLY|111913,HHSC_LICENSE_NUMBER,312524,YES,2025-07-01,2028-07-01,1de6e81addd37ea016be4c2cdbd50a08648f2348c694ef0e4d9eee0eee1bd381
TH-ENRICH-TX-SENIOR-2026-09-30-IDR2,TX|HHSC|TX_DAHS_ISS_ONLY|111205,HHSC_LICENSE_NUMBER,311109,YES,2025-03-01,2028-03-01,1de6e81addd37ea016be4c2cdbd50a08648f2348c694ef0e4d9eee0eee1bd381
TH-ENRICH-TX-SENIOR-2026-09-30-IDR2,TX|HHSC|TX_DAHS_ISS_ONLY|111385,HHSC_LICENSE_NUMBER,311344,YES,2024-04-26,2027-04-26,1de6e81addd37ea016be4c2cdbd50a08648f2348c694ef0e4d9eee0eee1bd381
TH-ENRICH-TX-SENIOR-2026-09-30-IDR2,TX|HHSC|TX_DAHS_ISS_ONLY|112201,HHSC_LICENSE_NUMBER,313257,YES,2026-09-02,2027-03-01,1de6e81addd37ea016be4c2cdbd50a08648f2348c694ef0e4d9eee0eee1bd381
TH-ENRICH-TX-SENIOR-2026-09-30-IDR2,TX|HHSC|TX_DAHS_ISS_ONLY|110969,HHSC_LICENSE_NUMBER,310870,YES,2024-02-13,2027-02-13,1de6e81addd37ea016be4c2cdbd50a08648f2348c694ef0e4d9eee0eee1bd381
TH-ENRICH-TX-SENIOR-2026-09-30-IDR2,TX|HHSC|TX_DAHS_ISS_ONLY|111002,HHSC_LICENSE_NUMBER,310902,YES,2026-02-15,2029-02-15,1de6e81addd37ea016be4c2cdbd50a08648f2348c694ef0e4d9eee0eee1bd381
TH-ENRICH-TX-SENIOR-2026-09-30-IDR2,TX|HHSC|TX_DAHS_ISS_ONLY|111138,HHSC_LICENSE_NUMBER,311040,YES,2026-02-27,2029-02-27,1de6e81addd37ea016be4c2cdbd50a08648f2348c694ef0e4d9eee0eee1bd381
TH-ENRICH-TX-SENIOR-2026-09-30-IDR2,TX|HHSC|TX_DAHS_ISS_ONLY|110936,HHSC_LICENSE_NUMBER,310837,YES,2025-02-10,2028-02-10,1de6e81addd37ea016be4c2cdbd50a08648f2348c694ef0e4d9eee0eee1bd381
TH-ENRICH-TX-SENIOR-2026-09-30-IDR2,TX|HHSC|TX_DAHS_ISS_ONLY|111088,HHSC_LICENSE_NUMBER,310990,YES,2025-02-22,2028-02-22,1de6e81addd37ea016be4c2cdbd50a08648f2348c694ef0e4d9eee0eee1bd381
TH-ENRICH-TX-SENIOR-2026-09-30-IDR2,TX|HHSC|TX_DAHS_ISS_ONLY|111183,HHSC_LICENSE_NUMBER,311087,YES,2025-02-28,2028-02-28,1de6e81addd37ea016be4c2cdbd50a08648f2348c694ef0e4d9eee0eee1bd381
TH-ENRICH-TX-SENIOR-2026-09-30-IDR2,TX|HHSC|TX_DAHS_ISS_ONLY|111718,HHSC_LICENSE_NUMBER,312086,YES,2026-09-09,2029-09-09,1de6e81addd37ea016be4c2cdbd50a08648f2348c694ef0e4d9eee0eee1bd381
TH-ENRICH-TX-SENIOR-2026-09-30-IDR2,TX|HHSC|TX_DAHS_ISS_ONLY|111369,HHSC_LICENSE_NUMBER,311324,YES,2026-04-21,2029-04-21,1de6e81addd37ea016be4c2cdbd50a08648f2348c694ef0e4d9eee0eee1bd381
TH-ENRICH-TX-SENIOR-2026-09-30-IDR2,TX|HHSC|TX_DAHS_ISS_ONLY|110854,HHSC_LICENSE_NUMBER,310751,YES,2024-04-06,2027-04-06,1de6e81addd37ea016be4c2cdbd50a08648f2348c694ef0e4d9eee0eee1bd381
TH-ENRICH-TX-SENIOR-2026-09-30-IDR2,TX|HHSC|TX_DAHS_ISS_ONLY|110808,HHSC_LICENSE_NUMBER,310703,YES,2024-01-27,2027-01-27,1de6e81addd37ea016be4c2cdbd50a08648f2348c694ef0e4d9eee0eee1bd381
TH-ENRICH-TX-SENIOR-2026-09-30-IDR2,TX|HHSC|TX_DAHS_ISS_ONLY|112080,HHSC_LICENSE_NUMBER,312940,YES,2026-03-13,2026-12-16,1de6e81addd37ea016be4c2cdbd50a08648f2348c694ef0e4d9eee0eee1bd381
TH-ENRICH-TX-SENIOR-2026-09-30-IDR2,TX|HHSC|TX_DAHS_ISS_ONLY|110711,HHSC_LICENSE_NUMBER,310583,YES,2027-01-02,2030-01-02,1de6e81addd37ea016be4c2cdbd50a08648f2348c694ef0e4d9eee0eee1bd381
TH-ENRICH-TX-SENIOR-2026-09-30-IDR2,TX|HHSC|TX_DAHS_ISS_ONLY|111064,HHSC_LICENSE_NUMBER,310965,YES,2025-02-21,2028-02-21,1de6e81addd37ea016be4c2cdbd50a08648f2348c694ef0e4d9eee0eee1bd381
TH-ENRICH-TX-SENIOR-2026-09-30-IDR2,TX|HHSC|TX_DAHS_ISS_ONLY|110774,HHSC_LICENSE_NUMBER,310662,YES,2026-01-23,2029-01-23,1de6e81addd37ea016be4c2cdbd50a08648f2348c694ef0e4d9eee0eee1bd381
TH-ENRICH-TX-SENIOR-2026-09-30-IDR2,TX|HHSC|TX_DAHS_ISS_ONLY|110971,HHSC_LICENSE_NUMBER,310872,YES,2026-02-13,2029-02-13,1de6e81addd37ea016be4c2cdbd50a08648f2348c694ef0e4d9eee0eee1bd381
TH-ENRICH-TX-SENIOR-2026-09-30-IDR2,TX|HHSC|TX_DAHS_ISS_ONLY|111006,HHSC_LICENSE_NUMBER,310906,YES,2025-05-23,2028-05-23,1de6e81addd37ea016be4c2cdbd50a08648f2348c694ef0e4d9eee0eee1bd381
TH-ENRICH-TX-SENIOR-2026-09-30-IDR2,TX|HHSC|TX_DAHS_ISS_ONLY|110863,HHSC_LICENSE_NUMBER,310760,YES,2025-02-04,2028-02-04,1de6e81addd37ea016be4c2cdbd50a08648f2348c694ef0e4d9eee0eee1bd381
TH-ENRICH-TX-SENIOR-2026-09-30-IDR2,TX|HHSC|TX_DAHS_ISS_ONLY|111777,HHSC_LICENSE_NUMBER,312190,YES,2025-11-08,2028-11-08,1de6e81addd37ea016be4c2cdbd50a08648f2348c694ef0e4d9eee0eee1bd381
TH-ENRICH-TX-SENIOR-2026-09-30-IDR2,TX|HHSC|TX_DAHS_ISS_ONLY|111446,HHSC_LICENSE_NUMBER,311435,YES,2024-05-30,2027-05-30,1de6e81addd37ea016be4c2cdbd50a08648f2348c694ef0e4d9eee0eee1bd381
TH-ENRICH-TX-SENIOR-2026-09-30-IDR2,TX|HHSC|TX_DAHS_ISS_ONLY|111873,HHSC_LICENSE_NUMBER,312436,YES,2025-04-29,2028-04-29,1de6e81addd37ea016be4c2cdbd50a08648f2348c694ef0e4d9eee0eee1bd381
TH-ENRICH-TX-SENIOR-2026-09-30-IDR2,TX|HHSC|TX_DAHS_ISS_ONLY|111192,HHSC_LICENSE_NUMBER,311096,YES,2025-05-22,2028-05-22,1de6e81addd37ea016be4c2cdbd50a08648f2348c694ef0e4d9eee0eee1bd381
TH-ENRICH-TX-SENIOR-2026-09-30-IDR2,TX|HHSC|TX_DAHS_ISS_ONLY|111592,HHSC_LICENSE_NUMBER,311698,YES,2025-12-18,2028-12-18,1de6e81addd37ea016be4c2cdbd50a08648f2348c694ef0e4d9eee0eee1bd381
TH-ENRICH-TX-SENIOR-2026-09-30-IDR2,TX|HHSC|TX_DAHS_ISS_ONLY|110919,HHSC_LICENSE_NUMBER,310818,YES,2025-02-09,2028-02-09,1de6e81addd37ea016be4c2cdbd50a08648f2348c694ef0e4d9eee0eee1bd381
TH-ENRICH-TX-SENIOR-2026-09-30-IDR2,TX|HHSC|TX_DAHS_ISS_ONLY|111408,HHSC_LICENSE_NUMBER,311374,YES,2026-05-03,2029-05-03,1de6e81addd37ea016be4c2cdbd50a08648f2348c694ef0e4d9eee0eee1bd381
TH-ENRICH-TX-SENIOR-2026-09-30-IDR2,TX|HHSC|TX_DAHS_ISS_ONLY|111872,HHSC_LICENSE_NUMBER,312431,YES,2025-04-28,2028-04-28,1de6e81addd37ea016be4c2cdbd50a08648f2348c694ef0e4d9eee0eee1bd381
TH-ENRICH-TX-SENIOR-2026-09-30-IDR2,TX|HHSC|TX_DAHS_ISS_ONLY|110833,HHSC_LICENSE_NUMBER,310729,YES,2026-02-01,2029-02-01,1de6e81addd37ea016be4c2cdbd50a08648f2348c694ef0e4d9eee0eee1bd381
TH-ENRICH-TX-SENIOR-2026-09-30-IDR2,TX|HHSC|TX_DAHS_ISS_ONLY|111166,HHSC_LICENSE_NUMBER,311070,YES,2023-02-28,2026-02-28,1de6e81addd37ea016be4c2cdbd50a08648f2348c694ef0e4d9eee0eee1bd381
TH-ENRICH-TX-SENIOR-2026-09-30-IDR2,TX|HHSC|TX_DAHS_ISS_ONLY|111688,HHSC_LICENSE_NUMBER,312015,YES,2026-07-10,2029-07-10,1de6e81addd37ea016be4c2cdbd50a08648f2348c694ef0e4d9eee0eee1bd381
TH-ENRICH-TX-SENIOR-2026-09-30-IDR2,TX|HHSC|TX_DAHS_ISS_ONLY|112093,HHSC_LICENSE_NUMBER,312992,YES,2026-04-03,2029-04-03,1de6e81addd37ea016be4c2cdbd50a08648f2348c694ef0e4d9eee0eee1bd381
TH-ENRICH-TX-SENIOR-2026-09-30-IDR2,TX|HHSC|TX_DAHS_ISS_ONLY|111112,HHSC_LICENSE_NUMBER,311014,YES,2026-04-26,2029-04-26,1de6e81addd37ea016be4c2cdbd50a08648f2348c694ef0e4d9eee0eee1bd381
TH-ENRICH-TX-SENIOR-2026-09-30-IDR2,TX|HHSC|TX_DAHS_ISS_ONLY|110866,HHSC_LICENSE_NUMBER,310763,YES,2026-02-04,2029-02-04,1de6e81addd37ea016be4c2cdbd50a08648f2348c694ef0e4d9eee0eee1bd381
TH-ENRICH-TX-SENIOR-2026-09-30-IDR2,TX|HHSC|TX_DAHS_ISS_ONLY|110847,HHSC_LICENSE_NUMBER,310743,YES,2026-02-02,2029-02-02,1de6e81addd37ea016be4c2cdbd50a08648f2348c694ef0e4d9eee0eee1bd381
TH-ENRICH-TX-SENIOR-2026-09-30-IDR2,TX|HHSC|TX_DAHS_ISS_ONLY|111234,HHSC_LICENSE_NUMBER,311138,YES,2023-11-15,2026-11-15,1de6e81addd37ea016be4c2cdbd50a08648f2348c694ef0e4d9eee0eee1bd381
TH-ENRICH-TX-SENIOR-2026-09-30-IDR2,TX|HHSC|TX_DAHS_ISS_ONLY|111214,HHSC_LICENSE_NUMBER,311118,YES,2024-03-01,2027-03-01,1de6e81addd37ea016be4c2cdbd50a08648f2348c694ef0e4d9eee0eee1bd381
TH-ENRICH-TX-SENIOR-2026-09-30-IDR2,TX|HHSC|TX_DAHS_ISS_ONLY|111434,HHSC_LICENSE_NUMBER,311410,YES,2025-05-17,2028-05-17,1de6e81addd37ea016be4c2cdbd50a08648f2348c694ef0e4d9eee0eee1bd381
TH-ENRICH-TX-SENIOR-2026-09-30-IDR2,TX|HHSC|TX_DAHS_ISS_ONLY|111310,HHSC_LICENSE_NUMBER,311225,YES,2025-03-20,2028-03-20,1de6e81addd37ea016be4c2cdbd50a08648f2348c694ef0e4d9eee0eee1bd381
TH-ENRICH-TX-SENIOR-2026-09-30-IDR2,TX|HHSC|TX_DAHS_ISS_ONLY|111343,HHSC_LICENSE_NUMBER,311274,YES,2024-04-05,2027-04-05,1de6e81addd37ea016be4c2cdbd50a08648f2348c694ef0e4d9eee0eee1bd381
TH-ENRICH-TX-SENIOR-2026-09-30-IDR2,TX|HHSC|TX_DAHS_ISS_ONLY|110743,HHSC_LICENSE_NUMBER,310622,YES,2024-01-13,2027-01-13,1de6e81addd37ea016be4c2cdbd50a08648f2348c694ef0e4d9eee0eee1bd381
TH-ENRICH-TX-SENIOR-2026-09-30-IDR2,TX|HHSC|TX_DAHS_ISS_ONLY|110925,HHSC_LICENSE_NUMBER,310824,YES,2024-05-15,2027-05-15,1de6e81addd37ea016be4c2cdbd50a08648f2348c694ef0e4d9eee0eee1bd381
TH-ENRICH-TX-SENIOR-2026-09-30-IDR2,TX|HHSC|TX_DAHS_ISS_ONLY|110794,HHSC_LICENSE_NUMBER,310687,YES,2025-01-25,2028-01-25,1de6e81addd37ea016be4c2cdbd50a08648f2348c694ef0e4d9eee0eee1bd381
TH-ENRICH-TX-SENIOR-2026-09-30-IDR2,TX|HHSC|TX_DAHS_ISS_ONLY|111118,HHSC_LICENSE_NUMBER,311020,YES,2024-02-24,2027-02-24,1de6e81addd37ea016be4c2cdbd50a08648f2348c694ef0e4d9eee0eee1bd381
TH-ENRICH-TX-SENIOR-2026-09-30-IDR2,TX|HHSC|TX_DAHS_ISS_ONLY|110888,HHSC_LICENSE_NUMBER,310787,YES,2025-02-07,2028-02-07,1de6e81addd37ea016be4c2cdbd50a08648f2348c694ef0e4d9eee0eee1bd381
TH-ENRICH-TX-SENIOR-2026-09-30-IDR2,TX|HHSC|TX_DAHS_ISS_ONLY|110878,HHSC_LICENSE_NUMBER,310775,YES,2025-02-06,2028-02-06,1de6e81addd37ea016be4c2cdbd50a08648f2348c694ef0e4d9eee0eee1bd381
TH-ENRICH-TX-SENIOR-2026-09-30-IDR2,TX|HHSC|TX_DAHS_ISS_ONLY|110740,HHSC_LICENSE_NUMBER,310619,YES,2027-01-13,2030-01-13,1de6e81addd37ea016be4c2cdbd50a08648f2348c694ef0e4d9eee0eee1bd381
TH-ENRICH-TX-SENIOR-2026-09-30-IDR2,TX|HHSC|TX_DAHS_ISS_ONLY|111248,HHSC_LICENSE_NUMBER,311155,YES,2025-03-07,2028-03-07,1de6e81addd37ea016be4c2cdbd50a08648f2348c694ef0e4d9eee0eee1bd381
TH-ENRICH-TX-SENIOR-2026-09-30-IDR2,TX|HHSC|TX_DAHS_ISS_ONLY|112215,HHSC_LICENSE_NUMBER,313298,YES,2026-09-17,2027-03-16,1de6e81addd37ea016be4c2cdbd50a08648f2348c694ef0e4d9eee0eee1bd381
TH-ENRICH-TX-SENIOR-2026-09-30-IDR2,TX|HHSC|TX_DAHS_ISS_ONLY|111196,HHSC_LICENSE_NUMBER,311100,YES,2026-03-01,2029-03-01,1de6e81addd37ea016be4c2cdbd50a08648f2348c694ef0e4d9eee0eee1bd381
TH-ENRICH-TX-SENIOR-2026-09-30-IDR2,TX|HHSC|TX_DAHS_ISS_ONLY|110865,HHSC_LICENSE_NUMBER,310762,YES,2024-02-04,2027-02-04,1de6e81addd37ea016be4c2cdbd50a08648f2348c694ef0e4d9eee0eee1bd381
TH-ENRICH-TX-SENIOR-2026-09-30-IDR2,TX|HHSC|TX_DAHS_ISS_ONLY|110824,HHSC_LICENSE_NUMBER,310720,YES,2024-01-31,2027-01-31,1de6e81addd37ea016be4c2cdbd50a08648f2348c694ef0e4d9eee0eee1bd381
TH-ENRICH-TX-SENIOR-2026-09-30-IDR2,TX|HHSC|TX_DAHS_ISS_ONLY|110905,HHSC_LICENSE_NUMBER,310805,YES,2025-08-13,2028-02-08,1de6e81addd37ea016be4c2cdbd50a08648f2348c694ef0e4d9eee0eee1bd381
TH-ENRICH-TX-SENIOR-2026-09-30-IDR2,TX|HHSC|TX_DAHS_ISS_ONLY|111141,HHSC_LICENSE_NUMBER,311044,YES,2026-04-02,2027-02-27,1de6e81addd37ea016be4c2cdbd50a08648f2348c694ef0e4d9eee0eee1bd381
TH-ENRICH-TX-SENIOR-2026-09-30-IDR2,TX|HHSC|TX_DAHS_ISS_ONLY|111159,HHSC_LICENSE_NUMBER,311063,YES,2025-02-28,2028-02-28,1de6e81addd37ea016be4c2cdbd50a08648f2348c694ef0e4d9eee0eee1bd381
TH-ENRICH-TX-SENIOR-2026-09-30-IDR2,TX|HHSC|TX_DAHS_ISS_ONLY|111114,HHSC_LICENSE_NUMBER,311016,YES,2026-02-24,2029-02-24,1de6e81addd37ea016be4c2cdbd50a08648f2348c694ef0e4d9eee0eee1bd381
TH-ENRICH-TX-SENIOR-2026-09-30-IDR2,TX|HHSC|TX_DAHS_ISS_ONLY|110764,HHSC_LICENSE_NUMBER,310650,YES,2024-04-05,2027-04-05,1de6e81addd37ea016be4c2cdbd50a08648f2348c694ef0e4d9eee0eee1bd381
TH-ENRICH-TX-SENIOR-2026-09-30-IDR2,TX|HHSC|TX_DAHS_ISS_ONLY|110797,HHSC_LICENSE_NUMBER,310691,YES,2026-01-26,2029-01-26,1de6e81addd37ea016be4c2cdbd50a08648f2348c694ef0e4d9eee0eee1bd381
TH-ENRICH-TX-SENIOR-2026-09-30-IDR2,TX|HHSC|TX_DAHS_ISS_ONLY|110848,HHSC_LICENSE_NUMBER,310744,YES,2024-06-15,2027-06-15,1de6e81addd37ea016be4c2cdbd50a08648f2348c694ef0e4d9eee0eee1bd381
TH-ENRICH-TX-SENIOR-2026-09-30-IDR2,TX|HHSC|TX_DAHS_ISS_ONLY|111226,HHSC_LICENSE_NUMBER,311130,YES,2025-03-02,2028-03-02,1de6e81addd37ea016be4c2cdbd50a08648f2348c694ef0e4d9eee0eee1bd381
TH-ENRICH-TX-SENIOR-2026-09-30-IDR2,TX|HHSC|TX_DAHS_ISS_ONLY|111652,HHSC_LICENSE_NUMBER,311914,YES,2024-04-23,2027-04-23,1de6e81addd37ea016be4c2cdbd50a08648f2348c694ef0e4d9eee0eee1bd381
TH-ENRICH-TX-SENIOR-2026-09-30-IDR2,TX|HHSC|TX_DAHS_ISS_ONLY|111238,HHSC_LICENSE_NUMBER,311143,YES,2026-03-06,2029-03-06,1de6e81addd37ea016be4c2cdbd50a08648f2348c694ef0e4d9eee0eee1bd381
TH-ENRICH-TX-SENIOR-2026-09-30-IDR2,TX|HHSC|TX_DAHS_ISS_ONLY|111869,HHSC_LICENSE_NUMBER,312427,YES,2025-04-24,2028-04-24,1de6e81addd37ea016be4c2cdbd50a08648f2348c694ef0e4d9eee0eee1bd381
TH-ENRICH-TX-SENIOR-2026-09-30-IDR2,TX|HHSC|TX_DAHS_ISS_ONLY|110958,HHSC_LICENSE_NUMBER,310859,YES,2025-03-17,2028-03-17,1de6e81addd37ea016be4c2cdbd50a08648f2348c694ef0e4d9eee0eee1bd381
TH-ENRICH-TX-SENIOR-2026-09-30-IDR2,TX|HHSC|TX_DAHS_ISS_ONLY|111160,HHSC_LICENSE_NUMBER,311064,YES,2025-02-28,2028-02-28,1de6e81addd37ea016be4c2cdbd50a08648f2348c694ef0e4d9eee0eee1bd381
TH-ENRICH-TX-SENIOR-2026-09-30-IDR2,TX|HHSC|TX_DAHS_ISS_ONLY|111236,HHSC_LICENSE_NUMBER,311141,YES,2023-03-06,2025-08-22,1de6e81addd37ea016be4c2cdbd50a08648f2348c694ef0e4d9eee0eee1bd381
TH-ENRICH-TX-SENIOR-2026-09-30-IDR2,TX|HHSC|TX_DAHS_ISS_ONLY|110893,HHSC_LICENSE_NUMBER,310792,YES,2023-02-08,2026-02-08,1de6e81addd37ea016be4c2cdbd50a08648f2348c694ef0e4d9eee0eee1bd381
TH-ENRICH-TX-SENIOR-2026-09-30-IDR2,TX|HHSC|TX_DAHS_ISS_ONLY|111184,HHSC_LICENSE_NUMBER,312912,YES,2025-02-28,2028-02-28,1de6e81addd37ea016be4c2cdbd50a08648f2348c694ef0e4d9eee0eee1bd381
TH-ENRICH-TX-SENIOR-2026-09-30-IDR2,TX|HHSC|TX_DAHS_ISS_ONLY|111237,HHSC_LICENSE_NUMBER,311142,YES,2024-03-06,2027-03-06,1de6e81addd37ea016be4c2cdbd50a08648f2348c694ef0e4d9eee0eee1bd381
TH-ENRICH-TX-SENIOR-2026-09-30-IDR2,TX|HHSC|TX_DAHS_ISS_ONLY|112147,HHSC_LICENSE_NUMBER,313142,YES,2026-06-10,2029-06-10,1de6e81addd37ea016be4c2cdbd50a08648f2348c694ef0e4d9eee0eee1bd381
TH-ENRICH-TX-SENIOR-2026-09-30-IDR2,TX|HHSC|TX_DAHS_ISS_ONLY|111765,HHSC_LICENSE_NUMBER,312149,YES,2024-10-15,2027-10-15,1de6e81addd37ea016be4c2cdbd50a08648f2348c694ef0e4d9eee0eee1bd381
TH-ENRICH-TX-SENIOR-2026-09-30-IDR2,TX|HHSC|TX_DAHS_ISS_ONLY|111833,HHSC_LICENSE_NUMBER,312343,YES,2025-02-21,2026-11-13,1de6e81addd37ea016be4c2cdbd50a08648f2348c694ef0e4d9eee0eee1bd381
TH-ENRICH-TX-SENIOR-2026-09-30-IDR2,TX|HHSC|TX_DAHS_ISS_ONLY|111724,HHSC_LICENSE_NUMBER,312092,YES,2025-01-08,2027-12-08,1de6e81addd37ea016be4c2cdbd50a08648f2348c694ef0e4d9eee0eee1bd381
TH-ENRICH-TX-SENIOR-2026-09-30-IDR2,TX|HHSC|TX_DAHS_ISS_ONLY|111750,HHSC_LICENSE_NUMBER,312124,YES,2024-09-17,2026-09-28,1de6e81addd37ea016be4c2cdbd50a08648f2348c694ef0e4d9eee0eee1bd381
TH-ENRICH-TX-SENIOR-2026-09-30-IDR2,TX|HHSC|TX_DAHS_ISS_ONLY|110946,HHSC_LICENSE_NUMBER,310847,YES,2024-08-11,2027-08-11,1de6e81addd37ea016be4c2cdbd50a08648f2348c694ef0e4d9eee0eee1bd381
TH-ENRICH-TX-SENIOR-2026-09-30-IDR2,TX|HHSC|TX_DAHS_ISS_ONLY|112039,HHSC_LICENSE_NUMBER,312841,YES,2026-01-23,2029-01-23,1de6e81addd37ea016be4c2cdbd50a08648f2348c694ef0e4d9eee0eee1bd381
TH-ENRICH-TX-SENIOR-2026-09-30-IDR2,TX|HHSC|TX_DAHS_ISS_ONLY|111535,HHSC_LICENSE_NUMBER,311574,YES,2023-08-17,2026-11-13,1de6e81addd37ea016be4c2cdbd50a08648f2348c694ef0e4d9eee0eee1bd381
TH-ENRICH-TX-SENIOR-2026-09-30-IDR2,TX|HHSC|TX_DAHS_ISS_ONLY|110707,HHSC_LICENSE_NUMBER,310579,YES,2025-04-25,2028-04-25,1de6e81addd37ea016be4c2cdbd50a08648f2348c694ef0e4d9eee0eee1bd381
TH-ENRICH-TX-SENIOR-2026-09-30-IDR2,TX|HHSC|TX_DAHS_ISS_ONLY|111152,HHSC_LICENSE_NUMBER,311056,YES,2024-02-28,2027-02-28,1de6e81addd37ea016be4c2cdbd50a08648f2348c694ef0e4d9eee0eee1bd381
TH-ENRICH-TX-SENIOR-2026-09-30-IDR2,TX|HHSC|TX_DAHS_ISS_ONLY|111250,HHSC_LICENSE_NUMBER,311157,YES,2026-03-08,2029-03-08,1de6e81addd37ea016be4c2cdbd50a08648f2348c694ef0e4d9eee0eee1bd381
TH-ENRICH-TX-SENIOR-2026-09-30-IDR2,TX|HHSC|TX_DAHS_ISS_ONLY|111097,HHSC_LICENSE_NUMBER,310999,YES,2025-02-23,2028-02-23,1de6e81addd37ea016be4c2cdbd50a08648f2348c694ef0e4d9eee0eee1bd381
TH-ENRICH-TX-SENIOR-2026-09-30-IDR2,TX|HHSC|TX_DAHS_ISS_ONLY|111145,HHSC_LICENSE_NUMBER,311049,YES,2025-03-14,2028-03-14,1de6e81addd37ea016be4c2cdbd50a08648f2348c694ef0e4d9eee0eee1bd381
TH-ENRICH-TX-SENIOR-2026-09-30-IDR2,TX|HHSC|TX_DAHS_ISS_ONLY|112160,HHSC_LICENSE_NUMBER,311683,YES,2026-03-19,2028-11-21,1de6e81addd37ea016be4c2cdbd50a08648f2348c694ef0e4d9eee0eee1bd381
TH-ENRICH-TX-SENIOR-2026-09-30-IDR2,TX|HHSC|TX_DAHS_ISS_ONLY|112107,HHSC_LICENSE_NUMBER,313018,YES,2026-04-15,2026-10-12,1de6e81addd37ea016be4c2cdbd50a08648f2348c694ef0e4d9eee0eee1bd381
TH-ENRICH-TX-SENIOR-2026-09-30-IDR2,TX|HHSC|TX_DAHS_ISS_ONLY|112123,HHSC_LICENSE_NUMBER,313053,YES,2026-05-07,2026-11-03,1de6e81addd37ea016be4c2cdbd50a08648f2348c694ef0e4d9eee0eee1bd381
TH-ENRICH-TX-SENIOR-2026-09-30-IDR2,TX|HHSC|TX_DAHS_ISS_ONLY|111228,HHSC_LICENSE_NUMBER,311132,YES,2024-03-02,2027-03-02,1de6e81addd37ea016be4c2cdbd50a08648f2348c694ef0e4d9eee0eee1bd381
TH-ENRICH-TX-SENIOR-2026-09-30-IDR2,TX|HHSC|TX_DAHS_ISS_ONLY|111543,HHSC_LICENSE_NUMBER,311587,YES,2023-08-30,2026-08-27,1de6e81addd37ea016be4c2cdbd50a08648f2348c694ef0e4d9eee0eee1bd381
TH-ENRICH-TX-SENIOR-2026-09-30-IDR2,TX|HHSC|TX_DAHS_ISS_ONLY|111646,HHSC_LICENSE_NUMBER,311893,YES,2024-04-03,2026-04-03,1de6e81addd37ea016be4c2cdbd50a08648f2348c694ef0e4d9eee0eee1bd381
TH-ENRICH-TX-SENIOR-2026-09-30-IDR2,TX|HHSC|TX_DAHS_ISS_ONLY|111661,HHSC_LICENSE_NUMBER,311941,YES,2026-05-09,2029-05-09,1de6e81addd37ea016be4c2cdbd50a08648f2348c694ef0e4d9eee0eee1bd381
TH-ENRICH-TX-SENIOR-2026-09-30-IDR2,TX|HHSC|TX_DAHS_ISS_ONLY|110968,HHSC_LICENSE_NUMBER,310869,YES,2025-02-13,2028-02-13,1de6e81addd37ea016be4c2cdbd50a08648f2348c694ef0e4d9eee0eee1bd381
TH-ENRICH-TX-SENIOR-2026-09-30-IDR2,TX|HHSC|TX_DAHS_ISS_ONLY|110877,HHSC_LICENSE_NUMBER,310774,YES,2025-02-28,2028-02-28,1de6e81addd37ea016be4c2cdbd50a08648f2348c694ef0e4d9eee0eee1bd381
TH-ENRICH-TX-SENIOR-2026-09-30-IDR2,TX|HHSC|TX_DAHS_ISS_ONLY|112015,HHSC_LICENSE_NUMBER,312771,YES,2025-11-19,2028-11-19,1de6e81addd37ea016be4c2cdbd50a08648f2348c694ef0e4d9eee0eee1bd381
TH-ENRICH-TX-SENIOR-2026-09-30-IDR2,TX|HHSC|TX_DAHS_ISS_ONLY|111128,HHSC_LICENSE_NUMBER,311030,YES,2023-02-27,2026-02-27,1de6e81addd37ea016be4c2cdbd50a08648f2348c694ef0e4d9eee0eee1bd381
TH-ENRICH-TX-SENIOR-2026-09-30-IDR2,TX|HHSC|TX_DAHS_ISS_ONLY|112022,HHSC_LICENSE_NUMBER,312805,YES,2025-12-09,2028-12-09,1de6e81addd37ea016be4c2cdbd50a08648f2348c694ef0e4d9eee0eee1bd381
TH-ENRICH-TX-SENIOR-2026-09-30-IDR2,TX|HHSC|TX_DAHS_ISS_ONLY|110747,HHSC_LICENSE_NUMBER,310627,YES,2025-01-17,2028-01-17,1de6e81addd37ea016be4c2cdbd50a08648f2348c694ef0e4d9eee0eee1bd381
TH-ENRICH-TX-SENIOR-2026-09-30-IDR2,TX|HHSC|TX_DAHS_ISS_ONLY|110859,HHSC_LICENSE_NUMBER,310756,YES,2023-02-03,2026-02-03,1de6e81addd37ea016be4c2cdbd50a08648f2348c694ef0e4d9eee0eee1bd381
TH-ENRICH-TX-SENIOR-2026-09-30-IDR2,TX|HHSC|TX_DAHS_ISS_ONLY|111022,HHSC_LICENSE_NUMBER,310921,YES,2026-02-16,2029-02-16,1de6e81addd37ea016be4c2cdbd50a08648f2348c694ef0e4d9eee0eee1bd381
TH-ENRICH-TX-SENIOR-2026-09-30-IDR2,TX|HHSC|TX_DAHS_ISS_ONLY|111491,HHSC_LICENSE_NUMBER,311493,YES,2023-06-30,2026-06-30,1de6e81addd37ea016be4c2cdbd50a08648f2348c694ef0e4d9eee0eee1bd381
TH-ENRICH-TX-SENIOR-2026-09-30-IDR2,TX|HHSC|TX_DAHS_ISS_ONLY|112220,HHSC_LICENSE_NUMBER,313309,YES,2026-09-22,2027-03-21,1de6e81addd37ea016be4c2cdbd50a08648f2348c694ef0e4d9eee0eee1bd381
TH-ENRICH-TX-SENIOR-2026-09-30-IDR2,TX|HHSC|TX_DAHS_ISS_ONLY|110750,HHSC_LICENSE_NUMBER,310632,YES,2026-01-18,2029-01-18,1de6e81addd37ea016be4c2cdbd50a08648f2348c694ef0e4d9eee0eee1bd381
TH-ENRICH-TX-SENIOR-2026-09-30-IDR2,TX|HHSC|TX_DAHS_ISS_ONLY|111770,HHSC_LICENSE_NUMBER,312167,YES,2024-10-30,2027-10-30,1de6e81addd37ea016be4c2cdbd50a08648f2348c694ef0e4d9eee0eee1bd381
TH-ENRICH-TX-SENIOR-2026-09-30-IDR2,TX|HHSC|TX_DAHS_ISS_ONLY|111759,HHSC_LICENSE_NUMBER,312141,YES,2026-10-04,2029-10-04,1de6e81addd37ea016be4c2cdbd50a08648f2348c694ef0e4d9eee0eee1bd381
TH-ENRICH-TX-SENIOR-2026-09-30-IDR2,TX|HHSC|TX_DAHS_ISS_ONLY|111102,HHSC_LICENSE_NUMBER,311004,YES,2025-02-24,2028-02-24,1de6e81addd37ea016be4c2cdbd50a08648f2348c694ef0e4d9eee0eee1bd381
TH-ENRICH-TX-SENIOR-2026-09-30-IDR2,TX|HHSC|TX_DAHS_ISS_ONLY|111221,HHSC_LICENSE_NUMBER,311125,YES,2025-03-01,2028-03-01,1de6e81addd37ea016be4c2cdbd50a08648f2348c694ef0e4d9eee0eee1bd381
TH-ENRICH-TX-SENIOR-2026-09-30-IDR2,TX|HHSC|TX_DAHS_ISS_ONLY|110907,HHSC_LICENSE_NUMBER,310807,YES,2026-02-08,2029-02-08,1de6e81addd37ea016be4c2cdbd50a08648f2348c694ef0e4d9eee0eee1bd381
TH-ENRICH-TX-SENIOR-2026-09-30-IDR2,TX|HHSC|TX_DAHS_ISS_ONLY|110864,HHSC_LICENSE_NUMBER,310761,YES,2026-02-04,2029-02-04,1de6e81addd37ea016be4c2cdbd50a08648f2348c694ef0e4d9eee0eee1bd381
TH-ENRICH-TX-SENIOR-2026-09-30-IDR2,TX|HHSC|TX_DAHS_ISS_ONLY|111779,HHSC_LICENSE_NUMBER,312197,YES,2024-11-13,2027-11-13,1de6e81addd37ea016be4c2cdbd50a08648f2348c694ef0e4d9eee0eee1bd381
TH-ENRICH-TX-SENIOR-2026-09-30-IDR2,TX|HHSC|TX_DAHS_ISS_ONLY|112099,HHSC_LICENSE_NUMBER,313002,YES,2026-04-08,2026-10-05,1de6e81addd37ea016be4c2cdbd50a08648f2348c694ef0e4d9eee0eee1bd381
TH-ENRICH-TX-SENIOR-2026-09-30-IDR2,TX|HHSC|TX_DAHS_ISS_ONLY|111161,HHSC_LICENSE_NUMBER,311065,YES,2026-02-28,2029-02-28,1de6e81addd37ea016be4c2cdbd50a08648f2348c694ef0e4d9eee0eee1bd381
TH-ENRICH-TX-SENIOR-2026-09-30-IDR2,TX|HHSC|TX_DAHS_ISS_ONLY|111244,HHSC_LICENSE_NUMBER,311151,YES,2026-03-09,2029-03-09,1de6e81addd37ea016be4c2cdbd50a08648f2348c694ef0e4d9eee0eee1bd381
TH-ENRICH-TX-SENIOR-2026-09-30-IDR2,TX|HHSC|TX_DAHS_ISS_ONLY|111090,HHSC_LICENSE_NUMBER,310992,YES,2024-02-22,2027-02-22,1de6e81addd37ea016be4c2cdbd50a08648f2348c694ef0e4d9eee0eee1bd381
TH-ENRICH-TX-SENIOR-2026-09-30-IDR2,TX|HHSC|TX_DAHS_ISS_ONLY|110861,HHSC_LICENSE_NUMBER,310758,YES,2025-02-04,2028-02-04,1de6e81addd37ea016be4c2cdbd50a08648f2348c694ef0e4d9eee0eee1bd381
TH-ENRICH-TX-SENIOR-2026-09-30-IDR2,TX|HHSC|TX_DAHS_ISS_ONLY|110871,HHSC_LICENSE_NUMBER,310768,YES,2025-02-06,2028-02-06,1de6e81addd37ea016be4c2cdbd50a08648f2348c694ef0e4d9eee0eee1bd381
TH-ENRICH-TX-SENIOR-2026-09-30-IDR2,TX|HHSC|TX_DAHS_ISS_ONLY|110838,HHSC_LICENSE_NUMBER,310734,YES,2025-02-02,2028-02-02,1de6e81addd37ea016be4c2cdbd50a08648f2348c694ef0e4d9eee0eee1bd381
TH-ENRICH-TX-SENIOR-2026-09-30-IDR2,TX|HHSC|TX_DAHS_ISS_ONLY|111185,HHSC_LICENSE_NUMBER,311089,YES,2026-02-28,2029-02-28,1de6e81addd37ea016be4c2cdbd50a08648f2348c694ef0e4d9eee0eee1bd381
TH-ENRICH-TX-SENIOR-2026-09-30-IDR2,TX|HHSC|TX_DAHS_ISS_ONLY|111911,HHSC_LICENSE_NUMBER,312522,YES,2025-06-30,2028-06-30,1de6e81addd37ea016be4c2cdbd50a08648f2348c694ef0e4d9eee0eee1bd381
TH-ENRICH-TX-SENIOR-2026-09-30-IDR2,TX|HHSC|TX_DAHS_ISS_ONLY|111133,HHSC_LICENSE_NUMBER,311035,YES,2026-02-15,2029-02-15,1de6e81addd37ea016be4c2cdbd50a08648f2348c694ef0e4d9eee0eee1bd381
TH-ENRICH-TX-SENIOR-2026-09-30-IDR2,TX|HHSC|TX_DAHS_ISS_ONLY|111280,HHSC_LICENSE_NUMBER,311190,YES,2024-03-10,2027-03-10,1de6e81addd37ea016be4c2cdbd50a08648f2348c694ef0e4d9eee0eee1bd381
TH-ENRICH-TX-SENIOR-2026-09-30-IDR2,TX|HHSC|TX_DAHS_ISS_ONLY|112144,HHSC_LICENSE_NUMBER,313121,YES,2026-06-05,2029-06-05,1de6e81addd37ea016be4c2cdbd50a08648f2348c694ef0e4d9eee0eee1bd381
TH-ENRICH-TX-SENIOR-2026-09-30-IDR2,TX|HHSC|TX_DAHS_ISS_ONLY|111893,HHSC_LICENSE_NUMBER,312484,YES,2026-06-02,2029-06-02,1de6e81addd37ea016be4c2cdbd50a08648f2348c694ef0e4d9eee0eee1bd381
TH-ENRICH-TX-SENIOR-2026-09-30-IDR2,TX|HHSC|TX_DAHS_ISS_ONLY|111577,HHSC_LICENSE_NUMBER,311669,YES,2025-11-14,2028-11-14,1de6e81addd37ea016be4c2cdbd50a08648f2348c694ef0e4d9eee0eee1bd381
TH-ENRICH-TX-SENIOR-2026-09-30-IDR2,TX|HHSC|TX_DAHS_ISS_ONLY|110945,HHSC_LICENSE_NUMBER,310846,YES,2025-02-11,2028-02-11,1de6e81addd37ea016be4c2cdbd50a08648f2348c694ef0e4d9eee0eee1bd381
TH-ENRICH-TX-SENIOR-2026-09-30-IDR2,TX|HHSC|TX_DAHS_ISS_ONLY|111736,HHSC_LICENSE_NUMBER,312106,YES,2025-09-11,2028-09-11,1de6e81addd37ea016be4c2cdbd50a08648f2348c694ef0e4d9eee0eee1bd381
TH-ENRICH-TX-SENIOR-2026-09-30-IDR2,TX|HHSC|TX_DAHS_ISS_ONLY|112102,HHSC_LICENSE_NUMBER,313007,YES,2026-04-13,2026-10-10,1de6e81addd37ea016be4c2cdbd50a08648f2348c694ef0e4d9eee0eee1bd381
TH-ENRICH-TX-SENIOR-2026-09-30-IDR2,TX|HHSC|TX_DAHS_ISS_ONLY|111715,HHSC_LICENSE_NUMBER,312083,YES,2026-09-09,2029-09-09,1de6e81addd37ea016be4c2cdbd50a08648f2348c694ef0e4d9eee0eee1bd381
TH-ENRICH-TX-SENIOR-2026-09-30-IDR2,TX|HHSC|TX_DAHS_ISS_ONLY|111142,HHSC_LICENSE_NUMBER,311045,YES,2025-02-27,2028-02-27,1de6e81addd37ea016be4c2cdbd50a08648f2348c694ef0e4d9eee0eee1bd381
TH-ENRICH-TX-SENIOR-2026-09-30-IDR2,TX|HHSC|TX_DAHS_ISS_ONLY|111794,HHSC_LICENSE_NUMBER,312238,YES,2024-12-10,2026-12-10,1de6e81addd37ea016be4c2cdbd50a08648f2348c694ef0e4d9eee0eee1bd381
TH-ENRICH-TX-SENIOR-2026-09-30-IDR2,TX|HHSC|TX_DAHS_ISS_ONLY|111076,HHSC_LICENSE_NUMBER,310978,YES,2025-02-22,2028-02-22,1de6e81addd37ea016be4c2cdbd50a08648f2348c694ef0e4d9eee0eee1bd381
TH-ENRICH-TX-SENIOR-2026-09-30-IDR2,TX|HHSC|TX_DAHS_ISS_ONLY|111231,HHSC_LICENSE_NUMBER,311135,YES,2025-03-03,2028-03-03,1de6e81addd37ea016be4c2cdbd50a08648f2348c694ef0e4d9eee0eee1bd381
TH-ENRICH-TX-SENIOR-2026-09-30-IDR2,TX|HHSC|TX_DAHS_ISS_ONLY|110976,HHSC_LICENSE_NUMBER,310877,YES,2024-02-14,2027-02-14,1de6e81addd37ea016be4c2cdbd50a08648f2348c694ef0e4d9eee0eee1bd381
TH-ENRICH-TX-SENIOR-2026-09-30-IDR2,TX|HHSC|TX_DAHS_ISS_ONLY|110917,HHSC_LICENSE_NUMBER,310816,YES,2025-02-09,2028-02-09,1de6e81addd37ea016be4c2cdbd50a08648f2348c694ef0e4d9eee0eee1bd381
TH-ENRICH-TX-SENIOR-2026-09-30-IDR2,TX|HHSC|TX_DAHS_ISS_ONLY|111200,HHSC_LICENSE_NUMBER,311104,YES,2024-03-01,2027-03-01,1de6e81addd37ea016be4c2cdbd50a08648f2348c694ef0e4d9eee0eee1bd381
TH-ENRICH-TX-SENIOR-2026-09-30-IDR2,TX|HHSC|TX_DAHS_ISS_ONLY|111512,HHSC_LICENSE_NUMBER,311530,YES,2025-07-24,2028-07-24,1de6e81addd37ea016be4c2cdbd50a08648f2348c694ef0e4d9eee0eee1bd381
TH-ENRICH-TX-SENIOR-2026-09-30-IDR2,TX|HHSC|TX_DAHS_ISS_ONLY|111442,HHSC_LICENSE_NUMBER,311425,YES,2026-01-18,2029-01-18,1de6e81addd37ea016be4c2cdbd50a08648f2348c694ef0e4d9eee0eee1bd381
TH-ENRICH-TX-SENIOR-2026-09-30-IDR2,TX|HHSC|TX_DAHS_ISS_ONLY|112036,HHSC_LICENSE_NUMBER,312831,YES,2026-01-06,2029-01-06,1de6e81addd37ea016be4c2cdbd50a08648f2348c694ef0e4d9eee0eee1bd381
TH-ENRICH-TX-SENIOR-2026-09-30-IDR2,TX|HHSC|TX_DAHS_ISS_ONLY|112023,HHSC_LICENSE_NUMBER,312807,YES,2025-12-10,2028-12-10,1de6e81addd37ea016be4c2cdbd50a08648f2348c694ef0e4d9eee0eee1bd381
TH-ENRICH-TX-SENIOR-2026-09-30-IDR2,TX|HHSC|TX_DAHS_ISS_ONLY|111321,HHSC_LICENSE_NUMBER,311239,YES,2023-03-24,2024-08-31,1de6e81addd37ea016be4c2cdbd50a08648f2348c694ef0e4d9eee0eee1bd381
TH-ENRICH-TX-SENIOR-2026-09-30-IDR2,TX|HHSC|TX_DAHS_ISS_ONLY|110983,HHSC_LICENSE_NUMBER,310884,YES,2025-02-14,2028-02-14,1de6e81addd37ea016be4c2cdbd50a08648f2348c694ef0e4d9eee0eee1bd381
TH-ENRICH-TX-SENIOR-2026-09-30-IDR2,TX|HHSC|TX_DAHS_ISS_ONLY|111852,HHSC_LICENSE_NUMBER,312385,YES,2025-03-24,2027-03-24,1de6e81addd37ea016be4c2cdbd50a08648f2348c694ef0e4d9eee0eee1bd381
TH-ENRICH-TX-SENIOR-2026-09-30-IDR2,TX|HHSC|TX_DAHS_ISS_ONLY|111281,HHSC_LICENSE_NUMBER,311191,YES,2024-03-13,2027-03-13,1de6e81addd37ea016be4c2cdbd50a08648f2348c694ef0e4d9eee0eee1bd381
TH-ENRICH-TX-SENIOR-2026-09-30-IDR2,TX|HHSC|TX_DAHS_ISS_ONLY|111194,HHSC_LICENSE_NUMBER,311098,YES,2025-03-01,2028-03-01,1de6e81addd37ea016be4c2cdbd50a08648f2348c694ef0e4d9eee0eee1bd381
TH-ENRICH-TX-SENIOR-2026-09-30-IDR2,TX|HHSC|TX_DAHS_ISS_ONLY|111270,HHSC_LICENSE_NUMBER,311180,YES,2025-03-09,2028-03-09,1de6e81addd37ea016be4c2cdbd50a08648f2348c694ef0e4d9eee0eee1bd381
TH-ENRICH-TX-SENIOR-2026-09-30-IDR2,TX|HHSC|TX_DAHS_ISS_ONLY|111957,HHSC_LICENSE_NUMBER,312601,YES,2025-08-25,2028-08-25,1de6e81addd37ea016be4c2cdbd50a08648f2348c694ef0e4d9eee0eee1bd381
TH-ENRICH-TX-SENIOR-2026-09-30-IDR2,TX|HHSC|TX_DAHS_ISS_ONLY|111797,HHSC_LICENSE_NUMBER,312241,YES,2024-12-11,2027-12-11,1de6e81addd37ea016be4c2cdbd50a08648f2348c694ef0e4d9eee0eee1bd381
TH-ENRICH-TX-SENIOR-2026-09-30-IDR2,TX|HHSC|TX_DAHS_ISS_ONLY|112129,HHSC_LICENSE_NUMBER,313065,YES,2026-05-14,2026-12-10,1de6e81addd37ea016be4c2cdbd50a08648f2348c694ef0e4d9eee0eee1bd381
TH-ENRICH-TX-SENIOR-2026-09-30-IDR2,TX|HHSC|TX_DAHS_ISS_ONLY|111277,HHSC_LICENSE_NUMBER,311187,YES,2026-03-10,2029-03-10,1de6e81addd37ea016be4c2cdbd50a08648f2348c694ef0e4d9eee0eee1bd381
TH-ENRICH-TX-SENIOR-2026-09-30-IDR2,TX|HHSC|TX_DAHS_ISS_ONLY|111332,HHSC_LICENSE_NUMBER,311263,YES,2026-03-10,2027-04-03,1de6e81addd37ea016be4c2cdbd50a08648f2348c694ef0e4d9eee0eee1bd381
TH-ENRICH-TX-SENIOR-2026-09-30-IDR2,TX|HHSC|TX_DAHS_ISS_ONLY|110929,HHSC_LICENSE_NUMBER,310829,YES,2025-02-09,2028-02-09,1de6e81addd37ea016be4c2cdbd50a08648f2348c694ef0e4d9eee0eee1bd381
TH-ENRICH-TX-SENIOR-2026-09-30-IDR2,TX|HHSC|TX_DAHS_ISS_ONLY|111307,HHSC_LICENSE_NUMBER,311221,YES,2025-03-20,2028-03-20,1de6e81addd37ea016be4c2cdbd50a08648f2348c694ef0e4d9eee0eee1bd381
TH-ENRICH-TX-SENIOR-2026-09-30-IDR2,TX|HHSC|TX_DAHS_ISS_ONLY|111659,HHSC_LICENSE_NUMBER,311937,YES,2025-04-30,2028-04-30,1de6e81addd37ea016be4c2cdbd50a08648f2348c694ef0e4d9eee0eee1bd381
TH-ENRICH-TX-SENIOR-2026-09-30-IDR2,TX|HHSC|TX_DAHS_ISS_ONLY|111464,HHSC_LICENSE_NUMBER,311454,YES,2025-06-14,2028-06-14,1de6e81addd37ea016be4c2cdbd50a08648f2348c694ef0e4d9eee0eee1bd381
TH-ENRICH-TX-SENIOR-2026-09-30-IDR2,TX|HHSC|TX_DAHS_ISS_ONLY|110826,HHSC_LICENSE_NUMBER,310722,YES,2025-01-31,2028-01-31,1de6e81addd37ea016be4c2cdbd50a08648f2348c694ef0e4d9eee0eee1bd381
TH-ENRICH-TX-SENIOR-2026-09-30-IDR2,TX|HHSC|TX_DAHS_ISS_ONLY|111744,HHSC_LICENSE_NUMBER,312116,YES,2024-09-13,2027-09-13,1de6e81addd37ea016be4c2cdbd50a08648f2348c694ef0e4d9eee0eee1bd381
TH-ENRICH-TX-SENIOR-2026-09-30-IDR2,TX|HHSC|TX_DAHS_ISS_ONLY|110788,HHSC_LICENSE_NUMBER,310680,YES,2025-01-25,2028-01-25,1de6e81addd37ea016be4c2cdbd50a08648f2348c694ef0e4d9eee0eee1bd381
TH-ENRICH-TX-SENIOR-2026-09-30-IDR2,TX|HHSC|TX_DAHS_ISS_ONLY|111738,HHSC_LICENSE_NUMBER,312108,YES,2024-09-11,2026-09-01,1de6e81addd37ea016be4c2cdbd50a08648f2348c694ef0e4d9eee0eee1bd381
TH-ENRICH-TX-SENIOR-2026-09-30-IDR2,TX|HHSC|TX_DAHS_ISS_ONLY|110796,HHSC_LICENSE_NUMBER,310689,YES,2024-01-26,2027-01-26,1de6e81addd37ea016be4c2cdbd50a08648f2348c694ef0e4d9eee0eee1bd381
TH-ENRICH-TX-SENIOR-2026-09-30-IDR2,TX|HHSC|TX_DAHS_ISS_ONLY|110935,HHSC_LICENSE_NUMBER,310836,YES,2026-02-10,2029-02-10,1de6e81addd37ea016be4c2cdbd50a08648f2348c694ef0e4d9eee0eee1bd381
TH-ENRICH-TX-SENIOR-2026-09-30-IDR2,TX|HHSC|TX_DAHS_ISS_ONLY|111399,HHSC_LICENSE_NUMBER,311361,YES,2025-07-20,2028-07-20,1de6e81addd37ea016be4c2cdbd50a08648f2348c694ef0e4d9eee0eee1bd381
TH-ENRICH-TX-SENIOR-2026-09-30-IDR2,TX|HHSC|TX_DAHS_ISS_ONLY|110982,HHSC_LICENSE_NUMBER,310883,YES,2024-02-14,2027-02-14,1de6e81addd37ea016be4c2cdbd50a08648f2348c694ef0e4d9eee0eee1bd381
TH-ENRICH-TX-SENIOR-2026-09-30-IDR2,TX|HHSC|TX_DAHS_ISS_ONLY|111470,HHSC_LICENSE_NUMBER,311462,YES,2024-06-19,2027-06-19,1de6e81addd37ea016be4c2cdbd50a08648f2348c694ef0e4d9eee0eee1bd381
TH-ENRICH-TX-SENIOR-2026-09-30-IDR2,TX|HHSC|TX_DAHS_ISS_ONLY|110855,HHSC_LICENSE_NUMBER,310752,YES,2024-02-03,2027-02-03,1de6e81addd37ea016be4c2cdbd50a08648f2348c694ef0e4d9eee0eee1bd381
TH-ENRICH-TX-SENIOR-2026-09-30-IDR2,TX|HHSC|TX_DAHS_ISS_ONLY|111645,HHSC_LICENSE_NUMBER,311892,YES,2026-03-27,2029-03-27,1de6e81addd37ea016be4c2cdbd50a08648f2348c694ef0e4d9eee0eee1bd381
TH-ENRICH-TX-SENIOR-2026-09-30-IDR2,TX|HHSC|TX_DAHS_ISS_ONLY|111401,HHSC_LICENSE_NUMBER,311364,YES,2024-05-02,2027-05-02,1de6e81addd37ea016be4c2cdbd50a08648f2348c694ef0e4d9eee0eee1bd381
TH-ENRICH-TX-SENIOR-2026-09-30-IDR2,TX|HHSC|TX_DAHS_ISS_ONLY|111580,HHSC_LICENSE_NUMBER,311672,YES,2026-02-19,2027-10-21,1de6e81addd37ea016be4c2cdbd50a08648f2348c694ef0e4d9eee0eee1bd381
TH-ENRICH-TX-SENIOR-2026-09-30-IDR2,TX|HHSC|TX_DAHS_ISS_ONLY|111309,HHSC_LICENSE_NUMBER,311224,YES,2024-03-20,2027-03-20,1de6e81addd37ea016be4c2cdbd50a08648f2348c694ef0e4d9eee0eee1bd381
TH-ENRICH-TX-SENIOR-2026-09-30-IDR2,TX|HHSC|TX_DAHS_ISS_ONLY|110738,HHSC_LICENSE_NUMBER,310615,YES,2024-01-12,2027-01-12,1de6e81addd37ea016be4c2cdbd50a08648f2348c694ef0e4d9eee0eee1bd381
TH-ENRICH-TX-SENIOR-2026-09-30-IDR2,TX|HHSC|TX_DAHS_ISS_ONLY|110882,HHSC_LICENSE_NUMBER,310781,YES,2025-02-07,2028-02-07,1de6e81addd37ea016be4c2cdbd50a08648f2348c694ef0e4d9eee0eee1bd381
TH-ENRICH-TX-SENIOR-2026-09-30-IDR2,TX|HHSC|TX_DAHS_ISS_ONLY|111679,HHSC_LICENSE_NUMBER,311994,YES,2026-04-23,2029-04-23,1de6e81addd37ea016be4c2cdbd50a08648f2348c694ef0e4d9eee0eee1bd381
TH-ENRICH-TX-SENIOR-2026-09-30-IDR2,TX|HHSC|TX_DAHS_ISS_ONLY|112179,HHSC_LICENSE_NUMBER,313225,YES,2026-07-31,2027-01-27,1de6e81addd37ea016be4c2cdbd50a08648f2348c694ef0e4d9eee0eee1bd381
TH-ENRICH-TX-SENIOR-2026-09-30-IDR2,TX|HHSC|TX_DAHS_ISS_ONLY|111222,HHSC_LICENSE_NUMBER,311126,YES,2025-03-01,2028-03-01,1de6e81addd37ea016be4c2cdbd50a08648f2348c694ef0e4d9eee0eee1bd381
TH-ENRICH-TX-SENIOR-2026-09-30-IDR2,TX|HHSC|TX_DAHS_ISS_ONLY|111384,HHSC_LICENSE_NUMBER,311343,YES,2026-04-26,2029-04-26,1de6e81addd37ea016be4c2cdbd50a08648f2348c694ef0e4d9eee0eee1bd381
TH-ENRICH-TX-SENIOR-2026-09-30-IDR2,TX|HHSC|TX_DAHS_ISS_ONLY|111175,HHSC_LICENSE_NUMBER,311079,YES,2026-02-28,2029-02-28,1de6e81addd37ea016be4c2cdbd50a08648f2348c694ef0e4d9eee0eee1bd381
TH-ENRICH-TX-SENIOR-2026-09-30-IDR2,TX|HHSC|TX_DAHS_ISS_ONLY|111623,HHSC_LICENSE_NUMBER,311828,YES,2025-05-21,2028-05-21,1de6e81addd37ea016be4c2cdbd50a08648f2348c694ef0e4d9eee0eee1bd381
TH-ENRICH-TX-SENIOR-2026-09-30-IDR2,TX|HHSC|TX_DAHS_ISS_ONLY|111981,HHSC_LICENSE_NUMBER,312644,YES,2025-09-22,2028-09-22,1de6e81addd37ea016be4c2cdbd50a08648f2348c694ef0e4d9eee0eee1bd381
TH-ENRICH-TX-SENIOR-2026-09-30-IDR2,TX|HHSC|TX_DAHS_ISS_ONLY|110799,HHSC_LICENSE_NUMBER,310693,YES,2023-01-26,2026-01-26,1de6e81addd37ea016be4c2cdbd50a08648f2348c694ef0e4d9eee0eee1bd381
TH-ENRICH-TX-SENIOR-2026-09-30-IDR2,TX|HHSC|TX_DAHS_ISS_ONLY|110765,HHSC_LICENSE_NUMBER,310651,YES,2024-01-20,2027-01-20,1de6e81addd37ea016be4c2cdbd50a08648f2348c694ef0e4d9eee0eee1bd381
TH-ENRICH-TX-SENIOR-2026-09-30-IDR2,TX|HHSC|TX_DAHS_ISS_ONLY|110752,HHSC_LICENSE_NUMBER,310634,YES,2026-07-17,2029-07-17,1de6e81addd37ea016be4c2cdbd50a08648f2348c694ef0e4d9eee0eee1bd381
TH-ENRICH-TX-SENIOR-2026-09-30-IDR2,TX|HHSC|TX_DAHS_ISS_ONLY|110759,HHSC_LICENSE_NUMBER,310645,YES,2025-01-19,2028-01-19,1de6e81addd37ea016be4c2cdbd50a08648f2348c694ef0e4d9eee0eee1bd381
TH-ENRICH-TX-SENIOR-2026-09-30-IDR2,TX|HHSC|TX_DAHS_ISS_ONLY|110901,HHSC_LICENSE_NUMBER,310801,YES,2024-10-03,2027-10-03,1de6e81addd37ea016be4c2cdbd50a08648f2348c694ef0e4d9eee0eee1bd381
TH-ENRICH-TX-SENIOR-2026-09-30-IDR2,TX|HHSC|TX_DAHS_ISS_ONLY|111157,HHSC_LICENSE_NUMBER,311061,YES,2025-02-28,2028-02-28,1de6e81addd37ea016be4c2cdbd50a08648f2348c694ef0e4d9eee0eee1bd381
TH-ENRICH-TX-SENIOR-2026-09-30-IDR2,TX|HHSC|TX_DAHS_ISS_ONLY|110924,HHSC_LICENSE_NUMBER,311946,YES,2024-05-31,2027-05-31,1de6e81addd37ea016be4c2cdbd50a08648f2348c694ef0e4d9eee0eee1bd381
TH-ENRICH-TX-SENIOR-2026-09-30-IDR2,TX|HHSC|TX_DAHS_ISS_ONLY|110716,HHSC_LICENSE_NUMBER,310589,YES,2026-02-10,2029-02-10,1de6e81addd37ea016be4c2cdbd50a08648f2348c694ef0e4d9eee0eee1bd381
TH-ENRICH-TX-SENIOR-2026-09-30-IDR2,TX|HHSC|TX_DAHS_ISS_ONLY|110769,HHSC_LICENSE_NUMBER,310655,YES,2024-01-20,2027-01-20,1de6e81addd37ea016be4c2cdbd50a08648f2348c694ef0e4d9eee0eee1bd381
TH-ENRICH-TX-SENIOR-2026-09-30-IDR2,TX|HHSC|TX_DAHS_ISS_ONLY|111131,HHSC_LICENSE_NUMBER,311033,YES,2025-02-27,2028-02-27,1de6e81addd37ea016be4c2cdbd50a08648f2348c694ef0e4d9eee0eee1bd381
TH-ENRICH-TX-SENIOR-2026-09-30-IDR2,TX|HHSC|TX_DAHS_ISS_ONLY|111179,HHSC_LICENSE_NUMBER,311083,YES,2025-02-28,2028-02-28,1de6e81addd37ea016be4c2cdbd50a08648f2348c694ef0e4d9eee0eee1bd381
TH-ENRICH-TX-SENIOR-2026-09-30-IDR2,TX|HHSC|TX_DAHS_ISS_ONLY|111749,HHSC_LICENSE_NUMBER,312122,YES,2024-09-16,2027-09-16,1de6e81addd37ea016be4c2cdbd50a08648f2348c694ef0e4d9eee0eee1bd381
TH-ENRICH-TX-SENIOR-2026-09-30-IDR2,TX|HHSC|TX_DAHS_ISS_ONLY|110775,HHSC_LICENSE_NUMBER,310663,YES,2026-01-24,2029-01-24,1de6e81addd37ea016be4c2cdbd50a08648f2348c694ef0e4d9eee0eee1bd381
TH-ENRICH-TX-SENIOR-2026-09-30-IDR2,TX|HHSC|TX_DAHS_ISS_ONLY|112146,HHSC_LICENSE_NUMBER,313138,YES,2026-06-09,2029-06-09,1de6e81addd37ea016be4c2cdbd50a08648f2348c694ef0e4d9eee0eee1bd381
TH-ENRICH-TX-SENIOR-2026-09-30-IDR2,TX|HHSC|TX_DAHS_ISS_ONLY|111271,HHSC_LICENSE_NUMBER,311181,YES,2026-03-09,2029-03-09,1de6e81addd37ea016be4c2cdbd50a08648f2348c694ef0e4d9eee0eee1bd381
TH-ENRICH-TX-SENIOR-2026-09-30-IDR2,TX|HHSC|TX_DAHS_ISS_ONLY|111242,HHSC_LICENSE_NUMBER,311148,YES,2026-09-01,2029-09-01,1de6e81addd37ea016be4c2cdbd50a08648f2348c694ef0e4d9eee0eee1bd381
TH-ENRICH-TX-SENIOR-2026-09-30-IDR2,TX|HHSC|TX_DAHS_ISS_ONLY|111110,HHSC_LICENSE_NUMBER,311012,YES,2023-02-24,2026-02-24,1de6e81addd37ea016be4c2cdbd50a08648f2348c694ef0e4d9eee0eee1bd381
TH-ENRICH-TX-SENIOR-2026-09-30-IDR2,TX|HHSC|TX_DAHS_ISS_ONLY|110786,HHSC_LICENSE_NUMBER,310678,YES,2025-01-25,2028-01-25,1de6e81addd37ea016be4c2cdbd50a08648f2348c694ef0e4d9eee0eee1bd381
TH-ENRICH-TX-SENIOR-2026-09-30-IDR2,TX|HHSC|TX_DAHS_ISS_ONLY|111450,HHSC_LICENSE_NUMBER,311439,YES,2025-06-01,2028-06-01,1de6e81addd37ea016be4c2cdbd50a08648f2348c694ef0e4d9eee0eee1bd381
TH-ENRICH-TX-SENIOR-2026-09-30-IDR2,TX|HHSC|TX_DAHS_ISS_ONLY|110761,HHSC_LICENSE_NUMBER,310647,YES,2024-01-20,2027-01-20,1de6e81addd37ea016be4c2cdbd50a08648f2348c694ef0e4d9eee0eee1bd381
TH-ENRICH-TX-SENIOR-2026-09-30-IDR2,TX|HHSC|TX_DAHS_ISS_ONLY|112134,HHSC_LICENSE_NUMBER,313074,YES,2026-05-19,2029-05-19,1de6e81addd37ea016be4c2cdbd50a08648f2348c694ef0e4d9eee0eee1bd381
TH-ENRICH-TX-SENIOR-2026-09-30-IDR2,TX|HHSC|TX_DAHS_ISS_ONLY|110966,HHSC_LICENSE_NUMBER,310867,YES,2025-02-13,2028-02-13,1de6e81addd37ea016be4c2cdbd50a08648f2348c694ef0e4d9eee0eee1bd381
TH-ENRICH-TX-SENIOR-2026-09-30-IDR2,TX|HHSC|TX_DAHS_ISS_ONLY|111047,HHSC_LICENSE_NUMBER,310947,YES,2024-02-13,2027-02-13,1de6e81addd37ea016be4c2cdbd50a08648f2348c694ef0e4d9eee0eee1bd381
TH-ENRICH-TX-SENIOR-2026-09-30-IDR2,TX|HHSC|TX_DAHS_ISS_ONLY|111748,HHSC_LICENSE_NUMBER,312120,YES,2025-09-13,2028-09-13,1de6e81addd37ea016be4c2cdbd50a08648f2348c694ef0e4d9eee0eee1bd381
TH-ENRICH-TX-SENIOR-2026-09-30-IDR2,TX|HHSC|TX_DAHS_ISS_ONLY|111094,HHSC_LICENSE_NUMBER,310996,YES,2026-03-19,2029-02-23,1de6e81addd37ea016be4c2cdbd50a08648f2348c694ef0e4d9eee0eee1bd381
TH-ENRICH-TX-SENIOR-2026-09-30-IDR2,TX|HHSC|TX_DAHS_ISS_ONLY|111295,HHSC_LICENSE_NUMBER,311208,YES,2025-03-15,2028-03-15,1de6e81addd37ea016be4c2cdbd50a08648f2348c694ef0e4d9eee0eee1bd381
TH-ENRICH-TX-SENIOR-2026-09-30-IDR2,TX|HHSC|TX_DAHS_ISS_ONLY|111198,HHSC_LICENSE_NUMBER,311102,YES,2024-10-03,2027-10-03,1de6e81addd37ea016be4c2cdbd50a08648f2348c694ef0e4d9eee0eee1bd381
TH-ENRICH-TX-SENIOR-2026-09-30-IDR2,TX|HHSC|TX_DAHS_ISS_ONLY|111815,HHSC_LICENSE_NUMBER,312288,YES,2025-05-16,2028-05-16,1de6e81addd37ea016be4c2cdbd50a08648f2348c694ef0e4d9eee0eee1bd381
TH-ENRICH-TX-SENIOR-2026-09-30-IDR2,TX|HHSC|TX_DAHS_ISS_ONLY|111108,HHSC_LICENSE_NUMBER,311010,YES,2023-02-24,2026-02-24,1de6e81addd37ea016be4c2cdbd50a08648f2348c694ef0e4d9eee0eee1bd381
TH-ENRICH-TX-SENIOR-2026-09-30-IDR2,TX|HHSC|TX_DAHS_ISS_ONLY|110813,HHSC_LICENSE_NUMBER,310709,YES,2024-01-30,2027-01-30,1de6e81addd37ea016be4c2cdbd50a08648f2348c694ef0e4d9eee0eee1bd381
TH-ENRICH-TX-SENIOR-2026-09-30-IDR2,TX|HHSC|TX_DAHS_ISS_ONLY|110767,HHSC_LICENSE_NUMBER,310653,YES,2024-07-19,2027-07-19,1de6e81addd37ea016be4c2cdbd50a08648f2348c694ef0e4d9eee0eee1bd381
TH-ENRICH-TX-SENIOR-2026-09-30-IDR2,TX|HHSC|TX_DAHS_ISS_ONLY|111469,HHSC_LICENSE_NUMBER,311461,YES,2024-02-12,2027-02-12,1de6e81addd37ea016be4c2cdbd50a08648f2348c694ef0e4d9eee0eee1bd381
TH-ENRICH-TX-SENIOR-2026-09-30-IDR2,TX|HHSC|TX_DAHS_ISS_ONLY|110995,HHSC_LICENSE_NUMBER,310895,YES,2025-02-14,2028-02-14,1de6e81addd37ea016be4c2cdbd50a08648f2348c694ef0e4d9eee0eee1bd381
TH-ENRICH-TX-SENIOR-2026-09-30-IDR2,TX|HHSC|TX_DAHS_ISS_ONLY|112013,HHSC_LICENSE_NUMBER,312751,YES,2025-11-10,2028-11-10,1de6e81addd37ea016be4c2cdbd50a08648f2348c694ef0e4d9eee0eee1bd381
TH-ENRICH-TX-SENIOR-2026-09-30-IDR2,TX|HHSC|TX_DAHS_ISS_ONLY|111146,HHSC_LICENSE_NUMBER,311050,YES,2024-02-23,2027-02-23,1de6e81addd37ea016be4c2cdbd50a08648f2348c694ef0e4d9eee0eee1bd381
TH-ENRICH-TX-SENIOR-2026-09-30-IDR2,TX|HHSC|TX_DAHS_ISS_ONLY|111189,HHSC_LICENSE_NUMBER,311093,YES,2024-11-09,2027-11-09,1de6e81addd37ea016be4c2cdbd50a08648f2348c694ef0e4d9eee0eee1bd381
TH-ENRICH-TX-SENIOR-2026-09-30-IDR2,TX|HHSC|TX_DAHS_ISS_ONLY|111019,HHSC_LICENSE_NUMBER,310918,YES,2025-02-16,2028-02-16,1de6e81addd37ea016be4c2cdbd50a08648f2348c694ef0e4d9eee0eee1bd381
TH-ENRICH-TX-SENIOR-2026-09-30-IDR2,TX|HHSC|TX_DAHS_ISS_ONLY|111165,HHSC_LICENSE_NUMBER,311069,YES,2024-02-28,2027-02-28,1de6e81addd37ea016be4c2cdbd50a08648f2348c694ef0e4d9eee0eee1bd381
TH-ENRICH-TX-SENIOR-2026-09-30-IDR2,TX|HHSC|TX_DAHS_ISS_ONLY|110890,HHSC_LICENSE_NUMBER,310789,YES,2025-04-09,2028-02-08,1de6e81addd37ea016be4c2cdbd50a08648f2348c694ef0e4d9eee0eee1bd381
TH-ENRICH-TX-SENIOR-2026-09-30-IDR2,TX|HHSC|TX_DAHS_ISS_ONLY|111075,HHSC_LICENSE_NUMBER,310976,YES,2024-02-22,2027-02-22,1de6e81addd37ea016be4c2cdbd50a08648f2348c694ef0e4d9eee0eee1bd381
TH-ENRICH-TX-SENIOR-2026-09-30-IDR2,TX|HHSC|TX_DAHS_ISS_ONLY|111889,HHSC_LICENSE_NUMBER,312470,YES,2025-05-28,2028-05-28,1de6e81addd37ea016be4c2cdbd50a08648f2348c694ef0e4d9eee0eee1bd381
TH-ENRICH-TX-SENIOR-2026-09-30-IDR2,TX|HHSC|TX_DAHS_ISS_ONLY|110858,HHSC_LICENSE_NUMBER,310755,YES,2024-02-03,2027-02-03,1de6e81addd37ea016be4c2cdbd50a08648f2348c694ef0e4d9eee0eee1bd381
TH-ENRICH-TX-SENIOR-2026-09-30-IDR2,TX|HHSC|TX_DAHS_ISS_ONLY|111462,HHSC_LICENSE_NUMBER,311452,YES,2024-06-13,2027-06-13,1de6e81addd37ea016be4c2cdbd50a08648f2348c694ef0e4d9eee0eee1bd381
TH-ENRICH-TX-SENIOR-2026-09-30-IDR2,TX|HHSC|TX_DAHS_ISS_ONLY|111565,HHSC_LICENSE_NUMBER,311638,YES,2025-10-09,2028-10-09,1de6e81addd37ea016be4c2cdbd50a08648f2348c694ef0e4d9eee0eee1bd381
TH-ENRICH-TX-SENIOR-2026-09-30-IDR2,TX|HHSC|TX_DAHS_ISS_ONLY|110739,HHSC_LICENSE_NUMBER,310618,YES,2026-07-10,2029-07-10,1de6e81addd37ea016be4c2cdbd50a08648f2348c694ef0e4d9eee0eee1bd381
TH-ENRICH-TX-SENIOR-2026-09-30-IDR2,TX|HHSC|TX_DAHS_ISS_ONLY|110908,HHSC_LICENSE_NUMBER,310808,YES,2026-02-08,2029-02-08,1de6e81addd37ea016be4c2cdbd50a08648f2348c694ef0e4d9eee0eee1bd381
TH-ENRICH-TX-SENIOR-2026-09-30-IDR2,TX|HHSC|TX_DAHS_ISS_ONLY|111609,HHSC_LICENSE_NUMBER,311750,YES,2026-09-09,2029-09-09,1de6e81addd37ea016be4c2cdbd50a08648f2348c694ef0e4d9eee0eee1bd381
TH-ENRICH-TX-SENIOR-2026-09-30-IDR2,TX|HHSC|TX_DAHS_ISS_ONLY|112191,HHSC_LICENSE_NUMBER,313244,YES,2026-08-20,2027-02-16,1de6e81addd37ea016be4c2cdbd50a08648f2348c694ef0e4d9eee0eee1bd381
TH-ENRICH-TX-SENIOR-2026-09-30-IDR2,TX|HHSC|TX_DAHS_ISS_ONLY|110790,HHSC_LICENSE_NUMBER,310682,YES,2024-01-25,2027-01-25,1de6e81addd37ea016be4c2cdbd50a08648f2348c694ef0e4d9eee0eee1bd381
TH-ENRICH-TX-SENIOR-2026-09-30-IDR2,TX|HHSC|TX_DAHS_ISS_ONLY|111420,HHSC_LICENSE_NUMBER,311391,YES,2026-05-11,2029-05-11,1de6e81addd37ea016be4c2cdbd50a08648f2348c694ef0e4d9eee0eee1bd381
TH-ENRICH-TX-SENIOR-2026-09-30-IDR2,TX|HHSC|TX_DAHS_ISS_ONLY|110734,HHSC_LICENSE_NUMBER,310610,YES,2026-01-12,2029-01-12,1de6e81addd37ea016be4c2cdbd50a08648f2348c694ef0e4d9eee0eee1bd381
TH-ENRICH-TX-SENIOR-2026-09-30-IDR2,TX|HHSC|TX_DAHS_ISS_ONLY|111122,HHSC_LICENSE_NUMBER,311024,YES,2024-02-24,2027-02-24,1de6e81addd37ea016be4c2cdbd50a08648f2348c694ef0e4d9eee0eee1bd381
TH-ENRICH-TX-SENIOR-2026-09-30-IDR2,TX|HHSC|TX_DAHS_ISS_ONLY|112185,HHSC_LICENSE_NUMBER,313236,YES,2026-08-11,2027-02-07,1de6e81addd37ea016be4c2cdbd50a08648f2348c694ef0e4d9eee0eee1bd381
TH-ENRICH-TX-SENIOR-2026-09-30-IDR2,TX|HHSC|TX_DAHS_ISS_ONLY|112154,HHSC_LICENSE_NUMBER,313170,YES,2026-06-18,2026-12-15,1de6e81addd37ea016be4c2cdbd50a08648f2348c694ef0e4d9eee0eee1bd381
TH-ENRICH-TX-SENIOR-2026-09-30-IDR2,TX|HHSC|TX_DAHS_ISS_ONLY|111729,HHSC_LICENSE_NUMBER,312097,YES,2025-09-10,2028-09-10,1de6e81addd37ea016be4c2cdbd50a08648f2348c694ef0e4d9eee0eee1bd381
TH-ENRICH-TX-SENIOR-2026-09-30-IDR2,TX|HHSC|TX_DAHS_ISS_ONLY|110851,HHSC_LICENSE_NUMBER,310748,YES,2025-02-03,2028-02-03,1de6e81addd37ea016be4c2cdbd50a08648f2348c694ef0e4d9eee0eee1bd381
TH-ENRICH-TX-SENIOR-2026-09-30-IDR2,TX|HHSC|TX_DAHS_ISS_ONLY|111026,HHSC_LICENSE_NUMBER,310925,YES,2026-02-16,2029-02-16,1de6e81addd37ea016be4c2cdbd50a08648f2348c694ef0e4d9eee0eee1bd381
TH-ENRICH-TX-SENIOR-2026-09-30-IDR2,TX|HHSC|TX_DAHS_ISS_ONLY|112119,HHSC_LICENSE_NUMBER,313048,YES,2026-05-04,2026-10-31,1de6e81addd37ea016be4c2cdbd50a08648f2348c694ef0e4d9eee0eee1bd381
TH-ENRICH-TX-SENIOR-2026-09-30-IDR2,TX|HHSC|TX_DAHS_ISS_ONLY|112109,HHSC_LICENSE_NUMBER,313022,YES,2026-04-15,2026-10-12,1de6e81addd37ea016be4c2cdbd50a08648f2348c694ef0e4d9eee0eee1bd381
TH-ENRICH-TX-SENIOR-2026-09-30-IDR2,TX|HHSC|TX_DAHS_ISS_ONLY|111991,HHSC_LICENSE_NUMBER,312669,YES,2025-12-18,2028-12-18,1de6e81addd37ea016be4c2cdbd50a08648f2348c694ef0e4d9eee0eee1bd381
TH-ENRICH-TX-SENIOR-2026-09-30-IDR2,TX|HHSC|TX_DAHS_ISS_ONLY|110869,HHSC_LICENSE_NUMBER,310766,YES,2026-02-24,2029-02-24,1de6e81addd37ea016be4c2cdbd50a08648f2348c694ef0e4d9eee0eee1bd381
TH-ENRICH-TX-SENIOR-2026-09-30-IDR2,TX|HHSC|TX_DAHS_ISS_ONLY|111272,HHSC_LICENSE_NUMBER,311182,YES,2024-03-09,2027-03-09,1de6e81addd37ea016be4c2cdbd50a08648f2348c694ef0e4d9eee0eee1bd381
TH-ENRICH-TX-SENIOR-2026-09-30-IDR2,TX|HHSC|TX_DAHS_ISS_ONLY|110822,HHSC_LICENSE_NUMBER,310718,YES,2025-01-31,2028-01-31,1de6e81addd37ea016be4c2cdbd50a08648f2348c694ef0e4d9eee0eee1bd381
TH-ENRICH-TX-SENIOR-2026-09-30-IDR2,TX|HHSC|TX_DAHS_ISS_ONLY|111173,HHSC_LICENSE_NUMBER,311077,YES,2024-02-28,2027-02-28,1de6e81addd37ea016be4c2cdbd50a08648f2348c694ef0e4d9eee0eee1bd381
TH-ENRICH-TX-SENIOR-2026-09-30-IDR2,TX|HHSC|TX_DAHS_ISS_ONLY|111381,HHSC_LICENSE_NUMBER,311340,YES,2025-04-25,2028-04-25,1de6e81addd37ea016be4c2cdbd50a08648f2348c694ef0e4d9eee0eee1bd381
TH-ENRICH-TX-SENIOR-2026-09-30-IDR2,TX|HHSC|TX_DAHS_ISS_ONLY|111365,HHSC_LICENSE_NUMBER,311317,YES,2024-04-18,2027-04-18,1de6e81addd37ea016be4c2cdbd50a08648f2348c694ef0e4d9eee0eee1bd381
TH-ENRICH-TX-SENIOR-2026-09-30-IDR2,TX|HHSC|TX_DAHS_ISS_ONLY|111823,HHSC_LICENSE_NUMBER,312312,YES,2026-02-03,2029-02-03,1de6e81addd37ea016be4c2cdbd50a08648f2348c694ef0e4d9eee0eee1bd381
TH-ENRICH-TX-SENIOR-2026-09-30-IDR2,TX|HHSC|TX_DAHS_ISS_ONLY|111514,HHSC_LICENSE_NUMBER,311533,YES,2024-07-27,2027-07-27,1de6e81addd37ea016be4c2cdbd50a08648f2348c694ef0e4d9eee0eee1bd381
TH-ENRICH-TX-SENIOR-2026-09-30-IDR2,TX|HHSC|TX_DAHS_ISS_ONLY|110737,HHSC_LICENSE_NUMBER,310614,YES,2025-01-12,2028-01-12,1de6e81addd37ea016be4c2cdbd50a08648f2348c694ef0e4d9eee0eee1bd381
TH-ENRICH-TX-SENIOR-2026-09-30-IDR2,TX|HHSC|TX_DAHS_ISS_ONLY|110885,HHSC_LICENSE_NUMBER,310784,YES,2025-02-07,2028-02-07,1de6e81addd37ea016be4c2cdbd50a08648f2348c694ef0e4d9eee0eee1bd381
TH-ENRICH-TX-SENIOR-2026-09-30-IDR2,TX|HHSC|TX_DAHS_ISS_ONLY|110970,HHSC_LICENSE_NUMBER,310871,YES,2024-02-13,2027-02-13,1de6e81addd37ea016be4c2cdbd50a08648f2348c694ef0e4d9eee0eee1bd381
TH-ENRICH-TX-SENIOR-2026-09-30-IDR2,TX|HHSC|TX_DAHS_ISS_ONLY|111065,HHSC_LICENSE_NUMBER,310966,YES,2026-02-21,2029-02-21,1de6e81addd37ea016be4c2cdbd50a08648f2348c694ef0e4d9eee0eee1bd381
TH-ENRICH-TX-SENIOR-2026-09-30-IDR2,TX|HHSC|TX_DAHS_ISS_ONLY|111035,HHSC_LICENSE_NUMBER,310935,YES,2025-02-17,2028-02-17,1de6e81addd37ea016be4c2cdbd50a08648f2348c694ef0e4d9eee0eee1bd381
TH-ENRICH-TX-SENIOR-2026-09-30-IDR2,TX|HHSC|TX_DAHS_ISS_ONLY|111104,HHSC_LICENSE_NUMBER,311006,YES,2026-03-14,2029-03-14,1de6e81addd37ea016be4c2cdbd50a08648f2348c694ef0e4d9eee0eee1bd381
TH-ENRICH-TX-SENIOR-2026-09-30-IDR2,TX|HHSC|TX_DAHS_ISS_ONLY|111778,HHSC_LICENSE_NUMBER,312195,YES,2024-11-12,2027-11-12,1de6e81addd37ea016be4c2cdbd50a08648f2348c694ef0e4d9eee0eee1bd381
TH-ENRICH-TX-SENIOR-2026-09-30-IDR2,TX|HHSC|TX_DAHS_ISS_ONLY|111004,HHSC_LICENSE_NUMBER,310904,YES,2025-02-15,2028-02-15,1de6e81addd37ea016be4c2cdbd50a08648f2348c694ef0e4d9eee0eee1bd381
TH-ENRICH-TX-SENIOR-2026-09-30-IDR2,TX|HHSC|TX_DAHS_ISS_ONLY|111638,HHSC_LICENSE_NUMBER,311389,YES,2025-05-10,2028-05-10,1de6e81addd37ea016be4c2cdbd50a08648f2348c694ef0e4d9eee0eee1bd381
TH-ENRICH-TX-SENIOR-2026-09-30-IDR2,TX|HHSC|TX_DAHS_ISS_ONLY|111706,HHSC_LICENSE_NUMBER,312069,YES,2024-08-07,2027-08-07,1de6e81addd37ea016be4c2cdbd50a08648f2348c694ef0e4d9eee0eee1bd381
TH-ENRICH-TX-SENIOR-2026-09-30-IDR2,TX|HHSC|TX_DAHS_ISS_ONLY|111829,HHSC_LICENSE_NUMBER,312328,YES,2025-02-12,2028-02-12,1de6e81addd37ea016be4c2cdbd50a08648f2348c694ef0e4d9eee0eee1bd381
TH-ENRICH-TX-SENIOR-2026-09-30-IDR2,TX|HHSC|TX_DAHS_ISS_ONLY|111063,HHSC_LICENSE_NUMBER,310964,YES,2024-02-21,2027-02-21,1de6e81addd37ea016be4c2cdbd50a08648f2348c694ef0e4d9eee0eee1bd381
TH-ENRICH-TX-SENIOR-2026-09-30-IDR2,TX|HHSC|TX_DAHS_ISS_ONLY|111130,HHSC_LICENSE_NUMBER,311032,YES,2026-02-27,2029-02-27,1de6e81addd37ea016be4c2cdbd50a08648f2348c694ef0e4d9eee0eee1bd381
TH-ENRICH-TX-SENIOR-2026-09-30-IDR2,TX|HHSC|TX_DAHS_ISS_ONLY|112065,HHSC_LICENSE_NUMBER,312888,YES,2026-03-11,2029-03-11,1de6e81addd37ea016be4c2cdbd50a08648f2348c694ef0e4d9eee0eee1bd381
TH-ENRICH-TX-SENIOR-2026-09-30-IDR2,TX|HHSC|TX_DAHS_ISS_ONLY|111074,HHSC_LICENSE_NUMBER,310975,YES,2024-02-22,2027-02-22,1de6e81addd37ea016be4c2cdbd50a08648f2348c694ef0e4d9eee0eee1bd381
TH-ENRICH-TX-SENIOR-2026-09-30-IDR2,TX|HHSC|TX_DAHS_ISS_ONLY|111530,HHSC_LICENSE_NUMBER,311568,YES,2024-08-16,2027-08-16,1de6e81addd37ea016be4c2cdbd50a08648f2348c694ef0e4d9eee0eee1bd381
TH-ENRICH-TX-SENIOR-2026-09-30-IDR2,TX|HHSC|TX_DAHS_ISS_ONLY|110922,HHSC_LICENSE_NUMBER,310821,YES,2024-02-09,2027-02-09,1de6e81addd37ea016be4c2cdbd50a08648f2348c694ef0e4d9eee0eee1bd381
TH-ENRICH-TX-SENIOR-2026-09-30-IDR2,TX|HHSC|TX_DAHS_ISS_ONLY|110895,HHSC_LICENSE_NUMBER,310794,YES,2026-02-08,2029-02-08,1de6e81addd37ea016be4c2cdbd50a08648f2348c694ef0e4d9eee0eee1bd381
TH-ENRICH-TX-SENIOR-2026-09-30-IDR2,TX|HHSC|TX_DAHS_ISS_ONLY|111291,HHSC_LICENSE_NUMBER,311203,YES,2026-03-14,2029-03-14,1de6e81addd37ea016be4c2cdbd50a08648f2348c694ef0e4d9eee0eee1bd381
TH-ENRICH-TX-SENIOR-2026-09-30-IDR2,TX|HHSC|TX_DAHS_ISS_ONLY|111600,HHSC_LICENSE_NUMBER,311712,YES,2024-09-11,2025-03-11,1de6e81addd37ea016be4c2cdbd50a08648f2348c694ef0e4d9eee0eee1bd381
TH-ENRICH-TX-SENIOR-2026-09-30-IDR2,TX|HHSC|TX_DAHS_ISS_ONLY|110821,HHSC_LICENSE_NUMBER,310717,YES,2025-01-31,2028-01-31,1de6e81addd37ea016be4c2cdbd50a08648f2348c694ef0e4d9eee0eee1bd381
TH-ENRICH-TX-SENIOR-2026-09-30-IDR2,TX|HHSC|TX_DAHS_ISS_ONLY|111216,HHSC_LICENSE_NUMBER,311120,YES,2026-02-28,2029-02-28,1de6e81addd37ea016be4c2cdbd50a08648f2348c694ef0e4d9eee0eee1bd381
TH-ENRICH-TX-SENIOR-2026-09-30-IDR2,TX|HHSC|TX_DAHS_ISS_ONLY|111140,HHSC_LICENSE_NUMBER,311042,YES,2024-02-27,2027-02-27,1de6e81addd37ea016be4c2cdbd50a08648f2348c694ef0e4d9eee0eee1bd381
TH-ENRICH-TX-SENIOR-2026-09-30-IDR2,TX|HHSC|TX_DAHS_ISS_ONLY|110789,HHSC_LICENSE_NUMBER,310681,YES,2025-08-01,2028-08-01,1de6e81addd37ea016be4c2cdbd50a08648f2348c694ef0e4d9eee0eee1bd381
TH-ENRICH-TX-SENIOR-2026-09-30-IDR2,TX|HHSC|TX_DAHS_ISS_ONLY|111210,HHSC_LICENSE_NUMBER,311114,YES,2026-05-03,2029-05-03,1de6e81addd37ea016be4c2cdbd50a08648f2348c694ef0e4d9eee0eee1bd381
TH-ENRICH-TX-SENIOR-2026-09-30-IDR2,TX|HHSC|TX_DAHS_ISS_ONLY|110875,HHSC_LICENSE_NUMBER,310772,YES,2026-03-06,2029-03-06,1de6e81addd37ea016be4c2cdbd50a08648f2348c694ef0e4d9eee0eee1bd381
TH-ENRICH-TX-SENIOR-2026-09-30-IDR2,TX|HHSC|TX_DAHS_ISS_ONLY|111187,HHSC_LICENSE_NUMBER,311091,YES,2023-03-01,2026-03-01,1de6e81addd37ea016be4c2cdbd50a08648f2348c694ef0e4d9eee0eee1bd381
TH-ENRICH-TX-SENIOR-2026-09-30-IDR2,TX|HHSC|TX_DAHS_ISS_ONLY|111230,HHSC_LICENSE_NUMBER,311134,YES,2024-03-31,2027-03-31,1de6e81addd37ea016be4c2cdbd50a08648f2348c694ef0e4d9eee0eee1bd381
TH-ENRICH-TX-SENIOR-2026-09-30-IDR2,TX|HHSC|TX_DAHS_ISS_ONLY|111169,HHSC_LICENSE_NUMBER,311073,YES,2023-02-28,2024-08-22,1de6e81addd37ea016be4c2cdbd50a08648f2348c694ef0e4d9eee0eee1bd381
TH-ENRICH-TX-SENIOR-2026-09-30-IDR2,TX|HHSC|TX_DAHS_ISS_ONLY|111148,HHSC_LICENSE_NUMBER,311052,YES,2025-03-27,2028-03-27,1de6e81addd37ea016be4c2cdbd50a08648f2348c694ef0e4d9eee0eee1bd381
TH-ENRICH-TX-SENIOR-2026-09-30-IDR2,TX|HHSC|TX_DAHS_ISS_ONLY|112084,HHSC_LICENSE_NUMBER,312949,YES,2026-03-23,2029-03-23,1de6e81addd37ea016be4c2cdbd50a08648f2348c694ef0e4d9eee0eee1bd381
TH-ENRICH-TX-SENIOR-2026-09-30-IDR2,TX|HHSC|TX_DAHS_ISS_ONLY|111822,HHSC_LICENSE_NUMBER,312309,YES,2025-01-30,2027-01-30,1de6e81addd37ea016be4c2cdbd50a08648f2348c694ef0e4d9eee0eee1bd381
TH-ENRICH-TX-SENIOR-2026-09-30-IDR2,TX|HHSC|TX_DAHS_ISS_ONLY|112130,HHSC_LICENSE_NUMBER,313066,YES,2026-05-14,2026-11-10,1de6e81addd37ea016be4c2cdbd50a08648f2348c694ef0e4d9eee0eee1bd381
TH-ENRICH-TX-SENIOR-2026-09-30-IDR2,TX|HHSC|TX_DAHS_ISS_ONLY|110763,HHSC_LICENSE_NUMBER,310649,YES,2024-01-20,2027-01-20,1de6e81addd37ea016be4c2cdbd50a08648f2348c694ef0e4d9eee0eee1bd381
TH-ENRICH-TX-SENIOR-2026-09-30-IDR2,TX|HHSC|TX_DAHS_ISS_ONLY|111915,HHSC_LICENSE_NUMBER,312528,YES,2026-07-02,2029-07-02,1de6e81addd37ea016be4c2cdbd50a08648f2348c694ef0e4d9eee0eee1bd381
TH-ENRICH-TX-SENIOR-2026-09-30-IDR2,TX|HHSC|TX_DAHS_ISS_ONLY|111213,HHSC_LICENSE_NUMBER,311117,YES,2024-03-01,2027-03-01,1de6e81addd37ea016be4c2cdbd50a08648f2348c694ef0e4d9eee0eee1bd381
TH-ENRICH-TX-SENIOR-2026-09-30-IDR2,TX|HHSC|TX_DAHS_ISS_ONLY|111188,HHSC_LICENSE_NUMBER,311092,YES,2025-03-01,2028-03-01,1de6e81addd37ea016be4c2cdbd50a08648f2348c694ef0e4d9eee0eee1bd381
TH-ENRICH-TX-SENIOR-2026-09-30-IDR2,TX|HHSC|TX_DAHS_ISS_ONLY|110896,HHSC_LICENSE_NUMBER,310795,YES,2025-02-08,2028-02-08,1de6e81addd37ea016be4c2cdbd50a08648f2348c694ef0e4d9eee0eee1bd381
TH-ENRICH-TX-SENIOR-2026-09-30-IDR2,TX|HHSC|TX_DAHS_ISS_ONLY|111918,HHSC_LICENSE_NUMBER,312536,YES,2025-07-09,2028-07-09,1de6e81addd37ea016be4c2cdbd50a08648f2348c694ef0e4d9eee0eee1bd381
TH-ENRICH-TX-SENIOR-2026-09-30-IDR2,TX|HHSC|TX_DAHS_ISS_ONLY|110897,HHSC_LICENSE_NUMBER,310796,YES,2025-02-08,2028-02-08,1de6e81addd37ea016be4c2cdbd50a08648f2348c694ef0e4d9eee0eee1bd381
TH-ENRICH-TX-SENIOR-2026-09-30-IDR2,TX|HHSC|TX_DAHS_ISS_ONLY|111129,HHSC_LICENSE_NUMBER,311031,YES,2026-02-27,2029-02-27,1de6e81addd37ea016be4c2cdbd50a08648f2348c694ef0e4d9eee0eee1bd381
TH-ENRICH-TX-SENIOR-2026-09-30-IDR2,TX|HHSC|TX_DAHS_ISS_ONLY|110795,HHSC_LICENSE_NUMBER,311976,YES,2024-05-31,2027-05-31,1de6e81addd37ea016be4c2cdbd50a08648f2348c694ef0e4d9eee0eee1bd381
TH-ENRICH-TX-SENIOR-2026-09-30-IDR2,TX|HHSC|TX_DAHS_ISS_ONLY|110926,HHSC_LICENSE_NUMBER,310826,YES,2025-02-09,2028-02-09,1de6e81addd37ea016be4c2cdbd50a08648f2348c694ef0e4d9eee0eee1bd381
TH-ENRICH-TX-SENIOR-2026-09-30-IDR2,TX|HHSC|TX_DAHS_ISS_ONLY|111153,HHSC_LICENSE_NUMBER,312257,YES,2025-05-05,2028-01-04,1de6e81addd37ea016be4c2cdbd50a08648f2348c694ef0e4d9eee0eee1bd381
TH-ENRICH-TX-SENIOR-2026-09-30-IDR2,TX|HHSC|TX_DAHS_ISS_ONLY|111132,HHSC_LICENSE_NUMBER,311034,YES,2025-02-27,2028-02-27,1de6e81addd37ea016be4c2cdbd50a08648f2348c694ef0e4d9eee0eee1bd381
TH-ENRICH-TX-SENIOR-2026-09-30-IDR2,TX|HHSC|TX_DAHS_ISS_ONLY|110941,HHSC_LICENSE_NUMBER,310842,YES,2025-02-10,2028-02-10,1de6e81addd37ea016be4c2cdbd50a08648f2348c694ef0e4d9eee0eee1bd381
TH-ENRICH-TX-SENIOR-2026-09-30-IDR2,TX|HHSC|TX_DAHS_ISS_ONLY|111443,HHSC_LICENSE_NUMBER,311426,YES,2026-05-24,2029-05-24,1de6e81addd37ea016be4c2cdbd50a08648f2348c694ef0e4d9eee0eee1bd381
TH-ENRICH-TX-SENIOR-2026-09-30-IDR2,TX|HHSC|TX_DAHS_ISS_ONLY|111111,HHSC_LICENSE_NUMBER,311013,YES,2025-02-24,2028-02-24,1de6e81addd37ea016be4c2cdbd50a08648f2348c694ef0e4d9eee0eee1bd381
TH-ENRICH-TX-SENIOR-2026-09-30-IDR2,TX|HHSC|TX_DAHS_ISS_ONLY|112012,HHSC_LICENSE_NUMBER,312745,YES,2025-11-07,2028-11-07,1de6e81addd37ea016be4c2cdbd50a08648f2348c694ef0e4d9eee0eee1bd381
TH-ENRICH-TX-SENIOR-2026-09-30-IDR2,TX|HHSC|TX_DAHS_ISS_ONLY|112141,HHSC_LICENSE_NUMBER,313098,YES,2026-06-03,2029-06-03,1de6e81addd37ea016be4c2cdbd50a08648f2348c694ef0e4d9eee0eee1bd381
TH-ENRICH-TX-SENIOR-2026-09-30-IDR2,TX|HHSC|TX_DAHS_ISS_ONLY|111144,HHSC_LICENSE_NUMBER,311048,YES,2024-02-27,2027-02-27,1de6e81addd37ea016be4c2cdbd50a08648f2348c694ef0e4d9eee0eee1bd381
TH-ENRICH-TX-SENIOR-2026-09-30-IDR2,TX|HHSC|TX_DAHS_ISS_ONLY|111116,HHSC_LICENSE_NUMBER,311018,YES,2025-02-24,2028-02-24,1de6e81addd37ea016be4c2cdbd50a08648f2348c694ef0e4d9eee0eee1bd381
TH-ENRICH-TX-SENIOR-2026-09-30-IDR2,TX|HHSC|TX_DAHS_ISS_ONLY|111078,HHSC_LICENSE_NUMBER,310980,YES,2025-01-01,2028-02-22,1de6e81addd37ea016be4c2cdbd50a08648f2348c694ef0e4d9eee0eee1bd381
TH-ENRICH-TX-SENIOR-2026-09-30-IDR2,TX|HHSC|TX_DAHS_ISS_ONLY|111101,HHSC_LICENSE_NUMBER,311003,YES,2026-02-24,2029-02-24,1de6e81addd37ea016be4c2cdbd50a08648f2348c694ef0e4d9eee0eee1bd381
TH-ENRICH-TX-SENIOR-2026-09-30-IDR2,TX|HHSC|TX_DAHS_ISS_ONLY|111082,HHSC_LICENSE_NUMBER,310984,YES,2024-02-22,2027-02-22,1de6e81addd37ea016be4c2cdbd50a08648f2348c694ef0e4d9eee0eee1bd381
TH-ENRICH-TX-SENIOR-2026-09-30-IDR2,TX|HHSC|TX_DAHS_ISS_ONLY|111171,HHSC_LICENSE_NUMBER,311075,YES,2026-02-28,2029-02-28,1de6e81addd37ea016be4c2cdbd50a08648f2348c694ef0e4d9eee0eee1bd381
TH-ENRICH-TX-SENIOR-2026-09-30-IDR2,TX|HHSC|TX_DAHS_ISS_ONLY|110904,HHSC_LICENSE_NUMBER,310804,YES,2024-02-08,2027-02-08,1de6e81addd37ea016be4c2cdbd50a08648f2348c694ef0e4d9eee0eee1bd381
TH-ENRICH-TX-SENIOR-2026-09-30-IDR2,TX|HHSC|TX_DAHS_ISS_ONLY|111143,HHSC_LICENSE_NUMBER,311046,YES,2026-08-10,2029-08-10,1de6e81addd37ea016be4c2cdbd50a08648f2348c694ef0e4d9eee0eee1bd381
TH-ENRICH-TX-SENIOR-2026-09-30-IDR2,TX|HHSC|TX_DAHS_ISS_ONLY|110745,HHSC_LICENSE_NUMBER,310625,YES,2025-01-17,2028-01-17,1de6e81addd37ea016be4c2cdbd50a08648f2348c694ef0e4d9eee0eee1bd381
TH-ENRICH-TX-SENIOR-2026-09-30-IDR2,TX|HHSC|TX_DAHS_ISS_ONLY|111066,HHSC_LICENSE_NUMBER,310967,YES,2026-02-21,2029-02-21,1de6e81addd37ea016be4c2cdbd50a08648f2348c694ef0e4d9eee0eee1bd381
TH-ENRICH-TX-SENIOR-2026-09-30-IDR2,TX|HHSC|TX_DAHS_ISS_ONLY|111235,HHSC_LICENSE_NUMBER,311139,YES,2024-03-03,2027-03-03,1de6e81addd37ea016be4c2cdbd50a08648f2348c694ef0e4d9eee0eee1bd381
TH-ENRICH-TX-SENIOR-2026-09-30-IDR2,TX|HHSC|TX_DAHS_ISS_ONLY|111341,HHSC_LICENSE_NUMBER,311272,YES,2024-06-09,2027-06-09,1de6e81addd37ea016be4c2cdbd50a08648f2348c694ef0e4d9eee0eee1bd381
TH-ENRICH-TX-SENIOR-2026-09-30-IDR2,TX|HHSC|TX_DAHS_ISS_ONLY|111292,HHSC_LICENSE_NUMBER,311204,YES,2025-05-08,2028-05-08,1de6e81addd37ea016be4c2cdbd50a08648f2348c694ef0e4d9eee0eee1bd381
TH-ENRICH-TX-SENIOR-2026-09-30-IDR2,TX|HHSC|TX_DAHS_ISS_ONLY|111042,HHSC_LICENSE_NUMBER,310942,YES,2025-02-17,2028-02-17,1de6e81addd37ea016be4c2cdbd50a08648f2348c694ef0e4d9eee0eee1bd381
TH-ENRICH-TX-SENIOR-2026-09-30-IDR2,TX|HHSC|TX_DAHS_ISS_ONLY|110827,HHSC_LICENSE_NUMBER,310723,YES,2024-02-01,2027-02-01,1de6e81addd37ea016be4c2cdbd50a08648f2348c694ef0e4d9eee0eee1bd381
TH-ENRICH-TX-SENIOR-2026-09-30-IDR2,TX|HHSC|TX_DAHS_ISS_ONLY|111259,HHSC_LICENSE_NUMBER,311167,YES,2025-03-08,2028-03-08,1de6e81addd37ea016be4c2cdbd50a08648f2348c694ef0e4d9eee0eee1bd381
TH-ENRICH-TX-SENIOR-2026-09-30-IDR2,TX|HHSC|TX_DAHS_ISS_ONLY|110860,HHSC_LICENSE_NUMBER,310757,YES,2026-02-03,2029-02-03,1de6e81addd37ea016be4c2cdbd50a08648f2348c694ef0e4d9eee0eee1bd381
TH-ENRICH-TX-SENIOR-2026-09-30-IDR2,TX|HHSC|TX_DAHS_ISS_ONLY|111256,HHSC_LICENSE_NUMBER,311163,YES,2025-03-08,2028-03-08,1de6e81addd37ea016be4c2cdbd50a08648f2348c694ef0e4d9eee0eee1bd381
TH-ENRICH-TX-SENIOR-2026-09-30-IDR2,TX|HHSC|TX_DAHS_ISS_ONLY|111050,HHSC_LICENSE_NUMBER,310951,YES,2025-02-17,2028-02-17,1de6e81addd37ea016be4c2cdbd50a08648f2348c694ef0e4d9eee0eee1bd381
TH-ENRICH-TX-SENIOR-2026-09-30-IDR2,TX|HHSC|TX_DAHS_ISS_ONLY|111283,HHSC_LICENSE_NUMBER,311193,YES,2026-03-13,2029-03-13,1de6e81addd37ea016be4c2cdbd50a08648f2348c694ef0e4d9eee0eee1bd381
TH-ENRICH-TX-SENIOR-2026-09-30-IDR2,TX|HHSC|TX_DAHS_ISS_ONLY|110776,HHSC_LICENSE_NUMBER,310664,YES,2025-01-24,2028-01-24,1de6e81addd37ea016be4c2cdbd50a08648f2348c694ef0e4d9eee0eee1bd381
TH-ENRICH-TX-SENIOR-2026-09-30-IDR2,TX|HHSC|TX_DAHS_ISS_ONLY|112208,HHSC_LICENSE_NUMBER,313284,YES,2026-09-11,2027-03-10,1de6e81addd37ea016be4c2cdbd50a08648f2348c694ef0e4d9eee0eee1bd381
TH-ENRICH-TX-SENIOR-2026-09-30-IDR2,TX|HHSC|TX_DAHS_ISS_ONLY|111155,HHSC_LICENSE_NUMBER,311059,YES,2024-02-28,2027-02-28,1de6e81addd37ea016be4c2cdbd50a08648f2348c694ef0e4d9eee0eee1bd381
TH-ENRICH-TX-SENIOR-2026-09-30-IDR2,TX|HHSC|TX_DAHS_ISS_ONLY|111105,HHSC_LICENSE_NUMBER,311007,YES,2025-02-24,2028-02-24,1de6e81addd37ea016be4c2cdbd50a08648f2348c694ef0e4d9eee0eee1bd381
TH-ENRICH-TX-SENIOR-2026-09-30-IDR2,TX|HHSC|TX_DAHS_ISS_ONLY|110785,HHSC_LICENSE_NUMBER,310677,YES,2024-07-12,2027-07-12,1de6e81addd37ea016be4c2cdbd50a08648f2348c694ef0e4d9eee0eee1bd381
TH-ENRICH-TX-SENIOR-2026-09-30-IDR2,TX|HHSC|TX_DAHS_ISS_ONLY|111212,HHSC_LICENSE_NUMBER,311116,YES,2025-03-01,2028-03-01,1de6e81addd37ea016be4c2cdbd50a08648f2348c694ef0e4d9eee0eee1bd381
TH-ENRICH-TX-SENIOR-2026-09-30-IDR2,TX|HHSC|TX_DAHS_ISS_ONLY|111092,HHSC_LICENSE_NUMBER,310994,YES,2024-02-22,2027-02-22,1de6e81addd37ea016be4c2cdbd50a08648f2348c694ef0e4d9eee0eee1bd381
TH-ENRICH-TX-SENIOR-2026-09-30-IDR2,TX|HHSC|TX_DAHS_ISS_ONLY|111038,HHSC_LICENSE_NUMBER,310938,YES,2026-02-17,2029-02-17,1de6e81addd37ea016be4c2cdbd50a08648f2348c694ef0e4d9eee0eee1bd381
TH-ENRICH-TX-SENIOR-2026-09-30-IDR2,TX|HHSC|TX_DAHS_ISS_ONLY|111225,HHSC_LICENSE_NUMBER,311129,YES,2026-03-02,2029-03-02,1de6e81addd37ea016be4c2cdbd50a08648f2348c694ef0e4d9eee0eee1bd381
TH-ENRICH-TX-SENIOR-2026-09-30-IDR2,TX|HHSC|TX_DAHS_ISS_ONLY|111149,HHSC_LICENSE_NUMBER,311053,YES,2026-02-27,2029-02-27,1de6e81addd37ea016be4c2cdbd50a08648f2348c694ef0e4d9eee0eee1bd381
TH-ENRICH-TX-SENIOR-2026-09-30-IDR2,TX|HHSC|TX_DAHS_ISS_ONLY|112024,HHSC_LICENSE_NUMBER,312810,YES,2025-12-10,2028-12-10,1de6e81addd37ea016be4c2cdbd50a08648f2348c694ef0e4d9eee0eee1bd381
TH-ENRICH-TX-SENIOR-2026-09-30-IDR2,TX|HHSC|TX_DAHS_ISS_ONLY|111009,HHSC_LICENSE_NUMBER,310909,YES,2026-02-15,2029-02-15,1de6e81addd37ea016be4c2cdbd50a08648f2348c694ef0e4d9eee0eee1bd381
TH-ENRICH-TX-SENIOR-2026-09-30-IDR2,TX|HHSC|TX_DAHS_ISS_ONLY|111276,HHSC_LICENSE_NUMBER,311186,YES,2026-03-10,2029-03-10,1de6e81addd37ea016be4c2cdbd50a08648f2348c694ef0e4d9eee0eee1bd381
TH-ENRICH-TX-SENIOR-2026-09-30-IDR2,TX|HHSC|TX_DAHS_ISS_ONLY|111373,HHSC_LICENSE_NUMBER,311329,YES,2026-04-24,2029-04-24,1de6e81addd37ea016be4c2cdbd50a08648f2348c694ef0e4d9eee0eee1bd381
TH-ENRICH-TX-SENIOR-2026-09-30-IDR2,TX|HHSC|TX_DAHS_ISS_ONLY|111727,HHSC_LICENSE_NUMBER,312095,YES,2025-01-13,2028-01-13,1de6e81addd37ea016be4c2cdbd50a08648f2348c694ef0e4d9eee0eee1bd381
TH-ENRICH-TX-SENIOR-2026-09-30-IDR2,TX|HHSC|TX_DAHS_ISS_ONLY|111147,HHSC_LICENSE_NUMBER,311051,YES,2024-02-27,2027-02-27,1de6e81addd37ea016be4c2cdbd50a08648f2348c694ef0e4d9eee0eee1bd381
TH-ENRICH-TX-SENIOR-2026-09-30-IDR2,TX|HHSC|TX_DAHS_ISS_ONLY|110780,HHSC_LICENSE_NUMBER,310669,YES,2024-01-24,2027-01-24,1de6e81addd37ea016be4c2cdbd50a08648f2348c694ef0e4d9eee0eee1bd381
TH-ENRICH-TX-SENIOR-2026-09-30-IDR2,TX|HHSC|TX_DAHS_ISS_ONLY|111123,HHSC_LICENSE_NUMBER,311025,YES,2025-02-25,2028-02-25,1de6e81addd37ea016be4c2cdbd50a08648f2348c694ef0e4d9eee0eee1bd381
TH-ENRICH-TX-SENIOR-2026-09-30-IDR2,TX|HHSC|TX_DAHS_ISS_ONLY|111319,HHSC_LICENSE_NUMBER,311237,YES,2024-03-23,2027-03-23,1de6e81addd37ea016be4c2cdbd50a08648f2348c694ef0e4d9eee0eee1bd381
TH-ENRICH-TX-SENIOR-2026-09-30-IDR2,TX|HHSC|TX_DAHS_ISS_ONLY|110715,HHSC_LICENSE_NUMBER,310588,YES,2026-01-12,2029-01-12,1de6e81addd37ea016be4c2cdbd50a08648f2348c694ef0e4d9eee0eee1bd381
TH-ENRICH-TX-SENIOR-2026-09-30-IDR2,TX|HHSC|TX_DAHS_ISS_ONLY|110791,HHSC_LICENSE_NUMBER,310683,YES,2026-02-06,2029-02-06,1de6e81addd37ea016be4c2cdbd50a08648f2348c694ef0e4d9eee0eee1bd381
TH-ENRICH-TX-SENIOR-2026-09-30-IDR2,TX|HHSC|TX_DAHS_ISS_ONLY|111119,HHSC_LICENSE_NUMBER,311021,YES,2024-02-24,2027-02-24,1de6e81addd37ea016be4c2cdbd50a08648f2348c694ef0e4d9eee0eee1bd381
TH-ENRICH-TX-SENIOR-2026-09-30-IDR2,TX|HHSC|TX_DAHS_ISS_ONLY|111106,HHSC_LICENSE_NUMBER,311008,YES,2026-02-24,2029-02-24,1de6e81addd37ea016be4c2cdbd50a08648f2348c694ef0e4d9eee0eee1bd381
TH-ENRICH-TX-SENIOR-2026-09-30-IDR2,TX|HHSC|TX_DAHS_ISS_ONLY|110973,HHSC_LICENSE_NUMBER,310874,YES,2025-02-14,2028-02-14,1de6e81addd37ea016be4c2cdbd50a08648f2348c694ef0e4d9eee0eee1bd381
TH-ENRICH-TX-SENIOR-2026-09-30-IDR2,TX|HHSC|TX_DAHS_ISS_ONLY|111358,HHSC_LICENSE_NUMBER,311305,YES,2024-04-14,2027-04-14,1de6e81addd37ea016be4c2cdbd50a08648f2348c694ef0e4d9eee0eee1bd381
TH-ENRICH-TX-SENIOR-2026-09-30-IDR2,TX|HHSC|TX_DAHS_ISS_ONLY|111096,HHSC_LICENSE_NUMBER,310998,YES,2024-02-23,2027-02-23,1de6e81addd37ea016be4c2cdbd50a08648f2348c694ef0e4d9eee0eee1bd381
TH-ENRICH-TX-SENIOR-2026-09-30-IDR2,TX|HHSC|TX_DAHS_ISS_ONLY|110828,HHSC_LICENSE_NUMBER,310724,YES,2025-02-01,2028-02-01,1de6e81addd37ea016be4c2cdbd50a08648f2348c694ef0e4d9eee0eee1bd381
TH-ENRICH-TX-SENIOR-2026-09-30-IDR2,TX|HHSC|TX_DAHS_ISS_ONLY|110965,HHSC_LICENSE_NUMBER,310866,YES,2024-02-22,2027-02-22,1de6e81addd37ea016be4c2cdbd50a08648f2348c694ef0e4d9eee0eee1bd381
TH-ENRICH-TX-SENIOR-2026-09-30-IDR2,TX|HHSC|TX_DAHS_ISS_ONLY|111311,HHSC_LICENSE_NUMBER,311226,YES,2024-03-20,2027-03-20,1de6e81addd37ea016be4c2cdbd50a08648f2348c694ef0e4d9eee0eee1bd381
TH-ENRICH-TX-SENIOR-2026-09-30-IDR2,TX|HHSC|TX_DAHS_ISS_ONLY|111085,HHSC_LICENSE_NUMBER,310987,YES,2024-02-22,2027-02-22,1de6e81addd37ea016be4c2cdbd50a08648f2348c694ef0e4d9eee0eee1bd381
TH-ENRICH-TX-SENIOR-2026-09-30-IDR2,TX|HHSC|TX_DAHS_ISS_ONLY|111069,HHSC_LICENSE_NUMBER,310970,YES,2025-02-21,2028-02-21,1de6e81addd37ea016be4c2cdbd50a08648f2348c694ef0e4d9eee0eee1bd381
TH-ENRICH-TX-SENIOR-2026-09-30-IDR2,TX|HHSC|TX_DAHS_ISS_ONLY|111421,HHSC_LICENSE_NUMBER,311392,YES,2025-05-11,2028-05-11,1de6e81addd37ea016be4c2cdbd50a08648f2348c694ef0e4d9eee0eee1bd381
TH-ENRICH-TX-SENIOR-2026-09-30-IDR2,TX|HHSC|TX_DAHS_ISS_ONLY|111274,HHSC_LICENSE_NUMBER,311184,YES,2023-03-10,2027-03-10,1de6e81addd37ea016be4c2cdbd50a08648f2348c694ef0e4d9eee0eee1bd381
TH-ENRICH-TX-SENIOR-2026-09-30-IDR2,TX|HHSC|TX_DAHS_ISS_ONLY|111320,HHSC_LICENSE_NUMBER,311238,YES,2026-03-24,2029-03-24,1de6e81addd37ea016be4c2cdbd50a08648f2348c694ef0e4d9eee0eee1bd381
TH-ENRICH-TX-SENIOR-2026-09-30-IDR2,TX|HHSC|TX_DAHS_ISS_ONLY|112069,HHSC_LICENSE_NUMBER,312901,YES,2026-03-02,2029-03-02,1de6e81addd37ea016be4c2cdbd50a08648f2348c694ef0e4d9eee0eee1bd381
TH-ENRICH-TX-SENIOR-2026-09-30-IDR2,TX|HHSC|TX_DAHS_ISS_ONLY|111556,HHSC_LICENSE_NUMBER,311608,YES,2023-09-14,2026-09-14,1de6e81addd37ea016be4c2cdbd50a08648f2348c694ef0e4d9eee0eee1bd381
TH-ENRICH-TX-SENIOR-2026-09-30-IDR2,TX|HHSC|TX_DAHS_ISS_ONLY|111077,HHSC_LICENSE_NUMBER,310979,YES,2025-02-22,2028-02-22,1de6e81addd37ea016be4c2cdbd50a08648f2348c694ef0e4d9eee0eee1bd381
TH-ENRICH-TX-SENIOR-2026-09-30-IDR2,TX|HHSC|TX_DAHS_ISS_ONLY|111176,HHSC_LICENSE_NUMBER,311080,YES,2024-02-28,2027-02-28,1de6e81addd37ea016be4c2cdbd50a08648f2348c694ef0e4d9eee0eee1bd381
TH-ENRICH-TX-SENIOR-2026-09-30-IDR2,TX|HHSC|TX_DAHS_ISS_ONLY|111008,HHSC_LICENSE_NUMBER,310908,YES,2024-02-15,2027-02-15,1de6e81addd37ea016be4c2cdbd50a08648f2348c694ef0e4d9eee0eee1bd381
TH-ENRICH-TX-SENIOR-2026-09-30-IDR2,TX|HHSC|TX_DAHS_ISS_ONLY|110768,HHSC_LICENSE_NUMBER,310654,YES,2026-01-20,2029-01-20,1de6e81addd37ea016be4c2cdbd50a08648f2348c694ef0e4d9eee0eee1bd381
TH-ENRICH-TX-SENIOR-2026-09-30-IDR2,TX|HHSC|TX_DAHS_ISS_ONLY|110760,HHSC_LICENSE_NUMBER,310646,YES,2026-01-19,2029-01-19,1de6e81addd37ea016be4c2cdbd50a08648f2348c694ef0e4d9eee0eee1bd381
TH-ENRICH-TX-SENIOR-2026-09-30-IDR2,TX|HHSC|TX_DAHS_ISS_ONLY|110777,HHSC_LICENSE_NUMBER,310665,YES,2024-01-24,2027-01-24,1de6e81addd37ea016be4c2cdbd50a08648f2348c694ef0e4d9eee0eee1bd381
TH-ENRICH-TX-SENIOR-2026-09-30-IDR2,TX|HHSC|TX_DAHS_ISS_ONLY|111347,HHSC_LICENSE_NUMBER,311281,YES,2025-04-10,2028-04-10,1de6e81addd37ea016be4c2cdbd50a08648f2348c694ef0e4d9eee0eee1bd381
TH-ENRICH-TX-SENIOR-2026-09-30-IDR2,TX|HHSC|TX_DAHS_ISS_ONLY|112031,HHSC_LICENSE_NUMBER,312821,YES,2025-12-23,2028-12-23,1de6e81addd37ea016be4c2cdbd50a08648f2348c694ef0e4d9eee0eee1bd381
TH-ENRICH-TX-SENIOR-2026-09-30-IDR2,TX|HHSC|TX_DAHS_ISS_ONLY|111892,HHSC_LICENSE_NUMBER,312483,YES,2025-06-02,2028-06-02,1de6e81addd37ea016be4c2cdbd50a08648f2348c694ef0e4d9eee0eee1bd381
TH-ENRICH-TX-SENIOR-2026-09-30-IDR2,TX|HHSC|TX_DAHS_ISS_ONLY|111762,HHSC_LICENSE_NUMBER,312145,YES,2024-10-09,2026-10-09,1de6e81addd37ea016be4c2cdbd50a08648f2348c694ef0e4d9eee0eee1bd381
TH-ENRICH-TX-SENIOR-2026-09-30-IDR2,TX|HHSC|TX_DAHS_ISS_ONLY|111393,HHSC_LICENSE_NUMBER,311354,YES,2026-04-28,2029-04-28,1de6e81addd37ea016be4c2cdbd50a08648f2348c694ef0e4d9eee0eee1bd381
TH-ENRICH-TX-SENIOR-2026-09-30-IDR2,TX|HHSC|TX_DAHS_ISS_ONLY|110943,HHSC_LICENSE_NUMBER,310844,YES,2026-02-27,2029-02-27,1de6e81addd37ea016be4c2cdbd50a08648f2348c694ef0e4d9eee0eee1bd381
TH-ENRICH-TX-SENIOR-2026-09-30-IDR2,TX|HHSC|TX_DAHS_ISS_ONLY|111177,HHSC_LICENSE_NUMBER,311081,YES,2024-12-01,2027-12-01,1de6e81addd37ea016be4c2cdbd50a08648f2348c694ef0e4d9eee0eee1bd381
TH-ENRICH-TX-SENIOR-2026-09-30-IDR2,TX|HHSC|TX_DAHS_ISS_ONLY|112175,HHSC_LICENSE_NUMBER,313214,YES,2026-07-23,2027-01-19,1de6e81addd37ea016be4c2cdbd50a08648f2348c694ef0e4d9eee0eee1bd381
TH-ENRICH-TX-SENIOR-2026-09-30-IDR2,TX|HHSC|TX_DAHS_ISS_ONLY|111303,HHSC_LICENSE_NUMBER,311216,YES,2025-03-23,2028-03-23,1de6e81addd37ea016be4c2cdbd50a08648f2348c694ef0e4d9eee0eee1bd381
TH-ENRICH-TX-SENIOR-2026-09-30-IDR2,TX|HHSC|TX_DAHS_ISS_ONLY|111300,HHSC_LICENSE_NUMBER,311213,YES,2025-12-30,2028-03-16,1de6e81addd37ea016be4c2cdbd50a08648f2348c694ef0e4d9eee0eee1bd381
TH-ENRICH-TX-SENIOR-2026-09-30-IDR2,TX|HHSC|TX_DAHS_ISS_ONLY|110920,HHSC_LICENSE_NUMBER,310819,YES,2025-02-09,2028-02-09,1de6e81addd37ea016be4c2cdbd50a08648f2348c694ef0e4d9eee0eee1bd381
TH-ENRICH-TX-SENIOR-2026-09-30-IDR2,TX|HHSC|TX_DAHS_ISS_ONLY|111330,HHSC_LICENSE_NUMBER,311260,YES,2025-07-14,2027-03-31,1de6e81addd37ea016be4c2cdbd50a08648f2348c694ef0e4d9eee0eee1bd381
TH-ENRICH-TX-SENIOR-2026-09-30-IDR2,TX|HHSC|TX_DAHS_ISS_ONLY|111798,HHSC_LICENSE_NUMBER,312246,YES,2024-12-13,2026-12-13,1de6e81addd37ea016be4c2cdbd50a08648f2348c694ef0e4d9eee0eee1bd381
TH-ENRICH-TX-SENIOR-2026-09-30-IDR2,TX|HHSC|TX_DAHS_ISS_ONLY|110889,HHSC_LICENSE_NUMBER,310788,YES,2026-03-12,2028-02-08,1de6e81addd37ea016be4c2cdbd50a08648f2348c694ef0e4d9eee0eee1bd381
TH-ENRICH-TX-SENIOR-2026-09-30-IDR2,TX|HHSC|TX_DAHS_ISS_ONLY|112153,HHSC_LICENSE_NUMBER,313169,YES,2026-06-18,2026-12-15,1de6e81addd37ea016be4c2cdbd50a08648f2348c694ef0e4d9eee0eee1bd381
TH-ENRICH-TX-SENIOR-2026-09-30-IDR2,TX|HHSC|TX_DAHS_ISS_ONLY|111219,HHSC_LICENSE_NUMBER,311123,YES,2025-03-01,2028-03-01,1de6e81addd37ea016be4c2cdbd50a08648f2348c694ef0e4d9eee0eee1bd381
TH-ENRICH-TX-SENIOR-2026-09-30-IDR2,TX|HHSC|TX_DAHS_ISS_ONLY|111391,HHSC_LICENSE_NUMBER,311351,YES,2025-10-23,2027-04-27,1de6e81addd37ea016be4c2cdbd50a08648f2348c694ef0e4d9eee0eee1bd381
TH-ENRICH-TX-SENIOR-2026-09-30-IDR2,TX|HHSC|TX_DAHS_ISS_ONLY|110843,HHSC_LICENSE_NUMBER,310739,YES,2024-02-02,2027-02-02,1de6e81addd37ea016be4c2cdbd50a08648f2348c694ef0e4d9eee0eee1bd381
TH-ENRICH-TX-SENIOR-2026-09-30-IDR2,TX|HHSC|TX_DAHS_ISS_ONLY|110891,HHSC_LICENSE_NUMBER,310790,YES,2026-02-08,2029-02-08,1de6e81addd37ea016be4c2cdbd50a08648f2348c694ef0e4d9eee0eee1bd381
TH-ENRICH-TX-SENIOR-2026-09-30-IDR2,TX|HHSC|TX_DAHS_ISS_ONLY|110980,HHSC_LICENSE_NUMBER,310881,YES,2026-02-14,2029-02-14,1de6e81addd37ea016be4c2cdbd50a08648f2348c694ef0e4d9eee0eee1bd381
TH-ENRICH-TX-SENIOR-2026-09-30-IDR2,TX|HHSC|TX_DAHS_ISS_ONLY|110868,HHSC_LICENSE_NUMBER,310765,YES,2025-02-04,2028-02-04,1de6e81addd37ea016be4c2cdbd50a08648f2348c694ef0e4d9eee0eee1bd381
TH-ENRICH-TX-SENIOR-2026-09-30-IDR2,TX|HHSC|TX_DAHS_ISS_ONLY|112002,HHSC_LICENSE_NUMBER,312710,YES,2025-10-30,2028-10-30,1de6e81addd37ea016be4c2cdbd50a08648f2348c694ef0e4d9eee0eee1bd381
TH-ENRICH-TX-SENIOR-2026-09-30-IDR2,TX|HHSC|TX_DAHS_ISS_ONLY|111409,HHSC_LICENSE_NUMBER,311375,YES,2023-05-03,2026-05-03,1de6e81addd37ea016be4c2cdbd50a08648f2348c694ef0e4d9eee0eee1bd381
TH-ENRICH-TX-SENIOR-2026-09-30-IDR2,TX|HHSC|TX_DAHS_ISS_ONLY|111975,HHSC_LICENSE_NUMBER,312631,YES,2025-09-12,2028-09-12,1de6e81addd37ea016be4c2cdbd50a08648f2348c694ef0e4d9eee0eee1bd381
TH-ENRICH-TX-SENIOR-2026-09-30-IDR2,TX|HHSC|TX_DAHS_ISS_ONLY|112182,HHSC_LICENSE_NUMBER,313232,YES,2026-08-05,2027-02-01,1de6e81addd37ea016be4c2cdbd50a08648f2348c694ef0e4d9eee0eee1bd381
TH-ENRICH-TX-SENIOR-2026-09-30-IDR2,TX|HHSC|TX_DAHS_ISS_ONLY|111025,HHSC_LICENSE_NUMBER,313171,YES,2026-07-09,2029-07-09,1de6e81addd37ea016be4c2cdbd50a08648f2348c694ef0e4d9eee0eee1bd381
TH-ENRICH-TX-SENIOR-2026-09-30-IDR2,TX|HHSC|TX_DAHS_ISS_ONLY|110898,HHSC_LICENSE_NUMBER,310798,YES,2026-04-06,2029-04-06,1de6e81addd37ea016be4c2cdbd50a08648f2348c694ef0e4d9eee0eee1bd381
TH-ENRICH-TX-SENIOR-2026-09-30-IDR2,TX|HHSC|TX_DAHS_ISS_ONLY|111455,HHSC_LICENSE_NUMBER,311445,YES,2025-06-06,2028-06-06,1de6e81addd37ea016be4c2cdbd50a08648f2348c694ef0e4d9eee0eee1bd381
TH-ENRICH-TX-SENIOR-2026-09-30-IDR2,TX|HHSC|TX_DAHS_ISS_ONLY|111973,HHSC_LICENSE_NUMBER,312629,YES,2026-09-11,2029-09-11,1de6e81addd37ea016be4c2cdbd50a08648f2348c694ef0e4d9eee0eee1bd381
TH-ENRICH-TX-SENIOR-2026-09-30-IDR2,TX|HHSC|TX_DAHS_ISS_ONLY|111519,HHSC_LICENSE_NUMBER,311543,YES,2024-08-01,2027-08-01,1de6e81addd37ea016be4c2cdbd50a08648f2348c694ef0e4d9eee0eee1bd381
TH-ENRICH-TX-SENIOR-2026-09-30-IDR2,TX|HHSC|TX_DAHS_ISS_ONLY|110911,HHSC_LICENSE_NUMBER,310811,YES,2025-02-08,2028-02-08,1de6e81addd37ea016be4c2cdbd50a08648f2348c694ef0e4d9eee0eee1bd381
TH-ENRICH-TX-SENIOR-2026-09-30-IDR2,TX|HHSC|TX_DAHS_ISS_ONLY|111091,HHSC_LICENSE_NUMBER,310993,YES,2024-04-21,2027-04-21,1de6e81addd37ea016be4c2cdbd50a08648f2348c694ef0e4d9eee0eee1bd381
TH-ENRICH-TX-SENIOR-2026-09-30-IDR2,TX|HHSC|TX_DAHS_ISS_ONLY|110912,HHSC_LICENSE_NUMBER,310812,YES,2024-02-08,2027-02-08,1de6e81addd37ea016be4c2cdbd50a08648f2348c694ef0e4d9eee0eee1bd381
TH-ENRICH-TX-SENIOR-2026-09-30-IDR2,TX|HHSC|TX_DAHS_ISS_ONLY|111258,HHSC_LICENSE_NUMBER,311165,YES,2026-03-08,2029-03-08,1de6e81addd37ea016be4c2cdbd50a08648f2348c694ef0e4d9eee0eee1bd381
TH-ENRICH-TX-SENIOR-2026-09-30-IDR2,TX|HHSC|TX_DAHS_ISS_ONLY|112037,HHSC_LICENSE_NUMBER,312835,YES,2026-01-14,2029-01-14,1de6e81addd37ea016be4c2cdbd50a08648f2348c694ef0e4d9eee0eee1bd381
TH-ENRICH-TX-SENIOR-2026-09-30-IDR2,TX|HHSC|TX_DAHS_ISS_ONLY|111286,HHSC_LICENSE_NUMBER,311197,YES,2026-03-14,2029-03-14,1de6e81addd37ea016be4c2cdbd50a08648f2348c694ef0e4d9eee0eee1bd381
TH-ENRICH-TX-SENIOR-2026-09-30-IDR2,TX|HHSC|TX_DAHS_ISS_ONLY|111675,HHSC_LICENSE_NUMBER,311981,YES,2025-06-06,2028-06-06,1de6e81addd37ea016be4c2cdbd50a08648f2348c694ef0e4d9eee0eee1bd381
TH-ENRICH-TX-SENIOR-2026-09-30-IDR2,TX|HHSC|TX_DAHS_ISS_ONLY|112157,HHSC_LICENSE_NUMBER,313179,YES,2026-06-30,2026-12-27,1de6e81addd37ea016be4c2cdbd50a08648f2348c694ef0e4d9eee0eee1bd381
TH-ENRICH-TX-SENIOR-2026-09-30-IDR2,TX|HHSC|TX_DAHS_ISS_ONLY|111820,HHSC_LICENSE_NUMBER,312303,YES,2025-01-28,2028-01-28,1de6e81addd37ea016be4c2cdbd50a08648f2348c694ef0e4d9eee0eee1bd381
TH-ENRICH-TX-SENIOR-2026-09-30-IDR2,TX|HHSC|TX_DAHS_ISS_ONLY|111360,HHSC_LICENSE_NUMBER,311310,YES,2025-04-14,2028-04-14,1de6e81addd37ea016be4c2cdbd50a08648f2348c694ef0e4d9eee0eee1bd381
TH-ENRICH-TX-SENIOR-2026-09-30-IDR2,TX|HHSC|TX_DAHS_ISS_ONLY|111012,HHSC_LICENSE_NUMBER,310912,YES,2025-02-12,2028-02-12,1de6e81addd37ea016be4c2cdbd50a08648f2348c694ef0e4d9eee0eee1bd381
TH-ENRICH-TX-SENIOR-2026-09-30-IDR2,TX|HHSC|TX_DAHS_ISS_ONLY|111023,HHSC_LICENSE_NUMBER,310922,YES,2025-02-16,2028-02-16,1de6e81addd37ea016be4c2cdbd50a08648f2348c694ef0e4d9eee0eee1bd381
TH-ENRICH-TX-SENIOR-2026-09-30-IDR2,TX|HHSC|TX_DAHS_ISS_ONLY|111575,HHSC_LICENSE_NUMBER,311656,YES,2026-10-31,2029-10-31,1de6e81addd37ea016be4c2cdbd50a08648f2348c694ef0e4d9eee0eee1bd381
TH-ENRICH-TX-SENIOR-2026-09-30-IDR2,TX|HHSC|TX_DAHS_ISS_ONLY|111186,HHSC_LICENSE_NUMBER,311090,YES,2024-03-01,2027-03-01,1de6e81addd37ea016be4c2cdbd50a08648f2348c694ef0e4d9eee0eee1bd381
TH-ENRICH-TX-SENIOR-2026-09-30-IDR2,TX|HHSC|TX_DAHS_ISS_ONLY|111572,HHSC_LICENSE_NUMBER,311652,YES,2025-10-27,2028-10-27,1de6e81addd37ea016be4c2cdbd50a08648f2348c694ef0e4d9eee0eee1bd381
TH-ENRICH-TX-SENIOR-2026-09-30-IDR2,TX|HHSC|TX_DAHS_ISS_ONLY|111202,HHSC_LICENSE_NUMBER,311106,YES,2026-02-13,2027-03-01,1de6e81addd37ea016be4c2cdbd50a08648f2348c694ef0e4d9eee0eee1bd381
TH-ENRICH-TX-SENIOR-2026-09-30-IDR2,TX|HHSC|TX_DAHS_ISS_ONLY|111170,HHSC_LICENSE_NUMBER,311074,YES,2025-01-03,2027-02-28,1de6e81addd37ea016be4c2cdbd50a08648f2348c694ef0e4d9eee0eee1bd381
TH-ENRICH-TX-SENIOR-2026-09-30-IDR2,TX|HHSC|TX_DAHS_ISS_ONLY|110938,HHSC_LICENSE_NUMBER,310839,YES,2024-02-10,2027-02-10,1de6e81addd37ea016be4c2cdbd50a08648f2348c694ef0e4d9eee0eee1bd381
TH-ENRICH-TX-SENIOR-2026-09-30-IDR2,TX|HHSC|TX_DAHS_ISS_ONLY|111100,HHSC_LICENSE_NUMBER,311002,YES,2025-02-24,2028-02-24,1de6e81addd37ea016be4c2cdbd50a08648f2348c694ef0e4d9eee0eee1bd381
TH-ENRICH-TX-SENIOR-2026-09-30-IDR2,TX|HHSC|TX_DAHS_ISS_ONLY|111243,HHSC_LICENSE_NUMBER,311150,YES,2024-03-07,2027-03-07,1de6e81addd37ea016be4c2cdbd50a08648f2348c694ef0e4d9eee0eee1bd381
TH-ENRICH-TX-SENIOR-2026-09-30-IDR2,TX|HHSC|TX_DAHS_ISS_ONLY|110981,HHSC_LICENSE_NUMBER,310882,YES,2025-02-22,2028-02-22,1de6e81addd37ea016be4c2cdbd50a08648f2348c694ef0e4d9eee0eee1bd381
TH-ENRICH-TX-SENIOR-2026-09-30-IDR2,TX|HHSC|TX_DAHS_ISS_ONLY|110961,HHSC_LICENSE_NUMBER,310862,YES,2026-02-13,2029-02-13,1de6e81addd37ea016be4c2cdbd50a08648f2348c694ef0e4d9eee0eee1bd381
TH-ENRICH-TX-SENIOR-2026-09-30-IDR2,TX|HHSC|TX_DAHS_ISS_ONLY|111168,HHSC_LICENSE_NUMBER,311072,YES,2026-10-12,2029-10-12,1de6e81addd37ea016be4c2cdbd50a08648f2348c694ef0e4d9eee0eee1bd381
TH-ENRICH-TX-SENIOR-2026-09-30-IDR2,TX|HHSC|TX_DAHS_ISS_ONLY|110937,HHSC_LICENSE_NUMBER,310838,YES,2024-02-10,2027-02-10,1de6e81addd37ea016be4c2cdbd50a08648f2348c694ef0e4d9eee0eee1bd381
TH-ENRICH-TX-SENIOR-2026-09-30-IDR2,TX|HHSC|TX_DAHS_ISS_ONLY|110836,HHSC_LICENSE_NUMBER,310732,YES,2025-02-02,2028-02-02,1de6e81addd37ea016be4c2cdbd50a08648f2348c694ef0e4d9eee0eee1bd381
TH-ENRICH-TX-SENIOR-2026-09-30-IDR2,TX|HHSC|TX_DAHS_ISS_ONLY|111328,HHSC_LICENSE_NUMBER,311258,YES,2026-03-30,2029-03-30,1de6e81addd37ea016be4c2cdbd50a08648f2348c694ef0e4d9eee0eee1bd381
TH-ENRICH-TX-SENIOR-2026-09-30-IDR2,TX|HHSC|TX_DAHS_ISS_ONLY|110879,HHSC_LICENSE_NUMBER,310777,YES,2026-02-07,2029-02-07,1de6e81addd37ea016be4c2cdbd50a08648f2348c694ef0e4d9eee0eee1bd381
TH-ENRICH-TX-SENIOR-2026-09-30-IDR2,TX|HHSC|TX_DAHS_ISS_ONLY|110770,HHSC_LICENSE_NUMBER,310656,YES,2024-01-20,2027-01-20,1de6e81addd37ea016be4c2cdbd50a08648f2348c694ef0e4d9eee0eee1bd381
TH-ENRICH-TX-SENIOR-2026-09-30-IDR2,TX|HHSC|TX_DAHS_ISS_ONLY|111856,HHSC_LICENSE_NUMBER,312392,YES,2026-03-27,2029-03-27,1de6e81addd37ea016be4c2cdbd50a08648f2348c694ef0e4d9eee0eee1bd381
TH-ENRICH-TX-SENIOR-2026-09-30-IDR2,TX|HHSC|TX_DAHS_ISS_ONLY|110978,HHSC_LICENSE_NUMBER,310879,YES,2025-02-14,2028-02-14,1de6e81addd37ea016be4c2cdbd50a08648f2348c694ef0e4d9eee0eee1bd381
TH-ENRICH-TX-SENIOR-2026-09-30-IDR2,TX|HHSC|TX_DAHS_ISS_ONLY|111268,HHSC_LICENSE_NUMBER,311178,YES,2025-03-09,2028-03-09,1de6e81addd37ea016be4c2cdbd50a08648f2348c694ef0e4d9eee0eee1bd381
TH-ENRICH-TX-SENIOR-2026-09-30-IDR2,TX|HHSC|TX_DAHS_ISS_ONLY|111174,HHSC_LICENSE_NUMBER,311078,YES,2026-02-10,2027-02-28,1de6e81addd37ea016be4c2cdbd50a08648f2348c694ef0e4d9eee0eee1bd381
TH-ENRICH-TX-SENIOR-2026-09-30-IDR2,TX|HHSC|TX_DAHS_ISS_ONLY|111068,HHSC_LICENSE_NUMBER,310969,YES,2024-07-21,2027-07-21,1de6e81addd37ea016be4c2cdbd50a08648f2348c694ef0e4d9eee0eee1bd381
TH-ENRICH-TX-SENIOR-2026-09-30-IDR2,TX|HHSC|TX_DAHS_ISS_ONLY|112149,HHSC_LICENSE_NUMBER,313158,YES,2026-06-12,2026-12-09,1de6e81addd37ea016be4c2cdbd50a08648f2348c694ef0e4d9eee0eee1bd381
TH-ENRICH-TX-SENIOR-2026-09-30-IDR2,TX|HHSC|TX_DAHS_ISS_ONLY|112049,HHSC_LICENSE_NUMBER,312854,YES,2026-02-02,2029-02-02,1de6e81addd37ea016be4c2cdbd50a08648f2348c694ef0e4d9eee0eee1bd381
TH-ENRICH-TX-SENIOR-2026-09-30-IDR2,TX|HHSC|TX_DAHS_ISS_ONLY|110957,HHSC_LICENSE_NUMBER,310858,YES,2026-04-08,2027-02-13,1de6e81addd37ea016be4c2cdbd50a08648f2348c694ef0e4d9eee0eee1bd381
TH-ENRICH-TX-SENIOR-2026-09-30-IDR2,TX|HHSC|TX_DAHS_ISS_ONLY|111067,HHSC_LICENSE_NUMBER,310968,YES,2025-12-02,2028-02-21,1de6e81addd37ea016be4c2cdbd50a08648f2348c694ef0e4d9eee0eee1bd381
TH-ENRICH-TX-SENIOR-2026-09-30-IDR2,TX|HHSC|TX_DAHS_ISS_ONLY|110999,HHSC_LICENSE_NUMBER,310899,YES,2026-02-15,2029-02-15,1de6e81addd37ea016be4c2cdbd50a08648f2348c694ef0e4d9eee0eee1bd381
TH-ENRICH-TX-SENIOR-2026-09-30-IDR2,TX|HHSC|TX_DAHS_ISS_ONLY|111109,HHSC_LICENSE_NUMBER,311011,YES,2024-02-24,2027-02-24,1de6e81addd37ea016be4c2cdbd50a08648f2348c694ef0e4d9eee0eee1bd381
TH-ENRICH-TX-SENIOR-2026-09-30-IDR2,TX|HHSC|TX_DAHS_ISS_ONLY|111156,HHSC_LICENSE_NUMBER,311060,YES,2024-02-28,2027-02-28,1de6e81addd37ea016be4c2cdbd50a08648f2348c694ef0e4d9eee0eee1bd381
TH-ENRICH-TX-SENIOR-2026-09-30-IDR2,TX|HHSC|TX_DAHS_ISS_ONLY|110800,HHSC_LICENSE_NUMBER,310694,YES,2024-05-27,2027-05-27,1de6e81addd37ea016be4c2cdbd50a08648f2348c694ef0e4d9eee0eee1bd381
TH-ENRICH-TX-SENIOR-2026-09-30-IDR2,TX|HHSC|TX_DAHS_ISS_ONLY|111648,HHSC_LICENSE_NUMBER,311899,YES,2025-07-28,2028-12-05,1de6e81addd37ea016be4c2cdbd50a08648f2348c694ef0e4d9eee0eee1bd381
TH-ENRICH-TX-SENIOR-2026-09-30-IDR2,TX|HHSC|TX_DAHS_ISS_ONLY|112209,HHSC_LICENSE_NUMBER,313285,YES,2026-09-11,2027-03-10,1de6e81addd37ea016be4c2cdbd50a08648f2348c694ef0e4d9eee0eee1bd381
TH-ENRICH-TX-SENIOR-2026-09-30-IDR2,TX|HHSC|TX_DAHS_ISS_ONLY|112007,HHSC_LICENSE_NUMBER,312730,YES,2025-11-04,2028-11-14,1de6e81addd37ea016be4c2cdbd50a08648f2348c694ef0e4d9eee0eee1bd381
TH-ENRICH-TX-SENIOR-2026-09-30-IDR2,TX|HHSC|TX_DAHS_ISS_ONLY|110892,HHSC_LICENSE_NUMBER,310791,YES,2026-02-08,2029-02-08,1de6e81addd37ea016be4c2cdbd50a08648f2348c694ef0e4d9eee0eee1bd381
TH-ENRICH-TX-SENIOR-2026-09-30-IDR2,TX|HHSC|TX_DAHS_ISS_ONLY|111503,HHSC_LICENSE_NUMBER,311513,YES,2025-07-13,2028-07-13,1de6e81addd37ea016be4c2cdbd50a08648f2348c694ef0e4d9eee0eee1bd381
TH-ENRICH-TX-SENIOR-2026-09-30-IDR2,TX|HHSC|TX_DAHS_ISS_ONLY|112219,HHSC_LICENSE_NUMBER,313308,YES,2026-09-21,2027-03-20,1de6e81addd37ea016be4c2cdbd50a08648f2348c694ef0e4d9eee0eee1bd381
TH-ENRICH-TX-SENIOR-2026-09-30-IDR2,TX|HHSC|TX_DAHS_ISS_ONLY|112143,HHSC_LICENSE_NUMBER,313117,YES,2026-05-29,2026-11-25,1de6e81addd37ea016be4c2cdbd50a08648f2348c694ef0e4d9eee0eee1bd381
TH-ENRICH-TX-SENIOR-2026-09-30-IDR2,TX|HHSC|TX_DAHS_ISS_ONLY|111605,HHSC_LICENSE_NUMBER,311732,YES,2026-03-30,2028-01-10,1de6e81addd37ea016be4c2cdbd50a08648f2348c694ef0e4d9eee0eee1bd381
TH-ENRICH-TX-SENIOR-2026-09-30-IDR2,TX|HHSC|TX_DAHS_ISS_ONLY|111265,HHSC_LICENSE_NUMBER,311174,YES,2024-03-09,2027-03-09,1de6e81addd37ea016be4c2cdbd50a08648f2348c694ef0e4d9eee0eee1bd381
TH-ENRICH-TX-SENIOR-2026-09-30-IDR2,TX|HHSC|TX_DAHS_ISS_ONLY|111296,HHSC_LICENSE_NUMBER,311963,YES,2024-04-04,2027-04-04,1de6e81addd37ea016be4c2cdbd50a08648f2348c694ef0e4d9eee0eee1bd381
TH-ENRICH-TX-SENIOR-2026-09-30-IDR2,TX|HHSC|TX_DAHS_ISS_ONLY|110744,HHSC_LICENSE_NUMBER,310623,YES,2025-01-13,2028-01-13,1de6e81addd37ea016be4c2cdbd50a08648f2348c694ef0e4d9eee0eee1bd381
TH-ENRICH-TX-SENIOR-2026-09-30-IDR2,TX|HHSC|TX_DAHS_ISS_ONLY|111561,HHSC_LICENSE_NUMBER,311625,YES,2025-10-26,2028-10-26,1de6e81addd37ea016be4c2cdbd50a08648f2348c694ef0e4d9eee0eee1bd381
TH-ENRICH-TX-SENIOR-2026-09-30-IDR2,TX|HHSC|TX_DAHS_ISS_ONLY|111125,HHSC_LICENSE_NUMBER,311027,YES,2025-09-14,2028-09-14,1de6e81addd37ea016be4c2cdbd50a08648f2348c694ef0e4d9eee0eee1bd381
TH-ENRICH-TX-SENIOR-2026-09-30-IDR2,TX|HHSC|TX_DAHS_ISS_ONLY|111405,HHSC_LICENSE_NUMBER,311370,YES,2025-05-03,2028-05-03,1de6e81addd37ea016be4c2cdbd50a08648f2348c694ef0e4d9eee0eee1bd381
TH-ENRICH-TX-SENIOR-2026-09-30-IDR2,TX|HHSC|TX_DAHS_ISS_ONLY|111308,HHSC_LICENSE_NUMBER,311223,YES,2026-03-20,2029-03-20,1de6e81addd37ea016be4c2cdbd50a08648f2348c694ef0e4d9eee0eee1bd381
TH-ENRICH-TX-SENIOR-2026-09-30-IDR2,TX|HHSC|TX_DAHS_ISS_ONLY|111163,HHSC_LICENSE_NUMBER,311067,YES,2025-02-28,2028-02-28,1de6e81addd37ea016be4c2cdbd50a08648f2348c694ef0e4d9eee0eee1bd381
TH-ENRICH-TX-SENIOR-2026-09-30-IDR2,TX|HHSC|TX_DAHS_ISS_ONLY|110923,HHSC_LICENSE_NUMBER,310822,YES,2026-03-01,2029-03-01,1de6e81addd37ea016be4c2cdbd50a08648f2348c694ef0e4d9eee0eee1bd381
TH-ENRICH-TX-SENIOR-2026-09-30-IDR2,TX|HHSC|TX_DAHS_ISS_ONLY|111027,HHSC_LICENSE_NUMBER,310927,YES,2025-02-16,2028-02-16,1de6e81addd37ea016be4c2cdbd50a08648f2348c694ef0e4d9eee0eee1bd381
TH-ENRICH-TX-SENIOR-2026-09-30-IDR2,TX|HHSC|TX_DAHS_ISS_ONLY|111158,HHSC_LICENSE_NUMBER,311062,YES,2024-02-05,2027-02-05,1de6e81addd37ea016be4c2cdbd50a08648f2348c694ef0e4d9eee0eee1bd381
TH-ENRICH-TX-SENIOR-2026-09-30-IDR2,TX|HHSC|TX_DAHS_ISS_ONLY|110886,HHSC_LICENSE_NUMBER,310785,YES,2025-05-02,2028-05-02,1de6e81addd37ea016be4c2cdbd50a08648f2348c694ef0e4d9eee0eee1bd381
TH-ENRICH-TX-SENIOR-2026-09-30-IDR2,TX|HHSC|TX_DAHS_ISS_ONLY|110883,HHSC_LICENSE_NUMBER,310782,YES,2024-02-07,2027-02-07,1de6e81addd37ea016be4c2cdbd50a08648f2348c694ef0e4d9eee0eee1bd381
TH-ENRICH-TX-SENIOR-2026-09-30-IDR2,TX|HHSC|TX_DAHS_ISS_ONLY|111412,HHSC_LICENSE_NUMBER,311378,YES,2024-05-04,2027-05-04,1de6e81addd37ea016be4c2cdbd50a08648f2348c694ef0e4d9eee0eee1bd381
TH-ENRICH-TX-SENIOR-2026-09-30-IDR2,TX|HHSC|TX_DAHS_ISS_ONLY|110834,HHSC_LICENSE_NUMBER,310730,YES,2026-02-01,2029-02-01,1de6e81addd37ea016be4c2cdbd50a08648f2348c694ef0e4d9eee0eee1bd381
TH-ENRICH-TX-SENIOR-2026-09-30-IDR2,TX|HHSC|TX_DAHS_ISS_ONLY|111249,HHSC_LICENSE_NUMBER,311156,YES,2026-03-08,2029-03-08,1de6e81addd37ea016be4c2cdbd50a08648f2348c694ef0e4d9eee0eee1bd381
TH-ENRICH-TX-SENIOR-2026-09-30-IDR2,TX|HHSC|TX_DAHS_ISS_ONLY|111419,HHSC_LICENSE_NUMBER,311390,YES,2024-05-11,2027-05-11,1de6e81addd37ea016be4c2cdbd50a08648f2348c694ef0e4d9eee0eee1bd381
TH-ENRICH-TX-SENIOR-2026-09-30-IDR2,TX|HHSC|TX_DAHS_ISS_ONLY|111563,HHSC_LICENSE_NUMBER,311632,YES,2024-10-02,2027-10-02,1de6e81addd37ea016be4c2cdbd50a08648f2348c694ef0e4d9eee0eee1bd381
TH-ENRICH-TX-SENIOR-2026-09-30-IDR2,TX|HHSC|TX_DAHS_ISS_ONLY|111520,HHSC_LICENSE_NUMBER,311544,YES,2025-08-01,2028-08-01,1de6e81addd37ea016be4c2cdbd50a08648f2348c694ef0e4d9eee0eee1bd381
TH-ENRICH-TX-SENIOR-2026-09-30-IDR2,TX|HHSC|TX_DAHS_ISS_ONLY|112032,HHSC_LICENSE_NUMBER,312823,YES,2025-12-29,2028-12-29,1de6e81addd37ea016be4c2cdbd50a08648f2348c694ef0e4d9eee0eee1bd381
TH-ENRICH-TX-SENIOR-2026-09-30-IDR2,TX|HHSC|TX_DAHS_ISS_ONLY|111136,HHSC_LICENSE_NUMBER,311038,YES,2024-02-27,2027-02-27,1de6e81addd37ea016be4c2cdbd50a08648f2348c694ef0e4d9eee0eee1bd381
TH-ENRICH-TX-SENIOR-2026-09-30-IDR2,TX|HHSC|TX_DAHS_ISS_ONLY|110849,HHSC_LICENSE_NUMBER,310746,YES,2024-02-03,2027-02-03,1de6e81addd37ea016be4c2cdbd50a08648f2348c694ef0e4d9eee0eee1bd381
TH-ENRICH-TX-SENIOR-2026-09-30-IDR2,TX|HHSC|TX_DAHS_ISS_ONLY|110710,HHSC_LICENSE_NUMBER,310582,YES,2026-01-12,2029-01-12,1de6e81addd37ea016be4c2cdbd50a08648f2348c694ef0e4d9eee0eee1bd381
TH-ENRICH-TX-SENIOR-2026-09-30-IDR2,TX|HHSC|TX_DAHS_ISS_ONLY|111961,HHSC_LICENSE_NUMBER,312614,YES,2025-09-03,2028-08-03,1de6e81addd37ea016be4c2cdbd50a08648f2348c694ef0e4d9eee0eee1bd381
TH-ENRICH-TX-SENIOR-2026-09-30-IDR2,TX|HHSC|TX_DAHS_ISS_ONLY|111978,HHSC_LICENSE_NUMBER,312635,YES,2026-06-12,2028-09-16,1de6e81addd37ea016be4c2cdbd50a08648f2348c694ef0e4d9eee0eee1bd381
TH-ENRICH-TX-SENIOR-2026-09-30-IDR2,TX|HHSC|TX_DAHS_ISS_ONLY|111005,HHSC_LICENSE_NUMBER,310905,YES,2025-02-15,2028-02-15,1de6e81addd37ea016be4c2cdbd50a08648f2348c694ef0e4d9eee0eee1bd381
TH-ENRICH-TX-SENIOR-2026-09-30-IDR2,TX|HHSC|TX_DAHS_ISS_ONLY|112148,HHSC_LICENSE_NUMBER,313154,YES,2026-12-08,2029-12-08,1de6e81addd37ea016be4c2cdbd50a08648f2348c694ef0e4d9eee0eee1bd381
TH-ENRICH-TX-SENIOR-2026-09-30-IDR2,TX|HHSC|TX_DAHS_ISS_ONLY|110944,HHSC_LICENSE_NUMBER,310845,YES,2024-06-29,2027-06-29,1de6e81addd37ea016be4c2cdbd50a08648f2348c694ef0e4d9eee0eee1bd381
TH-ENRICH-TX-SENIOR-2026-09-30-IDR2,TX|HHSC|TX_DAHS_ISS_ONLY|110985,HHSC_LICENSE_NUMBER,310886,YES,2024-02-14,2027-02-14,1de6e81addd37ea016be4c2cdbd50a08648f2348c694ef0e4d9eee0eee1bd381
TH-ENRICH-TX-SENIOR-2026-09-30-IDR2,TX|HHSC|TX_DAHS_ISS_ONLY|111427,HHSC_LICENSE_NUMBER,311400,YES,2025-12-15,2028-12-15,1de6e81addd37ea016be4c2cdbd50a08648f2348c694ef0e4d9eee0eee1bd381
TH-ENRICH-TX-SENIOR-2026-09-30-IDR2,TX|HHSC|TX_DAHS_ISS_ONLY|112142,HHSC_LICENSE_NUMBER,313110,YES,2026-06-04,2026-12-01,1de6e81addd37ea016be4c2cdbd50a08648f2348c694ef0e4d9eee0eee1bd381
TH-ENRICH-TX-SENIOR-2026-09-30-IDR2,TX|HHSC|TX_DAHS_ISS_ONLY|111725,HHSC_LICENSE_NUMBER,312093,YES,2026-09-09,2029-09-09,1de6e81addd37ea016be4c2cdbd50a08648f2348c694ef0e4d9eee0eee1bd381
TH-ENRICH-TX-SENIOR-2026-09-30-IDR2,TX|HHSC|TX_DAHS_ISS_ONLY|110955,HHSC_LICENSE_NUMBER,310856,YES,2025-02-13,2028-02-13,1de6e81addd37ea016be4c2cdbd50a08648f2348c694ef0e4d9eee0eee1bd381
TH-ENRICH-TX-SENIOR-2026-09-30-IDR2,TX|HHSC|TX_DAHS_ISS_ONLY|111380,HHSC_LICENSE_NUMBER,311339,YES,2026-05-26,2028-04-25,1de6e81addd37ea016be4c2cdbd50a08648f2348c694ef0e4d9eee0eee1bd381
TH-ENRICH-TX-SENIOR-2026-09-30-IDR2,TX|HHSC|TX_DAHS_ISS_ONLY|111041,HHSC_LICENSE_NUMBER,310941,YES,2024-04-20,2027-04-20,1de6e81addd37ea016be4c2cdbd50a08648f2348c694ef0e4d9eee0eee1bd381
TH-ENRICH-TX-SENIOR-2026-09-30-IDR2,TX|HHSC|TX_DAHS_ISS_ONLY|111817,HHSC_LICENSE_NUMBER,312291,YES,2025-04-17,2028-04-17,1de6e81addd37ea016be4c2cdbd50a08648f2348c694ef0e4d9eee0eee1bd381
TH-ENRICH-TX-SENIOR-2026-09-30-IDR2,TX|HHSC|TX_DAHS_ISS_ONLY|110916,HHSC_LICENSE_NUMBER,310815,YES,2024-02-09,2027-02-09,1de6e81addd37ea016be4c2cdbd50a08648f2348c694ef0e4d9eee0eee1bd381
TH-ENRICH-TX-SENIOR-2026-09-30-IDR2,TX|HHSC|TX_DAHS_ISS_ONLY|111897,HHSC_LICENSE_NUMBER,312490,YES,2025-06-05,2028-06-05,1de6e81addd37ea016be4c2cdbd50a08648f2348c694ef0e4d9eee0eee1bd381
TH-ENRICH-TX-SENIOR-2026-09-30-IDR2,TX|HHSC|TX_DAHS_ISS_ONLY|111816,HHSC_LICENSE_NUMBER,312290,YES,2025-01-23,2028-01-23,1de6e81addd37ea016be4c2cdbd50a08648f2348c694ef0e4d9eee0eee1bd381
TH-ENRICH-TX-SENIOR-2026-09-30-IDR2,TX|HHSC|TX_DAHS_ISS_ONLY|112126,HHSC_LICENSE_NUMBER,313059,YES,2026-05-12,2029-05-12,1de6e81addd37ea016be4c2cdbd50a08648f2348c694ef0e4d9eee0eee1bd381
TH-ENRICH-TX-SENIOR-2026-09-30-IDR2,TX|HHSC|TX_DAHS_ISS_ONLY|111073,HHSC_LICENSE_NUMBER,310974,YES,2025-02-21,2028-02-21,1de6e81addd37ea016be4c2cdbd50a08648f2348c694ef0e4d9eee0eee1bd381
TH-ENRICH-TX-SENIOR-2026-09-30-IDR2,TX|HHSC|TX_DAHS_ISS_ONLY|111696,HHSC_LICENSE_NUMBER,312042,YES,2024-07-29,2027-07-29,1de6e81addd37ea016be4c2cdbd50a08648f2348c694ef0e4d9eee0eee1bd381
TH-ENRICH-TX-SENIOR-2026-09-30-IDR2,TX|HHSC|TX_DAHS_ISS_ONLY|111968,HHSC_LICENSE_NUMBER,312623,YES,2025-09-09,2028-09-09,1de6e81addd37ea016be4c2cdbd50a08648f2348c694ef0e4d9eee0eee1bd381
TH-ENRICH-TX-SENIOR-2026-09-30-IDR2,TX|HHSC|TX_DAHS_ISS_ONLY|111240,HHSC_LICENSE_NUMBER,311145,YES,2024-05-07,2027-05-07,1de6e81addd37ea016be4c2cdbd50a08648f2348c694ef0e4d9eee0eee1bd381
TH-ENRICH-TX-SENIOR-2026-09-30-IDR2,TX|HHSC|TX_DAHS_ISS_ONLY|111478,HHSC_LICENSE_NUMBER,311471,YES,2024-06-23,2027-06-23,1de6e81addd37ea016be4c2cdbd50a08648f2348c694ef0e4d9eee0eee1bd381
TH-ENRICH-TX-SENIOR-2026-09-30-IDR2,TX|HHSC|TX_DAHS_ISS_ONLY|111103,HHSC_LICENSE_NUMBER,311005,YES,2026-02-24,2029-02-24,1de6e81addd37ea016be4c2cdbd50a08648f2348c694ef0e4d9eee0eee1bd381
TH-ENRICH-TX-SENIOR-2026-09-30-IDR2,TX|HHSC|TX_DAHS_ISS_ONLY|111746,HHSC_LICENSE_NUMBER,312118,YES,2025-04-07,2027-09-13,1de6e81addd37ea016be4c2cdbd50a08648f2348c694ef0e4d9eee0eee1bd381
TH-ENRICH-TX-SENIOR-2026-09-30-IDR2,TX|HHSC|TX_DAHS_ISS_ONLY|111423,HHSC_LICENSE_NUMBER,311394,YES,2024-05-11,2027-05-11,1de6e81addd37ea016be4c2cdbd50a08648f2348c694ef0e4d9eee0eee1bd381
TH-ENRICH-TX-SENIOR-2026-09-30-IDR2,TX|HHSC|TX_DAHS_ISS_ONLY|111089,HHSC_LICENSE_NUMBER,310991,YES,2026-02-22,2029-02-22,1de6e81addd37ea016be4c2cdbd50a08648f2348c694ef0e4d9eee0eee1bd381
