batch_id,namespaced_key,provider_class,facility_id,source_row,official_name,program_type,facility_licensed_raw,facility_certified_raw,county,physical_address,city,state,zip,source_sha256,source_url,retrieved_at,source_as_of,organization_id,public_eligible,record_sha256
TH-ENRICH-TX-SENIOR-2026-09-30-IDR2,TX|HHSC|TX_ICF_IID|003868,TX_ICF_IID,003868,3,EDUCARE COMMUNITY LIVING LIMITED PARTNERSHIP,ICF/IID,YES,YES,ANDERSON,208 FM 1817,ELKHART,TX,75839,20548d8398104d2a882cd018fff31786ccc77c4412b6874d5e1fada31ca02ab1,https://apps.hhs.texas.gov/providers/directories/ICFIID.xlsx,2026-09-30T19:14:28.931968+00:00,2026-09-29,,NO,aeaac69c77d9a3a8d879739bd726de8096a4f85eb65f16d86cdfed954fa767db
TH-ENRICH-TX-SENIOR-2026-09-30-IDR2,TX|HHSC|TX_ICF_IID|003685,TX_ICF_IID,003685,4,EDUCARE COMMUNITY LIVING LIMITED PARTNERSHIP,ICF/IID,YES,YES,ANDERSON,427 MAVERICK DR,PALESTINE,TX,75801,20548d8398104d2a882cd018fff31786ccc77c4412b6874d5e1fada31ca02ab1,https://apps.hhs.texas.gov/providers/directories/ICFIID.xlsx,2026-09-30T19:14:28.931968+00:00,2026-09-29,,NO,08c50fdc4baf67f8aff09cf8d0a8b10897ec5c4edbcf95c8143af9c8a715d76b
TH-ENRICH-TX-SENIOR-2026-09-30-IDR2,TX|HHSC|TX_ICF_IID|007606,TX_ICF_IID,007606,5,DIBOLL HOUSE,ICF/IID,NO,YES,ANGELINA,200 STUBBLEFIELD,DIBOLL,TX,75941,20548d8398104d2a882cd018fff31786ccc77c4412b6874d5e1fada31ca02ab1,https://apps.hhs.texas.gov/providers/directories/ICFIID.xlsx,2026-09-30T19:14:28.931968+00:00,2026-09-29,,NO,17103680e71843dc282ade80d498b2a8a842a8e941bf8d2d22dcc37787236a90
TH-ENRICH-TX-SENIOR-2026-09-30-IDR2,TX|HHSC|TX_ICF_IID|007534,TX_ICF_IID,007534,6,510 JEFFERSON,ICF/IID,YES,YES,ANGELINA,510 JEFFERSON AVE,LUFKIN,TX,75901,20548d8398104d2a882cd018fff31786ccc77c4412b6874d5e1fada31ca02ab1,https://apps.hhs.texas.gov/providers/directories/ICFIID.xlsx,2026-09-30T19:14:28.931968+00:00,2026-09-29,,NO,74a13f9e7cf8c422c18a16e10dbe21b4dd241f56b7ce29848e5c0e3c6923a0ff
TH-ENRICH-TX-SENIOR-2026-09-30-IDR2,TX|HHSC|TX_ICF_IID|007355,TX_ICF_IID,007355,7,CUNNINGHAM HOUSE,ICF/IID,NO,YES,ANGELINA,1010 CUNNINGHAM RD,LUFKIN,TX,75901,20548d8398104d2a882cd018fff31786ccc77c4412b6874d5e1fada31ca02ab1,https://apps.hhs.texas.gov/providers/directories/ICFIID.xlsx,2026-09-30T19:14:28.931968+00:00,2026-09-29,,NO,5511fe38e3fef57741c351ea589281f701935d88fab3389d3aff3884985c0bbe
TH-ENRICH-TX-SENIOR-2026-09-30-IDR2,TX|HHSC|TX_ICF_IID|003899,TX_ICF_IID,003899,8,EDUCARE COMMUNITY LIVING LIMITED PARTNERSHIP,ICF/IID,YES,YES,ANGELINA,462 WHITE DOVE DRIVE,LUFKIN,TX,75904-9798,20548d8398104d2a882cd018fff31786ccc77c4412b6874d5e1fada31ca02ab1,https://apps.hhs.texas.gov/providers/directories/ICFIID.xlsx,2026-09-30T19:14:28.931968+00:00,2026-09-29,,NO,e49d6ed7b2fd1f544136bb03ad5d435871070032d6bc96d792fd12f050c1cde8
TH-ENRICH-TX-SENIOR-2026-09-30-IDR2,TX|HHSC|TX_ICF_IID|003869,TX_ICF_IID,003869,9,EDUCARE COMMUNITY LIVING LIMITED PARTNERSHIP,ICF/IID,YES,YES,ANGELINA,1500 SOUTHWOOD,LUFKIN,TX,75904,20548d8398104d2a882cd018fff31786ccc77c4412b6874d5e1fada31ca02ab1,https://apps.hhs.texas.gov/providers/directories/ICFIID.xlsx,2026-09-30T19:14:28.931968+00:00,2026-09-29,,NO,bd44a1c992cd26a757826eb776728663c14cd8916c320f70af2fe7b8b678bfb5
TH-ENRICH-TX-SENIOR-2026-09-30-IDR2,TX|HHSC|TX_ICF_IID|007522,TX_ICF_IID,007522,10,HOWARD HOUSE,ICF/IID,YES,YES,ANGELINA,2007 HOWARD STREET,LUFKIN,TX,75901,20548d8398104d2a882cd018fff31786ccc77c4412b6874d5e1fada31ca02ab1,https://apps.hhs.texas.gov/providers/directories/ICFIID.xlsx,2026-09-30T19:14:28.931968+00:00,2026-09-29,,NO,a2b065d83f949ad9dd82a4f719ebb1d5bfd344fda43d774ed58f2a850597987c
TH-ENRICH-TX-SENIOR-2026-09-30-IDR2,TX|HHSC|TX_ICF_IID|003857,TX_ICF_IID,003857,11,HUDSON COMMUNITY HOME,ICF/IID,YES,YES,ANGELINA,164 FREEMAN CEMETERY RD,LUFKIN,TX,75904,20548d8398104d2a882cd018fff31786ccc77c4412b6874d5e1fada31ca02ab1,https://apps.hhs.texas.gov/providers/directories/ICFIID.xlsx,2026-09-30T19:14:28.931968+00:00,2026-09-29,,NO,bace87fe60063d7681cde47ef5c3981cf1f801b366b9c39654f2803fde6f3a35
TH-ENRICH-TX-SENIOR-2026-09-30-IDR2,TX|HHSC|TX_ICF_IID|007439,TX_ICF_IID,007439,12,KARLA HOUSE,ICF/IID,YES,YES,ANGELINA,107 KARLA DR,LUFKIN,TX,75901,20548d8398104d2a882cd018fff31786ccc77c4412b6874d5e1fada31ca02ab1,https://apps.hhs.texas.gov/providers/directories/ICFIID.xlsx,2026-09-30T19:14:28.931968+00:00,2026-09-29,,NO,e5ddb48dd9c6bd2123f9753e5542f560d9a37e0b232b4889bf28bc25e478c455
TH-ENRICH-TX-SENIOR-2026-09-30-IDR2,TX|HHSC|TX_ICF_IID|007406,TX_ICF_IID,007406,13,MARKUS HOUSE,ICF/IID,YES,YES,ANGELINA,912 MARKUS AVE,LUFKIN,TX,75904,20548d8398104d2a882cd018fff31786ccc77c4412b6874d5e1fada31ca02ab1,https://apps.hhs.texas.gov/providers/directories/ICFIID.xlsx,2026-09-30T19:14:28.931968+00:00,2026-09-29,,NO,de614276637dbd02aaa38a3a762b4b422391a5da62e459849081887dffd63e6f
TH-ENRICH-TX-SENIOR-2026-09-30-IDR2,TX|HHSC|TX_ICF_IID|003996,TX_ICF_IID,003996,14,NEWTON GROUP HOME,ICF/IID,NO,YES,ANGELINA,1204 OLETA STREET,LUFKIN,TX,75901,20548d8398104d2a882cd018fff31786ccc77c4412b6874d5e1fada31ca02ab1,https://apps.hhs.texas.gov/providers/directories/ICFIID.xlsx,2026-09-30T19:14:28.931968+00:00,2026-09-29,,NO,62efb0f3cac3395682e4b88484c591813995c90aa707284ff20249f27de079f3
TH-ENRICH-TX-SENIOR-2026-09-30-IDR2,TX|HHSC|TX_ICF_IID|003898,TX_ICF_IID,003898,15,STECHER COMMUNITY HOME,ICF/IID,YES,YES,ANGELINA,702 MARION ST,LUFKIN,TX,75904,20548d8398104d2a882cd018fff31786ccc77c4412b6874d5e1fada31ca02ab1,https://apps.hhs.texas.gov/providers/directories/ICFIID.xlsx,2026-09-30T19:14:28.931968+00:00,2026-09-29,,NO,fbec92abe62a4ec923e8f8ce9b354b3c8e12ab5c6908f7a08dbc727214db5e9d
TH-ENRICH-TX-SENIOR-2026-09-30-IDR2,TX|HHSC|TX_ICF_IID|003862,TX_ICF_IID,003862,16,WESTSIDE COMMUNITY HOME,ICF/IID,YES,YES,ANGELINA,6895 FM 3150,LUFKIN,TX,75904,20548d8398104d2a882cd018fff31786ccc77c4412b6874d5e1fada31ca02ab1,https://apps.hhs.texas.gov/providers/directories/ICFIID.xlsx,2026-09-30T19:14:28.931968+00:00,2026-09-29,,NO,b84acd282e44b87209c646e014960ec0202569f8dedd25adf77a4091974d6212
TH-ENRICH-TX-SENIOR-2026-09-30-IDR2,TX|HHSC|TX_ICF_IID|007103,TX_ICF_IID,007103,17,LUFKIN STATE SUPPORTED LIVING CENTER,ICF/IID,NO,YES,ANGELINA,6844 US-69,POLLOK,TX,75969,20548d8398104d2a882cd018fff31786ccc77c4412b6874d5e1fada31ca02ab1,https://apps.hhs.texas.gov/providers/directories/ICFIID.xlsx,2026-09-30T19:14:28.931968+00:00,2026-09-29,,NO,d6e656180e0181ae82bb86d9731450ece2b7e4e85e419b7dd37c241da9fdc2af
TH-ENRICH-TX-SENIOR-2026-09-30-IDR2,TX|HHSC|TX_ICF_IID|007270,TX_ICF_IID,007270,18,BELLVILLE COMMUNITY RESIDENCE,ICF/IID,YES,YES,AUSTIN,305 S. THOMAS ST.,BELLVILLE,TEXAS,77418,20548d8398104d2a882cd018fff31786ccc77c4412b6874d5e1fada31ca02ab1,https://apps.hhs.texas.gov/providers/directories/ICFIID.xlsx,2026-09-30T19:14:28.931968+00:00,2026-09-29,,NO,3002369a9e1ffe2ac787868a0d9d4564fc27d8a845d256bcf36e2823bca0a28a
TH-ENRICH-TX-SENIOR-2026-09-30-IDR2,TX|HHSC|TX_ICF_IID|111903,TX_ICF_IID,111903,19,MAGNOLIA HOUSE,ICF/IID,YES,YES,AUSTIN,526 5TH STREET,SEALY,TX,77474,20548d8398104d2a882cd018fff31786ccc77c4412b6874d5e1fada31ca02ab1,https://apps.hhs.texas.gov/providers/directories/ICFIID.xlsx,2026-09-30T19:14:28.931968+00:00,2026-09-29,,NO,530cc55dd112337c08be52eae0595672676dd5a723b12bd97195e458025c55f6
TH-ENRICH-TX-SENIOR-2026-09-30-IDR2,TX|HHSC|TX_ICF_IID|007634,TX_ICF_IID,007634,20,JEFFERSON COMMUNITY RESIDENCE,ICF/IID,YES,YES,BASTROP,1405 JEFFERSON STREET,BASTROP,TX,78602,20548d8398104d2a882cd018fff31786ccc77c4412b6874d5e1fada31ca02ab1,https://apps.hhs.texas.gov/providers/directories/ICFIID.xlsx,2026-09-30T19:14:28.931968+00:00,2026-09-29,,NO,32ccdb1cd53e4767d6054b79a645930620c094233a72bb82aa458530d74ebdaa
TH-ENRICH-TX-SENIOR-2026-09-30-IDR2,TX|HHSC|TX_ICF_IID|103555,TX_ICF_IID,103555,21,BARNABAS HOUSE AT DOWN HOME RANCH,ICF/IID,YES,YES,BASTROP,20250 FM 619,ELGIN,TX,78621,20548d8398104d2a882cd018fff31786ccc77c4412b6874d5e1fada31ca02ab1,https://apps.hhs.texas.gov/providers/directories/ICFIID.xlsx,2026-09-30T19:14:28.931968+00:00,2026-09-29,,NO,f51bfe2c6db60aa4f85d21bd11c9fa44a9033102c2556116c1a8313275353ebe
TH-ENRICH-TX-SENIOR-2026-09-30-IDR2,TX|HHSC|TX_ICF_IID|104838,TX_ICF_IID,104838,22,ISAIAH HOUSE AT DOWN HOME RANCH,ICF/IID,YES,YES,BASTROP,20250 FM 619,ELGIN,TX,78621,20548d8398104d2a882cd018fff31786ccc77c4412b6874d5e1fada31ca02ab1,https://apps.hhs.texas.gov/providers/directories/ICFIID.xlsx,2026-09-30T19:14:28.931968+00:00,2026-09-29,,NO,a58a40cdc0dcd45276cc6bff94a393c0d93f0721ae180d823765dfdecd4e37d5
TH-ENRICH-TX-SENIOR-2026-09-30-IDR2,TX|HHSC|TX_ICF_IID|103554,TX_ICF_IID,103554,23,MARTHA HOUSE AT DOWN HOME RANCH,ICF/IID,YES,YES,BASTROP,20250 FM 619,ELGIN,TX,78621,20548d8398104d2a882cd018fff31786ccc77c4412b6874d5e1fada31ca02ab1,https://apps.hhs.texas.gov/providers/directories/ICFIID.xlsx,2026-09-30T19:14:28.931968+00:00,2026-09-29,,NO,4dd328722bbe51007656f56266bcdf4f3f6f7f85d5a70af0048dde7dd84e9392
TH-ENRICH-TX-SENIOR-2026-09-30-IDR2,TX|HHSC|TX_ICF_IID|103553,TX_ICF_IID,103553,24,TERESA HOUSE AT DOWN HOME RANCH,ICF/IID,YES,YES,BASTROP,20250 FM 619,ELGIN,TX,78621,20548d8398104d2a882cd018fff31786ccc77c4412b6874d5e1fada31ca02ab1,https://apps.hhs.texas.gov/providers/directories/ICFIID.xlsx,2026-09-30T19:14:28.931968+00:00,2026-09-29,,NO,9a981480e7af0614cb597786e91e75e45b6029a3b897942b80fa4ee6185061b5
TH-ENRICH-TX-SENIOR-2026-09-30-IDR2,TX|HHSC|TX_ICF_IID|003991,TX_ICF_IID,003991,25,SMITHVILLE COMMUNITY RESIDENCE,ICF/IID,YES,YES,BASTROP,602 HICKORY,SMITHVILLE,TEXAS,78957,20548d8398104d2a882cd018fff31786ccc77c4412b6874d5e1fada31ca02ab1,https://apps.hhs.texas.gov/providers/directories/ICFIID.xlsx,2026-09-30T19:14:28.931968+00:00,2026-09-29,,NO,be9e4947e82bf214d6a23a7b1d37e02e1038fdc13aa504b832251b293ee301bc
TH-ENRICH-TX-SENIOR-2026-09-30-IDR2,TX|HHSC|TX_ICF_IID|007220,TX_ICF_IID,007220,26,EDUCARE COMMUNITY LIVING LIMITED PARTNERSHIP,ICF/IID,YES,YES,BELL,3220 TRENTON DRIVE,TEMPLE,TX,76504,20548d8398104d2a882cd018fff31786ccc77c4412b6874d5e1fada31ca02ab1,https://apps.hhs.texas.gov/providers/directories/ICFIID.xlsx,2026-09-30T19:14:28.931968+00:00,2026-09-29,,NO,837655daccd581207ad7aa88ea745ded5fc88188f30284c22d93c36564102033
TH-ENRICH-TX-SENIOR-2026-09-30-IDR2,TX|HHSC|TX_ICF_IID|007459,TX_ICF_IID,007459,27,PROSPECT COMMUNITY HOME,ICF/IID,YES,YES,BELL,1805 CANYON CREEK DRIVE,TEMPLE,TX,76502-3210,20548d8398104d2a882cd018fff31786ccc77c4412b6874d5e1fada31ca02ab1,https://apps.hhs.texas.gov/providers/directories/ICFIID.xlsx,2026-09-30T19:14:28.931968+00:00,2026-09-29,,NO,02bd8c00115c40b323659c82b1cf32699d34b57e38a5fb83e41797f5155354b9
TH-ENRICH-TX-SENIOR-2026-09-30-IDR2,TX|HHSC|TX_ICF_IID|007219,TX_ICF_IID,007219,28,TAYLORS COMMUNITY HOME,ICF/IID,YES,YES,BELL,221 TAYLORS DR,TEMPLE,TX,76502,20548d8398104d2a882cd018fff31786ccc77c4412b6874d5e1fada31ca02ab1,https://apps.hhs.texas.gov/providers/directories/ICFIID.xlsx,2026-09-30T19:14:28.931968+00:00,2026-09-29,,NO,44fe59e97a5aabec76355157668ba9427f9e72c14ce435ffbe8613e94cd1cc2d
TH-ENRICH-TX-SENIOR-2026-09-30-IDR2,TX|HHSC|TX_ICF_IID|110534,TX_ICF_IID,110534,29,BATTERY PARK HOME,ICF/IID,YES,YES,BEXAR,4015 BATTERY PARK,CONVERSE,TEXAS,78109,20548d8398104d2a882cd018fff31786ccc77c4412b6874d5e1fada31ca02ab1,https://apps.hhs.texas.gov/providers/directories/ICFIID.xlsx,2026-09-30T19:14:28.931968+00:00,2026-09-29,,NO,811621b5d398a73b42cabeb0a981509ee6132ce0c2ec5dcea53103e745e5e711
TH-ENRICH-TX-SENIOR-2026-09-30-IDR2,TX|HHSC|TX_ICF_IID|007376,TX_ICF_IID,007376,30,COUNCIL OAKS @ MISTY RIDGE,ICF/IID,YES,YES,BEXAR,7005 MISTY RIDGE,CONVERSE,TX,78109,20548d8398104d2a882cd018fff31786ccc77c4412b6874d5e1fada31ca02ab1,https://apps.hhs.texas.gov/providers/directories/ICFIID.xlsx,2026-09-30T19:14:28.931968+00:00,2026-09-29,,NO,4f0796d41d0bf32cf1209ffd392b4ee3597752faa5622ef9082a5e16c2969156
TH-ENRICH-TX-SENIOR-2026-09-30-IDR2,TX|HHSC|TX_ICF_IID|003844,TX_ICF_IID,003844,31,COUNCIL OAKS AT CHERRY GLADE,ICF/IID,YES,YES,BEXAR,8303 CHERRY GLADE,CONVERSE,TX,78109,20548d8398104d2a882cd018fff31786ccc77c4412b6874d5e1fada31ca02ab1,https://apps.hhs.texas.gov/providers/directories/ICFIID.xlsx,2026-09-30T19:14:28.931968+00:00,2026-09-29,,NO,43a52ad65985aec0899d6680d490611f18d88d805aaa66dac7c02b5cd5b63764
TH-ENRICH-TX-SENIOR-2026-09-30-IDR2,TX|HHSC|TX_ICF_IID|007318,TX_ICF_IID,007318,32,COUNCIL OAKS AT NUGGET CREEK,ICF/IID,YES,YES,BEXAR,10022 NUGGET CREEK,CONVERSE,TX,78109,20548d8398104d2a882cd018fff31786ccc77c4412b6874d5e1fada31ca02ab1,https://apps.hhs.texas.gov/providers/directories/ICFIID.xlsx,2026-09-30T19:14:28.931968+00:00,2026-09-29,,NO,0af27129ddf0bb607b36b5465f2f5fbb03183c8571d0e1700f1d72718d3e339a
TH-ENRICH-TX-SENIOR-2026-09-30-IDR2,TX|HHSC|TX_ICF_IID|003652,TX_ICF_IID,003652,33,COUNCIL OAKS AT TROUT RIDGE,ICF/IID,YES,YES,BEXAR,10026 TROUT RIDGE,CONVERSE,TX,78109,20548d8398104d2a882cd018fff31786ccc77c4412b6874d5e1fada31ca02ab1,https://apps.hhs.texas.gov/providers/directories/ICFIID.xlsx,2026-09-30T19:14:28.931968+00:00,2026-09-29,,NO,657a585d6ac184757b80c8b85487ff0322ff8567c5c4fca31b204095d39166b4
TH-ENRICH-TX-SENIOR-2026-09-30-IDR2,TX|HHSC|TX_ICF_IID|104463,TX_ICF_IID,104463,34,COUNCIL OAKS FLATLAND TRAIL,ICF/IID,YES,YES,BEXAR,10304 FLATLAND TRAIL,CONVERSE,TX,78109,20548d8398104d2a882cd018fff31786ccc77c4412b6874d5e1fada31ca02ab1,https://apps.hhs.texas.gov/providers/directories/ICFIID.xlsx,2026-09-30T19:14:28.931968+00:00,2026-09-29,,NO,4e3c2d6d088d35dc7484fa77a3628fb8efe16ac985bdd5e47a6a4761b67b9024
TH-ENRICH-TX-SENIOR-2026-09-30-IDR2,TX|HHSC|TX_ICF_IID|101821,TX_ICF_IID,101821,35,SPRUCE RIDGE,ICF/IID,YES,YES,BEXAR,10026 SPRUCE RIDGE DR,CONVERSE,TX,78109,20548d8398104d2a882cd018fff31786ccc77c4412b6874d5e1fada31ca02ab1,https://apps.hhs.texas.gov/providers/directories/ICFIID.xlsx,2026-09-30T19:14:28.931968+00:00,2026-09-29,,NO,2a582aaac807bc5c849a5e1c2a2b5321da289312bc2b19c9db87871f79c8030f
TH-ENRICH-TX-SENIOR-2026-09-30-IDR2,TX|HHSC|TX_ICF_IID|007601,TX_ICF_IID,007601,36,10115 CEDARMONT,ICF/IID,YES,YES,BEXAR,10115 CEDARMONT,SAN ANTONIO,TX,78245,20548d8398104d2a882cd018fff31786ccc77c4412b6874d5e1fada31ca02ab1,https://apps.hhs.texas.gov/providers/directories/ICFIID.xlsx,2026-09-30T19:14:28.931968+00:00,2026-09-29,,NO,bb76c86648185e6781fe3ea83b9635c8ad631a9fada01bdf8b94fdb39a01c5eb
TH-ENRICH-TX-SENIOR-2026-09-30-IDR2,TX|HHSC|TX_ICF_IID|007347,TX_ICF_IID,007347,37,7123 SPRING MORNING,ICF/IID,YES,YES,BEXAR,7123 SPRING MORNING,SAN ANTONIO,TX,78249,20548d8398104d2a882cd018fff31786ccc77c4412b6874d5e1fada31ca02ab1,https://apps.hhs.texas.gov/providers/directories/ICFIID.xlsx,2026-09-30T19:14:28.931968+00:00,2026-09-29,,NO,9a35162e5d53822835a9426414652154a88657a8889f998238bd654334819fc0
TH-ENRICH-TX-SENIOR-2026-09-30-IDR2,TX|HHSC|TX_ICF_IID|007600,TX_ICF_IID,007600,38,9519 AUTUMN BREEZE,ICF/IID,YES,YES,BEXAR,9519 AUTUMN BREEZE,SAN ANTONIO,TEXAS,78254,20548d8398104d2a882cd018fff31786ccc77c4412b6874d5e1fada31ca02ab1,https://apps.hhs.texas.gov/providers/directories/ICFIID.xlsx,2026-09-30T19:14:28.931968+00:00,2026-09-29,,NO,1eee260da86118323c70b3c4b1de988deaf973fb2a9d7a48fba54340d2b29e45
TH-ENRICH-TX-SENIOR-2026-09-30-IDR2,TX|HHSC|TX_ICF_IID|111908,TX_ICF_IID,111908,39,9655 BRAUN RUN,ICF/IID,YES,NO,BEXAR,9655 BRAUN RUN,SAN ANTONIO,TX,78254,20548d8398104d2a882cd018fff31786ccc77c4412b6874d5e1fada31ca02ab1,https://apps.hhs.texas.gov/providers/directories/ICFIID.xlsx,2026-09-30T19:14:28.931968+00:00,2026-09-29,,NO,925f2440ce3c214af7d1c73c233f39bd8227d2a1a75033f204a1928393784f92
TH-ENRICH-TX-SENIOR-2026-09-30-IDR2,TX|HHSC|TX_ICF_IID|007253,TX_ICF_IID,007253,40,APRICOT,ICF/IID,YES,YES,BEXAR,12126 APRICOT,SAN ANTONIO,TX,78247,20548d8398104d2a882cd018fff31786ccc77c4412b6874d5e1fada31ca02ab1,https://apps.hhs.texas.gov/providers/directories/ICFIID.xlsx,2026-09-30T19:14:28.931968+00:00,2026-09-29,,NO,b46e1322d748cd7100cff038d89c0bc52be09aea2a3b2074470f11a6abc29fb8
TH-ENRICH-TX-SENIOR-2026-09-30-IDR2,TX|HHSC|TX_ICF_IID|010179,TX_ICF_IID,010179,41,BOULDER CREEK,ICF/IID,YES,YES,BEXAR,15618 BOULDER CREEK,SAN ANTONIO,TX,78247,20548d8398104d2a882cd018fff31786ccc77c4412b6874d5e1fada31ca02ab1,https://apps.hhs.texas.gov/providers/directories/ICFIID.xlsx,2026-09-30T19:14:28.931968+00:00,2026-09-29,,NO,500c1d24bbba1d7706155a83cc6c9aa810edb0598cf7933e456210e002dcc450
TH-ENRICH-TX-SENIOR-2026-09-30-IDR2,TX|HHSC|TX_ICF_IID|003668,TX_ICF_IID,003668,42,BOULDER OAKS,ICF/IID,YES,YES,BEXAR,14022 BOULDER OAKS,SAN ANTONIO,TEXAS,78247,20548d8398104d2a882cd018fff31786ccc77c4412b6874d5e1fada31ca02ab1,https://apps.hhs.texas.gov/providers/directories/ICFIID.xlsx,2026-09-30T19:14:28.931968+00:00,2026-09-29,,NO,c423a8e4a53273f9f45198d66c50f1be571c4849663b887ad1aed999f61555a4
TH-ENRICH-TX-SENIOR-2026-09-30-IDR2,TX|HHSC|TX_ICF_IID|007409,TX_ICF_IID,007409,43,BREES,ICF/IID,YES,YES,BEXAR,222 BREES,SAN ANTONIO,TX,78209,20548d8398104d2a882cd018fff31786ccc77c4412b6874d5e1fada31ca02ab1,https://apps.hhs.texas.gov/providers/directories/ICFIID.xlsx,2026-09-30T19:14:28.931968+00:00,2026-09-29,,NO,e9be007062036965e613c6b4dc2f216f5c73b9e4b43ce43e9c66638fa913930d
TH-ENRICH-TX-SENIOR-2026-09-30-IDR2,TX|HHSC|TX_ICF_IID|106866,TX_ICF_IID,106866,44,BROOKHOLLOW,ICF/IID,YES,YES,BEXAR,14026 BROOKHOLLOW BLVD.,SAN ANTONIO,TX,78232,20548d8398104d2a882cd018fff31786ccc77c4412b6874d5e1fada31ca02ab1,https://apps.hhs.texas.gov/providers/directories/ICFIID.xlsx,2026-09-30T19:14:28.931968+00:00,2026-09-29,,NO,31cc8f2225a7e70fa8b6625562e1a3215d293ca244076cf2017f3d1d97e8b4e3
TH-ENRICH-TX-SENIOR-2026-09-30-IDR2,TX|HHSC|TX_ICF_IID|106502,TX_ICF_IID,106502,45,BURR HILL,ICF/IID,YES,YES,BEXAR,16402 BURR HILL STREET,SAN ANTONIO,TX,78247,20548d8398104d2a882cd018fff31786ccc77c4412b6874d5e1fada31ca02ab1,https://apps.hhs.texas.gov/providers/directories/ICFIID.xlsx,2026-09-30T19:14:28.931968+00:00,2026-09-29,,NO,2a986fed8c6809c2d9a7eee649f041a56ab90652e18f7f3bfa9ab4ed9db51f8c
TH-ENRICH-TX-SENIOR-2026-09-30-IDR2,TX|HHSC|TX_ICF_IID|007487,TX_ICF_IID,007487,46,CADES COVE HOUSE,ICF/IID,YES,YES,BEXAR,6647 CADES COVE,SAN ANTONIO,TEXAS,78238,20548d8398104d2a882cd018fff31786ccc77c4412b6874d5e1fada31ca02ab1,https://apps.hhs.texas.gov/providers/directories/ICFIID.xlsx,2026-09-30T19:14:28.931968+00:00,2026-09-29,,NO,c4c7a1d8632e88e28b680e832d3b2122dba367108d885d044601113d2ca86201
TH-ENRICH-TX-SENIOR-2026-09-30-IDR2,TX|HHSC|TX_ICF_IID|007348,TX_ICF_IID,007348,47,CHISOLM TRAIL,ICF/IID,YES,YES,BEXAR,2815 CHISOLM TRL,SAN ANTONIO,TX,78217,20548d8398104d2a882cd018fff31786ccc77c4412b6874d5e1fada31ca02ab1,https://apps.hhs.texas.gov/providers/directories/ICFIID.xlsx,2026-09-30T19:14:28.931968+00:00,2026-09-29,,NO,794e220e42182f8de70abd60d9a5022e20db724b2580f374cc792b0b5f85c258
TH-ENRICH-TX-SENIOR-2026-09-30-IDR2,TX|HHSC|TX_ICF_IID|110678,TX_ICF_IID,110678,48,COUNCIL OAKS AT ALMARION WAY,ICF/IID,YES,YES,BEXAR,9430 ALMARION WAY,SAN ANTONIO,TEXAS,78250,20548d8398104d2a882cd018fff31786ccc77c4412b6874d5e1fada31ca02ab1,https://apps.hhs.texas.gov/providers/directories/ICFIID.xlsx,2026-09-30T19:14:28.931968+00:00,2026-09-29,,NO,d5e430f64fef046b0be6d18fd041560ecdf49022da207b774d7662278a967a93
TH-ENRICH-TX-SENIOR-2026-09-30-IDR2,TX|HHSC|TX_ICF_IID|003698,TX_ICF_IID,003698,49,COUNCIL OAKS AT BEECH TRAIL,ICF/IID,YES,YES,BEXAR,7031 BEECH TRAIL,SAN ANTONIO,TX,78244,20548d8398104d2a882cd018fff31786ccc77c4412b6874d5e1fada31ca02ab1,https://apps.hhs.texas.gov/providers/directories/ICFIID.xlsx,2026-09-30T19:14:28.931968+00:00,2026-09-29,,NO,82f76b263a544af9f5319ebe643866e7c4b7bfd1ff6421ca0ee1b7b549cabf1a
TH-ENRICH-TX-SENIOR-2026-09-30-IDR2,TX|HHSC|TX_ICF_IID|007234,TX_ICF_IID,007234,50,COUNCIL OAKS AT CLOUDY RIDGE,ICF/IID,YES,YES,BEXAR,6124 CLOUDY RIDGE,SAN ANTONIO,TX,78247,20548d8398104d2a882cd018fff31786ccc77c4412b6874d5e1fada31ca02ab1,https://apps.hhs.texas.gov/providers/directories/ICFIID.xlsx,2026-09-30T19:14:28.931968+00:00,2026-09-29,,NO,9880e8655b43c9587f51b23b911c2071cebafc3183602f970faacb1a30f53a9f
TH-ENRICH-TX-SENIOR-2026-09-30-IDR2,TX|HHSC|TX_ICF_IID|112074,TX_ICF_IID,112074,51,COUNCIL OAKS AT COUNTRY CROSS,ICF/IID,YES,NO,BEXAR,6815 COUNTRY CROSS,SAN ANTONIO,TEXAS,78240,20548d8398104d2a882cd018fff31786ccc77c4412b6874d5e1fada31ca02ab1,https://apps.hhs.texas.gov/providers/directories/ICFIID.xlsx,2026-09-30T19:14:28.931968+00:00,2026-09-29,,NO,ff32196965de05321336b2a4eb6ff3cc24fb254c869a44fb2aa5a468dc994c65
TH-ENRICH-TX-SENIOR-2026-09-30-IDR2,TX|HHSC|TX_ICF_IID|111576,TX_ICF_IID,111576,52,COUNCIL OAKS AT SHALLOW CREEK,ICF/IID,YES,YES,BEXAR,8211 SHALLOW CREEK,SAN ANTONIO,TEXAS,78251,20548d8398104d2a882cd018fff31786ccc77c4412b6874d5e1fada31ca02ab1,https://apps.hhs.texas.gov/providers/directories/ICFIID.xlsx,2026-09-30T19:14:28.931968+00:00,2026-09-29,,NO,5fcbcc9dc7115c6d22ca54bc1ab3204eff9c4897271f23c87846749830870236
TH-ENRICH-TX-SENIOR-2026-09-30-IDR2,TX|HHSC|TX_ICF_IID|007546,TX_ICF_IID,007546,53,COUNCIL OAKS AT SHALLOW RIDGE,ICF/IID,YES,YES,BEXAR,8722 SHALLOW RIDGE,SAN ANTONIO,TX,78239,20548d8398104d2a882cd018fff31786ccc77c4412b6874d5e1fada31ca02ab1,https://apps.hhs.texas.gov/providers/directories/ICFIID.xlsx,2026-09-30T19:14:28.931968+00:00,2026-09-29,,NO,2d6288db25afa5956e6ba6e4d7a6d5fcdb978818367d9af54b5ec03a595d83f5
TH-ENRICH-TX-SENIOR-2026-09-30-IDR2,TX|HHSC|TX_ICF_IID|003816,TX_ICF_IID,003816,54,COVENANT HOME,ICF/IID,YES,YES,BEXAR,131 BURR RD,SAN ANTONIO,TX,78209,20548d8398104d2a882cd018fff31786ccc77c4412b6874d5e1fada31ca02ab1,https://apps.hhs.texas.gov/providers/directories/ICFIID.xlsx,2026-09-30T19:14:28.931968+00:00,2026-09-29,,NO,ebbe8d0165377d0b22dcab30321c94f71a355d634509181736c365f10b81b83e
TH-ENRICH-TX-SENIOR-2026-09-30-IDR2,TX|HHSC|TX_ICF_IID|007558,TX_ICF_IID,007558,55,CRATER LAKE HOME,ICF/IID,YES,YES,BEXAR,5707 CRATER LAKE,SAN ANTONIO,TX,78244,20548d8398104d2a882cd018fff31786ccc77c4412b6874d5e1fada31ca02ab1,https://apps.hhs.texas.gov/providers/directories/ICFIID.xlsx,2026-09-30T19:14:28.931968+00:00,2026-09-29,,NO,7ff31d7e4d6cd01a88c6c4b59d24d6fbc829fe7aacc9495d5ab01a745fb925ee
TH-ENRICH-TX-SENIOR-2026-09-30-IDR2,TX|HHSC|TX_ICF_IID|104356,TX_ICF_IID,104356,56,EDUCARE COMMUNITY LIVING CORPORATION  TEXAS,ICF/IID,YES,YES,BEXAR,3015 FALL WAY,SAN ANTONIO,TX,78247,20548d8398104d2a882cd018fff31786ccc77c4412b6874d5e1fada31ca02ab1,https://apps.hhs.texas.gov/providers/directories/ICFIID.xlsx,2026-09-30T19:14:28.931968+00:00,2026-09-29,,NO,90edd59e7040b115cc51ed09ddda1edf63b9b40eaff3ee2fe6e0423f5384ea61
TH-ENRICH-TX-SENIOR-2026-09-30-IDR2,TX|HHSC|TX_ICF_IID|101796,TX_ICF_IID,101796,57,EDUCARE COMMUNITY LIVING CORPORATION  TEXAS,ICF/IID,YES,YES,BEXAR,106 GRANADA,SAN ANTONIO,TX,78216,20548d8398104d2a882cd018fff31786ccc77c4412b6874d5e1fada31ca02ab1,https://apps.hhs.texas.gov/providers/directories/ICFIID.xlsx,2026-09-30T19:14:28.931968+00:00,2026-09-29,,NO,384786a398f572fcb5438711a7d0de8819c9a763a015a4e1c39a2b1aa43ca276
TH-ENRICH-TX-SENIOR-2026-09-30-IDR2,TX|HHSC|TX_ICF_IID|007362,TX_ICF_IID,007362,58,EDUCARE COMMUNITY LIVING CORPORATION  TEXAS,ICF/IID,YES,YES,BEXAR,6342 RUSTLING WAY,SAN ANTONIO,TX,78249,20548d8398104d2a882cd018fff31786ccc77c4412b6874d5e1fada31ca02ab1,https://apps.hhs.texas.gov/providers/directories/ICFIID.xlsx,2026-09-30T19:14:28.931968+00:00,2026-09-29,,NO,3a8eab79e0216b34b6fdf55e131c0791a1c616bdb1f5bb3e8cd02a3e88a94456
TH-ENRICH-TX-SENIOR-2026-09-30-IDR2,TX|HHSC|TX_ICF_IID|007364,TX_ICF_IID,007364,59,EDUCARE COMMUNITY LIVING CORPORATION  TEXAS,ICF/IID,YES,YES,BEXAR,2947 GREEN RUN,SAN ANTONIO,TX,78231,20548d8398104d2a882cd018fff31786ccc77c4412b6874d5e1fada31ca02ab1,https://apps.hhs.texas.gov/providers/directories/ICFIID.xlsx,2026-09-30T19:14:28.931968+00:00,2026-09-29,,NO,73bfa3d57ca111bf35c4159e2f1464ec3917844be7c3d2bf6d0c4a4fc7e5d21b
TH-ENRICH-TX-SENIOR-2026-09-30-IDR2,TX|HHSC|TX_ICF_IID|101793,TX_ICF_IID,101793,60,EDUCARE COMMUNITY LIVING CORPORATION  TEXAS,ICF/IID,YES,YES,BEXAR,14038 BOULDER OAKS,SAN ANTONIO,TX,78247,20548d8398104d2a882cd018fff31786ccc77c4412b6874d5e1fada31ca02ab1,https://apps.hhs.texas.gov/providers/directories/ICFIID.xlsx,2026-09-30T19:14:28.931968+00:00,2026-09-29,,NO,59a274ee41777b95bac153bd17853f33c624a663e169e6281483802c9e920fe1
TH-ENRICH-TX-SENIOR-2026-09-30-IDR2,TX|HHSC|TX_ICF_IID|007214,TX_ICF_IID,007214,61,EDUCARE COMMUNITY LIVING CORPORATION  TEXAS,ICF/IID,YES,YES,BEXAR,13811 CYPRESS HOLLOW,SAN ANTONIO,TX,78232,20548d8398104d2a882cd018fff31786ccc77c4412b6874d5e1fada31ca02ab1,https://apps.hhs.texas.gov/providers/directories/ICFIID.xlsx,2026-09-30T19:14:28.931968+00:00,2026-09-29,,NO,8f222f4f8c1b67653b427409d661e0265e0699251de3d2849c9d59a4f3577c72
TH-ENRICH-TX-SENIOR-2026-09-30-IDR2,TX|HHSC|TX_ICF_IID|003681,TX_ICF_IID,003681,62,EDUCARE COMMUNITY LIVING CORPORATION  TEXAS,ICF/IID,YES,YES,BEXAR,9714 SPRING HARVEST,SAN ANTONIO,TEXAS,78254,20548d8398104d2a882cd018fff31786ccc77c4412b6874d5e1fada31ca02ab1,https://apps.hhs.texas.gov/providers/directories/ICFIID.xlsx,2026-09-30T19:14:28.931968+00:00,2026-09-29,,NO,7c38c4e3855da6b8eff7f48d383844c4dd32846deb7264c51c0522d9da145ce9
TH-ENRICH-TX-SENIOR-2026-09-30-IDR2,TX|HHSC|TX_ICF_IID|003696,TX_ICF_IID,003696,63,EDUCARE COMMUNITY LIVING CORPORATION  TEXAS,ICF/IID,YES,YES,BEXAR,5401 TIMBER MEADOW,SAN ANTONIO,TX,78250,20548d8398104d2a882cd018fff31786ccc77c4412b6874d5e1fada31ca02ab1,https://apps.hhs.texas.gov/providers/directories/ICFIID.xlsx,2026-09-30T19:14:28.931968+00:00,2026-09-29,,NO,3a54bce68cba5ef8484899729b64d0817ae2800d7ed71b7e976d17a63f511f44
TH-ENRICH-TX-SENIOR-2026-09-30-IDR2,TX|HHSC|TX_ICF_IID|003662,TX_ICF_IID,003662,64,EDUCARE COMMUNITY LIVING CORPORATION  TEXAS,ICF/IID,YES,YES,BEXAR,1906 ENCINO VALLEY,SAN ANTONIO,TEXAS,78259,20548d8398104d2a882cd018fff31786ccc77c4412b6874d5e1fada31ca02ab1,https://apps.hhs.texas.gov/providers/directories/ICFIID.xlsx,2026-09-30T19:14:28.931968+00:00,2026-09-29,,NO,e9fb663b838a2ffa730bd902d6bd3b94765b4a23a04305b46cbe593bd370ed76
TH-ENRICH-TX-SENIOR-2026-09-30-IDR2,TX|HHSC|TX_ICF_IID|003649,TX_ICF_IID,003649,65,EDUCARE COMMUNITY LIVING CORPORATION  TEXAS,ICF/IID,YES,YES,BEXAR,2643 PEBBLE BOW,SAN ANTONIO,TX,78232,20548d8398104d2a882cd018fff31786ccc77c4412b6874d5e1fada31ca02ab1,https://apps.hhs.texas.gov/providers/directories/ICFIID.xlsx,2026-09-30T19:14:28.931968+00:00,2026-09-29,,NO,db75f76c40ce96b7eab17edb5c136f035edc8082ef67828483fd79ec4eb4fc9c
TH-ENRICH-TX-SENIOR-2026-09-30-IDR2,TX|HHSC|TX_ICF_IID|101823,TX_ICF_IID,101823,66,EDUCARE COMMUNITY LIVING CORPORATION  TEXAS,ICF/IID,YES,YES,BEXAR,17002 VISTA BRIAR DR,SAN ANTONIO,TX,78247,20548d8398104d2a882cd018fff31786ccc77c4412b6874d5e1fada31ca02ab1,https://apps.hhs.texas.gov/providers/directories/ICFIID.xlsx,2026-09-30T19:14:28.931968+00:00,2026-09-29,,NO,fdeb462a8ebe45450a99c30e26b86c13b98858fda13997b43c8d72d6d8b985c9
TH-ENRICH-TX-SENIOR-2026-09-30-IDR2,TX|HHSC|TX_ICF_IID|102604,TX_ICF_IID,102604,67,EDUCARE COMMUNITY LIVING CORPORATION  TEXAS,ICF/IID,YES,YES,BEXAR,5303 VISTA RUN DR,SAN ANTONIO,TX,78247,20548d8398104d2a882cd018fff31786ccc77c4412b6874d5e1fada31ca02ab1,https://apps.hhs.texas.gov/providers/directories/ICFIID.xlsx,2026-09-30T19:14:28.931968+00:00,2026-09-29,,NO,85768db0e03d28811eecf679d8abeb32a8ae7d869308d19a2a887402e516d436
TH-ENRICH-TX-SENIOR-2026-09-30-IDR2,TX|HHSC|TX_ICF_IID|104357,TX_ICF_IID,104357,68,EDUCARE COMMUNITY LIVING CORPORATION  TEXAS,ICF/IID,YES,YES,BEXAR,2114 OAK CREEK,SAN ANTONIO,TX,78232,20548d8398104d2a882cd018fff31786ccc77c4412b6874d5e1fada31ca02ab1,https://apps.hhs.texas.gov/providers/directories/ICFIID.xlsx,2026-09-30T19:14:28.931968+00:00,2026-09-29,,NO,9c00dfd90c7ac8e70fd94a02a89cf0bd700383249343cf30688efcc10069c0b0
TH-ENRICH-TX-SENIOR-2026-09-30-IDR2,TX|HHSC|TX_ICF_IID|104351,TX_ICF_IID,104351,69,EDUCARE COMMUNITY LIVING CORPORATIONTEXAS,ICF/IID,YES,YES,BEXAR,3003 PEBBLE TRAIL,SAN ANTONIO,TX,78232,20548d8398104d2a882cd018fff31786ccc77c4412b6874d5e1fada31ca02ab1,https://apps.hhs.texas.gov/providers/directories/ICFIID.xlsx,2026-09-30T19:14:28.931968+00:00,2026-09-29,,NO,ffa66de4774f7dda554287a043dc5e486004ab2020a612ab823610801a08b03e
TH-ENRICH-TX-SENIOR-2026-09-30-IDR2,TX|HHSC|TX_ICF_IID|104350,TX_ICF_IID,104350,70,EDUCARE COMMUNITY LIVING CORPORATIONTEXAS,ICF/IID,YES,YES,BEXAR,2531 GREAT OAKS DRIVE,SAN ANTONIO,TX,78232,20548d8398104d2a882cd018fff31786ccc77c4412b6874d5e1fada31ca02ab1,https://apps.hhs.texas.gov/providers/directories/ICFIID.xlsx,2026-09-30T19:14:28.931968+00:00,2026-09-29,,NO,1695d766d64f95db9211d1671e414e9bda53f4189145cb548de1a1d135026d88
TH-ENRICH-TX-SENIOR-2026-09-30-IDR2,TX|HHSC|TX_ICF_IID|003935,TX_ICF_IID,003935,71,EDUCARE COMMUNITY LIVING LIMITED PARTNERSHIP,ICF/IID,YES,YES,BEXAR,4935 LAMBETH ST,SAN ANTONIO,TX,78228,20548d8398104d2a882cd018fff31786ccc77c4412b6874d5e1fada31ca02ab1,https://apps.hhs.texas.gov/providers/directories/ICFIID.xlsx,2026-09-30T19:14:28.931968+00:00,2026-09-29,,NO,8938b14853aef9ac4989334d20d68e5d5c52107adb121de2f63fd437b9fbcc9e
TH-ENRICH-TX-SENIOR-2026-09-30-IDR2,TX|HHSC|TX_ICF_IID|007208,TX_ICF_IID,007208,72,EL DORADO ADULT LIVING CENTER,ICF/IID,YES,YES,BEXAR,12302 GRAN VISTA,SAN ANTONIO,TX,78233,20548d8398104d2a882cd018fff31786ccc77c4412b6874d5e1fada31ca02ab1,https://apps.hhs.texas.gov/providers/directories/ICFIID.xlsx,2026-09-30T19:14:28.931968+00:00,2026-09-29,,NO,05923865bb9f1733cf275d2a6cef379ea18e5c07052250351fe86546db0e8594
TH-ENRICH-TX-SENIOR-2026-09-30-IDR2,TX|HHSC|TX_ICF_IID|110627,TX_ICF_IID,110627,73,FOREST GLADE HOME,ICF/IID,YES,YES,BEXAR,3506 FOREST GLADE STREET,SAN ANTONIO,TX,78247,20548d8398104d2a882cd018fff31786ccc77c4412b6874d5e1fada31ca02ab1,https://apps.hhs.texas.gov/providers/directories/ICFIID.xlsx,2026-09-30T19:14:28.931968+00:00,2026-09-29,,NO,d162d3f915b569544baf410556bf3a335d58f39a2bd07a2e7d2c43e1a634d14a
TH-ENRICH-TX-SENIOR-2026-09-30-IDR2,TX|HHSC|TX_ICF_IID|007400,TX_ICF_IID,007400,74,FOREST NIGHT HOME,ICF/IID,YES,YES,BEXAR,11209 FOREST NIGHT,SAN ANTONIO,TX,78233,20548d8398104d2a882cd018fff31786ccc77c4412b6874d5e1fada31ca02ab1,https://apps.hhs.texas.gov/providers/directories/ICFIID.xlsx,2026-09-30T19:14:28.931968+00:00,2026-09-29,,NO,674dbbd9cd2ca4832c32749efac0ec7837393b77f9bc1bd9a65fc86b58ce2618
TH-ENRICH-TX-SENIOR-2026-09-30-IDR2,TX|HHSC|TX_ICF_IID|007256,TX_ICF_IID,007256,75,HEREFORD HOUSE,ICF/IID,YES,YES,BEXAR,14433 HEREFORD,SAN ANTONIO,TX,78217,20548d8398104d2a882cd018fff31786ccc77c4412b6874d5e1fada31ca02ab1,https://apps.hhs.texas.gov/providers/directories/ICFIID.xlsx,2026-09-30T19:14:28.931968+00:00,2026-09-29,,NO,011ca71fdb30822993c10359344cb538d24888a77a5c4036024e049826669519
TH-ENRICH-TX-SENIOR-2026-09-30-IDR2,TX|HHSC|TX_ICF_IID|007461,TX_ICF_IID,007461,76,HILLSIDE RIDGE HOUSE,ICF/IID,YES,YES,BEXAR,14727 HILLSIDE RIDGE,SAN ANTONIO,TX,78233,20548d8398104d2a882cd018fff31786ccc77c4412b6874d5e1fada31ca02ab1,https://apps.hhs.texas.gov/providers/directories/ICFIID.xlsx,2026-09-30T19:14:28.931968+00:00,2026-09-29,,NO,75ca623a830b1e325d8159f362f2e49d62cfdcf46519bf0f7daaf2341f86d26c
TH-ENRICH-TX-SENIOR-2026-09-30-IDR2,TX|HHSC|TX_ICF_IID|007207,TX_ICF_IID,007207,77,HUNTERS CIRCLE,ICF/IID,YES,YES,BEXAR,13230 N HUNTERS CIR,SAN ANTONIO,TX,78230,20548d8398104d2a882cd018fff31786ccc77c4412b6874d5e1fada31ca02ab1,https://apps.hhs.texas.gov/providers/directories/ICFIID.xlsx,2026-09-30T19:14:28.931968+00:00,2026-09-29,,NO,e37c45d5b07f05d9d3260fac680ec01c10cbc86341c76398cb3a38683ee4824f
TH-ENRICH-TX-SENIOR-2026-09-30-IDR2,TX|HHSC|TX_ICF_IID|007527,TX_ICF_IID,007527,78,KNOB OAK,ICF/IID,YES,YES,BEXAR,9714 KNOB OAK,SAN ANTONIO,TX,78250,20548d8398104d2a882cd018fff31786ccc77c4412b6874d5e1fada31ca02ab1,https://apps.hhs.texas.gov/providers/directories/ICFIID.xlsx,2026-09-30T19:14:28.931968+00:00,2026-09-29,,NO,2535d4aab54e9cc5919fa49a9a9fb28f4c7af9879b8ed0f5665bd2239b4836b2
TH-ENRICH-TX-SENIOR-2026-09-30-IDR2,TX|HHSC|TX_ICF_IID|106203,TX_ICF_IID,106203,79,LAKEWAY,ICF/IID,YES,YES,BEXAR,4417 LAKEWAY,SAN ANTONIO,TX,78244,20548d8398104d2a882cd018fff31786ccc77c4412b6874d5e1fada31ca02ab1,https://apps.hhs.texas.gov/providers/directories/ICFIID.xlsx,2026-09-30T19:14:28.931968+00:00,2026-09-29,,NO,10004989f5294c9185a83c817603e031be1ffac820ac68f8c0f3c4bc23e9a688
TH-ENRICH-TX-SENIOR-2026-09-30-IDR2,TX|HHSC|TX_ICF_IID|007458,TX_ICF_IID,007458,80,LARIMER SQUARE,ICF/IID,YES,YES,BEXAR,6006 LARIMER SQUARE,SAN ANTONIO,TX,78249,20548d8398104d2a882cd018fff31786ccc77c4412b6874d5e1fada31ca02ab1,https://apps.hhs.texas.gov/providers/directories/ICFIID.xlsx,2026-09-30T19:14:28.931968+00:00,2026-09-29,,NO,a9964bb258e2b2568f730e84172313fc78f485c2a54945b341dbb18c2ce3a994
TH-ENRICH-TX-SENIOR-2026-09-30-IDR2,TX|HHSC|TX_ICF_IID|003629,TX_ICF_IID,003629,81,MAYFAIR,ICF/IID,YES,YES,BEXAR,3118 MAYFAIR,SAN ANTONIO,TX,78217,20548d8398104d2a882cd018fff31786ccc77c4412b6874d5e1fada31ca02ab1,https://apps.hhs.texas.gov/providers/directories/ICFIID.xlsx,2026-09-30T19:14:28.931968+00:00,2026-09-29,,NO,b0ff99c440df6c4fd8047dfcff7e9c2db2df978fab0390c545ec56317627f581
TH-ENRICH-TX-SENIOR-2026-09-30-IDR2,TX|HHSC|TX_ICF_IID|003775,TX_ICF_IID,003775,82,MISSION ROAD DEVELOPMENTAL CENTER,ICF/IID,YES,YES,BEXAR,7520 S SEA LN,SAN ANTONIO,TX,78216,20548d8398104d2a882cd018fff31786ccc77c4412b6874d5e1fada31ca02ab1,https://apps.hhs.texas.gov/providers/directories/ICFIID.xlsx,2026-09-30T19:14:28.931968+00:00,2026-09-29,,NO,fca475b351cd1b0176bb98ed24460dd4ab62adbaf5380472df225005bf02b541
TH-ENRICH-TX-SENIOR-2026-09-30-IDR2,TX|HHSC|TX_ICF_IID|007499,TX_ICF_IID,007499,83,MISSION ROAD DEVELOPMENTAL CENTER,ICF/IID,YES,YES,BEXAR,460 KOPPLOW,SAN ANTONIO,TX,78221,20548d8398104d2a882cd018fff31786ccc77c4412b6874d5e1fada31ca02ab1,https://apps.hhs.texas.gov/providers/directories/ICFIID.xlsx,2026-09-30T19:14:28.931968+00:00,2026-09-29,,NO,bb46e3b650313748886b9a8d96b3e6b7f81566427df63a05bd6d6539b2de092d
TH-ENRICH-TX-SENIOR-2026-09-30-IDR2,TX|HHSC|TX_ICF_IID|007292,TX_ICF_IID,007292,84,MISSION ROAD DEVELOPMENTAL CENTER,ICF/IID,YES,YES,BEXAR,7618 MOCKINGBIRD LN,SAN ANTONIO,TX,78229,20548d8398104d2a882cd018fff31786ccc77c4412b6874d5e1fada31ca02ab1,https://apps.hhs.texas.gov/providers/directories/ICFIID.xlsx,2026-09-30T19:14:28.931968+00:00,2026-09-29,,NO,3a9bf9e32a1b3e4e9dbeaceda16f6e841cdc1462c4ec7021fc50c9cd701598e2
TH-ENRICH-TX-SENIOR-2026-09-30-IDR2,TX|HHSC|TX_ICF_IID|007365,TX_ICF_IID,007365,85,PARK HAVEN HOME,ICF/IID,YES,YES,BEXAR,6738 PARK HAVEN,SAN ANTONIO,TX,78244,20548d8398104d2a882cd018fff31786ccc77c4412b6874d5e1fada31ca02ab1,https://apps.hhs.texas.gov/providers/directories/ICFIID.xlsx,2026-09-30T19:14:28.931968+00:00,2026-09-29,,NO,86d081f6776d79e2f1e8c3975093ae775b85ccaf956d29fcf7e98c818a341672
TH-ENRICH-TX-SENIOR-2026-09-30-IDR2,TX|HHSC|TX_ICF_IID|003603,TX_ICF_IID,003603,86,PEPPERIDGE ADULT LIVING CENTER,ICF/IID,YES,YES,BEXAR,4611 WETZ,SAN ANTONIO,TX,78217,20548d8398104d2a882cd018fff31786ccc77c4412b6874d5e1fada31ca02ab1,https://apps.hhs.texas.gov/providers/directories/ICFIID.xlsx,2026-09-30T19:14:28.931968+00:00,2026-09-29,,NO,d09ab76c7d141a04793df923bfa487490a227dc7d9bec5e0e82bbc0c8c1322aa
TH-ENRICH-TX-SENIOR-2026-09-30-IDR2,TX|HHSC|TX_ICF_IID|007478,TX_ICF_IID,007478,87,PINETREE LANE,ICF/IID,YES,YES,BEXAR,2002 PINETREE LANE,SAN ANTONIO,TX,78232,20548d8398104d2a882cd018fff31786ccc77c4412b6874d5e1fada31ca02ab1,https://apps.hhs.texas.gov/providers/directories/ICFIID.xlsx,2026-09-30T19:14:28.931968+00:00,2026-09-29,,NO,b664223087454083c6edd2a203b5e53f7bb5c19d8890a3e1cb79dfb53ca53fa9
TH-ENRICH-TX-SENIOR-2026-09-30-IDR2,TX|HHSC|TX_ICF_IID|110141,TX_ICF_IID,110141,88,PUMA PASS,ICF/IID,YES,YES,BEXAR,16302 PUMA PASS,SAN ANTONIO,TEXAS,78247,20548d8398104d2a882cd018fff31786ccc77c4412b6874d5e1fada31ca02ab1,https://apps.hhs.texas.gov/providers/directories/ICFIID.xlsx,2026-09-30T19:14:28.931968+00:00,2026-09-29,,NO,da6f92a506387e09440c1dd98572055aece8a4764e4a8c2c2884bca270f567a8
TH-ENRICH-TX-SENIOR-2026-09-30-IDR2,TX|HHSC|TX_ICF_IID|007508,TX_ICF_IID,007508,89,QUAIL RUN,ICF/IID,YES,YES,BEXAR,7422 QUAIL RUN,SAN ANTONIO,TX,78209,20548d8398104d2a882cd018fff31786ccc77c4412b6874d5e1fada31ca02ab1,https://apps.hhs.texas.gov/providers/directories/ICFIID.xlsx,2026-09-30T19:14:28.931968+00:00,2026-09-29,,NO,74c6bf050a8638f1c9ed49111ea7c2eff379f43599c45b7c8519c6a309215f0d
TH-ENRICH-TX-SENIOR-2026-09-30-IDR2,TX|HHSC|TX_ICF_IID|104491,TX_ICF_IID,104491,90,R & K SPECIALIIZED HOMES INC,ICF/IID,YES,YES,BEXAR,15910 QUAIL CIRCLE,SAN ANTONIO,TX,78247,20548d8398104d2a882cd018fff31786ccc77c4412b6874d5e1fada31ca02ab1,https://apps.hhs.texas.gov/providers/directories/ICFIID.xlsx,2026-09-30T19:14:28.931968+00:00,2026-09-29,,NO,758a04f57b4817cfb6880832b7dcec1062ad735f22da7799b5fdc2e7684a3513
TH-ENRICH-TX-SENIOR-2026-09-30-IDR2,TX|HHSC|TX_ICF_IID|105215,TX_ICF_IID,105215,91,"R & K SPECIALIZED HOMES, INC",ICF/IID,YES,YES,BEXAR,8711 OAK LEDGE DR.,SAN ANTONIO,TX,78217,20548d8398104d2a882cd018fff31786ccc77c4412b6874d5e1fada31ca02ab1,https://apps.hhs.texas.gov/providers/directories/ICFIID.xlsx,2026-09-30T19:14:28.931968+00:00,2026-09-29,,NO,6b5362a1c91569b45ac93acc46267b0b3945e9ba8876dde152b97e76aff0a6fb
TH-ENRICH-TX-SENIOR-2026-09-30-IDR2,TX|HHSC|TX_ICF_IID|007564,TX_ICF_IID,007564,92,"R & K SPECIALIZED HOMES, INC",ICF/IID,YES,YES,BEXAR,6706 TIMBERHILL,SAN ANTONIO,TX,78238,20548d8398104d2a882cd018fff31786ccc77c4412b6874d5e1fada31ca02ab1,https://apps.hhs.texas.gov/providers/directories/ICFIID.xlsx,2026-09-30T19:14:28.931968+00:00,2026-09-29,,NO,d15603eb0f9ac06ad8a757dc6051ab7015a00eaa6625406842401064818c785b
TH-ENRICH-TX-SENIOR-2026-09-30-IDR2,TX|HHSC|TX_ICF_IID|104154,TX_ICF_IID,104154,93,R&K SPECIALIZED HOMES INC,ICF/IID,YES,YES,BEXAR,10214 SQUANTO,SAN ANTONIO,TX,78230,20548d8398104d2a882cd018fff31786ccc77c4412b6874d5e1fada31ca02ab1,https://apps.hhs.texas.gov/providers/directories/ICFIID.xlsx,2026-09-30T19:14:28.931968+00:00,2026-09-29,,NO,cb269d72d9f7e1e078da2094bf405a7d6a492b1bee99e2c59e8e7880fb6b4a6f
TH-ENRICH-TX-SENIOR-2026-09-30-IDR2,TX|HHSC|TX_ICF_IID|104296,TX_ICF_IID,104296,94,R&K SPECIALIZED HOMES INC,ICF/IID,YES,YES,BEXAR,4703 SHADY BREEZE,SAN ANTONIO,TX,78217,20548d8398104d2a882cd018fff31786ccc77c4412b6874d5e1fada31ca02ab1,https://apps.hhs.texas.gov/providers/directories/ICFIID.xlsx,2026-09-30T19:14:28.931968+00:00,2026-09-29,,NO,3b1af0dfc6c23bdcae1b50e533e01889e7e40be3cd8cde1612848f9b04b0ba3e
TH-ENRICH-TX-SENIOR-2026-09-30-IDR2,TX|HHSC|TX_ICF_IID|106756,TX_ICF_IID,106756,95,R&K SPECIALIZED HOMES INC,ICF/IID,YES,YES,BEXAR,8007 CLYDE DENT,SAN ANTONIO,TX,78250,20548d8398104d2a882cd018fff31786ccc77c4412b6874d5e1fada31ca02ab1,https://apps.hhs.texas.gov/providers/directories/ICFIID.xlsx,2026-09-30T19:14:28.931968+00:00,2026-09-29,,NO,01596b7a4771f3d8f974933fc8dfa87da38449adc67318749105e9ad7d953e5a
TH-ENRICH-TX-SENIOR-2026-09-30-IDR2,TX|HHSC|TX_ICF_IID|107143,TX_ICF_IID,107143,96,R&K SPECIALIZED HOMES INC,ICF/IID,YES,YES,BEXAR,7070 RIMWOOD LIVE OAK,SAN ANTONIO,TX,78233,20548d8398104d2a882cd018fff31786ccc77c4412b6874d5e1fada31ca02ab1,https://apps.hhs.texas.gov/providers/directories/ICFIID.xlsx,2026-09-30T19:14:28.931968+00:00,2026-09-29,,NO,ea2ee59821c6ff368fc3772744947d1a30e498da1db7711e9be402d0515ba91e
TH-ENRICH-TX-SENIOR-2026-09-30-IDR2,TX|HHSC|TX_ICF_IID|107228,TX_ICF_IID,107228,97,REGENCY COVE,ICF/IID,YES,YES,BEXAR,6402 REGENCY COVE,SAN ANTONIO,TX,78249,20548d8398104d2a882cd018fff31786ccc77c4412b6874d5e1fada31ca02ab1,https://apps.hhs.texas.gov/providers/directories/ICFIID.xlsx,2026-09-30T19:14:28.931968+00:00,2026-09-29,,NO,8c17e5a1addadbde1132b165602c6c2320376efd4ca3d1c28abcbce0b12c67fa
TH-ENRICH-TX-SENIOR-2026-09-30-IDR2,TX|HHSC|TX_ICF_IID|007287,TX_ICF_IID,007287,98,SAGE TRAIL,ICF/IID,YES,YES,BEXAR,14231 SAGE TRL,SAN ANTONIO,TX,78231,20548d8398104d2a882cd018fff31786ccc77c4412b6874d5e1fada31ca02ab1,https://apps.hhs.texas.gov/providers/directories/ICFIID.xlsx,2026-09-30T19:14:28.931968+00:00,2026-09-29,,NO,a4eb811c21aced78894f17d64ae615f886807c05c9b4fda479ac2c7200ab4fba
TH-ENRICH-TX-SENIOR-2026-09-30-IDR2,TX|HHSC|TX_ICF_IID|007114,TX_ICF_IID,007114,99,SAN ANTONIO STATE SUPPORTED LIVING CENTER,ICF/IID,NO,YES,BEXAR,6711 S NEW BRAUNFELS AVE,SAN ANTONIO,TX,78223,20548d8398104d2a882cd018fff31786ccc77c4412b6874d5e1fada31ca02ab1,https://apps.hhs.texas.gov/providers/directories/ICFIID.xlsx,2026-09-30T19:14:28.931968+00:00,2026-09-29,,NO,0007838af53c52769417a4f71e6716eaaf9fecb5dc4c3c11b0f2641fc360f7f0
TH-ENRICH-TX-SENIOR-2026-09-30-IDR2,TX|HHSC|TX_ICF_IID|007603,TX_ICF_IID,007603,100,SILVER QUAIL,ICF/IID,YES,YES,BEXAR,8706 SILVER QUAIL,SAN ANTONIO,TX,78250,20548d8398104d2a882cd018fff31786ccc77c4412b6874d5e1fada31ca02ab1,https://apps.hhs.texas.gov/providers/directories/ICFIID.xlsx,2026-09-30T19:14:28.931968+00:00,2026-09-29,,NO,f5a549ba8db22b0fa360118a886b8a150b15b1d80162a14cb3f70333dc4c3479
TH-ENRICH-TX-SENIOR-2026-09-30-IDR2,TX|HHSC|TX_ICF_IID|007481,TX_ICF_IID,007481,101,SOUTH TEXAS COMMUNITY LIVING CORP,ICF/IID,YES,YES,BEXAR,5822 SPRING DOVE,SAN ANTONIO,TX,78247,20548d8398104d2a882cd018fff31786ccc77c4412b6874d5e1fada31ca02ab1,https://apps.hhs.texas.gov/providers/directories/ICFIID.xlsx,2026-09-30T19:14:28.931968+00:00,2026-09-29,,NO,27b51e96ee8e9df3f6501e7fecab8f78306d18ad6466bd91eb84713339316a92
TH-ENRICH-TX-SENIOR-2026-09-30-IDR2,TX|HHSC|TX_ICF_IID|007488,TX_ICF_IID,007488,102,SOUTH TEXAS COMMUNITY LIVING CORP,ICF/IID,YES,YES,BEXAR,5403 VISTA CREEK,SAN ANTONIO,TX,78247,20548d8398104d2a882cd018fff31786ccc77c4412b6874d5e1fada31ca02ab1,https://apps.hhs.texas.gov/providers/directories/ICFIID.xlsx,2026-09-30T19:14:28.931968+00:00,2026-09-29,,NO,3d358215ed5707978c44f1976c052657fe55dd55e403b3774e49f8e58a18ccb9
TH-ENRICH-TX-SENIOR-2026-09-30-IDR2,TX|HHSC|TX_ICF_IID|007438,TX_ICF_IID,007438,103,SOUTH TEXAS COMMUNITY LIVING CORP,ICF/IID,YES,YES,BEXAR,5227 FOUNTAIN LAKE,SAN ANTONIO,TX,78244,20548d8398104d2a882cd018fff31786ccc77c4412b6874d5e1fada31ca02ab1,https://apps.hhs.texas.gov/providers/directories/ICFIID.xlsx,2026-09-30T19:14:28.931968+00:00,2026-09-29,,NO,614698d645f518cc14553d15ee937c667b8783f338d237d8618ca1e15d844541
TH-ENRICH-TX-SENIOR-2026-09-30-IDR2,TX|HHSC|TX_ICF_IID|007435,TX_ICF_IID,007435,104,SOUTH TEXAS COMMUNITY LIVING CORP,ICF/IID,YES,YES,BEXAR,3507 LAKE SUNSET CT,SAN ANTONIO,TX,78217,20548d8398104d2a882cd018fff31786ccc77c4412b6874d5e1fada31ca02ab1,https://apps.hhs.texas.gov/providers/directories/ICFIID.xlsx,2026-09-30T19:14:28.931968+00:00,2026-09-29,,NO,788b1750e28acc1ef5818d013629e11643cf939036e9e6beaf4888bea1244b17
TH-ENRICH-TX-SENIOR-2026-09-30-IDR2,TX|HHSC|TX_ICF_IID|007415,TX_ICF_IID,007415,105,SOUTH TEXAS COMMUNITY LIVING CORP,ICF/IID,YES,YES,BEXAR,13055 FEATHER RIDGE,SAN ANTONIO,TX,78233,20548d8398104d2a882cd018fff31786ccc77c4412b6874d5e1fada31ca02ab1,https://apps.hhs.texas.gov/providers/directories/ICFIID.xlsx,2026-09-30T19:14:28.931968+00:00,2026-09-29,,NO,2a285e42ec43e9fda230328791d5b6d53da12f10de2efa7588c5e81b91593625
TH-ENRICH-TX-SENIOR-2026-09-30-IDR2,TX|HHSC|TX_ICF_IID|007467,TX_ICF_IID,007467,106,SOUTH TEXAS COMMUNITY LIVING CORP,ICF/IID,YES,YES,BEXAR,2934 FLORAL WAY,SAN ANTONIO,TX,78247,20548d8398104d2a882cd018fff31786ccc77c4412b6874d5e1fada31ca02ab1,https://apps.hhs.texas.gov/providers/directories/ICFIID.xlsx,2026-09-30T19:14:28.931968+00:00,2026-09-29,,NO,046012b12a0f3b41032c4a24328cf640f5fffa8d96c7caa24017fee05cc88f4e
TH-ENRICH-TX-SENIOR-2026-09-30-IDR2,TX|HHSC|TX_ICF_IID|110135,TX_ICF_IID,110135,107,STORMY SKIES,ICF/IID,YES,YES,BEXAR,5239 STORMY SKIES,SAN ANTONIO,TEXAS,78247,20548d8398104d2a882cd018fff31786ccc77c4412b6874d5e1fada31ca02ab1,https://apps.hhs.texas.gov/providers/directories/ICFIID.xlsx,2026-09-30T19:14:28.931968+00:00,2026-09-29,,NO,4ff3411ec2a7a4d2889f443ac31894fd78a3c43f22da037e7dfe531e40fa5938
TH-ENRICH-TX-SENIOR-2026-09-30-IDR2,TX|HHSC|TX_ICF_IID|003633,TX_ICF_IID,003633,108,SUNNY GROVE,ICF/IID,YES,YES,BEXAR,4706 SUNNY GROVE,SAN ANTONIO,TX,78217,20548d8398104d2a882cd018fff31786ccc77c4412b6874d5e1fada31ca02ab1,https://apps.hhs.texas.gov/providers/directories/ICFIID.xlsx,2026-09-30T19:14:28.931968+00:00,2026-09-29,,NO,595765c5bb1ff89118dba6b35ec7a2b62cece6b908c9d2620a043c23c058f0d4
TH-ENRICH-TX-SENIOR-2026-09-30-IDR2,TX|HHSC|TX_ICF_IID|007520,TX_ICF_IID,007520,109,SWANDALE,ICF/IID,YES,YES,BEXAR,3242 SWANDALE,SAN ANTONIO,TX,78230,20548d8398104d2a882cd018fff31786ccc77c4412b6874d5e1fada31ca02ab1,https://apps.hhs.texas.gov/providers/directories/ICFIID.xlsx,2026-09-30T19:14:28.931968+00:00,2026-09-29,,NO,25f383a042bb06e3e8de134e9c18e690cef7c4b8b090bbc2f9a48c550683ea31
TH-ENRICH-TX-SENIOR-2026-09-30-IDR2,TX|HHSC|TX_ICF_IID|007639,TX_ICF_IID,007639,110,THATCH,ICF/IID,YES,YES,BEXAR,8820 THATCH,SAN ANTONIO,TEXAS,78240,20548d8398104d2a882cd018fff31786ccc77c4412b6874d5e1fada31ca02ab1,https://apps.hhs.texas.gov/providers/directories/ICFIID.xlsx,2026-09-30T19:14:28.931968+00:00,2026-09-29,,NO,a67d76ea81911963a96c33125db6d4d8f14cd5f2b91896662eb4b1d56cf96259
TH-ENRICH-TX-SENIOR-2026-09-30-IDR2,TX|HHSC|TX_ICF_IID|111944,TX_ICF_IID,111944,111,WADDESDON WOOD,ICF/IID,YES,YES,BEXAR,6234 ALTA PUERTA,SAN ANTONIO,TX,78247,20548d8398104d2a882cd018fff31786ccc77c4412b6874d5e1fada31ca02ab1,https://apps.hhs.texas.gov/providers/directories/ICFIID.xlsx,2026-09-30T19:14:28.931968+00:00,2026-09-29,,NO,e5460dc8b77e83a6795a2a98bb02a711686d87b5decf55c6360643763a41198a
TH-ENRICH-TX-SENIOR-2026-09-30-IDR2,TX|HHSC|TX_ICF_IID|007291,TX_ICF_IID,007291,112,WELLES HARBOR,ICF/IID,YES,YES,BEXAR,8730 WELLES HARBOR,SAN ANTONIO,TX,78240,20548d8398104d2a882cd018fff31786ccc77c4412b6874d5e1fada31ca02ab1,https://apps.hhs.texas.gov/providers/directories/ICFIID.xlsx,2026-09-30T19:14:28.931968+00:00,2026-09-29,,NO,f65b61bcaecb6b0a237c1409b8889e4783409bbb4ccf9302c4fd919b2fbe37b0
TH-ENRICH-TX-SENIOR-2026-09-30-IDR2,TX|HHSC|TX_ICF_IID|007420,TX_ICF_IID,007420,113,WHISPER VALLEY,ICF/IID,YES,YES,BEXAR,10934 WHISPER VALLEY,SAN ANTONIO,TX,78230,20548d8398104d2a882cd018fff31786ccc77c4412b6874d5e1fada31ca02ab1,https://apps.hhs.texas.gov/providers/directories/ICFIID.xlsx,2026-09-30T19:14:28.931968+00:00,2026-09-29,,NO,ada98fd07116e4c2e6e59089c99f6d6b571b6b921184e66804a531330bde3576
TH-ENRICH-TX-SENIOR-2026-09-30-IDR2,TX|HHSC|TX_ICF_IID|003948,TX_ICF_IID,003948,114,EDUCARE COMMUNITY LIVING LIMITED PARTNERSHIP,ICF/IID,YES,YES,BEXAR,250 GUILFORD FORGE,UNIVERSAL CITY,TX,78148-3615,20548d8398104d2a882cd018fff31786ccc77c4412b6874d5e1fada31ca02ab1,https://apps.hhs.texas.gov/providers/directories/ICFIID.xlsx,2026-09-30T19:14:28.931968+00:00,2026-09-29,,NO,ff6e202a1bfa61efc0e8aa953af5e1e269a14feb41db20b14119024fa3dd6004
TH-ENRICH-TX-SENIOR-2026-09-30-IDR2,TX|HHSC|TX_ICF_IID|003645,TX_ICF_IID,003645,115,EVERGREEN NORTHWOOD COMMUNITY HOME,ICF/IID,YES,YES,BOWIE,113 NORTHWOOD,NASH,TX,75569,20548d8398104d2a882cd018fff31786ccc77c4412b6874d5e1fada31ca02ab1,https://apps.hhs.texas.gov/providers/directories/ICFIID.xlsx,2026-09-30T19:14:28.931968+00:00,2026-09-29,,NO,67e57db5d50022947fd1590798e64557b3371c43204e5a8fca6544696e83c6ad
TH-ENRICH-TX-SENIOR-2026-09-30-IDR2,TX|HHSC|TX_ICF_IID|003628,TX_ICF_IID,003628,116,EVERGREEN COOPER LANE COMMUNITY HOME,ICF/IID,YES,YES,BOWIE,3312 COOPER LN,TEXARKANA,TX,75503,20548d8398104d2a882cd018fff31786ccc77c4412b6874d5e1fada31ca02ab1,https://apps.hhs.texas.gov/providers/directories/ICFIID.xlsx,2026-09-30T19:14:28.931968+00:00,2026-09-29,,NO,4e9ac8ab1fa654b4fdf1536e2f9d7279f408f8b3d5e2fafb412c5e753d7602c2
TH-ENRICH-TX-SENIOR-2026-09-30-IDR2,TX|HHSC|TX_ICF_IID|111837,TX_ICF_IID,111837,117,EVERGREEN DANVILLE ROAD COMMUNITY HOME,ICF/IID,YES,YES,BOWIE,1302 WOOD STREET,TEXARKANA,TX,75501,20548d8398104d2a882cd018fff31786ccc77c4412b6874d5e1fada31ca02ab1,https://apps.hhs.texas.gov/providers/directories/ICFIID.xlsx,2026-09-30T19:14:28.931968+00:00,2026-09-29,,NO,5e073137c8f1d2c8e1e9f9e43f63859490c39115fc36af965c3c469924917d03
TH-ENRICH-TX-SENIOR-2026-09-30-IDR2,TX|HHSC|TX_ICF_IID|007248,TX_ICF_IID,007248,118,EVERGREEN FORTUNE COMMUNITY HOME,ICF/IID,YES,YES,BOWIE,3002 FORTUNE AVE,TEXARKANA,TX,75503,20548d8398104d2a882cd018fff31786ccc77c4412b6874d5e1fada31ca02ab1,https://apps.hhs.texas.gov/providers/directories/ICFIID.xlsx,2026-09-30T19:14:28.931968+00:00,2026-09-29,,NO,e97d86613d94aba15bf276ff06a4601c607434ca8962aae10abd6ea5524ae921
TH-ENRICH-TX-SENIOR-2026-09-30-IDR2,TX|HHSC|TX_ICF_IID|003637,TX_ICF_IID,003637,119,EVERGREEN MARYLAND COMMUNITY HOME,ICF/IID,YES,YES,BOWIE,106 MARYLAND,TEXARKANA,TX,75501,20548d8398104d2a882cd018fff31786ccc77c4412b6874d5e1fada31ca02ab1,https://apps.hhs.texas.gov/providers/directories/ICFIID.xlsx,2026-09-30T19:14:28.931968+00:00,2026-09-29,,NO,20e23717f20b9acd93a4c9ad4a430923e2d871e28d3427f6f125f028502e8297
TH-ENRICH-TX-SENIOR-2026-09-30-IDR2,TX|HHSC|TX_ICF_IID|003638,TX_ICF_IID,003638,120,EVERGREEN MEADOW LANE COMMUNITY HOME,ICF/IID,YES,YES,BOWIE,#20 MEADOW LN,TEXARKANA,TX,75503,20548d8398104d2a882cd018fff31786ccc77c4412b6874d5e1fada31ca02ab1,https://apps.hhs.texas.gov/providers/directories/ICFIID.xlsx,2026-09-30T19:14:28.931968+00:00,2026-09-29,,NO,8d63a3084965d79df5c7d0f49842954f1e47c8562b5439814be9f71533864181
TH-ENRICH-TX-SENIOR-2026-09-30-IDR2,TX|HHSC|TX_ICF_IID|007203,TX_ICF_IID,007203,121,EVERGREEN MOORES LANE COMMUNITY HOME,ICF/IID,YES,YES,BOWIE,3611 MOORES LN,TEXARKANA,TX,75503,20548d8398104d2a882cd018fff31786ccc77c4412b6874d5e1fada31ca02ab1,https://apps.hhs.texas.gov/providers/directories/ICFIID.xlsx,2026-09-30T19:14:28.931968+00:00,2026-09-29,,NO,fc00fb7c2021bedc410a66c6b8a8aad0fe52401ef86eb8209affc10d3f0ad741
TH-ENRICH-TX-SENIOR-2026-09-30-IDR2,TX|HHSC|TX_ICF_IID|007403,TX_ICF_IID,007403,122,EVERGREEN PINE KNOLL COMMUNITY HOME,ICF/IID,YES,YES,BOWIE,3603 PINE KNOLL,TEXARKANA,TX,75503,20548d8398104d2a882cd018fff31786ccc77c4412b6874d5e1fada31ca02ab1,https://apps.hhs.texas.gov/providers/directories/ICFIID.xlsx,2026-09-30T19:14:28.931968+00:00,2026-09-29,,NO,be291e03dac6b92d1c149f47686dd5fa9f4f9259b35e6280dbd7e5ad792eeaf4
TH-ENRICH-TX-SENIOR-2026-09-30-IDR2,TX|HHSC|TX_ICF_IID|007617,TX_ICF_IID,007617,123,NEW HORIZONS ELIZABETH,ICF/IID,YES,YES,BOWIE,4820 ELIZABETH ST,TEXARKANA,TX,75503,20548d8398104d2a882cd018fff31786ccc77c4412b6874d5e1fada31ca02ab1,https://apps.hhs.texas.gov/providers/directories/ICFIID.xlsx,2026-09-30T19:14:28.931968+00:00,2026-09-29,,NO,7d7df70b7d57bec6b2e342b53ddb45d761179047f514446f87e8e22f3bce77cb
TH-ENRICH-TX-SENIOR-2026-09-30-IDR2,TX|HHSC|TX_ICF_IID|007408,TX_ICF_IID,007408,124,NEW HORIZONS MAGNOLIA,ICF/IID,YES,YES,BOWIE,4125 MAGNOLIA ST,TEXARKANA,TX,75503,20548d8398104d2a882cd018fff31786ccc77c4412b6874d5e1fada31ca02ab1,https://apps.hhs.texas.gov/providers/directories/ICFIID.xlsx,2026-09-30T19:14:28.931968+00:00,2026-09-29,,NO,f32f27eb04de1a2ef78b7d518afd99e303b00171eaf504a56e86487112be772d
TH-ENRICH-TX-SENIOR-2026-09-30-IDR2,TX|HHSC|TX_ICF_IID|007569,TX_ICF_IID,007569,125,NEW HORIZONS STILLWELL,ICF/IID,YES,YES,BOWIE,2611 STILLWELL DR,TEXARKANA,TX,75503,20548d8398104d2a882cd018fff31786ccc77c4412b6874d5e1fada31ca02ab1,https://apps.hhs.texas.gov/providers/directories/ICFIID.xlsx,2026-09-30T19:14:28.931968+00:00,2026-09-29,,NO,2eb93f2099f021d1fe997f296ff6cbb9509c25f43685067c20acee7c3defdf0e
TH-ENRICH-TX-SENIOR-2026-09-30-IDR2,TX|HHSC|TX_ICF_IID|007407,TX_ICF_IID,007407,126,NEW HORIZONS WEST 27TH ST,ICF/IID,YES,YES,BOWIE,404 W 27TH ST,TEXARKANA,TX,75503,20548d8398104d2a882cd018fff31786ccc77c4412b6874d5e1fada31ca02ab1,https://apps.hhs.texas.gov/providers/directories/ICFIID.xlsx,2026-09-30T19:14:28.931968+00:00,2026-09-29,,NO,39164f23ee9df495c3898a47c4391e45662b89d236373c5b38c3c39d0ab19269
TH-ENRICH-TX-SENIOR-2026-09-30-IDR2,TX|HHSC|TX_ICF_IID|003925,TX_ICF_IID,003925,127,EDUCARE COMMUNITY LIVING CORPORATION  GULF COAST,ICF/IID,YES,YES,BRAZORIA,1304 HIGHLAND,ALVIN,TX,77512,20548d8398104d2a882cd018fff31786ccc77c4412b6874d5e1fada31ca02ab1,https://apps.hhs.texas.gov/providers/directories/ICFIID.xlsx,2026-09-30T19:14:28.931968+00:00,2026-09-29,,NO,4efd89f833446071c448a9e047519cab32cf3468b08feaf9f22dd7b1a543c251
TH-ENRICH-TX-SENIOR-2026-09-30-IDR2,TX|HHSC|TX_ICF_IID|003618,TX_ICF_IID,003618,128,TOVREA,ICF/IID,YES,YES,BRAZORIA,802 TOVREA,ALVIN,TX,77512,20548d8398104d2a882cd018fff31786ccc77c4412b6874d5e1fada31ca02ab1,https://apps.hhs.texas.gov/providers/directories/ICFIID.xlsx,2026-09-30T19:14:28.931968+00:00,2026-09-29,,NO,01051b3cd3f0525e29a7cc310559935c5094cff235495b9984f18c377d582718
TH-ENRICH-TX-SENIOR-2026-09-30-IDR2,TX|HHSC|TX_ICF_IID|105082,TX_ICF_IID,105082,129,ARCOLA,ICF/IID,YES,YES,BRAZORIA,800 N ARCOLA,ANGLETON,TX,77515,20548d8398104d2a882cd018fff31786ccc77c4412b6874d5e1fada31ca02ab1,https://apps.hhs.texas.gov/providers/directories/ICFIID.xlsx,2026-09-30T19:14:28.931968+00:00,2026-09-29,,NO,67c06280b1b0461865a619159dfea26317f9bef2f1ccfdc0eab730d6b5318293
TH-ENRICH-TX-SENIOR-2026-09-30-IDR2,TX|HHSC|TX_ICF_IID|007626,TX_ICF_IID,007626,130,EDUCARE COMMUNITY LIVING  GULF COAST,ICF/IID,YES,YES,BRAZORIA,1811 OAKTREE CIR,PEARLAND,TX,77581,20548d8398104d2a882cd018fff31786ccc77c4412b6874d5e1fada31ca02ab1,https://apps.hhs.texas.gov/providers/directories/ICFIID.xlsx,2026-09-30T19:14:28.931968+00:00,2026-09-29,,NO,2ea4df25ceb4833f08f641780d2a24ab621aca3b382369c43695e56137466b8d
TH-ENRICH-TX-SENIOR-2026-09-30-IDR2,TX|HHSC|TX_ICF_IID|003963,TX_ICF_IID,003963,131,EDUCARE COMMUNITY LIVING CORPORATION  GULF COAST,ICF/IID,YES,YES,BRAZORIA,1117 CHESTERWOOD,PEARLAND,TX,77581,20548d8398104d2a882cd018fff31786ccc77c4412b6874d5e1fada31ca02ab1,https://apps.hhs.texas.gov/providers/directories/ICFIID.xlsx,2026-09-30T19:14:28.931968+00:00,2026-09-29,,NO,7201879f2d3f2ef9305f68c6cc7af634ac1b17be94517f815755babe2a843c0b
TH-ENRICH-TX-SENIOR-2026-09-30-IDR2,TX|HHSC|TX_ICF_IID|007561,TX_ICF_IID,007561,132,3706 CARTER CREEK PKWY,ICF/IID,YES,YES,BRAZOS,3706 CARTER CREEK PKWY,BRYAN,TX,77802,20548d8398104d2a882cd018fff31786ccc77c4412b6874d5e1fada31ca02ab1,https://apps.hhs.texas.gov/providers/directories/ICFIID.xlsx,2026-09-30T19:14:28.931968+00:00,2026-09-29,,NO,23867230423ae075c8e3ca1f248dc3986145457e40a0a0cf6d441669aede02c9
TH-ENRICH-TX-SENIOR-2026-09-30-IDR2,TX|HHSC|TX_ICF_IID|007662,TX_ICF_IID,007662,133,FAMILY TREE,ICF/IID,NO,YES,BRAZOS,408 N WASHINGTON AVE,BRYAN,TX,77803,20548d8398104d2a882cd018fff31786ccc77c4412b6874d5e1fada31ca02ab1,https://apps.hhs.texas.gov/providers/directories/ICFIID.xlsx,2026-09-30T19:14:28.931968+00:00,2026-09-29,,NO,94d1146bdaec8f0ea210be4afc0c225f7f43e53e5c724f77a811031f17262082
TH-ENRICH-TX-SENIOR-2026-09-30-IDR2,TX|HHSC|TX_ICF_IID|003840,TX_ICF_IID,003840,134,OPPORTUNITY DEVELOPMENT CENTER 2,ICF/IID,NO,YES,BROWN,403 MULBERRY DR,BROWNWOOD,TX,76801,20548d8398104d2a882cd018fff31786ccc77c4412b6874d5e1fada31ca02ab1,https://apps.hhs.texas.gov/providers/directories/ICFIID.xlsx,2026-09-30T19:14:28.931968+00:00,2026-09-29,,NO,27ae2e975d0b8d83f87267165a25749a1d6ff9c4958ebaaf5339efd2950b983e
TH-ENRICH-TX-SENIOR-2026-09-30-IDR2,TX|HHSC|TX_ICF_IID|003675,TX_ICF_IID,003675,135,BERTRAM COMMUNITY RESIDENCE,ICF/IID,YES,YES,BURNET,648 WEST CEDAR,BERTRAM,TX,78605,20548d8398104d2a882cd018fff31786ccc77c4412b6874d5e1fada31ca02ab1,https://apps.hhs.texas.gov/providers/directories/ICFIID.xlsx,2026-09-30T19:14:28.931968+00:00,2026-09-29,,NO,6ee142166d8bdc3b5d044c3c7ceae0b058851c30629ee8f3877e4bcce1291730
TH-ENRICH-TX-SENIOR-2026-09-30-IDR2,TX|HHSC|TX_ICF_IID|007505,TX_ICF_IID,007505,136,BLUEBONNET COMMUNITY RESIDENCE,ICF/IID,YES,YES,BURNET,1260 HIGHWAY 29 WEST,BERTRAM,TX,78605,20548d8398104d2a882cd018fff31786ccc77c4412b6874d5e1fada31ca02ab1,https://apps.hhs.texas.gov/providers/directories/ICFIID.xlsx,2026-09-30T19:14:28.931968+00:00,2026-09-29,,NO,b781edfbb311adaeb71c5731ce48121fd65b5de7cfc09655ebb5015bce15ce23
TH-ENRICH-TX-SENIOR-2026-09-30-IDR2,TX|HHSC|TX_ICF_IID|007450,TX_ICF_IID,007450,137,WOODVIEW COMMUNITY RESIDENCE,ICF/IID,YES,YES,BURNET,407 COUNTY ROAD 320,BERTRAM,TX,78605,20548d8398104d2a882cd018fff31786ccc77c4412b6874d5e1fada31ca02ab1,https://apps.hhs.texas.gov/providers/directories/ICFIID.xlsx,2026-09-30T19:14:28.931968+00:00,2026-09-29,,NO,169b14d230d591fffdfc766cf2eb940aa6d19f4f5e491947574b11d0c7ebc41b
TH-ENRICH-TX-SENIOR-2026-09-30-IDR2,TX|HHSC|TX_ICF_IID|003879,TX_ICF_IID,003879,138,HIGHLAND LAKES COMMUNITY RESIDENCE,ICF/IID,YES,YES,BURNET,705 KINCHELOE STREET,BURNET,TX,78611,20548d8398104d2a882cd018fff31786ccc77c4412b6874d5e1fada31ca02ab1,https://apps.hhs.texas.gov/providers/directories/ICFIID.xlsx,2026-09-30T19:14:28.931968+00:00,2026-09-29,,NO,d5e4b33c544926f25e59aea27b39ac563ca9775597f5672dbd4bd354d0b9fc86
TH-ENRICH-TX-SENIOR-2026-09-30-IDR2,TX|HHSC|TX_ICF_IID|007221,TX_ICF_IID,007221,139,SUNSET COMMUNITY RESIDENCE,ICF/IID,YES,YES,BURNET,313 SUNSET DRIVE,BURNET,TX,78611,20548d8398104d2a882cd018fff31786ccc77c4412b6874d5e1fada31ca02ab1,https://apps.hhs.texas.gov/providers/directories/ICFIID.xlsx,2026-09-30T19:14:28.931968+00:00,2026-09-29,,NO,ff8f122583e06b06cafee49140831a0145a24779ee0b7d881ae24e1450d53c33
TH-ENRICH-TX-SENIOR-2026-09-30-IDR2,TX|HHSC|TX_ICF_IID|003763,TX_ICF_IID,003763,140,BURNET COUNTY COMMUNITY RESIDENCE,ICF/IID,YES,YES,BURNET,1513 BLUEBONNET,MARBLE FALLS,TX,78654,20548d8398104d2a882cd018fff31786ccc77c4412b6874d5e1fada31ca02ab1,https://apps.hhs.texas.gov/providers/directories/ICFIID.xlsx,2026-09-30T19:14:28.931968+00:00,2026-09-29,,NO,3c0e40e66a12d93d7ca5265a4fc288e15639f1fe4488a913a9c81ab7d24df0b5
TH-ENRICH-TX-SENIOR-2026-09-30-IDR2,TX|HHSC|TX_ICF_IID|003949,TX_ICF_IID,003949,141,EDUCARE COMMUNITY LIVING LIMITED PARTNERSHIP,ICF/IID,YES,YES,CALDWELL,1501 SUNRISE TER DR,LOCKHART,TX,78644,20548d8398104d2a882cd018fff31786ccc77c4412b6874d5e1fada31ca02ab1,https://apps.hhs.texas.gov/providers/directories/ICFIID.xlsx,2026-09-30T19:14:28.931968+00:00,2026-09-29,,NO,84203e589306617d10dc7d77b9e86f533a34ff9859701c0e77106dc5f88b4417
TH-ENRICH-TX-SENIOR-2026-09-30-IDR2,TX|HHSC|TX_ICF_IID|007559,TX_ICF_IID,007559,142,EDUCARE COMMUNITY LIVING CORPORATION  TEXAS,ICF/IID,YES,YES,CAMERON,8 CASA LINDA,BROWNSVILLE,TX,78521,20548d8398104d2a882cd018fff31786ccc77c4412b6874d5e1fada31ca02ab1,https://apps.hhs.texas.gov/providers/directories/ICFIID.xlsx,2026-09-30T19:14:28.931968+00:00,2026-09-29,,NO,96da8e17dd6c5d1c4209fdc96bae4e19ca5f15e8d1a9ed4fb39b9d5950fe6510
TH-ENRICH-TX-SENIOR-2026-09-30-IDR2,TX|HHSC|TX_ICF_IID|003983,TX_ICF_IID,003983,143,EAST WASHINGTON COMMUNITY HOME,ICF/IID,YES,YES,CAMERON,1907 E. WASHINGTON AVE,HARLINGEN,TX,78550,20548d8398104d2a882cd018fff31786ccc77c4412b6874d5e1fada31ca02ab1,https://apps.hhs.texas.gov/providers/directories/ICFIID.xlsx,2026-09-30T19:14:28.931968+00:00,2026-09-29,,NO,ead0fe699fa6b47b2eb73cef1b6f310c7d8bea35050928587da684647910772f
TH-ENRICH-TX-SENIOR-2026-09-30-IDR2,TX|HHSC|TX_ICF_IID|003954,TX_ICF_IID,003954,144,EDUCARE COMMUNITY LIVING LIMITED PARTNERSHIP,ICF/IID,YES,YES,CAMERON,133 W DOMINION,HARLINGEN,TX,78550-3825,20548d8398104d2a882cd018fff31786ccc77c4412b6874d5e1fada31ca02ab1,https://apps.hhs.texas.gov/providers/directories/ICFIID.xlsx,2026-09-30T19:14:28.931968+00:00,2026-09-29,,NO,121392aeb85698bc2559aa430f1e580118784797a65de2b7345a2df7bb7d5879
TH-ENRICH-TX-SENIOR-2026-09-30-IDR2,TX|HHSC|TX_ICF_IID|007244,TX_ICF_IID,007244,145,EDUCARE COMMUNITY LIVING LIMITED PARTNERSHIP,ICF/IID,YES,YES,CAMERON,2214 ADRIAN ST,HARLINGEN,TX,78550-7411,20548d8398104d2a882cd018fff31786ccc77c4412b6874d5e1fada31ca02ab1,https://apps.hhs.texas.gov/providers/directories/ICFIID.xlsx,2026-09-30T19:14:28.931968+00:00,2026-09-29,,NO,5da0321e02dabcc8e7fb085255152efdf74f643b70446db24f0e62480d667f55
TH-ENRICH-TX-SENIOR-2026-09-30-IDR2,TX|HHSC|TX_ICF_IID|007236,TX_ICF_IID,007236,146,MARIPOSA COMMUNITY HOME,ICF/IID,YES,YES,CAMERON,2505 MARIPOSA,HARLINGEN,TX,78550-7853,20548d8398104d2a882cd018fff31786ccc77c4412b6874d5e1fada31ca02ab1,https://apps.hhs.texas.gov/providers/directories/ICFIID.xlsx,2026-09-30T19:14:28.931968+00:00,2026-09-29,,NO,47b42c5cc38589f77a92553123cacae954bab7285833ca72fdd25b87cfc019a8
TH-ENRICH-TX-SENIOR-2026-09-30-IDR2,TX|HHSC|TX_ICF_IID|007112,TX_ICF_IID,007112,147,RIO GRANDE STATE CENTER,ICF/IID,NO,YES,CAMERON,1401 S RANGERVILLE RD,HARLINGEN,TX,78552,20548d8398104d2a882cd018fff31786ccc77c4412b6874d5e1fada31ca02ab1,https://apps.hhs.texas.gov/providers/directories/ICFIID.xlsx,2026-09-30T19:14:28.931968+00:00,2026-09-29,,NO,a4a9e54a67a90ba21386509f03f5b9847cfee9d078eeb13f6b428e6fc13ab1f0
TH-ENRICH-TX-SENIOR-2026-09-30-IDR2,TX|HHSC|TX_ICF_IID|003979,TX_ICF_IID,003979,148,EDUCARE COMMUNITY LIVING LIMITED PARTNERSHIP,ICF/IID,YES,YES,CAMERON,580 N SAM HOUSTON BLVD,SAN BENITO,TX,78586-4669,20548d8398104d2a882cd018fff31786ccc77c4412b6874d5e1fada31ca02ab1,https://apps.hhs.texas.gov/providers/directories/ICFIID.xlsx,2026-09-30T19:14:28.931968+00:00,2026-09-29,,NO,e97598dc8ca7d99c2d128630e3981dc720967d9b69fd34c4e1dae648380775d9
TH-ENRICH-TX-SENIOR-2026-09-30-IDR2,TX|HHSC|TX_ICF_IID|003699,TX_ICF_IID,003699,149,EVERGREEN CHOCTAW COMMUNITY HOME,ICF/IID,YES,YES,CASS,1313 CHOCTAW,ATLANTA,TX,75551,20548d8398104d2a882cd018fff31786ccc77c4412b6874d5e1fada31ca02ab1,https://apps.hhs.texas.gov/providers/directories/ICFIID.xlsx,2026-09-30T19:14:28.931968+00:00,2026-09-29,,NO,993fede0dc47cce2880e8b11a68918c8aa7b5489b0f44e759c2d09a8625693c7
TH-ENRICH-TX-SENIOR-2026-09-30-IDR2,TX|HHSC|TX_ICF_IID|007432,TX_ICF_IID,007432,150,EVERGREEN CLEARVIEW COMMUNITY HOME,ICF/IID,YES,YES,CASS,101 CLEARVIEW,ATLANTA,TX,75551,20548d8398104d2a882cd018fff31786ccc77c4412b6874d5e1fada31ca02ab1,https://apps.hhs.texas.gov/providers/directories/ICFIID.xlsx,2026-09-30T19:14:28.931968+00:00,2026-09-29,,NO,ec54275ace08377944d8253d3babff46bc9e80c549d21f8cfaeb0b7ab8c7dc0f
TH-ENRICH-TX-SENIOR-2026-09-30-IDR2,TX|HHSC|TX_ICF_IID|010279,TX_ICF_IID,010279,151,ATCHISON GROUP HOME,ICF/IID,YES,YES,CHEROKEE,RR 2 BOX 796514 CR 4204,JACKSONVILLE,TX,75766,20548d8398104d2a882cd018fff31786ccc77c4412b6874d5e1fada31ca02ab1,https://apps.hhs.texas.gov/providers/directories/ICFIID.xlsx,2026-09-30T19:14:28.931968+00:00,2026-09-29,,NO,da6b796a7931068f664aed34e06127cd2d41f153b90b1452dae27b5d862865fa
TH-ENRICH-TX-SENIOR-2026-09-30-IDR2,TX|HHSC|TX_ICF_IID|010278,TX_ICF_IID,010278,152,DOGWOOD GROUP HOME,ICF/IID,YES,YES,CHEROKEE,432 DOGWOOD ST,JACKSONVILLE,TX,75766,20548d8398104d2a882cd018fff31786ccc77c4412b6874d5e1fada31ca02ab1,https://apps.hhs.texas.gov/providers/directories/ICFIID.xlsx,2026-09-30T19:14:28.931968+00:00,2026-09-29,,NO,e8870dac6651197a847ab4e2a428fee1b525c8fcef08642e3a75493691410682
TH-ENRICH-TX-SENIOR-2026-09-30-IDR2,TX|HHSC|TX_ICF_IID|010355,TX_ICF_IID,010355,153,SAN ANTONIO GROUP HOME,ICF/IID,YES,YES,CHEROKEE,602 DALLAS STREET,JACKSONVILLE,TX,75766,20548d8398104d2a882cd018fff31786ccc77c4412b6874d5e1fada31ca02ab1,https://apps.hhs.texas.gov/providers/directories/ICFIID.xlsx,2026-09-30T19:14:28.931968+00:00,2026-09-29,,NO,7173afc52fd78e0eba6dcbf7449343d36102be85318bb8808800d822e68e63c1
TH-ENRICH-TX-SENIOR-2026-09-30-IDR2,TX|HHSC|TX_ICF_IID|007648,TX_ICF_IID,007648,154,FOREST HILLS GROUP HOME,ICF/IID,NO,YES,CHEROKEE,803 SHARON ST,RUSK,TX,75785,20548d8398104d2a882cd018fff31786ccc77c4412b6874d5e1fada31ca02ab1,https://apps.hhs.texas.gov/providers/directories/ICFIID.xlsx,2026-09-30T19:14:28.931968+00:00,2026-09-29,,NO,e2c88d1c1d237d303f491a1b62fab91367c136d68446e409db64a0807335dab2
TH-ENRICH-TX-SENIOR-2026-09-30-IDR2,TX|HHSC|TX_ICF_IID|007649,TX_ICF_IID,007649,155,PECAN GROVE HOME,ICF/IID,NO,YES,CHEROKEE,619 E FOURTH ST,RUSK,TX,75785,20548d8398104d2a882cd018fff31786ccc77c4412b6874d5e1fada31ca02ab1,https://apps.hhs.texas.gov/providers/directories/ICFIID.xlsx,2026-09-30T19:14:28.931968+00:00,2026-09-29,,NO,cf44c2c95a8e0445693b33129f969e311f7db19cf1c27b02e8f494c39b95a652
TH-ENRICH-TX-SENIOR-2026-09-30-IDR2,TX|HHSC|TX_ICF_IID|007402,TX_ICF_IID,007402,156,EDUCARE COMMUNITY LIVING LIMITED PARTNERSHIP,ICF/IID,YES,YES,COLLIN,3700 GRIFBRICK,PLANO,TX,75075-1514,20548d8398104d2a882cd018fff31786ccc77c4412b6874d5e1fada31ca02ab1,https://apps.hhs.texas.gov/providers/directories/ICFIID.xlsx,2026-09-30T19:14:28.931968+00:00,2026-09-29,,NO,0ea44046040a8b59e796695bd451f222652c441cbd4ab320d18d8a4a4b25c893
TH-ENRICH-TX-SENIOR-2026-09-30-IDR2,TX|HHSC|TX_ICF_IID|007421,TX_ICF_IID,007421,157,EDUCARE COMMUNITY LIVING LIMITED PARTNERSHIP,ICF/IID,YES,YES,COLLIN,2900 PORT O CALL,PLANO,TX,75075,20548d8398104d2a882cd018fff31786ccc77c4412b6874d5e1fada31ca02ab1,https://apps.hhs.texas.gov/providers/directories/ICFIID.xlsx,2026-09-30T19:14:28.931968+00:00,2026-09-29,,NO,78afe39009e0ca93c9b26471b8920ff7928856b8c2eb8ae2cb3c10f599bbf9fe
TH-ENRICH-TX-SENIOR-2026-09-30-IDR2,TX|HHSC|TX_ICF_IID|007493,TX_ICF_IID,007493,158,EDUCARE COMMUNITY LIVING LIMITED PARTNERSHIP,ICF/IID,YES,YES,COLLIN,957 LONGHORN DR,PLANO,TX,75023,20548d8398104d2a882cd018fff31786ccc77c4412b6874d5e1fada31ca02ab1,https://apps.hhs.texas.gov/providers/directories/ICFIID.xlsx,2026-09-30T19:14:28.931968+00:00,2026-09-29,,NO,970ed5f652a02ac6238429a1fa9c40db18769d3d6f75b3a7fbd0121ae6531b97
TH-ENRICH-TX-SENIOR-2026-09-30-IDR2,TX|HHSC|TX_ICF_IID|003993,TX_ICF_IID,003993,159,WEIMAR COMMUNITY RESIDENCE,ICF/IID,YES,YES,COLORADO,104 W. ST. CHARLES,WEIMAR,TEXAS,78962,20548d8398104d2a882cd018fff31786ccc77c4412b6874d5e1fada31ca02ab1,https://apps.hhs.texas.gov/providers/directories/ICFIID.xlsx,2026-09-30T19:14:28.931968+00:00,2026-09-29,,NO,c2cb11a7326192ac269b083746d1fc7feb78d75bdb0fc61da12f2b14a981a557
TH-ENRICH-TX-SENIOR-2026-09-30-IDR2,TX|HHSC|TX_ICF_IID|003997,TX_ICF_IID,003997,160,EARL HOUSE,ICF/IID,YES,YES,COMAL,926 EARL DR,NEW BRAUNFELS,TX,78130,20548d8398104d2a882cd018fff31786ccc77c4412b6874d5e1fada31ca02ab1,https://apps.hhs.texas.gov/providers/directories/ICFIID.xlsx,2026-09-30T19:14:28.931968+00:00,2026-09-29,,NO,d9f2b4bf2238495b1efe5717b9f1651967d3d67cccddfb790cf65c1aeb9ac8b2
TH-ENRICH-TX-SENIOR-2026-09-30-IDR2,TX|HHSC|TX_ICF_IID|007233,TX_ICF_IID,007233,161,MARIGOLD HOUSE,ICF/IID,YES,YES,COMAL,1639 MARIGOLD,NEW BRAUNFELS,TX,78130,20548d8398104d2a882cd018fff31786ccc77c4412b6874d5e1fada31ca02ab1,https://apps.hhs.texas.gov/providers/directories/ICFIID.xlsx,2026-09-30T19:14:28.931968+00:00,2026-09-29,,NO,53bf12de7cbea1db00030863e740ff31e02158d2d75427eefb6831007408cd0f
TH-ENRICH-TX-SENIOR-2026-09-30-IDR2,TX|HHSC|TX_ICF_IID|007232,TX_ICF_IID,007232,162,RAPIDS HOUSE,ICF/IID,YES,YES,COMAL,1220 RAPIDS RD,NEW BRAUNFELS,TX,78130,20548d8398104d2a882cd018fff31786ccc77c4412b6874d5e1fada31ca02ab1,https://apps.hhs.texas.gov/providers/directories/ICFIID.xlsx,2026-09-30T19:14:28.931968+00:00,2026-09-29,,NO,0af2964cb82aa98ed49e9cbd6c605f93050b06aeec1baa378118567b1b1b796d
TH-ENRICH-TX-SENIOR-2026-09-30-IDR2,TX|HHSC|TX_ICF_IID|003617,TX_ICF_IID,003617,163,TIMBERHILL HOUSE,ICF/IID,YES,YES,COMAL,1374 TIMBERHILL DRIVE,NEW BRAUNFELS,TX,78130,20548d8398104d2a882cd018fff31786ccc77c4412b6874d5e1fada31ca02ab1,https://apps.hhs.texas.gov/providers/directories/ICFIID.xlsx,2026-09-30T19:14:28.931968+00:00,2026-09-29,,NO,7ee9ac1010dfad398bca371dc7b9f0d547dec8edaa357592906f07694865fc25
TH-ENRICH-TX-SENIOR-2026-09-30-IDR2,TX|HHSC|TX_ICF_IID|104052,TX_ICF_IID,104052,164,ROLLING MEADOWS GROUP HOME,ICF/IID,YES,YES,COMAL,7419 OBBLIGATO,SAN ANTONIO,TX,78266,20548d8398104d2a882cd018fff31786ccc77c4412b6874d5e1fada31ca02ab1,https://apps.hhs.texas.gov/providers/directories/ICFIID.xlsx,2026-09-30T19:14:28.931968+00:00,2026-09-29,,NO,511d26393657c433ce1cbe41b265708c619d0f54c2e1595ae15a9e8cddf3df94
TH-ENRICH-TX-SENIOR-2026-09-30-IDR2,TX|HHSC|TX_ICF_IID|003950,TX_ICF_IID,003950,165,1515 NORTHLAND,ICF/IID,YES,YES,DALLAS,1515 NORTHLAND ST.,CARROLLTON,TX,75006,20548d8398104d2a882cd018fff31786ccc77c4412b6874d5e1fada31ca02ab1,https://apps.hhs.texas.gov/providers/directories/ICFIID.xlsx,2026-09-30T19:14:28.931968+00:00,2026-09-29,,NO,e3a188100134cec70df7304b3610249df4ea2559ca7141a3d768828b8cb7ce7f
TH-ENRICH-TX-SENIOR-2026-09-30-IDR2,TX|HHSC|TX_ICF_IID|003968,TX_ICF_IID,003968,166,2100 CEDAR,ICF/IID,YES,YES,DALLAS,2100 CEDAR CIR,CARROLLTON,TX,75006,20548d8398104d2a882cd018fff31786ccc77c4412b6874d5e1fada31ca02ab1,https://apps.hhs.texas.gov/providers/directories/ICFIID.xlsx,2026-09-30T19:14:28.931968+00:00,2026-09-29,,NO,5dd3048ae18866102210dcc95ed3208dcd045cb612e97403b90ddc7e9ba247cf
TH-ENRICH-TX-SENIOR-2026-09-30-IDR2,TX|HHSC|TX_ICF_IID|111970,TX_ICF_IID,111970,167,2321 GREENMEADOW,ICF/IID,YES,YES,DALLAS,2321 GREENMEADOW DR,CARROLLTON,TX,75006,20548d8398104d2a882cd018fff31786ccc77c4412b6874d5e1fada31ca02ab1,https://apps.hhs.texas.gov/providers/directories/ICFIID.xlsx,2026-09-30T19:14:28.931968+00:00,2026-09-29,,NO,3dca51648b005092daf70293c90db73aee5dd3c2e0ed2f6218486f834df0a7b9
TH-ENRICH-TX-SENIOR-2026-09-30-IDR2,TX|HHSC|TX_ICF_IID|100368,TX_ICF_IID,100368,168,14 FERRIS CREEK,ICF/IID,YES,YES,DALLAS,9814 FERRIS CREEK,DALLAS,TX,75243,20548d8398104d2a882cd018fff31786ccc77c4412b6874d5e1fada31ca02ab1,https://apps.hhs.texas.gov/providers/directories/ICFIID.xlsx,2026-09-30T19:14:28.931968+00:00,2026-09-29,,NO,1404fa850d345367f3a4dc25fe4a4ee89d1285b6822c56c065810f2be83489a6
TH-ENRICH-TX-SENIOR-2026-09-30-IDR2,TX|HHSC|TX_ICF_IID|100939,TX_ICF_IID,100939,169,23 FERRIS CREEK,ICF/IID,YES,YES,DALLAS,12323 FERRIS CREEK LN,DALLAS,TX,75243,20548d8398104d2a882cd018fff31786ccc77c4412b6874d5e1fada31ca02ab1,https://apps.hhs.texas.gov/providers/directories/ICFIID.xlsx,2026-09-30T19:14:28.931968+00:00,2026-09-29,,NO,7bfab91f336d6f1f908c6d06ecbd02ec61c8064b3d13e6067966280b5f590a37
TH-ENRICH-TX-SENIOR-2026-09-30-IDR2,TX|HHSC|TX_ICF_IID|010175,TX_ICF_IID,010175,170,27 FERRIS CREEK,ICF/IID,YES,YES,DALLAS,12327 FERRIS CREEK LANE,DALLAS,TX,75243,20548d8398104d2a882cd018fff31786ccc77c4412b6874d5e1fada31ca02ab1,https://apps.hhs.texas.gov/providers/directories/ICFIID.xlsx,2026-09-30T19:14:28.931968+00:00,2026-09-29,,NO,14ddb84fcd8ecb49ccac42cb3a3dc9e461d203a5096a1055075dde43cc23b212
TH-ENRICH-TX-SENIOR-2026-09-30-IDR2,TX|HHSC|TX_ICF_IID|007321,TX_ICF_IID,007321,171,‎6520 BRADDOCK PLACE‎,ICF/IID,YES,YES,DALLAS,6520 BRADDOCK PLACE,DALLAS,TX,75232,20548d8398104d2a882cd018fff31786ccc77c4412b6874d5e1fada31ca02ab1,https://apps.hhs.texas.gov/providers/directories/ICFIID.xlsx,2026-09-30T19:14:28.931968+00:00,2026-09-29,,NO,2e33399d0a04675af250d5c053383c9238f974e709b08ad2fd19e1f9fe2397c8
TH-ENRICH-TX-SENIOR-2026-09-30-IDR2,TX|HHSC|TX_ICF_IID|003796,TX_ICF_IID,003796,172,EDUCARE COMMUNITY LIVING CORPORATION  TEXAS,ICF/IID,YES,YES,DALLAS,14163 HAYMEADOW DR,DALLAS,TX,75240,20548d8398104d2a882cd018fff31786ccc77c4412b6874d5e1fada31ca02ab1,https://apps.hhs.texas.gov/providers/directories/ICFIID.xlsx,2026-09-30T19:14:28.931968+00:00,2026-09-29,,NO,042b1cdae2febf0e3af65e84af1bada51a775f58d45be997845d5e914d95ccf8
TH-ENRICH-TX-SENIOR-2026-09-30-IDR2,TX|HHSC|TX_ICF_IID|003835,TX_ICF_IID,003835,173,EDUCARE COMMUNITY LIVING CORPORATION  TEXAS,ICF/IID,YES,YES,DALLAS,14255 HAYMEADOW DR,DALLAS,TX,75240,20548d8398104d2a882cd018fff31786ccc77c4412b6874d5e1fada31ca02ab1,https://apps.hhs.texas.gov/providers/directories/ICFIID.xlsx,2026-09-30T19:14:28.931968+00:00,2026-09-29,,NO,13775c13b37885fb907082a1293d6cb4a9372f0b63ca64b480cb81f433bcd182
TH-ENRICH-TX-SENIOR-2026-09-30-IDR2,TX|HHSC|TX_ICF_IID|007374,TX_ICF_IID,007374,174,EDUCARE COMMUNITY LIVING CORPORATION  TEXAS,ICF/IID,YES,YES,DALLAS,3111 LEHARVE,DALLAS,TX,75211,20548d8398104d2a882cd018fff31786ccc77c4412b6874d5e1fada31ca02ab1,https://apps.hhs.texas.gov/providers/directories/ICFIID.xlsx,2026-09-30T19:14:28.931968+00:00,2026-09-29,,NO,980863086d0a3ad0af5f715e0e1d0966c20a48cff3e2370372b7796e2ee800ef
TH-ENRICH-TX-SENIOR-2026-09-30-IDR2,TX|HHSC|TX_ICF_IID|003756,TX_ICF_IID,003756,175,EDUCARE COMMUNITY LIVING CORPORATION  TEXAS,ICF/IID,YES,YES,DALLAS,5922 LEWISBURG LANE,DALLAS,TX,75237,20548d8398104d2a882cd018fff31786ccc77c4412b6874d5e1fada31ca02ab1,https://apps.hhs.texas.gov/providers/directories/ICFIID.xlsx,2026-09-30T19:14:28.931968+00:00,2026-09-29,,NO,8c72dd7ef29a531333f0dfa614ca7e29a688c51089104985c63233c132edbc8f
TH-ENRICH-TX-SENIOR-2026-09-30-IDR2,TX|HHSC|TX_ICF_IID|003783,TX_ICF_IID,003783,176,HENRY HOUSE,ICF/IID,YES,YES,DALLAS,7153 PINEBERRY,DALLAS,TX,75249,20548d8398104d2a882cd018fff31786ccc77c4412b6874d5e1fada31ca02ab1,https://apps.hhs.texas.gov/providers/directories/ICFIID.xlsx,2026-09-30T19:14:28.931968+00:00,2026-09-29,,NO,4e1b8758eea993162bc18c1c4f50629335c5de696d5c3f0afd16969f6b9e7452
TH-ENRICH-TX-SENIOR-2026-09-30-IDR2,TX|HHSC|TX_ICF_IID|100362,TX_ICF_IID,100362,177,JUBILEE HOUSE,ICF/IID,YES,YES,DALLAS,3108 JUBILEE TR,DALLAS,TEXAS,75229,20548d8398104d2a882cd018fff31786ccc77c4412b6874d5e1fada31ca02ab1,https://apps.hhs.texas.gov/providers/directories/ICFIID.xlsx,2026-09-30T19:14:28.931968+00:00,2026-09-29,,NO,4e1d92e7af3e8610f671c265e400994bdb1625423df085a60ca9d0630f72bcd1
TH-ENRICH-TX-SENIOR-2026-09-30-IDR2,TX|HHSC|TX_ICF_IID|104764,TX_ICF_IID,104764,178,ST NICHOLAS OPERATIONS LLC,ICF/IID,YES,YES,DALLAS,4612 HEATHERBROOK DR,DALLAS,TX,75244,20548d8398104d2a882cd018fff31786ccc77c4412b6874d5e1fada31ca02ab1,https://apps.hhs.texas.gov/providers/directories/ICFIID.xlsx,2026-09-30T19:14:28.931968+00:00,2026-09-29,,NO,584adaa2f24c441e9726042682c96e164af1b74a9f5fb87b381bfabdccbb6522
TH-ENRICH-TX-SENIOR-2026-09-30-IDR2,TX|HHSC|TX_ICF_IID|104122,TX_ICF_IID,104122,179,DAYBREAK MEADOW HILL GROUP HOME,ICF/IID,YES,YES,DALLAS,517 MEADOW HILL,DESOTO,TX,75115,20548d8398104d2a882cd018fff31786ccc77c4412b6874d5e1fada31ca02ab1,https://apps.hhs.texas.gov/providers/directories/ICFIID.xlsx,2026-09-30T19:14:28.931968+00:00,2026-09-29,,NO,1b10fe7dc40e02030b9584149e0d91660f85f631bf6ddf2deff8cd9f75a613e5
TH-ENRICH-TX-SENIOR-2026-09-30-IDR2,TX|HHSC|TX_ICF_IID|104131,TX_ICF_IID,104131,180,DEVONSHIRE HOME,ICF/IID,YES,YES,DALLAS,1225 DEVONSHIRE DRIVE,DESOTO,TX,75115,20548d8398104d2a882cd018fff31786ccc77c4412b6874d5e1fada31ca02ab1,https://apps.hhs.texas.gov/providers/directories/ICFIID.xlsx,2026-09-30T19:14:28.931968+00:00,2026-09-29,,NO,0fd1206b7b505c44ae9e05a5dcf2fa0bdbb78e04f7e5dea014bebcc5ca7133d4
TH-ENRICH-TX-SENIOR-2026-09-30-IDR2,TX|HHSC|TX_ICF_IID|007252,TX_ICF_IID,007252,181,LIVE OAK,ICF/IID,YES,YES,DALLAS,812 LIVE OAK,DESOTO,TX,75115,20548d8398104d2a882cd018fff31786ccc77c4412b6874d5e1fada31ca02ab1,https://apps.hhs.texas.gov/providers/directories/ICFIID.xlsx,2026-09-30T19:14:28.931968+00:00,2026-09-29,,NO,e780cbbb2e954f828c6e60050b8d71766dd3b67d914146ce2e50bf87bd7f418b
TH-ENRICH-TX-SENIOR-2026-09-30-IDR2,TX|HHSC|TX_ICF_IID|007651,TX_ICF_IID,007651,182,PRAIRIE CREEK,ICF/IID,YES,YES,DALLAS,920 PRAIRIE CREEK DR,DESOTO,TX,75115,20548d8398104d2a882cd018fff31786ccc77c4412b6874d5e1fada31ca02ab1,https://apps.hhs.texas.gov/providers/directories/ICFIID.xlsx,2026-09-30T19:14:28.931968+00:00,2026-09-29,,NO,ed205ca366e1d5106db763629692b8165271ebaea2c857fd8e02b63cc05ab77a
TH-ENRICH-TX-SENIOR-2026-09-30-IDR2,TX|HHSC|TX_ICF_IID|007652,TX_ICF_IID,007652,183,TATE,ICF/IID,YES,YES,DALLAS,525 TATE DR,DESOTO,TX,75115,20548d8398104d2a882cd018fff31786ccc77c4412b6874d5e1fada31ca02ab1,https://apps.hhs.texas.gov/providers/directories/ICFIID.xlsx,2026-09-30T19:14:28.931968+00:00,2026-09-29,,NO,b216c4718836eae4f396b75b4ec093456a618990ce410a2f0dbc8b2a704ffd5c
TH-ENRICH-TX-SENIOR-2026-09-30-IDR2,TX|HHSC|TX_ICF_IID|003890,TX_ICF_IID,003890,184,VALLEY GLEN,ICF/IID,YES,YES,DALLAS,219 VALLEY GLEN,DESOTO,TX,75115,20548d8398104d2a882cd018fff31786ccc77c4412b6874d5e1fada31ca02ab1,https://apps.hhs.texas.gov/providers/directories/ICFIID.xlsx,2026-09-30T19:14:28.931968+00:00,2026-09-29,,NO,9c455def06fa3a569b5a79bb3c2ea8d720f83d510183f60fd4d5a60ff4871a30
TH-ENRICH-TX-SENIOR-2026-09-30-IDR2,TX|HHSC|TX_ICF_IID|003846,TX_ICF_IID,003846,185,EDUCARE COMMUNITY LIVING CORPORATION  TEXAS,ICF/IID,YES,YES,DALLAS,402 W VINYARD,DUNCANVILLE,TEXAS,75137,20548d8398104d2a882cd018fff31786ccc77c4412b6874d5e1fada31ca02ab1,https://apps.hhs.texas.gov/providers/directories/ICFIID.xlsx,2026-09-30T19:14:28.931968+00:00,2026-09-29,,NO,84fbd29f8ef501727a4a3b8fa16bd72e81e9eb4a885635540788decd4345286f
TH-ENRICH-TX-SENIOR-2026-09-30-IDR2,TX|HHSC|TX_ICF_IID|007644,TX_ICF_IID,007644,186,EVERGREEN HIDDEN COURT COMMUNITY HOME,ICF/IID,YES,YES,DALLAS,5322 HIDDEN CT,GARLAND,TX,75043,20548d8398104d2a882cd018fff31786ccc77c4412b6874d5e1fada31ca02ab1,https://apps.hhs.texas.gov/providers/directories/ICFIID.xlsx,2026-09-30T19:14:28.931968+00:00,2026-09-29,,NO,dde046a7681469acb2c242820957be42385a4f5ef363b44a51fbd14758859ecf
TH-ENRICH-TX-SENIOR-2026-09-30-IDR2,TX|HHSC|TX_ICF_IID|007812,TX_ICF_IID,007812,187,EVERGREEN LIGHTHOUSE COMMUNITY HOME,ICF/IID,YES,YES,DALLAS,1205 WENDELL WAY,GARLAND,TX,75043,20548d8398104d2a882cd018fff31786ccc77c4412b6874d5e1fada31ca02ab1,https://apps.hhs.texas.gov/providers/directories/ICFIID.xlsx,2026-09-30T19:14:28.931968+00:00,2026-09-29,,NO,b74497d7f31a495dab542a952f082a7258711b40528506f863aebd73475e0ff6
TH-ENRICH-TX-SENIOR-2026-09-30-IDR2,TX|HHSC|TX_ICF_IID|007640,TX_ICF_IID,007640,188,EVERGREEN PEBBLECREEK COMMUNITY HOME,ICF/IID,YES,YES,DALLAS,530 PEBBLECREEK DR,GARLAND,TX,75041,20548d8398104d2a882cd018fff31786ccc77c4412b6874d5e1fada31ca02ab1,https://apps.hhs.texas.gov/providers/directories/ICFIID.xlsx,2026-09-30T19:14:28.931968+00:00,2026-09-29,,NO,c0441d3e949f181c694f962ffd3dbf22871c2f95816a37a1d261106c200729a1
TH-ENRICH-TX-SENIOR-2026-09-30-IDR2,TX|HHSC|TX_ICF_IID|007813,TX_ICF_IID,007813,189,EVERGREEN PYRAMID COMMUNITY HOME,ICF/IID,YES,YES,DALLAS,706 PYRAMID,GARLAND,TX,75040,20548d8398104d2a882cd018fff31786ccc77c4412b6874d5e1fada31ca02ab1,https://apps.hhs.texas.gov/providers/directories/ICFIID.xlsx,2026-09-30T19:14:28.931968+00:00,2026-09-29,,NO,e1d3e72602749cb6f7beefee22d9bb79ed7c264b4966afa46987ef89a2f999b3
TH-ENRICH-TX-SENIOR-2026-09-30-IDR2,TX|HHSC|TX_ICF_IID|007621,TX_ICF_IID,007621,190,"KNOLL POINT PLACE, LLC",ICF/IID,YES,YES,DALLAS,3446 KNOLL POINT DR,GARLAND,TX,75043,20548d8398104d2a882cd018fff31786ccc77c4412b6874d5e1fada31ca02ab1,https://apps.hhs.texas.gov/providers/directories/ICFIID.xlsx,2026-09-30T19:14:28.931968+00:00,2026-09-29,,NO,1b397754a588db301bb71b807a96c75a3072b9036bafcfafbb06fe2a51173b52
TH-ENRICH-TX-SENIOR-2026-09-30-IDR2,TX|HHSC|TX_ICF_IID|007404,TX_ICF_IID,007404,191,TRINITY MANOR,ICF/IID,YES,YES,DALLAS,2813 COUNTRY VALLEY RD,GARLAND,TX,75043,20548d8398104d2a882cd018fff31786ccc77c4412b6874d5e1fada31ca02ab1,https://apps.hhs.texas.gov/providers/directories/ICFIID.xlsx,2026-09-30T19:14:28.931968+00:00,2026-09-29,,NO,7d04b3645ab9c7f8011b6cf4159951142a00d0c58b1785a02eb7ab4e767ee4fb
TH-ENRICH-TX-SENIOR-2026-09-30-IDR2,TX|HHSC|TX_ICF_IID|007333,TX_ICF_IID,007333,192,1102 FORT SCOTT TRAIL,ICF/IID,YES,YES,DALLAS,1102 FORT SCOTT TRAIL,GRAND PRAIRIE,TX,75052,20548d8398104d2a882cd018fff31786ccc77c4412b6874d5e1fada31ca02ab1,https://apps.hhs.texas.gov/providers/directories/ICFIID.xlsx,2026-09-30T19:14:28.931968+00:00,2026-09-29,,NO,6ac87d16b4697abfc9a77a4508468b1e988c7c5dfe41dbccba872658b904657a
TH-ENRICH-TX-SENIOR-2026-09-30-IDR2,TX|HHSC|TX_ICF_IID|007266,TX_ICF_IID,007266,193,3502 GLENDA,ICF/IID,YES,YES,DALLAS,3502 GLENDA,GRAND PRAIRIE,TX,75051,20548d8398104d2a882cd018fff31786ccc77c4412b6874d5e1fada31ca02ab1,https://apps.hhs.texas.gov/providers/directories/ICFIID.xlsx,2026-09-30T19:14:28.931968+00:00,2026-09-29,,NO,9e0005c112e0e0fe88fb2ae6ed91a07f2df437f4315870719ab16147c322a33a
TH-ENRICH-TX-SENIOR-2026-09-30-IDR2,TX|HHSC|TX_ICF_IID|007531,TX_ICF_IID,007531,194,AMICUS AT WOODSIDE,ICF/IID,YES,YES,DALLAS,2213 WOODSIDE DRIVE,GRAND PRAIRIE,TX,75052,20548d8398104d2a882cd018fff31786ccc77c4412b6874d5e1fada31ca02ab1,https://apps.hhs.texas.gov/providers/directories/ICFIID.xlsx,2026-09-30T19:14:28.931968+00:00,2026-09-29,,NO,75f7d1871fd256c0e0910dfc2c5837ec7158db54c3e088d05b68b997f6211f4f
TH-ENRICH-TX-SENIOR-2026-09-30-IDR2,TX|HHSC|TX_ICF_IID|007615,TX_ICF_IID,007615,195,EDUCARE COMMUNITY LIVING CORPORATION  TEXAS,ICF/IID,YES,YES,DALLAS,4925 EMBERS TRAIL,GRAND PRAIRIE,TX,75052,20548d8398104d2a882cd018fff31786ccc77c4412b6874d5e1fada31ca02ab1,https://apps.hhs.texas.gov/providers/directories/ICFIID.xlsx,2026-09-30T19:14:28.931968+00:00,2026-09-29,,NO,4e8f9b7069c1b962d1d0920746453e7e3d25c511cf39d8016b64ddd8eefae82c
TH-ENRICH-TX-SENIOR-2026-09-30-IDR2,TX|HHSC|TX_ICF_IID|007614,TX_ICF_IID,007614,196,EDUCARE COMMUNITY LIVING CORPORATION  TEXAS,ICF/IID,YES,YES,DALLAS,4333 COVENTRY DR,GRAND PRAIRIE,TX,75052,20548d8398104d2a882cd018fff31786ccc77c4412b6874d5e1fada31ca02ab1,https://apps.hhs.texas.gov/providers/directories/ICFIID.xlsx,2026-09-30T19:14:28.931968+00:00,2026-09-29,,NO,fe775fe42a8ae653e2bb6d0e0dc0139ead8ffd474c38af9940af09228fac6816
TH-ENRICH-TX-SENIOR-2026-09-30-IDR2,TX|HHSC|TX_ICF_IID|003736,TX_ICF_IID,003736,197,EDUCARE COMMUNITY LIVING CORPORATION  TEXAS,ICF/IID,YES,YES,DALLAS,2616 ALAN A DALE,IRVING,TX,75061,20548d8398104d2a882cd018fff31786ccc77c4412b6874d5e1fada31ca02ab1,https://apps.hhs.texas.gov/providers/directories/ICFIID.xlsx,2026-09-30T19:14:28.931968+00:00,2026-09-29,,NO,56da87afe7765b1888a75ffc1a9e7cdc18bd20bb311822d662d2a5846031c17c
TH-ENRICH-TX-SENIOR-2026-09-30-IDR2,TX|HHSC|TX_ICF_IID|007641,TX_ICF_IID,007641,198,EDUCARE COMMUNITY LIVING CORPORATION  TEXAS,ICF/IID,YES,YES,DALLAS,917 APPLE TREE CT,IRVING,TX,75061,20548d8398104d2a882cd018fff31786ccc77c4412b6874d5e1fada31ca02ab1,https://apps.hhs.texas.gov/providers/directories/ICFIID.xlsx,2026-09-30T19:14:28.931968+00:00,2026-09-29,,NO,b969cb35d0cb386d8457d81c1de29a1be84399760ad90a3ce7da333ba57196b8
TH-ENRICH-TX-SENIOR-2026-09-30-IDR2,TX|HHSC|TX_ICF_IID|007642,TX_ICF_IID,007642,199,EDUCARE COMMUNITY LIVING CORPORATION  TEXAS,ICF/IID,YES,YES,DALLAS,1829 ANNA DR,IRVING,TX,75061,20548d8398104d2a882cd018fff31786ccc77c4412b6874d5e1fada31ca02ab1,https://apps.hhs.texas.gov/providers/directories/ICFIID.xlsx,2026-09-30T19:14:28.931968+00:00,2026-09-29,,NO,c87deee0971f5e36299ccf4620d127fa12c5b3b53612723834549c71a08f53a7
TH-ENRICH-TX-SENIOR-2026-09-30-IDR2,TX|HHSC|TX_ICF_IID|007503,TX_ICF_IID,007503,200,EDUCARE COMMUNITY LIVING LIMITED PARTNERSHIP,ICF/IID,YES,YES,DALLAS,1701 RINDIE ST,IRVING,TX,75060,20548d8398104d2a882cd018fff31786ccc77c4412b6874d5e1fada31ca02ab1,https://apps.hhs.texas.gov/providers/directories/ICFIID.xlsx,2026-09-30T19:14:28.931968+00:00,2026-09-29,,NO,cd03b7b8c395c5d4988b86693a28d806f59754d8798da2dd4b25f75f9d48f3b0
TH-ENRICH-TX-SENIOR-2026-09-30-IDR2,TX|HHSC|TX_ICF_IID|007810,TX_ICF_IID,007810,201,FULTON COMMUNITY HOME,ICF/IID,YES,YES,DALLAS,2501 CRESTVIEW,IRVING,TX,75062,20548d8398104d2a882cd018fff31786ccc77c4412b6874d5e1fada31ca02ab1,https://apps.hhs.texas.gov/providers/directories/ICFIID.xlsx,2026-09-30T19:14:28.931968+00:00,2026-09-29,,NO,fc09492cbd5ca2bf6ed980689e30c592a86ccd112b9c12de6b15af2521d24397
TH-ENRICH-TX-SENIOR-2026-09-30-IDR2,TX|HHSC|TX_ICF_IID|007497,TX_ICF_IID,007497,202,MAYKUS COMMUNITY HOME,ICF/IID,YES,YES,DALLAS,600 MAYKUS CT,IRVING,TX,75061,20548d8398104d2a882cd018fff31786ccc77c4412b6874d5e1fada31ca02ab1,https://apps.hhs.texas.gov/providers/directories/ICFIID.xlsx,2026-09-30T19:14:28.931968+00:00,2026-09-29,,NO,18b1aa8ab3298d971ee5069eb960330111ed24ac122dbacaa9293e4e3f37ec8d
TH-ENRICH-TX-SENIOR-2026-09-30-IDR2,TX|HHSC|TX_ICF_IID|003947,TX_ICF_IID,003947,203,BARRY LANE,ICF/IID,YES,YES,DALLAS,234 BARRY LANE,LANCASTER,TX,75146,20548d8398104d2a882cd018fff31786ccc77c4412b6874d5e1fada31ca02ab1,https://apps.hhs.texas.gov/providers/directories/ICFIID.xlsx,2026-09-30T19:14:28.931968+00:00,2026-09-29,,NO,576cfde3d9fb42cd0f384aa2961ac62d51dc5ae0b8b5d930818e01450dd839d5
TH-ENRICH-TX-SENIOR-2026-09-30-IDR2,TX|HHSC|TX_ICF_IID|003666,TX_ICF_IID,003666,204,WILLOWOOD,ICF/IID,YES,YES,DALLAS,731 WILLOWOOD,LANCASTER,TX,75146,20548d8398104d2a882cd018fff31786ccc77c4412b6874d5e1fada31ca02ab1,https://apps.hhs.texas.gov/providers/directories/ICFIID.xlsx,2026-09-30T19:14:28.931968+00:00,2026-09-29,,NO,ef56e6d57833736a3d4b5744a55a1539668260287517f0aed4a665fd2f0051ac
TH-ENRICH-TX-SENIOR-2026-09-30-IDR2,TX|HHSC|TX_ICF_IID|003620,TX_ICF_IID,003620,205,EASTBROOK HOUSE,ICF/IID,YES,YES,DALLAS,3313 EASTBROOK DR,MESQUITE,TX,75150,20548d8398104d2a882cd018fff31786ccc77c4412b6874d5e1fada31ca02ab1,https://apps.hhs.texas.gov/providers/directories/ICFIID.xlsx,2026-09-30T19:14:28.931968+00:00,2026-09-29,,NO,0cc01318f68cdd6cceff28e9f267891d10b127c4dbcc8b4d09dd40bd6166fd48
TH-ENRICH-TX-SENIOR-2026-09-30-IDR2,TX|HHSC|TX_ICF_IID|007645,TX_ICF_IID,007645,206,EVERGREEN ISLAND VIEW COMMUNITY HOME,ICF/IID,YES,YES,DALLAS,1901 ISLAND VIEW,MESQUITE,TX,75149,20548d8398104d2a882cd018fff31786ccc77c4412b6874d5e1fada31ca02ab1,https://apps.hhs.texas.gov/providers/directories/ICFIID.xlsx,2026-09-30T19:14:28.931968+00:00,2026-09-29,,NO,02e582e072013aeaa2e282da1d93ee5376aa83f6146c86a6cdc80538443806b7
TH-ENRICH-TX-SENIOR-2026-09-30-IDR2,TX|HHSC|TX_ICF_IID|007647,TX_ICF_IID,007647,207,EVERGREEN VALLEY CREEK COMMUNITY HOME,ICF/IID,YES,YES,DALLAS,907 VALLEYCREEK DR,MESQUITE,TX,75181,20548d8398104d2a882cd018fff31786ccc77c4412b6874d5e1fada31ca02ab1,https://apps.hhs.texas.gov/providers/directories/ICFIID.xlsx,2026-09-30T19:14:28.931968+00:00,2026-09-29,,NO,8ba2626379ac7b37e166b868921c02eb73f9907dc60d37153ca68dbd69d8ef27
TH-ENRICH-TX-SENIOR-2026-09-30-IDR2,TX|HHSC|TX_ICF_IID|003987,TX_ICF_IID,003987,208,HARMAN HOUSE,ICF/IID,YES,YES,DALLAS,4237 ASHWOOD DR,MESQUITE,TX,75150,20548d8398104d2a882cd018fff31786ccc77c4412b6874d5e1fada31ca02ab1,https://apps.hhs.texas.gov/providers/directories/ICFIID.xlsx,2026-09-30T19:14:28.931968+00:00,2026-09-29,,NO,4dd35e42535bab91d38dace88edbf9bb6fbcb3a80a8217f7956581027f922326
TH-ENRICH-TX-SENIOR-2026-09-30-IDR2,TX|HHSC|TX_ICF_IID|007280,TX_ICF_IID,007280,209,1509 VERSAILLES,ICF/IID,YES,YES,DALLAS,1509 VERSAILLES,RICHARDSON,TX,75081,20548d8398104d2a882cd018fff31786ccc77c4412b6874d5e1fada31ca02ab1,https://apps.hhs.texas.gov/providers/directories/ICFIID.xlsx,2026-09-30T19:14:28.931968+00:00,2026-09-29,,NO,077f19e0a69e565e4ac96f2d58c6e4121d07664385ccc4131ce76e3b49cd3284
TH-ENRICH-TX-SENIOR-2026-09-30-IDR2,TX|HHSC|TX_ICF_IID|003901,TX_ICF_IID,003901,210,1809 AUBURN,ICF/IID,YES,YES,DALLAS,1809 AUBURN,RICHARDSON,TX,75081,20548d8398104d2a882cd018fff31786ccc77c4412b6874d5e1fada31ca02ab1,https://apps.hhs.texas.gov/providers/directories/ICFIID.xlsx,2026-09-30T19:14:28.931968+00:00,2026-09-29,,NO,db92388863524abfc5f35e35e88009a1ca1347b5f9e580230a6208ce383cd6e3
TH-ENRICH-TX-SENIOR-2026-09-30-IDR2,TX|HHSC|TX_ICF_IID|007800,TX_ICF_IID,007800,211,ABILITY HOUSE,ICF/IID,YES,YES,DALLAS,615-617 WOODHAVEN PLACE,RICHARDSON,TEXAS,75080,20548d8398104d2a882cd018fff31786ccc77c4412b6874d5e1fada31ca02ab1,https://apps.hhs.texas.gov/providers/directories/ICFIID.xlsx,2026-09-30T19:14:28.931968+00:00,2026-09-29,,NO,2d8969920915341b1272427a14103f07bafe3e7ef009415c0927d534014d4bec
TH-ENRICH-TX-SENIOR-2026-09-30-IDR2,TX|HHSC|TX_ICF_IID|110326,TX_ICF_IID,110326,212,"AUTISTIC TREATMENT CENTER, INC",ICF/IID,YES,YES,DALLAS,406 FIELDWOOD DRIVE,RICHARDSON,TEXAS,75081,20548d8398104d2a882cd018fff31786ccc77c4412b6874d5e1fada31ca02ab1,https://apps.hhs.texas.gov/providers/directories/ICFIID.xlsx,2026-09-30T19:14:28.931968+00:00,2026-09-29,,NO,65c9484fd6cf9bb947a59f43f3363d8d6a3476a77dc528b35e6ce517fc9fb18f
TH-ENRICH-TX-SENIOR-2026-09-30-IDR2,TX|HHSC|TX_ICF_IID|003994,TX_ICF_IID,003994,213,WENTWORTH HOUSE,ICF/IID,YES,YES,DALLAS,642 WENTWORTH DR,RICHARDSON,TEXAS,75081,20548d8398104d2a882cd018fff31786ccc77c4412b6874d5e1fada31ca02ab1,https://apps.hhs.texas.gov/providers/directories/ICFIID.xlsx,2026-09-30T19:14:28.931968+00:00,2026-09-29,,NO,aa7ce06d93168b08fac84eb8e2aad0b7a7bf549819d77cdd72872b4737d023f7
TH-ENRICH-TX-SENIOR-2026-09-30-IDR2,TX|HHSC|TX_ICF_IID|007667,TX_ICF_IID,007667,214,BELL COMMUNITY RESIDENCE,ICF/IID,YES,YES,DENTON,2402 BERNARD,DENTON,TX,76205,20548d8398104d2a882cd018fff31786ccc77c4412b6874d5e1fada31ca02ab1,https://apps.hhs.texas.gov/providers/directories/ICFIID.xlsx,2026-09-30T19:14:28.931968+00:00,2026-09-29,,NO,413fa24e1a76721fa8c6d417ceddf1a764dd79d4984cd7600f0a6598c4c26a86
TH-ENRICH-TX-SENIOR-2026-09-30-IDR2,TX|HHSC|TX_ICF_IID|003922,TX_ICF_IID,003922,215,CANDLEBERRY,ICF/IID,YES,YES,DENTON,2721 THUNDERBIRD ST,DENTON,TX,76201,20548d8398104d2a882cd018fff31786ccc77c4412b6874d5e1fada31ca02ab1,https://apps.hhs.texas.gov/providers/directories/ICFIID.xlsx,2026-09-30T19:14:28.931968+00:00,2026-09-29,,NO,d35f43e7115cc54efe63a022e76a2fe11798322d747b91fd976197dc22f30506
TH-ENRICH-TX-SENIOR-2026-09-30-IDR2,TX|HHSC|TX_ICF_IID|007668,TX_ICF_IID,007668,216,CARTER COMMUNITY RESIDENCE,ICF/IID,YES,YES,DENTON,3805 CAMELOT,DENTON,TX,76209,20548d8398104d2a882cd018fff31786ccc77c4412b6874d5e1fada31ca02ab1,https://apps.hhs.texas.gov/providers/directories/ICFIID.xlsx,2026-09-30T19:14:28.931968+00:00,2026-09-29,,NO,b47514835a0eb53f0d49d8956f7969a26fb3f1b0f2fe8f869e41145ff3a73d06
TH-ENRICH-TX-SENIOR-2026-09-30-IDR2,TX|HHSC|TX_ICF_IID|007670,TX_ICF_IID,007670,217,DAVIS COMMUNITY RESIDENCE,ICF/IID,YES,YES,DENTON,1426 RUDDELL,DENTON,TX,76201,20548d8398104d2a882cd018fff31786ccc77c4412b6874d5e1fada31ca02ab1,https://apps.hhs.texas.gov/providers/directories/ICFIID.xlsx,2026-09-30T19:14:28.931968+00:00,2026-09-29,,NO,d47e447df962d5921955b5b8d72823974e55efed97066afd9607e0f09157968f
TH-ENRICH-TX-SENIOR-2026-09-30-IDR2,TX|HHSC|TX_ICF_IID|007102,TX_ICF_IID,007102,218,DENTON STATE SUPPORTED LIVING CENTER,ICF/IID,NO,YES,DENTON,3980 STATE SCHOOL RD,DENTON,TX,76210,20548d8398104d2a882cd018fff31786ccc77c4412b6874d5e1fada31ca02ab1,https://apps.hhs.texas.gov/providers/directories/ICFIID.xlsx,2026-09-30T19:14:28.931968+00:00,2026-09-29,,NO,1dc551860f72434af57d9e6b8c71502322f0a3424199fd95db85199be6910126
TH-ENRICH-TX-SENIOR-2026-09-30-IDR2,TX|HHSC|TX_ICF_IID|007206,TX_ICF_IID,007206,219,EDUCARE COMMUNITY LIVING CORPORATION  TEXAS,ICF/IID,YES,YES,DENTON,7501 RIVERCHASE TRL,DENTON,TX,76210,20548d8398104d2a882cd018fff31786ccc77c4412b6874d5e1fada31ca02ab1,https://apps.hhs.texas.gov/providers/directories/ICFIID.xlsx,2026-09-30T19:14:28.931968+00:00,2026-09-29,,NO,fda4b7869f05f6ff6b4ba2c9be88782e045eea89122ed3878f52ff74c83e14ae
TH-ENRICH-TX-SENIOR-2026-09-30-IDR2,TX|HHSC|TX_ICF_IID|007247,TX_ICF_IID,007247,220,EDUCARE COMMUNITY LIVING CORPORATIONTEXAS,ICF/IID,YES,YES,DENTON,3612 BIG HORN TRL,DENTON,TX,76210,20548d8398104d2a882cd018fff31786ccc77c4412b6874d5e1fada31ca02ab1,https://apps.hhs.texas.gov/providers/directories/ICFIID.xlsx,2026-09-30T19:14:28.931968+00:00,2026-09-29,,NO,641ccd767fab14fe97e5d8b584a513d3de162ce9926042c041373effabd5e0ee
TH-ENRICH-TX-SENIOR-2026-09-30-IDR2,TX|HHSC|TX_ICF_IID|007669,TX_ICF_IID,007669,221,NEWTON COMMUNITY RESIDENCE,ICF/IID,YES,YES,DENTON,3112 CEDAR HILL,DENTON,TX,76209,20548d8398104d2a882cd018fff31786ccc77c4412b6874d5e1fada31ca02ab1,https://apps.hhs.texas.gov/providers/directories/ICFIID.xlsx,2026-09-30T19:14:28.931968+00:00,2026-09-29,,NO,7705b79b3584c094c520a703e70af6a8447ed17eb39a3a857cddb77fd2a00f8d
TH-ENRICH-TX-SENIOR-2026-09-30-IDR2,TX|HHSC|TX_ICF_IID|007671,TX_ICF_IID,007671,222,OAKBEND COMMUNITY RESIDENCE,ICF/IID,YES,YES,DENTON,1430 N RUDDELL,DENTON,TX,76201,20548d8398104d2a882cd018fff31786ccc77c4412b6874d5e1fada31ca02ab1,https://apps.hhs.texas.gov/providers/directories/ICFIID.xlsx,2026-09-30T19:14:28.931968+00:00,2026-09-29,,NO,e8511c3ee4bb17653ba2cd67aae5752615f6dbf5fdcd7dc9ca0a666d0dd39945
TH-ENRICH-TX-SENIOR-2026-09-30-IDR2,TX|HHSC|TX_ICF_IID|007442,TX_ICF_IID,007442,223,OAKRIDGE GROUP HOME,ICF/IID,YES,YES,DENTON,2421 OAKRIDGE,DENTON,TX,76209,20548d8398104d2a882cd018fff31786ccc77c4412b6874d5e1fada31ca02ab1,https://apps.hhs.texas.gov/providers/directories/ICFIID.xlsx,2026-09-30T19:14:28.931968+00:00,2026-09-29,,NO,2c7134b95f6c545e4e1df215a010f7d0536009f31f6da74864faa292dc0fa4e8
TH-ENRICH-TX-SENIOR-2026-09-30-IDR2,TX|HHSC|TX_ICF_IID|003805,TX_ICF_IID,003805,224,SANDY OAKS I,ICF/IID,YES,YES,DENTON,1475 S TRINITY RD,DENTON,TX,76208,20548d8398104d2a882cd018fff31786ccc77c4412b6874d5e1fada31ca02ab1,https://apps.hhs.texas.gov/providers/directories/ICFIID.xlsx,2026-09-30T19:14:28.931968+00:00,2026-09-29,,NO,d378acb5614eff71c1726ea48824fc7eae09c2fccc5c756e96613ac51d153cb9
TH-ENRICH-TX-SENIOR-2026-09-30-IDR2,TX|HHSC|TX_ICF_IID|003837,TX_ICF_IID,003837,225,SANDY OAKS II,ICF/IID,YES,YES,DENTON,1475 S TRINITY RD,DENTON,TX,76208,20548d8398104d2a882cd018fff31786ccc77c4412b6874d5e1fada31ca02ab1,https://apps.hhs.texas.gov/providers/directories/ICFIID.xlsx,2026-09-30T19:14:28.931968+00:00,2026-09-29,,NO,2bc4f5eccfb8ededb5e1743f1c72a30b4fc7cb23b776f1bdcdee399ab4d732b2
TH-ENRICH-TX-SENIOR-2026-09-30-IDR2,TX|HHSC|TX_ICF_IID|003886,TX_ICF_IID,003886,226,EDUCARE COMMUNITY LIVING CORPORATION  TEXAS,ICF/IID,YES,YES,DENTON,50 N SHARON DR,KRUM,TX,76249,20548d8398104d2a882cd018fff31786ccc77c4412b6874d5e1fada31ca02ab1,https://apps.hhs.texas.gov/providers/directories/ICFIID.xlsx,2026-09-30T19:14:28.931968+00:00,2026-09-29,,NO,c61c2f20e832caa7186fb1127cbc232ec0cb50472dc429401d6725b6a23946ce
TH-ENRICH-TX-SENIOR-2026-09-30-IDR2,TX|HHSC|TX_ICF_IID|003894,TX_ICF_IID,003894,227,EDUCARE COMMUNITY LIVING CORPORATION  TEXAS,ICF/IID,YES,YES,DENTON,4520 MILLER ROAD,KRUM,TX,76249,20548d8398104d2a882cd018fff31786ccc77c4412b6874d5e1fada31ca02ab1,https://apps.hhs.texas.gov/providers/directories/ICFIID.xlsx,2026-09-30T19:14:28.931968+00:00,2026-09-29,,NO,c751619864685303dc82d2cb09166358c15af54702f6c4e4e024f3d229314baa
TH-ENRICH-TX-SENIOR-2026-09-30-IDR2,TX|HHSC|TX_ICF_IID|003640,TX_ICF_IID,003640,228,EDUCARE COMMUNITY LIVING CORPORATION  TEXAS,ICF/IID,YES,YES,DENTON,9554 RECTOR ROAD,SANGER,TX,76266,20548d8398104d2a882cd018fff31786ccc77c4412b6874d5e1fada31ca02ab1,https://apps.hhs.texas.gov/providers/directories/ICFIID.xlsx,2026-09-30T19:14:28.931968+00:00,2026-09-29,,NO,c95efa2a9d0075be5c3fdfad97321c00898f8327cdc0499269c503aaec191567
TH-ENRICH-TX-SENIOR-2026-09-30-IDR2,TX|HHSC|TX_ICF_IID|003814,TX_ICF_IID,003814,229,ROCK HOUSE SPRINGS,ICF/IID,YES,YES,EASTLAND,1105 LAGO VISTA,EASTLAND,TX,76448,20548d8398104d2a882cd018fff31786ccc77c4412b6874d5e1fada31ca02ab1,https://apps.hhs.texas.gov/providers/directories/ICFIID.xlsx,2026-09-30T19:14:28.931968+00:00,2026-09-29,,NO,2ae78007a291fe0dd1e4ae1c49745bcc4cf771393818edb795248214a0c8a9b1
TH-ENRICH-TX-SENIOR-2026-09-30-IDR2,TX|HHSC|TX_ICF_IID|007650,TX_ICF_IID,007650,230,ROCK HOUSE SPRINGS II,ICF/IID,YES,YES,EASTLAND,401 LENS,EASTLAND,TX,76448,20548d8398104d2a882cd018fff31786ccc77c4412b6874d5e1fada31ca02ab1,https://apps.hhs.texas.gov/providers/directories/ICFIID.xlsx,2026-09-30T19:14:28.931968+00:00,2026-09-29,,NO,2ce9382b44209585e3ae1c141d2a9b3c26e1e7934678a5f4162383faa5e3ed80
TH-ENRICH-TX-SENIOR-2026-09-30-IDR2,TX|HHSC|TX_ICF_IID|007116,TX_ICF_IID,007116,231,EL PASO STATE SUPPORTED LIVING CENTER,ICF/IID,NO,YES,EL PASO,6700 DELTA DRIVE,EL PASO,TX,79905,20548d8398104d2a882cd018fff31786ccc77c4412b6874d5e1fada31ca02ab1,https://apps.hhs.texas.gov/providers/directories/ICFIID.xlsx,2026-09-30T19:14:28.931968+00:00,2026-09-29,,NO,08d2fef1b36163fbbc0ff522f0f25b1f3be4fcfd6950dc121e8c2dabcc746fc7
TH-ENRICH-TX-SENIOR-2026-09-30-IDR2,TX|HHSC|TX_ICF_IID|003873,TX_ICF_IID,003873,232,NEW HOPE COMMUNITY LIVING III,ICF/IID,YES,YES,EL PASO,3204 DUNDEE ST,EL PASO,TX,79925,20548d8398104d2a882cd018fff31786ccc77c4412b6874d5e1fada31ca02ab1,https://apps.hhs.texas.gov/providers/directories/ICFIID.xlsx,2026-09-30T19:14:28.931968+00:00,2026-09-29,,NO,a3e26acbbd3626b69ac34daf4fe4b843723fbb7a8d8a066bc91494fc11ffa23f
TH-ENRICH-TX-SENIOR-2026-09-30-IDR2,TX|HHSC|TX_ICF_IID|003876,TX_ICF_IID,003876,233,NEW HOPE COMMUNITY LIVING IV,ICF/IID,YES,YES,EL PASO,11608 BLUEBONNET CT,EL PASO,TX,79936,20548d8398104d2a882cd018fff31786ccc77c4412b6874d5e1fada31ca02ab1,https://apps.hhs.texas.gov/providers/directories/ICFIID.xlsx,2026-09-30T19:14:28.931968+00:00,2026-09-29,,NO,c43f510aa38389751a060ae3d7ab97704f8f87dae638bcd9d3a8ece3f1fb66ba
TH-ENRICH-TX-SENIOR-2026-09-30-IDR2,TX|HHSC|TX_ICF_IID|003877,TX_ICF_IID,003877,234,NEW HOPE COMMUNITY LIVING V,ICF/IID,YES,YES,EL PASO,7721 INCA AVE,EL PASO,TX,79912,20548d8398104d2a882cd018fff31786ccc77c4412b6874d5e1fada31ca02ab1,https://apps.hhs.texas.gov/providers/directories/ICFIID.xlsx,2026-09-30T19:14:28.931968+00:00,2026-09-29,,NO,1ae681cff0a444b388eff87b2d543322efbff73aba152bb612ddaf1dfc5ff1bc
TH-ENRICH-TX-SENIOR-2026-09-30-IDR2,TX|HHSC|TX_ICF_IID|003932,TX_ICF_IID,003932,235,NEW HOPE COMMUNITY LIVING VI,ICF/IID,YES,YES,EL PASO,10520 SPRINGWOOD,EL PASO,TX,79936,20548d8398104d2a882cd018fff31786ccc77c4412b6874d5e1fada31ca02ab1,https://apps.hhs.texas.gov/providers/directories/ICFIID.xlsx,2026-09-30T19:14:28.931968+00:00,2026-09-29,,NO,f6693b129277ff2b608e32749c0fa70de29b7b27235eedf3a618a09b89096350
TH-ENRICH-TX-SENIOR-2026-09-30-IDR2,TX|HHSC|TX_ICF_IID|003958,TX_ICF_IID,003958,236,NEW HOPE COMMUNITY LIVING VII,ICF/IID,YES,YES,EL PASO,4216 LA ADELITA DR,EL PASO,TX,79922,20548d8398104d2a882cd018fff31786ccc77c4412b6874d5e1fada31ca02ab1,https://apps.hhs.texas.gov/providers/directories/ICFIID.xlsx,2026-09-30T19:14:28.931968+00:00,2026-09-29,,NO,7f4fafe93924649aa7e9692dd05310dfe1739e9b3e17ef26525256236c39f2b0
TH-ENRICH-TX-SENIOR-2026-09-30-IDR2,TX|HHSC|TX_ICF_IID|003614,TX_ICF_IID,003614,237,NEW HOPE COMMUNITY LIVING VIII,ICF/IID,YES,YES,EL PASO,7850 PECAN COURT,EL PASO,TX,79915,20548d8398104d2a882cd018fff31786ccc77c4412b6874d5e1fada31ca02ab1,https://apps.hhs.texas.gov/providers/directories/ICFIID.xlsx,2026-09-30T19:14:28.931968+00:00,2026-09-29,,NO,6351526dace389a4903d7d723269bb352e8ec7bd78991c6a40cee0d0785c15cf
TH-ENRICH-TX-SENIOR-2026-09-30-IDR2,TX|HHSC|TX_ICF_IID|007514,TX_ICF_IID,007514,238,AUBURN HOUSE,ICF/IID,YES,YES,ELLIS,115 AUBURN ST,WAXAHACHIE,TX,75165,20548d8398104d2a882cd018fff31786ccc77c4412b6874d5e1fada31ca02ab1,https://apps.hhs.texas.gov/providers/directories/ICFIID.xlsx,2026-09-30T19:14:28.931968+00:00,2026-09-29,,NO,0f425a0d133c176baea48e8b47870d2ea8cb95ffe302914ff4df03487d000621
TH-ENRICH-TX-SENIOR-2026-09-30-IDR2,TX|HHSC|TX_ICF_IID|007588,TX_ICF_IID,007588,239,BRANDON WAY HOUSE,ICF/IID,YES,YES,ELLIS,209 BRANDON WAY,WAXAHACHIE,TEXAS,75165,20548d8398104d2a882cd018fff31786ccc77c4412b6874d5e1fada31ca02ab1,https://apps.hhs.texas.gov/providers/directories/ICFIID.xlsx,2026-09-30T19:14:28.931968+00:00,2026-09-29,,NO,b45db914023ea89a33f95a36caba7244fc7180d166664016324e7a4e5d34a74a
TH-ENRICH-TX-SENIOR-2026-09-30-IDR2,TX|HHSC|TX_ICF_IID|007532,TX_ICF_IID,007532,240,BRYN MAWR HOUSE,ICF/IID,YES,YES,ELLIS,109 BRYN MAWR,WAXAHACHIE,TX,75165,20548d8398104d2a882cd018fff31786ccc77c4412b6874d5e1fada31ca02ab1,https://apps.hhs.texas.gov/providers/directories/ICFIID.xlsx,2026-09-30T19:14:28.931968+00:00,2026-09-29,,NO,dd534e82542309a0d005b0fd483ae150bb5718498041e0565a05f567ebf663d8
TH-ENRICH-TX-SENIOR-2026-09-30-IDR2,TX|HHSC|TX_ICF_IID|007592,TX_ICF_IID,007592,241,ROCK SPRINGS HOUSE,ICF/IID,YES,YES,ELLIS,206 ROCK SPRINGS,WAXAHACHIE,TX,75165,20548d8398104d2a882cd018fff31786ccc77c4412b6874d5e1fada31ca02ab1,https://apps.hhs.texas.gov/providers/directories/ICFIID.xlsx,2026-09-30T19:14:28.931968+00:00,2026-09-29,,NO,ce17fe997324fded41b67a27bd2e027bcdb8b1be403e1593764d1556b50ac546
TH-ENRICH-TX-SENIOR-2026-09-30-IDR2,TX|HHSC|TX_ICF_IID|007373,TX_ICF_IID,007373,242,EAST ROCK,ICF/IID,YES,YES,ERATH,1485 BLACKJACK,STEPHENVILLE,TX,76401,20548d8398104d2a882cd018fff31786ccc77c4412b6874d5e1fada31ca02ab1,https://apps.hhs.texas.gov/providers/directories/ICFIID.xlsx,2026-09-30T19:14:28.931968+00:00,2026-09-29,,NO,f6de8804659557443e662041c184b2d7eca2ab2f95dac15b840668017f57d135
TH-ENRICH-TX-SENIOR-2026-09-30-IDR2,TX|HHSC|TX_ICF_IID|007552,TX_ICF_IID,007552,243,HARBIN HOUSE,ICF/IID,YES,YES,ERATH,909 HARBIN DR,STEPHENVILLE,TX,76401,20548d8398104d2a882cd018fff31786ccc77c4412b6874d5e1fada31ca02ab1,https://apps.hhs.texas.gov/providers/directories/ICFIID.xlsx,2026-09-30T19:14:28.931968+00:00,2026-09-29,,NO,e4cda95c6611eec9c3ca220edece08abce1d87dd612fb954892805da93c44a69
TH-ENRICH-TX-SENIOR-2026-09-30-IDR2,TX|HHSC|TX_ICF_IID|003788,TX_ICF_IID,003788,244,NORTH ROCK 1,ICF/IID,YES,YES,ERATH,2250 LINGLEVILLE RD,STEPHENVILLE,TX,76401,20548d8398104d2a882cd018fff31786ccc77c4412b6874d5e1fada31ca02ab1,https://apps.hhs.texas.gov/providers/directories/ICFIID.xlsx,2026-09-30T19:14:28.931968+00:00,2026-09-29,,NO,9714e63d130ecb55f2119c35e5b3fceef5fb1fd84863f6636b682d182e83bfb6
TH-ENRICH-TX-SENIOR-2026-09-30-IDR2,TX|HHSC|TX_ICF_IID|003824,TX_ICF_IID,003824,245,NORTH ROCK 2,ICF/IID,YES,YES,ERATH,2248 LINGLEVILLE RD,STEPHENVILLE,TX,76401,20548d8398104d2a882cd018fff31786ccc77c4412b6874d5e1fada31ca02ab1,https://apps.hhs.texas.gov/providers/directories/ICFIID.xlsx,2026-09-30T19:14:28.931968+00:00,2026-09-29,,NO,348ca060ed1b56399738c3445a551396f98786715b06df9ee65496d1c512aabe
TH-ENRICH-TX-SENIOR-2026-09-30-IDR2,TX|HHSC|TX_ICF_IID|110358,TX_ICF_IID,110358,246,PARKER HOUSE,ICF/IID,YES,YES,ERATH,911 HARBIN DR,STEPHENVILLE,TX,76401,20548d8398104d2a882cd018fff31786ccc77c4412b6874d5e1fada31ca02ab1,https://apps.hhs.texas.gov/providers/directories/ICFIID.xlsx,2026-09-30T19:14:28.931968+00:00,2026-09-29,,NO,98a062dfde88f3d679fc64cd55e34d50df162d154814b83af43bd4f8c728a0e2
TH-ENRICH-TX-SENIOR-2026-09-30-IDR2,TX|HHSC|TX_ICF_IID|003761,TX_ICF_IID,003761,247,ROCK HOUSE,ICF/IID,YES,YES,ERATH,2254 LINGLEVILLE RD,STEPHENVILLE,TX,76401,20548d8398104d2a882cd018fff31786ccc77c4412b6874d5e1fada31ca02ab1,https://apps.hhs.texas.gov/providers/directories/ICFIID.xlsx,2026-09-30T19:14:28.931968+00:00,2026-09-29,,NO,7ea87481b21b0c0b2b40856b6e2f5cbd20bae5ad230bfd580ce014b6c87108fd
TH-ENRICH-TX-SENIOR-2026-09-30-IDR2,TX|HHSC|TX_ICF_IID|003766,TX_ICF_IID,003766,248,ROCK HOUSE 2,ICF/IID,YES,YES,ERATH,2326 DENMAN ST,STEPHENVILLE,TX,76401,20548d8398104d2a882cd018fff31786ccc77c4412b6874d5e1fada31ca02ab1,https://apps.hhs.texas.gov/providers/directories/ICFIID.xlsx,2026-09-30T19:14:28.931968+00:00,2026-09-29,,NO,d32ae051032f7b2b8a2fe8e90e22dfcbfa7bdd32d83b60807e8fda26d881949d
TH-ENRICH-TX-SENIOR-2026-09-30-IDR2,TX|HHSC|TX_ICF_IID|003682,TX_ICF_IID,003682,249,MAIN STREET COMMUNITY RESIDENCE,ICF/IID,YES,YES,FAYETTE,520 N. MAIN STREET,LA GRANGE,TX,78945,20548d8398104d2a882cd018fff31786ccc77c4412b6874d5e1fada31ca02ab1,https://apps.hhs.texas.gov/providers/directories/ICFIID.xlsx,2026-09-30T19:14:28.931968+00:00,2026-09-29,,NO,74c02e68de1ed6d1456bb9e2564ebcd0433ad54aeddeeb90dc04951e0e6393cc
TH-ENRICH-TX-SENIOR-2026-09-30-IDR2,TX|HHSC|TX_ICF_IID|110477,TX_ICF_IID,110477,250,MEADOW LANE COMMUNITY RESIDENCE,ICF/IID,YES,YES,FAYETTE,124 MEADOW LN,LA GRANGE,TX,78945,20548d8398104d2a882cd018fff31786ccc77c4412b6874d5e1fada31ca02ab1,https://apps.hhs.texas.gov/providers/directories/ICFIID.xlsx,2026-09-30T19:14:28.931968+00:00,2026-09-29,,NO,1b24175e2da1094ede06ed15878ecb95fbeee378e99770c3f63a84319cefafab
TH-ENRICH-TX-SENIOR-2026-09-30-IDR2,TX|HHSC|TX_ICF_IID|007227,TX_ICF_IID,007227,251,MONROE COMMUNITY RESIDENCE,ICF/IID,YES,YES,FAYETTE,842 N. MONROE,LA GRANGE,TX,78945,20548d8398104d2a882cd018fff31786ccc77c4412b6874d5e1fada31ca02ab1,https://apps.hhs.texas.gov/providers/directories/ICFIID.xlsx,2026-09-30T19:14:28.931968+00:00,2026-09-29,,NO,638069d901d212fa0b9e006123ae8c7e227bc514ae404fb8f35da15430d3f83f
TH-ENRICH-TX-SENIOR-2026-09-30-IDR2,TX|HHSC|TX_ICF_IID|003678,TX_ICF_IID,003678,252,SHADY LANE COMMUNITY RESIDENCE,ICF/IID,YES,YES,FAYETTE,542 EAST PECAN STREET,LA GRANGE,TX,78945,20548d8398104d2a882cd018fff31786ccc77c4412b6874d5e1fada31ca02ab1,https://apps.hhs.texas.gov/providers/directories/ICFIID.xlsx,2026-09-30T19:14:28.931968+00:00,2026-09-29,,NO,227abc765d9b8cd714987559ac5a4900fecd9297b02b1f32958a721d3ab3ee4e
TH-ENRICH-TX-SENIOR-2026-09-30-IDR2,TX|HHSC|TX_ICF_IID|007672,TX_ICF_IID,007672,253,FELICE SCHWARTZ COMMUNITY RESIDENCE,ICF/IID,YES,YES,FAYETTE,2011 W US HWY 90,SCHULENBURG,TX,78956,20548d8398104d2a882cd018fff31786ccc77c4412b6874d5e1fada31ca02ab1,https://apps.hhs.texas.gov/providers/directories/ICFIID.xlsx,2026-09-30T19:14:28.931968+00:00,2026-09-29,,NO,44637b83a7046705e747f397b6d782fc465562961a12dce27b409ef297a00fbe
TH-ENRICH-TX-SENIOR-2026-09-30-IDR2,TX|HHSC|TX_ICF_IID|007673,TX_ICF_IID,007673,254,HIRSCH SCHWARTZ COMMUNITY RESIDENCE,ICF/IID,YES,YES,FAYETTE,2021 W US HWY 90,SCHULENBURG,TX,78956,20548d8398104d2a882cd018fff31786ccc77c4412b6874d5e1fada31ca02ab1,https://apps.hhs.texas.gov/providers/directories/ICFIID.xlsx,2026-09-30T19:14:28.931968+00:00,2026-09-29,,NO,b4da7d5ae3f0f41ab079190a8ffd7fcd9b068e951c817233ab829fc048f754c8
TH-ENRICH-TX-SENIOR-2026-09-30-IDR2,TX|HHSC|TX_ICF_IID|007630,TX_ICF_IID,007630,255,JUSTICE HOUSE,ICF/IID,YES,YES,FAYETTE,706 JUSTICE RD,WEST POINT,TX,78963,20548d8398104d2a882cd018fff31786ccc77c4412b6874d5e1fada31ca02ab1,https://apps.hhs.texas.gov/providers/directories/ICFIID.xlsx,2026-09-30T19:14:28.931968+00:00,2026-09-29,,NO,ab0ba6a369ecc8cd01cc4e98b01c4a38ea6a44d4ff015be4f1ceabe15233ce61
TH-ENRICH-TX-SENIOR-2026-09-30-IDR2,TX|HHSC|TX_ICF_IID|007267,TX_ICF_IID,007267,256,ANGEL HOUSE I,ICF/IID,YES,YES,FISHER,410 RICHARD,ROTAN,TX,79546,20548d8398104d2a882cd018fff31786ccc77c4412b6874d5e1fada31ca02ab1,https://apps.hhs.texas.gov/providers/directories/ICFIID.xlsx,2026-09-30T19:14:28.931968+00:00,2026-09-29,,NO,f485d8e268fed0eb5d68c5c13286d4c95b0fd097fe6d987c27b933bfe9fe221f
TH-ENRICH-TX-SENIOR-2026-09-30-IDR2,TX|HHSC|TX_ICF_IID|007463,TX_ICF_IID,007463,257,ANGEL HOUSE II,ICF/IID,YES,YES,FISHER,712 E 6TH ST,ROTAN,TX,79546,20548d8398104d2a882cd018fff31786ccc77c4412b6874d5e1fada31ca02ab1,https://apps.hhs.texas.gov/providers/directories/ICFIID.xlsx,2026-09-30T19:14:28.931968+00:00,2026-09-29,,NO,ba0568798d7cbe3a4c21c3b05b0d9b40ae893fe52f3cf77fcfa3ff1064d44878
TH-ENRICH-TX-SENIOR-2026-09-30-IDR2,TX|HHSC|TX_ICF_IID|003656,TX_ICF_IID,003656,258,UCG  SOUTHMEADOW HOUSE,ICF/IID,YES,YES,FORT BEND,2814 WHISPERING CREEK,FRESNO,TX,77545,20548d8398104d2a882cd018fff31786ccc77c4412b6874d5e1fada31ca02ab1,https://apps.hhs.texas.gov/providers/directories/ICFIID.xlsx,2026-09-30T19:14:28.931968+00:00,2026-09-29,,NO,0cb65762bc98330c4f8fc50642d1054beef2fa25fe9538e08b9d4fdbc5391531
TH-ENRICH-TX-SENIOR-2026-09-30-IDR2,TX|HHSC|TX_ICF_IID|007521,TX_ICF_IID,007521,259,HOUSTON IN A VISION II,ICF/IID,YES,YES,FORT BEND,3203 CYPRESS POINT DRIVE,MISSOURI CITY,TX,77459,20548d8398104d2a882cd018fff31786ccc77c4412b6874d5e1fada31ca02ab1,https://apps.hhs.texas.gov/providers/directories/ICFIID.xlsx,2026-09-30T19:14:28.931968+00:00,2026-09-29,,NO,864274b8e601cfc9d21e5207539e8729b3bdb8012b60fe316ce3d88a7ad070c8
TH-ENRICH-TX-SENIOR-2026-09-30-IDR2,TX|HHSC|TX_ICF_IID|100346,TX_ICF_IID,100346,260,BTTC PIN OAK HOUSE,ICF/IID,NO,YES,FORT BEND,1818 COLLINS RD BLDG A,RICHMOND,TX,77469,20548d8398104d2a882cd018fff31786ccc77c4412b6874d5e1fada31ca02ab1,https://apps.hhs.texas.gov/providers/directories/ICFIID.xlsx,2026-09-30T19:14:28.931968+00:00,2026-09-29,,NO,66194f4319c03cbea01793e82416fcf1c9c45b47474ee96ff49f0642305c158c
TH-ENRICH-TX-SENIOR-2026-09-30-IDR2,TX|HHSC|TX_ICF_IID|100373,TX_ICF_IID,100373,261,BTTC WILLOW GLEN HOUSE,ICF/IID,NO,YES,FORT BEND,1818 COLLINS RD BLDG B,RICHMOND,TX,77469,20548d8398104d2a882cd018fff31786ccc77c4412b6874d5e1fada31ca02ab1,https://apps.hhs.texas.gov/providers/directories/ICFIID.xlsx,2026-09-30T19:14:28.931968+00:00,2026-09-29,,NO,b8d82d1a90303d41cceb0c478146d0b8051c0c9c209bc643b210b74973625686
TH-ENRICH-TX-SENIOR-2026-09-30-IDR2,TX|HHSC|TX_ICF_IID|007106,TX_ICF_IID,007106,262,RICHMOND STATE SUPPORTED LIVING CENTER,ICF/IID,NO,YES,FORT BEND,2100 PRESTON ROAD,RICHMOND,TX,77469,20548d8398104d2a882cd018fff31786ccc77c4412b6874d5e1fada31ca02ab1,https://apps.hhs.texas.gov/providers/directories/ICFIID.xlsx,2026-09-30T19:14:28.931968+00:00,2026-09-29,,NO,5554e3d5aa1452c38337d6b2ca70b2dd3062a8f2f5f83a71b6a48f2a788c1d37
TH-ENRICH-TX-SENIOR-2026-09-30-IDR2,TX|HHSC|TX_ICF_IID|003921,TX_ICF_IID,003921,263,EDUCARE COMMUNITY LIVING CORPORATIONGULF COAST,ICF/IID,YES,YES,GALVESTON,1813 VALERO,FRIENDSWOOD,TX,77546,20548d8398104d2a882cd018fff31786ccc77c4412b6874d5e1fada31ca02ab1,https://apps.hhs.texas.gov/providers/directories/ICFIID.xlsx,2026-09-30T19:14:28.931968+00:00,2026-09-29,,NO,f148c30e449c48fbf36aac4e36ac45d3aab0f06d12c98a40f6ea13e48557935a
TH-ENRICH-TX-SENIOR-2026-09-30-IDR2,TX|HHSC|TX_ICF_IID|003781,TX_ICF_IID,003781,264,EDUCARE COMMUNITY LIVING LIMITED PARTNERSHIP,ICF/IID,YES,YES,GONZALES,310 DEWITT ST,GONZALES,TX,78629-4210,20548d8398104d2a882cd018fff31786ccc77c4412b6874d5e1fada31ca02ab1,https://apps.hhs.texas.gov/providers/directories/ICFIID.xlsx,2026-09-30T19:14:28.931968+00:00,2026-09-29,,NO,2d6635ad439c850a889716c7aa60135d430a9c4d5ecbc6ca5832b5b7c1e0ff22
TH-ENRICH-TX-SENIOR-2026-09-30-IDR2,TX|HHSC|TX_ICF_IID|007653,TX_ICF_IID,007653,265,GONZALES COUNTY COMMUNITY RESIDENCE,ICF/IID,YES,YES,GONZALES,3221 HWY 87 WEST,SMILEY,TX,78159,20548d8398104d2a882cd018fff31786ccc77c4412b6874d5e1fada31ca02ab1,https://apps.hhs.texas.gov/providers/directories/ICFIID.xlsx,2026-09-30T19:14:28.931968+00:00,2026-09-29,,NO,d07fe45e36ae612334252051cb5a27aff93cd1157d926823a0c1addced993372
TH-ENRICH-TX-SENIOR-2026-09-30-IDR2,TX|HHSC|TX_ICF_IID|007268,TX_ICF_IID,007268,266,SMILEY COMMUNITY RESIDENCE,ICF/IID,YES,YES,GONZALES,282 FM 3234,SMILEY,TX,78159,20548d8398104d2a882cd018fff31786ccc77c4412b6874d5e1fada31ca02ab1,https://apps.hhs.texas.gov/providers/directories/ICFIID.xlsx,2026-09-30T19:14:28.931968+00:00,2026-09-29,,NO,bdea7fda3a0a652a89aa6095e9cfbd63314191db6300848d884827c544188802
TH-ENRICH-TX-SENIOR-2026-09-30-IDR2,TX|HHSC|TX_ICF_IID|101455,TX_ICF_IID,101455,267,EVERGREEN CARRIAGE ESTATES COMMUNITY HOME,ICF/IID,YES,YES,GRAYSON,2304 CARRIAGE ESTATES ROAD,SHERMAN,TX,75092,20548d8398104d2a882cd018fff31786ccc77c4412b6874d5e1fada31ca02ab1,https://apps.hhs.texas.gov/providers/directories/ICFIID.xlsx,2026-09-30T19:14:28.931968+00:00,2026-09-29,,NO,f7865c179c692e16cb50c3f60b29e1ceb262b4849f5580e5af86b482c34fd8d3
TH-ENRICH-TX-SENIOR-2026-09-30-IDR2,TX|HHSC|TX_ICF_IID|101453,TX_ICF_IID,101453,268,EVERGREEN NORTHBROOK COMMUNITY HOME,ICF/IID,YES,YES,GRAYSON,1732 NORTHBROOK,SHERMAN,TX,75092,20548d8398104d2a882cd018fff31786ccc77c4412b6874d5e1fada31ca02ab1,https://apps.hhs.texas.gov/providers/directories/ICFIID.xlsx,2026-09-30T19:14:28.931968+00:00,2026-09-29,,NO,e7645b83b38e4b9c0489ef5b08f5848401b933090b8297f4a7fa86fe4c498881
TH-ENRICH-TX-SENIOR-2026-09-30-IDR2,TX|HHSC|TX_ICF_IID|007492,TX_ICF_IID,007492,269,MONTE CARLO COMMUNITY HOME,ICF/IID,YES,YES,GREGG,12 MONTE CARLO,GLADEWATER,TX,75647,20548d8398104d2a882cd018fff31786ccc77c4412b6874d5e1fada31ca02ab1,https://apps.hhs.texas.gov/providers/directories/ICFIID.xlsx,2026-09-30T19:14:28.931968+00:00,2026-09-29,,NO,d45f5097c133e0cc5a89d14bdc7c638962559eeeb3fe064c436feda2e86a1d2c
TH-ENRICH-TX-SENIOR-2026-09-30-IDR2,TX|HHSC|TX_ICF_IID|007572,TX_ICF_IID,007572,270,TENERY STREET COMMUNITY HOME,ICF/IID,YES,YES,GREGG,502 TENERY ST,GLADEWATER,TX,75647,20548d8398104d2a882cd018fff31786ccc77c4412b6874d5e1fada31ca02ab1,https://apps.hhs.texas.gov/providers/directories/ICFIID.xlsx,2026-09-30T19:14:28.931968+00:00,2026-09-29,,NO,e9a49e87ba532e69b678c277d31505581e20b088a429d56babf295775d7e7480
TH-ENRICH-TX-SENIOR-2026-09-30-IDR2,TX|HHSC|TX_ICF_IID|007293,TX_ICF_IID,007293,271,WOODBINE COMMUNITY HOME,ICF/IID,YES,YES,GREGG,2402 WOODBINE,GLADEWATER,TX,75647,20548d8398104d2a882cd018fff31786ccc77c4412b6874d5e1fada31ca02ab1,https://apps.hhs.texas.gov/providers/directories/ICFIID.xlsx,2026-09-30T19:14:28.931968+00:00,2026-09-29,,NO,04ded32635773fe48486509dba5d99d125955732039060491ecd845ee2102a4f
TH-ENRICH-TX-SENIOR-2026-09-30-IDR2,TX|HHSC|TX_ICF_IID|007541,TX_ICF_IID,007541,272,R & K BARBER INC,ICF/IID,YES,YES,GREGG,805 SCEYNE,KILGORE,TX,75662,20548d8398104d2a882cd018fff31786ccc77c4412b6874d5e1fada31ca02ab1,https://apps.hhs.texas.gov/providers/directories/ICFIID.xlsx,2026-09-30T19:14:28.931968+00:00,2026-09-29,,NO,506eb4f3ad4f12c17635c1939180444227949fc14de0565fdd504ea1a566a350
TH-ENRICH-TX-SENIOR-2026-09-30-IDR2,TX|HHSC|TX_ICF_IID|007431,TX_ICF_IID,007431,273,S&H HOMES INC,ICF/IID,YES,YES,GREGG,3009 ROYAL DR,KILGORE,TX,75662,20548d8398104d2a882cd018fff31786ccc77c4412b6874d5e1fada31ca02ab1,https://apps.hhs.texas.gov/providers/directories/ICFIID.xlsx,2026-09-30T19:14:28.931968+00:00,2026-09-29,,NO,4ab69d7e7d256f7ea15b208d64658fbd9c0b3a7f729d9d21c8530f586ccb84e2
TH-ENRICH-TX-SENIOR-2026-09-30-IDR2,TX|HHSC|TX_ICF_IID|007608,TX_ICF_IID,007608,274,CHAD COMMUNITY HOME,ICF/IID,YES,YES,GREGG,1202 CHAD,LONGVIEW,TX,75604,20548d8398104d2a882cd018fff31786ccc77c4412b6874d5e1fada31ca02ab1,https://apps.hhs.texas.gov/providers/directories/ICFIID.xlsx,2026-09-30T19:14:28.931968+00:00,2026-09-29,,NO,d9cc0751db0cb9cf3b3250a8477113fdabacdc40b481a43ba3de091758dd3122
TH-ENRICH-TX-SENIOR-2026-09-30-IDR2,TX|HHSC|TX_ICF_IID|007229,TX_ICF_IID,007229,275,EVERGREEN SPRING HILL COMMUNITY HOME,ICF/IID,YES,YES,GREGG,225 SYBLE LN,LONGVIEW,TX,75605,20548d8398104d2a882cd018fff31786ccc77c4412b6874d5e1fada31ca02ab1,https://apps.hhs.texas.gov/providers/directories/ICFIID.xlsx,2026-09-30T19:14:28.931968+00:00,2026-09-29,,NO,f518ff8da613f85d22ff0c2d54920711c2636b7f9a72c6e04a019df03219fe26
TH-ENRICH-TX-SENIOR-2026-09-30-IDR2,TX|HHSC|TX_ICF_IID|007261,TX_ICF_IID,007261,276,HARMONY HOUSE I I,ICF/IID,YES,YES,GREGG,1012 EAGLE HILL TRAIL,LONGVIEW,TX,75601,20548d8398104d2a882cd018fff31786ccc77c4412b6874d5e1fada31ca02ab1,https://apps.hhs.texas.gov/providers/directories/ICFIID.xlsx,2026-09-30T19:14:28.931968+00:00,2026-09-29,,NO,fbf32be5fd26d21305ec355544a7071c8e62b8d624013ea20a05faaa4a6f2244
TH-ENRICH-TX-SENIOR-2026-09-30-IDR2,TX|HHSC|TX_ICF_IID|007255,TX_ICF_IID,007255,277,HONEYSUCKLE COMMUNITY HOME,ICF/IID,YES,YES,GREGG,9 HONEYSUCKLE,LONGVIEW,TX,75604,20548d8398104d2a882cd018fff31786ccc77c4412b6874d5e1fada31ca02ab1,https://apps.hhs.texas.gov/providers/directories/ICFIID.xlsx,2026-09-30T19:14:28.931968+00:00,2026-09-29,,NO,496c0eecc60a39d3acfebb224bd1a8897f7a442cf9e2e06755f28543f351f0e1
TH-ENRICH-TX-SENIOR-2026-09-30-IDR2,TX|HHSC|TX_ICF_IID|007587,TX_ICF_IID,007587,278,MARTIN COMMUNITY HOME,ICF/IID,YES,YES,GREGG,2809 CLENDENEN,LONGVIEW,TX,75605,20548d8398104d2a882cd018fff31786ccc77c4412b6874d5e1fada31ca02ab1,https://apps.hhs.texas.gov/providers/directories/ICFIID.xlsx,2026-09-30T19:14:28.931968+00:00,2026-09-29,,NO,4e1b182f322f578a02cbb3ca8486ae4428c223edce5b2598e67c73b9e6a5c665
TH-ENRICH-TX-SENIOR-2026-09-30-IDR2,TX|HHSC|TX_ICF_IID|007495,TX_ICF_IID,007495,279,MELTON HOUSE,ICF/IID,YES,YES,GREGG,517 MELTON,LONGVIEW,TX,75602,20548d8398104d2a882cd018fff31786ccc77c4412b6874d5e1fada31ca02ab1,https://apps.hhs.texas.gov/providers/directories/ICFIID.xlsx,2026-09-30T19:14:28.931968+00:00,2026-09-29,,NO,47dc1489c9e331c662f19fe9996cd892aab033a8393e76057a6095b001e4fb7d
TH-ENRICH-TX-SENIOR-2026-09-30-IDR2,TX|HHSC|TX_ICF_IID|007297,TX_ICF_IID,007297,280,THELMA COMMUNITY HOME,ICF/IID,YES,YES,GREGG,1009 THELMA,LONGVIEW,TX,75604,20548d8398104d2a882cd018fff31786ccc77c4412b6874d5e1fada31ca02ab1,https://apps.hhs.texas.gov/providers/directories/ICFIID.xlsx,2026-09-30T19:14:28.931968+00:00,2026-09-29,,NO,40000387846546bdcaa90bbf32a58e568b47369815dd2ade433eecb4710337e6
TH-ENRICH-TX-SENIOR-2026-09-30-IDR2,TX|HHSC|TX_ICF_IID|003765,TX_ICF_IID,003765,281,TUPELO HOUSE,ICF/IID,YES,YES,GREGG,511 TUPELO,LONGVIEW,TX,75601,20548d8398104d2a882cd018fff31786ccc77c4412b6874d5e1fada31ca02ab1,https://apps.hhs.texas.gov/providers/directories/ICFIID.xlsx,2026-09-30T19:14:28.931968+00:00,2026-09-29,,NO,d3cf1afbf74e3fdb96d8312630c951eed463770cefd5a2250f4c31d57e152485
TH-ENRICH-TX-SENIOR-2026-09-30-IDR2,TX|HHSC|TX_ICF_IID|003611,TX_ICF_IID,003611,282,BESS HOUSE,ICF/IID,YES,YES,GUADALUPE,157 BESS STREET,NEW BRAUNFELS,TX,78130,20548d8398104d2a882cd018fff31786ccc77c4412b6874d5e1fada31ca02ab1,https://apps.hhs.texas.gov/providers/directories/ICFIID.xlsx,2026-09-30T19:14:28.931968+00:00,2026-09-29,,NO,63ccbfb2bf57b7725984a96f47217b7487b0e8f8589618d472346c6fe5be28e3
TH-ENRICH-TX-SENIOR-2026-09-30-IDR2,TX|HHSC|TX_ICF_IID|003943,TX_ICF_IID,003943,283,1622 WILLOW,ICF/IID,YES,YES,GUADALUPE,1622 WILLOW LANE,SEGUIN,TX,78155,20548d8398104d2a882cd018fff31786ccc77c4412b6874d5e1fada31ca02ab1,https://apps.hhs.texas.gov/providers/directories/ICFIID.xlsx,2026-09-30T19:14:28.931968+00:00,2026-09-29,,NO,75b185f1f645153e1cc35706c6b67415d3e3a543b29c46beed40ece4bc21971d
TH-ENRICH-TX-SENIOR-2026-09-30-IDR2,TX|HHSC|TX_ICF_IID|003999,TX_ICF_IID,003999,284,974 E CEDAR,ICF/IID,YES,YES,GUADALUPE,974 E CEDAR,SEGUIN,TX,78155,20548d8398104d2a882cd018fff31786ccc77c4412b6874d5e1fada31ca02ab1,https://apps.hhs.texas.gov/providers/directories/ICFIID.xlsx,2026-09-30T19:14:28.931968+00:00,2026-09-29,,NO,1023a9dedfd7e226e7402a66f7dcca05f150cbfe786a1036510df4e9909cbb7e
TH-ENRICH-TX-SENIOR-2026-09-30-IDR2,TX|HHSC|TX_ICF_IID|003786,TX_ICF_IID,003786,285,CASA GUADALUPE I,ICF/IID,YES,YES,GUADALUPE,957 KUNKEL ST,SEGUIN,TX,78155,20548d8398104d2a882cd018fff31786ccc77c4412b6874d5e1fada31ca02ab1,https://apps.hhs.texas.gov/providers/directories/ICFIID.xlsx,2026-09-30T19:14:28.931968+00:00,2026-09-29,,NO,6fd1fcadc8e50d30a2da94f20bd0edd1e857ce8ab711551341d0fe48d2c59818
TH-ENRICH-TX-SENIOR-2026-09-30-IDR2,TX|HHSC|TX_ICF_IID|003830,TX_ICF_IID,003830,286,CASA GUADALUPE II,ICF/IID,YES,YES,GUADALUPE,936 ZUNKER STREET,SEGUIN,TX,78155,20548d8398104d2a882cd018fff31786ccc77c4412b6874d5e1fada31ca02ab1,https://apps.hhs.texas.gov/providers/directories/ICFIID.xlsx,2026-09-30T19:14:28.931968+00:00,2026-09-29,,NO,d61f6ced5b55322ec5ef35a7f1c5d4b065fb427b404cbff66f3b9c243b8b11b6
TH-ENRICH-TX-SENIOR-2026-09-30-IDR2,TX|HHSC|TX_ICF_IID|007394,TX_ICF_IID,007394,287,EDUCARE COMMUNITY LIVING CORPORATION  TEXAS,ICF/IID,YES,YES,GUADALUPE,1427 DOVE LN,SEGUIN,TX,78155,20548d8398104d2a882cd018fff31786ccc77c4412b6874d5e1fada31ca02ab1,https://apps.hhs.texas.gov/providers/directories/ICFIID.xlsx,2026-09-30T19:14:28.931968+00:00,2026-09-29,,NO,22e1f12fbb696329da3fa5798bc4aa62e3e83113b875378900951c6d90724211
TH-ENRICH-TX-SENIOR-2026-09-30-IDR2,TX|HHSC|TX_ICF_IID|003627,TX_ICF_IID,003627,288,RIVER OAK,ICF/IID,YES,YES,GUADALUPE,1005 RIVER OAK DR,SEGUIN,TX,78155,20548d8398104d2a882cd018fff31786ccc77c4412b6874d5e1fada31ca02ab1,https://apps.hhs.texas.gov/providers/directories/ICFIID.xlsx,2026-09-30T19:14:28.931968+00:00,2026-09-29,,NO,3529eebeededb9d8a21b6d0e0b3a23a146c2193b77960d367a3e5ea2eb47599d
TH-ENRICH-TX-SENIOR-2026-09-30-IDR2,TX|HHSC|TX_ICF_IID|007250,TX_ICF_IID,007250,289,COUNCIL OAKS AT PHOENIX,ICF/IID,YES,YES,GUADALUPE,8418 PHOENIX,SELMA,TX,78154,20548d8398104d2a882cd018fff31786ccc77c4412b6874d5e1fada31ca02ab1,https://apps.hhs.texas.gov/providers/directories/ICFIID.xlsx,2026-09-30T19:14:28.931968+00:00,2026-09-29,,NO,f7ee209b1d7e0c0a7a997f5af872631bff10bbab775f60b3e35775cf8b75671b
TH-ENRICH-TX-SENIOR-2026-09-30-IDR2,TX|HHSC|TX_ICF_IID|003809,TX_ICF_IID,003809,290,FRIES HOUSE,ICF/IID,YES,YES,HARDIN,190 E AVE J,SILSBEE,TX,77656,20548d8398104d2a882cd018fff31786ccc77c4412b6874d5e1fada31ca02ab1,https://apps.hhs.texas.gov/providers/directories/ICFIID.xlsx,2026-09-30T19:14:28.931968+00:00,2026-09-29,,NO,ebe5bb3df8a794ef25b8b441f2fa6d82d29c2046f6cdbf0f656c558b14cbbb88
TH-ENRICH-TX-SENIOR-2026-09-30-IDR2,TX|HHSC|TX_ICF_IID|007570,TX_ICF_IID,007570,291,BURNING TREE LIVING CENTER,ICF/IID,YES,YES,HARRIS,4902 BURNING TREE,BAYTOWN,TEXAS,77521,20548d8398104d2a882cd018fff31786ccc77c4412b6874d5e1fada31ca02ab1,https://apps.hhs.texas.gov/providers/directories/ICFIID.xlsx,2026-09-30T19:14:28.931968+00:00,2026-09-29,,NO,d86ca8c979e1ed86048717b3261d7bc0bdc4e212a4f1ce69dbc180a53203bf0f
TH-ENRICH-TX-SENIOR-2026-09-30-IDR2,TX|HHSC|TX_ICF_IID|003605,TX_ICF_IID,003605,292,KILGORE HOUSE,ICF/IID,YES,YES,HARRIS,2203 KILGORE RD,BAYTOWN,TX,77520,20548d8398104d2a882cd018fff31786ccc77c4412b6874d5e1fada31ca02ab1,https://apps.hhs.texas.gov/providers/directories/ICFIID.xlsx,2026-09-30T19:14:28.931968+00:00,2026-09-29,,NO,4a262d9ae42f2abf2223e6961266d7037a02f7cd241c241410f995f8aa88b338
TH-ENRICH-TX-SENIOR-2026-09-30-IDR2,TX|HHSC|TX_ICF_IID|007411,TX_ICF_IID,007411,293,MAPLEWOOD LIVING CENTER,ICF/IID,YES,YES,HARRIS,706 MAPLEWOOD STREET,BAYTOWN,TEXAS,77520,20548d8398104d2a882cd018fff31786ccc77c4412b6874d5e1fada31ca02ab1,https://apps.hhs.texas.gov/providers/directories/ICFIID.xlsx,2026-09-30T19:14:28.931968+00:00,2026-09-29,,NO,9888abcde935376177a9230521cbb54cf0dca4f9322def3d3ec2094b3b6a9073
TH-ENRICH-TX-SENIOR-2026-09-30-IDR2,TX|HHSC|TX_ICF_IID|003671,TX_ICF_IID,003671,294,MCFARLAND HOUSE,ICF/IID,YES,YES,HARRIS,1706 MCFARLAND,BAYTOWN,TX,77520,20548d8398104d2a882cd018fff31786ccc77c4412b6874d5e1fada31ca02ab1,https://apps.hhs.texas.gov/providers/directories/ICFIID.xlsx,2026-09-30T19:14:28.931968+00:00,2026-09-29,,NO,760090002d7de389a6af9a1e4d55b0bd96086c6eb4c48455127da8d16eb2d293
TH-ENRICH-TX-SENIOR-2026-09-30-IDR2,TX|HHSC|TX_ICF_IID|007381,TX_ICF_IID,007381,295,NORTH SHEPHERD HOUSE,ICF/IID,YES,YES,HARRIS,1112 N SHEPHERD,BAYTOWN,TX,77520,20548d8398104d2a882cd018fff31786ccc77c4412b6874d5e1fada31ca02ab1,https://apps.hhs.texas.gov/providers/directories/ICFIID.xlsx,2026-09-30T19:14:28.931968+00:00,2026-09-29,,NO,6dc29a418a67f9658b1546a2b4b1f651e31e855fa2b9c06a0b8bfba5e3364b0f
TH-ENRICH-TX-SENIOR-2026-09-30-IDR2,TX|HHSC|TX_ICF_IID|007565,TX_ICF_IID,007565,296,OLIVE LIVING CENTER,ICF/IID,YES,YES,HARRIS,2301 OLIVE CIRCLE,BAYTOWN,TEXAS,77522,20548d8398104d2a882cd018fff31786ccc77c4412b6874d5e1fada31ca02ab1,https://apps.hhs.texas.gov/providers/directories/ICFIID.xlsx,2026-09-30T19:14:28.931968+00:00,2026-09-29,,NO,c984021836cf7c230bf0597da84a4cff42e74b67f1baa212c0fccc2510499fda
TH-ENRICH-TX-SENIOR-2026-09-30-IDR2,TX|HHSC|TX_ICF_IID|007560,TX_ICF_IID,007560,297,CLASSIC GROUP HOME,ICF/IID,YES,YES,HARRIS,1454 SOMERCOTES LANE,CHANNELVIEW,TX,77530,20548d8398104d2a882cd018fff31786ccc77c4412b6874d5e1fada31ca02ab1,https://apps.hhs.texas.gov/providers/directories/ICFIID.xlsx,2026-09-30T19:14:28.931968+00:00,2026-09-29,,NO,94042be082ccda317e0ba37cf32a53b39320127ccc9a3ff0bb63cf7c9589bc0a
TH-ENRICH-TX-SENIOR-2026-09-30-IDR2,TX|HHSC|TX_ICF_IID|003654,TX_ICF_IID,003654,298,ARMADILLO TRAILS GROUP HOME,ICF/IID,YES,YES,HARRIS,16723 HUFFMEISTER ROAD,CYPRESS,TX,77429,20548d8398104d2a882cd018fff31786ccc77c4412b6874d5e1fada31ca02ab1,https://apps.hhs.texas.gov/providers/directories/ICFIID.xlsx,2026-09-30T19:14:28.931968+00:00,2026-09-29,,NO,434d073539f787f54c1a1d8c97e2de356b0fdc50a481d42c030b193a1dc3aa8b
TH-ENRICH-TX-SENIOR-2026-09-30-IDR2,TX|HHSC|TX_ICF_IID|003615,TX_ICF_IID,003615,299,KINGS COURT GROUP HOME,ICF/IID,YES,YES,HARRIS,17626 KINGS COURT,CYPRESS,TEXAS,77429,20548d8398104d2a882cd018fff31786ccc77c4412b6874d5e1fada31ca02ab1,https://apps.hhs.texas.gov/providers/directories/ICFIID.xlsx,2026-09-30T19:14:28.931968+00:00,2026-09-29,,NO,5ec65de92ea7ae820a67b0f6fd7e01c71e44b6b7deaa14d626f920d33a779551
TH-ENRICH-TX-SENIOR-2026-09-30-IDR2,TX|HHSC|TX_ICF_IID|003619,TX_ICF_IID,003619,300,MAVERICK VALLEY GROUP HOME,ICF/IID,YES,YES,HARRIS,14802 MAVERICK VALLEY LANE,CYPRESS,TEXAS,77429,20548d8398104d2a882cd018fff31786ccc77c4412b6874d5e1fada31ca02ab1,https://apps.hhs.texas.gov/providers/directories/ICFIID.xlsx,2026-09-30T19:14:28.931968+00:00,2026-09-29,,NO,ce7796ae0b376bc2c35611320078366563d376a7b14cb70f6ff796d8dd2220cb
TH-ENRICH-TX-SENIOR-2026-09-30-IDR2,TX|HHSC|TX_ICF_IID|010197,TX_ICF_IID,010197,301,MUELLER HOUSE,ICF/IID,YES,YES,HARRIS,11910 MUELLER CEMETERY RD,CYPRESS,TX,77429,20548d8398104d2a882cd018fff31786ccc77c4412b6874d5e1fada31ca02ab1,https://apps.hhs.texas.gov/providers/directories/ICFIID.xlsx,2026-09-30T19:14:28.931968+00:00,2026-09-29,,NO,a92855e230fb583398e23ec3dfa492951f79d4c756f52213c5635c255bad16de
TH-ENRICH-TX-SENIOR-2026-09-30-IDR2,TX|HHSC|TX_ICF_IID|003608,TX_ICF_IID,003608,302,"REACH UNLIMITED, INC",ICF/IID,YES,YES,HARRIS,11914 MUELLER CEMETERY RD,CYPRESS,TX,77429,20548d8398104d2a882cd018fff31786ccc77c4412b6874d5e1fada31ca02ab1,https://apps.hhs.texas.gov/providers/directories/ICFIID.xlsx,2026-09-30T19:14:28.931968+00:00,2026-09-29,,NO,d3871d711fe830d8ea6a624e82073ab9e5cc7b2d53dfee5141a402f1fff918d7
TH-ENRICH-TX-SENIOR-2026-09-30-IDR2,TX|HHSC|TX_ICF_IID|110270,TX_ICF_IID,110270,303,SHADY VILLA PLACE,ICF/IID,YES,YES,HARRIS,13919 JARVIS ROAD,CYPRESS,TX,77429,20548d8398104d2a882cd018fff31786ccc77c4412b6874d5e1fada31ca02ab1,https://apps.hhs.texas.gov/providers/directories/ICFIID.xlsx,2026-09-30T19:14:28.931968+00:00,2026-09-29,,NO,baae3826f78c68c08cba1b53422df43eccac4d769a149578c8afc915fbf9bf68
TH-ENRICH-TX-SENIOR-2026-09-30-IDR2,TX|HHSC|TX_ICF_IID|007424,TX_ICF_IID,007424,304,HENDERSON LIVING CENTER,ICF/IID,YES,YES,HARRIS,2601 HENDERSON LANE,DEER PARK,TEXAS,77536,20548d8398104d2a882cd018fff31786ccc77c4412b6874d5e1fada31ca02ab1,https://apps.hhs.texas.gov/providers/directories/ICFIID.xlsx,2026-09-30T19:14:28.931968+00:00,2026-09-29,,NO,78b8989ea2b7e7c07ade3f2fc2036286240a0f8f9095323ff6c2a58a25890822
TH-ENRICH-TX-SENIOR-2026-09-30-IDR2,TX|HHSC|TX_ICF_IID|007284,TX_ICF_IID,007284,305,WINDSOR LIVING CENTER,ICF/IID,YES,YES,HARRIS,3602 WINDSOR DRIVE,DEER PARK,TX,77536,20548d8398104d2a882cd018fff31786ccc77c4412b6874d5e1fada31ca02ab1,https://apps.hhs.texas.gov/providers/directories/ICFIID.xlsx,2026-09-30T19:14:28.931968+00:00,2026-09-29,,NO,fd2e58ca95ef6d3b4249dc02426c1e1d5dbcdc3fbe06064b7586c7e891336388
TH-ENRICH-TX-SENIOR-2026-09-30-IDR2,TX|HHSC|TX_ICF_IID|007660,TX_ICF_IID,007660,306,616 WEST BELL,ICF/IID,YES,YES,HARRIS,616 W BELL ST,HOUSTON,TX,77019,20548d8398104d2a882cd018fff31786ccc77c4412b6874d5e1fada31ca02ab1,https://apps.hhs.texas.gov/providers/directories/ICFIID.xlsx,2026-09-30T19:14:28.931968+00:00,2026-09-29,,NO,5365d96e6d7f8487acc6cd6e08180d7de48735b559b627983d1fcacf64de0f03
TH-ENRICH-TX-SENIOR-2026-09-30-IDR2,TX|HHSC|TX_ICF_IID|007548,TX_ICF_IID,007548,307,APRIL WIND HOUSE,ICF/IID,YES,YES,HARRIS,3015 APRIL WIND,HOUSTON,TX,77014,20548d8398104d2a882cd018fff31786ccc77c4412b6874d5e1fada31ca02ab1,https://apps.hhs.texas.gov/providers/directories/ICFIID.xlsx,2026-09-30T19:14:28.931968+00:00,2026-09-29,,NO,6d5fe89263bc0d0a5fecb13b739e64ab8285d449ea18e5f5dd405469123ba09f
TH-ENRICH-TX-SENIOR-2026-09-30-IDR2,TX|HHSC|TX_ICF_IID|102827,TX_ICF_IID,102827,308,AVONDALE HOUSE,ICF/IID,YES,YES,HARRIS,5614 BENNING,HOUSTON,TX,77096,20548d8398104d2a882cd018fff31786ccc77c4412b6874d5e1fada31ca02ab1,https://apps.hhs.texas.gov/providers/directories/ICFIID.xlsx,2026-09-30T19:14:28.931968+00:00,2026-09-29,,NO,901f8f114f59a9a86bfeacc5b3741e1b4b37cb64fa374a92baa49ffc634fd970
TH-ENRICH-TX-SENIOR-2026-09-30-IDR2,TX|HHSC|TX_ICF_IID|010183,TX_ICF_IID,010183,309,AVONDALE HOUSE,ICF/IID,YES,YES,HARRIS,4826 MCDERMED,HOUSTON,TX,77035,20548d8398104d2a882cd018fff31786ccc77c4412b6874d5e1fada31ca02ab1,https://apps.hhs.texas.gov/providers/directories/ICFIID.xlsx,2026-09-30T19:14:28.931968+00:00,2026-09-29,,NO,885d3a2852d1f3b9c6f58fd7ac0d6cb4cb46a4ef399b90ed7e1aa9a0b12edb65
TH-ENRICH-TX-SENIOR-2026-09-30-IDR2,TX|HHSC|TX_ICF_IID|010182,TX_ICF_IID,010182,310,AVONDALE HOUSE II,ICF/IID,YES,YES,HARRIS,8515 BLUEGATE,HOUSTON,TX,77025,20548d8398104d2a882cd018fff31786ccc77c4412b6874d5e1fada31ca02ab1,https://apps.hhs.texas.gov/providers/directories/ICFIID.xlsx,2026-09-30T19:14:28.931968+00:00,2026-09-29,,NO,9e688fb7a5387a9a6338dc563a5fabaad0c8f04d4ede8e7922f748f54576b43f
TH-ENRICH-TX-SENIOR-2026-09-30-IDR2,TX|HHSC|TX_ICF_IID|007486,TX_ICF_IID,007486,311,BOSWORTH LIVING CENTER,ICF/IID,YES,YES,HARRIS,5126 BOSWORTH STREET,HOUSTON,TX,77017,20548d8398104d2a882cd018fff31786ccc77c4412b6874d5e1fada31ca02ab1,https://apps.hhs.texas.gov/providers/directories/ICFIID.xlsx,2026-09-30T19:14:28.931968+00:00,2026-09-29,,NO,955beab0a21980961c64ea6d3559f3fc9ec3d5813030502cd593794cc385be70
TH-ENRICH-TX-SENIOR-2026-09-30-IDR2,TX|HHSC|TX_ICF_IID|110541,TX_ICF_IID,110541,312,CAMPBELL HOUSE,ICF/IID,YES,YES,HARRIS,9438 CAMPBELL RD.,HOUSTON,TX,77080,20548d8398104d2a882cd018fff31786ccc77c4412b6874d5e1fada31ca02ab1,https://apps.hhs.texas.gov/providers/directories/ICFIID.xlsx,2026-09-30T19:14:28.931968+00:00,2026-09-29,,NO,25a07dcf2857a0fa9de3b425acc3b519baee0eb330a1f78089a40eb2a5a7445f
TH-ENRICH-TX-SENIOR-2026-09-30-IDR2,TX|HHSC|TX_ICF_IID|003913,TX_ICF_IID,003913,313,EDUCARE COMMUNITY LIVING CORPORATION  GULF COAST,ICF/IID,YES,YES,HARRIS,7206 BENWICH CIRCLE,HOUSTON,TX,77095,20548d8398104d2a882cd018fff31786ccc77c4412b6874d5e1fada31ca02ab1,https://apps.hhs.texas.gov/providers/directories/ICFIID.xlsx,2026-09-30T19:14:28.931968+00:00,2026-09-29,,NO,6d7b9b86286728a09de3398d9ee8addcf352cb49759aebb6afebe1ffab103633
TH-ENRICH-TX-SENIOR-2026-09-30-IDR2,TX|HHSC|TX_ICF_IID|007616,TX_ICF_IID,007616,314,EDUCARE COMMUNITY LIVING CORPORATION  GULF COAST,ICF/IID,YES,YES,HARRIS,8002 FAWN TERRACE,HOUSTON,TX,77071,20548d8398104d2a882cd018fff31786ccc77c4412b6874d5e1fada31ca02ab1,https://apps.hhs.texas.gov/providers/directories/ICFIID.xlsx,2026-09-30T19:14:28.931968+00:00,2026-09-29,,NO,2fe229eb0900d2a1f8db3346b154bafccac21999273d1fe6f3fc2947a49864ca
TH-ENRICH-TX-SENIOR-2026-09-30-IDR2,TX|HHSC|TX_ICF_IID|003960,TX_ICF_IID,003960,315,EDUCARE COMMUNITY LIVING CORPORATION  GULF COAST,ICF/IID,YES,YES,HARRIS,18006 LONGCLIFFE,HOUSTON,TX,77084,20548d8398104d2a882cd018fff31786ccc77c4412b6874d5e1fada31ca02ab1,https://apps.hhs.texas.gov/providers/directories/ICFIID.xlsx,2026-09-30T19:14:28.931968+00:00,2026-09-29,,NO,5f72a61945f2a4cd327eed38977802a75692e07ab2793e05ee015391d0b8e758
TH-ENRICH-TX-SENIOR-2026-09-30-IDR2,TX|HHSC|TX_ICF_IID|003941,TX_ICF_IID,003941,316,EDUCARE COMMUNITY LIVING CORPORATION  GULF COAST,ICF/IID,YES,YES,HARRIS,2422 HEATHERGOLD,HOUSTON,TX,77084,20548d8398104d2a882cd018fff31786ccc77c4412b6874d5e1fada31ca02ab1,https://apps.hhs.texas.gov/providers/directories/ICFIID.xlsx,2026-09-30T19:14:28.931968+00:00,2026-09-29,,NO,a7301daa57fed508ad67b0d75c48c2776f13c48ca3d2d21a2a80a5113713e09b
TH-ENRICH-TX-SENIOR-2026-09-30-IDR2,TX|HHSC|TX_ICF_IID|003940,TX_ICF_IID,003940,317,EDUCARE COMMUNITY LIVING CORPORATION  GULF COAST,ICF/IID,YES,YES,HARRIS,11914 GREEN CREEK CIRCLE,HOUSTON,TX,77070,20548d8398104d2a882cd018fff31786ccc77c4412b6874d5e1fada31ca02ab1,https://apps.hhs.texas.gov/providers/directories/ICFIID.xlsx,2026-09-30T19:14:28.931968+00:00,2026-09-29,,NO,c9dbd97136644d9bdb2bc1b1644760052437c50ddf2604dd78524b8eb71050c5
TH-ENRICH-TX-SENIOR-2026-09-30-IDR2,TX|HHSC|TX_ICF_IID|003907,TX_ICF_IID,003907,318,EDUCARE COMMUNITY LIVING CORPORATION  GULF COAST,ICF/IID,YES,YES,HARRIS,16130 ACAPULCO,HOUSTON,TX,77040,20548d8398104d2a882cd018fff31786ccc77c4412b6874d5e1fada31ca02ab1,https://apps.hhs.texas.gov/providers/directories/ICFIID.xlsx,2026-09-30T19:14:28.931968+00:00,2026-09-29,,NO,4392820d543ea045a003bf34d88756cdc6c2b33b308803af4185f1ee8c4a8b3a
TH-ENRICH-TX-SENIOR-2026-09-30-IDR2,TX|HHSC|TX_ICF_IID|003746,TX_ICF_IID,003746,319,EDUCARE COMMUNITY LIVING CORPORATION  GULF COAST,ICF/IID,YES,YES,HARRIS,5706 PINEWILDE,HOUSTON,TX,77066,20548d8398104d2a882cd018fff31786ccc77c4412b6874d5e1fada31ca02ab1,https://apps.hhs.texas.gov/providers/directories/ICFIID.xlsx,2026-09-30T19:14:28.931968+00:00,2026-09-29,,NO,3cef77f3b52d2bc0607cc567bf16d32067ada0f9e8de68f1e2c3a8eba543ae0c
TH-ENRICH-TX-SENIOR-2026-09-30-IDR2,TX|HHSC|TX_ICF_IID|003971,TX_ICF_IID,003971,320,EDUCARE COMMUNITY LIVING CORPORATION  GULF COAST F,ICF/IID,YES,YES,HARRIS,2803 QUINCANNON,HOUSTON,TX,77043,20548d8398104d2a882cd018fff31786ccc77c4412b6874d5e1fada31ca02ab1,https://apps.hhs.texas.gov/providers/directories/ICFIID.xlsx,2026-09-30T19:14:28.931968+00:00,2026-09-29,,NO,b62a81615b31d84567f0ad7bc9a30102de7d8a51cff39cfab442f2e31eb5345a
TH-ENRICH-TX-SENIOR-2026-09-30-IDR2,TX|HHSC|TX_ICF_IID|003915,TX_ICF_IID,003915,321,EDUCARE COMMUNITY LIVING CORPORATION GULF COAST,ICF/IID,YES,YES,HARRIS,10038 BRIAR FOREST DR,HOUSTON,TX,77042,20548d8398104d2a882cd018fff31786ccc77c4412b6874d5e1fada31ca02ab1,https://apps.hhs.texas.gov/providers/directories/ICFIID.xlsx,2026-09-30T19:14:28.931968+00:00,2026-09-29,,NO,a40021acacd9a344272ffb5866984053cbaa516f205e1fa91a2ab08c04b9d39c
TH-ENRICH-TX-SENIOR-2026-09-30-IDR2,TX|HHSC|TX_ICF_IID|007585,TX_ICF_IID,007585,322,FROSTVIEW HOUSE II,ICF/IID,YES,YES,HARRIS,15331 E ANTONE,HOUSTON,TX,77071,20548d8398104d2a882cd018fff31786ccc77c4412b6874d5e1fada31ca02ab1,https://apps.hhs.texas.gov/providers/directories/ICFIID.xlsx,2026-09-30T19:14:28.931968+00:00,2026-09-29,,NO,2aa8d9d35bbfb8202813ca422b090c7f957c88d485fada783f270a266b0b7710
TH-ENRICH-TX-SENIOR-2026-09-30-IDR2,TX|HHSC|TX_ICF_IID|007437,TX_ICF_IID,007437,323,GREAT HOME CARE INC,ICF/IID,YES,YES,HARRIS,12502 LIMA DRIVE,HOUSTON,TX,77099,20548d8398104d2a882cd018fff31786ccc77c4412b6874d5e1fada31ca02ab1,https://apps.hhs.texas.gov/providers/directories/ICFIID.xlsx,2026-09-30T19:14:28.931968+00:00,2026-09-29,,NO,6573d4750b6c9834a4ba9b6bfb456bbe8cc0c8359274065b6b6f55ba1e1b229f
TH-ENRICH-TX-SENIOR-2026-09-30-IDR2,TX|HHSC|TX_ICF_IID|007317,TX_ICF_IID,007317,324,HOUSTON IN A VISION,ICF/IID,YES,YES,HARRIS,6442 GLADEWELL DRIVE,HOUSTON,TX,77072,20548d8398104d2a882cd018fff31786ccc77c4412b6874d5e1fada31ca02ab1,https://apps.hhs.texas.gov/providers/directories/ICFIID.xlsx,2026-09-30T19:14:28.931968+00:00,2026-09-29,,NO,288bd7d5be786d2705f48d78dd089f482b030422f2683e87534cb72382f9498d
TH-ENRICH-TX-SENIOR-2026-09-30-IDR2,TX|HHSC|TX_ICF_IID|007597,TX_ICF_IID,007597,325,"K & K LIVING CENTER, INC",ICF/IID,YES,YES,HARRIS,16602 GAELDOM LN,HOUSTON,TX,77084,20548d8398104d2a882cd018fff31786ccc77c4412b6874d5e1fada31ca02ab1,https://apps.hhs.texas.gov/providers/directories/ICFIID.xlsx,2026-09-30T19:14:28.931968+00:00,2026-09-29,,NO,ebbadb7cf0baac423090e12b69732d9dc1a99624dc3c8996a7a03a5c326f9ee1
TH-ENRICH-TX-SENIOR-2026-09-30-IDR2,TX|HHSC|TX_ICF_IID|007387,TX_ICF_IID,007387,326,"K AND K LIVING CENTER, INC",ICF/IID,YES,YES,HARRIS,16802 JUDY LEIGH DR,HOUSTON,TX,77084,20548d8398104d2a882cd018fff31786ccc77c4412b6874d5e1fada31ca02ab1,https://apps.hhs.texas.gov/providers/directories/ICFIID.xlsx,2026-09-30T19:14:28.931968+00:00,2026-09-29,,NO,63ee0d945d2fea19d42aa8f68bb39a0c749cac260ece94a315e54fe0079ce123
TH-ENRICH-TX-SENIOR-2026-09-30-IDR2,TX|HHSC|TX_ICF_IID|003729,TX_ICF_IID,003729,327,MAPLEWOOD SOUTH,ICF/IID,YES,YES,HARRIS,8111 BURNING HILLS,HOUSTON,TX,77071,20548d8398104d2a882cd018fff31786ccc77c4412b6874d5e1fada31ca02ab1,https://apps.hhs.texas.gov/providers/directories/ICFIID.xlsx,2026-09-30T19:14:28.931968+00:00,2026-09-29,,NO,978db750f8abf0a5e9d140d900de1fc62b9d51464aad12f2dbf86a7b50bbbaa7
TH-ENRICH-TX-SENIOR-2026-09-30-IDR2,TX|HHSC|TX_ICF_IID|007239,TX_ICF_IID,007239,328,MERIDIAN LIVING CENTER,ICF/IID,YES,YES,HARRIS,7231 AUGUSTINE DR,HOUSTON,TX,77036,20548d8398104d2a882cd018fff31786ccc77c4412b6874d5e1fada31ca02ab1,https://apps.hhs.texas.gov/providers/directories/ICFIID.xlsx,2026-09-30T19:14:28.931968+00:00,2026-09-29,,NO,44c92d71f2aff8a0c858761338d134623efd289ab26ccd3a0cfe23b66ec43d4a
TH-ENRICH-TX-SENIOR-2026-09-30-IDR2,TX|HHSC|TX_ICF_IID|007428,TX_ICF_IID,007428,329,MERIDIAN LIVING CENTER,ICF/IID,YES,YES,HARRIS,10610 ODYSSEY CT,HOUSTON,TX,77099,20548d8398104d2a882cd018fff31786ccc77c4412b6874d5e1fada31ca02ab1,https://apps.hhs.texas.gov/providers/directories/ICFIID.xlsx,2026-09-30T19:14:28.931968+00:00,2026-09-29,,NO,79ecbb1b4bc3ad7577bc9615ee0cf0b1c0168604e97c8635db252f3e531c478e
TH-ENRICH-TX-SENIOR-2026-09-30-IDR2,TX|HHSC|TX_ICF_IID|007296,TX_ICF_IID,007296,330,PERIWINKLE HOUSE,ICF/IID,YES,YES,HARRIS,1638 PERIWINKLE ST,HOUSTON,TX,77038,20548d8398104d2a882cd018fff31786ccc77c4412b6874d5e1fada31ca02ab1,https://apps.hhs.texas.gov/providers/directories/ICFIID.xlsx,2026-09-30T19:14:28.931968+00:00,2026-09-29,,NO,62c50ced914c29084295cc4ce08e7317731daaa5320a081190bcaf436c8e6ec0
TH-ENRICH-TX-SENIOR-2026-09-30-IDR2,TX|HHSC|TX_ICF_IID|007384,TX_ICF_IID,007384,331,RAVENHEAD LIVING CENTER,ICF/IID,YES,YES,HARRIS,314 RAVENHEAD STREET,HOUSTON,TEXAS,77034,20548d8398104d2a882cd018fff31786ccc77c4412b6874d5e1fada31ca02ab1,https://apps.hhs.texas.gov/providers/directories/ICFIID.xlsx,2026-09-30T19:14:28.931968+00:00,2026-09-29,,NO,ddcc812d983ff09960df9623ba52b88566e41dbe4af55c4e024135e9a578d574
TH-ENRICH-TX-SENIOR-2026-09-30-IDR2,TX|HHSC|TX_ICF_IID|003643,TX_ICF_IID,003643,332,"REACH UNLIMITED, INC",ICF/IID,YES,YES,HARRIS,11519 COLONIAL TRAIL,HOUSTON,TX,77066,20548d8398104d2a882cd018fff31786ccc77c4412b6874d5e1fada31ca02ab1,https://apps.hhs.texas.gov/providers/directories/ICFIID.xlsx,2026-09-30T19:14:28.931968+00:00,2026-09-29,,NO,12e29ab851492639b616f5f3688a0dea2ba0c83c9031970859b3433b9eb0f8da
TH-ENRICH-TX-SENIOR-2026-09-30-IDR2,TX|HHSC|TX_ICF_IID|110471,TX_ICF_IID,110471,333,SANDSTONE HOUSE,ICF/IID,YES,YES,HARRIS,8903 SANDSTONE STREET,HOUSTON,TX,77036,20548d8398104d2a882cd018fff31786ccc77c4412b6874d5e1fada31ca02ab1,https://apps.hhs.texas.gov/providers/directories/ICFIID.xlsx,2026-09-30T19:14:28.931968+00:00,2026-09-29,,NO,6824edb5d1e99b2afe229251d8efd5d0936ca51ee77953d306122361a8298e14
TH-ENRICH-TX-SENIOR-2026-09-30-IDR2,TX|HHSC|TX_ICF_IID|110456,TX_ICF_IID,110456,334,STROUD,ICF/IID,YES,YES,HARRIS,6634 STROUD DRIVE,HOUSTON,TX,77074,20548d8398104d2a882cd018fff31786ccc77c4412b6874d5e1fada31ca02ab1,https://apps.hhs.texas.gov/providers/directories/ICFIID.xlsx,2026-09-30T19:14:28.931968+00:00,2026-09-29,,NO,a5988decf62d46b5542562e42c7fc6d92d48c81b3260d094b6c796385cb0ab16
TH-ENRICH-TX-SENIOR-2026-09-30-IDR2,TX|HHSC|TX_ICF_IID|007472,TX_ICF_IID,007472,335,UCG  ALBURY HOUSE,ICF/IID,YES,YES,HARRIS,11019 ALBURY,HOUSTON,TX,77096,20548d8398104d2a882cd018fff31786ccc77c4412b6874d5e1fada31ca02ab1,https://apps.hhs.texas.gov/providers/directories/ICFIID.xlsx,2026-09-30T19:14:28.931968+00:00,2026-09-29,,NO,155b63dcd0ea498e674415d2da6f5961ab5559f56fc93fb414b5e8bac6a19b11
TH-ENRICH-TX-SENIOR-2026-09-30-IDR2,TX|HHSC|TX_ICF_IID|007263,TX_ICF_IID,007263,336,UCG  HUMMINGBIRD HOUSE,ICF/IID,YES,YES,HARRIS,9726 S. HANWORTH DR.,HOUSTON,TX,77031,20548d8398104d2a882cd018fff31786ccc77c4412b6874d5e1fada31ca02ab1,https://apps.hhs.texas.gov/providers/directories/ICFIID.xlsx,2026-09-30T19:14:28.931968+00:00,2026-09-29,,NO,4eed6f68f6bd211f415828ec1be5fd1b9fb3063fd327879920ce8825edc9f4c9
TH-ENRICH-TX-SENIOR-2026-09-30-IDR2,TX|HHSC|TX_ICF_IID|007801,TX_ICF_IID,007801,337,UCG NIGHTINGALE I,ICF/IID,YES,YES,HARRIS,13927 MAGNUS LANE,HOUSTON,TX,77083,20548d8398104d2a882cd018fff31786ccc77c4412b6874d5e1fada31ca02ab1,https://apps.hhs.texas.gov/providers/directories/ICFIID.xlsx,2026-09-30T19:14:28.931968+00:00,2026-09-29,,NO,3be4b395019d042930ff561b668a702d0d36d89bdbb3ddc6b304f73fdea56629
TH-ENRICH-TX-SENIOR-2026-09-30-IDR2,TX|HHSC|TX_ICF_IID|111644,TX_ICF_IID,111644,338,UCG NIGHTINGALE II,ICF/IID,YES,YES,HARRIS,6227 PAISLEY ST,HOUSTON,TX,77096,20548d8398104d2a882cd018fff31786ccc77c4412b6874d5e1fada31ca02ab1,https://apps.hhs.texas.gov/providers/directories/ICFIID.xlsx,2026-09-30T19:14:28.931968+00:00,2026-09-29,,NO,095ad0cde768fcd2c654407e1aced936c553c7d0be1eda49caa91ae0766e4695
TH-ENRICH-TX-SENIOR-2026-09-30-IDR2,TX|HHSC|TX_ICF_IID|003684,TX_ICF_IID,003684,339,"VITALIVING, INC",ICF/IID,YES,YES,HARRIS,7410 CAREW STREET,HOUSTON,TX,77074,20548d8398104d2a882cd018fff31786ccc77c4412b6874d5e1fada31ca02ab1,https://apps.hhs.texas.gov/providers/directories/ICFIID.xlsx,2026-09-30T19:14:28.931968+00:00,2026-09-29,,NO,0d839ff6552fe614fa9c4cefcc4cef4198c8d1895dc0840c2e8e3307a59499b7
TH-ENRICH-TX-SENIOR-2026-09-30-IDR2,TX|HHSC|TX_ICF_IID|007369,TX_ICF_IID,007369,340,WEST ROAD HOUSE,ICF/IID,YES,YES,HARRIS,7811 WEST ROAD,HOUSTON,TX,77064,20548d8398104d2a882cd018fff31786ccc77c4412b6874d5e1fada31ca02ab1,https://apps.hhs.texas.gov/providers/directories/ICFIID.xlsx,2026-09-30T19:14:28.931968+00:00,2026-09-29,,NO,6efb38a6fc4cff76643fe6c72c42ab59b523481afc4e45fc7fc00ea9f08bb7ea
TH-ENRICH-TX-SENIOR-2026-09-30-IDR2,TX|HHSC|TX_ICF_IID|003721,TX_ICF_IID,003721,341,WESTBURY HOUSE,ICF/IID,NO,YES,HARRIS,5707 WARM SPRINGS,HOUSTON,TX,77035,20548d8398104d2a882cd018fff31786ccc77c4412b6874d5e1fada31ca02ab1,https://apps.hhs.texas.gov/providers/directories/ICFIID.xlsx,2026-09-30T19:14:28.931968+00:00,2026-09-29,,NO,07c87ee3abf4d9b663fc8520ff7541b6bb5c7b63c0bfcc4447a131ba169706b5
TH-ENRICH-TX-SENIOR-2026-09-30-IDR2,TX|HHSC|TX_ICF_IID|007571,TX_ICF_IID,007571,342,WESTVIEW I,ICF/IID,YES,YES,HARRIS,10018 WESTVIEW DR,HOUSTON,TX,77055,20548d8398104d2a882cd018fff31786ccc77c4412b6874d5e1fada31ca02ab1,https://apps.hhs.texas.gov/providers/directories/ICFIID.xlsx,2026-09-30T19:14:28.931968+00:00,2026-09-29,,NO,9ab4160473d6683ce30998a2f5e0929cd638931aef1f5fc2c2e6a3114b9a8704
TH-ENRICH-TX-SENIOR-2026-09-30-IDR2,TX|HHSC|TX_ICF_IID|007328,TX_ICF_IID,007328,343,EDUCARE COMMUNITY LIVING LIMITED PARTNERSHIP,ICF/IID,YES,YES,HARRIS,13515 TARA OAK DRIVE,JERSEY VILLAGE,TX,77065,20548d8398104d2a882cd018fff31786ccc77c4412b6874d5e1fada31ca02ab1,https://apps.hhs.texas.gov/providers/directories/ICFIID.xlsx,2026-09-30T19:14:28.931968+00:00,2026-09-29,,NO,53ca5c3df92e2d82b094118d20540b87070d23c903f5b1cde76b85c1faa46234
TH-ENRICH-TX-SENIOR-2026-09-30-IDR2,TX|HHSC|TX_ICF_IID|003688,TX_ICF_IID,003688,344,APPLEWHITE,ICF/IID,NO,YES,HARRIS,526 APPLEWHITE DRIVE,KATY,TX,77450,20548d8398104d2a882cd018fff31786ccc77c4412b6874d5e1fada31ca02ab1,https://apps.hhs.texas.gov/providers/directories/ICFIID.xlsx,2026-09-30T19:14:28.931968+00:00,2026-09-29,,NO,baee6792473d76e3216adf53e8c9ab649343a7709e8ed60306aa3efd13ef5697
TH-ENRICH-TX-SENIOR-2026-09-30-IDR2,TX|HHSC|TX_ICF_IID|007540,TX_ICF_IID,007540,345,MEADOWPLACE LIVING CENTER,ICF/IID,YES,YES,HARRIS,5205 MEADOW PLACE DRIVE,LA PORTE,TX,77571,20548d8398104d2a882cd018fff31786ccc77c4412b6874d5e1fada31ca02ab1,https://apps.hhs.texas.gov/providers/directories/ICFIID.xlsx,2026-09-30T19:14:28.931968+00:00,2026-09-29,,NO,e33626fa5b3345a82724ad09bb9dc6f65b60d7df720276e42bb650bce48351bd
TH-ENRICH-TX-SENIOR-2026-09-30-IDR2,TX|HHSC|TX_ICF_IID|007462,TX_ICF_IID,007462,346,SHELL ROCK LIVING CENTER,ICF/IID,YES,YES,HARRIS,9734 SHELL ROCK,LA PORTE,TEXAS,77571,20548d8398104d2a882cd018fff31786ccc77c4412b6874d5e1fada31ca02ab1,https://apps.hhs.texas.gov/providers/directories/ICFIID.xlsx,2026-09-30T19:14:28.931968+00:00,2026-09-29,,NO,bc5d4d7c17042bdf9b572350482b73609ffa1c0ffd7d879b6202f9cb0855f105
TH-ENRICH-TX-SENIOR-2026-09-30-IDR2,TX|HHSC|TX_ICF_IID|003694,TX_ICF_IID,003694,347,EDUCARE COMMUNITY LIVING CORPORATION  GULF COAST,ICF/IID,YES,YES,HARRIS,3419 BOCA RATON DRIVE,MISSOURI CITY,TX,77459,20548d8398104d2a882cd018fff31786ccc77c4412b6874d5e1fada31ca02ab1,https://apps.hhs.texas.gov/providers/directories/ICFIID.xlsx,2026-09-30T19:14:28.931968+00:00,2026-09-29,,NO,7eadf96114f5e1381aa1884f46676a7e7e9ab94547b485a2ab6a436f40e3926a
TH-ENRICH-TX-SENIOR-2026-09-30-IDR2,TX|HHSC|TX_ICF_IID|007218,TX_ICF_IID,007218,348,FROSTVIEW HOUSE,ICF/IID,YES,YES,HARRIS,7310 FROSTVIEW LN,MISSOURI CITY,TX,77489,20548d8398104d2a882cd018fff31786ccc77c4412b6874d5e1fada31ca02ab1,https://apps.hhs.texas.gov/providers/directories/ICFIID.xlsx,2026-09-30T19:14:28.931968+00:00,2026-09-29,,NO,3f76603ebd5382a8fee114acfbb52df2c69c35e39f1115169efc205633e9ff9f
TH-ENRICH-TX-SENIOR-2026-09-30-IDR2,TX|HHSC|TX_ICF_IID|007346,TX_ICF_IID,007346,349,JUDY LIVING CENTER,ICF/IID,YES,YES,HARRIS,2012 JUDY LANE,PASADENA,TEXAS,77502,20548d8398104d2a882cd018fff31786ccc77c4412b6874d5e1fada31ca02ab1,https://apps.hhs.texas.gov/providers/directories/ICFIID.xlsx,2026-09-30T19:14:28.931968+00:00,2026-09-29,,NO,4e24fe77bd33846f58a4a9dfdfbb210535f2b5240b1dd6aa410c9cc1495d8a9e
TH-ENRICH-TX-SENIOR-2026-09-30-IDR2,TX|HHSC|TX_ICF_IID|007807,TX_ICF_IID,007807,350,PASADENA COTTAGE,ICF/IID,NO,YES,HARRIS,2122 WICHITA,PASADENA,TX,77502,20548d8398104d2a882cd018fff31786ccc77c4412b6874d5e1fada31ca02ab1,https://apps.hhs.texas.gov/providers/directories/ICFIID.xlsx,2026-09-30T19:14:28.931968+00:00,2026-09-29,,NO,02786572e1723e0206974f91906748457eada3fbfe6f752a9d4a63e9f7512d11
TH-ENRICH-TX-SENIOR-2026-09-30-IDR2,TX|HHSC|TX_ICF_IID|007818,TX_ICF_IID,007818,351,PASADENA COTTAGE B,ICF/IID,NO,YES,HARRIS,2122 WICHITA,PASADENA,TX,77502,20548d8398104d2a882cd018fff31786ccc77c4412b6874d5e1fada31ca02ab1,https://apps.hhs.texas.gov/providers/directories/ICFIID.xlsx,2026-09-30T19:14:28.931968+00:00,2026-09-29,,NO,8abdcc5d474f6fc36d518876e78e6cfe19458c9227aa42b0e70c23a91045d458
TH-ENRICH-TX-SENIOR-2026-09-30-IDR2,TX|HHSC|TX_ICF_IID|007322,TX_ICF_IID,007322,352,PONCA LIVING CENTER,ICF/IID,YES,YES,HARRIS,4314 PONCA STREET,PASADENA,TEXAS,77504,20548d8398104d2a882cd018fff31786ccc77c4412b6874d5e1fada31ca02ab1,https://apps.hhs.texas.gov/providers/directories/ICFIID.xlsx,2026-09-30T19:14:28.931968+00:00,2026-09-29,,NO,a271400675dff45557f57ea8be8d42148f7ca28433f594c948fd99fcb745ea22
TH-ENRICH-TX-SENIOR-2026-09-30-IDR2,TX|HHSC|TX_ICF_IID|007378,TX_ICF_IID,007378,353,GREEN VALLEY HOUSE,ICF/IID,YES,YES,HARRIS,5202 ALAMOSA LN,SPRING,TX,77379,20548d8398104d2a882cd018fff31786ccc77c4412b6874d5e1fada31ca02ab1,https://apps.hhs.texas.gov/providers/directories/ICFIID.xlsx,2026-09-30T19:14:28.931968+00:00,2026-09-29,,NO,049d3b9c46d21df2a9f6ce7bd53bd82f39b18b18257b98cb7f8dad7f1df0a27c
TH-ENRICH-TX-SENIOR-2026-09-30-IDR2,TX|HHSC|TX_ICF_IID|003847,TX_ICF_IID,003847,354,PASSION HOUSE,ICF/IID,YES,YES,HARRIS,19110 CANDLETRAIL DRIVE,SPRING,TX,77388,20548d8398104d2a882cd018fff31786ccc77c4412b6874d5e1fada31ca02ab1,https://apps.hhs.texas.gov/providers/directories/ICFIID.xlsx,2026-09-30T19:14:28.931968+00:00,2026-09-29,,NO,c9f97328cc9fe7a316da15a370822b653f1804006fde294715a9c1c537c5b9d0
TH-ENRICH-TX-SENIOR-2026-09-30-IDR2,TX|HHSC|TX_ICF_IID|003990,TX_ICF_IID,003990,355,SPRING GROUP HOME,ICF/IID,YES,YES,HARRIS,17403 DEER CREEK,SPRING,TEXAS,77379,20548d8398104d2a882cd018fff31786ccc77c4412b6874d5e1fada31ca02ab1,https://apps.hhs.texas.gov/providers/directories/ICFIID.xlsx,2026-09-30T19:14:28.931968+00:00,2026-09-29,,NO,cae67913c8cc813ea6a15608c5af11f1567cb01ef5ed4df4a1e9d39fba936c13
TH-ENRICH-TX-SENIOR-2026-09-30-IDR2,TX|HHSC|TX_ICF_IID|105856,TX_ICF_IID,105856,356,CHOCTAW GROUP HOME,ICF/IID,YES,YES,HARRIS,11719 COCONINO LANE,TOMBALL,TX,77377,20548d8398104d2a882cd018fff31786ccc77c4412b6874d5e1fada31ca02ab1,https://apps.hhs.texas.gov/providers/directories/ICFIID.xlsx,2026-09-30T19:14:28.931968+00:00,2026-09-29,,NO,54a5ca4ae00f78d5c7c22186b3e07138f6355c02a73b2db2f8aed86b5c489057
TH-ENRICH-TX-SENIOR-2026-09-30-IDR2,TX|HHSC|TX_ICF_IID|003607,TX_ICF_IID,003607,357,"REACH UNLIMITED, INC",ICF/IID,YES,YES,HARRIS,14119 LIMERICK LN,TOMBALL,TX,77375,20548d8398104d2a882cd018fff31786ccc77c4412b6874d5e1fada31ca02ab1,https://apps.hhs.texas.gov/providers/directories/ICFIID.xlsx,2026-09-30T19:14:28.931968+00:00,2026-09-29,,NO,10d992bc6276902abfd4c60e1caaaf1680860084a485a3ed597c59147963caff
TH-ENRICH-TX-SENIOR-2026-09-30-IDR2,TX|HHSC|TX_ICF_IID|003986,TX_ICF_IID,003986,358,TOMBALL HILLS HOME,ICF/IID,YES,YES,HARRIS,31111 STELLA LANE,TOMBALL,TX,77375,20548d8398104d2a882cd018fff31786ccc77c4412b6874d5e1fada31ca02ab1,https://apps.hhs.texas.gov/providers/directories/ICFIID.xlsx,2026-09-30T19:14:28.931968+00:00,2026-09-29,,NO,2d608bea62f8d97e2eba3865702b85c258708c140ff6a33b4f3c8e1fcf68779c
TH-ENRICH-TX-SENIOR-2026-09-30-IDR2,TX|HHSC|TX_ICF_IID|003989,TX_ICF_IID,003989,359,WHITE RIVER,ICF/IID,YES,YES,HARRIS,12335 WHITE RIVER,TOMBALL,TX,77375,20548d8398104d2a882cd018fff31786ccc77c4412b6874d5e1fada31ca02ab1,https://apps.hhs.texas.gov/providers/directories/ICFIID.xlsx,2026-09-30T19:14:28.931968+00:00,2026-09-29,,NO,453556da9b26d796d40bc9259d926129c8eb529b0cce67122a53424d8aef9433
TH-ENRICH-TX-SENIOR-2026-09-30-IDR2,TX|HHSC|TX_ICF_IID|007427,TX_ICF_IID,007427,360,"HARMONY LIVING CENTERS, INC",ICF/IID,YES,YES,HARRISON,2402 PALATO DR,MARSHALL,TX,75670,20548d8398104d2a882cd018fff31786ccc77c4412b6874d5e1fada31ca02ab1,https://apps.hhs.texas.gov/providers/directories/ICFIID.xlsx,2026-09-30T19:14:28.931968+00:00,2026-09-29,,NO,85710967255e3ad9bda2b7e7d3cb4cb80e1c58d32e24afdb3162d9b22b21d0da
TH-ENRICH-TX-SENIOR-2026-09-30-IDR2,TX|HHSC|TX_ICF_IID|007440,TX_ICF_IID,007440,361,"HARMONY LIVING CENTERS, INC",ICF/IID,YES,YES,HARRISON,101 ROSEBUD DRIVE,MARSHALL,TX,75672,20548d8398104d2a882cd018fff31786ccc77c4412b6874d5e1fada31ca02ab1,https://apps.hhs.texas.gov/providers/directories/ICFIID.xlsx,2026-09-30T19:14:28.931968+00:00,2026-09-29,,NO,144375021075ea364fbcf48e1d4c4b9b45c0d94ba6505e184551b2489a4d065c
TH-ENRICH-TX-SENIOR-2026-09-30-IDR2,TX|HHSC|TX_ICF_IID|104575,TX_ICF_IID,104575,362,SUN BONNET COMMUNITY RESIDENCE,ICF/IID,YES,YES,HAYS,500 REBEL DRIVE,BUDA,TX,78610,20548d8398104d2a882cd018fff31786ccc77c4412b6874d5e1fada31ca02ab1,https://apps.hhs.texas.gov/providers/directories/ICFIID.xlsx,2026-09-30T19:14:28.931968+00:00,2026-09-29,,NO,6a817d1e544795890f1ba32229a6e6ce7d680bd6cb16dff0224c8729a1da840d
TH-ENRICH-TX-SENIOR-2026-09-30-IDR2,TX|HHSC|TX_ICF_IID|111584,TX_ICF_IID,111584,363,CENTURY HOUSE,ICF/IID,YES,YES,HAYS,216 RAILHEAD RD,SAN MARCOS,TEXAS,78666-3390,20548d8398104d2a882cd018fff31786ccc77c4412b6874d5e1fada31ca02ab1,https://apps.hhs.texas.gov/providers/directories/ICFIID.xlsx,2026-09-30T19:14:28.931968+00:00,2026-09-29,,NO,2c3c52a936b8be916d8dea236c71fd7a3b625f901ed3027ae13795f22337e9e3
TH-ENRICH-TX-SENIOR-2026-09-30-IDR2,TX|HHSC|TX_ICF_IID|007278,TX_ICF_IID,007278,364,LAGO VISTA,ICF/IID,YES,YES,HAYS,1129 LAGO VISTA,SAN MARCOS,TX,78666,20548d8398104d2a882cd018fff31786ccc77c4412b6874d5e1fada31ca02ab1,https://apps.hhs.texas.gov/providers/directories/ICFIID.xlsx,2026-09-30T19:14:28.931968+00:00,2026-09-29,,NO,10c3320747af32a34e9f0bab1e0de7c510147cc77982e71b3fa8f24b17f58ee0
TH-ENRICH-TX-SENIOR-2026-09-30-IDR2,TX|HHSC|TX_ICF_IID|003919,TX_ICF_IID,003919,365,MOCKINGBIRD VILLA,ICF/IID,YES,YES,HAYS,1502 MOCKINGBIRD DRIVE,SAN MARCOS,TX,78666,20548d8398104d2a882cd018fff31786ccc77c4412b6874d5e1fada31ca02ab1,https://apps.hhs.texas.gov/providers/directories/ICFIID.xlsx,2026-09-30T19:14:28.931968+00:00,2026-09-29,,NO,6d6d39ead32723ec83facbaea32eb3d4e9f3be8a42e435003672b2ac50703172
TH-ENRICH-TX-SENIOR-2026-09-30-IDR2,TX|HHSC|TX_ICF_IID|003874,TX_ICF_IID,003874,366,RIO BLANCO,ICF/IID,YES,YES,HAYS,1010 E UHLAND RD,SAN MARCOS,TX,78666,20548d8398104d2a882cd018fff31786ccc77c4412b6874d5e1fada31ca02ab1,https://apps.hhs.texas.gov/providers/directories/ICFIID.xlsx,2026-09-30T19:14:28.931968+00:00,2026-09-29,,NO,b2e3f531a52500ddff07a3f32224b41c89ac9995b83a2a5fcbd61ea025633920
TH-ENRICH-TX-SENIOR-2026-09-30-IDR2,TX|HHSC|TX_ICF_IID|106850,TX_ICF_IID,106850,367,UCG  HARWOOD HOUSE,ICF/IID,YES,YES,HAYS,718 HARWOOD DR.,SAN MARCOS,TX,78666,20548d8398104d2a882cd018fff31786ccc77c4412b6874d5e1fada31ca02ab1,https://apps.hhs.texas.gov/providers/directories/ICFIID.xlsx,2026-09-30T19:14:28.931968+00:00,2026-09-29,,NO,697df2d78584f58ee653f4ad23a98dcc652a8f227ef6af114f23eaa69a5ad8bc
TH-ENRICH-TX-SENIOR-2026-09-30-IDR2,TX|HHSC|TX_ICF_IID|010354,TX_ICF_IID,010354,368,ATHENS PLACE GROUP HOME,ICF/IID,NO,YES,HENDERSON,4875 FM 2709,ATHENS,TX,75751,20548d8398104d2a882cd018fff31786ccc77c4412b6874d5e1fada31ca02ab1,https://apps.hhs.texas.gov/providers/directories/ICFIID.xlsx,2026-09-30T19:14:28.931968+00:00,2026-09-29,,NO,99d42ab5a92106e70ded337edc793bbdea01a689b46eaff6622af7d9e1d601d4
TH-ENRICH-TX-SENIOR-2026-09-30-IDR2,TX|HHSC|TX_ICF_IID|003956,TX_ICF_IID,003956,369,SOUTH TEXAS COMMUNITY LIVING CORP,ICF/IID,YES,YES,HIDALGO,922 DIANA DRIVE,EDINBURG,TX,78542,20548d8398104d2a882cd018fff31786ccc77c4412b6874d5e1fada31ca02ab1,https://apps.hhs.texas.gov/providers/directories/ICFIID.xlsx,2026-09-30T19:14:28.931968+00:00,2026-09-29,,NO,6a4db22c0d0ba6cc06f6aa6a7244f054c4e7427b6b71dca8eb9f80f5dff13295
TH-ENRICH-TX-SENIOR-2026-09-30-IDR2,TX|HHSC|TX_ICF_IID|003602,TX_ICF_IID,003602,370,SOUTH TEXAS COMMUNITY LIVING CORP,ICF/IID,YES,YES,HIDALGO,207 W ENFIELD RD,EDINBURG,TX,78539,20548d8398104d2a882cd018fff31786ccc77c4412b6874d5e1fada31ca02ab1,https://apps.hhs.texas.gov/providers/directories/ICFIID.xlsx,2026-09-30T19:14:28.931968+00:00,2026-09-29,,NO,f61723c00468aea433a67de06eb8e7d5d41be19280e5e5815f3cc95d924dc1cb
TH-ENRICH-TX-SENIOR-2026-09-30-IDR2,TX|HHSC|TX_ICF_IID|007525,TX_ICF_IID,007525,371,SOUTH TEXAS COMMUNITY LIVING CORP,ICF/IID,YES,YES,HIDALGO,6000 N 26TH ST,MCALLEN,TX,78504,20548d8398104d2a882cd018fff31786ccc77c4412b6874d5e1fada31ca02ab1,https://apps.hhs.texas.gov/providers/directories/ICFIID.xlsx,2026-09-30T19:14:28.931968+00:00,2026-09-29,,NO,86dd3e1d395acd247abe039d9cf6fadc1e9fd0e04402be0fece7eb0d8f7665cc
TH-ENRICH-TX-SENIOR-2026-09-30-IDR2,TX|HHSC|TX_ICF_IID|007470,TX_ICF_IID,007470,372,SOUTH TEXAS COMMUNITY LIVING CORP,ICF/IID,YES,YES,HIDALGO,5313 N 32ND ST,MCALLEN,TX,78504,20548d8398104d2a882cd018fff31786ccc77c4412b6874d5e1fada31ca02ab1,https://apps.hhs.texas.gov/providers/directories/ICFIID.xlsx,2026-09-30T19:14:28.931968+00:00,2026-09-29,,NO,f9a629342e471097f7d498c211c01d46b00fd64ad016532c1006b042c8c3978a
TH-ENRICH-TX-SENIOR-2026-09-30-IDR2,TX|HHSC|TX_ICF_IID|007507,TX_ICF_IID,007507,373,SOUTH TEXAS COMMUNITY LIVING CORP,ICF/IID,YES,YES,HIDALGO,2406 BRIARWOOD,MISSION,TX,78574,20548d8398104d2a882cd018fff31786ccc77c4412b6874d5e1fada31ca02ab1,https://apps.hhs.texas.gov/providers/directories/ICFIID.xlsx,2026-09-30T19:14:28.931968+00:00,2026-09-29,,NO,0c89efc6602ce20450334d80f657a60969b6d92011a4fd2546a79c9e9d12280f
TH-ENRICH-TX-SENIOR-2026-09-30-IDR2,TX|HHSC|TX_ICF_IID|007455,TX_ICF_IID,007455,374,EDUCARE COMMUNITY LIVING CORPORATION  TEXAS,ICF/IID,YES,YES,HOCKLEY,308 W 7TH STREET,SUNDOWN,TX,79372,20548d8398104d2a882cd018fff31786ccc77c4412b6874d5e1fada31ca02ab1,https://apps.hhs.texas.gov/providers/directories/ICFIID.xlsx,2026-09-30T19:14:28.931968+00:00,2026-09-29,,NO,4aade025f28a0b7a84da535e55bc4d706bb32052365f2eae752058fd15a01e82
TH-ENRICH-TX-SENIOR-2026-09-30-IDR2,TX|HHSC|TX_ICF_IID|003779,TX_ICF_IID,003779,375,GRANBURY HOUSE,ICF/IID,YES,YES,HOOD,826 N. THORPE SPRINGS ROAD,GRANBURY,TX,76048,20548d8398104d2a882cd018fff31786ccc77c4412b6874d5e1fada31ca02ab1,https://apps.hhs.texas.gov/providers/directories/ICFIID.xlsx,2026-09-30T19:14:28.931968+00:00,2026-09-29,,NO,c617bf142c06cf1d7142a3410dc45433863bcba119860c6c0747bf7f9084b05c
TH-ENRICH-TX-SENIOR-2026-09-30-IDR2,TX|HHSC|TX_ICF_IID|007382,TX_ICF_IID,007382,376,6TH AND MESQUITE,ICF/IID,YES,YES,HOOD,407 E SIXTH ST,TOLAR,TX,76476,20548d8398104d2a882cd018fff31786ccc77c4412b6874d5e1fada31ca02ab1,https://apps.hhs.texas.gov/providers/directories/ICFIID.xlsx,2026-09-30T19:14:28.931968+00:00,2026-09-29,,NO,96e925105b0b6abb95e620204ac876e403bd9a29a1741f144a27e8dac35f0b84
TH-ENRICH-TX-SENIOR-2026-09-30-IDR2,TX|HHSC|TX_ICF_IID|003792,TX_ICF_IID,003792,377,COMANCHE FLATS,ICF/IID,YES,YES,HOWARD,1315 BAYLOR BOULEVARD,BIG SPRING,TX,79720,20548d8398104d2a882cd018fff31786ccc77c4412b6874d5e1fada31ca02ab1,https://apps.hhs.texas.gov/providers/directories/ICFIID.xlsx,2026-09-30T19:14:28.931968+00:00,2026-09-29,,NO,3a03c31f85b69592c1ccafcb3df4d850ed9f3009caf7d9ef2d2cdddcc5e0df7a
TH-ENRICH-TX-SENIOR-2026-09-30-IDR2,TX|HHSC|TX_ICF_IID|007205,TX_ICF_IID,007205,378,100 PATTI J STREET,ICF/IID,YES,YES,HUNT,100 PATTI J STREET,GREENVILLE,TX,75402,20548d8398104d2a882cd018fff31786ccc77c4412b6874d5e1fada31ca02ab1,https://apps.hhs.texas.gov/providers/directories/ICFIID.xlsx,2026-09-30T19:14:28.931968+00:00,2026-09-29,,NO,224de296792f7050c5ca5c3785536dc21d54d278426e79136a9e538105c7d690
TH-ENRICH-TX-SENIOR-2026-09-30-IDR2,TX|HHSC|TX_ICF_IID|007282,TX_ICF_IID,007282,379,2500 TERRY PLACE,ICF/IID,YES,YES,HUNT,2500 TERRY PLACE,GREENVILLE,TX,75402,20548d8398104d2a882cd018fff31786ccc77c4412b6874d5e1fada31ca02ab1,https://apps.hhs.texas.gov/providers/directories/ICFIID.xlsx,2026-09-30T19:14:28.931968+00:00,2026-09-29,,NO,1c8c939c3323ae443bc535626a2211dd458b031e8e5e3daad4246ae06ee0a906
TH-ENRICH-TX-SENIOR-2026-09-30-IDR2,TX|HHSC|TX_ICF_IID|003669,TX_ICF_IID,003669,380,3506 GARBER CIRCLE,ICF/IID,YES,YES,HUNT,3506 GARBER CIRCLE,GREENVILLE,TX,75402,20548d8398104d2a882cd018fff31786ccc77c4412b6874d5e1fada31ca02ab1,https://apps.hhs.texas.gov/providers/directories/ICFIID.xlsx,2026-09-30T19:14:28.931968+00:00,2026-09-29,,NO,222e7a47064e5e66923cdbfc757f085392457dc07c0bd0ab50ef0a86cd0d86d7
TH-ENRICH-TX-SENIOR-2026-09-30-IDR2,TX|HHSC|TX_ICF_IID|003937,TX_ICF_IID,003937,381,BONNIE LEA GROUP HOME,ICF/IID,NO,YES,HUNT,3408 BONNIE LEA,GREENVILLE,TX,75402,20548d8398104d2a882cd018fff31786ccc77c4412b6874d5e1fada31ca02ab1,https://apps.hhs.texas.gov/providers/directories/ICFIID.xlsx,2026-09-30T19:14:28.931968+00:00,2026-09-29,,NO,13f5305521cca44f0731fd42c6b5f0d7a79868d47f8e27baa8ec2d808532183a
TH-ENRICH-TX-SENIOR-2026-09-30-IDR2,TX|HHSC|TX_ICF_IID|007549,TX_ICF_IID,007549,382,SAYLE STREET GROUP HOME,ICF/IID,NO,YES,HUNT,6518 SAYLE ST,GREENVILLE,TX,75402,20548d8398104d2a882cd018fff31786ccc77c4412b6874d5e1fada31ca02ab1,https://apps.hhs.texas.gov/providers/directories/ICFIID.xlsx,2026-09-30T19:14:28.931968+00:00,2026-09-29,,NO,8586d59664d419532ae1ebc6fec36cb7ed9beb6b0f3465aa22b16582e4629f56
TH-ENRICH-TX-SENIOR-2026-09-30-IDR2,TX|HHSC|TX_ICF_IID|007460,TX_ICF_IID,007460,383,TURTLE CREEK FAMILY LIVING,ICF/IID,NO,YES,HUNT,505 ERMINE,GREENVILLE,TX,75401,20548d8398104d2a882cd018fff31786ccc77c4412b6874d5e1fada31ca02ab1,https://apps.hhs.texas.gov/providers/directories/ICFIID.xlsx,2026-09-30T19:14:28.931968+00:00,2026-09-29,,NO,093c655c8f84b2950ef2cb3c68b97e485b1080ae5da86dd1d30b6e0c80cb9fe5
TH-ENRICH-TX-SENIOR-2026-09-30-IDR2,TX|HHSC|TX_ICF_IID|007543,TX_ICF_IID,007543,384,WINDY HILL GROUP HOME,ICF/IID,NO,YES,HUNT,5307 WINDY HILL RD,GREENVILLE,TX,75402,20548d8398104d2a882cd018fff31786ccc77c4412b6874d5e1fada31ca02ab1,https://apps.hhs.texas.gov/providers/directories/ICFIID.xlsx,2026-09-30T19:14:28.931968+00:00,2026-09-29,,NO,7006fe288e65b93d1d9f908ab2517667814b7a9e48c7eb5a7e3e987ef20cfb82
TH-ENRICH-TX-SENIOR-2026-09-30-IDR2,TX|HHSC|TX_ICF_IID|007643,TX_ICF_IID,007643,385,WEST BAY HOUSE,ICF/IID,NO,YES,JASPER,46 WEST BAY,JASPER,TX,75951,20548d8398104d2a882cd018fff31786ccc77c4412b6874d5e1fada31ca02ab1,https://apps.hhs.texas.gov/providers/directories/ICFIID.xlsx,2026-09-30T19:14:28.931968+00:00,2026-09-29,,NO,57a8fcb7a7234ed697782a19d993cd73b7e6aeab6fdf18fac6b3cf310a37367b
TH-ENRICH-TX-SENIOR-2026-09-30-IDR2,TX|HHSC|TX_ICF_IID|003906,TX_ICF_IID,003906,386,KIRBYVILLE GROUP HOME,ICF/IID,NO,YES,JASPER,703 W MARTIN LUTHER KING BLVD,KIRBYVILLE,TX,75956,20548d8398104d2a882cd018fff31786ccc77c4412b6874d5e1fada31ca02ab1,https://apps.hhs.texas.gov/providers/directories/ICFIID.xlsx,2026-09-30T19:14:28.931968+00:00,2026-09-29,,NO,170fe246e4679de8d3e9219aefe45ab5ea76a4998c15d92e14875c5b7dab827c
TH-ENRICH-TX-SENIOR-2026-09-30-IDR2,TX|HHSC|TX_ICF_IID|007457,TX_ICF_IID,007457,387,ADA LIVING CENTER,ICF/IID,YES,YES,JEFFERSON,5010 ADA,BEAUMONT,TEXAS,77708,20548d8398104d2a882cd018fff31786ccc77c4412b6874d5e1fada31ca02ab1,https://apps.hhs.texas.gov/providers/directories/ICFIID.xlsx,2026-09-30T19:14:28.931968+00:00,2026-09-29,,NO,8d63981f4ca4fc24764af28bb86ebbbc22539700f90f83bb284778254fae5b2b
TH-ENRICH-TX-SENIOR-2026-09-30-IDR2,TX|HHSC|TX_ICF_IID|003673,TX_ICF_IID,003673,388,CARNATION LIVING CENTER,ICF/IID,YES,YES,JEFFERSON,6270 CARNATION,BEAUMONT,TEXAS,77703,20548d8398104d2a882cd018fff31786ccc77c4412b6874d5e1fada31ca02ab1,https://apps.hhs.texas.gov/providers/directories/ICFIID.xlsx,2026-09-30T19:14:28.931968+00:00,2026-09-29,,NO,b7be031a40934f73a2b16a437f15d637642d39f1ecd083d8622f2c0841979dc4
TH-ENRICH-TX-SENIOR-2026-09-30-IDR2,TX|HHSC|TX_ICF_IID|007528,TX_ICF_IID,007528,389,CENTRAL HOUSE,ICF/IID,YES,YES,JEFFERSON,4655 HOLST ST,BEAUMONT,TX,77708,20548d8398104d2a882cd018fff31786ccc77c4412b6874d5e1fada31ca02ab1,https://apps.hhs.texas.gov/providers/directories/ICFIID.xlsx,2026-09-30T19:14:28.931968+00:00,2026-09-29,,NO,025517ef46a3c3f06c92ea0cb25171cae3cdb885027af0f22bb5a690b9156180
TH-ENRICH-TX-SENIOR-2026-09-30-IDR2,TX|HHSC|TX_ICF_IID|003672,TX_ICF_IID,003672,390,CHERYL LIVING CENTER,ICF/IID,YES,YES,JEFFERSON,3895 CHERYL DRIVE,BEAUMONT,TX,77713,20548d8398104d2a882cd018fff31786ccc77c4412b6874d5e1fada31ca02ab1,https://apps.hhs.texas.gov/providers/directories/ICFIID.xlsx,2026-09-30T19:14:28.931968+00:00,2026-09-29,,NO,1a1cd6b7ab19b00699a0bc0dea1b410cabf06004a7dc8ed622ca830d996922e5
TH-ENRICH-TX-SENIOR-2026-09-30-IDR2,TX|HHSC|TX_ICF_IID|003754,TX_ICF_IID,003754,391,COLE ROAD HOUSE,ICF/IID,YES,YES,JEFFERSON,5820 COLE RD,BEAUMONT,TX,77706,20548d8398104d2a882cd018fff31786ccc77c4412b6874d5e1fada31ca02ab1,https://apps.hhs.texas.gov/providers/directories/ICFIID.xlsx,2026-09-30T19:14:28.931968+00:00,2026-09-29,,NO,5e0259e2b86a77b8a2cd31ee38d779c704c4ebf46e7763222aaa46dbcd907f37
TH-ENRICH-TX-SENIOR-2026-09-30-IDR2,TX|HHSC|TX_ICF_IID|003967,TX_ICF_IID,003967,392,EDUCARE COMMUNITY LIVING CORPORATION  TEXAS,ICF/IID,YES,YES,JEFFERSON,7585 SAN DIEGO,BEAUMONT,TX,77708,20548d8398104d2a882cd018fff31786ccc77c4412b6874d5e1fada31ca02ab1,https://apps.hhs.texas.gov/providers/directories/ICFIID.xlsx,2026-09-30T19:14:28.931968+00:00,2026-09-29,,NO,50bccfaa99e17f5756dcff8da4be6177a30477b1f88eec90dbd1abc246ae8015
TH-ENRICH-TX-SENIOR-2026-09-30-IDR2,TX|HHSC|TX_ICF_IID|003965,TX_ICF_IID,003965,393,EDUCARE COMMUNITY LIVING CORPORATION  TEXAS,ICF/IID,YES,YES,JEFFERSON,3550 AUSTIN ST,BEAUMONT,TX,77706,20548d8398104d2a882cd018fff31786ccc77c4412b6874d5e1fada31ca02ab1,https://apps.hhs.texas.gov/providers/directories/ICFIID.xlsx,2026-09-30T19:14:28.931968+00:00,2026-09-29,,NO,781d3af4a714a5262a85d9f3a03e3100bcd9ccaa30e36e9b07d843a5fa0a928e
TH-ENRICH-TX-SENIOR-2026-09-30-IDR2,TX|HHSC|TX_ICF_IID|003964,TX_ICF_IID,003964,394,EDUCARE COMMUNITY LIVING CORPORATION  TEXAS,ICF/IID,YES,YES,JEFFERSON,5155 CAMBRIDGE,BEAUMONT,TX,77707,20548d8398104d2a882cd018fff31786ccc77c4412b6874d5e1fada31ca02ab1,https://apps.hhs.texas.gov/providers/directories/ICFIID.xlsx,2026-09-30T19:14:28.931968+00:00,2026-09-29,,NO,0e52cecb535d24dd04c47f4cd1d8a828c9f732ed924baee2c41c57ede9265317
TH-ENRICH-TX-SENIOR-2026-09-30-IDR2,TX|HHSC|TX_ICF_IID|003966,TX_ICF_IID,003966,395,EDUCARE COMMUNITY LIVING CORPORATION  TEXAS,ICF/IID,YES,YES,JEFFERSON,9165 LANDIS,BEAUMONT,TX,77707,20548d8398104d2a882cd018fff31786ccc77c4412b6874d5e1fada31ca02ab1,https://apps.hhs.texas.gov/providers/directories/ICFIID.xlsx,2026-09-30T19:14:28.931968+00:00,2026-09-29,,NO,5b7760aed03c6ba3fa4710d2cdb2fd2d9ba9197b1be941f83e8d64144795039d
TH-ENRICH-TX-SENIOR-2026-09-30-IDR2,TX|HHSC|TX_ICF_IID|003689,TX_ICF_IID,003689,396,HUNTSMAN LIVING CENTER,ICF/IID,YES,YES,JEFFERSON,535 CARNAHAN PLACE,BEAUMONT,TEXAS,77707,20548d8398104d2a882cd018fff31786ccc77c4412b6874d5e1fada31ca02ab1,https://apps.hhs.texas.gov/providers/directories/ICFIID.xlsx,2026-09-30T19:14:28.931968+00:00,2026-09-29,,NO,c15815754e5a9960b35587bb80339feb174656f31b6c731ef87955ea2220b76e
TH-ENRICH-TX-SENIOR-2026-09-30-IDR2,TX|HHSC|TX_ICF_IID|007307,TX_ICF_IID,007307,397,JERRY LIVING CENTER,ICF/IID,YES,YES,JEFFERSON,4415 JERRY DRIVE,BEAUMONT,TX,77703,20548d8398104d2a882cd018fff31786ccc77c4412b6874d5e1fada31ca02ab1,https://apps.hhs.texas.gov/providers/directories/ICFIID.xlsx,2026-09-30T19:14:28.931968+00:00,2026-09-29,,NO,28bf265774402b97916f46d295383281633adfe1ab1bb9d8a6c1b09f59c11c24
TH-ENRICH-TX-SENIOR-2026-09-30-IDR2,TX|HHSC|TX_ICF_IID|111865,TX_ICF_IID,111865,398,KAREN LANE,ICF/IID,YES,YES,JEFFERSON,1880 KAREN LN,BEAUMONT,TX,77706,20548d8398104d2a882cd018fff31786ccc77c4412b6874d5e1fada31ca02ab1,https://apps.hhs.texas.gov/providers/directories/ICFIID.xlsx,2026-09-30T19:14:28.931968+00:00,2026-09-29,,NO,7d1585d4d458ca2f04ee760703ac7c2917874b291e693344444ac61e8783dbae
TH-ENRICH-TX-SENIOR-2026-09-30-IDR2,TX|HHSC|TX_ICF_IID|003674,TX_ICF_IID,003674,399,MCANELLY COMMUNITY HOME,ICF/IID,YES,YES,JEFFERSON,5125 MCANELLY,BEAUMONT,TEXAS,77708,20548d8398104d2a882cd018fff31786ccc77c4412b6874d5e1fada31ca02ab1,https://apps.hhs.texas.gov/providers/directories/ICFIID.xlsx,2026-09-30T19:14:28.931968+00:00,2026-09-29,,NO,bc5321118c358c95290885f1148d3cd4b09ed6e4c8e54556a991130bcbcbabdd
TH-ENRICH-TX-SENIOR-2026-09-30-IDR2,TX|HHSC|TX_ICF_IID|007405,TX_ICF_IID,007405,400,MEADOWICK LIVING CENTER,ICF/IID,YES,YES,JEFFERSON,9640 MEADOWICK,BEAUMONT,TEXAS,77706,20548d8398104d2a882cd018fff31786ccc77c4412b6874d5e1fada31ca02ab1,https://apps.hhs.texas.gov/providers/directories/ICFIID.xlsx,2026-09-30T19:14:28.931968+00:00,2026-09-29,,NO,4be8a1ac3b624aa1274a667491cf10d97db1350896d0d34995bf7e272afbb785
TH-ENRICH-TX-SENIOR-2026-09-30-IDR2,TX|HHSC|TX_ICF_IID|007326,TX_ICF_IID,007326,401,NORTH HOUSE,ICF/IID,YES,YES,JEFFERSON,8185 PARK NORTH DR,BEAUMONT,TX,77708,20548d8398104d2a882cd018fff31786ccc77c4412b6874d5e1fada31ca02ab1,https://apps.hhs.texas.gov/providers/directories/ICFIID.xlsx,2026-09-30T19:14:28.931968+00:00,2026-09-29,,NO,60d179a950f3e5fa2a4fbd61e1540df5afeff87cd254c36eb46cc365794827f2
TH-ENRICH-TX-SENIOR-2026-09-30-IDR2,TX|HHSC|TX_ICF_IID|003690,TX_ICF_IID,003690,402,NOTTINGHAM LIVING CENTER,ICF/IID,YES,YES,JEFFERSON,5965 NAVAJO TRAIL,BEAUMONT,TX,77708,20548d8398104d2a882cd018fff31786ccc77c4412b6874d5e1fada31ca02ab1,https://apps.hhs.texas.gov/providers/directories/ICFIID.xlsx,2026-09-30T19:14:28.931968+00:00,2026-09-29,,NO,ba7a8e6f4097b3a4dcdc892311a8daf2aa3d323471ef36b0aebc8f3fbe7a9483
TH-ENRICH-TX-SENIOR-2026-09-30-IDR2,TX|HHSC|TX_ICF_IID|003693,TX_ICF_IID,003693,403,SAMS WAY LIVING CENTER,ICF/IID,YES,YES,JEFFERSON,1760 SAMS WAY,BEAUMONT,TEXAS,77706,20548d8398104d2a882cd018fff31786ccc77c4412b6874d5e1fada31ca02ab1,https://apps.hhs.texas.gov/providers/directories/ICFIID.xlsx,2026-09-30T19:14:28.931968+00:00,2026-09-29,,NO,b12b78d12d12d0381b3778310dc96c8131d2131c1f2891ab57b2a1ebce197da0
TH-ENRICH-TX-SENIOR-2026-09-30-IDR2,TX|HHSC|TX_ICF_IID|003677,TX_ICF_IID,003677,404,THOUSAND OAKS LIVING CENTER,ICF/IID,YES,YES,JEFFERSON,8255 SHILOH,BEAUMONT,TEXAS,77706,20548d8398104d2a882cd018fff31786ccc77c4412b6874d5e1fada31ca02ab1,https://apps.hhs.texas.gov/providers/directories/ICFIID.xlsx,2026-09-30T19:14:28.931968+00:00,2026-09-29,,NO,0c00ebecb5904156d218f8f4323a806ba16ab9d76ebd07abc793072ac65038ea
TH-ENRICH-TX-SENIOR-2026-09-30-IDR2,TX|HHSC|TX_ICF_IID|007567,TX_ICF_IID,007567,405,GRIFFIN LIVING CENTER,ICF/IID,YES,YES,JEFFERSON,3905 28TH STREET,PORT ARTHUR,TEXAS,77642,20548d8398104d2a882cd018fff31786ccc77c4412b6874d5e1fada31ca02ab1,https://apps.hhs.texas.gov/providers/directories/ICFIID.xlsx,2026-09-30T19:14:28.931968+00:00,2026-09-29,,NO,f4316d58b35ba937c4de6a01700380d373ca291fa0a1bf3952fc9a2a1a95a985
TH-ENRICH-TX-SENIOR-2026-09-30-IDR2,TX|HHSC|TX_ICF_IID|007530,TX_ICF_IID,007530,406,SHERIDAN LIVING CENTER,ICF/IID,YES,YES,JEFFERSON,2810 SHERIDAN,PORT ARTHUR,TX,77640,20548d8398104d2a882cd018fff31786ccc77c4412b6874d5e1fada31ca02ab1,https://apps.hhs.texas.gov/providers/directories/ICFIID.xlsx,2026-09-30T19:14:28.931968+00:00,2026-09-29,,NO,58f68689b2a5e5e84bab8b8753ffc4327d0a2e1132dc1b4b7aa2df9817f071a4
TH-ENRICH-TX-SENIOR-2026-09-30-IDR2,TX|HHSC|TX_ICF_IID|007295,TX_ICF_IID,007295,407,GREEN ACRES,ICF/IID,YES,YES,JIM WELLS,5927 S HWY 281,ALICE,TX,78332,20548d8398104d2a882cd018fff31786ccc77c4412b6874d5e1fada31ca02ab1,https://apps.hhs.texas.gov/providers/directories/ICFIID.xlsx,2026-09-30T19:14:28.931968+00:00,2026-09-29,,NO,361bf9549e2f630d5b162f99c40acb768b017768dc6b56938173cbf2781b8b38
TH-ENRICH-TX-SENIOR-2026-09-30-IDR2,TX|HHSC|TX_ICF_IID|003929,TX_ICF_IID,003929,408,OAK HOUSE,ICF/IID,YES,YES,JOHNSON,208 ALVARADO OAKS DR,ALVARADO,TX,76009,20548d8398104d2a882cd018fff31786ccc77c4412b6874d5e1fada31ca02ab1,https://apps.hhs.texas.gov/providers/directories/ICFIID.xlsx,2026-09-30T19:14:28.931968+00:00,2026-09-29,,NO,30a8477d6712818e2e34f87f35b097c1e365bf4ebfaed0916d75f43480f28eef
TH-ENRICH-TX-SENIOR-2026-09-30-IDR2,TX|HHSC|TX_ICF_IID|003635,TX_ICF_IID,003635,409,EDUCARE COMMUNITY LIVING CORPORATION  TEXAS,ICF/IID,YES,YES,JOHNSON,716 STELLA MAE,BURLESON,TX,76028,20548d8398104d2a882cd018fff31786ccc77c4412b6874d5e1fada31ca02ab1,https://apps.hhs.texas.gov/providers/directories/ICFIID.xlsx,2026-09-30T19:14:28.931968+00:00,2026-09-29,,NO,00643dc64dc2d9cc4acdf4942bdfc807847390cd38486d1af4c2d9f5da1207e2
TH-ENRICH-TX-SENIOR-2026-09-30-IDR2,TX|HHSC|TX_ICF_IID|003961,TX_ICF_IID,003961,410,TURKEY PEAK,ICF/IID,NO,YES,JOHNSON,908 BROWNCREST,BURLESON,TX,76028,20548d8398104d2a882cd018fff31786ccc77c4412b6874d5e1fada31ca02ab1,https://apps.hhs.texas.gov/providers/directories/ICFIID.xlsx,2026-09-30T19:14:28.931968+00:00,2026-09-29,,NO,1ae228b9f1ced58170c618cb264844b80e00a83ad4b42e3519a8de6765e124d5
TH-ENRICH-TX-SENIOR-2026-09-30-IDR2,TX|HHSC|TX_ICF_IID|003822,TX_ICF_IID,003822,411,COMMUNITY LIVING CONCEPTS INC,ICF/IID,YES,YES,JOHNSON,2764 CO RD 310,CLEBURNE,TX,76031,20548d8398104d2a882cd018fff31786ccc77c4412b6874d5e1fada31ca02ab1,https://apps.hhs.texas.gov/providers/directories/ICFIID.xlsx,2026-09-30T19:14:28.931968+00:00,2026-09-29,,NO,34afff8358239ce92ab4c85da4c39a8ade7d91a1e4a91aec6cc12c9ac315ed8c
TH-ENRICH-TX-SENIOR-2026-09-30-IDR2,TX|HHSC|TX_ICF_IID|003924,TX_ICF_IID,003924,412,EDUCARE COMMUNITY LIVING  TEXAS,ICF/IID,YES,YES,JOHNSON,802 BERKLEY,CLEBURNE,TX,76031,20548d8398104d2a882cd018fff31786ccc77c4412b6874d5e1fada31ca02ab1,https://apps.hhs.texas.gov/providers/directories/ICFIID.xlsx,2026-09-30T19:14:28.931968+00:00,2026-09-29,,NO,4621ce250869c6b6ca819296f81da195eab15909b6189caf569e00d2d2832852
TH-ENRICH-TX-SENIOR-2026-09-30-IDR2,TX|HHSC|TX_ICF_IID|111999,TX_ICF_IID,111999,413,FEATHERSTON,ICF/IID,YES,YES,JOHNSON,402 FEATHERSTON STREET,CLEBURNE,TX,76033,20548d8398104d2a882cd018fff31786ccc77c4412b6874d5e1fada31ca02ab1,https://apps.hhs.texas.gov/providers/directories/ICFIID.xlsx,2026-09-30T19:14:28.931968+00:00,2026-09-29,,NO,d10fc4c580f37b82a9c5de2c155f8d3ae312eaed7f278f30736eacfdf342f694
TH-ENRICH-TX-SENIOR-2026-09-30-IDR2,TX|HHSC|TX_ICF_IID|111523,TX_ICF_IID,111523,414,FOREST HOUSE,ICF/IID,YES,YES,JOHNSON,1206 TANGLEWOOD DR,CLEBURNE,TEXAS,76033,20548d8398104d2a882cd018fff31786ccc77c4412b6874d5e1fada31ca02ab1,https://apps.hhs.texas.gov/providers/directories/ICFIID.xlsx,2026-09-30T19:14:28.931968+00:00,2026-09-29,,NO,4a3422f3ec902de2e66dd80d24721cd543e9f7df83280e4137c6330881ed3d4a
TH-ENRICH-TX-SENIOR-2026-09-30-IDR2,TX|HHSC|TX_ICF_IID|003969,TX_ICF_IID,003969,415,HIGHLAND ESTATES,ICF/IID,NO,YES,JOHNSON,1018 HIGHLAND ROAD,CLEBURNE,TX,76031,20548d8398104d2a882cd018fff31786ccc77c4412b6874d5e1fada31ca02ab1,https://apps.hhs.texas.gov/providers/directories/ICFIID.xlsx,2026-09-30T19:14:28.931968+00:00,2026-09-29,,NO,1eda35a9256f870c34758d280a292cf7e3f3b8480e83ac51a33c421c825c00e8
TH-ENRICH-TX-SENIOR-2026-09-30-IDR2,TX|HHSC|TX_ICF_IID|003962,TX_ICF_IID,003962,416,QUAIL PARK,ICF/IID,NO,YES,JOHNSON,805 QUAIL PARK LANE,CLEBURNE,TX,76031,20548d8398104d2a882cd018fff31786ccc77c4412b6874d5e1fada31ca02ab1,https://apps.hhs.texas.gov/providers/directories/ICFIID.xlsx,2026-09-30T19:14:28.931968+00:00,2026-09-29,,NO,cac27843423569c63ba8fe503ed4ee809bd6daf8dd24738bb47a5da5df23528c
TH-ENRICH-TX-SENIOR-2026-09-30-IDR2,TX|HHSC|TX_ICF_IID|003970,TX_ICF_IID,003970,417,ROLLING ACRES,ICF/IID,NO,YES,JOHNSON,2901 FM 2280,CLEBURNE,TX,76031,20548d8398104d2a882cd018fff31786ccc77c4412b6874d5e1fada31ca02ab1,https://apps.hhs.texas.gov/providers/directories/ICFIID.xlsx,2026-09-30T19:14:28.931968+00:00,2026-09-29,,NO,35e3cd5589fc189d55432c6bfd33e10fade3b7975e8261d7e70c09d1b85895f0
TH-ENRICH-TX-SENIOR-2026-09-30-IDR2,TX|HHSC|TX_ICF_IID|003622,TX_ICF_IID,003622,418,COMMUNITY LIVING CONCEPTS INC,ICF/IID,YES,YES,JOHNSON,802 DAVIS ST,GRANDVIEW,TX,76050,20548d8398104d2a882cd018fff31786ccc77c4412b6874d5e1fada31ca02ab1,https://apps.hhs.texas.gov/providers/directories/ICFIID.xlsx,2026-09-30T19:14:28.931968+00:00,2026-09-29,,NO,4f8aee1057c48f4014fc38589b797f61b6084f4df9549d68181dad4852252764
TH-ENRICH-TX-SENIOR-2026-09-30-IDR2,TX|HHSC|TX_ICF_IID|003820,TX_ICF_IID,003820,419,COMMUNITY LIVING CONCEPTS INC,ICF/IID,YES,YES,JOHNSON,712 STADIUM DR,JOSHUA,TX,76058,20548d8398104d2a882cd018fff31786ccc77c4412b6874d5e1fada31ca02ab1,https://apps.hhs.texas.gov/providers/directories/ICFIID.xlsx,2026-09-30T19:14:28.931968+00:00,2026-09-29,,NO,635a85d72f727f7d27438ae2d3c1e39614d6f8f4df87d7c4da356bdee43e138a
TH-ENRICH-TX-SENIOR-2026-09-30-IDR2,TX|HHSC|TX_ICF_IID|003972,TX_ICF_IID,003972,420,LITTLEBROOK ESTATES,ICF/IID,NO,YES,JOHNSON,105 LITTLEBROOK ROAD,JOSHUA,TX,76058,20548d8398104d2a882cd018fff31786ccc77c4412b6874d5e1fada31ca02ab1,https://apps.hhs.texas.gov/providers/directories/ICFIID.xlsx,2026-09-30T19:14:28.931968+00:00,2026-09-29,,NO,0c0d037d59cfc1e5d6f85ebbba1e1ffe713d05f85b7c71482ed4c10aa87ec971
TH-ENRICH-TX-SENIOR-2026-09-30-IDR2,TX|HHSC|TX_ICF_IID|007366,TX_ICF_IID,007366,421,COMMUNITY LIVING CONCEPTS INC,ICF/IID,YES,YES,JOHNSON,112 E WALNUT,KEENE,TX,76059,20548d8398104d2a882cd018fff31786ccc77c4412b6874d5e1fada31ca02ab1,https://apps.hhs.texas.gov/providers/directories/ICFIID.xlsx,2026-09-30T19:14:28.931968+00:00,2026-09-29,,NO,0dd4e10d9d645b6b5a7c7fec7fd0f106ed324fa9f21322d4c1155e13c298a38d
TH-ENRICH-TX-SENIOR-2026-09-30-IDR2,TX|HHSC|TX_ICF_IID|007583,TX_ICF_IID,007583,422,COUNTRY CLUB HOUSE,ICF/IID,YES,YES,LEE,1070 CR 227,GIDDINGS,TX,78942,20548d8398104d2a882cd018fff31786ccc77c4412b6874d5e1fada31ca02ab1,https://apps.hhs.texas.gov/providers/directories/ICFIID.xlsx,2026-09-30T19:14:28.931968+00:00,2026-09-29,,NO,f855f0e2baaf2f162032ca90a8976c6c6fc086f375d398d2228149dd99462371
TH-ENRICH-TX-SENIOR-2026-09-30-IDR2,TX|HHSC|TX_ICF_IID|007523,TX_ICF_IID,007523,423,EDGEWOOD HOUSE,ICF/IID,YES,YES,LEE,486 EDGEWOOD,GIDDINGS,TX,78942,20548d8398104d2a882cd018fff31786ccc77c4412b6874d5e1fada31ca02ab1,https://apps.hhs.texas.gov/providers/directories/ICFIID.xlsx,2026-09-30T19:14:28.931968+00:00,2026-09-29,,NO,1d2c17350a8e353514d6d80a5ad8fe9494128b4bfc4f5c7b27919358c5c7078d
TH-ENRICH-TX-SENIOR-2026-09-30-IDR2,TX|HHSC|TX_ICF_IID|007471,TX_ICF_IID,007471,424,JOEKEL HOUSE,ICF/IID,YES,YES,LEE,666 JOEKEL,GIDDINGS,TX,78942,20548d8398104d2a882cd018fff31786ccc77c4412b6874d5e1fada31ca02ab1,https://apps.hhs.texas.gov/providers/directories/ICFIID.xlsx,2026-09-30T19:14:28.931968+00:00,2026-09-29,,NO,37a663c62142d3bd2bf9357ebc4a3b789fb6463fa013a814cfca0c2650aa0ad3
TH-ENRICH-TX-SENIOR-2026-09-30-IDR2,TX|HHSC|TX_ICF_IID|007610,TX_ICF_IID,007610,425,WASHINGTON HOUSE,ICF/IID,YES,YES,LEE,259 CACTUS,GIDDINGS,TX,78942,20548d8398104d2a882cd018fff31786ccc77c4412b6874d5e1fada31ca02ab1,https://apps.hhs.texas.gov/providers/directories/ICFIID.xlsx,2026-09-30T19:14:28.931968+00:00,2026-09-29,,NO,9fb20caefa8c748ad0e5a916cb0d255410750b99fa337f5ff18a7dab78888e20
TH-ENRICH-TX-SENIOR-2026-09-30-IDR2,TX|HHSC|TX_ICF_IID|003891,TX_ICF_IID,003891,426,LEGION ST COMMUNITY RESIDENCE,ICF/IID,YES,YES,LIBERTY,206 CHARLES BARKER AVENUE,CLEVELAND,TX,77327,20548d8398104d2a882cd018fff31786ccc77c4412b6874d5e1fada31ca02ab1,https://apps.hhs.texas.gov/providers/directories/ICFIID.xlsx,2026-09-30T19:14:28.931968+00:00,2026-09-29,,NO,4702622a9067bcf22abda788c9955dc14c87a24d1bb377427926fa691e02c9ed
TH-ENRICH-TX-SENIOR-2026-09-30-IDR2,TX|HHSC|TX_ICF_IID|007566,TX_ICF_IID,007566,427,HOLLY ST COMMUNITY RESIDENCE,ICF/IID,YES,YES,LIBERTY,1420 HOLLY STREET,LIBERTY,TX,77575,20548d8398104d2a882cd018fff31786ccc77c4412b6874d5e1fada31ca02ab1,https://apps.hhs.texas.gov/providers/directories/ICFIID.xlsx,2026-09-30T19:14:28.931968+00:00,2026-09-29,,NO,eda3691e7268fc081f6d43606ae603d495f4d73f52b5cf26dfdd7c5eb862b5fc
TH-ENRICH-TX-SENIOR-2026-09-30-IDR2,TX|HHSC|TX_ICF_IID|007512,TX_ICF_IID,007512,428,COMMERCE HOUSE,ICF/IID,YES,YES,LIMESTONE,811 EAST COMMERCE,MEXIA,TEXAS,76667,20548d8398104d2a882cd018fff31786ccc77c4412b6874d5e1fada31ca02ab1,https://apps.hhs.texas.gov/providers/directories/ICFIID.xlsx,2026-09-30T19:14:28.931968+00:00,2026-09-29,,NO,0791a03dbea3a2923fb4a0b0fcfbfbff0c5316fc814925a49f0d8f9aed08a757
TH-ENRICH-TX-SENIOR-2026-09-30-IDR2,TX|HHSC|TX_ICF_IID|007513,TX_ICF_IID,007513,429,FAIRWAY HOUSE,ICF/IID,YES,YES,LIMESTONE,1000 FAIRWAY,MEXIA,TX,76667,20548d8398104d2a882cd018fff31786ccc77c4412b6874d5e1fada31ca02ab1,https://apps.hhs.texas.gov/providers/directories/ICFIID.xlsx,2026-09-30T19:14:28.931968+00:00,2026-09-29,,NO,09f4cff7351cbf9cbab978625836397d47c54333ab32a828d4d6ec3c11c78b0e
TH-ENRICH-TX-SENIOR-2026-09-30-IDR2,TX|HHSC|TX_ICF_IID|007105,TX_ICF_IID,007105,430,MEXIA STATE SUPPORTED LIVING CENTER,ICF/IID,NO,YES,LIMESTONE,540 CHAPEL DRIVE,MEXIA,TX,76667,20548d8398104d2a882cd018fff31786ccc77c4412b6874d5e1fada31ca02ab1,https://apps.hhs.texas.gov/providers/directories/ICFIID.xlsx,2026-09-30T19:14:28.931968+00:00,2026-09-29,,NO,2536b9c254d66e838632dcc3637fbaadfa15ef98cb307c606104e5529e07d841
TH-ENRICH-TX-SENIOR-2026-09-30-IDR2,TX|HHSC|TX_ICF_IID|007586,TX_ICF_IID,007586,431,TYLER HOUSE,ICF/IID,YES,YES,LIMESTONE,830 TYLER STREET,MEXIA,TEXAS,76667,20548d8398104d2a882cd018fff31786ccc77c4412b6874d5e1fada31ca02ab1,https://apps.hhs.texas.gov/providers/directories/ICFIID.xlsx,2026-09-30T19:14:28.931968+00:00,2026-09-29,,NO,494f47d02f6c9d4506f7d851eceaafe2fb1d9f05adeb790eddf37badec811a7a
TH-ENRICH-TX-SENIOR-2026-09-30-IDR2,TX|HHSC|TX_ICF_IID|003908,TX_ICF_IID,003908,432,EDUCARE COMMUNITY LIVING LIMITED PARTNERSHIP,ICF/IID,YES,YES,LUBBOCK,606 S MAIN,IDALOU,TX,79329,20548d8398104d2a882cd018fff31786ccc77c4412b6874d5e1fada31ca02ab1,https://apps.hhs.texas.gov/providers/directories/ICFIID.xlsx,2026-09-30T19:14:28.931968+00:00,2026-09-29,,NO,d7c087803f61b125ac2447ae2456749a50bea70ffba8d843a42a99818e518186
TH-ENRICH-TX-SENIOR-2026-09-30-IDR2,TX|HHSC|TX_ICF_IID|112122,TX_ICF_IID,112122,433,14TH ST,ICF/IID,YES,NO,LUBBOCK,5003 14TH ST.,LUBBOCK,TX,79414,20548d8398104d2a882cd018fff31786ccc77c4412b6874d5e1fada31ca02ab1,https://apps.hhs.texas.gov/providers/directories/ICFIID.xlsx,2026-09-30T19:14:28.931968+00:00,2026-09-29,,NO,3b861c097d26df9aa1cc083bded0db23bb35605a0a90cdda61729060836809c3
TH-ENRICH-TX-SENIOR-2026-09-30-IDR2,TX|HHSC|TX_ICF_IID|007330,TX_ICF_IID,007330,434,23RD MANOR,ICF/IID,YES,YES,LUBBOCK,5423 23RD ST,LUBBOCK,TX,79407,20548d8398104d2a882cd018fff31786ccc77c4412b6874d5e1fada31ca02ab1,https://apps.hhs.texas.gov/providers/directories/ICFIID.xlsx,2026-09-30T19:14:28.931968+00:00,2026-09-29,,NO,334f7da793cc9936102b20a03b3f318abcc6428a486b077664f6ec00aaced177
TH-ENRICH-TX-SENIOR-2026-09-30-IDR2,TX|HHSC|TX_ICF_IID|111842,TX_ICF_IID,111842,435,30TH STREET,ICF/IID,YES,YES,LUBBOCK,1711 30TH STREET,LUBBOCK,TX,79411,20548d8398104d2a882cd018fff31786ccc77c4412b6874d5e1fada31ca02ab1,https://apps.hhs.texas.gov/providers/directories/ICFIID.xlsx,2026-09-30T19:14:28.931968+00:00,2026-09-29,,NO,b2794fd4b7704e8ccba0f993da27c6f6c0089f45a50165e2058de7af3c06a6d0
TH-ENRICH-TX-SENIOR-2026-09-30-IDR2,TX|HHSC|TX_ICF_IID|007591,TX_ICF_IID,007591,436,3419 54TH ST,ICF/IID,YES,YES,LUBBOCK,3419 54TH ST,LUBBOCK,TX,79413,20548d8398104d2a882cd018fff31786ccc77c4412b6874d5e1fada31ca02ab1,https://apps.hhs.texas.gov/providers/directories/ICFIID.xlsx,2026-09-30T19:14:28.931968+00:00,2026-09-29,,NO,c112492990aeb1d344da1eb56933501fb255389709de2f9faae6a2edb7000df1
TH-ENRICH-TX-SENIOR-2026-09-30-IDR2,TX|HHSC|TX_ICF_IID|003917,TX_ICF_IID,003917,437,3425 GRINNELL ST,ICF/IID,YES,YES,LUBBOCK,3425 GRINNELL STREET,LUBBOCK,TX,79415,20548d8398104d2a882cd018fff31786ccc77c4412b6874d5e1fada31ca02ab1,https://apps.hhs.texas.gov/providers/directories/ICFIID.xlsx,2026-09-30T19:14:28.931968+00:00,2026-09-29,,NO,d5c4d734ad9e0f5a7822485370b66e6384f2ec1eecf2d77aee973277ca8dde4e
TH-ENRICH-TX-SENIOR-2026-09-30-IDR2,TX|HHSC|TX_ICF_IID|003848,TX_ICF_IID,003848,438,41ST STREET COMMUNITY HOME,ICF/IID,YES,YES,LUBBOCK,3615 41ST ST,LUBBOCK,TX,79413,20548d8398104d2a882cd018fff31786ccc77c4412b6874d5e1fada31ca02ab1,https://apps.hhs.texas.gov/providers/directories/ICFIID.xlsx,2026-09-30T19:14:28.931968+00:00,2026-09-29,,NO,ce2e3199397a3ef2efc371060a9d3ac967d66d300cef276361c07a555cce03e9
TH-ENRICH-TX-SENIOR-2026-09-30-IDR2,TX|HHSC|TX_ICF_IID|007344,TX_ICF_IID,007344,439,5735 DARTMOUTH DRIVE,ICF/IID,YES,YES,LUBBOCK,5735 DARTMOUTH DR,LUBBOCK,TX,79416,20548d8398104d2a882cd018fff31786ccc77c4412b6874d5e1fada31ca02ab1,https://apps.hhs.texas.gov/providers/directories/ICFIID.xlsx,2026-09-30T19:14:28.931968+00:00,2026-09-29,,NO,a50e3adbb69c9722b5f73ae64383572fbcbf5b975bb3bb683ef074447595c2e9
TH-ENRICH-TX-SENIOR-2026-09-30-IDR2,TX|HHSC|TX_ICF_IID|003951,TX_ICF_IID,003951,440,5814 6TH STREET,ICF/IID,YES,YES,LUBBOCK,5814 6TH ST,LUBBOCK,TX,79416,20548d8398104d2a882cd018fff31786ccc77c4412b6874d5e1fada31ca02ab1,https://apps.hhs.texas.gov/providers/directories/ICFIID.xlsx,2026-09-30T19:14:28.931968+00:00,2026-09-29,,NO,a7b2d4aa604de6cc0b89b94fde5ea229fde67980f2b501d5b71dbc1cdb189d30
TH-ENRICH-TX-SENIOR-2026-09-30-IDR2,TX|HHSC|TX_ICF_IID|003679,TX_ICF_IID,003679,441,5TH STREET COMMUNITY HOME,ICF/IID,YES,YES,LUBBOCK,7423 5TH ST,LUBBOCK,TX,79416-6519,20548d8398104d2a882cd018fff31786ccc77c4412b6874d5e1fada31ca02ab1,https://apps.hhs.texas.gov/providers/directories/ICFIID.xlsx,2026-09-30T19:14:28.931968+00:00,2026-09-29,,NO,c1b2dbef014738cb90ac8a61c11849d891b96ffb2735670b187ab3ff34c8bfeb
TH-ENRICH-TX-SENIOR-2026-09-30-IDR2,TX|HHSC|TX_ICF_IID|007447,TX_ICF_IID,007447,442,6603 DOVER AVENUE,ICF/IID,YES,YES,LUBBOCK,6603 DOVER AVE,LUBBOCK,TX,79423,20548d8398104d2a882cd018fff31786ccc77c4412b6874d5e1fada31ca02ab1,https://apps.hhs.texas.gov/providers/directories/ICFIID.xlsx,2026-09-30T19:14:28.931968+00:00,2026-09-29,,NO,a6df4ced0e8b49ad7d81ee0f4ce1acbd54b2a378a248fcf54dded503bf758ea2
TH-ENRICH-TX-SENIOR-2026-09-30-IDR2,TX|HHSC|TX_ICF_IID|007448,TX_ICF_IID,007448,443,7409 RICHMOND AVENUE,ICF/IID,YES,YES,LUBBOCK,7409 RICHMOND AVE,LUBBOCK,TX,79424,20548d8398104d2a882cd018fff31786ccc77c4412b6874d5e1fada31ca02ab1,https://apps.hhs.texas.gov/providers/directories/ICFIID.xlsx,2026-09-30T19:14:28.931968+00:00,2026-09-29,,NO,3cc22292a4b071584c6d9c2756bdfcc1acd5d3562d045e575ff274bf494190ca
TH-ENRICH-TX-SENIOR-2026-09-30-IDR2,TX|HHSC|TX_ICF_IID|007201,TX_ICF_IID,007201,444,AGNES DENT HOMES I,ICF/IID,YES,YES,LUBBOCK,4805 16TH ST,LUBBOCK,TX,79416,20548d8398104d2a882cd018fff31786ccc77c4412b6874d5e1fada31ca02ab1,https://apps.hhs.texas.gov/providers/directories/ICFIID.xlsx,2026-09-30T19:14:28.931968+00:00,2026-09-29,,NO,ca2cc1d5e8be66916c84c721426ff9425cf6201b9826b25390a8f7bad45c2b53
TH-ENRICH-TX-SENIOR-2026-09-30-IDR2,TX|HHSC|TX_ICF_IID|007350,TX_ICF_IID,007350,445,B & B SERVICES,ICF/IID,YES,YES,LUBBOCK,5322 22ND ST,LUBBOCK,TX,79407,20548d8398104d2a882cd018fff31786ccc77c4412b6874d5e1fada31ca02ab1,https://apps.hhs.texas.gov/providers/directories/ICFIID.xlsx,2026-09-30T19:14:28.931968+00:00,2026-09-29,,NO,e812243f08426555a89b877ddae86f9da840cb47ea96ffd14799ad9dcedf6e73
TH-ENRICH-TX-SENIOR-2026-09-30-IDR2,TX|HHSC|TX_ICF_IID|007334,TX_ICF_IID,007334,446,CAPROCK,ICF/IID,YES,YES,LUBBOCK,6201 LYNNHAVEN DR,LUBBOCK,TX,79413,20548d8398104d2a882cd018fff31786ccc77c4412b6874d5e1fada31ca02ab1,https://apps.hhs.texas.gov/providers/directories/ICFIID.xlsx,2026-09-30T19:14:28.931968+00:00,2026-09-29,,NO,6046ba02365ac4c62ed6add7a6aeb0e783613c966cb9f28b613d186942dcef6b
TH-ENRICH-TX-SENIOR-2026-09-30-IDR2,TX|HHSC|TX_ICF_IID|111840,TX_ICF_IID,111840,447,CENTRAL,ICF/IID,YES,YES,LUBBOCK,6302 34TH STREET,LUBBOCK,TX,79407,20548d8398104d2a882cd018fff31786ccc77c4412b6874d5e1fada31ca02ab1,https://apps.hhs.texas.gov/providers/directories/ICFIID.xlsx,2026-09-30T19:14:28.931968+00:00,2026-09-29,,NO,f2d36153d45232b10f9a9fa3521312bd4a2d21f49151535f22a3f1ea770812f1
TH-ENRICH-TX-SENIOR-2026-09-30-IDR2,TX|HHSC|TX_ICF_IID|003881,TX_ICF_IID,003881,448,EDUCARE COMMUNITY LIVING LIMITED PARTNERSHIP,ICF/IID,YES,YES,LUBBOCK,2404 97TH ST,LUBBOCK,TX,79423-4406,20548d8398104d2a882cd018fff31786ccc77c4412b6874d5e1fada31ca02ab1,https://apps.hhs.texas.gov/providers/directories/ICFIID.xlsx,2026-09-30T19:14:28.931968+00:00,2026-09-29,,NO,65743525e1a604a42bd648393c9fbe76349eb24f667f071fff4be81bc6e305ae
TH-ENRICH-TX-SENIOR-2026-09-30-IDR2,TX|HHSC|TX_ICF_IID|007443,TX_ICF_IID,007443,449,HAWTHORN HOUSE,ICF/IID,YES,YES,LUBBOCK,3412 85TH STREET,LUBBOCK,TEXAS,79423,20548d8398104d2a882cd018fff31786ccc77c4412b6874d5e1fada31ca02ab1,https://apps.hhs.texas.gov/providers/directories/ICFIID.xlsx,2026-09-30T19:14:28.931968+00:00,2026-09-29,,NO,3f617f1d911f358ba8d893ca845340d52124943717664afa6f7dadfa94bd0954
TH-ENRICH-TX-SENIOR-2026-09-30-IDR2,TX|HHSC|TX_ICF_IID|111014,TX_ICF_IID,111014,450,HOLLY HOUSE,ICF/IID,YES,YES,LUBBOCK,4416 10TH STREET,LUBBOCK,TEXAS,79416,20548d8398104d2a882cd018fff31786ccc77c4412b6874d5e1fada31ca02ab1,https://apps.hhs.texas.gov/providers/directories/ICFIID.xlsx,2026-09-30T19:14:28.931968+00:00,2026-09-29,,NO,d2e7a88b9ebda81926ed054be36e765347ec33c26623503a07ee1f4146a1d572
TH-ENRICH-TX-SENIOR-2026-09-30-IDR2,TX|HHSC|TX_ICF_IID|003872,TX_ICF_IID,003872,451,JUNEAU COMMUNITY HOME,ICF/IID,YES,YES,LUBBOCK,2502 JUNEAU AVE,LUBBOCK,TX,79407,20548d8398104d2a882cd018fff31786ccc77c4412b6874d5e1fada31ca02ab1,https://apps.hhs.texas.gov/providers/directories/ICFIID.xlsx,2026-09-30T19:14:28.931968+00:00,2026-09-29,,NO,8f5e745ece0792231883b6d29fece8dc8bd1d5faa6300d402fa0a3786c09d50c
TH-ENRICH-TX-SENIOR-2026-09-30-IDR2,TX|HHSC|TX_ICF_IID|007107,TX_ICF_IID,007107,452,LUBBOCK STATE SUPPORTED LIVING CENTER,ICF/IID,NO,YES,LUBBOCK,3401 N UNIVERSITY AVE,LUBBOCK,TX,79415,20548d8398104d2a882cd018fff31786ccc77c4412b6874d5e1fada31ca02ab1,https://apps.hhs.texas.gov/providers/directories/ICFIID.xlsx,2026-09-30T19:14:28.931968+00:00,2026-09-29,,NO,3965730a4b64e77a6e6bf7d0c42cff6c7e786d0b3c0d82daf435e99fab5adf7c
TH-ENRICH-TX-SENIOR-2026-09-30-IDR2,TX|HHSC|TX_ICF_IID|111841,TX_ICF_IID,111841,453,THE RANCH,ICF/IID,YES,YES,LUBBOCK,8405 19TH STREET,LUBBOCK,TX,79407,20548d8398104d2a882cd018fff31786ccc77c4412b6874d5e1fada31ca02ab1,https://apps.hhs.texas.gov/providers/directories/ICFIID.xlsx,2026-09-30T19:14:28.931968+00:00,2026-09-29,,NO,15bb2d8c4c1ded78adf9a5505fc49504c3146fdadaf171b8f3af833ba85de21b
TH-ENRICH-TX-SENIOR-2026-09-30-IDR2,TX|HHSC|TX_ICF_IID|007491,TX_ICF_IID,007491,454,ANNADALE MANOR INC,ICF/IID,YES,YES,LUBBOCK,10702 COUNTY RD 1300,WOLFFORTH,TX,79382,20548d8398104d2a882cd018fff31786ccc77c4412b6874d5e1fada31ca02ab1,https://apps.hhs.texas.gov/providers/directories/ICFIID.xlsx,2026-09-30T19:14:28.931968+00:00,2026-09-29,,NO,617130f2e6446c74c85dde3636c8aa833b5a0090f56ec36266f58341a877da2a
TH-ENRICH-TX-SENIOR-2026-09-30-IDR2,TX|HHSC|TX_ICF_IID|007327,TX_ICF_IID,007327,455,EDUCARE COMMUNITY LIVING LIMITED PARTNERSHIP,ICF/IID,YES,YES,MEDINA,1506 28TH ST,HONDO,TX,78861,20548d8398104d2a882cd018fff31786ccc77c4412b6874d5e1fada31ca02ab1,https://apps.hhs.texas.gov/providers/directories/ICFIID.xlsx,2026-09-30T19:14:28.931968+00:00,2026-09-29,,NO,3b3c7875b683ff90c69427a88f914b0f6cdf2f6f3bf0a379566f8f2f2d05629e
TH-ENRICH-TX-SENIOR-2026-09-30-IDR2,TX|HHSC|TX_ICF_IID|003959,TX_ICF_IID,003959,456,BARNEY GREATHOUSE MEMORIAL HOME,ICF/IID,YES,YES,MIDLAND,3005 W GOLFCOURSE RD,MIDLAND,TX,79701,20548d8398104d2a882cd018fff31786ccc77c4412b6874d5e1fada31ca02ab1,https://apps.hhs.texas.gov/providers/directories/ICFIID.xlsx,2026-09-30T19:14:28.931968+00:00,2026-09-29,,NO,33ea068f64a78d6ee845bdbf7f3186480381cc6cb4b6be4f066b004e6d3f3b52
TH-ENRICH-TX-SENIOR-2026-09-30-IDR2,TX|HHSC|TX_ICF_IID|007279,TX_ICF_IID,007279,457,CAMARIE PLACE,ICF/IID,YES,YES,MIDLAND,2302 CAMARIE,MIDLAND,TX,79705,20548d8398104d2a882cd018fff31786ccc77c4412b6874d5e1fada31ca02ab1,https://apps.hhs.texas.gov/providers/directories/ICFIID.xlsx,2026-09-30T19:14:28.931968+00:00,2026-09-29,,NO,edc516e95bf9b95d7e70c2aabd144820ac5d78a5ccf7bbaf916b0442784eb15d
TH-ENRICH-TX-SENIOR-2026-09-30-IDR2,TX|HHSC|TX_ICF_IID|003984,TX_ICF_IID,003984,458,LINDORA WAY,ICF/IID,YES,YES,MIDLAND,2000 LINDORA WAY,MIDLAND,TX,79707,20548d8398104d2a882cd018fff31786ccc77c4412b6874d5e1fada31ca02ab1,https://apps.hhs.texas.gov/providers/directories/ICFIID.xlsx,2026-09-30T19:14:28.931968+00:00,2026-09-29,,NO,9e9c9da4d785cd72482ab0c60dc489ad2d4cd87b9e04528d8806cd77d0dd0060
TH-ENRICH-TX-SENIOR-2026-09-30-IDR2,TX|HHSC|TX_ICF_IID|003819,TX_ICF_IID,003819,459,MARCWOOD ONE,ICF/IID,YES,YES,MIDLAND,2801 NORTH A ST,MIDLAND,TX,79705,20548d8398104d2a882cd018fff31786ccc77c4412b6874d5e1fada31ca02ab1,https://apps.hhs.texas.gov/providers/directories/ICFIID.xlsx,2026-09-30T19:14:28.931968+00:00,2026-09-29,,NO,0efeba6c8b68fd83da1839527c72acfe88e967251bc1e1a4db48bdb4bed038bd
TH-ENRICH-TX-SENIOR-2026-09-30-IDR2,TX|HHSC|TX_ICF_IID|003787,TX_ICF_IID,003787,460,MARCWOOD TWO,ICF/IID,YES,YES,MIDLAND,2901 NORTH A ST,MIDLAND,TX,79705,20548d8398104d2a882cd018fff31786ccc77c4412b6874d5e1fada31ca02ab1,https://apps.hhs.texas.gov/providers/directories/ICFIID.xlsx,2026-09-30T19:14:28.931968+00:00,2026-09-29,,NO,94ec2eabc02be6a5de44f96371fa28641025f463859af5824aa73c54e8ade1ab
TH-ENRICH-TX-SENIOR-2026-09-30-IDR2,TX|HHSC|TX_ICF_IID|007243,TX_ICF_IID,007243,461,ROCK HOUSE MICHIGAN,ICF/IID,YES,YES,MIDLAND,811 W MICHIGAN,MIDLAND,TX,79701,20548d8398104d2a882cd018fff31786ccc77c4412b6874d5e1fada31ca02ab1,https://apps.hhs.texas.gov/providers/directories/ICFIID.xlsx,2026-09-30T19:14:28.931968+00:00,2026-09-29,,NO,b84d7a6c56200d5636f1c708f54a5cfdbcdae0627268d176bec301e46b83513b
TH-ENRICH-TX-SENIOR-2026-09-30-IDR2,TX|HHSC|TX_ICF_IID|007618,TX_ICF_IID,007618,462,ROCK HOUSE SPENCE,ICF/IID,YES,YES,MIDLAND,4403 SPENCE,MIDLAND,TX,79707,20548d8398104d2a882cd018fff31786ccc77c4412b6874d5e1fada31ca02ab1,https://apps.hhs.texas.gov/providers/directories/ICFIID.xlsx,2026-09-30T19:14:28.931968+00:00,2026-09-29,,NO,b2f4585eab2b9008233d45cd8ead749b106bb1c2c1b8ba38c4f9a19ee2fe528a
TH-ENRICH-TX-SENIOR-2026-09-30-IDR2,TX|HHSC|TX_ICF_IID|003642,TX_ICF_IID,003642,463,ROCK HOUSE TRAIL,ICF/IID,YES,YES,MIDLAND,2806 ARROWHEAD TRAILS,MIDLAND,TX,79705,20548d8398104d2a882cd018fff31786ccc77c4412b6874d5e1fada31ca02ab1,https://apps.hhs.texas.gov/providers/directories/ICFIID.xlsx,2026-09-30T19:14:28.931968+00:00,2026-09-29,,NO,c5a2b4fa2ef516b3f90ed73d9e29526bfa7712492218942a140f9d8b61b39e1e
TH-ENRICH-TX-SENIOR-2026-09-30-IDR2,TX|HHSC|TX_ICF_IID|003657,TX_ICF_IID,003657,464,ROCK HOUSE TREVINO,ICF/IID,YES,YES,MIDLAND,4314 TREVINO,MIDLAND,TX,79705,20548d8398104d2a882cd018fff31786ccc77c4412b6874d5e1fada31ca02ab1,https://apps.hhs.texas.gov/providers/directories/ICFIID.xlsx,2026-09-30T19:14:28.931968+00:00,2026-09-29,,NO,f9b291cb1b413fe0c75104beb49826e880114bc4d1ef18b024e88049b9af6403
TH-ENRICH-TX-SENIOR-2026-09-30-IDR2,TX|HHSC|TX_ICF_IID|003985,TX_ICF_IID,003985,465,SAINT ANDREWS,ICF/IID,YES,YES,MIDLAND,4512 SAINT ANDREWS,MIDLAND,TX,79707,20548d8398104d2a882cd018fff31786ccc77c4412b6874d5e1fada31ca02ab1,https://apps.hhs.texas.gov/providers/directories/ICFIID.xlsx,2026-09-30T19:14:28.931968+00:00,2026-09-29,,NO,6e4f81c03151f3eb167094363df69016754b04ac6341608d0a6a022190253299
TH-ENRICH-TX-SENIOR-2026-09-30-IDR2,TX|HHSC|TX_ICF_IID|007612,TX_ICF_IID,007612,466,WEST ROCK,ICF/IID,YES,YES,MIDLAND,708 DEVONIAN,MIDLAND,TX,79703,20548d8398104d2a882cd018fff31786ccc77c4412b6874d5e1fada31ca02ab1,https://apps.hhs.texas.gov/providers/directories/ICFIID.xlsx,2026-09-30T19:14:28.931968+00:00,2026-09-29,,NO,bdf79dffbd8f06dac0cf45450dbf1ef4fc76088e840e42d42c4ad78451bda886
TH-ENRICH-TX-SENIOR-2026-09-30-IDR2,TX|HHSC|TX_ICF_IID|003904,TX_ICF_IID,003904,467,LEE ST COMMUNITY RESIDENCE,ICF/IID,YES,YES,MONTGOMERY,802 LEE AVENUE,CLEVELAND,TX,77327,20548d8398104d2a882cd018fff31786ccc77c4412b6874d5e1fada31ca02ab1,https://apps.hhs.texas.gov/providers/directories/ICFIID.xlsx,2026-09-30T19:14:28.931968+00:00,2026-09-29,,NO,5a3521fe7bad3d60b68d4070395a2a109f14912e4fe2508ab12a87c28188043d
TH-ENRICH-TX-SENIOR-2026-09-30-IDR2,TX|HHSC|TX_ICF_IID|003882,TX_ICF_IID,003882,468,NORTH THOMPSON COMMUNITY RESIDENCE,ICF/IID,YES,YES,MONTGOMERY,2223 N THOMPSON STREET,CONROE,TX,77303,20548d8398104d2a882cd018fff31786ccc77c4412b6874d5e1fada31ca02ab1,https://apps.hhs.texas.gov/providers/directories/ICFIID.xlsx,2026-09-30T19:14:28.931968+00:00,2026-09-29,,NO,f9b9981c8f5ffc6ce7737d6674066db6de4738fa207447af275c210ad566c23a
TH-ENRICH-TX-SENIOR-2026-09-30-IDR2,TX|HHSC|TX_ICF_IID|003905,TX_ICF_IID,003905,469,PATRICIA ST COMMUNITY RESIDENCE,ICF/IID,YES,YES,MONTGOMERY,104 PATRICIA STREET,CONROE,TX,77301,20548d8398104d2a882cd018fff31786ccc77c4412b6874d5e1fada31ca02ab1,https://apps.hhs.texas.gov/providers/directories/ICFIID.xlsx,2026-09-30T19:14:28.931968+00:00,2026-09-29,,NO,8f858d1e2bd419ee65c7be20bd94eb0e51f9abea102cf2ea7a31ab957a10f393
TH-ENRICH-TX-SENIOR-2026-09-30-IDR2,TX|HHSC|TX_ICF_IID|003883,TX_ICF_IID,003883,470,SHENANDOAH COMMUNITY RESIDENCE,ICF/IID,YES,YES,MONTGOMERY,28902 ENCHANTED DRIVE,SHENANDOAH,TX,77381,20548d8398104d2a882cd018fff31786ccc77c4412b6874d5e1fada31ca02ab1,https://apps.hhs.texas.gov/providers/directories/ICFIID.xlsx,2026-09-30T19:14:28.931968+00:00,2026-09-29,,NO,d9aed7c319700541402baa8a4868e3c2a1a9e9fdc5e1d9c07ad3a2d77a8a14d9
TH-ENRICH-TX-SENIOR-2026-09-30-IDR2,TX|HHSC|TX_ICF_IID|007658,TX_ICF_IID,007658,471,NACOGDOCHES  HOUSE,ICF/IID,NO,YES,NACOGDOCHES,2712 S E STALLINGS DR,NACOGDOCHES,TX,75961,20548d8398104d2a882cd018fff31786ccc77c4412b6874d5e1fada31ca02ab1,https://apps.hhs.texas.gov/providers/directories/ICFIID.xlsx,2026-09-30T19:14:28.931968+00:00,2026-09-29,,NO,e7f6a6d74f94c3cad5af5bd1629a87ffd0c789620db937eb3c5288bbb672ee86
TH-ENRICH-TX-SENIOR-2026-09-30-IDR2,TX|HHSC|TX_ICF_IID|003773,TX_ICF_IID,003773,472,EDUCARE COMMUNITY LIVING LIMITED PARTNERSHIP,ICF/IID,YES,YES,NAVARRO,1348 N 45TH ST,CORSICANA,TX,75110,20548d8398104d2a882cd018fff31786ccc77c4412b6874d5e1fada31ca02ab1,https://apps.hhs.texas.gov/providers/directories/ICFIID.xlsx,2026-09-30T19:14:28.931968+00:00,2026-09-29,,NO,90ad2bf69f156a0af3f0f219f4357841ffae2be5a8bed70d4c322970b32703b9
TH-ENRICH-TX-SENIOR-2026-09-30-IDR2,TX|HHSC|TX_ICF_IID|003836,TX_ICF_IID,003836,473,EDUCARE COMMUNITY LIVING LIMITED PARTNERSHIP,ICF/IID,YES,YES,NAVARRO,1348 1/2 N 45TH ST,CORSICANA,TX,75110-1733,20548d8398104d2a882cd018fff31786ccc77c4412b6874d5e1fada31ca02ab1,https://apps.hhs.texas.gov/providers/directories/ICFIID.xlsx,2026-09-30T19:14:28.931968+00:00,2026-09-29,,NO,aac01d74f06d95b03d42b40c0646be7a2b800e42137ca3f8c1df67f000292d81
TH-ENRICH-TX-SENIOR-2026-09-30-IDR2,TX|HHSC|TX_ICF_IID|007222,TX_ICF_IID,007222,474,EDUCARE COMMUNITY LIVING LIMITED PARTNERSHIP,ICF/IID,YES,YES,NAVARRO,109 BOYD AVE,CORSICANA,TX,75110-1937,20548d8398104d2a882cd018fff31786ccc77c4412b6874d5e1fada31ca02ab1,https://apps.hhs.texas.gov/providers/directories/ICFIID.xlsx,2026-09-30T19:14:28.931968+00:00,2026-09-29,,NO,64f1a50b9a9a7cee9b57960496466c86183629cc771fd656bab4950f43232cd6
TH-ENRICH-TX-SENIOR-2026-09-30-IDR2,TX|HHSC|TX_ICF_IID|007445,TX_ICF_IID,007445,475,EDUCARE COMMUNITY LIVING LIMITED PARTNERSHIP,ICF/IID,YES,YES,NAVARRO,1516 W 5TH AVE,CORSICANA,TX,75110-4207,20548d8398104d2a882cd018fff31786ccc77c4412b6874d5e1fada31ca02ab1,https://apps.hhs.texas.gov/providers/directories/ICFIID.xlsx,2026-09-30T19:14:28.931968+00:00,2026-09-29,,NO,f37c946ba85be133e78f5625bbd8a09be0f9093906ea8e6385a497c206c330da
TH-ENRICH-TX-SENIOR-2026-09-30-IDR2,TX|HHSC|TX_ICF_IID|007217,TX_ICF_IID,007217,476,EDWARDS COMMUNITY HOME,ICF/IID,YES,YES,NAVARRO,701 W 4TH AVE,CORSICANA,TX,75110,20548d8398104d2a882cd018fff31786ccc77c4412b6874d5e1fada31ca02ab1,https://apps.hhs.texas.gov/providers/directories/ICFIID.xlsx,2026-09-30T19:14:28.931968+00:00,2026-09-29,,NO,47528d829fe899ea2f65b150fef010614750eab4661252a3a0be2228ba3836d2
TH-ENRICH-TX-SENIOR-2026-09-30-IDR2,TX|HHSC|TX_ICF_IID|007335,TX_ICF_IID,007335,477,HARMONY HOUSE I V,ICF/IID,YES,YES,NAVARRO,720 SE CR 0025,CORSICANA,TX,75110,20548d8398104d2a882cd018fff31786ccc77c4412b6874d5e1fada31ca02ab1,https://apps.hhs.texas.gov/providers/directories/ICFIID.xlsx,2026-09-30T19:14:28.931968+00:00,2026-09-29,,NO,760fc94db8a2eda274915695960b762789a44b290f620dffe06f404ef13eefd8
TH-ENRICH-TX-SENIOR-2026-09-30-IDR2,TX|HHSC|TX_ICF_IID|007315,TX_ICF_IID,007315,478,HARMONY HOUSE III,ICF/IID,YES,YES,NAVARRO,509 LAKEWOOD,CORSICANA,TX,75110,20548d8398104d2a882cd018fff31786ccc77c4412b6874d5e1fada31ca02ab1,https://apps.hhs.texas.gov/providers/directories/ICFIID.xlsx,2026-09-30T19:14:28.931968+00:00,2026-09-29,,NO,deb8e6ebf39be382b51c02aefb008176ac44b7aa18f8ee9c01d04c49f643e8b5
TH-ENRICH-TX-SENIOR-2026-09-30-IDR2,TX|HHSC|TX_ICF_IID|007454,TX_ICF_IID,007454,479,HARMONY HOUSE V I,ICF/IID,YES,YES,NAVARRO,430 MADISON AVE,CORSICANA,TX,75110,20548d8398104d2a882cd018fff31786ccc77c4412b6874d5e1fada31ca02ab1,https://apps.hhs.texas.gov/providers/directories/ICFIID.xlsx,2026-09-30T19:14:28.931968+00:00,2026-09-29,,NO,7e043a37080cf1c69404567af4898e4650c89b612d32e45393819b7aafcc2145
TH-ENRICH-TX-SENIOR-2026-09-30-IDR2,TX|HHSC|TX_ICF_IID|007225,TX_ICF_IID,007225,480,HACKBERRY HOUSE,ICF/IID,YES,YES,NOLAN,1916 LAKEVIEW,SWEETWATER,TX,79556,20548d8398104d2a882cd018fff31786ccc77c4412b6874d5e1fada31ca02ab1,https://apps.hhs.texas.gov/providers/directories/ICFIID.xlsx,2026-09-30T19:14:28.931968+00:00,2026-09-29,,NO,6be40b7f5678c1d1c076809f0d49f0b84f50bf2a219c259b41a136b1773c3a89
TH-ENRICH-TX-SENIOR-2026-09-30-IDR2,TX|HHSC|TX_ICF_IID|007657,TX_ICF_IID,007657,481,WALNUT CREEK HOME,ICF/IID,YES,YES,NOLAN,301 W AVE D,SWEETWATER,TX,79556,20548d8398104d2a882cd018fff31786ccc77c4412b6874d5e1fada31ca02ab1,https://apps.hhs.texas.gov/providers/directories/ICFIID.xlsx,2026-09-30T19:14:28.931968+00:00,2026-09-29,,NO,58d38e7a4769fd92e5818b7745504964db16be51c2b7b559d43881acff6cc323
TH-ENRICH-TX-SENIOR-2026-09-30-IDR2,TX|HHSC|TX_ICF_IID|007124,TX_ICF_IID,007124,482,CASTLE RIVER,ICF/IID,NO,YES,NUECES,4013 CASTLE RIDGE,CORPUS CHRISTI,TX,78410,20548d8398104d2a882cd018fff31786ccc77c4412b6874d5e1fada31ca02ab1,https://apps.hhs.texas.gov/providers/directories/ICFIID.xlsx,2026-09-30T19:14:28.931968+00:00,2026-09-29,,NO,7729ffdb8696101fc3710085bafa5bbf69959eb213c6238eb6b226d5539c9370
TH-ENRICH-TX-SENIOR-2026-09-30-IDR2,TX|HHSC|TX_ICF_IID|007111,TX_ICF_IID,007111,483,CORPUS CHRISTI STATE SUPPORTED LIVING CENTER,ICF/IID,NO,YES,NUECES,902 AIRPORT RD,CORPUS CHRISTI,TX,78405,20548d8398104d2a882cd018fff31786ccc77c4412b6874d5e1fada31ca02ab1,https://apps.hhs.texas.gov/providers/directories/ICFIID.xlsx,2026-09-30T19:14:28.931968+00:00,2026-09-29,,NO,1148fc2e351d576b162a155e0e074723e508b8a7dfd81b42623bd936870b5527
TH-ENRICH-TX-SENIOR-2026-09-30-IDR2,TX|HHSC|TX_ICF_IID|007265,TX_ICF_IID,007265,484,EDUCARE COMMUNITY LIVING CORPORATION  TEXAS,ICF/IID,YES,YES,NUECES,409 SHERIDAN,CORPUS CHRISTI,TX,78412,20548d8398104d2a882cd018fff31786ccc77c4412b6874d5e1fada31ca02ab1,https://apps.hhs.texas.gov/providers/directories/ICFIID.xlsx,2026-09-30T19:14:28.931968+00:00,2026-09-29,,NO,31c85f7085be950e468aade0c2f76443037851b4720c379f4f85d9dd1c796979
TH-ENRICH-TX-SENIOR-2026-09-30-IDR2,TX|HHSC|TX_ICF_IID|007258,TX_ICF_IID,007258,485,EDUCARE COMMUNITY LIVING CORPORATION  TEXAS,ICF/IID,YES,YES,NUECES,4913 EIDER,CORPUS CHRISTI,TX,78413,20548d8398104d2a882cd018fff31786ccc77c4412b6874d5e1fada31ca02ab1,https://apps.hhs.texas.gov/providers/directories/ICFIID.xlsx,2026-09-30T19:14:28.931968+00:00,2026-09-29,,NO,79a69eb7327dc13f4dae825f6b706a87e0c099d772503e4a6542b84c38eb8535
TH-ENRICH-TX-SENIOR-2026-09-30-IDR2,TX|HHSC|TX_ICF_IID|003664,TX_ICF_IID,003664,486,EDUCARE COMMUNITY LIVING CORPORATION  TEXAS,ICF/IID,YES,YES,NUECES,9230 EVENING STAR LN,CORPUS CHRISTI,TX,78410,20548d8398104d2a882cd018fff31786ccc77c4412b6874d5e1fada31ca02ab1,https://apps.hhs.texas.gov/providers/directories/ICFIID.xlsx,2026-09-30T19:14:28.931968+00:00,2026-09-29,,NO,17758a33869aef3ed71386d8a285f996bf68ca03139fd127118688ea2b90bbc2
TH-ENRICH-TX-SENIOR-2026-09-30-IDR2,TX|HHSC|TX_ICF_IID|003660,TX_ICF_IID,003660,487,EDUCARE COMMUNITY LIVING CORPORATION  TEXAS,ICF/IID,YES,YES,NUECES,5310 WENTWORTH,CORPUS CHRISTI,TX,78413,20548d8398104d2a882cd018fff31786ccc77c4412b6874d5e1fada31ca02ab1,https://apps.hhs.texas.gov/providers/directories/ICFIID.xlsx,2026-09-30T19:14:28.931968+00:00,2026-09-29,,NO,f84249c58483938535185178e5060ce3391d43021db62c5d7df885a9d82b4199
TH-ENRICH-TX-SENIOR-2026-09-30-IDR2,TX|HHSC|TX_ICF_IID|003659,TX_ICF_IID,003659,488,EDUCARE COMMUNITY LIVING CORPORATION  TEXAS,ICF/IID,YES,YES,NUECES,5502 BOWIE,CORPUS CHRISTI,TX,78415,20548d8398104d2a882cd018fff31786ccc77c4412b6874d5e1fada31ca02ab1,https://apps.hhs.texas.gov/providers/directories/ICFIID.xlsx,2026-09-30T19:14:28.931968+00:00,2026-09-29,,NO,8ae905655736e985bf717d168a9f71e375dc54719c89d200da3e3a5aa163ee8e
TH-ENRICH-TX-SENIOR-2026-09-30-IDR2,TX|HHSC|TX_ICF_IID|003858,TX_ICF_IID,003858,489,EDUCARE COMMUNITY LIVING CORPORATION  TEXAS,ICF/IID,YES,YES,NUECES,4038 KILLARMET,CORPUS CHRISTI,TX,78413,20548d8398104d2a882cd018fff31786ccc77c4412b6874d5e1fada31ca02ab1,https://apps.hhs.texas.gov/providers/directories/ICFIID.xlsx,2026-09-30T19:14:28.931968+00:00,2026-09-29,,NO,66c56f4cc8964add062acd3a8580e0c09874bc2fc23d21ce4bb627c3409ba5e8
TH-ENRICH-TX-SENIOR-2026-09-30-IDR2,TX|HHSC|TX_ICF_IID|007433,TX_ICF_IID,007433,490,EDUCARE COMMUNITY LIVING CORPORATIONTEXAS,ICF/IID,YES,YES,NUECES,4053 MOUNTAIN VIEW,CORPUS CHRISTI,TX,78410,20548d8398104d2a882cd018fff31786ccc77c4412b6874d5e1fada31ca02ab1,https://apps.hhs.texas.gov/providers/directories/ICFIID.xlsx,2026-09-30T19:14:28.931968+00:00,2026-09-29,,NO,77f75da258f16c97e843a570ceea43c8fec698e62ccbbaf77916592340215e0f
TH-ENRICH-TX-SENIOR-2026-09-30-IDR2,TX|HHSC|TX_ICF_IID|007363,TX_ICF_IID,007363,491,EDUCARE COMMUNITY LIVING CORPORATIONTEXAS,ICF/IID,YES,YES,NUECES,9329 MOON LIGHT DR,CORPUS CHRISTI,TX,78409,20548d8398104d2a882cd018fff31786ccc77c4412b6874d5e1fada31ca02ab1,https://apps.hhs.texas.gov/providers/directories/ICFIID.xlsx,2026-09-30T19:14:28.931968+00:00,2026-09-29,,NO,87de3c9dd7ced3a077129695a403e6da0f7967546a2dfc63c7af4e3cd7ddb39e
TH-ENRICH-TX-SENIOR-2026-09-30-IDR2,TX|HHSC|TX_ICF_IID|007511,TX_ICF_IID,007511,492,LMS CONCEPTS INC,ICF/IID,YES,YES,NUECES,6102 BROCKHAMPTON,CORPUS CHRISTI,TX,78414,20548d8398104d2a882cd018fff31786ccc77c4412b6874d5e1fada31ca02ab1,https://apps.hhs.texas.gov/providers/directories/ICFIID.xlsx,2026-09-30T19:14:28.931968+00:00,2026-09-29,,NO,f704b5058ea14a51105c884eb3a16b5a21def498b7e16e113f50e0d4cb9930f2
TH-ENRICH-TX-SENIOR-2026-09-30-IDR2,TX|HHSC|TX_ICF_IID|105083,TX_ICF_IID,105083,493,NELON,ICF/IID,YES,YES,NUECES,11730 NELON,CORPUS CHRISTI,TX,78414,20548d8398104d2a882cd018fff31786ccc77c4412b6874d5e1fada31ca02ab1,https://apps.hhs.texas.gov/providers/directories/ICFIID.xlsx,2026-09-30T19:14:28.931968+00:00,2026-09-29,,NO,23180b0b56489312be883be7e42a344d43894397c8d3a9278738a9c0f5228fec
TH-ENRICH-TX-SENIOR-2026-09-30-IDR2,TX|HHSC|TX_ICF_IID|007123,TX_ICF_IID,007123,494,RIVER FOREST,ICF/IID,NO,YES,NUECES,5021 CALALLEN DRIVE,CORPUS CHRISTI,TX,78410,20548d8398104d2a882cd018fff31786ccc77c4412b6874d5e1fada31ca02ab1,https://apps.hhs.texas.gov/providers/directories/ICFIID.xlsx,2026-09-30T19:14:28.931968+00:00,2026-09-29,,NO,4726c06016c25c3a9c2f87daec718f4716a69bb6f9fd4f51b1a658b5ce6cf67b
TH-ENRICH-TX-SENIOR-2026-09-30-IDR2,TX|HHSC|TX_ICF_IID|003871,TX_ICF_IID,003871,495,CYPRESS STREET GROUP HOME,ICF/IID,YES,YES,ORANGE,1302 W CYPRESS AVE,ORANGE,TX,77630,20548d8398104d2a882cd018fff31786ccc77c4412b6874d5e1fada31ca02ab1,https://apps.hhs.texas.gov/providers/directories/ICFIID.xlsx,2026-09-30T19:14:28.931968+00:00,2026-09-29,,NO,025a7e8af7264a5a751a1b4c505e08f3583d4e35c472acf9000bcf232d1958e9
TH-ENRICH-TX-SENIOR-2026-09-30-IDR2,TX|HHSC|TX_ICF_IID|007537,TX_ICF_IID,007537,496,NEW DAY HOUSE,ICF/IID,YES,YES,POLK,4530 U.S. 190 EAST,LIVINGSTON,TX,77351,20548d8398104d2a882cd018fff31786ccc77c4412b6874d5e1fada31ca02ab1,https://apps.hhs.texas.gov/providers/directories/ICFIID.xlsx,2026-09-30T19:14:28.931968+00:00,2026-09-29,,NO,1f041fd230f2c01bc2ef3131b1b8d2f1f3daaede5de247c8852085b0a73cf15e
TH-ENRICH-TX-SENIOR-2026-09-30-IDR2,TX|HHSC|TX_ICF_IID|007619,TX_ICF_IID,007619,497,"ADVO COMPANIES, INC",ICF/IID,YES,YES,RANDALL,8511 EL PASO DR,AMARILLO,TX,79118,20548d8398104d2a882cd018fff31786ccc77c4412b6874d5e1fada31ca02ab1,https://apps.hhs.texas.gov/providers/directories/ICFIID.xlsx,2026-09-30T19:14:28.931968+00:00,2026-09-29,,NO,36b5dda9a626ab283307f3fcbd86b360480563d417df627aef0718f549213945
TH-ENRICH-TX-SENIOR-2026-09-30-IDR2,TX|HHSC|TX_ICF_IID|007613,TX_ICF_IID,007613,498,"ADVO COMPANIES, INC",ICF/IID,YES,YES,RANDALL,7006 ANDOVER,AMARILLO,TX,79109,20548d8398104d2a882cd018fff31786ccc77c4412b6874d5e1fada31ca02ab1,https://apps.hhs.texas.gov/providers/directories/ICFIID.xlsx,2026-09-30T19:14:28.931968+00:00,2026-09-29,,NO,f7a7b2ba65cd631135954d732d0c087da3115cc25069d983ad2f30d76b0a87b4
TH-ENRICH-TX-SENIOR-2026-09-30-IDR2,TX|HHSC|TX_ICF_IID|007273,TX_ICF_IID,007273,499,"ADVO COMPANIES, INC",ICF/IID,YES,YES,RANDALL,6004 HAMPTON,AMARILLO,TX,79109,20548d8398104d2a882cd018fff31786ccc77c4412b6874d5e1fada31ca02ab1,https://apps.hhs.texas.gov/providers/directories/ICFIID.xlsx,2026-09-30T19:14:28.931968+00:00,2026-09-29,,NO,8366ae8dcd1213a642792038435ef5b1f0559ba09e352e8bdac042515550ecb3
TH-ENRICH-TX-SENIOR-2026-09-30-IDR2,TX|HHSC|TX_ICF_IID|007490,TX_ICF_IID,007490,500,"ADVO COMPANIES, INC",ICF/IID,YES,YES,RANDALL,7800 SIMPSON,AMARILLO,TX,79121,20548d8398104d2a882cd018fff31786ccc77c4412b6874d5e1fada31ca02ab1,https://apps.hhs.texas.gov/providers/directories/ICFIID.xlsx,2026-09-30T19:14:28.931968+00:00,2026-09-29,,NO,10949b23ca9549f3a6914c3ca8f85a3d49fcd446081ee383cb6e071cb95b06fc
TH-ENRICH-TX-SENIOR-2026-09-30-IDR2,TX|HHSC|TX_ICF_IID|007271,TX_ICF_IID,007271,501,"ADVO COMPANIES, INC",ICF/IID,YES,YES,RANDALL,5718 MARY DELL,AMARILLO,TX,79109,20548d8398104d2a882cd018fff31786ccc77c4412b6874d5e1fada31ca02ab1,https://apps.hhs.texas.gov/providers/directories/ICFIID.xlsx,2026-09-30T19:14:28.931968+00:00,2026-09-29,,NO,c9e29596d6ba1e996808990529980ccd2e802900ff3579e4b2ce4160492ae567
TH-ENRICH-TX-SENIOR-2026-09-30-IDR2,TX|HHSC|TX_ICF_IID|007311,TX_ICF_IID,007311,502,AVONDALE,ICF/IID,YES,YES,RANDALL,6911 VISION,AMARILLO,TX,79119,20548d8398104d2a882cd018fff31786ccc77c4412b6874d5e1fada31ca02ab1,https://apps.hhs.texas.gov/providers/directories/ICFIID.xlsx,2026-09-30T19:14:28.931968+00:00,2026-09-29,,NO,27e825e819f66d3a7385082b742e38c63d408203dde50d4bb9d4b69a3b180d88
TH-ENRICH-TX-SENIOR-2026-09-30-IDR2,TX|HHSC|TX_ICF_IID|007518,TX_ICF_IID,007518,503,EDUCARE COMMUNITY LIVING LIMITED PARTNERSHIP,ICF/IID,YES,YES,RANDALL,4 IDLEWOOD,CANYON,TX,79015,20548d8398104d2a882cd018fff31786ccc77c4412b6874d5e1fada31ca02ab1,https://apps.hhs.texas.gov/providers/directories/ICFIID.xlsx,2026-09-30T19:14:28.931968+00:00,2026-09-29,,NO,1ec1ca2edf63490792a6cd41eaff9d691e3ce58372e84a5009ea118ac3c3176e
TH-ENRICH-TX-SENIOR-2026-09-30-IDR2,TX|HHSC|TX_ICF_IID|007539,TX_ICF_IID,007539,504,CROSBY COMMUNITY HOME INC,ICF/IID,YES,YES,RUSK,102 CROSBY DR,HENDERSON,TX,75652,20548d8398104d2a882cd018fff31786ccc77c4412b6874d5e1fada31ca02ab1,https://apps.hhs.texas.gov/providers/directories/ICFIID.xlsx,2026-09-30T19:14:28.931968+00:00,2026-09-29,,NO,b684713a6b303a5df151505fa17292c112b323bce98e4dbec2e1e32750d4ffa7
TH-ENRICH-TX-SENIOR-2026-09-30-IDR2,TX|HHSC|TX_ICF_IID|007331,TX_ICF_IID,007331,505,PETERSON COMMUNITY HOME,ICF/IID,YES,YES,RUSK,1522 PETERSON,HENDERSON,TX,75652,20548d8398104d2a882cd018fff31786ccc77c4412b6874d5e1fada31ca02ab1,https://apps.hhs.texas.gov/providers/directories/ICFIID.xlsx,2026-09-30T19:14:28.931968+00:00,2026-09-29,,NO,a5305cd05558d9d3ee804b8ed319025ca29d7adb9cfff0f6d270ccebf813ff87
TH-ENRICH-TX-SENIOR-2026-09-30-IDR2,TX|HHSC|TX_ICF_IID|003687,TX_ICF_IID,003687,506,CHAMPAGNE HOUSE,ICF/IID,YES,YES,SMITH,303 MOUNT SYLVAN RD,LINDALE,TX,75771,20548d8398104d2a882cd018fff31786ccc77c4412b6874d5e1fada31ca02ab1,https://apps.hhs.texas.gov/providers/directories/ICFIID.xlsx,2026-09-30T19:14:28.931968+00:00,2026-09-29,,NO,45c19e8395585da2848782ae4e1ae60f2374c16d9487cd82698dfb5cbb451bb8
TH-ENRICH-TX-SENIOR-2026-09-30-IDR2,TX|HHSC|TX_ICF_IID|007547,TX_ICF_IID,007547,507,JEFFRIES HOUSE,ICF/IID,YES,YES,SMITH,314 JEFFRIES,LINDALE,TX,75771,20548d8398104d2a882cd018fff31786ccc77c4412b6874d5e1fada31ca02ab1,https://apps.hhs.texas.gov/providers/directories/ICFIID.xlsx,2026-09-30T19:14:28.931968+00:00,2026-09-29,,NO,5e6b690eeadccc206bafc6467d99ac08b1d2c15756d5c17c952d65b903acf29e
TH-ENRICH-TX-SENIOR-2026-09-30-IDR2,TX|HHSC|TX_ICF_IID|007345,TX_ICF_IID,007345,508,2525 PRESTON AVENUE,ICF/IID,YES,YES,SMITH,2525 PRESTON AVENUE,TYLER,TX,75701,20548d8398104d2a882cd018fff31786ccc77c4412b6874d5e1fada31ca02ab1,https://apps.hhs.texas.gov/providers/directories/ICFIID.xlsx,2026-09-30T19:14:28.931968+00:00,2026-09-29,,NO,cedafc319658924c46e551da82ecdd6eac76559e30fabf886aaefe52ed030556
TH-ENRICH-TX-SENIOR-2026-09-30-IDR2,TX|HHSC|TX_ICF_IID|007593,TX_ICF_IID,007593,509,2616 POUNDS AVENUE,ICF/IID,YES,YES,SMITH,2616 POUNDS AVENUE,TYLER,TX,75701,20548d8398104d2a882cd018fff31786ccc77c4412b6874d5e1fada31ca02ab1,https://apps.hhs.texas.gov/providers/directories/ICFIID.xlsx,2026-09-30T19:14:28.931968+00:00,2026-09-29,,NO,8c97e16418b573ba5285a23531c8ffb9afd4f6d9111636aa3be630170072cb36
TH-ENRICH-TX-SENIOR-2026-09-30-IDR2,TX|HHSC|TX_ICF_IID|007496,TX_ICF_IID,007496,510,2812 SHAFFER LANE,ICF/IID,YES,YES,SMITH,2812 SHAFFER LANE,TYLER,TX,75702,20548d8398104d2a882cd018fff31786ccc77c4412b6874d5e1fada31ca02ab1,https://apps.hhs.texas.gov/providers/directories/ICFIID.xlsx,2026-09-30T19:14:28.931968+00:00,2026-09-29,,NO,6540e7353586b01ce2a418c9d10ad76299c28ff91834a84adb25b81c84eab4ca
TH-ENRICH-TX-SENIOR-2026-09-30-IDR2,TX|HHSC|TX_ICF_IID|007342,TX_ICF_IID,007342,511,3323 GAIL LANE,ICF/IID,YES,YES,SMITH,3323 GAIL LANE,TYLER,TX,75701,20548d8398104d2a882cd018fff31786ccc77c4412b6874d5e1fada31ca02ab1,https://apps.hhs.texas.gov/providers/directories/ICFIID.xlsx,2026-09-30T19:14:28.931968+00:00,2026-09-29,,NO,0f0ae78d843d643094802d2b984b90f92e2c0d55d96fb96378ac0216902016cb
TH-ENRICH-TX-SENIOR-2026-09-30-IDR2,TX|HHSC|TX_ICF_IID|007286,TX_ICF_IID,007286,512,3600 NEW COPELAND ROAD,ICF/IID,YES,YES,SMITH,3600 NEW COPELAND RD,TYLER,TX,75701,20548d8398104d2a882cd018fff31786ccc77c4412b6874d5e1fada31ca02ab1,https://apps.hhs.texas.gov/providers/directories/ICFIID.xlsx,2026-09-30T19:14:28.931968+00:00,2026-09-29,,NO,a57f79f4af6a744aa63354f5b9adf2f9140509032a542a223e10569145fadad1
TH-ENRICH-TX-SENIOR-2026-09-30-IDR2,TX|HHSC|TX_ICF_IID|007372,TX_ICF_IID,007372,513,BRECKENRIDGE VILLAGE OF TYLER  BLUEBONNET HOUSE,ICF/IID,YES,YES,SMITH,15062 CR 1145,TYLER,TX,75704,20548d8398104d2a882cd018fff31786ccc77c4412b6874d5e1fada31ca02ab1,https://apps.hhs.texas.gov/providers/directories/ICFIID.xlsx,2026-09-30T19:14:28.931968+00:00,2026-09-29,,NO,5550381d7e2909c7d75c727de6dfa65efeec4ed656a573659561155a3157a892
TH-ENRICH-TX-SENIOR-2026-09-30-IDR2,TX|HHSC|TX_ICF_IID|003860,TX_ICF_IID,003860,514,BRECKENRIDGE VILLAGE OF TYLER  DE WET HOUSE,ICF/IID,YES,YES,SMITH,15062 COUNTY ROAD 1145,TYLER,TX,75704,20548d8398104d2a882cd018fff31786ccc77c4412b6874d5e1fada31ca02ab1,https://apps.hhs.texas.gov/providers/directories/ICFIID.xlsx,2026-09-30T19:14:28.931968+00:00,2026-09-29,,NO,28a7a90c3fbd8d926430c90503ee5aa0f8b329f29e28da2db035052f9dbd4dd1
TH-ENRICH-TX-SENIOR-2026-09-30-IDR2,TX|HHSC|TX_ICF_IID|007213,TX_ICF_IID,007213,515,BRECKENRIDGE VILLAGE OF TYLER  MAGNOLIA HOUSE,ICF/IID,YES,YES,SMITH,15062 CR 1145,TYLER,TX,75704,20548d8398104d2a882cd018fff31786ccc77c4412b6874d5e1fada31ca02ab1,https://apps.hhs.texas.gov/providers/directories/ICFIID.xlsx,2026-09-30T19:14:28.931968+00:00,2026-09-29,,NO,f5feaa851e83926318ee866b07b7b04c34b777ca326c7e2e878893394233b5ab
TH-ENRICH-TX-SENIOR-2026-09-30-IDR2,TX|HHSC|TX_ICF_IID|007620,TX_ICF_IID,007620,516,BRECKENRIDGE VILLAGE OF TYLER  MALLARD HOUSE,ICF/IID,YES,YES,SMITH,15062 CR 1145,TYLER,TX,75704,20548d8398104d2a882cd018fff31786ccc77c4412b6874d5e1fada31ca02ab1,https://apps.hhs.texas.gov/providers/directories/ICFIID.xlsx,2026-09-30T19:14:28.931968+00:00,2026-09-29,,NO,3df843bd3e73dddaba54a19eae50ac76a26b5e75dcd79a79323660cd403634ff
TH-ENRICH-TX-SENIOR-2026-09-30-IDR2,TX|HHSC|TX_ICF_IID|110294,TX_ICF_IID,110294,517,BRECKENRIDGE VILLAGE OF TYLER  PIGOTT HOUSE,ICF/IID,YES,YES,SMITH,15062 CR 1145,TYLER,TX,75704,20548d8398104d2a882cd018fff31786ccc77c4412b6874d5e1fada31ca02ab1,https://apps.hhs.texas.gov/providers/directories/ICFIID.xlsx,2026-09-30T19:14:28.931968+00:00,2026-09-29,,NO,8c62f4ce018b3490df4c9dc22014a40ceafa8ba248a601928f0dc2fbcfb56ff5
TH-ENRICH-TX-SENIOR-2026-09-30-IDR2,TX|HHSC|TX_ICF_IID|106432,TX_ICF_IID,106432,518,BRECKENRIDGE VILLAGE OF TYLER ROSE HOUSE,ICF/IID,YES,YES,SMITH,15062 COUNTY ROAD 1145,TYLER,TX,75704,20548d8398104d2a882cd018fff31786ccc77c4412b6874d5e1fada31ca02ab1,https://apps.hhs.texas.gov/providers/directories/ICFIID.xlsx,2026-09-30T19:14:28.931968+00:00,2026-09-29,,NO,1369c2f1451828275bd32c340eda6fed4bcfb1d7f59e8e1c0d379c4927cf53a3
TH-ENRICH-TX-SENIOR-2026-09-30-IDR2,TX|HHSC|TX_ICF_IID|106368,TX_ICF_IID,106368,519,BRECKENRIDGE VILLAGE OF TYLERBARNABAS HOUSE,ICF/IID,YES,YES,SMITH,15062 COUNTY ROAD 1145,TYLER,TX,75704,20548d8398104d2a882cd018fff31786ccc77c4412b6874d5e1fada31ca02ab1,https://apps.hhs.texas.gov/providers/directories/ICFIID.xlsx,2026-09-30T19:14:28.931968+00:00,2026-09-29,,NO,edd0da5b83de5cb78402a44f27c19f2cd7c50a930791749388d7ba6f082b16df
TH-ENRICH-TX-SENIOR-2026-09-30-IDR2,TX|HHSC|TX_ICF_IID|105449,TX_ICF_IID,105449,520,BRECKENRIDGE VILLAGE OF TYLEREAGLES NEST HOUSE,ICF/IID,YES,YES,SMITH,15062 CR 1145,TYLER,TX,75704,20548d8398104d2a882cd018fff31786ccc77c4412b6874d5e1fada31ca02ab1,https://apps.hhs.texas.gov/providers/directories/ICFIID.xlsx,2026-09-30T19:14:28.931968+00:00,2026-09-29,,NO,c69121d1a7cb15636c054d2103d6bb7f4f2325a25136217071851c4c9a755efc
TH-ENRICH-TX-SENIOR-2026-09-30-IDR2,TX|HHSC|TX_ICF_IID|110103,TX_ICF_IID,110103,521,BRECKENRIDGE VILLAGE OF TYLERPOWELL HOUSE,ICF/IID,YES,YES,SMITH,15062 CR 1145,TYLER,TX,75704,20548d8398104d2a882cd018fff31786ccc77c4412b6874d5e1fada31ca02ab1,https://apps.hhs.texas.gov/providers/directories/ICFIID.xlsx,2026-09-30T19:14:28.931968+00:00,2026-09-29,,NO,f33299f609f52fa7a2ac2ed8f245e39dcec1f495bc77acd3a5d69a1d837197a2
TH-ENRICH-TX-SENIOR-2026-09-30-IDR2,TX|HHSC|TX_ICF_IID|003776,TX_ICF_IID,003776,522,PHILLIPS GROUP HOME,ICF/IID,NO,YES,SMITH,210 WEST PHILLIPS,TYLER,TX,75701,20548d8398104d2a882cd018fff31786ccc77c4412b6874d5e1fada31ca02ab1,https://apps.hhs.texas.gov/providers/directories/ICFIID.xlsx,2026-09-30T19:14:28.931968+00:00,2026-09-29,,NO,2184bd3668a586bbb0818d51a976a9b11d5d1bf745bd2f0ae2319e9cb94e0cf6
TH-ENRICH-TX-SENIOR-2026-09-30-IDR2,TX|HHSC|TX_ICF_IID|007419,TX_ICF_IID,007419,523,1501 LOVERS LN,ICF/IID,YES,YES,TARRANT,1501 E LOVERS LN,ARLINGTON,TX,76010,20548d8398104d2a882cd018fff31786ccc77c4412b6874d5e1fada31ca02ab1,https://apps.hhs.texas.gov/providers/directories/ICFIID.xlsx,2026-09-30T19:14:28.931968+00:00,2026-09-29,,NO,b37da6509767b30b6937cc6aa70b326bd20724914db384fd902e6f45faa018e5
TH-ENRICH-TX-SENIOR-2026-09-30-IDR2,TX|HHSC|TX_ICF_IID|007230,TX_ICF_IID,007230,524,2309 CLEARWOOD COURT,ICF/IID,YES,YES,TARRANT,2309 CLEARWOOD CT,ARLINGTON,TX,76014,20548d8398104d2a882cd018fff31786ccc77c4412b6874d5e1fada31ca02ab1,https://apps.hhs.texas.gov/providers/directories/ICFIID.xlsx,2026-09-30T19:14:28.931968+00:00,2026-09-29,,NO,72fd5c61654a777ec702d06383c6f0e6e8d749859702b3819422bdfb042a5a7f
TH-ENRICH-TX-SENIOR-2026-09-30-IDR2,TX|HHSC|TX_ICF_IID|007352,TX_ICF_IID,007352,525,2410 EDINBURGH,ICF/IID,YES,YES,TARRANT,2410 EDINBURGH,ARLINGTON,TX,76018,20548d8398104d2a882cd018fff31786ccc77c4412b6874d5e1fada31ca02ab1,https://apps.hhs.texas.gov/providers/directories/ICFIID.xlsx,2026-09-30T19:14:28.931968+00:00,2026-09-29,,NO,a4517800b4b4a2faad7454eac5d3f59c73086b597407c3783d88274437744b1c
TH-ENRICH-TX-SENIOR-2026-09-30-IDR2,TX|HHSC|TX_ICF_IID|007245,TX_ICF_IID,007245,526,4209 BLOSSOM TRAIL,ICF/IID,YES,YES,TARRANT,4209 BLOSSOM TR,ARLINGTON,TX,76016,20548d8398104d2a882cd018fff31786ccc77c4412b6874d5e1fada31ca02ab1,https://apps.hhs.texas.gov/providers/directories/ICFIID.xlsx,2026-09-30T19:14:28.931968+00:00,2026-09-29,,NO,1c157e0dcc2ff3feaf40c797c0e10d73be03767f0ea0bcd9230f60085fa7091b
TH-ENRICH-TX-SENIOR-2026-09-30-IDR2,TX|HHSC|TX_ICF_IID|007524,TX_ICF_IID,007524,527,"A & M CARE, INC",ICF/IID,YES,YES,TARRANT,2004 QUINCY CT,ARLINGTON,TX,76013,20548d8398104d2a882cd018fff31786ccc77c4412b6874d5e1fada31ca02ab1,https://apps.hhs.texas.gov/providers/directories/ICFIID.xlsx,2026-09-30T19:14:28.931968+00:00,2026-09-29,,NO,1893f39dc7ac4d3589e4a6aa58093ec5b3ff536dde4f70f326501d394229b1de
TH-ENRICH-TX-SENIOR-2026-09-30-IDR2,TX|HHSC|TX_ICF_IID|104605,TX_ICF_IID,104605,528,"A & M CARE, INC",ICF/IID,YES,YES,TARRANT,2605 GLASSBORO CIR,ARLINGTON,TX,76015,20548d8398104d2a882cd018fff31786ccc77c4412b6874d5e1fada31ca02ab1,https://apps.hhs.texas.gov/providers/directories/ICFIID.xlsx,2026-09-30T19:14:28.931968+00:00,2026-09-29,,NO,eb60cdc8cccde63e748c399c1a28b3966d1033b7222362eb7bf57ac51ea51832
TH-ENRICH-TX-SENIOR-2026-09-30-IDR2,TX|HHSC|TX_ICF_IID|007584,TX_ICF_IID,007584,529,AMICUS AT RIFLEMAN,ICF/IID,YES,YES,TARRANT,405 RIFLEMAN TRAIL,ARLINGTON,TX,76002,20548d8398104d2a882cd018fff31786ccc77c4412b6874d5e1fada31ca02ab1,https://apps.hhs.texas.gov/providers/directories/ICFIID.xlsx,2026-09-30T19:14:28.931968+00:00,2026-09-29,,NO,aeeb3868a0d5c33fb5b691543681b6d4b4c7874b520c7b46c93772e60cb9f450
TH-ENRICH-TX-SENIOR-2026-09-30-IDR2,TX|HHSC|TX_ICF_IID|007526,TX_ICF_IID,007526,530,AMICUS AT SHAWN,ICF/IID,YES,YES,TARRANT,517 SHAWN COURT,ARLINGTON,TX,76014,20548d8398104d2a882cd018fff31786ccc77c4412b6874d5e1fada31ca02ab1,https://apps.hhs.texas.gov/providers/directories/ICFIID.xlsx,2026-09-30T19:14:28.931968+00:00,2026-09-29,,NO,15a54aacac3fbe6086385a2264c9403cf0a18faa6495d3a7c7ef389fba52fd1c
TH-ENRICH-TX-SENIOR-2026-09-30-IDR2,TX|HHSC|TX_ICF_IID|007589,TX_ICF_IID,007589,531,AMICUS AT XAVIER,ICF/IID,YES,YES,TARRANT,817 XAVIER DRIVE,ARLINGTON,TEXAS,76001,20548d8398104d2a882cd018fff31786ccc77c4412b6874d5e1fada31ca02ab1,https://apps.hhs.texas.gov/providers/directories/ICFIID.xlsx,2026-09-30T19:14:28.931968+00:00,2026-09-29,,NO,3e3f1806fa5555bd651598c44ff6d45f93444083bd9ae95180d1f38cd727d8c6
TH-ENRICH-TX-SENIOR-2026-09-30-IDR2,TX|HHSC|TX_ICF_IID|007817,TX_ICF_IID,007817,532,CALIFORNIA,ICF/IID,NO,YES,TARRANT,2812 CALIFORNIA LN,ARLINGTON,TX,76015,20548d8398104d2a882cd018fff31786ccc77c4412b6874d5e1fada31ca02ab1,https://apps.hhs.texas.gov/providers/directories/ICFIID.xlsx,2026-09-30T19:14:28.931968+00:00,2026-09-29,,NO,0b9490f48fc3a37da2f3a8a654d8b5f7fba936e3fe7be2a7a4b674ca4ce71fb1
TH-ENRICH-TX-SENIOR-2026-09-30-IDR2,TX|HHSC|TX_ICF_IID|007302,TX_ICF_IID,007302,533,CEDAR OAKS COMMUNITY HOME,ICF/IID,YES,YES,TARRANT,1000 COKE RD,ARLINGTON,TX,76010,20548d8398104d2a882cd018fff31786ccc77c4412b6874d5e1fada31ca02ab1,https://apps.hhs.texas.gov/providers/directories/ICFIID.xlsx,2026-09-30T19:14:28.931968+00:00,2026-09-29,,NO,9a28ecb3aadda1bcc78718bb7abed80d5e3d2dfd6c336c23e8c4727ecb5d3ad7
TH-ENRICH-TX-SENIOR-2026-09-30-IDR2,TX|HHSC|TX_ICF_IID|003601,TX_ICF_IID,003601,534,EDUCARE COMMUNITY LIVING CORPORATION  TEXAS,ICF/IID,YES,YES,TARRANT,1824 S FIELDER,ARLINGTON,TX,76013,20548d8398104d2a882cd018fff31786ccc77c4412b6874d5e1fada31ca02ab1,https://apps.hhs.texas.gov/providers/directories/ICFIID.xlsx,2026-09-30T19:14:28.931968+00:00,2026-09-29,,NO,3f6d500faafe4da3cfef6691b8b7e8e548311be2658feec3360bd67b5a5e8cb8
TH-ENRICH-TX-SENIOR-2026-09-30-IDR2,TX|HHSC|TX_ICF_IID|007277,TX_ICF_IID,007277,535,EDUCARE COMMUNITY LIVING CORPORATION  TEXAS,ICF/IID,YES,YES,TARRANT,2310 SHARPSHIRE LN,ARLINGTON,TX,76014,20548d8398104d2a882cd018fff31786ccc77c4412b6874d5e1fada31ca02ab1,https://apps.hhs.texas.gov/providers/directories/ICFIID.xlsx,2026-09-30T19:14:28.931968+00:00,2026-09-29,,NO,e0a4982c0f34fc9134b110ea31923199fed036c3cd2657692109d02e89070e43
TH-ENRICH-TX-SENIOR-2026-09-30-IDR2,TX|HHSC|TX_ICF_IID|007281,TX_ICF_IID,007281,536,EDUCARE COMMUNITY LIVING CORPORATION  TEXAS,ICF/IID,YES,YES,TARRANT,4700 MANDALAY DR,ARLINGTON,TX,76016,20548d8398104d2a882cd018fff31786ccc77c4412b6874d5e1fada31ca02ab1,https://apps.hhs.texas.gov/providers/directories/ICFIID.xlsx,2026-09-30T19:14:28.931968+00:00,2026-09-29,,NO,3fd77d66dc9fe50c40a28a12db6e1aadfbb54eadeae909aa0be3ba115f12da0d
TH-ENRICH-TX-SENIOR-2026-09-30-IDR2,TX|HHSC|TX_ICF_IID|003676,TX_ICF_IID,003676,537,EDUCARE COMMUNITY LIVING CORPORATION  TEXAS,ICF/IID,YES,YES,TARRANT,5004 MISTY WOOD DR,ARLINGTON,TX,76017,20548d8398104d2a882cd018fff31786ccc77c4412b6874d5e1fada31ca02ab1,https://apps.hhs.texas.gov/providers/directories/ICFIID.xlsx,2026-09-30T19:14:28.931968+00:00,2026-09-29,,NO,63649314a12a00b18e176a2d64d601f0ecd68c10be2cb0826720c899a3c19ae0
TH-ENRICH-TX-SENIOR-2026-09-30-IDR2,TX|HHSC|TX_ICF_IID|003850,TX_ICF_IID,003850,538,EDUCARE COMMUNITY LIVING LIMITED PARTNERSHIP,ICF/IID,YES,YES,TARRANT,4806 SPRING CREEK RD,ARLINGTON,TX,76017-1228,20548d8398104d2a882cd018fff31786ccc77c4412b6874d5e1fada31ca02ab1,https://apps.hhs.texas.gov/providers/directories/ICFIID.xlsx,2026-09-30T19:14:28.931968+00:00,2026-09-29,,NO,5f5af5116d0af301eaef9a21ea8b22eb536773232a18e0796d5e45f2deb61339
TH-ENRICH-TX-SENIOR-2026-09-30-IDR2,TX|HHSC|TX_ICF_IID|007473,TX_ICF_IID,007473,539,EDUCARE COMMUNITY LIVING LIMITED PARTNERSHIP,ICF/IID,YES,YES,TARRANT,1919 BOSQUE LN,ARLINGTON,TX,76006,20548d8398104d2a882cd018fff31786ccc77c4412b6874d5e1fada31ca02ab1,https://apps.hhs.texas.gov/providers/directories/ICFIID.xlsx,2026-09-30T19:14:28.931968+00:00,2026-09-29,,NO,817bfc37232be35b0b5f27e178bcd92408ea63277e63d4165910ea8191c24bda
TH-ENRICH-TX-SENIOR-2026-09-30-IDR2,TX|HHSC|TX_ICF_IID|007441,TX_ICF_IID,007441,540,EDUCARE COMMUNITY LIVING LIMITED PARTNERSHIP,ICF/IID,YES,YES,TARRANT,2121 REVERCHON DR,ARLINGTON,TX,76017,20548d8398104d2a882cd018fff31786ccc77c4412b6874d5e1fada31ca02ab1,https://apps.hhs.texas.gov/providers/directories/ICFIID.xlsx,2026-09-30T19:14:28.931968+00:00,2026-09-29,,NO,eab5d8d017c31c819b25c2fe395fca0ac67b1c18ebb76f7078a740901d60ffff
TH-ENRICH-TX-SENIOR-2026-09-30-IDR2,TX|HHSC|TX_ICF_IID|007301,TX_ICF_IID,007301,541,EDUCARE COMMUNITY LIVING LIMITED PARTNERSHIP,ICF/IID,YES,YES,TARRANT,3202 FOX HILL DR,ARLINGTON,TX,76015,20548d8398104d2a882cd018fff31786ccc77c4412b6874d5e1fada31ca02ab1,https://apps.hhs.texas.gov/providers/directories/ICFIID.xlsx,2026-09-30T19:14:28.931968+00:00,2026-09-29,,NO,ad6f56b1a312458eca1c12063eafa69e9859541303c792f611664364d376f4ab
TH-ENRICH-TX-SENIOR-2026-09-30-IDR2,TX|HHSC|TX_ICF_IID|101452,TX_ICF_IID,101452,542,EVERGREEN  ECHO SUMMIT COMMUNITY HOME,ICF/IID,YES,YES,TARRANT,6218 ECHO SUMMIT LN,ARLINGTON,TX,76017,20548d8398104d2a882cd018fff31786ccc77c4412b6874d5e1fada31ca02ab1,https://apps.hhs.texas.gov/providers/directories/ICFIID.xlsx,2026-09-30T19:14:28.931968+00:00,2026-09-29,,NO,009264ad139ec4b53f9bb77b4cf141e90241395a3eca7675fd4e52d3ef3c7ca1
TH-ENRICH-TX-SENIOR-2026-09-30-IDR2,TX|HHSC|TX_ICF_IID|007562,TX_ICF_IID,007562,543,EVERGREEN ELMGROVE COMMUNITY HOME,ICF/IID,YES,YES,TARRANT,4211 ELMGROVE,ARLINGTON,TX,76015,20548d8398104d2a882cd018fff31786ccc77c4412b6874d5e1fada31ca02ab1,https://apps.hhs.texas.gov/providers/directories/ICFIID.xlsx,2026-09-30T19:14:28.931968+00:00,2026-09-29,,NO,aac6164a9218fbc10bf2f9e8ffd22ba6c320dd10dfda49fc38378945dd628264
TH-ENRICH-TX-SENIOR-2026-09-30-IDR2,TX|HHSC|TX_ICF_IID|007563,TX_ICF_IID,007563,544,EVERGREEN ENDICOTT COMMUNITY HOME,ICF/IID,YES,YES,TARRANT,1502 ENDICOTT,ARLINGTON,TX,76018,20548d8398104d2a882cd018fff31786ccc77c4412b6874d5e1fada31ca02ab1,https://apps.hhs.texas.gov/providers/directories/ICFIID.xlsx,2026-09-30T19:14:28.931968+00:00,2026-09-29,,NO,c9810c5e52baea1f425d9d047606de2a253c54670c1966daf95d5e8329aa3fbf
TH-ENRICH-TX-SENIOR-2026-09-30-IDR2,TX|HHSC|TX_ICF_IID|101525,TX_ICF_IID,101525,545,EVERGREEN JEANNETTE EARLY COMMUNITY HOME,ICF/IID,YES,YES,TARRANT,329 MONTANA DR,ARLINGTON,TX,76002,20548d8398104d2a882cd018fff31786ccc77c4412b6874d5e1fada31ca02ab1,https://apps.hhs.texas.gov/providers/directories/ICFIID.xlsx,2026-09-30T19:14:28.931968+00:00,2026-09-29,,NO,3fd78e2dabebe8f89a74f95f859bf218715427132b9bd689f0b30fe2ec8d9e00
TH-ENRICH-TX-SENIOR-2026-09-30-IDR2,TX|HHSC|TX_ICF_IID|101454,TX_ICF_IID,101454,546,EVERGREEN SALIDA COMMUNITY HOME,ICF/IID,YES,YES,TARRANT,911 SALIDA DR,ARLINGTON,TX,76001,20548d8398104d2a882cd018fff31786ccc77c4412b6874d5e1fada31ca02ab1,https://apps.hhs.texas.gov/providers/directories/ICFIID.xlsx,2026-09-30T19:14:28.931968+00:00,2026-09-29,,NO,61d0a0a54f4e43b7f8352b9a7655d21dcd0d235c0911d69fa26320f0c16ef008
TH-ENRICH-TX-SENIOR-2026-09-30-IDR2,TX|HHSC|TX_ICF_IID|101819,TX_ICF_IID,101819,547,EVERGREEN WAGNER COMMUNITY HOME,ICF/IID,YES,YES,TARRANT,7905 PEREGRINE TRAIL,ARLINGTON,TX,76001,20548d8398104d2a882cd018fff31786ccc77c4412b6874d5e1fada31ca02ab1,https://apps.hhs.texas.gov/providers/directories/ICFIID.xlsx,2026-09-30T19:14:28.931968+00:00,2026-09-29,,NO,ae8a55d838da7f3eb9cb3aeee3177855b5aed9bd170be3dcd23dc43e83906fde
TH-ENRICH-TX-SENIOR-2026-09-30-IDR2,TX|HHSC|TX_ICF_IID|007576,TX_ICF_IID,007576,548,RACQUET CLUB,ICF/IID,NO,YES,TARRANT,4809 RACQUET CLUB DRIVE,ARLINGTON,TX,76017,20548d8398104d2a882cd018fff31786ccc77c4412b6874d5e1fada31ca02ab1,https://apps.hhs.texas.gov/providers/directories/ICFIID.xlsx,2026-09-30T19:14:28.931968+00:00,2026-09-29,,NO,41a0b767e6a44c676ccc62cf148548edd337f2c0972621deaf231c6eb014fa13
TH-ENRICH-TX-SENIOR-2026-09-30-IDR2,TX|HHSC|TX_ICF_IID|007451,TX_ICF_IID,007451,549,DENVER TRAIL,ICF/IID,YES,YES,TARRANT,129 DENVER TRAIL,AZLE,TX,76020,20548d8398104d2a882cd018fff31786ccc77c4412b6874d5e1fada31ca02ab1,https://apps.hhs.texas.gov/providers/directories/ICFIID.xlsx,2026-09-30T19:14:28.931968+00:00,2026-09-29,,NO,913d6518dd18dbf87b816d91afc8e3ad66858497a3672ce0ccf95422955ab916
TH-ENRICH-TX-SENIOR-2026-09-30-IDR2,TX|HHSC|TX_ICF_IID|007422,TX_ICF_IID,007422,550,EDUCARE COMMUNITY LIVING LIMITED PARTNERSHIP,ICF/IID,YES,YES,TARRANT,104 LAMPLIGHTER CT,AZLE,TX,76020,20548d8398104d2a882cd018fff31786ccc77c4412b6874d5e1fada31ca02ab1,https://apps.hhs.texas.gov/providers/directories/ICFIID.xlsx,2026-09-30T19:14:28.931968+00:00,2026-09-29,,NO,4d3387ea7db2cf60a9fa830b020add8cb5b2f8c56e49fd27fa71a94654a9b049
TH-ENRICH-TX-SENIOR-2026-09-30-IDR2,TX|HHSC|TX_ICF_IID|007414,TX_ICF_IID,007414,551,EDUCARE COMMUNITY LIVING LIMITED PARTNERSHIP,ICF/IID,YES,YES,TARRANT,1748 SPINNAKER LN,AZLE,TX,76020,20548d8398104d2a882cd018fff31786ccc77c4412b6874d5e1fada31ca02ab1,https://apps.hhs.texas.gov/providers/directories/ICFIID.xlsx,2026-09-30T19:14:28.931968+00:00,2026-09-29,,NO,7bca3f0aefb189b6f58ad5408620d2fd776a2c1839610e7eb8443c2c5a707cd9
TH-ENRICH-TX-SENIOR-2026-09-30-IDR2,TX|HHSC|TX_ICF_IID|003957,TX_ICF_IID,003957,552,EDUCARE COMMUNITY LIVING LIMITED PARTNERSHIP,ICF/IID,YES,YES,TARRANT,708 JAMES ST,AZLE,TX,76020,20548d8398104d2a882cd018fff31786ccc77c4412b6874d5e1fada31ca02ab1,https://apps.hhs.texas.gov/providers/directories/ICFIID.xlsx,2026-09-30T19:14:28.931968+00:00,2026-09-29,,NO,a6a2cb3de8a51a536dd454b87616bf1cefa19c07ed055067e448fad352fe9c62
TH-ENRICH-TX-SENIOR-2026-09-30-IDR2,TX|HHSC|TX_ICF_IID|007223,TX_ICF_IID,007223,553,ELM COURT,ICF/IID,YES,YES,TARRANT,928 ELM COURT,AZLE,TX,76020,20548d8398104d2a882cd018fff31786ccc77c4412b6874d5e1fada31ca02ab1,https://apps.hhs.texas.gov/providers/directories/ICFIID.xlsx,2026-09-30T19:14:28.931968+00:00,2026-09-29,,NO,2751fa0a72686274a3bf398559c31146174c7f8ac3eec96b815a3c788ea12e9d
TH-ENRICH-TX-SENIOR-2026-09-30-IDR2,TX|HHSC|TX_ICF_IID|007209,TX_ICF_IID,007209,554,TANGLEWOOD,ICF/IID,YES,YES,TARRANT,1613 TANGLEWOOD,AZLE,TX,76020,20548d8398104d2a882cd018fff31786ccc77c4412b6874d5e1fada31ca02ab1,https://apps.hhs.texas.gov/providers/directories/ICFIID.xlsx,2026-09-30T19:14:28.931968+00:00,2026-09-29,,NO,5b0a1b35fd6f64cb460c735d51a7b217a3d24590ff465c3dae2cf7faa70a2029
TH-ENRICH-TX-SENIOR-2026-09-30-IDR2,TX|HHSC|TX_ICF_IID|007809,TX_ICF_IID,007809,555,EDUCARE COMMUNITY LIVING LIMITED PARTNERSHIP,ICF/IID,YES,YES,TARRANT,3824 WALNUT DR,BEDFORD,TX,76021,20548d8398104d2a882cd018fff31786ccc77c4412b6874d5e1fada31ca02ab1,https://apps.hhs.texas.gov/providers/directories/ICFIID.xlsx,2026-09-30T19:14:28.931968+00:00,2026-09-29,,NO,941b77b3238b6b85f095fc880b37aa1e53a7cf78194b62167e757dd77397372b
TH-ENRICH-TX-SENIOR-2026-09-30-IDR2,TX|HHSC|TX_ICF_IID|007395,TX_ICF_IID,007395,556,TRAINING RESIDENCE 6,ICF/IID,NO,YES,TARRANT,1619 PIPELINE ROAD,BEDFORD,TX,76022,20548d8398104d2a882cd018fff31786ccc77c4412b6874d5e1fada31ca02ab1,https://apps.hhs.texas.gov/providers/directories/ICFIID.xlsx,2026-09-30T19:14:28.931968+00:00,2026-09-29,,NO,30abfd3b712aa5bfd601ec28f70e660d5238bcb8e0a8c0e0a419e31c66a528f4
TH-ENRICH-TX-SENIOR-2026-09-30-IDR2,TX|HHSC|TX_ICF_IID|003953,TX_ICF_IID,003953,557,COZBY COMMUNITY HOME,ICF/IID,YES,YES,TARRANT,106 COZBY ST SOUTH,BENBROOK,TX,76126,20548d8398104d2a882cd018fff31786ccc77c4412b6874d5e1fada31ca02ab1,https://apps.hhs.texas.gov/providers/directories/ICFIID.xlsx,2026-09-30T19:14:28.931968+00:00,2026-09-29,,NO,f383f9a90ef69ed1a686eab21c5302a37e2249253dfcd006d84960a48ea08c08
TH-ENRICH-TX-SENIOR-2026-09-30-IDR2,TX|HHSC|TX_ICF_IID|007397,TX_ICF_IID,007397,558,BUILDER ROAD,ICF/IID,NO,YES,TARRANT,2200 BUILDER ROAD,CROWLEY,TX,76036,20548d8398104d2a882cd018fff31786ccc77c4412b6874d5e1fada31ca02ab1,https://apps.hhs.texas.gov/providers/directories/ICFIID.xlsx,2026-09-30T19:14:28.931968+00:00,2026-09-29,,NO,99222759a96c3972ae8a85b106bc0a6bf0b8f33980885636fb244b61b88bf76b
TH-ENRICH-TX-SENIOR-2026-09-30-IDR2,TX|HHSC|TX_ICF_IID|003845,TX_ICF_IID,003845,559,NEWSTART LIVING CENTER I,ICF/IID,YES,YES,TARRANT,305 N BEVERLY ST,CROWLEY,TX,76036,20548d8398104d2a882cd018fff31786ccc77c4412b6874d5e1fada31ca02ab1,https://apps.hhs.texas.gov/providers/directories/ICFIID.xlsx,2026-09-30T19:14:28.931968+00:00,2026-09-29,,NO,e8789f241924bb76fb444de6545beeeb308cf336067518ee5e4d529e99fa1c54
TH-ENRICH-TX-SENIOR-2026-09-30-IDR2,TX|HHSC|TX_ICF_IID|003670,TX_ICF_IID,003670,560,SUMMER HOUSE,ICF/IID,YES,YES,TARRANT,1925 CATTLE DRIVE CT,CROWLEY,TX,76036,20548d8398104d2a882cd018fff31786ccc77c4412b6874d5e1fada31ca02ab1,https://apps.hhs.texas.gov/providers/directories/ICFIID.xlsx,2026-09-30T19:14:28.931968+00:00,2026-09-29,,NO,fecda8fb62f7cfebc41254e7681279cdbd471bf272bb77c4499406d0a97c4163
TH-ENRICH-TX-SENIOR-2026-09-30-IDR2,TX|HHSC|TX_ICF_IID|111904,TX_ICF_IID,111904,561,2YORK,ICF/IID,YES,YES,TARRANT,2 YORK DR,EDGECLIFF VILLAGE,TEXAS,76134,20548d8398104d2a882cd018fff31786ccc77c4412b6874d5e1fada31ca02ab1,https://apps.hhs.texas.gov/providers/directories/ICFIID.xlsx,2026-09-30T19:14:28.931968+00:00,2026-09-29,,NO,dd8dff785cf266a573552607d08b490fb9dd9630ce5652c1c6421da4b06a25c2
TH-ENRICH-TX-SENIOR-2026-09-30-IDR2,TX|HHSC|TX_ICF_IID|007575,TX_ICF_IID,007575,562,AMICUS AT MILLS,ICF/IID,YES,YES,TARRANT,512 S MILLS DRIVE,EULESS,TX,76040,20548d8398104d2a882cd018fff31786ccc77c4412b6874d5e1fada31ca02ab1,https://apps.hhs.texas.gov/providers/directories/ICFIID.xlsx,2026-09-30T19:14:28.931968+00:00,2026-09-29,,NO,438d150d178915dcc389c49cccc5b260b09315f6783c6e8ef502bb4181233d5c
TH-ENRICH-TX-SENIOR-2026-09-30-IDR2,TX|HHSC|TX_ICF_IID|007262,TX_ICF_IID,007262,563,CHAMBERS CREEK COMMUNITY HOME,ICF/IID,YES,YES,TARRANT,613 CHAMBERS CRK,EVERMAN,TX,76140,20548d8398104d2a882cd018fff31786ccc77c4412b6874d5e1fada31ca02ab1,https://apps.hhs.texas.gov/providers/directories/ICFIID.xlsx,2026-09-30T19:14:28.931968+00:00,2026-09-29,,NO,55329bcdf1a62bbfaf69d337c70a9ac849d621d3cfee6baf06e7361e77fc6921
TH-ENRICH-TX-SENIOR-2026-09-30-IDR2,TX|HHSC|TX_ICF_IID|003870,TX_ICF_IID,003870,564,NEWSTART LIVING CENTER II,ICF/IID,YES,YES,TARRANT,1000 COURY RD,EVERMAN,TX,76140,20548d8398104d2a882cd018fff31786ccc77c4412b6874d5e1fada31ca02ab1,https://apps.hhs.texas.gov/providers/directories/ICFIID.xlsx,2026-09-30T19:14:28.931968+00:00,2026-09-29,,NO,be6b568ae66e6c5fd2bbf115482cbb07e6f7f43a2681c03ee1b922fac68df7f6
TH-ENRICH-TX-SENIOR-2026-09-30-IDR2,TX|HHSC|TX_ICF_IID|110479,TX_ICF_IID,110479,565,CIBOLO HOUSE,ICF/IID,NO,YES,TARRANT,3313 SHAMROCK,FOREST HILL,TX,76119,20548d8398104d2a882cd018fff31786ccc77c4412b6874d5e1fada31ca02ab1,https://apps.hhs.texas.gov/providers/directories/ICFIID.xlsx,2026-09-30T19:14:28.931968+00:00,2026-09-29,,NO,d0a2430a4c4178e88aab6c8828f40e1954c3e0736f41a2cfbc985ef3721d5e75
TH-ENRICH-TX-SENIOR-2026-09-30-IDR2,TX|HHSC|TX_ICF_IID|003931,TX_ICF_IID,003931,566,NEWSTART LIVING CENTER I I I,ICF/IID,YES,YES,TARRANT,5124 QUEEN ANNE DR,FOREST HILL,TX,76119,20548d8398104d2a882cd018fff31786ccc77c4412b6874d5e1fada31ca02ab1,https://apps.hhs.texas.gov/providers/directories/ICFIID.xlsx,2026-09-30T19:14:28.931968+00:00,2026-09-29,,NO,6ea43671c2b81a8429291194945a700962d49b373ce8fd6113c23904d3869a03
TH-ENRICH-TX-SENIOR-2026-09-30-IDR2,TX|HHSC|TX_ICF_IID|003683,TX_ICF_IID,003683,567,CRAIG STREET,ICF/IID,YES,YES,TARRANT,7504 CRAIG ST,FORT WORTH,TX,76112,20548d8398104d2a882cd018fff31786ccc77c4412b6874d5e1fada31ca02ab1,https://apps.hhs.texas.gov/providers/directories/ICFIID.xlsx,2026-09-30T19:14:28.931968+00:00,2026-09-29,,NO,a142cd0b7c89258f13447b601de01ee4466a32f91de7b0e2a112b1a5da021776
TH-ENRICH-TX-SENIOR-2026-09-30-IDR2,TX|HHSC|TX_ICF_IID|007240,TX_ICF_IID,007240,568,EDUCARE COMMUNITY LIVING CORPORATION  TEXAS,ICF/IID,YES,YES,TARRANT,5009 MARBLE FALLS,FORT WORTH,TX,76103,20548d8398104d2a882cd018fff31786ccc77c4412b6874d5e1fada31ca02ab1,https://apps.hhs.texas.gov/providers/directories/ICFIID.xlsx,2026-09-30T19:14:28.931968+00:00,2026-09-29,,NO,1e12c64dd2e5f5f1242377a67c0f08083691f9729439e7a8d0ebed871cbfb799
TH-ENRICH-TX-SENIOR-2026-09-30-IDR2,TX|HHSC|TX_ICF_IID|003636,TX_ICF_IID,003636,569,EDUCARE COMMUNITY LIVING CORPORATION  TEXAS,ICF/IID,YES,YES,TARRANT,5320 HASTINGS,FORT WORTH,TX,76133,20548d8398104d2a882cd018fff31786ccc77c4412b6874d5e1fada31ca02ab1,https://apps.hhs.texas.gov/providers/directories/ICFIID.xlsx,2026-09-30T19:14:28.931968+00:00,2026-09-29,,NO,951f70b9c120f5eb4ce6ddf3d3f7195490cb88705e5710a17eca71c419e0f0bd
TH-ENRICH-TX-SENIOR-2026-09-30-IDR2,TX|HHSC|TX_ICF_IID|007226,TX_ICF_IID,007226,570,EDUCARE COMMUNITY LIVING CORPORATION  TEXAS,ICF/IID,YES,YES,TARRANT,1433 BARRON LN,FORT WORTH,TX,76112,20548d8398104d2a882cd018fff31786ccc77c4412b6874d5e1fada31ca02ab1,https://apps.hhs.texas.gov/providers/directories/ICFIID.xlsx,2026-09-30T19:14:28.931968+00:00,2026-09-29,,NO,13aa1cedba52cdd77492477235b7cbab007ff5accbb52560908d80b4a2805e76
TH-ENRICH-TX-SENIOR-2026-09-30-IDR2,TX|HHSC|TX_ICF_IID|007285,TX_ICF_IID,007285,571,EDUCARE COMMUNITY LIVING CORPORATION  TEXAS,ICF/IID,YES,YES,TARRANT,8321 OHARA,FORT WORTH,TX,76123,20548d8398104d2a882cd018fff31786ccc77c4412b6874d5e1fada31ca02ab1,https://apps.hhs.texas.gov/providers/directories/ICFIID.xlsx,2026-09-30T19:14:28.931968+00:00,2026-09-29,,NO,e3d608e28e93e1ff27ca469fda9937958514ee5f60b539f5112ed91ce7cf5c4e
TH-ENRICH-TX-SENIOR-2026-09-30-IDR2,TX|HHSC|TX_ICF_IID|003641,TX_ICF_IID,003641,572,EDUCARE COMMUNITY LIVING CORPORATION – TEXAS,ICF/IID,YES,YES,TARRANT,6524 WHITMAN,FORT WORTH,TX,76133,20548d8398104d2a882cd018fff31786ccc77c4412b6874d5e1fada31ca02ab1,https://apps.hhs.texas.gov/providers/directories/ICFIID.xlsx,2026-09-30T19:14:28.931968+00:00,2026-09-29,,NO,9d0c4368416cbd05a324197b69d10cf8638eb39cc0f0f8a0997568477f207726
TH-ENRICH-TX-SENIOR-2026-09-30-IDR2,TX|HHSC|TX_ICF_IID|007815,TX_ICF_IID,007815,573,EDUCARE COMMUNITY LIVING LIMITED PARTNERSHIP,ICF/IID,YES,YES,TARRANT,6505 POCO COURT,FORT WORTH,TX,76133,20548d8398104d2a882cd018fff31786ccc77c4412b6874d5e1fada31ca02ab1,https://apps.hhs.texas.gov/providers/directories/ICFIID.xlsx,2026-09-30T19:14:28.931968+00:00,2026-09-29,,NO,b99bad5ba39aa9b4b9451100f667b1fcf5d20f14d67c8ab2452f34e88705aedb
TH-ENRICH-TX-SENIOR-2026-09-30-IDR2,TX|HHSC|TX_ICF_IID|007477,TX_ICF_IID,007477,574,EDUCARE COMMUNITY LIVING LIMITED PARTNERSHIP,ICF/IID,YES,YES,TARRANT,5724 WINIFRED DR,FORT WORTH,TX,76133,20548d8398104d2a882cd018fff31786ccc77c4412b6874d5e1fada31ca02ab1,https://apps.hhs.texas.gov/providers/directories/ICFIID.xlsx,2026-09-30T19:14:28.931968+00:00,2026-09-29,,NO,68edb0de0ba6cb69af975d9ef3a4fcd0199e4e476af6365d49376502a6f933b2
TH-ENRICH-TX-SENIOR-2026-09-30-IDR2,TX|HHSC|TX_ICF_IID|007551,TX_ICF_IID,007551,575,EDUCARE COMMUNITY LIVING LIMITED PARTNERSHIP,ICF/IID,YES,YES,TARRANT,4120 LONGMEADOW WAY,FORT WORTH,TX,76134,20548d8398104d2a882cd018fff31786ccc77c4412b6874d5e1fada31ca02ab1,https://apps.hhs.texas.gov/providers/directories/ICFIID.xlsx,2026-09-30T19:14:28.931968+00:00,2026-09-29,,NO,868121a31a12ef5869e1bf48fe4241515fa05b5ae6f5b54099443f812d6ec22f
TH-ENRICH-TX-SENIOR-2026-09-30-IDR2,TX|HHSC|TX_ICF_IID|003855,TX_ICF_IID,003855,576,EDUCARE COMMUNITY LIVING LIMITED PARTNERSHIP,ICF/IID,YES,YES,TARRANT,4308 BARCELONA,FORT WORTH,TX,76133,20548d8398104d2a882cd018fff31786ccc77c4412b6874d5e1fada31ca02ab1,https://apps.hhs.texas.gov/providers/directories/ICFIID.xlsx,2026-09-30T19:14:28.931968+00:00,2026-09-29,,NO,1d24375e16edda3778facb30412c1ab821c87ce01a5657f8027bcd5accf157d5
TH-ENRICH-TX-SENIOR-2026-09-30-IDR2,TX|HHSC|TX_ICF_IID|007544,TX_ICF_IID,007544,577,EDUCARE COMMUNITY LIVING LIMITED PARTNERSHIP,ICF/IID,YES,YES,TARRANT,1812 COUNTRY MANOR RD,FORT WORTH,TX,76133,20548d8398104d2a882cd018fff31786ccc77c4412b6874d5e1fada31ca02ab1,https://apps.hhs.texas.gov/providers/directories/ICFIID.xlsx,2026-09-30T19:14:28.931968+00:00,2026-09-29,,NO,bed4dad7af90281c0a337ec626454f5466e067be6a38b2af1db37ef7cd1d9e8b
TH-ENRICH-TX-SENIOR-2026-09-30-IDR2,TX|HHSC|TX_ICF_IID|007388,TX_ICF_IID,007388,578,FAIRMEADOWS,ICF/IID,YES,YES,TARRANT,3309 FAIRMEADOWS,FORT WORTH,TX,76123,20548d8398104d2a882cd018fff31786ccc77c4412b6874d5e1fada31ca02ab1,https://apps.hhs.texas.gov/providers/directories/ICFIID.xlsx,2026-09-30T19:14:28.931968+00:00,2026-09-29,,NO,ac13c247e6f655851279ad3f338500484b6e69def26c954444f4cf25b33d51bd
TH-ENRICH-TX-SENIOR-2026-09-30-IDR2,TX|HHSC|TX_ICF_IID|007529,TX_ICF_IID,007529,579,FOREST CREEK,ICF/IID,YES,YES,TARRANT,2520 FOREST CREEK DR,FORT WORTH,TX,76123,20548d8398104d2a882cd018fff31786ccc77c4412b6874d5e1fada31ca02ab1,https://apps.hhs.texas.gov/providers/directories/ICFIID.xlsx,2026-09-30T19:14:28.931968+00:00,2026-09-29,,NO,c3ee5734508d0c2e16543c35eb7672dd96f80635897abbd629990fd4ed3ecc5b
TH-ENRICH-TX-SENIOR-2026-09-30-IDR2,TX|HHSC|TX_ICF_IID|007303,TX_ICF_IID,007303,580,HUNTWICK,ICF/IID,YES,YES,TARRANT,3744 HUNTWICK DR,FORT WORTH,TX,76123,20548d8398104d2a882cd018fff31786ccc77c4412b6874d5e1fada31ca02ab1,https://apps.hhs.texas.gov/providers/directories/ICFIID.xlsx,2026-09-30T19:14:28.931968+00:00,2026-09-29,,NO,08b2810334b65ec3952b18aececb33bd0d4a058314cfad6c574fc701c27c3be1
TH-ENRICH-TX-SENIOR-2026-09-30-IDR2,TX|HHSC|TX_ICF_IID|003849,TX_ICF_IID,003849,581,KINGSWOOD COMMUNITY HOME,ICF/IID,YES,YES,TARRANT,6717 KINGSWOOD DR,FORT WORTH,TX,76133,20548d8398104d2a882cd018fff31786ccc77c4412b6874d5e1fada31ca02ab1,https://apps.hhs.texas.gov/providers/directories/ICFIID.xlsx,2026-09-30T19:14:28.931968+00:00,2026-09-29,,NO,d1b7325df669667dcd4b838d2e82e6b432b6f64f9d58e8f0032d246b0f61370f
TH-ENRICH-TX-SENIOR-2026-09-30-IDR2,TX|HHSC|TX_ICF_IID|007329,TX_ICF_IID,007329,582,MOUNTAIN RIDGE,ICF/IID,YES,YES,TARRANT,717 MOUNTAIN RIDGE COURT WEST,FORT WORTH,TX,76135,20548d8398104d2a882cd018fff31786ccc77c4412b6874d5e1fada31ca02ab1,https://apps.hhs.texas.gov/providers/directories/ICFIID.xlsx,2026-09-30T19:14:28.931968+00:00,2026-09-29,,NO,c1f4149f738f64b6984bc237bebf2ecea32dbf55dbda7ff534d81ace88a643a7
TH-ENRICH-TX-SENIOR-2026-09-30-IDR2,TX|HHSC|TX_ICF_IID|003843,TX_ICF_IID,003843,583,OAKLAND PARK,ICF/IID,YES,YES,TARRANT,4613/15 MENZER,FORT WORTH,TX,76103,20548d8398104d2a882cd018fff31786ccc77c4412b6874d5e1fada31ca02ab1,https://apps.hhs.texas.gov/providers/directories/ICFIID.xlsx,2026-09-30T19:14:28.931968+00:00,2026-09-29,,NO,83cd36d3be1d029f747c7ad3b15575396c476d6119623973466f788cbf206414
TH-ENRICH-TX-SENIOR-2026-09-30-IDR2,TX|HHSC|TX_ICF_IID|110546,TX_ICF_IID,110546,584,OAKLAWN HOUSE,ICF/IID,YES,YES,TARRANT,7008 VOLLEY COURT,FORT WORTH,TEXAS,76133,20548d8398104d2a882cd018fff31786ccc77c4412b6874d5e1fada31ca02ab1,https://apps.hhs.texas.gov/providers/directories/ICFIID.xlsx,2026-09-30T19:14:28.931968+00:00,2026-09-29,,NO,7c6c08b4422ddd8af7f422913005218e2e8f277d37eeafd90380d3efac281fde
TH-ENRICH-TX-SENIOR-2026-09-30-IDR2,TX|HHSC|TX_ICF_IID|111422,TX_ICF_IID,111422,585,PETTIT HOUSE,ICF/IID,YES,YES,TARRANT,4305 BARCELONA DR,FORT WORTH,TEXAS,76133,20548d8398104d2a882cd018fff31786ccc77c4412b6874d5e1fada31ca02ab1,https://apps.hhs.texas.gov/providers/directories/ICFIID.xlsx,2026-09-30T19:14:28.931968+00:00,2026-09-29,,NO,4dc1e9f2c9179f9e80cf3328ae9f3e5fbf175eb3986aee2db90a937663c49456
TH-ENRICH-TX-SENIOR-2026-09-30-IDR2,TX|HHSC|TX_ICF_IID|007476,TX_ICF_IID,007476,586,SAFE CARE III,ICF/IID,YES,YES,TARRANT,4244 RIVER BIRCH RD,FORT WORTH,TX,76137,20548d8398104d2a882cd018fff31786ccc77c4412b6874d5e1fada31ca02ab1,https://apps.hhs.texas.gov/providers/directories/ICFIID.xlsx,2026-09-30T19:14:28.931968+00:00,2026-09-29,,NO,43f2751bceef47c59b33db3e7f122d1dc9108ec5b4ed4204d18176486552de3f
TH-ENRICH-TX-SENIOR-2026-09-30-IDR2,TX|HHSC|TX_ICF_IID|007464,TX_ICF_IID,007464,587,SAFE CARE IV,ICF/IID,YES,YES,TARRANT,7105 BENTLEY,FORT WORTH,TX,76137,20548d8398104d2a882cd018fff31786ccc77c4412b6874d5e1fada31ca02ab1,https://apps.hhs.texas.gov/providers/directories/ICFIID.xlsx,2026-09-30T19:14:28.931968+00:00,2026-09-29,,NO,74f48fa09768209466cedc02a913f43cb7e16388fa23472ea0fccda0a49fe1bd
TH-ENRICH-TX-SENIOR-2026-09-30-IDR2,TX|HHSC|TX_ICF_IID|007430,TX_ICF_IID,007430,588,SUMMER HOUSE 2,ICF/IID,YES,YES,TARRANT,4445 CARTAGENA DRIVE,FORT WORTH,TX,76133,20548d8398104d2a882cd018fff31786ccc77c4412b6874d5e1fada31ca02ab1,https://apps.hhs.texas.gov/providers/directories/ICFIID.xlsx,2026-09-30T19:14:28.931968+00:00,2026-09-29,,NO,728b2aeb644fd90fdc258d67233a5b21805101bb5d2bc6e1cdb3177833de3697
TH-ENRICH-TX-SENIOR-2026-09-30-IDR2,TX|HHSC|TX_ICF_IID|110612,TX_ICF_IID,110612,589,SUNSET ACRES HOUSE,ICF/IID,YES,YES,TARRANT,7336 CHANNEL VIEW DR.,FORT WORTH,TEXAS,76133,20548d8398104d2a882cd018fff31786ccc77c4412b6874d5e1fada31ca02ab1,https://apps.hhs.texas.gov/providers/directories/ICFIID.xlsx,2026-09-30T19:14:28.931968+00:00,2026-09-29,,NO,9258a0e1b8cec1bc39f7ab2ea188cef2793f98a5bcd0bf2cb8f83e9b6ef98952
TH-ENRICH-TX-SENIOR-2026-09-30-IDR2,TX|HHSC|TX_ICF_IID|106856,TX_ICF_IID,106856,590,TARRANT COUNTY DADS SERVICES WEST LANE,ICF/IID,NO,YES,TARRANT,6225 S HULEN,FORT WORTH,TX,76133,20548d8398104d2a882cd018fff31786ccc77c4412b6874d5e1fada31ca02ab1,https://apps.hhs.texas.gov/providers/directories/ICFIID.xlsx,2026-09-30T19:14:28.931968+00:00,2026-09-29,,NO,f59a81a8fbf45978faeacd2a92d9c164bfa037e4f9916662fea6db7ce72148d1
TH-ENRICH-TX-SENIOR-2026-09-30-IDR2,TX|HHSC|TX_ICF_IID|003829,TX_ICF_IID,003829,591,TARRANT COUNTY MHMR SERVICES TRAINING RESIDENCE 2,ICF/IID,NO,YES,TARRANT,701 SANDY LN,FORT WORTH,TX,76120,20548d8398104d2a882cd018fff31786ccc77c4412b6874d5e1fada31ca02ab1,https://apps.hhs.texas.gov/providers/directories/ICFIID.xlsx,2026-09-30T19:14:28.931968+00:00,2026-09-29,,NO,4972bb827e2bdd941cd549eb94b3a9c99201dc71ae5b8d6d117d3c3814af84cf
TH-ENRICH-TX-SENIOR-2026-09-30-IDR2,TX|HHSC|TX_ICF_IID|003812,TX_ICF_IID,003812,592,TARRANT COUNTY MHMR SERVICES TRAINING RESIDENCE 5,ICF/IID,NO,YES,TARRANT,4833 DIAZ,FORT WORTH,TX,76107,20548d8398104d2a882cd018fff31786ccc77c4412b6874d5e1fada31ca02ab1,https://apps.hhs.texas.gov/providers/directories/ICFIID.xlsx,2026-09-30T19:14:28.931968+00:00,2026-09-29,,NO,8255eabd822d0c77953d8d2f2c5aa490b79ef37ad215050647ec5eadae4d0c7a
TH-ENRICH-TX-SENIOR-2026-09-30-IDR2,TX|HHSC|TX_ICF_IID|007370,TX_ICF_IID,007370,593,TRAINING RESIDENCE 7,ICF/IID,NO,YES,TARRANT,6312 KINGSWOOD,FORT WORTH,TX,76133,20548d8398104d2a882cd018fff31786ccc77c4412b6874d5e1fada31ca02ab1,https://apps.hhs.texas.gov/providers/directories/ICFIID.xlsx,2026-09-30T19:14:28.931968+00:00,2026-09-29,,NO,15713379ab88cff657269a512fdc79ca40aec51576ef0510655b273e0dc0d939
TH-ENRICH-TX-SENIOR-2026-09-30-IDR2,TX|HHSC|TX_ICF_IID|007351,TX_ICF_IID,007351,594,TRAINING RESIDENCE 8 TARRANT COUNTY MHMR,ICF/IID,NO,YES,TARRANT,6341 JUNEAU,FORT WORTH,TX,76116,20548d8398104d2a882cd018fff31786ccc77c4412b6874d5e1fada31ca02ab1,https://apps.hhs.texas.gov/providers/directories/ICFIID.xlsx,2026-09-30T19:14:28.931968+00:00,2026-09-29,,NO,153e0446984441ae4fce12755d0c1e43624c456c9e34cf7a5bef647d0214f771
TH-ENRICH-TX-SENIOR-2026-09-30-IDR2,TX|HHSC|TX_ICF_IID|003739,TX_ICF_IID,003739,595,WILLIAMS ROAD,ICF/IID,NO,YES,TARRANT,1136 WILLIAMS ROAD,FORT WORTH,TX,76120,20548d8398104d2a882cd018fff31786ccc77c4412b6874d5e1fada31ca02ab1,https://apps.hhs.texas.gov/providers/directories/ICFIID.xlsx,2026-09-30T19:14:28.931968+00:00,2026-09-29,,NO,6090825a72deeedd862b9dccd0c97eabdf51a5dc4757a70a958cbf529e4f5876
TH-ENRICH-TX-SENIOR-2026-09-30-IDR2,TX|HHSC|TX_ICF_IID|110604,TX_ICF_IID,110604,596,WORRELL,ICF/IID,NO,YES,TARRANT,3829 FENTON DRIVE,FORT WORTH,TEXAS,76133,20548d8398104d2a882cd018fff31786ccc77c4412b6874d5e1fada31ca02ab1,https://apps.hhs.texas.gov/providers/directories/ICFIID.xlsx,2026-09-30T19:14:28.931968+00:00,2026-09-29,,NO,c87e111c9961315d970d13d8c4489aaec421f0ea9372e55c47c0ecbec7b65359
TH-ENRICH-TX-SENIOR-2026-09-30-IDR2,TX|HHSC|TX_ICF_IID|007453,TX_ICF_IID,007453,597,WALNUT CREEK RESIDENTIAL SERVICES  INC,ICF/IID,YES,YES,TARRANT,4611 YALE DR.,GRAND PRAIRIE,TX,75052,20548d8398104d2a882cd018fff31786ccc77c4412b6874d5e1fada31ca02ab1,https://apps.hhs.texas.gov/providers/directories/ICFIID.xlsx,2026-09-30T19:14:28.931968+00:00,2026-09-29,,NO,7272e2dc22b902b1f464e20212b26d9eacb9d0930ee5f39dc011d063763e4d65
TH-ENRICH-TX-SENIOR-2026-09-30-IDR2,TX|HHSC|TX_ICF_IID|007417,TX_ICF_IID,007417,598,BROOKWOOD II,ICF/IID,YES,YES,TARRANT,649 CIRCLE VIEW S,HURST,TX,76054,20548d8398104d2a882cd018fff31786ccc77c4412b6874d5e1fada31ca02ab1,https://apps.hhs.texas.gov/providers/directories/ICFIID.xlsx,2026-09-30T19:14:28.931968+00:00,2026-09-29,,NO,fa5b566180b80c308f60b802f8f24d16c86ab0ad56bc212cdd59434c720f5845
TH-ENRICH-TX-SENIOR-2026-09-30-IDR2,TX|HHSC|TX_ICF_IID|003942,TX_ICF_IID,003942,599,EDUCARE COMMUNITY LIVING LIMITED PARTNERSHIP,ICF/IID,YES,YES,TARRANT,540 HURSTVIEW,HURST,TX,76053,20548d8398104d2a882cd018fff31786ccc77c4412b6874d5e1fada31ca02ab1,https://apps.hhs.texas.gov/providers/directories/ICFIID.xlsx,2026-09-30T19:14:28.931968+00:00,2026-09-29,,NO,aef8c053855f5efb3d9ed46fd1def9c76fe5b2c90db54417cf71286a7fc9865f
TH-ENRICH-TX-SENIOR-2026-09-30-IDR2,TX|HHSC|TX_ICF_IID|007276,TX_ICF_IID,007276,600,BROOKWOOD I,ICF/IID,YES,YES,TARRANT,2900 BROOKWOOD LN,SOUTHLAKE,TX,76092,20548d8398104d2a882cd018fff31786ccc77c4412b6874d5e1fada31ca02ab1,https://apps.hhs.texas.gov/providers/directories/ICFIID.xlsx,2026-09-30T19:14:28.931968+00:00,2026-09-29,,NO,664143339b6cbaad71645d46d6d0926cf521f60d5fcb3c511899c82fa7630156
TH-ENRICH-TX-SENIOR-2026-09-30-IDR2,TX|HHSC|TX_ICF_IID|007623,TX_ICF_IID,007623,601,BROOKWOOD I I I,ICF/IID,YES,YES,TARRANT,2410 TAYLOR ST,SOUTHLAKE,TX,76092,20548d8398104d2a882cd018fff31786ccc77c4412b6874d5e1fada31ca02ab1,https://apps.hhs.texas.gov/providers/directories/ICFIID.xlsx,2026-09-30T19:14:28.931968+00:00,2026-09-29,,NO,fe6b26f815ed3b7b92468e287ba86e340b9999412cdec0fc19120e2be3cfd9f3
TH-ENRICH-TX-SENIOR-2026-09-30-IDR2,TX|HHSC|TX_ICF_IID|007353,TX_ICF_IID,007353,602,SAFE CARE I,ICF/IID,YES,YES,TARRANT,6517 BROOKSIDE DR,WATAUGA,TX,76148,20548d8398104d2a882cd018fff31786ccc77c4412b6874d5e1fada31ca02ab1,https://apps.hhs.texas.gov/providers/directories/ICFIID.xlsx,2026-09-30T19:14:28.931968+00:00,2026-09-29,,NO,16888097b41f6b6cea3c207a5585f08d5f04b7b73eed1e7d4df755689eca3c93
TH-ENRICH-TX-SENIOR-2026-09-30-IDR2,TX|HHSC|TX_ICF_IID|007410,TX_ICF_IID,007410,603,SAFE CARE II,ICF/IID,YES,YES,TARRANT,8005 LAZY BROOK DR,WATAUGA,TX,76148,20548d8398104d2a882cd018fff31786ccc77c4412b6874d5e1fada31ca02ab1,https://apps.hhs.texas.gov/providers/directories/ICFIID.xlsx,2026-09-30T19:14:28.931968+00:00,2026-09-29,,NO,7a81af9fcf2390dbdab1418cfa79cd8ca90672ff8fc2728b7fa6049bfc99c1b9
TH-ENRICH-TX-SENIOR-2026-09-30-IDR2,TX|HHSC|TX_ICF_IID|106857,TX_ICF_IID,106857,604,LOVELL HOUSE,ICF/IID,NO,YES,TARRANT,5325 LOVELL AVENUE,WESTOVER HILLS,TX,76107,20548d8398104d2a882cd018fff31786ccc77c4412b6874d5e1fada31ca02ab1,https://apps.hhs.texas.gov/providers/directories/ICFIID.xlsx,2026-09-30T19:14:28.931968+00:00,2026-09-29,,NO,a356bbb48fc498c0fe1a990a96abc40ce5328993c670bf4148be5e7fba079a7c
TH-ENRICH-TX-SENIOR-2026-09-30-IDR2,TX|HHSC|TX_ICF_IID|007425,TX_ICF_IID,007425,605,ALYSSA 1,ICF/IID,YES,YES,TARRANT,9220 ALYSSA DR,WHITE SETTLEMENT,TX,76108,20548d8398104d2a882cd018fff31786ccc77c4412b6874d5e1fada31ca02ab1,https://apps.hhs.texas.gov/providers/directories/ICFIID.xlsx,2026-09-30T19:14:28.931968+00:00,2026-09-29,,NO,a9355e19b2923662c01c83353ec365d6f0dafe4037263f808dc7f1a244433028
TH-ENRICH-TX-SENIOR-2026-09-30-IDR2,TX|HHSC|TX_ICF_IID|007305,TX_ICF_IID,007305,606,ALYSSA 2,ICF/IID,YES,YES,TARRANT,9212 ALYSSA,WHITE SETTLEMENT,TX,76108,20548d8398104d2a882cd018fff31786ccc77c4412b6874d5e1fada31ca02ab1,https://apps.hhs.texas.gov/providers/directories/ICFIID.xlsx,2026-09-30T19:14:28.931968+00:00,2026-09-29,,NO,8b5e9dbd32d81febe5ad42542598ff0f83a108e0d22b388e40887db7fcb30216
TH-ENRICH-TX-SENIOR-2026-09-30-IDR2,TX|HHSC|TX_ICF_IID|003728,TX_ICF_IID,003728,607,ABILENE COMMUNITY RESIDENCE,ICF/IID,YES,YES,TAYLOR,3110 BUFFALO GAP RD,ABILENE,TX,79605,20548d8398104d2a882cd018fff31786ccc77c4412b6874d5e1fada31ca02ab1,https://apps.hhs.texas.gov/providers/directories/ICFIID.xlsx,2026-09-30T19:14:28.931968+00:00,2026-09-29,,NO,dbafbbe7a7e4253abe23bb0d56eb416044fc81b1200faf79dcd60fcb04dee4d3
TH-ENRICH-TX-SENIOR-2026-09-30-IDR2,TX|HHSC|TX_ICF_IID|007100,TX_ICF_IID,007100,608,ABILENE STATE SUPPORTED LIVING CENTER,ICF/IID,NO,YES,TAYLOR,2501 MAPLE ST,ABILENE,TX,79602,20548d8398104d2a882cd018fff31786ccc77c4412b6874d5e1fada31ca02ab1,https://apps.hhs.texas.gov/providers/directories/ICFIID.xlsx,2026-09-30T19:14:28.931968+00:00,2026-09-29,,NO,5cfc5f3283abc567ec4846f74002bc5162404dff5a4d121bb97ee6b76817494b
TH-ENRICH-TX-SENIOR-2026-09-30-IDR2,TX|HHSC|TX_ICF_IID|110804,TX_ICF_IID,110804,609,AMBER HOUSE,ICF/IID,YES,YES,TAYLOR,3264 VARNER LANE,ABILENE,TEXAS,79601,20548d8398104d2a882cd018fff31786ccc77c4412b6874d5e1fada31ca02ab1,https://apps.hhs.texas.gov/providers/directories/ICFIID.xlsx,2026-09-30T19:14:28.931968+00:00,2026-09-29,,NO,25e3e532f26f472f3de90515b1f7baefc5b215364bc05e11d600a93eb6d14c78
TH-ENRICH-TX-SENIOR-2026-09-30-IDR2,TX|HHSC|TX_ICF_IID|107089,TX_ICF_IID,107089,610,ANDRESS HOUSE,ICF/IID,YES,YES,TAYLOR,3257 VARNER LANE,ABILENE,TX,79601,20548d8398104d2a882cd018fff31786ccc77c4412b6874d5e1fada31ca02ab1,https://apps.hhs.texas.gov/providers/directories/ICFIID.xlsx,2026-09-30T19:14:28.931968+00:00,2026-09-29,,NO,9bfc1a5e5734c59a22b17edfa4ad3d5159f0c3f217e3834e6d58d5721be6f351
TH-ENRICH-TX-SENIOR-2026-09-30-IDR2,TX|HHSC|TX_ICF_IID|003749,TX_ICF_IID,003749,611,BIG SKY RANCH,ICF/IID,YES,YES,TAYLOR,2234 B AMY LYN AVE,ABILENE,TX,79603,20548d8398104d2a882cd018fff31786ccc77c4412b6874d5e1fada31ca02ab1,https://apps.hhs.texas.gov/providers/directories/ICFIID.xlsx,2026-09-30T19:14:28.931968+00:00,2026-09-29,,NO,cc1229852f3abb67cded2edd9dafaf875e7b22bb69d4ecc555262e6da07be0b0
TH-ENRICH-TX-SENIOR-2026-09-30-IDR2,TX|HHSC|TX_ICF_IID|007354,TX_ICF_IID,007354,612,EAST LAKE,ICF/IID,YES,YES,TAYLOR,3325 E LAKE RD,ABILENE,TX,79601,20548d8398104d2a882cd018fff31786ccc77c4412b6874d5e1fada31ca02ab1,https://apps.hhs.texas.gov/providers/directories/ICFIID.xlsx,2026-09-30T19:14:28.931968+00:00,2026-09-29,,NO,ae9121ff9c79ddd039a2454a9c8b47e1aa04bcf9ee23ff39decf68e441615e26
TH-ENRICH-TX-SENIOR-2026-09-30-IDR2,TX|HHSC|TX_ICF_IID|007383,TX_ICF_IID,007383,613,EDUCARE COMMUNITY LIVING LIMITED PARTNERSHIP,ICF/IID,YES,YES,TAYLOR,634 BACON DR,ABILENE,TX,79601-2051,20548d8398104d2a882cd018fff31786ccc77c4412b6874d5e1fada31ca02ab1,https://apps.hhs.texas.gov/providers/directories/ICFIID.xlsx,2026-09-30T19:14:28.931968+00:00,2026-09-29,,NO,8566c705668d0245fddc97feea2c3a66531662ce640256800e82993cefd9cbc3
TH-ENRICH-TX-SENIOR-2026-09-30-IDR2,TX|HHSC|TX_ICF_IID|007324,TX_ICF_IID,007324,614,EDUCARE COMMUNITY LIVING LIMITED PARTNERSHIP,ICF/IID,YES,YES,TAYLOR,2326 BRENDA ST,ABILENE,TX,79605-1118,20548d8398104d2a882cd018fff31786ccc77c4412b6874d5e1fada31ca02ab1,https://apps.hhs.texas.gov/providers/directories/ICFIID.xlsx,2026-09-30T19:14:28.931968+00:00,2026-09-29,,NO,5d8b51db44410f304b22558286527aef3f87b8f74866e11942fbbf91b44e1afb
TH-ENRICH-TX-SENIOR-2026-09-30-IDR2,TX|HHSC|TX_ICF_IID|010198,TX_ICF_IID,010198,615,EDUCARE COMMUNITY LIVING LIMITED PARTNERSHIP,ICF/IID,YES,YES,TAYLOR,910 PARSONS RD,ABILENE,TX,79602-3110,20548d8398104d2a882cd018fff31786ccc77c4412b6874d5e1fada31ca02ab1,https://apps.hhs.texas.gov/providers/directories/ICFIID.xlsx,2026-09-30T19:14:28.931968+00:00,2026-09-29,,NO,5f11f362e178a76c33d731b2e60356f3164c5ce3d5e90c85134523a9a4bf33ca
TH-ENRICH-TX-SENIOR-2026-09-30-IDR2,TX|HHSC|TX_ICF_IID|007501,TX_ICF_IID,007501,616,EDUCARE COMMUNITY LIVING LIMITED PARTNERSHIP,ICF/IID,YES,YES,TAYLOR,1366 HIGHLAND AVE,ABILENE,TX,79605-4251,20548d8398104d2a882cd018fff31786ccc77c4412b6874d5e1fada31ca02ab1,https://apps.hhs.texas.gov/providers/directories/ICFIID.xlsx,2026-09-30T19:14:28.931968+00:00,2026-09-29,,NO,0c414959ed29794ba1dda1e783c93f8e04c41c544d21feb4f5694f4e37b02858
TH-ENRICH-TX-SENIOR-2026-09-30-IDR2,TX|HHSC|TX_ICF_IID|110490,TX_ICF_IID,110490,617,FARMER HOUSE,ICF/IID,YES,YES,TAYLOR,3302 BELLPEPPER WAY,ABILENE,TX,79601,20548d8398104d2a882cd018fff31786ccc77c4412b6874d5e1fada31ca02ab1,https://apps.hhs.texas.gov/providers/directories/ICFIID.xlsx,2026-09-30T19:14:28.931968+00:00,2026-09-29,,NO,0a55cee80efbf89fd985f7739e4a6ddb17c2a7872f7af355c596755c09f4f029
TH-ENRICH-TX-SENIOR-2026-09-30-IDR2,TX|HHSC|TX_ICF_IID|007259,TX_ICF_IID,007259,618,GRACE RESIDENTIAL,ICF/IID,YES,YES,TAYLOR,1318 PIEDMONT DR,ABILENE,TX,79601,20548d8398104d2a882cd018fff31786ccc77c4412b6874d5e1fada31ca02ab1,https://apps.hhs.texas.gov/providers/directories/ICFIID.xlsx,2026-09-30T19:14:28.931968+00:00,2026-09-29,,NO,8edb65bbe8e26cd6154485440bf4ca3a1c92112762d684ae63df12e96a0c9d3b
TH-ENRICH-TX-SENIOR-2026-09-30-IDR2,TX|HHSC|TX_ICF_IID|110498,TX_ICF_IID,110498,619,HARKINS HOUSE,ICF/IID,YES,YES,TAYLOR,3210 BELL PEPPER WAY,ABILENE,TEXAS,79601,20548d8398104d2a882cd018fff31786ccc77c4412b6874d5e1fada31ca02ab1,https://apps.hhs.texas.gov/providers/directories/ICFIID.xlsx,2026-09-30T19:14:28.931968+00:00,2026-09-29,,NO,176567d4a38d4e9d5fb533e64139aa7afc5aa990176eae21665543377c905dbb
TH-ENRICH-TX-SENIOR-2026-09-30-IDR2,TX|HHSC|TX_ICF_IID|003667,TX_ICF_IID,003667,620,HIGH LIFE,ICF/IID,YES,YES,TAYLOR,#2 HIGH LIFE CIR,ABILENE,TX,79606,20548d8398104d2a882cd018fff31786ccc77c4412b6874d5e1fada31ca02ab1,https://apps.hhs.texas.gov/providers/directories/ICFIID.xlsx,2026-09-30T19:14:28.931968+00:00,2026-09-29,,NO,4495b38112d4163ea865c6f7143897c2f36a0966505a4f23e39ec7805b834419
TH-ENRICH-TX-SENIOR-2026-09-30-IDR2,TX|HHSC|TX_ICF_IID|007254,TX_ICF_IID,007254,621,"HILL RESOURCES II, INC",ICF/IID,YES,YES,TAYLOR,965 WASHINGTON BLVD,ABILENE,TX,79601,20548d8398104d2a882cd018fff31786ccc77c4412b6874d5e1fada31ca02ab1,https://apps.hhs.texas.gov/providers/directories/ICFIID.xlsx,2026-09-30T19:14:28.931968+00:00,2026-09-29,,NO,21c77c7409bef76e79ac45dfbf17978d6fbda9292473ff42b9fd47372413c2f7
TH-ENRICH-TX-SENIOR-2026-09-30-IDR2,TX|HHSC|TX_ICF_IID|007568,TX_ICF_IID,007568,622,LAWYERS LANE,ICF/IID,YES,YES,TAYLOR,1317 LAWYERS LANE,ABILENE,TEXAS,79602,20548d8398104d2a882cd018fff31786ccc77c4412b6874d5e1fada31ca02ab1,https://apps.hhs.texas.gov/providers/directories/ICFIID.xlsx,2026-09-30T19:14:28.931968+00:00,2026-09-29,,NO,f57d29ff399a1cd4471a834c9d03bfcc52f53f8201b4ccc9edeaafbf84e52cc9
TH-ENRICH-TX-SENIOR-2026-09-30-IDR2,TX|HHSC|TX_ICF_IID|007319,TX_ICF_IID,007319,623,MATTHEWS HOUSE,ICF/IID,YES,YES,TAYLOR,3201 BELL PEPPER WAY,ABILENE,TEXAS,79601,20548d8398104d2a882cd018fff31786ccc77c4412b6874d5e1fada31ca02ab1,https://apps.hhs.texas.gov/providers/directories/ICFIID.xlsx,2026-09-30T19:14:28.931968+00:00,2026-09-29,,NO,3ddf3d6827105a6db8bdc64ea212528fc0dadb6b8a34a7d5400cd6294a2de543
TH-ENRICH-TX-SENIOR-2026-09-30-IDR2,TX|HHSC|TX_ICF_IID|003770,TX_ICF_IID,003770,624,MESQUITE VILLA,ICF/IID,YES,YES,TAYLOR,2234 A AMY LYN AVE,ABILENE,TX,79603,20548d8398104d2a882cd018fff31786ccc77c4412b6874d5e1fada31ca02ab1,https://apps.hhs.texas.gov/providers/directories/ICFIID.xlsx,2026-09-30T19:14:28.931968+00:00,2026-09-29,,NO,3cbcd21abf2e30e09db6661a0b99c930c0e918f2e896ae8674d4bf27c4cc7bc8
TH-ENRICH-TX-SENIOR-2026-09-30-IDR2,TX|HHSC|TX_ICF_IID|110382,TX_ICF_IID,110382,625,MILLIORN HOUSE,ICF/IID,YES,YES,TAYLOR,3209 BELL PEPPER WAY,ABILENE,TEXAS,79601,20548d8398104d2a882cd018fff31786ccc77c4412b6874d5e1fada31ca02ab1,https://apps.hhs.texas.gov/providers/directories/ICFIID.xlsx,2026-09-30T19:14:28.931968+00:00,2026-09-29,,NO,dce8168498413de1433e876b84c13d898ca2a2f4dc6360a8a2c76a1dcbceb6fe
TH-ENRICH-TX-SENIOR-2026-09-30-IDR2,TX|HHSC|TX_ICF_IID|007298,TX_ICF_IID,007298,626,NORTH WILLIS,ICF/IID,YES,YES,TAYLOR,1855 N WILLIS ST,ABILENE,TX,79603,20548d8398104d2a882cd018fff31786ccc77c4412b6874d5e1fada31ca02ab1,https://apps.hhs.texas.gov/providers/directories/ICFIID.xlsx,2026-09-30T19:14:28.931968+00:00,2026-09-29,,NO,e0674dd40f40f5ec9e7cc3a31f75428c8846c04d823685b5b3eb7c2fbb650823
TH-ENRICH-TX-SENIOR-2026-09-30-IDR2,TX|HHSC|TX_ICF_IID|112057,TX_ICF_IID,112057,627,OAKWOOD,ICF/IID,YES,YES,TAYLOR,2001 OAKWOOD LANE,ABILENE,TEXAS,79605,20548d8398104d2a882cd018fff31786ccc77c4412b6874d5e1fada31ca02ab1,https://apps.hhs.texas.gov/providers/directories/ICFIID.xlsx,2026-09-30T19:14:28.931968+00:00,2026-09-29,,NO,7746a78c9da30600d486ad3a406734f63e3bc070eda56e7fde8cd25822ddd8a4
TH-ENRICH-TX-SENIOR-2026-09-30-IDR2,TX|HHSC|TX_ICF_IID|106671,TX_ICF_IID,106671,628,ORSBURN HOUSE,ICF/IID,YES,YES,TAYLOR,3258 VARNER LANE,ABILENE,TX,79601,20548d8398104d2a882cd018fff31786ccc77c4412b6874d5e1fada31ca02ab1,https://apps.hhs.texas.gov/providers/directories/ICFIID.xlsx,2026-09-30T19:14:28.931968+00:00,2026-09-29,,NO,b9a37ce21ea9d5ab209c4457b08390785d0341794fe10122bf2192b1a27c2ab5
TH-ENRICH-TX-SENIOR-2026-09-30-IDR2,TX|HHSC|TX_ICF_IID|007386,TX_ICF_IID,007386,629,OVER STREET,ICF/IID,YES,YES,TAYLOR,3190 OVER ST,ABILENE,TX,79605,20548d8398104d2a882cd018fff31786ccc77c4412b6874d5e1fada31ca02ab1,https://apps.hhs.texas.gov/providers/directories/ICFIID.xlsx,2026-09-30T19:14:28.931968+00:00,2026-09-29,,NO,3986c20378712163f630a75e0d9cc9f70c1d0af3ead991befe9236786aac7b21
TH-ENRICH-TX-SENIOR-2026-09-30-IDR2,TX|HHSC|TX_ICF_IID|007510,TX_ICF_IID,007510,630,RICHLAND,ICF/IID,YES,YES,TAYLOR,2010 RICHLAND ST,ABILENE,TX,79605,20548d8398104d2a882cd018fff31786ccc77c4412b6874d5e1fada31ca02ab1,https://apps.hhs.texas.gov/providers/directories/ICFIID.xlsx,2026-09-30T19:14:28.931968+00:00,2026-09-29,,NO,3f91233946944c3c9656bb3bcad177cfe05c8133bfb6366b07e9bd9d950e860c
TH-ENRICH-TX-SENIOR-2026-09-30-IDR2,TX|HHSC|TX_ICF_IID|007251,TX_ICF_IID,007251,631,ROYAL COURT,ICF/IID,YES,YES,TAYLOR,4601 ROYAL CT,ABILENE,TX,79605,20548d8398104d2a882cd018fff31786ccc77c4412b6874d5e1fada31ca02ab1,https://apps.hhs.texas.gov/providers/directories/ICFIID.xlsx,2026-09-30T19:14:28.931968+00:00,2026-09-29,,NO,51a7f150775b7cee7486e362653dfb0be81d4505881657bb79bb6bdf955bd227
TH-ENRICH-TX-SENIOR-2026-09-30-IDR2,TX|HHSC|TX_ICF_IID|007578,TX_ICF_IID,007578,632,WOODRIDGE,ICF/IID,YES,YES,TAYLOR,3410 WOODRIDGE ST,ABILENE,TX,79605,20548d8398104d2a882cd018fff31786ccc77c4412b6874d5e1fada31ca02ab1,https://apps.hhs.texas.gov/providers/directories/ICFIID.xlsx,2026-09-30T19:14:28.931968+00:00,2026-09-29,,NO,e2fcd04f3cd18070d1e159d4c2e455565e4fa1be16b596af81e8d10f7a1836c8
TH-ENRICH-TX-SENIOR-2026-09-30-IDR2,TX|HHSC|TX_ICF_IID|007517,TX_ICF_IID,007517,633,"PLEASANT LIVING, INC",ICF/IID,YES,YES,TITUS,2003 HAPPY ST,MOUNT PLEASANT,TX,75455,20548d8398104d2a882cd018fff31786ccc77c4412b6874d5e1fada31ca02ab1,https://apps.hhs.texas.gov/providers/directories/ICFIID.xlsx,2026-09-30T19:14:28.931968+00:00,2026-09-29,,NO,be9f04a4e20b4789a2182fef95ee07b7ef5bd8cd8fd98a507c42414fc09fbd49
TH-ENRICH-TX-SENIOR-2026-09-30-IDR2,TX|HHSC|TX_ICF_IID|007108,TX_ICF_IID,007108,634,SAN ANGELO STATE SUPPORTED LIVING CENTER,ICF/IID,NO,YES,TOM GREEN,11640 US HIGHWAY 87,CARLSBAD,TX,76934,20548d8398104d2a882cd018fff31786ccc77c4412b6874d5e1fada31ca02ab1,https://apps.hhs.texas.gov/providers/directories/ICFIID.xlsx,2026-09-30T19:14:28.931968+00:00,2026-09-29,,NO,cd655ea8acd2a909821cc7e6cf1fe2c22b2462f11e46a630deea3d195c81a727
TH-ENRICH-TX-SENIOR-2026-09-30-IDR2,TX|HHSC|TX_ICF_IID|003945,TX_ICF_IID,003945,635,2742 PALO DURO DR,ICF/IID,YES,YES,TOM GREEN,2742 PALO DURO DR,SAN ANGELO,TX,76904,20548d8398104d2a882cd018fff31786ccc77c4412b6874d5e1fada31ca02ab1,https://apps.hhs.texas.gov/providers/directories/ICFIID.xlsx,2026-09-30T19:14:28.931968+00:00,2026-09-29,,NO,5d591f0f35ad717df8d08f1f7b902418ee2db1473faeee0c2a6605fb02155d16
TH-ENRICH-TX-SENIOR-2026-09-30-IDR2,TX|HHSC|TX_ICF_IID|003606,TX_ICF_IID,003606,636,3217 CLEARVIEW DR,ICF/IID,YES,YES,TOM GREEN,3217 CLEARVIEW DR,SAN ANGELO,TX,76904,20548d8398104d2a882cd018fff31786ccc77c4412b6874d5e1fada31ca02ab1,https://apps.hhs.texas.gov/providers/directories/ICFIID.xlsx,2026-09-30T19:14:28.931968+00:00,2026-09-29,,NO,f8a0b5cd71526a48d77c43cb624e484b31f3395f774234042a6b16ed6dfd26f0
TH-ENRICH-TX-SENIOR-2026-09-30-IDR2,TX|HHSC|TX_ICF_IID|003889,TX_ICF_IID,003889,637,4801 BERMUDA DR,ICF/IID,YES,YES,TOM GREEN,4801 BERMUDA DR.,SAN ANGELO,TX,76904,20548d8398104d2a882cd018fff31786ccc77c4412b6874d5e1fada31ca02ab1,https://apps.hhs.texas.gov/providers/directories/ICFIID.xlsx,2026-09-30T19:14:28.931968+00:00,2026-09-29,,NO,3db5c3ac79888876c941bd922c1f87b9e7ea6735cf22a76c22fe2253ac44949a
TH-ENRICH-TX-SENIOR-2026-09-30-IDR2,TX|HHSC|TX_ICF_IID|007596,TX_ICF_IID,007596,638,BLUEBONNET HOMES 1,ICF/IID,YES,YES,TOM GREEN,1822 CORDELL,SAN ANGELO,TX,76901,20548d8398104d2a882cd018fff31786ccc77c4412b6874d5e1fada31ca02ab1,https://apps.hhs.texas.gov/providers/directories/ICFIID.xlsx,2026-09-30T19:14:28.931968+00:00,2026-09-29,,NO,d7f4bdf7a4cf86015a4619e1223913432ef59a355ab4f9e362da944dbacfc9dd
TH-ENRICH-TX-SENIOR-2026-09-30-IDR2,TX|HHSC|TX_ICF_IID|007357,TX_ICF_IID,007357,639,BLUEBONNET HOMES 2,ICF/IID,YES,YES,TOM GREEN,236 WESTWOOD,SAN ANGELO,TX,76901,20548d8398104d2a882cd018fff31786ccc77c4412b6874d5e1fada31ca02ab1,https://apps.hhs.texas.gov/providers/directories/ICFIID.xlsx,2026-09-30T19:14:28.931968+00:00,2026-09-29,,NO,b78f9414b6dc1d59d527f3b384b9f60f04d4404547d7c30fa4935720f07e0e87
TH-ENRICH-TX-SENIOR-2026-09-30-IDR2,TX|HHSC|TX_ICF_IID|007358,TX_ICF_IID,007358,640,BLUEBONNET HOMES 3,ICF/IID,YES,YES,TOM GREEN,1135 E 25TH,SAN ANGELO,TX,76903,20548d8398104d2a882cd018fff31786ccc77c4412b6874d5e1fada31ca02ab1,https://apps.hhs.texas.gov/providers/directories/ICFIID.xlsx,2026-09-30T19:14:28.931968+00:00,2026-09-29,,NO,61b24c982caf576fa7dcdcf9f3411f2164b9c30f97e164ac59c6115c96d72298
TH-ENRICH-TX-SENIOR-2026-09-30-IDR2,TX|HHSC|TX_ICF_IID|007401,TX_ICF_IID,007401,641,CAPITAL HEIGHTS HOME,ICF/IID,YES,YES,TOM GREEN,1706 IDAHO AVENUE,SAN ANGELO,TX,76904,20548d8398104d2a882cd018fff31786ccc77c4412b6874d5e1fada31ca02ab1,https://apps.hhs.texas.gov/providers/directories/ICFIID.xlsx,2026-09-30T19:14:28.931968+00:00,2026-09-29,,NO,d2a31463f8c5ee96af905eb077abba133cdf6e06ae9b3ba2292f655ac0a9698a
TH-ENRICH-TX-SENIOR-2026-09-30-IDR2,TX|HHSC|TX_ICF_IID|007235,TX_ICF_IID,007235,642,CASA DE CONCHO,ICF/IID,YES,YES,TOM GREEN,2706 WATSON STREET,SAN ANGELO,TX,76905,20548d8398104d2a882cd018fff31786ccc77c4412b6874d5e1fada31ca02ab1,https://apps.hhs.texas.gov/providers/directories/ICFIID.xlsx,2026-09-30T19:14:28.931968+00:00,2026-09-29,,NO,e44578664293a42fff89a5251eec65bc2215b5c2184af4831a47075d461ad750
TH-ENRICH-TX-SENIOR-2026-09-30-IDR2,TX|HHSC|TX_ICF_IID|003632,TX_ICF_IID,003632,643,CASA DE MIMOSA,ICF/IID,YES,YES,TOM GREEN,1041 EAST 44TH STREET,SAN ANGELO,TX,76903,20548d8398104d2a882cd018fff31786ccc77c4412b6874d5e1fada31ca02ab1,https://apps.hhs.texas.gov/providers/directories/ICFIID.xlsx,2026-09-30T19:14:28.931968+00:00,2026-09-29,,NO,975081a1603cc1b3553fa4479867415d1518f0699b71ecb7efc6bd06f81397f2
TH-ENRICH-TX-SENIOR-2026-09-30-IDR2,TX|HHSC|TX_ICF_IID|007582,TX_ICF_IID,007582,644,D&S TERRACE PLACE,ICF/IID,YES,YES,TOM GREEN,42 TERRACE DRIVE,SAN ANGELO,TX,76903,20548d8398104d2a882cd018fff31786ccc77c4412b6874d5e1fada31ca02ab1,https://apps.hhs.texas.gov/providers/directories/ICFIID.xlsx,2026-09-30T19:14:28.931968+00:00,2026-09-29,,NO,0c23a2dfe87d8ec8181f2569bb18c410a84b8bef092208e4637bcab3f2e98e36
TH-ENRICH-TX-SENIOR-2026-09-30-IDR2,TX|HHSC|TX_ICF_IID|107267,TX_ICF_IID,107267,645,EDUCARE COMMUNITY LIVING CORPORATION  GULF COAST,ICF/IID,YES,YES,TOM GREEN,5322 SADDLE RIDGE TRAIL,SAN ANGELO,TX,76904,20548d8398104d2a882cd018fff31786ccc77c4412b6874d5e1fada31ca02ab1,https://apps.hhs.texas.gov/providers/directories/ICFIID.xlsx,2026-09-30T19:14:28.931968+00:00,2026-09-29,,NO,ab73398d9cefa2f8751765f8bb1716a6643f150cf864c5393b84c0bdf36e9fcf
TH-ENRICH-TX-SENIOR-2026-09-30-IDR2,TX|HHSC|TX_ICF_IID|007656,TX_ICF_IID,007656,646,SAN ANGELO INDEPENDENT LIVING TRAINING RESIDENCE,ICF/IID,YES,YES,TOM GREEN,20 S KOENIGHEIM,SAN ANGELO,TX,76903,20548d8398104d2a882cd018fff31786ccc77c4412b6874d5e1fada31ca02ab1,https://apps.hhs.texas.gov/providers/directories/ICFIID.xlsx,2026-09-30T19:14:28.931968+00:00,2026-09-29,,NO,55229eb2a86b7382a8bb3a917b11df9b8d4a22f5a0fc9da3404fedbf15dda16c
TH-ENRICH-TX-SENIOR-2026-09-30-IDR2,TX|HHSC|TX_ICF_IID|111926,TX_ICF_IID,111926,647,SIERRA HOUSE,ICF/IID,YES,YES,TOM GREEN,3026 SIERRA DR,SAN ANGELO,TX,76904,20548d8398104d2a882cd018fff31786ccc77c4412b6874d5e1fada31ca02ab1,https://apps.hhs.texas.gov/providers/directories/ICFIID.xlsx,2026-09-30T19:14:28.931968+00:00,2026-09-29,,NO,861acabd7d1958a9ed1759309d4863caacd79e9f64708eae31d0f30ace116c42
TH-ENRICH-TX-SENIOR-2026-09-30-IDR2,TX|HHSC|TX_ICF_IID|007249,TX_ICF_IID,007249,648,AUSTIN HOUSE,ICF/IID,YES,YES,TRAVIS,101 CLOUDVIEW DR,AUSTIN,TX,78745,20548d8398104d2a882cd018fff31786ccc77c4412b6874d5e1fada31ca02ab1,https://apps.hhs.texas.gov/providers/directories/ICFIID.xlsx,2026-09-30T19:14:28.931968+00:00,2026-09-29,,NO,341e19e9e930db4642a5556dbdaac03584763fd7694ff9d11831d8830f3e9525
TH-ENRICH-TX-SENIOR-2026-09-30-IDR2,TX|HHSC|TX_ICF_IID|007101,TX_ICF_IID,007101,649,AUSTIN STATE SUPPORTED LIVING CENTER,ICF/IID,NO,YES,TRAVIS,2203 W 35TH ST,AUSTIN,TX,78767,20548d8398104d2a882cd018fff31786ccc77c4412b6874d5e1fada31ca02ab1,https://apps.hhs.texas.gov/providers/directories/ICFIID.xlsx,2026-09-30T19:14:28.931968+00:00,2026-09-29,,NO,c86998272fa063058101c6299c131e5489f1d0649b672af524b82c12b06d8cf7
TH-ENRICH-TX-SENIOR-2026-09-30-IDR2,TX|HHSC|TX_ICF_IID|007389,TX_ICF_IID,007389,650,AUTUMN RIDGE,ICF/IID,YES,YES,TRAVIS,11605 AUTUMN RIDGE,AUSTIN,TX,78759,20548d8398104d2a882cd018fff31786ccc77c4412b6874d5e1fada31ca02ab1,https://apps.hhs.texas.gov/providers/directories/ICFIID.xlsx,2026-09-30T19:14:28.931968+00:00,2026-09-29,,NO,3f43eef7acc848cfa1d5b01f1de87b165c590645e0629ca0f52d3a244ab2c057
TH-ENRICH-TX-SENIOR-2026-09-30-IDR2,TX|HHSC|TX_ICF_IID|007367,TX_ICF_IID,007367,651,BALCONES WOODS,ICF/IID,YES,YES,TRAVIS,4504 BALCONES WOODS,AUSTIN,TX,78759,20548d8398104d2a882cd018fff31786ccc77c4412b6874d5e1fada31ca02ab1,https://apps.hhs.texas.gov/providers/directories/ICFIID.xlsx,2026-09-30T19:14:28.931968+00:00,2026-09-29,,NO,8ae5c2280855b2c36194b7400425fdd524ab05f5766b7faf79f116a814cac162
TH-ENRICH-TX-SENIOR-2026-09-30-IDR2,TX|HHSC|TX_ICF_IID|007599,TX_ICF_IID,007599,652,BLARWOOD,ICF/IID,YES,YES,TRAVIS,6100 BLARWOOD DRIVE,AUSTIN,TX,78745,20548d8398104d2a882cd018fff31786ccc77c4412b6874d5e1fada31ca02ab1,https://apps.hhs.texas.gov/providers/directories/ICFIID.xlsx,2026-09-30T19:14:28.931968+00:00,2026-09-29,,NO,c32003c821b56bd926f0d085cf06ca154459aabd3edde1b3938cb9d2afa45406
TH-ENRICH-TX-SENIOR-2026-09-30-IDR2,TX|HHSC|TX_ICF_IID|003621,TX_ICF_IID,003621,653,BLUFF CANYON COMMUNITY RESIDENCE,ICF/IID,YES,YES,TRAVIS,11101 BLUFF CANYON,AUSTIN,TX,78754,20548d8398104d2a882cd018fff31786ccc77c4412b6874d5e1fada31ca02ab1,https://apps.hhs.texas.gov/providers/directories/ICFIID.xlsx,2026-09-30T19:14:28.931968+00:00,2026-09-29,,NO,7c39f9c0c1733182a441ffb67d963631ab03e9cefa0d263be5c6b4eef61ebb31
TH-ENRICH-TX-SENIOR-2026-09-30-IDR2,TX|HHSC|TX_ICF_IID|003631,TX_ICF_IID,003631,654,CABANA COMMUNITY RESIDENCE,ICF/IID,YES,YES,TRAVIS,12004 CABANA LN,AUSTIN,TX,78727,20548d8398104d2a882cd018fff31786ccc77c4412b6874d5e1fada31ca02ab1,https://apps.hhs.texas.gov/providers/directories/ICFIID.xlsx,2026-09-30T19:14:28.931968+00:00,2026-09-29,,NO,0414617dacb34eabf3cd6cc02f8cb9384518fd6f63e802edaaabddd3c6499fe9
TH-ENRICH-TX-SENIOR-2026-09-30-IDR2,TX|HHSC|TX_ICF_IID|007542,TX_ICF_IID,007542,655,CEDAR VALLEY COMMUNITY RESIDENCE,ICF/IID,YES,YES,TRAVIS,12800 DANIEL BOONE DRIVE,AUSTIN,TX,78737,20548d8398104d2a882cd018fff31786ccc77c4412b6874d5e1fada31ca02ab1,https://apps.hhs.texas.gov/providers/directories/ICFIID.xlsx,2026-09-30T19:14:28.931968+00:00,2026-09-29,,NO,c60215b6923abe243b9e8cce44bc1e285700ee7cdedd905a1c2e4c361c1c9693
TH-ENRICH-TX-SENIOR-2026-09-30-IDR2,TX|HHSC|TX_ICF_IID|007483,TX_ICF_IID,007483,656,CHINATREE COMMUNITY RESIDENCE,ICF/IID,YES,YES,TRAVIS,8106 US HIGHWAY 290 WEST,AUSTIN,TX,78735,20548d8398104d2a882cd018fff31786ccc77c4412b6874d5e1fada31ca02ab1,https://apps.hhs.texas.gov/providers/directories/ICFIID.xlsx,2026-09-30T19:14:28.931968+00:00,2026-09-29,,NO,38ad00825d8c2ec7eaf4b4b8fdda196fce822b155717b57eaf281dcba9c5ff44
TH-ENRICH-TX-SENIOR-2026-09-30-IDR2,TX|HHSC|TX_ICF_IID|007631,TX_ICF_IID,007631,657,CRAIG DRIVE,ICF/IID,YES,YES,TRAVIS,4901 CRAIG DR,AUSTIN,TX,78727,20548d8398104d2a882cd018fff31786ccc77c4412b6874d5e1fada31ca02ab1,https://apps.hhs.texas.gov/providers/directories/ICFIID.xlsx,2026-09-30T19:14:28.931968+00:00,2026-09-29,,NO,3072de7dc6eb7d9f73e214c4169f5b4fe4996b951e913a1425277d93713bd97a
TH-ENRICH-TX-SENIOR-2026-09-30-IDR2,TX|HHSC|TX_ICF_IID|003695,TX_ICF_IID,003695,658,CROCKETT HOUSE,ICF/IID,YES,YES,TRAVIS,7906 BRODIE LN,AUSTIN,TX,78745,20548d8398104d2a882cd018fff31786ccc77c4412b6874d5e1fada31ca02ab1,https://apps.hhs.texas.gov/providers/directories/ICFIID.xlsx,2026-09-30T19:14:28.931968+00:00,2026-09-29,,NO,81673c1964168d6bb286ed1924cb187f25203da757dbb229cbdf7e227f0ac8c7
TH-ENRICH-TX-SENIOR-2026-09-30-IDR2,TX|HHSC|TX_ICF_IID|007379,TX_ICF_IID,007379,659,DEER TRACK,ICF/IID,YES,YES,TRAVIS,12306 DEER TRACK,AUSTIN,TX,78759,20548d8398104d2a882cd018fff31786ccc77c4412b6874d5e1fada31ca02ab1,https://apps.hhs.texas.gov/providers/directories/ICFIID.xlsx,2026-09-30T19:14:28.931968+00:00,2026-09-29,,NO,e989cffd34c9cf52f7eb572df2b6e0b0c2167e1f76f6a7486e872ca8be78191c
TH-ENRICH-TX-SENIOR-2026-09-30-IDR2,TX|HHSC|TX_ICF_IID|007264,TX_ICF_IID,007264,660,EDUCARE COMMUNITY LIVING CORPORATION  TEXAS,ICF/IID,YES,YES,TRAVIS,8604 DELAWARE CT,AUSTIN,TX,78758,20548d8398104d2a882cd018fff31786ccc77c4412b6874d5e1fada31ca02ab1,https://apps.hhs.texas.gov/providers/directories/ICFIID.xlsx,2026-09-30T19:14:28.931968+00:00,2026-09-29,,NO,bffc21a95bbb387792edafbbf0300612286a2b85d6e4c8b998088beaa0cb5204
TH-ENRICH-TX-SENIOR-2026-09-30-IDR2,TX|HHSC|TX_ICF_IID|102416,TX_ICF_IID,102416,661,EDUCARE COMMUNITY LIVING CORPORATION  TEXAS,ICF/IID,YES,YES,TRAVIS,7906 APPOMATTOX DR,AUSTIN,TX,78745,20548d8398104d2a882cd018fff31786ccc77c4412b6874d5e1fada31ca02ab1,https://apps.hhs.texas.gov/providers/directories/ICFIID.xlsx,2026-09-30T19:14:28.931968+00:00,2026-09-29,,NO,068b1c9035ebd785a46db9c49cc9c423ec0051e0f9b967883f606d9a3c6ef886
TH-ENRICH-TX-SENIOR-2026-09-30-IDR2,TX|HHSC|TX_ICF_IID|007274,TX_ICF_IID,007274,662,EDUCARE COMMUNITY LIVING CORPORATION  TEXAS,ICF/IID,YES,YES,TRAVIS,7507 WHISTLESTOP,AUSTIN,TX,78749,20548d8398104d2a882cd018fff31786ccc77c4412b6874d5e1fada31ca02ab1,https://apps.hhs.texas.gov/providers/directories/ICFIID.xlsx,2026-09-30T19:14:28.931968+00:00,2026-09-29,,NO,59e76a8b430726cf5711271789f4033b8d08611efa08c62ce57bcb8dbc7b4ad8
TH-ENRICH-TX-SENIOR-2026-09-30-IDR2,TX|HHSC|TX_ICF_IID|007545,TX_ICF_IID,007545,663,EDUCARE COMMUNITY LIVING CORPORATION  TEXAS,ICF/IID,YES,YES,TRAVIS,8204 PILGRIMS PL,AUSTIN,TX,78759,20548d8398104d2a882cd018fff31786ccc77c4412b6874d5e1fada31ca02ab1,https://apps.hhs.texas.gov/providers/directories/ICFIID.xlsx,2026-09-30T19:14:28.931968+00:00,2026-09-29,,NO,352a56b2c07237a3104a45750ca4958636d18a3ae757c5afc7f7ebd77fec27f9
TH-ENRICH-TX-SENIOR-2026-09-30-IDR2,TX|HHSC|TX_ICF_IID|007323,TX_ICF_IID,007323,664,GRACY FARMS,ICF/IID,YES,YES,TRAVIS,1512 GRACY FARMS LANE,AUSTIN,TX,78758,20548d8398104d2a882cd018fff31786ccc77c4412b6874d5e1fada31ca02ab1,https://apps.hhs.texas.gov/providers/directories/ICFIID.xlsx,2026-09-30T19:14:28.931968+00:00,2026-09-29,,NO,d99c9ceacac4174c35fe33d2606c6cbe8bfefdc2b602aca8f01233ac6c2a3b22
TH-ENRICH-TX-SENIOR-2026-09-30-IDR2,TX|HHSC|TX_ICF_IID|007429,TX_ICF_IID,007429,665,GRASSHOPPER,ICF/IID,YES,YES,TRAVIS,3319 GRASSHOPPER,AUSTIN,TX,78748,20548d8398104d2a882cd018fff31786ccc77c4412b6874d5e1fada31ca02ab1,https://apps.hhs.texas.gov/providers/directories/ICFIID.xlsx,2026-09-30T19:14:28.931968+00:00,2026-09-29,,NO,99427a370b67aeaec25902376eb7a8dd17550876f3691f02f8a315c04ace7305
TH-ENRICH-TX-SENIOR-2026-09-30-IDR2,TX|HHSC|TX_ICF_IID|007475,TX_ICF_IID,007475,666,HOUSTON GROUP HOUSE,ICF/IID,YES,YES,TRAVIS,7509 WESTGATE BLVD,AUSTIN,TX,78745,20548d8398104d2a882cd018fff31786ccc77c4412b6874d5e1fada31ca02ab1,https://apps.hhs.texas.gov/providers/directories/ICFIID.xlsx,2026-09-30T19:14:28.931968+00:00,2026-09-29,,NO,5791ecbeabf40d61febbb16f63005d1b5c8267c8d7b7231517df4449027d5f76
TH-ENRICH-TX-SENIOR-2026-09-30-IDR2,TX|HHSC|TX_ICF_IID|007805,TX_ICF_IID,007805,667,KEOTA,ICF/IID,YES,YES,TRAVIS,4508 KEOTA DRIVE,AUSTIN,TX,78749,20548d8398104d2a882cd018fff31786ccc77c4412b6874d5e1fada31ca02ab1,https://apps.hhs.texas.gov/providers/directories/ICFIID.xlsx,2026-09-30T19:14:28.931968+00:00,2026-09-29,,NO,ce51f423023d635ac26ea2bf11c5bca99c8841fa208445e2ee5b61c4aa5fa03e
TH-ENRICH-TX-SENIOR-2026-09-30-IDR2,TX|HHSC|TX_ICF_IID|007452,TX_ICF_IID,007452,668,LINCOLN HOUSE,ICF/IID,YES,YES,TRAVIS,1007 COLLINGSWORTH DR,AUSTIN,TX,78753,20548d8398104d2a882cd018fff31786ccc77c4412b6874d5e1fada31ca02ab1,https://apps.hhs.texas.gov/providers/directories/ICFIID.xlsx,2026-09-30T19:14:28.931968+00:00,2026-09-29,,NO,86863b72c60b1c0ed3566d48d35e10a7a9645ebcee4b9845f48a59afe54cb8ac
TH-ENRICH-TX-SENIOR-2026-09-30-IDR2,TX|HHSC|TX_ICF_IID|003793,TX_ICF_IID,003793,669,MARY LEE FOUNDATION SOUTHPOINTE I,ICF/IID,YES,YES,TRAVIS,1338 LAMAR SQUARE DR,AUSTIN,TX,78704,20548d8398104d2a882cd018fff31786ccc77c4412b6874d5e1fada31ca02ab1,https://apps.hhs.texas.gov/providers/directories/ICFIID.xlsx,2026-09-30T19:14:28.931968+00:00,2026-09-29,,NO,a6a585c4a96183fffe2364192b18987fc5b120672feafa502cf4112208530797
TH-ENRICH-TX-SENIOR-2026-09-30-IDR2,TX|HHSC|TX_ICF_IID|003832,TX_ICF_IID,003832,670,MARY LEE FOUNDATION SOUTHPOINTE I I,ICF/IID,YES,YES,TRAVIS,1336 LAMAR SQUARE DR,AUSTIN,TX,78704,20548d8398104d2a882cd018fff31786ccc77c4412b6874d5e1fada31ca02ab1,https://apps.hhs.texas.gov/providers/directories/ICFIID.xlsx,2026-09-30T19:14:28.931968+00:00,2026-09-29,,NO,1faf0f43ea796b03c7fc3cde371d3bfc3128454daf9fc7f4c198fc2e1d0a43ad
TH-ENRICH-TX-SENIOR-2026-09-30-IDR2,TX|HHSC|TX_ICF_IID|007418,TX_ICF_IID,007418,671,MARY LEE FOUNDATION THE COTTAGE,ICF/IID,YES,YES,TRAVIS,1334 LAMAR SQUARE DR,AUSTIN,TX,78704,20548d8398104d2a882cd018fff31786ccc77c4412b6874d5e1fada31ca02ab1,https://apps.hhs.texas.gov/providers/directories/ICFIID.xlsx,2026-09-30T19:14:28.931968+00:00,2026-09-29,,NO,7a15011c9b395392b4c2d4f937ddc618aa41f66f77ca1803c2523aa92210a19e
TH-ENRICH-TX-SENIOR-2026-09-30-IDR2,TX|HHSC|TX_ICF_IID|007627,TX_ICF_IID,007627,672,OAKTREE COMMUNITY RESIDENCE,ICF/IID,YES,YES,TRAVIS,3509 CONVICT HILL,AUSTIN,TX,78749,20548d8398104d2a882cd018fff31786ccc77c4412b6874d5e1fada31ca02ab1,https://apps.hhs.texas.gov/providers/directories/ICFIID.xlsx,2026-09-30T19:14:28.931968+00:00,2026-09-29,,NO,84b34da6fc4b58dfbf51f6c585e8440c910f42b488b9f704292432848e58d894
TH-ENRICH-TX-SENIOR-2026-09-30-IDR2,TX|HHSC|TX_ICF_IID|007611,TX_ICF_IID,007611,673,ROSS HOUSE,ICF/IID,YES,YES,TRAVIS,3215 WESTERN DR,AUSTIN,TX,78745,20548d8398104d2a882cd018fff31786ccc77c4412b6874d5e1fada31ca02ab1,https://apps.hhs.texas.gov/providers/directories/ICFIID.xlsx,2026-09-30T19:14:28.931968+00:00,2026-09-29,,NO,c37d5ad30d00964382f32e151c6d77ab2fb37610c00655060bf93e08d937d560
TH-ENRICH-TX-SENIOR-2026-09-30-IDR2,TX|HHSC|TX_ICF_IID|102153,TX_ICF_IID,102153,674,SALEM MEADOW,ICF/IID,YES,YES,TRAVIS,1402 SALEM MEADOW CIRCLE,AUSTIN,TX,78745,20548d8398104d2a882cd018fff31786ccc77c4412b6874d5e1fada31ca02ab1,https://apps.hhs.texas.gov/providers/directories/ICFIID.xlsx,2026-09-30T19:14:28.931968+00:00,2026-09-29,,NO,66ce701dbfaaf2232e405384095e731e3c551d310dd3074b2fdc6dcfd8fbb6f3
TH-ENRICH-TX-SENIOR-2026-09-30-IDR2,TX|HHSC|TX_ICF_IID|003639,TX_ICF_IID,003639,675,TRAVIS GROUP HOME,ICF/IID,YES,YES,TRAVIS,9112 JAPONICA CT,AUSTIN,TX,78748,20548d8398104d2a882cd018fff31786ccc77c4412b6874d5e1fada31ca02ab1,https://apps.hhs.texas.gov/providers/directories/ICFIID.xlsx,2026-09-30T19:14:28.931968+00:00,2026-09-29,,NO,82400225602fbc504f7881f714b149c5eaf6f866d9cd43795c77c9ca50818927
TH-ENRICH-TX-SENIOR-2026-09-30-IDR2,TX|HHSC|TX_ICF_IID|003647,TX_ICF_IID,003647,676,WAGON CROSSING,ICF/IID,YES,YES,TRAVIS,1203 ECHO LN,AUSTIN,TX,78745,20548d8398104d2a882cd018fff31786ccc77c4412b6874d5e1fada31ca02ab1,https://apps.hhs.texas.gov/providers/directories/ICFIID.xlsx,2026-09-30T19:14:28.931968+00:00,2026-09-29,,NO,ae355091cc39fa3ed079435d8b64aa40d6d71a7e16f3b82e9766bc8cfecc1d41
TH-ENRICH-TX-SENIOR-2026-09-30-IDR2,TX|HHSC|TX_ICF_IID|007633,TX_ICF_IID,007633,677,EDUCARE COMMUNITY LIVING CORPORATION  TEXAS,ICF/IID,YES,YES,TRAVIS,904 VICTORIA RIDGE,PFLUGERVILLE,TX,78660,20548d8398104d2a882cd018fff31786ccc77c4412b6874d5e1fada31ca02ab1,https://apps.hhs.texas.gov/providers/directories/ICFIID.xlsx,2026-09-30T19:14:28.931968+00:00,2026-09-29,,NO,085116412c9a62c9da1ff5409c19c5034da14ca4538dae9b1cb12149ce572636
TH-ENRICH-TX-SENIOR-2026-09-30-IDR2,TX|HHSC|TX_ICF_IID|003974,TX_ICF_IID,003974,678,EDUCARE COMMUNITY LIVING LIMITED PARTNERSHIP,ICF/IID,YES,YES,TRAVIS,514 OAT MEADOW DRIVE,PFLUGERVILLE,TX,78660,20548d8398104d2a882cd018fff31786ccc77c4412b6874d5e1fada31ca02ab1,https://apps.hhs.texas.gov/providers/directories/ICFIID.xlsx,2026-09-30T19:14:28.931968+00:00,2026-09-29,,NO,943f96f8f8ca826ba4dc61092b6dd9d948dc2d253d0bb57e9937df2a5dd9b24a
TH-ENRICH-TX-SENIOR-2026-09-30-IDR2,TX|HHSC|TX_ICF_IID|007343,TX_ICF_IID,007343,679,DOROTHY JO COMMUNITY HOME,ICF/IID,YES,YES,UVALDE,625 DOROTHY JO CIR,UVALDE,TX,78801,20548d8398104d2a882cd018fff31786ccc77c4412b6874d5e1fada31ca02ab1,https://apps.hhs.texas.gov/providers/directories/ICFIID.xlsx,2026-09-30T19:14:28.931968+00:00,2026-09-29,,NO,a772abe6fa948c3c7a2fbdb09df043419747d4b3d7537b020933dae52967ca30
TH-ENRICH-TX-SENIOR-2026-09-30-IDR2,TX|HHSC|TX_ICF_IID|007500,TX_ICF_IID,007500,680,EDUCARE COMMUNITY LIVING LIMITED PARTNERSHIP,ICF/IID,YES,YES,UVALDE,802 E NOPAL STREET,UVALDE,TX,78801-5400,20548d8398104d2a882cd018fff31786ccc77c4412b6874d5e1fada31ca02ab1,https://apps.hhs.texas.gov/providers/directories/ICFIID.xlsx,2026-09-30T19:14:28.931968+00:00,2026-09-29,,NO,fe3228a300dc6e2b43788ecb79612a591de42fb50fcfddb08b991daffc39b981
TH-ENRICH-TX-SENIOR-2026-09-30-IDR2,TX|HHSC|TX_ICF_IID|007237,TX_ICF_IID,007237,681,EDUCARE COMMUNITY LIVING LIMITED PARTNERSHIP,ICF/IID,YES,YES,VAL VERDE,93 MICHELLE DR,DEL RIO,TX,78840-2621,20548d8398104d2a882cd018fff31786ccc77c4412b6874d5e1fada31ca02ab1,https://apps.hhs.texas.gov/providers/directories/ICFIID.xlsx,2026-09-30T19:14:28.931968+00:00,2026-09-29,,NO,f1f4c7dbab50583f5227d7d18197824832221d3598bd9a6305502bf5490f64a0
TH-ENRICH-TX-SENIOR-2026-09-30-IDR2,TX|HHSC|TX_ICF_IID|007290,TX_ICF_IID,007290,682,EDUCARE COMMUNITY LIVING LIMITED PARTNERSHIP,ICF/IID,YES,YES,VAL VERDE,110 JOHN GLENN DR,DEL RIO,TX,78840,20548d8398104d2a882cd018fff31786ccc77c4412b6874d5e1fada31ca02ab1,https://apps.hhs.texas.gov/providers/directories/ICFIID.xlsx,2026-09-30T19:14:28.931968+00:00,2026-09-29,,NO,db18f96f00d1ae59cdc67d9fa784a95719dc0bb8cce3c6cee83e16fc35e284d9
TH-ENRICH-TX-SENIOR-2026-09-30-IDR2,TX|HHSC|TX_ICF_IID|003772,TX_ICF_IID,003772,683,ELLIOTT DRIVE GROUP HOME,ICF/IID,NO,YES,VAN ZANDT,1738 ELLIOTT DR,CANTON,TX,75103,20548d8398104d2a882cd018fff31786ccc77c4412b6874d5e1fada31ca02ab1,https://apps.hhs.texas.gov/providers/directories/ICFIID.xlsx,2026-09-30T19:14:28.931968+00:00,2026-09-29,,NO,0a22f1730889d6ba8fcc43c95a3e22d35d8fa3452d25e931db28aa454406c739
TH-ENRICH-TX-SENIOR-2026-09-30-IDR2,TX|HHSC|TX_ICF_IID|003938,TX_ICF_IID,003938,684,EDINBURGH HOME,ICF/IID,YES,YES,VICTORIA,306 EDINBURGH,VICTORIA,TX,77904,20548d8398104d2a882cd018fff31786ccc77c4412b6874d5e1fada31ca02ab1,https://apps.hhs.texas.gov/providers/directories/ICFIID.xlsx,2026-09-30T19:14:28.931968+00:00,2026-09-29,,NO,80d7ce37fb2e77b4dc1e387160fe7c8984d6dfdaa1951400d1ce3c77c79c8929
TH-ENRICH-TX-SENIOR-2026-09-30-IDR2,TX|HHSC|TX_ICF_IID|007304,TX_ICF_IID,007304,685,NORTHCREST GROUP HOME,ICF/IID,YES,YES,VICTORIA,902 BELLEVUE,VICTORIA,TX,77904,20548d8398104d2a882cd018fff31786ccc77c4412b6874d5e1fada31ca02ab1,https://apps.hhs.texas.gov/providers/directories/ICFIID.xlsx,2026-09-30T19:14:28.931968+00:00,2026-09-29,,NO,7101886b34077f81a3ae271595bd7813692724f5840ece46763616c897aaa52a
TH-ENRICH-TX-SENIOR-2026-09-30-IDR2,TX|HHSC|TX_ICF_IID|007504,TX_ICF_IID,007504,686,HUNTSVILLE COMMUNITY RESIDENCE,ICF/IID,YES,YES,WALKER,63 STATE HIGHWAY 75 N,HUNTSVILLE,TX,77320,20548d8398104d2a882cd018fff31786ccc77c4412b6874d5e1fada31ca02ab1,https://apps.hhs.texas.gov/providers/directories/ICFIID.xlsx,2026-09-30T19:14:28.931968+00:00,2026-09-29,,NO,ed5d7d42c71f73a1e58db58d46ee9e18950d30bcea899d121fde965b4df3bb7a
TH-ENRICH-TX-SENIOR-2026-09-30-IDR2,TX|HHSC|TX_ICF_IID|007110,TX_ICF_IID,007110,687,BRENHAM STATE SUPPORTED LIVING CENTER,ICF/IID,NO,YES,WASHINGTON,4001 HIGHWAY 36 SOUTH,BRENHAM,TX,77833,20548d8398104d2a882cd018fff31786ccc77c4412b6874d5e1fada31ca02ab1,https://apps.hhs.texas.gov/providers/directories/ICFIID.xlsx,2026-09-30T19:14:28.931968+00:00,2026-09-29,,NO,83b360a60f4b5db5eba873d32fb62ec0dcdf64f5cd3dd30267e01d5e5821dc78
TH-ENRICH-TX-SENIOR-2026-09-30-IDR2,TX|HHSC|TX_ICF_IID|007820,TX_ICF_IID,007820,688,EL CAMPO #2,ICF/IID,YES,YES,WHARTON,4912 NORTH FM 441 RD,EL CAMPO,TX,77437,20548d8398104d2a882cd018fff31786ccc77c4412b6874d5e1fada31ca02ab1,https://apps.hhs.texas.gov/providers/directories/ICFIID.xlsx,2026-09-30T19:14:28.931968+00:00,2026-09-29,,NO,fea393da762a794d1b6dcb03c0a10569f50fe726042e1af16ceba1245fbf3435
TH-ENRICH-TX-SENIOR-2026-09-30-IDR2,TX|HHSC|TX_ICF_IID|007822,TX_ICF_IID,007822,689,EL CAMPO #3,ICF/IID,YES,YES,WHARTON,4200 CR 360,EL CAMPO,TX,77437,20548d8398104d2a882cd018fff31786ccc77c4412b6874d5e1fada31ca02ab1,https://apps.hhs.texas.gov/providers/directories/ICFIID.xlsx,2026-09-30T19:14:28.931968+00:00,2026-09-29,,NO,c5566f76399c2cdb4843d2118a0426d224a1f7219d7445897bbc7c1a768c1688
TH-ENRICH-TX-SENIOR-2026-09-30-IDR2,TX|HHSC|TX_ICF_IID|007819,TX_ICF_IID,007819,690,EL CAMPO 1,ICF/IID,YES,YES,WHARTON,3396 COUNTY ROAD 355,EL CAMPO,TX,77437,20548d8398104d2a882cd018fff31786ccc77c4412b6874d5e1fada31ca02ab1,https://apps.hhs.texas.gov/providers/directories/ICFIID.xlsx,2026-09-30T19:14:28.931968+00:00,2026-09-29,,NO,1b898e7c77cf439d234254c0b4041d5f1caf3679adcb26dd1416bd672e0d382e
TH-ENRICH-TX-SENIOR-2026-09-30-IDR2,TX|HHSC|TX_ICF_IID|007821,TX_ICF_IID,007821,691,EL CAMPO 4,ICF/IID,YES,YES,WHARTON,577 C.R. 346,EL CAMPO,TX,77437,20548d8398104d2a882cd018fff31786ccc77c4412b6874d5e1fada31ca02ab1,https://apps.hhs.texas.gov/providers/directories/ICFIID.xlsx,2026-09-30T19:14:28.931968+00:00,2026-09-29,,NO,7b38c25c7b3dda5a40a2a4bd10f1abe0f0a6bf46ff9de69135f1b76cf85f103d
TH-ENRICH-TX-SENIOR-2026-09-30-IDR2,TX|HHSC|TX_ICF_IID|007361,TX_ICF_IID,007361,692,CUMBERLAND COURT,ICF/IID,YES,YES,WICHITA,2114 8TH ST,WICHITA FALLS,TX,76301,20548d8398104d2a882cd018fff31786ccc77c4412b6874d5e1fada31ca02ab1,https://apps.hhs.texas.gov/providers/directories/ICFIID.xlsx,2026-09-30T19:14:28.931968+00:00,2026-09-29,,NO,13eb601b1878979568daabb6d1e39da0d5ec0acdd0ca2d9b6c575110c5f0ac50
TH-ENRICH-TX-SENIOR-2026-09-30-IDR2,TX|HHSC|TX_ICF_IID|007556,TX_ICF_IID,007556,693,HAMLIN HOUSE,ICF/IID,YES,YES,WICHITA,1509 P B LN,WICHITA FALLS,TX,76302,20548d8398104d2a882cd018fff31786ccc77c4412b6874d5e1fada31ca02ab1,https://apps.hhs.texas.gov/providers/directories/ICFIID.xlsx,2026-09-30T19:14:28.931968+00:00,2026-09-29,,NO,08be6ce10fd8736c3d89a333dcd90275b99d48739a5a8dcbd6cb3b181826a9f9
TH-ENRICH-TX-SENIOR-2026-09-30-IDR2,TX|HHSC|TX_ICF_IID|007360,TX_ICF_IID,007360,694,MIRAMAR,ICF/IID,YES,YES,WICHITA,2911 AVE L,WICHITA FALLS,TX,76309,20548d8398104d2a882cd018fff31786ccc77c4412b6874d5e1fada31ca02ab1,https://apps.hhs.texas.gov/providers/directories/ICFIID.xlsx,2026-09-30T19:14:28.931968+00:00,2026-09-29,,NO,4dd79c08f9beddf932c52be534d3405d5044440c467316027314f46d84cf267b
TH-ENRICH-TX-SENIOR-2026-09-30-IDR2,TX|HHSC|TX_ICF_IID|003797,TX_ICF_IID,003797,695,OUACHITA ACRES,ICF/IID,YES,YES,WICHITA,7752 STATE HWY 79 SOUTH,WICHITA FALLS,TX,76310,20548d8398104d2a882cd018fff31786ccc77c4412b6874d5e1fada31ca02ab1,https://apps.hhs.texas.gov/providers/directories/ICFIID.xlsx,2026-09-30T19:14:28.931968+00:00,2026-09-29,,NO,6ef51c119f4c266ceba4cef2666a026db2eead84ef5d24157e8917daf7902f6d
TH-ENRICH-TX-SENIOR-2026-09-30-IDR2,TX|HHSC|TX_ICF_IID|003759,TX_ICF_IID,003759,696,OUACHITA FLATS,ICF/IID,YES,YES,WICHITA,6086 KOVARIK RD,WICHITA FALLS,TX,76310,20548d8398104d2a882cd018fff31786ccc77c4412b6874d5e1fada31ca02ab1,https://apps.hhs.texas.gov/providers/directories/ICFIID.xlsx,2026-09-30T19:14:28.931968+00:00,2026-09-29,,NO,bb43da0d629982bf0c6c603cb027abff26db57613498f6ac91eba4dc2dd5c54d
TH-ENRICH-TX-SENIOR-2026-09-30-IDR2,TX|HHSC|TX_ICF_IID|007426,TX_ICF_IID,007426,697,SOMERSET HILLS,ICF/IID,YES,YES,WICHITA,4515 LAKEVIEW DR,WICHITA FALLS,TX,76308,20548d8398104d2a882cd018fff31786ccc77c4412b6874d5e1fada31ca02ab1,https://apps.hhs.texas.gov/providers/directories/ICFIID.xlsx,2026-09-30T19:14:28.931968+00:00,2026-09-29,,NO,7fed300590a1704c2c35fc904ed16a56ed2440be91535657f286c3644995b9e5
TH-ENRICH-TX-SENIOR-2026-09-30-IDR2,TX|HHSC|TX_ICF_IID|007538,TX_ICF_IID,007538,698,GRANT HOUSE,ICF/IID,YES,YES,WILLIAMSON,11602 FLINNWOOD CIR,AUSTIN,TX,78750,20548d8398104d2a882cd018fff31786ccc77c4412b6874d5e1fada31ca02ab1,https://apps.hhs.texas.gov/providers/directories/ICFIID.xlsx,2026-09-30T19:14:28.931968+00:00,2026-09-29,,NO,35d1d2492b1ac4d5925a2b7128df4cd712664594e42498495dc8c33bfbf7cdfe
TH-ENRICH-TX-SENIOR-2026-09-30-IDR2,TX|HHSC|TX_ICF_IID|106799,TX_ICF_IID,106799,699,APPLETREE COMMUNITY RESIDENCE,ICF/IID,YES,YES,WILLIAMSON,2507 BOIS D ARC LANE,CEDAR PARK,TX,78613,20548d8398104d2a882cd018fff31786ccc77c4412b6874d5e1fada31ca02ab1,https://apps.hhs.texas.gov/providers/directories/ICFIID.xlsx,2026-09-30T19:14:28.931968+00:00,2026-09-29,,NO,42e3c822ce0ce638f101f903b804cd8e2b22d2986f630afe10955b81107e5554
TH-ENRICH-TX-SENIOR-2026-09-30-IDR2,TX|HHSC|TX_ICF_IID|007310,TX_ICF_IID,007310,700,CEDAR PARK COMMUNITY RESIDENCE,ICF/IID,YES,YES,WILLIAMSON,611 POMEGRANATE PASS,CEDAR PARK,TX,78613,20548d8398104d2a882cd018fff31786ccc77c4412b6874d5e1fada31ca02ab1,https://apps.hhs.texas.gov/providers/directories/ICFIID.xlsx,2026-09-30T19:14:28.931968+00:00,2026-09-29,,NO,62268edbccacee29e5f83906294ac17bc9a36da3570592aa76181db2958df406
TH-ENRICH-TX-SENIOR-2026-09-30-IDR2,TX|HHSC|TX_ICF_IID|007468,TX_ICF_IID,007468,701,DRIFTWOOD COMMUNITY HOME,ICF/IID,YES,YES,WILLIAMSON,2304 DIJON,CEDAR PARK,TX,78613,20548d8398104d2a882cd018fff31786ccc77c4412b6874d5e1fada31ca02ab1,https://apps.hhs.texas.gov/providers/directories/ICFIID.xlsx,2026-09-30T19:14:28.931968+00:00,2026-09-29,,NO,7081fb9285a68ee371331073d5789f273003517a9ef438b57066f7c0df936c37
TH-ENRICH-TX-SENIOR-2026-09-30-IDR2,TX|HHSC|TX_ICF_IID|003810,TX_ICF_IID,003810,702,HILL COUNTRY COMMUNITY RESIDENCE,ICF/IID,YES,YES,WILLIAMSON,1406 PECAN STREET,CEDAR PARK,TX,78613,20548d8398104d2a882cd018fff31786ccc77c4412b6874d5e1fada31ca02ab1,https://apps.hhs.texas.gov/providers/directories/ICFIID.xlsx,2026-09-30T19:14:28.931968+00:00,2026-09-29,,NO,ab222f19f601bdd6eb4746dc7ea69beb56f630f50495e559f03d40c1e2ccff41
TH-ENRICH-TX-SENIOR-2026-09-30-IDR2,TX|HHSC|TX_ICF_IID|003644,TX_ICF_IID,003644,703,RIVIERA COMMUNITY RESIDENCE,ICF/IID,YES,YES,WILLIAMSON,2401 DIJON DR,CEDAR PARK,TX,78613,20548d8398104d2a882cd018fff31786ccc77c4412b6874d5e1fada31ca02ab1,https://apps.hhs.texas.gov/providers/directories/ICFIID.xlsx,2026-09-30T19:14:28.931968+00:00,2026-09-29,,NO,6f819a7f03cc59b6b4cade14e4ae9c4eaaac118bffc7e84c55ec9e6fc4bf9d3e
TH-ENRICH-TX-SENIOR-2026-09-30-IDR2,TX|HHSC|TX_ICF_IID|003784,TX_ICF_IID,003784,704,ROCK HOUSE OF GEORGETOWN 1,ICF/IID,YES,YES,WILLIAMSON,4142 WILLIAMS DR,GEORGETOWN,TX,78628,20548d8398104d2a882cd018fff31786ccc77c4412b6874d5e1fada31ca02ab1,https://apps.hhs.texas.gov/providers/directories/ICFIID.xlsx,2026-09-30T19:14:28.931968+00:00,2026-09-29,,NO,1d10c3a0782a226b377c94daa3050d94d9d1f6f12457a3acbb9c2a9267c9d309
TH-ENRICH-TX-SENIOR-2026-09-30-IDR2,TX|HHSC|TX_ICF_IID|003813,TX_ICF_IID,003813,705,ROCK HOUSE OF GEORGETOWN 2,ICF/IID,YES,YES,WILLIAMSON,4146 WILLIAMS DR,GEORGETOWN,TX,78628,20548d8398104d2a882cd018fff31786ccc77c4412b6874d5e1fada31ca02ab1,https://apps.hhs.texas.gov/providers/directories/ICFIID.xlsx,2026-09-30T19:14:28.931968+00:00,2026-09-29,,NO,cdc3127bede268668d8a5a0579261c3b47740918c0a28a71f6e02a3fd75aaeb7
TH-ENRICH-TX-SENIOR-2026-09-30-IDR2,TX|HHSC|TX_ICF_IID|007412,TX_ICF_IID,007412,706,COUNTY GLEN COMMUNITY RESIDENCE,ICF/IID,YES,YES,WILLIAMSON,308 COUNTY GLEN,LEANDER,TX,78641,20548d8398104d2a882cd018fff31786ccc77c4412b6874d5e1fada31ca02ab1,https://apps.hhs.texas.gov/providers/directories/ICFIID.xlsx,2026-09-30T19:14:28.931968+00:00,2026-09-29,,NO,602d666a8d8b9faceb55ca97559fb368b1b680f3ae8f26f95dbc2f119b3dd13b
TH-ENRICH-TX-SENIOR-2026-09-30-IDR2,TX|HHSC|TX_ICF_IID|003626,TX_ICF_IID,003626,707,GREYSON COMMUNITY RESIDENCE,ICF/IID,YES,YES,WILLIAMSON,2316 PEARSON WAY,ROUND ROCK,TX,78665,20548d8398104d2a882cd018fff31786ccc77c4412b6874d5e1fada31ca02ab1,https://apps.hhs.texas.gov/providers/directories/ICFIID.xlsx,2026-09-30T19:14:28.931968+00:00,2026-09-29,,NO,e1dfee4a14d5612ea730fb478528732582994add4ac170b120c4ecffe06f35ff
TH-ENRICH-TX-SENIOR-2026-09-30-IDR2,TX|HHSC|TX_ICF_IID|007444,TX_ICF_IID,007444,708,MUSTANG COMMUNITY RESIDENCE,ICF/IID,YES,YES,WILLIAMSON,4207 DEER TRACT STREET,ROUND ROCK,TX,78665,20548d8398104d2a882cd018fff31786ccc77c4412b6874d5e1fada31ca02ab1,https://apps.hhs.texas.gov/providers/directories/ICFIID.xlsx,2026-09-30T19:14:28.931968+00:00,2026-09-29,,NO,7bba658829b96c2ac0ef8206d81cd5761d982e6812be6184f1718dff7c3c21e2
TH-ENRICH-TX-SENIOR-2026-09-30-IDR2,TX|HHSC|TX_ICF_IID|007605,TX_ICF_IID,007605,709,MALLARD COMMUNITY RESIDENCE,ICF/IID,YES,YES,WILLIAMSON,1609 MALLARD,TAYLOR,TX,76574,20548d8398104d2a882cd018fff31786ccc77c4412b6874d5e1fada31ca02ab1,https://apps.hhs.texas.gov/providers/directories/ICFIID.xlsx,2026-09-30T19:14:28.931968+00:00,2026-09-29,,NO,c4e1dcfa1190461fa43dcaf0cdef1548d609afa0072b96feed7ef0f987b8533b
TH-ENRICH-TX-SENIOR-2026-09-30-IDR2,TX|HHSC|TX_ICF_IID|003680,TX_ICF_IID,003680,710,TAYLOR COMMUNITY RESIDENCE,ICF/IID,YES,YES,WILLIAMSON,4600 NORTH DRIVE,TAYLOR,TX,76574,20548d8398104d2a882cd018fff31786ccc77c4412b6874d5e1fada31ca02ab1,https://apps.hhs.texas.gov/providers/directories/ICFIID.xlsx,2026-09-30T19:14:28.931968+00:00,2026-09-29,,NO,415c951fa3f8237d5b722f0add429a32dba2f4a05d8e9bc762fc84e647af8657
TH-ENRICH-TX-SENIOR-2026-09-30-IDR2,TX|HHSC|TX_DAHS|110993,TX_DAHS,110993,3,"DOWN HOME RANCH, INC",DAHS-ISS,YES,NO,BASTROP,20250 FM 619,ELGIN,TEXAS,78621,ec962e57112d6600b4deec292eaee5e0620e70b5413eea71d52078a3c4dcba8f,https://apps.hhs.texas.gov/providers/directories/DAHS.xlsx,2026-09-30T19:14:29.766735+00:00,2026-09-29,,NO,91c7f90e01cc2f68753f735a44b0c25fed5e744a7306b553093af7fb9099457c
TH-ENRICH-TX-SENIOR-2026-09-30-IDR2,TX|HHSC|TX_DAHS|003330,TX_DAHS,003330,4,"LA AMISTAD ADULT CARE & ACTIVITY CENTER, LLC",DAHS,YES,NO,BEE,403 N MONROE ST.,BEEVILLE,TEXAS,78102,ec962e57112d6600b4deec292eaee5e0620e70b5413eea71d52078a3c4dcba8f,https://apps.hhs.texas.gov/providers/directories/DAHS.xlsx,2026-09-30T19:14:29.766735+00:00,2026-09-29,,NO,0351e465b1de2937a2f2396b4d35fed0f3092de78bab2e9d9c8d41a672406cac
TH-ENRICH-TX-SENIOR-2026-09-30-IDR2,TX|HHSC|TX_DAHS|050755,TX_DAHS,050755,5,LA ESPERANZA ADULT ACTIVITY CENTER,DAHS,YES,NO,BEE,302 MOORE ST,BEEVILLE,TX,78102,ec962e57112d6600b4deec292eaee5e0620e70b5413eea71d52078a3c4dcba8f,https://apps.hhs.texas.gov/providers/directories/DAHS.xlsx,2026-09-30T19:14:29.766735+00:00,2026-09-29,,NO,35d7e0b90660d32513ce6b894852201670e23741f8858429612944189cd800a5
TH-ENRICH-TX-SENIOR-2026-09-30-IDR2,TX|HHSC|TX_DAHS|003401,TX_DAHS,003401,6,TEXAS ADULT DAY CARE CENTERS INC,DAHS,YES,NO,BEE,1900 S WASHINGTON,BEEVILLE,TX,78102,ec962e57112d6600b4deec292eaee5e0620e70b5413eea71d52078a3c4dcba8f,https://apps.hhs.texas.gov/providers/directories/DAHS.xlsx,2026-09-30T19:14:29.766735+00:00,2026-09-29,,NO,80050c2dbb69be5fbff6c494f3c00d6488bb71fb8718d2cbbfa5e6cada728d7e
TH-ENRICH-TX-SENIOR-2026-09-30-IDR2,TX|HHSC|TX_DAHS|110569,TX_DAHS,110569,7,HEART OF GOLD ADULT DAYCARE LLC,DAHS,YES,NO,BELL,2904 TRIMMIER RD STE B16,KILLEEN,TEXAS,76542,ec962e57112d6600b4deec292eaee5e0620e70b5413eea71d52078a3c4dcba8f,https://apps.hhs.texas.gov/providers/directories/DAHS.xlsx,2026-09-30T19:14:29.766735+00:00,2026-09-29,,NO,4575b6936103f5f6ddbc4210ba4aca3dec83f116f8b2671d70fb9eb7ad3dcc11
TH-ENRICH-TX-SENIOR-2026-09-30-IDR2,TX|HHSC|TX_DAHS|111376,TX_DAHS,111376,8,ACTS  ADULT DAY & ACTIVITY CENTER,DAHS-ISS,YES,NO,BEXAR,328 W. MAYFIELD BLVD,SAN ANTONIO,TX,78221,ec962e57112d6600b4deec292eaee5e0620e70b5413eea71d52078a3c4dcba8f,https://apps.hhs.texas.gov/providers/directories/DAHS.xlsx,2026-09-30T19:14:29.766735+00:00,2026-09-29,,NO,b83e2021b271047b1159c2daf1392d96c9d75ddbe72b888246aff220b4536930
TH-ENRICH-TX-SENIOR-2026-09-30-IDR2,TX|HHSC|TX_DAHS|000521,TX_DAHS,000521,9,ACTS ADULT DAY & ACTIVITY CENTER,DAHS,YES,NO,BEXAR,328 WEST MAYFIELD,SAN ANTONIO,TX,78221,ec962e57112d6600b4deec292eaee5e0620e70b5413eea71d52078a3c4dcba8f,https://apps.hhs.texas.gov/providers/directories/DAHS.xlsx,2026-09-30T19:14:29.766735+00:00,2026-09-29,,NO,2d6fe607b27be329532ac45dec3888dc8508e1fddfbb71bafb6fa43c06f6c04e
TH-ENRICH-TX-SENIOR-2026-09-30-IDR2,TX|HHSC|TX_DAHS|010245,TX_DAHS,010245,10,ALAMOCARE ADULT ACTIVITY DAYCARE,DAHS,YES,NO,BEXAR,1300 WEST AVE,SAN ANTONIO,TX,78201,ec962e57112d6600b4deec292eaee5e0620e70b5413eea71d52078a3c4dcba8f,https://apps.hhs.texas.gov/providers/directories/DAHS.xlsx,2026-09-30T19:14:29.766735+00:00,2026-09-29,,NO,aecd1ff0bef1be0f518602ed1ed0a9df0d4fb4f9d6f621b7efd14b529c755c93
TH-ENRICH-TX-SENIOR-2026-09-30-IDR2,TX|HHSC|TX_DAHS|001541,TX_DAHS,001541,11,CAREPLEX ADULT DAY CARE CENTER INC,DAHS,YES,NO,BEXAR,7519 MARBACH RD STE 106,SAN ANTONIO,TX,78227,ec962e57112d6600b4deec292eaee5e0620e70b5413eea71d52078a3c4dcba8f,https://apps.hhs.texas.gov/providers/directories/DAHS.xlsx,2026-09-30T19:14:29.766735+00:00,2026-09-29,,NO,81635f72b591cb1d3a202437c1cd596b5c54d99aba007bf445b2d8a9035b9e00
TH-ENRICH-TX-SENIOR-2026-09-30-IDR2,TX|HHSC|TX_DAHS|104528,TX_DAHS,104528,12,"CLEARDAY CLUBS OF LEON VALLEY, LLC",DAHS,YES,NO,BEXAR,"6812 BANDERA ROAD, SUITE 124",SAN ANTONIO,TX,78238,ec962e57112d6600b4deec292eaee5e0620e70b5413eea71d52078a3c4dcba8f,https://apps.hhs.texas.gov/providers/directories/DAHS.xlsx,2026-09-30T19:14:29.766735+00:00,2026-09-29,,NO,44420471df4ee6ec9f4fda846a432218a71441bfd65839b46c43520c4a394d54
TH-ENRICH-TX-SENIOR-2026-09-30-IDR2,TX|HHSC|TX_DAHS|110149,TX_DAHS,110149,13,EXCLUSIVE ADULT DAY CARE INC,DAHS,YES,NO,BEXAR,6810 BANDERA RD STE 01,SAN ANTONIO,TEXAS,78238,ec962e57112d6600b4deec292eaee5e0620e70b5413eea71d52078a3c4dcba8f,https://apps.hhs.texas.gov/providers/directories/DAHS.xlsx,2026-09-30T19:14:29.766735+00:00,2026-09-29,,NO,1d50bd764a24f7c9eabc4f8bdccac5759dfa51b86cd1e370a8cf7c76a37791ba
TH-ENRICH-TX-SENIOR-2026-09-30-IDR2,TX|HHSC|TX_DAHS|111639,TX_DAHS,111639,14,GRACE PLACE ALZHEIMER'S ACTIVITY CENTER,DAHS,YES,NO,BEXAR,2718 DANBURY STREET,SAN ANTONIO,TEXAS,78217,ec962e57112d6600b4deec292eaee5e0620e70b5413eea71d52078a3c4dcba8f,https://apps.hhs.texas.gov/providers/directories/DAHS.xlsx,2026-09-30T19:14:29.766735+00:00,2026-09-29,,NO,6cd6208be12678cd3231ae5d3cd28e8d197f3b3eb1d2d210d18171371196ee4e
TH-ENRICH-TX-SENIOR-2026-09-30-IDR2,TX|HHSC|TX_DAHS|003076,TX_DAHS,003076,15,HEAVENLY HEARTS ADULT DAYCARE LLC,DAHS,YES,NO,BEXAR,4252 THOUSAND OAKS DR,SAN ANTONIO,TEXAS,78217,ec962e57112d6600b4deec292eaee5e0620e70b5413eea71d52078a3c4dcba8f,https://apps.hhs.texas.gov/providers/directories/DAHS.xlsx,2026-09-30T19:14:29.766735+00:00,2026-09-29,,NO,8726ecd2974b1c71e7a18e2ad0d9b652740f92593a80a59b6dacdac81d228168
TH-ENRICH-TX-SENIOR-2026-09-30-IDR2,TX|HHSC|TX_DAHS|100026,TX_DAHS,100026,16,"KIRBY ADULT DAY CARE,  INC",DAHS,YES,NO,BEXAR,5135 OLD SEGUIN RD,SAN ANTONIO,TX,78219,ec962e57112d6600b4deec292eaee5e0620e70b5413eea71d52078a3c4dcba8f,https://apps.hhs.texas.gov/providers/directories/DAHS.xlsx,2026-09-30T19:14:29.766735+00:00,2026-09-29,,NO,0b3ba48db93e885a2d0a128aae251929b15392aec7baaf4a66e4242ca91fa56e
TH-ENRICH-TX-SENIOR-2026-09-30-IDR2,TX|HHSC|TX_DAHS|010229,TX_DAHS,010229,17,LA ESTRELLA ADULT DAY CARE,DAHS,YES,NO,BEXAR,2301 SAN FERNANDO ST,SAN ANTONIO,TX,78207,ec962e57112d6600b4deec292eaee5e0620e70b5413eea71d52078a3c4dcba8f,https://apps.hhs.texas.gov/providers/directories/DAHS.xlsx,2026-09-30T19:14:29.766735+00:00,2026-09-29,,NO,54ec5a115db3bda8b5eebf9e75a46c0e75246269669837097a2d28fe6e3541e9
TH-ENRICH-TX-SENIOR-2026-09-30-IDR2,TX|HHSC|TX_DAHS|101085,TX_DAHS,101085,18,LA ESTRELLA ADULT DAY CARE  S FLORES,DAHS,YES,NO,BEXAR,6315 S FLORES,SAN ANTONIO,TX,78214,ec962e57112d6600b4deec292eaee5e0620e70b5413eea71d52078a3c4dcba8f,https://apps.hhs.texas.gov/providers/directories/DAHS.xlsx,2026-09-30T19:14:29.766735+00:00,2026-09-29,,NO,06b0b603d4003dc85ba0e3a7f60993cd1ae788ef7288a57313a1e88d0af37236
TH-ENRICH-TX-SENIOR-2026-09-30-IDR2,TX|HHSC|TX_DAHS|003302,TX_DAHS,003302,19,LIVING DAYS ADULT DAY CARE CENTER INC,DAHS,YES,NO,BEXAR,2603 W SOUTHCROSS BLVD,SAN ANTONIO,TX,78211,ec962e57112d6600b4deec292eaee5e0620e70b5413eea71d52078a3c4dcba8f,https://apps.hhs.texas.gov/providers/directories/DAHS.xlsx,2026-09-30T19:14:29.766735+00:00,2026-09-29,,NO,db2f239a4b4ee6701114bc90d0b386843b1d97989ba03e68b3ca237b58d0222c
TH-ENRICH-TX-SENIOR-2026-09-30-IDR2,TX|HHSC|TX_DAHS|003021,TX_DAHS,003021,20,MOTHER EARTH ADULT DAYCARE CENTER,DAHS,YES,NO,BEXAR,8464 BARRON RD,SAN ANTONIO,TX,78240,ec962e57112d6600b4deec292eaee5e0620e70b5413eea71d52078a3c4dcba8f,https://apps.hhs.texas.gov/providers/directories/DAHS.xlsx,2026-09-30T19:14:29.766735+00:00,2026-09-29,,NO,e605522bcbd4241eac702b67c972bd036350e44e46abc87d2e05ec982618eb2e
TH-ENRICH-TX-SENIOR-2026-09-30-IDR2,TX|HHSC|TX_DAHS|105385,TX_DAHS,105385,21,"MUNDO DE AMOR ADULT DAY CARE, LLC",DAHS,YES,NO,BEXAR,4606 E SOUTHCROSS BLVD SUITE 103,SAN ANTONIO,TX,78222,ec962e57112d6600b4deec292eaee5e0620e70b5413eea71d52078a3c4dcba8f,https://apps.hhs.texas.gov/providers/directories/DAHS.xlsx,2026-09-30T19:14:29.766735+00:00,2026-09-29,,NO,c888967278ab4efa685e379f596bffafeef63afc1986b8bf13246e0ef06270a4
TH-ENRICH-TX-SENIOR-2026-09-30-IDR2,TX|HHSC|TX_DAHS|106288,TX_DAHS,106288,22,NEW DAWN ADULT DAY CARE,DAHS,YES,NO,BEXAR,10300 HERITAGE STE 101,SAN ANTONIO,TX,78216,ec962e57112d6600b4deec292eaee5e0620e70b5413eea71d52078a3c4dcba8f,https://apps.hhs.texas.gov/providers/directories/DAHS.xlsx,2026-09-30T19:14:29.766735+00:00,2026-09-29,,NO,db0345550753cb45f5e8da08c240e9c40c7fbc76d5a66224820ead3e5b961dee
TH-ENRICH-TX-SENIOR-2026-09-30-IDR2,TX|HHSC|TX_DAHS|112061,TX_DAHS,112061,23,SARAHCARE AT ENCINO PARK,DAHS,YES,NO,BEXAR,21025 ENCINO COMMONS #101,SAN ANTONIO,TX,78259,ec962e57112d6600b4deec292eaee5e0620e70b5413eea71d52078a3c4dcba8f,https://apps.hhs.texas.gov/providers/directories/DAHS.xlsx,2026-09-30T19:14:29.766735+00:00,2026-09-29,,NO,76e543919afbd6625fe3ceeaf83997822edd6756c526eba2c6a4a5bc0b82d226
TH-ENRICH-TX-SENIOR-2026-09-30-IDR2,TX|HHSC|TX_DAHS|101313,TX_DAHS,101313,24,SENIORS 2000 HEALTH AND ACTIVITIES CENTER,DAHS,YES,NO,BEXAR,4396 CALLAGHAN,SAN ANTONIO,TX,78228,ec962e57112d6600b4deec292eaee5e0620e70b5413eea71d52078a3c4dcba8f,https://apps.hhs.texas.gov/providers/directories/DAHS.xlsx,2026-09-30T19:14:29.766735+00:00,2026-09-29,,NO,593cfc36ac365a9783ee495d191a6477470af632f9d69b730907520723302c69
TH-ENRICH-TX-SENIOR-2026-09-30-IDR2,TX|HHSC|TX_DAHS|003422,TX_DAHS,003422,25,STERLING ADULT DAY CARE,DAHS,YES,NO,BEXAR,543 PINN RD,SAN ANTONIO,TX,78227,ec962e57112d6600b4deec292eaee5e0620e70b5413eea71d52078a3c4dcba8f,https://apps.hhs.texas.gov/providers/directories/DAHS.xlsx,2026-09-30T19:14:29.766735+00:00,2026-09-29,,NO,2d71a51df11ae894e29a92c98a65fef689941b6c83540cd6296ce9c79b816936
TH-ENRICH-TX-SENIOR-2026-09-30-IDR2,TX|HHSC|TX_DAHS|111414,TX_DAHS,111414,26,TEXCARE ADULT DAY SERVICE INC,DAHS-ISS,YES,NO,BEXAR,1915 LAMANDA BLVD,SAN ANTONIO,TX,78201,ec962e57112d6600b4deec292eaee5e0620e70b5413eea71d52078a3c4dcba8f,https://apps.hhs.texas.gov/providers/directories/DAHS.xlsx,2026-09-30T19:14:29.766735+00:00,2026-09-29,,NO,01fd22faf719e85a6fbc4aaa991ed3cb15279e7fb3c5c2b044c8412c4b1f777d
TH-ENRICH-TX-SENIOR-2026-09-30-IDR2,TX|HHSC|TX_DAHS|101287,TX_DAHS,101287,27,TEXCARE ADULT DAY SERVICES INC,DAHS,YES,NO,BEXAR,1915 LA MANDA,SAN ANTONIO,TX,78201,ec962e57112d6600b4deec292eaee5e0620e70b5413eea71d52078a3c4dcba8f,https://apps.hhs.texas.gov/providers/directories/DAHS.xlsx,2026-09-30T19:14:29.766735+00:00,2026-09-29,,NO,22b2baf8857cd634968d41cddd6fef2b35f0c1a9080ce450a093d729299c7d88
TH-ENRICH-TX-SENIOR-2026-09-30-IDR2,TX|HHSC|TX_DAHS|105820,TX_DAHS,105820,28,"LULA'S PLACE ADULT DAY FACILITY, LLC",DAHS,YES,NO,BRAZORIA,2336 TEXAS AVENUESTE 100,PEARLAND,TX,77581,ec962e57112d6600b4deec292eaee5e0620e70b5413eea71d52078a3c4dcba8f,https://apps.hhs.texas.gov/providers/directories/DAHS.xlsx,2026-09-30T19:14:29.766735+00:00,2026-09-29,,NO,8748e7786e494edaeac6bf15865faeed0208338499666a3f7e36e017956a0df8
TH-ENRICH-TX-SENIOR-2026-09-30-IDR2,TX|HHSC|TX_DAHS|106212,TX_DAHS,106212,29,GOOD TIMES ADULT DAY CARE II,DAHS,YES,NO,BROOKS,119 WEST RICE ST,FALFURRIAS,TX,78355,ec962e57112d6600b4deec292eaee5e0620e70b5413eea71d52078a3c4dcba8f,https://apps.hhs.texas.gov/providers/directories/DAHS.xlsx,2026-09-30T19:14:29.766735+00:00,2026-09-29,,NO,3b86266de4b98a171740f2ad94ab10110bd4089fb0a25c42a2d8d76268f11c3a
TH-ENRICH-TX-SENIOR-2026-09-30-IDR2,TX|HHSC|TX_DAHS|003278,TX_DAHS,003278,30,ALPINE ADULT DAY CARE INC,DAHS,YES,NO,CAMERON,500 PAREDES LINE RD STE E,BROWNSVILLE,TX,78521,ec962e57112d6600b4deec292eaee5e0620e70b5413eea71d52078a3c4dcba8f,https://apps.hhs.texas.gov/providers/directories/DAHS.xlsx,2026-09-30T19:14:29.766735+00:00,2026-09-29,,NO,68d5c0373bad023c8eb8039879b88b5cf0b9d0a4797cce5961fbf30c09f03a2e
TH-ENRICH-TX-SENIOR-2026-09-30-IDR2,TX|HHSC|TX_DAHS|110585,TX_DAHS,110585,31,BELLA VIDA SENIOR SERVICES LLC,DAHS,YES,NO,CAMERON,794 PAREDES LINE RD,BROWNSVILLE,TEXAS,78521,ec962e57112d6600b4deec292eaee5e0620e70b5413eea71d52078a3c4dcba8f,https://apps.hhs.texas.gov/providers/directories/DAHS.xlsx,2026-09-30T19:14:29.766735+00:00,2026-09-29,,NO,6caca14405e0c97a94f7c1d62f0b62e9a7a8941380d19749a601dd248f3cccde
TH-ENRICH-TX-SENIOR-2026-09-30-IDR2,TX|HHSC|TX_DAHS|103479,TX_DAHS,103479,32,BELLO AMANECER ADULT DAY CARE INC,DAHS,YES,NO,CAMERON,556 W ELIZABETH,BROWNSVILLE,TX,78520,ec962e57112d6600b4deec292eaee5e0620e70b5413eea71d52078a3c4dcba8f,https://apps.hhs.texas.gov/providers/directories/DAHS.xlsx,2026-09-30T19:14:29.766735+00:00,2026-09-29,,NO,577e1ebc3f703a7182a163fc91571401e3edff01ac9e0e037f22edc1f457af76
TH-ENRICH-TX-SENIOR-2026-09-30-IDR2,TX|HHSC|TX_DAHS|110533,TX_DAHS,110533,33,BRIGHTEN ACADEMY RGV,DAHS,YES,NO,CAMERON,285 KINGS HIGHWAY,BROWNSVILLE,TEXAS,78521,ec962e57112d6600b4deec292eaee5e0620e70b5413eea71d52078a3c4dcba8f,https://apps.hhs.texas.gov/providers/directories/DAHS.xlsx,2026-09-30T19:14:29.766735+00:00,2026-09-29,,NO,8006c3ba5ce8fbebe29c18d606ef29008593f2369a086bd41631fe130c2b528c
TH-ENRICH-TX-SENIOR-2026-09-30-IDR2,TX|HHSC|TX_DAHS|104486,TX_DAHS,104486,34,BUGAMBILIAS ADULT DAY CARE CENTER,DAHS,YES,NO,CAMERON,325 MEXICO BLVDSUITE B,BROWNSVILLE,TX,78520,ec962e57112d6600b4deec292eaee5e0620e70b5413eea71d52078a3c4dcba8f,https://apps.hhs.texas.gov/providers/directories/DAHS.xlsx,2026-09-30T19:14:29.766735+00:00,2026-09-29,,NO,736349e39d683f4aa85b7139866266c43d897cbac8a4be960f059fd3b1203fa4
TH-ENRICH-TX-SENIOR-2026-09-30-IDR2,TX|HHSC|TX_DAHS|003077,TX_DAHS,003077,35,CARINO ADULT DAY CARE,DAHS,YES,NO,CAMERON,2410 RUSSELL AVE,BROWNSVILLE,TX,78520,ec962e57112d6600b4deec292eaee5e0620e70b5413eea71d52078a3c4dcba8f,https://apps.hhs.texas.gov/providers/directories/DAHS.xlsx,2026-09-30T19:14:29.766735+00:00,2026-09-29,,NO,f7c14f1ef7070642983dfa89772f67b7c8b0dea434bfdb886ff75255ca66c9e3
TH-ENRICH-TX-SENIOR-2026-09-30-IDR2,TX|HHSC|TX_DAHS|111264,TX_DAHS,111264,36,"DINORAH'S ADULT DAYCARE CENTER, LLC",DAHS,YES,NO,CAMERON,"205 SECURITY DR., BLDG. B",BROWNSVILLE,TX,78521,ec962e57112d6600b4deec292eaee5e0620e70b5413eea71d52078a3c4dcba8f,https://apps.hhs.texas.gov/providers/directories/DAHS.xlsx,2026-09-30T19:14:29.766735+00:00,2026-09-29,,NO,1ec5f35aa03722c3850f31d0c72a7c7ca84a6875225c2cdf2f1bfaa0a93c6e94
TH-ENRICH-TX-SENIOR-2026-09-30-IDR2,TX|HHSC|TX_DAHS|100398,TX_DAHS,100398,37,DULCE HOGAR ADULT DAY CARE CENTER,DAHS,YES,NO,CAMERON,980 JOSE COLUNGA JR ST,BROWNSVILLE,TX,78521,ec962e57112d6600b4deec292eaee5e0620e70b5413eea71d52078a3c4dcba8f,https://apps.hhs.texas.gov/providers/directories/DAHS.xlsx,2026-09-30T19:14:29.766735+00:00,2026-09-29,,NO,213299fbf38dccc46164e4dfe2b889f00896f03f50845d5b6b2dd9f02fdef224
TH-ENRICH-TX-SENIOR-2026-09-30-IDR2,TX|HHSC|TX_DAHS|100024,TX_DAHS,100024,38,FIESTA ADULT DAY CARE CENTER,DAHS,YES,NO,CAMERON,6466 S. PADRE ISLAND HWY.,BROWNSVILLE,TEXAS,78521,ec962e57112d6600b4deec292eaee5e0620e70b5413eea71d52078a3c4dcba8f,https://apps.hhs.texas.gov/providers/directories/DAHS.xlsx,2026-09-30T19:14:29.766735+00:00,2026-09-29,,NO,372a2c8836f8ac46c14c9c4ad5229626eb5ec68ef370426dac46d1800413b0e6
TH-ENRICH-TX-SENIOR-2026-09-30-IDR2,TX|HHSC|TX_DAHS|003268,TX_DAHS,003268,39,HAPPY HEARTS ADULT DAY CARE,DAHS,YES,NO,CAMERON,4080 TED HUNT BLVD,BROWNSVILLE,TX,78521,ec962e57112d6600b4deec292eaee5e0620e70b5413eea71d52078a3c4dcba8f,https://apps.hhs.texas.gov/providers/directories/DAHS.xlsx,2026-09-30T19:14:29.766735+00:00,2026-09-29,,NO,99787ad0e2221e972f13944e4c4c556651b6cee08b02ba701c7046ca169a3053
TH-ENRICH-TX-SENIOR-2026-09-30-IDR2,TX|HHSC|TX_DAHS|003417,TX_DAHS,003417,40,KORAZONCITO DE MI AMOR ADULT DAY CARE CENTER INC,DAHS,YES,NO,CAMERON,292 KINGS HWY STE 4 - 7,BROWNSVILLE,TX,78521,ec962e57112d6600b4deec292eaee5e0620e70b5413eea71d52078a3c4dcba8f,https://apps.hhs.texas.gov/providers/directories/DAHS.xlsx,2026-09-30T19:14:29.766735+00:00,2026-09-29,,NO,96f454e195eee97a3acbdc886bdae6886a59d36ffb4769f4fe1b79149df434cf
TH-ENRICH-TX-SENIOR-2026-09-30-IDR2,TX|HHSC|TX_DAHS|101658,TX_DAHS,101658,41,LA CADENITA,DAHS,YES,NO,CAMERON,780 CENTRAL BLVD SUITE D,BROWNSVILLE,TX,78520,ec962e57112d6600b4deec292eaee5e0620e70b5413eea71d52078a3c4dcba8f,https://apps.hhs.texas.gov/providers/directories/DAHS.xlsx,2026-09-30T19:14:29.766735+00:00,2026-09-29,,NO,af66c7c830cb034ca3b250d4257744d032954c15a37882824f9ec2a811265b19
TH-ENRICH-TX-SENIOR-2026-09-30-IDR2,TX|HHSC|TX_DAHS|110505,TX_DAHS,110505,42,LA CASA DE LOS ABUELOS ADULT DAY CARE,DAHS,YES,NO,CAMERON,1805 RUBEN M. TORRES STE C1,BROWNSVILLE,TX,78526,ec962e57112d6600b4deec292eaee5e0620e70b5413eea71d52078a3c4dcba8f,https://apps.hhs.texas.gov/providers/directories/DAHS.xlsx,2026-09-30T19:14:29.766735+00:00,2026-09-29,,NO,a74d8d37505c13fe685834385b785f8fbd548a186a02554f1f23fe4c96ed6bbc
TH-ENRICH-TX-SENIOR-2026-09-30-IDR2,TX|HHSC|TX_DAHS|003452,TX_DAHS,003452,43,"LA ESPERANZA ADULT DAY HEALTH CARE CENTER, INC DBA LA ESPERANZA ADULT DAY HEALTH CARE CENTER #2",DAHS,YES,NO,CAMERON,1244 E. 14TH ST,BROWNSVILLE,TX,78520,ec962e57112d6600b4deec292eaee5e0620e70b5413eea71d52078a3c4dcba8f,https://apps.hhs.texas.gov/providers/directories/DAHS.xlsx,2026-09-30T19:14:29.766735+00:00,2026-09-29,,NO,ac2bf9063180fa4ab3aea17d80778bc3306ecc8bdea6df976fa4ac56c6d71e3d
TH-ENRICH-TX-SENIOR-2026-09-30-IDR2,TX|HHSC|TX_DAHS|107013,TX_DAHS,107013,44,LA FE ADULT DAY CARE LLC,DAHS,YES,NO,CAMERON,3638 BOCA CHICA BLVD. STE 3-9,BROWNSVILLE,TX,78521,ec962e57112d6600b4deec292eaee5e0620e70b5413eea71d52078a3c4dcba8f,https://apps.hhs.texas.gov/providers/directories/DAHS.xlsx,2026-09-30T19:14:29.766735+00:00,2026-09-29,,NO,f4388f0813e8558e3117082375092b4a9470835c1bc1ad7536973dbcdf213d90
TH-ENRICH-TX-SENIOR-2026-09-30-IDR2,TX|HHSC|TX_DAHS|110719,TX_DAHS,110719,45,LAS JACARANDAS ADULT DAY CARE,DAHS-ISS,YES,NO,CAMERON,707 VILLA MARIA BLVD.,BROWNSVILLE,TX,78520,ec962e57112d6600b4deec292eaee5e0620e70b5413eea71d52078a3c4dcba8f,https://apps.hhs.texas.gov/providers/directories/DAHS.xlsx,2026-09-30T19:14:29.766735+00:00,2026-09-29,,NO,2d04cb788b437eda8ed073d50b403d28b3c9c5d2d408ec23a2507cb90dcfb850
TH-ENRICH-TX-SENIOR-2026-09-30-IDR2,TX|HHSC|TX_DAHS|003379,TX_DAHS,003379,46,LAS JACARANDAS ADULT DAY CARE,DAHS,YES,NO,CAMERON,707 VILLA MARIA BLVD,BROWNSVILLE,TX,78520,ec962e57112d6600b4deec292eaee5e0620e70b5413eea71d52078a3c4dcba8f,https://apps.hhs.texas.gov/providers/directories/DAHS.xlsx,2026-09-30T19:14:29.766735+00:00,2026-09-29,,NO,324748cf452f8bf90acf3a7b9662232fc53797393dd4bb48b3684346b3ff3557
TH-ENRICH-TX-SENIOR-2026-09-30-IDR2,TX|HHSC|TX_DAHS|102437,TX_DAHS,102437,47,LUPITA ADULT DAY CARE INC,DAHS,YES,NO,CAMERON,467 REGAL ROW,BROWNSVILLE,TX,78521,ec962e57112d6600b4deec292eaee5e0620e70b5413eea71d52078a3c4dcba8f,https://apps.hhs.texas.gov/providers/directories/DAHS.xlsx,2026-09-30T19:14:29.766735+00:00,2026-09-29,,NO,8443f97d6e7897c0011983f1d12f2b62ced622b2ef5c664bd274226a03e1a03b
TH-ENRICH-TX-SENIOR-2026-09-30-IDR2,TX|HHSC|TX_DAHS|001511,TX_DAHS,001511,48,MI CIELITO LINDO,DAHS,YES,NO,CAMERON,1655 E PRICE RD STE A,BROWNSVILLE,TX,78521,ec962e57112d6600b4deec292eaee5e0620e70b5413eea71d52078a3c4dcba8f,https://apps.hhs.texas.gov/providers/directories/DAHS.xlsx,2026-09-30T19:14:29.766735+00:00,2026-09-29,,NO,fb1b93bd02d26f766b8460475c25de599d7671f37e3b22f5e1569f491b3328a8
TH-ENRICH-TX-SENIOR-2026-09-30-IDR2,TX|HHSC|TX_DAHS|112181,TX_DAHS,112181,49,MI JARDIN ADULT DAY CARE CENTER #3,DAHS,YES,NO,CAMERON,3104 INTERNATIONAL BLVD STE B,BROWNSVILLE,TEXAS,78521,ec962e57112d6600b4deec292eaee5e0620e70b5413eea71d52078a3c4dcba8f,https://apps.hhs.texas.gov/providers/directories/DAHS.xlsx,2026-09-30T19:14:29.766735+00:00,2026-09-29,,NO,b26904aa84360007424a02ca2f7fe9d0ce7ca8a6b9bf78cee1a9288293d6f6d1
TH-ENRICH-TX-SENIOR-2026-09-30-IDR2,TX|HHSC|TX_DAHS|003079,TX_DAHS,003079,50,MI JARDIN ADULT DAY CARE CENTER 2,DAHS,YES,NO,CAMERON,370 OLD PORT ISABEL ROAD,BROWNSVILLE,TEXAS,78521,ec962e57112d6600b4deec292eaee5e0620e70b5413eea71d52078a3c4dcba8f,https://apps.hhs.texas.gov/providers/directories/DAHS.xlsx,2026-09-30T19:14:29.766735+00:00,2026-09-29,,NO,e9cb5a6d2b09e91ff8528559dbac1b47f550b9508656f290921cae7f42c9e433
TH-ENRICH-TX-SENIOR-2026-09-30-IDR2,TX|HHSC|TX_DAHS|102547,TX_DAHS,102547,51,"MINISTRY HOME HEALTH, INC",DAHS,YES,NO,CAMERON,2701 E PRICE RD STE A,BROWNSVILLE,TX,78521,ec962e57112d6600b4deec292eaee5e0620e70b5413eea71d52078a3c4dcba8f,https://apps.hhs.texas.gov/providers/directories/DAHS.xlsx,2026-09-30T19:14:29.766735+00:00,2026-09-29,,NO,a44031154d8cea7f1f6967ed625a35c1fb79a1ebab14bdea62f934f1d5de7ab8
TH-ENRICH-TX-SENIOR-2026-09-30-IDR2,TX|HHSC|TX_DAHS|010321,TX_DAHS,010321,52,RIVERSIDE ADULT DAY CARE INC,DAHS,YES,NO,CAMERON,1474 W PRICE RDSTE 1,BROWNSVILLE,TX,78520,ec962e57112d6600b4deec292eaee5e0620e70b5413eea71d52078a3c4dcba8f,https://apps.hhs.texas.gov/providers/directories/DAHS.xlsx,2026-09-30T19:14:29.766735+00:00,2026-09-29,,NO,a597e5b0bc1dc42a5c3ef8e9b895a995af64a138545dc88a6e30baefd3ced213
TH-ENRICH-TX-SENIOR-2026-09-30-IDR2,TX|HHSC|TX_DAHS|103187,TX_DAHS,103187,53,SANTA FE ADULT DAY CARE CENTER LLC,DAHS,YES,NO,CAMERON,3465 E RUBEN M TORRES SR BLVD STE A,BROWNSVILLE,TX,78526,ec962e57112d6600b4deec292eaee5e0620e70b5413eea71d52078a3c4dcba8f,https://apps.hhs.texas.gov/providers/directories/DAHS.xlsx,2026-09-30T19:14:29.766735+00:00,2026-09-29,,NO,c738638e25120f747aa5e5a17bf9d4e7960cf334c6ec0a6930840ae56ca24f4e
TH-ENRICH-TX-SENIOR-2026-09-30-IDR2,TX|HHSC|TX_DAHS|003096,TX_DAHS,003096,54,SINAI ADULT DAY CARE,DAHS,YES,NO,CAMERON,524 E LOS EBANOS BLVD,BROWNSVILLE,TX,78520,ec962e57112d6600b4deec292eaee5e0620e70b5413eea71d52078a3c4dcba8f,https://apps.hhs.texas.gov/providers/directories/DAHS.xlsx,2026-09-30T19:14:29.766735+00:00,2026-09-29,,NO,858e973a8a3325c666da92fd8f5b8e5f3c006f9f2b13b0af5e208acd20a0f926
TH-ENRICH-TX-SENIOR-2026-09-30-IDR2,TX|HHSC|TX_DAHS|106653,TX_DAHS,106653,55,VICTORIA ADULT DAY CARE,DAHS,YES,NO,CAMERON,25 BUSINESS DRIVE,BROWNSVILLE,TX,78521,ec962e57112d6600b4deec292eaee5e0620e70b5413eea71d52078a3c4dcba8f,https://apps.hhs.texas.gov/providers/directories/DAHS.xlsx,2026-09-30T19:14:29.766735+00:00,2026-09-29,,NO,46c1a759c6f8771f81703075f2b1e9ce8a47c0ed5872dc178de71384eb772fcd
TH-ENRICH-TX-SENIOR-2026-09-30-IDR2,TX|HHSC|TX_DAHS|105474,TX_DAHS,105474,56,EL CIELO ADULT DAY CARE,DAHS,YES,NO,CAMERON,3101 E. HARRISON,HARLINGEN,TX,78550,ec962e57112d6600b4deec292eaee5e0620e70b5413eea71d52078a3c4dcba8f,https://apps.hhs.texas.gov/providers/directories/DAHS.xlsx,2026-09-30T19:14:29.766735+00:00,2026-09-29,,NO,fa234861a05bba63bd8ff45ab5f50fd024bdf0cf11df8ae0bd250cd09b3cafac
TH-ENRICH-TX-SENIOR-2026-09-30-IDR2,TX|HHSC|TX_DAHS|103100,TX_DAHS,103100,57,EL VAQUERO ADULT DAY CARE,DAHS,YES,NO,CAMERON,221 NORTH L ST,HARLINGEN,TX,78550,ec962e57112d6600b4deec292eaee5e0620e70b5413eea71d52078a3c4dcba8f,https://apps.hhs.texas.gov/providers/directories/DAHS.xlsx,2026-09-30T19:14:29.766735+00:00,2026-09-29,,NO,2172c5d2eaf9e69633c2def82c293afc23bec27fc248332b78b43cd990b827b4
TH-ENRICH-TX-SENIOR-2026-09-30-IDR2,TX|HHSC|TX_DAHS|111395,TX_DAHS,111395,58,FAITH HOPE LOVE ADULT DAYCARE LLC,DAHS,YES,NO,CAMERON,3201 S EXPRESSWAY 83 UNIT B,HARLINGEN,TX,78550,ec962e57112d6600b4deec292eaee5e0620e70b5413eea71d52078a3c4dcba8f,https://apps.hhs.texas.gov/providers/directories/DAHS.xlsx,2026-09-30T19:14:29.766735+00:00,2026-09-29,,NO,f845feb706155fd9eb726e1585b1537d4afb7c26f05dd31b44ed510265687630
TH-ENRICH-TX-SENIOR-2026-09-30-IDR2,TX|HHSC|TX_DAHS|100665,TX_DAHS,100665,59,HARLINGEN ADULT DAY CARE INC,DAHS,YES,NO,CAMERON,2730 SOUTH 77 SUNSHINE STRIP,HARLINGEN,TX,78550,ec962e57112d6600b4deec292eaee5e0620e70b5413eea71d52078a3c4dcba8f,https://apps.hhs.texas.gov/providers/directories/DAHS.xlsx,2026-09-30T19:14:29.766735+00:00,2026-09-29,,NO,c3d7c0203e886f7041101ad50d0a49669da6e899aaa35cf093c989854c5b4eef
TH-ENRICH-TX-SENIOR-2026-09-30-IDR2,TX|HHSC|TX_DAHS|100170,TX_DAHS,100170,60,LA FAMILIA ADULT DAY CARE,DAHS,YES,NO,CAMERON,902 E GRIMES AVE,HARLINGEN,TX,78550,ec962e57112d6600b4deec292eaee5e0620e70b5413eea71d52078a3c4dcba8f,https://apps.hhs.texas.gov/providers/directories/DAHS.xlsx,2026-09-30T19:14:29.766735+00:00,2026-09-29,,NO,d418c9c1778536fac091ea8286e252153e535339f87f61b2f29dbad1e5811c30
TH-ENRICH-TX-SENIOR-2026-09-30-IDR2,TX|HHSC|TX_DAHS|001528,TX_DAHS,001528,61,LA VICTORIA ADULT DAY CARE CENTER 3,DAHS,YES,NO,CAMERON,3131 WILSON RD,HARLINGEN,TX,78550,ec962e57112d6600b4deec292eaee5e0620e70b5413eea71d52078a3c4dcba8f,https://apps.hhs.texas.gov/providers/directories/DAHS.xlsx,2026-09-30T19:14:29.766735+00:00,2026-09-29,,NO,90f388992d5033528cd93433a6655a268b20213758615be53d73d179121cf5de
TH-ENRICH-TX-SENIOR-2026-09-30-IDR2,TX|HHSC|TX_DAHS|102013,TX_DAHS,102013,62,LAS FRONTERAS ADULT DAY CARE INC,DAHS,YES,NO,CAMERON,301 NEVADA AVE,HARLINGEN,TX,78550,ec962e57112d6600b4deec292eaee5e0620e70b5413eea71d52078a3c4dcba8f,https://apps.hhs.texas.gov/providers/directories/DAHS.xlsx,2026-09-30T19:14:29.766735+00:00,2026-09-29,,NO,0c3764981075c049afb38afaa4396d5d128aeb19326ae68fbae423ad1dd1b727
TH-ENRICH-TX-SENIOR-2026-09-30-IDR2,TX|HHSC|TX_DAHS|102810,TX_DAHS,102810,63,MIRASOLES ADULT DAY CARE II,DAHS,YES,NO,CAMERON,1606 W FILMORE,HARLINGEN,TX,78550,ec962e57112d6600b4deec292eaee5e0620e70b5413eea71d52078a3c4dcba8f,https://apps.hhs.texas.gov/providers/directories/DAHS.xlsx,2026-09-30T19:14:29.766735+00:00,2026-09-29,,NO,ce21cfa9cd26e7d7a228e8c710778e237b718ce959eab6b4e60067446fb443b1
TH-ENRICH-TX-SENIOR-2026-09-30-IDR2,TX|HHSC|TX_DAHS|003029,TX_DAHS,003029,64,PARADISE ADULT DAY CARE CENTER INC,DAHS,YES,NO,CAMERON,1011 S COMMERCE,HARLINGEN,TX,78550,ec962e57112d6600b4deec292eaee5e0620e70b5413eea71d52078a3c4dcba8f,https://apps.hhs.texas.gov/providers/directories/DAHS.xlsx,2026-09-30T19:14:29.766735+00:00,2026-09-29,,NO,fb1c634d38649ccaf5fbb50f21e076d3323b197814460517b8b07f3be694b257
TH-ENRICH-TX-SENIOR-2026-09-30-IDR2,TX|HHSC|TX_DAHS|010352,TX_DAHS,010352,65,LA ESPERANZA ADULT DAY HEALTH CARE CENTER INC,DAHS,YES,NO,CAMERON,1406 EAST HIGHWAY 83,LA FERIA,TX,78559,ec962e57112d6600b4deec292eaee5e0620e70b5413eea71d52078a3c4dcba8f,https://apps.hhs.texas.gov/providers/directories/DAHS.xlsx,2026-09-30T19:14:29.766735+00:00,2026-09-29,,NO,c63cba00003c577d8d790919e5eee36ea6383e506419dd8d540213874f8cbf26
TH-ENRICH-TX-SENIOR-2026-09-30-IDR2,TX|HHSC|TX_DAHS|102581,TX_DAHS,102581,66,MI DESTINO ADULT DAY CARE INC,DAHS,YES,NO,CAMERON,2805 MEMORIAL DRIVE STE A,LA FERIA,TX,78559,ec962e57112d6600b4deec292eaee5e0620e70b5413eea71d52078a3c4dcba8f,https://apps.hhs.texas.gov/providers/directories/DAHS.xlsx,2026-09-30T19:14:29.766735+00:00,2026-09-29,,NO,85f80d6e165a7cd9d7c7594321b1ee6bc7846c32d0e19bbdde793b97882df03f
TH-ENRICH-TX-SENIOR-2026-09-30-IDR2,TX|HHSC|TX_DAHS|103034,TX_DAHS,103034,67,SOLUNA ADULT DAY CARE CENTER,DAHS,YES,NO,CAMERON,10896 W BUSINESS 83,LA FERIA,TX,78559,ec962e57112d6600b4deec292eaee5e0620e70b5413eea71d52078a3c4dcba8f,https://apps.hhs.texas.gov/providers/directories/DAHS.xlsx,2026-09-30T19:14:29.766735+00:00,2026-09-29,,NO,3b65c185c733b5f8c6cafbd2945e891107917ca34a6516e1b69842452ce74594
TH-ENRICH-TX-SENIOR-2026-09-30-IDR2,TX|HHSC|TX_DAHS|003223,TX_DAHS,003223,68,BRIGHTEN ACADEMY,DAHS,YES,NO,CAMERON,1462 SCOTT BROWN,SAN BENITO,TX,78586,ec962e57112d6600b4deec292eaee5e0620e70b5413eea71d52078a3c4dcba8f,https://apps.hhs.texas.gov/providers/directories/DAHS.xlsx,2026-09-30T19:14:29.766735+00:00,2026-09-29,,NO,9f65a49613bd052d19c1451cca7ed4bc5268370148640a92c43398872e9305a3
TH-ENRICH-TX-SENIOR-2026-09-30-IDR2,TX|HHSC|TX_DAHS|102045,TX_DAHS,102045,69,DELIA'S ADULT DAY CARE CENTER,DAHS,YES,NO,CAMERON,325 E HICKS STREET,SAN BENITO,TX,78586,ec962e57112d6600b4deec292eaee5e0620e70b5413eea71d52078a3c4dcba8f,https://apps.hhs.texas.gov/providers/directories/DAHS.xlsx,2026-09-30T19:14:29.766735+00:00,2026-09-29,,NO,d2c0916f5298a80a20649d00bb972339dcb2e2438e98edb483866f8b41555599
TH-ENRICH-TX-SENIOR-2026-09-30-IDR2,TX|HHSC|TX_DAHS|003057,TX_DAHS,003057,70,SAN BENITO ADULT DAY CARE CENTER,DAHS,YES,NO,CAMERON,820 E HWY 77 BUS STE A,SAN BENITO,TX,78586,ec962e57112d6600b4deec292eaee5e0620e70b5413eea71d52078a3c4dcba8f,https://apps.hhs.texas.gov/providers/directories/DAHS.xlsx,2026-09-30T19:14:29.766735+00:00,2026-09-29,,NO,66d1ca1161bdd5b9c2bde2c9a4b752d386b746568038dc8983d4ab441a340eac
TH-ENRICH-TX-SENIOR-2026-09-30-IDR2,TX|HHSC|TX_DAHS|110225,TX_DAHS,110225,71,"GOLDEN GRACE DAY ACTIVITY & HEALTHCARE SERVICES, LLC",DAHS,YES,NO,COLLIN,1710 N MCDONALD STREET,MCKINNEY,TX,75071,ec962e57112d6600b4deec292eaee5e0620e70b5413eea71d52078a3c4dcba8f,https://apps.hhs.texas.gov/providers/directories/DAHS.xlsx,2026-09-30T19:14:29.766735+00:00,2026-09-29,,NO,265467c34783c4bb241251ebb6b92bd0193419ae71346b24dc45f38521f9d24a
TH-ENRICH-TX-SENIOR-2026-09-30-IDR2,TX|HHSC|TX_DAHS|104447,TX_DAHS,104447,72,ENCORE ADULT DAILY ENRICHMENT CENTER OF PLANO,DAHS,YES,NO,COLLIN,6505 W PARK DR STE 116,PLANO,TX,75093,ec962e57112d6600b4deec292eaee5e0620e70b5413eea71d52078a3c4dcba8f,https://apps.hhs.texas.gov/providers/directories/DAHS.xlsx,2026-09-30T19:14:29.766735+00:00,2026-09-29,,NO,74dd126eb93e4975d7ba11abca67fbf56587dc4380ff84ce2fcd6c430a128238
TH-ENRICH-TX-SENIOR-2026-09-30-IDR2,TX|HHSC|TX_DAHS|104478,TX_DAHS,104478,73,SUNRAY ACTIVITY AND HEALTHCARE SERVICES LLC,DAHS,YES,NO,COLLIN,1301 CUSTER ROAD SUITE 400,PLANO,TEXAS,75075,ec962e57112d6600b4deec292eaee5e0620e70b5413eea71d52078a3c4dcba8f,https://apps.hhs.texas.gov/providers/directories/DAHS.xlsx,2026-09-30T19:14:29.766735+00:00,2026-09-29,,NO,2017e947e0b205af80561568261484d40769004c4e4a9664e52f5f2afee4cd76
TH-ENRICH-TX-SENIOR-2026-09-30-IDR2,TX|HHSC|TX_DAHS|110536,TX_DAHS,110536,74,UPLIFT 100 LLC,DAHS,YES,NO,COLLIN,5212 VILLAGE CREEK DR,PLANO,TX,75093,ec962e57112d6600b4deec292eaee5e0620e70b5413eea71d52078a3c4dcba8f,https://apps.hhs.texas.gov/providers/directories/DAHS.xlsx,2026-09-30T19:14:29.766735+00:00,2026-09-29,,NO,d408dc39b8b13ece53828e42bc9e9300e2f640469bc09ed9154167d683ff82cc
TH-ENRICH-TX-SENIOR-2026-09-30-IDR2,TX|HHSC|TX_DAHS|110402,TX_DAHS,110402,75,NUSTART ADULT DAY CENTER,DAHS,YES,NO,DALLAS,"101 , KENYA STREET STE#106/108",CEDAR HILL,TX,75104,ec962e57112d6600b4deec292eaee5e0620e70b5413eea71d52078a3c4dcba8f,https://apps.hhs.texas.gov/providers/directories/DAHS.xlsx,2026-09-30T19:14:29.766735+00:00,2026-09-29,,NO,73a1c6cb5b4c59740fc974698cd79d19f3f81a4636d69ed2b0b57e89f8fe4ce7
TH-ENRICH-TX-SENIOR-2026-09-30-IDR2,TX|HHSC|TX_DAHS|111804,TX_DAHS,111804,76,NUSTART ADULT DAY CENTER,DAHS-ISS,YES,NO,DALLAS,101 KENYA STREET SUITE 106,CEDAR HILL,TEXAS,75104,ec962e57112d6600b4deec292eaee5e0620e70b5413eea71d52078a3c4dcba8f,https://apps.hhs.texas.gov/providers/directories/DAHS.xlsx,2026-09-30T19:14:29.766735+00:00,2026-09-29,,NO,d9fdb3e54f6fa0e6d18aa9c04c6c6ccf2778eba3f58b48649fdc7c39f62cfa3a
TH-ENRICH-TX-SENIOR-2026-09-30-IDR2,TX|HHSC|TX_DAHS|111656,TX_DAHS,111656,77,ZIONS HOPE ADULT DAY CARE,DAHS-ISS,YES,NO,DALLAS,412 COOPER ST,CEDAR HILL,TEXAS,75104,ec962e57112d6600b4deec292eaee5e0620e70b5413eea71d52078a3c4dcba8f,https://apps.hhs.texas.gov/providers/directories/DAHS.xlsx,2026-09-30T19:14:29.766735+00:00,2026-09-29,,NO,f96d2de97bc2dc2ead7590a04d9240a600c806222f60ecf76bc1b32ae9402425
TH-ENRICH-TX-SENIOR-2026-09-30-IDR2,TX|HHSC|TX_DAHS|111866,TX_DAHS,111866,78,1ST CHOICE ADULT DAY CENTER,DAHS-ISS,YES,NO,DALLAS,2902 S BUCKNER BLVD STE 300,DALLAS,TX,75227,ec962e57112d6600b4deec292eaee5e0620e70b5413eea71d52078a3c4dcba8f,https://apps.hhs.texas.gov/providers/directories/DAHS.xlsx,2026-09-30T19:14:29.766735+00:00,2026-09-29,,NO,8e63548d03ecb564e8688ef948b4a40234e316c6db4780b25a2dcc85c6c5f33b
TH-ENRICH-TX-SENIOR-2026-09-30-IDR2,TX|HHSC|TX_DAHS|111290,TX_DAHS,111290,79,1ST CHOICE ADULT DAY CENTER,DAHS-ISS,YES,NO,DALLAS,326 E 12TH STREET,DALLAS,TEXAS,75203,ec962e57112d6600b4deec292eaee5e0620e70b5413eea71d52078a3c4dcba8f,https://apps.hhs.texas.gov/providers/directories/DAHS.xlsx,2026-09-30T19:14:29.766735+00:00,2026-09-29,,NO,f4b7f99b24d6d170720c33913136814c4ad71a95c73c51fd58f22db2cc647ee1
TH-ENRICH-TX-SENIOR-2026-09-30-IDR2,TX|HHSC|TX_DAHS|100924,TX_DAHS,100924,80,AGAPE ADULT DAY CARE,DAHS,YES,NO,DALLAS,3107 W CAMP WISDOM RD #950,DALLAS,TX,75237,ec962e57112d6600b4deec292eaee5e0620e70b5413eea71d52078a3c4dcba8f,https://apps.hhs.texas.gov/providers/directories/DAHS.xlsx,2026-09-30T19:14:29.766735+00:00,2026-09-29,,NO,48a6ce1b82c7fde207732445a98dae4a93f4f63e794a3f796010be56f90b7e40
TH-ENRICH-TX-SENIOR-2026-09-30-IDR2,TX|HHSC|TX_DAHS|110327,TX_DAHS,110327,81,CHRISTIAN HEIGHTS ADULT DAY & HEALTH CARE,DAHS,YES,NO,DALLAS,4710 WADSWORTH DRIVE,DALLAS,TEXAS,75216,ec962e57112d6600b4deec292eaee5e0620e70b5413eea71d52078a3c4dcba8f,https://apps.hhs.texas.gov/providers/directories/DAHS.xlsx,2026-09-30T19:14:29.766735+00:00,2026-09-29,,NO,964c80e6a014c2a27d01cedf32a349880b42bcbe89a831c107abc78f79c6858e
TH-ENRICH-TX-SENIOR-2026-09-30-IDR2,TX|HHSC|TX_DAHS|106777,TX_DAHS,106777,82,SUNRISE SENIOR CENTER INC,DAHS,YES,NO,DALLAS,13521 METHOD STREET,DALLAS,TX,75243,ec962e57112d6600b4deec292eaee5e0620e70b5413eea71d52078a3c4dcba8f,https://apps.hhs.texas.gov/providers/directories/DAHS.xlsx,2026-09-30T19:14:29.766735+00:00,2026-09-29,,NO,1197e7ff3e683e58615eba5c8faeed63598776eb7d6686fcba68714022b8a3dd
TH-ENRICH-TX-SENIOR-2026-09-30-IDR2,TX|HHSC|TX_DAHS|106095,TX_DAHS,106095,83,SUPREME CARE ADULT CENTER,DAHS,YES,NO,DALLAS,4033 SHILLING WAY,DALLAS,TX,75237,ec962e57112d6600b4deec292eaee5e0620e70b5413eea71d52078a3c4dcba8f,https://apps.hhs.texas.gov/providers/directories/DAHS.xlsx,2026-09-30T19:14:29.766735+00:00,2026-09-29,,NO,d4dc24feefc130c4752c5ea245eeca91d5bfafea1ccbabcb2b2de34a53de33a2
TH-ENRICH-TX-SENIOR-2026-09-30-IDR2,TX|HHSC|TX_DAHS|102501,TX_DAHS,102501,84,THE BRIDGE AT FAIR PARK LLC,DAHS,YES,NO,DALLAS,2535 MARTIN LUTHER KING JR BLVD,DALLAS,TX,75215,ec962e57112d6600b4deec292eaee5e0620e70b5413eea71d52078a3c4dcba8f,https://apps.hhs.texas.gov/providers/directories/DAHS.xlsx,2026-09-30T19:14:29.766735+00:00,2026-09-29,,NO,e8feb0407c344b09fd880cb86a791cd3d596b0353a46b75675ead0f2f038fa94
TH-ENRICH-TX-SENIOR-2026-09-30-IDR2,TX|HHSC|TX_DAHS|010238,TX_DAHS,010238,85,WE CARE ADULT DAY CENTER,DAHS,YES,NO,DALLAS,3200 S LANCASTER RD # 609,DALLAS,TX,75216,ec962e57112d6600b4deec292eaee5e0620e70b5413eea71d52078a3c4dcba8f,https://apps.hhs.texas.gov/providers/directories/DAHS.xlsx,2026-09-30T19:14:29.766735+00:00,2026-09-29,,NO,6d40344f581071d26a203a9a200bb8ad6099d5fb0d76a04271b47793219bc07e
TH-ENRICH-TX-SENIOR-2026-09-30-IDR2,TX|HHSC|TX_DAHS|105411,TX_DAHS,105411,86,FRIENDS PLACE ADULT DAY SERVICES,DAHS,YES,NO,DALLAS,1232 W BELTLINE,DESOTO,TX,75115,ec962e57112d6600b4deec292eaee5e0620e70b5413eea71d52078a3c4dcba8f,https://apps.hhs.texas.gov/providers/directories/DAHS.xlsx,2026-09-30T19:14:29.766735+00:00,2026-09-29,,NO,afb6cbd121fe51c15a0479b25fca82f228116b531a31693eb75adfb2e4ad19b2
TH-ENRICH-TX-SENIOR-2026-09-30-IDR2,TX|HHSC|TX_DAHS|111697,TX_DAHS,111697,87,GUSSIE MAE SPECIAL NEEDS ADULT DAYCARE CENTER INC,DAHS,YES,NO,DALLAS,1010 W. PLEASANT RUN RD,DESOTO,TEXAS,75115,ec962e57112d6600b4deec292eaee5e0620e70b5413eea71d52078a3c4dcba8f,https://apps.hhs.texas.gov/providers/directories/DAHS.xlsx,2026-09-30T19:14:29.766735+00:00,2026-09-29,,NO,8f717744b00b56d9eac131607ccea308859efdae7d57e7f62947f7733d9f22ce
TH-ENRICH-TX-SENIOR-2026-09-30-IDR2,TX|HHSC|TX_DAHS|104991,TX_DAHS,104991,88,"GRACE ADULT DAY CARE, INC",DAHS,YES,NO,DALLAS,1870 CROWN DRIVE SUITE #1520,FARMERS BRANCH,TX,75234,ec962e57112d6600b4deec292eaee5e0620e70b5413eea71d52078a3c4dcba8f,https://apps.hhs.texas.gov/providers/directories/DAHS.xlsx,2026-09-30T19:14:29.766735+00:00,2026-09-29,,NO,97b45e96b5610886076760e1365da2a63eba9ffe32a107e9b2813999d266ed2b
TH-ENRICH-TX-SENIOR-2026-09-30-IDR2,TX|HHSC|TX_DAHS|105571,TX_DAHS,105571,89,AAA HEALTH CARE LLC,DAHS,YES,NO,DALLAS,3306 W WALNUT STREET SUITE 200,GARLAND,TX,75042,ec962e57112d6600b4deec292eaee5e0620e70b5413eea71d52078a3c4dcba8f,https://apps.hhs.texas.gov/providers/directories/DAHS.xlsx,2026-09-30T19:14:29.766735+00:00,2026-09-29,,NO,f8829bfd4f6b317f4f75396569baded4d44ae3094789d28c5a734758da393b45
TH-ENRICH-TX-SENIOR-2026-09-30-IDR2,TX|HHSC|TX_DAHS|101842,TX_DAHS,101842,90,DALLAS OMNI CARE INC,DAHS,YES,NO,DALLAS,2222 DEER MEADOW,GARLAND,TX,75044,ec962e57112d6600b4deec292eaee5e0620e70b5413eea71d52078a3c4dcba8f,https://apps.hhs.texas.gov/providers/directories/DAHS.xlsx,2026-09-30T19:14:29.766735+00:00,2026-09-29,,NO,2175143194598f4d7fa67673713107f44587767be36b9fbf45bf30e5a577d531
TH-ENRICH-TX-SENIOR-2026-09-30-IDR2,TX|HHSC|TX_DAHS|106399,TX_DAHS,106399,91,"ROSIALY, LLC DBA GARLAND ADULT CARE CENTER",DAHS,YES,NO,DALLAS,3845 N GARLAND RDSTE # 700B,GARLAND,TX,75040,ec962e57112d6600b4deec292eaee5e0620e70b5413eea71d52078a3c4dcba8f,https://apps.hhs.texas.gov/providers/directories/DAHS.xlsx,2026-09-30T19:14:29.766735+00:00,2026-09-29,,NO,9e50a4c4ae3ecada1ccdaed91fd4cf4fb7cecf93ceb430bfa86175e350e7a821
TH-ENRICH-TX-SENIOR-2026-09-30-IDR2,TX|HHSC|TX_DAHS|112087,TX_DAHS,112087,92,"ROBICHEAUX HAVEN ADULT DAYCARE CENTER, INC",DAHS-ISS,YES,NO,DALLAS,630 W PLEASANT RUN RD # 112,LANCASTER,TEXAS,75146,ec962e57112d6600b4deec292eaee5e0620e70b5413eea71d52078a3c4dcba8f,https://apps.hhs.texas.gov/providers/directories/DAHS.xlsx,2026-09-30T19:14:29.766735+00:00,2026-09-29,,NO,6c0883967f955c1b4a4302d1258c8c12ca4ac2695cd404a05cde1909c38778b3
TH-ENRICH-TX-SENIOR-2026-09-30-IDR2,TX|HHSC|TX_DAHS|107105,TX_DAHS,107105,93,AGAPE DAY CENTER FOR ADULTS LIMITED,DAHS,YES,NO,DALLAS,1025 GROSS ROAD,MESQUITE,TX,75149,ec962e57112d6600b4deec292eaee5e0620e70b5413eea71d52078a3c4dcba8f,https://apps.hhs.texas.gov/providers/directories/DAHS.xlsx,2026-09-30T19:14:29.766735+00:00,2026-09-29,,NO,a68421b64816d675e7480b1a3e3a269b7f36c05e2fc2238348de6d7189d77e6c
TH-ENRICH-TX-SENIOR-2026-09-30-IDR2,TX|HHSC|TX_DAHS|102356,TX_DAHS,102356,94,"FRIENDS PLACE ADULT DAY SERVICES, INC",DAHS,YES,NO,DALLAS,1960 NANTUCKET DRIVE,RICHARDSON,TX,75080,ec962e57112d6600b4deec292eaee5e0620e70b5413eea71d52078a3c4dcba8f,https://apps.hhs.texas.gov/providers/directories/DAHS.xlsx,2026-09-30T19:14:29.766735+00:00,2026-09-29,,NO,fe780d8cdbc8e6f4821533ed33c34df08fa4fcd2e63ccb45433e0979b04462b2
TH-ENRICH-TX-SENIOR-2026-09-30-IDR2,TX|HHSC|TX_DAHS|110607,TX_DAHS,110607,95,ALWAYS YOUNG AT HEART LLC,DAHS,YES,NO,DENTON,719 UNIVERSITY PLACE,LEWISVILLE,TEXAS,75067,ec962e57112d6600b4deec292eaee5e0620e70b5413eea71d52078a3c4dcba8f,https://apps.hhs.texas.gov/providers/directories/DAHS.xlsx,2026-09-30T19:14:29.766735+00:00,2026-09-29,,NO,a17f942af527378f0b6139aa6f0fc4e9c28dc63dbf1d1b189c3895004d547e7f
TH-ENRICH-TX-SENIOR-2026-09-30-IDR2,TX|HHSC|TX_DAHS|112056,TX_DAHS,112056,96,"LEWISVILLE ENCORE ADEC, LLC",DAHS,YES,NO,DENTON,1439 MOCCASSIN TRAIL,LEWISVILLE,TX,75077,ec962e57112d6600b4deec292eaee5e0620e70b5413eea71d52078a3c4dcba8f,https://apps.hhs.texas.gov/providers/directories/DAHS.xlsx,2026-09-30T19:14:29.766735+00:00,2026-09-29,,NO,5cfce4c413a3a9540c7341dacc5f1fc47ccdcb5288ab43508b2c2ef6123f8720
TH-ENRICH-TX-SENIOR-2026-09-30-IDR2,TX|HHSC|TX_DAHS|050718,TX_DAHS,050718,97,LA PALOMA ADULT DAY CARE I V,DAHS,YES,NO,DIMMIT,203 N 6TH,CARRIZO SPRINGS,TX,78834,ec962e57112d6600b4deec292eaee5e0620e70b5413eea71d52078a3c4dcba8f,https://apps.hhs.texas.gov/providers/directories/DAHS.xlsx,2026-09-30T19:14:29.766735+00:00,2026-09-29,,NO,ce7959462e2e0de88700d4cb40500205b1e428d96dce6fc8ee03cd1858b8554c
TH-ENRICH-TX-SENIOR-2026-09-30-IDR2,TX|HHSC|TX_DAHS|003219,TX_DAHS,003219,98,REAL DAHS III,DAHS,YES,NO,DUVAL,722 S HUMBLE,BENAVIDES,TX,78341,ec962e57112d6600b4deec292eaee5e0620e70b5413eea71d52078a3c4dcba8f,https://apps.hhs.texas.gov/providers/directories/DAHS.xlsx,2026-09-30T19:14:29.766735+00:00,2026-09-29,,NO,b6d2c5497e60ad5f728327a05709bb7663829d0d80b04823cf3c6570100883b5
TH-ENRICH-TX-SENIOR-2026-09-30-IDR2,TX|HHSC|TX_DAHS|112118,TX_DAHS,112118,99,BABY BOOMERS,DAHS-ISS,YES,NO,EL PASO,1001 CAROLINA SUIT D,EL PASO,TEXAS,79915,ec962e57112d6600b4deec292eaee5e0620e70b5413eea71d52078a3c4dcba8f,https://apps.hhs.texas.gov/providers/directories/DAHS.xlsx,2026-09-30T19:14:29.766735+00:00,2026-09-29,,NO,5c9c4301bc329280213be38ce773e378617792a323381ff0a156c32583fef6de
TH-ENRICH-TX-SENIOR-2026-09-30-IDR2,TX|HHSC|TX_DAHS|001409,TX_DAHS,001409,100,BIENVIVIR ALLINCLUSIVE SENIOR HEALTH,DAHS,YES,NO,EL PASO,940 N CAROLINA,EL PASO,TX,79915,ec962e57112d6600b4deec292eaee5e0620e70b5413eea71d52078a3c4dcba8f,https://apps.hhs.texas.gov/providers/directories/DAHS.xlsx,2026-09-30T19:14:29.766735+00:00,2026-09-29,,NO,901272e8490ce3a6fe7d3fa8ea1630f59676a8ec78d5b8756b9d3cb35a9c11ad
TH-ENRICH-TX-SENIOR-2026-09-30-IDR2,TX|HHSC|TX_DAHS|101691,TX_DAHS,101691,101,BIENVIVIR ALLINCLUSIVE SENIOR HEALTH,DAHS,YES,NO,EL PASO,2300 MCKINLEY,EL PASO,TX,79930,ec962e57112d6600b4deec292eaee5e0620e70b5413eea71d52078a3c4dcba8f,https://apps.hhs.texas.gov/providers/directories/DAHS.xlsx,2026-09-30T19:14:29.766735+00:00,2026-09-29,,NO,630f40e5473aba0e41ee57b549d26fe6d478dc7333e9447d30f31d61cd2e99c9
TH-ENRICH-TX-SENIOR-2026-09-30-IDR2,TX|HHSC|TX_DAHS|104726,TX_DAHS,104726,102,"EL PALACIO ADULT DAY CARE, LLC",DAHS,YES,NO,EL PASO,11150 MONTWOOD DRIVE BUILDING STE.A BLDG B,EL PASO,TX,79936,ec962e57112d6600b4deec292eaee5e0620e70b5413eea71d52078a3c4dcba8f,https://apps.hhs.texas.gov/providers/directories/DAHS.xlsx,2026-09-30T19:14:29.766735+00:00,2026-09-29,,NO,44f7004aab8f31b544e1b7017a82a943aad310f3628eebbb77ca444e05a7a0a1
TH-ENRICH-TX-SENIOR-2026-09-30-IDR2,TX|HHSC|TX_DAHS|110346,TX_DAHS,110346,103,HELPING HAND #2 ADULT DAYCARE CENTER,DAHS,YES,NO,EL PASO,5450 HURD PLACE,EL PASO,TX,79912,ec962e57112d6600b4deec292eaee5e0620e70b5413eea71d52078a3c4dcba8f,https://apps.hhs.texas.gov/providers/directories/DAHS.xlsx,2026-09-30T19:14:29.766735+00:00,2026-09-29,,NO,9803a82d59a1b380c5f95492a837a87b078f4eaf21efc4ea3325fed041654203
TH-ENRICH-TX-SENIOR-2026-09-30-IDR2,TX|HHSC|TX_DAHS|105587,TX_DAHS,105587,104,LA VICTORIA ADULT DAY CARE CENTER #10,DAHS,YES,NO,EL PASO,6921 DELTA DRIVE  SUITE B,EL PASO,TX,79905,ec962e57112d6600b4deec292eaee5e0620e70b5413eea71d52078a3c4dcba8f,https://apps.hhs.texas.gov/providers/directories/DAHS.xlsx,2026-09-30T19:14:29.766735+00:00,2026-09-29,,NO,42707a8b279386aa2397befcdb407b5c2eb27b3dd6df166305dc583d53d49682
TH-ENRICH-TX-SENIOR-2026-09-30-IDR2,TX|HHSC|TX_DAHS|110443,TX_DAHS,110443,105,LA VICTORIA ADULT DAY CARE CENTER #11,DAHS,YES,NO,EL PASO,2700 GEORGE DIETER,EL PASO,TEXAS,79936,ec962e57112d6600b4deec292eaee5e0620e70b5413eea71d52078a3c4dcba8f,https://apps.hhs.texas.gov/providers/directories/DAHS.xlsx,2026-09-30T19:14:29.766735+00:00,2026-09-29,,NO,d1e71818331ce2fd82d7645536dc007e81977a74ed30eedff452394fc0b013c3
TH-ENRICH-TX-SENIOR-2026-09-30-IDR2,TX|HHSC|TX_DAHS|110155,TX_DAHS,110155,106,LA VICTORIA ADULT DAY CARE CENTER #4,DAHS,YES,NO,EL PASO,4121 EAST YANDELL,EL PASO,TEXAS,79903,ec962e57112d6600b4deec292eaee5e0620e70b5413eea71d52078a3c4dcba8f,https://apps.hhs.texas.gov/providers/directories/DAHS.xlsx,2026-09-30T19:14:29.766735+00:00,2026-09-29,,NO,3e5c1e55ed551a9eeb8adfc27c11915ca256b4c57a8518c474cd78e73e4601a9
TH-ENRICH-TX-SENIOR-2026-09-30-IDR2,TX|HHSC|TX_DAHS|100676,TX_DAHS,100676,107,LA VICTORIA ADULT DAY CARE CENTER #5,DAHS,YES,NO,EL PASO,560 YARBROUGH,EL PASO,TX,79915,ec962e57112d6600b4deec292eaee5e0620e70b5413eea71d52078a3c4dcba8f,https://apps.hhs.texas.gov/providers/directories/DAHS.xlsx,2026-09-30T19:14:29.766735+00:00,2026-09-29,,NO,312786feca05b2c7205d435e90cde4e91534fa605add0eb590eb01e99213c668
TH-ENRICH-TX-SENIOR-2026-09-30-IDR2,TX|HHSC|TX_DAHS|101790,TX_DAHS,101790,108,LA VICTORIA ADULT DAY CARE CENTER #6,DAHS,YES,NO,EL PASO,6921 DELTA DRIVE STE A,EL PASO,TX,79905,ec962e57112d6600b4deec292eaee5e0620e70b5413eea71d52078a3c4dcba8f,https://apps.hhs.texas.gov/providers/directories/DAHS.xlsx,2026-09-30T19:14:29.766735+00:00,2026-09-29,,NO,b31f810c6e988dc2c9552cb0f1a737b32ca2f95a29c6dcd1ea63b038c5044273
TH-ENRICH-TX-SENIOR-2026-09-30-IDR2,TX|HHSC|TX_DAHS|101902,TX_DAHS,101902,109,LA VICTORIA ADULT DAY CARE CENTER #7,DAHS,YES,NO,EL PASO,255 PADRES,EL PASO,TX,79907,ec962e57112d6600b4deec292eaee5e0620e70b5413eea71d52078a3c4dcba8f,https://apps.hhs.texas.gov/providers/directories/DAHS.xlsx,2026-09-30T19:14:29.766735+00:00,2026-09-29,,NO,d303ead639b37f27c70cbeba8dfbe837c232991fa1e3770f5a4a119a492c7b24
TH-ENRICH-TX-SENIOR-2026-09-30-IDR2,TX|HHSC|TX_DAHS|102564,TX_DAHS,102564,110,LA VICTORIA ADULT DAY CARE CENTER #8,DAHS,YES,NO,EL PASO,10142 DYER,EL PASO,TX,79924,ec962e57112d6600b4deec292eaee5e0620e70b5413eea71d52078a3c4dcba8f,https://apps.hhs.texas.gov/providers/directories/DAHS.xlsx,2026-09-30T19:14:29.766735+00:00,2026-09-29,,NO,771766ae2eb7e38a98779615e839f3fba460e2345f8fa4b878788a01160a86fd
TH-ENRICH-TX-SENIOR-2026-09-30-IDR2,TX|HHSC|TX_DAHS|103763,TX_DAHS,103763,111,LA VICTORIA ADULT DAY CARE CENTER #9,DAHS,YES,NO,EL PASO,10920 MONTANA AVE SUITE A,EL PASO,TX,79936,ec962e57112d6600b4deec292eaee5e0620e70b5413eea71d52078a3c4dcba8f,https://apps.hhs.texas.gov/providers/directories/DAHS.xlsx,2026-09-30T19:14:29.766735+00:00,2026-09-29,,NO,9ce62f68d1235cf22fcd56e0d0d89c447295beca0f8a90293c1bdc064dca50d8
TH-ENRICH-TX-SENIOR-2026-09-30-IDR2,TX|HHSC|TX_DAHS|003459,TX_DAHS,003459,112,NEW HORIZONS ADULT DAY CARE LLC,DAHS,YES,NO,EL PASO,1817 E YANDELL,EL PASO,TX,79902,ec962e57112d6600b4deec292eaee5e0620e70b5413eea71d52078a3c4dcba8f,https://apps.hhs.texas.gov/providers/directories/DAHS.xlsx,2026-09-30T19:14:29.766735+00:00,2026-09-29,,NO,cf999fa176c6eaa729527a461cf041dbc329adf663f55256132e6d80706b4c4a
TH-ENRICH-TX-SENIOR-2026-09-30-IDR2,TX|HHSC|TX_DAHS|106170,TX_DAHS,106170,113,"NUEVA VIDA ADULT DAYCARE, LLC",DAHS,YES,NO,EL PASO,8825 N LOOP DR STE 120,EL PASO,TX,79907,ec962e57112d6600b4deec292eaee5e0620e70b5413eea71d52078a3c4dcba8f,https://apps.hhs.texas.gov/providers/directories/DAHS.xlsx,2026-09-30T19:14:29.766735+00:00,2026-09-29,,NO,5a5d8af5808916c2b0c7acae32dd0dd0fe959dfbea7350fb63e48e3f2c9ec0f8
TH-ENRICH-TX-SENIOR-2026-09-30-IDR2,TX|HHSC|TX_DAHS|111472,TX_DAHS,111472,114,"NUEVA VIDA ADULT DAYCARE, LLC",DAHS-ISS,YES,NO,EL PASO,8825 NORTH LOOP STE. 120,EL PASO,TEXAS,79907,ec962e57112d6600b4deec292eaee5e0620e70b5413eea71d52078a3c4dcba8f,https://apps.hhs.texas.gov/providers/directories/DAHS.xlsx,2026-09-30T19:14:29.766735+00:00,2026-09-29,,NO,afe494d9074e13dfc8726b1a2ab9ad1f77efaf8f2ed47b0a17f65c33d27bbe2f
TH-ENRICH-TX-SENIOR-2026-09-30-IDR2,TX|HHSC|TX_DAHS|105912,TX_DAHS,105912,115,ROKA ADULT DAY HEALTH CARE SERVICES,DAHS,YES,NO,EL PASO,12025 ROJAS DR STE J AND K,EL PASO,TX,79936,ec962e57112d6600b4deec292eaee5e0620e70b5413eea71d52078a3c4dcba8f,https://apps.hhs.texas.gov/providers/directories/DAHS.xlsx,2026-09-30T19:14:29.766735+00:00,2026-09-29,,NO,4ef4a1072b514595e7e4f7503ce054a2ac1b45ca0df7e0d4ece80d3939630a02
TH-ENRICH-TX-SENIOR-2026-09-30-IDR2,TX|HHSC|TX_DAHS|106378,TX_DAHS,106378,116,SALUBRIS ADULT DAY ACTIVITY & HEALTH SERVICES LLC,DAHS,YES,NO,EL PASO,8434 DYER ST,EL PASO,TX,79904,ec962e57112d6600b4deec292eaee5e0620e70b5413eea71d52078a3c4dcba8f,https://apps.hhs.texas.gov/providers/directories/DAHS.xlsx,2026-09-30T19:14:29.766735+00:00,2026-09-29,,NO,7cbb3acbd16596f80a1fc78c62e55d086947b9e7ea446a6ecf9a562555908e83
TH-ENRICH-TX-SENIOR-2026-09-30-IDR2,TX|HHSC|TX_DAHS|101140,TX_DAHS,101140,117,SAN ANTONIO ADULT DAY CARE,DAHS,YES,NO,EL PASO,1417 DELTA,EL PASO,TX,79901,ec962e57112d6600b4deec292eaee5e0620e70b5413eea71d52078a3c4dcba8f,https://apps.hhs.texas.gov/providers/directories/DAHS.xlsx,2026-09-30T19:14:29.766735+00:00,2026-09-29,,NO,26bce335ef5f3303e8726afd96c5137629ebfd6878c71898890b389bc3eb7008
TH-ENRICH-TX-SENIOR-2026-09-30-IDR2,TX|HHSC|TX_DAHS|105517,TX_DAHS,105517,118,SOL Y LUNA ADULT DAY CARE LLC,DAHS,YES,NO,EL PASO,2911 GEORGE DIETER DR.,EL PASO,TX,79936,ec962e57112d6600b4deec292eaee5e0620e70b5413eea71d52078a3c4dcba8f,https://apps.hhs.texas.gov/providers/directories/DAHS.xlsx,2026-09-30T19:14:29.766735+00:00,2026-09-29,,NO,501d1bdac6de11c84d7683927b6b39bb3fe61af34ce84d17fcb86f63112c1f1a
TH-ENRICH-TX-SENIOR-2026-09-30-IDR2,TX|HHSC|TX_DAHS|106068,TX_DAHS,106068,119,SWEET HOME ADULT DAYCARE LLC,DAHS,YES,NO,EL PASO,8615 SAN JUAN LANE BUILDING 19,EL PASO,TX,79907,ec962e57112d6600b4deec292eaee5e0620e70b5413eea71d52078a3c4dcba8f,https://apps.hhs.texas.gov/providers/directories/DAHS.xlsx,2026-09-30T19:14:29.766735+00:00,2026-09-29,,NO,c4f6d427524c459c541fdba740497ac55823e4f743ab7c9a2f9200094acc35ac
TH-ENRICH-TX-SENIOR-2026-09-30-IDR2,TX|HHSC|TX_DAHS|111354,TX_DAHS,111354,120,"LA HACIENDA ADULT DAYCARE, LLC",DAHS,YES,NO,EL PASO,1001 N. FABENS STREET,FABENS,TX,79838,ec962e57112d6600b4deec292eaee5e0620e70b5413eea71d52078a3c4dcba8f,https://apps.hhs.texas.gov/providers/directories/DAHS.xlsx,2026-09-30T19:14:29.766735+00:00,2026-09-29,,NO,b00ac94b9da55b106e5db5558ad087b8762d13cbe9a3fd4972b4cb7ed4f5eadd
TH-ENRICH-TX-SENIOR-2026-09-30-IDR2,TX|HHSC|TX_DAHS|102237,TX_DAHS,102237,121,CLUB DE AMISTAD ADULT DAY CARE,DAHS,YES,NO,EL PASO,109 CROCKER DR,HORIZON CITY,TX,79928,ec962e57112d6600b4deec292eaee5e0620e70b5413eea71d52078a3c4dcba8f,https://apps.hhs.texas.gov/providers/directories/DAHS.xlsx,2026-09-30T19:14:29.766735+00:00,2026-09-29,,NO,c6ac5bc7d7c88d549fca3b848c1c35c3daf1d7ad185ebc531ba16bf1a4732cc2
TH-ENRICH-TX-SENIOR-2026-09-30-IDR2,TX|HHSC|TX_DAHS|104698,TX_DAHS,104698,122,"CIRCLE OF FRIENDS UNITED ADULT DAY CARE, LLC",DAHS,YES,NO,EL PASO,10750 NORTH LOOP DR. SPACE A-3,SOCORRO,TX,79927,ec962e57112d6600b4deec292eaee5e0620e70b5413eea71d52078a3c4dcba8f,https://apps.hhs.texas.gov/providers/directories/DAHS.xlsx,2026-09-30T19:14:29.766735+00:00,2026-09-29,,NO,889a9cb38bf1cd585fcbf1fbd0cb074f5a83cefdd25e1a0a596c5d26faf45028
TH-ENRICH-TX-SENIOR-2026-09-30-IDR2,TX|HHSC|TX_DAHS|100108,TX_DAHS,100108,123,JOHNSON & JOHNSON ACTIVITIES INC,DAHS,YES,NO,FORT BEND,14730 FONDREN RD,MISSOURI CITY,TX,77489,ec962e57112d6600b4deec292eaee5e0620e70b5413eea71d52078a3c4dcba8f,https://apps.hhs.texas.gov/providers/directories/DAHS.xlsx,2026-09-30T19:14:29.766735+00:00,2026-09-29,,NO,7078c4015ef4e32a77d3127256c594d3faf6eb1e274610b6ff60ed492ffe7a19
TH-ENRICH-TX-SENIOR-2026-09-30-IDR2,TX|HHSC|TX_DAHS|111351,TX_DAHS,111351,124,"JOHNSON & JOHNSON ACTIVITIES, INC",DAHS-ISS,YES,NO,FORT BEND,14730 FONDREN RD,MISSOURI CITY,TEXAS,77489,ec962e57112d6600b4deec292eaee5e0620e70b5413eea71d52078a3c4dcba8f,https://apps.hhs.texas.gov/providers/directories/DAHS.xlsx,2026-09-30T19:14:29.766735+00:00,2026-09-29,,NO,9a17b44c86eea825a05aae4fb5876c7a1f995ae5c5b23aa155e6933588fb30f8
TH-ENRICH-TX-SENIOR-2026-09-30-IDR2,TX|HHSC|TX_DAHS|107308,TX_DAHS,107308,125,WELLCARE SENIOR CENTER,DAHS,YES,NO,FORT BEND,3250 WILLIAMSBURG LANE,MISSOURI CITY,TX,77459,ec962e57112d6600b4deec292eaee5e0620e70b5413eea71d52078a3c4dcba8f,https://apps.hhs.texas.gov/providers/directories/DAHS.xlsx,2026-09-30T19:14:29.766735+00:00,2026-09-29,,NO,f85320db69853c695dd580e22eb4e3d3a5ed5c8150341a89681eb6813aed6fc0
TH-ENRICH-TX-SENIOR-2026-09-30-IDR2,TX|HHSC|TX_DAHS|111683,TX_DAHS,111683,126,CARE II ASSIST YOU,DAHS-ISS,YES,NO,FORT BEND,610 S 11TH ST,RICHMOND,TX,77469,ec962e57112d6600b4deec292eaee5e0620e70b5413eea71d52078a3c4dcba8f,https://apps.hhs.texas.gov/providers/directories/DAHS.xlsx,2026-09-30T19:14:29.766735+00:00,2026-09-29,,NO,a3511278574a186229c735840bb4927599a8b0ba59b394c8c47adef7087e252c
TH-ENRICH-TX-SENIOR-2026-09-30-IDR2,TX|HHSC|TX_DAHS|107068,TX_DAHS,107068,127,SHRIJI SENIOR DAY ACTIVITY CENTER,DAHS,YES,NO,FORT BEND,10319 CLODINE ROAD,RICHMOND,TX,77407,ec962e57112d6600b4deec292eaee5e0620e70b5413eea71d52078a3c4dcba8f,https://apps.hhs.texas.gov/providers/directories/DAHS.xlsx,2026-09-30T19:14:29.766735+00:00,2026-09-29,,NO,6db79036ce7d95f2d9222f017c7d8c4cd2fc4467589ec527b1b971403fadac44
TH-ENRICH-TX-SENIOR-2026-09-30-IDR2,TX|HHSC|TX_DAHS|003017,TX_DAHS,003017,128,CARING PEOPLE LTD CO,DAHS,YES,NO,FORT BEND,914 FROST STREET,ROSENBERG,TX,77471,ec962e57112d6600b4deec292eaee5e0620e70b5413eea71d52078a3c4dcba8f,https://apps.hhs.texas.gov/providers/directories/DAHS.xlsx,2026-09-30T19:14:29.766735+00:00,2026-09-29,,NO,97f5da5344749265c2cd15a2b4e92f08a851901f156607f33080054d0720ebeb
TH-ENRICH-TX-SENIOR-2026-09-30-IDR2,TX|HHSC|TX_DAHS|111294,TX_DAHS,111294,129,CARING PEOPLE LTD CO,DAHS-ISS,YES,NO,FORT BEND,914 FROST STREET,ROSENBERG,TEXAS,77471,ec962e57112d6600b4deec292eaee5e0620e70b5413eea71d52078a3c4dcba8f,https://apps.hhs.texas.gov/providers/directories/DAHS.xlsx,2026-09-30T19:14:29.766735+00:00,2026-09-29,,NO,085a432740ac2c69d378c0d7ab1f922d3299ecdd7f3feb28717f27082d4b67a7
TH-ENRICH-TX-SENIOR-2026-09-30-IDR2,TX|HHSC|TX_DAHS|110783,TX_DAHS,110783,130,18 AND BEYOND SPECIAL SERVICES,DAHS-ISS,YES,NO,FORT BEND,10200 WEST AIRPORT BLVD SUITE 100,STAFFORD,TEXAS,77477,ec962e57112d6600b4deec292eaee5e0620e70b5413eea71d52078a3c4dcba8f,https://apps.hhs.texas.gov/providers/directories/DAHS.xlsx,2026-09-30T19:14:29.766735+00:00,2026-09-29,,NO,2d51c3b5946ba5be592cea4629ef9f1548ff7577b71033b4345a5eea6808f9d0
TH-ENRICH-TX-SENIOR-2026-09-30-IDR2,TX|HHSC|TX_DAHS|111403,TX_DAHS,111403,131,DAYSTARS ADULT ACTIVITIES CENTER INC,DAHS,YES,NO,FORT BEND,4611 SOUTH MAIN SUITE 4,STAFFORD,TEXAS,77477,ec962e57112d6600b4deec292eaee5e0620e70b5413eea71d52078a3c4dcba8f,https://apps.hhs.texas.gov/providers/directories/DAHS.xlsx,2026-09-30T19:14:29.766735+00:00,2026-09-29,,NO,1a3dcc7875b2ac99c16734dd1ea139406e3d4a5a7f325d3fb1781dda7e0af580
TH-ENRICH-TX-SENIOR-2026-09-30-IDR2,TX|HHSC|TX_DAHS|110650,TX_DAHS,110650,132,GENESIS ADULT ACTIVITY SERVICES STAFFORD,DAHS,YES,NO,FORT BEND,930 FM 1092 RD #B,STAFFORD,TEXAS,77477,ec962e57112d6600b4deec292eaee5e0620e70b5413eea71d52078a3c4dcba8f,https://apps.hhs.texas.gov/providers/directories/DAHS.xlsx,2026-09-30T19:14:29.766735+00:00,2026-09-29,,NO,b627f8113771cad1476b248630debbeb2c1be08e1ea5d51f41f1fd0fa859505c
TH-ENRICH-TX-SENIOR-2026-09-30-IDR2,TX|HHSC|TX_DAHS|100536,TX_DAHS,100536,133,LIBBIES PLACE,DAHS,YES,NO,GALVESTON,5402 AVENUE U,GALVESTON,TX,77551,ec962e57112d6600b4deec292eaee5e0620e70b5413eea71d52078a3c4dcba8f,https://apps.hhs.texas.gov/providers/directories/DAHS.xlsx,2026-09-30T19:14:29.766735+00:00,2026-09-29,,NO,9b14deec438376d428a0f5785d91be5de0f85e45beeffec3cb78e0408051edc5
TH-ENRICH-TX-SENIOR-2026-09-30-IDR2,TX|HHSC|TX_DAHS|105520,TX_DAHS,105520,134,HEALING H A D C INC,DAHS,YES,NO,GALVESTON,2108 TWIN OAKS BLVD,KEMAH,TX,77565,ec962e57112d6600b4deec292eaee5e0620e70b5413eea71d52078a3c4dcba8f,https://apps.hhs.texas.gov/providers/directories/DAHS.xlsx,2026-09-30T19:14:29.766735+00:00,2026-09-29,,NO,b1f5298678f29d16bc0f0d1a4d21ceb58f653d435835be635a7fd18230ff199d
TH-ENRICH-TX-SENIOR-2026-09-30-IDR2,TX|HHSC|TX_DAHS|111895,TX_DAHS,111895,135,TAJ ADULT DAYHAB,DAHS-ISS,YES,NO,GALVESTON,150 PARKER COURT,LEAGUE CITY,TX,77573,ec962e57112d6600b4deec292eaee5e0620e70b5413eea71d52078a3c4dcba8f,https://apps.hhs.texas.gov/providers/directories/DAHS.xlsx,2026-09-30T19:14:29.766735+00:00,2026-09-29,,NO,fe027fef04221d84e1ceae8873346c424a030f36259335c110cab63d77617eb0
TH-ENRICH-TX-SENIOR-2026-09-30-IDR2,TX|HHSC|TX_DAHS|111013,TX_DAHS,111013,136,"GALVESTON COUNTY ADULT DAYCARE, INC",DAHS-ISS,YES,NO,GALVESTON,2120 TEXAS AVENUE,TEXAS CITY,TEXAS,77590,ec962e57112d6600b4deec292eaee5e0620e70b5413eea71d52078a3c4dcba8f,https://apps.hhs.texas.gov/providers/directories/DAHS.xlsx,2026-09-30T19:14:29.766735+00:00,2026-09-29,,NO,aca49697348326fee75462ec752da1d837d4a8e0e524ef13abb996e88cd18238
TH-ENRICH-TX-SENIOR-2026-09-30-IDR2,TX|HHSC|TX_DAHS|003062,TX_DAHS,003062,137,GALVESTON COUNTY ADULT HEALTH DAY CARE,DAHS,YES,NO,GALVESTON,2120 TEXAS AVE,TEXAS CITY,TX,77590,ec962e57112d6600b4deec292eaee5e0620e70b5413eea71d52078a3c4dcba8f,https://apps.hhs.texas.gov/providers/directories/DAHS.xlsx,2026-09-30T19:14:29.766735+00:00,2026-09-29,,NO,445dded0621b1f21c31ee3b27ed2f3f2d7b4fe235a6ff1726dadd5d9ccbea2b7
TH-ENRICH-TX-SENIOR-2026-09-30-IDR2,TX|HHSC|TX_DAHS|111591,TX_DAHS,111591,138,"M&M ADULT DAYCARE, LLC",DAHS-ISS,YES,NO,GALVESTON,722 - 25TH AVE. N,TEXAS CITY,TX,77590,ec962e57112d6600b4deec292eaee5e0620e70b5413eea71d52078a3c4dcba8f,https://apps.hhs.texas.gov/providers/directories/DAHS.xlsx,2026-09-30T19:14:29.766735+00:00,2026-09-29,,NO,88d128c0f2c54dfcaf9fe4bd945b72844d6f5a4e5bdaae4e1d99be9992541ff4
TH-ENRICH-TX-SENIOR-2026-09-30-IDR2,TX|HHSC|TX_DAHS|105691,TX_DAHS,105691,139,"M&M ADULT DAYCARE, LLC",DAHS,YES,NO,GALVESTON,722 -25TH AVENUE N,TEXAS CITY,TX,77590,ec962e57112d6600b4deec292eaee5e0620e70b5413eea71d52078a3c4dcba8f,https://apps.hhs.texas.gov/providers/directories/DAHS.xlsx,2026-09-30T19:14:29.766735+00:00,2026-09-29,,NO,a21cc7177b5d13ce98f5ac58dc52206d84b353ae398aa0013674cc3688c92e7a
TH-ENRICH-TX-SENIOR-2026-09-30-IDR2,TX|HHSC|TX_DAHS|001526,TX_DAHS,001526,140,BEST FRIENDS ADULT ACTIVITY CENTER,DAHS,YES,NO,GREGG,503 S GREEN ST,LONGVIEW,TX,75601,ec962e57112d6600b4deec292eaee5e0620e70b5413eea71d52078a3c4dcba8f,https://apps.hhs.texas.gov/providers/directories/DAHS.xlsx,2026-09-30T19:14:29.766735+00:00,2026-09-29,,NO,da8a6a5284da0a033e4ec85a198eea8188e57bfce54dc6121e0200d952f27210
TH-ENRICH-TX-SENIOR-2026-09-30-IDR2,TX|HHSC|TX_DAHS|111345,TX_DAHS,111345,141,GARRETT'S HEALTHCARE SERVICES LLC,DAHS-ISS,YES,NO,GREGG,1670 FM 2906,LONGVIEW,TX,75603,ec962e57112d6600b4deec292eaee5e0620e70b5413eea71d52078a3c4dcba8f,https://apps.hhs.texas.gov/providers/directories/DAHS.xlsx,2026-09-30T19:14:29.766735+00:00,2026-09-29,,NO,4e98f341006e8a32c9111ead9f65f8cbd90d649fff217c51d349fbfc24c8d09b
TH-ENRICH-TX-SENIOR-2026-09-30-IDR2,TX|HHSC|TX_DAHS|104977,TX_DAHS,104977,142,FIRST STREET ASSISTED LIVING & ADULT DAY CARE,DAHS,YES,NO,GUADALUPE,312 1ST  STREET,SCHERTZ,TX,78154,ec962e57112d6600b4deec292eaee5e0620e70b5413eea71d52078a3c4dcba8f,https://apps.hhs.texas.gov/providers/directories/DAHS.xlsx,2026-09-30T19:14:29.766735+00:00,2026-09-29,,NO,28939327c559427237460c32918074513245574624b3a99b82b5f794425f5015
TH-ENRICH-TX-SENIOR-2026-09-30-IDR2,TX|HHSC|TX_DAHS|111560,TX_DAHS,111560,143,FOUNTAIN OF LIFE ADULT ACTIVITY CENTER #2,DAHS-ISS,YES,NO,HALE,1001 N MAIN STREET,HALE CENTER,TEXAS,79041,ec962e57112d6600b4deec292eaee5e0620e70b5413eea71d52078a3c4dcba8f,https://apps.hhs.texas.gov/providers/directories/DAHS.xlsx,2026-09-30T19:14:29.766735+00:00,2026-09-29,,NO,f2f5e77649bf21a7f8dbd3c408d54c83c6c19ba793fdeb7354d0b59d4493ba1b
TH-ENRICH-TX-SENIOR-2026-09-30-IDR2,TX|HHSC|TX_DAHS|105740,TX_DAHS,105740,144,FOUNTAIN OF LIFE ADULT ACTIVITY CENTER #2,DAHS,YES,NO,HALE,1001 N MAIN ST,HALE CENTER,TX,79041,ec962e57112d6600b4deec292eaee5e0620e70b5413eea71d52078a3c4dcba8f,https://apps.hhs.texas.gov/providers/directories/DAHS.xlsx,2026-09-30T19:14:29.766735+00:00,2026-09-29,,NO,6128309b9d7f70b85c9971783aced4cf9bcc0c2fef789928a2bdb8cf8c715f9c
TH-ENRICH-TX-SENIOR-2026-09-30-IDR2,TX|HHSC|TX_DAHS|105628,TX_DAHS,105628,145,A BETTER QUALITY OF LIFE ADULT DAY CARE,DAHS,YES,NO,HARRIS,239 W TIDWELL RD STE F1,HOUSTON,TX,77022,ec962e57112d6600b4deec292eaee5e0620e70b5413eea71d52078a3c4dcba8f,https://apps.hhs.texas.gov/providers/directories/DAHS.xlsx,2026-09-30T19:14:29.766735+00:00,2026-09-29,,NO,9ef41c33aab87f0ae801f8d9ca25983b81c0c0cc725c23a4f59e4f32caf0b9f4
TH-ENRICH-TX-SENIOR-2026-09-30-IDR2,TX|HHSC|TX_DAHS|111356,TX_DAHS,111356,146,ABC ADULT CENTER,DAHS-ISS,YES,NO,HARRIS,12454 BEECHNUT ST STE 8,HOUSTON,TX,77072,ec962e57112d6600b4deec292eaee5e0620e70b5413eea71d52078a3c4dcba8f,https://apps.hhs.texas.gov/providers/directories/DAHS.xlsx,2026-09-30T19:14:29.766735+00:00,2026-09-29,,NO,eda491f234629ab0894c978ab88f3a98de71e0cbddf0ab4f29635732e5b9c163
TH-ENRICH-TX-SENIOR-2026-09-30-IDR2,TX|HHSC|TX_DAHS|111678,TX_DAHS,111678,147,ABC ADULT CENTER,DAHS,YES,NO,HARRIS,12454 BEECHNUT ST. STE. 8,HOUSTON,TEXAS,77072,ec962e57112d6600b4deec292eaee5e0620e70b5413eea71d52078a3c4dcba8f,https://apps.hhs.texas.gov/providers/directories/DAHS.xlsx,2026-09-30T19:14:29.766735+00:00,2026-09-29,,NO,61194fa026f12448427b84725603502cb498266a3adc1e16b25dbfb03d6ddba8
TH-ENRICH-TX-SENIOR-2026-09-30-IDR2,TX|HHSC|TX_DAHS|003319,TX_DAHS,003319,148,ADULT TOWN DAY CARE,DAHS,YES,NO,HARRIS,4450 S WAYSIDE STE 105,HOUSTON,TX,77087,ec962e57112d6600b4deec292eaee5e0620e70b5413eea71d52078a3c4dcba8f,https://apps.hhs.texas.gov/providers/directories/DAHS.xlsx,2026-09-30T19:14:29.766735+00:00,2026-09-29,,NO,4c7e11a457687eed0ca323c16e39ae5fb37e02e15e484416c1eea8f4051bd6ca
TH-ENRICH-TX-SENIOR-2026-09-30-IDR2,TX|HHSC|TX_DAHS|110350,TX_DAHS,110350,149,"ASIAN AMERICAN SOCIAL CENTER OF HOUSTON, LLC",DAHS,YES,NO,HARRIS,7329 WEST SAM HOUSTON SOUTH PKY # 190,HOUSTON,TX,77072,ec962e57112d6600b4deec292eaee5e0620e70b5413eea71d52078a3c4dcba8f,https://apps.hhs.texas.gov/providers/directories/DAHS.xlsx,2026-09-30T19:14:29.766735+00:00,2026-09-29,,NO,98ac886c6581cdf909760134a9248677f721836143bc25c83a413cb3676f1f55
TH-ENRICH-TX-SENIOR-2026-09-30-IDR2,TX|HHSC|TX_DAHS|105605,TX_DAHS,105605,150,BETTER CARE SENIOR CENTER,DAHS,YES,NO,HARRIS,10161 HARWIN DR #120,HOUSTON,TX,77036,ec962e57112d6600b4deec292eaee5e0620e70b5413eea71d52078a3c4dcba8f,https://apps.hhs.texas.gov/providers/directories/DAHS.xlsx,2026-09-30T19:14:29.766735+00:00,2026-09-29,,NO,d87d361440c548da0c5e352a40c3563465f1a9b19b61370a187859cb68a622ec
TH-ENRICH-TX-SENIOR-2026-09-30-IDR2,TX|HHSC|TX_DAHS|111521,TX_DAHS,111521,151,"BRIGHTWAY ADULT DAYCARE CENTER, LLC",DAHS-ISS,YES,NO,HARRIS,5020 FM 1960 RD W STE A1,HOUSTON,TEXAS,77069,ec962e57112d6600b4deec292eaee5e0620e70b5413eea71d52078a3c4dcba8f,https://apps.hhs.texas.gov/providers/directories/DAHS.xlsx,2026-09-30T19:14:29.766735+00:00,2026-09-29,,NO,de7fcc94e3150cf73848393ad8d8452cb0c21adccaf36effc37cef279a9aa776
TH-ENRICH-TX-SENIOR-2026-09-30-IDR2,TX|HHSC|TX_DAHS|001465,TX_DAHS,001465,152,CAREPARTNERS,DAHS,YES,NO,HARRIS,3838 ABERDEEN WAY,HOUSTON,TX,77025,ec962e57112d6600b4deec292eaee5e0620e70b5413eea71d52078a3c4dcba8f,https://apps.hhs.texas.gov/providers/directories/DAHS.xlsx,2026-09-30T19:14:29.766735+00:00,2026-09-29,,NO,4639c452145ab6708176d8edd58d1204e8fc9b864050b8f4ee8e162d36ac1f80
TH-ENRICH-TX-SENIOR-2026-09-30-IDR2,TX|HHSC|TX_DAHS|111980,TX_DAHS,111980,153,CHINESE CIVIC CENTER,DAHS,YES,NO,HARRIS,5905 SOVEREIGN DR.,HOUSTON,TEXAS,77036,ec962e57112d6600b4deec292eaee5e0620e70b5413eea71d52078a3c4dcba8f,https://apps.hhs.texas.gov/providers/directories/DAHS.xlsx,2026-09-30T19:14:29.766735+00:00,2026-09-29,,NO,1ab2be3719126eaafc6101d2c3a736b4349249fec1fca67434e52067329d308e
TH-ENRICH-TX-SENIOR-2026-09-30-IDR2,TX|HHSC|TX_DAHS|110354,TX_DAHS,110354,154,"CHINESE COMMUNITY CENTER, INC",DAHS,YES,NO,HARRIS,9800 TOWN PARK DRIVE,HOUSTON,TX,77036,ec962e57112d6600b4deec292eaee5e0620e70b5413eea71d52078a3c4dcba8f,https://apps.hhs.texas.gov/providers/directories/DAHS.xlsx,2026-09-30T19:14:29.766735+00:00,2026-09-29,,NO,3bbc926608afa87852543c2c20309a6c8719920ea56b6125622a31722f28bec4
TH-ENRICH-TX-SENIOR-2026-09-30-IDR2,TX|HHSC|TX_DAHS|003448,TX_DAHS,003448,155,CORPORATE SENIOR CENTER,DAHS,YES,NO,HARRIS,9630 CLAREWOOD DR STE A2,HOUSTON,TX,77036,ec962e57112d6600b4deec292eaee5e0620e70b5413eea71d52078a3c4dcba8f,https://apps.hhs.texas.gov/providers/directories/DAHS.xlsx,2026-09-30T19:14:29.766735+00:00,2026-09-29,,NO,876dc8b0c759b0ecf1d8b722234ab300d438482ce4b95732263eed6656caaaa9
TH-ENRICH-TX-SENIOR-2026-09-30-IDR2,TX|HHSC|TX_DAHS|111338,TX_DAHS,111338,156,DELIGHT ADULT DAYCARE,DAHS-ISS,YES,NO,HARRIS,4505 HWY 6 N UNIT 850,HOUSTON,TEXAS,77084,ec962e57112d6600b4deec292eaee5e0620e70b5413eea71d52078a3c4dcba8f,https://apps.hhs.texas.gov/providers/directories/DAHS.xlsx,2026-09-30T19:14:29.766735+00:00,2026-09-29,,NO,a94cad7940fbfbe515e5f38057641f66e1fa2bc863fa78a80b311127174e3773
TH-ENRICH-TX-SENIOR-2026-09-30-IDR2,TX|HHSC|TX_DAHS|111553,TX_DAHS,111553,157,"ELITE MEDSERVE, INC,",DAHS,YES,NO,HARRIS,"6917 MARTIN LUTHER KING, JR BLVD",HOUSTON,TEXAS,77033,ec962e57112d6600b4deec292eaee5e0620e70b5413eea71d52078a3c4dcba8f,https://apps.hhs.texas.gov/providers/directories/DAHS.xlsx,2026-09-30T19:14:29.766735+00:00,2026-09-29,,NO,2ea919164b2d09b8234352733a71a2c18bafc6a0ba9e638c648d038cdea8ae7d
TH-ENRICH-TX-SENIOR-2026-09-30-IDR2,TX|HHSC|TX_DAHS|111583,TX_DAHS,111583,158,FILLING THE GAP ADULT DAY CARE LLC,DAHS-ISS,YES,NO,HARRIS,6734 ANTOINE DR,HOUSTON,TEXAS,77091,ec962e57112d6600b4deec292eaee5e0620e70b5413eea71d52078a3c4dcba8f,https://apps.hhs.texas.gov/providers/directories/DAHS.xlsx,2026-09-30T19:14:29.766735+00:00,2026-09-29,,NO,92c71ca60fcf6f104c7dd18aa8df6da93d455253ae36792950c7fe5facd07601
TH-ENRICH-TX-SENIOR-2026-09-30-IDR2,TX|HHSC|TX_DAHS|111430,TX_DAHS,111430,159,FONDREN ADULT DAY CARE,DAHS,YES,NO,HARRIS,"11001 FONDREN ROAD, SUITE A",HOUSTON,TX,77096,ec962e57112d6600b4deec292eaee5e0620e70b5413eea71d52078a3c4dcba8f,https://apps.hhs.texas.gov/providers/directories/DAHS.xlsx,2026-09-30T19:14:29.766735+00:00,2026-09-29,,NO,6b56bf31ab80262ea3dda284307e1a545c70daa77ccb23e4b53dcee542a27ad5
TH-ENRICH-TX-SENIOR-2026-09-30-IDR2,TX|HHSC|TX_DAHS|110586,TX_DAHS,110586,160,GENESIS ADULT ACTIVITY CENTER LLC,DAHS,YES,NO,HARRIS,2819 CAROLINE ST,HOUSTON,TEXAS,77004,ec962e57112d6600b4deec292eaee5e0620e70b5413eea71d52078a3c4dcba8f,https://apps.hhs.texas.gov/providers/directories/DAHS.xlsx,2026-09-30T19:14:29.766735+00:00,2026-09-29,,NO,5f0150724a40b44cb8fecadf82c47cf7439ee083fbffe5d88d36a5aa33e205a7
TH-ENRICH-TX-SENIOR-2026-09-30-IDR2,TX|HHSC|TX_DAHS|110705,TX_DAHS,110705,161,GEVIL HEALTH SERVICES LLC,DAHS-ISS,YES,NO,HARRIS,12000 BELLAIRE BLVD. SUITE 140,HOUSTON,TEXAS,77072,ec962e57112d6600b4deec292eaee5e0620e70b5413eea71d52078a3c4dcba8f,https://apps.hhs.texas.gov/providers/directories/DAHS.xlsx,2026-09-30T19:14:29.766735+00:00,2026-09-29,,NO,8929c64aa86493f4a7362813d4de095110ce0b6c41fa65b051173ae25b98baad
TH-ENRICH-TX-SENIOR-2026-09-30-IDR2,TX|HHSC|TX_DAHS|105363,TX_DAHS,105363,162,GOOD OLD DAYS ADULT DAYCARE LLC,DAHS,YES,NO,HARRIS,5339 EAST HAMPTON DR,HOUSTON,TX,77039,ec962e57112d6600b4deec292eaee5e0620e70b5413eea71d52078a3c4dcba8f,https://apps.hhs.texas.gov/providers/directories/DAHS.xlsx,2026-09-30T19:14:29.766735+00:00,2026-09-29,,NO,611703ebfda9871dea44061b48ea78e81fa06b6bca6ded78659a5de06ac0637a
TH-ENRICH-TX-SENIOR-2026-09-30-IDR2,TX|HHSC|TX_DAHS|110397,TX_DAHS,110397,163,HANNAH'S PLACE ADULT DAY CENTER,DAHS,YES,NO,HARRIS,2612 ALMEDA PLAZA DR.,HOUSTON,TEXAS,77045,ec962e57112d6600b4deec292eaee5e0620e70b5413eea71d52078a3c4dcba8f,https://apps.hhs.texas.gov/providers/directories/DAHS.xlsx,2026-09-30T19:14:29.766735+00:00,2026-09-29,,NO,3246e9b455b1c98e276bfa73131edbca0eb0b854963f491fa8543d7d74fac5ff
TH-ENRICH-TX-SENIOR-2026-09-30-IDR2,TX|HHSC|TX_DAHS|111485,TX_DAHS,111485,164,HANNAH'S PLACE ADULT DAY CENTER,DAHS-ISS,YES,NO,HARRIS,2612 ALMEDA PLAZA DR.,HOUSTON,TEXAS,77045,ec962e57112d6600b4deec292eaee5e0620e70b5413eea71d52078a3c4dcba8f,https://apps.hhs.texas.gov/providers/directories/DAHS.xlsx,2026-09-30T19:14:29.766735+00:00,2026-09-29,,NO,9d3f779295b0642084ff8654cf3c7de1116543b944dab40e0c0d80b5ec13fe89
TH-ENRICH-TX-SENIOR-2026-09-30-IDR2,TX|HHSC|TX_DAHS|112050,TX_DAHS,112050,165,HARMONY SENIOR CENTER,DAHS,YES,NO,HARRIS,13178 W BELLFORT AVE,HOUSTON,TX,77099,ec962e57112d6600b4deec292eaee5e0620e70b5413eea71d52078a3c4dcba8f,https://apps.hhs.texas.gov/providers/directories/DAHS.xlsx,2026-09-30T19:14:29.766735+00:00,2026-09-29,,NO,7979f49aa92fba463380a9ed4141f5135467fcfdeaeecad39b04bc2926ffcb9e
TH-ENRICH-TX-SENIOR-2026-09-30-IDR2,TX|HHSC|TX_DAHS|110395,TX_DAHS,110395,166,HORIZON ADULT DAY SERVICES,DAHS,YES,NO,HARRIS,918 ALTIC ST,HOUSTON,TEXAS,77023,ec962e57112d6600b4deec292eaee5e0620e70b5413eea71d52078a3c4dcba8f,https://apps.hhs.texas.gov/providers/directories/DAHS.xlsx,2026-09-30T19:14:29.766735+00:00,2026-09-29,,NO,c196654d5fed04c02921d41163bb9476b6c64196f27032a01a9e8dcd3ca1f445
TH-ENRICH-TX-SENIOR-2026-09-30-IDR2,TX|HHSC|TX_DAHS|001460,TX_DAHS,001460,167,HOUSTON'S AMAZING PLACE  INC,DAHS,YES,NO,HARRIS,3735 DREXEL,HOUSTON,TX,77027,ec962e57112d6600b4deec292eaee5e0620e70b5413eea71d52078a3c4dcba8f,https://apps.hhs.texas.gov/providers/directories/DAHS.xlsx,2026-09-30T19:14:29.766735+00:00,2026-09-29,,NO,c5a727043c717015f281ee5756599999730128375b24f02eb045dd371926231f
TH-ENRICH-TX-SENIOR-2026-09-30-IDR2,TX|HHSC|TX_DAHS|112079,TX_DAHS,112079,168,"HOUSTON'S AMAZING PLACE, INC",DAHS,YES,NO,HARRIS,621 CIRCLE DEMATEL,HOUSTON,TEXAS,77094,ec962e57112d6600b4deec292eaee5e0620e70b5413eea71d52078a3c4dcba8f,https://apps.hhs.texas.gov/providers/directories/DAHS.xlsx,2026-09-30T19:14:29.766735+00:00,2026-09-29,,NO,cc20740c9258925fa2f3fcf3ccc2f6851bb06d6938cd10dcd258e4eb2745a9d5
TH-ENRICH-TX-SENIOR-2026-09-30-IDR2,TX|HHSC|TX_DAHS|111888,TX_DAHS,111888,169,IVY SENIOR ACTIVITY CENTER LLC,DAHS,YES,NO,HARRIS,14248 BELLAIRE BLVD. STE 107,HOUSTON,TX,77083,ec962e57112d6600b4deec292eaee5e0620e70b5413eea71d52078a3c4dcba8f,https://apps.hhs.texas.gov/providers/directories/DAHS.xlsx,2026-09-30T19:14:29.766735+00:00,2026-09-29,,NO,9a5fbefad95f7e4f90c848265f21f8553f5e9b5d5c0db6938a3261d3fa06ec17
TH-ENRICH-TX-SENIOR-2026-09-30-IDR2,TX|HHSC|TX_DAHS|111863,TX_DAHS,111863,170,KEPT WISHES WELLNESS CENTER LLC,DAHS,YES,NO,HARRIS,14114 HIRAM CLARKE RD STE F,HOUSTON,TEXAS,77045,ec962e57112d6600b4deec292eaee5e0620e70b5413eea71d52078a3c4dcba8f,https://apps.hhs.texas.gov/providers/directories/DAHS.xlsx,2026-09-30T19:14:29.766735+00:00,2026-09-29,,NO,cef6ab976de391caf0ff1ff1bf634ae66a35b8143ef536f6f2ae8749633c3fcd
TH-ENRICH-TX-SENIOR-2026-09-30-IDR2,TX|HHSC|TX_DAHS|102319,TX_DAHS,102319,171,LAC HONG ADULT DAY CARE,DAHS,YES,NO,HARRIS,6628 WILCREST DR STE A,HOUSTON,TX,77072,ec962e57112d6600b4deec292eaee5e0620e70b5413eea71d52078a3c4dcba8f,https://apps.hhs.texas.gov/providers/directories/DAHS.xlsx,2026-09-30T19:14:29.766735+00:00,2026-09-29,,NO,3d90461ea5197fce10c91feb2d7e4196d15a095be57061bb3d238544d3da72a3
TH-ENRICH-TX-SENIOR-2026-09-30-IDR2,TX|HHSC|TX_DAHS|110587,TX_DAHS,110587,172,LIDO SENIOR CLUB LLC,DAHS,YES,NO,HARRIS,12800 VETERANS MEMORIAL DRIVE,HOUSTON,TX,77014,ec962e57112d6600b4deec292eaee5e0620e70b5413eea71d52078a3c4dcba8f,https://apps.hhs.texas.gov/providers/directories/DAHS.xlsx,2026-09-30T19:14:29.766735+00:00,2026-09-29,,NO,656b47ddb4d7c7af3cd4027804cab6734f1831da806146e16d086eb5f2b10213
TH-ENRICH-TX-SENIOR-2026-09-30-IDR2,TX|HHSC|TX_DAHS|111413,TX_DAHS,111413,173,LOVE & JOY REHAB ADULT DAY CARE,DAHS-ISS,YES,NO,HARRIS,4440 BENNINGTON ST,HOUSTON,TX,77016,ec962e57112d6600b4deec292eaee5e0620e70b5413eea71d52078a3c4dcba8f,https://apps.hhs.texas.gov/providers/directories/DAHS.xlsx,2026-09-30T19:14:29.766735+00:00,2026-09-29,,NO,1a8650e7ee3ff8fec6d427a12248987b953089fedae89fcabc2796fc1e872c0f
TH-ENRICH-TX-SENIOR-2026-09-30-IDR2,TX|HHSC|TX_DAHS|111621,TX_DAHS,111621,174,MAIS SENIOR CENTER INC,DAHS,YES,NO,HARRIS,12547 GULF FWY,HOUSTON,TX,77034,ec962e57112d6600b4deec292eaee5e0620e70b5413eea71d52078a3c4dcba8f,https://apps.hhs.texas.gov/providers/directories/DAHS.xlsx,2026-09-30T19:14:29.766735+00:00,2026-09-29,,NO,e36da137727c4005723266b1e0a66162da7b6cd3affb935d2ba4329e1cee7362
TH-ENRICH-TX-SENIOR-2026-09-30-IDR2,TX|HHSC|TX_DAHS|111545,TX_DAHS,111545,175,MEDXBRIGHT LLC,DAHS-ISS,YES,NO,HARRIS,6501 WESTLINE DRIVE,HOUSTON,TX,77036,ec962e57112d6600b4deec292eaee5e0620e70b5413eea71d52078a3c4dcba8f,https://apps.hhs.texas.gov/providers/directories/DAHS.xlsx,2026-09-30T19:14:29.766735+00:00,2026-09-29,,NO,7e08cedc762ef1796e59d86709f223416776612f81f73f01861effad3220ef55
TH-ENRICH-TX-SENIOR-2026-09-30-IDR2,TX|HHSC|TX_DAHS|105081,TX_DAHS,105081,176,"NEW ABILITY HEALTH CENTER, INCORPORATED",DAHS,YES,NO,HARRIS,4139 KEWANEE STREET,HOUSTON,TEXAS,77051,ec962e57112d6600b4deec292eaee5e0620e70b5413eea71d52078a3c4dcba8f,https://apps.hhs.texas.gov/providers/directories/DAHS.xlsx,2026-09-30T19:14:29.766735+00:00,2026-09-29,,NO,f62f176675b0338d9f8fa29cd50f339aa46856b1dd80cbdf518264e5cfc52dda
TH-ENRICH-TX-SENIOR-2026-09-30-IDR2,TX|HHSC|TX_DAHS|112070,TX_DAHS,112070,177,NEXT2KIN LLC,DAHS-ISS,YES,NO,HARRIS,8047 ANTOINE DR.,HOUSTON,TEXAS,77088,ec962e57112d6600b4deec292eaee5e0620e70b5413eea71d52078a3c4dcba8f,https://apps.hhs.texas.gov/providers/directories/DAHS.xlsx,2026-09-30T19:14:29.766735+00:00,2026-09-29,,NO,2f694c3f899a6b9de18a77c12e49eff082817bd1c53d38aceb97591f6e1e7505
TH-ENRICH-TX-SENIOR-2026-09-30-IDR2,TX|HHSC|TX_DAHS|111318,TX_DAHS,111318,178,NIXON ADULT DAY CENTER,DAHS-ISS,YES,NO,HARRIS,3719 LYNNFIELD,HOUSTON,TX,77016,ec962e57112d6600b4deec292eaee5e0620e70b5413eea71d52078a3c4dcba8f,https://apps.hhs.texas.gov/providers/directories/DAHS.xlsx,2026-09-30T19:14:29.766735+00:00,2026-09-29,,NO,5c899303f811736b00ed28d7568a4a62f921b70e85728ca385a77c30bf132956
TH-ENRICH-TX-SENIOR-2026-09-30-IDR2,TX|HHSC|TX_DAHS|010364,TX_DAHS,010364,179,NIXON ADULT DAY CENTER,DAHS,YES,NO,HARRIS,3719 LYNNFIELD ST,HOUSTON,TX,77016,ec962e57112d6600b4deec292eaee5e0620e70b5413eea71d52078a3c4dcba8f,https://apps.hhs.texas.gov/providers/directories/DAHS.xlsx,2026-09-30T19:14:29.766735+00:00,2026-09-29,,NO,35b9f3b2c196cafc71b89109b51b76016b24a54ffa31915dc40c5a76a5e69c25
TH-ENRICH-TX-SENIOR-2026-09-30-IDR2,TX|HHSC|TX_DAHS|111406,TX_DAHS,111406,180,NORTHLINE ADULT DAYCARE,DAHS-ISS,YES,NO,HARRIS,3910 N. FREEWAY,HOUSTON,TX,77022,ec962e57112d6600b4deec292eaee5e0620e70b5413eea71d52078a3c4dcba8f,https://apps.hhs.texas.gov/providers/directories/DAHS.xlsx,2026-09-30T19:14:29.766735+00:00,2026-09-29,,NO,bb3509b3bd0410351127a4be715f7e6f3bbf541297802252188bf6aab47813b8
TH-ENRICH-TX-SENIOR-2026-09-30-IDR2,TX|HHSC|TX_DAHS|101804,TX_DAHS,101804,181,"ODYSSEY TLC ADULT DAY CENTER, INC",DAHS,YES,NO,HARRIS,220 N VISTA DR,HOUSTON,TX,77073,ec962e57112d6600b4deec292eaee5e0620e70b5413eea71d52078a3c4dcba8f,https://apps.hhs.texas.gov/providers/directories/DAHS.xlsx,2026-09-30T19:14:29.766735+00:00,2026-09-29,,NO,09387f867ade35ad790e81748971160ac9d99c4662b86d03f2e8379e8b12505f
TH-ENRICH-TX-SENIOR-2026-09-30-IDR2,TX|HHSC|TX_DAHS|105126,TX_DAHS,105126,182,"ODYSSEY TLC ADULT DAY CENTER, INC",DAHS,YES,NO,HARRIS,779 NORMANDY ST STE 125,HOUSTON,TX,77015,ec962e57112d6600b4deec292eaee5e0620e70b5413eea71d52078a3c4dcba8f,https://apps.hhs.texas.gov/providers/directories/DAHS.xlsx,2026-09-30T19:14:29.766735+00:00,2026-09-29,,NO,35bce0cbc62d9a714f33dbfd663a255a2d6f5c6bfefdfeff59302f3b5fd66796
TH-ENRICH-TX-SENIOR-2026-09-30-IDR2,TX|HHSC|TX_DAHS|111498,TX_DAHS,111498,183,ODYSSEY TLC ADULT DAY INC,DAHS-ISS,YES,NO,HARRIS,2115 CYPRESS LANDING RD,HOUSTON,TEXAS,77090,ec962e57112d6600b4deec292eaee5e0620e70b5413eea71d52078a3c4dcba8f,https://apps.hhs.texas.gov/providers/directories/DAHS.xlsx,2026-09-30T19:14:29.766735+00:00,2026-09-29,,NO,99ecf0d6bcb25dc5feb62604cd12ebe7fa224ebb9d4ee9b6dff5a2255e4ddbf3
TH-ENRICH-TX-SENIOR-2026-09-30-IDR2,TX|HHSC|TX_DAHS|111322,TX_DAHS,111322,184,PARADISE LANE ADULT WORKSHOP LLC,DAHS-ISS,YES,NO,HARRIS,"10503 ROCKLEY RD, SUITE 100",HOUSTON,TEXAS,77099,ec962e57112d6600b4deec292eaee5e0620e70b5413eea71d52078a3c4dcba8f,https://apps.hhs.texas.gov/providers/directories/DAHS.xlsx,2026-09-30T19:14:29.766735+00:00,2026-09-29,,NO,e2aa80cb497b38be563e47eee3551f1ec34ae24bc5e996693efff0eaa57d22bf
TH-ENRICH-TX-SENIOR-2026-09-30-IDR2,TX|HHSC|TX_DAHS|106723,TX_DAHS,106723,185,SENIOR COMMUNITY CENTER,DAHS,YES,NO,HARRIS,7850 PARKWOOD CIRCLE DR.  SUITE A-1,HOUSTON,TX,77036,ec962e57112d6600b4deec292eaee5e0620e70b5413eea71d52078a3c4dcba8f,https://apps.hhs.texas.gov/providers/directories/DAHS.xlsx,2026-09-30T19:14:29.766735+00:00,2026-09-29,,NO,5bbfa636b0f3fbce5dbe99de6bf4f954cbeae6f1b11c6baf2c76a39d8ce3b970
TH-ENRICH-TX-SENIOR-2026-09-30-IDR2,TX|HHSC|TX_DAHS|104988,TX_DAHS,104988,186,SENIOR SOCIAL CENTER LLC,DAHS,YES,NO,HARRIS,9347 1/2 RICHMOND AVENUE,HOUSTON,TX,77063,ec962e57112d6600b4deec292eaee5e0620e70b5413eea71d52078a3c4dcba8f,https://apps.hhs.texas.gov/providers/directories/DAHS.xlsx,2026-09-30T19:14:29.766735+00:00,2026-09-29,,NO,24ba4c9cdc499eeb324ad9410386b8aa1a4cfb6a6234fad8f73139acd3cbf2bf
TH-ENRICH-TX-SENIOR-2026-09-30-IDR2,TX|HHSC|TX_DAHS|110543,TX_DAHS,110543,187,SILVER AGE ADULT DAY CARE LLC,DAHS,YES,NO,HARRIS,10880 BISSONNET STREET #140D,HOUSTON,TX,77099,ec962e57112d6600b4deec292eaee5e0620e70b5413eea71d52078a3c4dcba8f,https://apps.hhs.texas.gov/providers/directories/DAHS.xlsx,2026-09-30T19:14:29.766735+00:00,2026-09-29,,NO,dcb1c2401aae63e31ad0cef91d04ac08f9b3666d47ad22a4c80a6964d2338a80
TH-ENRICH-TX-SENIOR-2026-09-30-IDR2,TX|HHSC|TX_DAHS|100993,TX_DAHS,100993,188,SOUTH TEXAS ADULT DAY ACTIVITY CENTER,DAHS,YES,NO,HARRIS,6011 TELEPHONE RD,HOUSTON,TX,77087,ec962e57112d6600b4deec292eaee5e0620e70b5413eea71d52078a3c4dcba8f,https://apps.hhs.texas.gov/providers/directories/DAHS.xlsx,2026-09-30T19:14:29.766735+00:00,2026-09-29,,NO,4e52c0344584c3d7adfdc8de8a56540622f3cac908ae6f0937e0b3c9b2ec52ba
TH-ENRICH-TX-SENIOR-2026-09-30-IDR2,TX|HHSC|TX_DAHS|111426,TX_DAHS,111426,189,SOUTH TEXAS ADULT DAY ACTIVITY CENTER,DAHS-ISS,YES,NO,HARRIS,6011 TELEPHONE ROAD,HOUSTON,TX,77087,ec962e57112d6600b4deec292eaee5e0620e70b5413eea71d52078a3c4dcba8f,https://apps.hhs.texas.gov/providers/directories/DAHS.xlsx,2026-09-30T19:14:29.766735+00:00,2026-09-29,,NO,e23fb9a606a4e86bd6c844ab989d628a5945a6d47f5d6882acbac11da58fe784
TH-ENRICH-TX-SENIOR-2026-09-30-IDR2,TX|HHSC|TX_DAHS|003343,TX_DAHS,003343,190,SUNNYSIDE ADULT DAYCARE INC,DAHS,YES,NO,HARRIS,8423 T ALMEDA RD,HOUSTON,TX,77054,ec962e57112d6600b4deec292eaee5e0620e70b5413eea71d52078a3c4dcba8f,https://apps.hhs.texas.gov/providers/directories/DAHS.xlsx,2026-09-30T19:14:29.766735+00:00,2026-09-29,,NO,9870d55d2401e914d9f4309014af1e1ec915847f9a5e25432c2e29e5ba141c03
TH-ENRICH-TX-SENIOR-2026-09-30-IDR2,TX|HHSC|TX_DAHS|106582,TX_DAHS,106582,191,SUNRISE ADULT ACTIVITY & HEALTH CENTER  LLC,DAHS,YES,NO,HARRIS,9525 WILCREST DR,HOUSTON,TX,77099,ec962e57112d6600b4deec292eaee5e0620e70b5413eea71d52078a3c4dcba8f,https://apps.hhs.texas.gov/providers/directories/DAHS.xlsx,2026-09-30T19:14:29.766735+00:00,2026-09-29,,NO,536467d6a60afff790b2ddee376dcaf67f40ac8121cd8bce5386d0aa6e46b2b2
TH-ENRICH-TX-SENIOR-2026-09-30-IDR2,TX|HHSC|TX_DAHS|003210,TX_DAHS,003210,192,THE LIGHTHOUSE OF HOUSTON,DAHS,YES,NO,HARRIS,3602 WEST DALLAS,HOUSTON,TX,77019,ec962e57112d6600b4deec292eaee5e0620e70b5413eea71d52078a3c4dcba8f,https://apps.hhs.texas.gov/providers/directories/DAHS.xlsx,2026-09-30T19:14:29.766735+00:00,2026-09-29,,NO,9778a08d71934c6493c68e219dbb10e7404cb43ee7bbef9aadbefdccd1e8f615
TH-ENRICH-TX-SENIOR-2026-09-30-IDR2,TX|HHSC|TX_DAHS|003052,TX_DAHS,003052,193,WHEN I GROW UP ADULT DAYCARE,DAHS,YES,NO,HARRIS,5331 W OREM,HOUSTON,TX,77045,ec962e57112d6600b4deec292eaee5e0620e70b5413eea71d52078a3c4dcba8f,https://apps.hhs.texas.gov/providers/directories/DAHS.xlsx,2026-09-30T19:14:29.766735+00:00,2026-09-29,,NO,8893f11084af38df93f113749d5c97a0dd55e6dc14c27114a4ed5b95f153214d
TH-ENRICH-TX-SENIOR-2026-09-30-IDR2,TX|HHSC|TX_DAHS|102919,TX_DAHS,102919,194,"WORLD SENIOR SERVICE, INC",DAHS,YES,NO,HARRIS,5850 RANCHESTER STE 268,HOUSTON,TX,77036,ec962e57112d6600b4deec292eaee5e0620e70b5413eea71d52078a3c4dcba8f,https://apps.hhs.texas.gov/providers/directories/DAHS.xlsx,2026-09-30T19:14:29.766735+00:00,2026-09-29,,NO,7e1e82d9dd7880414bf25d83052d7cc1d1e70a5bc31e0e89c5f330a63c665108
TH-ENRICH-TX-SENIOR-2026-09-30-IDR2,TX|HHSC|TX_DAHS|102636,TX_DAHS,102636,195,SARAH CARE ADULT DAY SERVICES,DAHS,YES,NO,HARRIS,23972 HIGHWAY 59 NORTH,KINGWOOD,TX,77339,ec962e57112d6600b4deec292eaee5e0620e70b5413eea71d52078a3c4dcba8f,https://apps.hhs.texas.gov/providers/directories/DAHS.xlsx,2026-09-30T19:14:29.766735+00:00,2026-09-29,,NO,697fa21e975562926bd4d7e728113fe223fe080d55003493aec56e05e5339dd0
TH-ENRICH-TX-SENIOR-2026-09-30-IDR2,TX|HHSC|TX_DAHS|003270,TX_DAHS,003270,196,DIAS FELICES ADULT DAY CARE,DAHS,YES,NO,HIDALGO,1039 W FRONTAGE RD STE I,ALAMO,TX,78516-2300,ec962e57112d6600b4deec292eaee5e0620e70b5413eea71d52078a3c4dcba8f,https://apps.hhs.texas.gov/providers/directories/DAHS.xlsx,2026-09-30T19:14:29.766735+00:00,2026-09-29,,NO,7213e2fbe35f3eefd73d91be49aad62f72b3c30f3b7faed748de6ac71b0e6385
TH-ENRICH-TX-SENIOR-2026-09-30-IDR2,TX|HHSC|TX_DAHS|106816,TX_DAHS,106816,197,LA MORADA ADULT DAYCARE LLC,DAHS,YES,NO,HIDALGO,1040 W ELLIS # 3716,ALAMO,TX,78516,ec962e57112d6600b4deec292eaee5e0620e70b5413eea71d52078a3c4dcba8f,https://apps.hhs.texas.gov/providers/directories/DAHS.xlsx,2026-09-30T19:14:29.766735+00:00,2026-09-29,,NO,3acf7adad399ecb791741a929f43e3252932e886000718a84bb545f810707a1d
TH-ENRICH-TX-SENIOR-2026-09-30-IDR2,TX|HHSC|TX_DAHS|003084,TX_DAHS,003084,198,CASA DE AMIGOS ADULT DAY SERVICES LLC,DAHS,YES,NO,HIDALGO,118 N STEWART BLVD,ALTON,TEXAS,78573,ec962e57112d6600b4deec292eaee5e0620e70b5413eea71d52078a3c4dcba8f,https://apps.hhs.texas.gov/providers/directories/DAHS.xlsx,2026-09-30T19:14:29.766735+00:00,2026-09-29,,NO,1f3957fd33b079b501e09ff8cd41a245693bd26626bd5e9c3121c8c31e54f5ae
TH-ENRICH-TX-SENIOR-2026-09-30-IDR2,TX|HHSC|TX_DAHS|104735,TX_DAHS,104735,199,MI HERMOSO VALLE ADULT DAY CARE LLC,DAHS,YES,NO,HIDALGO,3103 E MAIN,ALTON,TX,78573,ec962e57112d6600b4deec292eaee5e0620e70b5413eea71d52078a3c4dcba8f,https://apps.hhs.texas.gov/providers/directories/DAHS.xlsx,2026-09-30T19:14:29.766735+00:00,2026-09-29,,NO,b7d7ce0a870e0f6afd82045502240e2f57b860b399263ccbaaff0949479db5a1
TH-ENRICH-TX-SENIOR-2026-09-30-IDR2,TX|HHSC|TX_DAHS|110603,TX_DAHS,110603,200,EL CIELO ADULT DAY CARE,DAHS,YES,NO,HIDALGO,216 S. MAIN ST,DONNA,TX,78537,ec962e57112d6600b4deec292eaee5e0620e70b5413eea71d52078a3c4dcba8f,https://apps.hhs.texas.gov/providers/directories/DAHS.xlsx,2026-09-30T19:14:29.766735+00:00,2026-09-29,,NO,c1008f67dad5da9ab1cc0096d5e107f0f68ce844aaf0ce4064899bb708def446
TH-ENRICH-TX-SENIOR-2026-09-30-IDR2,TX|HHSC|TX_DAHS|106017,TX_DAHS,106017,201,EL CLUB ADULT DAY CARE 2,DAHS,YES,NO,HIDALGO,2803 E BUSINESS 83,DONNA,TX,78537,ec962e57112d6600b4deec292eaee5e0620e70b5413eea71d52078a3c4dcba8f,https://apps.hhs.texas.gov/providers/directories/DAHS.xlsx,2026-09-30T19:14:29.766735+00:00,2026-09-29,,NO,75977f478bbc3738298aaf4461cfe9a350c9e918b9cf34db8ecdfc6258375966
TH-ENRICH-TX-SENIOR-2026-09-30-IDR2,TX|HHSC|TX_DAHS|003295,TX_DAHS,003295,202,EL RECREO ADULT DAY CARE I I,DAHS,YES,NO,HIDALGO,227 S 8TH,DONNA,TX,78537,ec962e57112d6600b4deec292eaee5e0620e70b5413eea71d52078a3c4dcba8f,https://apps.hhs.texas.gov/providers/directories/DAHS.xlsx,2026-09-30T19:14:29.766735+00:00,2026-09-29,,NO,b9988c6196683b5e301a06f3f3fcf3f76a30aab4ef6a187f7dee83ddee4ab54c
TH-ENRICH-TX-SENIOR-2026-09-30-IDR2,TX|HHSC|TX_DAHS|104592,TX_DAHS,104592,203,FUENTE DE JUVENTUD ADULT DAY CARE #2,DAHS,YES,NO,HIDALGO,2008 REDSKIN AVE,DONNA,TX,78537,ec962e57112d6600b4deec292eaee5e0620e70b5413eea71d52078a3c4dcba8f,https://apps.hhs.texas.gov/providers/directories/DAHS.xlsx,2026-09-30T19:14:29.766735+00:00,2026-09-29,,NO,22738d5ce2db9be826e601b053e088eed8cb65d83343de785c949170d116189e
TH-ENRICH-TX-SENIOR-2026-09-30-IDR2,TX|HHSC|TX_DAHS|003438,TX_DAHS,003438,204,DULCE CARICIAS ADULT DAY CARE #2,DAHS,YES,NO,HIDALGO,308 W SANTA ROSA AVE,EDCOUCH,TX,78538,ec962e57112d6600b4deec292eaee5e0620e70b5413eea71d52078a3c4dcba8f,https://apps.hhs.texas.gov/providers/directories/DAHS.xlsx,2026-09-30T19:14:29.766735+00:00,2026-09-29,,NO,056f510c5c80ff31206c52d20de6ef34d50e746e1c8936f18dd08c69ffe715c5
TH-ENRICH-TX-SENIOR-2026-09-30-IDR2,TX|HHSC|TX_DAHS|003355,TX_DAHS,003355,205,MIRASOLES ADULT DAY CARE III,DAHS,YES,NO,HIDALGO,401 W SANTA ROSA AVENUE,EDCOUCH,TX,78538,ec962e57112d6600b4deec292eaee5e0620e70b5413eea71d52078a3c4dcba8f,https://apps.hhs.texas.gov/providers/directories/DAHS.xlsx,2026-09-30T19:14:29.766735+00:00,2026-09-29,,NO,ec485dc14a0c85664740cc9e5fe195fde7d1c3fa994a3264688b64d834cf2e69
TH-ENRICH-TX-SENIOR-2026-09-30-IDR2,TX|HHSC|TX_DAHS|110171,TX_DAHS,110171,206,AGAPE ADULT DAYCARE,DAHS,YES,NO,HIDALGO,1212 S RAUL LONGORIA,EDINBURG,TEXAS,78542,ec962e57112d6600b4deec292eaee5e0620e70b5413eea71d52078a3c4dcba8f,https://apps.hhs.texas.gov/providers/directories/DAHS.xlsx,2026-09-30T19:14:29.766735+00:00,2026-09-29,,NO,39d78a12248ed5b23e16867555d6ea2a2d98465943497e7ad8027c38c07f9f5a
TH-ENRICH-TX-SENIOR-2026-09-30-IDR2,TX|HHSC|TX_DAHS|110608,TX_DAHS,110608,207,AMBER LOVE ADULT DAY CARE CENTER,DAHS,YES,NO,HIDALGO,615 E CANO ST,EDINBURG,TEXAS,78539,ec962e57112d6600b4deec292eaee5e0620e70b5413eea71d52078a3c4dcba8f,https://apps.hhs.texas.gov/providers/directories/DAHS.xlsx,2026-09-30T19:14:29.766735+00:00,2026-09-29,,NO,02dc6a55ca99dcae103140bee58d24b5768af8cbc5540106e9f91d361d99654e
TH-ENRICH-TX-SENIOR-2026-09-30-IDR2,TX|HHSC|TX_DAHS|112177,TX_DAHS,112177,208,CORAZONES DIVINOS HEALTHCARE LLC,DAHS,YES,NO,HIDALGO,"3400 SOUTH SUGAR ROAD, SUITE 1",EDINBURG,TX,78539,ec962e57112d6600b4deec292eaee5e0620e70b5413eea71d52078a3c4dcba8f,https://apps.hhs.texas.gov/providers/directories/DAHS.xlsx,2026-09-30T19:14:29.766735+00:00,2026-09-29,,NO,b40199f537800ff8672dc5735df9873ca35d63cc624199663bed7bc8f6a06721
TH-ENRICH-TX-SENIOR-2026-09-30-IDR2,TX|HHSC|TX_DAHS|104584,TX_DAHS,104584,209,EL CENTRO ADULT DAY CARE CENTER,DAHS,YES,NO,HIDALGO,8463 E. HIGHWAY 107 SUITE B,EDINBURG,TX,78542,ec962e57112d6600b4deec292eaee5e0620e70b5413eea71d52078a3c4dcba8f,https://apps.hhs.texas.gov/providers/directories/DAHS.xlsx,2026-09-30T19:14:29.766735+00:00,2026-09-29,,NO,71677dde3bebb7a44feb5cca51d3063987aa602ef351420b79c2418ffc9ce008
TH-ENRICH-TX-SENIOR-2026-09-30-IDR2,TX|HHSC|TX_DAHS|104325,TX_DAHS,104325,210,ELIAZAR RODRIGUEZ DBA LA PALMA #2 ADULT DAY CARE,DAHS,YES,NO,HIDALGO,1215 SOUTH EXPRESSWAY 281,EDINBURG,TX,78541,ec962e57112d6600b4deec292eaee5e0620e70b5413eea71d52078a3c4dcba8f,https://apps.hhs.texas.gov/providers/directories/DAHS.xlsx,2026-09-30T19:14:29.766735+00:00,2026-09-29,,NO,a9e2f39f0c3bd9f2bdec978b464357d3645499d4e33fdbeb0fbe4b4fe3bba7a5
TH-ENRICH-TX-SENIOR-2026-09-30-IDR2,TX|HHSC|TX_DAHS|112116,TX_DAHS,112116,211,"FUENTES DE ALEGRIA, LLC",DAHS,YES,NO,HIDALGO,2510 W. FREDDY GONZALEZ,EDINBURG,TX,78539,ec962e57112d6600b4deec292eaee5e0620e70b5413eea71d52078a3c4dcba8f,https://apps.hhs.texas.gov/providers/directories/DAHS.xlsx,2026-09-30T19:14:29.766735+00:00,2026-09-29,,NO,739eeb6570817e86c36ecc2900f09775edcdedc578acdf43aeaee696a14c56d1
TH-ENRICH-TX-SENIOR-2026-09-30-IDR2,TX|HHSC|TX_DAHS|105117,TX_DAHS,105117,212,GUARDIAN ANGEL ADULT DAY CARE,DAHS,YES,NO,HIDALGO,3415 W UNIVERSITY DR,EDINBURG,TX,78541,ec962e57112d6600b4deec292eaee5e0620e70b5413eea71d52078a3c4dcba8f,https://apps.hhs.texas.gov/providers/directories/DAHS.xlsx,2026-09-30T19:14:29.766735+00:00,2026-09-29,,NO,39cf196d2ef11a460aa057ec26fe66d76851fb188f242358100dd004b7e61f66
TH-ENRICH-TX-SENIOR-2026-09-30-IDR2,TX|HHSC|TX_DAHS|101481,TX_DAHS,101481,213,LOVING TOUCH ADULT DAYCARE,DAHS,YES,NO,HIDALGO,1206 E UNIVERSITY DR,EDINBURG,TX,78539,ec962e57112d6600b4deec292eaee5e0620e70b5413eea71d52078a3c4dcba8f,https://apps.hhs.texas.gov/providers/directories/DAHS.xlsx,2026-09-30T19:14:29.766735+00:00,2026-09-29,,NO,91b500bbfba44a42a62d5b271ba73a897926ccd5a46115bcf7236c83f32df77b
TH-ENRICH-TX-SENIOR-2026-09-30-IDR2,TX|HHSC|TX_DAHS|003404,TX_DAHS,003404,214,MI PUEBLITO ADULT DAY CARE,DAHS,YES,NO,HIDALGO,1405 N EXPY 281,EDINBURG,TX,78542,ec962e57112d6600b4deec292eaee5e0620e70b5413eea71d52078a3c4dcba8f,https://apps.hhs.texas.gov/providers/directories/DAHS.xlsx,2026-09-30T19:14:29.766735+00:00,2026-09-29,,NO,5fb65494d06902f1a83cb9bb3fb0be42ae254eaef791bbdb409debde223d9223
TH-ENRICH-TX-SENIOR-2026-09-30-IDR2,TX|HHSC|TX_DAHS|003253,TX_DAHS,003253,215,MIS AMIGOS ADULT DAY CARE CENTER,DAHS,YES,NO,HIDALGO,815 N CLOSNER STE B,EDINBURG,TX,78541,ec962e57112d6600b4deec292eaee5e0620e70b5413eea71d52078a3c4dcba8f,https://apps.hhs.texas.gov/providers/directories/DAHS.xlsx,2026-09-30T19:14:29.766735+00:00,2026-09-29,,NO,ecb8decfeb35430ebd40997d6dc6ecefb4d869f21b608d2b2d87de0fe4e6fd71
TH-ENRICH-TX-SENIOR-2026-09-30-IDR2,TX|HHSC|TX_DAHS|101282,TX_DAHS,101282,216,NEW AGE ADULT DAY CARE,DAHS,YES,NO,HIDALGO,2701 CORNERSTONE BLVD,EDINBURG,TX,78539,ec962e57112d6600b4deec292eaee5e0620e70b5413eea71d52078a3c4dcba8f,https://apps.hhs.texas.gov/providers/directories/DAHS.xlsx,2026-09-30T19:14:29.766735+00:00,2026-09-29,,NO,4d450fa3bb9283221ade62007340404d03169721173d58fd41638cee4ab115bd
TH-ENRICH-TX-SENIOR-2026-09-30-IDR2,TX|HHSC|TX_DAHS|003369,TX_DAHS,003369,217,PRIDE AND JOY ADULT DAY CARE CENTER,DAHS,YES,NO,HIDALGO,304 E CANO ST,EDINBURG,TX,78539,ec962e57112d6600b4deec292eaee5e0620e70b5413eea71d52078a3c4dcba8f,https://apps.hhs.texas.gov/providers/directories/DAHS.xlsx,2026-09-30T19:14:29.766735+00:00,2026-09-29,,NO,5a1a615c968780255838585db786a50f3dacdaf8513f9dc261accfe78da7b36f
TH-ENRICH-TX-SENIOR-2026-09-30-IDR2,TX|HHSC|TX_DAHS|101295,TX_DAHS,101295,218,SANTA CRUZ DAY CARE  EDINBURG,DAHS,YES,NO,HIDALGO,2015 E UNIVERSITY DR,EDINBURG,TX,78539,ec962e57112d6600b4deec292eaee5e0620e70b5413eea71d52078a3c4dcba8f,https://apps.hhs.texas.gov/providers/directories/DAHS.xlsx,2026-09-30T19:14:29.766735+00:00,2026-09-29,,NO,252c756678c84046ac3bd66141ef3d3da214d4af0955c38e810bcedcb2ca8294
TH-ENRICH-TX-SENIOR-2026-09-30-IDR2,TX|HHSC|TX_DAHS|111825,TX_DAHS,111825,219,THE LADYBUG ADULT DAY CARE LLC,DAHS,YES,NO,HIDALGO,1200 W. MONTE CRISTO,EDINBURG,TEXAS,78541,ec962e57112d6600b4deec292eaee5e0620e70b5413eea71d52078a3c4dcba8f,https://apps.hhs.texas.gov/providers/directories/DAHS.xlsx,2026-09-30T19:14:29.766735+00:00,2026-09-29,,NO,d6058479852ce9ecf269f1424b691fbd412c255f564547d903e7201a8d3b2d6b
TH-ENRICH-TX-SENIOR-2026-09-30-IDR2,TX|HHSC|TX_DAHS|106974,TX_DAHS,106974,220,UN RINCONCITO EN EL CIELO ADULT DAY CARE LLC,DAHS,YES,NO,HIDALGO,3204 N SUGAR RD,EDINBURG,TX,78541,ec962e57112d6600b4deec292eaee5e0620e70b5413eea71d52078a3c4dcba8f,https://apps.hhs.texas.gov/providers/directories/DAHS.xlsx,2026-09-30T19:14:29.766735+00:00,2026-09-29,,NO,c8aa6d60c2f895bbb28a2631691a20bda73db96601f42ae2370618192aaa4646
TH-ENRICH-TX-SENIOR-2026-09-30-IDR2,TX|HHSC|TX_DAHS|101718,TX_DAHS,101718,221,"VIDA HEALTH CARE, INC",DAHS,YES,NO,HIDALGO,2024 W. UNIVERSITY,EDINBURG,TX,78539,ec962e57112d6600b4deec292eaee5e0620e70b5413eea71d52078a3c4dcba8f,https://apps.hhs.texas.gov/providers/directories/DAHS.xlsx,2026-09-30T19:14:29.766735+00:00,2026-09-29,,NO,e08a37817f70d6ecb22f203e4c833efb4ab734101ea088aa096e029d35d689b5
TH-ENRICH-TX-SENIOR-2026-09-30-IDR2,TX|HHSC|TX_DAHS|111943,TX_DAHS,111943,222,VIVA DAHS LLC,DAHS,YES,NO,HIDALGO,913 E SCHUNIOR ST,EDINBURG,TEXAS,78541,ec962e57112d6600b4deec292eaee5e0620e70b5413eea71d52078a3c4dcba8f,https://apps.hhs.texas.gov/providers/directories/DAHS.xlsx,2026-09-30T19:14:29.766735+00:00,2026-09-29,,NO,6b8d312c391e197add772dd72bfa3dd75dfe00eb00618c0a75de0a61a4eb269c
TH-ENRICH-TX-SENIOR-2026-09-30-IDR2,TX|HHSC|TX_DAHS|111850,TX_DAHS,111850,223,BESOS Y CARICIAS ADULT DAYCARE II,DAHS,YES,NO,HIDALGO,305 N BROADWAY,ELSA,TX,78543,ec962e57112d6600b4deec292eaee5e0620e70b5413eea71d52078a3c4dcba8f,https://apps.hhs.texas.gov/providers/directories/DAHS.xlsx,2026-09-30T19:14:29.766735+00:00,2026-09-29,,NO,e4f48a0b0726809ce957671520903d567c95082bb36cd075770c8bdc8627eec7
TH-ENRICH-TX-SENIOR-2026-09-30-IDR2,TX|HHSC|TX_DAHS|110540,TX_DAHS,110540,224,LA PALMA ADULT DAY CARE,DAHS,YES,NO,HIDALGO,"610 N. BROADWAY, STE A",ELSA,TEXAS,78543,ec962e57112d6600b4deec292eaee5e0620e70b5413eea71d52078a3c4dcba8f,https://apps.hhs.texas.gov/providers/directories/DAHS.xlsx,2026-09-30T19:14:29.766735+00:00,2026-09-29,,NO,72d392c442f589a46ca3983025589410f35f868d4061134d47e822d2f11364d0
TH-ENRICH-TX-SENIOR-2026-09-30-IDR2,TX|HHSC|TX_DAHS|003312,TX_DAHS,003312,225,SANTA CRUZ DAY CARE FOR ADULTS LLC,DAHS,YES,NO,HIDALGO,834 PALM DR,ELSA,TX,78543,ec962e57112d6600b4deec292eaee5e0620e70b5413eea71d52078a3c4dcba8f,https://apps.hhs.texas.gov/providers/directories/DAHS.xlsx,2026-09-30T19:14:29.766735+00:00,2026-09-29,,NO,09a5abf4eeff0a2deb0af175e32f0136b314feef9212d1a17c0233a7c03bd5ae
TH-ENRICH-TX-SENIOR-2026-09-30-IDR2,TX|HHSC|TX_DAHS|111615,TX_DAHS,111615,226,DIAS DE ALEGRIA ADC,DAHS,YES,NO,HIDALGO,604 RAMON AYALA DR,HIDALGO,TX,78557,ec962e57112d6600b4deec292eaee5e0620e70b5413eea71d52078a3c4dcba8f,https://apps.hhs.texas.gov/providers/directories/DAHS.xlsx,2026-09-30T19:14:29.766735+00:00,2026-09-29,,NO,c66aaaf0f47baf02b3caf3c796a09ceca7da521eefcc31387a8f3d25a678c365
TH-ENRICH-TX-SENIOR-2026-09-30-IDR2,TX|HHSC|TX_DAHS|003251,TX_DAHS,003251,227,SOUTH TEXAS ELDERLY SERVICES INC,DAHS,YES,NO,HIDALGO,500 E RAMON AYALA DRIVE,HIDALGO,TX,78557,ec962e57112d6600b4deec292eaee5e0620e70b5413eea71d52078a3c4dcba8f,https://apps.hhs.texas.gov/providers/directories/DAHS.xlsx,2026-09-30T19:14:29.766735+00:00,2026-09-29,,NO,db56dc78fb38631a1382a7b731988475a7726c998f3d411c099ff535d95b8936
TH-ENRICH-TX-SENIOR-2026-09-30-IDR2,TX|HHSC|TX_DAHS|112159,TX_DAHS,112159,228,AMOR Y VIDA ADULT DAY CARE,DAHS-ISS,YES,NO,HIDALGO,13600 EAST HWY 107 STE 8 & 9,LA BLANCA,TEXAS,78558,ec962e57112d6600b4deec292eaee5e0620e70b5413eea71d52078a3c4dcba8f,https://apps.hhs.texas.gov/providers/directories/DAHS.xlsx,2026-09-30T19:14:29.766735+00:00,2026-09-29,,NO,9970ad92dc091078fd9e880076c1093895c07118e24258bc710c304d195a9f3d
TH-ENRICH-TX-SENIOR-2026-09-30-IDR2,TX|HHSC|TX_DAHS|010361,TX_DAHS,010361,229,MI NUEVO MUNDO ADULT DAY CARE,DAHS,YES,NO,HIDALGO,220 WEST 1ST STREET,LA JOYA,TX,78560,ec962e57112d6600b4deec292eaee5e0620e70b5413eea71d52078a3c4dcba8f,https://apps.hhs.texas.gov/providers/directories/DAHS.xlsx,2026-09-30T19:14:29.766735+00:00,2026-09-29,,NO,29a802387d23ae10e45e1d46cc0c78076f9b285be815662d1d260776c84542b4
TH-ENRICH-TX-SENIOR-2026-09-30-IDR2,TX|HHSC|TX_DAHS|111599,TX_DAHS,111599,230,MI RANCHITO ADULT DAY CARE LLC,DAHS,YES,NO,HIDALGO,828 E EXPRESSWAY 83,LA JOYA,TEXAS,78560,ec962e57112d6600b4deec292eaee5e0620e70b5413eea71d52078a3c4dcba8f,https://apps.hhs.texas.gov/providers/directories/DAHS.xlsx,2026-09-30T19:14:29.766735+00:00,2026-09-29,,NO,f8e07f1e13fb020e2b3421382862bdcf586b49ed428cd53b09764319b254baf6
TH-ENRICH-TX-SENIOR-2026-09-30-IDR2,TX|HHSC|TX_DAHS|103248,TX_DAHS,103248,231,ABRAZOS ADULT CENTERS LLC,DAHS,YES,NO,HIDALGO,1117  E. DALLAS,MCALLEN,TX,78501,ec962e57112d6600b4deec292eaee5e0620e70b5413eea71d52078a3c4dcba8f,https://apps.hhs.texas.gov/providers/directories/DAHS.xlsx,2026-09-30T19:14:29.766735+00:00,2026-09-29,,NO,23743e74f05f865aa55bae49fe4922fd8a9f2728a65bc4ace71be9223f45be0b
TH-ENRICH-TX-SENIOR-2026-09-30-IDR2,TX|HHSC|TX_DAHS|111955,TX_DAHS,111955,232,BELLA VIDA ADULT DAY CARE,DAHS,YES,NO,HIDALGO,2214 N. 10TH. ST.,MCALLEN,TEXAS,78501,ec962e57112d6600b4deec292eaee5e0620e70b5413eea71d52078a3c4dcba8f,https://apps.hhs.texas.gov/providers/directories/DAHS.xlsx,2026-09-30T19:14:29.766735+00:00,2026-09-29,,NO,c81b39f839d6492529ab7b7dce8c71dcce5b1e81287873c1bea894531c90e93c
TH-ENRICH-TX-SENIOR-2026-09-30-IDR2,TX|HHSC|TX_DAHS|003425,TX_DAHS,003425,233,CIELITO LINDO ADULT DAY CARE,DAHS,YES,NO,HIDALGO,9717 N 10TH ST,MCALLEN,TX,78504,ec962e57112d6600b4deec292eaee5e0620e70b5413eea71d52078a3c4dcba8f,https://apps.hhs.texas.gov/providers/directories/DAHS.xlsx,2026-09-30T19:14:29.766735+00:00,2026-09-29,,NO,845eb2f6974d28f88c5aa0092c773a47f513f93dba3c03e4cede78dd7c7a6f17
TH-ENRICH-TX-SENIOR-2026-09-30-IDR2,TX|HHSC|TX_DAHS|111340,TX_DAHS,111340,234,"DEL NORTE LEARNING CENTER, INC",DAHS-ISS,YES,NO,HIDALGO,3221 N 38TH ST.,MCALLEN,TEXAS,78501,ec962e57112d6600b4deec292eaee5e0620e70b5413eea71d52078a3c4dcba8f,https://apps.hhs.texas.gov/providers/directories/DAHS.xlsx,2026-09-30T19:14:29.766735+00:00,2026-09-29,,NO,4d2ba570f41a0a5f26c8c182ed7fd6075b2058bf013f3a0b0cbed2420ae4f841
TH-ENRICH-TX-SENIOR-2026-09-30-IDR2,TX|HHSC|TX_DAHS|103562,TX_DAHS,103562,235,"DEL NORTE LEARNING CENTER, INC",DAHS,YES,NO,HIDALGO,3221 N 38TH ST,MCALLEN,TX,78501,ec962e57112d6600b4deec292eaee5e0620e70b5413eea71d52078a3c4dcba8f,https://apps.hhs.texas.gov/providers/directories/DAHS.xlsx,2026-09-30T19:14:29.766735+00:00,2026-09-29,,NO,432810c8477b54a3879ded2f460f774b0b1bd9bc787479ec35997fca339d87e7
TH-ENRICH-TX-SENIOR-2026-09-30-IDR2,TX|HHSC|TX_DAHS|102157,TX_DAHS,102157,236,EL CASTILLO ADULT DAY CARE,DAHS,YES,NO,HIDALGO,407 S 12TH ST,MCALLEN,TX,78501,ec962e57112d6600b4deec292eaee5e0620e70b5413eea71d52078a3c4dcba8f,https://apps.hhs.texas.gov/providers/directories/DAHS.xlsx,2026-09-30T19:14:29.766735+00:00,2026-09-29,,NO,1901d361d1aa8128a5e53fa336fbb9299daee26896857e01bd944b7b7c4cf792
TH-ENRICH-TX-SENIOR-2026-09-30-IDR2,TX|HHSC|TX_DAHS|111971,TX_DAHS,111971,237,"LA POSADA ADULT DAY CARE CENTER, INC",DAHS,YES,NO,HIDALGO,5001 PECAN BLVD. SUITE#140,MCALLEN,TX,78501,ec962e57112d6600b4deec292eaee5e0620e70b5413eea71d52078a3c4dcba8f,https://apps.hhs.texas.gov/providers/directories/DAHS.xlsx,2026-09-30T19:14:29.766735+00:00,2026-09-29,,NO,07b5fc9a615f13fda1b0c269eb7e26793ebf26d010cd7f63cfb58d9eaeea2b46
TH-ENRICH-TX-SENIOR-2026-09-30-IDR2,TX|HHSC|TX_DAHS|003066,TX_DAHS,003066,238,LA VICTORIA ADULT DAY CARE CENTER,DAHS,YES,NO,HIDALGO,420 S BROADWAY,MCALLEN,TX,78501,ec962e57112d6600b4deec292eaee5e0620e70b5413eea71d52078a3c4dcba8f,https://apps.hhs.texas.gov/providers/directories/DAHS.xlsx,2026-09-30T19:14:29.766735+00:00,2026-09-29,,NO,8296971b8bc59471193fa0e414c34f2e52708b6e17503c0c1fcb74bd53f118bc
TH-ENRICH-TX-SENIOR-2026-09-30-IDR2,TX|HHSC|TX_DAHS|102854,TX_DAHS,102854,239,LINDOS MOMENTOS ADULT DAY CARE,DAHS,YES,NO,HIDALGO,2514 BUDDY OWENS AVE.,MCALLEN,TX,78504,ec962e57112d6600b4deec292eaee5e0620e70b5413eea71d52078a3c4dcba8f,https://apps.hhs.texas.gov/providers/directories/DAHS.xlsx,2026-09-30T19:14:29.766735+00:00,2026-09-29,,NO,8cadfc07b5afbfd6ac51b6805b7da497a751de4de660a3fa7d62dad04a90104c
TH-ENRICH-TX-SENIOR-2026-09-30-IDR2,TX|HHSC|TX_DAHS|112076,TX_DAHS,112076,240,NEW LIFE ADULT DAY CARE 4,DAHS,YES,NO,HIDALGO,4513 W BUSINESS HIGHWAY 83,MCALLEN,TX,78501,ec962e57112d6600b4deec292eaee5e0620e70b5413eea71d52078a3c4dcba8f,https://apps.hhs.texas.gov/providers/directories/DAHS.xlsx,2026-09-30T19:14:29.766735+00:00,2026-09-29,,NO,fe9adad28015efc2947696d7ec3626d4e3ed09b7e13c9b1da84ac8febd5c24b6
TH-ENRICH-TX-SENIOR-2026-09-30-IDR2,TX|HHSC|TX_DAHS|111986,TX_DAHS,111986,241,PASEO DE ANGELITOS ADULT DAY CARE CENTER,DAHS,YES,NO,HIDALGO,3612 SH 107  SUITE# 210-250,MCALLEN,TX,78504,ec962e57112d6600b4deec292eaee5e0620e70b5413eea71d52078a3c4dcba8f,https://apps.hhs.texas.gov/providers/directories/DAHS.xlsx,2026-09-30T19:14:29.766735+00:00,2026-09-29,,NO,4c390c646039f4fc6edce6378a5036907ea03f0e75de0713306a6b05a6fcf99d
TH-ENRICH-TX-SENIOR-2026-09-30-IDR2,TX|HHSC|TX_DAHS|104829,TX_DAHS,104829,242,BESOS Y CARICIAS ADULT DAY CARE III LLC,DAHS,YES,NO,HIDALGO,520 W. 2ND ST.,MERCEDES,TX,78570,ec962e57112d6600b4deec292eaee5e0620e70b5413eea71d52078a3c4dcba8f,https://apps.hhs.texas.gov/providers/directories/DAHS.xlsx,2026-09-30T19:14:29.766735+00:00,2026-09-29,,NO,db17925dee58f65b34d19a9ce61f0184d1d29c8a425cd809090d655a5a809ee1
TH-ENRICH-TX-SENIOR-2026-09-30-IDR2,TX|HHSC|TX_DAHS|112161,TX_DAHS,112161,243,"SIEMPRE UNIDOS ADULT DAY CARE, LLC",DAHS,YES,NO,HIDALGO,157 N TEXAS AVE,MERCEDES,TEXAS,78570,ec962e57112d6600b4deec292eaee5e0620e70b5413eea71d52078a3c4dcba8f,https://apps.hhs.texas.gov/providers/directories/DAHS.xlsx,2026-09-30T19:14:29.766735+00:00,2026-09-29,,NO,c7bc9f894fb9ce002a0e3f12d380d5268dad528025ccb72ba258be893a5b23ba
TH-ENRICH-TX-SENIOR-2026-09-30-IDR2,TX|HHSC|TX_DAHS|104462,TX_DAHS,104462,244,TIGRES ADULT DAY CARE LLC,DAHS,YES,NO,HIDALGO,950 S MISSOURI AVE,MERCEDES,TX,78570,ec962e57112d6600b4deec292eaee5e0620e70b5413eea71d52078a3c4dcba8f,https://apps.hhs.texas.gov/providers/directories/DAHS.xlsx,2026-09-30T19:14:29.766735+00:00,2026-09-29,,NO,90d58f35d7d7c4514bc6694dd275a57ca055f4d4f5372e202dc985da3d4d32a0
TH-ENRICH-TX-SENIOR-2026-09-30-IDR2,TX|HHSC|TX_DAHS|104377,TX_DAHS,104377,245,ANGEL MIO ADULT DAY CARE LLC,DAHS,YES,NO,HIDALGO,1619 N LA HOMA RD,MISSION,TX,78573,ec962e57112d6600b4deec292eaee5e0620e70b5413eea71d52078a3c4dcba8f,https://apps.hhs.texas.gov/providers/directories/DAHS.xlsx,2026-09-30T19:14:29.766735+00:00,2026-09-29,,NO,76b47fcb9abae0c9cca4ec4e5f7cde84977a0f7d4aaa36abf6ed3c78dc7b2215
TH-ENRICH-TX-SENIOR-2026-09-30-IDR2,TX|HHSC|TX_DAHS|110259,TX_DAHS,110259,246,"ANGELES ADULT DAY CARE, LLC",DAHS,YES,NO,HIDALGO,4100 W 3 MILE ROAD STE 12,MISSION,TEXAS,78574,ec962e57112d6600b4deec292eaee5e0620e70b5413eea71d52078a3c4dcba8f,https://apps.hhs.texas.gov/providers/directories/DAHS.xlsx,2026-09-30T19:14:29.766735+00:00,2026-09-29,,NO,36c36c0a07dab59c7314179225b9a66ce7528bd7b16b1dda3af4f9a0b0f2a4a6
TH-ENRICH-TX-SENIOR-2026-09-30-IDR2,TX|HHSC|TX_DAHS|111496,TX_DAHS,111496,247,CASA AZUL ADULT DAY CARE LLC,DAHS,YES,NO,HIDALGO,2109 W. MILE 3 RD. UNIT 11-13,MISSION,TX,78573,ec962e57112d6600b4deec292eaee5e0620e70b5413eea71d52078a3c4dcba8f,https://apps.hhs.texas.gov/providers/directories/DAHS.xlsx,2026-09-30T19:14:29.766735+00:00,2026-09-29,,NO,1430e06c2c6e91a31d31dc08fc04a57c734e9369bf98339a42c5a1a24ccf904c
TH-ENRICH-TX-SENIOR-2026-09-30-IDR2,TX|HHSC|TX_DAHS|102142,TX_DAHS,102142,248,CENTRO DE BUENA VIDA ADULT DAY CARE,DAHS,YES,NO,HIDALGO,2517 E GRIFFIN PKWY,MISSION,TX,78572,ec962e57112d6600b4deec292eaee5e0620e70b5413eea71d52078a3c4dcba8f,https://apps.hhs.texas.gov/providers/directories/DAHS.xlsx,2026-09-30T19:14:29.766735+00:00,2026-09-29,,NO,2d2f9cd41333d0129e4181de1c1a7696a5a733cabcd79c1e8114150134137521
TH-ENRICH-TX-SENIOR-2026-09-30-IDR2,TX|HHSC|TX_DAHS|001535,TX_DAHS,001535,249,CIELITO LINDO ADULT DAY CARE #2,DAHS,YES,NO,HIDALGO,8012 W EXPY 83,MISSION,TX,78572,ec962e57112d6600b4deec292eaee5e0620e70b5413eea71d52078a3c4dcba8f,https://apps.hhs.texas.gov/providers/directories/DAHS.xlsx,2026-09-30T19:14:29.766735+00:00,2026-09-29,,NO,4e92382139dbad8dd8987e34a5c0f65f1e25d91d15a6f0bc4f3d540facbf8f37
TH-ENRICH-TX-SENIOR-2026-09-30-IDR2,TX|HHSC|TX_DAHS|103689,TX_DAHS,103689,250,"CORAZON CON CORAZON ADULT DAY CARE, LLC",DAHS,YES,NO,HIDALGO,1300 S BRYAN RD STE 103,MISSION,TX,78572,ec962e57112d6600b4deec292eaee5e0620e70b5413eea71d52078a3c4dcba8f,https://apps.hhs.texas.gov/providers/directories/DAHS.xlsx,2026-09-30T19:14:29.766735+00:00,2026-09-29,,NO,000c9dcd200781d5b1fbff7c98087c6f885f670172927178983f214939e99ac9
TH-ENRICH-TX-SENIOR-2026-09-30-IDR2,TX|HHSC|TX_DAHS|105879,TX_DAHS,105879,251,EL RANCHO ADULT DAY CARE,DAHS,YES,NO,HIDALGO,1905 W 3 MILE RD SUITE 1600 & 1700,MISSION,TX,78573,ec962e57112d6600b4deec292eaee5e0620e70b5413eea71d52078a3c4dcba8f,https://apps.hhs.texas.gov/providers/directories/DAHS.xlsx,2026-09-30T19:14:29.766735+00:00,2026-09-29,,NO,68f7279a0fa0bcc0a0e5ba4bd762c8b18a80e6f326c51ed4d5efedfa501aee3d
TH-ENRICH-TX-SENIOR-2026-09-30-IDR2,TX|HHSC|TX_DAHS|111990,TX_DAHS,111990,252,EL RANCHO ADULT DAY CARE  2,DAHS,YES,NO,HIDALGO,5504 W 3 MILE RD,MISSION,TEXAS,78573,ec962e57112d6600b4deec292eaee5e0620e70b5413eea71d52078a3c4dcba8f,https://apps.hhs.texas.gov/providers/directories/DAHS.xlsx,2026-09-30T19:14:29.766735+00:00,2026-09-29,,NO,70ead3622816e0b98009a82a9d1c83e5e93f397379f9bbfd8386bf2e4c461985
TH-ENRICH-TX-SENIOR-2026-09-30-IDR2,TX|HHSC|TX_DAHS|103568,TX_DAHS,103568,253,EL SENDERO ADULT DAY CARE LLC,DAHS,YES,NO,HIDALGO,7302 W MILE 7 RD,MISSION,TX,78574,ec962e57112d6600b4deec292eaee5e0620e70b5413eea71d52078a3c4dcba8f,https://apps.hhs.texas.gov/providers/directories/DAHS.xlsx,2026-09-30T19:14:29.766735+00:00,2026-09-29,,NO,6c0810ed2b6c306855109f48054ed25e2f03d17d9ddab85daf70d667e03bdf56
TH-ENRICH-TX-SENIOR-2026-09-30-IDR2,TX|HHSC|TX_DAHS|103144,TX_DAHS,103144,254,EMMANUEL ADULT DAY CARE,DAHS,YES,NO,HIDALGO,1312 OBLATE AVE,MISSION,TX,78572,ec962e57112d6600b4deec292eaee5e0620e70b5413eea71d52078a3c4dcba8f,https://apps.hhs.texas.gov/providers/directories/DAHS.xlsx,2026-09-30T19:14:29.766735+00:00,2026-09-29,,NO,ba155de39a6281bd0560358a1b5510ef4fee53a5644b70456de9da7ad559f41e
TH-ENRICH-TX-SENIOR-2026-09-30-IDR2,TX|HHSC|TX_DAHS|110584,TX_DAHS,110584,255,EPOCA DE ORO ADULT DAY CARE,DAHS,YES,NO,HIDALGO,"923 W BUSINESS 83, SUITE 100",MISSION,TEXAS,78572,ec962e57112d6600b4deec292eaee5e0620e70b5413eea71d52078a3c4dcba8f,https://apps.hhs.texas.gov/providers/directories/DAHS.xlsx,2026-09-30T19:14:29.766735+00:00,2026-09-29,,NO,1393d3a829337c017ec82dc0b11b3ea7ee17168326389cdd37c2e3b686c6ef9a
TH-ENRICH-TX-SENIOR-2026-09-30-IDR2,TX|HHSC|TX_DAHS|112025,TX_DAHS,112025,256,EXPERT ADULT DAY CARE CENTER INC,DAHS,YES,NO,HIDALGO,2110 E. GRIFFIN PARKWAY,MISSION,TX,78572-3225,ec962e57112d6600b4deec292eaee5e0620e70b5413eea71d52078a3c4dcba8f,https://apps.hhs.texas.gov/providers/directories/DAHS.xlsx,2026-09-30T19:14:29.766735+00:00,2026-09-29,,NO,a919b64ad4203d53e717c060ede0c8c11d2d78891e940c71a9562c6960fcae8c
TH-ENRICH-TX-SENIOR-2026-09-30-IDR2,TX|HHSC|TX_DAHS|111325,TX_DAHS,111325,257,HOME AWAY FROM HOME ADULT DAY CARE,DAHS,YES,NO,HIDALGO,1005 W. BUS. HWY 83,MISSION,TX,78572,ec962e57112d6600b4deec292eaee5e0620e70b5413eea71d52078a3c4dcba8f,https://apps.hhs.texas.gov/providers/directories/DAHS.xlsx,2026-09-30T19:14:29.766735+00:00,2026-09-29,,NO,349153086f0b50d1681fb3edc471599f76f921f38a0e42da99d0d33ff7881f66
TH-ENRICH-TX-SENIOR-2026-09-30-IDR2,TX|HHSC|TX_DAHS|104974,TX_DAHS,104974,258,"LIBERTAD ADULT DAY CARE, LLC",DAHS,YES,NO,HIDALGO,7218 W IH 2,MISSION,TX,78572,ec962e57112d6600b4deec292eaee5e0620e70b5413eea71d52078a3c4dcba8f,https://apps.hhs.texas.gov/providers/directories/DAHS.xlsx,2026-09-30T19:14:29.766735+00:00,2026-09-29,,NO,1bd65050b86a654efabbca1f65dddacb133284c03e5cffe593a3850bb4af83f3
TH-ENRICH-TX-SENIOR-2026-09-30-IDR2,TX|HHSC|TX_DAHS|106951,TX_DAHS,106951,259,LOS PRIMITOS ADULT DAY CARE LLC,DAHS,YES,NO,HIDALGO,2605 W MILE 5 RD,MISSION,TX,78574,ec962e57112d6600b4deec292eaee5e0620e70b5413eea71d52078a3c4dcba8f,https://apps.hhs.texas.gov/providers/directories/DAHS.xlsx,2026-09-30T19:14:29.766735+00:00,2026-09-29,,NO,0db8af0053784c132630eeb3e7610904c038150f9dbedd1432532996c97da14f
TH-ENRICH-TX-SENIOR-2026-09-30-IDR2,TX|HHSC|TX_DAHS|003071,TX_DAHS,003071,260,MI CASA ADULT DAY CARE INC,DAHS,YES,NO,HIDALGO,2017 E GRIFFIN PKWY,MISSION,TX,78574,ec962e57112d6600b4deec292eaee5e0620e70b5413eea71d52078a3c4dcba8f,https://apps.hhs.texas.gov/providers/directories/DAHS.xlsx,2026-09-30T19:14:29.766735+00:00,2026-09-29,,NO,6d18568429f80feb51b3b1a3a0d63ef8fef6d46177609feb1e24e5d6be50256b
TH-ENRICH-TX-SENIOR-2026-09-30-IDR2,TX|HHSC|TX_DAHS|104426,TX_DAHS,104426,261,MI TIERRA ADULT DAY CARE LLC,DAHS,YES,NO,HIDALGO,2406 BROCK ST STE 7,MISSION,TX,78572,ec962e57112d6600b4deec292eaee5e0620e70b5413eea71d52078a3c4dcba8f,https://apps.hhs.texas.gov/providers/directories/DAHS.xlsx,2026-09-30T19:14:29.766735+00:00,2026-09-29,,NO,ba7a9190985a4dd8c1752680a6a0ea2aa889c00f0b34b7fda3ed5a509e09697a
TH-ENRICH-TX-SENIOR-2026-09-30-IDR2,TX|HHSC|TX_DAHS|102175,TX_DAHS,102175,262,PALOMA BLANCA ADULT DAY CARE,DAHS,YES,NO,HIDALGO,1020 N CONWAY AVE,MISSION,TEXAS,78572,ec962e57112d6600b4deec292eaee5e0620e70b5413eea71d52078a3c4dcba8f,https://apps.hhs.texas.gov/providers/directories/DAHS.xlsx,2026-09-30T19:14:29.766735+00:00,2026-09-29,,NO,a825e4a8f010173dd8b21384fe76c245a9a0a1a545429d88d5737482a97da89a
TH-ENRICH-TX-SENIOR-2026-09-30-IDR2,TX|HHSC|TX_DAHS|103489,TX_DAHS,103489,263,PALOMITA BLANCA ADULT DAY CARE,DAHS,YES,NO,HIDALGO,"1352 E 1ST STREET, SUITE H",MISSION,TEXAS,78572,ec962e57112d6600b4deec292eaee5e0620e70b5413eea71d52078a3c4dcba8f,https://apps.hhs.texas.gov/providers/directories/DAHS.xlsx,2026-09-30T19:14:29.766735+00:00,2026-09-29,,NO,000bc7ef61954b6de13290966ec0ffc8882c1649f48fbf218f81823035138e5b
TH-ENRICH-TX-SENIOR-2026-09-30-IDR2,TX|HHSC|TX_DAHS|112195,TX_DAHS,112195,264,PARKVIEW ADULT HEALTH CARE AND ACTIVITY CENTER INC,DAHS,YES,NO,HIDALGO,1002 RAGLAND ST,MISSION,TX,78572,ec962e57112d6600b4deec292eaee5e0620e70b5413eea71d52078a3c4dcba8f,https://apps.hhs.texas.gov/providers/directories/DAHS.xlsx,2026-09-30T19:14:29.766735+00:00,2026-09-29,,NO,88419d581ffb800b3a0e2c7b81100ab43a78e0788a0a30c012d516b61f774d6f
TH-ENRICH-TX-SENIOR-2026-09-30-IDR2,TX|HHSC|TX_DAHS|111631,TX_DAHS,111631,265,PUEBLO ALEGRE ADULT DAY CARE,DAHS,YES,NO,HIDALGO,2014 E BUS HWY 83 STE A,MISSION,TX,78572,ec962e57112d6600b4deec292eaee5e0620e70b5413eea71d52078a3c4dcba8f,https://apps.hhs.texas.gov/providers/directories/DAHS.xlsx,2026-09-30T19:14:29.766735+00:00,2026-09-29,,NO,bf053be6429b8bd90113d48118c1acf6cf054524e16c3f40e1738483a3d4b94e
TH-ENRICH-TX-SENIOR-2026-09-30-IDR2,TX|HHSC|TX_DAHS|104617,TX_DAHS,104617,266,ROSIE'S ADULT DAY CARE,DAHS,YES,NO,HIDALGO,8214 W EXPWY 83,MISSION,TX,78572,ec962e57112d6600b4deec292eaee5e0620e70b5413eea71d52078a3c4dcba8f,https://apps.hhs.texas.gov/providers/directories/DAHS.xlsx,2026-09-30T19:14:29.766735+00:00,2026-09-29,,NO,72d5df5c94bb2f4d21e773e05d54460024e67db9e56afa65157fd37832fbcfc1
TH-ENRICH-TX-SENIOR-2026-09-30-IDR2,TX|HHSC|TX_DAHS|110419,TX_DAHS,110419,267,VALLE FELIZ ADULT DAY CARE,DAHS,YES,NO,HIDALGO,102 S. BRYAN RD.,MISSION,TX,78572,ec962e57112d6600b4deec292eaee5e0620e70b5413eea71d52078a3c4dcba8f,https://apps.hhs.texas.gov/providers/directories/DAHS.xlsx,2026-09-30T19:14:29.766735+00:00,2026-09-29,,NO,829822a7a0605159c06e66e3fc8a513a7b3995a3bccea6cf40cf82412f3f67b5
TH-ENRICH-TX-SENIOR-2026-09-30-IDR2,TX|HHSC|TX_DAHS|104482,TX_DAHS,104482,268,AMIGOS POR SIEMPRE ADULT DAY CARE LLC,DAHS,YES,NO,HIDALGO,305 E ELIDA ST,PALMHURST,TX,78573,ec962e57112d6600b4deec292eaee5e0620e70b5413eea71d52078a3c4dcba8f,https://apps.hhs.texas.gov/providers/directories/DAHS.xlsx,2026-09-30T19:14:29.766735+00:00,2026-09-29,,NO,5619c47db24369cc1fc698a257d87a42afb51ace5db2d77717bd3bbd5825a954
TH-ENRICH-TX-SENIOR-2026-09-30-IDR2,TX|HHSC|TX_DAHS|110213,TX_DAHS,110213,269,"MIS VERDADEROS AMIGOS ADULT DAY CARE, LLC",DAHS,YES,NO,HIDALGO,"123 W MILE 3 RD, STE 106",PALMHURST,TEXAS,78573,ec962e57112d6600b4deec292eaee5e0620e70b5413eea71d52078a3c4dcba8f,https://apps.hhs.texas.gov/providers/directories/DAHS.xlsx,2026-09-30T19:14:29.766735+00:00,2026-09-29,,NO,12efd06aba64820561d83a3630833d2eac5545905f93c67d4ff8fa942ae4e944
TH-ENRICH-TX-SENIOR-2026-09-30-IDR2,TX|HHSC|TX_DAHS|101106,TX_DAHS,101106,270,AMIGOS Y FAMILIA ADULT DAY CARE  INC,DAHS,YES,NO,HIDALGO,1414 HILL DR,PALMVIEW,TX,78572,ec962e57112d6600b4deec292eaee5e0620e70b5413eea71d52078a3c4dcba8f,https://apps.hhs.texas.gov/providers/directories/DAHS.xlsx,2026-09-30T19:14:29.766735+00:00,2026-09-29,,NO,143723ea9fccba756133a818cc5cd524653bb8b99bc0ac1b6c947f669207415c
TH-ENRICH-TX-SENIOR-2026-09-30-IDR2,TX|HHSC|TX_DAHS|050703,TX_DAHS,050703,271,DEL PUEBLO ADULT DAY CARE,DAHS,YES,NO,HIDALGO,700 N COMMERCIAL DRIVE,PALMVIEW,TX,78572,ec962e57112d6600b4deec292eaee5e0620e70b5413eea71d52078a3c4dcba8f,https://apps.hhs.texas.gov/providers/directories/DAHS.xlsx,2026-09-30T19:14:29.766735+00:00,2026-09-29,,NO,2f31f980ed22064c0fde6938692b21bd326fcac657933b0c29e8da20fde128da
TH-ENRICH-TX-SENIOR-2026-09-30-IDR2,TX|HHSC|TX_DAHS|105292,TX_DAHS,105292,272,"EPOCA DE ORO ADULT DAY CARE, LLC",DAHS,YES,NO,HIDALGO,915 N LA HOMA ROAD,PALMVIEW,TEXAS,78574,ec962e57112d6600b4deec292eaee5e0620e70b5413eea71d52078a3c4dcba8f,https://apps.hhs.texas.gov/providers/directories/DAHS.xlsx,2026-09-30T19:14:29.766735+00:00,2026-09-29,,NO,c85bde6796449216c7acda61d3f3293f8bcb8a5b7a917fb9a1893eea8ee8e08e
TH-ENRICH-TX-SENIOR-2026-09-30-IDR2,TX|HHSC|TX_DAHS|111928,TX_DAHS,111928,273,FIVE STAR ADULT DAY CARE  LLC,DAHS,YES,NO,HIDALGO,211 SHOWERS RD,PALMVIEW,TEXAS,78572,ec962e57112d6600b4deec292eaee5e0620e70b5413eea71d52078a3c4dcba8f,https://apps.hhs.texas.gov/providers/directories/DAHS.xlsx,2026-09-30T19:14:29.766735+00:00,2026-09-29,,NO,b176bea74e30db3275ac43fdb09a79c3e85c154df1b3ce147907630909e22e75
TH-ENRICH-TX-SENIOR-2026-09-30-IDR2,TX|HHSC|TX_DAHS|102772,TX_DAHS,102772,274,GENESIS ADULT DAY CARE LLC,DAHS,YES,NO,HIDALGO,6920 W EXPRESSWAY 83,PALMVIEW,TX,78572,ec962e57112d6600b4deec292eaee5e0620e70b5413eea71d52078a3c4dcba8f,https://apps.hhs.texas.gov/providers/directories/DAHS.xlsx,2026-09-30T19:14:29.766735+00:00,2026-09-29,,NO,43d9a6253affceab35f017ec49283da61486503c4ec9b038b2c07fc7677d2a4e
TH-ENRICH-TX-SENIOR-2026-09-30-IDR2,TX|HHSC|TX_DAHS|003046,TX_DAHS,003046,275,"HACIENDA LAS FUENTES, LLC",DAHS,YES,NO,HIDALGO,2308 N. ABRAM ROAD,PALMVIEW,TX,78572,ec962e57112d6600b4deec292eaee5e0620e70b5413eea71d52078a3c4dcba8f,https://apps.hhs.texas.gov/providers/directories/DAHS.xlsx,2026-09-30T19:14:29.766735+00:00,2026-09-29,,NO,94027f43bf5f03f186b0e4fed2856d587917e914e7d6c46b0c22206c5d5ffd95
TH-ENRICH-TX-SENIOR-2026-09-30-IDR2,TX|HHSC|TX_DAHS|111614,TX_DAHS,111614,276,KAIROS ADULT DAY CARE CENTER LLC,DAHS,YES,NO,HIDALGO,2200 W. PALMA VISTA DRIVE,PALMVIEW,TX,78572,ec962e57112d6600b4deec292eaee5e0620e70b5413eea71d52078a3c4dcba8f,https://apps.hhs.texas.gov/providers/directories/DAHS.xlsx,2026-09-30T19:14:29.766735+00:00,2026-09-29,,NO,5b07c9b81ba274afd8ff575a3e28151d3d469f8ba31b8a51de3c84f511e2b940
TH-ENRICH-TX-SENIOR-2026-09-30-IDR2,TX|HHSC|TX_DAHS|110686,TX_DAHS,110686,277,LA TRINIDAD ADULT DAY CARE LLC,DAHS,YES,NO,HIDALGO,1304 W VETERANS BLVD,PALMVIEW,TEXAS,78572-8115,ec962e57112d6600b4deec292eaee5e0620e70b5413eea71d52078a3c4dcba8f,https://apps.hhs.texas.gov/providers/directories/DAHS.xlsx,2026-09-30T19:14:29.766735+00:00,2026-09-29,,NO,3e18b7fb9153d15f86d0c2dcedd5edb49fe77d5ef55fa700e76483317dc7f694
TH-ENRICH-TX-SENIOR-2026-09-30-IDR2,TX|HHSC|TX_DAHS|112046,TX_DAHS,112046,278,LOS ATRIOS ADULT DAY CARE LLC,DAHS,YES,NO,HIDALGO,1008 W BUSINESS HIGHWAY 83,PALMVIEW,TEXAS,78572,ec962e57112d6600b4deec292eaee5e0620e70b5413eea71d52078a3c4dcba8f,https://apps.hhs.texas.gov/providers/directories/DAHS.xlsx,2026-09-30T19:14:29.766735+00:00,2026-09-29,,NO,91d95ab1df611682a2507d1a909cefe8c915113bc505930e68060e8b7802da1e
TH-ENRICH-TX-SENIOR-2026-09-30-IDR2,TX|HHSC|TX_DAHS|104720,TX_DAHS,104720,279,"MI ILUSION, LLC",DAHS,YES,NO,HIDALGO,3421 WEST PALMA VISTA DR,PALMVIEW,TX,78572,ec962e57112d6600b4deec292eaee5e0620e70b5413eea71d52078a3c4dcba8f,https://apps.hhs.texas.gov/providers/directories/DAHS.xlsx,2026-09-30T19:14:29.766735+00:00,2026-09-29,,NO,9a7e92f548859d3155a8588d1ef08819ade43cd7d05b791fe538f342f02e9f92
TH-ENRICH-TX-SENIOR-2026-09-30-IDR2,TX|HHSC|TX_DAHS|003051,TX_DAHS,003051,280,MI JARDIN ADULT DAY CARE CENTER 1,DAHS,YES,NO,HIDALGO,614 W PALMA VISTA DR,PALMVIEW,TX,78572,ec962e57112d6600b4deec292eaee5e0620e70b5413eea71d52078a3c4dcba8f,https://apps.hhs.texas.gov/providers/directories/DAHS.xlsx,2026-09-30T19:14:29.766735+00:00,2026-09-29,,NO,d06a5279ab8d7cdc054ad53ef3808cdee70fd2af7676ffad0766c4645ceadf2e
TH-ENRICH-TX-SENIOR-2026-09-30-IDR2,TX|HHSC|TX_DAHS|111616,TX_DAHS,111616,281,THE NEW 3RD HEAVEN ADULT DAY CARE LLC,DAHS,YES,NO,HIDALGO,205 W VETERANS BLVD,PALMVIEW,TEXAS,78572,ec962e57112d6600b4deec292eaee5e0620e70b5413eea71d52078a3c4dcba8f,https://apps.hhs.texas.gov/providers/directories/DAHS.xlsx,2026-09-30T19:14:29.766735+00:00,2026-09-29,,NO,b3e40791ea4803de8fcfe4827c0a0330f126cdcbc801090d3fd304c55cf67cfd
TH-ENRICH-TX-SENIOR-2026-09-30-IDR2,TX|HHSC|TX_DAHS|103614,TX_DAHS,103614,282,EL SINAI ADULT DAY CARE INC,DAHS,YES,NO,HIDALGO,1516 ARBOLEDAS DR,PENITAS,TX,78576,ec962e57112d6600b4deec292eaee5e0620e70b5413eea71d52078a3c4dcba8f,https://apps.hhs.texas.gov/providers/directories/DAHS.xlsx,2026-09-30T19:14:29.766735+00:00,2026-09-29,,NO,757ff6d8c3d83f43362b910258dad214f352b417cd8f0508eb5b1e4bb081522c
TH-ENRICH-TX-SENIOR-2026-09-30-IDR2,TX|HHSC|TX_DAHS|111693,TX_DAHS,111693,283,EPOCA DE ORO ADULT DAY CARE #3,DAHS,YES,NO,HIDALGO,"2308 EXPRESSWAY 83, SUITE D & E",PENITAS,TX,78576,ec962e57112d6600b4deec292eaee5e0620e70b5413eea71d52078a3c4dcba8f,https://apps.hhs.texas.gov/providers/directories/DAHS.xlsx,2026-09-30T19:14:29.766735+00:00,2026-09-29,,NO,db35e811e0be6ee4dee99122718856ed5e15986c6529238a826c6d10584519a6
TH-ENRICH-TX-SENIOR-2026-09-30-IDR2,TX|HHSC|TX_DAHS|104522,TX_DAHS,104522,284,IDOLINA'S ADULT DAY CARE LLC,DAHS,YES,NO,HIDALGO,38615 W MILE 7 RD STE. 1,PENITAS,TX,78576,ec962e57112d6600b4deec292eaee5e0620e70b5413eea71d52078a3c4dcba8f,https://apps.hhs.texas.gov/providers/directories/DAHS.xlsx,2026-09-30T19:14:29.766735+00:00,2026-09-29,,NO,a9f84fc6c8a31caa8f6d45c63839cfe00879f5ce69a397dbd0c7505734b314cd
TH-ENRICH-TX-SENIOR-2026-09-30-IDR2,TX|HHSC|TX_DAHS|003326,TX_DAHS,003326,285,"AMISTAD HEALTH SERVICES, INC",DAHS,YES,NO,HIDALGO,1008 W FERGUSON,PHARR,TX,78577,ec962e57112d6600b4deec292eaee5e0620e70b5413eea71d52078a3c4dcba8f,https://apps.hhs.texas.gov/providers/directories/DAHS.xlsx,2026-09-30T19:14:29.766735+00:00,2026-09-29,,NO,165e7a403984d2ed364a8ad012453fe7c0b6a5dd1a7128ef573798996edf7ce5
TH-ENRICH-TX-SENIOR-2026-09-30-IDR2,TX|HHSC|TX_DAHS|101368,TX_DAHS,101368,286,EDINBURG ADULT DAY CARE,DAHS,YES,NO,HIDALGO,1307 W FERGUSON ST,PHARR,TX,78577,ec962e57112d6600b4deec292eaee5e0620e70b5413eea71d52078a3c4dcba8f,https://apps.hhs.texas.gov/providers/directories/DAHS.xlsx,2026-09-30T19:14:29.766735+00:00,2026-09-29,,NO,b36abc80af1f375dd9dcdea92da17b3932ebc6355a0e55682c5f74fe4469042b
TH-ENRICH-TX-SENIOR-2026-09-30-IDR2,TX|HHSC|TX_DAHS|103947,TX_DAHS,103947,287,EL RANCHO GRANDE ADULT DAY CARE,DAHS,YES,NO,HIDALGO,2711 S JACKSON RD,PHARR,TX,78577,ec962e57112d6600b4deec292eaee5e0620e70b5413eea71d52078a3c4dcba8f,https://apps.hhs.texas.gov/providers/directories/DAHS.xlsx,2026-09-30T19:14:29.766735+00:00,2026-09-29,,NO,3be6ecfd0b2d0f3c2878030e8a065b54c5d9a6105b410de09c8d9576547c5d7f
TH-ENRICH-TX-SENIOR-2026-09-30-IDR2,TX|HHSC|TX_DAHS|102900,TX_DAHS,102900,288,FUENTE DE JUVENTUD ADULT DAY CARE,DAHS,YES,NO,HIDALGO,"1138 E INTERSTATE 2, STE E",PHARR,TX,78577,ec962e57112d6600b4deec292eaee5e0620e70b5413eea71d52078a3c4dcba8f,https://apps.hhs.texas.gov/providers/directories/DAHS.xlsx,2026-09-30T19:14:29.766735+00:00,2026-09-29,,NO,76aa1861cbd34167065bc73dbcbec99b551436972dfbc6dad156eed5600f6e23
TH-ENRICH-TX-SENIOR-2026-09-30-IDR2,TX|HHSC|TX_DAHS|003014,TX_DAHS,003014,289,HELPING HANDS ADULT DAY CARE,DAHS,YES,NO,HIDALGO,601 S CAGE BLVD,PHARR,TX,78577,ec962e57112d6600b4deec292eaee5e0620e70b5413eea71d52078a3c4dcba8f,https://apps.hhs.texas.gov/providers/directories/DAHS.xlsx,2026-09-30T19:14:29.766735+00:00,2026-09-29,,NO,10aad1043b1c66e2b06073d53a4cc501c37d6854b9f3bbc0071f3408f8f6cfef
TH-ENRICH-TX-SENIOR-2026-09-30-IDR2,TX|HHSC|TX_DAHS|110414,TX_DAHS,110414,290,LA CASA FELIZ,DAHS,YES,NO,HIDALGO,803 S ATHOL ST,PHARR,TEXAS,78577,ec962e57112d6600b4deec292eaee5e0620e70b5413eea71d52078a3c4dcba8f,https://apps.hhs.texas.gov/providers/directories/DAHS.xlsx,2026-09-30T19:14:29.766735+00:00,2026-09-29,,NO,3ec522df131f1dcd0b95e3fa58ecbb26eb4fa6bb90191db8c16886e8ba986d81
TH-ENRICH-TX-SENIOR-2026-09-30-IDR2,TX|HHSC|TX_DAHS|101952,TX_DAHS,101952,291,LAHS INC,DAHS,YES,NO,HIDALGO,105 E INTERSTATE 2 STE B,PHARR,TX,78577,ec962e57112d6600b4deec292eaee5e0620e70b5413eea71d52078a3c4dcba8f,https://apps.hhs.texas.gov/providers/directories/DAHS.xlsx,2026-09-30T19:14:29.766735+00:00,2026-09-29,,NO,ecd932cc954603f791c2fd113d5cebc16587296e992779d91f190f3495b37ed8
TH-ENRICH-TX-SENIOR-2026-09-30-IDR2,TX|HHSC|TX_DAHS|003403,TX_DAHS,003403,292,LAS MILPAS ADULT DAY CARE INC,DAHS,YES,NO,HIDALGO,6901 S CAGE STE A & B,PHARR,TX,78577,ec962e57112d6600b4deec292eaee5e0620e70b5413eea71d52078a3c4dcba8f,https://apps.hhs.texas.gov/providers/directories/DAHS.xlsx,2026-09-30T19:14:29.766735+00:00,2026-09-29,,NO,7c81be60614ab477327e8185ca0520401dd0098444ba29732fd11b995134b45a
TH-ENRICH-TX-SENIOR-2026-09-30-IDR2,TX|HHSC|TX_DAHS|102104,TX_DAHS,102104,293,MI CASITA ADULT DAY CARE,DAHS,YES,NO,HIDALGO,216 N CAGE BLVD,PHARR,TX,78577,ec962e57112d6600b4deec292eaee5e0620e70b5413eea71d52078a3c4dcba8f,https://apps.hhs.texas.gov/providers/directories/DAHS.xlsx,2026-09-30T19:14:29.766735+00:00,2026-09-29,,NO,83f53729c8f90acf7c0c18fa9f4f7de1b2a31ad9347736750d02596c05f422e6
TH-ENRICH-TX-SENIOR-2026-09-30-IDR2,TX|HHSC|TX_DAHS|103129,TX_DAHS,103129,294,MI REPOSO ADULT DAY CARE INC,DAHS,YES,NO,HIDALGO,"912 E NOLANA LOOP, SUITE W",PHARR,TX,78577,ec962e57112d6600b4deec292eaee5e0620e70b5413eea71d52078a3c4dcba8f,https://apps.hhs.texas.gov/providers/directories/DAHS.xlsx,2026-09-30T19:14:29.766735+00:00,2026-09-29,,NO,e4da7aa043a98f581344bacde2dd3d5494c625f496bc0cc5583b4a3fad4ed733
TH-ENRICH-TX-SENIOR-2026-09-30-IDR2,TX|HHSC|TX_DAHS|101966,TX_DAHS,101966,295,MIS ABUELITOS ADULT DAY CARE CENTER,DAHS,YES,NO,HIDALGO,"5300 N ATHOL STREET SUITE B,C,D,E",PHARR,TX,78577,ec962e57112d6600b4deec292eaee5e0620e70b5413eea71d52078a3c4dcba8f,https://apps.hhs.texas.gov/providers/directories/DAHS.xlsx,2026-09-30T19:14:29.766735+00:00,2026-09-29,,NO,337af165dd3e122b94c1519ae7139db84b56640d7d6537f4b713afbd00cc652f
TH-ENRICH-TX-SENIOR-2026-09-30-IDR2,TX|HHSC|TX_DAHS|105306,TX_DAHS,105306,296,MY MORNING STAR ADULT DAY CARE LLC,DAHS,YES,NO,HIDALGO,300 E. NOLANA LOOP SUITE E,PHARR,TX,78577,ec962e57112d6600b4deec292eaee5e0620e70b5413eea71d52078a3c4dcba8f,https://apps.hhs.texas.gov/providers/directories/DAHS.xlsx,2026-09-30T19:14:29.766735+00:00,2026-09-29,,NO,c159c80a65a4b64ef1b58bbc4baf4f2c494eda5012e8346647c0921074a07368
TH-ENRICH-TX-SENIOR-2026-09-30-IDR2,TX|HHSC|TX_DAHS|111754,TX_DAHS,111754,297,NEW LIFE ADULT DAY CARE 4,DAHS,YES,NO,HIDALGO,1305 EAST JUAREZ AVENUE,PHARR,TEXAS,78577,ec962e57112d6600b4deec292eaee5e0620e70b5413eea71d52078a3c4dcba8f,https://apps.hhs.texas.gov/providers/directories/DAHS.xlsx,2026-09-30T19:14:29.766735+00:00,2026-09-29,,NO,05f2de784c18c23b11204c39e150dd9c372645c783e973b3d945a88f759521de
TH-ENRICH-TX-SENIOR-2026-09-30-IDR2,TX|HHSC|TX_DAHS|050557,TX_DAHS,050557,298,NUESTRA FAMILIA FELIZ ADULT DAY CARE CENTER INC,DAHS,YES,NO,HIDALGO,801 S FLAG ST,PHARR,TX,78577,ec962e57112d6600b4deec292eaee5e0620e70b5413eea71d52078a3c4dcba8f,https://apps.hhs.texas.gov/providers/directories/DAHS.xlsx,2026-09-30T19:14:29.766735+00:00,2026-09-29,,NO,c2fbe1378a8cc8c57fa6e9567dbcd28054cccadfdaacab6b22232668b360fbf8
TH-ENRICH-TX-SENIOR-2026-09-30-IDR2,TX|HHSC|TX_DAHS|102855,TX_DAHS,102855,299,NUEVO AMANECER DAY ACTIVITY AND HEALTH SERVICES,DAHS,YES,NO,HIDALGO,5224 N CAGE STE 1,PHARR,TX,78577,ec962e57112d6600b4deec292eaee5e0620e70b5413eea71d52078a3c4dcba8f,https://apps.hhs.texas.gov/providers/directories/DAHS.xlsx,2026-09-30T19:14:29.766735+00:00,2026-09-29,,NO,2722abfd253397f6a8a6f615d0866dd182fde8a38de32b37172d7abb37f63e45
TH-ENRICH-TX-SENIOR-2026-09-30-IDR2,TX|HHSC|TX_DAHS|102178,TX_DAHS,102178,300,ST MICHAELS ADULT DAY CARE LLC,DAHS,YES,NO,HIDALGO,920 W STATE AVE,PHARR,TX,78577,ec962e57112d6600b4deec292eaee5e0620e70b5413eea71d52078a3c4dcba8f,https://apps.hhs.texas.gov/providers/directories/DAHS.xlsx,2026-09-30T19:14:29.766735+00:00,2026-09-29,,NO,3d65ffa588818e4442e88e2ecf080cf57966a7382bd596af8204347f139b3316
TH-ENRICH-TX-SENIOR-2026-09-30-IDR2,TX|HHSC|TX_DAHS|003334,TX_DAHS,003334,301,AMIGOS DEL PROGRESO ADULT DAY CARE,DAHS,YES,NO,HIDALGO,515 NORTH FM 1015,PROGRESO,TX,78579,ec962e57112d6600b4deec292eaee5e0620e70b5413eea71d52078a3c4dcba8f,https://apps.hhs.texas.gov/providers/directories/DAHS.xlsx,2026-09-30T19:14:29.766735+00:00,2026-09-29,,NO,733ab59e5d3a435da04040381d1296a4c984e3d647821bea0f4d3629eb18cbdb
TH-ENRICH-TX-SENIOR-2026-09-30-IDR2,TX|HHSC|TX_DAHS|112004,TX_DAHS,112004,302,CIELO AZUL LLC,DAHS,YES,NO,HIDALGO,40875 S FM 1015,PROGRESO,TX,78579,ec962e57112d6600b4deec292eaee5e0620e70b5413eea71d52078a3c4dcba8f,https://apps.hhs.texas.gov/providers/directories/DAHS.xlsx,2026-09-30T19:14:29.766735+00:00,2026-09-29,,NO,55123e5877ec3fceda5ce54e593d1c65a1061140a7259b422c40ec2746f1b0ab
TH-ENRICH-TX-SENIOR-2026-09-30-IDR2,TX|HHSC|TX_DAHS|102195,TX_DAHS,102195,303,EL RECREO ADULT DAY CARE,DAHS,YES,NO,HIDALGO,1618 N VETERANS BLVD SUITE F,SAN JUAN,TX,78589,ec962e57112d6600b4deec292eaee5e0620e70b5413eea71d52078a3c4dcba8f,https://apps.hhs.texas.gov/providers/directories/DAHS.xlsx,2026-09-30T19:14:29.766735+00:00,2026-09-29,,NO,8a2e58360d1e5a286fa553f7f995aab17690a680532cd45d41c169a319471f07
TH-ENRICH-TX-SENIOR-2026-09-30-IDR2,TX|HHSC|TX_DAHS|100185,TX_DAHS,100185,304,ESTAMOS UNIDOS ADULT DAY CARE LLC,DAHS,YES,NO,HIDALGO,2109 N RAUL LONGORIA RD,SAN JUAN,TX,78589,ec962e57112d6600b4deec292eaee5e0620e70b5413eea71d52078a3c4dcba8f,https://apps.hhs.texas.gov/providers/directories/DAHS.xlsx,2026-09-30T19:14:29.766735+00:00,2026-09-29,,NO,ac92312a3f212d5e627bf8aabdf9a81634953456479a21cde6592f27de13debc
TH-ENRICH-TX-SENIOR-2026-09-30-IDR2,TX|HHSC|TX_DAHS|111651,TX_DAHS,111651,305,LOS ENCINOS ADULT DAY CARE INC,DAHS,YES,NO,HIDALGO,130 E US HWY 83,SAN JUAN,TX,78589,ec962e57112d6600b4deec292eaee5e0620e70b5413eea71d52078a3c4dcba8f,https://apps.hhs.texas.gov/providers/directories/DAHS.xlsx,2026-09-30T19:14:29.766735+00:00,2026-09-29,,NO,72e90326a55640eda07293eab75ba9ffbd3238d17de8a2ef75366c7a18dcf299
TH-ENRICH-TX-SENIOR-2026-09-30-IDR2,TX|HHSC|TX_DAHS|105103,TX_DAHS,105103,306,MEJOR VIDA ADULT DAY CARE  LLC,DAHS,YES,NO,HIDALGO,1209 E FARM TO MARKET RD 495,SAN JUAN,TX,78589,ec962e57112d6600b4deec292eaee5e0620e70b5413eea71d52078a3c4dcba8f,https://apps.hhs.texas.gov/providers/directories/DAHS.xlsx,2026-09-30T19:14:29.766735+00:00,2026-09-29,,NO,657b8a0dba920ee23e56e58c475179c0c63470cb646d0bd7977f2acf8370a0ce
TH-ENRICH-TX-SENIOR-2026-09-30-IDR2,TX|HHSC|TX_DAHS|103453,TX_DAHS,103453,307,MI HACIENDA ADULT DAYCARE LLC,DAHS,YES,NO,HIDALGO,4011 N. VERTERANS BLVD,SAN JUAN,TX,78589,ec962e57112d6600b4deec292eaee5e0620e70b5413eea71d52078a3c4dcba8f,https://apps.hhs.texas.gov/providers/directories/DAHS.xlsx,2026-09-30T19:14:29.766735+00:00,2026-09-29,,NO,b351504a76d95e73eeaf7eb00885d4b646237ff18dad6a4a9a31cf69d4f4a4eb
TH-ENRICH-TX-SENIOR-2026-09-30-IDR2,TX|HHSC|TX_DAHS|003467,TX_DAHS,003467,308,RAINBOW ADULT DAY CARE INC,DAHS,YES,NO,HIDALGO,618 S KANSAS,SAN JUAN,TX,78589,ec962e57112d6600b4deec292eaee5e0620e70b5413eea71d52078a3c4dcba8f,https://apps.hhs.texas.gov/providers/directories/DAHS.xlsx,2026-09-30T19:14:29.766735+00:00,2026-09-29,,NO,866a71e5bc5ca53ac631729c3cadc9547b17f7ac64d9809b7db67430001b7c31
TH-ENRICH-TX-SENIOR-2026-09-30-IDR2,TX|HHSC|TX_DAHS|102804,TX_DAHS,102804,309,TIERRA SANTA ADULT DAYCARE,DAHS,YES,NO,HIDALGO,508 SOUTH STANDARD ST,SAN JUAN,TX,78589,ec962e57112d6600b4deec292eaee5e0620e70b5413eea71d52078a3c4dcba8f,https://apps.hhs.texas.gov/providers/directories/DAHS.xlsx,2026-09-30T19:14:29.766735+00:00,2026-09-29,,NO,e2a88d67c695ace7874dfeff220dd681c783cce9f171e91f4857c7eb3acb69ad
TH-ENRICH-TX-SENIOR-2026-09-30-IDR2,TX|HHSC|TX_DAHS|102012,TX_DAHS,102012,310,COMPASSION ADULT DAY CARE,DAHS,YES,NO,HIDALGO,211 E EXP 83 STE A B C,SULLIVAN CITY,TX,78595,ec962e57112d6600b4deec292eaee5e0620e70b5413eea71d52078a3c4dcba8f,https://apps.hhs.texas.gov/providers/directories/DAHS.xlsx,2026-09-30T19:14:29.766735+00:00,2026-09-29,,NO,57bf5d6c8085003db3c556f1a70a35fcf9ae288f570ed07520c56ca4af7a4f45
TH-ENRICH-TX-SENIOR-2026-09-30-IDR2,TX|HHSC|TX_DAHS|003055,TX_DAHS,003055,311,LA FUENTE ADULT DAY CARE CENTER,DAHS,YES,NO,HIDALGO,1285 W EXPY 83,SULLIVAN CITY,TX,78595,ec962e57112d6600b4deec292eaee5e0620e70b5413eea71d52078a3c4dcba8f,https://apps.hhs.texas.gov/providers/directories/DAHS.xlsx,2026-09-30T19:14:29.766735+00:00,2026-09-29,,NO,68e1407c4e9e9471c4a9382913a62b7316ab089b2a547fd5646a4ac71b282a68
TH-ENRICH-TX-SENIOR-2026-09-30-IDR2,TX|HHSC|TX_DAHS|110173,TX_DAHS,110173,312,BESOS Y CARICIAS ADULT DAY CARE  LLC,DAHS,YES,NO,HIDALGO,515 E. PIKE SUITE D,WESLACO,TEXAS,78596,ec962e57112d6600b4deec292eaee5e0620e70b5413eea71d52078a3c4dcba8f,https://apps.hhs.texas.gov/providers/directories/DAHS.xlsx,2026-09-30T19:14:29.766735+00:00,2026-09-29,,NO,d52009adcb37be9da3615320b8c6e06843d4e6f6639c5df2b6368d296c5c3080
TH-ENRICH-TX-SENIOR-2026-09-30-IDR2,TX|HHSC|TX_DAHS|111439,TX_DAHS,111439,313,COASTAL FAMILY CARE LLC,DAHS,YES,NO,HIDALGO,1000 S. TEXAS BLVD.,WESLACO,TEXAS,78596,ec962e57112d6600b4deec292eaee5e0620e70b5413eea71d52078a3c4dcba8f,https://apps.hhs.texas.gov/providers/directories/DAHS.xlsx,2026-09-30T19:14:29.766735+00:00,2026-09-29,,NO,0f5212310403a99a015836ae65d92e330f8101a84080ac0099445cbd3e5351a3
TH-ENRICH-TX-SENIOR-2026-09-30-IDR2,TX|HHSC|TX_DAHS|102543,TX_DAHS,102543,314,EL CLUB ADULT DAY CARE,DAHS,YES,NO,HIDALGO,501 N WESTGATE DR,WESLACO,TX,78596,ec962e57112d6600b4deec292eaee5e0620e70b5413eea71d52078a3c4dcba8f,https://apps.hhs.texas.gov/providers/directories/DAHS.xlsx,2026-09-30T19:14:29.766735+00:00,2026-09-29,,NO,7509e6fa5affdb6c00d469fd9d043d06a5a1755e68916631c331a42a30babf78
TH-ENRICH-TX-SENIOR-2026-09-30-IDR2,TX|HHSC|TX_DAHS|003399,TX_DAHS,003399,315,LA POSADA II,DAHS,YES,NO,HIDALGO,159 S TEXAS BLVD.,WESLACO,TX,78596,ec962e57112d6600b4deec292eaee5e0620e70b5413eea71d52078a3c4dcba8f,https://apps.hhs.texas.gov/providers/directories/DAHS.xlsx,2026-09-30T19:14:29.766735+00:00,2026-09-29,,NO,393f5a8489f3f6d1e0ab316c45979bc405ef5898728360565aa0fb5fb33889f4
TH-ENRICH-TX-SENIOR-2026-09-30-IDR2,TX|HHSC|TX_DAHS|110345,TX_DAHS,110345,316,LA POSADA III,DAHS,YES,NO,HIDALGO,1320 N. DOLORES HUERTA AVE.,WESLACO,TEXAS,78596,ec962e57112d6600b4deec292eaee5e0620e70b5413eea71d52078a3c4dcba8f,https://apps.hhs.texas.gov/providers/directories/DAHS.xlsx,2026-09-30T19:14:29.766735+00:00,2026-09-29,,NO,b22a6ad23e55f1c68d990746541dc223363faa5d64697d57bb53ba98ef3eaa99
TH-ENRICH-TX-SENIOR-2026-09-30-IDR2,TX|HHSC|TX_DAHS|101513,TX_DAHS,101513,317,MI HACIENDA ADULT DAY CARE CENTER,DAHS,YES,NO,HIDALGO,2917 N WESTGATE DR,WESLACO,TX,78599,ec962e57112d6600b4deec292eaee5e0620e70b5413eea71d52078a3c4dcba8f,https://apps.hhs.texas.gov/providers/directories/DAHS.xlsx,2026-09-30T19:14:29.766735+00:00,2026-09-29,,NO,467b0a4d046519bb8720003010c5ebf51b7209435d355539da876c422a8086bb
TH-ENRICH-TX-SENIOR-2026-09-30-IDR2,TX|HHSC|TX_DAHS|003340,TX_DAHS,003340,318,MI PUEBLITO DE BELEN,DAHS,YES,NO,HIDALGO,723 S AIRPORT DR,WESLACO,TX,78596,ec962e57112d6600b4deec292eaee5e0620e70b5413eea71d52078a3c4dcba8f,https://apps.hhs.texas.gov/providers/directories/DAHS.xlsx,2026-09-30T19:14:29.766735+00:00,2026-09-29,,NO,df196eef7dc90b28c0df702e90450af4f8bbaeef788ebfbf35f13e2f7d4362a3
TH-ENRICH-TX-SENIOR-2026-09-30-IDR2,TX|HHSC|TX_DAHS|100679,TX_DAHS,100679,319,MI RANCHITO ADULT DAY CARE,DAHS,YES,NO,HIDALGO,337 E MILE 14-1/2 N,WESLACO,TX,78599,ec962e57112d6600b4deec292eaee5e0620e70b5413eea71d52078a3c4dcba8f,https://apps.hhs.texas.gov/providers/directories/DAHS.xlsx,2026-09-30T19:14:29.766735+00:00,2026-09-29,,NO,31c82d0e747c253ebed4fb80e2bfbdb3f749943cc0f95f9aa1e0228e7f6d4253
TH-ENRICH-TX-SENIOR-2026-09-30-IDR2,TX|HHSC|TX_DAHS|003224,TX_DAHS,003224,320,MIS AMIGOS DE WESLACO ADULT DAY CARE CENTER,DAHS,YES,NO,HIDALGO,707 ANGELITA DR,WESLACO,TX,78596,ec962e57112d6600b4deec292eaee5e0620e70b5413eea71d52078a3c4dcba8f,https://apps.hhs.texas.gov/providers/directories/DAHS.xlsx,2026-09-30T19:14:29.766735+00:00,2026-09-29,,NO,56d38c489d222d0883456e82172c7adb4846fe3834ada006c554042322626059
TH-ENRICH-TX-SENIOR-2026-09-30-IDR2,TX|HHSC|TX_DAHS|102665,TX_DAHS,102665,321,NUESTRA FAMILIA ADULT DAY CARE INC,DAHS,YES,NO,HIDALGO,621 E BUSINESS 83,WESLACO,TX,78596,ec962e57112d6600b4deec292eaee5e0620e70b5413eea71d52078a3c4dcba8f,https://apps.hhs.texas.gov/providers/directories/DAHS.xlsx,2026-09-30T19:14:29.766735+00:00,2026-09-29,,NO,cdce70ba2b0f19fd68f270efa8b69508f010a5442d1ae9d3e76a52a90d92d234
TH-ENRICH-TX-SENIOR-2026-09-30-IDR2,TX|HHSC|TX_DAHS|103949,TX_DAHS,103949,322,NUESTRA FAMILIA ADULT DAY CARE INC,DAHS,YES,NO,HIDALGO,1000 S. UTAH,WESLACO,TX,78596,ec962e57112d6600b4deec292eaee5e0620e70b5413eea71d52078a3c4dcba8f,https://apps.hhs.texas.gov/providers/directories/DAHS.xlsx,2026-09-30T19:14:29.766735+00:00,2026-09-29,,NO,f86f06cb104be681eb12f0952efc908d5da23cf2856a237144960a1c2725ce0e
TH-ENRICH-TX-SENIOR-2026-09-30-IDR2,TX|HHSC|TX_DAHS|105043,TX_DAHS,105043,323,NUESTRA FAMILIA ADULT DAY CARE INC,DAHS,YES,NO,HIDALGO,"1005 E. 10TH ST., SUITE C",WESLACO,TX,78596,ec962e57112d6600b4deec292eaee5e0620e70b5413eea71d52078a3c4dcba8f,https://apps.hhs.texas.gov/providers/directories/DAHS.xlsx,2026-09-30T19:14:29.766735+00:00,2026-09-29,,NO,69dd25e1a377e33967b063ed72ad48a4bff8f59e0bd90ea082f0e7fe4e663358
TH-ENRICH-TX-SENIOR-2026-09-30-IDR2,TX|HHSC|TX_DAHS|003321,TX_DAHS,003321,324,NUESTRA FAMILIA ADULT DAY CARE INC,DAHS,YES,NO,HIDALGO,1010 SOUTH UTAH AVE,WESLACO,TX,78596,ec962e57112d6600b4deec292eaee5e0620e70b5413eea71d52078a3c4dcba8f,https://apps.hhs.texas.gov/providers/directories/DAHS.xlsx,2026-09-30T19:14:29.766735+00:00,2026-09-29,,NO,24011dafd6d36731c50fe90c807848c7edf194617c4e47352addad377da4d518
TH-ENRICH-TX-SENIOR-2026-09-30-IDR2,TX|HHSC|TX_DAHS|105855,TX_DAHS,105855,325,"NUESTRA FAMILIA ADULT DAY CARE, INC",DAHS,YES,NO,HIDALGO,602 E. 6TH ST.,WESLACO,TX,78596,ec962e57112d6600b4deec292eaee5e0620e70b5413eea71d52078a3c4dcba8f,https://apps.hhs.texas.gov/providers/directories/DAHS.xlsx,2026-09-30T19:14:29.766735+00:00,2026-09-29,,NO,7a4cb3af82b6249ee0e847eb2b1ca66836fc911746eb32410dc6708245c6fd03
TH-ENRICH-TX-SENIOR-2026-09-30-IDR2,TX|HHSC|TX_DAHS|103667,TX_DAHS,103667,326,SU CASA ADULT DAY CARE II,DAHS,YES,NO,HIDALGO,318 W RAILROAD ST,WESLACO,TX,78596,ec962e57112d6600b4deec292eaee5e0620e70b5413eea71d52078a3c4dcba8f,https://apps.hhs.texas.gov/providers/directories/DAHS.xlsx,2026-09-30T19:14:29.766735+00:00,2026-09-29,,NO,069b59c5ab8bf80960e0690ce9c30073ced480f3385a9e77e7920051fdc3d6fe
TH-ENRICH-TX-SENIOR-2026-09-30-IDR2,TX|HHSC|TX_DAHS|003218,TX_DAHS,003218,327,CASA REAL I,DAHS,YES,NO,JIM WELLS,1300 WYOMING ST,ALICE,TX,78332,ec962e57112d6600b4deec292eaee5e0620e70b5413eea71d52078a3c4dcba8f,https://apps.hhs.texas.gov/providers/directories/DAHS.xlsx,2026-09-30T19:14:29.766735+00:00,2026-09-29,,NO,da4d5f885646d4579eadf583e7ea76dc4153001482dc9614f33f37ff487f8ec8
TH-ENRICH-TX-SENIOR-2026-09-30-IDR2,TX|HHSC|TX_DAHS|107242,TX_DAHS,107242,328,FIRST CLASS ACTIVITY CENTER LLC,DAHS,YES,NO,JIM WELLS,"308 E. 2ND STREET, STE A",ALICE,TX,78332,ec962e57112d6600b4deec292eaee5e0620e70b5413eea71d52078a3c4dcba8f,https://apps.hhs.texas.gov/providers/directories/DAHS.xlsx,2026-09-30T19:14:29.766735+00:00,2026-09-29,,NO,6281714333e714ddd66759776e570bd9f1eb531d186dfdecf6a77f59c0045acb
TH-ENRICH-TX-SENIOR-2026-09-30-IDR2,TX|HHSC|TX_DAHS|111564,TX_DAHS,111564,329,"SUPERIOR ADULT CARE SERVICES, INC",DAHS-ISS,YES,NO,KAUFMAN,500 EAST HIGH STREET,TERRELL,TX,75160,ec962e57112d6600b4deec292eaee5e0620e70b5413eea71d52078a3c4dcba8f,https://apps.hhs.texas.gov/providers/directories/DAHS.xlsx,2026-09-30T19:14:29.766735+00:00,2026-09-29,,NO,23f53093864db3641426241d91f8cffca9befd4163327b9a16d5bd834d9caaf8
TH-ENRICH-TX-SENIOR-2026-09-30-IDR2,TX|HHSC|TX_DAHS|111359,TX_DAHS,111359,330,VIP ADULT DAY CARE,DAHS-ISS,YES,NO,KLEBERG,1212 N 14TH ST,KINGSVILLE,TEXAS,78363,ec962e57112d6600b4deec292eaee5e0620e70b5413eea71d52078a3c4dcba8f,https://apps.hhs.texas.gov/providers/directories/DAHS.xlsx,2026-09-30T19:14:29.766735+00:00,2026-09-29,,NO,136e1fe83a90f61837567055b15d7d4959cbb8f11625900b9372792fa4a3f394
TH-ENRICH-TX-SENIOR-2026-09-30-IDR2,TX|HHSC|TX_DAHS|101770,TX_DAHS,101770,331,LIGHTWAY HEALTH SERVICES,DAHS,YES,NO,LIBERTY,807 E. HANSON STREET,CLEVELAND,TX,77327,ec962e57112d6600b4deec292eaee5e0620e70b5413eea71d52078a3c4dcba8f,https://apps.hhs.texas.gov/providers/directories/DAHS.xlsx,2026-09-30T19:14:29.766735+00:00,2026-09-29,,NO,e7239fc9e5d55558d285bfaf53983e09b035b4609184d9064ed867cc27a6787c
TH-ENRICH-TX-SENIOR-2026-09-30-IDR2,TX|HHSC|TX_DAHS|111367,TX_DAHS,111367,332,FOUNTAIN OF LIFE ADULT ACTIVITY CENTER #1,DAHS-ISS,YES,NO,LUBBOCK,1720 PARKWAY DR,LUBBOCK,TEXAS,79403,ec962e57112d6600b4deec292eaee5e0620e70b5413eea71d52078a3c4dcba8f,https://apps.hhs.texas.gov/providers/directories/DAHS.xlsx,2026-09-30T19:14:29.766735+00:00,2026-09-29,,NO,394344d08e2e89069e0b21f23b90ccf62517237f48d6f4809f4a84796f9d5477
TH-ENRICH-TX-SENIOR-2026-09-30-IDR2,TX|HHSC|TX_DAHS|104610,TX_DAHS,104610,333,FOUNTAIN OF LIFE ADULT ACTIVITY CENTER #1,DAHS,YES,NO,LUBBOCK,1720 PARKWAY DRIVE,LUBBOCK,TX,79403,ec962e57112d6600b4deec292eaee5e0620e70b5413eea71d52078a3c4dcba8f,https://apps.hhs.texas.gov/providers/directories/DAHS.xlsx,2026-09-30T19:14:29.766735+00:00,2026-09-29,,NO,45ee28776ac6b7cfab70346ef23ee412eed9726f5988c10ab11ce20c26e13eb9
TH-ENRICH-TX-SENIOR-2026-09-30-IDR2,TX|HHSC|TX_DAHS|111388,TX_DAHS,111388,334,LUBBOCK ADULT DAY CENTER,DAHS-ISS,YES,NO,LUBBOCK,3306 83RD ST,LUBBOCK,TEXAS,79423,ec962e57112d6600b4deec292eaee5e0620e70b5413eea71d52078a3c4dcba8f,https://apps.hhs.texas.gov/providers/directories/DAHS.xlsx,2026-09-30T19:14:29.766735+00:00,2026-09-29,,NO,dceaab5328e15b5eea47500c192a0edd7f614c1961885418333d430967c001cf
TH-ENRICH-TX-SENIOR-2026-09-30-IDR2,TX|HHSC|TX_DAHS|104074,TX_DAHS,104074,335,SILVER STAR HEALTH NETWORK,DAHS,YES,NO,LUBBOCK,4010 22ND STREET,LUBBOCK,TX,79410,ec962e57112d6600b4deec292eaee5e0620e70b5413eea71d52078a3c4dcba8f,https://apps.hhs.texas.gov/providers/directories/DAHS.xlsx,2026-09-30T19:14:29.766735+00:00,2026-09-29,,NO,40b8c6a6bed952eec31e2343df1eca60f3320bd9267c18e514aec78e9dd39fd7
TH-ENRICH-TX-SENIOR-2026-09-30-IDR2,TX|HHSC|TX_DAHS|105498,TX_DAHS,105498,336,BLANQUITA'S ADULT DAY CARE CENTER LLC,DAHS,YES,NO,MAVERICK,1537 SOUTH VETERANS BLVD.,EAGLE PASS,TX,78852,ec962e57112d6600b4deec292eaee5e0620e70b5413eea71d52078a3c4dcba8f,https://apps.hhs.texas.gov/providers/directories/DAHS.xlsx,2026-09-30T19:14:29.766735+00:00,2026-09-29,,NO,53dfd79c43b0159ba9d047cdd99027470310b3c7a791f1e36f6da3bf89b609e5
TH-ENRICH-TX-SENIOR-2026-09-30-IDR2,TX|HHSC|TX_DAHS|102162,TX_DAHS,102162,337,KEYWEST ADULT DAY CARE INC,DAHS,YES,NO,MAVERICK,2508 FOXPLACE DR,EAGLE PASS,TX,78852,ec962e57112d6600b4deec292eaee5e0620e70b5413eea71d52078a3c4dcba8f,https://apps.hhs.texas.gov/providers/directories/DAHS.xlsx,2026-09-30T19:14:29.766735+00:00,2026-09-29,,NO,f26fb984d2cd6dabaaa4ef40024483a4a9a4b988591039c0d92f842cac1e9212
TH-ENRICH-TX-SENIOR-2026-09-30-IDR2,TX|HHSC|TX_DAHS|102472,TX_DAHS,102472,338,"LA GUADALUPANA ADULT DAY CARE, INC",DAHS,YES,NO,MAVERICK,3407 CATHLEEN ST,EAGLE PASS,TX,78852,ec962e57112d6600b4deec292eaee5e0620e70b5413eea71d52078a3c4dcba8f,https://apps.hhs.texas.gov/providers/directories/DAHS.xlsx,2026-09-30T19:14:29.766735+00:00,2026-09-29,,NO,fbe18df967f2207be42d3d569e1106e37a9acf8c7850f0c500e44d985cddee81
TH-ENRICH-TX-SENIOR-2026-09-30-IDR2,TX|HHSC|TX_DAHS|003040,TX_DAHS,003040,339,"TLC ADULT DAY CARE CENTERS, INC",DAHS,YES,NO,MAVERICK,"735 N. PIERCE, STE. B.",EAGLE PASS,TX,78852-4012,ec962e57112d6600b4deec292eaee5e0620e70b5413eea71d52078a3c4dcba8f,https://apps.hhs.texas.gov/providers/directories/DAHS.xlsx,2026-09-30T19:14:29.766735+00:00,2026-09-29,,NO,b230d2241234b19fda9dcdb89574dc195d3604e260db7a348f3a41386ca90678
TH-ENRICH-TX-SENIOR-2026-09-30-IDR2,TX|HHSC|TX_DAHS|003318,TX_DAHS,003318,340,WILLOW CREEK ADULT DAY CARE,DAHS,YES,NO,MAVERICK,808 BIBB ST,EAGLE PASS,TX,78852,ec962e57112d6600b4deec292eaee5e0620e70b5413eea71d52078a3c4dcba8f,https://apps.hhs.texas.gov/providers/directories/DAHS.xlsx,2026-09-30T19:14:29.766735+00:00,2026-09-29,,NO,734b5a92daff058ba7bb6e2437c83f4b9a6c23345142504796e6e26eccbfa893
TH-ENRICH-TX-SENIOR-2026-09-30-IDR2,TX|HHSC|TX_DAHS|110330,TX_DAHS,110330,341,CENTRAL TEXAS HELPING HANDS,DAHS,YES,NO,MCLENNAN,105 TAMPICO,HEWITT,TX,76643,ec962e57112d6600b4deec292eaee5e0620e70b5413eea71d52078a3c4dcba8f,https://apps.hhs.texas.gov/providers/directories/DAHS.xlsx,2026-09-30T19:14:29.766735+00:00,2026-09-29,,NO,afebff9ae914609e022e447043ce04ea4b72a3878fe44671b59ec8b68ea6fea0
TH-ENRICH-TX-SENIOR-2026-09-30-IDR2,TX|HHSC|TX_DAHS|003354,TX_DAHS,003354,342,FRIENDS FOR LIFE,DAHS,YES,NO,MCLENNAN,5000 LAKEWOOD DR,WACO,TX,76710,ec962e57112d6600b4deec292eaee5e0620e70b5413eea71d52078a3c4dcba8f,https://apps.hhs.texas.gov/providers/directories/DAHS.xlsx,2026-09-30T19:14:29.766735+00:00,2026-09-29,,NO,61930f4d593d302938604eb16390d31424618a734b0c1542a69a8c1ce4690e22
TH-ENRICH-TX-SENIOR-2026-09-30-IDR2,TX|HHSC|TX_DAHS|105260,TX_DAHS,105260,343,SARAH CARE ADULT DAY CARE CENTERS OF THE WOODLANDS,DAHS,YES,NO,MONTGOMERY,157 NURSERY ROAD,THE WOODLANDS,TX,77380,ec962e57112d6600b4deec292eaee5e0620e70b5413eea71d52078a3c4dcba8f,https://apps.hhs.texas.gov/providers/directories/DAHS.xlsx,2026-09-30T19:14:29.766735+00:00,2026-09-29,,NO,d47aec4032d39019169bf67708dd1e00e83b9ccc43fbbd6488c0d904a0117388
TH-ENRICH-TX-SENIOR-2026-09-30-IDR2,TX|HHSC|TX_DAHS|101850,TX_DAHS,101850,344,CORPUS CHRISTI ADULT DAY CARE LTD,DAHS,YES,NO,NUECES,2020 GOLLIHAR ROAD,CORPUS CHRISTI,TX,78416,ec962e57112d6600b4deec292eaee5e0620e70b5413eea71d52078a3c4dcba8f,https://apps.hhs.texas.gov/providers/directories/DAHS.xlsx,2026-09-30T19:14:29.766735+00:00,2026-09-29,,NO,a5d322bededfb1719ef827b2830512c7b14c63b5d057f8fcd7bf16aa50a6de33
TH-ENRICH-TX-SENIOR-2026-09-30-IDR2,TX|HHSC|TX_DAHS|111387,TX_DAHS,111387,345,"CORPUS CHRISTI ADULT DAY CARE, LTD",DAHS-ISS,YES,NO,NUECES,2020 GOLLIHAR RD.,CORPUS CHRISTI,TEXAS,78416,ec962e57112d6600b4deec292eaee5e0620e70b5413eea71d52078a3c4dcba8f,https://apps.hhs.texas.gov/providers/directories/DAHS.xlsx,2026-09-30T19:14:29.766735+00:00,2026-09-29,,NO,00f53008e0f2c04c28e8acac6ca320851f79a3e6fd2ec8059d4f9b35a6ac558b
TH-ENRICH-TX-SENIOR-2026-09-30-IDR2,TX|HHSC|TX_DAHS|102627,TX_DAHS,102627,346,TEXAS ADULT DAY CARE  CORPUS CHRISTI,DAHS,YES,NO,NUECES,3529 MORGAN STREET,CORPUS CHRISTI,TX,78405,ec962e57112d6600b4deec292eaee5e0620e70b5413eea71d52078a3c4dcba8f,https://apps.hhs.texas.gov/providers/directories/DAHS.xlsx,2026-09-30T19:14:29.766735+00:00,2026-09-29,,NO,0330fc63f2f026ab203dfa0fdfd8265b065409479a695298018660804a53fd14
TH-ENRICH-TX-SENIOR-2026-09-30-IDR2,TX|HHSC|TX_DAHS|003308,TX_DAHS,003308,347,JAN WERNER ADULT DAY CARE CENTER,DAHS,YES,NO,RANDALL,3108 S FILLMORE,AMARILLO,TX,79110,ec962e57112d6600b4deec292eaee5e0620e70b5413eea71d52078a3c4dcba8f,https://apps.hhs.texas.gov/providers/directories/DAHS.xlsx,2026-09-30T19:14:29.766735+00:00,2026-09-29,,NO,78c6d983f7bb140105471b7c142ad92701be75951b9f179703dcfcce94a597d7
TH-ENRICH-TX-SENIOR-2026-09-30-IDR2,TX|HHSC|TX_DAHS|111799,TX_DAHS,111799,348,PURE HEALS ADULT MEDICAL COMPLEX,DAHS-ISS,YES,NO,RANDALL,201 WESTGATE PRKWY W A2,AMARILLO,TEXAS,79121,ec962e57112d6600b4deec292eaee5e0620e70b5413eea71d52078a3c4dcba8f,https://apps.hhs.texas.gov/providers/directories/DAHS.xlsx,2026-09-30T19:14:29.766735+00:00,2026-09-29,,NO,29d67f48aaef3a8f7e4865e959cd5396af6502bec6acd86b679aee736ac8df7d
TH-ENRICH-TX-SENIOR-2026-09-30-IDR2,TX|HHSC|TX_DAHS|104786,TX_DAHS,104786,349,NIXON ADULT DAY CENTER OF SAN JACINTO,DAHS,YES,NO,SAN JACINTO,931 N BYRD AVE,SHEPHERD,TX,77371,ec962e57112d6600b4deec292eaee5e0620e70b5413eea71d52078a3c4dcba8f,https://apps.hhs.texas.gov/providers/directories/DAHS.xlsx,2026-09-30T19:14:29.766735+00:00,2026-09-29,,NO,c723bfca6719a958febfed954e9ae02e59c0c817a194fd6d69f818dc075ac80a
TH-ENRICH-TX-SENIOR-2026-09-30-IDR2,TX|HHSC|TX_DAHS|111315,TX_DAHS,111315,350,NIXON ADULT DAY CENTER OF SAN JACINTO COUNTY,DAHS-ISS,YES,NO,SAN JACINTO,931 N BYRD AVE,SHEPHERD,TX,77371,ec962e57112d6600b4deec292eaee5e0620e70b5413eea71d52078a3c4dcba8f,https://apps.hhs.texas.gov/providers/directories/DAHS.xlsx,2026-09-30T19:14:29.766735+00:00,2026-09-29,,NO,d76c9015d4e6e65cb2a7d0ca59c864e3819e4f145f94fdae8f981127888a6d6d
TH-ENRICH-TX-SENIOR-2026-09-30-IDR2,TX|HHSC|TX_DAHS|111394,TX_DAHS,111394,351,VIP ADULT DAY CARE,DAHS-ISS,YES,NO,SAN PATRICIO,114 N VINEYARD,SINTON,TEXAS,78387,ec962e57112d6600b4deec292eaee5e0620e70b5413eea71d52078a3c4dcba8f,https://apps.hhs.texas.gov/providers/directories/DAHS.xlsx,2026-09-30T19:14:29.766735+00:00,2026-09-29,,NO,e265cb7a081104000a924f0e9918eb43dbe9e4921391638a47dc0fd79821abf3
TH-ENRICH-TX-SENIOR-2026-09-30-IDR2,TX|HHSC|TX_DAHS|103575,TX_DAHS,103575,352,LOS GIRASOLES ADULT DAY CARE,DAHS,YES,NO,STARR,5997 E US HWY 83,RIO GRANDE,TX,78582,ec962e57112d6600b4deec292eaee5e0620e70b5413eea71d52078a3c4dcba8f,https://apps.hhs.texas.gov/providers/directories/DAHS.xlsx,2026-09-30T19:14:29.766735+00:00,2026-09-29,,NO,6ec41535ccd0f38bc836ee546462b150fea6b593e518367596ff1a0585d4bdce
TH-ENRICH-TX-SENIOR-2026-09-30-IDR2,TX|HHSC|TX_DAHS|111707,TX_DAHS,111707,353,CONCHITAS ADULT DAY CARE  LLC,DAHS,YES,NO,STARR,108 E MAIN ST,RIO GRANDE CITY,TX,78582,ec962e57112d6600b4deec292eaee5e0620e70b5413eea71d52078a3c4dcba8f,https://apps.hhs.texas.gov/providers/directories/DAHS.xlsx,2026-09-30T19:14:29.766735+00:00,2026-09-29,,NO,ca73eda902ccb518d923c0d89b86edaae42a21df6bf55bf8e22443908d8da8dd
TH-ENRICH-TX-SENIOR-2026-09-30-IDR2,TX|HHSC|TX_DAHS|110201,TX_DAHS,110201,354,CROSSROADS ADULT DAY CARE LLC,DAHS,YES,NO,STARR,"4574 E US HWY 83, SUITE B",RIO GRANDE CITY,TEXAS,78582,ec962e57112d6600b4deec292eaee5e0620e70b5413eea71d52078a3c4dcba8f,https://apps.hhs.texas.gov/providers/directories/DAHS.xlsx,2026-09-30T19:14:29.766735+00:00,2026-09-29,,NO,4c1134caa89c87852da38cd27a3055c8b30bab0fa95cda0da16a8eca06831860
TH-ENRICH-TX-SENIOR-2026-09-30-IDR2,TX|HHSC|TX_DAHS|103658,TX_DAHS,103658,355,D'MARIA ADULT DAY CARE LLC,DAHS,YES,NO,STARR,101 N. FM 3167 SUITE 113/114,RIO GRANDE CITY,TX,78582,ec962e57112d6600b4deec292eaee5e0620e70b5413eea71d52078a3c4dcba8f,https://apps.hhs.texas.gov/providers/directories/DAHS.xlsx,2026-09-30T19:14:29.766735+00:00,2026-09-29,,NO,56648e656fba0bfe1e28b397c323718822e432812ddee6d16c43e36aefc72da2
TH-ENRICH-TX-SENIOR-2026-09-30-IDR2,TX|HHSC|TX_DAHS|110152,TX_DAHS,110152,356,LINDO AMANECER ADULT DAY CARE,DAHS,YES,NO,STARR,5105 S. EMBASSY STREET,RIO GRANDE CITY,TEXAS,78582,ec962e57112d6600b4deec292eaee5e0620e70b5413eea71d52078a3c4dcba8f,https://apps.hhs.texas.gov/providers/directories/DAHS.xlsx,2026-09-30T19:14:29.766735+00:00,2026-09-29,,NO,5438e1c5e0eecc053df2c4ae467385e6fd8ed49fdaacc34689de92605eb2fc3f
TH-ENRICH-TX-SENIOR-2026-09-30-IDR2,TX|HHSC|TX_DAHS|110383,TX_DAHS,110383,357,MI LINDA FAMILIA ADULT DAY CARE LLC,DAHS,YES,NO,STARR,202 N FLORES ST,RIO GRANDE CITY,TEXAS,78582,ec962e57112d6600b4deec292eaee5e0620e70b5413eea71d52078a3c4dcba8f,https://apps.hhs.texas.gov/providers/directories/DAHS.xlsx,2026-09-30T19:14:29.766735+00:00,2026-09-29,,NO,c35a6fca67e0c26d64d2e483df9aa57e537433d94e63f84c1ae3737436247f06
TH-ENRICH-TX-SENIOR-2026-09-30-IDR2,TX|HHSC|TX_DAHS|103651,TX_DAHS,103651,358,MIS MEJORES ANOS ADULT DAYCARE LLC,DAHS,YES,NO,STARR,7 ELVIA ZARATE ST,RIO GRANDE CITY,TX,78582,ec962e57112d6600b4deec292eaee5e0620e70b5413eea71d52078a3c4dcba8f,https://apps.hhs.texas.gov/providers/directories/DAHS.xlsx,2026-09-30T19:14:29.766735+00:00,2026-09-29,,NO,023b489c902c280ebb8c5fe1fde56544cf84e454d4c0c21c4c26ea3a554db406
TH-ENRICH-TX-SENIOR-2026-09-30-IDR2,TX|HHSC|TX_DAHS|104662,TX_DAHS,104662,359,PARAISO DEL RIO ADULT DAY CARE LLC,DAHS,YES,NO,STARR,2915 ALPHA ST STE B,RIO GRANDE CITY,TX,78582,ec962e57112d6600b4deec292eaee5e0620e70b5413eea71d52078a3c4dcba8f,https://apps.hhs.texas.gov/providers/directories/DAHS.xlsx,2026-09-30T19:14:29.766735+00:00,2026-09-29,,NO,29289e44862b1645c7c77d93e497a2c0553c222193527c7fa70cd577002b5e90
TH-ENRICH-TX-SENIOR-2026-09-30-IDR2,TX|HHSC|TX_DAHS|105066,TX_DAHS,105066,360,VIDA BENDITA ADULT DAY CARE LLC,DAHS,YES,NO,STARR,2911 ALPHA ST,RIO GRANDE CITY,TX,78582,ec962e57112d6600b4deec292eaee5e0620e70b5413eea71d52078a3c4dcba8f,https://apps.hhs.texas.gov/providers/directories/DAHS.xlsx,2026-09-30T19:14:29.766735+00:00,2026-09-29,,NO,2eb6b2c43479a1ae5af33e441d2a6a5a3fc961bfac62949ce7b913485b38577c
TH-ENRICH-TX-SENIOR-2026-09-30-IDR2,TX|HHSC|TX_DAHS|106828,TX_DAHS,106828,361,BELLA ESPERANZA ADULT DAY CARE,DAHS,YES,NO,STARR,5145 OLD ESCOBARES HIGHWAY 83,ROMA,TX,78584,ec962e57112d6600b4deec292eaee5e0620e70b5413eea71d52078a3c4dcba8f,https://apps.hhs.texas.gov/providers/directories/DAHS.xlsx,2026-09-30T19:14:29.766735+00:00,2026-09-29,,NO,55f278805fe76640449d08374f96b57d7e9da51300721f51b8938aa2928b126a
TH-ENRICH-TX-SENIOR-2026-09-30-IDR2,TX|HHSC|TX_DAHS|100103,TX_DAHS,100103,362,ENSENADA ADULT DAY CARE,DAHS,YES,NO,STARR,1618 E GRANT ST,ROMA,TX,78584,ec962e57112d6600b4deec292eaee5e0620e70b5413eea71d52078a3c4dcba8f,https://apps.hhs.texas.gov/providers/directories/DAHS.xlsx,2026-09-30T19:14:29.766735+00:00,2026-09-29,,NO,3c0abd2385f8be28d96617e6e4160b41b7178f7a20d29add21d787bc983c9199
TH-ENRICH-TX-SENIOR-2026-09-30-IDR2,TX|HHSC|TX_DAHS|102776,TX_DAHS,102776,363,MI OTRA CASITA  EL PARAISO ADULT DAY CARE CENTER,DAHS,YES,NO,STARR,3000 AZALEA ST #15,ROMA,TX,78584,ec962e57112d6600b4deec292eaee5e0620e70b5413eea71d52078a3c4dcba8f,https://apps.hhs.texas.gov/providers/directories/DAHS.xlsx,2026-09-30T19:14:29.766735+00:00,2026-09-29,,NO,c62a43d29497cfacc73f3b51c61b2cd1f05dc37ef9ce913c4d074452db744f81
TH-ENRICH-TX-SENIOR-2026-09-30-IDR2,TX|HHSC|TX_DAHS|104037,TX_DAHS,104037,364,NUEVA ESPERANZA ADULT DAY CARE LLC,DAHS,YES,NO,STARR,228 CORMORANT CIR,ROMA,TX,78584,ec962e57112d6600b4deec292eaee5e0620e70b5413eea71d52078a3c4dcba8f,https://apps.hhs.texas.gov/providers/directories/DAHS.xlsx,2026-09-30T19:14:29.766735+00:00,2026-09-29,,NO,0ed88f976deb6f90200a9a36baa2c2869cc93ac137e5b3a852575ccdceb3673d
TH-ENRICH-TX-SENIOR-2026-09-30-IDR2,TX|HHSC|TX_DAHS|003384,TX_DAHS,003384,365,VIDA LINDA ADULT DAY CARE,DAHS,YES,NO,STARR,1102 GRANT ST,ROMA,TX,78584,ec962e57112d6600b4deec292eaee5e0620e70b5413eea71d52078a3c4dcba8f,https://apps.hhs.texas.gov/providers/directories/DAHS.xlsx,2026-09-30T19:14:29.766735+00:00,2026-09-29,,NO,8bc8493efa9bc6135d08173263304a1fabbc7602a01694ab933fba50a0a15a41
TH-ENRICH-TX-SENIOR-2026-09-30-IDR2,TX|HHSC|TX_DAHS|104562,TX_DAHS,104562,366,TEXAS GOLDEN AGE ADC CORP,DAHS,YES,NO,TARRANT,1115 W PIONEER PRKWY,ARLINGTON,TX,76013,ec962e57112d6600b4deec292eaee5e0620e70b5413eea71d52078a3c4dcba8f,https://apps.hhs.texas.gov/providers/directories/DAHS.xlsx,2026-09-30T19:14:29.766735+00:00,2026-09-29,,NO,586c0cc11bbe66f20d78d0a9c0d20ab5aa3370e0cb8875e73d57668a79a52ae1
TH-ENRICH-TX-SENIOR-2026-09-30-IDR2,TX|HHSC|TX_DAHS|111647,TX_DAHS,111647,367,YOUNG HEARTS ADULT DAY CARE,DAHS,YES,NO,TARRANT,710 SW GREEN OAKS BLVD. SUITE 100,ARLINGTON,TEXAS,76017,ec962e57112d6600b4deec292eaee5e0620e70b5413eea71d52078a3c4dcba8f,https://apps.hhs.texas.gov/providers/directories/DAHS.xlsx,2026-09-30T19:14:29.766735+00:00,2026-09-29,,NO,b2f899801c44951f2aeb7d803ea0c73e4b70f39837042dd9517963919ab56d5f
TH-ENRICH-TX-SENIOR-2026-09-30-IDR2,TX|HHSC|TX_DAHS|106793,TX_DAHS,106793,368,BEDFORD ENCORE ADEC LLC,DAHS,YES,NO,TARRANT,2928 BLUE QUAIL LANE,BEDFORD,TX,76021,ec962e57112d6600b4deec292eaee5e0620e70b5413eea71d52078a3c4dcba8f,https://apps.hhs.texas.gov/providers/directories/DAHS.xlsx,2026-09-30T19:14:29.766735+00:00,2026-09-29,,NO,c3ffbdd7d6a8589641cfb27ce464df23725481968d98e865da76440185944899
TH-ENRICH-TX-SENIOR-2026-09-30-IDR2,TX|HHSC|TX_DAHS|003036,TX_DAHS,003036,369,ARLINGTON ADULT DAY HEALTH CARE,DAHS,YES,NO,TARRANT,2117-B ROOSEVELT DR,DALWORTHINGTON GARDENS,TX,76013,ec962e57112d6600b4deec292eaee5e0620e70b5413eea71d52078a3c4dcba8f,https://apps.hhs.texas.gov/providers/directories/DAHS.xlsx,2026-09-30T19:14:29.766735+00:00,2026-09-29,,NO,739b39fea82a63d8dab6f1590a23aa6667664be923e62343c9b23831b66b3ae4
TH-ENRICH-TX-SENIOR-2026-09-30-IDR2,TX|HHSC|TX_DAHS|111628,TX_DAHS,111628,370,COME READ WITH ME,DAHS-ISS,YES,NO,TARRANT,901 CLINIC DRIVE #D109,EULESS,TEXAS,76039,ec962e57112d6600b4deec292eaee5e0620e70b5413eea71d52078a3c4dcba8f,https://apps.hhs.texas.gov/providers/directories/DAHS.xlsx,2026-09-30T19:14:29.766735+00:00,2026-09-29,,NO,5cf466bf9779df90065257a7b6a7dd690440b732348dcf005dd15ef1a5e9ca3c
TH-ENRICH-TX-SENIOR-2026-09-30-IDR2,TX|HHSC|TX_DAHS|111618,TX_DAHS,111618,371,DORSEY’S HOUSE ADULT DAY CENTER,DAHS,YES,NO,TARRANT,5415 EAST LANCASTER AVENUE,FORT WORTH,TX,76112,ec962e57112d6600b4deec292eaee5e0620e70b5413eea71d52078a3c4dcba8f,https://apps.hhs.texas.gov/providers/directories/DAHS.xlsx,2026-09-30T19:14:29.766735+00:00,2026-09-29,,NO,dd6c2f6704460143f353f9d6645a5e3657d2c79a69fb2062ab7d27a3df72689b
TH-ENRICH-TX-SENIOR-2026-09-30-IDR2,TX|HHSC|TX_DAHS|111704,TX_DAHS,111704,372,DORSEY'SHOUSE DBA DORSEY'S HOUSE ADULT DAY CENTER,DAHS-ISS,YES,NO,TARRANT,5415 E. LANCASTER,FORT WORTH,TX,76112,ec962e57112d6600b4deec292eaee5e0620e70b5413eea71d52078a3c4dcba8f,https://apps.hhs.texas.gov/providers/directories/DAHS.xlsx,2026-09-30T19:14:29.766735+00:00,2026-09-29,,NO,a4f836ed8a1ea24bca8f861bab260d44eb95f356f8552d8df4ef7fbd91dffcf9
TH-ENRICH-TX-SENIOR-2026-09-30-IDR2,TX|HHSC|TX_DAHS|111559,TX_DAHS,111559,373,JAMES L WEST CENTER SENIOR ADULT DAY PROGRAM,DAHS,YES,NO,TARRANT,6050 HARRIS PARKWAY,FORT WORTH,TX,76132,ec962e57112d6600b4deec292eaee5e0620e70b5413eea71d52078a3c4dcba8f,https://apps.hhs.texas.gov/providers/directories/DAHS.xlsx,2026-09-30T19:14:29.766735+00:00,2026-09-29,,NO,182a399fa18259b8d784a83ee94b367a0ec7fa8e06f04cf082555cedb0d78bbe
TH-ENRICH-TX-SENIOR-2026-09-30-IDR2,TX|HHSC|TX_DAHS|103576,TX_DAHS,103576,374,SILVERSPRINGS CENTRAL ADULT DAYCARE CENTER INC,DAHS,YES,NO,TARRANT,1401 CLINTON AVE,FORT WORTH,TEXAS,76164,ec962e57112d6600b4deec292eaee5e0620e70b5413eea71d52078a3c4dcba8f,https://apps.hhs.texas.gov/providers/directories/DAHS.xlsx,2026-09-30T19:14:29.766735+00:00,2026-09-29,,NO,7c345c8a94be62cdc968c7cbd94a019f3bbacab171db88179499a1ee0e9b6735
TH-ENRICH-TX-SENIOR-2026-09-30-IDR2,TX|HHSC|TX_DAHS|106430,TX_DAHS,106430,375,"SILVERSPRINGS NOBLE ADULT DAYCARE CENTER, INC",DAHS,YES,NO,TARRANT,401 N RIVERSIDE DR,FORT WORTH,TEXAS,76111,ec962e57112d6600b4deec292eaee5e0620e70b5413eea71d52078a3c4dcba8f,https://apps.hhs.texas.gov/providers/directories/DAHS.xlsx,2026-09-30T19:14:29.766735+00:00,2026-09-29,,NO,30b9dd8203962caff86b3eab00a33db307974b5f2406ab2c3a03b1fa536664a3
TH-ENRICH-TX-SENIOR-2026-09-30-IDR2,TX|HHSC|TX_DAHS|111910,TX_DAHS,111910,376,BIG HEARTS DAY HABILITATION CENTER,DAHS-ISS,YES,NO,TARRANT,400 INDUSTRIAL BLVD SUITE 208,MANSFIELD,TEXAS,76063,ec962e57112d6600b4deec292eaee5e0620e70b5413eea71d52078a3c4dcba8f,https://apps.hhs.texas.gov/providers/directories/DAHS.xlsx,2026-09-30T19:14:29.766735+00:00,2026-09-29,,NO,89e19179654d475f92fa3b5fb52c7458c81ffbcea7cc17627eab94573b30936d
TH-ENRICH-TX-SENIOR-2026-09-30-IDR2,TX|HHSC|TX_DAHS|111807,TX_DAHS,111807,377,ELDERHAVEN ADULT DAY CARE,DAHS,YES,NO,TRAVIS,9400 ALICE MAE LN,AUSTIN,TX,78748,ec962e57112d6600b4deec292eaee5e0620e70b5413eea71d52078a3c4dcba8f,https://apps.hhs.texas.gov/providers/directories/DAHS.xlsx,2026-09-30T19:14:29.766735+00:00,2026-09-29,,NO,0382f8be61b337442325f6fec502d59bbd9b6c61a67453c5516027891382f282
TH-ENRICH-TX-SENIOR-2026-09-30-IDR2,TX|HHSC|TX_DAHS|110994,TX_DAHS,110994,378,"TOWN SQUARE NW AUSTIN, TX",DAHS,YES,NO,TRAVIS,"13450 RESEARCH BLVD., UNIT 106",AUSTIN,TX,78750,ec962e57112d6600b4deec292eaee5e0620e70b5413eea71d52078a3c4dcba8f,https://apps.hhs.texas.gov/providers/directories/DAHS.xlsx,2026-09-30T19:14:29.766735+00:00,2026-09-29,,NO,0f4bb50b4d4b46d6ab36e594ecbee5b454552f53fd9b0bdba60e34f1621b49a6
TH-ENRICH-TX-SENIOR-2026-09-30-IDR2,TX|HHSC|TX_DAHS|102668,TX_DAHS,102668,379,WILLOW CREEK ADULT DAY CARE,DAHS,YES,NO,VAL VERDE,504 VITELA,DEL RIO,TX,78840,ec962e57112d6600b4deec292eaee5e0620e70b5413eea71d52078a3c4dcba8f,https://apps.hhs.texas.gov/providers/directories/DAHS.xlsx,2026-09-30T19:14:29.766735+00:00,2026-09-29,,NO,006dd7219e562103e3c5bcabe66587a4b5f21b01bf3f3af9007e61e9fc6ab622
TH-ENRICH-TX-SENIOR-2026-09-30-IDR2,TX|HHSC|TX_DAHS|111818,TX_DAHS,111818,380,A BETTER ADULT DAYCARE,DAHS-ISS,YES,NO,VICTORIA,1408 MELROSE,VICTORIA,TEXAS,77901,ec962e57112d6600b4deec292eaee5e0620e70b5413eea71d52078a3c4dcba8f,https://apps.hhs.texas.gov/providers/directories/DAHS.xlsx,2026-09-30T19:14:29.766735+00:00,2026-09-29,,NO,0b0f9a9027220901c70842d395f63f659713ccd2b295c26e9dea3fd443b847ac
TH-ENRICH-TX-SENIOR-2026-09-30-IDR2,TX|HHSC|TX_DAHS|003242,TX_DAHS,003242,381,AFFECTIONATE ARMS ADULT DAY HEALTH CARE CENTER,DAHS,YES,NO,VICTORIA,3802 JOHN STOCKBAUER,VICTORIA,TX,77904,ec962e57112d6600b4deec292eaee5e0620e70b5413eea71d52078a3c4dcba8f,https://apps.hhs.texas.gov/providers/directories/DAHS.xlsx,2026-09-30T19:14:29.766735+00:00,2026-09-29,,NO,f790bf6545ea7fed927ab7d4505158384df752c4a7421a5a0726a0eb29efe268
TH-ENRICH-TX-SENIOR-2026-09-30-IDR2,TX|HHSC|TX_DAHS|001539,TX_DAHS,001539,382,BUENOS DIAS ADULT DAY CARE,DAHS,YES,NO,WEBB,2100 CORPUS CHRISTI ST STE #1,LAREDO,TX,78043,ec962e57112d6600b4deec292eaee5e0620e70b5413eea71d52078a3c4dcba8f,https://apps.hhs.texas.gov/providers/directories/DAHS.xlsx,2026-09-30T19:14:29.766735+00:00,2026-09-29,,NO,a261eed154e2d5a18de31aa7129e6477c6b1712ee071e4608951f409cbbd13cb
TH-ENRICH-TX-SENIOR-2026-09-30-IDR2,TX|HHSC|TX_DAHS|110199,TX_DAHS,110199,383,DAYBREAK ADULT DAY CARE,DAHS,YES,NO,WEBB,501 MARINA STE 3,LAREDO,TEXAS,78046,ec962e57112d6600b4deec292eaee5e0620e70b5413eea71d52078a3c4dcba8f,https://apps.hhs.texas.gov/providers/directories/DAHS.xlsx,2026-09-30T19:14:29.766735+00:00,2026-09-29,,NO,53582c6abaa1e061b3a29f8fe49a293e7954ad8a05462032d335c4055ac757af
TH-ENRICH-TX-SENIOR-2026-09-30-IDR2,TX|HHSC|TX_DAHS|105201,TX_DAHS,105201,384,ESMERALDA'S ADULT DAY CARE,DAHS,YES,NO,WEBB,1320 LAFAYETTE STREET,LAREDO,TX,78041,ec962e57112d6600b4deec292eaee5e0620e70b5413eea71d52078a3c4dcba8f,https://apps.hhs.texas.gov/providers/directories/DAHS.xlsx,2026-09-30T19:14:29.766735+00:00,2026-09-29,,NO,2fce247721e888b52e13f79bd1202cdeba8438ef78efa02e232e3e6686a0b0e7
TH-ENRICH-TX-SENIOR-2026-09-30-IDR2,TX|HHSC|TX_DAHS|103150,TX_DAHS,103150,385,"FIESTA ADULT DAY CARE, INC",DAHS,YES,NO,WEBB,6508 N BARTLETT AVE STE A,LAREDO,TX,78041,ec962e57112d6600b4deec292eaee5e0620e70b5413eea71d52078a3c4dcba8f,https://apps.hhs.texas.gov/providers/directories/DAHS.xlsx,2026-09-30T19:14:29.766735+00:00,2026-09-29,,NO,7b493e043e596a1805c3b58b66b0f8980bcad32596eae54183ace11b89a1bf01
TH-ENRICH-TX-SENIOR-2026-09-30-IDR2,TX|HHSC|TX_DAHS|010221,TX_DAHS,010221,386,WILLOW SERVICES INC,DAHS,YES,NO,WEBB,2502 E TRAVIS,LAREDO,TEXAS,78043,ec962e57112d6600b4deec292eaee5e0620e70b5413eea71d52078a3c4dcba8f,https://apps.hhs.texas.gov/providers/directories/DAHS.xlsx,2026-09-30T19:14:29.766735+00:00,2026-09-29,,NO,9dafae9411ff4a6f963909e51b96d87a65787bc7983ae5e0503e2811f70040d8
TH-ENRICH-TX-SENIOR-2026-09-30-IDR2,TX|HHSC|TX_DAHS|111456,TX_DAHS,111456,387,ALMOST HEAVEN ADULT DAY CARE LLC,DAHS,YES,NO,WILLACY,13514 BROADWAY AVE,LYFORD,TX,78569,ec962e57112d6600b4deec292eaee5e0620e70b5413eea71d52078a3c4dcba8f,https://apps.hhs.texas.gov/providers/directories/DAHS.xlsx,2026-09-30T19:14:29.766735+00:00,2026-09-29,,NO,7ca2bef0b3cd6648777b481469d988e1de9ff5134e641029a73a68ff61a54d08
TH-ENRICH-TX-SENIOR-2026-09-30-IDR2,TX|HHSC|TX_DAHS|003419,TX_DAHS,003419,388,MIRASOLES ADULT DAY CARE I,DAHS,YES,NO,WILLACY,619 E HIDALGO AVE,RAYMONDVILLE,TX,78580,ec962e57112d6600b4deec292eaee5e0620e70b5413eea71d52078a3c4dcba8f,https://apps.hhs.texas.gov/providers/directories/DAHS.xlsx,2026-09-30T19:14:29.766735+00:00,2026-09-29,,NO,7525579dc0b58d48dba37cf050d54fef724887e6b8f4ec819a63c0aeb872139e
TH-ENRICH-TX-SENIOR-2026-09-30-IDR2,TX|HHSC|TX_DAHS|003288,TX_DAHS,003288,389,ELDERHAVEN ADC WILLIAMSON COUNTY,DAHS,YES,NO,WILLIAMSON,475 ROUND ROCK WEST STE 120,ROUND ROCK,TX,78681,ec962e57112d6600b4deec292eaee5e0620e70b5413eea71d52078a3c4dcba8f,https://apps.hhs.texas.gov/providers/directories/DAHS.xlsx,2026-09-30T19:14:29.766735+00:00,2026-09-29,,NO,ff7db8bdcc12927e4000c75585d40207e2e160a61911f2bb070b08b95b82f9c5
TH-ENRICH-TX-SENIOR-2026-09-30-IDR2,TX|HHSC|TX_DAHS|104252,TX_DAHS,104252,390,UN NUEVO DIA DE ALEGRIA LLC,DAHS,YES,NO,ZAPATA,202 & 6TH AVE,ZAPATA,TX,78076,ec962e57112d6600b4deec292eaee5e0620e70b5413eea71d52078a3c4dcba8f,https://apps.hhs.texas.gov/providers/directories/DAHS.xlsx,2026-09-30T19:14:29.766735+00:00,2026-09-29,,NO,7448f0ecafe2939ad36c73c8a0d2be83cf5a75ca490a4f1eb2abc2fcd877f99a
TH-ENRICH-TX-SENIOR-2026-09-30-IDR2,TX|HHSC|TX_DAHS|104640,TX_DAHS,104640,391,VIDA NUEVA ADULT DAY CARE,DAHS,YES,NO,ZAVALA,409 W. ZAVALA,CRYSTAL CITY,TX,78839,ec962e57112d6600b4deec292eaee5e0620e70b5413eea71d52078a3c4dcba8f,https://apps.hhs.texas.gov/providers/directories/DAHS.xlsx,2026-09-30T19:14:29.766735+00:00,2026-09-29,,NO,56e8726ad9defc85f5b6fff55a914bf33d4b6c4873b1a235ab8ca9b8379bcb3a
TH-ENRICH-TX-SENIOR-2026-09-30-IDR2,TX|HHSC|TX_DAHS_ISS_ONLY|110784,TX_DAHS_ISS_ONLY,110784,3,GATEWAY COMMUNITY PARTNERS INC,DAHS-ISSONLY,YES,NO,ANDERSON,201 ACR 142,PALESTINE,TEXAS,75801,1de6e81addd37ea016be4c2cdbd50a08648f2348c694ef0e4d9eee0eee1bd381,https://apps.hhs.texas.gov/providers/directories/dahs_issonly.xlsx,2026-09-30T19:14:30.613491+00:00,2026-09-29,,NO,4902264c1e9de9e2171a26ffc6175932c0cea5735ac4a3d36be2ec3b5c86063f
TH-ENRICH-TX-SENIOR-2026-09-30-IDR2,TX|HHSC|TX_DAHS_ISS_ONLY|111010,TX_DAHS_ISS_ONLY,111010,4,BURKE CENTER,DAHS-ISSONLY,YES,NO,ANGELINA,2215 N. JOHN REDDITT DR.,LUFKIN,TEXAS,75904,1de6e81addd37ea016be4c2cdbd50a08648f2348c694ef0e4d9eee0eee1bd381,https://apps.hhs.texas.gov/providers/directories/dahs_issonly.xlsx,2026-09-30T19:14:30.613491+00:00,2026-09-29,,NO,94c090db9bbd548ec0881997c8cabf78bc77dbf1fa6be26e4609ccb183f62200
TH-ENRICH-TX-SENIOR-2026-09-30-IDR2,TX|HHSC|TX_DAHS_ISS_ONLY|110753,TX_DAHS_ISS_ONLY,110753,5,GATEWAY COMMUNITY PARTNERS INC,DAHS-ISSONLY,YES,NO,ANGELINA,1305 TULANE,LUFKIN,TEXAS,75902,1de6e81addd37ea016be4c2cdbd50a08648f2348c694ef0e4d9eee0eee1bd381,https://apps.hhs.texas.gov/providers/directories/dahs_issonly.xlsx,2026-09-30T19:14:30.613491+00:00,2026-09-29,,NO,981676ca2d30c8344027b959f14c3204566e407f0f39775bdfb4dd08e9e90225
TH-ENRICH-TX-SENIOR-2026-09-30-IDR2,TX|HHSC|TX_DAHS_ISS_ONLY|110953,TX_DAHS_ISS_ONLY,110953,6,OAK CREEK DAY HABILITATIONVOCATIONAL CENTER,DAHS-ISSONLY,YES,NO,ANGELINA,1514 W FRANK AVENUE,LUFKIN,TX,75904,1de6e81addd37ea016be4c2cdbd50a08648f2348c694ef0e4d9eee0eee1bd381,https://apps.hhs.texas.gov/providers/directories/dahs_issonly.xlsx,2026-09-30T19:14:30.613491+00:00,2026-09-29,,NO,a65327b52f44815008237920ad7f27d04c7bb49f20b87a3dd8d13e5ad75aaa75
TH-ENRICH-TX-SENIOR-2026-09-30-IDR2,TX|HHSC|TX_DAHS_ISS_ONLY|111992,TX_DAHS_ISS_ONLY,111992,7,QUEST VOCATIONAL CENTER,DAHS-ISSONLY,YES,NO,ANGELINA,418 N SECOND ST,LUFKIN,TX,75901,1de6e81addd37ea016be4c2cdbd50a08648f2348c694ef0e4d9eee0eee1bd381,https://apps.hhs.texas.gov/providers/directories/dahs_issonly.xlsx,2026-09-30T19:14:30.613491+00:00,2026-09-29,,NO,1e2a61d2dcd4d6428a50700a9bb588eb2ac449353d399d2f27e1f1a09f0be3ee
TH-ENRICH-TX-SENIOR-2026-09-30-IDR2,TX|HHSC|TX_DAHS_ISS_ONLY|111117,TX_DAHS_ISS_ONLY,111117,8,THE INNOVATIVE HOMES OF DEEP EAST TEXAS INC,DAHS-ISSONLY,YES,NO,ANGELINA,518 SOUTH THIRD STREET,LUFKIN,TEXAS,75901,1de6e81addd37ea016be4c2cdbd50a08648f2348c694ef0e4d9eee0eee1bd381,https://apps.hhs.texas.gov/providers/directories/dahs_issonly.xlsx,2026-09-30T19:14:30.613491+00:00,2026-09-29,,NO,748898369c35eb95741481ee459db43ae893452ab07dd87ebd210d8de4dc9959
TH-ENRICH-TX-SENIOR-2026-09-30-IDR2,TX|HHSC|TX_DAHS_ISS_ONLY|111084,TX_DAHS_ISS_ONLY,111084,9,CAMINO REAL COMMUNITY SERVICESATASCOSA WORK CENTER,DAHS-ISSONLY,YES,NO,ATASCOSA,510 AVENUE H,POTEET,TEXAS,78065,1de6e81addd37ea016be4c2cdbd50a08648f2348c694ef0e4d9eee0eee1bd381,https://apps.hhs.texas.gov/providers/directories/dahs_issonly.xlsx,2026-09-30T19:14:30.613491+00:00,2026-09-29,,NO,83e3f6a571b00a70eec67d018acdce137bfa2da4a32f7e7f85ac1bb4e165d060
TH-ENRICH-TX-SENIOR-2026-09-30-IDR2,TX|HHSC|TX_DAHS_ISS_ONLY|112211,TX_DAHS_ISS_ONLY,112211,10,"COUNTRY PARADISE LIVING, LLC",DAHS-ISSONLY,YES,NO,ATASCOSA,901 PRIVATE ROAD D55,POTEET,TX,78065,1de6e81addd37ea016be4c2cdbd50a08648f2348c694ef0e4d9eee0eee1bd381,https://apps.hhs.texas.gov/providers/directories/dahs_issonly.xlsx,2026-09-30T19:14:30.613491+00:00,2026-09-29,,NO,2b13d45e6a603bc72e3aa6b7e2b796c2cb576dfa9783f1b56f27968fabbf91be
TH-ENRICH-TX-SENIOR-2026-09-30-IDR2,TX|HHSC|TX_DAHS_ISS_ONLY|112120,TX_DAHS_ISS_ONLY,112120,11,"COUNTRY PARADISE LIVING,LLC",DAHS-ISSONLY,YES,NO,ATASCOSA,1208 S DONATO RD,POTEET,TX,78065,1de6e81addd37ea016be4c2cdbd50a08648f2348c694ef0e4d9eee0eee1bd381,https://apps.hhs.texas.gov/providers/directories/dahs_issonly.xlsx,2026-09-30T19:14:30.613491+00:00,2026-09-29,,NO,c6535f32faf6e2b1d1f04207fe59ce950b8048b024cec385cdb4e3447aaa5a62
TH-ENRICH-TX-SENIOR-2026-09-30-IDR2,TX|HHSC|TX_DAHS_ISS_ONLY|111126,TX_DAHS_ISS_ONLY,111126,12,AMAZIN GRACE DAY HABILITATION PROGRAM,DAHS-ISSONLY,YES,NO,BASTROP,150 SETTLEMENT DR.   ST.A,BASTROP,TX,78602,1de6e81addd37ea016be4c2cdbd50a08648f2348c694ef0e4d9eee0eee1bd381,https://apps.hhs.texas.gov/providers/directories/dahs_issonly.xlsx,2026-09-30T19:14:30.613491+00:00,2026-09-29,,NO,7c34c2731ce5b9a67810fea7f7ba76cb4f9007f2ca6bd5a7de868a9a45c7c600
TH-ENRICH-TX-SENIOR-2026-09-30-IDR2,TX|HHSC|TX_DAHS_ISS_ONLY|111527,TX_DAHS_ISS_ONLY,111527,13,TWO BROTHERS DAY HAB,DAHS-ISSONLY,YES,NO,BASTROP,108 DEPOT ST.,ELGIN,TEXAS,78621,1de6e81addd37ea016be4c2cdbd50a08648f2348c694ef0e4d9eee0eee1bd381,https://apps.hhs.texas.gov/providers/directories/dahs_issonly.xlsx,2026-09-30T19:14:30.613491+00:00,2026-09-29,,NO,9b855f7b7c82bf9751b463ae54069cacbab26b7bb7cc05f68c20408329f175e9
TH-ENRICH-TX-SENIOR-2026-09-30-IDR2,TX|HHSC|TX_DAHS_ISS_ONLY|110881,TX_DAHS_ISS_ONLY,110881,14,"ABIDING CHOICE, INC",DAHS-ISSONLY,YES,NO,BELL,703 NORTH MAIN STREET,BELTON,TEXAS,76513,1de6e81addd37ea016be4c2cdbd50a08648f2348c694ef0e4d9eee0eee1bd381,https://apps.hhs.texas.gov/providers/directories/dahs_issonly.xlsx,2026-09-30T19:14:30.613491+00:00,2026-09-29,,NO,2454482680e3a751ee0072c46a6bf2d8f2ae1cb45eca6402040e32390f24599a
TH-ENRICH-TX-SENIOR-2026-09-30-IDR2,TX|HHSC|TX_DAHS_ISS_ONLY|111622,TX_DAHS_ISS_ONLY,111622,15,ELDRED'S NURSERY FOUNDATION,DAHS-ISSONLY,YES,NO,BELL,1220 B NORTH MAIN STREET,BELTON,TX,76513,1de6e81addd37ea016be4c2cdbd50a08648f2348c694ef0e4d9eee0eee1bd381,https://apps.hhs.texas.gov/providers/directories/dahs_issonly.xlsx,2026-09-30T19:14:30.613491+00:00,2026-09-29,,NO,6aa8e9604d9ed7fad35fb3f50e39ed8c0ef2cc07a7318fc8882c28216b0c26ff
TH-ENRICH-TX-SENIOR-2026-09-30-IDR2,TX|HHSC|TX_DAHS_ISS_ONLY|111011,TX_DAHS_ISS_ONLY,111011,16,TEMPLE DAYHAB,DAHS-ISSONLY,YES,NO,BELL,500 SPARTA ROAD,BELTON,TEXAS,76513,1de6e81addd37ea016be4c2cdbd50a08648f2348c694ef0e4d9eee0eee1bd381,https://apps.hhs.texas.gov/providers/directories/dahs_issonly.xlsx,2026-09-30T19:14:30.613491+00:00,2026-09-29,,NO,9f8006862c826235df2a2690c57336f1d9dfcbfd57cdc20e3b82e303127c7f44
TH-ENRICH-TX-SENIOR-2026-09-30-IDR2,TX|HHSC|TX_DAHS_ISS_ONLY|110876,TX_DAHS_ISS_ONLY,110876,17,THE JAYBIRD LEARNING ACADEMY INC,DAHS-ISSONLY,YES,NO,BELL,"515 E VETERANS MEMORIAL BLVD, SUITE B",HARKER HEIGHTS,TEXAS,76548,1de6e81addd37ea016be4c2cdbd50a08648f2348c694ef0e4d9eee0eee1bd381,https://apps.hhs.texas.gov/providers/directories/dahs_issonly.xlsx,2026-09-30T19:14:30.613491+00:00,2026-09-29,,NO,ef669be76005574f0f6d2e60d70463ab6fe2c7e4170dcd02d818d62338afa84d
TH-ENRICH-TX-SENIOR-2026-09-30-IDR2,TX|HHSC|TX_DAHS_ISS_ONLY|110773,TX_DAHS_ISS_ONLY,110773,18,CENTRAL COUNTIES SERVICESKILLEEN,DAHS-ISSONLY,YES,NO,BELL,100 EAST AVE A.,KILLEEN,TX,76541,1de6e81addd37ea016be4c2cdbd50a08648f2348c694ef0e4d9eee0eee1bd381,https://apps.hhs.texas.gov/providers/directories/dahs_issonly.xlsx,2026-09-30T19:14:30.613491+00:00,2026-09-29,,NO,0d3a7b7b99929edc4a5c23c68e1fd46adf78677afb52d64efa0728788d3acbdf
TH-ENRICH-TX-SENIOR-2026-09-30-IDR2,TX|HHSC|TX_DAHS_ISS_ONLY|112071,TX_DAHS_ISS_ONLY,112071,19,KILLEEN TRAINING CENTERWALES DRIVE,DAHS-ISSONLY,YES,NO,BELL,1011 WALES DR.,KILLEEN,TX,76549,1de6e81addd37ea016be4c2cdbd50a08648f2348c694ef0e4d9eee0eee1bd381,https://apps.hhs.texas.gov/providers/directories/dahs_issonly.xlsx,2026-09-30T19:14:30.613491+00:00,2026-09-29,,NO,9d99ff3d6fcf35fd9602331efb5a888038dd006981e5f7d0482f77385fad8f05
TH-ENRICH-TX-SENIOR-2026-09-30-IDR2,TX|HHSC|TX_DAHS_ISS_ONLY|111191,TX_DAHS_ISS_ONLY,111191,20,MIDDLETON DAY HABILITATION CENTER OUTREACH INC,DAHS-ISSONLY,YES,NO,BELL,111 N. 2ND STREET,KILLEEN,TEXAS,76541,1de6e81addd37ea016be4c2cdbd50a08648f2348c694ef0e4d9eee0eee1bd381,https://apps.hhs.texas.gov/providers/directories/dahs_issonly.xlsx,2026-09-30T19:14:30.613491+00:00,2026-09-29,,NO,dfda5ffdc7bc096b004b30903750642073f30b5e3a860d3e9f8b52a45b763f83
TH-ENRICH-TX-SENIOR-2026-09-30-IDR2,TX|HHSC|TX_DAHS_ISS_ONLY|112204,TX_DAHS_ISS_ONLY,112204,21,WALNUT GROVE COMMUNITY SERVICES,DAHS-ISSONLY,YES,NO,BELL,809 N GRAY STREET,KILLEEN,TEXAS,76541,1de6e81addd37ea016be4c2cdbd50a08648f2348c694ef0e4d9eee0eee1bd381,https://apps.hhs.texas.gov/providers/directories/dahs_issonly.xlsx,2026-09-30T19:14:30.613491+00:00,2026-09-29,,NO,8475ac6117150f38540ad4d4c4fc1acb88a53b0c5b1bb218d7189d6b8dad5ecb
TH-ENRICH-TX-SENIOR-2026-09-30-IDR2,TX|HHSC|TX_DAHS_ISS_ONLY|111922,TX_DAHS_ISS_ONLY,111922,22,WORDLIGHT DAYHABILITATION CENTER,DAHS-ISSONLY,YES,NO,BELL,111 N. 2ND STREET,KILLEEN,TEXAS,76541,1de6e81addd37ea016be4c2cdbd50a08648f2348c694ef0e4d9eee0eee1bd381,https://apps.hhs.texas.gov/providers/directories/dahs_issonly.xlsx,2026-09-30T19:14:30.613491+00:00,2026-09-29,,NO,7151385d923b380bc321db40fc392d0760db7ac5643ce965e4e582aadde367e2
TH-ENRICH-TX-SENIOR-2026-09-30-IDR2,TX|HHSC|TX_DAHS_ISS_ONLY|110781,TX_DAHS_ISS_ONLY,110781,23,CENTRAL COUNTIES SERVICES,DAHS-ISSONLY,YES,NO,BELL,2420 S. 37TH ST.,TEMPLE,TX,76504,1de6e81addd37ea016be4c2cdbd50a08648f2348c694ef0e4d9eee0eee1bd381,https://apps.hhs.texas.gov/providers/directories/dahs_issonly.xlsx,2026-09-30T19:14:30.613491+00:00,2026-09-29,,NO,6705e1ddad56528aae713c3212ac636ec1fbdd64cff5fefc76c12714aabced35
TH-ENRICH-TX-SENIOR-2026-09-30-IDR2,TX|HHSC|TX_DAHS_ISS_ONLY|110857,TX_DAHS_ISS_ONLY,110857,24,EDUCARE COMMUNITY LIVING CORPORATION  TEXAS,DAHS-ISSONLY,YES,NO,BELL,2828 COTTONWOOD LANE,TEMPLE,TEXAS,76502,1de6e81addd37ea016be4c2cdbd50a08648f2348c694ef0e4d9eee0eee1bd381,https://apps.hhs.texas.gov/providers/directories/dahs_issonly.xlsx,2026-09-30T19:14:30.613491+00:00,2026-09-29,,NO,e5a253ba015787b275d94c56bdcde5d4355eda219818cccfba96dfb7a8881464
TH-ENRICH-TX-SENIOR-2026-09-30-IDR2,TX|HHSC|TX_DAHS_ISS_ONLY|111007,TX_DAHS_ISS_ONLY,111007,25,ANCHOR OF HOPE DAY HAB LLC,DAHS-ISSONLY,YES,NO,BEXAR,2932 HILLCREST DR.,BALCONES HEIGHTS,TEXAS,78201,1de6e81addd37ea016be4c2cdbd50a08648f2348c694ef0e4d9eee0eee1bd381,https://apps.hhs.texas.gov/providers/directories/dahs_issonly.xlsx,2026-09-30T19:14:30.613491+00:00,2026-09-29,,NO,642fed541e86eedb337eecb60f8163ead555f033dba53da675a55a4b1857c8fd
TH-ENRICH-TX-SENIOR-2026-09-30-IDR2,TX|HHSC|TX_DAHS_ISS_ONLY|112064,TX_DAHS_ISS_ONLY,112064,26,ADVENTURES WITH MARLENA,DAHS-ISSONLY,YES,NO,BEXAR,9838 WAGON TRAIN,CONVERSE,TEXAS,78109,1de6e81addd37ea016be4c2cdbd50a08648f2348c694ef0e4d9eee0eee1bd381,https://apps.hhs.texas.gov/providers/directories/dahs_issonly.xlsx,2026-09-30T19:14:30.613491+00:00,2026-09-29,,NO,024c1a4a2de19aea72c044e168b7a4851222b47c80f291a4f238151d0e6d472e
TH-ENRICH-TX-SENIOR-2026-09-30-IDR2,TX|HHSC|TX_DAHS_ISS_ONLY|111721,TX_DAHS_ISS_ONLY,111721,27,SUNNYSIDE ADULT DAY SERVICES,DAHS-ISSONLY,YES,NO,BEXAR,6643 EASTERN CLOUDS,CONVERSE,TEXAS,78109,1de6e81addd37ea016be4c2cdbd50a08648f2348c694ef0e4d9eee0eee1bd381,https://apps.hhs.texas.gov/providers/directories/dahs_issonly.xlsx,2026-09-30T19:14:30.613491+00:00,2026-09-29,,NO,988a43c714034e07c4ef64d45f4467bfb7e17ec22bc2b67ed760cbcc511211d5
TH-ENRICH-TX-SENIOR-2026-09-30-IDR2,TX|HHSC|TX_DAHS_ISS_ONLY|112127,TX_DAHS_ISS_ONLY,112127,28,"HOPE & FAITH WITH GOD'S GRACE HOMING, LLC",DAHS-ISSONLY,YES,NO,BEXAR,3155 ACKERMAN RD. SUITE #108,KIRBY,TEXAS,78219,1de6e81addd37ea016be4c2cdbd50a08648f2348c694ef0e4d9eee0eee1bd381,https://apps.hhs.texas.gov/providers/directories/dahs_issonly.xlsx,2026-09-30T19:14:30.613491+00:00,2026-09-29,,NO,f66a8577237d89d4d61031ddf7bd36dc67992c26276a53d71871d7eb51916ab6
TH-ENRICH-TX-SENIOR-2026-09-30-IDR2,TX|HHSC|TX_DAHS_ISS_ONLY|111515,TX_DAHS_ISS_ONLY,111515,29,ADELA'S ANGELS LLC,DAHS-ISSONLY,YES,NO,BEXAR,1613 FREDERICKSBURG RD,SAN ANTONIO,TEXAS,78220,1de6e81addd37ea016be4c2cdbd50a08648f2348c694ef0e4d9eee0eee1bd381,https://apps.hhs.texas.gov/providers/directories/dahs_issonly.xlsx,2026-09-30T19:14:30.613491+00:00,2026-09-29,,NO,8b3732ac33ae51d60b67bde81dfcb92840b97a187a5760cbc635c2684987d654
TH-ENRICH-TX-SENIOR-2026-09-30-IDR2,TX|HHSC|TX_DAHS_ISS_ONLY|110921,TX_DAHS_ISS_ONLY,110921,30,ADVANTAGE BEHAVIORAL SERVICES,DAHS-ISSONLY,YES,NO,BEXAR,5039 BECKWITH BLVD  105,SAN ANTONIO,TEXAS,78249,1de6e81addd37ea016be4c2cdbd50a08648f2348c694ef0e4d9eee0eee1bd381,https://apps.hhs.texas.gov/providers/directories/dahs_issonly.xlsx,2026-09-30T19:14:30.613491+00:00,2026-09-29,,NO,7726b500c50f479966991d1a129b30dc84ab64e5cdea4157c3ef6606f4ee1f65
TH-ENRICH-TX-SENIOR-2026-09-30-IDR2,TX|HHSC|TX_DAHS_ISS_ONLY|110832,TX_DAHS_ISS_ONLY,110832,31,"ANGEL CARE CENTER OF SAN ANTONIO, INC",DAHS-ISSONLY,YES,NO,BEXAR,4338 CENTERGATE STREET,SAN ANTONIO,TX,78217,1de6e81addd37ea016be4c2cdbd50a08648f2348c694ef0e4d9eee0eee1bd381,https://apps.hhs.texas.gov/providers/directories/dahs_issonly.xlsx,2026-09-30T19:14:30.613491+00:00,2026-09-29,,NO,9592cd3ebdf012d34c6d52678d771397bf8e01120a8f5bdf63343bc3fc697e10
TH-ENRICH-TX-SENIOR-2026-09-30-IDR2,TX|HHSC|TX_DAHS_ISS_ONLY|111452,TX_DAHS_ISS_ONLY,111452,32,BENJAMIN CARE SERVICES,DAHS-ISSONLY,YES,NO,BEXAR,6353 KINGS CROWN ST,SAN ANTONIO,TEXAS,78233,1de6e81addd37ea016be4c2cdbd50a08648f2348c694ef0e4d9eee0eee1bd381,https://apps.hhs.texas.gov/providers/directories/dahs_issonly.xlsx,2026-09-30T19:14:30.613491+00:00,2026-09-29,,NO,1285fc254adbe2f57edd578f3066e015c8f0a7d514a27841100fb39f2bada9a2
TH-ENRICH-TX-SENIOR-2026-09-30-IDR2,TX|HHSC|TX_DAHS_ISS_ONLY|111162,TX_DAHS_ISS_ONLY,111162,33,BREA'S HOUSE OF ARTS,DAHS-ISSONLY,YES,NO,BEXAR,706 TRAPPERS RUN,SAN ANTONIO,TEXAS,78245,1de6e81addd37ea016be4c2cdbd50a08648f2348c694ef0e4d9eee0eee1bd381,https://apps.hhs.texas.gov/providers/directories/dahs_issonly.xlsx,2026-09-30T19:14:30.613491+00:00,2026-09-29,,NO,640d6bed0f25291ee7d5fa43432c2b85c6fc024c16c6d28a52e526540fcf1937
TH-ENRICH-TX-SENIOR-2026-09-30-IDR2,TX|HHSC|TX_DAHS_ISS_ONLY|111780,TX_DAHS_ISS_ONLY,111780,34,C&J HEALTHCARE SERVICES LLC,DAHS-ISSONLY,YES,NO,BEXAR,2324 BLANCO RD,SAN ANTONIO,TEXAS,78212,1de6e81addd37ea016be4c2cdbd50a08648f2348c694ef0e4d9eee0eee1bd381,https://apps.hhs.texas.gov/providers/directories/dahs_issonly.xlsx,2026-09-30T19:14:30.613491+00:00,2026-09-29,,NO,3ed70b80f4296c3aa34d0878f0320b2473dd342562193aef494eebd17a222856
TH-ENRICH-TX-SENIOR-2026-09-30-IDR2,TX|HHSC|TX_DAHS_ISS_ONLY|111016,TX_DAHS_ISS_ONLY,111016,35,CALAB ACTIVITY CENTER CAC,DAHS-ISSONLY,YES,NO,BEXAR,6470 HEATH ROAD,SAN ANTONIO,TEXAS,78250,1de6e81addd37ea016be4c2cdbd50a08648f2348c694ef0e4d9eee0eee1bd381,https://apps.hhs.texas.gov/providers/directories/dahs_issonly.xlsx,2026-09-30T19:14:30.613491+00:00,2026-09-29,,NO,0110abb2c6c0dc2e41fa12bbf2f85f2ec3ed35733afce11b188610311f016aed
TH-ENRICH-TX-SENIOR-2026-09-30-IDR2,TX|HHSC|TX_DAHS_ISS_ONLY|111964,TX_DAHS_ISS_ONLY,111964,36,COMMUNITY CONNECTIONS ISS SERVICES LLC,DAHS-ISSONLY,YES,NO,BEXAR,4361 RITTIMAN RD,SAN ANTONIO,TX,78218,1de6e81addd37ea016be4c2cdbd50a08648f2348c694ef0e4d9eee0eee1bd381,https://apps.hhs.texas.gov/providers/directories/dahs_issonly.xlsx,2026-09-30T19:14:30.613491+00:00,2026-09-29,,NO,e1c381d184817f0e9effb4ac828bbc357450a208a74e463d65849721f813c967
TH-ENRICH-TX-SENIOR-2026-09-30-IDR2,TX|HHSC|TX_DAHS_ISS_ONLY|111134,TX_DAHS_ISS_ONLY,111134,37,"COUNCIL OAKS COMMUNITY OPTIONS, LTD",DAHS-ISSONLY,YES,NO,BEXAR,"11901 TOEPPEREIN RD., STE. 1001",SAN ANTONIO,TEXAS,78233,1de6e81addd37ea016be4c2cdbd50a08648f2348c694ef0e4d9eee0eee1bd381,https://apps.hhs.texas.gov/providers/directories/dahs_issonly.xlsx,2026-09-30T19:14:30.613491+00:00,2026-09-29,,NO,71f7efe0298972fbc279672c8edfc9948935760405e76d961570b8db977793e8
TH-ENRICH-TX-SENIOR-2026-09-30-IDR2,TX|HHSC|TX_DAHS_ISS_ONLY|112139,TX_DAHS_ISS_ONLY,112139,38,COVENANT CARE ADULT ACTIVITY CENTER,DAHS-ISSONLY,YES,NO,BEXAR,4555 WALZEM ROAD SUITE 200,SAN ANTONIO,TEXAS,78218,1de6e81addd37ea016be4c2cdbd50a08648f2348c694ef0e4d9eee0eee1bd381,https://apps.hhs.texas.gov/providers/directories/dahs_issonly.xlsx,2026-09-30T19:14:30.613491+00:00,2026-09-29,,NO,6c0f9378f26686eb6f1b3113cb05329e797983b47ae082ecdf00846f3b69728a
TH-ENRICH-TX-SENIOR-2026-09-30-IDR2,TX|HHSC|TX_DAHS_ISS_ONLY|112073,TX_DAHS_ISS_ONLY,112073,39,DAVID'S WAY INC,DAHS-ISSONLY,YES,NO,BEXAR,8714 WOODLAND BEND,SAN ANTONIO,TX,78255,1de6e81addd37ea016be4c2cdbd50a08648f2348c694ef0e4d9eee0eee1bd381,https://apps.hhs.texas.gov/providers/directories/dahs_issonly.xlsx,2026-09-30T19:14:30.613491+00:00,2026-09-29,,NO,3a5058cd7b6bbb7736405b141cef731d674a12aa55e1e347f54c72f0ff334754
TH-ENRICH-TX-SENIOR-2026-09-30-IDR2,TX|HHSC|TX_DAHS_ISS_ONLY|111847,TX_DAHS_ISS_ONLY,111847,40,DISCOVERY ZONE DAYHAB,DAHS-ISSONLY,YES,NO,BEXAR,7707 BEECHNUT OAK,SAN ANTONIO,TEXAS,78223,1de6e81addd37ea016be4c2cdbd50a08648f2348c694ef0e4d9eee0eee1bd381,https://apps.hhs.texas.gov/providers/directories/dahs_issonly.xlsx,2026-09-30T19:14:30.613491+00:00,2026-09-29,,NO,51e74a58771d626118512e5b00126a4c2de1db558333e8cfc70c6547fe1612b9
TH-ENRICH-TX-SENIOR-2026-09-30-IDR2,TX|HHSC|TX_DAHS_ISS_ONLY|110817,TX_DAHS_ISS_ONLY,110817,41,DOVES HAVEN LLC,DAHS-ISSONLY,YES,NO,BEXAR,202 RECOLETA RD,SAN ANTONIO,TEXAS,78216,1de6e81addd37ea016be4c2cdbd50a08648f2348c694ef0e4d9eee0eee1bd381,https://apps.hhs.texas.gov/providers/directories/dahs_issonly.xlsx,2026-09-30T19:14:30.613491+00:00,2026-09-29,,NO,0660e17c9bc87273809c8c1826c5ec77dfdb6510c84c4fad6cec9255aa743e6e
TH-ENRICH-TX-SENIOR-2026-09-30-IDR2,TX|HHSC|TX_DAHS_ISS_ONLY|111714,TX_DAHS_ISS_ONLY,111714,42,EAGLES FLIGHT ADVOCACY OUTREACH,DAHS-ISSONLY,YES,NO,BEXAR,14855 BLANCO ROAD SUITE 320,SAN ANTONIO,TEXAS,78216,1de6e81addd37ea016be4c2cdbd50a08648f2348c694ef0e4d9eee0eee1bd381,https://apps.hhs.texas.gov/providers/directories/dahs_issonly.xlsx,2026-09-30T19:14:30.613491+00:00,2026-09-29,,NO,08c5a650e54cdaf27dd57560b7c155203047b8ef8dbca5769244b5d6139bd2fb
TH-ENRICH-TX-SENIOR-2026-09-30-IDR2,TX|HHSC|TX_DAHS_ISS_ONLY|110870,TX_DAHS_ISS_ONLY,110870,43,EDUCARE COMMUNITY LIVING CORPORATION  TEXAS,DAHS-ISSONLY,YES,NO,BEXAR,3700 BELGIUM LANE,SAN ANTONIO,TEXAS,78219,1de6e81addd37ea016be4c2cdbd50a08648f2348c694ef0e4d9eee0eee1bd381,https://apps.hhs.texas.gov/providers/directories/dahs_issonly.xlsx,2026-09-30T19:14:30.613491+00:00,2026-09-29,,NO,03d9c9cec360c50d262e39dc59d2eb15eab30a082b3b8f074c73cc1e70933354
TH-ENRICH-TX-SENIOR-2026-09-30-IDR2,TX|HHSC|TX_DAHS_ISS_ONLY|111370,TX_DAHS_ISS_ONLY,111370,44,EVA'S HEROES,DAHS-ISSONLY,YES,NO,BEXAR,11120 WURZBACH RD #300,SAN ANTONIO,TEXAS,78230,1de6e81addd37ea016be4c2cdbd50a08648f2348c694ef0e4d9eee0eee1bd381,https://apps.hhs.texas.gov/providers/directories/dahs_issonly.xlsx,2026-09-30T19:14:30.613491+00:00,2026-09-29,,NO,2bef47bbc7c1c1a15f417da3e72d5ef41a1fd6fd4b6d47f813600026b6cb18a6
TH-ENRICH-TX-SENIOR-2026-09-30-IDR2,TX|HHSC|TX_DAHS_ISS_ONLY|111262,TX_DAHS_ISS_ONLY,111262,45,"GREAT LIFE SERVICES, LLC",DAHS-ISSONLY,YES,NO,BEXAR,9200 BROADWAY ST. SUITE 106,SAN ANTONIO,TX,78217,1de6e81addd37ea016be4c2cdbd50a08648f2348c694ef0e4d9eee0eee1bd381,https://apps.hhs.texas.gov/providers/directories/dahs_issonly.xlsx,2026-09-30T19:14:30.613491+00:00,2026-09-29,,NO,826fb1930f4b28995bf7cee7951042cfbcbe83724c22d4bf171dac632868a8c1
TH-ENRICH-TX-SENIOR-2026-09-30-IDR2,TX|HHSC|TX_DAHS_ISS_ONLY|111261,TX_DAHS_ISS_ONLY,111261,46,"HEAVEN AND EARTH DAY HAB, LLC",DAHS-ISSONLY,YES,NO,BEXAR,5545 NW LOOP 410 STE 107,SAN ANTONIO,TEXAS,78238,1de6e81addd37ea016be4c2cdbd50a08648f2348c694ef0e4d9eee0eee1bd381,https://apps.hhs.texas.gov/providers/directories/dahs_issonly.xlsx,2026-09-30T19:14:30.613491+00:00,2026-09-29,,NO,f4bd48cb668b3c4f4833bd249e6938dfe5ceb4f11b5cd22a08f192499e41639f
TH-ENRICH-TX-SENIOR-2026-09-30-IDR2,TX|HHSC|TX_DAHS_ISS_ONLY|112021,TX_DAHS_ISS_ONLY,112021,47,HEAVENLY HANDS ADULT DAY CENTER,DAHS-ISSONLY,YES,NO,BEXAR,4805 LAKEBEND WEST DR,SAN ANTONIO,TEXAS,78244,1de6e81addd37ea016be4c2cdbd50a08648f2348c694ef0e4d9eee0eee1bd381,https://apps.hhs.texas.gov/providers/directories/dahs_issonly.xlsx,2026-09-30T19:14:30.613491+00:00,2026-09-29,,NO,b45ce49bcc2d0f48a83fadafcd5b250af40d48a775b5215ed05e44899fbb2f61
TH-ENRICH-TX-SENIOR-2026-09-30-IDR2,TX|HHSC|TX_DAHS_ISS_ONLY|112112,TX_DAHS_ISS_ONLY,112112,48,"HELPING HANDS DAY PROGRAM, INC",DAHS-ISSONLY,YES,NO,BEXAR,5084 DE ZAVALA ROAD,SAN ANTONIO,TX,78249-2025,1de6e81addd37ea016be4c2cdbd50a08648f2348c694ef0e4d9eee0eee1bd381,https://apps.hhs.texas.gov/providers/directories/dahs_issonly.xlsx,2026-09-30T19:14:30.613491+00:00,2026-09-29,,NO,496464686deb477fe48705d91431a80abfc3415a6cd96984d93674b2eaa31e69
TH-ENRICH-TX-SENIOR-2026-09-30-IDR2,TX|HHSC|TX_DAHS_ISS_ONLY|112038,TX_DAHS_ISS_ONLY,112038,49,HIGHTINGALE HOMECARE SERVICES INC,DAHS-ISSONLY,YES,NO,BEXAR,3700 FREDRICKSBURG ROAD #158,SAN ANTONIO,TEXAS,78201,1de6e81addd37ea016be4c2cdbd50a08648f2348c694ef0e4d9eee0eee1bd381,https://apps.hhs.texas.gov/providers/directories/dahs_issonly.xlsx,2026-09-30T19:14:30.613491+00:00,2026-09-29,,NO,fee1d099ad72e201e93fbcb971b9c182a332d268ae52e98280d7416e522d58ec
TH-ENRICH-TX-SENIOR-2026-09-30-IDR2,TX|HHSC|TX_DAHS_ISS_ONLY|111036,TX_DAHS_ISS_ONLY,111036,50,"HOME LIFE & COMMUNITY SERVICES, INC",DAHS-ISSONLY,YES,NO,BEXAR,2401 WILSON BLVD.,SAN ANTONIO,TX,78228,1de6e81addd37ea016be4c2cdbd50a08648f2348c694ef0e4d9eee0eee1bd381,https://apps.hhs.texas.gov/providers/directories/dahs_issonly.xlsx,2026-09-30T19:14:30.613491+00:00,2026-09-29,,NO,6b02cde72786a068cea6aa24b73d8b4f44a9d1b4a793ed8e0e3f37f25279968b
TH-ENRICH-TX-SENIOR-2026-09-30-IDR2,TX|HHSC|TX_DAHS_ISS_ONLY|111494,TX_DAHS_ISS_ONLY,111494,51,HUMBLED HEARTS ADULT ACTIVITY CENTER,DAHS-ISSONLY,YES,NO,BEXAR,7402 W MILITARY DR SUITE 1,SAN ANTONIO,TEXAS,78227,1de6e81addd37ea016be4c2cdbd50a08648f2348c694ef0e4d9eee0eee1bd381,https://apps.hhs.texas.gov/providers/directories/dahs_issonly.xlsx,2026-09-30T19:14:30.613491+00:00,2026-09-29,,NO,27dd61627562cf20ff0d1b98dfda147f1d109efd07c0cac7609a796587cbb858
TH-ENRICH-TX-SENIOR-2026-09-30-IDR2,TX|HHSC|TX_DAHS_ISS_ONLY|111747,TX_DAHS_ISS_ONLY,111747,52,HURRICANE STAFFING LLC,DAHS-ISSONLY,YES,NO,BEXAR,5804 A. WALZEM RD.,SAN ANTONIO,TX,78218,1de6e81addd37ea016be4c2cdbd50a08648f2348c694ef0e4d9eee0eee1bd381,https://apps.hhs.texas.gov/providers/directories/dahs_issonly.xlsx,2026-09-30T19:14:30.613491+00:00,2026-09-29,,NO,7e53a231ebf67845e4cc696217428aa55b843268482f3f36ff9f17bd425b9382
TH-ENRICH-TX-SENIOR-2026-09-30-IDR2,TX|HHSC|TX_DAHS_ISS_ONLY|111383,TX_DAHS_ISS_ONLY,111383,53,J M A CARE SERVICES,DAHS-ISSONLY,YES,NO,BEXAR,2014 NOLAN STREET,SAN ANTONIO,TX,78202,1de6e81addd37ea016be4c2cdbd50a08648f2348c694ef0e4d9eee0eee1bd381,https://apps.hhs.texas.gov/providers/directories/dahs_issonly.xlsx,2026-09-30T19:14:30.613491+00:00,2026-09-29,,NO,2c46672f81294580925a5dc3a8b0e978dac2ef4a4b5c4a34bfa8d0193f20c811
TH-ENRICH-TX-SENIOR-2026-09-30-IDR2,TX|HHSC|TX_DAHS_ISS_ONLY|111115,TX_DAHS_ISS_ONLY,111115,54,LIFE CHOICES UNLIMITED INC SAN ANTONIO,DAHS-ISSONLY,YES,NO,BEXAR,"85 NE LOOP 410, STE. 220",SAN ANTONIO,TX,78216,1de6e81addd37ea016be4c2cdbd50a08648f2348c694ef0e4d9eee0eee1bd381,https://apps.hhs.texas.gov/providers/directories/dahs_issonly.xlsx,2026-09-30T19:14:30.613491+00:00,2026-09-29,,NO,b7947bcd8ef2d2dc6b70a7051afd5e54d9e8b66643dce2943bd5479f02077de9
TH-ENRICH-TX-SENIOR-2026-09-30-IDR2,TX|HHSC|TX_DAHS_ISS_ONLY|110731,TX_DAHS_ISS_ONLY,110731,55,LIFETIME LIVING AT THOUSAND OAKS,DAHS-ISSONLY,YES,NO,BEXAR,7711 MADONNA DR.,SAN ANTONIO,TEXAS,78216,1de6e81addd37ea016be4c2cdbd50a08648f2348c694ef0e4d9eee0eee1bd381,https://apps.hhs.texas.gov/providers/directories/dahs_issonly.xlsx,2026-09-30T19:14:30.613491+00:00,2026-09-29,,NO,e16e021d27cc6c6ea5a95b99e2cd93c898d7766618c8fdc6b89e7297c0fb1224
TH-ENRICH-TX-SENIOR-2026-09-30-IDR2,TX|HHSC|TX_DAHS_ISS_ONLY|111743,TX_DAHS_ISS_ONLY,111743,56,"LIVE LAUGH LOVE CLUB, LLC",DAHS-ISSONLY,YES,NO,BEXAR,1202 N FLORES SUITE 101,SAN ANTONIO,TX,78212,1de6e81addd37ea016be4c2cdbd50a08648f2348c694ef0e4d9eee0eee1bd381,https://apps.hhs.texas.gov/providers/directories/dahs_issonly.xlsx,2026-09-30T19:14:30.613491+00:00,2026-09-29,,NO,776c92401f4625ab1df18000c45d688ad65dea80c0c1c1741ea31caabc325c36
TH-ENRICH-TX-SENIOR-2026-09-30-IDR2,TX|HHSC|TX_DAHS_ISS_ONLY|111723,TX_DAHS_ISS_ONLY,111723,57,LIVING ANGELS HOME CARE SERVICES LLC,DAHS-ISSONLY,YES,NO,BEXAR,4845 GOLDFIELD ST STE 110,SAN ANTONIO,TEXAS,78218,1de6e81addd37ea016be4c2cdbd50a08648f2348c694ef0e4d9eee0eee1bd381,https://apps.hhs.texas.gov/providers/directories/dahs_issonly.xlsx,2026-09-30T19:14:30.613491+00:00,2026-09-29,,NO,cf90594d051e8da7fc1bb9be0ff4c8fa3aaa77a6a88f0e32b79875873ab17efa
TH-ENRICH-TX-SENIOR-2026-09-30-IDR2,TX|HHSC|TX_DAHS_ISS_ONLY|111032,TX_DAHS_ISS_ONLY,111032,58,MIRACLES HAPPEN,DAHS-ISSONLY,YES,NO,BEXAR,"12000 STARCREST, SUITE 109",SAN ANTONIO,TX,78247,1de6e81addd37ea016be4c2cdbd50a08648f2348c694ef0e4d9eee0eee1bd381,https://apps.hhs.texas.gov/providers/directories/dahs_issonly.xlsx,2026-09-30T19:14:30.613491+00:00,2026-09-29,,NO,989063e11620521945775423bec3281b75d243069df7712f79d36792fc6971c9
TH-ENRICH-TX-SENIOR-2026-09-30-IDR2,TX|HHSC|TX_DAHS_ISS_ONLY|110727,TX_DAHS_ISS_ONLY,110727,59,MISSION ROAD DEVELOPMENTAL CENTER,DAHS-ISSONLY,YES,NO,BEXAR,8706 MISSION ROAD,SAN ANTONIO,TEXAS,78214,1de6e81addd37ea016be4c2cdbd50a08648f2348c694ef0e4d9eee0eee1bd381,https://apps.hhs.texas.gov/providers/directories/dahs_issonly.xlsx,2026-09-30T19:14:30.613491+00:00,2026-09-29,,NO,1e2aaf91c6b30287cfbca7c058f32faed354d87b68b1c4a81dc6bdfb842047a9
TH-ENRICH-TX-SENIOR-2026-09-30-IDR2,TX|HHSC|TX_DAHS_ISS_ONLY|110706,TX_DAHS_ISS_ONLY,110706,60,MISSION ROAD DEVELOPMENTAL CENTER,DAHS-ISSONLY,YES,NO,BEXAR,4630 HAMILTON WOLFE ROAD,SAN ANTONIO,TEXAS,78229,1de6e81addd37ea016be4c2cdbd50a08648f2348c694ef0e4d9eee0eee1bd381,https://apps.hhs.texas.gov/providers/directories/dahs_issonly.xlsx,2026-09-30T19:14:30.613491+00:00,2026-09-29,,NO,49d60b2a9457bf793d052420d335bfe8b38743e0f79fbda653605b293b2da434
TH-ENRICH-TX-SENIOR-2026-09-30-IDR2,TX|HHSC|TX_DAHS_ISS_ONLY|112223,TX_DAHS_ISS_ONLY,112223,61,MOAN HEALTHCARE LLC,DAHS-ISSONLY,YES,NO,BEXAR,"12227 HUEBNER ROAD, SUITE 102",SAN ANTONIO,TEXAS,78230,1de6e81addd37ea016be4c2cdbd50a08648f2348c694ef0e4d9eee0eee1bd381,https://apps.hhs.texas.gov/providers/directories/dahs_issonly.xlsx,2026-09-30T19:14:30.613491+00:00,2026-09-29,,NO,88bd6ae72066f22d02b896f3e024dd2056e91bfa622254e7ce7f85b8467bc4bb
TH-ENRICH-TX-SENIOR-2026-09-30-IDR2,TX|HHSC|TX_DAHS_ISS_ONLY|112041,TX_DAHS_ISS_ONLY,112041,62,ORENE'S HANDS OF LOVE LLC,DAHS-ISSONLY,YES,NO,BEXAR,4444 WALZEM RD STE 204,SAN ANTONIO,TEXAS,78218,1de6e81addd37ea016be4c2cdbd50a08648f2348c694ef0e4d9eee0eee1bd381,https://apps.hhs.texas.gov/providers/directories/dahs_issonly.xlsx,2026-09-30T19:14:30.613491+00:00,2026-09-29,,NO,cf8162ca4ab4f280f843667123d705f0ede82ce61b3249914eb51e8c3c4a8952
TH-ENRICH-TX-SENIOR-2026-09-30-IDR2,TX|HHSC|TX_DAHS_ISS_ONLY|110850,TX_DAHS_ISS_ONLY,110850,63,PAULINE IGWE,DAHS-ISSONLY,YES,NO,BEXAR,900 SE MILITARY DRIVE,SAN ANTONIO,TEXAS,78214,1de6e81addd37ea016be4c2cdbd50a08648f2348c694ef0e4d9eee0eee1bd381,https://apps.hhs.texas.gov/providers/directories/dahs_issonly.xlsx,2026-09-30T19:14:30.613491+00:00,2026-09-29,,NO,45877bb7c7ea5b3fe6080acfc9ed61a02e4583d1001d0f1d18e5051fd4a467e4
TH-ENRICH-TX-SENIOR-2026-09-30-IDR2,TX|HHSC|TX_DAHS_ISS_ONLY|111504,TX_DAHS_ISS_ONLY,111504,64,PRECISE RESPITE CARE INC,DAHS-ISSONLY,YES,NO,BEXAR,1616 S WW WHITE RD,SAN ANTONIO,TEXAS,78220,1de6e81addd37ea016be4c2cdbd50a08648f2348c694ef0e4d9eee0eee1bd381,https://apps.hhs.texas.gov/providers/directories/dahs_issonly.xlsx,2026-09-30T19:14:30.613491+00:00,2026-09-29,,NO,aa3baee37ac10a640a656295d906fb0fd1c38ce65ce751d9835790170e7b359f
TH-ENRICH-TX-SENIOR-2026-09-30-IDR2,TX|HHSC|TX_DAHS_ISS_ONLY|111526,TX_DAHS_ISS_ONLY,111526,65,PROVIDENCE NORTHEAST,DAHS-ISSONLY,YES,NO,BEXAR,10807 PERRIN BEITEL,SAN ANTONIO,TX,78217,1de6e81addd37ea016be4c2cdbd50a08648f2348c694ef0e4d9eee0eee1bd381,https://apps.hhs.texas.gov/providers/directories/dahs_issonly.xlsx,2026-09-30T19:14:30.613491+00:00,2026-09-29,,NO,fb648429f5791848cd50147405d7b43a0a2c730cda43592b5f09338b1d190827
TH-ENRICH-TX-SENIOR-2026-09-30-IDR2,TX|HHSC|TX_DAHS_ISS_ONLY|111316,TX_DAHS_ISS_ONLY,111316,66,"R&K SPECIALIZED HOMES, INC",DAHS-ISSONLY,YES,NO,BEXAR,8709 BOTTS LANE,SAN ANTONIO,TEXAS,78217,1de6e81addd37ea016be4c2cdbd50a08648f2348c694ef0e4d9eee0eee1bd381,https://apps.hhs.texas.gov/providers/directories/dahs_issonly.xlsx,2026-09-30T19:14:30.613491+00:00,2026-09-29,,NO,e21bed423ff7dc41a397d726d01b453231cbc54640995b7c069a67fbb1462349
TH-ENRICH-TX-SENIOR-2026-09-30-IDR2,TX|HHSC|TX_DAHS_ISS_ONLY|110722,TX_DAHS_ISS_ONLY,110722,67,"REACHING MAXIMUM INDEPENDENCE, INC",DAHS-ISSONLY,YES,NO,BEXAR,8242 VICAR DRIVE,SAN ANTONIO,TEXAS,78218,1de6e81addd37ea016be4c2cdbd50a08648f2348c694ef0e4d9eee0eee1bd381,https://apps.hhs.texas.gov/providers/directories/dahs_issonly.xlsx,2026-09-30T19:14:30.613491+00:00,2026-09-29,,NO,2123b85eb71aafc1bcf6a8d5d8d48e7fed153ba0f77625e62aae301c85521e58
TH-ENRICH-TX-SENIOR-2026-09-30-IDR2,TX|HHSC|TX_DAHS_ISS_ONLY|110793,TX_DAHS_ISS_ONLY,110793,68,SA LIFE ACADEMY,DAHS-ISSONLY,YES,NO,BEXAR,308 MOUNT CALVARY DR,SAN ANTONIO,TX,78209,1de6e81addd37ea016be4c2cdbd50a08648f2348c694ef0e4d9eee0eee1bd381,https://apps.hhs.texas.gov/providers/directories/dahs_issonly.xlsx,2026-09-30T19:14:30.613491+00:00,2026-09-29,,NO,d35cd7cd9824cd2917c4c495f3580b405e1411ce79a59d935f72206a6ab2311f
TH-ENRICH-TX-SENIOR-2026-09-30-IDR2,TX|HHSC|TX_DAHS_ISS_ONLY|111730,TX_DAHS_ISS_ONLY,111730,69,SAMMY'S HANGOUT,DAHS-ISSONLY,YES,NO,BEXAR,8010 AEROMEDICAL RD,SAN ANTONIO,TX,78235,1de6e81addd37ea016be4c2cdbd50a08648f2348c694ef0e4d9eee0eee1bd381,https://apps.hhs.texas.gov/providers/directories/dahs_issonly.xlsx,2026-09-30T19:14:30.613491+00:00,2026-09-29,,NO,6fe96c1f4a5ada06feefa02d95c233360b1dcda2aa528dd4542bfd67b194c578
TH-ENRICH-TX-SENIOR-2026-09-30-IDR2,TX|HHSC|TX_DAHS_ISS_ONLY|110757,TX_DAHS_ISS_ONLY,110757,70,SAN ANTONIO FITNESS INDEPENDENT RECREATIONAL ENVIRONMENT  SAFIRE,DAHS-ISSONLY,YES,NO,BEXAR,11111 IOTA DR,SAN ANTONIO,TX,78217,1de6e81addd37ea016be4c2cdbd50a08648f2348c694ef0e4d9eee0eee1bd381,https://apps.hhs.texas.gov/providers/directories/dahs_issonly.xlsx,2026-09-30T19:14:30.613491+00:00,2026-09-29,,NO,cc6efac779526f82c418183be478ba4f2293d1e81bfaaf6c6f279dfa8414f8f6
TH-ENRICH-TX-SENIOR-2026-09-30-IDR2,TX|HHSC|TX_DAHS_ISS_ONLY|110949,TX_DAHS_ISS_ONLY,110949,71,STEPPING STONES DAY HABILITATION,DAHS-ISSONLY,YES,NO,BEXAR,"5309 WURZBACH RD., SUITE 102",SAN ANTONIO,TEXAS,78238,1de6e81addd37ea016be4c2cdbd50a08648f2348c694ef0e4d9eee0eee1bd381,https://apps.hhs.texas.gov/providers/directories/dahs_issonly.xlsx,2026-09-30T19:14:30.613491+00:00,2026-09-29,,NO,2969db3ddb8616bb459f45b2eba677faa647d1a1a8057eca08421fe068dfad12
TH-ENRICH-TX-SENIOR-2026-09-30-IDR2,TX|HHSC|TX_DAHS_ISS_ONLY|111029,TX_DAHS_ISS_ONLY,111029,72,TEXAS FOUNDATION OF HOPE,DAHS-ISSONLY,YES,NO,BEXAR,2845 THOUSAND OAKS,SAN ANTONIO,TX,78232,1de6e81addd37ea016be4c2cdbd50a08648f2348c694ef0e4d9eee0eee1bd381,https://apps.hhs.texas.gov/providers/directories/dahs_issonly.xlsx,2026-09-30T19:14:30.613491+00:00,2026-09-29,,NO,701c20dd3c414cfcc3e36086c8c3ba36a397e50845e26ba4f3faf6ddb4c658ec
TH-ENRICH-TX-SENIOR-2026-09-30-IDR2,TX|HHSC|TX_DAHS_ISS_ONLY|110927,TX_DAHS_ISS_ONLY,110927,73,TEXAS HCS INC,DAHS-ISSONLY,YES,NO,BEXAR,2391 NE LOOP 410 SUITE 201,SAN ANTONIO,TEXAS,78217,1de6e81addd37ea016be4c2cdbd50a08648f2348c694ef0e4d9eee0eee1bd381,https://apps.hhs.texas.gov/providers/directories/dahs_issonly.xlsx,2026-09-30T19:14:30.613491+00:00,2026-09-29,,NO,3b265fc372d4f3acc36f0aa55d56cc66da44e18ca772d8883ca635942c6bc8e8
TH-ENRICH-TX-SENIOR-2026-09-30-IDR2,TX|HHSC|TX_DAHS_ISS_ONLY|110872,TX_DAHS_ISS_ONLY,110872,74,"THE ARC OF SAN ANTONIO, INC",DAHS-ISSONLY,YES,NO,BEXAR,6530 WURZBACH RD.,SAN ANTONIO,TX,78240,1de6e81addd37ea016be4c2cdbd50a08648f2348c694ef0e4d9eee0eee1bd381,https://apps.hhs.texas.gov/providers/directories/dahs_issonly.xlsx,2026-09-30T19:14:30.613491+00:00,2026-09-29,,NO,b046d5cdf9333dacaf8e3c20c829adf18cd07ad09e35821dad08a8379843bed9
TH-ENRICH-TX-SENIOR-2026-09-30-IDR2,TX|HHSC|TX_DAHS_ISS_ONLY|110862,TX_DAHS_ISS_ONLY,110862,75,"THE ARC OF SAN ANTONIO, INC",DAHS-ISSONLY,YES,NO,BEXAR,13430 WEST. AVE.,SAN ANTONIO,TX,78216,1de6e81addd37ea016be4c2cdbd50a08648f2348c694ef0e4d9eee0eee1bd381,https://apps.hhs.texas.gov/providers/directories/dahs_issonly.xlsx,2026-09-30T19:14:30.613491+00:00,2026-09-29,,NO,165a1b8a10424df01c19570bbb3e65b21b2aea2e278a42a0982fe0e7a3675346
TH-ENRICH-TX-SENIOR-2026-09-30-IDR2,TX|HHSC|TX_DAHS_ISS_ONLY|110778,TX_DAHS_ISS_ONLY,110778,76,THE BACKYARD,DAHS-ISSONLY,YES,NO,BEXAR,9511 POWHATAN,SAN ANTONIO,TX,78230,1de6e81addd37ea016be4c2cdbd50a08648f2348c694ef0e4d9eee0eee1bd381,https://apps.hhs.texas.gov/providers/directories/dahs_issonly.xlsx,2026-09-30T19:14:30.613491+00:00,2026-09-29,,NO,67aa120a395004607e1c4ed9ac6e54a48fee8b25cd2911db3cd299e41f96cdc5
TH-ENRICH-TX-SENIOR-2026-09-30-IDR2,TX|HHSC|TX_DAHS_ISS_ONLY|112206,TX_DAHS_ISS_ONLY,112206,77,TOTAL FRIENDLY CARE INC,DAHS-ISSONLY,YES,NO,BEXAR,7418 JOHN SMITH DRIVE SUITE 1115 & 1130,SAN ANTONIO,TEXAS,78229,1de6e81addd37ea016be4c2cdbd50a08648f2348c694ef0e4d9eee0eee1bd381,https://apps.hhs.texas.gov/providers/directories/dahs_issonly.xlsx,2026-09-30T19:14:30.613491+00:00,2026-09-29,,NO,f75f5d9c1d9442fcc80788f5265291bf5a02a76c2eb2c542d2a5c047163e21db
TH-ENRICH-TX-SENIOR-2026-09-30-IDR2,TX|HHSC|TX_DAHS_ISS_ONLY|111374,TX_DAHS_ISS_ONLY,111374,78,"TRUE REACHER, INC",DAHS-ISSONLY,YES,NO,BEXAR,2014 NOLAN STREET,SAN ANTONIO,TEXAS,78202,1de6e81addd37ea016be4c2cdbd50a08648f2348c694ef0e4d9eee0eee1bd381,https://apps.hhs.texas.gov/providers/directories/dahs_issonly.xlsx,2026-09-30T19:14:30.613491+00:00,2026-09-29,,NO,e81f4cbd31eac9f0baa63464a2afa5cdd31b369d49355dd93113bd0c509e39d1
TH-ENRICH-TX-SENIOR-2026-09-30-IDR2,TX|HHSC|TX_DAHS_ISS_ONLY|111500,TX_DAHS_ISS_ONLY,111500,79,WEST BYRD CENTER,DAHS-ISSONLY,YES,NO,BEXAR,401 W. BYRD,UNIVERSAL CITY,TEXAS,78148,1de6e81addd37ea016be4c2cdbd50a08648f2348c694ef0e4d9eee0eee1bd381,https://apps.hhs.texas.gov/providers/directories/dahs_issonly.xlsx,2026-09-30T19:14:30.613491+00:00,2026-09-29,,NO,1db3c63b598a87086c326bd2c2cc9b6dfb7012ae449b384d4e18d84b02b0151a
TH-ENRICH-TX-SENIOR-2026-09-30-IDR2,TX|HHSC|TX_DAHS_ISS_ONLY|110988,TX_DAHS_ISS_ONLY,110988,80,EVERGREEN LIFE SERVICES OF TEXARKANA,DAHS-ISSONLY,YES,NO,BOWIE,1315 WALNUT,TEXARKANA,TX,75501,1de6e81addd37ea016be4c2cdbd50a08648f2348c694ef0e4d9eee0eee1bd381,https://apps.hhs.texas.gov/providers/directories/dahs_issonly.xlsx,2026-09-30T19:14:30.613491+00:00,2026-09-29,,NO,f26f673c2254daef7a86232d80fc7a3ed3ace3ed0f3b64c894ad76fb861c9e8d
TH-ENRICH-TX-SENIOR-2026-09-30-IDR2,TX|HHSC|TX_DAHS_ISS_ONLY|111763,TX_DAHS_ISS_ONLY,111763,81,"SHINE ON TXK DAYHAB SERVICES, LLC",DAHS-ISSONLY,YES,NO,BOWIE,2202 SOUTH STATELINE AVE,TEXARKANA,TEXAS,75501,1de6e81addd37ea016be4c2cdbd50a08648f2348c694ef0e4d9eee0eee1bd381,https://apps.hhs.texas.gov/providers/directories/dahs_issonly.xlsx,2026-09-30T19:14:30.613491+00:00,2026-09-29,,NO,d8656a203523bbcdf068f496fe689f19e7d06a642fcb7de3f837d2eb608a84af
TH-ENRICH-TX-SENIOR-2026-09-30-IDR2,TX|HHSC|TX_DAHS_ISS_ONLY|110728,TX_DAHS_ISS_ONLY,110728,82,ALL THE LITTLE THINGS COUNTRY,DAHS-ISSONLY,YES,NO,BRAZORIA,201 FM 2917,ALVIN,TX,77511,1de6e81addd37ea016be4c2cdbd50a08648f2348c694ef0e4d9eee0eee1bd381,https://apps.hhs.texas.gov/providers/directories/dahs_issonly.xlsx,2026-09-30T19:14:30.613491+00:00,2026-09-29,,NO,2072df3ae4615c7ebe7de15670aab9be27a893f7d61256f4c37e064a881a7f68
TH-ENRICH-TX-SENIOR-2026-09-30-IDR2,TX|HHSC|TX_DAHS_ISS_ONLY|111044,TX_DAHS_ISS_ONLY,111044,83,STARS 1,DAHS-ISSONLY,YES,NO,BRAZORIA,250 VICTORY LANE BUILDING B,ALVIN,TEXAS,77511,1de6e81addd37ea016be4c2cdbd50a08648f2348c694ef0e4d9eee0eee1bd381,https://apps.hhs.texas.gov/providers/directories/dahs_issonly.xlsx,2026-09-30T19:14:30.613491+00:00,2026-09-29,,NO,5e23327d546f4c44f4922bf3070a5b1da6c9a5e17a87cdb029dcbfc9ac53610e
TH-ENRICH-TX-SENIOR-2026-09-30-IDR2,TX|HHSC|TX_DAHS_ISS_ONLY|111172,TX_DAHS_ISS_ONLY,111172,84,WAYMAKER TX LLC,DAHS-ISSONLY,YES,NO,BRAZORIA,608 BRIARWILDE CT.,ALVIN,TX,77511,1de6e81addd37ea016be4c2cdbd50a08648f2348c694ef0e4d9eee0eee1bd381,https://apps.hhs.texas.gov/providers/directories/dahs_issonly.xlsx,2026-09-30T19:14:30.613491+00:00,2026-09-29,,NO,e265fdfb01c595a69c9d61d019333528d12ae3edf47a1754bed33ca05f4b8981
TH-ENRICH-TX-SENIOR-2026-09-30-IDR2,TX|HHSC|TX_DAHS_ISS_ONLY|110960,TX_DAHS_ISS_ONLY,110960,85,"AMANDOLE HCS, LLC",DAHS-ISSONLY,YES,NO,BRAZORIA,1040 S VELASCO ST.,ANGLETON,TX,77515,1de6e81addd37ea016be4c2cdbd50a08648f2348c694ef0e4d9eee0eee1bd381,https://apps.hhs.texas.gov/providers/directories/dahs_issonly.xlsx,2026-09-30T19:14:30.613491+00:00,2026-09-29,,NO,2c5fb57c8db1b43dbc882dfe448dc1e7e8b3cd62aaf58d727d89566cd5876dc9
TH-ENRICH-TX-SENIOR-2026-09-30-IDR2,TX|HHSC|TX_DAHS_ISS_ONLY|111361,TX_DAHS_ISS_ONLY,111361,86,"COMMUNITY INCLUSION PROGRAM, INC",DAHS-ISSONLY,YES,NO,BRAZORIA,744 EAST HENDERSON ROAD,ANGLETON,TX,77515,1de6e81addd37ea016be4c2cdbd50a08648f2348c694ef0e4d9eee0eee1bd381,https://apps.hhs.texas.gov/providers/directories/dahs_issonly.xlsx,2026-09-30T19:14:30.613491+00:00,2026-09-29,,NO,15fd9165c1bb093a62bff502e3e3da66597951707fcd8294366fc5a613f7ae67
TH-ENRICH-TX-SENIOR-2026-09-30-IDR2,TX|HHSC|TX_DAHS_ISS_ONLY|112205,TX_DAHS_ISS_ONLY,112205,87,ABIGAIL'S CARE SERVICES LLC,DAHS-ISSONLY,YES,NO,BRAZORIA,"7924 BROADWAY STREET, STE. 102",PEARLAND,TEXAS,77584,1de6e81addd37ea016be4c2cdbd50a08648f2348c694ef0e4d9eee0eee1bd381,https://apps.hhs.texas.gov/providers/directories/dahs_issonly.xlsx,2026-09-30T19:14:30.613491+00:00,2026-09-29,,NO,8f2e8a5410f4781dcd95b718cfa6934cf3e641d1f3db665f2e7990403a485bee
TH-ENRICH-TX-SENIOR-2026-09-30-IDR2,TX|HHSC|TX_DAHS_ISS_ONLY|111364,TX_DAHS_ISS_ONLY,111364,88,ADREN REED,DAHS-ISSONLY,YES,NO,BRAZORIA,3512 MCLEAN RD,PEARLAND,TX,77584,1de6e81addd37ea016be4c2cdbd50a08648f2348c694ef0e4d9eee0eee1bd381,https://apps.hhs.texas.gov/providers/directories/dahs_issonly.xlsx,2026-09-30T19:14:30.613491+00:00,2026-09-29,,NO,0204453533e3ff3ab7fe3189847c17edbbcec88485a1e5d7f641cd28192006dc
TH-ENRICH-TX-SENIOR-2026-09-30-IDR2,TX|HHSC|TX_DAHS_ISS_ONLY|111492,TX_DAHS_ISS_ONLY,111492,89,DIVINE EMBRACE HEALTH SERVICES LLC,DAHS-ISSONLY,YES,NO,BRAZORIA,3811 ALLEN RD,PEARLAND,TEXAS,77584,1de6e81addd37ea016be4c2cdbd50a08648f2348c694ef0e4d9eee0eee1bd381,https://apps.hhs.texas.gov/providers/directories/dahs_issonly.xlsx,2026-09-30T19:14:30.613491+00:00,2026-09-29,,NO,9cf4c9d504f1a5e0b6377aa974cabd921933346dc8c0d1b8563b28fab4bedb38
TH-ENRICH-TX-SENIOR-2026-09-30-IDR2,TX|HHSC|TX_DAHS_ISS_ONLY|110823,TX_DAHS_ISS_ONLY,110823,90,FORGOTTEN ANGELS,DAHS-ISSONLY,YES,NO,BRAZORIA,3309 INDUSTRIAL DR,PEARLAND,TEXAS,77581,1de6e81addd37ea016be4c2cdbd50a08648f2348c694ef0e4d9eee0eee1bd381,https://apps.hhs.texas.gov/providers/directories/dahs_issonly.xlsx,2026-09-30T19:14:30.613491+00:00,2026-09-29,,NO,ca0029b415764abbb5bbe7e902831d411bed133cf805c0b8c0a02708c6d7f447
TH-ENRICH-TX-SENIOR-2026-09-30-IDR2,TX|HHSC|TX_DAHS_ISS_ONLY|111832,TX_DAHS_ISS_ONLY,111832,91,KIMMONS CARE DAY HABILITATION CENTER,DAHS-ISSONLY,YES,NO,BRAZORIA,7102 BROOKSIDE ROAD SUITE #104,PEARLAND,TX,77581,1de6e81addd37ea016be4c2cdbd50a08648f2348c694ef0e4d9eee0eee1bd381,https://apps.hhs.texas.gov/providers/directories/dahs_issonly.xlsx,2026-09-30T19:14:30.613491+00:00,2026-09-29,,NO,f8196dba1f186041c486a9e6a177744754a08edb36c7307a967b81b296787fff
TH-ENRICH-TX-SENIOR-2026-09-30-IDR2,TX|HHSC|TX_DAHS_ISS_ONLY|110846,TX_DAHS_ISS_ONLY,110846,92,PACE OPPORTUNITY CENTERS INC,DAHS-ISSONLY,YES,NO,BRAZORIA,3901 E. PLUM,PEARLAND,TEXAS,77581,1de6e81addd37ea016be4c2cdbd50a08648f2348c694ef0e4d9eee0eee1bd381,https://apps.hhs.texas.gov/providers/directories/dahs_issonly.xlsx,2026-09-30T19:14:30.613491+00:00,2026-09-29,,NO,f71cefd7967b6d3d48043f9a559eb2fe90154a9f9db2c9b51150f1edf2580fac
TH-ENRICH-TX-SENIOR-2026-09-30-IDR2,TX|HHSC|TX_DAHS_ISS_ONLY|112210,TX_DAHS_ISS_ONLY,112210,93,RISE SENIOR CONNECTIONS & ADULT DAY CENTER LLC,DAHS-ISSONLY,YES,NO,BRAZORIA,2335 N. TEXAS AVENUE SUITE 101,PEARLAND,TEXAS,77581,1de6e81addd37ea016be4c2cdbd50a08648f2348c694ef0e4d9eee0eee1bd381,https://apps.hhs.texas.gov/providers/directories/dahs_issonly.xlsx,2026-09-30T19:14:30.613491+00:00,2026-09-29,,NO,790829848c5d4830b1c6d1664fbc62fd3bf78ee99ef5161e841bc006e6ac25ef
TH-ENRICH-TX-SENIOR-2026-09-30-IDR2,TX|HHSC|TX_DAHS_ISS_ONLY|111081,TX_DAHS_ISS_ONLY,111081,94,SPECIAL GRACES,DAHS-ISSONLY,YES,NO,BRAZORIA,4650 DIXIE FARM RD #110,PEARLAND,TEXAS,77581,1de6e81addd37ea016be4c2cdbd50a08648f2348c694ef0e4d9eee0eee1bd381,https://apps.hhs.texas.gov/providers/directories/dahs_issonly.xlsx,2026-09-30T19:14:30.613491+00:00,2026-09-29,,NO,4c236a78d69f95c007efe5a37e9c8b1000066a2d157b90e546a5b972727871a8
TH-ENRICH-TX-SENIOR-2026-09-30-IDR2,TX|HHSC|TX_DAHS_ISS_ONLY|112188,TX_DAHS_ISS_ONLY,112188,95,THE RETREAT OF ADULT HEALTH CENTER LLC,DAHS-ISSONLY,YES,NO,BRAZORIA,2654 W OAKS BLVD UNIT B,PEARLAND,TEXAS,77584,1de6e81addd37ea016be4c2cdbd50a08648f2348c694ef0e4d9eee0eee1bd381,https://apps.hhs.texas.gov/providers/directories/dahs_issonly.xlsx,2026-09-30T19:14:30.613491+00:00,2026-09-29,,NO,951a95425b16de120857cf1c16ad749e06d7b8807c259993f0d58d82673ca4ab
TH-ENRICH-TX-SENIOR-2026-09-30-IDR2,TX|HHSC|TX_DAHS_ISS_ONLY|111390,TX_DAHS_ISS_ONLY,111390,96,HEAVEN'S BLANKET LLC,DAHS-ISSONLY,YES,NO,BRAZORIA,18302 A COUNTY ROAD 40,ROSHARON,TX,77583,1de6e81addd37ea016be4c2cdbd50a08648f2348c694ef0e4d9eee0eee1bd381,https://apps.hhs.texas.gov/providers/directories/dahs_issonly.xlsx,2026-09-30T19:14:30.613491+00:00,2026-09-29,,NO,b7133903bd1970427f2c2f5d0ba939951e7251c2dfe3f44f40f973361d92a6d7
TH-ENRICH-TX-SENIOR-2026-09-30-IDR2,TX|HHSC|TX_DAHS_ISS_ONLY|111058,TX_DAHS_ISS_ONLY,111058,97,BCS DAYHAB,DAHS-ISSONLY,YES,NO,BRAZOS,4455 CARTER CREEK PARKWAY,BRYAN,TEXAS,77802,1de6e81addd37ea016be4c2cdbd50a08648f2348c694ef0e4d9eee0eee1bd381,https://apps.hhs.texas.gov/providers/directories/dahs_issonly.xlsx,2026-09-30T19:14:30.613491+00:00,2026-09-29,,NO,df7a8b40b34c1a94bbf66f9d6dfb57677399fe714605439a633ae46c0b071127
TH-ENRICH-TX-SENIOR-2026-09-30-IDR2,TX|HHSC|TX_DAHS_ISS_ONLY|111782,TX_DAHS_ISS_ONLY,111782,98,BROTHERS HELPING HANDS,DAHS-ISSONLY,YES,NO,BRAZOS,1716 BRIARCREST DRIVE SUITE 150,BRYAN,TEXAS,77802,1de6e81addd37ea016be4c2cdbd50a08648f2348c694ef0e4d9eee0eee1bd381,https://apps.hhs.texas.gov/providers/directories/dahs_issonly.xlsx,2026-09-30T19:14:30.613491+00:00,2026-09-29,,NO,c0e0e85405a8d197f8f78ca4d2908627363409bacd6a92e7aabb8a3cfa60dd41
TH-ENRICH-TX-SENIOR-2026-09-30-IDR2,TX|HHSC|TX_DAHS_ISS_ONLY|110930,TX_DAHS_ISS_ONLY,110930,99,BRYAN DAY HAB,DAHS-ISSONLY,YES,NO,BRAZOS,208 ELM STREET,BRYAN,TX,77801,1de6e81addd37ea016be4c2cdbd50a08648f2348c694ef0e4d9eee0eee1bd381,https://apps.hhs.texas.gov/providers/directories/dahs_issonly.xlsx,2026-09-30T19:14:30.613491+00:00,2026-09-29,,NO,2f74be4729147c81dc0f0fe283395eeeafa0d1fa214213c603e21ba448017ef8
TH-ENRICH-TX-SENIOR-2026-09-30-IDR2,TX|HHSC|TX_DAHS_ISS_ONLY|110998,TX_DAHS_ISS_ONLY,110998,100,KENMAR RESIDENTIAL HCS SERVICES INC  BRYAN,DAHS-ISSONLY,YES,NO,BRAZOS,1200 E VILLA MARIA RD,BRYAN,TEXAS,77802,1de6e81addd37ea016be4c2cdbd50a08648f2348c694ef0e4d9eee0eee1bd381,https://apps.hhs.texas.gov/providers/directories/dahs_issonly.xlsx,2026-09-30T19:14:30.613491+00:00,2026-09-29,,NO,dce962489a3226e17b7ec55380a9611fbee8db330d243056cd9444468af923f8
TH-ENRICH-TX-SENIOR-2026-09-30-IDR2,TX|HHSC|TX_DAHS_ISS_ONLY|111251,TX_DAHS_ISS_ONLY,111251,101,LIFE CHOICES CENTER BRAZOS COUNTY,DAHS-ISSONLY,YES,NO,BRAZOS,623 MARY LAKE,BRYAN,TEXAS,77801,1de6e81addd37ea016be4c2cdbd50a08648f2348c694ef0e4d9eee0eee1bd381,https://apps.hhs.texas.gov/providers/directories/dahs_issonly.xlsx,2026-09-30T19:14:30.613491+00:00,2026-09-29,,NO,ac459437e68df10ca0462f8f42d6a00cd272a9c671e2faeeec17bd628ea52d68
TH-ENRICH-TX-SENIOR-2026-09-30-IDR2,TX|HHSC|TX_DAHS_ISS_ONLY|111953,TX_DAHS_ISS_ONLY,111953,102,BROTHERS HELPING HANDS,DAHS-ISSONLY,YES,NO,BRAZOS,5914 IMPERIAL LOOP SUITE 10,COLLEGE STATION,TEXAS,77845,1de6e81addd37ea016be4c2cdbd50a08648f2348c694ef0e4d9eee0eee1bd381,https://apps.hhs.texas.gov/providers/directories/dahs_issonly.xlsx,2026-09-30T19:14:30.613491+00:00,2026-09-29,,NO,011cfbfa2fa51d0282f762023ae567a5d28f32907666d141ff6bb3cee6ab9d2d
TH-ENRICH-TX-SENIOR-2026-09-30-IDR2,TX|HHSC|TX_DAHS_ISS_ONLY|110954,TX_DAHS_ISS_ONLY,110954,103,EDUCARE COMMUNITY LIVING CORPORATION  TEXAS,DAHS-ISSONLY,YES,NO,BROWN,2001 CALVERT ROAD,BROWNWOOD,TEXAS,76801,1de6e81addd37ea016be4c2cdbd50a08648f2348c694ef0e4d9eee0eee1bd381,https://apps.hhs.texas.gov/providers/directories/dahs_issonly.xlsx,2026-09-30T19:14:30.613491+00:00,2026-09-29,,NO,9b4d5df1abfba71fa9f6cc744a7f8df80ff0f2e5afbc6f45aef04ad3c2c2b9c1
TH-ENRICH-TX-SENIOR-2026-09-30-IDR2,TX|HHSC|TX_DAHS_ISS_ONLY|007325,TX_DAHS_ISS_ONLY,007325,104,JANIE CLEMENTS INDUSTRIES,DAHS-ISSONLY,YES,NO,BROWN,3401 MILAM DRIVE,BROWNWOOD,TEXAS,76804,1de6e81addd37ea016be4c2cdbd50a08648f2348c694ef0e4d9eee0eee1bd381,https://apps.hhs.texas.gov/providers/directories/dahs_issonly.xlsx,2026-09-30T19:14:30.613491+00:00,2026-09-29,,NO,112a0bbd619d3b3f2295e8c0f57542d392c4ce3b583aa1c754f97bbd6cf3d81d
TH-ENRICH-TX-SENIOR-2026-09-30-IDR2,TX|HHSC|TX_DAHS_ISS_ONLY|110812,TX_DAHS_ISS_ONLY,110812,105,BROWNWOOD DAYHAB,DAHS-ISSONLY,YES,NO,BROWN,209 GARMON DR.,EARLY,TEXAS,76802,1de6e81addd37ea016be4c2cdbd50a08648f2348c694ef0e4d9eee0eee1bd381,https://apps.hhs.texas.gov/providers/directories/dahs_issonly.xlsx,2026-09-30T19:14:30.613491+00:00,2026-09-29,,NO,c1af0d80ff7a2111923179b909d10861ff7dc1757dadbe95732050ca7ae22505
TH-ENRICH-TX-SENIOR-2026-09-30-IDR2,TX|HHSC|TX_DAHS_ISS_ONLY|112068,TX_DAHS_ISS_ONLY,112068,106,THE ARC OF THE CAPITAL AREA,DAHS-ISSONLY,YES,NO,BURNET,4606 INNOVATION LOOP,MARBLE FALLS,TX,78654,1de6e81addd37ea016be4c2cdbd50a08648f2348c694ef0e4d9eee0eee1bd381,https://apps.hhs.texas.gov/providers/directories/dahs_issonly.xlsx,2026-09-30T19:14:30.613491+00:00,2026-09-29,,NO,2684665530b97a77477037658e6032040eeb9e94b7dbb560291e61693203ff02
TH-ENRICH-TX-SENIOR-2026-09-30-IDR2,TX|HHSC|TX_DAHS_ISS_ONLY|110874,TX_DAHS_ISS_ONLY,110874,107,LOVE ONE ANOTHER HOMES LLC,DAHS-ISSONLY,YES,NO,CALHOUN,376 DIERLAM ROAD,SEADRIFT,TX,77983,1de6e81addd37ea016be4c2cdbd50a08648f2348c694ef0e4d9eee0eee1bd381,https://apps.hhs.texas.gov/providers/directories/dahs_issonly.xlsx,2026-09-30T19:14:30.613491+00:00,2026-09-29,,NO,b3eaed0c71507c27c9da08c5db659a1dd4cdd037a35da31b79739b5cfa244f5e
TH-ENRICH-TX-SENIOR-2026-09-30-IDR2,TX|HHSC|TX_DAHS_ISS_ONLY|110810,TX_DAHS_ISS_ONLY,110810,108,HAPPY LIFE DAYCARE INC,DAHS-ISSONLY,YES,NO,CAMERON,795 PAREDES LINE RD SUITE C,BROWNSVILLE,TEXAS,78521,1de6e81addd37ea016be4c2cdbd50a08648f2348c694ef0e4d9eee0eee1bd381,https://apps.hhs.texas.gov/providers/directories/dahs_issonly.xlsx,2026-09-30T19:14:30.613491+00:00,2026-09-29,,NO,ff319f10de8db8a606f71a9ceb627d74c5a87c333b75d5a0af8967b92e418d7a
TH-ENRICH-TX-SENIOR-2026-09-30-IDR2,TX|HHSC|TX_DAHS_ISS_ONLY|111305,TX_DAHS_ISS_ONLY,111305,109,HELPING HANDS COMMUNITY CENTER INC,DAHS-ISSONLY,YES,NO,CAMERON,1940 PECAN ST,BROWNSVILLE,TX,78520,1de6e81addd37ea016be4c2cdbd50a08648f2348c694ef0e4d9eee0eee1bd381,https://apps.hhs.texas.gov/providers/directories/dahs_issonly.xlsx,2026-09-30T19:14:30.613491+00:00,2026-09-29,,NO,b0dc9b6bef1a3aae2b8b35e5b4c6638f60cc90e53064d4707df0ee233ce57048
TH-ENRICH-TX-SENIOR-2026-09-30-IDR2,TX|HHSC|TX_DAHS_ISS_ONLY|111099,TX_DAHS_ISS_ONLY,111099,110,IDEAL ISS LLC,DAHS-ISSONLY,YES,NO,CAMERON,835 N. EXPRESSWAY SUITE B,BROWNSVILLE,TX,78520,1de6e81addd37ea016be4c2cdbd50a08648f2348c694ef0e4d9eee0eee1bd381,https://apps.hhs.texas.gov/providers/directories/dahs_issonly.xlsx,2026-09-30T19:14:30.613491+00:00,2026-09-29,,NO,10a5c650f211a8b8993f95cfeadee7cfc50fd08ea50cf9aa726de4f278b45c45
TH-ENRICH-TX-SENIOR-2026-09-30-IDR2,TX|HHSC|TX_DAHS_ISS_ONLY|111039,TX_DAHS_ISS_ONLY,111039,111,LIFE CHOICES UNLIMITED INC BROWNSVILLE,DAHS-ISSONLY,YES,NO,CAMERON,2414 BOCA CHICA BLVD.,BROWNSVILLE,TX,78521,1de6e81addd37ea016be4c2cdbd50a08648f2348c694ef0e4d9eee0eee1bd381,https://apps.hhs.texas.gov/providers/directories/dahs_issonly.xlsx,2026-09-30T19:14:30.613491+00:00,2026-09-29,,NO,7ff0a63c1766ce3b5982b7cd6c9917dc5243e7215061dc4c21877a8f52c50a0a
TH-ENRICH-TX-SENIOR-2026-09-30-IDR2,TX|HHSC|TX_DAHS_ISS_ONLY|110951,TX_DAHS_ISS_ONLY,110951,112,"MINERVA G CORONADO, DBA FIG TREE HOME & COMMUNITYBASED SERVICES",DAHS-ISSONLY,YES,NO,CAMERON,"95 E PRICE RD, STE B2",BROWNSVILLE,TEXAS,78521,1de6e81addd37ea016be4c2cdbd50a08648f2348c694ef0e4d9eee0eee1bd381,https://apps.hhs.texas.gov/providers/directories/dahs_issonly.xlsx,2026-09-30T19:14:30.613491+00:00,2026-09-29,,NO,01cb99dcdf1fd571c86b536cbf38bb44f80564b08fab777a8ab7d086499914b4
TH-ENRICH-TX-SENIOR-2026-09-30-IDR2,TX|HHSC|TX_DAHS_ISS_ONLY|110746,TX_DAHS_ISS_ONLY,110746,113,SERENITY SPECIAL SERVICES INC,DAHS-ISSONLY,YES,NO,CAMERON,1885 E. PRICE RD. SUITE F,BROWNSVILLE,TEXAS,78521,1de6e81addd37ea016be4c2cdbd50a08648f2348c694ef0e4d9eee0eee1bd381,https://apps.hhs.texas.gov/providers/directories/dahs_issonly.xlsx,2026-09-30T19:14:30.613491+00:00,2026-09-29,,NO,6eb608482dd6e2d58ebc1f6ad67cf5cb21109bb0002e16dedcd6eac4d0aad4c8
TH-ENRICH-TX-SENIOR-2026-09-30-IDR2,TX|HHSC|TX_DAHS_ISS_ONLY|110991,TX_DAHS_ISS_ONLY,110991,114,WKCG INC,DAHS-ISSONLY,YES,NO,CAMERON,301 N. VERMILLION AVE,BROWNSVILLE,TEXAS,78521,1de6e81addd37ea016be4c2cdbd50a08648f2348c694ef0e4d9eee0eee1bd381,https://apps.hhs.texas.gov/providers/directories/dahs_issonly.xlsx,2026-09-30T19:14:30.613491+00:00,2026-09-29,,NO,96c5494b41e2bf7a73d65727b2d00064ecb9031810376f1ce655607d95a02dc9
TH-ENRICH-TX-SENIOR-2026-09-30-IDR2,TX|HHSC|TX_DAHS_ISS_ONLY|110835,TX_DAHS_ISS_ONLY,110835,115,EDUCARE COMMUNITY LIVING CORPORATION  GULF COAST,DAHS-ISSONLY,YES,NO,CAMERON,1401 NORTH 28TH STREET,HARLINGEN,TEXAS,78550,1de6e81addd37ea016be4c2cdbd50a08648f2348c694ef0e4d9eee0eee1bd381,https://apps.hhs.texas.gov/providers/directories/dahs_issonly.xlsx,2026-09-30T19:14:30.613491+00:00,2026-09-29,,NO,d7be08e8b05d990a4ab9c5b07d7ae419d4af8438f38528f2ddefbc70f6c169ba
TH-ENRICH-TX-SENIOR-2026-09-30-IDR2,TX|HHSC|TX_DAHS_ISS_ONLY|110853,TX_DAHS_ISS_ONLY,110853,116,HUMAN SERVICES CENTER,DAHS-ISSONLY,YES,NO,CAMERON,1209A NORTH 7TH STREET,HARLINGEN,TEXAS,78550,1de6e81addd37ea016be4c2cdbd50a08648f2348c694ef0e4d9eee0eee1bd381,https://apps.hhs.texas.gov/providers/directories/dahs_issonly.xlsx,2026-09-30T19:14:30.613491+00:00,2026-09-29,,NO,184e3138db4c49ec0bb7cb6f5ad1b7c7d88f566a14307a016bed7273ad15bfe2
TH-ENRICH-TX-SENIOR-2026-09-30-IDR2,TX|HHSC|TX_DAHS_ISS_ONLY|110751,TX_DAHS_ISS_ONLY,110751,117,LIFETIME LIVING AT JACKSON,DAHS-ISSONLY,YES,NO,CAMERON,519 E JACKSON AVE,HARLINGEN,TEXAS,78550,1de6e81addd37ea016be4c2cdbd50a08648f2348c694ef0e4d9eee0eee1bd381,https://apps.hhs.texas.gov/providers/directories/dahs_issonly.xlsx,2026-09-30T19:14:30.613491+00:00,2026-09-29,,NO,2a96e01abaada5afdf3cea4ba09121651884098591c139da501c8906f952b933
TH-ENRICH-TX-SENIOR-2026-09-30-IDR2,TX|HHSC|TX_DAHS_ISS_ONLY|112214,TX_DAHS_ISS_ONLY,112214,118,NEW BEGINNING HCSP LLC,DAHS-ISSONLY,YES,NO,CAMERON,2420 E. TYLER AVE,HARLINGEN,TEXAS,78550,1de6e81addd37ea016be4c2cdbd50a08648f2348c694ef0e4d9eee0eee1bd381,https://apps.hhs.texas.gov/providers/directories/dahs_issonly.xlsx,2026-09-30T19:14:30.613491+00:00,2026-09-29,,NO,d47f22e1d746f2bffee0abdb79a08aab870e5fe8eff1c132c0cf0ee3aaa4f7e3
TH-ENRICH-TX-SENIOR-2026-09-30-IDR2,TX|HHSC|TX_DAHS_ISS_ONLY|110708,TX_DAHS_ISS_ONLY,110708,119,NEW BEGINNING HCSP LLC,DAHS-ISSONLY,YES,NO,CAMERON,2617 S. 77 SUNSHINE STRIP,HARLINGEN,TEXAS,78550,1de6e81addd37ea016be4c2cdbd50a08648f2348c694ef0e4d9eee0eee1bd381,https://apps.hhs.texas.gov/providers/directories/dahs_issonly.xlsx,2026-09-30T19:14:30.613491+00:00,2026-09-29,,NO,6435d2dfc71ec88df961c7c83148ed10bb84280635793dbff5dd90a88c56be88
TH-ENRICH-TX-SENIOR-2026-09-30-IDR2,TX|HHSC|TX_DAHS_ISS_ONLY|110873,TX_DAHS_ISS_ONLY,110873,120,TEXAS HCS INC,DAHS-ISSONLY,YES,NO,CAMERON,2422 E TYLER AVE. SUITE B2,HARLINGEN,TEXAS,78550,1de6e81addd37ea016be4c2cdbd50a08648f2348c694ef0e4d9eee0eee1bd381,https://apps.hhs.texas.gov/providers/directories/dahs_issonly.xlsx,2026-09-30T19:14:30.613491+00:00,2026-09-29,,NO,7537fc6d49b0217bb85901fc3be0a574f9242aefa2ade8e84914057538a4d2ad
TH-ENRICH-TX-SENIOR-2026-09-30-IDR2,TX|HHSC|TX_DAHS_ISS_ONLY|111233,TX_DAHS_ISS_ONLY,111233,121,VALLEY FAMILY LTD,DAHS-ISSONLY,YES,NO,CAMERON,1514 S 77 SUNSHINE STRIP #25,HARLINGEN,TEXAS,78550,1de6e81addd37ea016be4c2cdbd50a08648f2348c694ef0e4d9eee0eee1bd381,https://apps.hhs.texas.gov/providers/directories/dahs_issonly.xlsx,2026-09-30T19:14:30.613491+00:00,2026-09-29,,NO,5a5e90099583f62a6487c572811d1d089fde0fe809cbd08037dbea0f60406d1e
TH-ENRICH-TX-SENIOR-2026-09-30-IDR2,TX|HHSC|TX_DAHS_ISS_ONLY|111396,TX_DAHS_ISS_ONLY,111396,122,CAMP COUNTY SERVICE INDUSTRIES,DAHS-ISSONLY,YES,NO,CAMP,523 ELM,PITTSBURG,TEXAS,75686,1de6e81addd37ea016be4c2cdbd50a08648f2348c694ef0e4d9eee0eee1bd381,https://apps.hhs.texas.gov/providers/directories/dahs_issonly.xlsx,2026-09-30T19:14:30.613491+00:00,2026-09-29,,NO,a5a52081d60b99c96306fe87f76411ea5518abdcdb690f9633aa1d95b014ac0d
TH-ENRICH-TX-SENIOR-2026-09-30-IDR2,TX|HHSC|TX_DAHS_ISS_ONLY|111805,TX_DAHS_ISS_ONLY,111805,123,"FOREVER GROWING INSTITUTE, INC",DAHS-ISSONLY,YES,NO,CASS,307 NORTH LOUISE ST. SUITE B,ATLANTA,TEXAS,75551,1de6e81addd37ea016be4c2cdbd50a08648f2348c694ef0e4d9eee0eee1bd381,https://apps.hhs.texas.gov/providers/directories/dahs_issonly.xlsx,2026-09-30T19:14:30.613491+00:00,2026-09-29,,NO,580bbd76016dde86bc0dbdb43d7b09d39b5a6a891ada3997afd9fa9417e81ddf
TH-ENRICH-TX-SENIOR-2026-09-30-IDR2,TX|HHSC|TX_DAHS_ISS_ONLY|111940,TX_DAHS_ISS_ONLY,111940,124,A HOME AWAY FROM HOME EAST TEXAS LLC,DAHS-ISSONLY,YES,NO,CASS,59 COUNTY ROAD 1795,JEFFERSON,TEXAS,75657,1de6e81addd37ea016be4c2cdbd50a08648f2348c694ef0e4d9eee0eee1bd381,https://apps.hhs.texas.gov/providers/directories/dahs_issonly.xlsx,2026-09-30T19:14:30.613491+00:00,2026-09-29,,NO,63435cf9d75256f75827261bc39629fa5a21428ec544349ad88bd17a7c093f53
TH-ENRICH-TX-SENIOR-2026-09-30-IDR2,TX|HHSC|TX_DAHS_ISS_ONLY|110732,TX_DAHS_ISS_ONLY,110732,125,GATEWAY COMMUNITY PARTNERS INC,DAHS-ISSONLY,YES,NO,CHEROKEE,417 SE LOOP 456,JACKSONVILLE,TEXAS,75766,1de6e81addd37ea016be4c2cdbd50a08648f2348c694ef0e4d9eee0eee1bd381,https://apps.hhs.texas.gov/providers/directories/dahs_issonly.xlsx,2026-09-30T19:14:30.613491+00:00,2026-09-29,,NO,2828fca1fd60c7d8da1424993084e8a4fa35f747f758da885494d4b8a2cf18cb
TH-ENRICH-TX-SENIOR-2026-09-30-IDR2,TX|HHSC|TX_DAHS_ISS_ONLY|111627,TX_DAHS_ISS_ONLY,111627,126,ALCOVE CARE INC,DAHS-ISSONLY,YES,NO,COCHRAN,106 SW 5TH STREET,MORTON,TEXAS,79346,1de6e81addd37ea016be4c2cdbd50a08648f2348c694ef0e4d9eee0eee1bd381,https://apps.hhs.texas.gov/providers/directories/dahs_issonly.xlsx,2026-09-30T19:14:30.613491+00:00,2026-09-29,,NO,ea227878619f77a34242ab11c701dae92d190d447b81cfe26b7b014045893f5f
TH-ENRICH-TX-SENIOR-2026-09-30-IDR2,TX|HHSC|TX_DAHS_ISS_ONLY|110900,TX_DAHS_ISS_ONLY,110900,127,CENTRAL TEXAS MHMR CENTER DBA COLEMAN WORKSHOP,DAHS-ISSONLY,YES,NO,COLEMAN,100 E LIVE OAK,COLEMAN,TEXAS,76834,1de6e81addd37ea016be4c2cdbd50a08648f2348c694ef0e4d9eee0eee1bd381,https://apps.hhs.texas.gov/providers/directories/dahs_issonly.xlsx,2026-09-30T19:14:30.613491+00:00,2026-09-29,,NO,8b1d5076bac6e92ae35ceaf053ac0b8f52b77431684f02d963157e4547420255
TH-ENRICH-TX-SENIOR-2026-09-30-IDR2,TX|HHSC|TX_DAHS_ISS_ONLY|111093,TX_DAHS_ISS_ONLY,111093,128,EVERYONE'S DAY HAB,DAHS-ISSONLY,YES,NO,COLLIN,1228 E EXCHANGE PKWY. STE. 118,ALLEN,TEXAS,75002,1de6e81addd37ea016be4c2cdbd50a08648f2348c694ef0e4d9eee0eee1bd381,https://apps.hhs.texas.gov/providers/directories/dahs_issonly.xlsx,2026-09-30T19:14:30.613491+00:00,2026-09-29,,NO,31b3b1537dd3caedd938fb66119999ca9a642489fb0a8add90d53e0c4763bea5
TH-ENRICH-TX-SENIOR-2026-09-30-IDR2,TX|HHSC|TX_DAHS_ISS_ONLY|111372,TX_DAHS_ISS_ONLY,111372,129,JUDY SIMPSON,DAHS-ISSONLY,YES,NO,COLLIN,1009 MATHEW DR,ANNA,TX,75409,1de6e81addd37ea016be4c2cdbd50a08648f2348c694ef0e4d9eee0eee1bd381,https://apps.hhs.texas.gov/providers/directories/dahs_issonly.xlsx,2026-09-30T19:14:30.613491+00:00,2026-09-29,,NO,70e2876b6c3a789e782bc42a465a6dbda1c5d5f0180165e5e381d0cb8bab040f
TH-ENRICH-TX-SENIOR-2026-09-30-IDR2,TX|HHSC|TX_DAHS_ISS_ONLY|112187,TX_DAHS_ISS_ONLY,112187,130,TAYLOR'S GIFT FARM,DAHS-ISSONLY,YES,NO,COLLIN,6160 WARREN PARKWAY STE 100,FRISCO,TEXAS,75034,1de6e81addd37ea016be4c2cdbd50a08648f2348c694ef0e4d9eee0eee1bd381,https://apps.hhs.texas.gov/providers/directories/dahs_issonly.xlsx,2026-09-30T19:14:30.613491+00:00,2026-09-29,,NO,1812d82b71f6098fb8ca49aa712d7de1f0bdf767e8e3dd66c4057fb4b0178266
TH-ENRICH-TX-SENIOR-2026-09-30-IDR2,TX|HHSC|TX_DAHS_ISS_ONLY|111524,TX_DAHS_ISS_ONLY,111524,131,MCKINNEYMCDONALD ONSITE ISS,DAHS-ISSONLY,YES,NO,COLLIN,901 N. MCDONALD ST. SUITE 206,MCKINNEY,TEXAS,75069,1de6e81addd37ea016be4c2cdbd50a08648f2348c694ef0e4d9eee0eee1bd381,https://apps.hhs.texas.gov/providers/directories/dahs_issonly.xlsx,2026-09-30T19:14:30.613491+00:00,2026-09-29,,NO,8b066f6ffbee7adaf3e72af37a26225f4a5296e93200f7ffc4f4faed393f3f87
TH-ENRICH-TX-SENIOR-2026-09-30-IDR2,TX|HHSC|TX_DAHS_ISS_ONLY|110762,TX_DAHS_ISS_ONLY,110762,132,MDCS DAY HABILITATION LLC,DAHS-ISSONLY,YES,NO,COLLIN,2414 W UNIVERSITY DR STE 200,MCKINNEY,TX,75071,1de6e81addd37ea016be4c2cdbd50a08648f2348c694ef0e4d9eee0eee1bd381,https://apps.hhs.texas.gov/providers/directories/dahs_issonly.xlsx,2026-09-30T19:14:30.613491+00:00,2026-09-29,,NO,b2f02e064c55db4c84e3e413e8333dda049d7f6673727301e1a0bb2b3d397dde
TH-ENRICH-TX-SENIOR-2026-09-30-IDR2,TX|HHSC|TX_DAHS_ISS_ONLY|111451,TX_DAHS_ISS_ONLY,111451,133,SPECIAL DAYS LLC,DAHS-ISSONLY,YES,NO,COLLIN,5850 COLLIN MCKINNEY PARKWAY SUITE 502,MCKINNEY,TEXAS,75070,1de6e81addd37ea016be4c2cdbd50a08648f2348c694ef0e4d9eee0eee1bd381,https://apps.hhs.texas.gov/providers/directories/dahs_issonly.xlsx,2026-09-30T19:14:30.613491+00:00,2026-09-29,,NO,093759de30d39fe0cd7cf0d29621fd096048d15a44ca38ce4b90d25400044c7c
TH-ENRICH-TX-SENIOR-2026-09-30-IDR2,TX|HHSC|TX_DAHS_ISS_ONLY|112202,TX_DAHS_ISS_ONLY,112202,134,ALTRUISTIC,DAHS-ISSONLY,YES,NO,COLLIN,3709 OHIO DR,PLANO,TEXAS,75093,1de6e81addd37ea016be4c2cdbd50a08648f2348c694ef0e4d9eee0eee1bd381,https://apps.hhs.texas.gov/providers/directories/dahs_issonly.xlsx,2026-09-30T19:14:30.613491+00:00,2026-09-29,,NO,9f509acb40462b759daa154f1b4fe77df8dad331ce3699d86fb9bba73b9ec165
TH-ENRICH-TX-SENIOR-2026-09-30-IDR2,TX|HHSC|TX_DAHS_ISS_ONLY|111676,TX_DAHS_ISS_ONLY,111676,135,ALTRUISTIC,DAHS-ISSONLY,YES,NO,COLLIN,"600 DATA DR, UNIT 200",PLANO,TEXAS,75075,1de6e81addd37ea016be4c2cdbd50a08648f2348c694ef0e4d9eee0eee1bd381,https://apps.hhs.texas.gov/providers/directories/dahs_issonly.xlsx,2026-09-30T19:14:30.613491+00:00,2026-09-29,,NO,8b18bd915645d2afe488bde0439a0999b1a00f3ef0dcd3709bb229ad6520ab0f
TH-ENRICH-TX-SENIOR-2026-09-30-IDR2,TX|HHSC|TX_DAHS_ISS_ONLY|111015,TX_DAHS_ISS_ONLY,111015,136,ALTRUISTIC,DAHS-ISSONLY,YES,NO,COLLIN,2300 COIT RD STE 250,PLANO,TX,75075,1de6e81addd37ea016be4c2cdbd50a08648f2348c694ef0e4d9eee0eee1bd381,https://apps.hhs.texas.gov/providers/directories/dahs_issonly.xlsx,2026-09-30T19:14:30.613491+00:00,2026-09-29,,NO,878c56808fae9c4c39c9cca63ca5d8ac7ee1c62da00074dfa2e32279d19d5512
TH-ENRICH-TX-SENIOR-2026-09-30-IDR2,TX|HHSC|TX_DAHS_ISS_ONLY|111324,TX_DAHS_ISS_ONLY,111324,137,HANGOUTS & ADVENTURES,DAHS-ISSONLY,YES,NO,COLLIN,2001 E SPRING CREEK PKWY #6304,PLANO,TEXAS,75074,1de6e81addd37ea016be4c2cdbd50a08648f2348c694ef0e4d9eee0eee1bd381,https://apps.hhs.texas.gov/providers/directories/dahs_issonly.xlsx,2026-09-30T19:14:30.613491+00:00,2026-09-29,,NO,c1074241dfc6bb87f4ae2cd9a30e7e619985632dc3de82633ac677911fae33c1
TH-ENRICH-TX-SENIOR-2026-09-30-IDR2,TX|HHSC|TX_DAHS_ISS_ONLY|112062,TX_DAHS_ISS_ONLY,112062,138,"HEARTLAND ACADEMY OF TEXAS, LLC",DAHS-ISSONLY,YES,NO,COLLIN,"5170 VILLAGE CREEK DRIVE, SUITE 100",PLANO,TEXAS,75093,1de6e81addd37ea016be4c2cdbd50a08648f2348c694ef0e4d9eee0eee1bd381,https://apps.hhs.texas.gov/providers/directories/dahs_issonly.xlsx,2026-09-30T19:14:30.613491+00:00,2026-09-29,,NO,9a23768a899f3151978b0dd44697bcc2965fc917c7cf470197ebfe3b97cf5561
TH-ENRICH-TX-SENIOR-2026-09-30-IDR2,TX|HHSC|TX_DAHS_ISS_ONLY|111070,TX_DAHS_ISS_ONLY,111070,139,MY POSSIBILITIES,DAHS-ISSONLY,YES,NO,COLLIN,3601 MAPLESHADE LN,PLANO,TEXAS,75075,1de6e81addd37ea016be4c2cdbd50a08648f2348c694ef0e4d9eee0eee1bd381,https://apps.hhs.texas.gov/providers/directories/dahs_issonly.xlsx,2026-09-30T19:14:30.613491+00:00,2026-09-29,,NO,7460378deb979136a6e52e9bd99dba6be4bad41638953982edf3eb9fba2d980e
TH-ENRICH-TX-SENIOR-2026-09-30-IDR2,TX|HHSC|TX_DAHS_ISS_ONLY|111313,TX_DAHS_ISS_ONLY,111313,140,SPECIAL SKILLS ACADEMY,DAHS-ISSONLY,YES,NO,COLLIN,2621 SUMMIT AVE. SUITE 400,PLANO,TEXAS,75074,1de6e81addd37ea016be4c2cdbd50a08648f2348c694ef0e4d9eee0eee1bd381,https://apps.hhs.texas.gov/providers/directories/dahs_issonly.xlsx,2026-09-30T19:14:30.613491+00:00,2026-09-29,,NO,96f0453de7e10c553375c33bed1cba67e5679249c7c624131ad3f0d36a300974
TH-ENRICH-TX-SENIOR-2026-09-30-IDR2,TX|HHSC|TX_DAHS_ISS_ONLY|111425,TX_DAHS_ISS_ONLY,111425,141,TERRY FUNG,DAHS-ISSONLY,YES,NO,COLLIN,3801 CROSS BEND RD,PLANO,TEXAS,75023,1de6e81addd37ea016be4c2cdbd50a08648f2348c694ef0e4d9eee0eee1bd381,https://apps.hhs.texas.gov/providers/directories/dahs_issonly.xlsx,2026-09-30T19:14:30.613491+00:00,2026-09-29,,NO,68ad7b302dc403665ac52a1e44294808c9526ac2c097f31a2aade21109fed6d7
TH-ENRICH-TX-SENIOR-2026-09-30-IDR2,TX|HHSC|TX_DAHS_ISS_ONLY|110819,TX_DAHS_ISS_ONLY,110819,142,THE AVENUE,DAHS-ISSONLY,YES,NO,COLLIN,1121 F AVENUE,PLANO,TX,75074,1de6e81addd37ea016be4c2cdbd50a08648f2348c694ef0e4d9eee0eee1bd381,https://apps.hhs.texas.gov/providers/directories/dahs_issonly.xlsx,2026-09-30T19:14:30.613491+00:00,2026-09-29,,NO,fbda382f352f2ddde9291cebc85437068d0ab9f5742e4caf8612ac895fd84dc2
TH-ENRICH-TX-SENIOR-2026-09-30-IDR2,TX|HHSC|TX_DAHS_ISS_ONLY|111800,TX_DAHS_ISS_ONLY,111800,143,SUNSHINE ADVENTURE DAYHAB,DAHS-ISSONLY,YES,NO,COLLIN,1112 COUNTY ROAD 490,PRINCETON,TX,75407,1de6e81addd37ea016be4c2cdbd50a08648f2348c694ef0e4d9eee0eee1bd381,https://apps.hhs.texas.gov/providers/directories/dahs_issonly.xlsx,2026-09-30T19:14:30.613491+00:00,2026-09-29,,NO,c05d0af3a3039fe525e70cba984aaf59b132ee4a64066badeff07e6bb7b389fa
TH-ENRICH-TX-SENIOR-2026-09-30-IDR2,TX|HHSC|TX_DAHS_ISS_ONLY|111710,TX_DAHS_ISS_ONLY,111710,144,RIGHTCHOICECARE LLC,DAHS-ISSONLY,YES,NO,COLLIN,291 S PRESTON RD SUITE 510,PROSPER,TX,75078,1de6e81addd37ea016be4c2cdbd50a08648f2348c694ef0e4d9eee0eee1bd381,https://apps.hhs.texas.gov/providers/directories/dahs_issonly.xlsx,2026-09-30T19:14:30.613491+00:00,2026-09-29,,NO,9aeeb186f5457b31e0ca1a1ca4acdff26b306649c41b0d0fbd679a8ce71b10e9
TH-ENRICH-TX-SENIOR-2026-09-30-IDR2,TX|HHSC|TX_DAHS_ISS_ONLY|111739,TX_DAHS_ISS_ONLY,111739,145,BEYOND CARE LLC,DAHS-ISSONLY,YES,NO,COLLIN,"3201 FM 544,",WYLIE,TEXAS,75098,1de6e81addd37ea016be4c2cdbd50a08648f2348c694ef0e4d9eee0eee1bd381,https://apps.hhs.texas.gov/providers/directories/dahs_issonly.xlsx,2026-09-30T19:14:30.613491+00:00,2026-09-29,,NO,cf129a6a8b4c17a18054291396d1281d07dda21336f3ee56cb84deb35c8f2fd5
TH-ENRICH-TX-SENIOR-2026-09-30-IDR2,TX|HHSC|TX_DAHS_ISS_ONLY|111958,TX_DAHS_ISS_ONLY,111958,146,BRYANNA C MORENO,DAHS-ISSONLY,YES,NO,COMAL,1532 AGAVE CELLAR,NEW BRAUNFELS,TX,78130,1de6e81addd37ea016be4c2cdbd50a08648f2348c694ef0e4d9eee0eee1bd381,https://apps.hhs.texas.gov/providers/directories/dahs_issonly.xlsx,2026-09-30T19:14:30.613491+00:00,2026-09-29,,NO,ad958ee2b0dbc95e2a8b2733ee5098d95723d0dfaeb23fc08787fc104fdce11f
TH-ENRICH-TX-SENIOR-2026-09-30-IDR2,TX|HHSC|TX_DAHS_ISS_ONLY|110714,TX_DAHS_ISS_ONLY,110714,147,"CAMP CUMMINS ACTIVITY CENTER, LLC",DAHS-ISSONLY,YES,NO,COMAL,241 SOUTH BUSINESS 35,NEW BRAUNFELS,TEXAS,78130,1de6e81addd37ea016be4c2cdbd50a08648f2348c694ef0e4d9eee0eee1bd381,https://apps.hhs.texas.gov/providers/directories/dahs_issonly.xlsx,2026-09-30T19:14:30.613491+00:00,2026-09-29,,NO,d550d7c5768b7ac4085c6d8cbc7bc6478b00164311e085177ec2fa2e2687b03b
TH-ENRICH-TX-SENIOR-2026-09-30-IDR2,TX|HHSC|TX_DAHS_ISS_ONLY|111814,TX_DAHS_ISS_ONLY,111814,148,"FOREVER GROWING INSTITUTE, INC",DAHS-ISSONLY,YES,NO,COMAL,511 E. NORTH ST.,NEW BRAUNFELS,TEXAS,78130,1de6e81addd37ea016be4c2cdbd50a08648f2348c694ef0e4d9eee0eee1bd381,https://apps.hhs.texas.gov/providers/directories/dahs_issonly.xlsx,2026-09-30T19:14:30.613491+00:00,2026-09-29,,NO,776ed1b190eca4766b6e610f68d69f7d43dcab73349c9969e59474f4f3bf0a84
TH-ENRICH-TX-SENIOR-2026-09-30-IDR2,TX|HHSC|TX_DAHS_ISS_ONLY|110754,TX_DAHS_ISS_ONLY,110754,149,LIFETIME LIVING AT NEW BRAUNFELS,DAHS-ISSONLY,YES,NO,COMAL,336 LANDA ST,NEW BRAUNFELS,TEXAS,78130,1de6e81addd37ea016be4c2cdbd50a08648f2348c694ef0e4d9eee0eee1bd381,https://apps.hhs.texas.gov/providers/directories/dahs_issonly.xlsx,2026-09-30T19:14:30.613491+00:00,2026-09-29,,NO,ed9fe65af656fa4db94dc0f48ce02927f7a2fe60701d53d95ace0e7e32dc1048
TH-ENRICH-TX-SENIOR-2026-09-30-IDR2,TX|HHSC|TX_DAHS_ISS_ONLY|110933,TX_DAHS_ISS_ONLY,110933,150,SAN ANTONIO DAYHAB,DAHS-ISSONLY,YES,NO,COMAL,750 RUSK AVE,NEW BRAUNFELS,TEXAS,78130,1de6e81addd37ea016be4c2cdbd50a08648f2348c694ef0e4d9eee0eee1bd381,https://apps.hhs.texas.gov/providers/directories/dahs_issonly.xlsx,2026-09-30T19:14:30.613491+00:00,2026-09-29,,NO,f8673ac2e9f17d7d3dc2b83c4a3e5033bf04007bb1a3414e907da56f6ec9c500
TH-ENRICH-TX-SENIOR-2026-09-30-IDR2,TX|HHSC|TX_DAHS_ISS_ONLY|110818,TX_DAHS_ISS_ONLY,110818,151,CENTRAL TEXAS MHMR CENTER DBA BILL DOGGETT,DAHS-ISSONLY,YES,NO,COMANCHE,1009 S AUSTIN,COMANCHE,TEXAS,76442,1de6e81addd37ea016be4c2cdbd50a08648f2348c694ef0e4d9eee0eee1bd381,https://apps.hhs.texas.gov/providers/directories/dahs_issonly.xlsx,2026-09-30T19:14:30.613491+00:00,2026-09-29,,NO,a7e803018ce3da85355024cbf6e2e194c11062f0ed4271f3daf03419938beaab
TH-ENRICH-TX-SENIOR-2026-09-30-IDR2,TX|HHSC|TX_DAHS_ISS_ONLY|111796,TX_DAHS_ISS_ONLY,111796,152,ALLI ENTERPRISES LLC,DAHS-ISSONLY,YES,NO,CORYELL,1302 S FM 116,COPPERAS COVE,TX,76522,1de6e81addd37ea016be4c2cdbd50a08648f2348c694ef0e4d9eee0eee1bd381,https://apps.hhs.texas.gov/providers/directories/dahs_issonly.xlsx,2026-09-30T19:14:30.613491+00:00,2026-09-29,,NO,b30fa165f8cbe05fd27b64271f0ba10dab277feb1028f2049f3778635a731e58
TH-ENRICH-TX-SENIOR-2026-09-30-IDR2,TX|HHSC|TX_DAHS_ISS_ONLY|110806,TX_DAHS_ISS_ONLY,110806,153,CARING PATHWAYS OF CARROLLTON,DAHS-ISSONLY,YES,NO,DALLAS,2150 N. JOSEY LANE #318,CARROLLTON,TX,75006,1de6e81addd37ea016be4c2cdbd50a08648f2348c694ef0e4d9eee0eee1bd381,https://apps.hhs.texas.gov/providers/directories/dahs_issonly.xlsx,2026-09-30T19:14:30.613491+00:00,2026-09-29,,NO,f6e741a43889181f63492c4adc573475092494bc38ac379e34ee3a3b0eab0dc3
TH-ENRICH-TX-SENIOR-2026-09-30-IDR2,TX|HHSC|TX_DAHS_ISS_ONLY|111018,TX_DAHS_ISS_ONLY,111018,154,CARROLLTON DAYHAB,DAHS-ISSONLY,YES,NO,DALLAS,2105 LUNA ROAD SUITE # 320,CARROLLTON,TEXAS,75006,1de6e81addd37ea016be4c2cdbd50a08648f2348c694ef0e4d9eee0eee1bd381,https://apps.hhs.texas.gov/providers/directories/dahs_issonly.xlsx,2026-09-30T19:14:30.613491+00:00,2026-09-29,,NO,c2af75846bc4b89c53ab751214e8cded1a8b9c0c4acb6e2d68b5c03ba82c6345
TH-ENRICH-TX-SENIOR-2026-09-30-IDR2,TX|HHSC|TX_DAHS_ISS_ONLY|111690,TX_DAHS_ISS_ONLY,111690,155,"A TIME TO CARE, INC",DAHS-ISSONLY,YES,NO,DALLAS,1009 ARIES ST,CEDAR HILL,TX,75104,1de6e81addd37ea016be4c2cdbd50a08648f2348c694ef0e4d9eee0eee1bd381,https://apps.hhs.texas.gov/providers/directories/dahs_issonly.xlsx,2026-09-30T19:14:30.613491+00:00,2026-09-29,,NO,e0227077d75cbd2cc722e092c93459a4b0b2a730a5a506ef83aa431b3551b11c
TH-ENRICH-TX-SENIOR-2026-09-30-IDR2,TX|HHSC|TX_DAHS_ISS_ONLY|112018,TX_DAHS_ISS_ONLY,112018,156,ACTIVE ACHIEVERS LLC,DAHS-ISSONLY,YES,NO,DALLAS,1102 HAMPSHIRE LN,CEDAR HILL,TX,75104,1de6e81addd37ea016be4c2cdbd50a08648f2348c694ef0e4d9eee0eee1bd381,https://apps.hhs.texas.gov/providers/directories/dahs_issonly.xlsx,2026-09-30T19:14:30.613491+00:00,2026-09-29,,NO,a437b7eb88a28b68b61a2515ca0ab99156cab332370714b8d1e0bc21fff76c90
TH-ENRICH-TX-SENIOR-2026-09-30-IDR2,TX|HHSC|TX_DAHS_ISS_ONLY|111056,TX_DAHS_ISS_ONLY,111056,157,HIGH RISE DAY HABILITATION CENTER,DAHS-ISSONLY,YES,NO,DALLAS,128 N. ROBERTS RD.,CEDAR HILL,TEXAS,75104,1de6e81addd37ea016be4c2cdbd50a08648f2348c694ef0e4d9eee0eee1bd381,https://apps.hhs.texas.gov/providers/directories/dahs_issonly.xlsx,2026-09-30T19:14:30.613491+00:00,2026-09-29,,NO,603805300236e3dcd1f9f6410b10f1e35fdc9710eff994e5acfcac0c8db33a8d
TH-ENRICH-TX-SENIOR-2026-09-30-IDR2,TX|HHSC|TX_DAHS_ISS_ONLY|112151,TX_DAHS_ISS_ONLY,112151,158,"1DERFULL TIMES, LLC",DAHS-ISSONLY,YES,NO,DALLAS,3911 S. LANCASTER RD  STE 100,DALLAS,TEXAS,75216,1de6e81addd37ea016be4c2cdbd50a08648f2348c694ef0e4d9eee0eee1bd381,https://apps.hhs.texas.gov/providers/directories/dahs_issonly.xlsx,2026-09-30T19:14:30.613491+00:00,2026-09-29,,NO,72565e27a9fa2acb0fd26bc0981cd480066c378aa940a6f7dfaccf81e7492f78
TH-ENRICH-TX-SENIOR-2026-09-30-IDR2,TX|HHSC|TX_DAHS_ISS_ONLY|111518,TX_DAHS_ISS_ONLY,111518,159,1ST CHOICE DAY HAB,DAHS-ISSONLY,YES,NO,DALLAS,4210 S. WESTMORELAND RD.,DALLAS,TEXAS,75233,1de6e81addd37ea016be4c2cdbd50a08648f2348c694ef0e4d9eee0eee1bd381,https://apps.hhs.texas.gov/providers/directories/dahs_issonly.xlsx,2026-09-30T19:14:30.613491+00:00,2026-09-29,,NO,2a824578884db9a764839b10bb016b310f694a2635f57a14445c22e9e14de9ed
TH-ENRICH-TX-SENIOR-2026-09-30-IDR2,TX|HHSC|TX_DAHS_ISS_ONLY|111802,TX_DAHS_ISS_ONLY,111802,160,A DESTINY'S ROSE HCS INC,DAHS-ISSONLY,YES,NO,DALLAS,6330 S. LANCASTER RD,DALLAS,TX,75241,1de6e81addd37ea016be4c2cdbd50a08648f2348c694ef0e4d9eee0eee1bd381,https://apps.hhs.texas.gov/providers/directories/dahs_issonly.xlsx,2026-09-30T19:14:30.613491+00:00,2026-09-29,,NO,f729a6101a873fe87b9f1bedb6eb083a0339ae72d107ba6444a60638141d98e3
TH-ENRICH-TX-SENIOR-2026-09-30-IDR2,TX|HHSC|TX_DAHS_ISS_ONLY|111003,TX_DAHS_ISS_ONLY,111003,161,A FRIEND OF A FRIEND DAY HAB,DAHS-ISSONLY,YES,NO,DALLAS,5203 BEXAR STREET STE 1,DALLAS,TEXAS,75215,1de6e81addd37ea016be4c2cdbd50a08648f2348c694ef0e4d9eee0eee1bd381,https://apps.hhs.texas.gov/providers/directories/dahs_issonly.xlsx,2026-09-30T19:14:30.613491+00:00,2026-09-29,,NO,0c7bd0ba0b256b6bfa0b3c625f4f21ba80fef98bc25ff46a94454b31fe5fc5a4
TH-ENRICH-TX-SENIOR-2026-09-30-IDR2,TX|HHSC|TX_DAHS_ISS_ONLY|110977,TX_DAHS_ISS_ONLY,110977,162,A HIGHER LEARNING ACTIVITY CENTER INC,DAHS-ISSONLY,YES,NO,DALLAS,1150 EMPIRE CENTRAL PL #106,DALLAS,TEXAS,75247,1de6e81addd37ea016be4c2cdbd50a08648f2348c694ef0e4d9eee0eee1bd381,https://apps.hhs.texas.gov/providers/directories/dahs_issonly.xlsx,2026-09-30T19:14:30.613491+00:00,2026-09-29,,NO,d3210a298dfa568f41acb7dcc77ccbf4b370937e0a7d69465f9869176bef4c1a
TH-ENRICH-TX-SENIOR-2026-09-30-IDR2,TX|HHSC|TX_DAHS_ISS_ONLY|111287,TX_DAHS_ISS_ONLY,111287,163,ABUNDANT LIFE HCS COMPANY,DAHS-ISSONLY,YES,NO,DALLAS,4575 SOUTH WESTMORELAND ROAD,DALLAS,TEXAS,75237,1de6e81addd37ea016be4c2cdbd50a08648f2348c694ef0e4d9eee0eee1bd381,https://apps.hhs.texas.gov/providers/directories/dahs_issonly.xlsx,2026-09-30T19:14:30.613491+00:00,2026-09-29,,NO,fea7c06a451c5233d5b7d197c9869252dc608ac8748a9078d74a417413c0c055
TH-ENRICH-TX-SENIOR-2026-09-30-IDR2,TX|HHSC|TX_DAHS_ISS_ONLY|111178,TX_DAHS_ISS_ONLY,111178,164,AN ANGEL'S TOUCH HCS INC,DAHS-ISSONLY,YES,NO,DALLAS,5409 N JIM ROAD STE 209 & 213,DALLAS,TEXAS,75227,1de6e81addd37ea016be4c2cdbd50a08648f2348c694ef0e4d9eee0eee1bd381,https://apps.hhs.texas.gov/providers/directories/dahs_issonly.xlsx,2026-09-30T19:14:30.613491+00:00,2026-09-29,,NO,470609f608685f200d4d21813284e63c1f377a5edb02ed6a1c0a277190a3e8de
TH-ENRICH-TX-SENIOR-2026-09-30-IDR2,TX|HHSC|TX_DAHS_ISS_ONLY|111046,TX_DAHS_ISS_ONLY,111046,165,AUTISTIC TREATMENT CENTER INC,DAHS-ISSONLY,YES,NO,DALLAS,10503 METRIC DRIVE,DALLAS,TEXAS,75243,1de6e81addd37ea016be4c2cdbd50a08648f2348c694ef0e4d9eee0eee1bd381,https://apps.hhs.texas.gov/providers/directories/dahs_issonly.xlsx,2026-09-30T19:14:30.613491+00:00,2026-09-29,,NO,082ba46af8698d7ffded34e87c41fc4746e549dbcb23f881da8a84c6e90d1958
TH-ENRICH-TX-SENIOR-2026-09-30-IDR2,TX|HHSC|TX_DAHS_ISS_ONLY|111037,TX_DAHS_ISS_ONLY,111037,166,"AUTISTIC TREATMENT CENTER, INC",DAHS-ISSONLY,YES,NO,DALLAS,10610 METRIC DRIVE SUITE 102,DALLAS,TX,75243,1de6e81addd37ea016be4c2cdbd50a08648f2348c694ef0e4d9eee0eee1bd381,https://apps.hhs.texas.gov/providers/directories/dahs_issonly.xlsx,2026-09-30T19:14:30.613491+00:00,2026-09-29,,NO,1f2683b149fcba6d9f256fdf329ddb9a5b441919aac29adb526416432469751a
TH-ENRICH-TX-SENIOR-2026-09-30-IDR2,TX|HHSC|TX_DAHS_ISS_ONLY|111454,TX_DAHS_ISS_ONLY,111454,167,"CHRISTIAN HEIGHTS COMMUNITY CARE, INC",DAHS-ISSONLY,YES,NO,DALLAS,4710 WADSWORTH DRIVE,DALLAS,TEXAS,75216,1de6e81addd37ea016be4c2cdbd50a08648f2348c694ef0e4d9eee0eee1bd381,https://apps.hhs.texas.gov/providers/directories/dahs_issonly.xlsx,2026-09-30T19:14:30.613491+00:00,2026-09-29,,NO,cd5e081d3e866a4154baec3f18c433f52553a067c1abae54f9e71de204ab1e27
TH-ENRICH-TX-SENIOR-2026-09-30-IDR2,TX|HHSC|TX_DAHS_ISS_ONLY|110802,TX_DAHS_ISS_ONLY,110802,168,CITIZENS DEVELOPMENT CENTER,DAHS-ISSONLY,YES,NO,DALLAS,8800 AMBASSADOR ROW,DALLAS,TEXAS,75247,1de6e81addd37ea016be4c2cdbd50a08648f2348c694ef0e4d9eee0eee1bd381,https://apps.hhs.texas.gov/providers/directories/dahs_issonly.xlsx,2026-09-30T19:14:30.613491+00:00,2026-09-29,,NO,4164e063e894bf4dd461afbbcb05705e48105309e7f0bee07037f747a48859b4
TH-ENRICH-TX-SENIOR-2026-09-30-IDR2,TX|HHSC|TX_DAHS_ISS_ONLY|111113,TX_DAHS_ISS_ONLY,111113,169,COMMUNITY HOMES FOR ADULTS INC,DAHS-ISSONLY,YES,NO,DALLAS,7900 NORTHAVEN ROAD,DALLAS,TEXAS,75230,1de6e81addd37ea016be4c2cdbd50a08648f2348c694ef0e4d9eee0eee1bd381,https://apps.hhs.texas.gov/providers/directories/dahs_issonly.xlsx,2026-09-30T19:14:30.613491+00:00,2026-09-29,,NO,29cb05950b43b8fc02425f63ab8a28516d97304fc520aaa4a8690731c6a39708
TH-ENRICH-TX-SENIOR-2026-09-30-IDR2,TX|HHSC|TX_DAHS_ISS_ONLY|112178,TX_DAHS_ISS_ONLY,112178,170,"COMMUNITY OPTIONS, INC",DAHS-ISSONLY,YES,NO,DALLAS,5050 QUORUM DRIVE SUITE 700,DALLAS,TEXAS,75254,1de6e81addd37ea016be4c2cdbd50a08648f2348c694ef0e4d9eee0eee1bd381,https://apps.hhs.texas.gov/providers/directories/dahs_issonly.xlsx,2026-09-30T19:14:30.613491+00:00,2026-09-29,,NO,976c4ff7f135e4aa2a7fe13e409e3a501e71796a421853b2922213b54e5507ea
TH-ENRICH-TX-SENIOR-2026-09-30-IDR2,TX|HHSC|TX_DAHS_ISS_ONLY|111033,TX_DAHS_ISS_ONLY,111033,171,CONNECTING POINT OF PARK CITIES,DAHS-ISSONLY,YES,NO,DALLAS,4024 CARUTH BLVD.,DALLAS,TX,75225,1de6e81addd37ea016be4c2cdbd50a08648f2348c694ef0e4d9eee0eee1bd381,https://apps.hhs.texas.gov/providers/directories/dahs_issonly.xlsx,2026-09-30T19:14:30.613491+00:00,2026-09-29,,NO,e867404a53d10c6b68793296e554fc9fb77bdf94d0561a58ec377b5938145f06
TH-ENRICH-TX-SENIOR-2026-09-30-IDR2,TX|HHSC|TX_DAHS_ISS_ONLY|110730,TX_DAHS_ISS_ONLY,110730,172,DBA AMISTAD DAY HAB,DAHS-ISSONLY,YES,NO,DALLAS,419 W PEMBROKE AVE,DALLAS,TEXAS,75208,1de6e81addd37ea016be4c2cdbd50a08648f2348c694ef0e4d9eee0eee1bd381,https://apps.hhs.texas.gov/providers/directories/dahs_issonly.xlsx,2026-09-30T19:14:30.613491+00:00,2026-09-29,,NO,cfce927da981dab26ce88fbe49e7a8c65e7226b250beda774d201f8b3c164537
TH-ENRICH-TX-SENIOR-2026-09-30-IDR2,TX|HHSC|TX_DAHS_ISS_ONLY|110932,TX_DAHS_ISS_ONLY,110932,173,EVERGREEN LIFE SERVICES OF DALLAS,DAHS-ISSONLY,YES,NO,DALLAS,10810 SANDEN DRIVE,DALLAS,TEXAS,75238,1de6e81addd37ea016be4c2cdbd50a08648f2348c694ef0e4d9eee0eee1bd381,https://apps.hhs.texas.gov/providers/directories/dahs_issonly.xlsx,2026-09-30T19:14:30.613491+00:00,2026-09-29,,NO,521ef74a6974655e71d307a4cb73fffcac75e9c206b5d5d478d6f8d2fc4916d9
TH-ENRICH-TX-SENIOR-2026-09-30-IDR2,TX|HHSC|TX_DAHS_ISS_ONLY|112186,TX_DAHS_ISS_ONLY,112186,174,FAITHDAYHAB,DAHS-ISSONLY,YES,NO,DALLAS,"8300 LA PRADA DRIVE, SUITE 164",DALLAS,TEXAS,75228,1de6e81addd37ea016be4c2cdbd50a08648f2348c694ef0e4d9eee0eee1bd381,https://apps.hhs.texas.gov/providers/directories/dahs_issonly.xlsx,2026-09-30T19:14:30.613491+00:00,2026-09-29,,NO,730138c7eb4c47eb79bed6417aeadf6cfa605f9738c98922a8ca83cfd23da8dc
TH-ENRICH-TX-SENIOR-2026-09-30-IDR2,TX|HHSC|TX_DAHS_ISS_ONLY|111218,TX_DAHS_ISS_ONLY,111218,175,"GOODWILL INDUSTRIES OF DALLAS, INC",DAHS-ISSONLY,YES,NO,DALLAS,3020 N. WESTMORELAND ROAD,DALLAS,TX,75212,1de6e81addd37ea016be4c2cdbd50a08648f2348c694ef0e4d9eee0eee1bd381,https://apps.hhs.texas.gov/providers/directories/dahs_issonly.xlsx,2026-09-30T19:14:30.613491+00:00,2026-09-29,,NO,c48ce5936c7924372e392b7f813980f13feb443755b0679c217c6e3881183728
TH-ENRICH-TX-SENIOR-2026-09-30-IDR2,TX|HHSC|TX_DAHS_ISS_ONLY|110766,TX_DAHS_ISS_ONLY,110766,176,HELPING EVERYONE REACH OUTSTANDING EDUCATIONAL SUCCESS,DAHS-ISSONLY,YES,NO,DALLAS,7815 ARAPAHO RD,DALLAS,TEXAS,75248,1de6e81addd37ea016be4c2cdbd50a08648f2348c694ef0e4d9eee0eee1bd381,https://apps.hhs.texas.gov/providers/directories/dahs_issonly.xlsx,2026-09-30T19:14:30.613491+00:00,2026-09-29,,NO,0a89adfff5fb2e9191d8abc8a8aa9303021b35d88efa7783d5f057f70cde5369
TH-ENRICH-TX-SENIOR-2026-09-30-IDR2,TX|HHSC|TX_DAHS_ISS_ONLY|111529,TX_DAHS_ISS_ONLY,111529,177,LATONIA ROCHELLE JENNINGS,DAHS-ISSONLY,YES,NO,DALLAS,7104 CLOVERGLEN DR,DALLAS,TEXAS,75249,1de6e81addd37ea016be4c2cdbd50a08648f2348c694ef0e4d9eee0eee1bd381,https://apps.hhs.texas.gov/providers/directories/dahs_issonly.xlsx,2026-09-30T19:14:30.613491+00:00,2026-09-29,,NO,d5309454ecaa86a909c9f32dad123ba731d0518e3d7d17132b0bf0c6eb3f28c6
TH-ENRICH-TX-SENIOR-2026-09-30-IDR2,TX|HHSC|TX_DAHS_ISS_ONLY|112026,TX_DAHS_ISS_ONLY,112026,178,MAINLAND HEALTH,DAHS-ISSONLY,YES,NO,DALLAS,"4100 ALPHA RD, SUITE 412",DALLAS,TEXAS,75244,1de6e81addd37ea016be4c2cdbd50a08648f2348c694ef0e4d9eee0eee1bd381,https://apps.hhs.texas.gov/providers/directories/dahs_issonly.xlsx,2026-09-30T19:14:30.613491+00:00,2026-09-29,,NO,891738736c184fbac27996357ea8a54d239801f74795e94d92ba8363478fa807
TH-ENRICH-TX-SENIOR-2026-09-30-IDR2,TX|HHSC|TX_DAHS_ISS_ONLY|110733,TX_DAHS_ISS_ONLY,110733,179,METROCARE SERVICES,DAHS-ISSONLY,YES,NO,DALLAS,1451 JOHN WEST RD.,DALLAS,TEXAS,75228,1de6e81addd37ea016be4c2cdbd50a08648f2348c694ef0e4d9eee0eee1bd381,https://apps.hhs.texas.gov/providers/directories/dahs_issonly.xlsx,2026-09-30T19:14:30.613491+00:00,2026-09-29,,NO,47ac4ced1aaaba6ad6e147ed33e6894f843be01f443aa30c5a6122bdc04ab606
TH-ENRICH-TX-SENIOR-2026-09-30-IDR2,TX|HHSC|TX_DAHS_ISS_ONLY|110997,TX_DAHS_ISS_ONLY,110997,180,NOTRE DAME OF DALLAS SCHOOLS,DAHS-ISSONLY,YES,NO,DALLAS,629 N. PEAK ST.,DALLAS,TEXAS,75246,1de6e81addd37ea016be4c2cdbd50a08648f2348c694ef0e4d9eee0eee1bd381,https://apps.hhs.texas.gov/providers/directories/dahs_issonly.xlsx,2026-09-30T19:14:30.613491+00:00,2026-09-29,,NO,d9eb999c029e879f6648c064da66f056bef09cc5f8fd6bf368018a02f6f17593
TH-ENRICH-TX-SENIOR-2026-09-30-IDR2,TX|HHSC|TX_DAHS_ISS_ONLY|111273,TX_DAHS_ISS_ONLY,111273,181,ROYAL INVESTMENT GROUP LLC,DAHS-ISSONLY,YES,NO,DALLAS,7125 MARVIN D. LOVE FREE WAY #211,DALLAS,TEXAS,75237,1de6e81addd37ea016be4c2cdbd50a08648f2348c694ef0e4d9eee0eee1bd381,https://apps.hhs.texas.gov/providers/directories/dahs_issonly.xlsx,2026-09-30T19:14:30.613491+00:00,2026-09-29,,NO,81b4acfbc04f4a8182bfb1327ae66dbb0f620b04748355603a749221738c8ea1
TH-ENRICH-TX-SENIOR-2026-09-30-IDR2,TX|HHSC|TX_DAHS_ISS_ONLY|110899,TX_DAHS_ISS_ONLY,110899,182,SHAHN PLACE INC,DAHS-ISSONLY,YES,NO,DALLAS,2200 EAST LEDBETTER DRIVE,DALLAS,TX,75216,1de6e81addd37ea016be4c2cdbd50a08648f2348c694ef0e4d9eee0eee1bd381,https://apps.hhs.texas.gov/providers/directories/dahs_issonly.xlsx,2026-09-30T19:14:30.613491+00:00,2026-09-29,,NO,76dbfb5841946c12a283bba8c83923f5a683f68c8472a37085fd2f5960b197ad
TH-ENRICH-TX-SENIOR-2026-09-30-IDR2,TX|HHSC|TX_DAHS_ISS_ONLY|110940,TX_DAHS_ISS_ONLY,110940,183,STEADFAST GROUP LLC,DAHS-ISSONLY,YES,NO,DALLAS,"10990 SWITZER AVE, STE 302",DALLAS,TX,75238,1de6e81addd37ea016be4c2cdbd50a08648f2348c694ef0e4d9eee0eee1bd381,https://apps.hhs.texas.gov/providers/directories/dahs_issonly.xlsx,2026-09-30T19:14:30.613491+00:00,2026-09-29,,NO,9361f3778c5cb6e88da28fdf7cc718633f6056a891fe9d1c2ccd0bb90871f7fa
TH-ENRICH-TX-SENIOR-2026-09-30-IDR2,TX|HHSC|TX_DAHS_ISS_ONLY|111215,TX_DAHS_ISS_ONLY,111215,184,SUPREME CARE ADULT CENTER,DAHS-ISSONLY,YES,NO,DALLAS,4033 SHILLING WAY,DALLAS,TEXAS,75237,1de6e81addd37ea016be4c2cdbd50a08648f2348c694ef0e4d9eee0eee1bd381,https://apps.hhs.texas.gov/providers/directories/dahs_issonly.xlsx,2026-09-30T19:14:30.613491+00:00,2026-09-29,,NO,5603e7e032c348bed00b787e4dfae8e984946b19291b86845bfcb31374f20daa
TH-ENRICH-TX-SENIOR-2026-09-30-IDR2,TX|HHSC|TX_DAHS_ISS_ONLY|110735,TX_DAHS_ISS_ONLY,110735,185,A SERVICE THAT CARES,DAHS-ISSONLY,YES,NO,DALLAS,219 EXECUTIVE WAY,DESOTO,TX,75115,1de6e81addd37ea016be4c2cdbd50a08648f2348c694ef0e4d9eee0eee1bd381,https://apps.hhs.texas.gov/providers/directories/dahs_issonly.xlsx,2026-09-30T19:14:30.613491+00:00,2026-09-29,,NO,081ec2d2bd7defc98dd2013df257165c3dea643f2f606e9fdaec83d61a9f1318
TH-ENRICH-TX-SENIOR-2026-09-30-IDR2,TX|HHSC|TX_DAHS_ISS_ONLY|111211,TX_DAHS_ISS_ONLY,111211,186,DESTINY CREATION,DAHS-ISSONLY,YES,NO,DALLAS,1231 E PLEASANT RUN RD#110,DESOTO,TEXAS,75115,1de6e81addd37ea016be4c2cdbd50a08648f2348c694ef0e4d9eee0eee1bd381,https://apps.hhs.texas.gov/providers/directories/dahs_issonly.xlsx,2026-09-30T19:14:30.613491+00:00,2026-09-29,,NO,69196898be5469fb70089fb8f2e34a276e4af1701e28a493cb8dfe2e912710df
TH-ENRICH-TX-SENIOR-2026-09-30-IDR2,TX|HHSC|TX_DAHS_ISS_ONLY|111438,TX_DAHS_ISS_ONLY,111438,187,FAITH HOUSE INC,DAHS-ISSONLY,YES,NO,DALLAS,104 W. SPINNER,DESOTO,TEXAS,75115,1de6e81addd37ea016be4c2cdbd50a08648f2348c694ef0e4d9eee0eee1bd381,https://apps.hhs.texas.gov/providers/directories/dahs_issonly.xlsx,2026-09-30T19:14:30.613491+00:00,2026-09-29,,NO,8bc2ea4d0bdebac49d038a59f5e229d623d3f06e3b651b7719809f9bff50546b
TH-ENRICH-TX-SENIOR-2026-09-30-IDR2,TX|HHSC|TX_DAHS_ISS_ONLY|110825,TX_DAHS_ISS_ONLY,110825,188,HIGH SOARING EAGLE CENTER INCORPORATED,DAHS-ISSONLY,YES,NO,DALLAS,107 EXECUTIVE WAY,DESOTO,TEXAS,75115,1de6e81addd37ea016be4c2cdbd50a08648f2348c694ef0e4d9eee0eee1bd381,https://apps.hhs.texas.gov/providers/directories/dahs_issonly.xlsx,2026-09-30T19:14:30.613491+00:00,2026-09-29,,NO,f4962970f5514177726610159874c57e996a9e779d490c1623bc0245dc88e101
TH-ENRICH-TX-SENIOR-2026-09-30-IDR2,TX|HHSC|TX_DAHS_ISS_ONLY|112150,TX_DAHS_ISS_ONLY,112150,189,IT'S OUR DESTINY,DAHS-ISSONLY,YES,NO,DALLAS,1369 N. HAMPTON RD UNIT 76,DESOTO,TEXAS,75115,1de6e81addd37ea016be4c2cdbd50a08648f2348c694ef0e4d9eee0eee1bd381,https://apps.hhs.texas.gov/providers/directories/dahs_issonly.xlsx,2026-09-30T19:14:30.613491+00:00,2026-09-29,,NO,507943beecef8b788722cb1dec40f0986de6fcaeb1648ed6267775c85aff40dd
TH-ENRICH-TX-SENIOR-2026-09-30-IDR2,TX|HHSC|TX_DAHS_ISS_ONLY|110928,TX_DAHS_ISS_ONLY,110928,190,MY DESTINY DAY HABILITATION CENTER,DAHS-ISSONLY,YES,NO,DALLAS,115 W. BELTLINE RD,DESOTO,TEXAS,75104,1de6e81addd37ea016be4c2cdbd50a08648f2348c694ef0e4d9eee0eee1bd381,https://apps.hhs.texas.gov/providers/directories/dahs_issonly.xlsx,2026-09-30T19:14:30.613491+00:00,2026-09-29,,NO,81d49d45a1be9daf9b75c5993ca0537af97a9ea2446fc792b7bf6abeb1fe3fc3
TH-ENRICH-TX-SENIOR-2026-09-30-IDR2,TX|HHSC|TX_DAHS_ISS_ONLY|112213,TX_DAHS_ISS_ONLY,112213,191,"PETTIS AND ASSOCIATES, INC",DAHS-ISSONLY,YES,NO,DALLAS,"1801 N HAMPTON RD, SUITE 305",DESOTO,TX,75115,1de6e81addd37ea016be4c2cdbd50a08648f2348c694ef0e4d9eee0eee1bd381,https://apps.hhs.texas.gov/providers/directories/dahs_issonly.xlsx,2026-09-30T19:14:30.613491+00:00,2026-09-29,,NO,cf440c033b50fc06c2650cde897e6a5c11c7d33bf58dad2b9d68a2aaa16a3dc9
TH-ENRICH-TX-SENIOR-2026-09-30-IDR2,TX|HHSC|TX_DAHS_ISS_ONLY|111028,TX_DAHS_ISS_ONLY,111028,192,RISING STAR ISS LLC,DAHS-ISSONLY,YES,NO,DALLAS,203 S HAMPTON RD,DESOTO,TX,75115,1de6e81addd37ea016be4c2cdbd50a08648f2348c694ef0e4d9eee0eee1bd381,https://apps.hhs.texas.gov/providers/directories/dahs_issonly.xlsx,2026-09-30T19:14:30.613491+00:00,2026-09-29,,NO,ad50e300e5c01e2ea0e5eac3ee45aa912acd306e17ec8ebc0131bd11803218b8
TH-ENRICH-TX-SENIOR-2026-09-30-IDR2,TX|HHSC|TX_DAHS_ISS_ONLY|112117,TX_DAHS_ISS_ONLY,112117,193,UNITED VILLAGE,DAHS-ISSONLY,YES,NO,DALLAS,116 EAST WINTERGREEN RD,DESOTO,TX,75115,1de6e81addd37ea016be4c2cdbd50a08648f2348c694ef0e4d9eee0eee1bd381,https://apps.hhs.texas.gov/providers/directories/dahs_issonly.xlsx,2026-09-30T19:14:30.613491+00:00,2026-09-29,,NO,75f4483ec186047300c4c2d423d8d8eb204d219ffce248bfe2e0c9c717dff666
TH-ENRICH-TX-SENIOR-2026-09-30-IDR2,TX|HHSC|TX_DAHS_ISS_ONLY|110962,TX_DAHS_ISS_ONLY,110962,194,"ABORIGINE SOLUTION, LLC",DAHS-ISSONLY,YES,NO,DALLAS,1318 SOUTH MAIN STREET #101 & 102,DUNCANVILLE,TEXAS,75137,1de6e81addd37ea016be4c2cdbd50a08648f2348c694ef0e4d9eee0eee1bd381,https://apps.hhs.texas.gov/providers/directories/dahs_issonly.xlsx,2026-09-30T19:14:30.613491+00:00,2026-09-29,,NO,8c2ec2dce5d2de929c68b7b96570051e35c71c158003caddb0a40f1b36c50f61
TH-ENRICH-TX-SENIOR-2026-09-30-IDR2,TX|HHSC|TX_DAHS_ISS_ONLY|110709,TX_DAHS_ISS_ONLY,110709,195,LIFE SKILLS CENTER FOR ADULTS INC,DAHS-ISSONLY,YES,NO,DALLAS,328 E. CAMP WISDOM RD,DUNCANVILLE,TX,75116,1de6e81addd37ea016be4c2cdbd50a08648f2348c694ef0e4d9eee0eee1bd381,https://apps.hhs.texas.gov/providers/directories/dahs_issonly.xlsx,2026-09-30T19:14:30.613491+00:00,2026-09-29,,NO,c099796a0516abbbb5366beaaa119e83e4bbac8502e75bb6c88749cacbfd6654
TH-ENRICH-TX-SENIOR-2026-09-30-IDR2,TX|HHSC|TX_DAHS_ISS_ONLY|110803,TX_DAHS_ISS_ONLY,110803,196,RATCLIFF YOUTH AND FAMILY SERVICES,DAHS-ISSONLY,YES,NO,DALLAS,926 S. CEDAR RIDGE DR.,DUNCANVILLE,TEXAS,75137,1de6e81addd37ea016be4c2cdbd50a08648f2348c694ef0e4d9eee0eee1bd381,https://apps.hhs.texas.gov/providers/directories/dahs_issonly.xlsx,2026-09-30T19:14:30.613491+00:00,2026-09-29,,NO,f57fab5834fc9e479e4ef1ab23e9a35ba498d6df51f5e04e9e1b885a94063a62
TH-ENRICH-TX-SENIOR-2026-09-30-IDR2,TX|HHSC|TX_DAHS_ISS_ONLY|110974,TX_DAHS_ISS_ONLY,110974,197,"29 ACRES, INC",DAHS-ISSONLY,YES,NO,DALLAS,13500 MIDWAY AVE. SUITE 5,FARMERS BRANCH,TX,75244,1de6e81addd37ea016be4c2cdbd50a08648f2348c694ef0e4d9eee0eee1bd381,https://apps.hhs.texas.gov/providers/directories/dahs_issonly.xlsx,2026-09-30T19:14:30.613491+00:00,2026-09-29,,NO,520336d596463e318b449b446307f3ac44b3b76907124678b6a0d8f1b1d42005
TH-ENRICH-TX-SENIOR-2026-09-30-IDR2,TX|HHSC|TX_DAHS_ISS_ONLY|111447,TX_DAHS_ISS_ONLY,111447,198,OVERCOMING BARRIERS SERVICES LLC,DAHS-ISSONLY,YES,NO,DALLAS,2655 VILLA CREEK DR. STE 280 EAST BUILDING,FARMERS BRANCH,TEXAS,75234,1de6e81addd37ea016be4c2cdbd50a08648f2348c694ef0e4d9eee0eee1bd381,https://apps.hhs.texas.gov/providers/directories/dahs_issonly.xlsx,2026-09-30T19:14:30.613491+00:00,2026-09-29,,NO,debf2a8b33bd498634e9958b54cb1567868dd972482960e6347de23ffda5a938
TH-ENRICH-TX-SENIOR-2026-09-30-IDR2,TX|HHSC|TX_DAHS_ISS_ONLY|111534,TX_DAHS_ISS_ONLY,111534,199,ACHIEVEMENT CENTER OF TEXAS INC,DAHS-ISSONLY,YES,NO,DALLAS,306 N BARNES DR,GARLAND,TX,75042,1de6e81addd37ea016be4c2cdbd50a08648f2348c694ef0e4d9eee0eee1bd381,https://apps.hhs.texas.gov/providers/directories/dahs_issonly.xlsx,2026-09-30T19:14:30.613491+00:00,2026-09-29,,NO,7e6e01ee57ca8c52a0eebda06e6b495a76ba6776e6c2d5b59318c1bf17338a81
TH-ENRICH-TX-SENIOR-2026-09-30-IDR2,TX|HHSC|TX_DAHS_ISS_ONLY|110798,TX_DAHS_ISS_ONLY,110798,200,ANGEL'S DAY HABILITATION LLC,DAHS-ISSONLY,YES,NO,DALLAS,2214 SOUTH JUPITER RD STE 240,GARLAND,TEXAS,75041,1de6e81addd37ea016be4c2cdbd50a08648f2348c694ef0e4d9eee0eee1bd381,https://apps.hhs.texas.gov/providers/directories/dahs_issonly.xlsx,2026-09-30T19:14:30.613491+00:00,2026-09-29,,NO,a7b6240292cdac047afc0f00ccde3f5859c98ad0644302ce82ff9567189d68f7
TH-ENRICH-TX-SENIOR-2026-09-30-IDR2,TX|HHSC|TX_DAHS_ISS_ONLY|111051,TX_DAHS_ISS_ONLY,111051,201,EMMA’S EDUCATION CENTER,DAHS-ISSONLY,YES,NO,DALLAS,5222 WOODMEADOW DR,GARLAND,TX,75043,1de6e81addd37ea016be4c2cdbd50a08648f2348c694ef0e4d9eee0eee1bd381,https://apps.hhs.texas.gov/providers/directories/dahs_issonly.xlsx,2026-09-30T19:14:30.613491+00:00,2026-09-29,,NO,44ee622cb5a78b3f6881bd3bf817faa7a3826472eca1e3b8caa28ca646922743
TH-ENRICH-TX-SENIOR-2026-09-30-IDR2,TX|HHSC|TX_DAHS_ISS_ONLY|110724,TX_DAHS_ISS_ONLY,110724,202,"HOPE HORIZON, LLC",DAHS-ISSONLY,YES,NO,DALLAS,3905 W WALNUT ST,GARLAND,TX,75042,1de6e81addd37ea016be4c2cdbd50a08648f2348c694ef0e4d9eee0eee1bd381,https://apps.hhs.texas.gov/providers/directories/dahs_issonly.xlsx,2026-09-30T19:14:30.613491+00:00,2026-09-29,,NO,8c73e961aca7b5fcc98b4cd9a295c894d2e29135a3dec07748677808b72462ad
TH-ENRICH-TX-SENIOR-2026-09-30-IDR2,TX|HHSC|TX_DAHS_ISS_ONLY|111150,TX_DAHS_ISS_ONLY,111150,203,JADE QUALITY CARE INC,DAHS-ISSONLY,YES,NO,DALLAS,1521 N W HWY,GARLAND,TEXAS,75041,1de6e81addd37ea016be4c2cdbd50a08648f2348c694ef0e4d9eee0eee1bd381,https://apps.hhs.texas.gov/providers/directories/dahs_issonly.xlsx,2026-09-30T19:14:30.613491+00:00,2026-09-29,,NO,85771d2b11ceba8cbabb0005d7a25dc46347c560117708da3adfe6c9a89b566e
TH-ENRICH-TX-SENIOR-2026-09-30-IDR2,TX|HHSC|TX_DAHS_ISS_ONLY|111440,TX_DAHS_ISS_ONLY,111440,204,"JOY ACHIEVERS, LLC",DAHS-ISSONLY,YES,NO,DALLAS,1505 NORTHWEST HIGHWAY,GARLAND,TX,75041,1de6e81addd37ea016be4c2cdbd50a08648f2348c694ef0e4d9eee0eee1bd381,https://apps.hhs.texas.gov/providers/directories/dahs_issonly.xlsx,2026-09-30T19:14:30.613491+00:00,2026-09-29,,NO,8cfac803666a12fb09a8f484079b53075a4a0084c5582e734983349f8a23899d
TH-ENRICH-TX-SENIOR-2026-09-30-IDR2,TX|HHSC|TX_DAHS_ISS_ONLY|110772,TX_DAHS_ISS_ONLY,110772,205,KATHRYN FUNDAMENTAL DAY HAB,DAHS-ISSONLY,YES,NO,DALLAS,4222 ROSEHILL RD STE 12,GARLAND,TEXAS,75043,1de6e81addd37ea016be4c2cdbd50a08648f2348c694ef0e4d9eee0eee1bd381,https://apps.hhs.texas.gov/providers/directories/dahs_issonly.xlsx,2026-09-30T19:14:30.613491+00:00,2026-09-29,,NO,617a707d3e3a9d1bc6b90efa32e276ea4a43b72ec8052dd1ca71cda3041609c1
TH-ENRICH-TX-SENIOR-2026-09-30-IDR2,TX|HHSC|TX_DAHS_ISS_ONLY|111034,TX_DAHS_ISS_ONLY,111034,206,MILLROSE CENTER INC,DAHS-ISSONLY,YES,NO,DALLAS,4242 ROSEHILL RD,GARLAND,TX,75043,1de6e81addd37ea016be4c2cdbd50a08648f2348c694ef0e4d9eee0eee1bd381,https://apps.hhs.texas.gov/providers/directories/dahs_issonly.xlsx,2026-09-30T19:14:30.613491+00:00,2026-09-29,,NO,0b9ccc215ba64496ec4623f805b48aaa54442049b37d2eeb7152878df2265289
TH-ENRICH-TX-SENIOR-2026-09-30-IDR2,TX|HHSC|TX_DAHS_ISS_ONLY|110837,TX_DAHS_ISS_ONLY,110837,207,ABILITY CONNECTION TEXAS,DAHS-ISSONLY,YES,NO,DALLAS,7880 BENT BRANCH DR.,IRVING,TEXAS,75063,1de6e81addd37ea016be4c2cdbd50a08648f2348c694ef0e4d9eee0eee1bd381,https://apps.hhs.texas.gov/providers/directories/dahs_issonly.xlsx,2026-09-30T19:14:30.613491+00:00,2026-09-29,,NO,ba57ca8a15371ecc9a8e473d970f5504d9c378dc5c0d32758b168066852da3c6
TH-ENRICH-TX-SENIOR-2026-09-30-IDR2,TX|HHSC|TX_DAHS_ISS_ONLY|110986,TX_DAHS_ISS_ONLY,110986,208,DALLAS DAYHAB,DAHS-ISSONLY,YES,NO,DALLAS,2249 W. BELT LINE ROAD,LANCASTER,TEXAS,75146,1de6e81addd37ea016be4c2cdbd50a08648f2348c694ef0e4d9eee0eee1bd381,https://apps.hhs.texas.gov/providers/directories/dahs_issonly.xlsx,2026-09-30T19:14:30.613491+00:00,2026-09-29,,NO,d243893596bbd2d7739939317bf1a0dd0c754c4001974a21c50e8ee52ce58793
TH-ENRICH-TX-SENIOR-2026-09-30-IDR2,TX|HHSC|TX_DAHS_ISS_ONLY|111877,TX_DAHS_ISS_ONLY,111877,209,D&D DAY HABILITATION SERVICES LLC,DAHS-ISSONLY,YES,NO,DALLAS,746 LINGCO DR,RICHARDSON,TX,75081,1de6e81addd37ea016be4c2cdbd50a08648f2348c694ef0e4d9eee0eee1bd381,https://apps.hhs.texas.gov/providers/directories/dahs_issonly.xlsx,2026-09-30T19:14:30.613491+00:00,2026-09-29,,NO,5a71c8257e145150a449fb9d9418e19b7e18a35d46d95be91283dd1a8e4c3322
TH-ENRICH-TX-SENIOR-2026-09-30-IDR2,TX|HHSC|TX_DAHS_ISS_ONLY|111755,TX_DAHS_ISS_ONLY,111755,210,CRESCENT HEIGHTS LLC,DAHS-ISSONLY,YES,NO,DALLAS,8405 MEADOWVIEW ST,ROWLETT,TEXAS,75088,1de6e81addd37ea016be4c2cdbd50a08648f2348c694ef0e4d9eee0eee1bd381,https://apps.hhs.texas.gov/providers/directories/dahs_issonly.xlsx,2026-09-30T19:14:30.613491+00:00,2026-09-29,,NO,74688dcd83da73b279ca0de60e6c0a68a636a50376701f50fbdb39984a8fa1c9
TH-ENRICH-TX-SENIOR-2026-09-30-IDR2,TX|HHSC|TX_DAHS_ISS_ONLY|111040,TX_DAHS_ISS_ONLY,111040,211,SONSHINE CENTER,DAHS-ISSONLY,YES,NO,DALLAS,3018 N BELT LINE RD,SUNNYVALE,TX,75182,1de6e81addd37ea016be4c2cdbd50a08648f2348c694ef0e4d9eee0eee1bd381,https://apps.hhs.texas.gov/providers/directories/dahs_issonly.xlsx,2026-09-30T19:14:30.613491+00:00,2026-09-29,,NO,833167db78bb77242fd99d9e7ed74cf5b49bfafeb186805478ec21ccbf708b1f
TH-ENRICH-TX-SENIOR-2026-09-30-IDR2,TX|HHSC|TX_DAHS_ISS_ONLY|111121,TX_DAHS_ISS_ONLY,111121,212,HEREFORD ASCI,DAHS-ISSONLY,YES,NO,DEAF SMITH,218 N. 25 MILE AVE,HEREFORD,TX,79045,1de6e81addd37ea016be4c2cdbd50a08648f2348c694ef0e4d9eee0eee1bd381,https://apps.hhs.texas.gov/providers/directories/dahs_issonly.xlsx,2026-09-30T19:14:30.613491+00:00,2026-09-29,,NO,a876180d4a5ec7be462238874d289af65e17e6b089dfd6308afbde175ff1c446
TH-ENRICH-TX-SENIOR-2026-09-30-IDR2,TX|HHSC|TX_DAHS_ISS_ONLY|110830,TX_DAHS_ISS_ONLY,110830,213,CARING HANDS DAY HABILITATION LLC,DAHS-ISSONLY,YES,NO,DENTON,1440 FM 2931 STE B,AUBREY,TX,76227,1de6e81addd37ea016be4c2cdbd50a08648f2348c694ef0e4d9eee0eee1bd381,https://apps.hhs.texas.gov/providers/directories/dahs_issonly.xlsx,2026-09-30T19:14:30.613491+00:00,2026-09-29,,NO,f9049627f072447b0c37f929994d6b1a92618f2922bb0b31abb6780f1731acb1
TH-ENRICH-TX-SENIOR-2026-09-30-IDR2,TX|HHSC|TX_DAHS_ISS_ONLY|110748,TX_DAHS_ISS_ONLY,110748,214,"ADVANTAGE COMMUNITY SERVICES, INC",DAHS-ISSONLY,YES,NO,DENTON,1467 LEMAY,CARROLLTON,TX,75007,1de6e81addd37ea016be4c2cdbd50a08648f2348c694ef0e4d9eee0eee1bd381,https://apps.hhs.texas.gov/providers/directories/dahs_issonly.xlsx,2026-09-30T19:14:30.613491+00:00,2026-09-29,,NO,a3ef8d35db14e628cc10bac8dea22fa8c46170c989a4a797ba12575991629ab9
TH-ENRICH-TX-SENIOR-2026-09-30-IDR2,TX|HHSC|TX_DAHS_ISS_ONLY|111124,TX_DAHS_ISS_ONLY,111124,215,EIS FAMILY A38,DAHS-ISSONLY,YES,NO,DENTON,3918 OLD DENTON RD.,CARROLLTON,TEXAS,75007,1de6e81addd37ea016be4c2cdbd50a08648f2348c694ef0e4d9eee0eee1bd381,https://apps.hhs.texas.gov/providers/directories/dahs_issonly.xlsx,2026-09-30T19:14:30.613491+00:00,2026-09-29,,NO,ac1d608e1fc3e952d3a7039168e278337112a9ff586fb3adbb82d0917ea42ec7
TH-ENRICH-TX-SENIOR-2026-09-30-IDR2,TX|HHSC|TX_DAHS_ISS_ONLY|111431,TX_DAHS_ISS_ONLY,111431,216,"29 ACRES, INC",DAHS-ISSONLY,YES,NO,DENTON,3000 MOSELEY ROAD,CROSSROADS,TEXAS,76227,1de6e81addd37ea016be4c2cdbd50a08648f2348c694ef0e4d9eee0eee1bd381,https://apps.hhs.texas.gov/providers/directories/dahs_issonly.xlsx,2026-09-30T19:14:30.613491+00:00,2026-09-29,,NO,b73d1a0579239648c3c50e833c52427b0faaac65002866671c3f40144b110e7b
TH-ENRICH-TX-SENIOR-2026-09-30-IDR2,TX|HHSC|TX_DAHS_ISS_ONLY|111860,TX_DAHS_ISS_ONLY,111860,217,ABOVE EXPECTATIONS DAY HABILITATION LLC,DAHS-ISSONLY,YES,NO,DENTON,3200 COLORADO BLVD STE 103,DENTON,TEXAS,76210,1de6e81addd37ea016be4c2cdbd50a08648f2348c694ef0e4d9eee0eee1bd381,https://apps.hhs.texas.gov/providers/directories/dahs_issonly.xlsx,2026-09-30T19:14:30.613491+00:00,2026-09-29,,NO,8923bab8fdf1986f2bc580b72b12971ba9653d319fdee6a406b3fd86ed621f0f
TH-ENRICH-TX-SENIOR-2026-09-30-IDR2,TX|HHSC|TX_DAHS_ISS_ONLY|111963,TX_DAHS_ISS_ONLY,111963,218,INNOVATIVE STEPS,DAHS-ISSONLY,YES,NO,DENTON,406 S. CARROLL BLVD.,DENTON,TEXAS,76201,1de6e81addd37ea016be4c2cdbd50a08648f2348c694ef0e4d9eee0eee1bd381,https://apps.hhs.texas.gov/providers/directories/dahs_issonly.xlsx,2026-09-30T19:14:30.613491+00:00,2026-09-29,,NO,f49d4197bcb8afae6166045a63c90ecf9c1640fa3b5fe775b589343760737a18
TH-ENRICH-TX-SENIOR-2026-09-30-IDR2,TX|HHSC|TX_DAHS_ISS_ONLY|110939,TX_DAHS_ISS_ONLY,110939,219,LIFE WORKS COMMUNITY,DAHS-ISSONLY,YES,NO,DENTON,300 W OAK ST,DENTON,TEXAS,76201,1de6e81addd37ea016be4c2cdbd50a08648f2348c694ef0e4d9eee0eee1bd381,https://apps.hhs.texas.gov/providers/directories/dahs_issonly.xlsx,2026-09-30T19:14:30.613491+00:00,2026-09-29,,NO,395a42c51de76f5691f1eb9b84eede59d6b6d4f2cc37a26b3364c61b250b4a19
TH-ENRICH-TX-SENIOR-2026-09-30-IDR2,TX|HHSC|TX_DAHS_ISS_ONLY|111017,TX_DAHS_ISS_ONLY,111017,220,UNITED HANDS DAY HABILITATION,DAHS-ISSONLY,YES,NO,DENTON,531 LONDONDERRY LANE STE. 128,DENTON,TEXAS,76205,1de6e81addd37ea016be4c2cdbd50a08648f2348c694ef0e4d9eee0eee1bd381,https://apps.hhs.texas.gov/providers/directories/dahs_issonly.xlsx,2026-09-30T19:14:30.613491+00:00,2026-09-29,,NO,b1117747cf56bd4bc641d0893bc174660a01bd2910147ab28765c2ff38359f8c
TH-ENRICH-TX-SENIOR-2026-09-30-IDR2,TX|HHSC|TX_DAHS_ISS_ONLY|111870,TX_DAHS_ISS_ONLY,111870,221,MYLAR HEALTH SERVICES LLC,DAHS-ISSONLY,YES,NO,DENTON,260 DICKINSON DR,HIGHLAND VILLAGE,TEXAS,75077,1de6e81addd37ea016be4c2cdbd50a08648f2348c694ef0e4d9eee0eee1bd381,https://apps.hhs.texas.gov/providers/directories/dahs_issonly.xlsx,2026-09-30T19:14:30.613491+00:00,2026-09-29,,NO,1370b1363686ceb9641b1bb5df8b7b0d306af4a4e0bc8021d400cd108a04105e
TH-ENRICH-TX-SENIOR-2026-09-30-IDR2,TX|HHSC|TX_DAHS_ISS_ONLY|110984,TX_DAHS_ISS_ONLY,110984,222,TOGETHER WE CARE LLC,DAHS-ISSONLY,YES,NO,DENTON,507 S LAKE DALLAS DR STE C,LAKE DALLAS,TX,75065,1de6e81addd37ea016be4c2cdbd50a08648f2348c694ef0e4d9eee0eee1bd381,https://apps.hhs.texas.gov/providers/directories/dahs_issonly.xlsx,2026-09-30T19:14:30.613491+00:00,2026-09-29,,NO,b064a64eba4c7a6e9a99e973e2ff9b9131f35e735b0e5090b2905069349c8276
TH-ENRICH-TX-SENIOR-2026-09-30-IDR2,TX|HHSC|TX_DAHS_ISS_ONLY|110856,TX_DAHS_ISS_ONLY,110856,223,"ASPIRE DAY HABILITATION SERVICES OF TEXAS, LLC",DAHS-ISSONLY,YES,NO,DENTON,"1305 S. STATE HWY 121,",LEWISVILLE,TEXAS,75067,1de6e81addd37ea016be4c2cdbd50a08648f2348c694ef0e4d9eee0eee1bd381,https://apps.hhs.texas.gov/providers/directories/dahs_issonly.xlsx,2026-09-30T19:14:30.613491+00:00,2026-09-29,,NO,9f8c9cf1e44cf532fc491d766b945804510783976d5f95da27667aca5c0468e6
TH-ENRICH-TX-SENIOR-2026-09-30-IDR2,TX|HHSC|TX_DAHS_ISS_ONLY|110959,TX_DAHS_ISS_ONLY,110959,224,SPECIAL ABILITIES OF NORTH TEXAS,DAHS-ISSONLY,YES,NO,DENTON,1511 JUSTIN RD. B,LEWISVILLE,TEXAS,75077,1de6e81addd37ea016be4c2cdbd50a08648f2348c694ef0e4d9eee0eee1bd381,https://apps.hhs.texas.gov/providers/directories/dahs_issonly.xlsx,2026-09-30T19:14:30.613491+00:00,2026-09-29,,NO,25ea4cac121b9d86dc1775060cae8d2bb85818c394b00ae75b383b05b58c265f
TH-ENRICH-TX-SENIOR-2026-09-30-IDR2,TX|HHSC|TX_DAHS_ISS_ONLY|110902,TX_DAHS_ISS_ONLY,110902,225,ROCK HOUSE SUPPORT SERVICES,DAHS-ISSONLY,YES,NO,EASTLAND,401 A LENS ST,EASTLAND,TEXAS,76448,1de6e81addd37ea016be4c2cdbd50a08648f2348c694ef0e4d9eee0eee1bd381,https://apps.hhs.texas.gov/providers/directories/dahs_issonly.xlsx,2026-09-30T19:14:30.613491+00:00,2026-09-29,,NO,e54aac1afc93aaef605092b9efcbe33c4bfe83cbc723ee9f79c578fb8131fc05
TH-ENRICH-TX-SENIOR-2026-09-30-IDR2,TX|HHSC|TX_DAHS_ISS_ONLY|110809,TX_DAHS_ISS_ONLY,110809,226,SAUL PULLMAN WORKSHOP,DAHS-ISSONLY,YES,NO,EASTLAND,301 POGUE AVE,EASTLAND,TEXAS,76448,1de6e81addd37ea016be4c2cdbd50a08648f2348c694ef0e4d9eee0eee1bd381,https://apps.hhs.texas.gov/providers/directories/dahs_issonly.xlsx,2026-09-30T19:14:30.613491+00:00,2026-09-29,,NO,6d80c666109b323e0ce9c8f86e85053379bb31363db845d6ac367743df652617
TH-ENRICH-TX-SENIOR-2026-09-30-IDR2,TX|HHSC|TX_DAHS_ISS_ONLY|111080,TX_DAHS_ISS_ONLY,111080,227,PERMIAN BASIN COMMUNITY CENTER FOR MHMR,DAHS-ISSONLY,YES,NO,ECTOR,3128 KERMIT HWY,ODESSA,TX,79764,1de6e81addd37ea016be4c2cdbd50a08648f2348c694ef0e4d9eee0eee1bd381,https://apps.hhs.texas.gov/providers/directories/dahs_issonly.xlsx,2026-09-30T19:14:30.613491+00:00,2026-09-29,,NO,f608b72739fe7c59a25af880d83b4545cb09b26cb8d0c47ecc6300f6b632c39e
TH-ENRICH-TX-SENIOR-2026-09-30-IDR2,TX|HHSC|TX_DAHS_ISS_ONLY|111595,TX_DAHS_ISS_ONLY,111595,228,2 CASA FOSTER CARE LLC,DAHS-ISSONLY,YES,NO,EL PASO,9010 VISCOUNT SUITE 100,EL PASO,TEXAS,79925,1de6e81addd37ea016be4c2cdbd50a08648f2348c694ef0e4d9eee0eee1bd381,https://apps.hhs.texas.gov/providers/directories/dahs_issonly.xlsx,2026-09-30T19:14:30.613491+00:00,2026-09-29,,NO,c0a5b4b4eb6b2608ad7aa0f1a74ff439f1d655edb996f53b49300d630097c668
TH-ENRICH-TX-SENIOR-2026-09-30-IDR2,TX|HHSC|TX_DAHS_ISS_ONLY|111087,TX_DAHS_ISS_ONLY,111087,229,A HOME FOR LORENZO,DAHS-ISSONLY,YES,NO,EL PASO,1155 VISTA DE ORO OFFICE B,EL PASO,TEXAS,79935,1de6e81addd37ea016be4c2cdbd50a08648f2348c694ef0e4d9eee0eee1bd381,https://apps.hhs.texas.gov/providers/directories/dahs_issonly.xlsx,2026-09-30T19:14:30.613491+00:00,2026-09-29,,NO,575879a29f526fe2afdf39d24be1dcd3e5f983f2f1d1a53fdc9699915fbf9129
TH-ENRICH-TX-SENIOR-2026-09-30-IDR2,TX|HHSC|TX_DAHS_ISS_ONLY|111339,TX_DAHS_ISS_ONLY,111339,230,"CARE DIVINE OF GUARDIAN ANGEL, LLC",DAHS-ISSONLY,YES,NO,EL PASO,3135 TRAWOOD DR,EL PASO,TX,79936,1de6e81addd37ea016be4c2cdbd50a08648f2348c694ef0e4d9eee0eee1bd381,https://apps.hhs.texas.gov/providers/directories/dahs_issonly.xlsx,2026-09-30T19:14:30.613491+00:00,2026-09-29,,NO,a1361164526aafef5e031379854867137c9575d5810ed7e25c64f769165b0572
TH-ENRICH-TX-SENIOR-2026-09-30-IDR2,TX|HHSC|TX_DAHS_ISS_ONLY|111241,TX_DAHS_ISS_ONLY,111241,231,CARING MATTERS,DAHS-ISSONLY,YES,NO,EL PASO,935 PENDALE RD.,EL PASO,TEXAS,79907,1de6e81addd37ea016be4c2cdbd50a08648f2348c694ef0e4d9eee0eee1bd381,https://apps.hhs.texas.gov/providers/directories/dahs_issonly.xlsx,2026-09-30T19:14:30.613491+00:00,2026-09-29,,NO,c83a12e56fb7a09f2022c3ab820b586b7cf7a94826c2d459433d31f9ad1c7d3f
TH-ENRICH-TX-SENIOR-2026-09-30-IDR2,TX|HHSC|TX_DAHS_ISS_ONLY|111284,TX_DAHS_ISS_ONLY,111284,232,COMMUNITY OPTIONS INC,DAHS-ISSONLY,YES,NO,EL PASO,4420 MONTANA,EL PASO,TEXAS,79903,1de6e81addd37ea016be4c2cdbd50a08648f2348c694ef0e4d9eee0eee1bd381,https://apps.hhs.texas.gov/providers/directories/dahs_issonly.xlsx,2026-09-30T19:14:30.613491+00:00,2026-09-29,,NO,e4fedfc29a0fdd78d68ae67e8ce012de8728bd4e7e484038fd8c27fbbf236f4f
TH-ENRICH-TX-SENIOR-2026-09-30-IDR2,TX|HHSC|TX_DAHS_ISS_ONLY|111285,TX_DAHS_ISS_ONLY,111285,233,COMMUNITY OPTIONS INC,DAHS-ISSONLY,YES,NO,EL PASO,2525 E MISSOURI,EL PASO,TEXAS,79903,1de6e81addd37ea016be4c2cdbd50a08648f2348c694ef0e4d9eee0eee1bd381,https://apps.hhs.texas.gov/providers/directories/dahs_issonly.xlsx,2026-09-30T19:14:30.613491+00:00,2026-09-29,,NO,6161f77a7902d085201233eda44ffe41ce875f60c7edae07e7d5128de3f4d690
TH-ENRICH-TX-SENIOR-2026-09-30-IDR2,TX|HHSC|TX_DAHS_ISS_ONLY|112172,TX_DAHS_ISS_ONLY,112172,234,DRACO SERVICES  BLANCO,DAHS-ISSONLY,YES,NO,EL PASO,5310 BLANCO AVE.,EL PASO,TEXAS,79905,1de6e81addd37ea016be4c2cdbd50a08648f2348c694ef0e4d9eee0eee1bd381,https://apps.hhs.texas.gov/providers/directories/dahs_issonly.xlsx,2026-09-30T19:14:30.613491+00:00,2026-09-29,,NO,5811fcf261a27d65b67880922971d2577c9ddb0e8311c36ec144d124d59a9a00
TH-ENRICH-TX-SENIOR-2026-09-30-IDR2,TX|HHSC|TX_DAHS_ISS_ONLY|110820,TX_DAHS_ISS_ONLY,110820,235,EDUCARE COMMUNITY LIVING CORPORATION  TEXAS,DAHS-ISSONLY,YES,NO,EL PASO,"1605 GEORGE DIETER DR, STE 100",EL PASO,TEXAS,79936,1de6e81addd37ea016be4c2cdbd50a08648f2348c694ef0e4d9eee0eee1bd381,https://apps.hhs.texas.gov/providers/directories/dahs_issonly.xlsx,2026-09-30T19:14:30.613491+00:00,2026-09-29,,NO,ab9a2cf65059023db5d033b85b384121b6922ed33c2f0a03e9584f961186debd
TH-ENRICH-TX-SENIOR-2026-09-30-IDR2,TX|HHSC|TX_DAHS_ISS_ONLY|111095,TX_DAHS_ISS_ONLY,111095,236,EL PASO COMMUNITY MHMR DBA EMERGENCE HEALTH NETWORK,DAHS-ISSONLY,YES,NO,EL PASO,"1477 LOMALAND, SUITE E-7",EL PASO,TX,79935,1de6e81addd37ea016be4c2cdbd50a08648f2348c694ef0e4d9eee0eee1bd381,https://apps.hhs.texas.gov/providers/directories/dahs_issonly.xlsx,2026-09-30T19:14:30.613491+00:00,2026-09-29,,NO,05d60ff36f0d43333f9103a38117438790b570b9646527119f09722fbbe26ed3
TH-ENRICH-TX-SENIOR-2026-09-30-IDR2,TX|HHSC|TX_DAHS_ISS_ONLY|110782,TX_DAHS_ISS_ONLY,110782,237,PEOPLECARE,DAHS-ISSONLY,YES,NO,EL PASO,20 FOUNDER BLVD,EL PASO,TX,79906,1de6e81addd37ea016be4c2cdbd50a08648f2348c694ef0e4d9eee0eee1bd381,https://apps.hhs.texas.gov/providers/directories/dahs_issonly.xlsx,2026-09-30T19:14:30.613491+00:00,2026-09-29,,NO,e221a798f6025e8e5c5c7e41d3633e8f2203127edc2364aeb65eca6261896f06
TH-ENRICH-TX-SENIOR-2026-09-30-IDR2,TX|HHSC|TX_DAHS_ISS_ONLY|110906,TX_DAHS_ISS_ONLY,110906,238,SPECIAL HOME CARE LIVING CENTER,DAHS-ISSONLY,YES,NO,EL PASO,3637 MATTOX ST,EL PASO,TEXAS,79925,1de6e81addd37ea016be4c2cdbd50a08648f2348c694ef0e4d9eee0eee1bd381,https://apps.hhs.texas.gov/providers/directories/dahs_issonly.xlsx,2026-09-30T19:14:30.613491+00:00,2026-09-29,,NO,542ded48b52237926c06f99f503c3994512b0115dc4b6187bb33218cc9263a60
TH-ENRICH-TX-SENIOR-2026-09-30-IDR2,TX|HHSC|TX_DAHS_ISS_ONLY|112132,TX_DAHS_ISS_ONLY,112132,239,WE ROCK THE SPECTRUM EL PASO LLC,DAHS-ISSONLY,YES,NO,EL PASO,1410 N LEE TREVINO DR.,EL PASO,TEXAS,79936,1de6e81addd37ea016be4c2cdbd50a08648f2348c694ef0e4d9eee0eee1bd381,https://apps.hhs.texas.gov/providers/directories/dahs_issonly.xlsx,2026-09-30T19:14:30.613491+00:00,2026-09-29,,NO,3cfa4f8a14d341c02afdcfaa89276137d1fb291976a584ed1b5b0fa423417881
TH-ENRICH-TX-SENIOR-2026-09-30-IDR2,TX|HHSC|TX_DAHS_ISS_ONLY|111154,TX_DAHS_ISS_ONLY,111154,240,LAKES REGIONAL ENNIS TRAINING CENTER,DAHS-ISSONLY,YES,NO,ELLIS,2414 N. PRESTON,ENNIS,TX,75119,1de6e81addd37ea016be4c2cdbd50a08648f2348c694ef0e4d9eee0eee1bd381,https://apps.hhs.texas.gov/providers/directories/dahs_issonly.xlsx,2026-09-30T19:14:30.613491+00:00,2026-09-29,,NO,39f73273e870951ac74b9828bddb9cb02c73292f09e6d4bff26df587a5ef669f
TH-ENRICH-TX-SENIOR-2026-09-30-IDR2,TX|HHSC|TX_DAHS_ISS_ONLY|111377,TX_DAHS_ISS_ONLY,111377,241,BRIDGES TRAINING FOUNDATION,DAHS-ISSONLY,YES,NO,ELLIS,110 E OHIO AVE,MIDLOTHIAN,TX,76065,1de6e81addd37ea016be4c2cdbd50a08648f2348c694ef0e4d9eee0eee1bd381,https://apps.hhs.texas.gov/providers/directories/dahs_issonly.xlsx,2026-09-30T19:14:30.613491+00:00,2026-09-29,,NO,33d5d3a5993d1c35bd36c0d886562bbd21c4e9b056f7278e085b176bf2896292
TH-ENRICH-TX-SENIOR-2026-09-30-IDR2,TX|HHSC|TX_DAHS_ISS_ONLY|111712,TX_DAHS_ISS_ONLY,111712,242,LAKES REGIONAL WAXAHACHIE TRAINING CENTER,DAHS-ISSONLY,YES,NO,ELLIS,102 W. PARKS,WAXAHACHIE,TX,75165,1de6e81addd37ea016be4c2cdbd50a08648f2348c694ef0e4d9eee0eee1bd381,https://apps.hhs.texas.gov/providers/directories/dahs_issonly.xlsx,2026-09-30T19:14:30.613491+00:00,2026-09-29,,NO,535b37a194c130ec8e27c60cfcfd83a441bbc80e6d53e073f80fcf7fb87b78f3
TH-ENRICH-TX-SENIOR-2026-09-30-IDR2,TX|HHSC|TX_DAHS_ISS_ONLY|112217,TX_DAHS_ISS_ONLY,112217,243,THRIVE INDEPENDENCE SERVICES LLC,DAHS-ISSONLY,YES,NO,ENNIS,601 SOUTH CLAY STREET SUITE 107,ENNIS,TEXAS,75119,1de6e81addd37ea016be4c2cdbd50a08648f2348c694ef0e4d9eee0eee1bd381,https://apps.hhs.texas.gov/providers/directories/dahs_issonly.xlsx,2026-09-30T19:14:30.613491+00:00,2026-09-29,,NO,d3c99d5526bf817d94f490f1b9446e24907c2e196e2a2da69d0c7fb7ba97c65b
TH-ENRICH-TX-SENIOR-2026-09-30-IDR2,TX|HHSC|TX_DAHS_ISS_ONLY|111206,TX_DAHS_ISS_ONLY,111206,244,PECAN VALLEY CENTERS STEPHENVILLE LIFE SKILLS CENTER,DAHS-ISSONLY,YES,NO,ERATH,910 LINGLEVILLE HWY,STEPHENVILLE,TEXAS,76401,1de6e81addd37ea016be4c2cdbd50a08648f2348c694ef0e4d9eee0eee1bd381,https://apps.hhs.texas.gov/providers/directories/dahs_issonly.xlsx,2026-09-30T19:14:30.613491+00:00,2026-09-29,,NO,2e8c9134df90b73dd143aba1c48a4b28db36753d0fd91c89832def6de7359978
TH-ENRICH-TX-SENIOR-2026-09-30-IDR2,TX|HHSC|TX_DAHS_ISS_ONLY|110987,TX_DAHS_ISS_ONLY,110987,245,ROCK HOUSE SUPPORT SERVICES INC,DAHS-ISSONLY,YES,NO,ERATH,774 CR 351,STEPHENVILLE,TEXAS,76401,1de6e81addd37ea016be4c2cdbd50a08648f2348c694ef0e4d9eee0eee1bd381,https://apps.hhs.texas.gov/providers/directories/dahs_issonly.xlsx,2026-09-30T19:14:30.613491+00:00,2026-09-29,,NO,1ec666162aedf8a42583730735bddb525d1e5e480e005d66982deec66ca2630e
TH-ENRICH-TX-SENIOR-2026-09-30-IDR2,TX|HHSC|TX_DAHS_ISS_ONLY|111967,TX_DAHS_ISS_ONLY,111967,246,A & S COMMUNITY LIVING LLC,DAHS-ISSONLY,YES,NO,FORNEY,2006 ABBEY RD,FORNEY,TEXAS,75126,1de6e81addd37ea016be4c2cdbd50a08648f2348c694ef0e4d9eee0eee1bd381,https://apps.hhs.texas.gov/providers/directories/dahs_issonly.xlsx,2026-09-30T19:14:30.613491+00:00,2026-09-29,,NO,975f07f663d164afe8f45897a118d74a2adfa8bf2537a6387bfc8229a6b0f761
TH-ENRICH-TX-SENIOR-2026-09-30-IDR2,TX|HHSC|TX_DAHS_ISS_ONLY|111223,TX_DAHS_ISS_ONLY,111223,247,GOLDEN HAVEN SERVICES INC,DAHS-ISSONLY,YES,YES,FORT BEND,7610 LORO LINDA DRIVE,HOUSTON,TEXAS,77083,1de6e81addd37ea016be4c2cdbd50a08648f2348c694ef0e4d9eee0eee1bd381,https://apps.hhs.texas.gov/providers/directories/dahs_issonly.xlsx,2026-09-30T19:14:30.613491+00:00,2026-09-29,,NO,bb8b1329681e08073456da72ecc99a22cfb7278b2b5f5b3668f7bcdef8464239
TH-ENRICH-TX-SENIOR-2026-09-30-IDR2,TX|HHSC|TX_DAHS_ISS_ONLY|112077,TX_DAHS_ISS_ONLY,112077,248,HOLDEN'S PLACE LLC,DAHS-ISSONLY,YES,NO,FORT BEND,26702 WILLOW LN,KATY,TX,77494,1de6e81addd37ea016be4c2cdbd50a08648f2348c694ef0e4d9eee0eee1bd381,https://apps.hhs.texas.gov/providers/directories/dahs_issonly.xlsx,2026-09-30T19:14:30.613491+00:00,2026-09-29,,NO,11f283b9a88b0d5a0c3c47c0f3a3788156b4d4959bc578f0865f1ff9ffb1d1e9
TH-ENRICH-TX-SENIOR-2026-09-30-IDR2,TX|HHSC|TX_DAHS_ISS_ONLY|111471,TX_DAHS_ISS_ONLY,111471,249,AAAA SERVICES LLC,DAHS-ISSONLY,YES,NO,FORT BEND,"2440 TEXAS PARKWAY, SUITE 315",MISSOURI CITY,TX,77489,1de6e81addd37ea016be4c2cdbd50a08648f2348c694ef0e4d9eee0eee1bd381,https://apps.hhs.texas.gov/providers/directories/dahs_issonly.xlsx,2026-09-30T19:14:30.613491+00:00,2026-09-29,,NO,907c3c53108f0ab6688b0d8cc6bd2d2f24a6f08af61a6f872fc2774c02c4a55b
TH-ENRICH-TX-SENIOR-2026-09-30-IDR2,TX|HHSC|TX_DAHS_ISS_ONLY|110729,TX_DAHS_ISS_ONLY,110729,250,ALL THE LITTLE THINGS COUNTRY,DAHS-ISSONLY,YES,NO,FORT BEND,2715 CYPRESS POINT DRIVE,MISSOURI CITY,TEXAS,77459,1de6e81addd37ea016be4c2cdbd50a08648f2348c694ef0e4d9eee0eee1bd381,https://apps.hhs.texas.gov/providers/directories/dahs_issonly.xlsx,2026-09-30T19:14:30.613491+00:00,2026-09-29,,NO,68ad18303cedf2342e7fae61185e995116df058ac51bed0bd2edb15e34d49a77
TH-ENRICH-TX-SENIOR-2026-09-30-IDR2,TX|HHSC|TX_DAHS_ISS_ONLY|111582,TX_DAHS_ISS_ONLY,111582,251,FORGOTTEN ANGELS  KNIGHT CT,DAHS-ISSONLY,YES,NO,FORT BEND,7070 KNIGHT CT  #1501,MISSOURI CITY,TEXAS,77459,1de6e81addd37ea016be4c2cdbd50a08648f2348c694ef0e4d9eee0eee1bd381,https://apps.hhs.texas.gov/providers/directories/dahs_issonly.xlsx,2026-09-30T19:14:30.613491+00:00,2026-09-29,,NO,41a4f3efbdfa4346fded86f8d3b010982de05004a6c3db86d365733da1e64be9
TH-ENRICH-TX-SENIOR-2026-09-30-IDR2,TX|HHSC|TX_DAHS_ISS_ONLY|112047,TX_DAHS_ISS_ONLY,112047,252,JASON'S TOUCH FAMILY CARING CENTER LLC,DAHS-ISSONLY,YES,NO,FORT BEND,4220 CARTWRIGHT ROAD STE 302,MISSOURI CITY,TEXAS,77459,1de6e81addd37ea016be4c2cdbd50a08648f2348c694ef0e4d9eee0eee1bd381,https://apps.hhs.texas.gov/providers/directories/dahs_issonly.xlsx,2026-09-30T19:14:30.613491+00:00,2026-09-29,,NO,d7b79def13f1cb8a2422791bfb5cb087f2a5c626fca71b29c8f201cebd4722f1
TH-ENRICH-TX-SENIOR-2026-09-30-IDR2,TX|HHSC|TX_DAHS_ISS_ONLY|111001,TX_DAHS_ISS_ONLY,111001,253,REDWIN,DAHS-ISSONLY,YES,NO,FORT BEND,2425 TEXAS PARKWAY,MISSOURI CITY,TEXAS,77489,1de6e81addd37ea016be4c2cdbd50a08648f2348c694ef0e4d9eee0eee1bd381,https://apps.hhs.texas.gov/providers/directories/dahs_issonly.xlsx,2026-09-30T19:14:30.613491+00:00,2026-09-29,,NO,970983b1811c542338e02f36ad27b1eeb927a9e75ca03c66d1ad6c9c18b9518a
TH-ENRICH-TX-SENIOR-2026-09-30-IDR2,TX|HHSC|TX_DAHS_ISS_ONLY|112101,TX_DAHS_ISS_ONLY,112101,254,A & R TREASURES HEALTH SERVICES LLC,DAHS-ISSONLY,YES,NO,FORT BEND,1620 FM 2218 RD,RICHMOND,TEXAS,77469,1de6e81addd37ea016be4c2cdbd50a08648f2348c694ef0e4d9eee0eee1bd381,https://apps.hhs.texas.gov/providers/directories/dahs_issonly.xlsx,2026-09-30T19:14:30.613491+00:00,2026-09-29,,NO,2f001b354c7a23f98ba4fe9a5252969af8c536a9a55047bd27a07ddc1fb76530
TH-ENRICH-TX-SENIOR-2026-09-30-IDR2,TX|HHSC|TX_DAHS_ISS_ONLY|111288,TX_DAHS_ISS_ONLY,111288,255,ABLE LIVING HOMES LLC,DAHS-ISSONLY,YES,NO,FORT BEND,8433 FM 1464 RD STE Q,RICHMOND,TX,77407,1de6e81addd37ea016be4c2cdbd50a08648f2348c694ef0e4d9eee0eee1bd381,https://apps.hhs.texas.gov/providers/directories/dahs_issonly.xlsx,2026-09-30T19:14:30.613491+00:00,2026-09-29,,NO,27492ed0ca8b3f9bbf19a9e2bddcb03f6888b47dad506aea2a0a090f11fc7a4b
TH-ENRICH-TX-SENIOR-2026-09-30-IDR2,TX|HHSC|TX_DAHS_ISS_ONLY|112165,TX_DAHS_ISS_ONLY,112165,256,FAFO CARING HANDS LLC,DAHS-ISSONLY,YES,NO,FORT BEND,7511 RAMSGATE CLIFF LANE,RICHMOND,TX,77407,1de6e81addd37ea016be4c2cdbd50a08648f2348c694ef0e4d9eee0eee1bd381,https://apps.hhs.texas.gov/providers/directories/dahs_issonly.xlsx,2026-09-30T19:14:30.613491+00:00,2026-09-29,,NO,533e11f876f303c54dba30eb0dda3469dbf46311262e35def796af6ba6ee83ff
TH-ENRICH-TX-SENIOR-2026-09-30-IDR2,TX|HHSC|TX_DAHS_ISS_ONLY|112027,TX_DAHS_ISS_ONLY,112027,257,HOME AT LAST,DAHS-ISSONLY,YES,NO,FORT BEND,11106 CRESTLINE BAY LANE,RICHMOND,TEXAS,77406,1de6e81addd37ea016be4c2cdbd50a08648f2348c694ef0e4d9eee0eee1bd381,https://apps.hhs.texas.gov/providers/directories/dahs_issonly.xlsx,2026-09-30T19:14:30.613491+00:00,2026-09-29,,NO,ae6ae62bc91e23e4c520aab519a839a63d3fbd60d030812070df6f357dbf9da4
TH-ENRICH-TX-SENIOR-2026-09-30-IDR2,TX|HHSC|TX_DAHS_ISS_ONLY|111312,TX_DAHS_ISS_ONLY,111312,258,"JADE COMMUNITY CARE, INC",DAHS-ISSONLY,YES,NO,FORT BEND,6115 WILL POINT LANE,RICHMOND,TEXAS,77469,1de6e81addd37ea016be4c2cdbd50a08648f2348c694ef0e4d9eee0eee1bd381,https://apps.hhs.texas.gov/providers/directories/dahs_issonly.xlsx,2026-09-30T19:14:30.613491+00:00,2026-09-29,,NO,44e775b18ebd3f3b6e74ae525602ec4db3afcf381ff1a22d475306bce2b1c800
TH-ENRICH-TX-SENIOR-2026-09-30-IDR2,TX|HHSC|TX_DAHS_ISS_ONLY|112019,TX_DAHS_ISS_ONLY,112019,259,MERMAN CENTER LLC,DAHS-ISSONLY,YES,NO,FORT BEND,"140 COLLINS ROAD, STE. 300",RICHMOND,TEXAS,77469,1de6e81addd37ea016be4c2cdbd50a08648f2348c694ef0e4d9eee0eee1bd381,https://apps.hhs.texas.gov/providers/directories/dahs_issonly.xlsx,2026-09-30T19:14:30.613491+00:00,2026-09-29,,NO,63dda0e207060f623174579bbe3438fe611efff9349add760cb74e3eacc48d39
TH-ENRICH-TX-SENIOR-2026-09-30-IDR2,TX|HHSC|TX_DAHS_ISS_ONLY|112194,TX_DAHS_ISS_ONLY,112194,260,MODADE CARE SERVICES INC,DAHS-ISSONLY,YES,NO,FORT BEND,5151 MEADOW RANCH PARKWAY SUITE 905,RICHMOND,TEXAS,77407,1de6e81addd37ea016be4c2cdbd50a08648f2348c694ef0e4d9eee0eee1bd381,https://apps.hhs.texas.gov/providers/directories/dahs_issonly.xlsx,2026-09-30T19:14:30.613491+00:00,2026-09-29,,NO,1e84daa5abca5fbae82039a519caa07fe5bfb4e585f3cd3987e5bbfbf737cb8c
TH-ENRICH-TX-SENIOR-2026-09-30-IDR2,TX|HHSC|TX_DAHS_ISS_ONLY|112135,TX_DAHS_ISS_ONLY,112135,261,"VERICON HEALTH RESOURCES,  LLC",DAHS-ISSONLY,YES,NO,FORT BEND,3415 HUGHES MEADOW WAY,RICHMOND,TEXAS,77406,1de6e81addd37ea016be4c2cdbd50a08648f2348c694ef0e4d9eee0eee1bd381,https://apps.hhs.texas.gov/providers/directories/dahs_issonly.xlsx,2026-09-30T19:14:30.613491+00:00,2026-09-29,,NO,d8a75781990ced8adb430680a0e3b99d34b6f4d5d6c80f47037d367a14bc8408
TH-ENRICH-TX-SENIOR-2026-09-30-IDR2,TX|HHSC|TX_DAHS_ISS_ONLY|111921,TX_DAHS_ISS_ONLY,111921,262,ALL THE LITTLE THINGS COUNTRY,DAHS-ISSONLY,YES,NO,FORT BEND,1117 LAWRENCE ST,ROSENBERG,TX,77471,1de6e81addd37ea016be4c2cdbd50a08648f2348c694ef0e4d9eee0eee1bd381,https://apps.hhs.texas.gov/providers/directories/dahs_issonly.xlsx,2026-09-30T19:14:30.613491+00:00,2026-09-29,,NO,71cda663d2bbbe17b0250de97f124ef626b30ce4e5f795b31deeaf8e65926b38
TH-ENRICH-TX-SENIOR-2026-09-30-IDR2,TX|HHSC|TX_DAHS_ISS_ONLY|111913,TX_DAHS_ISS_ONLY,111913,263,"THOMAS & LEWIN ASSOCIATES, INC",DAHS-ISSONLY,YES,NO,FORT BEND,714 GRILLO WAY,ROSENBERG,TEXAS,77471,1de6e81addd37ea016be4c2cdbd50a08648f2348c694ef0e4d9eee0eee1bd381,https://apps.hhs.texas.gov/providers/directories/dahs_issonly.xlsx,2026-09-30T19:14:30.613491+00:00,2026-09-29,,NO,92a94c811fc426e4f0a4d3f6162fdadc6600436ff99a0f3306ce1eceaf4a83de
TH-ENRICH-TX-SENIOR-2026-09-30-IDR2,TX|HHSC|TX_DAHS_ISS_ONLY|111205,TX_DAHS_ISS_ONLY,111205,264,"THOMAS & LEWIN ASSOCIATES, INC",DAHS-ISSONLY,YES,NO,FORT BEND,2025 AVENUE G,ROSENBERG,TEXAS,77471,1de6e81addd37ea016be4c2cdbd50a08648f2348c694ef0e4d9eee0eee1bd381,https://apps.hhs.texas.gov/providers/directories/dahs_issonly.xlsx,2026-09-30T19:14:30.613491+00:00,2026-09-29,,NO,51d7e4c82c3d4c71766aa908b2395b1d40a68defa610ed3b2eafdf868152b38f
TH-ENRICH-TX-SENIOR-2026-09-30-IDR2,TX|HHSC|TX_DAHS_ISS_ONLY|111385,TX_DAHS_ISS_ONLY,111385,265,CHARTONI INC,DAHS-ISSONLY,YES,NO,FORT BEND,"869 DULLES AVE., SUITE #D",STAFFORD,TX,77477,1de6e81addd37ea016be4c2cdbd50a08648f2348c694ef0e4d9eee0eee1bd381,https://apps.hhs.texas.gov/providers/directories/dahs_issonly.xlsx,2026-09-30T19:14:30.613491+00:00,2026-09-29,,NO,e91471de9dade2dd0ad5c6015fdf992584ba6296f4842c56d9362d7bc63c6518
TH-ENRICH-TX-SENIOR-2026-09-30-IDR2,TX|HHSC|TX_DAHS_ISS_ONLY|112201,TX_DAHS_ISS_ONLY,112201,266,VERITAS GRAVITAS LLC,DAHS-ISSONLY,YES,NO,FORT BEND,10435 GREENBOROUGH DRIVE SUITE B1,STAFFORD,TX,77477,1de6e81addd37ea016be4c2cdbd50a08648f2348c694ef0e4d9eee0eee1bd381,https://apps.hhs.texas.gov/providers/directories/dahs_issonly.xlsx,2026-09-30T19:14:30.613491+00:00,2026-09-29,,NO,852b039eb96a627884fdaf97c676cba3f417cd15f6a5c3f9ac6874f4b57b62ed
TH-ENRICH-TX-SENIOR-2026-09-30-IDR2,TX|HHSC|TX_DAHS_ISS_ONLY|110969,TX_DAHS_ISS_ONLY,110969,267,C&A TRAINING CENTER LLC,DAHS-ISSONLY,YES,NO,FORT BEND,2102 STEAMBOAT RUN,SUGAR LAND,TX,77478,1de6e81addd37ea016be4c2cdbd50a08648f2348c694ef0e4d9eee0eee1bd381,https://apps.hhs.texas.gov/providers/directories/dahs_issonly.xlsx,2026-09-30T19:14:30.613491+00:00,2026-09-29,,NO,4d27a31eabf7df789633361e19d10b113727f63cbe7004b8bcec674ffcccfb01
TH-ENRICH-TX-SENIOR-2026-09-30-IDR2,TX|HHSC|TX_DAHS_ISS_ONLY|111002,TX_DAHS_ISS_ONLY,111002,268,MAIA AND LALA'S WORLD,DAHS-ISSONLY,YES,NO,FORT BEND,913 ELDRIDGE,SUGAR LAND,TEXAS,77478,1de6e81addd37ea016be4c2cdbd50a08648f2348c694ef0e4d9eee0eee1bd381,https://apps.hhs.texas.gov/providers/directories/dahs_issonly.xlsx,2026-09-30T19:14:30.613491+00:00,2026-09-29,,NO,12f7f8daf75025aebcf77b66ade54b621703f39fe82224b5025b18e0b1d48250
TH-ENRICH-TX-SENIOR-2026-09-30-IDR2,TX|HHSC|TX_DAHS_ISS_ONLY|111138,TX_DAHS_ISS_ONLY,111138,269,INTEGRITY LIVING CENTER INC,DAHS-ISSONLY,YES,NO,FORT BEND,11507 SOUTH HIGHWAY 6 SUITE B,SUGARLAND,TEXAS,77498,1de6e81addd37ea016be4c2cdbd50a08648f2348c694ef0e4d9eee0eee1bd381,https://apps.hhs.texas.gov/providers/directories/dahs_issonly.xlsx,2026-09-30T19:14:30.613491+00:00,2026-09-29,,NO,dc00922fd1bc3bef49f0f6a26e962547e3e82cc7231da82060b592ad0c1b3fb2
TH-ENRICH-TX-SENIOR-2026-09-30-IDR2,TX|HHSC|TX_DAHS_ISS_ONLY|110936,TX_DAHS_ISS_ONLY,110936,270,SOUTHWEST VOCATIONAL DAYHAB,DAHS-ISSONLY,YES,NO,FORT BEND,820 PARK TWO DR. (ADMIN SUGARLAND),SUGARLAND,TEXAS,77478,1de6e81addd37ea016be4c2cdbd50a08648f2348c694ef0e4d9eee0eee1bd381,https://apps.hhs.texas.gov/providers/directories/dahs_issonly.xlsx,2026-09-30T19:14:30.613491+00:00,2026-09-29,,NO,43f6bd03d5b18b7952198968a81f975824d4de4ff6152c668d478e95e325e9ba
TH-ENRICH-TX-SENIOR-2026-09-30-IDR2,TX|HHSC|TX_DAHS_ISS_ONLY|111088,TX_DAHS_ISS_ONLY,111088,271,CAMINO REAL COMMUNITY SERVICESFRIO WORK CENTER,DAHS-ISSONLY,YES,NO,FRIO,1796 I-35BL,PEARSALL,TEXAS,78061,1de6e81addd37ea016be4c2cdbd50a08648f2348c694ef0e4d9eee0eee1bd381,https://apps.hhs.texas.gov/providers/directories/dahs_issonly.xlsx,2026-09-30T19:14:30.613491+00:00,2026-09-29,,NO,1025695d30e9a2b50e811852cacc3d955aa40c888797efbdb02dc9ed2bd54b20
TH-ENRICH-TX-SENIOR-2026-09-30-IDR2,TX|HHSC|TX_DAHS_ISS_ONLY|111183,TX_DAHS_ISS_ONLY,111183,272,GAINES COUNTY VOTECH CENTER,DAHS-ISSONLY,YES,NO,GAINES,208 EAST AVE. A,SEMINOLE,TEXAS,79360,1de6e81addd37ea016be4c2cdbd50a08648f2348c694ef0e4d9eee0eee1bd381,https://apps.hhs.texas.gov/providers/directories/dahs_issonly.xlsx,2026-09-30T19:14:30.613491+00:00,2026-09-29,,NO,223928ccf796f2e1310d3481b3db8437dfe23c4ddff24c10d432ef9303f90bd7
TH-ENRICH-TX-SENIOR-2026-09-30-IDR2,TX|HHSC|TX_DAHS_ISS_ONLY|111718,TX_DAHS_ISS_ONLY,111718,273,ANN&AGNES THE PEAK ISS FACILITY LLC,DAHS-ISSONLY,YES,NO,GALVESTON,1215 AVE. E,BACLIFF,TEXAS,77518,1de6e81addd37ea016be4c2cdbd50a08648f2348c694ef0e4d9eee0eee1bd381,https://apps.hhs.texas.gov/providers/directories/dahs_issonly.xlsx,2026-09-30T19:14:30.613491+00:00,2026-09-29,,NO,e43ef92c072d9bddd1b6c2def37551e0dc49b19fc190394fe8a1fe8f938b8db7
TH-ENRICH-TX-SENIOR-2026-09-30-IDR2,TX|HHSC|TX_DAHS_ISS_ONLY|111369,TX_DAHS_ISS_ONLY,111369,274,A TREASURE OF DREAMS,DAHS-ISSONLY,YES,NO,GALVESTON,115 E EDGEWOOD DRIVE,FRIENDSWOOD,TX,77546,1de6e81addd37ea016be4c2cdbd50a08648f2348c694ef0e4d9eee0eee1bd381,https://apps.hhs.texas.gov/providers/directories/dahs_issonly.xlsx,2026-09-30T19:14:30.613491+00:00,2026-09-29,,NO,68077d23186dcafa8c0a686719cf88eda69f915ab3f1da664425de695f1882fb
TH-ENRICH-TX-SENIOR-2026-09-30-IDR2,TX|HHSC|TX_DAHS_ISS_ONLY|110854,TX_DAHS_ISS_ONLY,110854,275,JOHN A THOMPSON,DAHS-ISSONLY,YES,NO,GALVESTON,108 EAST SHADOWBED AVENUE,FRIENDSWOOD,TEXAS,77546,1de6e81addd37ea016be4c2cdbd50a08648f2348c694ef0e4d9eee0eee1bd381,https://apps.hhs.texas.gov/providers/directories/dahs_issonly.xlsx,2026-09-30T19:14:30.613491+00:00,2026-09-29,,NO,e0e44664fa1f5b073bad86d2b9bd17db4c84fad03838f594630fb4f307c4a19c
TH-ENRICH-TX-SENIOR-2026-09-30-IDR2,TX|HHSC|TX_DAHS_ISS_ONLY|110808,TX_DAHS_ISS_ONLY,110808,276,"SUNSHINE CENTER, INC",DAHS-ISSONLY,YES,NO,GALVESTON,1726 21ST STREET,GALVESTON,TEXAS,77550,1de6e81addd37ea016be4c2cdbd50a08648f2348c694ef0e4d9eee0eee1bd381,https://apps.hhs.texas.gov/providers/directories/dahs_issonly.xlsx,2026-09-30T19:14:30.613491+00:00,2026-09-29,,NO,c28211b91aa8aa53d3b5c9f4b2634ae7188d85b17991d6ea3ce49a2bcdbda6b3
TH-ENRICH-TX-SENIOR-2026-09-30-IDR2,TX|HHSC|TX_DAHS_ISS_ONLY|112080,TX_DAHS_ISS_ONLY,112080,277,"TARC CENTER, LLC",DAHS-ISSONLY,YES,NO,GALVESTON,823 TEXAS AVE,LA MARQUE,TEXAS,77568,1de6e81addd37ea016be4c2cdbd50a08648f2348c694ef0e4d9eee0eee1bd381,https://apps.hhs.texas.gov/providers/directories/dahs_issonly.xlsx,2026-09-30T19:14:30.613491+00:00,2026-09-29,,NO,9a833d1c67c1af7996fb05a932cb760f4d3cdc30597d56edfe9c00b6d4f4609a
TH-ENRICH-TX-SENIOR-2026-09-30-IDR2,TX|HHSC|TX_DAHS_ISS_ONLY|110711,TX_DAHS_ISS_ONLY,110711,278,QUALITY OF CARE SERVICES,DAHS-ISSONLY,YES,NO,GALVESTON,2047 W. MAIN STREET STE B5,LEAGUE CITY,TEXAS,77573,1de6e81addd37ea016be4c2cdbd50a08648f2348c694ef0e4d9eee0eee1bd381,https://apps.hhs.texas.gov/providers/directories/dahs_issonly.xlsx,2026-09-30T19:14:30.613491+00:00,2026-09-29,,NO,9d01fbf048e3c2aa34bafc9f797d369609fb0fbb2f505e2b46755b51e0ba8336
TH-ENRICH-TX-SENIOR-2026-09-30-IDR2,TX|HHSC|TX_DAHS_ISS_ONLY|111064,TX_DAHS_ISS_ONLY,111064,279,THE HARMONY PLACE,DAHS-ISSONLY,YES,NO,GALVESTON,612 W. MAIN ST. SUITE 102,LEAGUE CITY,TEXAS,77573,1de6e81addd37ea016be4c2cdbd50a08648f2348c694ef0e4d9eee0eee1bd381,https://apps.hhs.texas.gov/providers/directories/dahs_issonly.xlsx,2026-09-30T19:14:30.613491+00:00,2026-09-29,,NO,3d4b9f5ca9aed53b32282ccc2386cc4c4177deb2b559e28700c980cb892ad64c
TH-ENRICH-TX-SENIOR-2026-09-30-IDR2,TX|HHSC|TX_DAHS_ISS_ONLY|110774,TX_DAHS_ISS_ONLY,110774,280,"AMANDOLE HCS, LLC",DAHS-ISSONLY,YES,NO,GALVESTON,2810 13TH AVE,TEXAS CITY,TEXAS,77590,1de6e81addd37ea016be4c2cdbd50a08648f2348c694ef0e4d9eee0eee1bd381,https://apps.hhs.texas.gov/providers/directories/dahs_issonly.xlsx,2026-09-30T19:14:30.613491+00:00,2026-09-29,,NO,c462f54a2a8da6e36af6520bee127d9c36e28b81f21e1319a638345c6f958f0d
TH-ENRICH-TX-SENIOR-2026-09-30-IDR2,TX|HHSC|TX_DAHS_ISS_ONLY|110971,TX_DAHS_ISS_ONLY,110971,281,"FLORENCE T JONES HCS, INC",DAHS-ISSONLY,YES,NO,GALVESTON,2112 TEXAS AVENUE,TEXAS CITY,TX,77590,1de6e81addd37ea016be4c2cdbd50a08648f2348c694ef0e4d9eee0eee1bd381,https://apps.hhs.texas.gov/providers/directories/dahs_issonly.xlsx,2026-09-30T19:14:30.613491+00:00,2026-09-29,,NO,5f10fc8c8bb8efefd91832bf1872c405b2456a7a0fb3ec0d095cf96e3e7ca4ec
TH-ENRICH-TX-SENIOR-2026-09-30-IDR2,TX|HHSC|TX_DAHS_ISS_ONLY|111006,TX_DAHS_ISS_ONLY,111006,282,STARS 2,DAHS-ISSONLY,YES,NO,GALVESTON,720 34TH STREET NORTH,TEXAS CITY,TEXAS,77590,1de6e81addd37ea016be4c2cdbd50a08648f2348c694ef0e4d9eee0eee1bd381,https://apps.hhs.texas.gov/providers/directories/dahs_issonly.xlsx,2026-09-30T19:14:30.613491+00:00,2026-09-29,,NO,d65c7227d4e4c6ae319251d2d22aa0e6c68ef07aa47d1f9d1909b54d8ff603b1
TH-ENRICH-TX-SENIOR-2026-09-30-IDR2,TX|HHSC|TX_DAHS_ISS_ONLY|110863,TX_DAHS_ISS_ONLY,110863,283,"ADVANTAGE BEHAVIORAL SERVICES, INC",DAHS-ISSONLY,YES,NO,GILLESPIE,603 FM 2093 SUITE 1301,FREDERICKSBURG,TEXAS,78624,1de6e81addd37ea016be4c2cdbd50a08648f2348c694ef0e4d9eee0eee1bd381,https://apps.hhs.texas.gov/providers/directories/dahs_issonly.xlsx,2026-09-30T19:14:30.613491+00:00,2026-09-29,,NO,c1c34747cac4f46bdf9a92ced82d6d796b2998088f9a67dbeb4e53c066e44de0
TH-ENRICH-TX-SENIOR-2026-09-30-IDR2,TX|HHSC|TX_DAHS_ISS_ONLY|111777,TX_DAHS_ISS_ONLY,111777,284,"FOREVER GROWING INSTITUTE, INC",DAHS-ISSONLY,YES,NO,GILLESPIE,107 INDUSTRIAL LOOP,FREDERICKSBURG,TEXAS,78624,1de6e81addd37ea016be4c2cdbd50a08648f2348c694ef0e4d9eee0eee1bd381,https://apps.hhs.texas.gov/providers/directories/dahs_issonly.xlsx,2026-09-30T19:14:30.613491+00:00,2026-09-29,,NO,80b9e0152630b35acc6373426da0761df3e910612e8a18231092ff4dd66febf5
TH-ENRICH-TX-SENIOR-2026-09-30-IDR2,TX|HHSC|TX_DAHS_ISS_ONLY|111446,TX_DAHS_ISS_ONLY,111446,285,LIVING WELL LEARNING CENTER,DAHS-ISSONLY,YES,NO,GILLESPIE,1800 NORTH LLANO,FREDERICKSBURG,TEXAS,78624,1de6e81addd37ea016be4c2cdbd50a08648f2348c694ef0e4d9eee0eee1bd381,https://apps.hhs.texas.gov/providers/directories/dahs_issonly.xlsx,2026-09-30T19:14:30.613491+00:00,2026-09-29,,NO,06e5c999a827816f458b528ef49dc44a83bee10b59e4294695171175b4c96072
TH-ENRICH-TX-SENIOR-2026-09-30-IDR2,TX|HHSC|TX_DAHS_ISS_ONLY|111873,TX_DAHS_ISS_ONLY,111873,286,ARBORS OF ALLEN,DAHS-ISSONLY,YES,NO,GONZALES,617 ST. PAUL ST.,GONZALES,TEXAS,78629,1de6e81addd37ea016be4c2cdbd50a08648f2348c694ef0e4d9eee0eee1bd381,https://apps.hhs.texas.gov/providers/directories/dahs_issonly.xlsx,2026-09-30T19:14:30.613491+00:00,2026-09-29,,NO,1482894ca64bd209310ebe720e8013e4ed1788bd0907b41a11312ecd551ccf2a
TH-ENRICH-TX-SENIOR-2026-09-30-IDR2,TX|HHSC|TX_DAHS_ISS_ONLY|111192,TX_DAHS_ISS_ONLY,111192,287,PAMPA ASCI,DAHS-ISSONLY,YES,NO,GRAY,409 N WEST,PAMPA,TX,79066,1de6e81addd37ea016be4c2cdbd50a08648f2348c694ef0e4d9eee0eee1bd381,https://apps.hhs.texas.gov/providers/directories/dahs_issonly.xlsx,2026-09-30T19:14:30.613491+00:00,2026-09-29,,NO,09bab52aa1b6081f30b878a0848a6b398cefcc6bba1e4e0b6438b79a7c4ca87b
TH-ENRICH-TX-SENIOR-2026-09-30-IDR2,TX|HHSC|TX_DAHS_ISS_ONLY|111592,TX_DAHS_ISS_ONLY,111592,288,DEBORAH DIANE RITCHIE LLC,DAHS-ISSONLY,YES,NO,GRAYSON,1424 REEVES RD.,POTTSBORO,TX,75076,1de6e81addd37ea016be4c2cdbd50a08648f2348c694ef0e4d9eee0eee1bd381,https://apps.hhs.texas.gov/providers/directories/dahs_issonly.xlsx,2026-09-30T19:14:30.613491+00:00,2026-09-29,,NO,610e089a9842d4b80293fca596d7673759160f3955d2480b76b10ccd924fbd24
TH-ENRICH-TX-SENIOR-2026-09-30-IDR2,TX|HHSC|TX_DAHS_ISS_ONLY|110919,TX_DAHS_ISS_ONLY,110919,289,EVERGREEN LIFE SERVICES OF SHERMAN,DAHS-ISSONLY,YES,NO,GRAYSON,424 NORTH RUSK STREET,SHERMAN,TEXAS,75090,1de6e81addd37ea016be4c2cdbd50a08648f2348c694ef0e4d9eee0eee1bd381,https://apps.hhs.texas.gov/providers/directories/dahs_issonly.xlsx,2026-09-30T19:14:30.613491+00:00,2026-09-29,,NO,c9375b295e7161c465552d91bd7fca57bafa5858953096b95724e895af0759f6
TH-ENRICH-TX-SENIOR-2026-09-30-IDR2,TX|HHSC|TX_DAHS_ISS_ONLY|111408,TX_DAHS_ISS_ONLY,111408,290,MCKINNEY ONSITE DAY HAB,DAHS-ISSONLY,YES,NO,GRAYSON,220 SOUTH ELM STREET,SHERMAN,TEXAS,75090,1de6e81addd37ea016be4c2cdbd50a08648f2348c694ef0e4d9eee0eee1bd381,https://apps.hhs.texas.gov/providers/directories/dahs_issonly.xlsx,2026-09-30T19:14:30.613491+00:00,2026-09-29,,NO,cdbc2d835ff770cf99efcf0746ca8a592900a181b7bc15c1700fc0b95dffca68
TH-ENRICH-TX-SENIOR-2026-09-30-IDR2,TX|HHSC|TX_DAHS_ISS_ONLY|111872,TX_DAHS_ISS_ONLY,111872,291,TEXOMA COMMUNITY CENTER,DAHS-ISSONLY,YES,NO,GRAYSON,2310 N TRAVIS ST,SHERMAN,TEXAS,75092,1de6e81addd37ea016be4c2cdbd50a08648f2348c694ef0e4d9eee0eee1bd381,https://apps.hhs.texas.gov/providers/directories/dahs_issonly.xlsx,2026-09-30T19:14:30.613491+00:00,2026-09-29,,NO,8999f4e9fb28b0149a96fa3490ff6dee88945bcce687d6846c42453edbc02c97
TH-ENRICH-TX-SENIOR-2026-09-30-IDR2,TX|HHSC|TX_DAHS_ISS_ONLY|110833,TX_DAHS_ISS_ONLY,110833,292,READY SET LIVE DAY HAB,DAHS-ISSONLY,YES,NO,GRAYSON,"636 POSSOM TROT HOLLOW RD, SUITE B",WHITEWRIGHT,TEXAS,75491,1de6e81addd37ea016be4c2cdbd50a08648f2348c694ef0e4d9eee0eee1bd381,https://apps.hhs.texas.gov/providers/directories/dahs_issonly.xlsx,2026-09-30T19:14:30.613491+00:00,2026-09-29,,NO,697f9f6f28ea90bb88a7618dc86fa4a72782bebc3c5adc17621d2ec4677d652e
TH-ENRICH-TX-SENIOR-2026-09-30-IDR2,TX|HHSC|TX_DAHS_ISS_ONLY|111166,TX_DAHS_ISS_ONLY,111166,293,BRANNON'S FRIENDS LLC,DAHS-ISSONLY,YES,NO,GREGG,3634 ANDREA ST,LONGVIEW,TEXAS,75604,1de6e81addd37ea016be4c2cdbd50a08648f2348c694ef0e4d9eee0eee1bd381,https://apps.hhs.texas.gov/providers/directories/dahs_issonly.xlsx,2026-09-30T19:14:30.613491+00:00,2026-09-29,,NO,82f12ce41b4cbc9993a64a674108639fa69b27be2df7ce77e226be7dc9cc6159
TH-ENRICH-TX-SENIOR-2026-09-30-IDR2,TX|HHSC|TX_DAHS_ISS_ONLY|111688,TX_DAHS_ISS_ONLY,111688,294,CUSTOM CARE DAY PROGRAM,DAHS-ISSONLY,YES,NO,GREGG,1413 W. LOOP 281 SUITE 105,LONGVIEW,TEXAS,75604,1de6e81addd37ea016be4c2cdbd50a08648f2348c694ef0e4d9eee0eee1bd381,https://apps.hhs.texas.gov/providers/directories/dahs_issonly.xlsx,2026-09-30T19:14:30.613491+00:00,2026-09-29,,NO,656b16c5b54186903ca3cf1d92c70fafc2c99bcb2f970e38d524aff1aeb2caaf
TH-ENRICH-TX-SENIOR-2026-09-30-IDR2,TX|HHSC|TX_DAHS_ISS_ONLY|112093,TX_DAHS_ISS_ONLY,112093,295,KK ADULT DAY ACTIVITY AND LEARNING CENTER,DAHS-ISSONLY,YES,NO,GREGG,168 LONESOME PINE RD,LONGVIEW,TX,75605,1de6e81addd37ea016be4c2cdbd50a08648f2348c694ef0e4d9eee0eee1bd381,https://apps.hhs.texas.gov/providers/directories/dahs_issonly.xlsx,2026-09-30T19:14:30.613491+00:00,2026-09-29,,NO,f95833636528c3638a38cee1569f4e095ce48d59b63dc9bb621a0dcb3beb323c
TH-ENRICH-TX-SENIOR-2026-09-30-IDR2,TX|HHSC|TX_DAHS_ISS_ONLY|111112,TX_DAHS_ISS_ONLY,111112,296,LIL COUNTRY DAYHAB AND WORKSHOP,DAHS-ISSONLY,YES,NO,GREGG,1310 PINE TREE RD,LONGVIEW,TX,75604,1de6e81addd37ea016be4c2cdbd50a08648f2348c694ef0e4d9eee0eee1bd381,https://apps.hhs.texas.gov/providers/directories/dahs_issonly.xlsx,2026-09-30T19:14:30.613491+00:00,2026-09-29,,NO,12c860b34472ae68148ed3744343cb247de2ff7a8a6891c7c3368b8729bd3afa
TH-ENRICH-TX-SENIOR-2026-09-30-IDR2,TX|HHSC|TX_DAHS_ISS_ONLY|110866,TX_DAHS_ISS_ONLY,110866,297,LONGVIEW DAY HABILITATION,DAHS-ISSONLY,YES,NO,GREGG,302 ENTERPRISE STREET,LONGVIEW,TEXAS,75604,1de6e81addd37ea016be4c2cdbd50a08648f2348c694ef0e4d9eee0eee1bd381,https://apps.hhs.texas.gov/providers/directories/dahs_issonly.xlsx,2026-09-30T19:14:30.613491+00:00,2026-09-29,,NO,5a94ccfdc5c36d0fd471b3bdb8a778eba46d65800355cff284a049ac521d0605
TH-ENRICH-TX-SENIOR-2026-09-30-IDR2,TX|HHSC|TX_DAHS_ISS_ONLY|110847,TX_DAHS_ISS_ONLY,110847,298,PACE OPPORTUNITY CENTERS INC,DAHS-ISSONLY,YES,NO,GREGG,1101 JAYCEE DR.,LONGVIEW,TX,75604,1de6e81addd37ea016be4c2cdbd50a08648f2348c694ef0e4d9eee0eee1bd381,https://apps.hhs.texas.gov/providers/directories/dahs_issonly.xlsx,2026-09-30T19:14:30.613491+00:00,2026-09-29,,NO,fca5d2c5786df50a29d5be3330f3319f149dfc70a35b81b01787df9780f2bb57
TH-ENRICH-TX-SENIOR-2026-09-30-IDR2,TX|HHSC|TX_DAHS_ISS_ONLY|111234,TX_DAHS_ISS_ONLY,111234,299,"SNS HOUSE OF CARE, INCORPORATED",DAHS-ISSONLY,YES,NO,GREGG,205 E US HWY 80,WHITE OAK,TX,75693,1de6e81addd37ea016be4c2cdbd50a08648f2348c694ef0e4d9eee0eee1bd381,https://apps.hhs.texas.gov/providers/directories/dahs_issonly.xlsx,2026-09-30T19:14:30.613491+00:00,2026-09-29,,NO,8b7031aada2b995af199e451e0a9d3896ed5266afb4ecf752eadac8e8bfd1876
TH-ENRICH-TX-SENIOR-2026-09-30-IDR2,TX|HHSC|TX_DAHS_ISS_ONLY|111214,TX_DAHS_ISS_ONLY,111214,300,"WILLAND, INC",DAHS-ISSONLY,YES,NO,GREGG,907 SOUTH WHITE OAK RD,WHITE OAK,TEXAS,75693,1de6e81addd37ea016be4c2cdbd50a08648f2348c694ef0e4d9eee0eee1bd381,https://apps.hhs.texas.gov/providers/directories/dahs_issonly.xlsx,2026-09-30T19:14:30.613491+00:00,2026-09-29,,NO,abc65469fc72d7fb20bc59624182b1ba548bba9cc75327174ad4964028f7ccd9
TH-ENRICH-TX-SENIOR-2026-09-30-IDR2,TX|HHSC|TX_DAHS_ISS_ONLY|111434,TX_DAHS_ISS_ONLY,111434,301,DECADE DAY SERVICE LLC,DAHS-ISSONLY,YES,NO,GUADALUPE,1672 WETZ RD.,MARION,TEXAS,78124,1de6e81addd37ea016be4c2cdbd50a08648f2348c694ef0e4d9eee0eee1bd381,https://apps.hhs.texas.gov/providers/directories/dahs_issonly.xlsx,2026-09-30T19:14:30.613491+00:00,2026-09-29,,NO,ced9802be26f070f3bf8c89b981add5fdbce9846a11997443403d8186abc2038
TH-ENRICH-TX-SENIOR-2026-09-30-IDR2,TX|HHSC|TX_DAHS_ISS_ONLY|111310,TX_DAHS_ISS_ONLY,111310,302,ALONG FOR THE RIDE DAY SERVICES LLC,DAHS-ISSONLY,YES,NO,GUADALUPE,2252 BROKEN STAR DR,NEW BRAUNFELS,TX,78130,1de6e81addd37ea016be4c2cdbd50a08648f2348c694ef0e4d9eee0eee1bd381,https://apps.hhs.texas.gov/providers/directories/dahs_issonly.xlsx,2026-09-30T19:14:30.613491+00:00,2026-09-29,,NO,7bf1925201cc44d1f7162881c16a250da82278e79d15490f032f17df01e2e77f
TH-ENRICH-TX-SENIOR-2026-09-30-IDR2,TX|HHSC|TX_DAHS_ISS_ONLY|111343,TX_DAHS_ISS_ONLY,111343,303,"MARIO'S DAYHAB WITHOUT WALLS, LLC",DAHS-ISSONLY,YES,NO,GUADALUPE,1648 SUNSTONE CIRCLE,NEW BRAUNFELS,TEXAS,78130,1de6e81addd37ea016be4c2cdbd50a08648f2348c694ef0e4d9eee0eee1bd381,https://apps.hhs.texas.gov/providers/directories/dahs_issonly.xlsx,2026-09-30T19:14:30.613491+00:00,2026-09-29,,NO,9f2ad481833926bb167d140ea04f64d161305357bc841cb36b2302db581953d2
TH-ENRICH-TX-SENIOR-2026-09-30-IDR2,TX|HHSC|TX_DAHS_ISS_ONLY|110743,TX_DAHS_ISS_ONLY,110743,304,BARBARA M IUNGERICH,DAHS-ISSONLY,YES,NO,GUADALUPE,108 WEST HAMPTON DRIVE,SEGUIN,TX,78155,1de6e81addd37ea016be4c2cdbd50a08648f2348c694ef0e4d9eee0eee1bd381,https://apps.hhs.texas.gov/providers/directories/dahs_issonly.xlsx,2026-09-30T19:14:30.613491+00:00,2026-09-29,,NO,5ff5975586d972eb0670f32c1f1b390d1b847ddcb9bebe32a67c47dd17bae79e
TH-ENRICH-TX-SENIOR-2026-09-30-IDR2,TX|HHSC|TX_DAHS_ISS_ONLY|110925,TX_DAHS_ISS_ONLY,110925,305,LEXI A JACOBUS,DAHS-ISSONLY,YES,NO,GUADALUPE,109 SPANISH OAK ST.,SEGUIN,TX,78155,1de6e81addd37ea016be4c2cdbd50a08648f2348c694ef0e4d9eee0eee1bd381,https://apps.hhs.texas.gov/providers/directories/dahs_issonly.xlsx,2026-09-30T19:14:30.613491+00:00,2026-09-29,,NO,33375630c3e460ddfb6bc6b7a9bf6cdcdfe72be39671f6873881061f220fa04b
TH-ENRICH-TX-SENIOR-2026-09-30-IDR2,TX|HHSC|TX_DAHS_ISS_ONLY|110794,TX_DAHS_ISS_ONLY,110794,306,MARY ANN RANGEL,DAHS-ISSONLY,YES,NO,GUADALUPE,1199 MUEHL ROAD,SEGUIN,TX,78155,1de6e81addd37ea016be4c2cdbd50a08648f2348c694ef0e4d9eee0eee1bd381,https://apps.hhs.texas.gov/providers/directories/dahs_issonly.xlsx,2026-09-30T19:14:30.613491+00:00,2026-09-29,,NO,895808bef8bd2b2cac13dcc97be3eb936f323d37fa9ea81302c41436948fd821
TH-ENRICH-TX-SENIOR-2026-09-30-IDR2,TX|HHSC|TX_DAHS_ISS_ONLY|111118,TX_DAHS_ISS_ONLY,111118,307,MONTANA L CAVAZOS,DAHS-ISSONLY,YES,NO,GUADALUPE,1440 SCHNEIDER ROAD,SEGUIN,TX,78155,1de6e81addd37ea016be4c2cdbd50a08648f2348c694ef0e4d9eee0eee1bd381,https://apps.hhs.texas.gov/providers/directories/dahs_issonly.xlsx,2026-09-30T19:14:30.613491+00:00,2026-09-29,,NO,7b02b3896e357087921aa39801ad3b58fd6bc143a6305e4fd2c1e8407951e5a2
TH-ENRICH-TX-SENIOR-2026-09-30-IDR2,TX|HHSC|TX_DAHS_ISS_ONLY|110888,TX_DAHS_ISS_ONLY,110888,308,SHAUNETTE TORRES,DAHS-ISSONLY,YES,NO,GUADALUPE,200 PLANTATION DRIVE,SEGUIN,TX,78155,1de6e81addd37ea016be4c2cdbd50a08648f2348c694ef0e4d9eee0eee1bd381,https://apps.hhs.texas.gov/providers/directories/dahs_issonly.xlsx,2026-09-30T19:14:30.613491+00:00,2026-09-29,,NO,8aa7a38af0be0ea462362bd37b6452cb67027af5aa35c724224d1f696e59c1f6
TH-ENRICH-TX-SENIOR-2026-09-30-IDR2,TX|HHSC|TX_DAHS_ISS_ONLY|110878,TX_DAHS_ISS_ONLY,110878,309,TOMMY LEWIS INDUSTRIES TLI,DAHS-ISSONLY,YES,NO,HALE,208 SOUTH COLUMBIA STREET,PLAINVIEW,TX,79072,1de6e81addd37ea016be4c2cdbd50a08648f2348c694ef0e4d9eee0eee1bd381,https://apps.hhs.texas.gov/providers/directories/dahs_issonly.xlsx,2026-09-30T19:14:30.613491+00:00,2026-09-29,,NO,3e93ff5dacfbbd70d033e341114233a9b05880be8301e843841b4b0731939c26
TH-ENRICH-TX-SENIOR-2026-09-30-IDR2,TX|HHSC|TX_DAHS_ISS_ONLY|110740,TX_DAHS_ISS_ONLY,110740,310,SPINDLETOP SILSBEE,DAHS-ISSONLY,YES,NO,HARDIN,222 E DURDIN DRIVE,SILSBEE,TX,77656,1de6e81addd37ea016be4c2cdbd50a08648f2348c694ef0e4d9eee0eee1bd381,https://apps.hhs.texas.gov/providers/directories/dahs_issonly.xlsx,2026-09-30T19:14:30.613491+00:00,2026-09-29,,NO,d3f7e7b15164636533addd6e72693dd0ab181db8c642bb86ff735bbb5d09062d
TH-ENRICH-TX-SENIOR-2026-09-30-IDR2,TX|HHSC|TX_DAHS_ISS_ONLY|111248,TX_DAHS_ISS_ONLY,111248,311,BAY AREA REHABILITATION CENTER,DAHS-ISSONLY,YES,NO,HARRIS,5313 DECKER DR.,BAYTOWN,TEXAS,77520,1de6e81addd37ea016be4c2cdbd50a08648f2348c694ef0e4d9eee0eee1bd381,https://apps.hhs.texas.gov/providers/directories/dahs_issonly.xlsx,2026-09-30T19:14:30.613491+00:00,2026-09-29,,NO,a3c9c1937bd8ff4e6d8d3352e3648d1da799ef20066d9c3b1ca08e3f3e5e07a1
TH-ENRICH-TX-SENIOR-2026-09-30-IDR2,TX|HHSC|TX_DAHS_ISS_ONLY|112215,TX_DAHS_ISS_ONLY,112215,312,FRUITS OF SPIRIT CARE SERVICE LLC,DAHS-ISSONLY,YES,NO,HARRIS,1704 MISSISSIPPI ST,BAYTOWN,TX,77520,1de6e81addd37ea016be4c2cdbd50a08648f2348c694ef0e4d9eee0eee1bd381,https://apps.hhs.texas.gov/providers/directories/dahs_issonly.xlsx,2026-09-30T19:14:30.613491+00:00,2026-09-29,,NO,8479573281508649fa70ab53c72c958bc9299a63ee32c300aa23b43747bcce6a
TH-ENRICH-TX-SENIOR-2026-09-30-IDR2,TX|HHSC|TX_DAHS_ISS_ONLY|111196,TX_DAHS_ISS_ONLY,111196,313,TRIPLE E WORKSHOP,DAHS-ISSONLY,YES,NO,HARRIS,16221 BEAR BAYOU DR.,CHANNELVIEW,TEXAS,77530,1de6e81addd37ea016be4c2cdbd50a08648f2348c694ef0e4d9eee0eee1bd381,https://apps.hhs.texas.gov/providers/directories/dahs_issonly.xlsx,2026-09-30T19:14:30.613491+00:00,2026-09-29,,NO,7a0b3565327ee28c12037c7a8ec51eae1df01ffb7a601ec9ce420393a0386a07
TH-ENRICH-TX-SENIOR-2026-09-30-IDR2,TX|HHSC|TX_DAHS_ISS_ONLY|110865,TX_DAHS_ISS_ONLY,110865,314,"DEVELOPMENTAL DAYHAB ACTIVITY CENTER, CORP",DAHS-ISSONLY,YES,NO,HARRIS,7607 CORAL LAKE DRIVE,CYPRESS,TEXAS,77433,1de6e81addd37ea016be4c2cdbd50a08648f2348c694ef0e4d9eee0eee1bd381,https://apps.hhs.texas.gov/providers/directories/dahs_issonly.xlsx,2026-09-30T19:14:30.613491+00:00,2026-09-29,,NO,882a186fc500d680a283d8cdfe7e422c6aa73cf9c95d5ecb82c5d3f34b4e9570
TH-ENRICH-TX-SENIOR-2026-09-30-IDR2,TX|HHSC|TX_DAHS_ISS_ONLY|110824,TX_DAHS_ISS_ONLY,110824,315,FORGOTTEN ANGELS  CYPRESS,DAHS-ISSONLY,YES,NO,HARRIS,18937 KZ ROAD,CYPRESS,TX,77433,1de6e81addd37ea016be4c2cdbd50a08648f2348c694ef0e4d9eee0eee1bd381,https://apps.hhs.texas.gov/providers/directories/dahs_issonly.xlsx,2026-09-30T19:14:30.613491+00:00,2026-09-29,,NO,bbfeb01c602dfacfd5c4df41fd27c0056046c4bcaaeff9e638919109acb334a6
TH-ENRICH-TX-SENIOR-2026-09-30-IDR2,TX|HHSC|TX_DAHS_ISS_ONLY|110905,TX_DAHS_ISS_ONLY,110905,316,HALL'S HOUSE,DAHS-ISSONLY,YES,NO,HARRIS,16303 CHANNING WAY,CYPRESS,TX,77429,1de6e81addd37ea016be4c2cdbd50a08648f2348c694ef0e4d9eee0eee1bd381,https://apps.hhs.texas.gov/providers/directories/dahs_issonly.xlsx,2026-09-30T19:14:30.613491+00:00,2026-09-29,,NO,35529674e0c27d9aba3012da09b83280c8d47530a89b3c3c586cf13710bab474
TH-ENRICH-TX-SENIOR-2026-09-30-IDR2,TX|HHSC|TX_DAHS_ISS_ONLY|111141,TX_DAHS_ISS_ONLY,111141,317,JULIAN'S HOUSE LLC,DAHS-ISSONLY,YES,NO,HARRIS,16435 TELGE RD,CYPRESS,TX,77429,1de6e81addd37ea016be4c2cdbd50a08648f2348c694ef0e4d9eee0eee1bd381,https://apps.hhs.texas.gov/providers/directories/dahs_issonly.xlsx,2026-09-30T19:14:30.613491+00:00,2026-09-29,,NO,fb6f1b508f74ec4829e533a6e6bd8223a2d305bd8f0b5aaf2e172b5ddd21cb4e
TH-ENRICH-TX-SENIOR-2026-09-30-IDR2,TX|HHSC|TX_DAHS_ISS_ONLY|111159,TX_DAHS_ISS_ONLY,111159,318,REACH UNLIMITED,DAHS-ISSONLY,YES,NO,HARRIS,11832 MUELLER CEMTERY RD SUITE #100,CYPRESS,TX,77429,1de6e81addd37ea016be4c2cdbd50a08648f2348c694ef0e4d9eee0eee1bd381,https://apps.hhs.texas.gov/providers/directories/dahs_issonly.xlsx,2026-09-30T19:14:30.613491+00:00,2026-09-29,,NO,432ca3fd8b73c33a1782495386d747e6d6fcea7824325b3bd483a59ca7b79ee4
TH-ENRICH-TX-SENIOR-2026-09-30-IDR2,TX|HHSC|TX_DAHS_ISS_ONLY|111114,TX_DAHS_ISS_ONLY,111114,319,THE BEVERLY CENTER,DAHS-ISSONLY,YES,NO,HARRIS,15235 SPRING CYPRESS RD,CYPRESS,TEXAS,77429,1de6e81addd37ea016be4c2cdbd50a08648f2348c694ef0e4d9eee0eee1bd381,https://apps.hhs.texas.gov/providers/directories/dahs_issonly.xlsx,2026-09-30T19:14:30.613491+00:00,2026-09-29,,NO,74363a0726145a6d2f468e7cd29b7b2496255e2736ae71b8b51176adf11c48a5
TH-ENRICH-TX-SENIOR-2026-09-30-IDR2,TX|HHSC|TX_DAHS_ISS_ONLY|110764,TX_DAHS_ISS_ONLY,110764,320,THE ROCK CENTER  VERNON,DAHS-ISSONLY,YES,NO,HARRIS,13111 VERNON RD,CYPRESS,TX,77429,1de6e81addd37ea016be4c2cdbd50a08648f2348c694ef0e4d9eee0eee1bd381,https://apps.hhs.texas.gov/providers/directories/dahs_issonly.xlsx,2026-09-30T19:14:30.613491+00:00,2026-09-29,,NO,90d8fdc8e416992aa83795275fcbd5273fda023327d843e95bb09cefd1258c9d
TH-ENRICH-TX-SENIOR-2026-09-30-IDR2,TX|HHSC|TX_DAHS_ISS_ONLY|110797,TX_DAHS_ISS_ONLY,110797,321,"NEXT STEP TRANSITION CENTER, LLC",DAHS-ISSONLY,YES,NO,HARRIS,229 E VAUGHN LN.,DEER PARK,TEXAS,77536,1de6e81addd37ea016be4c2cdbd50a08648f2348c694ef0e4d9eee0eee1bd381,https://apps.hhs.texas.gov/providers/directories/dahs_issonly.xlsx,2026-09-30T19:14:30.613491+00:00,2026-09-29,,NO,2d26bb3f735a879f00a57abc67c2af2653e000c024391b39f90d30a45f257c9d
TH-ENRICH-TX-SENIOR-2026-09-30-IDR2,TX|HHSC|TX_DAHS_ISS_ONLY|110848,TX_DAHS_ISS_ONLY,110848,322,1ST CHOICE HOMES,DAHS-ISSONLY,YES,NO,HARRIS,16140 KUYKENDAHL RD. #126,HOUSTON,TEXAS,77068,1de6e81addd37ea016be4c2cdbd50a08648f2348c694ef0e4d9eee0eee1bd381,https://apps.hhs.texas.gov/providers/directories/dahs_issonly.xlsx,2026-09-30T19:14:30.613491+00:00,2026-09-29,,NO,b5b94a4a3d2235aa44fb0a784d7e8e3d730cd4ccebcf7e5499363cd535fbc112
TH-ENRICH-TX-SENIOR-2026-09-30-IDR2,TX|HHSC|TX_DAHS_ISS_ONLY|111226,TX_DAHS_ISS_ONLY,111226,323,A PLACE TO STAND CORPORATION,DAHS-ISSONLY,YES,NO,HARRIS,"9896 BISSONNET ST, STE. 118",HOUSTON,TEXAS,77036,1de6e81addd37ea016be4c2cdbd50a08648f2348c694ef0e4d9eee0eee1bd381,https://apps.hhs.texas.gov/providers/directories/dahs_issonly.xlsx,2026-09-30T19:14:30.613491+00:00,2026-09-29,,NO,b1ee6bd4153fda5357e94cc31236cb8224a804e95ae3e290f595528d7d817452
TH-ENRICH-TX-SENIOR-2026-09-30-IDR2,TX|HHSC|TX_DAHS_ISS_ONLY|111652,TX_DAHS_ISS_ONLY,111652,324,"A SPECIAL KIND OF TLC, INC",DAHS-ISSONLY,YES,NO,HARRIS,2001 RAINBOW DR.,HOUSTON,TEXAS,77023,1de6e81addd37ea016be4c2cdbd50a08648f2348c694ef0e4d9eee0eee1bd381,https://apps.hhs.texas.gov/providers/directories/dahs_issonly.xlsx,2026-09-30T19:14:30.613491+00:00,2026-09-29,,NO,45a58005354f7151ec19cc377183f0fd6a41f46b34b184d902e1acfae80644f4
TH-ENRICH-TX-SENIOR-2026-09-30-IDR2,TX|HHSC|TX_DAHS_ISS_ONLY|111238,TX_DAHS_ISS_ONLY,111238,325,ABILITY OPTIONS LLC,DAHS-ISSONLY,YES,NO,HARRIS,15150 BELLAIRE BLVD,HOUSTON,TX,77083,1de6e81addd37ea016be4c2cdbd50a08648f2348c694ef0e4d9eee0eee1bd381,https://apps.hhs.texas.gov/providers/directories/dahs_issonly.xlsx,2026-09-30T19:14:30.613491+00:00,2026-09-29,,NO,feae36133a087617174216fcdbda118dcc5e97f3b0160933f387a9ab549ae8db
TH-ENRICH-TX-SENIOR-2026-09-30-IDR2,TX|HHSC|TX_DAHS_ISS_ONLY|111869,TX_DAHS_ISS_ONLY,111869,326,ABLE LIVING HOMES LLC,DAHS-ISSONLY,YES,NO,HARRIS,15136 BELLAIRE BLVD,HOUSTON,TX,77083,1de6e81addd37ea016be4c2cdbd50a08648f2348c694ef0e4d9eee0eee1bd381,https://apps.hhs.texas.gov/providers/directories/dahs_issonly.xlsx,2026-09-30T19:14:30.613491+00:00,2026-09-29,,NO,d0740bca5472f1a2275d87a0a3089bda2c3ffcb32484579a85f2b292b8800934
TH-ENRICH-TX-SENIOR-2026-09-30-IDR2,TX|HHSC|TX_DAHS_ISS_ONLY|110958,TX_DAHS_ISS_ONLY,110958,327,"ACCOUNTABLE SOURCE, INC",DAHS-ISSONLY,YES,NO,HARRIS,8103 DUNLAP,HOUSTON,TEXAS,77074,1de6e81addd37ea016be4c2cdbd50a08648f2348c694ef0e4d9eee0eee1bd381,https://apps.hhs.texas.gov/providers/directories/dahs_issonly.xlsx,2026-09-30T19:14:30.613491+00:00,2026-09-29,,NO,0df123f14eefbfcf8f486e8c84ce7a26595deb19c0d54ea11f2067f79212b3ce
TH-ENRICH-TX-SENIOR-2026-09-30-IDR2,TX|HHSC|TX_DAHS_ISS_ONLY|111160,TX_DAHS_ISS_ONLY,111160,328,ADAPTIVE AIDS INC,DAHS-ISSONLY,YES,NO,HARRIS,3648 CYPRESS CREEK PKWY STE. 140,HOUSTON,TX,77068,1de6e81addd37ea016be4c2cdbd50a08648f2348c694ef0e4d9eee0eee1bd381,https://apps.hhs.texas.gov/providers/directories/dahs_issonly.xlsx,2026-09-30T19:14:30.613491+00:00,2026-09-29,,NO,37119e4bb1a64543fc4a29bf83a06ca052e746fcb81a9aaafea446b8c94debe2
TH-ENRICH-TX-SENIOR-2026-09-30-IDR2,TX|HHSC|TX_DAHS_ISS_ONLY|111236,TX_DAHS_ISS_ONLY,111236,329,ADVOCATES UNITED AND COMPANY,DAHS-ISSONLY,YES,NO,HARRIS,2618 PIERCE STREET,HOUSTON,TEXAS,77003,1de6e81addd37ea016be4c2cdbd50a08648f2348c694ef0e4d9eee0eee1bd381,https://apps.hhs.texas.gov/providers/directories/dahs_issonly.xlsx,2026-09-30T19:14:30.613491+00:00,2026-09-29,,NO,c0e0b696dda5a19b862cc86becaddb9ecda9c8859c8a2e16d972cbf152693d31
TH-ENRICH-TX-SENIOR-2026-09-30-IDR2,TX|HHSC|TX_DAHS_ISS_ONLY|110893,TX_DAHS_ISS_ONLY,110893,330,ALTERNATIVE BEHAVIOR SOLUTIONS,DAHS-ISSONLY,YES,NO,HARRIS,8101 AIRPORT BLVD SUITE F,HOUSTON,TEXAS,77061,1de6e81addd37ea016be4c2cdbd50a08648f2348c694ef0e4d9eee0eee1bd381,https://apps.hhs.texas.gov/providers/directories/dahs_issonly.xlsx,2026-09-30T19:14:30.613491+00:00,2026-09-29,,NO,c443038d1635cb3a6038b0d70abda5a7fc55617e6c0bcf22001d926056b35f1b
TH-ENRICH-TX-SENIOR-2026-09-30-IDR2,TX|HHSC|TX_DAHS_ISS_ONLY|111184,TX_DAHS_ISS_ONLY,111184,331,ALTERNATIVE DAY SOLUTIONS INC,DAHS-ISSONLY,YES,NO,HARRIS,"11511 N GARDEN STREET, 1ST FLOOR",HOUSTON,TEXAS,77071,1de6e81addd37ea016be4c2cdbd50a08648f2348c694ef0e4d9eee0eee1bd381,https://apps.hhs.texas.gov/providers/directories/dahs_issonly.xlsx,2026-09-30T19:14:30.613491+00:00,2026-09-29,,NO,069f2539950d9c6ce9ffa0ba5a958ee97c760d6cf78f35556d81fb1d531f6f42
TH-ENRICH-TX-SENIOR-2026-09-30-IDR2,TX|HHSC|TX_DAHS_ISS_ONLY|111237,TX_DAHS_ISS_ONLY,111237,332,ALWAYS CARING DAY HABILITATION,DAHS-ISSONLY,YES,NO,HARRIS,8950 WILCREST DRIVE,HOUSTON,TEXAS,77099,1de6e81addd37ea016be4c2cdbd50a08648f2348c694ef0e4d9eee0eee1bd381,https://apps.hhs.texas.gov/providers/directories/dahs_issonly.xlsx,2026-09-30T19:14:30.613491+00:00,2026-09-29,,NO,2d2455495e76fed611e0326222e979feae4a50be679390a2eded9bf94a0c2e9a
TH-ENRICH-TX-SENIOR-2026-09-30-IDR2,TX|HHSC|TX_DAHS_ISS_ONLY|112147,TX_DAHS_ISS_ONLY,112147,333,ALWAYS DAY PROGRAM INC,DAHS-ISSONLY,YES,NO,HARRIS,5039 REED ROAD SUITE 1,HOUSTON,TEXAS,77033,1de6e81addd37ea016be4c2cdbd50a08648f2348c694ef0e4d9eee0eee1bd381,https://apps.hhs.texas.gov/providers/directories/dahs_issonly.xlsx,2026-09-30T19:14:30.613491+00:00,2026-09-29,,NO,a93a5d84f92e096bc1be728837923f6c758ff369646d3dfc0e731ad9f589e6ad
TH-ENRICH-TX-SENIOR-2026-09-30-IDR2,TX|HHSC|TX_DAHS_ISS_ONLY|111765,TX_DAHS_ISS_ONLY,111765,334,AMANI LIVING LLC,DAHS-ISSONLY,YES,NO,HARRIS,"7001 HIGHWAY 6 S, SUITE 236",HOUSTON,TEXAS,77083,1de6e81addd37ea016be4c2cdbd50a08648f2348c694ef0e4d9eee0eee1bd381,https://apps.hhs.texas.gov/providers/directories/dahs_issonly.xlsx,2026-09-30T19:14:30.613491+00:00,2026-09-29,,NO,67886269cf5bdb4665417ba35981987cf5dd0ce80ad2c763b0f6f94d6eb1d7ce
TH-ENRICH-TX-SENIOR-2026-09-30-IDR2,TX|HHSC|TX_DAHS_ISS_ONLY|111833,TX_DAHS_ISS_ONLY,111833,335,"AMAZING GRACE HEALTHCARE SERVICES, INC",DAHS-ISSONLY,YES,NO,HARRIS,8449 W BELLFORT AVE STE 285,HOUSTON,TEXAS,77071,1de6e81addd37ea016be4c2cdbd50a08648f2348c694ef0e4d9eee0eee1bd381,https://apps.hhs.texas.gov/providers/directories/dahs_issonly.xlsx,2026-09-30T19:14:30.613491+00:00,2026-09-29,,NO,bcecb994655759aded2a723e182a799c707fc9cc2c13e3d52ed8a381e0a11dd4
TH-ENRICH-TX-SENIOR-2026-09-30-IDR2,TX|HHSC|TX_DAHS_ISS_ONLY|111724,TX_DAHS_ISS_ONLY,111724,336,ANDREAS HOME CARE ACTIVITY CENTER,DAHS-ISSONLY,YES,NO,HARRIS,5300 HOLLISTER ST. STE 500,HOUSTON,TX,77040,1de6e81addd37ea016be4c2cdbd50a08648f2348c694ef0e4d9eee0eee1bd381,https://apps.hhs.texas.gov/providers/directories/dahs_issonly.xlsx,2026-09-30T19:14:30.613491+00:00,2026-09-29,,NO,2cbacb0dda9034e5fe8543eeab4ed00e97a9561f485dafae2f07cd5549031234
TH-ENRICH-TX-SENIOR-2026-09-30-IDR2,TX|HHSC|TX_DAHS_ISS_ONLY|111750,TX_DAHS_ISS_ONLY,111750,337,ANGELS OF COLOUR THERAPEUTIC GROUP HOME,DAHS-ISSONLY,YES,NO,HARRIS,"8369 ALMEDA ROAD, SUITE R",HOUSTON,TEXAS,77054,1de6e81addd37ea016be4c2cdbd50a08648f2348c694ef0e4d9eee0eee1bd381,https://apps.hhs.texas.gov/providers/directories/dahs_issonly.xlsx,2026-09-30T19:14:30.613491+00:00,2026-09-29,,NO,882d88e14b23cad8add0470020fde048767461e29334e8089a30510133cfb8b9
TH-ENRICH-TX-SENIOR-2026-09-30-IDR2,TX|HHSC|TX_DAHS_ISS_ONLY|110946,TX_DAHS_ISS_ONLY,110946,338,ANGELS WITHOUT WINGS DAY HABILITATION CENTER LLC,DAHS-ISSONLY,YES,NO,HARRIS,10417 ROCKLEY ROAD,HOUSTON,TEXAS,77099,1de6e81addd37ea016be4c2cdbd50a08648f2348c694ef0e4d9eee0eee1bd381,https://apps.hhs.texas.gov/providers/directories/dahs_issonly.xlsx,2026-09-30T19:14:30.613491+00:00,2026-09-29,,NO,7e6e8a45abe25cf3de6e2a14c3fc836a3fef65a8c677e1094bf2d772e2f25f71
TH-ENRICH-TX-SENIOR-2026-09-30-IDR2,TX|HHSC|TX_DAHS_ISS_ONLY|112039,TX_DAHS_ISS_ONLY,112039,339,ANGIE'S HOUSE LLC,DAHS-ISSONLY,YES,NO,HARRIS,9844 SOUTHWEST FREEWAY,HOUSTON,TX,77074,1de6e81addd37ea016be4c2cdbd50a08648f2348c694ef0e4d9eee0eee1bd381,https://apps.hhs.texas.gov/providers/directories/dahs_issonly.xlsx,2026-09-30T19:14:30.613491+00:00,2026-09-29,,NO,a9b1f71790c103afa697dfc0440c256cf204d83ce0a757cd402f6a08890bd9d0
TH-ENRICH-TX-SENIOR-2026-09-30-IDR2,TX|HHSC|TX_DAHS_ISS_ONLY|111535,TX_DAHS_ISS_ONLY,111535,340,ARACELY SALGUERO MEJIA,DAHS-ISSONLY,YES,NO,HARRIS,5522 AMARANTH MEADOW LN,HOUSTON,TEXAS,77085,1de6e81addd37ea016be4c2cdbd50a08648f2348c694ef0e4d9eee0eee1bd381,https://apps.hhs.texas.gov/providers/directories/dahs_issonly.xlsx,2026-09-30T19:14:30.613491+00:00,2026-09-29,,NO,4c0ba9b4290f2a498baf4ce087504fde038c8a4a70364b348c0aa40f602a45a0
TH-ENRICH-TX-SENIOR-2026-09-30-IDR2,TX|HHSC|TX_DAHS_ISS_ONLY|110707,TX_DAHS_ISS_ONLY,110707,341,AVONDALE HOUSE,DAHS-ISSONLY,YES,NO,HARRIS,3737 O'MEARA DRIVE,HOUSTON,TX,77025,1de6e81addd37ea016be4c2cdbd50a08648f2348c694ef0e4d9eee0eee1bd381,https://apps.hhs.texas.gov/providers/directories/dahs_issonly.xlsx,2026-09-30T19:14:30.613491+00:00,2026-09-29,,NO,c28aeee3081202efef30a270673f71753548fe77bb05a5f5e7d6863a2c14bd4c
TH-ENRICH-TX-SENIOR-2026-09-30-IDR2,TX|HHSC|TX_DAHS_ISS_ONLY|111152,TX_DAHS_ISS_ONLY,111152,342,AXCESS HEALTHCARE LLC,DAHS-ISSONLY,YES,NO,HARRIS,8303 SOUTHWEST FWY STE 150,HOUSTON,TX,77074,1de6e81addd37ea016be4c2cdbd50a08648f2348c694ef0e4d9eee0eee1bd381,https://apps.hhs.texas.gov/providers/directories/dahs_issonly.xlsx,2026-09-30T19:14:30.613491+00:00,2026-09-29,,NO,7bd00ae6ad434c97aec94b06b312cc13d2bddd69fa59123733a5bcde6d54ba07
TH-ENRICH-TX-SENIOR-2026-09-30-IDR2,TX|HHSC|TX_DAHS_ISS_ONLY|111250,TX_DAHS_ISS_ONLY,111250,343,AYONG HEALTHCARE  LLC,DAHS-ISSONLY,YES,NO,HARRIS,15000 BELLAIRE BLVD SUITE #W,HOUSTON,TEXAS,77083,1de6e81addd37ea016be4c2cdbd50a08648f2348c694ef0e4d9eee0eee1bd381,https://apps.hhs.texas.gov/providers/directories/dahs_issonly.xlsx,2026-09-30T19:14:30.613491+00:00,2026-09-29,,NO,0168e93c5b94af6da070ca313476fc5ea485513ba0e6051769e68a57dcf04bc2
TH-ENRICH-TX-SENIOR-2026-09-30-IDR2,TX|HHSC|TX_DAHS_ISS_ONLY|111097,TX_DAHS_ISS_ONLY,111097,344,"B J LIVING CENTER, INC",DAHS-ISSONLY,YES,NO,HARRIS,3945 BRAXTON DR,HOUSTON,TX,77063,1de6e81addd37ea016be4c2cdbd50a08648f2348c694ef0e4d9eee0eee1bd381,https://apps.hhs.texas.gov/providers/directories/dahs_issonly.xlsx,2026-09-30T19:14:30.613491+00:00,2026-09-29,,NO,96468cdfec88ddc0360a5bb5bd7ac0d3d2df0d29979decacf98922503185d38b
TH-ENRICH-TX-SENIOR-2026-09-30-IDR2,TX|HHSC|TX_DAHS_ISS_ONLY|111145,TX_DAHS_ISS_ONLY,111145,345,BELLO AMANECER,DAHS-ISSONLY,YES,NO,HARRIS,12080 EAST FREEWAY,HOUSTON,TX,77029,1de6e81addd37ea016be4c2cdbd50a08648f2348c694ef0e4d9eee0eee1bd381,https://apps.hhs.texas.gov/providers/directories/dahs_issonly.xlsx,2026-09-30T19:14:30.613491+00:00,2026-09-29,,NO,de01d0dea20cdacab0f40ec6286a8cee0781c6904b7d3fe4400400fc0d46361b
TH-ENRICH-TX-SENIOR-2026-09-30-IDR2,TX|HHSC|TX_DAHS_ISS_ONLY|112160,TX_DAHS_ISS_ONLY,112160,346,BELLS HAVEN LLC,DAHS-ISSONLY,YES,NO,HARRIS,2955 S SAM HOUSTON PKWY E #100,HOUSTON,TEXAS,77047,1de6e81addd37ea016be4c2cdbd50a08648f2348c694ef0e4d9eee0eee1bd381,https://apps.hhs.texas.gov/providers/directories/dahs_issonly.xlsx,2026-09-30T19:14:30.613491+00:00,2026-09-29,,NO,202a2da05543a86c4ced46123747cdecd3e91b94920283ff2ae40a5925a9fadf
TH-ENRICH-TX-SENIOR-2026-09-30-IDR2,TX|HHSC|TX_DAHS_ISS_ONLY|112107,TX_DAHS_ISS_ONLY,112107,347,BELLTECH ENTERPRISES  INC,DAHS-ISSONLY,YES,NO,HARRIS,"2539 SOUTH GESSNER RD, STE 19",HOUSTON,TEXAS,77063,1de6e81addd37ea016be4c2cdbd50a08648f2348c694ef0e4d9eee0eee1bd381,https://apps.hhs.texas.gov/providers/directories/dahs_issonly.xlsx,2026-09-30T19:14:30.613491+00:00,2026-09-29,,NO,978f4d7c0fdc0460026972ce2eb943d8bc40c30b906ea6dad1e86ad0fde98ef2
TH-ENRICH-TX-SENIOR-2026-09-30-IDR2,TX|HHSC|TX_DAHS_ISS_ONLY|112123,TX_DAHS_ISS_ONLY,112123,348,"BETTER THAN HOME, LLC",DAHS-ISSONLY,YES,NO,HARRIS,2618 PIERCE STREET,HOUSTON,HOUSTON,77003,1de6e81addd37ea016be4c2cdbd50a08648f2348c694ef0e4d9eee0eee1bd381,https://apps.hhs.texas.gov/providers/directories/dahs_issonly.xlsx,2026-09-30T19:14:30.613491+00:00,2026-09-29,,NO,775bd398370514661dfd0d5378b673fcedc9dc16b822cca88efa452dd284b4f0
TH-ENRICH-TX-SENIOR-2026-09-30-IDR2,TX|HHSC|TX_DAHS_ISS_ONLY|111228,TX_DAHS_ISS_ONLY,111228,349,BLESSING HEARTS,DAHS-ISSONLY,YES,NO,HARRIS,4560 FM 1960 WEST,HOUSTON,TX,77069,1de6e81addd37ea016be4c2cdbd50a08648f2348c694ef0e4d9eee0eee1bd381,https://apps.hhs.texas.gov/providers/directories/dahs_issonly.xlsx,2026-09-30T19:14:30.613491+00:00,2026-09-29,,NO,ffdfaf760d74f8c9318e42103167c93dfe288580435bd2267aa1af3e6ca33266
TH-ENRICH-TX-SENIOR-2026-09-30-IDR2,TX|HHSC|TX_DAHS_ISS_ONLY|111543,TX_DAHS_ISS_ONLY,111543,350,BLEU ARC INC,DAHS-ISSONLY,YES,NO,HARRIS,12129 BISSONET STREET,HOUSTON,TX,77099,1de6e81addd37ea016be4c2cdbd50a08648f2348c694ef0e4d9eee0eee1bd381,https://apps.hhs.texas.gov/providers/directories/dahs_issonly.xlsx,2026-09-30T19:14:30.613491+00:00,2026-09-29,,NO,7d18ae31d76de322f969ac3e9be75f29e0c81a9913e55e26b7debaea9d09ff51
TH-ENRICH-TX-SENIOR-2026-09-30-IDR2,TX|HHSC|TX_DAHS_ISS_ONLY|111646,TX_DAHS_ISS_ONLY,111646,351,BYCGP,DAHS-ISSONLY,YES,NO,HARRIS,5250 BROWNWAY ST.,HOUSTON,TEXAS,77056,1de6e81addd37ea016be4c2cdbd50a08648f2348c694ef0e4d9eee0eee1bd381,https://apps.hhs.texas.gov/providers/directories/dahs_issonly.xlsx,2026-09-30T19:14:30.613491+00:00,2026-09-29,,NO,0cb5896ef606111687ffc5265fec418d75cbc887713e1229219fb26cc1b23d86
TH-ENRICH-TX-SENIOR-2026-09-30-IDR2,TX|HHSC|TX_DAHS_ISS_ONLY|111661,TX_DAHS_ISS_ONLY,111661,352,CELEBRATION COMPANY,DAHS-ISSONLY,YES,NO,HARRIS,4131 SOUTH BRAESWOOD BLVD,HOUSTON,TX,77025,1de6e81addd37ea016be4c2cdbd50a08648f2348c694ef0e4d9eee0eee1bd381,https://apps.hhs.texas.gov/providers/directories/dahs_issonly.xlsx,2026-09-30T19:14:30.613491+00:00,2026-09-29,,NO,218d9d3ed3922dfd1be4be460638672e557f8213734d6509b58862f2513d3bbc
TH-ENRICH-TX-SENIOR-2026-09-30-IDR2,TX|HHSC|TX_DAHS_ISS_ONLY|110968,TX_DAHS_ISS_ONLY,110968,353,CHI HABILITATION COMPANY,DAHS-ISSONLY,YES,NO,HARRIS,8311 KEMPWOOD DRIVE,HOUSTON,TX,77055,1de6e81addd37ea016be4c2cdbd50a08648f2348c694ef0e4d9eee0eee1bd381,https://apps.hhs.texas.gov/providers/directories/dahs_issonly.xlsx,2026-09-30T19:14:30.613491+00:00,2026-09-29,,NO,2b4842a424471b63ea06e754dce57c2a8e912d6eebee96798fccd3a1d3e9a753
TH-ENRICH-TX-SENIOR-2026-09-30-IDR2,TX|HHSC|TX_DAHS_ISS_ONLY|110877,TX_DAHS_ISS_ONLY,110877,354,CHICHI LIVING CENTER LLC,DAHS-ISSONLY,YES,NO,HARRIS,"9119 S GESSNER RD., SUITE 201",HOUSTON,TEXAS,77074,1de6e81addd37ea016be4c2cdbd50a08648f2348c694ef0e4d9eee0eee1bd381,https://apps.hhs.texas.gov/providers/directories/dahs_issonly.xlsx,2026-09-30T19:14:30.613491+00:00,2026-09-29,,NO,9a7067ff7679e32bf816f46a6bbdab750c8e6ede063a17ca57123170cb42169e
TH-ENRICH-TX-SENIOR-2026-09-30-IDR2,TX|HHSC|TX_DAHS_ISS_ONLY|112015,TX_DAHS_ISS_ONLY,112015,355,CHOSEN BEHAVIORAL,DAHS-ISSONLY,YES,NO,HARRIS,2700 CYPRESS CREEK PKWY,HOUSTON,TX,77068,1de6e81addd37ea016be4c2cdbd50a08648f2348c694ef0e4d9eee0eee1bd381,https://apps.hhs.texas.gov/providers/directories/dahs_issonly.xlsx,2026-09-30T19:14:30.613491+00:00,2026-09-29,,NO,d4c6ce9da1072c18b105d7ba803e861ccaa40d78e1b0a06c46cb902165d791a7
TH-ENRICH-TX-SENIOR-2026-09-30-IDR2,TX|HHSC|TX_DAHS_ISS_ONLY|111128,TX_DAHS_ISS_ONLY,111128,356,CHOSEN JX INC,DAHS-ISSONLY,YES,NO,HARRIS,"13192 BELLAIRE BLVD, SUITE C",HOUSTON,TX,77083,1de6e81addd37ea016be4c2cdbd50a08648f2348c694ef0e4d9eee0eee1bd381,https://apps.hhs.texas.gov/providers/directories/dahs_issonly.xlsx,2026-09-30T19:14:30.613491+00:00,2026-09-29,,NO,8cd00ad97dda5a11b74172ce95d22b190619c2017f5bb234fedf80aeea54d6e0
TH-ENRICH-TX-SENIOR-2026-09-30-IDR2,TX|HHSC|TX_DAHS_ISS_ONLY|112022,TX_DAHS_ISS_ONLY,112022,357,CHRISBORN PLACE INC,DAHS-ISSONLY,YES,NO,HARRIS,13698 TONNOCHY CT,HOUSTON,TEXAS,77083,1de6e81addd37ea016be4c2cdbd50a08648f2348c694ef0e4d9eee0eee1bd381,https://apps.hhs.texas.gov/providers/directories/dahs_issonly.xlsx,2026-09-30T19:14:30.613491+00:00,2026-09-29,,NO,335571fbd6167ca8502d67e8930302440291a210b4b92a1caab019c26832a139
TH-ENRICH-TX-SENIOR-2026-09-30-IDR2,TX|HHSC|TX_DAHS_ISS_ONLY|110747,TX_DAHS_ISS_ONLY,110747,358,CHRISDAVNET DAY CENTER,DAHS-ISSONLY,YES,NO,HARRIS,5830 W BELLFORT AVENUE,HOUSTON,TEXAS,77035,1de6e81addd37ea016be4c2cdbd50a08648f2348c694ef0e4d9eee0eee1bd381,https://apps.hhs.texas.gov/providers/directories/dahs_issonly.xlsx,2026-09-30T19:14:30.613491+00:00,2026-09-29,,NO,b5eeac9ff2488ccf424d46d8d9c160e7511e3e29940e84931f8992839f83ac15
TH-ENRICH-TX-SENIOR-2026-09-30-IDR2,TX|HHSC|TX_DAHS_ISS_ONLY|110859,TX_DAHS_ISS_ONLY,110859,359,CITI HEALTH GROUP INC,DAHS-ISSONLY,YES,NO,HARRIS,8449 WEST BELFORT STE. 130,HOUSTON,TEXAS,77071,1de6e81addd37ea016be4c2cdbd50a08648f2348c694ef0e4d9eee0eee1bd381,https://apps.hhs.texas.gov/providers/directories/dahs_issonly.xlsx,2026-09-30T19:14:30.613491+00:00,2026-09-29,,NO,0c1526a37c0a47c6abb28fc131d4a75a92abfb4780eff4e72549620e67504319
TH-ENRICH-TX-SENIOR-2026-09-30-IDR2,TX|HHSC|TX_DAHS_ISS_ONLY|111022,TX_DAHS_ISS_ONLY,111022,360,CLAREWOOD WORK TRAINING CENTER INC,DAHS-ISSONLY,YES,NO,HARRIS,5419 CLAREWOOD DR # A,HOUSTON,TX,77081,1de6e81addd37ea016be4c2cdbd50a08648f2348c694ef0e4d9eee0eee1bd381,https://apps.hhs.texas.gov/providers/directories/dahs_issonly.xlsx,2026-09-30T19:14:30.613491+00:00,2026-09-29,,NO,c04f31ee3a4cab2b62772d79b448ce9fa3da6ab92b148d3fd4335314fe0d0778
TH-ENRICH-TX-SENIOR-2026-09-30-IDR2,TX|HHSC|TX_DAHS_ISS_ONLY|111491,TX_DAHS_ISS_ONLY,111491,361,"CREEKVIEW ADULT HEALTH AND ACTIVITY CENTER, INC",DAHS-ISSONLY,YES,NO,HARRIS,16026 HIGHLANDER DRIVE,HOUSTON,TEXAS,77082,1de6e81addd37ea016be4c2cdbd50a08648f2348c694ef0e4d9eee0eee1bd381,https://apps.hhs.texas.gov/providers/directories/dahs_issonly.xlsx,2026-09-30T19:14:30.613491+00:00,2026-09-29,,NO,e50ab608b250c5c1e7394ddf4d005e1147b68aa70658ee3a5b0a9ed1969bf0a9
TH-ENRICH-TX-SENIOR-2026-09-30-IDR2,TX|HHSC|TX_DAHS_ISS_ONLY|112220,TX_DAHS_ISS_ONLY,112220,362,DD'S HOUSE OF LOVE INC,DAHS-ISSONLY,YES,NO,HARRIS,6707 LARKSTONE ST,HOUSTON,TEXAS,77028,1de6e81addd37ea016be4c2cdbd50a08648f2348c694ef0e4d9eee0eee1bd381,https://apps.hhs.texas.gov/providers/directories/dahs_issonly.xlsx,2026-09-30T19:14:30.613491+00:00,2026-09-29,,NO,9f4f22ebca42716948975ce2a55bdb2a224f3552da80ed3a825df87183402b95
TH-ENRICH-TX-SENIOR-2026-09-30-IDR2,TX|HHSC|TX_DAHS_ISS_ONLY|110750,TX_DAHS_ISS_ONLY,110750,363,"DDWD DEVELOPMENTAL HCS SERVICES, INC",DAHS-ISSONLY,YES,NO,HARRIS,14405 WALTERS ROAD #105,HOUSTON,TEXAS,77014,1de6e81addd37ea016be4c2cdbd50a08648f2348c694ef0e4d9eee0eee1bd381,https://apps.hhs.texas.gov/providers/directories/dahs_issonly.xlsx,2026-09-30T19:14:30.613491+00:00,2026-09-29,,NO,24acd7a8b18927e090eef67a5132ab2822e76c2852512eeb501d931aff115cc4
TH-ENRICH-TX-SENIOR-2026-09-30-IDR2,TX|HHSC|TX_DAHS_ISS_ONLY|111770,TX_DAHS_ISS_ONLY,111770,364,"DHCS DRAYLON HEALTHCARE SERVICES,LLC",DAHS-ISSONLY,YES,NO,HARRIS,4411 BRECKENRIDGE DR,HOUSTON,TEXAS,77066,1de6e81addd37ea016be4c2cdbd50a08648f2348c694ef0e4d9eee0eee1bd381,https://apps.hhs.texas.gov/providers/directories/dahs_issonly.xlsx,2026-09-30T19:14:30.613491+00:00,2026-09-29,,NO,eb411b4ec1295e0d465b905c184d6f108c9543000574fd22d8b3bf9e0886ed7e
TH-ENRICH-TX-SENIOR-2026-09-30-IDR2,TX|HHSC|TX_DAHS_ISS_ONLY|111759,TX_DAHS_ISS_ONLY,111759,365,DLAREG ADULT DAY CENTER LLC,DAHS-ISSONLY,YES,NO,HARRIS,15655 WESTHEIMER RD. UNIT #107,HOUSTON,TEXAS,77082,1de6e81addd37ea016be4c2cdbd50a08648f2348c694ef0e4d9eee0eee1bd381,https://apps.hhs.texas.gov/providers/directories/dahs_issonly.xlsx,2026-09-30T19:14:30.613491+00:00,2026-09-29,,NO,4f0a6d3062305353d47f8d30c16f41f2ffb59f81bfe0935683c17b8e6f69c6b7
TH-ENRICH-TX-SENIOR-2026-09-30-IDR2,TX|HHSC|TX_DAHS_ISS_ONLY|111102,TX_DAHS_ISS_ONLY,111102,366,FAITH ACTIVITY CENTER LLC,DAHS-ISSONLY,YES,NO,HARRIS,3945 BRAXTON DRIVE  STE 2,HOUSTON,TEXAS,77063,1de6e81addd37ea016be4c2cdbd50a08648f2348c694ef0e4d9eee0eee1bd381,https://apps.hhs.texas.gov/providers/directories/dahs_issonly.xlsx,2026-09-30T19:14:30.613491+00:00,2026-09-29,,NO,cc135ee079b3d1096cb5f87170f7bf2736903afe0249848ced5fa65f98f741bf
TH-ENRICH-TX-SENIOR-2026-09-30-IDR2,TX|HHSC|TX_DAHS_ISS_ONLY|111221,TX_DAHS_ISS_ONLY,111221,367,"FOUR J'S DAY ACTIVITY CENTER, INC",DAHS-ISSONLY,YES,NO,HARRIS,"9920 W. SAM HOUSTON PKWY S., SUITE 410",HOUSTON,TEXAS,77099,1de6e81addd37ea016be4c2cdbd50a08648f2348c694ef0e4d9eee0eee1bd381,https://apps.hhs.texas.gov/providers/directories/dahs_issonly.xlsx,2026-09-30T19:14:30.613491+00:00,2026-09-29,,NO,447dfe92a785f2139f4253a565c60ad9de54b065bdf38e47e0952a3537ee8854
TH-ENRICH-TX-SENIOR-2026-09-30-IDR2,TX|HHSC|TX_DAHS_ISS_ONLY|110907,TX_DAHS_ISS_ONLY,110907,368,FRIENDS OF DOWN SYNDROME,DAHS-ISSONLY,YES,NO,HARRIS,8425 WEST ROAD,HOUSTON,TX,77064,1de6e81addd37ea016be4c2cdbd50a08648f2348c694ef0e4d9eee0eee1bd381,https://apps.hhs.texas.gov/providers/directories/dahs_issonly.xlsx,2026-09-30T19:14:30.613491+00:00,2026-09-29,,NO,b3506ada74ab136a2c433482538fd6db565edd92919d10d1fa72eb1a94bee141
TH-ENRICH-TX-SENIOR-2026-09-30-IDR2,TX|HHSC|TX_DAHS_ISS_ONLY|110864,TX_DAHS_ISS_ONLY,110864,369,"GILMORE ACCOMPLISHMENT PLACE, INC",DAHS-ISSONLY,YES,NO,HARRIS,"17300 EL CAMINO REAL, SUITE #110-GG",HOUSTON,TEXAS,77058,1de6e81addd37ea016be4c2cdbd50a08648f2348c694ef0e4d9eee0eee1bd381,https://apps.hhs.texas.gov/providers/directories/dahs_issonly.xlsx,2026-09-30T19:14:30.613491+00:00,2026-09-29,,NO,feae8d9eeb4dde1ce9cc8bb5ac94e91d68135b00f7010f09af4bf427868d59a6
TH-ENRICH-TX-SENIOR-2026-09-30-IDR2,TX|HHSC|TX_DAHS_ISS_ONLY|111779,TX_DAHS_ISS_ONLY,111779,370,GLO'S HOPE CORPORATION,DAHS-ISSONLY,YES,NO,HARRIS,16111 CAIRNWAY DR STE 190,HOUSTON,TX,77084,1de6e81addd37ea016be4c2cdbd50a08648f2348c694ef0e4d9eee0eee1bd381,https://apps.hhs.texas.gov/providers/directories/dahs_issonly.xlsx,2026-09-30T19:14:30.613491+00:00,2026-09-29,,NO,081d914a226f6e326544ee118b51fbc28dc29186bb78a1ed8d97a9e3e02f9d48
TH-ENRICH-TX-SENIOR-2026-09-30-IDR2,TX|HHSC|TX_DAHS_ISS_ONLY|112099,TX_DAHS_ISS_ONLY,112099,371,GOLDEN YEARS ADULT DAY CENTER,DAHS-ISSONLY,YES,NO,HARRIS,207 WAYSIDE DRIVE,HOUSTON,TX,77011,1de6e81addd37ea016be4c2cdbd50a08648f2348c694ef0e4d9eee0eee1bd381,https://apps.hhs.texas.gov/providers/directories/dahs_issonly.xlsx,2026-09-30T19:14:30.613491+00:00,2026-09-29,,NO,fc65b1e4178ef2d6bf3dfac89d8d66404a7c59fc1178ff4bf6d98195efa14356
TH-ENRICH-TX-SENIOR-2026-09-30-IDR2,TX|HHSC|TX_DAHS_ISS_ONLY|111161,TX_DAHS_ISS_ONLY,111161,372,GOOD OLD DAYS ADULT DAY CARE LLC,DAHS-ISSONLY,YES,NO,HARRIS,5339 EASTHAMPTON DR,HOUSTON,TX,77039,1de6e81addd37ea016be4c2cdbd50a08648f2348c694ef0e4d9eee0eee1bd381,https://apps.hhs.texas.gov/providers/directories/dahs_issonly.xlsx,2026-09-30T19:14:30.613491+00:00,2026-09-29,,NO,23f99de55c9e585ad6b96d6135c95d4621bc5a656b70f21f5ec6722f6fd216ae
TH-ENRICH-TX-SENIOR-2026-09-30-IDR2,TX|HHSC|TX_DAHS_ISS_ONLY|111244,TX_DAHS_ISS_ONLY,111244,373,GRACEFUL CARE CENTER,DAHS-ISSONLY,YES,NO,HARRIS,5231 BEECHNUT STREET,HOUSTON,TEXAS,77096,1de6e81addd37ea016be4c2cdbd50a08648f2348c694ef0e4d9eee0eee1bd381,https://apps.hhs.texas.gov/providers/directories/dahs_issonly.xlsx,2026-09-30T19:14:30.613491+00:00,2026-09-29,,NO,8962311af67692bb02cea13a91006c93156936e721ff9ff7d2fd2ca63d40892d
TH-ENRICH-TX-SENIOR-2026-09-30-IDR2,TX|HHSC|TX_DAHS_ISS_ONLY|111090,TX_DAHS_ISS_ONLY,111090,374,"GREAT BEGINNINGS CAREER COUNSELING AND LIFE COACHING, PC",DAHS-ISSONLY,YES,NO,HARRIS,10301 NORTHWEST FWY STE 101,HOUSTON,TEXAS,77092,1de6e81addd37ea016be4c2cdbd50a08648f2348c694ef0e4d9eee0eee1bd381,https://apps.hhs.texas.gov/providers/directories/dahs_issonly.xlsx,2026-09-30T19:14:30.613491+00:00,2026-09-29,,NO,e85c0e34802b6db0a26b26ea5b2a842ebec2d5f598fcc8bd6e1c7dccf34d868d
TH-ENRICH-TX-SENIOR-2026-09-30-IDR2,TX|HHSC|TX_DAHS_ISS_ONLY|110861,TX_DAHS_ISS_ONLY,110861,375,HILLCROFT EMPOWERMENT CENTER,DAHS-ISSONLY,YES,NO,HARRIS,6125 HILLCROFT AVE,HOUSTON,TX,77081,1de6e81addd37ea016be4c2cdbd50a08648f2348c694ef0e4d9eee0eee1bd381,https://apps.hhs.texas.gov/providers/directories/dahs_issonly.xlsx,2026-09-30T19:14:30.613491+00:00,2026-09-29,,NO,b459907662762d71f8b91c3022e395d7eae2f8c7fbfe8ae73a970cda3d872a9e
TH-ENRICH-TX-SENIOR-2026-09-30-IDR2,TX|HHSC|TX_DAHS_ISS_ONLY|110871,TX_DAHS_ISS_ONLY,110871,376,HOUSTON DAY HAB,DAHS-ISSONLY,YES,NO,HARRIS,4572 FM 1960,HOUSTON,TX,77069,1de6e81addd37ea016be4c2cdbd50a08648f2348c694ef0e4d9eee0eee1bd381,https://apps.hhs.texas.gov/providers/directories/dahs_issonly.xlsx,2026-09-30T19:14:30.613491+00:00,2026-09-29,,NO,0a0250089989c011f159e4d271b6a43dea8fc95340ab11eed2159ed07212b765
TH-ENRICH-TX-SENIOR-2026-09-30-IDR2,TX|HHSC|TX_DAHS_ISS_ONLY|110838,TX_DAHS_ISS_ONLY,110838,377,HUMAN SERVICES CENTER,DAHS-ISSONLY,YES,NO,HARRIS,8515 FONDREN RD. SUITE 200,HOUSTON,TEXAS,77074,1de6e81addd37ea016be4c2cdbd50a08648f2348c694ef0e4d9eee0eee1bd381,https://apps.hhs.texas.gov/providers/directories/dahs_issonly.xlsx,2026-09-30T19:14:30.613491+00:00,2026-09-29,,NO,07cca227afcb7297699a9efd8398b46fdad7e8484349e4cc6400656f21ad7d3e
TH-ENRICH-TX-SENIOR-2026-09-30-IDR2,TX|HHSC|TX_DAHS_ISS_ONLY|111185,TX_DAHS_ISS_ONLY,111185,378,"IMAR   ENTERPRISES, INC",DAHS-ISSONLY,YES,NO,HARRIS,"9898 BISSONNET , SUITE #165",HOUSTON,TEXAS,77036,1de6e81addd37ea016be4c2cdbd50a08648f2348c694ef0e4d9eee0eee1bd381,https://apps.hhs.texas.gov/providers/directories/dahs_issonly.xlsx,2026-09-30T19:14:30.613491+00:00,2026-09-29,,NO,632e2733ac2f5d3de85ac45b154df250618ef956120ee99b804aeae24e70c355
TH-ENRICH-TX-SENIOR-2026-09-30-IDR2,TX|HHSC|TX_DAHS_ISS_ONLY|111911,TX_DAHS_ISS_ONLY,111911,379,INFINITY CARE,DAHS-ISSONLY,YES,NO,HARRIS,13243 ITALIAN CYPRESS TRL,HOUSTON,TX,77044,1de6e81addd37ea016be4c2cdbd50a08648f2348c694ef0e4d9eee0eee1bd381,https://apps.hhs.texas.gov/providers/directories/dahs_issonly.xlsx,2026-09-30T19:14:30.613491+00:00,2026-09-29,,NO,57d29c77be2c89e01fc1a23a32b19e37b096c08ef21e9390a2afcad6df7151c3
TH-ENRICH-TX-SENIOR-2026-09-30-IDR2,TX|HHSC|TX_DAHS_ISS_ONLY|111133,TX_DAHS_ISS_ONLY,111133,380,"JOEL ELIJAH ADULT CARE, INC",DAHS-ISSONLY,YES,NO,HARRIS,6670 HWY 6 SOUTH SUITE 6674C,HOUSTON,TX,77083,1de6e81addd37ea016be4c2cdbd50a08648f2348c694ef0e4d9eee0eee1bd381,https://apps.hhs.texas.gov/providers/directories/dahs_issonly.xlsx,2026-09-30T19:14:30.613491+00:00,2026-09-29,,NO,d46f789e082f165f0c280ae837cfef19e4c89cf4fe32f05cebc59baf23fd72a9
TH-ENRICH-TX-SENIOR-2026-09-30-IDR2,TX|HHSC|TX_DAHS_ISS_ONLY|111280,TX_DAHS_ISS_ONLY,111280,381,JOYFUL JOURNEY,DAHS-ISSONLY,YES,NO,HARRIS,1605 SOUTH VICTORY,HOUSTON,TEXAS,77088,1de6e81addd37ea016be4c2cdbd50a08648f2348c694ef0e4d9eee0eee1bd381,https://apps.hhs.texas.gov/providers/directories/dahs_issonly.xlsx,2026-09-30T19:14:30.613491+00:00,2026-09-29,,NO,2aad2bb909af2ce9f237fab9e0e45e021cea6c01ff8ae77238907aaab011007d
TH-ENRICH-TX-SENIOR-2026-09-30-IDR2,TX|HHSC|TX_DAHS_ISS_ONLY|112144,TX_DAHS_ISS_ONLY,112144,382,JOYFUL JOURNEYS ISS PROGRAM LLC,DAHS-ISSONLY,YES,NO,HARRIS,7066 LAKEVIEW HAVEN DRIVE SUITE 108,HOUSTON,TX,77095,1de6e81addd37ea016be4c2cdbd50a08648f2348c694ef0e4d9eee0eee1bd381,https://apps.hhs.texas.gov/providers/directories/dahs_issonly.xlsx,2026-09-30T19:14:30.613491+00:00,2026-09-29,,NO,f6d93ca28ab2ec4c68589efebefbaa42f3f237684a318bfd552766395a027bab
TH-ENRICH-TX-SENIOR-2026-09-30-IDR2,TX|HHSC|TX_DAHS_ISS_ONLY|111893,TX_DAHS_ISS_ONLY,111893,383,JOYFUL LEARNING CENTER 2,DAHS-ISSONLY,YES,NO,HARRIS,4560 FM 1960 W SUITE 107,HOUSTON,TEXAS,77069,1de6e81addd37ea016be4c2cdbd50a08648f2348c694ef0e4d9eee0eee1bd381,https://apps.hhs.texas.gov/providers/directories/dahs_issonly.xlsx,2026-09-30T19:14:30.613491+00:00,2026-09-29,,NO,4ef75b7bddf838777d92803b48093d81cb7452039527d6ea22cb51f28bb12986
TH-ENRICH-TX-SENIOR-2026-09-30-IDR2,TX|HHSC|TX_DAHS_ISS_ONLY|111577,TX_DAHS_ISS_ONLY,111577,384,JUBILEE CENTER,DAHS-ISSONLY,YES,NO,HARRIS,7808 DIXIE DRIVE,HOUSTON,TEXAS,77087,1de6e81addd37ea016be4c2cdbd50a08648f2348c694ef0e4d9eee0eee1bd381,https://apps.hhs.texas.gov/providers/directories/dahs_issonly.xlsx,2026-09-30T19:14:30.613491+00:00,2026-09-29,,NO,ebb690e7a3e1a27e4bc23640009614279f938a28b9e3611d3320f08d14af515e
TH-ENRICH-TX-SENIOR-2026-09-30-IDR2,TX|HHSC|TX_DAHS_ISS_ONLY|110945,TX_DAHS_ISS_ONLY,110945,385,"KES CARE LEARNING AND DEVELOPMENT CENTER, INC",DAHS-ISSONLY,YES,NO,HARRIS,1621 PLEASANTVILLE DR.,HOUSTON,TEXAS,77029,1de6e81addd37ea016be4c2cdbd50a08648f2348c694ef0e4d9eee0eee1bd381,https://apps.hhs.texas.gov/providers/directories/dahs_issonly.xlsx,2026-09-30T19:14:30.613491+00:00,2026-09-29,,NO,1e2f3d947aabef122d714332d2335528e8a54a8e460f9bfe6e4fa1ff404d2bbc
TH-ENRICH-TX-SENIOR-2026-09-30-IDR2,TX|HHSC|TX_DAHS_ISS_ONLY|111736,TX_DAHS_ISS_ONLY,111736,386,LAC HONG ADULT DAY CARE,DAHS-ISSONLY,YES,NO,HARRIS,"6628 WILCREST DRIVE, SUITE A",HOUSTON,TX,77072,1de6e81addd37ea016be4c2cdbd50a08648f2348c694ef0e4d9eee0eee1bd381,https://apps.hhs.texas.gov/providers/directories/dahs_issonly.xlsx,2026-09-30T19:14:30.613491+00:00,2026-09-29,,NO,5a11d7b67d3b2841053ec67beca1d58453de56a82360dc4be43204dd59ccdd10
TH-ENRICH-TX-SENIOR-2026-09-30-IDR2,TX|HHSC|TX_DAHS_ISS_ONLY|112102,TX_DAHS_ISS_ONLY,112102,387,LG EXCEPTIONAL CARE ENTERPRISES LLC,DAHS-ISSONLY,YES,NO,HARRIS,6220 WESTPARK DRIVE #143,HOUSTON,TEXAS,77057,1de6e81addd37ea016be4c2cdbd50a08648f2348c694ef0e4d9eee0eee1bd381,https://apps.hhs.texas.gov/providers/directories/dahs_issonly.xlsx,2026-09-30T19:14:30.613491+00:00,2026-09-29,,NO,48c1212a848cd98f540a704171bd7cc005e612935ea4d2ae8ca72fb8edf3a820
TH-ENRICH-TX-SENIOR-2026-09-30-IDR2,TX|HHSC|TX_DAHS_ISS_ONLY|111715,TX_DAHS_ISS_ONLY,111715,388,"LIFETIME HOMECARE SERVICES, LLC",DAHS-ISSONLY,YES,NO,HARRIS,3230 BROOKFIELD DRIVE,HOUSTON,TX,77045,1de6e81addd37ea016be4c2cdbd50a08648f2348c694ef0e4d9eee0eee1bd381,https://apps.hhs.texas.gov/providers/directories/dahs_issonly.xlsx,2026-09-30T19:14:30.613491+00:00,2026-09-29,,NO,95a1fa707a1d07ca29273032651d0fd35739e0d2362ae81fd7827813084bfe5e
TH-ENRICH-TX-SENIOR-2026-09-30-IDR2,TX|HHSC|TX_DAHS_ISS_ONLY|111142,TX_DAHS_ISS_ONLY,111142,389,LIGHT AND SALT ASSOCIATION,DAHS-ISSONLY,YES,NO,HARRIS,3535 BRIARPARK DR. STE 135,HOUSTON,TX,77042,1de6e81addd37ea016be4c2cdbd50a08648f2348c694ef0e4d9eee0eee1bd381,https://apps.hhs.texas.gov/providers/directories/dahs_issonly.xlsx,2026-09-30T19:14:30.613491+00:00,2026-09-29,,NO,9b03b146769aed3c6c6af81c76c72e5a5d57e99cd88930cd777a3212aab5e849
TH-ENRICH-TX-SENIOR-2026-09-30-IDR2,TX|HHSC|TX_DAHS_ISS_ONLY|111794,TX_DAHS_ISS_ONLY,111794,390,LINKS OF COMPASSION INC,DAHS-ISSONLY,YES,NO,HARRIS,15600 W HARDY ROAD,HOUSTON,TX,77060,1de6e81addd37ea016be4c2cdbd50a08648f2348c694ef0e4d9eee0eee1bd381,https://apps.hhs.texas.gov/providers/directories/dahs_issonly.xlsx,2026-09-30T19:14:30.613491+00:00,2026-09-29,,NO,2cb402f9e05fb06a2b63b8a3845dc142dd46e2113e6799d40e346f35dc04c493
TH-ENRICH-TX-SENIOR-2026-09-30-IDR2,TX|HHSC|TX_DAHS_ISS_ONLY|111076,TX_DAHS_ISS_ONLY,111076,391,LIVINGMIND PROJECT INC,DAHS-ISSONLY,YES,NO,HARRIS,16205 WESTHEIMER ROAD #100,HOUSTON,TX,77082,1de6e81addd37ea016be4c2cdbd50a08648f2348c694ef0e4d9eee0eee1bd381,https://apps.hhs.texas.gov/providers/directories/dahs_issonly.xlsx,2026-09-30T19:14:30.613491+00:00,2026-09-29,,NO,e06e00583277fec0a111201246c6b87db18a6c9fcbd1cc41e6d765e101c75052
TH-ENRICH-TX-SENIOR-2026-09-30-IDR2,TX|HHSC|TX_DAHS_ISS_ONLY|111231,TX_DAHS_ISS_ONLY,111231,392,LOVE AMONG US DAY HABILITATION CENTER LLC,DAHS-ISSONLY,YES,NO,HARRIS,10824 KINGSPOINT RD,HOUSTON,TEXAS,77075,1de6e81addd37ea016be4c2cdbd50a08648f2348c694ef0e4d9eee0eee1bd381,https://apps.hhs.texas.gov/providers/directories/dahs_issonly.xlsx,2026-09-30T19:14:30.613491+00:00,2026-09-29,,NO,14e68dd95d003bd9b61306903f78580a6c81910fe7893dd5157be468708346fa
TH-ENRICH-TX-SENIOR-2026-09-30-IDR2,TX|HHSC|TX_DAHS_ISS_ONLY|110976,TX_DAHS_ISS_ONLY,110976,393,MAIA AND LALA'S WORLD,DAHS-ISSONLY,YES,NO,HARRIS,15991 WESTHEIMER RD,HOUSTON,TEXAS,77082,1de6e81addd37ea016be4c2cdbd50a08648f2348c694ef0e4d9eee0eee1bd381,https://apps.hhs.texas.gov/providers/directories/dahs_issonly.xlsx,2026-09-30T19:14:30.613491+00:00,2026-09-29,,NO,ae47358072ae56f8164694386870eef288f3a0cb2578ec9f8d5e6e5295a260cb
TH-ENRICH-TX-SENIOR-2026-09-30-IDR2,TX|HHSC|TX_DAHS_ISS_ONLY|110917,TX_DAHS_ISS_ONLY,110917,394,MAINSTREAM LIVING CENTER LLC,DAHS-ISSONLY,YES,NO,HARRIS,13940 BAMMEL N. HOUSTON #305,HOUSTON,TX,77066,1de6e81addd37ea016be4c2cdbd50a08648f2348c694ef0e4d9eee0eee1bd381,https://apps.hhs.texas.gov/providers/directories/dahs_issonly.xlsx,2026-09-30T19:14:30.613491+00:00,2026-09-29,,NO,57531e41d23e072ce6e77dcddcc419fd5292378c8ab2161400ca3bfaef8b62ef
TH-ENRICH-TX-SENIOR-2026-09-30-IDR2,TX|HHSC|TX_DAHS_ISS_ONLY|111200,TX_DAHS_ISS_ONLY,111200,395,"MERIDIAN LIVING CENTER, INC",DAHS-ISSONLY,YES,NO,HARRIS,8130 WESTGLEN DRIVE,HOUSTON,TX,77063,1de6e81addd37ea016be4c2cdbd50a08648f2348c694ef0e4d9eee0eee1bd381,https://apps.hhs.texas.gov/providers/directories/dahs_issonly.xlsx,2026-09-30T19:14:30.613491+00:00,2026-09-29,,NO,7c1278bd478180cd2b34e40543de95b8936dbacb0e6d0f9fc1a2375f68a09cf3
TH-ENRICH-TX-SENIOR-2026-09-30-IDR2,TX|HHSC|TX_DAHS_ISS_ONLY|111512,TX_DAHS_ISS_ONLY,111512,396,MIKEY'S PLACE,DAHS-ISSONLY,YES,NO,HARRIS,11612 MEMORIAL DRIVE ROOMS 212/213,HOUSTON,TX,77024,1de6e81addd37ea016be4c2cdbd50a08648f2348c694ef0e4d9eee0eee1bd381,https://apps.hhs.texas.gov/providers/directories/dahs_issonly.xlsx,2026-09-30T19:14:30.613491+00:00,2026-09-29,,NO,198ebdbb7fba54874645484e6d4d1643596cc6a1aa3123b399d34ed012084c8e
TH-ENRICH-TX-SENIOR-2026-09-30-IDR2,TX|HHSC|TX_DAHS_ISS_ONLY|111442,TX_DAHS_ISS_ONLY,111442,397,NATE DAY HAB & SERVICES LLC,DAHS-ISSONLY,YES,NO,HARRIS,"525 N. SAM HOUSTON PKWY E, #245",HOUSTON,TX,77060,1de6e81addd37ea016be4c2cdbd50a08648f2348c694ef0e4d9eee0eee1bd381,https://apps.hhs.texas.gov/providers/directories/dahs_issonly.xlsx,2026-09-30T19:14:30.613491+00:00,2026-09-29,,NO,d4a1bfb88d4758615eac56dc3beb37d08388f96224421363dae2dd87e41af916
TH-ENRICH-TX-SENIOR-2026-09-30-IDR2,TX|HHSC|TX_DAHS_ISS_ONLY|112036,TX_DAHS_ISS_ONLY,112036,398,"ODYSSEY DAY SERVICES, INC",DAHS-ISSONLY,YES,NO,HARRIS,779 NORMANDY ST STE 125,HOUSTON,TX,77015,1de6e81addd37ea016be4c2cdbd50a08648f2348c694ef0e4d9eee0eee1bd381,https://apps.hhs.texas.gov/providers/directories/dahs_issonly.xlsx,2026-09-30T19:14:30.613491+00:00,2026-09-29,,NO,46d2a78e7af7ce2cf6fe2a1810e87f339e6883cc9ee9ac1eb282610d07fdf3bd
TH-ENRICH-TX-SENIOR-2026-09-30-IDR2,TX|HHSC|TX_DAHS_ISS_ONLY|112023,TX_DAHS_ISS_ONLY,112023,399,"ODYSSEY DAY SERVICES, INC",DAHS-ISSONLY,YES,NO,HARRIS,220 N VISTA DR,HOUSTON,TX,77073,1de6e81addd37ea016be4c2cdbd50a08648f2348c694ef0e4d9eee0eee1bd381,https://apps.hhs.texas.gov/providers/directories/dahs_issonly.xlsx,2026-09-30T19:14:30.613491+00:00,2026-09-29,,NO,b0e5d110904ef04dbb27ae6c089de724de12c40a3936f5c27fc8a95e64647cf6
TH-ENRICH-TX-SENIOR-2026-09-30-IDR2,TX|HHSC|TX_DAHS_ISS_ONLY|111321,TX_DAHS_ISS_ONLY,111321,400,ODYSSEY TLC ADULT DAY CTR,DAHS-ISSONLY,YES,NO,HARRIS,779 NORMANDY ST  STE 125,HOUSTON,TEXAS,77015,1de6e81addd37ea016be4c2cdbd50a08648f2348c694ef0e4d9eee0eee1bd381,https://apps.hhs.texas.gov/providers/directories/dahs_issonly.xlsx,2026-09-30T19:14:30.613491+00:00,2026-09-29,,NO,32fc7380c22a9a504defc82004c7ed4943e7679e672aa44362cef357689a69a4
TH-ENRICH-TX-SENIOR-2026-09-30-IDR2,TX|HHSC|TX_DAHS_ISS_ONLY|110983,TX_DAHS_ISS_ONLY,110983,401,PARADISE CARE CENTER,DAHS-ISSONLY,YES,NO,HARRIS,11001 FONDREN ROAD SUITE A,HOUSTON,TEXAS,77096,1de6e81addd37ea016be4c2cdbd50a08648f2348c694ef0e4d9eee0eee1bd381,https://apps.hhs.texas.gov/providers/directories/dahs_issonly.xlsx,2026-09-30T19:14:30.613491+00:00,2026-09-29,,NO,3fd822977219f16f76aaabfb46e752146bf29b66564a024c285f447272d6712a
TH-ENRICH-TX-SENIOR-2026-09-30-IDR2,TX|HHSC|TX_DAHS_ISS_ONLY|111852,TX_DAHS_ISS_ONLY,111852,402,PATRICK'S HOME,DAHS-ISSONLY,YES,NO,HARRIS,9223 STROUD DRIVE,HOUSTON,TX,77036,1de6e81addd37ea016be4c2cdbd50a08648f2348c694ef0e4d9eee0eee1bd381,https://apps.hhs.texas.gov/providers/directories/dahs_issonly.xlsx,2026-09-30T19:14:30.613491+00:00,2026-09-29,,NO,8ee508504bfd25de0247f895a6ee9836e3f402a9a13c429d3b96f353e0bd6ced
TH-ENRICH-TX-SENIOR-2026-09-30-IDR2,TX|HHSC|TX_DAHS_ISS_ONLY|111281,TX_DAHS_ISS_ONLY,111281,403,PURPOSE OF VISION ADULT AND YOUTH ENRICHMENT CENTER,DAHS-ISSONLY,YES,NO,HARRIS,2600 S LOOP WEST STE 332,HOUSTON,TX,77504,1de6e81addd37ea016be4c2cdbd50a08648f2348c694ef0e4d9eee0eee1bd381,https://apps.hhs.texas.gov/providers/directories/dahs_issonly.xlsx,2026-09-30T19:14:30.613491+00:00,2026-09-29,,NO,3a93952400a742f4b4eb467f44764659c10133c02fe6269ee15dfb8600630e3a
TH-ENRICH-TX-SENIOR-2026-09-30-IDR2,TX|HHSC|TX_DAHS_ISS_ONLY|111194,TX_DAHS_ISS_ONLY,111194,404,RCJ GENESIS II ME,DAHS-ISSONLY,YES,NO,HARRIS,12035 MISTY VALLEY DR.,HOUSTON,TEXAS,77066,1de6e81addd37ea016be4c2cdbd50a08648f2348c694ef0e4d9eee0eee1bd381,https://apps.hhs.texas.gov/providers/directories/dahs_issonly.xlsx,2026-09-30T19:14:30.613491+00:00,2026-09-29,,NO,d473a20c9e5cbd06588cf5fcd3820dd8254eb71b9ee1d247986c7c0802e3e1ed
TH-ENRICH-TX-SENIOR-2026-09-30-IDR2,TX|HHSC|TX_DAHS_ISS_ONLY|111270,TX_DAHS_ISS_ONLY,111270,405,RESOURCE HOME HEALTH SERVICES,DAHS-ISSONLY,YES,NO,HARRIS,8885 W. BELLFORT,HOUSTON,TEXAS,77031,1de6e81addd37ea016be4c2cdbd50a08648f2348c694ef0e4d9eee0eee1bd381,https://apps.hhs.texas.gov/providers/directories/dahs_issonly.xlsx,2026-09-30T19:14:30.613491+00:00,2026-09-29,,NO,fbed0910ebe13f4c0cc21b897202c45c8d2ff74527bb3d7ad60a72e78f2e8fbe
TH-ENRICH-TX-SENIOR-2026-09-30-IDR2,TX|HHSC|TX_DAHS_ISS_ONLY|111957,TX_DAHS_ISS_ONLY,111957,406,RITE BE HOME HEALTH CARE LLC,DAHS-ISSONLY,YES,NO,HARRIS,15124 BELLAIRE BLVD,HOUSTON,TX,77083,1de6e81addd37ea016be4c2cdbd50a08648f2348c694ef0e4d9eee0eee1bd381,https://apps.hhs.texas.gov/providers/directories/dahs_issonly.xlsx,2026-09-30T19:14:30.613491+00:00,2026-09-29,,NO,074275ea0db0e48f9548d5b691013d984490bfbf6445e9fd47f725d9b1329bc9
TH-ENRICH-TX-SENIOR-2026-09-30-IDR2,TX|HHSC|TX_DAHS_ISS_ONLY|111797,TX_DAHS_ISS_ONLY,111797,407,SECOND CHANCE ADULT DAYCARE LLC,DAHS-ISSONLY,YES,NO,HARRIS,8133 BEECHCOVE LN,HOUSTON,TX,77099,1de6e81addd37ea016be4c2cdbd50a08648f2348c694ef0e4d9eee0eee1bd381,https://apps.hhs.texas.gov/providers/directories/dahs_issonly.xlsx,2026-09-30T19:14:30.613491+00:00,2026-09-29,,NO,3099c5de3a7903a807d3c6706c01dcf7753bb88f44b5da7cd3c026b88fa99a8a
TH-ENRICH-TX-SENIOR-2026-09-30-IDR2,TX|HHSC|TX_DAHS_ISS_ONLY|112129,TX_DAHS_ISS_ONLY,112129,408,SPECIAL HOME CARE LIVING CENTER,DAHS-ISSONLY,YES,NO,HARRIS,2600 SOUTH LOOP W FWY SUITE 150,HOUSTON,TX,77054,1de6e81addd37ea016be4c2cdbd50a08648f2348c694ef0e4d9eee0eee1bd381,https://apps.hhs.texas.gov/providers/directories/dahs_issonly.xlsx,2026-09-30T19:14:30.613491+00:00,2026-09-29,,NO,5b0792ccce7830d9f0715d823c2d4661844e96016a777b9928384f080ad4eb86
TH-ENRICH-TX-SENIOR-2026-09-30-IDR2,TX|HHSC|TX_DAHS_ISS_ONLY|111277,TX_DAHS_ISS_ONLY,111277,409,"SPECIAL RECREATION SERVICES, INC",DAHS-ISSONLY,YES,NO,HARRIS,7301 AVENUE F,HOUSTON,TEXAS,77011,1de6e81addd37ea016be4c2cdbd50a08648f2348c694ef0e4d9eee0eee1bd381,https://apps.hhs.texas.gov/providers/directories/dahs_issonly.xlsx,2026-09-30T19:14:30.613491+00:00,2026-09-29,,NO,c0209654163272134c3f166130286b433ceb35275af566abb9b90b22cce47ffc
TH-ENRICH-TX-SENIOR-2026-09-30-IDR2,TX|HHSC|TX_DAHS_ISS_ONLY|111332,TX_DAHS_ISS_ONLY,111332,410,"STARPOINT SERVICES, INC",DAHS-ISSONLY,YES,NO,HARRIS,6515 ADDICKS CLODINE ROAD,HOUSTON,TEXAS,77083,1de6e81addd37ea016be4c2cdbd50a08648f2348c694ef0e4d9eee0eee1bd381,https://apps.hhs.texas.gov/providers/directories/dahs_issonly.xlsx,2026-09-30T19:14:30.613491+00:00,2026-09-29,,NO,f91e6298686d425b62813e3eb105171a00577ae4dba7baeec8b2cc33bfd0cad4
TH-ENRICH-TX-SENIOR-2026-09-30-IDR2,TX|HHSC|TX_DAHS_ISS_ONLY|110929,TX_DAHS_ISS_ONLY,110929,411,"STEPPING STONES ACHIEVEMENT CENTER, INC",DAHS-ISSONLY,YES,NO,HARRIS,"440 BENMAR DRIVE, SUITE 1205",HOUSTON,TEXAS,77060,1de6e81addd37ea016be4c2cdbd50a08648f2348c694ef0e4d9eee0eee1bd381,https://apps.hhs.texas.gov/providers/directories/dahs_issonly.xlsx,2026-09-30T19:14:30.613491+00:00,2026-09-29,,NO,5c2688febfbae2baf40bec0e615bce9252ce81e082584c64ba4070980136a4f7
TH-ENRICH-TX-SENIOR-2026-09-30-IDR2,TX|HHSC|TX_DAHS_ISS_ONLY|111307,TX_DAHS_ISS_ONLY,111307,412,SUMMERHOUSE HOUSTON,DAHS-ISSONLY,YES,NO,HARRIS,1424 WASECA ST,HOUSTON,TX,77055,1de6e81addd37ea016be4c2cdbd50a08648f2348c694ef0e4d9eee0eee1bd381,https://apps.hhs.texas.gov/providers/directories/dahs_issonly.xlsx,2026-09-30T19:14:30.613491+00:00,2026-09-29,,NO,a67bf4388c14664751429fb9a6515998428a083267dbdde15c2c0648df357fef
TH-ENRICH-TX-SENIOR-2026-09-30-IDR2,TX|HHSC|TX_DAHS_ISS_ONLY|111659,TX_DAHS_ISS_ONLY,111659,413,"TAYLOR LOVE & CARE DISABILITY,SERVICES,LLC",DAHS-ISSONLY,YES,NO,HARRIS,340 N. SAM HOUSTON PKWY STE 150,HOUSTON,TX,77060,1de6e81addd37ea016be4c2cdbd50a08648f2348c694ef0e4d9eee0eee1bd381,https://apps.hhs.texas.gov/providers/directories/dahs_issonly.xlsx,2026-09-30T19:14:30.613491+00:00,2026-09-29,,NO,e528f4c52ea824ec3ac1b1a34d5804277e251ef8e6482cdc42d6f70f6978b33a
TH-ENRICH-TX-SENIOR-2026-09-30-IDR2,TX|HHSC|TX_DAHS_ISS_ONLY|111464,TX_DAHS_ISS_ONLY,111464,414,THE CENTER FOR PROGRESSION,DAHS-ISSONLY,YES,NO,HARRIS,"8449 WEST BELLFORT BLVD.
SUITE 395",HOUSTON,TX,77071,1de6e81addd37ea016be4c2cdbd50a08648f2348c694ef0e4d9eee0eee1bd381,https://apps.hhs.texas.gov/providers/directories/dahs_issonly.xlsx,2026-09-30T19:14:30.613491+00:00,2026-09-29,,NO,17b67bb9e23f9d3db777e94dd89796886c071de1df5d65b7a898dbbb1c57aab8
TH-ENRICH-TX-SENIOR-2026-09-30-IDR2,TX|HHSC|TX_DAHS_ISS_ONLY|110826,TX_DAHS_ISS_ONLY,110826,415,THE CENTER FOR PURSUIT,DAHS-ISSONLY,YES,NO,HARRIS,4400 HARRISBURG BLVD,HOUSTON,TX,77011,1de6e81addd37ea016be4c2cdbd50a08648f2348c694ef0e4d9eee0eee1bd381,https://apps.hhs.texas.gov/providers/directories/dahs_issonly.xlsx,2026-09-30T19:14:30.613491+00:00,2026-09-29,,NO,46cc78adb1c6b1c98eb26a1450e58ce12f00298d6254b8332f8522c3073daa6b
TH-ENRICH-TX-SENIOR-2026-09-30-IDR2,TX|HHSC|TX_DAHS_ISS_ONLY|111744,TX_DAHS_ISS_ONLY,111744,416,THE HOMESTEAD DAY CARE SERVICES,DAHS-ISSONLY,YES,NO,HARRIS,5234 TAUTENHAHN,HOUSTON,TX,77016,1de6e81addd37ea016be4c2cdbd50a08648f2348c694ef0e4d9eee0eee1bd381,https://apps.hhs.texas.gov/providers/directories/dahs_issonly.xlsx,2026-09-30T19:14:30.613491+00:00,2026-09-29,,NO,d5768883827cd86506734e198e6bb46aeadf28f3adc3ed5a98dcc83888ca8e96
TH-ENRICH-TX-SENIOR-2026-09-30-IDR2,TX|HHSC|TX_DAHS_ISS_ONLY|110788,TX_DAHS_ISS_ONLY,110788,417,THE ROCK CENTER  BELLAIRE,DAHS-ISSONLY,YES,NO,HARRIS,15160 BELLAIRE BOULEVARD,HOUSTON,TEXAS,77083,1de6e81addd37ea016be4c2cdbd50a08648f2348c694ef0e4d9eee0eee1bd381,https://apps.hhs.texas.gov/providers/directories/dahs_issonly.xlsx,2026-09-30T19:14:30.613491+00:00,2026-09-29,,NO,a651b418f0d05d54c57c41756d8aa28d4e8844c58824568c97799c09164a5f10
TH-ENRICH-TX-SENIOR-2026-09-30-IDR2,TX|HHSC|TX_DAHS_ISS_ONLY|111738,TX_DAHS_ISS_ONLY,111738,418,TOTAL FRIENDLY CARE INC,DAHS-ISSONLY,YES,NO,HARRIS,10039 BISSONNETT STREET SUITE 125,HOUSTON,TX,77099,1de6e81addd37ea016be4c2cdbd50a08648f2348c694ef0e4d9eee0eee1bd381,https://apps.hhs.texas.gov/providers/directories/dahs_issonly.xlsx,2026-09-30T19:14:30.613491+00:00,2026-09-29,,NO,3852d1e56a711324117c14c8171ba2a88ae4677648f747d72d134219fb5ee213
TH-ENRICH-TX-SENIOR-2026-09-30-IDR2,TX|HHSC|TX_DAHS_ISS_ONLY|110796,TX_DAHS_ISS_ONLY,110796,419,TOUCH BASE CENTER FOR THE DEAFBLIND,DAHS-ISSONLY,YES,NO,HARRIS,"7207 REGENCY SQUARE BLVD, SUITE 160",HOUSTON,TX,77036,1de6e81addd37ea016be4c2cdbd50a08648f2348c694ef0e4d9eee0eee1bd381,https://apps.hhs.texas.gov/providers/directories/dahs_issonly.xlsx,2026-09-30T19:14:30.613491+00:00,2026-09-29,,NO,d03ed3182bd0cfa7d05506283c656bbadbe20f22301ae3908ed4e5fc63320029
TH-ENRICH-TX-SENIOR-2026-09-30-IDR2,TX|HHSC|TX_DAHS_ISS_ONLY|110935,TX_DAHS_ISS_ONLY,110935,420,TREASURES OF JOYJOYFUL LEARNING CENTER,DAHS-ISSONLY,YES,NO,HARRIS,15302 STUEBNER AIRLINE  SUITE D,HOUSTON,TX,77069,1de6e81addd37ea016be4c2cdbd50a08648f2348c694ef0e4d9eee0eee1bd381,https://apps.hhs.texas.gov/providers/directories/dahs_issonly.xlsx,2026-09-30T19:14:30.613491+00:00,2026-09-29,,NO,473926c7376201427d45e2a02d6aacc1248dbca97325b4b61487cd4d82e036f1
TH-ENRICH-TX-SENIOR-2026-09-30-IDR2,TX|HHSC|TX_DAHS_ISS_ONLY|111399,TX_DAHS_ISS_ONLY,111399,421,"TRINITY AYOMIDE, LLC",DAHS-ISSONLY,YES,NO,HARRIS,10333 HARWIN DR. SUITE 152,HOUSTON,TEXAS,77036,1de6e81addd37ea016be4c2cdbd50a08648f2348c694ef0e4d9eee0eee1bd381,https://apps.hhs.texas.gov/providers/directories/dahs_issonly.xlsx,2026-09-30T19:14:30.613491+00:00,2026-09-29,,NO,cfc8ae6f9ca19e2f86fe06dd9362743e439bff0868d02ef41a16093f4dc81ebb
TH-ENRICH-TX-SENIOR-2026-09-30-IDR2,TX|HHSC|TX_DAHS_ISS_ONLY|110982,TX_DAHS_ISS_ONLY,110982,422,TRINITY DAY HABILITATION CENTER,DAHS-ISSONLY,YES,NO,HARRIS,"9896 BISSONNET ST, SUITE 100",HOUSTON,TX,77036,1de6e81addd37ea016be4c2cdbd50a08648f2348c694ef0e4d9eee0eee1bd381,https://apps.hhs.texas.gov/providers/directories/dahs_issonly.xlsx,2026-09-30T19:14:30.613491+00:00,2026-09-29,,NO,177484c151ab7cfc629d7fba048e76be9a33013eb1eebedbab774009cfb08320
TH-ENRICH-TX-SENIOR-2026-09-30-IDR2,TX|HHSC|TX_DAHS_ISS_ONLY|111470,TX_DAHS_ISS_ONLY,111470,423,UNIQUE MANOR AND REHAB,DAHS-ISSONLY,YES,NO,HARRIS,13151 BISSONNET ST SUITE 550,HOUSTON,TEXAS,77099,1de6e81addd37ea016be4c2cdbd50a08648f2348c694ef0e4d9eee0eee1bd381,https://apps.hhs.texas.gov/providers/directories/dahs_issonly.xlsx,2026-09-30T19:14:30.613491+00:00,2026-09-29,,NO,98b01ef822fa1026aefdb63c4ec76bb8a2bc3252c351e24052ee1082221f6b30
TH-ENRICH-TX-SENIOR-2026-09-30-IDR2,TX|HHSC|TX_DAHS_ISS_ONLY|110855,TX_DAHS_ISS_ONLY,110855,424,UNIVERSAL LIVING CARE CENTER,DAHS-ISSONLY,YES,NO,HARRIS,12600 BISSONNET STREET # A2,HOUSTON,TEXAS,77099,1de6e81addd37ea016be4c2cdbd50a08648f2348c694ef0e4d9eee0eee1bd381,https://apps.hhs.texas.gov/providers/directories/dahs_issonly.xlsx,2026-09-30T19:14:30.613491+00:00,2026-09-29,,NO,310f2bd52d2563d0a02a795e451316da0255a66118397a0a344f31330f1014bd
TH-ENRICH-TX-SENIOR-2026-09-30-IDR2,TX|HHSC|TX_DAHS_ISS_ONLY|111645,TX_DAHS_ISS_ONLY,111645,425,"VITA LIVING, INC",DAHS-ISSONLY,YES,NO,HARRIS,"3300 S GESSNER RD, STE 150,",HOUSTON,TEXAS,77063,1de6e81addd37ea016be4c2cdbd50a08648f2348c694ef0e4d9eee0eee1bd381,https://apps.hhs.texas.gov/providers/directories/dahs_issonly.xlsx,2026-09-30T19:14:30.613491+00:00,2026-09-29,,NO,ed0f8da1f87ab6d8a502f94495aa0d34eb6078e94192a2f972c510a436fa284c
TH-ENRICH-TX-SENIOR-2026-09-30-IDR2,TX|HHSC|TX_DAHS_ISS_ONLY|111401,TX_DAHS_ISS_ONLY,111401,426,VOLUNTEERS OF AMERICA TEXAS INC,DAHS-ISSONLY,YES,NO,HARRIS,4808 YALE STREET,HOUSTON,TEXAS,77018,1de6e81addd37ea016be4c2cdbd50a08648f2348c694ef0e4d9eee0eee1bd381,https://apps.hhs.texas.gov/providers/directories/dahs_issonly.xlsx,2026-09-30T19:14:30.613491+00:00,2026-09-29,,NO,959b4d2ba7a0fe5770970aaca7d94f7e8565de9fd0921e1e3c51780c17ff8dcc
TH-ENRICH-TX-SENIOR-2026-09-30-IDR2,TX|HHSC|TX_DAHS_ISS_ONLY|111580,TX_DAHS_ISS_ONLY,111580,427,A BETTER ADULT DAYCARE,DAHS-ISSONLY,YES,NO,HARRIS,14814 LEE RD,HUMBLE,TEXAS,77396,1de6e81addd37ea016be4c2cdbd50a08648f2348c694ef0e4d9eee0eee1bd381,https://apps.hhs.texas.gov/providers/directories/dahs_issonly.xlsx,2026-09-30T19:14:30.613491+00:00,2026-09-29,,NO,8035691e298bb5c30e66acfaead96c0c5875d28b67a485fc92b23a469d06e03c
TH-ENRICH-TX-SENIOR-2026-09-30-IDR2,TX|HHSC|TX_DAHS_ISS_ONLY|111309,TX_DAHS_ISS_ONLY,111309,428,"AMAZING LIVING HCS, LLC",DAHS-ISSONLY,YES,NO,HARRIS,304 WILSON RD,HUMBLE,TEXAS,77338,1de6e81addd37ea016be4c2cdbd50a08648f2348c694ef0e4d9eee0eee1bd381,https://apps.hhs.texas.gov/providers/directories/dahs_issonly.xlsx,2026-09-30T19:14:30.613491+00:00,2026-09-29,,NO,60765cd7a6cf7dfd8a58230f042eeccf527597001f2fedac7e926f15b6068024
TH-ENRICH-TX-SENIOR-2026-09-30-IDR2,TX|HHSC|TX_DAHS_ISS_ONLY|110738,TX_DAHS_ISS_ONLY,110738,429,BLOOM CONSULTING,DAHS-ISSONLY,YES,NO,HARRIS,20103 ALDINE WESTFIELD RD,HUMBLE,TEXAS,77338,1de6e81addd37ea016be4c2cdbd50a08648f2348c694ef0e4d9eee0eee1bd381,https://apps.hhs.texas.gov/providers/directories/dahs_issonly.xlsx,2026-09-30T19:14:30.613491+00:00,2026-09-29,,NO,7dcabfae34c195aa8942d8b7493b63e8a5b575a6bbbfc5d886265816ea1b0736
TH-ENRICH-TX-SENIOR-2026-09-30-IDR2,TX|HHSC|TX_DAHS_ISS_ONLY|110882,TX_DAHS_ISS_ONLY,110882,430,HUMBLE SERVICE CENTER,DAHS-ISSONLY,YES,NO,HARRIS,6805 OAK VILLAGE,HUMBLE,TX,77396,1de6e81addd37ea016be4c2cdbd50a08648f2348c694ef0e4d9eee0eee1bd381,https://apps.hhs.texas.gov/providers/directories/dahs_issonly.xlsx,2026-09-30T19:14:30.613491+00:00,2026-09-29,,NO,fc945b0a31d07316a6a4cb19cf4270d58bb708f63525d6c75d966475212ac131
TH-ENRICH-TX-SENIOR-2026-09-30-IDR2,TX|HHSC|TX_DAHS_ISS_ONLY|111679,TX_DAHS_ISS_ONLY,111679,431,JOVIC HOMES ISS SPRING,DAHS-ISSONLY,YES,NO,HARRIS,21507 ORNELLA CIRCLE,HUMBLE,TX,77338,1de6e81addd37ea016be4c2cdbd50a08648f2348c694ef0e4d9eee0eee1bd381,https://apps.hhs.texas.gov/providers/directories/dahs_issonly.xlsx,2026-09-30T19:14:30.613491+00:00,2026-09-29,,NO,fec2a406323b385239c5c6f2ac0818dd94c18135c937bf8c14f313b3582a488b
TH-ENRICH-TX-SENIOR-2026-09-30-IDR2,TX|HHSC|TX_DAHS_ISS_ONLY|112179,TX_DAHS_ISS_ONLY,112179,432,FORGOTTEN ANGELS  JERSEY VILLAGE,DAHS-ISSONLY,YES,NO,HARRIS,16565 VILLAGE DRIVE,JERSEY VILLAGE,TEXAS,77040,1de6e81addd37ea016be4c2cdbd50a08648f2348c694ef0e4d9eee0eee1bd381,https://apps.hhs.texas.gov/providers/directories/dahs_issonly.xlsx,2026-09-30T19:14:30.613491+00:00,2026-09-29,,NO,6419f27a47e67f58bfaaaac3aa39558c70663e82143078824d192adb25a6a241
TH-ENRICH-TX-SENIOR-2026-09-30-IDR2,TX|HHSC|TX_DAHS_ISS_ONLY|111222,TX_DAHS_ISS_ONLY,111222,433,AVADIS COMMUNITY BRIDGE AND SUPPORT SERVICES,DAHS-ISSONLY,YES,NO,HARRIS,20850 COTTAGE COVE LN,KATY,TEXAS,77450,1de6e81addd37ea016be4c2cdbd50a08648f2348c694ef0e4d9eee0eee1bd381,https://apps.hhs.texas.gov/providers/directories/dahs_issonly.xlsx,2026-09-30T19:14:30.613491+00:00,2026-09-29,,NO,c808767d5b17cb0fe4c30fdd7552347caabeaa648f5af0af4e915c440126bb41
TH-ENRICH-TX-SENIOR-2026-09-30-IDR2,TX|HHSC|TX_DAHS_ISS_ONLY|111384,TX_DAHS_ISS_ONLY,111384,434,LILLYLOU DAY ACTIVITY CENTER,DAHS-ISSONLY,YES,NO,HARRIS,18075 W. LITTLE YORK STE. G,KATY,TEXAS,77449,1de6e81addd37ea016be4c2cdbd50a08648f2348c694ef0e4d9eee0eee1bd381,https://apps.hhs.texas.gov/providers/directories/dahs_issonly.xlsx,2026-09-30T19:14:30.613491+00:00,2026-09-29,,NO,054fa4de1c9200d5c0469e82ad2c4d088e21850ed3bb9c5dc238abc0bafe6b73
TH-ENRICH-TX-SENIOR-2026-09-30-IDR2,TX|HHSC|TX_DAHS_ISS_ONLY|111175,TX_DAHS_ISS_ONLY,111175,435,MERIDIAN LIVING CENTER INC,DAHS-ISSONLY,YES,NO,HARRIS,913 S MASON RD,KATY,TX,77450,1de6e81addd37ea016be4c2cdbd50a08648f2348c694ef0e4d9eee0eee1bd381,https://apps.hhs.texas.gov/providers/directories/dahs_issonly.xlsx,2026-09-30T19:14:30.613491+00:00,2026-09-29,,NO,bb211a35797433575fcf7198eed7ba0578bc58d3b572f3832d0696558376143a
TH-ENRICH-TX-SENIOR-2026-09-30-IDR2,TX|HHSC|TX_DAHS_ISS_ONLY|111623,TX_DAHS_ISS_ONLY,111623,436,THE LIFELONG LEARNING CENTER,DAHS-ISSONLY,YES,NO,HARRIS,1701 EAST AVENUE,KATY,TX,77494,1de6e81addd37ea016be4c2cdbd50a08648f2348c694ef0e4d9eee0eee1bd381,https://apps.hhs.texas.gov/providers/directories/dahs_issonly.xlsx,2026-09-30T19:14:30.613491+00:00,2026-09-29,,NO,8484565e06cfdbd9fcc08d000d64153ad908757167145a64d3971b9fc686f24e
TH-ENRICH-TX-SENIOR-2026-09-30-IDR2,TX|HHSC|TX_DAHS_ISS_ONLY|111981,TX_DAHS_ISS_ONLY,111981,437,BLOOM COMMUNITY SERVICES,DAHS-ISSONLY,YES,NO,HARRIS,2530 GREEN OAK DR,KINGWOOD,TEXAS,77339,1de6e81addd37ea016be4c2cdbd50a08648f2348c694ef0e4d9eee0eee1bd381,https://apps.hhs.texas.gov/providers/directories/dahs_issonly.xlsx,2026-09-30T19:14:30.613491+00:00,2026-09-29,,NO,faca957fe480f31fecd4a3f8bd8d77c110093b65a575f1260af6a1c2edf8dc3b
TH-ENRICH-TX-SENIOR-2026-09-30-IDR2,TX|HHSC|TX_DAHS_ISS_ONLY|110799,TX_DAHS_ISS_ONLY,110799,438,FORGOTTEN ANGELS  KINGWOOD,DAHS-ISSONLY,YES,NO,HARRIS,1210 HAMBLEN RD,KINGWOOD,TEXAS,77339,1de6e81addd37ea016be4c2cdbd50a08648f2348c694ef0e4d9eee0eee1bd381,https://apps.hhs.texas.gov/providers/directories/dahs_issonly.xlsx,2026-09-30T19:14:30.613491+00:00,2026-09-29,,NO,1261117b6b056254f611d334268641f326485efa80d0985ecb63de767d4258a1
TH-ENRICH-TX-SENIOR-2026-09-30-IDR2,TX|HHSC|TX_DAHS_ISS_ONLY|110765,TX_DAHS_ISS_ONLY,110765,439,"THE VILLAGE LEARNING CENTER, INC",DAHS-ISSONLY,YES,NO,HARRIS,3838 PLUM VALLEY DRIVE,KINGWOOD,TEXAS,77339,1de6e81addd37ea016be4c2cdbd50a08648f2348c694ef0e4d9eee0eee1bd381,https://apps.hhs.texas.gov/providers/directories/dahs_issonly.xlsx,2026-09-30T19:14:30.613491+00:00,2026-09-29,,NO,9424b98162a2302ba0f57137be0598016087bdf34aaf23f062049a213852460d
TH-ENRICH-TX-SENIOR-2026-09-30-IDR2,TX|HHSC|TX_DAHS_ISS_ONLY|110752,TX_DAHS_ISS_ONLY,110752,440,"THE VILLAGE LEARNING CENTER, INC",DAHS-ISSONLY,YES,NO,HARRIS,3819 PLUM VALLEY DRIVE,KINGWOOD,TEXAS,77339,1de6e81addd37ea016be4c2cdbd50a08648f2348c694ef0e4d9eee0eee1bd381,https://apps.hhs.texas.gov/providers/directories/dahs_issonly.xlsx,2026-09-30T19:14:30.613491+00:00,2026-09-29,,NO,9252057767000d6b04d3807fdc3250c6e92376bd095749de0cee7ad012b14949
TH-ENRICH-TX-SENIOR-2026-09-30-IDR2,TX|HHSC|TX_DAHS_ISS_ONLY|110759,TX_DAHS_ISS_ONLY,110759,441,ALL THE LITTLE THINGS COUNTRY,DAHS-ISSONLY,YES,NO,HARRIS,202 SAN JACINTO,LA PORTE,TEXAS,77571,1de6e81addd37ea016be4c2cdbd50a08648f2348c694ef0e4d9eee0eee1bd381,https://apps.hhs.texas.gov/providers/directories/dahs_issonly.xlsx,2026-09-30T19:14:30.613491+00:00,2026-09-29,,NO,3d66442a6590870724fab9fd4f4b00b4bcd829afc2de95ff47227b89d18968a4
TH-ENRICH-TX-SENIOR-2026-09-30-IDR2,TX|HHSC|TX_DAHS_ISS_ONLY|110901,TX_DAHS_ISS_ONLY,110901,442,THERE'S NO PLACE LIKE HOME,DAHS-ISSONLY,YES,NO,HARRIS,3901 SPENCER,PASADENA,TX,77504,1de6e81addd37ea016be4c2cdbd50a08648f2348c694ef0e4d9eee0eee1bd381,https://apps.hhs.texas.gov/providers/directories/dahs_issonly.xlsx,2026-09-30T19:14:30.613491+00:00,2026-09-29,,NO,5da0062e84743cf9cc3c78b61d3cfe1354986d356f8cdb9441f16b58b6110e56
TH-ENRICH-TX-SENIOR-2026-09-30-IDR2,TX|HHSC|TX_DAHS_ISS_ONLY|111157,TX_DAHS_ISS_ONLY,111157,443,ALL ABOUT U HCS LLC,DAHS-ISSONLY,YES,NO,HARRIS,3610 OTTO RD,SPRING,TEXAS,77373,1de6e81addd37ea016be4c2cdbd50a08648f2348c694ef0e4d9eee0eee1bd381,https://apps.hhs.texas.gov/providers/directories/dahs_issonly.xlsx,2026-09-30T19:14:30.613491+00:00,2026-09-29,,NO,9918b19d7b02ff4d5e96ec5af04be8c11d2112a30f010de86ae59d15199746ce
TH-ENRICH-TX-SENIOR-2026-09-30-IDR2,TX|HHSC|TX_DAHS_ISS_ONLY|110924,TX_DAHS_ISS_ONLY,110924,444,CAREGIVER SPRING ISS,DAHS-ISSONLY,YES,NO,HARRIS,23745 WEST HARDY,SPRING,TEXAS,77386,1de6e81addd37ea016be4c2cdbd50a08648f2348c694ef0e4d9eee0eee1bd381,https://apps.hhs.texas.gov/providers/directories/dahs_issonly.xlsx,2026-09-30T19:14:30.613491+00:00,2026-09-29,,NO,4b98abc72d1379383eaf46866cb85ca1aa732def376530cca5dee7ed139c6ccd
TH-ENRICH-TX-SENIOR-2026-09-30-IDR2,TX|HHSC|TX_DAHS_ISS_ONLY|110716,TX_DAHS_ISS_ONLY,110716,445,"CRAIG MILLENNIUM ENTERPRISES, INC",DAHS-ISSONLY,YES,NO,HARRIS,2530 OLD LOUETTA LOOP STE 111,SPRING,TEXAS,77388,1de6e81addd37ea016be4c2cdbd50a08648f2348c694ef0e4d9eee0eee1bd381,https://apps.hhs.texas.gov/providers/directories/dahs_issonly.xlsx,2026-09-30T19:14:30.613491+00:00,2026-09-29,,NO,d35945bf85b0f4e97fdb9c743786a4b1acb24cb34fcb89df56605b216fce2251
TH-ENRICH-TX-SENIOR-2026-09-30-IDR2,TX|HHSC|TX_DAHS_ISS_ONLY|110769,TX_DAHS_ISS_ONLY,110769,446,HOME PLACE OF TEXAS,DAHS-ISSONLY,YES,NO,HARRIS,7135 LOUETTA ROAD SUITE O.,SPRING,TEXAS,77379,1de6e81addd37ea016be4c2cdbd50a08648f2348c694ef0e4d9eee0eee1bd381,https://apps.hhs.texas.gov/providers/directories/dahs_issonly.xlsx,2026-09-30T19:14:30.613491+00:00,2026-09-29,,NO,fdcf0d360d464c8ddd1f25ad104f5470ea4995cf0c215b035dfbd41c8899500d
TH-ENRICH-TX-SENIOR-2026-09-30-IDR2,TX|HHSC|TX_DAHS_ISS_ONLY|111131,TX_DAHS_ISS_ONLY,111131,447,KEVIN JOHN DIETRICH,DAHS-ISSONLY,YES,NO,HARRIS,4002 LOUETTA RD,SPRING,TX,77388,1de6e81addd37ea016be4c2cdbd50a08648f2348c694ef0e4d9eee0eee1bd381,https://apps.hhs.texas.gov/providers/directories/dahs_issonly.xlsx,2026-09-30T19:14:30.613491+00:00,2026-09-29,,NO,3e636784ee45c748fa1bd768d4b402920e3ff8f5500d4227c75bc85f02250011
TH-ENRICH-TX-SENIOR-2026-09-30-IDR2,TX|HHSC|TX_DAHS_ISS_ONLY|111179,TX_DAHS_ISS_ONLY,111179,448,OPTIONS,DAHS-ISSONLY,YES,NO,HARRIS,20502 MARILYN LN,SPRING,TEXAS,77388,1de6e81addd37ea016be4c2cdbd50a08648f2348c694ef0e4d9eee0eee1bd381,https://apps.hhs.texas.gov/providers/directories/dahs_issonly.xlsx,2026-09-30T19:14:30.613491+00:00,2026-09-29,,NO,a905913cb973f8e563ab38da8436e70311ab34b2eec9453a102aca513a59fedd
TH-ENRICH-TX-SENIOR-2026-09-30-IDR2,TX|HHSC|TX_DAHS_ISS_ONLY|111749,TX_DAHS_ISS_ONLY,111749,449,PARAMOUNT CARE SERVICE,DAHS-ISSONLY,YES,NO,HARRIS,21002 BRIDGEVIEW CIRCLE,SPRING,TEXAS,77388,1de6e81addd37ea016be4c2cdbd50a08648f2348c694ef0e4d9eee0eee1bd381,https://apps.hhs.texas.gov/providers/directories/dahs_issonly.xlsx,2026-09-30T19:14:30.613491+00:00,2026-09-29,,NO,82cd8d1aa81d531ccf14a805c0c33b09dc720f8c96823632ac623d16d794a239
TH-ENRICH-TX-SENIOR-2026-09-30-IDR2,TX|HHSC|TX_DAHS_ISS_ONLY|110775,TX_DAHS_ISS_ONLY,110775,450,A LITTLE SOMETHING DIFFERENT,DAHS-ISSONLY,YES,NO,HARRIS,3727 GREENBRIAR DR. SUITE 100,STAFFORD,TX,77477,1de6e81addd37ea016be4c2cdbd50a08648f2348c694ef0e4d9eee0eee1bd381,https://apps.hhs.texas.gov/providers/directories/dahs_issonly.xlsx,2026-09-30T19:14:30.613491+00:00,2026-09-29,,NO,239d623823bf447e7a7d9cc8a1cb72037291834dad8c7f19483f282ed5126932
TH-ENRICH-TX-SENIOR-2026-09-30-IDR2,TX|HHSC|TX_DAHS_ISS_ONLY|112146,TX_DAHS_ISS_ONLY,112146,451,HABADAYOUT DAY HABILITATION ACTIVITY CENTER LLC,DAHS-ISSONLY,YES,NO,HARRISON,165 DEERFIELD LAKE CIRCLE,LONGVIEW,TEXAS,75605,1de6e81addd37ea016be4c2cdbd50a08648f2348c694ef0e4d9eee0eee1bd381,https://apps.hhs.texas.gov/providers/directories/dahs_issonly.xlsx,2026-09-30T19:14:30.613491+00:00,2026-09-29,,NO,85b734e581b2620734d5069200ac4b8ddf2ad46466fce72b604673f7fbdffc6e
TH-ENRICH-TX-SENIOR-2026-09-30-IDR2,TX|HHSC|TX_DAHS_ISS_ONLY|111271,TX_DAHS_ISS_ONLY,111271,452,ASPIRING ADULT DAY ACTIVITY CENTER,DAHS-ISSONLY,YES,NO,HARRISON,2302 HOLLAND ST.,MARSHALL,TX,75670,1de6e81addd37ea016be4c2cdbd50a08648f2348c694ef0e4d9eee0eee1bd381,https://apps.hhs.texas.gov/providers/directories/dahs_issonly.xlsx,2026-09-30T19:14:30.613491+00:00,2026-09-29,,NO,c00364a6b8e0a365ea46757cb3af53106511beda03a05070287871f2cc060150
TH-ENRICH-TX-SENIOR-2026-09-30-IDR2,TX|HHSC|TX_DAHS_ISS_ONLY|111242,TX_DAHS_ISS_ONLY,111242,453,"SOLUTIONS FINANCIAL MANAGEMENT SERVICES, LLC",DAHS-ISSONLY,YES,NO,HENDERSON,1750 ENTERPRISE STREET SUITE 102B,ATHENS,TX,75751,1de6e81addd37ea016be4c2cdbd50a08648f2348c694ef0e4d9eee0eee1bd381,https://apps.hhs.texas.gov/providers/directories/dahs_issonly.xlsx,2026-09-30T19:14:30.613491+00:00,2026-09-29,,NO,ad67ec3e8e2d3109a11387efc8d3ff1c573d4a0a704b36cd9850ecafb8871e27
TH-ENRICH-TX-SENIOR-2026-09-30-IDR2,TX|HHSC|TX_DAHS_ISS_ONLY|111110,TX_DAHS_ISS_ONLY,111110,454,LIFE CHOICES UNLIMITED INC,DAHS-ISSONLY,YES,NO,HIDALGO,608 S JACKSON RD,EDINBURG,TX,78539,1de6e81addd37ea016be4c2cdbd50a08648f2348c694ef0e4d9eee0eee1bd381,https://apps.hhs.texas.gov/providers/directories/dahs_issonly.xlsx,2026-09-30T19:14:30.613491+00:00,2026-09-29,,NO,d4e20cf16dfb8258c7de2c40f8731ef922100ffb788af7ff51e8431dbe42e375
TH-ENRICH-TX-SENIOR-2026-09-30-IDR2,TX|HHSC|TX_DAHS_ISS_ONLY|110786,TX_DAHS_ISS_ONLY,110786,455,LIFETIME LIVING AT SUGAR RD,DAHS-ISSONLY,YES,NO,HIDALGO,3206 S SUGAR RD,EDINBURG,TEXAS,78539,1de6e81addd37ea016be4c2cdbd50a08648f2348c694ef0e4d9eee0eee1bd381,https://apps.hhs.texas.gov/providers/directories/dahs_issonly.xlsx,2026-09-30T19:14:30.613491+00:00,2026-09-29,,NO,e3027a7fa207ee20eeca6b99f3e572e7b6a6939217697243cc9fff53f0ee3c8e
TH-ENRICH-TX-SENIOR-2026-09-30-IDR2,TX|HHSC|TX_DAHS_ISS_ONLY|111450,TX_DAHS_ISS_ONLY,111450,456,ROMA HEALTH CARE LLC,DAHS-ISSONLY,YES,NO,HIDALGO,3007 W ALBERTA RD,EDINBURG,TEXAS,78539,1de6e81addd37ea016be4c2cdbd50a08648f2348c694ef0e4d9eee0eee1bd381,https://apps.hhs.texas.gov/providers/directories/dahs_issonly.xlsx,2026-09-30T19:14:30.613491+00:00,2026-09-29,,NO,0d328e8cd805e9cb3a5f45a91900370a8383d44799a5a986e6eaef8a01c7ca81
TH-ENRICH-TX-SENIOR-2026-09-30-IDR2,TX|HHSC|TX_DAHS_ISS_ONLY|110761,TX_DAHS_ISS_ONLY,110761,457,LIFETIME LIVING AT WARE RD,DAHS-ISSONLY,YES,NO,HIDALGO,705 N WARE RD,MCALLEN,TEXAS,78501,1de6e81addd37ea016be4c2cdbd50a08648f2348c694ef0e4d9eee0eee1bd381,https://apps.hhs.texas.gov/providers/directories/dahs_issonly.xlsx,2026-09-30T19:14:30.613491+00:00,2026-09-29,,NO,d2b70975b9de4716959a97ad3b4ff9dcdd935ea94be35038612a808acfd4e47a
TH-ENRICH-TX-SENIOR-2026-09-30-IDR2,TX|HHSC|TX_DAHS_ISS_ONLY|112134,TX_DAHS_ISS_ONLY,112134,458,MAGIC VALLEY HOME HEALTH CARE INC,DAHS-ISSONLY,YES,NO,HIDALGO,1601 N 7TH STREET,MCALLEN,TEXAS,78501,1de6e81addd37ea016be4c2cdbd50a08648f2348c694ef0e4d9eee0eee1bd381,https://apps.hhs.texas.gov/providers/directories/dahs_issonly.xlsx,2026-09-30T19:14:30.613491+00:00,2026-09-29,,NO,5ea22bc06e37a919f3bc3796b36f6a09f4bb25c60fe5c0302c52ef3eef4588f9
TH-ENRICH-TX-SENIOR-2026-09-30-IDR2,TX|HHSC|TX_DAHS_ISS_ONLY|110966,TX_DAHS_ISS_ONLY,110966,459,PREMIEANT ISS,DAHS-ISSONLY,YES,NO,HIDALGO,2424 BUDDY OWENS BLVD,MCALLEN,TEXAS,78504,1de6e81addd37ea016be4c2cdbd50a08648f2348c694ef0e4d9eee0eee1bd381,https://apps.hhs.texas.gov/providers/directories/dahs_issonly.xlsx,2026-09-30T19:14:30.613491+00:00,2026-09-29,,NO,ddf9ffe8d9b36256b6ce5a7a0ac08cfdf3a701161764dcc32b0b5182f48e73d5
TH-ENRICH-TX-SENIOR-2026-09-30-IDR2,TX|HHSC|TX_DAHS_ISS_ONLY|111047,TX_DAHS_ISS_ONLY,111047,460,TEXAS HCS INC,DAHS-ISSONLY,YES,NO,HIDALGO,900 E REDBUD AVE UNIT 19-A,MCALLEN,TEXAS,78504,1de6e81addd37ea016be4c2cdbd50a08648f2348c694ef0e4d9eee0eee1bd381,https://apps.hhs.texas.gov/providers/directories/dahs_issonly.xlsx,2026-09-30T19:14:30.613491+00:00,2026-09-29,,NO,5fa0f9a2727d36c699d5342882e234a1b9a512973ac6aa1c37ee12ea701223aa
TH-ENRICH-TX-SENIOR-2026-09-30-IDR2,TX|HHSC|TX_DAHS_ISS_ONLY|111748,TX_DAHS_ISS_ONLY,111748,461,ENTRUSTED CARE LLC,DAHS-ISSONLY,YES,NO,HIDALGO,1512 E GRIFFIN PKWY STE 5,MISSION,TEXAS,78572,1de6e81addd37ea016be4c2cdbd50a08648f2348c694ef0e4d9eee0eee1bd381,https://apps.hhs.texas.gov/providers/directories/dahs_issonly.xlsx,2026-09-30T19:14:30.613491+00:00,2026-09-29,,NO,1ac91823d8d19f33e3a94573828a1f4943c7a20ac745da1df90d50e3f432bb06
TH-ENRICH-TX-SENIOR-2026-09-30-IDR2,TX|HHSC|TX_DAHS_ISS_ONLY|111094,TX_DAHS_ISS_ONLY,111094,462,REDEEM CENTER,DAHS-ISSONLY,YES,NO,HIDALGO,929 E. GRIFFIN PARKWAY STE. B,MISSION,TX,78572,1de6e81addd37ea016be4c2cdbd50a08648f2348c694ef0e4d9eee0eee1bd381,https://apps.hhs.texas.gov/providers/directories/dahs_issonly.xlsx,2026-09-30T19:14:30.613491+00:00,2026-09-29,,NO,1f969ca9fc07eeb33a31b25218b440f60a8a7a29b4096ab56681dd9e531492c9
TH-ENRICH-TX-SENIOR-2026-09-30-IDR2,TX|HHSC|TX_DAHS_ISS_ONLY|111295,TX_DAHS_ISS_ONLY,111295,463,"JCE & ASSOCIATES, LLC",DAHS-ISSONLY,YES,NO,HIDALGO,"802 E. EXPRESSWAY 83, SUITE C",PHARR,TEXAS,78577,1de6e81addd37ea016be4c2cdbd50a08648f2348c694ef0e4d9eee0eee1bd381,https://apps.hhs.texas.gov/providers/directories/dahs_issonly.xlsx,2026-09-30T19:14:30.613491+00:00,2026-09-29,,NO,e24cea87323c78a5c68156fe156fc1c17743d9b249103de8e2845e02878ca2af
TH-ENRICH-TX-SENIOR-2026-09-30-IDR2,TX|HHSC|TX_DAHS_ISS_ONLY|111198,TX_DAHS_ISS_ONLY,111198,464,"JCE & ASSOCIATES, LLC",DAHS-ISSONLY,YES,NO,HIDALGO,"802 E. EXPRESSWAY 83, SUITE C",PHARR,TEXAS,78577,1de6e81addd37ea016be4c2cdbd50a08648f2348c694ef0e4d9eee0eee1bd381,https://apps.hhs.texas.gov/providers/directories/dahs_issonly.xlsx,2026-09-30T19:14:30.613491+00:00,2026-09-29,,NO,815dec9b6e1d8521144a3e6449b7c22c14a796462cc3372e4869de71184beab4
TH-ENRICH-TX-SENIOR-2026-09-30-IDR2,TX|HHSC|TX_DAHS_ISS_ONLY|111815,TX_DAHS_ISS_ONLY,111815,465,ACHIEVE ABILITY LLC,DAHS-ISSONLY,YES,NO,HIDALGO,1110 S. STEWART RD,SAN JUAN,TEXAS,78589,1de6e81addd37ea016be4c2cdbd50a08648f2348c694ef0e4d9eee0eee1bd381,https://apps.hhs.texas.gov/providers/directories/dahs_issonly.xlsx,2026-09-30T19:14:30.613491+00:00,2026-09-29,,NO,eabbb2b9473699745b9e0146139b5dddba83ac6aeae13164fa91af19cf28a23d
TH-ENRICH-TX-SENIOR-2026-09-30-IDR2,TX|HHSC|TX_DAHS_ISS_ONLY|111108,TX_DAHS_ISS_ONLY,111108,466,DELTA INDEPENDENT LIVING LLC,DAHS-ISSONLY,YES,NO,HIDALGO,"1125 S. JAMES ST., SUITE D",WESLACO,TX,78596,1de6e81addd37ea016be4c2cdbd50a08648f2348c694ef0e4d9eee0eee1bd381,https://apps.hhs.texas.gov/providers/directories/dahs_issonly.xlsx,2026-09-30T19:14:30.613491+00:00,2026-09-29,,NO,9de4d1b55041c3085f5ae592f35f7fc4a7edd603a44f18333984663a87889d68
TH-ENRICH-TX-SENIOR-2026-09-30-IDR2,TX|HHSC|TX_DAHS_ISS_ONLY|110813,TX_DAHS_ISS_ONLY,110813,467,GRANBURY DAYHAB,DAHS-ISSONLY,YES,NO,HOOD,3601 ACTON HWY SUITE 4,GRANBURY,TX,76049,1de6e81addd37ea016be4c2cdbd50a08648f2348c694ef0e4d9eee0eee1bd381,https://apps.hhs.texas.gov/providers/directories/dahs_issonly.xlsx,2026-09-30T19:14:30.613491+00:00,2026-09-29,,NO,3145527b07109dad39730af031a65c798a4b184c89eab3fad1d4a0f9f4f261b1
TH-ENRICH-TX-SENIOR-2026-09-30-IDR2,TX|HHSC|TX_DAHS_ISS_ONLY|110767,TX_DAHS_ISS_ONLY,110767,468,HOWARD DAY HAB,DAHS-ISSONLY,YES,NO,HOPKINS,6851 TEXAS HIGHWAY 154,SULPHUR SPRINGS,TX,75482,1de6e81addd37ea016be4c2cdbd50a08648f2348c694ef0e4d9eee0eee1bd381,https://apps.hhs.texas.gov/providers/directories/dahs_issonly.xlsx,2026-09-30T19:14:30.613491+00:00,2026-09-29,,NO,5297f58ce564cdeee93f64dc27e756b71ee60e3db6181cdc83b45435a125193d
TH-ENRICH-TX-SENIOR-2026-09-30-IDR2,TX|HHSC|TX_DAHS_ISS_ONLY|111469,TX_DAHS_ISS_ONLY,111469,469,KIKI PLACE ISS COMMUNITY,DAHS-ISSONLY,YES,NO,HOPKINS,325 S DAVIS ST,SULPHUR SPRINGS,TEXAS,75482,1de6e81addd37ea016be4c2cdbd50a08648f2348c694ef0e4d9eee0eee1bd381,https://apps.hhs.texas.gov/providers/directories/dahs_issonly.xlsx,2026-09-30T19:14:30.613491+00:00,2026-09-29,,NO,aff2280c2886a3848843c802a09b52ba78b934cfa3e3a521ea94fb6684d13e0c
TH-ENRICH-TX-SENIOR-2026-09-30-IDR2,TX|HHSC|TX_DAHS_ISS_ONLY|110995,TX_DAHS_ISS_ONLY,110995,470,LAKES REGIONAL SULPHUR SPRINGS TRAINING CENTER,DAHS-ISSONLY,YES,NO,HOPKINS,655 AIRPORT RD BUILDING B,SULPHUR SPRINGS,TX,75482,1de6e81addd37ea016be4c2cdbd50a08648f2348c694ef0e4d9eee0eee1bd381,https://apps.hhs.texas.gov/providers/directories/dahs_issonly.xlsx,2026-09-30T19:14:30.613491+00:00,2026-09-29,,NO,bce13d12e25f31f6fc52d82179b3e1f212d18368cb1d1987d2af0d60a8a23afe
TH-ENRICH-TX-SENIOR-2026-09-30-IDR2,TX|HHSC|TX_DAHS_ISS_ONLY|112013,TX_DAHS_ISS_ONLY,112013,471,KENMAR RESIDENTIAL HCS SERVICES  GRAPELAND,DAHS-ISSONLY,YES,NO,HOUSTON,128 S. MAIN ST.,GRAPELAND,TEXAS,75844,1de6e81addd37ea016be4c2cdbd50a08648f2348c694ef0e4d9eee0eee1bd381,https://apps.hhs.texas.gov/providers/directories/dahs_issonly.xlsx,2026-09-30T19:14:30.613491+00:00,2026-09-29,,NO,f629a0a1938031f8a90d3e33d2fda8c8262a10457e09ff66823aa597a8b4b2e8
TH-ENRICH-TX-SENIOR-2026-09-30-IDR2,TX|HHSC|TX_DAHS_ISS_ONLY|111146,TX_DAHS_ISS_ONLY,111146,472,HOWARD COUNTY VOTECH CENTER,DAHS-ISSONLY,YES,NO,HOWARD,501 BIRDWELL LN. SUITE #2,BIG SPRING,TEXAS,79720,1de6e81addd37ea016be4c2cdbd50a08648f2348c694ef0e4d9eee0eee1bd381,https://apps.hhs.texas.gov/providers/directories/dahs_issonly.xlsx,2026-09-30T19:14:30.613491+00:00,2026-09-29,,NO,cf8c0fdf08fb22a81e5f2fd92c300e79c94ccdc2f4566292291005ad88c8bbd9
TH-ENRICH-TX-SENIOR-2026-09-30-IDR2,TX|HHSC|TX_DAHS_ISS_ONLY|111189,TX_DAHS_ISS_ONLY,111189,473,DAISY DAY HABILITATION LLC,DAHS-ISSONLY,YES,NO,HUNT,245 FM 1903 STE. 100,GREENVILLE,TX,75402,1de6e81addd37ea016be4c2cdbd50a08648f2348c694ef0e4d9eee0eee1bd381,https://apps.hhs.texas.gov/providers/directories/dahs_issonly.xlsx,2026-09-30T19:14:30.613491+00:00,2026-09-29,,NO,21859ffd33af2167787b872c70d43cfed548215392041fce56b871f9bccb1f88
TH-ENRICH-TX-SENIOR-2026-09-30-IDR2,TX|HHSC|TX_DAHS_ISS_ONLY|111019,TX_DAHS_ISS_ONLY,111019,474,GREENVILLE DAYHAB,DAHS-ISSONLY,YES,NO,HUNT,"2824 TERRELL STREET, SUITE 502-503",GREENVILLE,TEXAS,75402,1de6e81addd37ea016be4c2cdbd50a08648f2348c694ef0e4d9eee0eee1bd381,https://apps.hhs.texas.gov/providers/directories/dahs_issonly.xlsx,2026-09-30T19:14:30.613491+00:00,2026-09-29,,NO,10ce8c84d7e19188b031eb654212f06d99d7f98cea049457cb67896cb36086ce
TH-ENRICH-TX-SENIOR-2026-09-30-IDR2,TX|HHSC|TX_DAHS_ISS_ONLY|111165,TX_DAHS_ISS_ONLY,111165,475,LAKES REGIONAL WESLEY TRAINING CENTER,DAHS-ISSONLY,YES,NO,HUNT,4804 WESLEY ST.,GREENVILLE,TX,75401,1de6e81addd37ea016be4c2cdbd50a08648f2348c694ef0e4d9eee0eee1bd381,https://apps.hhs.texas.gov/providers/directories/dahs_issonly.xlsx,2026-09-30T19:14:30.613491+00:00,2026-09-29,,NO,d91a69e2eafa1b650554a1813c3277dc341d4abd2ecc360166465b4d0b850d28
TH-ENRICH-TX-SENIOR-2026-09-30-IDR2,TX|HHSC|TX_DAHS_ISS_ONLY|110890,TX_DAHS_ISS_ONLY,110890,476,REFLECTIONS OF FAITH DAYHAB CENTER,DAHS-ISSONLY,YES,NO,HUNT,3504 LEE,GREENVILLE,TX,75401,1de6e81addd37ea016be4c2cdbd50a08648f2348c694ef0e4d9eee0eee1bd381,https://apps.hhs.texas.gov/providers/directories/dahs_issonly.xlsx,2026-09-30T19:14:30.613491+00:00,2026-09-29,,NO,bc9839c7d9da2e2dcc5b283b4da9fb4df9dcadcdbf17e7292c28c490ba4e0462
TH-ENRICH-TX-SENIOR-2026-09-30-IDR2,TX|HHSC|TX_DAHS_ISS_ONLY|111075,TX_DAHS_ISS_ONLY,111075,477,BORGER ASCI,DAHS-ISSONLY,YES,NO,HUTCHINSON,28 PANTEX,BORGER,TX,79007,1de6e81addd37ea016be4c2cdbd50a08648f2348c694ef0e4d9eee0eee1bd381,https://apps.hhs.texas.gov/providers/directories/dahs_issonly.xlsx,2026-09-30T19:14:30.613491+00:00,2026-09-29,,NO,0b25540ad86db809f84bf32f58e7bdb19f39475f6fd87197f4ab8298408a494c
TH-ENRICH-TX-SENIOR-2026-09-30-IDR2,TX|HHSC|TX_DAHS_ISS_ONLY|111889,TX_DAHS_ISS_ONLY,111889,478,"CEAETTAS FAMILY SERVICES, LLC",DAHS-ISSONLY,YES,NO,JASPER,215 COUNTY ROAD 746,BUNA,TEXAS,77612,1de6e81addd37ea016be4c2cdbd50a08648f2348c694ef0e4d9eee0eee1bd381,https://apps.hhs.texas.gov/providers/directories/dahs_issonly.xlsx,2026-09-30T19:14:30.613491+00:00,2026-09-29,,NO,37dba8522aa424d95c55426f1fd5748529e5157f44d7d453b8bbabc2e6b65a61
TH-ENRICH-TX-SENIOR-2026-09-30-IDR2,TX|HHSC|TX_DAHS_ISS_ONLY|110858,TX_DAHS_ISS_ONLY,110858,479,BEAUMONT DAYHAB,DAHS-ISSONLY,YES,NO,JEFFERSON,7650 PARK NORTH DR.,BEAUMONT,TEXAS,77708,1de6e81addd37ea016be4c2cdbd50a08648f2348c694ef0e4d9eee0eee1bd381,https://apps.hhs.texas.gov/providers/directories/dahs_issonly.xlsx,2026-09-30T19:14:30.613491+00:00,2026-09-29,,NO,14b2e40fb99a77658592794df6912e0f234dbfcaf14a04c9e22e8275d302adcc
TH-ENRICH-TX-SENIOR-2026-09-30-IDR2,TX|HHSC|TX_DAHS_ISS_ONLY|111462,TX_DAHS_ISS_ONLY,111462,480,JUBILEE GROUP HOME INC,DAHS-ISSONLY,YES,NO,JEFFERSON,2678 LAUREL AVENUE,BEAUMONT,TEXAS,77702,1de6e81addd37ea016be4c2cdbd50a08648f2348c694ef0e4d9eee0eee1bd381,https://apps.hhs.texas.gov/providers/directories/dahs_issonly.xlsx,2026-09-30T19:14:30.613491+00:00,2026-09-29,,NO,7b226bb3ba9ef78f7ccfca7c146b7990d0e1724a4ebd12365bd84c22e6fdfba2
TH-ENRICH-TX-SENIOR-2026-09-30-IDR2,TX|HHSC|TX_DAHS_ISS_ONLY|111565,TX_DAHS_ISS_ONLY,111565,481,MGS COMMUNITY LIVING CENTERS,DAHS-ISSONLY,YES,NO,JEFFERSON,8085 EASTEX FREEWAY SUITE A,BEAUMONT,TX,77708,1de6e81addd37ea016be4c2cdbd50a08648f2348c694ef0e4d9eee0eee1bd381,https://apps.hhs.texas.gov/providers/directories/dahs_issonly.xlsx,2026-09-30T19:14:30.613491+00:00,2026-09-29,,NO,6e4447a199a1d4d5cf2526b7ea9749af948a2d0a015ebff901c831cc37baa617
TH-ENRICH-TX-SENIOR-2026-09-30-IDR2,TX|HHSC|TX_DAHS_ISS_ONLY|110739,TX_DAHS_ISS_ONLY,110739,482,SPINDLETOP NORTH CAMPUS,DAHS-ISSONLY,YES,NO,JEFFERSON,655 S 8TH ST,BEAUMONT,TX,77701,1de6e81addd37ea016be4c2cdbd50a08648f2348c694ef0e4d9eee0eee1bd381,https://apps.hhs.texas.gov/providers/directories/dahs_issonly.xlsx,2026-09-30T19:14:30.613491+00:00,2026-09-29,,NO,4b3697bb7d9015989ba2c3c37610e7c2af5937c30df895438081fdd2d924023e
TH-ENRICH-TX-SENIOR-2026-09-30-IDR2,TX|HHSC|TX_DAHS_ISS_ONLY|110908,TX_DAHS_ISS_ONLY,110908,483,TEXAS HCS INC,DAHS-ISSONLY,YES,NO,JEFFERSON,4353 CROW RD. SUITE B,BEAUMONT,TEXAS,77706,1de6e81addd37ea016be4c2cdbd50a08648f2348c694ef0e4d9eee0eee1bd381,https://apps.hhs.texas.gov/providers/directories/dahs_issonly.xlsx,2026-09-30T19:14:30.613491+00:00,2026-09-29,,NO,d636e89e5a5291c604c4e6df9f634fc3778d119c35de668fc768abafe04cc078
TH-ENRICH-TX-SENIOR-2026-09-30-IDR2,TX|HHSC|TX_DAHS_ISS_ONLY|111609,TX_DAHS_ISS_ONLY,111609,484,"UNITED HANDS ADULT DAYCARE, LLC",DAHS-ISSONLY,YES,NO,JEFFERSON,3255 EXECUTIVE BLVD SUITE 103,BEAUMONT,TEXAS,77705,1de6e81addd37ea016be4c2cdbd50a08648f2348c694ef0e4d9eee0eee1bd381,https://apps.hhs.texas.gov/providers/directories/dahs_issonly.xlsx,2026-09-30T19:14:30.613491+00:00,2026-09-29,,NO,bdbb0f9b09c8a5bf350fe44dd3d12508e2adca621838954401330fd48b306cc7
TH-ENRICH-TX-SENIOR-2026-09-30-IDR2,TX|HHSC|TX_DAHS_ISS_ONLY|112191,TX_DAHS_ISS_ONLY,112191,485,VERITAS GRAVITAS LLC,DAHS-ISSONLY,YES,NO,JEFFERSON,730 ADAMS STREET,BEAUMONT,TX,77705,1de6e81addd37ea016be4c2cdbd50a08648f2348c694ef0e4d9eee0eee1bd381,https://apps.hhs.texas.gov/providers/directories/dahs_issonly.xlsx,2026-09-30T19:14:30.613491+00:00,2026-09-29,,NO,c6d6c10a5830012a0f3403c3db3a1e6052f099fbbfea87df58caedd12c99d956
TH-ENRICH-TX-SENIOR-2026-09-30-IDR2,TX|HHSC|TX_DAHS_ISS_ONLY|110790,TX_DAHS_ISS_ONLY,110790,486,SPINDLETOP PORT ARTHUR,DAHS-ISSONLY,YES,NO,JEFFERSON,3419 57TH ST,PORT ARTHUR,TX,77642,1de6e81addd37ea016be4c2cdbd50a08648f2348c694ef0e4d9eee0eee1bd381,https://apps.hhs.texas.gov/providers/directories/dahs_issonly.xlsx,2026-09-30T19:14:30.613491+00:00,2026-09-29,,NO,7b4acd566e9bd68795d55a267e05bb253578e5db2a43e4999ad35f4d60cc6cad
TH-ENRICH-TX-SENIOR-2026-09-30-IDR2,TX|HHSC|TX_DAHS_ISS_ONLY|111420,TX_DAHS_ISS_ONLY,111420,487,BORDER REGION MHMR COMMUNITY CENTER,DAHS-ISSONLY,YES,NO,JIM HOGG,106 E. AMADA ST.,HEBBRONVILLE,TX,78361,1de6e81addd37ea016be4c2cdbd50a08648f2348c694ef0e4d9eee0eee1bd381,https://apps.hhs.texas.gov/providers/directories/dahs_issonly.xlsx,2026-09-30T19:14:30.613491+00:00,2026-09-29,,NO,c70dbca31e2a3379ef39d185960bc38bdea0be37f134f58d774320b3bf285135
TH-ENRICH-TX-SENIOR-2026-09-30-IDR2,TX|HHSC|TX_DAHS_ISS_ONLY|110734,TX_DAHS_ISS_ONLY,110734,488,COASTAL PLAINS COMMUNITY MENTAL HEALTH MENTAL RETARDATION CENTER,DAHS-ISSONLY,YES,NO,JIM WELLS,614 W. FRONT STREET,ALICE,TEXAS,78332,1de6e81addd37ea016be4c2cdbd50a08648f2348c694ef0e4d9eee0eee1bd381,https://apps.hhs.texas.gov/providers/directories/dahs_issonly.xlsx,2026-09-30T19:14:30.613491+00:00,2026-09-29,,NO,b086e24526c2c2f540b0664929a52ddbf9eb2efce2446b2554c3709a96f959ae
TH-ENRICH-TX-SENIOR-2026-09-30-IDR2,TX|HHSC|TX_DAHS_ISS_ONLY|111122,TX_DAHS_ISS_ONLY,111122,489,A MEANING OF LIFE LLC,DAHS-ISSONLY,YES,NO,JOHNSON,2505 SOUTH BURLESON BLVD,BURLESON,TX,76028,1de6e81addd37ea016be4c2cdbd50a08648f2348c694ef0e4d9eee0eee1bd381,https://apps.hhs.texas.gov/providers/directories/dahs_issonly.xlsx,2026-09-30T19:14:30.613491+00:00,2026-09-29,,NO,de937f20ded50e44f6c463cec7179a484fd0d8a64ef082fb13370580b0d297e9
TH-ENRICH-TX-SENIOR-2026-09-30-IDR2,TX|HHSC|TX_DAHS_ISS_ONLY|112185,TX_DAHS_ISS_ONLY,112185,490,AZ HOME BASED CARE SOLUTIONS,DAHS-ISSONLY,YES,NO,JOHNSON,6624 GEHRIG CIR,BURLESON,TX,76028,1de6e81addd37ea016be4c2cdbd50a08648f2348c694ef0e4d9eee0eee1bd381,https://apps.hhs.texas.gov/providers/directories/dahs_issonly.xlsx,2026-09-30T19:14:30.613491+00:00,2026-09-29,,NO,3c8d458b8aa9487d548193fa3eae095a50b28f25128e5d2dedb6d344f3629e18
TH-ENRICH-TX-SENIOR-2026-09-30-IDR2,TX|HHSC|TX_DAHS_ISS_ONLY|112154,TX_DAHS_ISS_ONLY,112154,491,EVERYDAY HEROES ASSEMBLE,DAHS-ISSONLY,YES,NO,JOHNSON,2505 S. BURLESON BLVD,BURLESON,TEXAS,76028,1de6e81addd37ea016be4c2cdbd50a08648f2348c694ef0e4d9eee0eee1bd381,https://apps.hhs.texas.gov/providers/directories/dahs_issonly.xlsx,2026-09-30T19:14:30.613491+00:00,2026-09-29,,NO,329e749804a828b20af0b096c49cb1ec183194e09115d8a7d683c6725a8c73b1
TH-ENRICH-TX-SENIOR-2026-09-30-IDR2,TX|HHSC|TX_DAHS_ISS_ONLY|111729,TX_DAHS_ISS_ONLY,111729,492,"PARENTS DEFEATING AUTISM TODAY ""PDAT""",DAHS-ISSONLY,YES,NO,JOHNSON,640 NW TARRANT AVE,BURLESON,TX,76028,1de6e81addd37ea016be4c2cdbd50a08648f2348c694ef0e4d9eee0eee1bd381,https://apps.hhs.texas.gov/providers/directories/dahs_issonly.xlsx,2026-09-30T19:14:30.613491+00:00,2026-09-29,,NO,6f9f8dbd57daa96dbdb17c87bc33cc3a0a7ee7e5c2d943bc7cf5fa99f4bfe02d
TH-ENRICH-TX-SENIOR-2026-09-30-IDR2,TX|HHSC|TX_DAHS_ISS_ONLY|110851,TX_DAHS_ISS_ONLY,110851,493,ROCK HOUSE SUPPORT SERVICES,DAHS-ISSONLY,YES,NO,JOHNSON,1257 WEST KILPATRICK ST,CLEBURNE,TEXAS,76033,1de6e81addd37ea016be4c2cdbd50a08648f2348c694ef0e4d9eee0eee1bd381,https://apps.hhs.texas.gov/providers/directories/dahs_issonly.xlsx,2026-09-30T19:14:30.613491+00:00,2026-09-29,,NO,8474fb98d96d42f02dee48e40ba86d6e48da4f6b32c74e28ee8f5667bbeb85b6
TH-ENRICH-TX-SENIOR-2026-09-30-IDR2,TX|HHSC|TX_DAHS_ISS_ONLY|111026,TX_DAHS_ISS_ONLY,111026,494,"COMMUNITY LIVING CONCEPTS, INC",DAHS-ISSONLY,YES,NO,JOHNSON,113 E. WALNUT,KEENE,TEXAS,76059,1de6e81addd37ea016be4c2cdbd50a08648f2348c694ef0e4d9eee0eee1bd381,https://apps.hhs.texas.gov/providers/directories/dahs_issonly.xlsx,2026-09-30T19:14:30.613491+00:00,2026-09-29,,NO,271871617a49cffd0bdd891ab2a8fa999c19065a3f29a0e3fa5af2c74da13d40
TH-ENRICH-TX-SENIOR-2026-09-30-IDR2,TX|HHSC|TX_DAHS_ISS_ONLY|112119,TX_DAHS_ISS_ONLY,112119,495,THE SOCIAL CENTER DD AND ASD,DAHS-ISSONLY,YES,NO,JOHNSON,2920 CHAMBERS ST STE124,VENUS,TEXAS,76084,1de6e81addd37ea016be4c2cdbd50a08648f2348c694ef0e4d9eee0eee1bd381,https://apps.hhs.texas.gov/providers/directories/dahs_issonly.xlsx,2026-09-30T19:14:30.613491+00:00,2026-09-29,,NO,8289e6a8bb66c37762f229d053c6efccbe8eda39b5d36e3c5291efaeff5f8187
TH-ENRICH-TX-SENIOR-2026-09-30-IDR2,TX|HHSC|TX_DAHS_ISS_ONLY|112109,TX_DAHS_ISS_ONLY,112109,496,O'WINNIE LTD CO,DAHS-ISSONLY,YES,NO,KAUFMAN,1024 THORNBERRY DRIVE,CRANDALL,TEXAS,75114,1de6e81addd37ea016be4c2cdbd50a08648f2348c694ef0e4d9eee0eee1bd381,https://apps.hhs.texas.gov/providers/directories/dahs_issonly.xlsx,2026-09-30T19:14:30.613491+00:00,2026-09-29,,NO,698c2d039ce0f2cf65ee69fe6b908a5a6e1a90f8c5149fe6e889dc385a2ac1ba
TH-ENRICH-TX-SENIOR-2026-09-30-IDR2,TX|HHSC|TX_DAHS_ISS_ONLY|111991,TX_DAHS_ISS_ONLY,111991,497,AMPLIFY LIFE ADULT DAY ACTIVITIES LLC,DAHS-ISSONLY,YES,NO,KAUFMAN,2123 PECAN RIDGE DR,FORNEY,TEXAS,75126,1de6e81addd37ea016be4c2cdbd50a08648f2348c694ef0e4d9eee0eee1bd381,https://apps.hhs.texas.gov/providers/directories/dahs_issonly.xlsx,2026-09-30T19:14:30.613491+00:00,2026-09-29,,NO,2e3ca5cae96947029a5a53490ead19cdea9ef2200ce8214aadaabcf8597bae9b
TH-ENRICH-TX-SENIOR-2026-09-30-IDR2,TX|HHSC|TX_DAHS_ISS_ONLY|110869,TX_DAHS_ISS_ONLY,110869,498,BEE HAPPY DAY HAB FOUNDATION,DAHS-ISSONLY,YES,NO,KAUFMAN,106 NORTH WASHINGTON ST,KAUFMAN,TEXAS,75142,1de6e81addd37ea016be4c2cdbd50a08648f2348c694ef0e4d9eee0eee1bd381,https://apps.hhs.texas.gov/providers/directories/dahs_issonly.xlsx,2026-09-30T19:14:30.613491+00:00,2026-09-29,,NO,b39561f5ca71a30eaf7d2fca60b0049916165dd45d3484a0b652319da3c3dc99
TH-ENRICH-TX-SENIOR-2026-09-30-IDR2,TX|HHSC|TX_DAHS_ISS_ONLY|111272,TX_DAHS_ISS_ONLY,111272,499,"GIVENS SOME LOVE COMMUNITY AND DAY HABILITATION CENTER, LLC",DAHS-ISSONLY,YES,NO,KAUFMAN,301 S 7TH ST,MABANK,TX,75147,1de6e81addd37ea016be4c2cdbd50a08648f2348c694ef0e4d9eee0eee1bd381,https://apps.hhs.texas.gov/providers/directories/dahs_issonly.xlsx,2026-09-30T19:14:30.613491+00:00,2026-09-29,,NO,592633ab37f9d479f3f155d5a32548fd9aa08e94ea7305265ac88c21491891d9
TH-ENRICH-TX-SENIOR-2026-09-30-IDR2,TX|HHSC|TX_DAHS_ISS_ONLY|110822,TX_DAHS_ISS_ONLY,110822,500,ENVISION DAY HAB,DAHS-ISSONLY,YES,NO,KAUFMAN,819 EAST MOORE AVE,TERRELL,TX,75160,1de6e81addd37ea016be4c2cdbd50a08648f2348c694ef0e4d9eee0eee1bd381,https://apps.hhs.texas.gov/providers/directories/dahs_issonly.xlsx,2026-09-30T19:14:30.613491+00:00,2026-09-29,,NO,d8621546d8fff074447b24c33f2807fe7e7affc837234b6d109e70d8c50c378b
TH-ENRICH-TX-SENIOR-2026-09-30-IDR2,TX|HHSC|TX_DAHS_ISS_ONLY|111173,TX_DAHS_ISS_ONLY,111173,501,LAKES REGIONAL TERRELL TRAINING CENTER,DAHS-ISSONLY,YES,NO,KAUFMAN,901 E. STATE ST. #731,TERRELL,TX,75160,1de6e81addd37ea016be4c2cdbd50a08648f2348c694ef0e4d9eee0eee1bd381,https://apps.hhs.texas.gov/providers/directories/dahs_issonly.xlsx,2026-09-30T19:14:30.613491+00:00,2026-09-29,,NO,64ec80bec08b003b74198c4635e88c42292bc93e16f4082b087dc7a6dfef3f89
TH-ENRICH-TX-SENIOR-2026-09-30-IDR2,TX|HHSC|TX_DAHS_ISS_ONLY|111381,TX_DAHS_ISS_ONLY,111381,502,"MESSIAH'S PLACE OF SPECIAL ANGELS, LLC",DAHS-ISSONLY,YES,NO,KAUFMAN,815 EAST MOORE AVE.,TERRELL,TEXAS,75160,1de6e81addd37ea016be4c2cdbd50a08648f2348c694ef0e4d9eee0eee1bd381,https://apps.hhs.texas.gov/providers/directories/dahs_issonly.xlsx,2026-09-30T19:14:30.613491+00:00,2026-09-29,,NO,e307683a1d9b4862ac613d40eed5b886ae7d84567ac96709c9a223963d4c7038
TH-ENRICH-TX-SENIOR-2026-09-30-IDR2,TX|HHSC|TX_DAHS_ISS_ONLY|111365,TX_DAHS_ISS_ONLY,111365,503,HELPING HANDS DAY PROGRAM,DAHS-ISSONLY,YES,NO,KENDALL,205 JAMES ST,BOERNE,TX,78006,1de6e81addd37ea016be4c2cdbd50a08648f2348c694ef0e4d9eee0eee1bd381,https://apps.hhs.texas.gov/providers/directories/dahs_issonly.xlsx,2026-09-30T19:14:30.613491+00:00,2026-09-29,,NO,de10329a40d13c96ca01babee7d776d2ace183f6e6b48695e6a5210ad2777116
TH-ENRICH-TX-SENIOR-2026-09-30-IDR2,TX|HHSC|TX_DAHS_ISS_ONLY|111823,TX_DAHS_ISS_ONLY,111823,504,"FOREVER GROWING INSTITUTE, INC",DAHS-ISSONLY,YES,NO,KERR,1404 SIDNEY BAKER ST.,KERRVILLE,TEXAS,78028,1de6e81addd37ea016be4c2cdbd50a08648f2348c694ef0e4d9eee0eee1bd381,https://apps.hhs.texas.gov/providers/directories/dahs_issonly.xlsx,2026-09-30T19:14:30.613491+00:00,2026-09-29,,NO,f4ea4bef90d6d8239df2c251d630a23efc886e4aa699548bbea788c439f1b649
TH-ENRICH-TX-SENIOR-2026-09-30-IDR2,TX|HHSC|TX_DAHS_ISS_ONLY|111514,TX_DAHS_ISS_ONLY,111514,505,"HC SIGNS OF HOPE, INC",DAHS-ISSONLY,YES,NO,KERR,1322 HARPER RD.,KERRVILLE,TX,78028,1de6e81addd37ea016be4c2cdbd50a08648f2348c694ef0e4d9eee0eee1bd381,https://apps.hhs.texas.gov/providers/directories/dahs_issonly.xlsx,2026-09-30T19:14:30.613491+00:00,2026-09-29,,NO,2f22aadb116031dbd3dfeba0ba5865d358a521c56beff6d54453a7f9c054f7b2
TH-ENRICH-TX-SENIOR-2026-09-30-IDR2,TX|HHSC|TX_DAHS_ISS_ONLY|110737,TX_DAHS_ISS_ONLY,110737,506,COASTAL PLAINS COMMUNITY MENTAL HEALTH MENTAL RETARDATION CENTER,DAHS-ISSONLY,YES,NO,KLEBERG,1621 E. CORRAL AVE,KINGSVILLE,TEXAS,78363,1de6e81addd37ea016be4c2cdbd50a08648f2348c694ef0e4d9eee0eee1bd381,https://apps.hhs.texas.gov/providers/directories/dahs_issonly.xlsx,2026-09-30T19:14:30.613491+00:00,2026-09-29,,NO,77d101cf2dcbcc6ea82bfd0264bea4648ab0279a0994934f74a06f608bc0cfa4
TH-ENRICH-TX-SENIOR-2026-09-30-IDR2,TX|HHSC|TX_DAHS_ISS_ONLY|110885,TX_DAHS_ISS_ONLY,110885,507,PARIS DAY HABILITATION,DAHS-ISSONLY,YES,NO,LAMAR,2101 NORTH MAIN STREET,PARIS,TX,75460,1de6e81addd37ea016be4c2cdbd50a08648f2348c694ef0e4d9eee0eee1bd381,https://apps.hhs.texas.gov/providers/directories/dahs_issonly.xlsx,2026-09-30T19:14:30.613491+00:00,2026-09-29,,NO,7a87c59e09a3871bdc4dc56181b69a62227728081145c79b32efcda6c6814fde
TH-ENRICH-TX-SENIOR-2026-09-30-IDR2,TX|HHSC|TX_DAHS_ISS_ONLY|110970,TX_DAHS_ISS_ONLY,110970,508,PARIS TRAINING CENTER,DAHS-ISSONLY,YES,NO,LAMAR,2995 LAMAR AVE,PARIS,TX,75460,1de6e81addd37ea016be4c2cdbd50a08648f2348c694ef0e4d9eee0eee1bd381,https://apps.hhs.texas.gov/providers/directories/dahs_issonly.xlsx,2026-09-30T19:14:30.613491+00:00,2026-09-29,,NO,30324a3d8398f75e7f9765fbbe91db742ecf42792b8171634e0bf1816af4878f
TH-ENRICH-TX-SENIOR-2026-09-30-IDR2,TX|HHSC|TX_DAHS_ISS_ONLY|111065,TX_DAHS_ISS_ONLY,111065,509,TRICOUNTY BEHAVIORAL HEALTHCARE CLEVELAND ISS,DAHS-ISSONLY,YES,NO,LIBERTY,402 LIBERTY ST.,CLEVELAND,TEXAS,77327,1de6e81addd37ea016be4c2cdbd50a08648f2348c694ef0e4d9eee0eee1bd381,https://apps.hhs.texas.gov/providers/directories/dahs_issonly.xlsx,2026-09-30T19:14:30.613491+00:00,2026-09-29,,NO,69ec5917f7bad828a71118fd618182705eccc5d74a599880c769555cb96209cd
TH-ENRICH-TX-SENIOR-2026-09-30-IDR2,TX|HHSC|TX_DAHS_ISS_ONLY|111035,TX_DAHS_ISS_ONLY,111035,510,TRICOUNTY BEHAVIORAL HEALTHCARE LIBERTY ISS,DAHS-ISSONLY,YES,NO,LIBERTY,2000 PANTHER LANE,LIBERTY,TEXAS,77575,1de6e81addd37ea016be4c2cdbd50a08648f2348c694ef0e4d9eee0eee1bd381,https://apps.hhs.texas.gov/providers/directories/dahs_issonly.xlsx,2026-09-30T19:14:30.613491+00:00,2026-09-29,,NO,c731d7eef1505d2d7677e248bef6c044300074e4d9b15b97f99733c2c318cc02
TH-ENRICH-TX-SENIOR-2026-09-30-IDR2,TX|HHSC|TX_DAHS_ISS_ONLY|111104,TX_DAHS_ISS_ONLY,111104,511,CENTEX ASSOCIATION FOR RETARDED CHILDREN,DAHS-ISSONLY,YES,NO,LIMESTONE,104 E. MAIN ST.,MEXIA,TEXAS,76667,1de6e81addd37ea016be4c2cdbd50a08648f2348c694ef0e4d9eee0eee1bd381,https://apps.hhs.texas.gov/providers/directories/dahs_issonly.xlsx,2026-09-30T19:14:30.613491+00:00,2026-09-29,,NO,cdd7aee7ad2a47aa07b4a1efc9a9261e2a3bcd10e6d1b13a8add15313f83b4a2
TH-ENRICH-TX-SENIOR-2026-09-30-IDR2,TX|HHSC|TX_DAHS_ISS_ONLY|111778,TX_DAHS_ISS_ONLY,111778,512,"FOREVER GROWING INSTITUTE, INC",DAHS-ISSONLY,YES,NO,LLANO,206 E MAIN,LLANO,TEXAS,78643,1de6e81addd37ea016be4c2cdbd50a08648f2348c694ef0e4d9eee0eee1bd381,https://apps.hhs.texas.gov/providers/directories/dahs_issonly.xlsx,2026-09-30T19:14:30.613491+00:00,2026-09-29,,NO,3ec754e7e28f7941063d2719eb13b0d2111efb11958361f9ab71286afa7daec7
TH-ENRICH-TX-SENIOR-2026-09-30-IDR2,TX|HHSC|TX_DAHS_ISS_ONLY|111004,TX_DAHS_ISS_ONLY,111004,513,CALAB ACTIVITY CENTER LUBBOCK CACL,DAHS-ISSONLY,YES,NO,LUBBOCK,5313 50TH STREET,LUBBOCK,TEXAS,79414,1de6e81addd37ea016be4c2cdbd50a08648f2348c694ef0e4d9eee0eee1bd381,https://apps.hhs.texas.gov/providers/directories/dahs_issonly.xlsx,2026-09-30T19:14:30.613491+00:00,2026-09-29,,NO,b694d07a9cc32682dcc4dc02b50a0d47009eb26f247b3f5656ece4e53cdf6644
TH-ENRICH-TX-SENIOR-2026-09-30-IDR2,TX|HHSC|TX_DAHS_ISS_ONLY|111638,TX_DAHS_ISS_ONLY,111638,514,COMMUNITY OPTIONS INC,DAHS-ISSONLY,YES,NO,LUBBOCK,5901 63RD SUITE DE,LUBBOCK,TEXAS,79424,1de6e81addd37ea016be4c2cdbd50a08648f2348c694ef0e4d9eee0eee1bd381,https://apps.hhs.texas.gov/providers/directories/dahs_issonly.xlsx,2026-09-30T19:14:30.613491+00:00,2026-09-29,,NO,d4c7c35f515da9a475a8ffcd61a597836c172ab1b23dd030494219751416747f
TH-ENRICH-TX-SENIOR-2026-09-30-IDR2,TX|HHSC|TX_DAHS_ISS_ONLY|111706,TX_DAHS_ISS_ONLY,111706,515,CROWNING POINT DAY ACTIVITY CENTER,DAHS-ISSONLY,YES,NO,LUBBOCK,4801 FRANKFORD AVE. UNIT C,LUBBOCK,TEXAS,79424,1de6e81addd37ea016be4c2cdbd50a08648f2348c694ef0e4d9eee0eee1bd381,https://apps.hhs.texas.gov/providers/directories/dahs_issonly.xlsx,2026-09-30T19:14:30.613491+00:00,2026-09-29,,NO,eadd888acfbdd3a5c193a684975bbbd06287ae01a7ddf8055ee54036fd6e6152
TH-ENRICH-TX-SENIOR-2026-09-30-IDR2,TX|HHSC|TX_DAHS_ISS_ONLY|111829,TX_DAHS_ISS_ONLY,111829,516,CROWNING POINT DAY ACTIVITY CENTER LLC,DAHS-ISSONLY,YES,NO,LUBBOCK,2807 42ND ST. SUITE 100,LUBBOCK,TEXAS,79413,1de6e81addd37ea016be4c2cdbd50a08648f2348c694ef0e4d9eee0eee1bd381,https://apps.hhs.texas.gov/providers/directories/dahs_issonly.xlsx,2026-09-30T19:14:30.613491+00:00,2026-09-29,,NO,61325fdddb68e5a733ed7b5c1c9f4678b0ec8cf463679274f3508d4489da97bb
TH-ENRICH-TX-SENIOR-2026-09-30-IDR2,TX|HHSC|TX_DAHS_ISS_ONLY|111063,TX_DAHS_ISS_ONLY,111063,517,DONTES DAY GUARDIANS LLC,DAHS-ISSONLY,YES,NO,LUBBOCK,3601 34TH STREET,LUBBOCK,TX,79410,1de6e81addd37ea016be4c2cdbd50a08648f2348c694ef0e4d9eee0eee1bd381,https://apps.hhs.texas.gov/providers/directories/dahs_issonly.xlsx,2026-09-30T19:14:30.613491+00:00,2026-09-29,,NO,45368a807fda83531fb6349fd58b732c48e86708bb49d7e61c68fac8f566097e
TH-ENRICH-TX-SENIOR-2026-09-30-IDR2,TX|HHSC|TX_DAHS_ISS_ONLY|111130,TX_DAHS_ISS_ONLY,111130,518,"HIGH POINT VILLAGE, INC",DAHS-ISSONLY,YES,NO,LUBBOCK,6223 CR 6300,LUBBOCK,TX,79416,1de6e81addd37ea016be4c2cdbd50a08648f2348c694ef0e4d9eee0eee1bd381,https://apps.hhs.texas.gov/providers/directories/dahs_issonly.xlsx,2026-09-30T19:14:30.613491+00:00,2026-09-29,,NO,831d214cb77cf3540143f2e12d888baad6420494ebebdaae7b9342fd66c6a373
TH-ENRICH-TX-SENIOR-2026-09-30-IDR2,TX|HHSC|TX_DAHS_ISS_ONLY|112065,TX_DAHS_ISS_ONLY,112065,519,J&M COMMUNITY SERVICES LLC,DAHS-ISSONLY,YES,NO,LUBBOCK,2402 52ND ST SUITE 12,LUBBOCK,TX,79412,1de6e81addd37ea016be4c2cdbd50a08648f2348c694ef0e4d9eee0eee1bd381,https://apps.hhs.texas.gov/providers/directories/dahs_issonly.xlsx,2026-09-30T19:14:30.613491+00:00,2026-09-29,,NO,0e06c18e5fd05b28d56e45a36c1a1d19ac0e99e80a6c4f3ed96a3e41886f232a
TH-ENRICH-TX-SENIOR-2026-09-30-IDR2,TX|HHSC|TX_DAHS_ISS_ONLY|111074,TX_DAHS_ISS_ONLY,111074,520,LUBBOCK DAY HAB,DAHS-ISSONLY,YES,NO,LUBBOCK,504 CR 7300,LUBBOCK,TEXAS,79404,1de6e81addd37ea016be4c2cdbd50a08648f2348c694ef0e4d9eee0eee1bd381,https://apps.hhs.texas.gov/providers/directories/dahs_issonly.xlsx,2026-09-30T19:14:30.613491+00:00,2026-09-29,,NO,6efc2efe14979f3fb0ed5c6b72b4cd02c63878075845aecef4b91bdc73660ed8
TH-ENRICH-TX-SENIOR-2026-09-30-IDR2,TX|HHSC|TX_DAHS_ISS_ONLY|111530,TX_DAHS_ISS_ONLY,111530,521,LUBBOCK ONSITE ISS,DAHS-ISSONLY,YES,NO,LUBBOCK,"519 GILBERT DRIVE, BUILDING 1111",LUBBOCK,TEXAS,79416,1de6e81addd37ea016be4c2cdbd50a08648f2348c694ef0e4d9eee0eee1bd381,https://apps.hhs.texas.gov/providers/directories/dahs_issonly.xlsx,2026-09-30T19:14:30.613491+00:00,2026-09-29,,NO,f78989df2bce36f2dfe3ef1403ecbc3f974ca2b0b9181c2cee013fe96d70e623
TH-ENRICH-TX-SENIOR-2026-09-30-IDR2,TX|HHSC|TX_DAHS_ISS_ONLY|110922,TX_DAHS_ISS_ONLY,110922,522,MARIAN MOSS ENTERPRISES,DAHS-ISSONLY,YES,NO,LUBBOCK,4001 MLK BLVD,LUBBOCK,TX,79404,1de6e81addd37ea016be4c2cdbd50a08648f2348c694ef0e4d9eee0eee1bd381,https://apps.hhs.texas.gov/providers/directories/dahs_issonly.xlsx,2026-09-30T19:14:30.613491+00:00,2026-09-29,,NO,495f34635ee1adf48be99d249f8538eb303bef375f87feec0dc072358f092694
TH-ENRICH-TX-SENIOR-2026-09-30-IDR2,TX|HHSC|TX_DAHS_ISS_ONLY|110895,TX_DAHS_ISS_ONLY,110895,523,"ROCK HOUSE SUPPORT SERVICES, INC",DAHS-ISSONLY,YES,NO,LUBBOCK,4315 IRONTON AVE,LUBBOCK,TEXAS,79407,1de6e81addd37ea016be4c2cdbd50a08648f2348c694ef0e4d9eee0eee1bd381,https://apps.hhs.texas.gov/providers/directories/dahs_issonly.xlsx,2026-09-30T19:14:30.613491+00:00,2026-09-29,,NO,83cf496353beab15ba628c496d15abc9a52f6d8586e51573c9e811d8f9821b6f
TH-ENRICH-TX-SENIOR-2026-09-30-IDR2,TX|HHSC|TX_DAHS_ISS_ONLY|111291,TX_DAHS_ISS_ONLY,111291,524,LIFE CHOICES CENTER MADISONVILLE COUNTY,DAHS-ISSONLY,YES,NO,MADISON,3438 HIGHWAY 21 EAST,MADISONVILLE,TEXAS,77864,1de6e81addd37ea016be4c2cdbd50a08648f2348c694ef0e4d9eee0eee1bd381,https://apps.hhs.texas.gov/providers/directories/dahs_issonly.xlsx,2026-09-30T19:14:30.613491+00:00,2026-09-29,,NO,afa6372e942ca2c786d57f316d97e97b8ece862f886d168c6cca62beec0c378d
TH-ENRICH-TX-SENIOR-2026-09-30-IDR2,TX|HHSC|TX_DAHS_ISS_ONLY|111600,TX_DAHS_ISS_ONLY,111600,525,"THE LAKE O THE PINES DREAM CENTER, INC",DAHS-ISSONLY,YES,NO,MARION,249 AVINGER CUTOFF ROAD,AVINGER,TEXAS,75630,1de6e81addd37ea016be4c2cdbd50a08648f2348c694ef0e4d9eee0eee1bd381,https://apps.hhs.texas.gov/providers/directories/dahs_issonly.xlsx,2026-09-30T19:14:30.613491+00:00,2026-09-29,,NO,af7db870415d939c4dee32c99034850a02353afe2ac4abfd0a932289f281b03c
TH-ENRICH-TX-SENIOR-2026-09-30-IDR2,TX|HHSC|TX_DAHS_ISS_ONLY|110821,TX_DAHS_ISS_ONLY,110821,526,JOHN A THOMPSON DBA ABILITY BEYOND DISABILITY,DAHS-ISSONLY,YES,NO,MATAGORDA,3636 AVENUE F,BAY CITY,TEXAS,77414,1de6e81addd37ea016be4c2cdbd50a08648f2348c694ef0e4d9eee0eee1bd381,https://apps.hhs.texas.gov/providers/directories/dahs_issonly.xlsx,2026-09-30T19:14:30.613491+00:00,2026-09-29,,NO,d60b474814cc66e8737a318378366ae69b722e73bb5fbd0f507c1028e921d4f7
TH-ENRICH-TX-SENIOR-2026-09-30-IDR2,TX|HHSC|TX_DAHS_ISS_ONLY|111216,TX_DAHS_ISS_ONLY,111216,527,LAURA HICELA VALDEZ,DAHS-ISSONLY,YES,NO,MATAGORDA,2800 4TH STREET,BAY CITY,TEXAS,77414,1de6e81addd37ea016be4c2cdbd50a08648f2348c694ef0e4d9eee0eee1bd381,https://apps.hhs.texas.gov/providers/directories/dahs_issonly.xlsx,2026-09-30T19:14:30.613491+00:00,2026-09-29,,NO,807e44b54e093c3c77638250f2c4bbd14b5f9ccdb136efb38ae159aa04c4220b
TH-ENRICH-TX-SENIOR-2026-09-30-IDR2,TX|HHSC|TX_DAHS_ISS_ONLY|111140,TX_DAHS_ISS_ONLY,111140,528,CAMINO REAL COMMUNITY MHMR CENTER,DAHS-ISSONLY,YES,NO,MAVERICK,757 RIO GRANDE STREET,EAGLE PASS,TEXAS,78852,1de6e81addd37ea016be4c2cdbd50a08648f2348c694ef0e4d9eee0eee1bd381,https://apps.hhs.texas.gov/providers/directories/dahs_issonly.xlsx,2026-09-30T19:14:30.613491+00:00,2026-09-29,,NO,1c0b886e211609bf60c34cbf1bae117da608047294581157d3348df89f72e826
TH-ENRICH-TX-SENIOR-2026-09-30-IDR2,TX|HHSC|TX_DAHS_ISS_ONLY|110789,TX_DAHS_ISS_ONLY,110789,529,CENTRAL TEXAS MHMR CENTER DBA BRADY WORKSHOP,DAHS-ISSONLY,YES,NO,MCCULLOCH,"201 S, BRIDGE STREET",BRADY,TEXAS,76825,1de6e81addd37ea016be4c2cdbd50a08648f2348c694ef0e4d9eee0eee1bd381,https://apps.hhs.texas.gov/providers/directories/dahs_issonly.xlsx,2026-09-30T19:14:30.613491+00:00,2026-09-29,,NO,f077274f02b1a4887708f00ceab45fa97a08ba3cba4dcacf4e6e732705906019
TH-ENRICH-TX-SENIOR-2026-09-30-IDR2,TX|HHSC|TX_DAHS_ISS_ONLY|111210,TX_DAHS_ISS_ONLY,111210,530,HELPING HANDS THERAPY CENTER,DAHS-ISSONLY,YES,NO,MCLENNAN,105 TAMPICO DR,HEWITT,TX,76643,1de6e81addd37ea016be4c2cdbd50a08648f2348c694ef0e4d9eee0eee1bd381,https://apps.hhs.texas.gov/providers/directories/dahs_issonly.xlsx,2026-09-30T19:14:30.613491+00:00,2026-09-29,,NO,1aead14bd8c451c8d65f7568b65342aa442f8f38a24fa7d31c88bdd938e39af5
TH-ENRICH-TX-SENIOR-2026-09-30-IDR2,TX|HHSC|TX_DAHS_ISS_ONLY|110875,TX_DAHS_ISS_ONLY,110875,531,"GENESIS DISABILITY CARE PROVIDER, INC",DAHS-ISSONLY,YES,NO,MCLENNAN,6328 GHOLSON RD,WACO,TEXAS,76705,1de6e81addd37ea016be4c2cdbd50a08648f2348c694ef0e4d9eee0eee1bd381,https://apps.hhs.texas.gov/providers/directories/dahs_issonly.xlsx,2026-09-30T19:14:30.613491+00:00,2026-09-29,,NO,0938cdc01789f8d71d041a5f93980db02318d013654dcd523c1d1cccb7d3234f
TH-ENRICH-TX-SENIOR-2026-09-30-IDR2,TX|HHSC|TX_DAHS_ISS_ONLY|111187,TX_DAHS_ISS_ONLY,111187,532,"IVYREIGN SUPPORT SERVICES, INC",DAHS-ISSONLY,YES,NO,MCLENNAN,1905 WASHINGTON AVE,WACO,TEXAS,76701,1de6e81addd37ea016be4c2cdbd50a08648f2348c694ef0e4d9eee0eee1bd381,https://apps.hhs.texas.gov/providers/directories/dahs_issonly.xlsx,2026-09-30T19:14:30.613491+00:00,2026-09-29,,NO,8a86fb1528bf3295e39e826415cbe9ff37d856ea138d29d6d5c77c87ab814d65
TH-ENRICH-TX-SENIOR-2026-09-30-IDR2,TX|HHSC|TX_DAHS_ISS_ONLY|111230,TX_DAHS_ISS_ONLY,111230,533,THE ARC OF MCLENNAN COUNTY,DAHS-ISSONLY,YES,NO,MCLENNAN,4901 LAKEWOOD DRIVE,WACO,TEXAS,76710,1de6e81addd37ea016be4c2cdbd50a08648f2348c694ef0e4d9eee0eee1bd381,https://apps.hhs.texas.gov/providers/directories/dahs_issonly.xlsx,2026-09-30T19:14:30.613491+00:00,2026-09-29,,NO,ed71957fdd2429cb76aa22d2502b826e57a42ca2cc06191aa2fa43e8af3c42f4
TH-ENRICH-TX-SENIOR-2026-09-30-IDR2,TX|HHSC|TX_DAHS_ISS_ONLY|111169,TX_DAHS_ISS_ONLY,111169,534,WE CAN TOO,DAHS-ISSONLY,YES,NO,MCLENNAN,4800 W WACO DR SUITE 232,WACO,TX,76710,1de6e81addd37ea016be4c2cdbd50a08648f2348c694ef0e4d9eee0eee1bd381,https://apps.hhs.texas.gov/providers/directories/dahs_issonly.xlsx,2026-09-30T19:14:30.613491+00:00,2026-09-29,,NO,8ba887ed8c8ac431a04bc28bed95c910e3944205e437a79e8c4c06268ca68ebe
TH-ENRICH-TX-SENIOR-2026-09-30-IDR2,TX|HHSC|TX_DAHS_ISS_ONLY|111148,TX_DAHS_ISS_ONLY,111148,535,WE CAN TOO,DAHS-ISSONLY,YES,NO,MCLENNAN,112 S. 35TH STREET,WACO,TX,76710,1de6e81addd37ea016be4c2cdbd50a08648f2348c694ef0e4d9eee0eee1bd381,https://apps.hhs.texas.gov/providers/directories/dahs_issonly.xlsx,2026-09-30T19:14:30.613491+00:00,2026-09-29,,NO,d5ec0625163fff37f62ff3164eaaa40cf93e855632888000b5b028194b5ddb14
TH-ENRICH-TX-SENIOR-2026-09-30-IDR2,TX|HHSC|TX_DAHS_ISS_ONLY|112084,TX_DAHS_ISS_ONLY,112084,536,CJA’S PLACE,DAHS-ISSONLY,YES,NO,MEDINA,2439 HWY 90 W SUITE 103,CASTROVILLE,TEXAS,78009,1de6e81addd37ea016be4c2cdbd50a08648f2348c694ef0e4d9eee0eee1bd381,https://apps.hhs.texas.gov/providers/directories/dahs_issonly.xlsx,2026-09-30T19:14:30.613491+00:00,2026-09-29,,NO,352dcd2dfb4d4d0555c343006b28cd7b7cd98c7bfea1c0fc9e40b178872f0b10
TH-ENRICH-TX-SENIOR-2026-09-30-IDR2,TX|HHSC|TX_DAHS_ISS_ONLY|111822,TX_DAHS_ISS_ONLY,111822,537,"FOREVER GROWING INSTITUTE, INC",DAHS-ISSONLY,YES,NO,MEDINA,198 COUNTY RD 6702,DEVINE,TEXAS,78016,1de6e81addd37ea016be4c2cdbd50a08648f2348c694ef0e4d9eee0eee1bd381,https://apps.hhs.texas.gov/providers/directories/dahs_issonly.xlsx,2026-09-30T19:14:30.613491+00:00,2026-09-29,,NO,14cd828b199651b31674de43ff118382489014394fcc558eceb984ff85e2b021
TH-ENRICH-TX-SENIOR-2026-09-30-IDR2,TX|HHSC|TX_DAHS_ISS_ONLY|112130,TX_DAHS_ISS_ONLY,112130,538,MAYSTAR CARE & RESPITE SERVICES LLC,DAHS-ISSONLY,YES,NO,MEDINA,139 EMPRESS BRILLIANT,SAN ANTONIO,TEXAS,78253,1de6e81addd37ea016be4c2cdbd50a08648f2348c694ef0e4d9eee0eee1bd381,https://apps.hhs.texas.gov/providers/directories/dahs_issonly.xlsx,2026-09-30T19:14:30.613491+00:00,2026-09-29,,NO,56e7172bb8c8ca1b20e239037fa80d7b622118e57dade013c79d7c39e2fa3d06
TH-ENRICH-TX-SENIOR-2026-09-30-IDR2,TX|HHSC|TX_DAHS_ISS_ONLY|110763,TX_DAHS_ISS_ONLY,110763,539,HELEN GREATHOUSE DAY USE CENTER,DAHS-ISSONLY,YES,NO,MIDLAND,2701 N A STREET,MIDLAND,TEXAS,79701,1de6e81addd37ea016be4c2cdbd50a08648f2348c694ef0e4d9eee0eee1bd381,https://apps.hhs.texas.gov/providers/directories/dahs_issonly.xlsx,2026-09-30T19:14:30.613491+00:00,2026-09-29,,NO,c340a6825f38f4725af5dac1a9b730895f06b0ef4882cf8b7b202c0712eb3ebe
TH-ENRICH-TX-SENIOR-2026-09-30-IDR2,TX|HHSC|TX_DAHS_ISS_ONLY|111915,TX_DAHS_ISS_ONLY,111915,540,MISSION CENTER ADULT DAY SERVICE,DAHS-ISSONLY,YES,NO,MIDLAND,"3300 N. A STREET, BLDG. 4-100",MIDLAND,TEXAS,79705,1de6e81addd37ea016be4c2cdbd50a08648f2348c694ef0e4d9eee0eee1bd381,https://apps.hhs.texas.gov/providers/directories/dahs_issonly.xlsx,2026-09-30T19:14:30.613491+00:00,2026-09-29,,NO,58798754e160c0dfc6ead060d6c3f12a073b32a6df3d915cb909479f29cbc350
TH-ENRICH-TX-SENIOR-2026-09-30-IDR2,TX|HHSC|TX_DAHS_ISS_ONLY|111213,TX_DAHS_ISS_ONLY,111213,541,"PANZY AND EDDIE JAMES, SR DAY USE CENTER",DAHS-ISSONLY,YES,NO,MIDLAND,2701 N. A STREET BUILDING 2,MIDLAND,TEXAS,79705,1de6e81addd37ea016be4c2cdbd50a08648f2348c694ef0e4d9eee0eee1bd381,https://apps.hhs.texas.gov/providers/directories/dahs_issonly.xlsx,2026-09-30T19:14:30.613491+00:00,2026-09-29,,NO,f552a84c2d3ce19c8ab0f89d7f6026a871b4fa8858d851b863e2aab98a466027
TH-ENRICH-TX-SENIOR-2026-09-30-IDR2,TX|HHSC|TX_DAHS_ISS_ONLY|111188,TX_DAHS_ISS_ONLY,111188,542,PERMIAN BASIN COMMUNITY CENTERS FOR MHMR,DAHS-ISSONLY,YES,NO,MIDLAND,1403 E. FRONT,MIDLAND,TX,79701,1de6e81addd37ea016be4c2cdbd50a08648f2348c694ef0e4d9eee0eee1bd381,https://apps.hhs.texas.gov/providers/directories/dahs_issonly.xlsx,2026-09-30T19:14:30.613491+00:00,2026-09-29,,NO,01483b1cee0b3e889f73d0f99e78e1373a5e67624030162a6a07f85d5319c193
TH-ENRICH-TX-SENIOR-2026-09-30-IDR2,TX|HHSC|TX_DAHS_ISS_ONLY|110896,TX_DAHS_ISS_ONLY,110896,543,ROCK HOUSE SUPPORT SERVICES,DAHS-ISSONLY,YES,NO,MIDLAND,211 EAST TEXAS AVE,MIDLAND,TEXAS,79701,1de6e81addd37ea016be4c2cdbd50a08648f2348c694ef0e4d9eee0eee1bd381,https://apps.hhs.texas.gov/providers/directories/dahs_issonly.xlsx,2026-09-30T19:14:30.613491+00:00,2026-09-29,,NO,833cb9e773bc46fe5f74f7f569ed20815b01f8ae458a65cf419c65b4136ff26a
TH-ENRICH-TX-SENIOR-2026-09-30-IDR2,TX|HHSC|TX_DAHS_ISS_ONLY|111918,TX_DAHS_ISS_ONLY,111918,544,"ABIDING CHOICE, INC",DAHS-ISSONLY,YES,NO,MILAM,1705 PECOS,ROCKDALE,TEXAS,76567,1de6e81addd37ea016be4c2cdbd50a08648f2348c694ef0e4d9eee0eee1bd381,https://apps.hhs.texas.gov/providers/directories/dahs_issonly.xlsx,2026-09-30T19:14:30.613491+00:00,2026-09-29,,NO,ad77f04c7bedb84e323508994b672b096373f8765f45f1ccb259392c8d966d04
TH-ENRICH-TX-SENIOR-2026-09-30-IDR2,TX|HHSC|TX_DAHS_ISS_ONLY|110897,TX_DAHS_ISS_ONLY,110897,545,EVERGREEN LIFE SERVICES OF BOWIE,DAHS-ISSONLY,YES,NO,MONTAGUE,100 WEST WISCHITA,BOWIE,TX,76230,1de6e81addd37ea016be4c2cdbd50a08648f2348c694ef0e4d9eee0eee1bd381,https://apps.hhs.texas.gov/providers/directories/dahs_issonly.xlsx,2026-09-30T19:14:30.613491+00:00,2026-09-29,,NO,4d348dfc938e2869f7152f2b0c998609ac2c54df9e72bac2245af7b8744b42b3
TH-ENRICH-TX-SENIOR-2026-09-30-IDR2,TX|HHSC|TX_DAHS_ISS_ONLY|111129,TX_DAHS_ISS_ONLY,111129,546,"BRIDGEWOOD FARMS, INC",DAHS-ISSONLY,YES,NO,MONTGOMERY,11680 ROSE ROAD,CONROE,TEXAS,77303,1de6e81addd37ea016be4c2cdbd50a08648f2348c694ef0e4d9eee0eee1bd381,https://apps.hhs.texas.gov/providers/directories/dahs_issonly.xlsx,2026-09-30T19:14:30.613491+00:00,2026-09-29,,NO,cc53d83bf9edb73f609c7bb371f00df2656ed49db24a025725c198c650b21957
TH-ENRICH-TX-SENIOR-2026-09-30-IDR2,TX|HHSC|TX_DAHS_ISS_ONLY|110795,TX_DAHS_ISS_ONLY,110795,547,CAREGIVER CONROE ISS,DAHS-ISSONLY,YES,NO,MONTGOMERY,"13627 POPLAR CIRCLE, STE 104",CONROE,TEXAS,77304,1de6e81addd37ea016be4c2cdbd50a08648f2348c694ef0e4d9eee0eee1bd381,https://apps.hhs.texas.gov/providers/directories/dahs_issonly.xlsx,2026-09-30T19:14:30.613491+00:00,2026-09-29,,NO,ec7976c2aef36cfc223806f9a1c520f21e265b40a010c0234b1cc9e200e1a099
TH-ENRICH-TX-SENIOR-2026-09-30-IDR2,TX|HHSC|TX_DAHS_ISS_ONLY|110926,TX_DAHS_ISS_ONLY,110926,548,HUMAN SERVICES CENTER,DAHS-ISSONLY,YES,NO,MONTGOMERY,2015A N. FRAZIER,CONROE,TEXAS,77301,1de6e81addd37ea016be4c2cdbd50a08648f2348c694ef0e4d9eee0eee1bd381,https://apps.hhs.texas.gov/providers/directories/dahs_issonly.xlsx,2026-09-30T19:14:30.613491+00:00,2026-09-29,,NO,b032e00149cd95623dbeaa5e00053a31e4a7b45d22e8a0b1d4ef970ae1b2e6f4
TH-ENRICH-TX-SENIOR-2026-09-30-IDR2,TX|HHSC|TX_DAHS_ISS_ONLY|111153,TX_DAHS_ISS_ONLY,111153,549,PROJECT BEACON,DAHS-ISSONLY,YES,NO,MONTGOMERY,27316 SPECTRUM WAY,CONROE,TEXAS,77385,1de6e81addd37ea016be4c2cdbd50a08648f2348c694ef0e4d9eee0eee1bd381,https://apps.hhs.texas.gov/providers/directories/dahs_issonly.xlsx,2026-09-30T19:14:30.613491+00:00,2026-09-29,,NO,6467b9e1cf6fcbefc1124331eabb2c0b97e18a1e4565ac8673d09c1a6aea6747
TH-ENRICH-TX-SENIOR-2026-09-30-IDR2,TX|HHSC|TX_DAHS_ISS_ONLY|111132,TX_DAHS_ISS_ONLY,111132,550,"NEW CANEY NEW HORIZONS, INC",DAHS-ISSONLY,YES,NO,MONTGOMERY,18642 US HWY 59,NEW CANEY,TX,77357,1de6e81addd37ea016be4c2cdbd50a08648f2348c694ef0e4d9eee0eee1bd381,https://apps.hhs.texas.gov/providers/directories/dahs_issonly.xlsx,2026-09-30T19:14:30.613491+00:00,2026-09-29,,NO,7c7e6b0e8134ba44c64635667946776e1c1e9472b89736a9da10e6b42855e4db
TH-ENRICH-TX-SENIOR-2026-09-30-IDR2,TX|HHSC|TX_DAHS_ISS_ONLY|110941,TX_DAHS_ISS_ONLY,110941,551,SPECIAL ANGELS OF THE WOODLANDS,DAHS-ISSONLY,YES,NO,MONTGOMERY,314A PRUITT RD.,SPRING,TX,77380,1de6e81addd37ea016be4c2cdbd50a08648f2348c694ef0e4d9eee0eee1bd381,https://apps.hhs.texas.gov/providers/directories/dahs_issonly.xlsx,2026-09-30T19:14:30.613491+00:00,2026-09-29,,NO,9c087917b4d9746254b873a419013fca95dd903f0fb19f717933893ffd1579aa
TH-ENRICH-TX-SENIOR-2026-09-30-IDR2,TX|HHSC|TX_DAHS_ISS_ONLY|111443,TX_DAHS_ISS_ONLY,111443,552,TEAM ABILITIES,DAHS-ISSONLY,YES,NO,MONTGOMERY,611 WESTRIDGE DRIVE,SPRING,TX,77380,1de6e81addd37ea016be4c2cdbd50a08648f2348c694ef0e4d9eee0eee1bd381,https://apps.hhs.texas.gov/providers/directories/dahs_issonly.xlsx,2026-09-30T19:14:30.613491+00:00,2026-09-29,,NO,a129aa28cd74d221e320fe9d3961c8eab90226a5209f4b91edc236d9a2d06386
TH-ENRICH-TX-SENIOR-2026-09-30-IDR2,TX|HHSC|TX_DAHS_ISS_ONLY|111111,TX_DAHS_ISS_ONLY,111111,553,YOUNG MENS CHRISTIAN ASSOCIATION OF GREATER HOUSTON AREA,DAHS-ISSONLY,YES,NO,MONTGOMERY,8100 ASHLANE WAY,THE WOODLANDS,TX,77382,1de6e81addd37ea016be4c2cdbd50a08648f2348c694ef0e4d9eee0eee1bd381,https://apps.hhs.texas.gov/providers/directories/dahs_issonly.xlsx,2026-09-30T19:14:30.613491+00:00,2026-09-29,,NO,b6413f1334ee90a1bce5b938e7c86103de4f6275aeb2073ba6d47f6591fef039
TH-ENRICH-TX-SENIOR-2026-09-30-IDR2,TX|HHSC|TX_DAHS_ISS_ONLY|112012,TX_DAHS_ISS_ONLY,112012,554,INCLUSIVE HORIZONS,DAHS-ISSONLY,YES,NO,MONTGOMERY,1012 NORTH DANVILLE ST.,WILLIS,TX,77378,1de6e81addd37ea016be4c2cdbd50a08648f2348c694ef0e4d9eee0eee1bd381,https://apps.hhs.texas.gov/providers/directories/dahs_issonly.xlsx,2026-09-30T19:14:30.613491+00:00,2026-09-29,,NO,ad3dced69c0abfd9ca45aacc7234745c9562a7faad90a2a83a87c5e2d9824734
TH-ENRICH-TX-SENIOR-2026-09-30-IDR2,TX|HHSC|TX_DAHS_ISS_ONLY|112141,TX_DAHS_ISS_ONLY,112141,555,KALLIOPE'S RANCH CORPORATION,DAHS-ISSONLY,YES,NO,MONTGOMERY,504 N. THOMASON ST.,WILLIS,TX,77378,1de6e81addd37ea016be4c2cdbd50a08648f2348c694ef0e4d9eee0eee1bd381,https://apps.hhs.texas.gov/providers/directories/dahs_issonly.xlsx,2026-09-30T19:14:30.613491+00:00,2026-09-29,,NO,dc5da65c961bc657768a7cfb37a74fe52c600bebfe80193826f3546489e9c598
TH-ENRICH-TX-SENIOR-2026-09-30-IDR2,TX|HHSC|TX_DAHS_ISS_ONLY|111144,TX_DAHS_ISS_ONLY,111144,556,NEW DANVILLE,DAHS-ISSONLY,YES,NO,MONTGOMERY,10951 SHEPARD HILL ROAD,WILLIS,TX,77318,1de6e81addd37ea016be4c2cdbd50a08648f2348c694ef0e4d9eee0eee1bd381,https://apps.hhs.texas.gov/providers/directories/dahs_issonly.xlsx,2026-09-30T19:14:30.613491+00:00,2026-09-29,,NO,5001e8e687e6c743abe62496df790abce7610878841438c8a6f82dba34a5290c
TH-ENRICH-TX-SENIOR-2026-09-30-IDR2,TX|HHSC|TX_DAHS_ISS_ONLY|111116,TX_DAHS_ISS_ONLY,111116,557,DUMAS ASCI,DAHS-ISSONLY,YES,NO,MOORE,310 E. 1ST #200,DUMAS,TX,79029,1de6e81addd37ea016be4c2cdbd50a08648f2348c694ef0e4d9eee0eee1bd381,https://apps.hhs.texas.gov/providers/directories/dahs_issonly.xlsx,2026-09-30T19:14:30.613491+00:00,2026-09-29,,NO,ca31278f0bd14e119ce1af072a7ddf6e2999f8ce3816b8239486b63b0999d719
TH-ENRICH-TX-SENIOR-2026-09-30-IDR2,TX|HHSC|TX_DAHS_ISS_ONLY|111078,TX_DAHS_ISS_ONLY,111078,558,BURKE CENTER,DAHS-ISSONLY,YES,NO,NACOGDOCHES,1718 S. UNIVERSITY DR.,NACOGDOCHES,TEXAS,75961,1de6e81addd37ea016be4c2cdbd50a08648f2348c694ef0e4d9eee0eee1bd381,https://apps.hhs.texas.gov/providers/directories/dahs_issonly.xlsx,2026-09-30T19:14:30.613491+00:00,2026-09-29,,NO,428426dcbb77acdd1d086a27332f1fb52989f9af84b928d27248ccbfd31d6a30
TH-ENRICH-TX-SENIOR-2026-09-30-IDR2,TX|HHSC|TX_DAHS_ISS_ONLY|111101,TX_DAHS_ISS_ONLY,111101,559,A&A ADVANTAGE CARE LLC,DAHS-ISSONLY,YES,NO,NAVARRO,800 N MAIN SUITE C107,CORSICANA,TX,75110,1de6e81addd37ea016be4c2cdbd50a08648f2348c694ef0e4d9eee0eee1bd381,https://apps.hhs.texas.gov/providers/directories/dahs_issonly.xlsx,2026-09-30T19:14:30.613491+00:00,2026-09-29,,NO,a8797fa752dec43adeba07b8a049f2bc161cf40c4e5a8818b57cb68ad3dc98c7
TH-ENRICH-TX-SENIOR-2026-09-30-IDR2,TX|HHSC|TX_DAHS_ISS_ONLY|111082,TX_DAHS_ISS_ONLY,111082,560,CORSICANA DAYHAB I,DAHS-ISSONLY,YES,NO,NAVARRO,916 N MAIN STREET,CORSICANA,TEXAS,75110,1de6e81addd37ea016be4c2cdbd50a08648f2348c694ef0e4d9eee0eee1bd381,https://apps.hhs.texas.gov/providers/directories/dahs_issonly.xlsx,2026-09-30T19:14:30.613491+00:00,2026-09-29,,NO,8d9e3de54aeb15fea95c73df88a65e8e1746daf0591985f57e1e60038ae5a859
TH-ENRICH-TX-SENIOR-2026-09-30-IDR2,TX|HHSC|TX_DAHS_ISS_ONLY|111171,TX_DAHS_ISS_ONLY,111171,561,CORSICANA DAYHAB II,DAHS-ISSONLY,YES,NO,NAVARRO,2011 SE COUNTY ROAD 70,CORSICANA,TEXAS,75109,1de6e81addd37ea016be4c2cdbd50a08648f2348c694ef0e4d9eee0eee1bd381,https://apps.hhs.texas.gov/providers/directories/dahs_issonly.xlsx,2026-09-30T19:14:30.613491+00:00,2026-09-29,,NO,01bad22dcb14dd8960b9265e8cbe9f8ebeea763e52de0f077efc75775ecba463
TH-ENRICH-TX-SENIOR-2026-09-30-IDR2,TX|HHSC|TX_DAHS_ISS_ONLY|110904,TX_DAHS_ISS_ONLY,110904,562,EDUCARE COMMUNITY LIVING CORPORATION  TEXAS,DAHS-ISSONLY,YES,NO,NAVARRO,4517 WEST HIGHWAY 31,CORSICANA,TEXAS,75110,1de6e81addd37ea016be4c2cdbd50a08648f2348c694ef0e4d9eee0eee1bd381,https://apps.hhs.texas.gov/providers/directories/dahs_issonly.xlsx,2026-09-30T19:14:30.613491+00:00,2026-09-29,,NO,0df29596fe237cdf215d52fd3bb87d82aff3b0ffdc6a650ee9e1cf809601e3a9
TH-ENRICH-TX-SENIOR-2026-09-30-IDR2,TX|HHSC|TX_DAHS_ISS_ONLY|111143,TX_DAHS_ISS_ONLY,111143,563,NOLAN COUNTY VOTECH CENTER,DAHS-ISSONLY,YES,NO,NOLAN,1200 HENDERSON,SWEETWATER,TEXAS,79556,1de6e81addd37ea016be4c2cdbd50a08648f2348c694ef0e4d9eee0eee1bd381,https://apps.hhs.texas.gov/providers/directories/dahs_issonly.xlsx,2026-09-30T19:14:30.613491+00:00,2026-09-29,,NO,4cf671537e05fbc0c96c56b130898257a63f5cd0cbeaf3a66e5f40b40b289438
TH-ENRICH-TX-SENIOR-2026-09-30-IDR2,TX|HHSC|TX_DAHS_ISS_ONLY|110745,TX_DAHS_ISS_ONLY,110745,564,"ANCHOR HABILITATION SERVICES, LLC",DAHS-ISSONLY,YES,NO,NUECES,9241 S PADRE ISLAND DRIVE,CORPUS CHRISTI,TEXAS,78418,1de6e81addd37ea016be4c2cdbd50a08648f2348c694ef0e4d9eee0eee1bd381,https://apps.hhs.texas.gov/providers/directories/dahs_issonly.xlsx,2026-09-30T19:14:30.613491+00:00,2026-09-29,,NO,4c7182aae469ed773bba99ff630fe19c42b08f0636f3d489f145ec564261d977
TH-ENRICH-TX-SENIOR-2026-09-30-IDR2,TX|HHSC|TX_DAHS_ISS_ONLY|111066,TX_DAHS_ISS_ONLY,111066,565,BRUSH COUNTRY DAY ACTIVITY CENTER,DAHS-ISSONLY,YES,NO,NUECES,5872 EVERHART RD,CORPUS CHRISTI,TX,78413,1de6e81addd37ea016be4c2cdbd50a08648f2348c694ef0e4d9eee0eee1bd381,https://apps.hhs.texas.gov/providers/directories/dahs_issonly.xlsx,2026-09-30T19:14:30.613491+00:00,2026-09-29,,NO,c610a8204d061682e65729ca0aafa2907b87bb5168b0d7720605c363c64e56a1
TH-ENRICH-TX-SENIOR-2026-09-30-IDR2,TX|HHSC|TX_DAHS_ISS_ONLY|111235,TX_DAHS_ISS_ONLY,111235,566,CHOICE LIVING COMMUNITY,DAHS-ISSONLY,YES,NO,NUECES,3875 S STAPLES ST BUILDING #4,CORPUS CHRISTI,TEXAS,78411,1de6e81addd37ea016be4c2cdbd50a08648f2348c694ef0e4d9eee0eee1bd381,https://apps.hhs.texas.gov/providers/directories/dahs_issonly.xlsx,2026-09-30T19:14:30.613491+00:00,2026-09-29,,NO,c618daa63d1ee6f9dca799c0695d0ad56a85ed5db1f8591b3b4504a9c1a9cfd5
TH-ENRICH-TX-SENIOR-2026-09-30-IDR2,TX|HHSC|TX_DAHS_ISS_ONLY|111341,TX_DAHS_ISS_ONLY,111341,567,"COASTAL AREA SUPPORT ALTERNATIVES, INC",DAHS-ISSONLY,YES,NO,NUECES,5810 SOUTH STAPLES,CORPUS CHRISTI,TEXAS,78413,1de6e81addd37ea016be4c2cdbd50a08648f2348c694ef0e4d9eee0eee1bd381,https://apps.hhs.texas.gov/providers/directories/dahs_issonly.xlsx,2026-09-30T19:14:30.613491+00:00,2026-09-29,,NO,fc75ad044c3af7769f39f08c18bb09e78f9de7fa4fec7420f44984dc3cfc3e1b
TH-ENRICH-TX-SENIOR-2026-09-30-IDR2,TX|HHSC|TX_DAHS_ISS_ONLY|111292,TX_DAHS_ISS_ONLY,111292,568,"COMMUNITY OPTIONS, INC",DAHS-ISSONLY,YES,NO,NUECES,4930 HOLLY RD,CORPUS CHRISTI,TEXAS,78411,1de6e81addd37ea016be4c2cdbd50a08648f2348c694ef0e4d9eee0eee1bd381,https://apps.hhs.texas.gov/providers/directories/dahs_issonly.xlsx,2026-09-30T19:14:30.613491+00:00,2026-09-29,,NO,ef55c3e5cc3200b32c99df9b2b24770aeea59df9dbb412fc417af6431a3d039d
TH-ENRICH-TX-SENIOR-2026-09-30-IDR2,TX|HHSC|TX_DAHS_ISS_ONLY|111042,TX_DAHS_ISS_ONLY,111042,569,CORPUS CHRISTI DAY HABILITATION,DAHS-ISSONLY,YES,NO,NUECES,4110 KYSTORYZ ROAD,CORPUS CHRISTI,TEXAS,78415,1de6e81addd37ea016be4c2cdbd50a08648f2348c694ef0e4d9eee0eee1bd381,https://apps.hhs.texas.gov/providers/directories/dahs_issonly.xlsx,2026-09-30T19:14:30.613491+00:00,2026-09-29,,NO,063bfb32ddc408a4be3b72816e3c2d317a4084d85ba74fbf3666fce44b90ef8b
TH-ENRICH-TX-SENIOR-2026-09-30-IDR2,TX|HHSC|TX_DAHS_ISS_ONLY|110827,TX_DAHS_ISS_ONLY,110827,570,EDUCARE COMMUNITY LIVING CORPORATION  GULF COAST,DAHS-ISSONLY,YES,NO,NUECES,"4320 SOUTH PADRE ISLAND DRIVE, STE B",CORPUS CHRISTI,TEXAS,78411,1de6e81addd37ea016be4c2cdbd50a08648f2348c694ef0e4d9eee0eee1bd381,https://apps.hhs.texas.gov/providers/directories/dahs_issonly.xlsx,2026-09-30T19:14:30.613491+00:00,2026-09-29,,NO,44ee1c21248b95be940757db6fa5782679f4d1da75e8cd5513d8fa0fc542e8d6
TH-ENRICH-TX-SENIOR-2026-09-30-IDR2,TX|HHSC|TX_DAHS_ISS_ONLY|111259,TX_DAHS_ISS_ONLY,111259,571,GOOD HOME COMMUNITY LIVING INC,DAHS-ISSONLY,YES,NO,NUECES,4122 WEBER ROAD STE C,CORPUS CHRISTI,TX,78411,1de6e81addd37ea016be4c2cdbd50a08648f2348c694ef0e4d9eee0eee1bd381,https://apps.hhs.texas.gov/providers/directories/dahs_issonly.xlsx,2026-09-30T19:14:30.613491+00:00,2026-09-29,,NO,16878ccfe0c558a54b97a77a0286af3bcfe5024683e09b6a8f2fd82b5690791a
TH-ENRICH-TX-SENIOR-2026-09-30-IDR2,TX|HHSC|TX_DAHS_ISS_ONLY|110860,TX_DAHS_ISS_ONLY,110860,572,HUMAN SERVICES CENTER,DAHS-ISSONLY,YES,NO,NUECES,4141 GOLLIHAR,CORPUS CHRISTI,TEXAS,78411,1de6e81addd37ea016be4c2cdbd50a08648f2348c694ef0e4d9eee0eee1bd381,https://apps.hhs.texas.gov/providers/directories/dahs_issonly.xlsx,2026-09-30T19:14:30.613491+00:00,2026-09-29,,NO,9e5be623eaf2ea66d78cabd269edf5d121b43220ab6f27f0444a73812be4c5ce
TH-ENRICH-TX-SENIOR-2026-09-30-IDR2,TX|HHSC|TX_DAHS_ISS_ONLY|111256,TX_DAHS_ISS_ONLY,111256,573,"JCE & ASSOCIATES, LLC",DAHS-ISSONLY,YES,NO,NUECES,"4925 EVERHART RD., SUITE 108",CORPUS CHRISTI,TEXAS,78411,1de6e81addd37ea016be4c2cdbd50a08648f2348c694ef0e4d9eee0eee1bd381,https://apps.hhs.texas.gov/providers/directories/dahs_issonly.xlsx,2026-09-30T19:14:30.613491+00:00,2026-09-29,,NO,b67c42fa31b2bc0fdaa64770ecd0642850f4782d39561ef9846f7681373753db
TH-ENRICH-TX-SENIOR-2026-09-30-IDR2,TX|HHSC|TX_DAHS_ISS_ONLY|111050,TX_DAHS_ISS_ONLY,111050,574,LMS CONCEPTS INC,DAHS-ISSONLY,YES,NO,NUECES,3810 KITTY LANE,CORPUS CHRISTI,TEXAS,78414,1de6e81addd37ea016be4c2cdbd50a08648f2348c694ef0e4d9eee0eee1bd381,https://apps.hhs.texas.gov/providers/directories/dahs_issonly.xlsx,2026-09-30T19:14:30.613491+00:00,2026-09-29,,NO,90e6f0049df99a8073c8301e988a12746800e990459eb23351a8edc4cda50e2f
TH-ENRICH-TX-SENIOR-2026-09-30-IDR2,TX|HHSC|TX_DAHS_ISS_ONLY|111283,TX_DAHS_ISS_ONLY,111283,575,M'AGINE SUPPORT SERVICES,DAHS-ISSONLY,YES,NO,NUECES,6102 AYERS ST. 101,CORPUS CHRISTI,TEXAS,78415,1de6e81addd37ea016be4c2cdbd50a08648f2348c694ef0e4d9eee0eee1bd381,https://apps.hhs.texas.gov/providers/directories/dahs_issonly.xlsx,2026-09-30T19:14:30.613491+00:00,2026-09-29,,NO,959c6494e2ea111bbc96f56680b7cb2401209d8ed7f4790881ab153952429fd9
TH-ENRICH-TX-SENIOR-2026-09-30-IDR2,TX|HHSC|TX_DAHS_ISS_ONLY|110776,TX_DAHS_ISS_ONLY,110776,576,NUECES CENTER FOR MENTAL HEALTH AND INTELLECTUAL DISABILITIES,DAHS-ISSONLY,YES,NO,NUECES,1625 10TH ST.,CORPUS CHRISTI,TEXAS,78404,1de6e81addd37ea016be4c2cdbd50a08648f2348c694ef0e4d9eee0eee1bd381,https://apps.hhs.texas.gov/providers/directories/dahs_issonly.xlsx,2026-09-30T19:14:30.613491+00:00,2026-09-29,,NO,01647cbfdb62a9dbfa77d47b3105479976e5f5b5db2f189e6804a2073fce1e4a
TH-ENRICH-TX-SENIOR-2026-09-30-IDR2,TX|HHSC|TX_DAHS_ISS_ONLY|112208,TX_DAHS_ISS_ONLY,112208,577,TRUECARE COMMUNITY,DAHS-ISSONLY,YES,NO,NUECES,5115 COSNER DR,CORPUS CHRISTI,TEXAS,78411,1de6e81addd37ea016be4c2cdbd50a08648f2348c694ef0e4d9eee0eee1bd381,https://apps.hhs.texas.gov/providers/directories/dahs_issonly.xlsx,2026-09-30T19:14:30.613491+00:00,2026-09-29,,NO,c24b556d82c2c49d6237158fef767017fcc2585a591907842bdb9fea8ac56573
TH-ENRICH-TX-SENIOR-2026-09-30-IDR2,TX|HHSC|TX_DAHS_ISS_ONLY|111155,TX_DAHS_ISS_ONLY,111155,578,PERRYTON ASCI,DAHS-ISSONLY,YES,NO,OCHILTREE,1701 S. JEFFERSON,PERRYTON,TEXAS,79070,1de6e81addd37ea016be4c2cdbd50a08648f2348c694ef0e4d9eee0eee1bd381,https://apps.hhs.texas.gov/providers/directories/dahs_issonly.xlsx,2026-09-30T19:14:30.613491+00:00,2026-09-29,,NO,70d8e35aea915a6d2be02a98b63f8b90b4c281f264fe04bb33cdc9f4e9cc632e
TH-ENRICH-TX-SENIOR-2026-09-30-IDR2,TX|HHSC|TX_DAHS_ISS_ONLY|111105,TX_DAHS_ISS_ONLY,111105,579,OCARC INC,DAHS-ISSONLY,YES,NO,ORANGE,905 WEST PARK,ORANGE,TEXAS,77630,1de6e81addd37ea016be4c2cdbd50a08648f2348c694ef0e4d9eee0eee1bd381,https://apps.hhs.texas.gov/providers/directories/dahs_issonly.xlsx,2026-09-30T19:14:30.613491+00:00,2026-09-29,,NO,1d97aeeaf9a49edbdf9ac621cbea007f4672b030118cd97485a9e010aef23500
TH-ENRICH-TX-SENIOR-2026-09-30-IDR2,TX|HHSC|TX_DAHS_ISS_ONLY|110785,TX_DAHS_ISS_ONLY,110785,580,JOHN LOGAN INDUSTRIES  COMMUNITY HEALTHCORE,DAHS-ISSONLY,YES,NO,PANOLA,1701 S. ADAMS ST.,CARTHAGE,TX,75633,1de6e81addd37ea016be4c2cdbd50a08648f2348c694ef0e4d9eee0eee1bd381,https://apps.hhs.texas.gov/providers/directories/dahs_issonly.xlsx,2026-09-30T19:14:30.613491+00:00,2026-09-29,,NO,4d2b76ea25780445398cb0b5b8f52ed786c10316c480727c15b111ba50baf553
TH-ENRICH-TX-SENIOR-2026-09-30-IDR2,TX|HHSC|TX_DAHS_ISS_ONLY|111212,TX_DAHS_ISS_ONLY,111212,581,PECAN VALLEY CENTERS WEATHERFORD LIFE SKILLS CENTER,DAHS-ISSONLY,YES,NO,PARKER,1719 SANTA FE DR.,WEATHERFORD,TEXAS,76086,1de6e81addd37ea016be4c2cdbd50a08648f2348c694ef0e4d9eee0eee1bd381,https://apps.hhs.texas.gov/providers/directories/dahs_issonly.xlsx,2026-09-30T19:14:30.613491+00:00,2026-09-29,,NO,5c5846153ba9c4ce537d8026679f01bd3f23e7dd278553dee802444d833fa57e
TH-ENRICH-TX-SENIOR-2026-09-30-IDR2,TX|HHSC|TX_DAHS_ISS_ONLY|111092,TX_DAHS_ISS_ONLY,111092,582,PERMIAN BASIN COMMUNITY CENTERS FOR MHMR,DAHS-ISSONLY,YES,NO,PECOS,1123 MAIN,FORT STOCKTON,TX,79735,1de6e81addd37ea016be4c2cdbd50a08648f2348c694ef0e4d9eee0eee1bd381,https://apps.hhs.texas.gov/providers/directories/dahs_issonly.xlsx,2026-09-30T19:14:30.613491+00:00,2026-09-29,,NO,4b6d8098bc994edbb6b15acd807033e61eabfb51c1963b83619cefb35c8648ce
TH-ENRICH-TX-SENIOR-2026-09-30-IDR2,TX|HHSC|TX_DAHS_ISS_ONLY|111038,TX_DAHS_ISS_ONLY,111038,583,AMARILLO ASCI,DAHS-ISSONLY,YES,NO,POTTER,2004 HARDY,AMARILLO,TX,79106,1de6e81addd37ea016be4c2cdbd50a08648f2348c694ef0e4d9eee0eee1bd381,https://apps.hhs.texas.gov/providers/directories/dahs_issonly.xlsx,2026-09-30T19:14:30.613491+00:00,2026-09-29,,NO,dc970ca28046029a431b0d37bb0ce69f31b60a3c610e8aedc6f51c09482b76e8
TH-ENRICH-TX-SENIOR-2026-09-30-IDR2,TX|HHSC|TX_DAHS_ISS_ONLY|111225,TX_DAHS_ISS_ONLY,111225,584,AMARILLO DAY HABILITATION,DAHS-ISSONLY,YES,NO,POTTER,2400 LAKEVIEW DRIVE,AMARILLO,TX,79109,1de6e81addd37ea016be4c2cdbd50a08648f2348c694ef0e4d9eee0eee1bd381,https://apps.hhs.texas.gov/providers/directories/dahs_issonly.xlsx,2026-09-30T19:14:30.613491+00:00,2026-09-29,,NO,70418cceebf7e1d7a62a3dc7ec38dec7ef27dc71e7f6dd59eae4639e5a8b4e91
TH-ENRICH-TX-SENIOR-2026-09-30-IDR2,TX|HHSC|TX_DAHS_ISS_ONLY|111149,TX_DAHS_ISS_ONLY,111149,585,SPECIALIZED SERVICES,DAHS-ISSONLY,YES,NO,POTTER,"901 WALLACE BLVD, BUILDING 504",AMARILLO,TEXAS,79106,1de6e81addd37ea016be4c2cdbd50a08648f2348c694ef0e4d9eee0eee1bd381,https://apps.hhs.texas.gov/providers/directories/dahs_issonly.xlsx,2026-09-30T19:14:30.613491+00:00,2026-09-29,,NO,5688fdb407bb1c804a0380c5e1b3500d0e2949cee822e0b4dee2a20769298155
TH-ENRICH-TX-SENIOR-2026-09-30-IDR2,TX|HHSC|TX_DAHS_ISS_ONLY|112024,TX_DAHS_ISS_ONLY,112024,586,YELLOW CITY DAY CENTER BY CAREGIVER INC,DAHS-ISSONLY,YES,NO,POTTER,940 BUENA VISTA STREET,AMARILLO,TX,79106,1de6e81addd37ea016be4c2cdbd50a08648f2348c694ef0e4d9eee0eee1bd381,https://apps.hhs.texas.gov/providers/directories/dahs_issonly.xlsx,2026-09-30T19:14:30.613491+00:00,2026-09-29,,NO,aa8a8d0ba74929b9d9b7606e6aacd92d847e32337a0c232b7e7eee6afbc2ec25
TH-ENRICH-TX-SENIOR-2026-09-30-IDR2,TX|HHSC|TX_DAHS_ISS_ONLY|111009,TX_DAHS_ISS_ONLY,111009,587,"ADVO COMPANIES, INC",DAHS-ISSONLY,YES,NO,RANDALL,5241 S. WASHINGTON,AMARILLO,TEXAS,79110,1de6e81addd37ea016be4c2cdbd50a08648f2348c694ef0e4d9eee0eee1bd381,https://apps.hhs.texas.gov/providers/directories/dahs_issonly.xlsx,2026-09-30T19:14:30.613491+00:00,2026-09-29,,NO,1620e297aad93c269f120dde0806e0ec8fb6f45c2aa33e98c8e11e0ab8ca3c75
TH-ENRICH-TX-SENIOR-2026-09-30-IDR2,TX|HHSC|TX_DAHS_ISS_ONLY|111276,TX_DAHS_ISS_ONLY,111276,588,COMMUNITY OPTIONS INC  AMARILLO,DAHS-ISSONLY,YES,NO,RANDALL,3010 SW 27TH AVENUE,AMARILLO,TEXAS,79109,1de6e81addd37ea016be4c2cdbd50a08648f2348c694ef0e4d9eee0eee1bd381,https://apps.hhs.texas.gov/providers/directories/dahs_issonly.xlsx,2026-09-30T19:14:30.613491+00:00,2026-09-29,,NO,3330182aa6933a9796143ff53fa0fdff46c209b855e33d8d401f966b141746ce
TH-ENRICH-TX-SENIOR-2026-09-30-IDR2,TX|HHSC|TX_DAHS_ISS_ONLY|111373,TX_DAHS_ISS_ONLY,111373,589,FOX OPERATIONS,DAHS-ISSONLY,YES,NO,RANDALL,615 W LOOP 335 S #39,AMARILLO,TEXAS,79118,1de6e81addd37ea016be4c2cdbd50a08648f2348c694ef0e4d9eee0eee1bd381,https://apps.hhs.texas.gov/providers/directories/dahs_issonly.xlsx,2026-09-30T19:14:30.613491+00:00,2026-09-29,,NO,913099f105903ae88338fe4196c74e37cd02eedb94eea605b3a2dff8b44a4c04
TH-ENRICH-TX-SENIOR-2026-09-30-IDR2,TX|HHSC|TX_DAHS_ISS_ONLY|111727,TX_DAHS_ISS_ONLY,111727,590,A LOVELY DAY HABILITATION,DAHS-ISSONLY,YES,NO,RED RIVER,312 N WALNUT ST,CLARKSVILLE,TEXAS,75426,1de6e81addd37ea016be4c2cdbd50a08648f2348c694ef0e4d9eee0eee1bd381,https://apps.hhs.texas.gov/providers/directories/dahs_issonly.xlsx,2026-09-30T19:14:30.613491+00:00,2026-09-29,,NO,010e40685061a1ccc2f458547660f354aa93a31a0c7ae898c225852bbfaefdc3
TH-ENRICH-TX-SENIOR-2026-09-30-IDR2,TX|HHSC|TX_DAHS_ISS_ONLY|111147,TX_DAHS_ISS_ONLY,111147,591,REEVES COUNTY VOTECH CENTER,DAHS-ISSONLY,YES,NO,REEVES,700 W. DAGGETT ST.,PECOS,TEXAS,79772,1de6e81addd37ea016be4c2cdbd50a08648f2348c694ef0e4d9eee0eee1bd381,https://apps.hhs.texas.gov/providers/directories/dahs_issonly.xlsx,2026-09-30T19:14:30.613491+00:00,2026-09-29,,NO,db82d173f808e5f85d8681fd9b6dd4794d6c5f1dacc9d1e93d4c7c4455ac7a18
TH-ENRICH-TX-SENIOR-2026-09-30-IDR2,TX|HHSC|TX_DAHS_ISS_ONLY|110780,TX_DAHS_ISS_ONLY,110780,592,LAKES REGIONAL CONNECTIONS TRAINING CENTER,DAHS-ISSONLY,YES,NO,ROCKWALL,1525 AIRPORT RD,ROCKWALL,TX,75087,1de6e81addd37ea016be4c2cdbd50a08648f2348c694ef0e4d9eee0eee1bd381,https://apps.hhs.texas.gov/providers/directories/dahs_issonly.xlsx,2026-09-30T19:14:30.613491+00:00,2026-09-29,,NO,e4723fec31a5cbfd4322f87ca06fdb5005d84d17c500659917095f0aecc4b5c2
TH-ENRICH-TX-SENIOR-2026-09-30-IDR2,TX|HHSC|TX_DAHS_ISS_ONLY|111123,TX_DAHS_ISS_ONLY,111123,593,RUNNELS COUNTY VOTECH CENTER,DAHS-ISSONLY,YES,NO,RUNNELS,119 NORTH 7TH ST.,BALLINGER,TEXAS,76821,1de6e81addd37ea016be4c2cdbd50a08648f2348c694ef0e4d9eee0eee1bd381,https://apps.hhs.texas.gov/providers/directories/dahs_issonly.xlsx,2026-09-30T19:14:30.613491+00:00,2026-09-29,,NO,7106ea4c2cff06368391bc298c8214faf40b57d05e0355d68043a44c6155f45d
TH-ENRICH-TX-SENIOR-2026-09-30-IDR2,TX|HHSC|TX_DAHS_ISS_ONLY|111319,TX_DAHS_ISS_ONLY,111319,594,AGREENS HOUSE OF CARE INC,DAHS-ISSONLY,YES,NO,SAN AUGUSTINE,1012 PARTIN ROAD,SAN AUGUSTINE,TEXAS,75972,1de6e81addd37ea016be4c2cdbd50a08648f2348c694ef0e4d9eee0eee1bd381,https://apps.hhs.texas.gov/providers/directories/dahs_issonly.xlsx,2026-09-30T19:14:30.613491+00:00,2026-09-29,,NO,d720e6e0226c756c7492b5af081d21a75dbfc1790daaa260d7f3e2d6a7a03416
TH-ENRICH-TX-SENIOR-2026-09-30-IDR2,TX|HHSC|TX_DAHS_ISS_ONLY|110715,TX_DAHS_ISS_ONLY,110715,595,COASTAL PLAINS COMMUNITY MENTAL HEALTH MENTAL RETARDATION CENTER,DAHS-ISSONLY,YES,NO,SAN PATRICIO,201 ROOTS AVE,TAFT,TX,78390,1de6e81addd37ea016be4c2cdbd50a08648f2348c694ef0e4d9eee0eee1bd381,https://apps.hhs.texas.gov/providers/directories/dahs_issonly.xlsx,2026-09-30T19:14:30.613491+00:00,2026-09-29,,NO,7c12dae79f1631c8f167dbd4bb47e38ed8340802ea793a11cccbb4c68a49f09d
TH-ENRICH-TX-SENIOR-2026-09-30-IDR2,TX|HHSC|TX_DAHS_ISS_ONLY|110791,TX_DAHS_ISS_ONLY,110791,596,CENTRAL TEXAS MHMR CENTER DBA SAN SABA WORKSHOP,DAHS-ISSONLY,YES,NO,SAN SABA,115 N. CHEROKEE,SAN SABA,TEXAS,76877,1de6e81addd37ea016be4c2cdbd50a08648f2348c694ef0e4d9eee0eee1bd381,https://apps.hhs.texas.gov/providers/directories/dahs_issonly.xlsx,2026-09-30T19:14:30.613491+00:00,2026-09-29,,NO,641f77447705bae46f082e2c6a5f06e678c389abd9011ce7d26ff51777fb1e3a
TH-ENRICH-TX-SENIOR-2026-09-30-IDR2,TX|HHSC|TX_DAHS_ISS_ONLY|111119,TX_DAHS_ISS_ONLY,111119,597,SCURRY COUNTY VOTECH CENTER,DAHS-ISSONLY,YES,NO,SCURRY,3100 1/2 37TH PLACE,SNYDER,TEXAS,79549,1de6e81addd37ea016be4c2cdbd50a08648f2348c694ef0e4d9eee0eee1bd381,https://apps.hhs.texas.gov/providers/directories/dahs_issonly.xlsx,2026-09-30T19:14:30.613491+00:00,2026-09-29,,NO,0dfc5951c96b13f9290a708793e975d06fb65ce8aaa140dfd2030912e272d872
TH-ENRICH-TX-SENIOR-2026-09-30-IDR2,TX|HHSC|TX_DAHS_ISS_ONLY|111106,TX_DAHS_ISS_ONLY,111106,598,ACHIEVING DREAMS,DAHS-ISSONLY,YES,NO,SMITH,12465 FM 16W,LINDALE,TEXAS,75771,1de6e81addd37ea016be4c2cdbd50a08648f2348c694ef0e4d9eee0eee1bd381,https://apps.hhs.texas.gov/providers/directories/dahs_issonly.xlsx,2026-09-30T19:14:30.613491+00:00,2026-09-29,,NO,adc8a27b40bb06ddd4e3b14a86872f8e06289f50ec883ffc41dca918ebdab432
TH-ENRICH-TX-SENIOR-2026-09-30-IDR2,TX|HHSC|TX_DAHS_ISS_ONLY|110973,TX_DAHS_ISS_ONLY,110973,599,BEHAVIOR AND LANGUAGE TREATMENT CENTER LLC,DAHS-ISSONLY,YES,NO,SMITH,14623 FM 849,LINDALE,TX,75771,1de6e81addd37ea016be4c2cdbd50a08648f2348c694ef0e4d9eee0eee1bd381,https://apps.hhs.texas.gov/providers/directories/dahs_issonly.xlsx,2026-09-30T19:14:30.613491+00:00,2026-09-29,,NO,c708bf6c6dba926ea58336ec4ecf861ef9add4b694c0021aa87739a9a120209b
TH-ENRICH-TX-SENIOR-2026-09-30-IDR2,TX|HHSC|TX_DAHS_ISS_ONLY|111358,TX_DAHS_ISS_ONLY,111358,600,"CHAMPAGNE, INCORPORATED",DAHS-ISSONLY,YES,NO,SMITH,217 BLACKBERRY BLVD,LINDALE,TEXAS,75771,1de6e81addd37ea016be4c2cdbd50a08648f2348c694ef0e4d9eee0eee1bd381,https://apps.hhs.texas.gov/providers/directories/dahs_issonly.xlsx,2026-09-30T19:14:30.613491+00:00,2026-09-29,,NO,99965316b1f24807e31e7180488c6ff8238c9160878ca106136a5f2821bfb326
TH-ENRICH-TX-SENIOR-2026-09-30-IDR2,TX|HHSC|TX_DAHS_ISS_ONLY|111096,TX_DAHS_ISS_ONLY,111096,601,ACHIEVING DREAMS,DAHS-ISSONLY,YES,NO,SMITH,4202 S. BROADWAY AVE.,TYLER,TEXAS,75701,1de6e81addd37ea016be4c2cdbd50a08648f2348c694ef0e4d9eee0eee1bd381,https://apps.hhs.texas.gov/providers/directories/dahs_issonly.xlsx,2026-09-30T19:14:30.613491+00:00,2026-09-29,,NO,98688fc7706b0d5fb9ff16bb37b408070436adacaa83c102302fa3005b7d4ca0
TH-ENRICH-TX-SENIOR-2026-09-30-IDR2,TX|HHSC|TX_DAHS_ISS_ONLY|110828,TX_DAHS_ISS_ONLY,110828,602,ANDREWS CENTER,DAHS-ISSONLY,YES,NO,SMITH,13470 CHOCTAW DR.,TYLER,TX,75709,1de6e81addd37ea016be4c2cdbd50a08648f2348c694ef0e4d9eee0eee1bd381,https://apps.hhs.texas.gov/providers/directories/dahs_issonly.xlsx,2026-09-30T19:14:30.613491+00:00,2026-09-29,,NO,e6692a84a2790edcc52ec09df51b85a9c28433d12c9a39e1bd80d84b09610198
TH-ENRICH-TX-SENIOR-2026-09-30-IDR2,TX|HHSC|TX_DAHS_ISS_ONLY|110965,TX_DAHS_ISS_ONLY,110965,603,AZALEA ACADEMY FOR EXCEPTIONAL ADULTS,DAHS-ISSONLY,YES,NO,SMITH,230 W. RUSK ST.,TYLER,TX,75701,1de6e81addd37ea016be4c2cdbd50a08648f2348c694ef0e4d9eee0eee1bd381,https://apps.hhs.texas.gov/providers/directories/dahs_issonly.xlsx,2026-09-30T19:14:30.613491+00:00,2026-09-29,,NO,eaaa2866fdfc364b35c7c6e333cc893ec6ee0302d5f67969ec7965c277c48ba0
TH-ENRICH-TX-SENIOR-2026-09-30-IDR2,TX|HHSC|TX_DAHS_ISS_ONLY|111311,TX_DAHS_ISS_ONLY,111311,604,BRECKENRIDGE VILLAGE,DAHS-ISSONLY,YES,NO,SMITH,15062 CR 1145,TYLER,TEXAS,75704,1de6e81addd37ea016be4c2cdbd50a08648f2348c694ef0e4d9eee0eee1bd381,https://apps.hhs.texas.gov/providers/directories/dahs_issonly.xlsx,2026-09-30T19:14:30.613491+00:00,2026-09-29,,NO,195f0b6df42b118e9d83521f4c8719aa18304154cd75b01e7c06eb75787a7ed8
TH-ENRICH-TX-SENIOR-2026-09-30-IDR2,TX|HHSC|TX_DAHS_ISS_ONLY|111085,TX_DAHS_ISS_ONLY,111085,605,MARY NELL'S CLOSE TO HOME,DAHS-ISSONLY,YES,NO,SMITH,12878 HIGHWAY 155 SOUTH,TYLER,TEXAS,75703,1de6e81addd37ea016be4c2cdbd50a08648f2348c694ef0e4d9eee0eee1bd381,https://apps.hhs.texas.gov/providers/directories/dahs_issonly.xlsx,2026-09-30T19:14:30.613491+00:00,2026-09-29,,NO,33746f70d299f0bfa2ffa12302c9c6e6f603fc52ed46a2fd8a828db7b05b69b3
TH-ENRICH-TX-SENIOR-2026-09-30-IDR2,TX|HHSC|TX_DAHS_ISS_ONLY|111069,TX_DAHS_ISS_ONLY,111069,606,TYLER DAYHAB,DAHS-ISSONLY,YES,NO,SMITH,"2211 ROY ROAD_x000D_
SUITE A",TYLER,TEXAS,75703,1de6e81addd37ea016be4c2cdbd50a08648f2348c694ef0e4d9eee0eee1bd381,https://apps.hhs.texas.gov/providers/directories/dahs_issonly.xlsx,2026-09-30T19:14:30.613491+00:00,2026-09-29,,NO,9a9a6f1d9f5b9c9f9b71681e837b32e6ea365023353bf742442ba81860258372
TH-ENRICH-TX-SENIOR-2026-09-30-IDR2,TX|HHSC|TX_DAHS_ISS_ONLY|111421,TX_DAHS_ISS_ONLY,111421,607,BORDER REGION MHMR COMMUNITY CENTER,DAHS-ISSONLY,YES,NO,STARR,2751 PHARMACY ROAD,RIO GRANDE,TX,78582,1de6e81addd37ea016be4c2cdbd50a08648f2348c694ef0e4d9eee0eee1bd381,https://apps.hhs.texas.gov/providers/directories/dahs_issonly.xlsx,2026-09-30T19:14:30.613491+00:00,2026-09-29,,NO,e7ac10ec4aa54118975133c4e7eb48d739a00122a2368d244922dbab95c94ac0
TH-ENRICH-TX-SENIOR-2026-09-30-IDR2,TX|HHSC|TX_DAHS_ISS_ONLY|111274,TX_DAHS_ISS_ONLY,111274,608,MARIA'S RANCH DAY HAB,DAHS-ISSONLY,YES,NO,STEPHENS,9620 CR 137,RANGER,TEXAS,76470,1de6e81addd37ea016be4c2cdbd50a08648f2348c694ef0e4d9eee0eee1bd381,https://apps.hhs.texas.gov/providers/directories/dahs_issonly.xlsx,2026-09-30T19:14:30.613491+00:00,2026-09-29,,NO,154c224dc1a5506a93365cfd6d229c8cd64149b98847151c7efaa15c50c2912c
TH-ENRICH-TX-SENIOR-2026-09-30-IDR2,TX|HHSC|TX_DAHS_ISS_ONLY|111320,TX_DAHS_ISS_ONLY,111320,609,"A FAIR CHOICE, INC",DAHS-ISSONLY,YES,NO,TARRANT,1320 WEST PIONEER PARKWAY,ARLINGTON,TX,76013,1de6e81addd37ea016be4c2cdbd50a08648f2348c694ef0e4d9eee0eee1bd381,https://apps.hhs.texas.gov/providers/directories/dahs_issonly.xlsx,2026-09-30T19:14:30.613491+00:00,2026-09-29,,NO,1929ce710c3ec440cfd0e2462a9a211b93b49c3f1a05e59a0a7014057dd04735
TH-ENRICH-TX-SENIOR-2026-09-30-IDR2,TX|HHSC|TX_DAHS_ISS_ONLY|112069,TX_DAHS_ISS_ONLY,112069,610,"A FAMILY CHOICE CDS,LLC",DAHS-ISSONLY,YES,NO,TARRANT,2115 ELM POINT DR # 2133,ARLINGTON,TX,76010,1de6e81addd37ea016be4c2cdbd50a08648f2348c694ef0e4d9eee0eee1bd381,https://apps.hhs.texas.gov/providers/directories/dahs_issonly.xlsx,2026-09-30T19:14:30.613491+00:00,2026-09-29,,NO,96810c0bdfe01078156a84e7124e85a3652aaeba1de52dd063c4692b8a5890f6
TH-ENRICH-TX-SENIOR-2026-09-30-IDR2,TX|HHSC|TX_DAHS_ISS_ONLY|111556,TX_DAHS_ISS_ONLY,111556,611,BETTYES HEALTHCARE NETWORK INC,DAHS-ISSONLY,YES,NO,TARRANT,400 N. EAST STREET,ARLINGTON,TEXAS,76011,1de6e81addd37ea016be4c2cdbd50a08648f2348c694ef0e4d9eee0eee1bd381,https://apps.hhs.texas.gov/providers/directories/dahs_issonly.xlsx,2026-09-30T19:14:30.613491+00:00,2026-09-29,,NO,8edeb516132001e048a651387b97b6f97f9656be2ecf8b206461d6103bf12d47
TH-ENRICH-TX-SENIOR-2026-09-30-IDR2,TX|HHSC|TX_DAHS_ISS_ONLY|111077,TX_DAHS_ISS_ONLY,111077,612,CALAB CREATIVE ARTS CENTER CCAC,DAHS-ISSONLY,YES,NO,TARRANT,3005 MEDLIN DRIVE,ARLINGTON,TEXAS,76015,1de6e81addd37ea016be4c2cdbd50a08648f2348c694ef0e4d9eee0eee1bd381,https://apps.hhs.texas.gov/providers/directories/dahs_issonly.xlsx,2026-09-30T19:14:30.613491+00:00,2026-09-29,,NO,2ca0c89f8d0279a6d079e996db5f44ec7e3cf9ef5b37b1d93ddd4f7727446919
TH-ENRICH-TX-SENIOR-2026-09-30-IDR2,TX|HHSC|TX_DAHS_ISS_ONLY|111176,TX_DAHS_ISS_ONLY,111176,613,"GREEN OAKS EDUCATION AND SUPPORT, INC",DAHS-ISSONLY,YES,NO,TARRANT,500 HOUSTON STREET,ARLINGTON,TX,76011,1de6e81addd37ea016be4c2cdbd50a08648f2348c694ef0e4d9eee0eee1bd381,https://apps.hhs.texas.gov/providers/directories/dahs_issonly.xlsx,2026-09-30T19:14:30.613491+00:00,2026-09-29,,NO,31ef3459052b5071611235c20542ca0d65fd2377f8fdae5f09bdec732b52b86d
TH-ENRICH-TX-SENIOR-2026-09-30-IDR2,TX|HHSC|TX_DAHS_ISS_ONLY|111008,TX_DAHS_ISS_ONLY,111008,614,LITTLE SCHOOL ROAD DAYHAB,DAHS-ISSONLY,YES,NO,TARRANT,1129 N. LITTLE SCHOOL ROAD,ARLINGTON,TEXAS,76017,1de6e81addd37ea016be4c2cdbd50a08648f2348c694ef0e4d9eee0eee1bd381,https://apps.hhs.texas.gov/providers/directories/dahs_issonly.xlsx,2026-09-30T19:14:30.613491+00:00,2026-09-29,,NO,63c9caa81e0cd151ab54e44c2b04f83f6fb0e27894eaadac046492569f6cb99c
TH-ENRICH-TX-SENIOR-2026-09-30-IDR2,TX|HHSC|TX_DAHS_ISS_ONLY|110768,TX_DAHS_ISS_ONLY,110768,615,SPECIAL CONNEXION 1,DAHS-ISSONLY,YES,NO,TARRANT,1400B S COOPER,ARLINGTON,TX,76013,1de6e81addd37ea016be4c2cdbd50a08648f2348c694ef0e4d9eee0eee1bd381,https://apps.hhs.texas.gov/providers/directories/dahs_issonly.xlsx,2026-09-30T19:14:30.613491+00:00,2026-09-29,,NO,1c1f24ad5667b9b8308aedf679ce2c62406dc4fea11641d64c411306bd7851a1
TH-ENRICH-TX-SENIOR-2026-09-30-IDR2,TX|HHSC|TX_DAHS_ISS_ONLY|110760,TX_DAHS_ISS_ONLY,110760,616,SPECIAL CONNEXION 2,DAHS-ISSONLY,YES,NO,TARRANT,1800 W RANDOL MILL,ARLINGTON,TX,76012,1de6e81addd37ea016be4c2cdbd50a08648f2348c694ef0e4d9eee0eee1bd381,https://apps.hhs.texas.gov/providers/directories/dahs_issonly.xlsx,2026-09-30T19:14:30.613491+00:00,2026-09-29,,NO,230c3a00117b2e8b423a265c42144b84d8580949a92e78eaf63835717846cfbe
TH-ENRICH-TX-SENIOR-2026-09-30-IDR2,TX|HHSC|TX_DAHS_ISS_ONLY|110777,TX_DAHS_ISS_ONLY,110777,617,SPECIAL CONNEXION 3,DAHS-ISSONLY,YES,NO,TARRANT,101 E NORTH ST,ARLINGTON,TX,76011,1de6e81addd37ea016be4c2cdbd50a08648f2348c694ef0e4d9eee0eee1bd381,https://apps.hhs.texas.gov/providers/directories/dahs_issonly.xlsx,2026-09-30T19:14:30.613491+00:00,2026-09-29,,NO,cbf0ef5a6f5400833b112c8c791412cbc6c6aad1949193c516b1556608741917
TH-ENRICH-TX-SENIOR-2026-09-30-IDR2,TX|HHSC|TX_DAHS_ISS_ONLY|111347,TX_DAHS_ISS_ONLY,111347,618,SPECIAL CONNEXION 4,DAHS-ISSONLY,YES,NO,TARRANT,2045 SE GREEN OAKS BLVD,ARLINGTON,TX,76018,1de6e81addd37ea016be4c2cdbd50a08648f2348c694ef0e4d9eee0eee1bd381,https://apps.hhs.texas.gov/providers/directories/dahs_issonly.xlsx,2026-09-30T19:14:30.613491+00:00,2026-09-29,,NO,e9b4ebe2a738633036a1f45bc084eb254b978a91c47c162f24e61505a41776b1
TH-ENRICH-TX-SENIOR-2026-09-30-IDR2,TX|HHSC|TX_DAHS_ISS_ONLY|112031,TX_DAHS_ISS_ONLY,112031,619,SPECIAL CONNEXION 5,DAHS-ISSONLY,YES,NO,TARRANT,5450 MANSFIELD RD,ARLINGTON,TEXAS,76017,1de6e81addd37ea016be4c2cdbd50a08648f2348c694ef0e4d9eee0eee1bd381,https://apps.hhs.texas.gov/providers/directories/dahs_issonly.xlsx,2026-09-30T19:14:30.613491+00:00,2026-09-29,,NO,863ba6412da700b06233921317a7587359fe8caab9fe60c6c80ad8995a2d3d6b
TH-ENRICH-TX-SENIOR-2026-09-30-IDR2,TX|HHSC|TX_DAHS_ISS_ONLY|111892,TX_DAHS_ISS_ONLY,111892,620,TIFF & CO LLC,DAHS-ISSONLY,YES,NO,TARRANT,101 E. PARK ROW DR,ARLINGTON,TEXAS,76010,1de6e81addd37ea016be4c2cdbd50a08648f2348c694ef0e4d9eee0eee1bd381,https://apps.hhs.texas.gov/providers/directories/dahs_issonly.xlsx,2026-09-30T19:14:30.613491+00:00,2026-09-29,,NO,9e0eed3ca4317b7f21a5220f12cacde673fb06e8218e97d5cb1013d2f51cd43d
TH-ENRICH-TX-SENIOR-2026-09-30-IDR2,TX|HHSC|TX_DAHS_ISS_ONLY|111762,TX_DAHS_ISS_ONLY,111762,621,YOUNG HEARTS ADULT DAYCARE,DAHS-ISSONLY,YES,NO,TARRANT,710 SW GREEN OAKS BLVD SUITE 100,ARLINGTON,TX,76017,1de6e81addd37ea016be4c2cdbd50a08648f2348c694ef0e4d9eee0eee1bd381,https://apps.hhs.texas.gov/providers/directories/dahs_issonly.xlsx,2026-09-30T19:14:30.613491+00:00,2026-09-29,,NO,b6e7abe8bc20a3a3598c56df2277f3af2a22ed9f92dd803edaa04d4d6d14663a
TH-ENRICH-TX-SENIOR-2026-09-30-IDR2,TX|HHSC|TX_DAHS_ISS_ONLY|111393,TX_DAHS_ISS_ONLY,111393,622,"THE CLUBHOUSE FOR SPECIAL NEEDS, INC",DAHS-ISSONLY,YES,NO,TARRANT,2701 HARWOOD ROAD,BEDFORD,TEXAS,76021,1de6e81addd37ea016be4c2cdbd50a08648f2348c694ef0e4d9eee0eee1bd381,https://apps.hhs.texas.gov/providers/directories/dahs_issonly.xlsx,2026-09-30T19:14:30.613491+00:00,2026-09-29,,NO,87306b934df370ee7683b0155cc18512186452fcf726efb62889a522c9db489b
TH-ENRICH-TX-SENIOR-2026-09-30-IDR2,TX|HHSC|TX_DAHS_ISS_ONLY|110943,TX_DAHS_ISS_ONLY,110943,623,BOSTON DAYHAB,DAHS-ISSONLY,YES,NO,TARRANT,3451 BOSTON AVE,BENBROOK,TEXAS,76116,1de6e81addd37ea016be4c2cdbd50a08648f2348c694ef0e4d9eee0eee1bd381,https://apps.hhs.texas.gov/providers/directories/dahs_issonly.xlsx,2026-09-30T19:14:30.613491+00:00,2026-09-29,,NO,3bcaf1cbbe2020f8666b61f530f4eca0d25ec9a0e8ac61f529be5407bdc5c859
TH-ENRICH-TX-SENIOR-2026-09-30-IDR2,TX|HHSC|TX_DAHS_ISS_ONLY|111177,TX_DAHS_ISS_ONLY,111177,624,"MARY'S HOUSE, INC",DAHS-ISSONLY,YES,NO,TARRANT,2312 MICHIGAN COURT,DALWORTHINGTON GARDENS,TX,76016,1de6e81addd37ea016be4c2cdbd50a08648f2348c694ef0e4d9eee0eee1bd381,https://apps.hhs.texas.gov/providers/directories/dahs_issonly.xlsx,2026-09-30T19:14:30.613491+00:00,2026-09-29,,NO,b5daf01d439868cb8c939f8a844626c459f52f754dbac53ad45e1e1cd6e083b7
TH-ENRICH-TX-SENIOR-2026-09-30-IDR2,TX|HHSC|TX_DAHS_ISS_ONLY|112175,TX_DAHS_ISS_ONLY,112175,625,TOGETHER WE THRIVE ISS PROGRAM,DAHS-ISSONLY,YES,NO,TARRANT,"2104 ROOSEVELT DR, SUITE G",DALWORTHINGTON GARDENS,TX,76013,1de6e81addd37ea016be4c2cdbd50a08648f2348c694ef0e4d9eee0eee1bd381,https://apps.hhs.texas.gov/providers/directories/dahs_issonly.xlsx,2026-09-30T19:14:30.613491+00:00,2026-09-29,,NO,82a27081624dafb856cc19ab1a46fb2c05c930e769f4a4760ad8ba9d36c2fe61
TH-ENRICH-TX-SENIOR-2026-09-30-IDR2,TX|HHSC|TX_DAHS_ISS_ONLY|111303,TX_DAHS_ISS_ONLY,111303,626,VOLUNTEERS OF AMERICA TEXAS,DAHS-ISSONLY,YES,NO,TARRANT,300 MIDWAY DRIVE EAST,EULESS,TEXAS,76039,1de6e81addd37ea016be4c2cdbd50a08648f2348c694ef0e4d9eee0eee1bd381,https://apps.hhs.texas.gov/providers/directories/dahs_issonly.xlsx,2026-09-30T19:14:30.613491+00:00,2026-09-29,,NO,83e0dabdc5cafdfba22035e6c4c3f8f4c56487a125418864773c2fbb1e39f6a4
TH-ENRICH-TX-SENIOR-2026-09-30-IDR2,TX|HHSC|TX_DAHS_ISS_ONLY|111300,TX_DAHS_ISS_ONLY,111300,627,"ACCEPTING HANDS, LLC",DAHS-ISSONLY,YES,NO,TARRANT,4617 MARTIN ST.,FORT WORTH,TEXAS,76119,1de6e81addd37ea016be4c2cdbd50a08648f2348c694ef0e4d9eee0eee1bd381,https://apps.hhs.texas.gov/providers/directories/dahs_issonly.xlsx,2026-09-30T19:14:30.613491+00:00,2026-09-29,,NO,c798ac72444c025a63a87f8ff036f22302c9c31d8906eddb12c66b217751efab
TH-ENRICH-TX-SENIOR-2026-09-30-IDR2,TX|HHSC|TX_DAHS_ISS_ONLY|110920,TX_DAHS_ISS_ONLY,110920,628,AMPIFY,DAHS-ISSONLY,YES,NO,TARRANT,3005 WICHITA COURT,FORT WORTH,TX,76140,1de6e81addd37ea016be4c2cdbd50a08648f2348c694ef0e4d9eee0eee1bd381,https://apps.hhs.texas.gov/providers/directories/dahs_issonly.xlsx,2026-09-30T19:14:30.613491+00:00,2026-09-29,,NO,d9a991e694160abca7f5d2e91462d074aff5bb566722df1b65e87aea5ab2d866
TH-ENRICH-TX-SENIOR-2026-09-30-IDR2,TX|HHSC|TX_DAHS_ISS_ONLY|111330,TX_DAHS_ISS_ONLY,111330,629,ANNETTE'S COMFORT LIVING,DAHS-ISSONLY,YES,NO,TARRANT,"6800 MANHATTAN BLVD, BUILDING #4",FORT WORTH,TEXAS,76120,1de6e81addd37ea016be4c2cdbd50a08648f2348c694ef0e4d9eee0eee1bd381,https://apps.hhs.texas.gov/providers/directories/dahs_issonly.xlsx,2026-09-30T19:14:30.613491+00:00,2026-09-29,,NO,b9da0b06205b47803696ba5cb1d2f5162a950adccb21fd9fe437756edf2af080
TH-ENRICH-TX-SENIOR-2026-09-30-IDR2,TX|HHSC|TX_DAHS_ISS_ONLY|111798,TX_DAHS_ISS_ONLY,111798,630,"ANN'S SUNSHINE FAMILY SERVICES, LLC",DAHS-ISSONLY,YES,NO,TARRANT,4551 SOUTHWEST BLVD,FORT WORTH,TX,76116,1de6e81addd37ea016be4c2cdbd50a08648f2348c694ef0e4d9eee0eee1bd381,https://apps.hhs.texas.gov/providers/directories/dahs_issonly.xlsx,2026-09-30T19:14:30.613491+00:00,2026-09-29,,NO,1a3ecb9cbb45903df2a025955e508c58359b6c030cd3519931bff7cc3cc37375
TH-ENRICH-TX-SENIOR-2026-09-30-IDR2,TX|HHSC|TX_DAHS_ISS_ONLY|110889,TX_DAHS_ISS_ONLY,110889,631,BEHAVIORIST ON CALL,DAHS-ISSONLY,YES,NO,TARRANT,1170 COUNTRY CLUB LANE,FORT WORTH,TEXAS,76112,1de6e81addd37ea016be4c2cdbd50a08648f2348c694ef0e4d9eee0eee1bd381,https://apps.hhs.texas.gov/providers/directories/dahs_issonly.xlsx,2026-09-30T19:14:30.613491+00:00,2026-09-29,,NO,c64a439066f8cb59392fb013c6286eadc028837735ce5735b3f295a370801dce
TH-ENRICH-TX-SENIOR-2026-09-30-IDR2,TX|HHSC|TX_DAHS_ISS_ONLY|112153,TX_DAHS_ISS_ONLY,112153,632,DOLLIE'S ADULT DAY CENTER,DAHS-ISSONLY,YES,NO,TARRANT,6611 SOUTH CREEK DR,FORT WORTH,TX,76133,1de6e81addd37ea016be4c2cdbd50a08648f2348c694ef0e4d9eee0eee1bd381,https://apps.hhs.texas.gov/providers/directories/dahs_issonly.xlsx,2026-09-30T19:14:30.613491+00:00,2026-09-29,,NO,b84817f5797c76e09522415640e25958e8153b2ad0eaf3f436a7b99b693922d1
TH-ENRICH-TX-SENIOR-2026-09-30-IDR2,TX|HHSC|TX_DAHS_ISS_ONLY|111219,TX_DAHS_ISS_ONLY,111219,633,ELLIS WORKS LLC,DAHS-ISSONLY,YES,NO,TARRANT,420 TIERNEY RD,FORT WORTH,TEXAS,76112,1de6e81addd37ea016be4c2cdbd50a08648f2348c694ef0e4d9eee0eee1bd381,https://apps.hhs.texas.gov/providers/directories/dahs_issonly.xlsx,2026-09-30T19:14:30.613491+00:00,2026-09-29,,NO,8bc5ed4f9886376e522d148989db3e23212569e668914b6b4297b59d0930125f
TH-ENRICH-TX-SENIOR-2026-09-30-IDR2,TX|HHSC|TX_DAHS_ISS_ONLY|111391,TX_DAHS_ISS_ONLY,111391,634,EMPOWER ME CORPORATION,DAHS-ISSONLY,YES,NO,TARRANT,3116 E. ROSEDALE ST.,FORT WORTH,TEXAS,76105,1de6e81addd37ea016be4c2cdbd50a08648f2348c694ef0e4d9eee0eee1bd381,https://apps.hhs.texas.gov/providers/directories/dahs_issonly.xlsx,2026-09-30T19:14:30.613491+00:00,2026-09-29,,NO,8515e4a5a5f560a2aa67a02f63ad1525906085dbba6499e5b80329ad47e7c19b
TH-ENRICH-TX-SENIOR-2026-09-30-IDR2,TX|HHSC|TX_DAHS_ISS_ONLY|110843,TX_DAHS_ISS_ONLY,110843,635,FAMILY OF FAITH SERVICE PROVIDERS IMPACT LEARNING CENTER,DAHS-ISSONLY,YES,NO,TARRANT,6263 MCCART AVE STE 302,FORT WORTH,TEXAS,76133,1de6e81addd37ea016be4c2cdbd50a08648f2348c694ef0e4d9eee0eee1bd381,https://apps.hhs.texas.gov/providers/directories/dahs_issonly.xlsx,2026-09-30T19:14:30.613491+00:00,2026-09-29,,NO,98244be529ceb66c7028c8110def1a8e4aec0398b37afd8a9b0d6af22183b68e
TH-ENRICH-TX-SENIOR-2026-09-30-IDR2,TX|HHSC|TX_DAHS_ISS_ONLY|110891,TX_DAHS_ISS_ONLY,110891,636,FORT WORTH DAYHAB,DAHS-ISSONLY,YES,NO,TARRANT,7401 WEST CLEBURNE RD,FORT WORTH,TEXAS,76133,1de6e81addd37ea016be4c2cdbd50a08648f2348c694ef0e4d9eee0eee1bd381,https://apps.hhs.texas.gov/providers/directories/dahs_issonly.xlsx,2026-09-30T19:14:30.613491+00:00,2026-09-29,,NO,1d7ee092674b4eec5a2899c06ce35f6a405cad2a2005733ce46379f88dd536ef
TH-ENRICH-TX-SENIOR-2026-09-30-IDR2,TX|HHSC|TX_DAHS_ISS_ONLY|110980,TX_DAHS_ISS_ONLY,110980,637,GOODWILL NORTH CENTRAL TEXAS,DAHS-ISSONLY,YES,NO,TARRANT,4005 CAMPUS DR,FORT WORTH,TEXAS,76119,1de6e81addd37ea016be4c2cdbd50a08648f2348c694ef0e4d9eee0eee1bd381,https://apps.hhs.texas.gov/providers/directories/dahs_issonly.xlsx,2026-09-30T19:14:30.613491+00:00,2026-09-29,,NO,a22d68030e7599c1624bfe9b963f03843abb2036501258aa9d6ddd0e62a6b9ab
TH-ENRICH-TX-SENIOR-2026-09-30-IDR2,TX|HHSC|TX_DAHS_ISS_ONLY|110868,TX_DAHS_ISS_ONLY,110868,638,LWP SEVICES,DAHS-ISSONLY,YES,NO,TARRANT,4817 BRENTWOOD STAIR RD,FORT WORTH,TX,76103,1de6e81addd37ea016be4c2cdbd50a08648f2348c694ef0e4d9eee0eee1bd381,https://apps.hhs.texas.gov/providers/directories/dahs_issonly.xlsx,2026-09-30T19:14:30.613491+00:00,2026-09-29,,NO,87498b122df29a18a8c0939f192378c40b8f5004f791027a8baabfb337123c9c
TH-ENRICH-TX-SENIOR-2026-09-30-IDR2,TX|HHSC|TX_DAHS_ISS_ONLY|112002,TX_DAHS_ISS_ONLY,112002,639,MINDS N MOTION LLC,DAHS-ISSONLY,YES,NO,TARRANT,3613 FLEETWOOD DR,FORT WORTH,TEXAS,76123,1de6e81addd37ea016be4c2cdbd50a08648f2348c694ef0e4d9eee0eee1bd381,https://apps.hhs.texas.gov/providers/directories/dahs_issonly.xlsx,2026-09-30T19:14:30.613491+00:00,2026-09-29,,NO,a9bea893bbde5ddfe7529a013ca7332654b7c28de3cddb9a47bc2fbd26439956
TH-ENRICH-TX-SENIOR-2026-09-30-IDR2,TX|HHSC|TX_DAHS_ISS_ONLY|111409,TX_DAHS_ISS_ONLY,111409,640,NEWSTART HCS INC,DAHS-ISSONLY,YES,NO,TARRANT,6751 MCCART AVE.,FORT WORTH,TX,76133,1de6e81addd37ea016be4c2cdbd50a08648f2348c694ef0e4d9eee0eee1bd381,https://apps.hhs.texas.gov/providers/directories/dahs_issonly.xlsx,2026-09-30T19:14:30.613491+00:00,2026-09-29,,NO,a2a796c75a6df528fdc8c0711c307a9a57fd72eb33dddf9ce1055adbe154262c
TH-ENRICH-TX-SENIOR-2026-09-30-IDR2,TX|HHSC|TX_DAHS_ISS_ONLY|111975,TX_DAHS_ISS_ONLY,111975,641,NGOZI PLACE,DAHS-ISSONLY,YES,NO,TARRANT,5516 BRENTWOOD STAIR RD,FORT WORTH,TEXAS,76112,1de6e81addd37ea016be4c2cdbd50a08648f2348c694ef0e4d9eee0eee1bd381,https://apps.hhs.texas.gov/providers/directories/dahs_issonly.xlsx,2026-09-30T19:14:30.613491+00:00,2026-09-29,,NO,148521fe87230818525a1a787321bdf518985f3070d6ef6953e5905c27e1f0f1
TH-ENRICH-TX-SENIOR-2026-09-30-IDR2,TX|HHSC|TX_DAHS_ISS_ONLY|112182,TX_DAHS_ISS_ONLY,112182,642,OUR LOVING ABODE INC,DAHS-ISSONLY,YES,NO,TARRANT,9220 VINYARD LN,FORT WORTH,TX,76123,1de6e81addd37ea016be4c2cdbd50a08648f2348c694ef0e4d9eee0eee1bd381,https://apps.hhs.texas.gov/providers/directories/dahs_issonly.xlsx,2026-09-30T19:14:30.613491+00:00,2026-09-29,,NO,f9b5e81e68f4b1f6be5d110a80d322433cc30a12380fa4f4d52234171ad06e8a
TH-ENRICH-TX-SENIOR-2026-09-30-IDR2,TX|HHSC|TX_DAHS_ISS_ONLY|111025,TX_DAHS_ISS_ONLY,111025,643,QUALITY LIVING THROUGH CHOICES LLC,DAHS-ISSONLY,YES,NO,TARRANT,3126 SE LOOP 820,FORT WORTH,TX,76140,1de6e81addd37ea016be4c2cdbd50a08648f2348c694ef0e4d9eee0eee1bd381,https://apps.hhs.texas.gov/providers/directories/dahs_issonly.xlsx,2026-09-30T19:14:30.613491+00:00,2026-09-29,,NO,58128feb4215658ddd2ee4eae9b56064d529a86edd4a2a66a8e2c459ac1417df
TH-ENRICH-TX-SENIOR-2026-09-30-IDR2,TX|HHSC|TX_DAHS_ISS_ONLY|110898,TX_DAHS_ISS_ONLY,110898,644,"ROCK HOUSE SUPPORT SERVICES, INC",DAHS-ISSONLY,YES,NO,TARRANT,8701 MCCART AVENUE,FORT WORTH,TEXAS,76123,1de6e81addd37ea016be4c2cdbd50a08648f2348c694ef0e4d9eee0eee1bd381,https://apps.hhs.texas.gov/providers/directories/dahs_issonly.xlsx,2026-09-30T19:14:30.613491+00:00,2026-09-29,,NO,10547f4782d6baec06270123d5282286ad726b678457e4f7034be8795e20af84
TH-ENRICH-TX-SENIOR-2026-09-30-IDR2,TX|HHSC|TX_DAHS_ISS_ONLY|111455,TX_DAHS_ISS_ONLY,111455,645,SANDRA WHEELER,DAHS-ISSONLY,YES,NO,TARRANT,6103 NORTH RIDGE ROAD,FORT WORTH,TEXAS,76135,1de6e81addd37ea016be4c2cdbd50a08648f2348c694ef0e4d9eee0eee1bd381,https://apps.hhs.texas.gov/providers/directories/dahs_issonly.xlsx,2026-09-30T19:14:30.613491+00:00,2026-09-29,,NO,41c2dce1f3259ba1d683e155e49ea0a15d9beadf14d2972c15e338e4e85cec81
TH-ENRICH-TX-SENIOR-2026-09-30-IDR2,TX|HHSC|TX_DAHS_ISS_ONLY|111973,TX_DAHS_ISS_ONLY,111973,646,THE SOCIAL CENTER FOR DD AND ASD,DAHS-ISSONLY,YES,NO,TARRANT,875 MCPHERSON RD,FORT WORTH,TEXAS,76140,1de6e81addd37ea016be4c2cdbd50a08648f2348c694ef0e4d9eee0eee1bd381,https://apps.hhs.texas.gov/providers/directories/dahs_issonly.xlsx,2026-09-30T19:14:30.613491+00:00,2026-09-29,,NO,affd98a29700397725dee6eea5268558388d4a5b94eef07a599b99bcd4f92c0a
TH-ENRICH-TX-SENIOR-2026-09-30-IDR2,TX|HHSC|TX_DAHS_ISS_ONLY|111519,TX_DAHS_ISS_ONLY,111519,647,WEDGWOOD ACADEMY,DAHS-ISSONLY,YES,NO,TARRANT,4833 SELKIRK,FORT WORTH,TX,76109,1de6e81addd37ea016be4c2cdbd50a08648f2348c694ef0e4d9eee0eee1bd381,https://apps.hhs.texas.gov/providers/directories/dahs_issonly.xlsx,2026-09-30T19:14:30.613491+00:00,2026-09-29,,NO,4b454c20014f89c981830824768afb062a21c8c11b779f726b0a56208839c1b7
TH-ENRICH-TX-SENIOR-2026-09-30-IDR2,TX|HHSC|TX_DAHS_ISS_ONLY|110911,TX_DAHS_ISS_ONLY,110911,648,EVERGREEN LIFE SERVICES OF FT WORTH,DAHS-ISSONLY,YES,NO,TARRANT,3425 VICKERY BLVD,FT WORTH,TEXAS,76105,1de6e81addd37ea016be4c2cdbd50a08648f2348c694ef0e4d9eee0eee1bd381,https://apps.hhs.texas.gov/providers/directories/dahs_issonly.xlsx,2026-09-30T19:14:30.613491+00:00,2026-09-29,,NO,349bb39d47dd82839dac21483ba1743c4f5e87119913864f9dd1ad7de458d1a7
TH-ENRICH-TX-SENIOR-2026-09-30-IDR2,TX|HHSC|TX_DAHS_ISS_ONLY|111091,TX_DAHS_ISS_ONLY,111091,649,CALAB LEARNING CENTER CLC,DAHS-ISSONLY,YES,NO,TARRANT,1025 SANTERRE DRIVE,GRAND PRAIRIE,TEXAS,75050,1de6e81addd37ea016be4c2cdbd50a08648f2348c694ef0e4d9eee0eee1bd381,https://apps.hhs.texas.gov/providers/directories/dahs_issonly.xlsx,2026-09-30T19:14:30.613491+00:00,2026-09-29,,NO,bd0ccf337d0f41dc91e828964c1c851b2a2626d1bb36619ff42a108e13272848
TH-ENRICH-TX-SENIOR-2026-09-30-IDR2,TX|HHSC|TX_DAHS_ISS_ONLY|110912,TX_DAHS_ISS_ONLY,110912,650,GOODWILL STARS PROGRAM GRAPEVINE,DAHS-ISSONLY,YES,NO,TARRANT,880 MUSTANG DR,GRAPEVINE,TX,76051,1de6e81addd37ea016be4c2cdbd50a08648f2348c694ef0e4d9eee0eee1bd381,https://apps.hhs.texas.gov/providers/directories/dahs_issonly.xlsx,2026-09-30T19:14:30.613491+00:00,2026-09-29,,NO,7d0637a3bfdb7aa5eeb372025a851f5da4e17a376042bbc1d4f619bb42b8c6f9
TH-ENRICH-TX-SENIOR-2026-09-30-IDR2,TX|HHSC|TX_DAHS_ISS_ONLY|111258,TX_DAHS_ISS_ONLY,111258,651,HERITAGE DAY ACTIVITY CENTER LLC,DAHS-ISSONLY,YES,NO,TARRANT,412 W BEDFORD/EULESS RD,HURST,TEXAS,76053,1de6e81addd37ea016be4c2cdbd50a08648f2348c694ef0e4d9eee0eee1bd381,https://apps.hhs.texas.gov/providers/directories/dahs_issonly.xlsx,2026-09-30T19:14:30.613491+00:00,2026-09-29,,NO,63e4352a4fb2f249af3c7894423677fd2c46cb47d4c4416bad273c5c27a9f933
TH-ENRICH-TX-SENIOR-2026-09-30-IDR2,TX|HHSC|TX_DAHS_ISS_ONLY|112037,TX_DAHS_ISS_ONLY,112037,652,KIYAN DONALD,DAHS-ISSONLY,YES,NO,TARRANT,538 W HARWOOD RD.,HURST,TEXAS,76054,1de6e81addd37ea016be4c2cdbd50a08648f2348c694ef0e4d9eee0eee1bd381,https://apps.hhs.texas.gov/providers/directories/dahs_issonly.xlsx,2026-09-30T19:14:30.613491+00:00,2026-09-29,,NO,a723a15e129a3c844d02d68df359c9eed6d23e17e6ce629b80dbb4f48f71e0ef
TH-ENRICH-TX-SENIOR-2026-09-30-IDR2,TX|HHSC|TX_DAHS_ISS_ONLY|111286,TX_DAHS_ISS_ONLY,111286,653,HEATHER'S OLD SKOOL VILLAGE,DAHS-ISSONLY,YES,NO,TARRANT,6018 GRAHAM STREET,LAKE WORTH,TEXAS,76135,1de6e81addd37ea016be4c2cdbd50a08648f2348c694ef0e4d9eee0eee1bd381,https://apps.hhs.texas.gov/providers/directories/dahs_issonly.xlsx,2026-09-30T19:14:30.613491+00:00,2026-09-29,,NO,e9ec8c198e62e33c4fb0fa9da48b4c859b189191b8604e0c078d361e204b5afe
TH-ENRICH-TX-SENIOR-2026-09-30-IDR2,TX|HHSC|TX_DAHS_ISS_ONLY|111675,TX_DAHS_ISS_ONLY,111675,654,LE'DEHAB,DAHS-ISSONLY,YES,NO,TARRANT,725 US HWY 287 NORTH SUITE 509,MANSFIELD,TEXAS,76063,1de6e81addd37ea016be4c2cdbd50a08648f2348c694ef0e4d9eee0eee1bd381,https://apps.hhs.texas.gov/providers/directories/dahs_issonly.xlsx,2026-09-30T19:14:30.613491+00:00,2026-09-29,,NO,4e3c00df211b00efec52d181185b1c0d90efef8a7042464df2e8c33fb6beedb5
TH-ENRICH-TX-SENIOR-2026-09-30-IDR2,TX|HHSC|TX_DAHS_ISS_ONLY|112157,TX_DAHS_ISS_ONLY,112157,655,LIFEPOINT CONNEXION,DAHS-ISSONLY,YES,NO,TARRANT,580 PLEASANT RIDGE DR.,MANSFIELD,TEXAS,76063-7634,1de6e81addd37ea016be4c2cdbd50a08648f2348c694ef0e4d9eee0eee1bd381,https://apps.hhs.texas.gov/providers/directories/dahs_issonly.xlsx,2026-09-30T19:14:30.613491+00:00,2026-09-29,,NO,e846e5757f5ec31650f647d6d911d5c2c2b339c608674d40fcb35427f2d758d3
TH-ENRICH-TX-SENIOR-2026-09-30-IDR2,TX|HHSC|TX_DAHS_ISS_ONLY|111820,TX_DAHS_ISS_ONLY,111820,656,LOVE AND CARE COMPANIONS,DAHS-ISSONLY,YES,NO,TARRANT,4116 DALEY AVE,NORTH RICHLAND HILLS,TEXAS,76180,1de6e81addd37ea016be4c2cdbd50a08648f2348c694ef0e4d9eee0eee1bd381,https://apps.hhs.texas.gov/providers/directories/dahs_issonly.xlsx,2026-09-30T19:14:30.613491+00:00,2026-09-29,,NO,fa7bede5f54d26b6eb4f4a1b6017605d9b8726f66d08254c7db720e8e0a1cc8b
TH-ENRICH-TX-SENIOR-2026-09-30-IDR2,TX|HHSC|TX_DAHS_ISS_ONLY|111360,TX_DAHS_ISS_ONLY,111360,657,ANGEL'S N TRANSITION,DAHS-ISSONLY,YES,NO,TARRANT,2609 JACKSBORO HWY,RIVER OAKS,TX,76114,1de6e81addd37ea016be4c2cdbd50a08648f2348c694ef0e4d9eee0eee1bd381,https://apps.hhs.texas.gov/providers/directories/dahs_issonly.xlsx,2026-09-30T19:14:30.613491+00:00,2026-09-29,,NO,9d712ea5040cbdd4ea8ad5a8fea88dd7affefbcf2eb583257ef516fe9a39be99
TH-ENRICH-TX-SENIOR-2026-09-30-IDR2,TX|HHSC|TX_DAHS_ISS_ONLY|111012,TX_DAHS_ISS_ONLY,111012,658,CHAMPION SERVICES INC,DAHS-ISSONLY,YES,NO,TARRANT,"2050 GREENWOOD DRIVE, SUITE 100",SOUTHLAKE,TEXAS,76092,1de6e81addd37ea016be4c2cdbd50a08648f2348c694ef0e4d9eee0eee1bd381,https://apps.hhs.texas.gov/providers/directories/dahs_issonly.xlsx,2026-09-30T19:14:30.613491+00:00,2026-09-29,,NO,1c4a026e94142a0e15819ea20d973f4f7545f3fa9c626d224792d6c117933df6
TH-ENRICH-TX-SENIOR-2026-09-30-IDR2,TX|HHSC|TX_DAHS_ISS_ONLY|111023,TX_DAHS_ISS_ONLY,111023,659,ABILENE DAYHAB,DAHS-ISSONLY,YES,NO,TAYLOR,8228 US HWY 277 S,ABILENE,TEXAS,79606,1de6e81addd37ea016be4c2cdbd50a08648f2348c694ef0e4d9eee0eee1bd381,https://apps.hhs.texas.gov/providers/directories/dahs_issonly.xlsx,2026-09-30T19:14:30.613491+00:00,2026-09-29,,NO,95b6f1448898521145ced49489abc67bc79089c4f57197f62edfd996fe7eb429
TH-ENRICH-TX-SENIOR-2026-09-30-IDR2,TX|HHSC|TX_DAHS_ISS_ONLY|111575,TX_DAHS_ISS_ONLY,111575,660,ABILENE ONSITE ISS,DAHS-ISSONLY,YES,NO,TAYLOR,1128 RUSSWOOD DR.,ABILENE,TEXAS,79601,1de6e81addd37ea016be4c2cdbd50a08648f2348c694ef0e4d9eee0eee1bd381,https://apps.hhs.texas.gov/providers/directories/dahs_issonly.xlsx,2026-09-30T19:14:30.613491+00:00,2026-09-29,,NO,f231bd193190bf6886ba3fa7ccc102f0fa399aac3e0155f79027df990f8e1edd
TH-ENRICH-TX-SENIOR-2026-09-30-IDR2,TX|HHSC|TX_DAHS_ISS_ONLY|111186,TX_DAHS_ISS_ONLY,111186,661,BETTY HARDWICK CENTER,DAHS-ISSONLY,YES,NO,TAYLOR,2609 S SEVENTH ST,ABILENE,TX,79605,1de6e81addd37ea016be4c2cdbd50a08648f2348c694ef0e4d9eee0eee1bd381,https://apps.hhs.texas.gov/providers/directories/dahs_issonly.xlsx,2026-09-30T19:14:30.613491+00:00,2026-09-29,,NO,335953a3f7032099667a90f3b57e1f0f11133133b1fa20f7c12d33f054fb95be
TH-ENRICH-TX-SENIOR-2026-09-30-IDR2,TX|HHSC|TX_DAHS_ISS_ONLY|111572,TX_DAHS_ISS_ONLY,111572,662,DAYBREAK ABILENE DAYHAB,DAHS-ISSONLY,YES,NO,TAYLOR,400 N WILLIS ST.,ABILENE,TEXAS,79603,1de6e81addd37ea016be4c2cdbd50a08648f2348c694ef0e4d9eee0eee1bd381,https://apps.hhs.texas.gov/providers/directories/dahs_issonly.xlsx,2026-09-30T19:14:30.613491+00:00,2026-09-29,,NO,3e5f4cead8d5d2ddb2a2ce0acfff5213ecd78babf31775c8cd0a698539c84f0e
TH-ENRICH-TX-SENIOR-2026-09-30-IDR2,TX|HHSC|TX_DAHS_ISS_ONLY|111202,TX_DAHS_ISS_ONLY,111202,663,HILL RESOURCES INC,DAHS-ISSONLY,YES,NO,TAYLOR,234 CHESTNUT STREET,ABILENE,TEXAS,79602,1de6e81addd37ea016be4c2cdbd50a08648f2348c694ef0e4d9eee0eee1bd381,https://apps.hhs.texas.gov/providers/directories/dahs_issonly.xlsx,2026-09-30T19:14:30.613491+00:00,2026-09-29,,NO,f8543cc363388e811eb8a529c6aa583b0f50ed7d02afd23c95893edc6aa27a14
TH-ENRICH-TX-SENIOR-2026-09-30-IDR2,TX|HHSC|TX_DAHS_ISS_ONLY|111170,TX_DAHS_ISS_ONLY,111170,664,HILL RESOURCES INC,DAHS-ISSONLY,YES,NO,TAYLOR,1850 EAST LOWDEN ST,ABILENE,TEXAS,79601,1de6e81addd37ea016be4c2cdbd50a08648f2348c694ef0e4d9eee0eee1bd381,https://apps.hhs.texas.gov/providers/directories/dahs_issonly.xlsx,2026-09-30T19:14:30.613491+00:00,2026-09-29,,NO,594252bd4efd21d86e4c38c2122599e94e5e05cc0eb7af2ca445e97a4e66fc41
TH-ENRICH-TX-SENIOR-2026-09-30-IDR2,TX|HHSC|TX_DAHS_ISS_ONLY|110938,TX_DAHS_ISS_ONLY,110938,665,INTEGRATED COMMUNITY SERVICES,DAHS-ISSONLY,YES,NO,TAYLOR,2449 S TREADWAY BLVD.,ABILENE,TEXAS,79602,1de6e81addd37ea016be4c2cdbd50a08648f2348c694ef0e4d9eee0eee1bd381,https://apps.hhs.texas.gov/providers/directories/dahs_issonly.xlsx,2026-09-30T19:14:30.613491+00:00,2026-09-29,,NO,396f2c28f688c43f981b9e4c2e661547b154529118a91ca179095c4c7d53834e
TH-ENRICH-TX-SENIOR-2026-09-30-IDR2,TX|HHSC|TX_DAHS_ISS_ONLY|111100,TX_DAHS_ISS_ONLY,111100,666,THELMA LOUISE FRAZIER DBA ALPHA1 HCS,DAHS-ISSONLY,YES,NO,TITUS,1103 W 16TH ST,MOUNT PLEASANT,TEXAS,75455,1de6e81addd37ea016be4c2cdbd50a08648f2348c694ef0e4d9eee0eee1bd381,https://apps.hhs.texas.gov/providers/directories/dahs_issonly.xlsx,2026-09-30T19:14:30.613491+00:00,2026-09-29,,NO,5986fc73e81f7df03589215aeac4a6f675adc5432df8e90d5342e9e178288d71
TH-ENRICH-TX-SENIOR-2026-09-30-IDR2,TX|HHSC|TX_DAHS_ISS_ONLY|111243,TX_DAHS_ISS_ONLY,111243,667,VOCATIONAL OPPORTUNITIES CENTER OF NORTHEAST TEXAS,DAHS-ISSONLY,YES,NO,TITUS,3501 COUNTY ROAD 1200,MOUNT PLEASANT,TEXAS,75455,1de6e81addd37ea016be4c2cdbd50a08648f2348c694ef0e4d9eee0eee1bd381,https://apps.hhs.texas.gov/providers/directories/dahs_issonly.xlsx,2026-09-30T19:14:30.613491+00:00,2026-09-29,,NO,5c2627c8fb9b420db6ea38a5d7e4ea82907790bd5bf51bb4b3f6624c6588f13b
TH-ENRICH-TX-SENIOR-2026-09-30-IDR2,TX|HHSC|TX_DAHS_ISS_ONLY|110981,TX_DAHS_ISS_ONLY,110981,668,DAYBREAK ACTIVITY CENTER,DAHS-ISSONLY,YES,NO,TOM GREEN,3109 EXECUTIVE DRIVE,SAN ANGELO,TX,76904,1de6e81addd37ea016be4c2cdbd50a08648f2348c694ef0e4d9eee0eee1bd381,https://apps.hhs.texas.gov/providers/directories/dahs_issonly.xlsx,2026-09-30T19:14:30.613491+00:00,2026-09-29,,NO,b4111b0ee2423b04e25456c71374b3fafff202381489aaabd4c104f1bc659d31
TH-ENRICH-TX-SENIOR-2026-09-30-IDR2,TX|HHSC|TX_DAHS_ISS_ONLY|110961,TX_DAHS_ISS_ONLY,110961,669,EDUCARE COMMUNITY LIVING CORPORATION  TEXAS,DAHS-ISSONLY,YES,NO,TOM GREEN,3501 ARDEN ROAD,SAN ANGELO,TEXAS,76903,1de6e81addd37ea016be4c2cdbd50a08648f2348c694ef0e4d9eee0eee1bd381,https://apps.hhs.texas.gov/providers/directories/dahs_issonly.xlsx,2026-09-30T19:14:30.613491+00:00,2026-09-29,,NO,e7b416de61a63f3ed874b4caf1a54bad2372c7fc41875e04b175417c8f7fe35c
TH-ENRICH-TX-SENIOR-2026-09-30-IDR2,TX|HHSC|TX_DAHS_ISS_ONLY|111168,TX_DAHS_ISS_ONLY,111168,670,FRESH START OF SAN ANGELO,DAHS-ISSONLY,YES,NO,TOM GREEN,110  S TAYLOR ST,SAN ANGELO,TX,76901,1de6e81addd37ea016be4c2cdbd50a08648f2348c694ef0e4d9eee0eee1bd381,https://apps.hhs.texas.gov/providers/directories/dahs_issonly.xlsx,2026-09-30T19:14:30.613491+00:00,2026-09-29,,NO,736a89bb02b92766423a3b990d124e80e45b496dd45c652c6bce8a7789d2f61a
TH-ENRICH-TX-SENIOR-2026-09-30-IDR2,TX|HHSC|TX_DAHS_ISS_ONLY|110937,TX_DAHS_ISS_ONLY,110937,671,MHMR SERVICES FOR THE CONCHO VALLEY,DAHS-ISSONLY,YES,NO,TOM GREEN,1501 WEST BEAUREGAD AVE,SAN ANGELO,TEXAS,76901,1de6e81addd37ea016be4c2cdbd50a08648f2348c694ef0e4d9eee0eee1bd381,https://apps.hhs.texas.gov/providers/directories/dahs_issonly.xlsx,2026-09-30T19:14:30.613491+00:00,2026-09-29,,NO,3ce556c5d20be35b08a72923d6561b095054e9dc45cea55aa1ba0b6a1adca098
TH-ENRICH-TX-SENIOR-2026-09-30-IDR2,TX|HHSC|TX_DAHS_ISS_ONLY|110836,TX_DAHS_ISS_ONLY,110836,672,SAN ANGELO DAY HABILITATION,DAHS-ISSONLY,YES,NO,TOM GREEN,3745 S. JACKSON STREET STE B,SAN ANGELO,TEXAS,76904,1de6e81addd37ea016be4c2cdbd50a08648f2348c694ef0e4d9eee0eee1bd381,https://apps.hhs.texas.gov/providers/directories/dahs_issonly.xlsx,2026-09-30T19:14:30.613491+00:00,2026-09-29,,NO,cfff28ccce9ea2e348dcd3db3b38e7321e03110476dc98d6b0961d94eb0932bf
TH-ENRICH-TX-SENIOR-2026-09-30-IDR2,TX|HHSC|TX_DAHS_ISS_ONLY|111328,TX_DAHS_ISS_ONLY,111328,673,ADVENTURERS ACADEMY OF LIFELONG LEARNING,DAHS-ISSONLY,YES,NO,TRAVIS,1010 MEREDITH DR,AUSTIN,TX,78748,1de6e81addd37ea016be4c2cdbd50a08648f2348c694ef0e4d9eee0eee1bd381,https://apps.hhs.texas.gov/providers/directories/dahs_issonly.xlsx,2026-09-30T19:14:30.613491+00:00,2026-09-29,,NO,98f91d55189127afea98b4a5be6f7e10060d048c8a43a7b3108d4344da9d201b
TH-ENRICH-TX-SENIOR-2026-09-30-IDR2,TX|HHSC|TX_DAHS_ISS_ONLY|110879,TX_DAHS_ISS_ONLY,110879,674,AUSTIN VOCATIONAL SERVICES,DAHS-ISSONLY,YES,NO,TRAVIS,8906 WALL STREET SUITE 302,AUSTIN,TEXAS,78754,1de6e81addd37ea016be4c2cdbd50a08648f2348c694ef0e4d9eee0eee1bd381,https://apps.hhs.texas.gov/providers/directories/dahs_issonly.xlsx,2026-09-30T19:14:30.613491+00:00,2026-09-29,,NO,90bb82469471ceff0fa844d2eddfef6a1a553996e505ad28536c724fb0861dfb
TH-ENRICH-TX-SENIOR-2026-09-30-IDR2,TX|HHSC|TX_DAHS_ISS_ONLY|110770,TX_DAHS_ISS_ONLY,110770,675,BONATERRA INC,DAHS-ISSONLY,YES,NO,TRAVIS,608 RALPH ABLANEDO DR,AUSTIN,TEXAS,78748,1de6e81addd37ea016be4c2cdbd50a08648f2348c694ef0e4d9eee0eee1bd381,https://apps.hhs.texas.gov/providers/directories/dahs_issonly.xlsx,2026-09-30T19:14:30.613491+00:00,2026-09-29,,NO,d92ef305a2f8041741325c74973b9a4f820f0f5b38341efa645c9936e1a4e5da
TH-ENRICH-TX-SENIOR-2026-09-30-IDR2,TX|HHSC|TX_DAHS_ISS_ONLY|111856,TX_DAHS_ISS_ONLY,111856,676,BONATERRA INC,DAHS-ISSONLY,YES,NO,TRAVIS,"1320 E 51ST STREET, SUITE A",AUSTIN,TEXAS,78723,1de6e81addd37ea016be4c2cdbd50a08648f2348c694ef0e4d9eee0eee1bd381,https://apps.hhs.texas.gov/providers/directories/dahs_issonly.xlsx,2026-09-30T19:14:30.613491+00:00,2026-09-29,,NO,e2513b068308b3cfe2a38f697b41118f8eb87c1b0eb6e805e2fdc6dc2703812b
TH-ENRICH-TX-SENIOR-2026-09-30-IDR2,TX|HHSC|TX_DAHS_ISS_ONLY|110978,TX_DAHS_ISS_ONLY,110978,677,BONATERRA INC,DAHS-ISSONLY,YES,NO,TRAVIS,119 CUMBERLAND RD,AUSTIN,TEXAS,78704,1de6e81addd37ea016be4c2cdbd50a08648f2348c694ef0e4d9eee0eee1bd381,https://apps.hhs.texas.gov/providers/directories/dahs_issonly.xlsx,2026-09-30T19:14:30.613491+00:00,2026-09-29,,NO,78828e3d9680ceb1e7d2fbcccb34612f0ec783b4beb5573ea5f5a161e44ae22e
TH-ENRICH-TX-SENIOR-2026-09-30-IDR2,TX|HHSC|TX_DAHS_ISS_ONLY|111268,TX_DAHS_ISS_ONLY,111268,678,CATINA CROCHETT,DAHS-ISSONLY,YES,NO,TRAVIS,6504 GLEBE PATH,AUSTIN,TEXAS,78754,1de6e81addd37ea016be4c2cdbd50a08648f2348c694ef0e4d9eee0eee1bd381,https://apps.hhs.texas.gov/providers/directories/dahs_issonly.xlsx,2026-09-30T19:14:30.613491+00:00,2026-09-29,,NO,bd9d8c2d10bbf98d6268ca14aa6163ca6c27e19efdd70092319da0e95244d1e5
TH-ENRICH-TX-SENIOR-2026-09-30-IDR2,TX|HHSC|TX_DAHS_ISS_ONLY|111174,TX_DAHS_ISS_ONLY,111174,679,DAISYS DAY HAB INC,DAHS-ISSONLY,YES,NO,TRAVIS,11302 JUNE DR.,AUSTIN,TEXAS,78753,1de6e81addd37ea016be4c2cdbd50a08648f2348c694ef0e4d9eee0eee1bd381,https://apps.hhs.texas.gov/providers/directories/dahs_issonly.xlsx,2026-09-30T19:14:30.613491+00:00,2026-09-29,,NO,f9562351b008199be73a213ce25e039c5bea37460897fe7a65e52fde34cca326
TH-ENRICH-TX-SENIOR-2026-09-30-IDR2,TX|HHSC|TX_DAHS_ISS_ONLY|111068,TX_DAHS_ISS_ONLY,111068,680,EXCEPTIONAL EMPLOYMENT SERVICES,DAHS-ISSONLY,YES,NO,TRAVIS,2621 RIDGEPIONT DR #130,AUSTIN,TX,78754,1de6e81addd37ea016be4c2cdbd50a08648f2348c694ef0e4d9eee0eee1bd381,https://apps.hhs.texas.gov/providers/directories/dahs_issonly.xlsx,2026-09-30T19:14:30.613491+00:00,2026-09-29,,NO,cdd682ddf030e68057f56c5d9b3ccd6a77f913034f61852f5369ca03d5304354
TH-ENRICH-TX-SENIOR-2026-09-30-IDR2,TX|HHSC|TX_DAHS_ISS_ONLY|112149,TX_DAHS_ISS_ONLY,112149,681,GURKASH LLC,DAHS-ISSONLY,YES,NO,TRAVIS,2028 E. BEN WHITE BLVD. SUITE 115,AUSTIN,TX,78741,1de6e81addd37ea016be4c2cdbd50a08648f2348c694ef0e4d9eee0eee1bd381,https://apps.hhs.texas.gov/providers/directories/dahs_issonly.xlsx,2026-09-30T19:14:30.613491+00:00,2026-09-29,,NO,1e281e20adaff232e979099c160a0a95b16d062f5619f92e0c54471113f66366
TH-ENRICH-TX-SENIOR-2026-09-30-IDR2,TX|HHSC|TX_DAHS_ISS_ONLY|112049,TX_DAHS_ISS_ONLY,112049,682,HOLA DAYHAB LLC,DAHS-ISSONLY,YES,NO,TRAVIS,719 W WILLIAM CANNON DR. STE 112,AUSTIN,TEXAS,78745,1de6e81addd37ea016be4c2cdbd50a08648f2348c694ef0e4d9eee0eee1bd381,https://apps.hhs.texas.gov/providers/directories/dahs_issonly.xlsx,2026-09-30T19:14:30.613491+00:00,2026-09-29,,NO,192410078a0f0bb8c74d307c8554f103524eed7d63257802de765a5ebefa5802
TH-ENRICH-TX-SENIOR-2026-09-30-IDR2,TX|HHSC|TX_DAHS_ISS_ONLY|110957,TX_DAHS_ISS_ONLY,110957,683,IMAGINE ART,DAHS-ISSONLY,YES,NO,TRAVIS,1127 TILLERY STREET,AUSTIN,TEXAS,78702,1de6e81addd37ea016be4c2cdbd50a08648f2348c694ef0e4d9eee0eee1bd381,https://apps.hhs.texas.gov/providers/directories/dahs_issonly.xlsx,2026-09-30T19:14:30.613491+00:00,2026-09-29,,NO,d9b4023e3b673622fa3618a6eb75f8fddaa2ba4b1cde5ecbd0350003ef3d7317
TH-ENRICH-TX-SENIOR-2026-09-30-IDR2,TX|HHSC|TX_DAHS_ISS_ONLY|111067,TX_DAHS_ISS_ONLY,111067,684,INDEPENDENT IDENTITY,DAHS-ISSONLY,YES,NO,TRAVIS,7801 NORTH LAMAR BOULEVARD B168,AUSTIN,TEXAS,78752,1de6e81addd37ea016be4c2cdbd50a08648f2348c694ef0e4d9eee0eee1bd381,https://apps.hhs.texas.gov/providers/directories/dahs_issonly.xlsx,2026-09-30T19:14:30.613491+00:00,2026-09-29,,NO,17fe9bd1992c0dd804703ce08bb956b2572653673c9fec0b3701a1b7510c547f
TH-ENRICH-TX-SENIOR-2026-09-30-IDR2,TX|HHSC|TX_DAHS_ISS_ONLY|110999,TX_DAHS_ISS_ONLY,110999,685,INSPIRE SOUTH INC,DAHS-ISSONLY,YES,NO,TRAVIS,4400-B S. 1ST STREET,AUSTIN,TEXAS,78745,1de6e81addd37ea016be4c2cdbd50a08648f2348c694ef0e4d9eee0eee1bd381,https://apps.hhs.texas.gov/providers/directories/dahs_issonly.xlsx,2026-09-30T19:14:30.613491+00:00,2026-09-29,,NO,78b0d64f39e42b36bc9988361b588acd1f546a9d4462a86a8c7dc7ae1896c990
TH-ENRICH-TX-SENIOR-2026-09-30-IDR2,TX|HHSC|TX_DAHS_ISS_ONLY|111109,TX_DAHS_ISS_ONLY,111109,686,LANIQUES DAY HAB,DAHS-ISSONLY,YES,NO,TRAVIS,2013 WELLS BRANCH PKWY # 118,AUSTIN,TX,78728,1de6e81addd37ea016be4c2cdbd50a08648f2348c694ef0e4d9eee0eee1bd381,https://apps.hhs.texas.gov/providers/directories/dahs_issonly.xlsx,2026-09-30T19:14:30.613491+00:00,2026-09-29,,NO,203413fcf4daf467cdc7a7a48f76713ac46622f3953b4f9c5b0262492a4666ff
TH-ENRICH-TX-SENIOR-2026-09-30-IDR2,TX|HHSC|TX_DAHS_ISS_ONLY|111156,TX_DAHS_ISS_ONLY,111156,687,MARY LEE FOUNDATION DAYBREAK,DAHS-ISSONLY,YES,NO,TRAVIS,1327 LAMAR SQUARE DRIVE,AUSTIN,TX,78704,1de6e81addd37ea016be4c2cdbd50a08648f2348c694ef0e4d9eee0eee1bd381,https://apps.hhs.texas.gov/providers/directories/dahs_issonly.xlsx,2026-09-30T19:14:30.613491+00:00,2026-09-29,,NO,869e8466282db119665be1b26c52037365df2157d8382b479d7237d3b29093dd
TH-ENRICH-TX-SENIOR-2026-09-30-IDR2,TX|HHSC|TX_DAHS_ISS_ONLY|110800,TX_DAHS_ISS_ONLY,110800,688,"S&S EXTRAVAGANZA, LLC",DAHS-ISSONLY,YES,NO,TRAVIS,"11530 MANCHACA  RD, BDLG 6",AUSTIN,TEXAS,78748,1de6e81addd37ea016be4c2cdbd50a08648f2348c694ef0e4d9eee0eee1bd381,https://apps.hhs.texas.gov/providers/directories/dahs_issonly.xlsx,2026-09-30T19:14:30.613491+00:00,2026-09-29,,NO,8e4160accba72119b83e8ad8856b427aefcba1fb4006ba20c073bc63c6149573
TH-ENRICH-TX-SENIOR-2026-09-30-IDR2,TX|HHSC|TX_DAHS_ISS_ONLY|111648,TX_DAHS_ISS_ONLY,111648,689,THE ARC OF THE CAPITAL AREA  DOWNTOWN LOCATION,DAHS-ISSONLY,YES,NO,TRAVIS,7050 VILLAGE CENTER DR.,AUSTIN,TEXAS,78731,1de6e81addd37ea016be4c2cdbd50a08648f2348c694ef0e4d9eee0eee1bd381,https://apps.hhs.texas.gov/providers/directories/dahs_issonly.xlsx,2026-09-30T19:14:30.613491+00:00,2026-09-29,,NO,a2f8a0a9dbaf23d9eaaf87627f78906f9de5beac3d27f496e193474f6912251d
TH-ENRICH-TX-SENIOR-2026-09-30-IDR2,TX|HHSC|TX_DAHS_ISS_ONLY|112209,TX_DAHS_ISS_ONLY,112209,690,TOTAL FRIENDLY CARE INC,DAHS-ISSONLY,YES,NO,TRAVIS,"7500 W HIGHWAY 71, SUITE 106",AUSTIN,TX,78735,1de6e81addd37ea016be4c2cdbd50a08648f2348c694ef0e4d9eee0eee1bd381,https://apps.hhs.texas.gov/providers/directories/dahs_issonly.xlsx,2026-09-30T19:14:30.613491+00:00,2026-09-29,,NO,117d1cbfb315d0f2137fe7f56b0fcb7d3f69980159c1f01769f9274e2373cff4
TH-ENRICH-TX-SENIOR-2026-09-30-IDR2,TX|HHSC|TX_DAHS_ISS_ONLY|112007,TX_DAHS_ISS_ONLY,112007,691,A FAMILY OF NEW BEGINNINGS INC,DAHS-ISSONLY,YES,NO,TRAVIS,2911 SOUTH A W GRIMES BLVD STE 770,PFLUGERVILLE,TEXAS,78660,1de6e81addd37ea016be4c2cdbd50a08648f2348c694ef0e4d9eee0eee1bd381,https://apps.hhs.texas.gov/providers/directories/dahs_issonly.xlsx,2026-09-30T19:14:30.613491+00:00,2026-09-29,,NO,056f118580569def2fe0b782635a2f879013987a3af04ce046e8a5e9c31953f3
TH-ENRICH-TX-SENIOR-2026-09-30-IDR2,TX|HHSC|TX_DAHS_ISS_ONLY|110892,TX_DAHS_ISS_ONLY,110892,692,BLESSINGS FUNDAMENTAL DAY SERVICE,DAHS-ISSONLY,YES,NO,TRAVIS,1317 PICADILLY DRIVE SUITE A-105,PFLUGERVILLE,TEXAS,78660,1de6e81addd37ea016be4c2cdbd50a08648f2348c694ef0e4d9eee0eee1bd381,https://apps.hhs.texas.gov/providers/directories/dahs_issonly.xlsx,2026-09-30T19:14:30.613491+00:00,2026-09-29,,NO,c80759d2251d74c59edc138f0a6c6f9e5bc0dc8a1f347bedf95ef5276c1b2aca
TH-ENRICH-TX-SENIOR-2026-09-30-IDR2,TX|HHSC|TX_DAHS_ISS_ONLY|111503,TX_DAHS_ISS_ONLY,111503,693,BLESSINGS FUNDAMENTAL DAY SERVICE,DAHS-ISSONLY,YES,NO,TRAVIS,1226 FM 685,PFLUGERVILLE,TEXAS,78660,1de6e81addd37ea016be4c2cdbd50a08648f2348c694ef0e4d9eee0eee1bd381,https://apps.hhs.texas.gov/providers/directories/dahs_issonly.xlsx,2026-09-30T19:14:30.613491+00:00,2026-09-29,,NO,9f7ddcd58e43a66caad8efb2a301434e941830e84e0fbf04a2f390490992ad4a
TH-ENRICH-TX-SENIOR-2026-09-30-IDR2,TX|HHSC|TX_DAHS_ISS_ONLY|112219,TX_DAHS_ISS_ONLY,112219,694,BRIGHT FUTURES DAY CENTER LLC,DAHS-ISSONLY,YES,NO,TRAVIS,103 S 12TH STREET  #100,PFLUGERVILLE,TEXAS,78660,1de6e81addd37ea016be4c2cdbd50a08648f2348c694ef0e4d9eee0eee1bd381,https://apps.hhs.texas.gov/providers/directories/dahs_issonly.xlsx,2026-09-30T19:14:30.613491+00:00,2026-09-29,,NO,a8d9d0119bc40c1a4489badecd62dd5ea5e3599e855d8f6094dd38a6c4b3dffe
TH-ENRICH-TX-SENIOR-2026-09-30-IDR2,TX|HHSC|TX_DAHS_ISS_ONLY|112143,TX_DAHS_ISS_ONLY,112143,695,BUDA'S BRIGHTSIDE,DAHS-ISSONLY,YES,NO,TX,300 N SAN MARCOS STREET,BUDA,TX,78610,1de6e81addd37ea016be4c2cdbd50a08648f2348c694ef0e4d9eee0eee1bd381,https://apps.hhs.texas.gov/providers/directories/dahs_issonly.xlsx,2026-09-30T19:14:30.613491+00:00,2026-09-29,,NO,e8c7a2b91d37b37528b95ac2f43a00bdd189365e8f95b8e1f1976e8b2c4bcfba
TH-ENRICH-TX-SENIOR-2026-09-30-IDR2,TX|HHSC|TX_DAHS_ISS_ONLY|111605,TX_DAHS_ISS_ONLY,111605,696,"GWY DAYHAB, LLC",DAHS-ISSONLY,YES,NO,TX,219 E AVENUE D,KILLEEN,TX,76541,1de6e81addd37ea016be4c2cdbd50a08648f2348c694ef0e4d9eee0eee1bd381,https://apps.hhs.texas.gov/providers/directories/dahs_issonly.xlsx,2026-09-30T19:14:30.613491+00:00,2026-09-29,,NO,a3f755e0a0a37b6b0c84bf74c7e87e8003710b291a8cab11f038cbc2089df901
TH-ENRICH-TX-SENIOR-2026-09-30-IDR2,TX|HHSC|TX_DAHS_ISS_ONLY|111265,TX_DAHS_ISS_ONLY,111265,697,NEW HORIZONS DAY HABILITATION LLC,DAHS-ISSONLY,YES,NO,UPSHUR,220 BUFFALO ST.,GILMER,TX,75644,1de6e81addd37ea016be4c2cdbd50a08648f2348c694ef0e4d9eee0eee1bd381,https://apps.hhs.texas.gov/providers/directories/dahs_issonly.xlsx,2026-09-30T19:14:30.613491+00:00,2026-09-29,,NO,8cf782433c66cc25b7cb7901d6483110e4e35fef55286ba5617f24937a8f18e0
TH-ENRICH-TX-SENIOR-2026-09-30-IDR2,TX|HHSC|TX_DAHS_ISS_ONLY|111296,TX_DAHS_ISS_ONLY,111296,698,"FOREVER GROWING INSTITUTE, INC",DAHS-ISSONLY,YES,NO,UVALDE,324 CRYSTAL CITY HWY,UVALDE,TX,78801,1de6e81addd37ea016be4c2cdbd50a08648f2348c694ef0e4d9eee0eee1bd381,https://apps.hhs.texas.gov/providers/directories/dahs_issonly.xlsx,2026-09-30T19:14:30.613491+00:00,2026-09-29,,NO,e6c58278ad9e3ebd1c62bc5299379c9e4185ec66718e2befdb9646e840ce4bd3
TH-ENRICH-TX-SENIOR-2026-09-30-IDR2,TX|HHSC|TX_DAHS_ISS_ONLY|110744,TX_DAHS_ISS_ONLY,110744,699,LIFETIME LIVING AT UVALDE,DAHS-ISSONLY,YES,NO,UVALDE,4407 E US HWY 90,UVALDE,TEXAS,78801,1de6e81addd37ea016be4c2cdbd50a08648f2348c694ef0e4d9eee0eee1bd381,https://apps.hhs.texas.gov/providers/directories/dahs_issonly.xlsx,2026-09-30T19:14:30.613491+00:00,2026-09-29,,NO,a93d4ae0f373ab8791e656e9bb9497792d28d6b45b509c9d743f96e09062adf2
TH-ENRICH-TX-SENIOR-2026-09-30-IDR2,TX|HHSC|TX_DAHS_ISS_ONLY|111561,TX_DAHS_ISS_ONLY,111561,700,"FOREVER GROWING INSTITUTE, INC",DAHS-ISSONLY,YES,NO,VAL VERDE,1011 DR FERMIN CALRON BLVD.,DEL RIO,TEXAS,78840,1de6e81addd37ea016be4c2cdbd50a08648f2348c694ef0e4d9eee0eee1bd381,https://apps.hhs.texas.gov/providers/directories/dahs_issonly.xlsx,2026-09-30T19:14:30.613491+00:00,2026-09-29,,NO,71c0799b814bd6ba2b51589ccb8282b0a4ba551269132a16e04ced0c344e0cca
TH-ENRICH-TX-SENIOR-2026-09-30-IDR2,TX|HHSC|TX_DAHS_ISS_ONLY|111125,TX_DAHS_ISS_ONLY,111125,701,LIFE CHOICES UNLIMITED INC DEL RIO,DAHS-ISSONLY,YES,NO,VAL VERDE,1205 N BEDELL AVE,DEL RIO,TX,78840,1de6e81addd37ea016be4c2cdbd50a08648f2348c694ef0e4d9eee0eee1bd381,https://apps.hhs.texas.gov/providers/directories/dahs_issonly.xlsx,2026-09-30T19:14:30.613491+00:00,2026-09-29,,NO,ddd5a1952f9e59cedd931a538989d4c86e91cad446547184210b699a121fdd64
TH-ENRICH-TX-SENIOR-2026-09-30-IDR2,TX|HHSC|TX_DAHS_ISS_ONLY|111405,TX_DAHS_ISS_ONLY,111405,702,SPECIAL DAY ACTIVITY CENTER LLC,DAHS-ISSONLY,YES,NO,VAN ZANDT,375 WEST MAIN STREET,VAN,TEXAS,75790,1de6e81addd37ea016be4c2cdbd50a08648f2348c694ef0e4d9eee0eee1bd381,https://apps.hhs.texas.gov/providers/directories/dahs_issonly.xlsx,2026-09-30T19:14:30.613491+00:00,2026-09-29,,NO,21d11ffee958ca070506df40a783bbc4ff6ba686147175b035fed07372914a70
TH-ENRICH-TX-SENIOR-2026-09-30-IDR2,TX|HHSC|TX_DAHS_ISS_ONLY|111308,TX_DAHS_ISS_ONLY,111308,703,BRENDA'S BLESSINGS,DAHS-ISSONLY,YES,NO,VAN ZANDT,651 VAN ZANDT CR 2146,WILLS POINT,TEXAS,75169,1de6e81addd37ea016be4c2cdbd50a08648f2348c694ef0e4d9eee0eee1bd381,https://apps.hhs.texas.gov/providers/directories/dahs_issonly.xlsx,2026-09-30T19:14:30.613491+00:00,2026-09-29,,NO,b92c64fc9dd5c588f3728e17ff886ee5c93f23413ad22b94ecf34b19b0f2cc93
TH-ENRICH-TX-SENIOR-2026-09-30-IDR2,TX|HHSC|TX_DAHS_ISS_ONLY|111163,TX_DAHS_ISS_ONLY,111163,704,BELLTECH ENTERPRISES,DAHS-ISSONLY,YES,NO,VICTORIA,102 COZZI CIRCLE,VICTORIA,TEXAS,77901,1de6e81addd37ea016be4c2cdbd50a08648f2348c694ef0e4d9eee0eee1bd381,https://apps.hhs.texas.gov/providers/directories/dahs_issonly.xlsx,2026-09-30T19:14:30.613491+00:00,2026-09-29,,NO,1276db60b9aacf1a49c096b146b045e3b3ceebe7d3200868d6a19cca7c401934
TH-ENRICH-TX-SENIOR-2026-09-30-IDR2,TX|HHSC|TX_DAHS_ISS_ONLY|110923,TX_DAHS_ISS_ONLY,110923,705,VICTORIA DAYHAB,DAHS-ISSONLY,YES,NO,VICTORIA,103 NORTH STAR DRIVE,VICTORIA,TEXAS,77904,1de6e81addd37ea016be4c2cdbd50a08648f2348c694ef0e4d9eee0eee1bd381,https://apps.hhs.texas.gov/providers/directories/dahs_issonly.xlsx,2026-09-30T19:14:30.613491+00:00,2026-09-29,,NO,a5a1daa1da1f89a881bb79d9fc0eb9d1e87f2c68671c0c453a2bcb03a9f8d9ce
TH-ENRICH-TX-SENIOR-2026-09-30-IDR2,TX|HHSC|TX_DAHS_ISS_ONLY|111027,TX_DAHS_ISS_ONLY,111027,706,TRICOUNTY BEHAVIORAL HEALTHCARE HUNTSVILLE ISS,DAHS-ISSONLY,YES,NO,WALKER,7045 HIGHWAY 75 SOUTH,HUNTSVILLE,TEXAS,77340,1de6e81addd37ea016be4c2cdbd50a08648f2348c694ef0e4d9eee0eee1bd381,https://apps.hhs.texas.gov/providers/directories/dahs_issonly.xlsx,2026-09-30T19:14:30.613491+00:00,2026-09-29,,NO,27e70bb19ea4286be3dedf6d5bc8d89fd06bd13eb1948349ec7d0ef638b055bb
TH-ENRICH-TX-SENIOR-2026-09-30-IDR2,TX|HHSC|TX_DAHS_ISS_ONLY|111158,TX_DAHS_ISS_ONLY,111158,707,WARD COUNTY VOTECH CENTER,DAHS-ISSONLY,YES,NO,WARD,107 EAST K,MONAHANS,TEXAS,79756,1de6e81addd37ea016be4c2cdbd50a08648f2348c694ef0e4d9eee0eee1bd381,https://apps.hhs.texas.gov/providers/directories/dahs_issonly.xlsx,2026-09-30T19:14:30.613491+00:00,2026-09-29,,NO,eb8771a9b8d0ec93bd3ac2dadf3e306f22180e24090cfc2181e4aef62fceb295
TH-ENRICH-TX-SENIOR-2026-09-30-IDR2,TX|HHSC|TX_DAHS_ISS_ONLY|110886,TX_DAHS_ISS_ONLY,110886,708,BOUNTIFUL BLESSINGS DAY PROGRAM LLC,DAHS-ISSONLY,YES,NO,WASHINGTON,1004 BLUEBELL RD.,BRENHAM,TX,77833,1de6e81addd37ea016be4c2cdbd50a08648f2348c694ef0e4d9eee0eee1bd381,https://apps.hhs.texas.gov/providers/directories/dahs_issonly.xlsx,2026-09-30T19:14:30.613491+00:00,2026-09-29,,NO,2237162b5ee5a76461d64e806c6dbaa05932df74105baa758a1b4af9c14d4e6d
TH-ENRICH-TX-SENIOR-2026-09-30-IDR2,TX|HHSC|TX_DAHS_ISS_ONLY|110883,TX_DAHS_ISS_ONLY,110883,709,BRENHAM DAY HABILITATION,DAHS-ISSONLY,YES,NO,WASHINGTON,304 BLUE BELL ROAD,BRENHAM,TX,77833,1de6e81addd37ea016be4c2cdbd50a08648f2348c694ef0e4d9eee0eee1bd381,https://apps.hhs.texas.gov/providers/directories/dahs_issonly.xlsx,2026-09-30T19:14:30.613491+00:00,2026-09-29,,NO,dcdad9e24c3631c1276720db06cc046580f38e10afd57c2f09cdd73e3b5b31fb
TH-ENRICH-TX-SENIOR-2026-09-30-IDR2,TX|HHSC|TX_DAHS_ISS_ONLY|111412,TX_DAHS_ISS_ONLY,111412,710,EMBRACING ANGELS,DAHS-ISSONLY,YES,NO,WASHINGTON,8222 HWY 105,BRENHAM,TEXAS,77833,1de6e81addd37ea016be4c2cdbd50a08648f2348c694ef0e4d9eee0eee1bd381,https://apps.hhs.texas.gov/providers/directories/dahs_issonly.xlsx,2026-09-30T19:14:30.613491+00:00,2026-09-29,,NO,66a5a98d1f28616da875d074c01a575df96b36635c5cc60822f588b26d961885
TH-ENRICH-TX-SENIOR-2026-09-30-IDR2,TX|HHSC|TX_DAHS_ISS_ONLY|110834,TX_DAHS_ISS_ONLY,110834,711,"JOVIC HOMES, LLC",DAHS-ISSONLY,YES,NO,WASHINGTON,904 S AUSTIN STREET,BRENHAM,TX,77833,1de6e81addd37ea016be4c2cdbd50a08648f2348c694ef0e4d9eee0eee1bd381,https://apps.hhs.texas.gov/providers/directories/dahs_issonly.xlsx,2026-09-30T19:14:30.613491+00:00,2026-09-29,,NO,5bde0e901f789a20b005a87c23534c9dd5f2e4591841e04dc8ee549a6a930b13
TH-ENRICH-TX-SENIOR-2026-09-30-IDR2,TX|HHSC|TX_DAHS_ISS_ONLY|111249,TX_DAHS_ISS_ONLY,111249,712,LIFE CHOICES CENTER WASHINGTON,DAHS-ISSONLY,YES,NO,WASHINGTON,300 LOUNGE,BRENHAM,TEXAS,77833,1de6e81addd37ea016be4c2cdbd50a08648f2348c694ef0e4d9eee0eee1bd381,https://apps.hhs.texas.gov/providers/directories/dahs_issonly.xlsx,2026-09-30T19:14:30.613491+00:00,2026-09-29,,NO,1ccd1353b5007d48ccc003284dbafc4e66d75e952817369a34241adfc49a3704
TH-ENRICH-TX-SENIOR-2026-09-30-IDR2,TX|HHSC|TX_DAHS_ISS_ONLY|111419,TX_DAHS_ISS_ONLY,111419,713,BORDER REGION MHMR COMMUNITY CENTER,DAHS-ISSONLY,YES,NO,WEBB,1500 PAPPAS ST.,LAREDO,TX,78041,1de6e81addd37ea016be4c2cdbd50a08648f2348c694ef0e4d9eee0eee1bd381,https://apps.hhs.texas.gov/providers/directories/dahs_issonly.xlsx,2026-09-30T19:14:30.613491+00:00,2026-09-29,,NO,8ee3579e91c23ab6b956eb8eb29072306c82bb37a260c77ac1b1f3711143bd12
TH-ENRICH-TX-SENIOR-2026-09-30-IDR2,TX|HHSC|TX_DAHS_ISS_ONLY|111563,TX_DAHS_ISS_ONLY,111563,714,"FOREVER GROWING INSTITUTE, INC",DAHS-ISSONLY,YES,NO,WEBB,2387 SAUNDERS E. STE 1,LAREDO,TEXAS,78041,1de6e81addd37ea016be4c2cdbd50a08648f2348c694ef0e4d9eee0eee1bd381,https://apps.hhs.texas.gov/providers/directories/dahs_issonly.xlsx,2026-09-30T19:14:30.613491+00:00,2026-09-29,,NO,794e9284aa8e064761946c23000e50bfb420713c3172bc4c65e6024d5de92d52
TH-ENRICH-TX-SENIOR-2026-09-30-IDR2,TX|HHSC|TX_DAHS_ISS_ONLY|111520,TX_DAHS_ISS_ONLY,111520,715,"HAPPY FAMILIES, LLC",DAHS-ISSONLY,YES,NO,WEBB,220 W. HILLSIDE RD. STE 7,LAREDO,TEXAS,78041,1de6e81addd37ea016be4c2cdbd50a08648f2348c694ef0e4d9eee0eee1bd381,https://apps.hhs.texas.gov/providers/directories/dahs_issonly.xlsx,2026-09-30T19:14:30.613491+00:00,2026-09-29,,NO,0f9333ff583aaccb5fb18eefeb1219633c884656a2f8434b6aafe80d6e4b201b
TH-ENRICH-TX-SENIOR-2026-09-30-IDR2,TX|HHSC|TX_DAHS_ISS_ONLY|112032,TX_DAHS_ISS_ONLY,112032,716,"HAVEN LINK, LLC",DAHS-ISSONLY,YES,NO,WEBB,5411 MCPHERSON RD. SUITE 104,LAREDO,TEXAS,78041,1de6e81addd37ea016be4c2cdbd50a08648f2348c694ef0e4d9eee0eee1bd381,https://apps.hhs.texas.gov/providers/directories/dahs_issonly.xlsx,2026-09-30T19:14:30.613491+00:00,2026-09-29,,NO,0f1343ad48a3714f357ad279bce5185a16950f9e7bebbd08c7fd68f38b257e30
TH-ENRICH-TX-SENIOR-2026-09-30-IDR2,TX|HHSC|TX_DAHS_ISS_ONLY|111136,TX_DAHS_ISS_ONLY,111136,717,LIFE CHOICES UNLIMITED INC LAREDO,DAHS-ISSONLY,YES,NO,WEBB,1219 CORPUS CHRISTI ST,LAREDO,TX,78040,1de6e81addd37ea016be4c2cdbd50a08648f2348c694ef0e4d9eee0eee1bd381,https://apps.hhs.texas.gov/providers/directories/dahs_issonly.xlsx,2026-09-30T19:14:30.613491+00:00,2026-09-29,,NO,326d8d9730b343f93ccb2c081c9832feb7f06c100a2fc86a7bdec8df39db6f8e
TH-ENRICH-TX-SENIOR-2026-09-30-IDR2,TX|HHSC|TX_DAHS_ISS_ONLY|110849,TX_DAHS_ISS_ONLY,110849,718,ALL THE LITTLE THINGS COUNTRY,DAHS-ISSONLY,YES,NO,WHARTON,511 W. JACKSON STREET,EL CAMPO,TEXAS,77437,1de6e81addd37ea016be4c2cdbd50a08648f2348c694ef0e4d9eee0eee1bd381,https://apps.hhs.texas.gov/providers/directories/dahs_issonly.xlsx,2026-09-30T19:14:30.613491+00:00,2026-09-29,,NO,68f0ed1f0c1a59ff609f80ffec874aa5c58110df0f52698bfb2e6b7071b5bd09
TH-ENRICH-TX-SENIOR-2026-09-30-IDR2,TX|HHSC|TX_DAHS_ISS_ONLY|110710,TX_DAHS_ISS_ONLY,110710,719,1ABSOLUTE CARE HCS CORPORATION,DAHS-ISSONLY,YES,NO,WHARTON,1330 NORTH RICHMOND RD,WHARTON,TEXAS,77488,1de6e81addd37ea016be4c2cdbd50a08648f2348c694ef0e4d9eee0eee1bd381,https://apps.hhs.texas.gov/providers/directories/dahs_issonly.xlsx,2026-09-30T19:14:30.613491+00:00,2026-09-29,,NO,fcfb6ad75a90b763d7f10c3ac4957572e8612b673e6fa1d7f84c3ac1abc1f38b
TH-ENRICH-TX-SENIOR-2026-09-30-IDR2,TX|HHSC|TX_DAHS_ISS_ONLY|111961,TX_DAHS_ISS_ONLY,111961,720,C & A TRAINING CENTER LLC,DAHS-ISSONLY,YES,NO,WHARTON,1017 1/2 N ALABAMA RD,WHARTON,TEXAS,77488,1de6e81addd37ea016be4c2cdbd50a08648f2348c694ef0e4d9eee0eee1bd381,https://apps.hhs.texas.gov/providers/directories/dahs_issonly.xlsx,2026-09-30T19:14:30.613491+00:00,2026-09-29,,NO,1186343e3b4e179c30da1584a136ed984ede866d20d6fa428433dcf09fec57db
TH-ENRICH-TX-SENIOR-2026-09-30-IDR2,TX|HHSC|TX_DAHS_ISS_ONLY|111978,TX_DAHS_ISS_ONLY,111978,721,ANCHORED IN HOPE DAY CENTER LLC,DAHS-ISSONLY,YES,NO,WICHITA,2101 GRANT STREET SUITE 3,WICHITA FALLS,TX,76309,1de6e81addd37ea016be4c2cdbd50a08648f2348c694ef0e4d9eee0eee1bd381,https://apps.hhs.texas.gov/providers/directories/dahs_issonly.xlsx,2026-09-30T19:14:30.613491+00:00,2026-09-29,,NO,f455556d09ffa90ea522d4a2921e5940f006ed62ba492776fe5e3b065e0f2ce4
TH-ENRICH-TX-SENIOR-2026-09-30-IDR2,TX|HHSC|TX_DAHS_ISS_ONLY|111005,TX_DAHS_ISS_ONLY,111005,722,"THE ARC OF WICHITA COUNTY, INC",DAHS-ISSONLY,YES,NO,WICHITA,3307 BUCHANAN,WICHITA FALLS,TEXAS,76308,1de6e81addd37ea016be4c2cdbd50a08648f2348c694ef0e4d9eee0eee1bd381,https://apps.hhs.texas.gov/providers/directories/dahs_issonly.xlsx,2026-09-30T19:14:30.613491+00:00,2026-09-29,,NO,5fea94348a4eff8a0e793494f50f3dfa895c672f4adc04fee4df568e52c3abe9
TH-ENRICH-TX-SENIOR-2026-09-30-IDR2,TX|HHSC|TX_DAHS_ISS_ONLY|112148,TX_DAHS_ISS_ONLY,112148,723,"THE ARC OF WICHITA COUNTY, INC",DAHS-ISSONLY,YES,NO,WICHITA,3124 GRANT ST.,WICHITA FALLS,TEXAS,76308,1de6e81addd37ea016be4c2cdbd50a08648f2348c694ef0e4d9eee0eee1bd381,https://apps.hhs.texas.gov/providers/directories/dahs_issonly.xlsx,2026-09-30T19:14:30.613491+00:00,2026-09-29,,NO,d94c05cd9d5e456d3c2a6fcd806ea421d3497dfd817cfebd39015f1cf8f54695
TH-ENRICH-TX-SENIOR-2026-09-30-IDR2,TX|HHSC|TX_DAHS_ISS_ONLY|110944,TX_DAHS_ISS_ONLY,110944,724,WICHITA FALLS DAYHAB,DAHS-ISSONLY,YES,NO,WICHITA,1601 BLUFF STREET,WICHITA FALLS,TEXAS,76310,1de6e81addd37ea016be4c2cdbd50a08648f2348c694ef0e4d9eee0eee1bd381,https://apps.hhs.texas.gov/providers/directories/dahs_issonly.xlsx,2026-09-30T19:14:30.613491+00:00,2026-09-29,,NO,2c2c646155e172c4d0baeb67a55cbae08ecd7c73985a01f63d65f2312523353e
TH-ENRICH-TX-SENIOR-2026-09-30-IDR2,TX|HHSC|TX_DAHS_ISS_ONLY|110985,TX_DAHS_ISS_ONLY,110985,725,WICHITA FALLS LYDIA DAY HABILITATION,DAHS-ISSONLY,YES,NO,WICHITA,2909 LYDIA DRIVE,WICHITA FALLS,TX,76308,1de6e81addd37ea016be4c2cdbd50a08648f2348c694ef0e4d9eee0eee1bd381,https://apps.hhs.texas.gov/providers/directories/dahs_issonly.xlsx,2026-09-30T19:14:30.613491+00:00,2026-09-29,,NO,b6211690d20d9291138ddd2d6ce29c91f267ac552241a56b38fb8dacf85a6281
TH-ENRICH-TX-SENIOR-2026-09-30-IDR2,TX|HHSC|TX_DAHS_ISS_ONLY|111427,TX_DAHS_ISS_ONLY,111427,726,JOHN 13 COMMUNITY,DAHS-ISSONLY,YES,NO,WILLIAMSON,8700 WEISER DRIVE,AUSTIN,TX,78729,1de6e81addd37ea016be4c2cdbd50a08648f2348c694ef0e4d9eee0eee1bd381,https://apps.hhs.texas.gov/providers/directories/dahs_issonly.xlsx,2026-09-30T19:14:30.613491+00:00,2026-09-29,,NO,a1b4ba06c44d0781ea93a8fc06d42527feb47550483c2e5544fce1988b8efcfe
TH-ENRICH-TX-SENIOR-2026-09-30-IDR2,TX|HHSC|TX_DAHS_ISS_ONLY|112142,TX_DAHS_ISS_ONLY,112142,727,THE SENSORY CLUB AUSTIN,DAHS-ISSONLY,YES,NO,WILLIAMSON,11066 PECAN PARK BLVD #417,CEDAR PARK,TEXAS,78613,1de6e81addd37ea016be4c2cdbd50a08648f2348c694ef0e4d9eee0eee1bd381,https://apps.hhs.texas.gov/providers/directories/dahs_issonly.xlsx,2026-09-30T19:14:30.613491+00:00,2026-09-29,,NO,53eb050c664bc53bc0505348759b6264b7c8f87088533bded8fc5e3e37ab27c4
TH-ENRICH-TX-SENIOR-2026-09-30-IDR2,TX|HHSC|TX_DAHS_ISS_ONLY|111725,TX_DAHS_ISS_ONLY,111725,728,"GRACE ANCHOR, LLC",DAHS-ISSONLY,YES,NO,WILLIAMSON,101 EASTVIEW DR,GEORGETOWN,TX,78626,1de6e81addd37ea016be4c2cdbd50a08648f2348c694ef0e4d9eee0eee1bd381,https://apps.hhs.texas.gov/providers/directories/dahs_issonly.xlsx,2026-09-30T19:14:30.613491+00:00,2026-09-29,,NO,8820d7c815af84715bf12f90a67d895f058f79237d2710f1c06cc53c53e1055d
TH-ENRICH-TX-SENIOR-2026-09-30-IDR2,TX|HHSC|TX_DAHS_ISS_ONLY|110955,TX_DAHS_ISS_ONLY,110955,729,ROCK HOUSE SUPPORT SERVICES,DAHS-ISSONLY,YES,NO,WILLIAMSON,6920 RANCH ROAD 2338,GEORGETOWN,TEXAS,78633,1de6e81addd37ea016be4c2cdbd50a08648f2348c694ef0e4d9eee0eee1bd381,https://apps.hhs.texas.gov/providers/directories/dahs_issonly.xlsx,2026-09-30T19:14:30.613491+00:00,2026-09-29,,NO,7ab44c34dd102d8c70a4bb104c0197e3f81f3ce7313424b408a218b0c36a47ff
TH-ENRICH-TX-SENIOR-2026-09-30-IDR2,TX|HHSC|TX_DAHS_ISS_ONLY|111380,TX_DAHS_ISS_ONLY,111380,730,NUDAY ACTIVITY CENTER LLC,DAHS-ISSONLY,YES,NO,WILLIAMSON,108 W AUSTIN AVE,HUTTO,TEXAS,78634,1de6e81addd37ea016be4c2cdbd50a08648f2348c694ef0e4d9eee0eee1bd381,https://apps.hhs.texas.gov/providers/directories/dahs_issonly.xlsx,2026-09-30T19:14:30.613491+00:00,2026-09-29,,NO,d52041629a31f825aa5a90a8e9149e711a847349b6779501e6a93980df119b62
TH-ENRICH-TX-SENIOR-2026-09-30-IDR2,TX|HHSC|TX_DAHS_ISS_ONLY|111041,TX_DAHS_ISS_ONLY,111041,731,THE ARC OF THE CAPITAL AREA  HUTTO CAMPUS,DAHS-ISSONLY,YES,NO,WILLIAMSON,502 CHURCH STREET,HUTTO,TEXAS,78634,1de6e81addd37ea016be4c2cdbd50a08648f2348c694ef0e4d9eee0eee1bd381,https://apps.hhs.texas.gov/providers/directories/dahs_issonly.xlsx,2026-09-30T19:14:30.613491+00:00,2026-09-29,,NO,9a5dfde4d6052287400cea9b08e1567f7542faec8084a6d4c12deceaaf572af2
TH-ENRICH-TX-SENIOR-2026-09-30-IDR2,TX|HHSC|TX_DAHS_ISS_ONLY|111817,TX_DAHS_ISS_ONLY,111817,732,THE ARC OF THE CAPITAL AREA,DAHS-ISSONLY,YES,NO,WILLIAMSON,1195 SONNY DRIVE,LEANDER,TEXAS,78641,1de6e81addd37ea016be4c2cdbd50a08648f2348c694ef0e4d9eee0eee1bd381,https://apps.hhs.texas.gov/providers/directories/dahs_issonly.xlsx,2026-09-30T19:14:30.613491+00:00,2026-09-29,,NO,fe6fdc9e8de5c3cd0c9b546c0c8239b33a3432df03909178e0ec57c0b6531e06
TH-ENRICH-TX-SENIOR-2026-09-30-IDR2,TX|HHSC|TX_DAHS_ISS_ONLY|110916,TX_DAHS_ISS_ONLY,110916,733,THE ABILITY CENTER,DAHS-ISSONLY,YES,NO,WILLIAMSON,3407 HIGHWAY 1869,LIBERTY HILL,TEXAS,78642,1de6e81addd37ea016be4c2cdbd50a08648f2348c694ef0e4d9eee0eee1bd381,https://apps.hhs.texas.gov/providers/directories/dahs_issonly.xlsx,2026-09-30T19:14:30.613491+00:00,2026-09-29,,NO,61222ece9cb6f96a919e8ba1fc242fefd756d6fdb58b5140f08c5ee7836433cc
TH-ENRICH-TX-SENIOR-2026-09-30-IDR2,TX|HHSC|TX_DAHS_ISS_ONLY|111897,TX_DAHS_ISS_ONLY,111897,734,ANGEL HEART DAYHAB,DAHS-ISSONLY,YES,NO,WILLIAMSON,1050 MEADOWS DRIVE # 307,ROUND ROCK,TX,78681,1de6e81addd37ea016be4c2cdbd50a08648f2348c694ef0e4d9eee0eee1bd381,https://apps.hhs.texas.gov/providers/directories/dahs_issonly.xlsx,2026-09-30T19:14:30.613491+00:00,2026-09-29,,NO,4c0c3481519f3b245bcd957d6889910dfb47db5d7ebe38513808cf112b28e15a
TH-ENRICH-TX-SENIOR-2026-09-30-IDR2,TX|HHSC|TX_DAHS_ISS_ONLY|111816,TX_DAHS_ISS_ONLY,111816,735,AUSOME BUDDIES OF AUSTINISH,DAHS-ISSONLY,YES,NO,WILLIAMSON,1503 BALSAM WAY,ROUND ROCK,TX,78665,1de6e81addd37ea016be4c2cdbd50a08648f2348c694ef0e4d9eee0eee1bd381,https://apps.hhs.texas.gov/providers/directories/dahs_issonly.xlsx,2026-09-30T19:14:30.613491+00:00,2026-09-29,,NO,5894c595fa6dc81ffd17f83bbc1004a5f1a327448f88323d84509105963de3d0
TH-ENRICH-TX-SENIOR-2026-09-30-IDR2,TX|HHSC|TX_DAHS_ISS_ONLY|112126,TX_DAHS_ISS_ONLY,112126,736,BONATERRA INC,DAHS-ISSONLY,YES,NO,WILLIAMSON,1201 SAM BASS RD,ROUND ROCK,TEXAS,78681,1de6e81addd37ea016be4c2cdbd50a08648f2348c694ef0e4d9eee0eee1bd381,https://apps.hhs.texas.gov/providers/directories/dahs_issonly.xlsx,2026-09-30T19:14:30.613491+00:00,2026-09-29,,NO,a31b8a6e301dfabf38ea4f7b584a194f57dcbdc2a6034723f08c11c59f1c78fe
TH-ENRICH-TX-SENIOR-2026-09-30-IDR2,TX|HHSC|TX_DAHS_ISS_ONLY|111073,TX_DAHS_ISS_ONLY,111073,737,CAPITAL DAY HAB,DAHS-ISSONLY,YES,NO,WILLIAMSON,1601 SOUTH IH- 35 SUITE 370,ROUND ROCK,TEXAS,78664,1de6e81addd37ea016be4c2cdbd50a08648f2348c694ef0e4d9eee0eee1bd381,https://apps.hhs.texas.gov/providers/directories/dahs_issonly.xlsx,2026-09-30T19:14:30.613491+00:00,2026-09-29,,NO,cf10aacd3a74e3b2b3a50613cfac87cf18bae0942273fa73c2ee04cb81dbb37e
TH-ENRICH-TX-SENIOR-2026-09-30-IDR2,TX|HHSC|TX_DAHS_ISS_ONLY|111696,TX_DAHS_ISS_ONLY,111696,738,PIONEER DAY HAB LLC,DAHS-ISSONLY,YES,NO,WILLIAMSON,2200 N AW GRIMES BLDG. 700,ROUND ROCK,TEXAS,78665,1de6e81addd37ea016be4c2cdbd50a08648f2348c694ef0e4d9eee0eee1bd381,https://apps.hhs.texas.gov/providers/directories/dahs_issonly.xlsx,2026-09-30T19:14:30.613491+00:00,2026-09-29,,NO,d479f473e0fe2768aa6cf2eaaa5e80a744b1a35dc305a899e7741484247bd58f
TH-ENRICH-TX-SENIOR-2026-09-30-IDR2,TX|HHSC|TX_DAHS_ISS_ONLY|111968,TX_DAHS_ISS_ONLY,111968,739,ROAD TOWARDS SUCCESS,DAHS-ISSONLY,YES,NO,WILLIAMSON,2030 NORTH CO ROAD 122,ROUND ROCK,TEXAS,78665,1de6e81addd37ea016be4c2cdbd50a08648f2348c694ef0e4d9eee0eee1bd381,https://apps.hhs.texas.gov/providers/directories/dahs_issonly.xlsx,2026-09-30T19:14:30.613491+00:00,2026-09-29,,NO,ee220afa2394e94cc8b1a56a9ff233f5d5cd7d32b2f534b841dd51388631e411
TH-ENRICH-TX-SENIOR-2026-09-30-IDR2,TX|HHSC|TX_DAHS_ISS_ONLY|111240,TX_DAHS_ISS_ONLY,111240,740,ROAD TOWARDS SUCCESS,DAHS-ISSONLY,YES,NO,WILLIAMSON,1100 GATTIS SCCHOOL RD SUITE 240,ROUND ROCK,TEXAS,78664,1de6e81addd37ea016be4c2cdbd50a08648f2348c694ef0e4d9eee0eee1bd381,https://apps.hhs.texas.gov/providers/directories/dahs_issonly.xlsx,2026-09-30T19:14:30.613491+00:00,2026-09-29,,NO,b8e5b510a6d7b822a885bfa65409a1d83dd141906d0e1ed7f3b23e17d92244b5
TH-ENRICH-TX-SENIOR-2026-09-30-IDR2,TX|HHSC|TX_DAHS_ISS_ONLY|111478,TX_DAHS_ISS_ONLY,111478,741,THE SOCIAL CARE OF LIFE,DAHS-ISSONLY,YES,NO,WILLIAMSON,2261 GATTIS SCHOOL RD,ROUND ROCK,TEXAS,78664,1de6e81addd37ea016be4c2cdbd50a08648f2348c694ef0e4d9eee0eee1bd381,https://apps.hhs.texas.gov/providers/directories/dahs_issonly.xlsx,2026-09-30T19:14:30.613491+00:00,2026-09-29,,NO,690504c6ec31b6de849a6dd25f5ad21d275a8027c8b4fe508cd5309865f82c7d
TH-ENRICH-TX-SENIOR-2026-09-30-IDR2,TX|HHSC|TX_DAHS_ISS_ONLY|111103,TX_DAHS_ISS_ONLY,111103,742,CAMINO REAL COMMUNITY SERVICES,DAHS-ISSONLY,YES,NO,WILSON,1323 3RD STREET,FLORESVILLE,TEXAS,78114,1de6e81addd37ea016be4c2cdbd50a08648f2348c694ef0e4d9eee0eee1bd381,https://apps.hhs.texas.gov/providers/directories/dahs_issonly.xlsx,2026-09-30T19:14:30.613491+00:00,2026-09-29,,NO,ffed0565a5f8f4834705b27a63d6336514f3bd16658e485f4e04fc822b5f4950
TH-ENRICH-TX-SENIOR-2026-09-30-IDR2,TX|HHSC|TX_DAHS_ISS_ONLY|111746,TX_DAHS_ISS_ONLY,111746,743,GRAHAM HERO HOUSE,DAHS-ISSONLY,YES,NO,YOUNG,611 SOUTH STREET,GRAHAM,TEXAS,76450,1de6e81addd37ea016be4c2cdbd50a08648f2348c694ef0e4d9eee0eee1bd381,https://apps.hhs.texas.gov/providers/directories/dahs_issonly.xlsx,2026-09-30T19:14:30.613491+00:00,2026-09-29,,NO,d4cea6439a74b06548d4c963643a2875d4c273b6ee6c20fb874c6f8f86c021d1
TH-ENRICH-TX-SENIOR-2026-09-30-IDR2,TX|HHSC|TX_DAHS_ISS_ONLY|111423,TX_DAHS_ISS_ONLY,111423,744,BORDER REGION MHMR COMMUNITY CENTER,DAHS-ISSONLY,YES,NO,ZAPATA,101 S. HWY 83,ZAPATA,TX,78076,1de6e81addd37ea016be4c2cdbd50a08648f2348c694ef0e4d9eee0eee1bd381,https://apps.hhs.texas.gov/providers/directories/dahs_issonly.xlsx,2026-09-30T19:14:30.613491+00:00,2026-09-29,,NO,8d67173c28cf480545e4d6c9cfd1b79da677ab888c225648606fd7c9cf6e852d
TH-ENRICH-TX-SENIOR-2026-09-30-IDR2,TX|HHSC|TX_DAHS_ISS_ONLY|111089,TX_DAHS_ISS_ONLY,111089,745,CAMINO REAL COMMUNITY SERVICESDIMMITZAVALA WORK CENTER,DAHS-ISSONLY,YES,NO,ZAVALA,101 W. LAKE ST,CRYSTAL CITY,TEXAS,78839,1de6e81addd37ea016be4c2cdbd50a08648f2348c694ef0e4d9eee0eee1bd381,https://apps.hhs.texas.gov/providers/directories/dahs_issonly.xlsx,2026-09-30T19:14:30.613491+00:00,2026-09-29,,NO,d30e600847fe7af4118a0e7a440d6f4c454f2514a9139902434dd74d02e6bde4
