ahca_file_number,license_number,healthfinder_lid,official_name,license_status_raw,closed_on,license_effective_on,license_expires_on,publication_label,record_fingerprint
42964634,30212751,534738,# 1 HOME CARE SERVICES LLC,LICENSED,,2026-02-16,2028-02-15,Licensed,df861aefc4f94dc8d800aff119948f5066c609ed59457ca536bd77c99add2c28
42964345,30212584,511312,#1 HOME CARE SERVICES LLC,LICENSED,,2026-02-16,2028-02-15,Licensed,6f461beba6ca6132fd98a89baddc82bd5148788225e66f8e68adbea36d2c84a2
42964097,30212384,493562,"#1 HOME CARE SERVICES, LLC",LICENSED,,2026-02-16,2028-02-15,Licensed,46e68ca30b576b39e06f7c4abf86021f3d99a04999349cae48f34689f7964de7
42964360,30212509,512092,"#1 HOME CARE SERVICES, LLC",LICENSED,,2026-05-01,2028-02-15,Licensed,32bbf544ac48c074b12fbccaec4b16a3790df89b43d16718163d36c7ce4854a4
42965043,30212969,556748,"#1 HOME CARE SERVICES, LLC",LICENSED,,2026-02-16,2028-02-15,Licensed,ee3002385863ba27adad215ee4f999ea6e401bf6c94616df7061237df42e3503
42963662,30212005,417925,"1ST ACCREDITED HOME CARE, LLC",LICENSED,,2025-03-19,2027-03-18,Licensed,1d1f1de35051c23013be3bc890eca5114b46f69fe0b7569b093366472ecc17d0
42965203,30213035,565192,1ST CLASS HEALTHCARE INC,LICENSED,,2025-09-30,2027-09-29,Licensed,6e1a303d37b94827ea33bfcc342ec9363a06a3faa27f9a10783964b76ce0ef72
42963894,30212184,461420,1ST HOME CARE INC,LICENSED,,2025-02-10,2027-02-09,Licensed,2f5333fcdc54aad22ab5b231186cf73263d6c91dde661f1d4bf68bf463acf20e
42963722,30212057,428303,24/7 CAREGIVERS INC,LICENSED,,2025-11-07,2027-11-06,Licensed,598010710fb80af93268a0cb6d1c42af4b88d0a7cd41e1d0fea6f56971c43b8d
42963655,30211998,416845,24/7 NURSING CARE INC,LICENSED,,2025-02-07,2027-02-06,Licensed,2d0e2aab613c695d1e008b6de21735384dd51cf0cb2d7d9b7dca2b4e5e2f3ace
42963380,30211741,361612,"24/7 NURSING CARE, INC.",LICENSED,,2024-12-02,2026-12-01,Licensed,744ce61c089b6d0bc571276d684d4c5e88b90b5f58e6e9a7c682205847e3ef72
42963729,30212062,429756,360 HOME HEALTH SERVICES,LICENSED,,2025-11-24,2027-11-23,Licensed,9eeb9b74fce5563ca8c48ae622275223b696b18593f28431241f94c2dc036642
42964160,30212368,498098,"365 IN-HOME CARE SOLUTIONS, LLC",LICENSED,,2026-04-08,2028-04-07,Licensed,73f9e7e249f9b4dde960f4d5af1f7daecfd7ca709ce1c30e4a23a6596c8171f6
42965103,30212928,559565,365 MORECARE LLC,LICENSED,,2025-04-07,2027-04-06,Licensed,eb7fab4a85d6be38c56de8dd9588c179e7828c977e2fd33b59fc6859cad2e159
42964205,30212390,501885,4MOONS CARE CENTER LLC,LICENSED,,2026-05-13,2028-05-12,Licensed,ca8dc6f77c09e7a35506d64c112ee4ac888bea742ba71abeb05feda3b92671b7
42965025,30212867,555548,A & D HOME CARE CORP,LICENSED,,2024-12-16,2026-12-15,Licensed,2adc397d7fe53051933a6c869e03fadc31313d0d02751bd00fa56e241224a645
42964316,30212575,509398,A & D HOME CARES SERVICES INC,LICENSED,,2025-04-12,2027-04-11,Licensed,662fd21827afa99b367a99fba7ab8ec7263d64d986c2095659d03aa25b191945
42964524,30212636,525088,A & E ANGELS HOME CARE SERVICES LLC,LICENSED,,2025-09-18,2027-09-17,Licensed,5d2dc8edfbc9b409ad5cdc053a8d2831c542021810bfcb6c7b522eacd5df5392
42963697,30212036,422959,A & J NURSES REGISTRY LLC,LICENSED,,2025-06-18,2027-06-17,Licensed,ef774f7ddcf13b90c77b008a7835cc39dd9f8c1677f67c74fe101b5fcc616717
42963967,30212268,481319,A AND Y GERIATRIC SERVICE INC,LICENSED,,2026-01-31,2027-09-28,Licensed,3ed43a017679dedc12f839be92206d7b33a34f54af55caa29d490787df22262d
42964978,30212896,553235,A BLESSED HOME HEALTH CARE INC,LICENSED,,2025-02-04,2027-02-03,Licensed,88908be662fa6b3f4a029eb0f591759d730409150135cc73511940c70f10b2e0
42964002,30212290,484397,A BLESSING HOME CARE INC,LICENSED,,2025-12-01,2027-11-16,Licensed,e67fc01d8be827c6b39aeed0e94576918c0d524f32e46ff02cf95e7cd020a72f
42965080,30212943,558785,A BLESSING HOME CARE INC.,LICENSED,,2025-04-29,2027-04-28,Licensed,53dc3aedd7658d31aa0d3a1eda250911e99541c277a5ef26ba8e84a5316593eb
42964082,30212354,492694,A BLUE NURSING CARE INC,LICENSED,,2026-03-07,2028-03-06,Licensed,05b7128165ea6484146a927e0108ffb6bc8c69a3f52f93b61c7f74e87c0882a7
42963660,30211989,417592,A CARE CONNECTION,LICENSED,,2024-12-04,2026-12-03,Licensed,de834f3d63ea92b27c10bff16afadda9863e07e856a1fa71b6688e89a47a2add
42963714,30212038,426501,A CARE CONNECTION,LICENSED,,2025-07-01,2027-06-22,Licensed,8ebf44c46d2070cdfa22450e09de2f7238ca9ad6d3a1fbbe474d6aa342867a68
42965125,30212961,560578,"A CARE CONNECTION OF SOUTH FLORIDA, LLC",LICENSED,,2025-05-30,2027-05-29,Licensed,3c3ff3c93b3193d2eaafc440de313881e566275d4138dd36ddade9d440cf5b41
42963409,30211781,367354,"A CARE CONNECTION, LLC",LICENSED,,2025-07-29,2027-07-28,Licensed,b313988cd537397232f955b3a27753d16659ec0a8edf78683fb44cef393ab94e
42963132,30211513,317472,A FAMILY MEMBER HOMECARE,LICENSED,,2025-09-22,2027-09-21,Licensed,322f3b556b62e8ff3831ffc6e9123480c305779d05790101458e1560360c4dc9
42963359,30212040,358438,A FAMILY MEMBER HOMECARE,LICENSED,,2025-07-16,2027-07-15,Licensed,954ba683584a3c90d192f4541d96f4bcf475a167f426c73d567f2147c6551d7c
42963510,30211869,386822,A FAMILY MEMBER HOMECARE,LICENSED,,2024-12-05,2026-12-04,Licensed,f61b8cff8cdbbc6f47603cdf70594801478883628a06acc260eb44cee05ab46f
42964118,30212352,495722,A FAMILY NURSING SERVICES INC,LICENSED,,2026-03-07,2028-03-06,Licensed,0de2a1dcae9c8a47c253f1ead9bdbf359b811698d180153644ff048c41bf5381
42964640,30212686,535287,A FRIENDLY BLESS HOME CARE SERVICES INC,LICENSED,,2025-12-15,2027-12-14,Licensed,20ed6fd33c6c5e9e817f79eb46a4f0296e0c814e7ca6d76dae18a242c0dafda5
42963203,30211577,333709,A LENDING HAND INC,LICENSED,,2026-10-15,2028-10-14,Licensed,f09c3134cfee59505e84427753f59be0c15091b2c236af4dc18c757ad8235e3e
42962842,30211260,205763,A LITTLE HELP NURSE REGISTRY LLC,LICENSED,,2026-05-28,2028-05-27,Licensed,75084907a8703aa271eb2f6326c425f0f9ddbaf6f33ec4bdfdb16d8658d3f854
42964871,30212783,547158,A LOVING HAND HOME CARE LLC,LICENSED,,2026-07-09,2028-07-08,Licensed,908a92a8575c0a72c5fa13788cb3636b446fc167ed7a3a25773e124366077bb3
42965204,30212989,565440,"A NEW HOPE COLLECTIVE, INC",LICENSED,,2025-07-17,2027-07-16,Licensed,63df44bf4e9fc6a876b31dae5c73908fe571ad3265c84904807fd87ab70e73d7
42962886,30211298,227106,A NURSES REGISTRY INC,LICENSED,,2025-07-26,2027-07-25,Licensed,ebd767ce7096d07dcd24d8d4d25608d65d93b489c40ae9048c3556e2d4beb46a
42962636,30211086,142425,A NURSES TOUCH HEALTHCARE INC,LICENSED,,2025-08-15,2027-08-14,Licensed,7321c183765668109fd9c5e7ad2a6dccf7c35bc1c91e29590da99e6a2d9b7e41
42963290,30211663,348990,"A NURSING CONNECTION, LLC",LICENSED,,2025-12-08,2027-12-07,Licensed,8ba6b7a36496181b8bccf2eb1c7f06a2a2518480430882a249a6fce674cdc19c
42962864,30211279,216384,A PALMS PERSONAL CARE AND HOMEMAKING SERVICES LLC,LICENSED,,2026-06-01,2027-06-13,Licensed,ca63b19f05541434e8a5005d44e26ea02735049b89ece278652a687a5fcfed0b
42963846,30212163,453142,A PATIENT'S CHOICE HOME HEALTH LLC,LICENSED,,2026-10-13,2028-10-12,Licensed,0c9400940033db019a331fca630c41e3b548a93ff91124fb3ca9c64694da3762
42964334,30212514,510487,A PEACE OF MIND NURSING CARE INC,LICENSED,,2024-12-20,2026-12-19,Licensed,3a438cc5bcb38dfde17da8dfd0eaae8d25578df5bd750dec9c89c6d7489a3846
42964908,30212865,549163,A PLACE OF PEACE 2 LLC,LICENSED,,2024-12-16,2026-12-15,Licensed,f801bc49de61c1d0576f4e03425e02f83dcf4914c83283ab4a534ab43afcee1b
42963652,30212027,415921,A PREMIER HOME PROVIDER SERVICE LLC,LICENSED,,2025-05-30,2027-05-29,Licensed,fa89e32fac2293e286c8aef1aa1cece2ca8c5c6c6378c796b8a88b1c21fc0a97
42965258,30213012,568197,A SIMPLE TOUCH LLC,LICENSED,,2025-09-02,2027-09-01,Licensed,87f4c4df547b285f5e5815e87d45ba9eb0d2c8dc7350069d0c290e51fa2d0a1d
42964393,30212538,513983,A SISTER CARE LLC,LICENSED,,2025-02-06,2027-02-05,Licensed,d2ae39c39c46af9e1fb282cb5574ac45223ae0cc1726eb8627ffd4c3d05386a2
42964135,30212461,497030,"A SPECIAL ANGEL'S TOUCH, INC",IN REVIEW,,2024-09-29,2026-09-28,In review,60810de6f1ced3f6739097d289a38d570622efaf5d26c0762cacf49dcc5a8de3
42963372,30211738,360240,"A TO Z SENIOR CARE, LLC",LICENSED,,2024-11-19,2026-11-18,Licensed,30089bf565b1ffbb06403aafdb7774d2c74aa849fa9637b3b9f64163dd2fce73
42963755,30212075,434636,A TOUCH OF KINDNESS HOME CARE INC,LICENSED,,2026-02-24,2028-02-23,Licensed,c039aa8700671ae52ace85cbf8749560419fb834f58a89cf29424461fcdd6c9c
42965333,30213014,572526,A VISIT NURSE LLC,LICENSED,,2026-05-08,2027-09-07,Licensed,8b7f5c7d859019a2042ac1104ecb52afd5b7e3cde9e8bcf2976e8d1d56af2ca2
42964379,30213094,513069,A&B COMPLETE INSURANCE INC,LICENSED,,2026-01-15,2028-01-14,Licensed,91795792f2664aaf4f5c50b3a170da4063f1551cd09a67c40f08e096a24b424f
42964309,30212457,508397,A&R NURSE REGISTRY LLC,IN REVIEW,,2024-09-23,2026-09-22,In review,0a91493cb4c3645772d2712f3a9cfe74130598f909ad5ed0923cad37bae18e34
42965341,30213053,572994,A&S HOME HEALTH CARE LLC,LICENSED,,2025-10-27,2027-10-26,Licensed,fe42306b21c0a572ca74f0864035f978555269e2849ca18d413644b56f15d112
42965429,30213065,577427,A' TEAM HEALTH CARE LLC,LICENSED,,2025-11-24,2027-11-23,Licensed,e0f3f05777ab9a1607a17eb98b038232a7b4bdd4115d46f532f79e5178574b54
42964632,30212716,534524,A1 RECOVERY CENTER LLC,LICENSED,,2026-03-29,2028-03-28,Licensed,a054802a008659f7cb38249261a2b3192d8855b9ca221931f8d2356c73688ce2
42965560,30213158,585667,A1BODY CONCIERGE,LICENSED,,2026-06-12,2028-06-11,Licensed,08350707afbf6424bf3d41b4197ce6eac148e96ee996520f68f8a2b2b6c9b2c3
42963898,30212210,462303,ABACA NURSING CARE INC,LICENSED,,2026-01-22,2027-05-03,Licensed,6db90d9b53cadb89d8a2247bfd7408435eafc1f49bf052aa5d970e962c6d2ced
42963817,30212129,448454,ABBA HOME CARE INC,LICENSED,,2026-07-07,2028-07-06,Licensed,ce3f89f988d5383b9febacd7e1fccf851aa043dd043565991f6361339e2505ec
42962779,30211206,184119,ABBY SERVICES INC,LICENSED,,2026-02-16,2028-02-15,Licensed,a911bb20521b5f65a681f18642415749d83ee88570be346568451c2c5775741d
42964563,30212633,528887,ABC HOME CARE SERVICES,LICENSED,,2026-06-01,2027-09-06,Licensed,2e23f8200d0de6a0295f21e6f54d04efa55da7413b7a8b131cf74d4313026b63
42964353,30212541,511707,"ABILITY HEALTH CARE SERVICES, INC",LICENSED,,2025-02-14,2027-02-13,Licensed,6bb59f7106ac2da82747c44ad34405c475dcc01780d360fb541871b139a01352
42963035,30211430,290243,"ABILITY HOME CARE, INC.",LICENSED,,2026-03-30,2028-03-29,Licensed,c5b79938e1a56a56d710053b685b371a32a31c31f06d59981d2c7bc04712a573
42963013,30211420,283756,ABILITY NURSING INC.,LICENSED,,2025-12-30,2027-12-29,Licensed,5c483fcae91893fdea7902aa719ddb3abadf44e675a3b25121cc490ad5e280b8
42965238,30213106,567191,ABLE CARE HOME HEALTH,LICENSED,,2026-02-03,2028-02-02,Licensed,35c128951b2c42874e8889fc028fdd4767143eea18b7f4ea42dbc75c857f9a68
42963888,30212186,460432,ABOVE AND BEYOND HOME HEALTH CARE SERVICES INC,LICENSED,,2025-02-19,2027-02-18,Licensed,d6cbd0fc8c96bef20eb134e36a77edc687c97ee8fabf3cccb3869e227de17ac0
42964829,30212745,544807,"ABSOLUTE CARE, LLC",LICENSED,,2026-05-14,2028-05-13,Licensed,f4f6cc48d9893a0c39fd08e03be883483f5fb231df61b9d58778b3aa0a93c816
42964068,30212350,491454,ABSOLUTE COMPLETE HOME HEALTH SERVICES CORPORATION,LICENSED,,2026-03-07,2028-03-06,Licensed,8f81697632f8f6e487b48cb5e1ec0fa37b52a3d4da4ece9ea7eb0268c2c9374a
42963365,30211767,359338,ABSOLUTE HEALTH PROFESSIONALS INC,LICENSED,,2025-05-26,2027-05-25,Licensed,01d67547c357cc410934880b8b18fd7e42aa67d579de1b489ec53a34f9313757
42964016,30212329,487101,ABSOLUTE HEALTH PROFESSIONALS INC,LICENSED,,2026-02-04,2028-02-03,Licensed,efcb252c1aa091741e253bbbdc4ca49633b804b01c29ac61d815e08adad67d83
42964920,30212781,549571,ABSOLUTE HEART HOME CARE LLC,LICENSED,,2026-07-08,2028-07-07,Licensed,928a8d7785fde478b236f00d3129319dfd4b25aa7f963374028e7a4ba08a32ef
42963020,30211440,286778,ABSOLUTE HOME HEALTH AGENCY INC,LICENSED,,2026-06-03,2028-06-02,Licensed,9b09319c4e51481969a83758d870d023d1fd4c114d41f0e0fd25716d577af88b
42963518,30211884,387524,ABSOLUTELY HAVEN LLC,LICENSED,,2025-03-12,2027-03-11,Licensed,8a55e6ba858a7db379bd00b01acefc441182076b3dda5a215f49f8455d7a9535
42963519,30211881,387555,ABSOLUTELY HAVEN LLC,LICENSED,,2025-02-27,2027-02-26,Licensed,4110f2343287e2a2453a2be1f57b8fcece8d0697f032502392ff1e9b52e09113
42963641,30212034,414251,ABSOLUTELY HAVEN LLC,LICENSED,,2025-06-17,2027-06-16,Licensed,d484413e02542dc39678edd29689480c6ecb054f1cf392e08fcf93201df19da3
42963818,30212152,448514,ABSOLUTELY HAVEN LLC,LICENSED,,2026-09-11,2028-09-10,Licensed,5ec47f495d9a5782c1e73ad47b6e174ddf88385fb15ac2ea769f5727e18f6362
42964330,30212522,510107,ABSOLUTELY HAVEN LLC,LICENSED,,2025-01-09,2027-01-08,Licensed,0219a671d6b7995bc2d939e8ca16a207c8a7e4e1636e2b588c536ad9276acf05
42965428,30213120,577348,ABUELITOS CARE SERVICE LLC,LICENSED,,2026-03-03,2028-03-02,Licensed,195f6dc08bb12f7e2a90dff1167dd24dc844e9c5f0cd1e64dcb288d841b4ddd9
42963400,30211765,365437,ACCOUNTABLE HOME CARE INC,LICENSED,,2025-05-11,2027-05-10,Licensed,2c3e3c15b6179e3bf668623e4f0f6fa5fe45d106c2bcf6ce43892381cf084c90
42963477,30211835,379063,ACCURATE HEALTHCARE STAFFING INC,LICENSED,,2026-05-24,2028-05-23,Licensed,5cff3a704f185d0ee94abec0b67cfbcda9444ac071e3817d96fd156da39bfdf5
42964869,30212831,547114,"ACHIEVEMENT THERAPIES & CARE SERVICES, CORP",LICENSED,,2026-09-17,2028-09-16,Licensed,d141785da6cf9bcfb2256c5166625af6d1a655aa41b9c8e8273bad13caf9060a
42964834,30212777,545010,ACHLA CARE SERVICES INC,LICENSED,,2026-06-25,2028-06-24,Licensed,7bb26cb92207145d5d55695e7ca0a4be17e8a3d9faadab171e2c52ff7887b097
42964142,30212361,497183,"ACME CARE & SERVICES, INC.",LICENSED,,2026-03-24,2028-03-23,Licensed,a7668b8913b9fcf3ffcb3b673bba924867be15a31fd5a756f010575e7158863e
42962603,30211069,31682,ACTIVE CARE NURSING SERVICES INC,LICENSED,,2026-05-23,2028-05-22,Licensed,c37b310bf6ab9385f5b0683f14c8626ec4b1d195a7faa7229bd79e2f1c9df6c5
42963952,30212248,479165,ADELCARE II INC,LICENSED,,2025-08-27,2027-08-26,Licensed,467d527e57cb91111f9bbd395964de831f67586261bf87b1faa15c10cbad9608
42965063,30212944,557939,"ADIEL DIAZ SERVICES, CORP.",LICENSED,,2025-05-01,2027-04-30,Licensed,7fc07bd86263655dbda1d86d830c787beab2d909b236060fbd1aecdfe2242430
42962974,30211376,272335,ADMIRE CARE LLC,LICENSED,,2025-03-12,2027-03-11,Licensed,a8196da8a30c459052ad071264c73f39f523909a752f4992293931ccf61f6b43
42963232,30211598,340135,ADMIRE CARE LLC,LICENSED,,2025-01-27,2027-01-26,Licensed,6d96e1f656a42cea7283d29976d234b25aa0bf47ab3a9fa6d5a98517d79d84bd
42964089,30212318,493188,ADVANCE NURSING CARE INC,LICENSED,,2025-12-27,2027-12-26,Licensed,be51d45f434a0ef0c54436e70ab9611659fb484af900db6dfd2edd543fc6776a
42964695,30212701,539036,ADVANCED CARE UNLIMITED LLC,LICENSED,,2026-02-09,2028-02-08,Licensed,8b9b4bfe4a78437de92494354d4ea67a1a32067374746c87e9c9fb06a5238ad2
42965585,30213170,586700,"ADVANCED FAMILY CARE OF TAMPA, LLC",LICENSED,,2026-06-30,2028-06-29,Licensed,721eb06fcb3289c17decd8d8c87f55fcb566347608e94e3321c65621ecc0527f
42964854,30212900,545857,"ADVANCED HEALTHCARE STAFFING SOLUTIONS, LLC",LICENSED,,2025-02-13,2027-02-12,Licensed,f75118bc0920059376672957771294e3043313142baa828b7aca71df41cc05b1
42963258,30211628,343835,ADVANCED HOME HEALTHCARE SERVICES LLC,LICENSED,,2025-04-19,2027-04-18,Licensed,318a1e2976c46521718836171457a5660a9ee2a39161e0e6e07f3f2c75eba07a
42964705,30212755,539454,ADVANTAGE CARE AGENCY LLC,LICENSED,,2026-05-30,2028-05-29,Licensed,d78878be78fc6eed6260302ad3c536e4bf4c66f0b7523f97cda86e4bffcfaf1c
42962590,30211045,31669,ADVOCATE IN-HOME CARE,LICENSED,,2026-03-14,2028-03-13,Licensed,21ebd5cd534bef4047d26bb0c829735cb5a490a73c8daa455683d1db469aec75
42963127,30211504,316106,ADVOCATE IN-HOME CARE,LICENSED,,2025-09-28,2027-09-27,Licensed,fc3edf6f99d1e76d946400529ea4ed4426d81b6604fc4903752040fe3d271d27
42963146,30211531,321890,ADVOCATE IN-HOME CARE,LICENSED,,2025-09-28,2027-09-27,Licensed,ae4df0a747dcf4be33a3d439aa47dc1c0f916826eb0eaa0780e3aeabc46b9171
42963155,30211535,323409,ADVOCATE IN-HOME CARE,LICENSED,,2025-09-28,2027-09-27,Licensed,0d509c2b24ea4cf92020afe1cf3e850e6508efda6c2107c9fa569ef004b397ec
42963371,30211733,360100,ADVOCATE IN-HOME CARE,LICENSED,,2025-09-28,2027-09-27,Licensed,a3e3170fd2d9d0ff06db96b852db068dc38ac2e2a645a6e1120808faef77fcd0
42963669,30212002,418706,AEGIS,LICENSED,,2025-03-11,2027-03-10,Licensed,aa0072c3ca27d1cb71f1fcca58cde8dd0bfee3cd9112d046d48ec4dcaf10a898
42965218,30212959,566164,AFFECTIONATE CARE LLC,LICENSED,,2025-05-29,2027-05-28,Licensed,dcb3e402f1f78b1a3e84ada530423873a68c76a60bcff9e9969c207cfcad3bdb
42965435,30213107,577645,AFFINITY HEALTHCARE SERVICES LLC,LICENSED,,2026-02-03,2028-02-02,Licensed,a990f267de9b6e35267ca5fd71c3f194f34c6f1b9b8813ce6c5d7a52ba420fe9
42962783,30211210,185324,AFFINITY HOME CARE INC,LICENSED,,2026-03-06,2028-03-05,Licensed,684c2e2025e9e1dc51e251eebd3627c4ff95396468dac7f09344539cc02b0beb
42962862,30211273,215690,AFFINITY HOME CARE INC,LICENSED,,2026-11-19,2028-11-18,Licensed,e63355622562c2c48e03522b5498eeaf8c49998bb6897fd9c638a21fc1634702
42963364,30211725,359268,AFFINITY HOME CARE INC,LICENSED,,2026-06-24,2028-06-23,Licensed,93092254eee4ccbe075740f00b6fbc6ca7ecf1c2acd49f0459a4c36aecd99bf7
42962794,30211220,188347,AFFINITY HOME HEALTH LLC,LICENSED,,2025-05-28,2027-05-27,Licensed,4617b79d832209a9ab9f16b47eff536ee9affec2dd006b264bc7aa41ec516204
42962934,30211341,250103,AFFINITY HOME HEALTH LLC,LICENSED,,2025-05-28,2027-05-27,Licensed,6f3e5301cd59c1fed524752d7da7c397a433de624fc36f3fe00d0abeda7261a6
42963619,30211966,409258,AGAPE NURSE REGISTRY CORP,LICENSED,,2026-07-22,2028-07-21,Licensed,e71779b494b3c1d92ade522d8fdaceec2e5da103801ef0d945a42f7154b41e7c
42963738,30213215,431036,AGAPE NURSING CARE,LICENSED,,2026-09-08,2028-09-07,Licensed,de4f262d25ea2df55fb77354e99dd0aa59a9d40dbfb0323fbbe85641d2f5d43d
42964369,30212501,512699,AGATE HEALTHCARE SERVICES LLC,LICENSED,,2024-11-30,2026-11-29,Licensed,e2e99f6714ce8fec3d1d3c82ed6bf43b4085abbc720474bd5e45e2e0857ae488
42963131,30211524,317127,AGELESS PLACEMENTS INC,LICENSED,,2025-11-07,2027-11-06,Licensed,b1cdd86f6e65bbf04498aea4e866ccdd98c6386dd1f5658139c58d6ee8ef23cb
42963847,30212183,453349,AGING ALLIES INC,LICENSED,,2025-01-28,2027-01-27,Licensed,d00521f65e9026c5e34fbcc83f111d912c064e651b711a93db5340f10b0ccc7e
42964086,30212400,493094,AHAVA HOME NURSING REGISTRY INC,IN REVIEW,,2024-06-03,2026-06-02,In review,25fe8f52fa68a5c889d29966e68a0dcbe0efcf8ec2ec56f159190dbf240aa59d
42964453,30212592,518290,AHAVA HOME NURSING REGISTRY INC,LICENSED,,2025-05-11,2027-05-10,Licensed,21b48b50e4efa44cdb0284b86dc8b4f5ee1ff3f8ffd0bfb3414f40f0b4fa92bb
42964837,30212818,545215,AIDA HOME ASSISTANCE LLC,LICENSED,,2026-08-23,2028-08-22,Licensed,ab19c815ac4565b8a498382746d785a68cedc73f7d9149517c87afb066d8284b
42965808,30213212,597096,"AIDES ON THE GO, LLC",LICENSED,,2026-09-03,2028-09-02,Licensed,6693d1a93e9f1abee46efcb5f9e6d635d3ff7567dde589d4b79d32f08b38713a
42963854,30212150,454169,AIDING WITH CARE HEALTH SERVICES INC,LICENSED,,2026-09-02,2028-09-01,Licensed,74b70e81f7ed5d87f29b1b998dc4db80b56458a87fd2231b0173e7bd6835df16
42964044,30212327,489537,AIDING WITH CARE HEALTH SERVICES INC,LICENSED,,2026-01-19,2028-01-18,Licensed,c3c4b3991fc97bc12288a1bf60ec644b297ab9f551a9eb0667c4df521f9d27d3
42965188,30213081,564556,"AIDING WITH CARE HEALTH SERVICES, INC",LICENSED,,2026-02-01,2027-12-15,Licensed,26c69957797097e06ff7b8a4e891e30d2ccb52ebefc6959ad5bc2bfc6a21e402
42963785,30212102,441865,AJA NURSING INC,LICENSED,,2026-06-17,2028-06-16,Licensed,256fe8bc666b414c5a9b94a54dfbc654f7c8f92007fce6a81670bfd7482ad333
42964567,30212642,529154,AJE NURSING SERVICES INC,LICENSED,,2025-09-28,2027-09-27,Licensed,fc6999e404e5d89784ceb6863b8aa7ae955598ea64df7a5e9c9fc53343f97080
42965215,30213118,566038,AKEY1 CARING HANDS LLC,LICENSED,,2026-03-03,2028-03-02,Licensed,c42c9f559542f905e5b7ad005dcd0e329bfcebc5e9dba894489c6b27e1a7bc6e
42965364,30213165,573880,ALANIMO INC,LICENSED,,2026-06-22,2028-06-21,Licensed,021906fed2570c65ce55f1135b089766a22b34a43b7250936aaeabfd76a51620
42964408,30212567,514690,ALBYEL'S SERVICE CORP,LICENSED,,2025-03-29,2027-03-28,Licensed,68199e156941bab1faacd7b65ff74696d29536cfa22535ac400257ec4ce5099d
42965518,30213146,583241,"ALC HOME HEALTH, INC",LICENSED,,2026-04-27,2028-04-26,Licensed,05bc53a61a9262924330217bf8a96aa11f3c71598d4fc976fa74909c1d912cbf
42963865,30212198,456052,ALEA HOME SERVICES CORP,LICENSED,,2025-04-05,2027-04-04,Licensed,491922fdb49bc5c6e3dd228bd69e0c9ddb055aeabf2644e05b74e924665e55e3
42965375,30213219,574550,ALEGRIA HOME HEALTH SERVICES LLC,LICENSED,,2026-09-12,2028-09-11,Licensed,03ea378fdcb1be6841b30583329a1ccdf96c0b5e4993246e015870b65dd2f20e
42965157,30212994,562826,ALEKA HOME HEALTH INC,LICENSED,,2025-08-05,2027-08-04,Licensed,64f9bf91382abf78a12bc1b1a0b0acfeb96d80a3a6987ac7f78201584f565ac8
42963576,30211945,401108,ALFA NURSING SERVICES INCORPORATED,LICENSED,,2026-02-15,2028-02-14,Licensed,a66dd72317ded06feaf6774eddef433387c5b188db0e51465a7e978450a31d14
42964939,30212870,550884,ALIGN HOMECARE INC.,LICENSED,,2024-12-18,2026-12-17,Licensed,1811ef14c05c0eb8cb9a185563dc3d77c8ac656a8bfd991a3a3a2b5646dfc82b
42963749,30212081,432970,ALL ABOUT QUALITY CARE CORP,LICENSED,,2026-03-12,2028-03-11,Licensed,e928777e0673df18d6e4e811201658c4dc7985404a9327ea62e8c92f77935d0a
42964769,30212802,541955,ALL ABOUT YOU CARE  LLC,LICENSED,,2026-07-26,2028-07-25,Licensed,8e5039cd73dd94eae692dfdd74d70ea8f995c1e7ad456bec74befdc7e6696a3a
42962580,30211037,31659,ALL ABOUT YOU CAREGIVERS INC,LICENSED,,2024-10-29,2026-10-28,Licensed,3084f4cf7105dda49cb437f46562fd20371c45f59fd7145f326a1c8aea77e17c
42965314,30213001,571521,ALL AROUND QUALITY NURSING LLC,LICENSED,,2025-08-26,2027-08-25,Licensed,0c40bdaccae4d90dcb0d3a075bec61d653f0c83882dab30097f6a7d55e7fc236
42965156,30212985,562820,"ALL CARE SOLUTIONS OF BROWARD, LLC",LICENSED,,2025-07-11,2027-07-10,Licensed,12c985aec38d3a67141b67e747663d7cdf6233a83838581ca6ca01ff77b941ba
42963481,30211828,380001,"ALL CARE SOLUTIONS, LLC",LICENSED,,2026-05-09,2028-05-08,Licensed,1349f22c357c70e91d4fab5c26556265386874aab2dd40dccf6dfbfd6a2206b0
42964762,30212753,541713,ALL CHOICE MED INC,IN REVIEW,,2026-06-15,2026-05-27,In review,5eb5d9ffbb12c70f4c336c12b769cebe53af1800189e8d8801b0e1c8b8c62e16
42963206,30211630,333839,ALL COUNTY STAFFING DADE INC,LICENSED,,2025-07-11,2027-07-10,Licensed,38d8f6ad743ccf58ca0f7e6ac5893a8a7155b5df94011bab92b51a48d97c9589
42962976,30211381,272599,ALL COUNTY STAFFING INC,LICENSED,,2025-04-07,2027-04-06,Licensed,d0e1223d8e1abe08d0a56704e1685605db9be3d520316e05ba13469393f30a4f
42964276,30212448,506832,ALL IN ONE CARING SERVICES INC,IN REVIEW,,2024-08-30,2026-08-29,In review,7f2b44ce33978c8bce27b857b565728bf5baf844f67524bcfd26f78af9e99db4
42965307,30213016,571163,ALL IN THE FAMILY HOME CARE LLC,LICENSED,,2025-09-09,2027-09-08,Licensed,7855df388d363d9bda8175148b97a05997f6fca5a202fda59fafd5b88973573d
42963692,30212014,421952,ALL INCLUSIVE HOMECARE,LICENSED,,2025-02-08,2027-02-07,Licensed,c5f5c3ecc3586440e4acca2f53d5d845973bfbe1793f5b9872419f257efaff50
42963718,30212037,427233,ALL INCLUSIVE HOMECARE,LICENSED,,2025-06-23,2027-06-22,Licensed,1c4756676d4d46fcaf3049a838a127f55ed034125588a66084422d9fdfd571dd
42964008,30212292,485074,ALL NURSING CARE INC,LICENSED,,2025-11-17,2027-11-16,Licensed,87ea261f401ec81ec292d8899260b08abdf609f472686d7e70d04839f532f7db
42963828,30212130,449598,ALL SMART CARE INC,LICENSED,,2026-07-07,2028-07-06,Licensed,0c347f8f064be7fe13e5e6fd8fc3e4c7d49f2e0ced10a22633f3b69ab414c1d6
42963569,30211920,399696,ALL STAFF HEALTH SERVICES,IN REVIEW,,2023-12-04,2025-12-03,In review,1623af47746356498ff09eba76751d62fca93fc0a40426d334a8bfb8fab6e4bd
42963217,30211604,337460,ALL STAFF HEALTH SERVICES INC,LICENSED,,2025-02-12,2027-02-11,Licensed,b5ee6f6aa9e170f3dda9d149d8b02312b8ba06046901b8397e3ccbe5bc3afd1b
42963114,30211493,313851,ALL STATE HOME HEALTH CARE INC,LICENSED,,2025-06-01,2027-05-25,Licensed,5e46ae8d7334e63e6e8a0517fc7541e086e1625e29203ca67285df911b23d7b6
42963533,30211899,389945,ALL VIP CARE INC,LICENSED,,2025-06-04,2027-06-03,Licensed,f90a96706be35966402d2616e7445616ee390f20f7e29f1135dbb554db447b76
42963604,30211968,406829,ALL VIP CARE INC,LICENSED,,2026-07-25,2028-07-24,Licensed,5797a5cab9fe5bbc05909dfba91dd1462d841f996c3d4a76f88ad004c0f26c55
42964033,30212387,488636,ALL VIP CARE INC,IN REVIEW,,2024-05-09,2026-05-08,In review,562a2deef37a4ce21bae9c96084f5b5da495a9e21cb0070500e4f46b0852e8a5
42964968,30212878,552694,ALL-STAR NURSE REGISTRY LLC,LICENSED,,2025-01-13,2027-01-12,Licensed,c240db840c3ab930244ab22562ee3a61d9ce71d76b763fb0f1d08665e0dd007a
42963679,30212013,419718,ALLCARE NURSING AT HOME INC,LICENSED,,2025-05-09,2027-05-08,Licensed,da6fe6beccad7b9606c59471d606a14976947addfca78e10295be49860b25720
42964706,30212704,539506,ALLIED HEALTHCARE OF WPB INC,LICENSED,,2026-02-16,2028-02-15,Licensed,a99b94bd7ad65ac2630faee5f01ac0e024aef87f216ac643ee61c57c7737c9a8
42963051,30211443,293576,ALLIED HEALTHCARE SOLUTIONS LLC,LICENSED,,2026-06-17,2028-06-16,Licensed,6bcc152cbddffa9d07730526bdd1f485692d24eff790d87a8f599e128f5802e2
42963601,30211946,406368,ALLIED PRO-HEALTH CARE,LICENSED,,2026-02-16,2028-02-15,Licensed,a225af65d0bad5b420affb54f39ef7b9cb9a5db086d2760df4aa9bc41e5c4a57
42965420,30213133,576858,ALLIED PRO-HEALTH CARE,LICENSED,,2026-03-24,2028-03-23,Licensed,8c9f5bbe8aba2d3ae482e5c7974f5498d1ebbf8168ed2bd5032ed3ab38a1e0a4
42964376,30212516,512883,ALLSHOUSE SUPPORTED LIVING SERVICES INC,LICENSED,,2024-12-20,2026-12-19,Licensed,c760676032b1d917391cd1a8b796119a81eff7ba4510727f1c4383b20914f24d
42964627,30212669,534145,"ALLWAZE CARE HOME HEALTH REGISTRY, INC",LICENSED,,2026-07-01,2027-11-16,Licensed,5ecad879d7dae978e80d3b0ed344a48cbbc5ad20f26176001f64af8878b81435
42965500,30213123,581862,ALMA THERAPY,LICENSED,,2026-03-01,2028-03-10,Licensed,c288e50004f89896f20078b0ffdee71d58828a46df4084832cece706cc2b0bea
42963348,30211715,356160,"ALONGSIDE HOME HEALTH, LLC",LICENSED,,2026-03-28,2028-03-27,Licensed,3d617a80cb556a362c03fe03e558bcf8a30dbb01d5bbce6faba7d4f2e5c93ab4
42965014,30213084,554864,ALPHA CARE AT HOME CORP,LICENSED,,2025-12-19,2027-12-18,Licensed,a43dc8ee1f59ec96551894cd8432cc692665e5b133e18c69ffc8b00f4f644df2
42965407,30213071,576418,ALTHEA NURSING SERVICE LLC,LICENSED,,2025-12-05,2027-12-04,Licensed,2c78e9c207d513e6a54210dc6cf2979bf06d02afaa727753fce6b3fe9e36a627
42964521,30212653,524867,"ALTHEA NURSING SERVICE, LLC",LICENSED,,2025-10-21,2027-10-20,Licensed,f8b726bbd1f483e2ffe1a7e1dc0f1a1857cefaa68e5035b81c460bcca6adddb5
42964543,30212616,527173,ALWAYS BEST AT HOME NURSING SERVICES LLC,LICENSED,,2025-07-20,2027-07-19,Licensed,bcff02f66539c5dbf9049440f6b4b07c3bbccf3a04a6c471ad506a154aaab89c
42962891,30211301,229315,ALWAYS CLASSIC CARE LLC,LICENSED,,2025-08-29,2027-08-28,Licensed,fba2c64b3274608779dcc107b3bd27a8c6bca08b76ccfeff67286328b800b081
42963125,30211508,315457,ALWAYS CLASSIC CARE OF BROWARD COUNTY INC,LICENSED,,2025-08-25,2027-08-24,Licensed,fb97fa9fb840944e562f03f4c54457e82255c8e4238ebeb8ddc40df5e32e7c71
42965367,30213164,573956,ALWAYS GENTLE HOME CARE - VOLUSIA LLC,LICENSED,,2026-06-18,2028-06-17,Licensed,cb9e2e87b9d08b09335c77fcdb09fe0eb62168d7b7c092d8a64f4532a5881570
42964553,30212694,528002,AMACER GROUP LLC,LICENSED,,2026-02-05,2028-02-04,Licensed,4efc6f4bf5937551ce8342ef619bdf5580da500cf7cf58dbe092b132e9b91bcc
42964797,30212739,542754,AMAYSING CARE & HEALTH SERVICES LLC,LICENSED,,2026-05-09,2028-05-08,Licensed,fa7a625506edad7c9e6d0a7d935da923534804d24d81b60dd1fc9e86fbeb1b70
42965051,30212935,557300,AMAZING COMFORT CARE LLC,LICENSED,,2025-04-17,2027-04-16,Licensed,e7120ddb06d099b3bfa6d4cfff40d356bbd381b083ccc7236e5e7a514fd35225
42965140,30212942,561604,AMAZING COMFORT CARE LLC,LICENSED,,2025-04-24,2027-04-23,Licensed,4d4551e9e873139a11b61b305103fca756fa33496c3c2ecd20919a39cbb4ce74
42964219,30212458,502446,AMAZING GRACE NURSING CARE INC,IN REVIEW,,2025-10-01,2026-09-25,In review,ec040da70a75a80cec94cb27c849eb30b79c21369ebb34a68a19a8403cbe1120
42963621,30211984,409523,AMBELLE HOME CARE INC,LICENSED,,2026-10-22,2028-10-21,Licensed,b9e8c27b6150762328b5da3e09c1354724bd4e1f25118432fc511df06bc32bbc
42964078,30212321,492246,AMBER HOME CARE INC,LICENSED,,2026-01-10,2028-01-09,Licensed,593a890147f8c664028a94734f1cd2469bd5c76bb2cf5225613de9a2403c65e9
42964271,30212443,506306,"AMELIA CARE MANAGEMENT, LLC",LICENSED,,2026-08-18,2028-08-17,Licensed,9add07eecff9c83cf3d8f56e6825cea19751d4658a2da91bbb862664b60c49c5
42962885,30211295,227046,AMERICAN IN HOME CARE LLC,LICENSED,,2026-01-02,2028-01-01,Licensed,bc5d879d8087b54abb0c06e919ed44b129f28a95f6695352154bd179cae7205f
42963143,30211518,319516,AMERICAN IN-HOME CARE LLC,LICENSED,,2025-12-23,2027-12-22,Licensed,12f82971685378112081fbb81a1b0353d6f8754433e1054fe97839c790b66ed3
42963266,30211651,345561,AMERICAN IN-HOME CARE LLC,LICENSED,,2025-12-23,2027-12-22,Licensed,6c5e2cda30803923734cbbd91445b05d184e0349c5a5db6eac6afecb5620ab1b
42963492,30211852,383694,AMERICAN NURSES,LICENSED,,2026-06-15,2028-06-14,Licensed,0f369de53126795535d6e5d454db2406ce0d58023e5968d3844409b49334ae59
42964302,30212489,508210,AMERICAN NURSING CARE CORP,LICENSED,,2024-10-28,2026-10-27,Licensed,351e59d0fdca49994fec727def9caee618a0d9bab30ff30f21eaac745ab46771
42962954,30211352,260701,AMERICAN NURSING RESOURCES INC,LICENSED,,2026-08-14,2028-08-13,Licensed,00958c1f1df66a78aff2b3ade7651a604b8160c9791313df469b0f7ae3f60a81
42963733,30212055,430098,AMERICAN SENIOR TRUST LLC,LICENSED,,2025-10-31,2027-10-30,Licensed,62f12f0e7b5edcbb69d82b5b0326f5bea3ae2fdee11f27919b9237a97f8b0706
42962737,30211173,166278,AMERICAS BEST CAREGIVERS INC,IN REVIEW,,2024-07-14,2026-07-13,In review,29e18bd201387b32c17f3feed193da158c7317329cf69e2e79f86dce7f701f97
42963073,30211460,299739,AMERIHOME HEALTH CARE LLC,LICENSED,,2024-10-12,2026-10-11,Licensed,54f8c946e41a3cb1692225dd6e3633795dc886f19302138bc58f67a4695a170f
42963981,30212297,483298,AMERIHOME HEALTHCARE LLC,LICENSED,,2025-11-24,2027-11-23,Licensed,5b44e85e07cd0b7e4483d27fecedf563e9f24280b11622b619c3d47b8005b6fd
42965749,30213177,593623,AMIDALA CARE REGISTRY LLC,LICENSED,,2026-07-17,2028-07-16,Licensed,6259bf9df0a2d4a4b1e2084fcecda8280772f13a1589bda61ad25422c0484ec4
42964350,30212550,511540,AMIGO HOME CARE INC,LICENSED,,2025-02-21,2027-02-20,Licensed,f6f90881e3c9df2bc7253969a54083c7e0ac0107d072a73b4099bff4da58f42a
42964991,30212861,553614,AMITY NURSING CARE II INC,LICENSED,,2026-12-04,2028-12-03,Licensed,ae0cad0e132578bab582acd47f608a5c0550fee91fc5a7fa0a20c443cb5e11ce
42963838,30212141,451892,AMITY NURSING CARE INC,LICENSED,,2026-07-30,2028-07-29,Licensed,ea89c94cbef5ef73c6f7da22edc220911acf4b015407a11eb3d3e4842923236c
42965228,30213097,566514,AMORES NURSE REGISTRY LLC,LICENSED,,2026-01-20,2028-01-19,Licensed,032022373326f9cfafc64b3a103fc04175fe4e69d5e188bc1771138f5183c0ce
42963234,30211606,340151,AN ANSWER TO CARE INC,LICENSED,,2025-02-25,2027-02-24,Licensed,27e79c351a22703baa6e2679ad77ab50dec83ddfea07b639510f4998cb9e0822
42965750,30213229,593801,"ANCHOR & BLOOM, LLC",LICENSED,,2026-09-23,2028-09-22,Licensed,925004baf182f792cbbf1d5f0ca66d19934afde42f223bf35fbadda24b490eba
42964327,30212488,510023,ANELIS NURSE SERVICES INC,LICENSED,,2024-10-28,2026-10-27,Licensed,4057c873d32a47e84dffb0f5f99eb4828ff86ee4d7d04ceb41c3f029c29558e8
42964333,30212490,510469,ANGEL BEST CARE HC,LICENSED,,2024-10-28,2026-10-27,Licensed,777ab1cc2db944b7de6cacb7d5ffc6d83dcdf2eff969206e7cf7697f40a895b9
42964377,30212988,512908,ANGEL NURSE REGISTRY LLC,LICENSED,,2025-07-14,2027-07-13,Licensed,6319390a3367408fb186e6629c780a1ce7c3ebd17434520cd78383277e918d26
42965219,30212958,566165,ANGELA BROOKS LOVING CARE LLC,LICENSED,,2025-05-29,2027-05-28,Licensed,d2dfba7719531fdb12bdf9796dc27fad1c8bc532b03f695b6a51692c676e1b64
42964162,30212474,498378,ANGELIC COMPANION SERVICES LLC,LICENSED,,2024-10-14,2026-10-13,Licensed,e78faa40b62c1ca54e830e1b172c168a1dfc896ccafe44e8469e9407f236775c
42963546,30211895,392391,ANGELIC HEARTS HOME CARE SERVICES LLC,LICENSED,,2025-05-23,2027-05-22,Licensed,9a9bd83ce059acb9e37c0a19bb07213d5fa6e1858fc72c1bef87a81b1436af4c
42963585,30211955,402868,ANGELS HOME HEALTH LLC,LICENSED,,2026-06-20,2028-06-19,Licensed,e1f34d0969a3190c15144920974bc27b07f2d933bd198d604510684b07d79ae0
42965492,30213119,581295,ANGELS OF CARE HOME HEALTH LLC,LICENSED,,2026-03-03,2028-03-02,Licensed,7e04a39ac70b7f6cc899d9a757557583d3f1ddbcc3132838eeb4fc6eea0362b7
42964131,30212450,496864,ANGELS OF KARING HEARTS LLC,IN REVIEW,,2024-09-12,2026-09-11,In review,d0719c9b5e4af103dfe5347a165a0d90dace5c0700c69be1dc6350d7725ad5a2
42965710,30213178,592313,ANGELS ON CALL HEALTHCARE SOLUTIONS INC,LICENSED,,2026-07-17,2028-07-16,Licensed,79f9ce3b2f993498738eef71690e5a8ad8881c8971d62cd482f926b3cd003ef0
42965485,30213142,581023,"ANGELWINGS CARE NURSE REGISTRY, LLC",LICENSED,,2026-04-17,2028-04-16,Licensed,41002d5e17edcdf97959b43c2c78f82b4512dc5cdf7f9b4f519e6691cb9e01c6
42964910,30212836,549208,ANGLE HOME CARE LLC,LICENSED,,2026-10-04,2028-10-03,Licensed,a186e72098869a446c37409f4b238a5872cf39d9584e6030f39eb9fd0b4debbd
42963812,30212131,447918,AP CARE SERVICES CORP,LICENSED,,2026-07-07,2028-07-06,Licensed,86b01db012b33fb78a44d40c242e87251ee685cce1186593205935503fb8c9bc
42965316,30213066,571570,AP CARE SERVICES CORP,LICENSED,,2025-11-25,2027-11-24,Licensed,496c9119fecc503388ee462660f762833a31cbf5be14ccde284d36541b332540
42963424,30211786,369471,AQUA HOME CARE,LICENSED,,2025-09-06,2027-09-05,Licensed,f86707deae20a841de840c7ba42f10f09e3b734c042a19a927675ab6c112cb91
42963593,30211939,404740,AQUA HOME CARE,LICENSED,,2026-04-23,2028-04-22,Licensed,1d6f2d7fe6ecde826bf510c1ffbd07b67a3f9a2e3e4111a4fe13f8d3a55d3865
42963693,30212020,422103,AQUA HOME CARE,LICENSED,,2025-05-23,2027-05-22,Licensed,53947e602d886f1f1adcbf20508114b65e18b6125ff125f0644113340cc7258a
42963789,30212104,442904,AQUA HOME CARE,LICENSED,,2026-06-25,2028-06-24,Licensed,1052278d159feba52d982e8de55ec16f2c7be08d506a6970aa9580f02e81c298
42963791,30212105,443242,AQUA HOME CARE,LICENSED,,2026-06-25,2028-06-24,Licensed,88efb12dffe0d2309fcbef615a2e17b2f95688a4850d2be6f66fdd4525382e7e
42964220,30212402,502471,AQUA HOME CARE,LICENSED,,2026-06-08,2028-06-07,Licensed,3807f85c8937045a52cef45d93691a2985f90ea6cb0b39dc0f6b0f52295552fe
42964410,30212537,514696,AQUA HOME CARE,LICENSED,,2025-02-01,2027-01-31,Licensed,8c827007142ec2e127aa44cf1863043881a43cb728882e23332bf5a1945a1d4c
42964794,30212727,542625,AQUA HOME CARE,LICENSED,,2026-04-30,2028-04-29,Licensed,594ea0820320db4fd209f08af243fd922db56283cf54a8920bbb12e3a56972d6
42964989,30212850,553546,AQUA HOME CARE,LICENSED,,2026-11-12,2028-11-11,Licensed,161c3d7e6a346f69a103f5b975201536efa5e4030a373fe3afa99583a87a0b50
42965306,30213000,571119,AQUA HOME CARE,LICENSED,,2025-08-18,2027-08-17,Licensed,7a9bda9f0107133e7ab36234a877a75a876524236096e2ac24cabdcc21cf1e7b
42965381,30213077,574781,AQUA HOME CARE,LICENSED,,2025-12-09,2027-12-08,Licensed,4c3964a9419272b9ab8b71a17278093138154de7d22d4fcb15efc428ac507514
42964944,30212855,551127,AQUA HOME HEALTH LLC,LICENSED,,2024-11-19,2026-11-18,Licensed,d0ae936c9a5625ce2e1814bbfd6084bd43ea0345ec8e929a032107264dba74ab
42964828,30212886,544729,ARDEN HEALTHCARE INC,LICENSED,,2025-01-24,2027-01-23,Licensed,cfa4de8ae91049064b5635c305ce4224f3aa9ed2b249e59d3b9a53684165b272
42963584,30211925,402735,ARISE HEALTHCARE NURSE REGISTRY INC,LICENSED,,2026-01-24,2028-01-23,Licensed,b3a0fba3ff95a6aef69e69f931452572379b123d7e5bfc71cc60e1fefb8b4639
42963472,30211825,378269,"ARISE HEALTHCARE NURSE REGISTRY, INC",LICENSED,,2026-04-26,2028-04-25,Licensed,46fab322a198f9a7b52b9b8d9d0420ad156cf926220f436c29a916bbaac566e7
42964765,30212822,541798,ARISMA'S NURSE REGISTRY INC,LICENSED,,2026-08-28,2028-08-27,Licensed,a3c51e3a498640ac1ac977da63a33c1a61d7245083272f7ea1c2bc418f7e4dbc
42963299,30211705,349718,AROUND THE CLOCK HOME CARE INC,LICENSED,,2025-06-29,2027-06-28,Licensed,89d5533f5b3da61dd0cd29c8285bb487439bbf30dcbbc42649adaa85c1abd462
42964041,30212343,488998,ART OF CARING HOME CARE SERVICES INC,LICENSED,,2026-02-23,2028-02-22,Licensed,ce5ae2461922bc4eec4b8716c67cb4da521608783a37a58a3f211dd21a6a9990
42962658,30211105,146515,ASSISTANCE REQUIRED CARE SERVICES INC,LICENSED,,2026-06-17,2028-06-16,Licensed,bde293e6509cc178337a34d6692a354f56181fc135866943c623bbdc63cfde00
42963474,30211831,378415,ASSISTED EMPOWERMENT LLC,LICENSED,,2026-05-13,2028-05-12,Licensed,522452e98ebd03257bcce49c01792e9b22975a235ce30cc3d07d73577f5ad8b7
42964767,30212902,541853,ASSISTED HEALTH CARE SERVICES INC,LICENSED,,2025-02-18,2027-02-17,Licensed,776c9216f341e14c2cf4f568039bd3b304222ad2aca1b315233e50379306d8d4
42963531,30211892,389341,"ASSISTING ANGELS CARE, INC",LICENSED,,2025-04-26,2027-04-25,Licensed,583206788b4bdec83283aa1416da23cff578d011a3aefb049f23b4d6927bc779
42964733,30212752,540773,ASSISTING HANDS MIAMI BEACH REGISTRY,LICENSED,,2026-05-28,2028-05-27,Licensed,9f8f42c315186f361a7b45f48a0260ff4ed961729d6a546f46f386446bd50200
42964721,30212715,540283,ASSISTING HANDS NURSE REGISTRY,LICENSED,,2026-03-19,2028-03-18,Licensed,878486fa74d7873f052f35cebee160e6b5656372fbee72317444054848f5e52b
42962879,30211294,224274,ASSURANCE HOMECARE INC,LICENSED,,2025-09-15,2027-09-14,Licensed,942d5a6fff8f2337c54285adf63b0621b1c95966781f2e37da39ce98340d3798
42962948,30211358,258460,ASSURED HOME CARE LLC,LICENSED,,2025-01-20,2027-01-19,Licensed,86db45295e078239db9cd38fa1a208a327c32757e57a117fcee944e4f6393710
42965383,30213048,574899,ASTON HOME CARE AGENCY,LICENSED,,2025-10-22,2027-10-21,Licensed,7e17f0a0648f48f28d84871a279256f22a7d932aa7d4ac691e5264377d3e8d63
42962955,30211359,260719,ASTRACARE LLC,LICENSED,,2026-10-30,2028-10-29,Licensed,4c9b6ecbc86cef4e7cf2fd8760e55244f087edd7174d7dcfe12a7a041ef6e7a2
42963608,30211943,407015,ASTRACARE LLC,LICENSED,,2026-05-14,2028-05-13,Licensed,8a5e3e6b8672e1b9cddc3e1855748c9a1e9578d9a999822d38cbe79d3e24293a
42963939,30212229,476760,ASZ CARING HEARTS INC,LICENSED,,2025-06-22,2027-06-21,Licensed,0da42d664b5d70212951161e42f78e73a188875289167dd69ff7935650049a0b
42962526,30210999,31605,AT HOME NURSES CARE INC,LICENSED,,2026-01-20,2028-01-19,Licensed,591be3c2c78ef1256db75aec32950a7bc9c3549b729b5121084e1691015fdb1e
42963695,30212024,422514,AT TALITHA CUMI HOME CARE INC,LICENSED,,2025-05-29,2027-05-28,Licensed,7d7e081be75e82b25aeffe5e4a466e8ea2ccca6c2f74c774a527729b5082af63
42963759,30212078,435555,AT TALITHA CUMI HOME CARE INC,LICENSED,,2026-02-25,2028-02-24,Licensed,3a140a4b8ccc2abba4f1ad44ff35c2d4948700e0db2d12b9a37ed0417d10b920
42963912,30212219,471861,AT TALITHA CUMI HOME CARE INC,LICENSED,,2025-05-19,2027-05-18,Licensed,ddf4d8b96f368766c788a606eff7cba4644b28b23684dd1aec5d8a5dab68a4c3
42964378,30212551,512928,AT TALITHA CUMI HOME CARE INC,LICENSED,,2026-03-01,2027-02-22,Licensed,15492ef0756d913f1f6463cb61e9c2c889baa4de6e38a75feef04e6f9d08cc55
42963468,30211821,377667,"AT TALITHA CUMI HOME CARE, INC",IN REVIEW,,2024-04-19,2026-04-18,In review,d142293019b75a77c3bec6a3b873a8860ac246a94ccc12e30f1fa5c0f79fda6c
42963757,30212071,435454,"AT TALITHA CUMI HOME CARE, INC",LICENSED,,2026-01-22,2028-01-21,Licensed,ea8cc7ad4f86d81be3374d141ef8c0cad99f0d34c03021f8f5afbe61770bc7d0
42963726,30212053,429205,"AT TALITHA CUMI HOME CARE, INC.",LICENSED,,2025-10-28,2027-10-27,Licensed,fda9daaa17914d087906a35c72eb2581bb37883a39d706ab8e9000e1acdb9d9f
42965086,30212939,558965,"AT TALITHA CUMI HOME CARE, INC.",LICENSED,,2026-06-01,2027-04-21,Licensed,2cc093fa70d69886a687119287737074b63b4529df036566662dfae4e1ae46f9
42965387,30213099,575124,"AT TALITHA CUMI HOME CARE, INC.",LICENSED,,2026-01-26,2028-01-25,Licensed,55bed25f406415f81b90d55bd648bf221f15573718690326b6d83b100a20371c
42965351,30213102,573363,"AT UNITED ANGELS NURSE REGISTRY-VOLUSIA, LLC",LICENSED,,2026-01-29,2028-01-28,Licensed,095a3eea6343e47fe37d03e246f6189f1055e8b4c53c87bbb01484b269db3daf
42963882,30212176,459196,ATLANTIC CARE SERVICES HAINES CITY LLC,LICENSED,,2025-01-04,2027-01-03,Licensed,b67ee8720eb435165ffd579269582df04a6c4b331332ee0b378239b469aebbcf
42963632,30211977,411762,ATLANTIC CARE SERVICES LLC,LICENSED,,2026-07-05,2028-07-04,Licensed,58eff2b577212188f4622dbd44b873182ffc765fe5977373aa2ef33010ac7581
42962577,30211036,31656,ATLANTIC IN-HOME CARE LLC,LICENSED,,2026-05-30,2028-05-29,Licensed,b26a25db150ecb06959c51cf7b41461f0959d74e68828710fe4dd5d63fda4c50
42963940,30212241,477046,ATTENTIVE CARE AT HOME,LICENSED,,2025-08-05,2027-08-04,Licensed,0bf3a8715aff00dd3ab141a5c2916cd6e27f9f369d683113e9e94652acc90b6d
42962852,30211267,210671,ATTENTIVE CARE CORP,LICENSED,,2026-07-29,2028-07-28,Licensed,30c2fb2626cbc379d0a6776365473da86e8b84f2e9084fae302755537b0bc983
42963462,30211876,376864,ATTENTIVE NURSING CARE LLC,LICENSED,,2025-02-05,2027-02-04,Licensed,208ed8da889359c562cee029d39ae46b24ca54c7deaeae57f725114f9f30d3de
42963191,30211558,331319,AURACAL SENIOR HOME CARE LLC,IN REVIEW,,2024-09-16,2026-09-15,In review,68941aebf81c3d44ce1c5ead203cc16a4c8e8d65e177d3c4aebf8d3d2c7a0802
42963341,30211706,354959,"AURACAL SENIOR HOME CARE, LLC",LICENSED,,2026-09-16,2028-09-15,Licensed,8fba874f38f0b66aa5f1bc81283101fb37e4c5d34b0cc58f7824fe3e8d396642
42963598,30211956,405653,AVAIL HOME CARE,LICENSED,,2025-04-20,2027-04-19,Licensed,a2961be5d0396c4e8ab52d19a4ec912852245c349d04b7e47cab1e1335b31dca
42963689,30212023,421153,AVAIL HOME CARE,LICENSED,,2025-04-20,2027-04-19,Licensed,e4a6b41ad22732e39ca089e97b9e82be392022cc453d33a8da67970d914d3c0c
42964261,30212519,505392,AVAIL SERVICES,LICENSED,,2024-12-29,2026-12-28,Licensed,d5f1fb6ba6c8a117cfd979d90089fe979ab545d962f22dec4b218e5d9f36d47f
42965444,30213067,578447,AVANZA HOME CARE INC,LICENSED,,2025-11-25,2027-11-24,Licensed,b8671f9afc26c282a64c5eecd8d34dcf7450d167b02a41a6f985fbffd762c5af
42964455,30212597,518457,AXXESS HOME HEALTH CARE SERVICES,LICENSED,,2025-05-24,2027-05-23,Licensed,20d38aec3620f60b2c353bdf124601a6991b4119cd340e443bcb7e62dc7ce5b2
42963642,30212006,414378,AXXESS NURSING SERVICES INC,LICENSED,,2025-03-20,2027-03-19,Licensed,799d96acf95d0163bbd075fd7560a334bdcd5710e32f601e79e79ee025932e6a
42963963,30212281,481138,AZARIAH NURSE REGISTRY LLC,LICENSED,,2025-10-26,2027-10-25,Licensed,c65bc1308c6c4e2897fc15ec05be9ffabdffe0a30d6c3ecd292369c130cc0432
42964622,30212651,533618,AZARIAH NURSE REGISTRY OF TAMPA INC,LICENSED,,2025-10-12,2027-10-11,Licensed,93fae09f844266b61fc2ab6a430ba2ef8d379ca8b7f8889285d38692461ce441
42962660,30211110,146587,AZTEK NURSING REGISTRY INC,LICENSED,,2026-05-05,2028-05-04,Licensed,843d16bf5b9f198df899309bfba48fb74cddaa26e221258e0aa60182955decd6
42964147,30212484,497473,B FAMILY SERVICES,LICENSED,,2024-10-28,2026-10-27,Licensed,152e78f12ab0eb30744e7d1d8215f9b5d8b6a05ca5041b3c4f1b392cecc3e94c
42964896,30212904,548781,B&K CARE SERVICES LLC,LICENSED,,2025-02-19,2027-02-18,Licensed,5473d45d05dda6b263d732920120b2165b4ca2ef27a74f6656741d5172f36ab1
42965070,30212948,558250,BAF BEHAVIOR THERAPIST CORP,LICENSED,,2025-05-14,2027-05-13,Licensed,1b28db764e0f18ade42d1bd6af49847306db75e4d058b7c71e788208d7ddb855
42965209,30212993,565850,BAGGIOS CARE SERVICES LLC,LICENSED,,2025-07-31,2027-07-30,Licensed,135e4f4517b4ce102f6e7e19c21594c091224e9ff68b6fcf2b0bf9d6be838b43
42963566,30211913,398745,BAHIA HOME CARE LLC,LICENSED,,2025-10-29,2027-10-28,Licensed,fbff72ef8df75084196a8223709c1919800c5a19240fe18a6aab0b59078001d0
42964677,30212702,538135,BAHIA HOME CARE LLC,LICENSED,,2026-02-12,2028-02-11,Licensed,0fc0d61f04c8a397c449b8d33833499f1736587c4f33087c62613d4724741196
42964467,30212606,519235,"BALM OF GILEAD, LLC",LICENSED,,2025-06-08,2027-06-07,Licensed,67a2f6ca0e2e65afab18393e73acdc836ed25bdf1aff0bb6bd18d0d262b918dc
42964242,30212569,503826,BARWART NURSING REGISTRY,LICENSED,,2025-03-30,2027-03-29,Licensed,925456c1d6cf5b39b2d041cd7edbba4107f30c33b4400034fc6ad9502e3dc95a
42963793,30212144,443631,BBHC REGISTRY INC,LICENSED,,2026-08-13,2028-08-12,Licensed,ed7272aeabd54804d9927ef4e8bd16450bb0850dc7f29ff2b24ef345ff5600ac
42964099,30212395,493915,BDC CARE LLC,IN REVIEW,,2024-05-24,2026-05-23,In review,d4abf9f83d562818665f378bdc1093d0f62bc102e652765e0f42b4750c8882de
42965200,30213045,565144,BDNA HOME MAKER AND COMPANION LLC,LICENSED,,2025-10-16,2027-10-15,Licensed,9f54f67ffc9a12a371fcdafdd59866d41022973d7ce97b378b38680eca88d982
42964624,30212660,533889,BE CARED IN HOME SERVICES LLC,LICENSED,,2025-11-03,2027-11-02,Licensed,3131a7cf9954a322f5b1e35a16d5e306c2aa75cde3b665282103a73a03573ccb
42965147,30213034,562469,BE MY NURSE INC.,LICENSED,,2025-09-26,2027-09-25,Licensed,579d81b660eeb3f19aca6b9a4ac199c3797debc8d0491647d1057b9faf67e3ee
42965425,30213134,577215,"BEACON HOME CARE, LLC",LICENSED,,2026-03-24,2028-03-23,Licensed,7ec1b6f7cb769eaa53196bb2b2da3224f41870dd952597a4caf881ae4c213685
42965138,30212938,561538,BEAUTY DOLLS NURSE REGISTRY LLC,LICENSED,,2026-06-16,2027-04-20,Licensed,e8bc006c0799a744d3c7893eb97ac904b6d9cbae90b6af6274c875d7c50f9256
42963077,30211464,301145,BEDROCK AT HOME ORLANDO,LICENSED,,2024-10-27,2026-10-26,Licensed,615283a42a9a5f05a60479b416936cab4c249c5c2a8f7ced9b67f65e3ce4f0c0
42964734,30212930,540786,BEHAVIOR THERAPY ACADEMY LLC,LICENSED,,2025-04-10,2027-04-09,Licensed,56e9e687786b04e43cd3e602c278f438d32b8645417d58f4b5946ab5ca571a45
42965174,30213033,563546,"BELLAVISTA NURSE REGISTRY, INC.",LICENSED,,2025-09-26,2027-09-25,Licensed,c36419ae54d1a5d54ce16921cc5572c32636e81cb9a15422b7d9941ad8844352
42963581,30211918,402233,BELOVED CARE NURSING SERVICES LLC,LICENSED,,2025-11-29,2027-11-28,Licensed,10074f5e20c129854adef1167b29d479e3d1ef89277d637a9d18d5e883fdf6b8
42963901,30212202,462574,BENAIAH HEALTHCARE LLC,LICENSED,,2025-04-14,2027-04-13,Licensed,bf32cf46261dcf4f5ab0870fa0386ca6ba4b37f3e8cb478797c6feb2750ae6c0
42964957,30212923,551747,"BENITE CARE, LLC",LICENSED,,2025-03-26,2027-03-25,Licensed,a9e446adb83b363a2a665b704f85930613e622e66a9adece5bc8816dcc40bcd8
42964809,30212712,543394,BERMUDEZ HOME CARE SERVICES LLC,LICENSED,2026-03-19,2026-03-19,2028-03-18,Licensed — closed date reported,4bab2176a2143eb4cc8980705b148fb6a84172cc6fc3923521cd1f7f8cdbe901
42962647,30211216,144314,BEST CARE,LICENSED,,2026-04-21,2028-04-20,Licensed,387c3f711c4742e23c7625469167c083cdc9bce5ec9af828021ec53bbac84179
42962756,30211187,180185,BEST CARE,LICENSED,,2025-12-07,2027-12-06,Licensed,99438bd2da3932903475a4401d46c5a769dd44597834c504eb0deef84a6a10e1
42963095,30211480,307543,BEST CARE,LICENSED,,2025-02-07,2027-02-06,Licensed,5cef745edab1050e9c8076f3be826aa5f4b75e35e72007d77e83ee47be387795
42963858,30212173,454977,BEST CARE,LICENSED,,2024-12-09,2026-12-08,Licensed,bcc341b32def74bef85ee1a018062cea21f978cc0ef6b6c8ff012d549da52f99
42963671,30212003,418711,BEST HOME CARE OF SW FL CORP,LICENSED,,2025-03-14,2027-03-13,Licensed,8508b53551f73329c221312869cac1a1cdef026ccece8fcebc7e5430be01be0c
42964833,30212963,545007,BESTACARE LLC,LICENSED,,2025-05-30,2027-05-29,Licensed,11afac36ba0e18be686013b7c781e2e23e77642b6e4e79c0b5e1bd1ad75e925f
42962961,30211371,264824,BETTER AT HOME LLC,LICENSED,,2025-12-31,2027-02-04,Licensed,5df38f10fa922ae1e7dc76dbd4d1b17476e8372471855f112efba72fc5059b7e
42965741,30213199,593191,BETTER HANDS HOME CARE LLC,LICENSED,,2026-08-11,2028-08-10,Licensed,6fc742142d3a71839aa05d701e5445db2583badf77c4ac268e646d54eda0cc88
42963229,30211603,339485,BETTER HEALTHCARE LLC,LICENSED,,2025-10-31,2027-01-30,Licensed,ecc4aebee7f36f9c89a4225f8791d682137f8d5cff4d54b5be537e4d653dca30
42963284,30211671,348019,BETTER HEALTHCARE LLC,LICENSED,,2025-01-31,2027-01-30,Licensed,1c825d411ca42258cbb1f6ffe510947cd35ccc684eceabddf0624cf6dac5498c
42963397,30211756,365215,BETTER HEALTHCARE LLC,LICENSED,,2024-12-31,2026-12-30,Licensed,9d7e62573c8095024b384dbab3b667c6b883b7c38ff22ee857fe7357a5595b6f
42963488,30211844,382356,BETTER LIFE HOME CARE INC,LICENSED,,2024-08-04,2028-08-03,Licensed,41984b1073d4d827ee1dd3800efb94860519aec09f152a12b1039b734ace173c
42964019,30212287,487499,BETTY BEST CARE AT HOME LLC,LICENSED,,2025-11-10,2027-11-09,Licensed,888d8b4e1cd9b5c3ebaecd624b7dcb0f18396dd9fd8799072cc87b673ed5952f
42964738,30212729,540961,BEYOND HOMECARE AND STAFFING PLUS LLC,LICENSED,,2026-05-02,2028-05-01,Licensed,349cbc2c6df62f01350f3e9396a5ff328ac3ce46020a091ae642bb65335915ac
42965065,30212926,557963,"BEYOND NURSING REGISTRY, LLC",LICENSED,,2025-04-03,2027-04-02,Licensed,39bbc55be8f5525f54ea53c0465944c92087f2eed0b2244f69e00166e5a2546e
42964101,30212447,494169,BINGO HOME CARE LLC,IN REVIEW,,2024-08-26,2026-08-25,In review,816cac812877b7ba92a0bf28b565bdf9ccbb1550c1660fe8fdb9fa115bf8be11
42964830,30212785,544813,BLESS PLACE HEALTH CARE LLC,LICENSED,,2026-07-10,2028-07-09,Licensed,d14b121e5974991db84330d6f2cb56f1de2df722f832fb7f0cd380a4200ff7fa
42965326,30213182,572282,BLESSED LIVES CORP,LICENSED,,2026-07-23,2028-07-22,Licensed,6bf46722a37789a21a3b8ec3cdaef665d2e78409c0cdcfffbe38500a20ad6f12
42963753,30212069,434474,BLESSING HANDS SERVICES INC,LICENSED,,2026-01-06,2028-01-05,Licensed,1948ad26f5147fca724281f95545dc50fb5eee084f7ad6d3ca78871d741b8263
42964058,30212303,490544,BLESSING LIFE HEALTH CENTER LLC,LICENSED,,2025-12-13,2027-12-12,Licensed,008fc614fce405c4ecb2aa43a75b6a21dc7cfe931bacf0f50c1b89fe15127c20
42965389,30213218,575327,BLESSINGS HEALTH SERVICES INC,LICENSED,,2026-09-12,2028-09-11,Licensed,eb1f3ef7047cafaae120141c2b81a55ed7165d4bbc8a5fca27a7c3447aa6d5ec
42965056,30212909,557617,BLOSSOM HOME CARE INC,LICENSED,,2025-02-24,2027-02-23,Licensed,4e8616b83b799f6d864d4c2bf720202037452e3f7cae8a381216bf4332fd97db
42965053,30212866,557311,BLUE DOLPHIN HOME CARE SERVICE LLC,LICENSED,,2024-12-16,2026-12-15,Licensed,05db69c99babf6d9702397ab03c1add2dbf5dbfe8bfa09b5fbac7625885b38af
42963723,30212054,428775,BLUE DOOR HOME CARE CORP,LICENSED,,2025-10-30,2027-10-29,Licensed,e6c910b70b023ac7118f341080188948bfd8d53132912943d3bced5af3ca5f8a
42964012,30212296,486386,"BOETHEIA INFUSION & HEALTHCARE, LLC",LICENSED,,2025-11-24,2027-11-23,Licensed,d066d87d85eb3c618e2edcc17ec2249179927449c86426aa3fd8c6d9870e701a
42963029,30211437,288952,BONAVENTURE HEALTH SERVICES INC,LICENSED,,2026-02-01,2028-01-31,Licensed,3d102199f2a19990f5d9b49ea6a62b03649c78c5a9b0fbcead639123beb38b6a
42964094,30212346,493488,BONIKE HOME HEALTH SERVICES INC,LICENSED,,2026-03-02,2028-03-01,Licensed,c34a5764c8b8d42e5a8de33dfc30a2300648d6afaab627ca3c2d863b3bd5506a
42965196,30213029,564970,BOURILLON SOLUTIONS LLC,LICENSED,,2025-09-23,2027-09-22,Licensed,3e7bc83ac6a8cc493e0475ea7921b3685c598b546ca12b59540a49d9476336a0
42965291,30212998,569947,BREAD & BUTTER HOMEMAKER AND COMPANION SERVICES LLC,LICENSED,,2025-08-12,2027-08-11,Licensed,ec8f0c316e78828fdb8626c0a061eb61b9dbbe4dca80122a02bbf5137c364a99
42964962,30212843,552271,BRIDGEWATER HOME CARE LLC,LICENSED,,2026-10-16,2028-10-15,Licensed,f87b53bb25fd2f3cbb895914927e7b0553302d5780f5f4365948cc1238b5d78c
42964971,30212840,552835,BRIDGEWATER HOME CARE LLC,LICENSED,,2026-10-10,2028-10-09,Licensed,dfc2e7fcc86de536b21a181ce5ab565efc9a57a6afac588e47afad00dcc0f9f0
42965348,30213082,573263,BRIDGEWATER HOME CARE LLC,LICENSED,,2025-12-16,2027-12-15,Licensed,f5350d5672fea0d01d0b9fdd7e9b17aaaaede44ddf69d430979bcd9929743cd5
42963128,30213121,316110,BRIGHTER DAYS NURSING AGENCY LLC,LICENSED,,2026-03-03,2028-03-02,Licensed,ad6cdf572579dc6e2884b8fb32589b39176c19fa3dad56590fdba69418b5b107
42963653,30212600,416035,BROWARD CAREGIVER SOLUTIONS,LICENSED,,2025-05-30,2027-05-29,Licensed,5592a65b591cbc6d1dd3812123fb90b13f0662ca34290d589a2f7415bfa34221
42965236,30212991,567139,"BROWARD ELITE CARE GROUP, INC",LICENSED,,2025-07-25,2027-07-24,Licensed,27c6146b3cc99c783e27e188bd00db672e90286e5689e6d7950d675c3575d211
42965038,30213009,556395,C & M COMPANION SERVICES INC,LICENSED,,2025-08-28,2027-08-27,Licensed,ecde9b37536673dcef4103cc2da75de90ed7ccc347bc6a7f7946aeee2b0605b7
42964808,30212738,543388,C & S GERIATRIC SERVICE INC,LICENSED,,2026-05-08,2028-05-07,Licensed,f55ef23d2cf9973d09fe3ea6c90488bdd018678da7d8efef9a371f6e21f8b844
42964037,30212365,488869,C&A NURSING SERVICE,LICENSED,,2026-03-30,2028-03-29,Licensed,890c423a0345ee0ddc75f170bb6b933797f5a26d5abee62f7c074ad3cf057d6c
42964970,30212838,552837,CADET FAMILY SERVICES LLC,LICENSED,,2024-10-04,2026-10-03,Licensed,1f6917de9d781542da4f6e333fa1afb3e68dde11de7d3c320f31b505e1938f3b
42965062,30212901,557899,CAMICAL HOME HEALTH LLC,LICENSED,,2025-05-01,2027-02-12,Licensed,2c1cce93ee8eeb98c1903aa085b9fb05ef1f4229b6de94435e2e942d84de369a
42965380,30213054,574760,CAPITAL CITY OASIS HOME CARE LLC,LICENSED,,2025-11-04,2027-10-27,Licensed,b4b4b760750e7db3c5a1d40116e0ff80ee7a378d20a8a3089bc6fe65f642fcda
42965268,30213051,568834,CAPITAL HOME CARE LLC,LICENSED,,2025-10-24,2027-10-23,Licensed,a855175bf433d23eff1fa059329e81627079cb0a3394ab368c7e80ad63139d38
42963369,30211735,359983,CARDINAL HOME CARE,LICENSED,,2024-11-17,2026-11-16,Licensed,d77e08b214fb3b9ec28eb0a4b76711a16f86f29a4b1bfe1086f80089fffa2c04
42963422,30211815,369397,CARE & BEYOND NURSE REGISTRY LLC,LICENSED,,2026-02-23,2028-02-22,Licensed,0e519c522e29e58b505e1555f7496ab05e6fee9bf249e916f22efb351884a54d
42963154,30211539,323285,CARE ALTERNATIVES INC,LICENSED,,2026-03-05,2028-03-04,Licensed,ccc3a460c979804b0bcd7693847b08754fb006d9f91dd59e1ed339afa0fee4fd
42964173,30212470,498952,CARE ALTERNATIVES INC,LICENSED,,2025-12-01,2026-10-06,Licensed,e5edb6e7ac4bae5a45708255ecbd2d1d34278f764441be86f55503d6d79830e0
42963272,30211642,346421,"CARE ALTERNATIVES, INC",LICENSED,,2025-08-13,2027-08-12,Licensed,2f76600453abc4a3b4559efe25c6f666b0da5eb4d60539dfada87ba81b59d6c4
42963470,30211832,378049,CARE ASSIST HOME HEALTH & NURSING REGISTRY INC,IN REVIEW,,2022-05-16,2024-05-15,In review,67e4feb121b7a88c15007084a93ab8bdf128b3b23fd57e6504bcf9ee108b7d51
42963259,30211626,343926,CARE ASSIST HOME HEALTH AND NURSING REGISTRY INC,LICENSED,,2025-06-27,2027-06-26,Licensed,e168195a82f53d5491c6c5f6d81a74525737268b42167e896fcd5e674cebad45
42964865,30212778,546813,CARE BY PILOTO NURSING SERVICES INC,LICENSED,,2026-06-27,2028-06-26,Licensed,b21ea95c7e9770f830cff2fb328e4f785aa6c4a078b854823ae961703e615197
42964504,30212625,523628,"CARE MANAGEMENT ADVISORS, INC",LICENSED,,2025-08-04,2027-08-03,Licensed,cc9ad60d71e8dbd91a5bb32bcff61c5629a9c63b1b75bb99e0e959d59fb35706
42963366,30211724,359557,CARE PARTNERS NURSING SERVICES LLC,LICENSED,,2026-09-17,2028-09-16,Licensed,987d6831ac350fa833ba2e9efd8f02d41c2ea8bef56a06ab78e87db9ee25009e
42965040,30212890,556553,CARE PLUS HOME HEALTH LLC,LICENSED,,2025-01-28,2027-01-27,Licensed,94218a3dba18d2d65756c5ca455dddd98eb043aeac78c69a678d234f78be058d
42964892,30213149,548379,CARE WE TRUST LLC,LICENSED,,2026-05-13,2028-05-12,Licensed,2a5ed5ab12e11e1d14144bab2a79230818086becb7053af3cbe1fad9921018a6
42965122,30212941,560448,"CARE WITH COMFORT, LLC",LICENSED,,2025-04-24,2027-04-23,Licensed,99e2e4114c4e1f651b8c696294268ee25fa53557ee441757627365c42aa54014
42964371,30212573,512802,"CARE WITH COMFORT, LLC.",LICENSED,,2025-04-05,2027-04-04,Licensed,f561610da449935310fa7870e6f1dfd206d4b6cf2a4755b6e00df9b9f7e553ff
42964963,30212846,552282,CARE XPERT HOME CARE CORP,LICENSED,,2024-10-25,2026-10-24,Licensed,e2cfbba7d07c2114cb10b3373f80646f5b9e7b79009fcf0a43334bf8a7f1ac44
42965499,30213173,581859,CAREBRIDGE NETWORK LLC,LICENSED,,2026-07-13,2028-07-12,Licensed,0fa3160a286c6b332089c805d4be6e3a4744eef2d7bf6b316c7714a607008599
42964502,30212590,523502,"CAREFUL HEARTS HOME CARE AGENCY, LLC",LICENSED,,2025-05-08,2027-05-07,Licensed,1d68af55ef9cef56f09a17e588cdcfe09f5a8c4c9f86ad9849fc95fa08912818
42965399,30213063,575863,CAREGIVER SOLUTIONS LLC,LICENSED,,2025-11-18,2027-11-17,Licensed,6fbfcc8616551b530b641e5d1f736a6b896179afb2256c0dd7d45d321b24cfaa
42962484,30210975,31563,CAREGIVERS OF AMERICA,LICENSED,,2026-05-09,2028-05-08,Licensed,169df970f5efb162aa1d6a06ac88d8f17a72e9797d9206bf5618be1d090f4fdd
42962540,30211009,31619,CAREGIVERS OF AMERICA,LICENSED,,2026-09-18,2028-09-17,Licensed,e03c51aae81cae9023884b0ddedb7b04eb03cef2fe0d962b084e092f395a025f
42963139,30211509,318157,CAREGIVERS OF AMERICA,LICENSED,,2026-03-31,2028-02-23,Licensed,e89b358c012aed0c6ca24b89aa25ceaa7bdcdc221a63ae731b5034cd1e964f6e
42963309,30211672,351398,CAREGIVERS OF AMERICA,LICENSED,,2026-03-24,2028-03-23,Licensed,fc407a1dc199f2bfc821624e810d88d5011a55f543f78b6d5f86b0fb6aa9c568
42963501,30211856,384642,CAREGIVERS OF AMERICA,LICENSED,,2024-10-04,2026-10-03,Licensed,370c7e95169f5c20ed56b5b80026e23a6d18d624f15d01389df99384f413e17a
42964137,30212386,497058,CAREGIVERS OF AMERICA,LICENSED,,2026-05-09,2028-05-08,Licensed,ac0671f579efa6223c7f224863e2fcf9e164cc51ad6587dac149f27329f0acec
42964444,30212554,517639,CAREGIVERS OF AMERICA,LICENSED,,2026-03-18,2027-02-26,Licensed,8fa33f8f42e5defdcbc7f8dcaddce5df6e39c65e5bd281c2e6fdc8dacaddd8ed
42965571,30213187,586202,"CAREGIVERS OF AMERICA, PREMIER LLC",LICENSED,,2026-07-28,2028-07-27,Licensed,6aff572aa8e976e8c8dc4429c21467a8ceda5e5d6f9022be41f0e78e2e2afb9d
42962765,30211201,182026,CAREGIVERS OF THE KEYS INC,LICENSED,,2026-01-18,2028-01-17,Licensed,16e4dac856853f02547dda14fc3a2a91e7a0fb9ed8b67172323fc4ccce9fd6a8
42965197,30212996,564965,CARELINK LLC,LICENSED,,2025-08-08,2027-08-07,Licensed,ebd8f9a6dfb87c40367540390d35a016f7fee3b7bf71e0bf020e1a91620f4720
42965685,30213179,590918,CARELOVE SUPPORT LLC,LICENSED,,2026-07-17,2028-07-16,Licensed,b73c2895435bc766c0882f5805869b4cc3286e30467b673de6c3716c063bcdfe
42964997,30212844,554054,"CARELUX AGENCY, LLC",LICENSED,,2024-10-23,2026-10-22,Licensed,7b4d107890144f09199c63f68e02618e4f81803ceced5db5585a46dffd947ed6
42965724,30213185,592789,"CAREMAX HOME CARE, LLC",LICENSED,,2026-07-27,2028-07-26,Licensed,1a9ba9b53a727ccf8d3993a69cdc3b859ee5972b5843dcc163f730854bc3e128
42964926,30212931,550062,"CARENOW HOME HEALTH, LLC",LICENSED,,2025-04-11,2027-04-10,Licensed,b8c546ade4d9206b2f19e9b85df7b918f5182464d95805d529b25f7136c1a218
42963780,30212128,441150,CARESS HOME CARE LLC,LICENSED,,2026-06-30,2028-06-29,Licensed,53fdc4118bb15e2bd510dc8e32db5035303e2dd68d61225b9e3f3d2518c5d562
42965370,30213163,574146,CARI MER HOME CARE SERVICES LLC,LICENSED,,2026-06-18,2028-06-17,Licensed,1147e628268a4836ae53431698c0f2798468472c897c4fe4018db96f9b588a23
42964671,30212657,537566,CARING EDGE HOMECARE INC,LICENSED,,2026-03-04,2027-10-31,Licensed,13f012b5d0f6c8df79345ff13e422f87392f2ba4233cc4684e5b888b9e5be695
42965251,30212972,567817,CARING FLORIDIANS NURSE REGISTRY LLC,LICENSED,,2025-06-10,2027-06-09,Licensed,9719794561b683f5799a4e9f992a7a0d7062717636452b08c7b16a61e52ca6c1
42965121,30212960,560447,CARING FOR HEROES LLC,LICENSED,,2025-05-30,2027-05-29,Licensed,ec7d5d7c40123edc2ea4ee20adadb7d75d4d446b44afc9ea043c5c5045a64856
42962468,3032096,31547,"CARING FOR SENIORS, INC.",LICENSED,,2026-07-30,2028-07-29,Licensed,8c3d7b8dd2fa96bdcfb8b52a3a04804e2eb172ca2e905c7e2ad0172e3afb1269
42963536,30211875,390562,CARING HANDS HOME HEALTH LLC,LICENSED,,2025-02-02,2027-02-01,Licensed,1669d921d847c5263fe3eae9fea5d253e90881e7be3873a28e357b28245369a0
42965594,30213228,587398,"CARING HEARTS & HANDS SUPPORT AGENCY, LLC",LICENSED,,2026-09-21,2028-09-20,Licensed,d30e4855e0bdd98890b79123d7a469625d99b061db3690b4ae95c949010f8590
42963764,30212083,436377,CARING HEARTS NURSING SERVICES LLC,LICENSED,,2025-10-21,2027-10-20,Licensed,bcec10620e7769f377f7f65ab1108c5ede1088c65f4164387adc65c313f09a10
42962688,30211130,150707,CARING HOME CARE INC,LICENSED,,2024-10-29,2026-10-28,Licensed,11760c0308e6b3fd631f429d858d9150e97c835067aabf74064bc9fc5776366b
42962730,30211170,158897,CARING HOME CARE INC,LICENSED,,2026-07-04,2028-07-03,Licensed,1879bfbe3fb5bdd7745a471dd35cf8e952656360887d6f88c00ee845db82a82e
42963215,30211597,337180,CARING HOME CARE INC,LICENSED,,2025-01-23,2027-01-22,Licensed,92cc27871cd0677a1b6215f9a15297e78650623e13e1f0979eb714b78a9c936c
42963142,30211511,318748,"CARING HOME CARE, INC",LICENSED,,2025-09-13,2027-09-12,Licensed,8c0a037c1fe9be74f89f238adebc9ca856c7bbb27432d5aaf66f92d276822601
42964428,30212520,516105,"CARING HOME HEALTH CENTER, INC.",LICENSED,,2025-01-04,2027-01-03,Licensed,df565739d6f6ae399d5755bef53f72cc52ba622e0fb0f493bf16e83996dbbfd4
42964383,30212508,513262,CARING NURSES HOME HEALTH BROWARD LLC,LICENSED,,2024-12-15,2026-12-14,Licensed,585f927bcc61ce89182073eb6be3c6a55f372ee567e60d6e4d6f88e0b854ab09
42964382,30212510,513261,CARING NURSES HOME HEALTH LLC,LICENSED,,2024-12-16,2026-12-15,Licensed,f4933e7d400f58d02ee8511bfe92ac22ab18799fd2db9cecbf0ce53a9a1763a8
42965603,30213168,587752,CARING PALMS HOME CARE LLC,LICENSED,,2026-06-25,2028-06-24,Licensed,8df4dc0dd599c0e50ec7f79192c9cd42b819358ad0e71a584877e80560b8a746
42964840,30212780,545328,CARING PRO HOME CARE LLC,LICENSED,,2026-07-08,2028-07-07,Licensed,851d8bd53670e9af416558f5b8740a364343e69b8d79a678b4da6db1cbdc32df
42964875,30212813,547215,CARING PRO HOME CARE LLC,LICENSED,,2026-08-15,2028-08-14,Licensed,91e425b3c123d3ff8630cd8ed194d043b64481a0108017764803abd56f0fd864
42964184,30212423,500278,CARING PROFESSIONAL HEALTH CARE LLC,LICENSED,,2026-07-21,2028-07-20,Licensed,17c6f9c1c8ce74d75b04d3f21ecac87bf3849851a92f56ce93709a00c3f70e2c
42963863,30212216,456030,CARRINGTON'S CARING ANGELS LLC,LICENSED,,2025-05-12,2027-05-11,Licensed,421da65b30d98bab85a32f287c909913dd14979de02d3ec9e9ec96fd7dab79cd
42965573,30213198,586353,CASTROYA HEALTHBIKU CARES LLC,LICENSED,,2026-08-10,2028-08-09,Licensed,70d4e4eb00e2f3828086ae5b47737b7cb76cd77811a91d5970563e299b12c55e
42963962,30212253,481073,CAZAN'S GIFTED HANDS CORP,LICENSED,,2025-09-09,2027-09-08,Licensed,a600393fee40cf003254741aaee3cac8e7413e5d9fa4604ae1e9f8daafbbf252
42965045,30212899,556849,"CCP HEALTH AND HOME CARE SERVICES, INC",LICENSED,,2025-02-13,2027-02-12,Licensed,fff8d59ac2d14515d51ee7170cf1bad7eb6f4f74055d01be34b480aae05616e0
42963037,30211434,290531,"CCP HEALTH AND HOME CARE SERVICES, INC.",LICENSED,,2025-01-27,2027-01-26,Licensed,4a8293d3246fe5f17fb7a35d031236d796491b48f5bfa12229c88c88121cdc12
42963180,30211570,329013,CENTRAL CARE SERVICES INC,LICENSED,,2026-09-16,2028-09-15,Licensed,641f73c695999dfee1bef7c1fcc5275128b72ff2a23de4b806cdce19b086cdc4
42963953,30212256,479162,CENTRAL FLORIDA CARE GROUP INC,LICENSED,,2025-09-15,2027-09-14,Licensed,e1902ea0bff3b9e900a529496e6350438b023135c5a4938c2a553cff994141a9
42964226,30212416,502990,CENTRAL FLORIDA CARE GROUP INC,LICENSED,,2024-06-29,2028-06-28,Licensed,25665781b54d5cbd9c864d60aa42a15650d52499bc859c79fd452121f3ac7de2
42964723,30212779,540339,CENTRAL FLORIDA CARE LLC,IN REVIEW,,2024-06-27,2026-06-26,In review,4e332c6b0cf708462d8c82be233584ac7f978392aeddb2d89106ad619d0f2c89
42964238,30212409,503624,CENTRAL FLORIDA NURSING SERVICES,LICENSED,,2026-06-16,2028-06-15,Licensed,73577778af3fea8ad6508d8dec8739f960935cf25dfd33b043c85476d18c2ba0
42964083,30212330,492762,"CERTIFIED HOME CARE ASSOCIATES, LLC",LICENSED,,2026-02-07,2028-02-06,Licensed,3cee99a3b1afb24be9450f3ad8ee951300a9568193b2f8da76e791108d736be9
42963115,30211491,313900,CHAMPION HOME HEALTH CARE,LICENSED,,2025-01-27,2027-01-26,Licensed,ac4a8f1362ce5931edf041fd4e321d5c7e27906b20c6c951b974ef57a9fd3ceb
42963437,30211793,371649,CHARMED LIFE HOMECARE,LICENSED,,2025-10-12,2027-10-11,Licensed,ffb4ca4dc10001bfc4b269ea55e33ade632310d8a6ebd53dd41bfbaeb8de477a
42963414,30211777,368453,"CHARMED LIFE HOMECARE, LLC",LICENSED,,2025-06-25,2027-06-24,Licensed,35a9f8399450903b096937e10dae43d9df492203e62222691895efc76a2323f0
42963103,30211492,308941,"CHCS NEXUS, LLC",LICENSED,,2026-04-16,2027-04-25,Licensed,54a2c5a39dfc7896e4c4c3915d4945f7180774fcb9bd4ea90c862b9394910033
42964629,30212638,534239,CHERSEA HOMECARE INC,LICENSED,,2025-09-27,2027-09-26,Licensed,6f785dcbed8b52514a74da3c92e6b4a642c239d991af76b658f74b28568f1e46
42962613,30211079,31692,CHINNY NURSES REGISTRY,LICENSED,,2024-11-12,2026-11-11,Licensed,6191d8d213ff5ce7092d7d17fd74ec7bc8741db0dc3132df4dc4a0247c8dbb34
42964850,30212771,545678,CHRISCAVEL CORPORATION 'DBA' FIRST START HEALTHCARE SOLUTIONS,LICENSED,,2026-06-13,2028-06-12,Licensed,56bb1f69f8db0069d5a13057a4fb7ee2517606eb7ae6d805c74d4cefc9de5e48
42963941,30212309,477240,CHRISDOR STAFFING LLC,LICENSED,,2025-12-16,2027-12-15,Licensed,d16974ad54a955bd3966382b88e2f016c49d91fb82d32bbfd03a1db3e2439669
42964953,30212847,551593,CHRISTLIKE SENIOR CARE LLC,LICENSED,,2026-10-29,2028-10-28,Licensed,8e083c91977b767efecf2bc8f6a0db82c9112b10aa3d6d6c6241e27e1fc68b30
42963062,30211447,295732,CINTAA,LICENSED,,2026-07-11,2028-07-10,Licensed,2f529ad6cb9136287b8a0133a9409a15e49a40d87661fa1e83e0fc55aa665990
42963147,30211525,322067,CINTAA,LICENSED,,2025-11-14,2027-11-13,Licensed,a5ae8b7c28231bfd741c076062c492489633e8eb7e0cb2880bffdb89481d6bc7
42964104,30212351,494392,CIRESSOLUTION CORP,LICENSED,,2026-03-07,2028-03-06,Licensed,9bfc6f2e6bf6799b35d9204c12a736dd49074c094213df53f66e426b973ed361
42962750,30211185,177199,CLASSIC HOMECARE LLC,IN REVIEW,,2024-03-11,2026-03-10,In review,360b934ff79ce63fb64a6a4b7eb8dbf138166558eff40618ec8b72968b3ab8f7
42962807,30211230,192554,CLASSIC HOMECARE LLC,LICENSED,,2026-03-11,2028-03-10,Licensed,e70d399ff346b44b3be4cb68482ef7fc333b5beae09205bf2c58b56d34c62a6f
42963489,30211848,382591,"CLASSIC HOMECARE, LLC",LICENSED,,2024-03-11,2028-03-10,Licensed,aff10b3998b20d2c7815664e4773eaf13f39813e203bf0fb98f4a2d79627196d
42962985,30211377,275992,CMA HEALTHCARE INC,LICENSED,,2025-03-18,2027-03-17,Licensed,dd3d8a81f6585c9e0f8e4a2731313347f4735a4522057068ee74fcd193165d06
42964814,30212742,543687,COAST CARE PARTNERS LLC,LICENSED,,2026-05-10,2028-05-09,Licensed,847de750853b7c617bbeb1d7462d27fa1260a10c359b27ddd64c514ab2195544
42962648,30211096,144403,COAST TO COAST HEALTHCARE SOLUTIONS INC,LICENSED,,2026-04-16,2028-04-15,Licensed,bac1f96f72bb33cdb8d03d7d392cf5e815c30adaa898bcc911dd34c1ea773b4a
42963834,30212135,450987,COAST TO COAST HEALTHCARE SOLUTIONS INC,LICENSED,,2026-07-18,2028-07-17,Licensed,02d7972c50fcb45b89d7ebac3d8a8cb152916955c82103a1de003411346a559c
42962676,30211118,149021,"COAST TO COAST HEALTHCARE SOLUTIONS, INC.",LICENSED,,2026-08-31,2028-08-30,Licensed,24e88b4096d5f9dfb16ca830bd5589623ea4ae0f94437b383a9b03530e8c1a58
42963529,30211874,389293,COASTAL CONCIERGE SERVICES LLC,LICENSED,,2025-05-16,2027-01-24,Licensed,0dd13421acb25016bd32b2a50c9bba5251245a5e3944020335a382773c883a82
42965013,30212889,554771,COASTAL PRIVATE CARE LLC,LICENSED,,2025-01-28,2027-01-27,Licensed,d5579af2b1a47bad32b2dc739db43c2af54cabffd8c19ec38098958e03b9e81d
42964620,30212650,533435,CODE OF CONDUCT CORP,LICENSED,,2025-10-12,2027-10-11,Licensed,402740c76ebb76fc5fdf064b34378c9c5a2230e24869d013919c696c9f97e67c
42964831,30212774,544846,COHEN HOME HEALTH LLC,LICENSED,,2026-06-17,2028-06-16,Licensed,e932d9b6be41e60a46c8c08efaa7f2315b6799d64c2683172131723eb499face
42963712,30212021,425091,COLLIER HOME CARE LLC,LICENSED,,2025-05-26,2027-05-25,Licensed,89a97b31bb8028b107cbc0240893469d6647af4635ccf10e88678e33f961b1fa
42963328,30211693,353633,COMFORT CARE NURSING PROFESSIONALS,LICENSED,,2026-02-24,2028-02-23,Licensed,16c519b71d603d68898870c10853867069039297cd526e3703b41491c034728c
42963182,30211553,329381,COMFORT CARE NURSING REGISTRY LLC,LICENSED,,2026-06-17,2028-06-16,Licensed,033e8af14b016ec60063551a4a2eaa7da319e48b4e43988b2f27b9fb18b5460b
42963267,30211646,345715,COMFORT CARE NURSING REGISTRY LLC,LICENSED,,2025-08-26,2027-08-25,Licensed,647fabca0321abc7c9c81ac2af6bc07709caa0fb0d7756457ac51c1f9424ed51
42965137,30212982,561511,COMFORT HANDS HOME CARE LLC,LICENSED,,2025-07-09,2027-07-08,Licensed,f9417e198fb6715774b28a52df0543ed4f171ce02882977b0fe4ce51a3d8ed83
42962999,30211393,280610,COMFORT NURSE CARE,LICENSED,,2025-07-19,2027-07-18,Licensed,65eda8eb02e028cc714114f2e208db9cd7613c13a24e53094d1b0ce898d0a4cf
42965385,30213130,574972,COMFORTING AID LLC,LICENSED,,2026-03-17,2028-03-16,Licensed,1eeadefde8e8246b81d652e80bd50f657e6c9b86f157aaa9cce4ec0ab4146c72
42963947,30212243,478078,"COMFORTING, LOVING AND HELPING HANDS AGENCY",LICENSED,,2025-11-17,2027-08-10,Licensed,29a4e4f5fc38379be500ff58638cb83f4a435278467d49928cce5c7ba8d85b27
42963281,30211661,347782,COMMUNICARE NURSE REGISTRY,LICENSED,,2025-11-06,2027-11-05,Licensed,94f5a43a135b860092e4ade9abdae9472281b99a1932944be58de955b9a399cd
42963245,30211640,341923,COMMUNITY ACCESS CARE,LICENSED,,2025-08-11,2027-08-10,Licensed,1e19091b4b016a0df9ae443988b4dcb7154c9f877a671415d03baa036b89dbe8
42964365,30212496,512544,"COMMUNITY ANGELS, LLC",LICENSED,,2024-11-22,2026-11-21,Licensed,cc09f2553edeb98f6e854dc032bb43910ecf720f06d728dbf51fd64af03b8f0b
42963455,30211816,374849,COMMUNITY HEALTH CARE NETWORK INCORPORATED,LICENSED,,2025-12-15,2027-12-14,Licensed,fd2a9d394db9cb6dcc15a7b84a63ee8cbd89c26d51e901289f062810bf132f14
42964106,30212408,494487,COMPANION & COMPASSION LLC,IN REVIEW,,2024-06-14,2026-06-13,In review,2b6b5b950d375f93b3dea96c84ee190afad4efa444addefd94a8f81c4f918271
42963816,30212119,448452,COMPANION CARE OF THE TREASURE COAST LLC,LICENSED,,2026-05-06,2028-05-05,Licensed,ac1c3bbec9528f5d92397c18e3b202c9aeade8c0c58184d7659b06a880138d8f
42964974,30212885,553076,"COMPANION SERVICES OF AMERICA, LLC",LICENSED,,2025-01-21,2027-01-20,Licensed,64cbc0ea87fbb7400671639780d1a45e6f6e12d247b078c55ce7ee531299f3ba
42962709,30211152,155463,COMPANIONS PLUS CORPORATION,LICENSED,,2025-10-20,2027-10-19,Licensed,e89b21a940690acbc54babb74830ff9a2c7e89deb4d436b6e9f368c26e3fac11
42962871,30211285,219227,COMPANIONS PLUS CORPORATION,LICENSED,,2025-10-20,2027-10-19,Licensed,bec1644148cea045b36f068da1c3b8089c73e2a4d942abf039675ed96132bac7
42962916,30211329,241850,"COMPASSIONATE CARE NR, LLC",LICENSED,,2026-02-19,2028-02-18,Licensed,b7c6f23680746d273bca6dda3eb8433f544194420c98da6d22d1d11b1c87d348
42963434,30211789,371286,COMPLETE HOME CARE NURSE REGISTRY,LICENSED,,2025-03-30,2027-03-29,Licensed,f2a27333546e777d8f0fd631137fc673acb2f8c556c829dbc5a47fe908ea749d
42963478,30211823,379254,COMPLETE HOME CARE NURSE REGISTRY,LICENSED,,2026-03-24,2027-03-29,Licensed,dc41a906cc138943a38eb54c32e3a0e9709ca4001ccee7804bc223c681316154
42963436,30211791,371390,COMPLETE HOME CARE NURSE REGISTRY LLC,LICENSED,,2025-03-30,2027-03-29,Licensed,69f5fe63922dbdec8f06cb1d589ff4554bf6825a921f057cd0ebcf00fa2e2be6
42963438,30211797,371795,COMPLETE HOME CARE NURSE REGISTRY LLC,LICENSED,,2025-03-30,2027-03-29,Licensed,760a400f0318093e045872466da03185b5b145cad4b697ed373288f96345cd93
42963172,30211561,327954,COMPLETE HOME CARE REGISTRY INC,LICENSED,,2026-07-19,2028-07-18,Licensed,ff08927c9881beb0ed94e49c12130a71accfeef9e0d5ddf1e426a79fc88e5804
42963276,30211656,346938,CONCIERGE CARE,LICENSED,,2025-10-20,2027-10-19,Licensed,dd9b840aaacf13c7c14227bda811a5817352ea92c9969acda804f6c7341cbaad
42963410,30211776,367371,CONCIERGE CARE,LICENSED,,2025-06-24,2027-06-23,Licensed,99821dcdb421257bc671b400f5511e7311609d9a39f8754085072be9be707664
42963582,30211921,402338,CONCIERGE CARE,LICENSED,,2025-12-05,2027-12-04,Licensed,dd20053dd296db042b92cc4cad30723d648b30bc8ea07b433c88eadfb9a67e88
42963590,30211933,404165,CONCIERGE CARE,LICENSED,,2026-03-05,2028-03-04,Licensed,b1ffbbe4cff552fc444a987ae5c7566a5351de2344bcf12d3ff76080f9d5b1a0
42963613,30211962,407934,CONCIERGE CARE,LICENSED,,2026-06-06,2028-06-05,Licensed,be98a739332207198711fec186fa9dc491f485186e8b707312c40dd5d62a0eba
42963617,30211944,408729,CONCIERGE CARE,LICENSED,,2026-05-16,2028-05-15,Licensed,87b82e4a92c584ad5e3a05f46f80228698b07dc477b2998dcf8a20efb82180f8
42963698,30212026,423165,CONCIERGE CARE,LICENSED,,2025-05-30,2027-05-29,Licensed,6ba268172de01db7c5db84c025d64c7db9a862cf95abfa4e0910bd030eb14003
42963717,30212047,426917,CONCIERGE CARE,LICENSED,,2026-02-10,2027-09-16,Licensed,471ec1ddab4537b56a0c67148673cfe4cf003697be3b7fd3806f96192e8c9243
42963732,30212045,429891,CONCIERGE CARE,LICENSED,,2025-09-11,2027-09-10,Licensed,7658f0105bb978601ee371fc86b2c631c31d8cbd955782061fff8321fe55509d
42963778,30212085,440799,CONCIERGE CARE,LICENSED,,2026-04-06,2028-04-05,Licensed,14ba11063d362d8ea08d5e73eeef2ce20fd5e42d8e71e097c35479c09d73c078
42963814,30212120,448150,CONCIERGE CARE,LICENSED,,2026-05-29,2028-05-28,Licensed,e5c8abd8493671450bc99fb6fb1b7650db1b720329052004ee409a65ee49ff1c
42963832,30212139,450427,CONCIERGE CARE,IN REVIEW,,2024-08-06,2026-07-22,In review,df105b73149a190ddc664a9b1210286290be4eac0899299fae769b80dcf32c4a
42963922,30212214,473464,CONCIERGE CARE,LICENSED,,2025-05-07,2027-05-06,Licensed,8d633398c1940cddb80ca8d7e7fde879ae75b001f7a0dd8ae03d623adfb76009
42964315,30212946,508925,CONCIERGE CARE AT HOME,LICENSED,,2025-05-12,2027-05-11,Licensed,1489f144472edfdd2c66a111784353644ca8fe0b3761b608cbb1e59a316ea4a2
42964342,30212535,511189,CONCIERGE CARE OF ORANGE PARK LLC,LICENSED,,2025-10-10,2027-01-31,Licensed,f5bb6350968a4f93c919367658f18c1fc378a8c56b170af5ee7be1f323b17416
42964314,30212476,508922,CONCIERGE NURSING CARE PALM BEACH INC,LICENSED,,2024-10-17,2026-10-16,Licensed,811d50f956b17f1f0707c0bcf4148ce2f0b0ad4ac1ae4a64f631e3d5a67ee1b6
42964691,30212800,538972,CONCIERGE RECOVERY CARE LLC,LICENSED,,2026-07-26,2028-07-25,Licensed,bc55d88908b45229f87130441708a94fd64037cb127d628225bb37cdc93399d1
42964148,30212609,497474,CONSUELO HEALTH CARE LLC,LICENSED,,2025-06-27,2027-06-26,Licensed,776a56ddfae825ac9c4fd5d7d0eefc88782a354e4da2f7db8c52b11b2780ff7c
42965391,30213060,575425,CONTINUHOME HEALTH CONNECTIONS,LICENSED,,2025-11-12,2027-11-11,Licensed,001fda802e183edf3e5580f8ccfefcdb0a0b537ece3fd1b94461b98b0bd96a0a
42965498,30213207,581749,COPALME SERVICES LLC,LICENSED,,2026-08-21,2028-08-20,Licensed,5f8547e777ac8a134219cb8fea590151ebe89a9cdfc4e974f1cf8e36ef2574b2
42963930,30212258,475696,CORA JOHN STAFFING & CARE MANAGEMENT INC,LICENSED,,2026-06-01,2027-09-16,Licensed,d5a3c2b9a7801427626e28c8b13dba9d9577d3c6107b792a882459d03f70bc34
42965468,30213169,580072,CORREA HEALTH CARE SERVICES LLC,LICENSED,,2026-06-30,2028-06-29,Licensed,3f03eeb69645bc5131d7e00a1da67e3c4a308089466453d823bd9f62e38aab99
42965691,30213184,591144,COTTAGE HOME CARE FL LLC,LICENSED,,2026-07-27,2028-07-26,Licensed,cf079951ccbcc375ac9ddfdfba1d087f55dba30dbb5683339a71258a9255c1e3
42964565,30212637,529047,"COVADONGA CARE SERVICES, INC",LICENSED,,2025-09-19,2027-09-18,Licensed,cb77d75102c7938f7a7f823432f025bc043e408589c01b4f02ae6a51a197620a
42965273,30213025,569237,COVENANT CARE SOLUTIONS LLC,LICENSED,,2025-09-18,2027-09-17,Licensed,694d11b153aa81d87a808515fa88d7c0a5f9e8ba433b503223542f2646195106
42965531,30213145,583939,CREATIVE MILESTONES SUPPORT SERVICES INC,LICENSED,,2026-04-23,2028-04-22,Licensed,6945f7eb2ee779326dd5f650b7ab523b32837df818fc82469e733b00d79e6ec1
42963731,30212066,429834,CREDIBLE HEALTH HOMECARE LLC,LICENSED,,2025-12-23,2027-12-22,Licensed,94189844f873c2574df8309340443966dec04375cce763454638585da19ab6d4
42963879,30212179,458513,CREDIBLE HOMECARE SERVICES INC,LICENSED,,2025-01-21,2027-01-20,Licensed,8c2ee270f5fd802708b4bace65ce3805813b34ecdbbb1de3c1ec9f527b1b2289
42965354,30213076,573454,CROWN SENIOR CARE LLC,LICENSED,,2025-12-07,2027-12-06,Licensed,809601d4b9cdd91df57ec804e9cb9ff79c46fa3f5c7451bd18360a94b41b9cd6
42963211,30211593,336294,CSI CATALANO'S NURSES REGISTRY INC,LICENSED,,2025-01-14,2027-01-13,Licensed,6cdc7d583f6b0ca4cbd87038e039f24bc19df9ce7901b2fea056581af8fcc534
42962491,30210968,31570,"CSI CATALANO'S NURSES REGISTRY, INC.",LICENSED,,2026-07-21,2028-07-20,Licensed,eae2c240419c64df4c4e222ff262f8442017ceb1777e4ff750aacd0029405871
42930004,3002096,31514,CSI CATALANOS NURSES REGISTRY INC,LICENSED,,2026-02-27,2028-05-01,Licensed,e7e558fda6e750259a7f2a8c9d25c776df8eb485f5b61fb4d4671b009aa6996f
42962489,30210967,31568,CSI CATALANOS NURSES REGISTRY INC,LICENSED,,2026-07-21,2028-07-20,Licensed,6941de057e96a3c17b06f558fc6adfb74c6a71cc5f5f7142f94e0cc04751a5de
42962490,30210964,31569,CSI CATALANOS NURSES REGISTRY INC,LICENSED,,2026-06-23,2028-06-22,Licensed,b28f9dfd75132de0a6ed2806d33e720834351178b3f599b1dbf1cd71eca49697
42962931,30211337,249043,CSI CATALANOS NURSES REGISTRY INC,LICENSED,,2026-04-30,2028-04-29,Licensed,b3b2eeba958a164bccd2b732a9803eb8f8964f109117eb41a9fd8ac6095c34ad
42965253,30212997,567865,D & H RELIABLE IN HOME CARE LLC,LICENSED,,2025-08-11,2027-08-10,Licensed,3ecec9cb9490e7b7dcbffc60066a02920bfff84c3740095d7e2170365e2cda91
42965486,30213124,581055,D&A SENIOR CARE CORP,LICENSED,,2026-03-11,2028-03-10,Licensed,3b40663d5730cb8e1ec9bd468e460f9716fd75e4e669cbbe8f1c8f326a469907
42963195,30211578,332391,DALYS CORPORATION,LICENSED,,2025-06-14,2026-10-31,Licensed,fdc6f6e7995943ecd622b16282f54ea52afbbd4be084a0544cfdde3077676c93
42965190,30213074,564622,DANA HEALTH SERVICES INC,LICENSED,,2025-12-06,2027-12-05,Licensed,63d0e9243360cc92afde90603bd91ca343c5bb6c392a24aeb3024c690565276c
42965308,30213056,571187,"DANDY DANA, LLC",LICENSED,,2025-10-30,2027-10-29,Licensed,a57b46d0e51b1ca1e6ba68dc75a11259c413b794ee2df50a997587e8c37cbfdd
42964441,30212566,517281,DAWN HOME CARE LLC,LICENSED,,2025-04-11,2027-03-23,Licensed,371e245e951eb074fbb33e025bcd81e52f53d4fa520ed2c29c80930893b1da38
42964602,30212652,531828,DE LA RUA CARE INC,LICENSED,,2025-10-19,2027-10-18,Licensed,264c847e586ac7b63d90b95759124104e86ee4e52cb4dc6d8c57a7e24be40014
42963257,30211629,343443,"DEDICATED ANGEL, INC.",LICENSED,,2025-07-09,2027-07-08,Licensed,1ccbb8e68713c470f8e73fe0cb93ed95e42c3bd73d73e43bfbce609ddfa568d6
42963710,30212039,424359,DEFINITIVE CAREGIVERS LLC,LICENSED,,2025-06-27,2027-06-26,Licensed,54bbdbe0adfae2b9a3bf18084e70a39f1ec93d04f9699deb87e7006651c4bd36
42964853,30212770,545819,DELILAH HEALTH SERVICES LLC,LICENSED,,2026-06-13,2028-06-12,Licensed,cdd49c46cfd7da5012d811b1daadd02a4ce4a5ffaf06b90e6638be36b2547612
42963367,30211730,359596,DEPENDABLE SENIOR CARE LLC,LICENSED,,2025-01-31,2027-01-30,Licensed,7685add1e32f2154ebe879b730e66b236bd8725efb91c05909565c7044cc1365
42963427,30211799,370187,DEPENDABLE SENIOR CARE LLC,LICENSED,,2025-01-31,2027-01-30,Licensed,358522126127836bf8491aebe9682ab2065553d327d97e4cf117f554f3c8b9de
42963444,30211800,372888,DEVINE CARE PLUS,LICENSED,,2025-11-12,2027-11-11,Licensed,47bb14c578248044d168a50ea2d80cced4c1c07953478564d2a1698b52ddff26
42962668,30211116,148287,DIAL A NURSE OF FORT MYERS REGISTRY INC,LICENSED,,2026-06-02,2028-06-01,Licensed,97164240acfea0d509ba2bd511f63fb859aff63b699a4c5194302097c5e02ec3
42964349,30212543,511524,DIAMOND'S FAMILY CARE INC,LICENSED,,2026-01-06,2027-02-13,Licensed,cf27538849358678a4500e13ae2ca5391c999cbe8829fa853b10a7eba644c125
42963902,30212200,463035,DIGNIFIED ANGELS IN CARE LLC,LICENSED,,2025-04-09,2027-04-08,Licensed,de4c4b73d242649d1588e91b429ed713e8528b386bb914bd485147ceefc8d05a
42965565,30213140,585991,DIGNITY COMPANION AND HOMECARE SERVICES LLC,LICENSED,,2026-04-15,2028-04-14,Licensed,0cfafaf2f4478893bfb91b5ed34fe5eee46d2c9a511af809cd98828b96ae13d0
42962554,30211025,31633,"DIMI NURSING, INC.",LICENSED,,2026-04-26,2028-04-25,Licensed,1e6da6ef0bc457978a1c2cdf2343a72362022df981cb1cf1ed7a723b2b7f919c
42963085,30211469,304356,DIRECT ACCESS AT HOME,LICENSED,,2024-11-15,2026-11-14,Licensed,56cc43646b5922930a831f3c553379c6cdf067da3b4bae019a1170ffe349ac63
42963471,30211818,378184,"DIVERSE HOME CARE SERVICES, INC",LICENSED,,2026-04-19,2028-04-18,Licensed,75950330640a3d765a844cf496a2b8e2ddac4cb048df3bdab31e0a4fae4ca9b1
42965415,30213115,576743,DIVINE HOME CARE,LICENSED,,2026-02-23,2028-02-22,Licensed,6dd0b37ef67610df5241cfd7a93377b361713d5aaedfc80a8dc52cf1a040c578
42964737,30212708,540938,DOCTORS PREFERRED NURSE REGISTRY II LLC,LICENSED,,2026-02-28,2028-02-27,Licensed,e44592ffa0addbeed04ed081bb5d33e87109b8f9b51947f14771c0f877e04bba
42964554,30212607,528094,DOCTORS PREFERRED NURSE REGISTRY INC,LICENSED,,2025-06-14,2027-06-13,Licensed,33737b926092c03061bead66014f62fc0209bd8b355ea1aed2c8d66c0ee024d4
42962597,30211056,31676,DOUGLAS GARDENS HOME CARE INC,LICENSED,,2026-04-23,2028-04-22,Licensed,b47838dc00b5c7df2d0140e20188beeecd2209ea0fea833d7ee629993107411f
42963480,30211838,379507,DOUGLAS GARDENS HOME CARE INC,LICENSED,,2026-06-13,2028-06-12,Licensed,41251394f31bba2d9963f957677cbc56c0b5399529f78a065843efa7d0006a0d
42964111,30212545,494752,DRJ SERVICES LLC,LICENSED,,2025-02-14,2027-02-13,Licensed,65672a9126dd2d2683d6e56ab5827fb06dc86e3710a4f1c410f2dc9f461e6140
42965178,30213004,563733,DUMBAT HEALTH SERVICES INC,LICENSED,,2025-08-26,2027-08-25,Licensed,70502cca83d5660dd5a2a22e16c06807eb60f910d15f9c2260ffd0ff92d66011
42963456,30211829,375149,E7 HOME CARE,LICENSED,,2026-04-12,2028-04-11,Licensed,71bd82e06a0c4dc6b23e2a2043d56b84d7117b6bb588f222e2d6f2104cc39a3a
42964256,30212536,505111,"EASY NURSE REGISTRY, CORP",LICENSED,,2025-02-01,2027-01-31,Licensed,c2a1ce6b7621060c3358bc50a6cb9bd1ffd78fa3082cdaf03f4d769d081f430a
42964626,30212673,533960,"ECG HOME COMPANION, LLC",LICENSED,,2025-12-04,2027-12-03,Licensed,0b6a06e1c51bc925254678687ebdf37723942b1ef88426d4e9cf95ad7dfd5ad2
42964085,30212345,492949,EDEN HOME HEALTH MARTIN LLC,LICENSED,,2026-02-25,2028-02-24,Licensed,863234b5fbe53fa9ea02cbd3433c1f3989934070b979c034c3819f4e29897a5b
42964281,30212493,507128,EJAI LOVES HOMECARE SERVICES INC,LICENSED,,2024-11-01,2026-10-31,Licensed,0b7c2309f94b3864d8e79aafdfef0ae56aabc8fca3bbd3a3bcca0270bc82e385
42965081,30212945,558821,EJAI LOVES HOMECARE SERVICES INC,LICENSED,,2025-05-08,2027-05-07,Licensed,1afb1088bac9e9675311e6806c27fe9188c1e2a5e4032cada29a7082f0e06fed
42964933,30212786,550401,"EJAI LOVES HOMECARE SERVICES, INC",LICENSED,,2026-07-11,2028-07-10,Licensed,ee0d363b5c4803389610ca5766594b5b12966cf74e3c6839fdaf986921fc91a8
42965019,30212849,554943,"EJAI LOVES HOMECARE SERVICES, INC",LICENSED,,2026-11-08,2028-11-07,Licensed,6ae5cd34a69316af0eef12d44155f44d8f8f048d17a04719f4d2b4ced1876153
42965377,30213176,574598,"ELDER COMFORT SERVICES, LLC",LICENSED,,2026-07-16,2028-07-15,Licensed,12ccda7c5a59fc77ec048de455f4fd4082fe0736051e50e8bcbc82a19c00dedc
42963490,30211847,382654,ELDER HOME CARE SERVICES,LICENSED,,2026-05-11,2028-05-10,Licensed,a19e5ae176c00eacfff976c6882766c0c911934f7251390276d05896626f8120
42964024,30212295,487668,ELDERBERRY HOME HEALTH SERVICES LLC,LICENSED,,2025-11-23,2027-11-22,Licensed,a93bbc4c20dafab8df3e2df1cfd6ca1a1a76a3d743d9f882f56a4b08405d1c3c
42965454,30213225,579333,ELDERBERRY HOME HEALTH SERVICES OF SOUTH FLORIDA LLC,LICENSED,,2026-09-19,2028-09-18,Licensed,191aa7cdfdeed0a3c3fc3d83711d01f5071d0a57fe2a4af22f72db6fc7e2aacb
42965338,30213069,572892,ELEVATE HOME HEALTH CORP,LICENSED,,2025-12-04,2027-12-03,Licensed,2d7676f20c89824ff39bc8a1e9aa308427487e30ed05cc7d4dc6039e9ff20ef6
42964197,30212399,501177,"ELITE CARE HOME HEALTH AGENCY, LLC",IN REVIEW,,2024-05-27,2026-05-26,In review,1c10ed56fd86c2406b0ea8404ba62b8cc3d1ddc74dcb6b7d8b78880ebed5021f
42965716,30213192,592468,"ELITE CARE HOME HEALTH AGENCY, LLC",LICENSED,,2026-08-04,2028-08-03,Licensed,e919c0499eb5cfaf16795e52ced96cbfcacfb6986b3f39ad4ec803367a4e7468
42963959,30212279,480367,ELITE CAREGIVERS HOME CARE CORP,LICENSED,,2025-10-18,2027-10-17,Licensed,432134683d3909de0e47d868ad16dc17760c891127949e34d6d6d39f1f4282bc
42964062,30212304,490894,ELITE FAMILY HOME CARE INC,LICENSED,,2025-12-13,2027-12-12,Licensed,3f5a4973cf66cf7b954db6817318dc04d7d421aa6272de5315d462f38eb6c3f5
42964641,30212679,535671,ELITE FAMILY HOME CARE INC,LICENSED,,2025-12-06,2027-12-05,Licensed,87e667fbaf1a1fe888762720ae609b451b544d3f0a6d54215e73ab936a426d5a
42964947,30212854,551317,ELITE HOME CARE NOW LLC,LICENSED,,2024-11-18,2026-11-17,Licensed,1128b5108aacd545eec9a463aff8caf3bad47e66d9889fc073685a8bc938fa18
42965559,30213166,585536,ELITE OF MIAMI SERVICES LLC,LICENSED,,2026-06-23,2028-06-22,Licensed,2397a82f53e4386ae44afe4558710f96fc0c898d843c570a3c53d94d0ebe731a
42964056,30212324,490368,"ELITE SUPPORT CARE, INC",LICENSED,,2026-01-11,2028-01-10,Licensed,126bbe7af8d815d3e7d216f410e2aaceec4b98da4256f737ce15fa14d1ec4b33
42964022,30212276,487642,ELITE THERAPY SERVICE INC,LICENSED,,2025-10-15,2027-10-14,Licensed,8348a8664c353c268d77f689412705b9ea115475eb0b09de32045713e92c6eb5
42965024,30212898,555397,EMBRACING LOVE HOME CARE LLC,LICENSED,,2026-09-26,2027-02-12,Licensed,80597cf03d53aa3fc5674c963e9438c25fa90ad034c0138ee0aea636e19a3be9
42963223,30211589,338640,EMERALD SENIOR CARE,LICENSED,,2025-06-24,2026-12-31,Licensed,cdda3910b3b3e77fd365a42d4025444a1f8c5c772d57df2b58bd13ff12a24452
42963955,30212247,479584,EMPOWERED COMMUNITY LIVING LLC,LICENSED,,2025-08-20,2027-08-19,Licensed,c7e172c6643654312bcb35cff7ad4aa96d6458e950c074628eb55b5f94529d3e
42965207,30213019,565586,"EMROSE CARE SERVICES, LLC",LICENSED,,2025-09-09,2027-09-08,Licensed,967637c7cd4d8e2f0740032fe82025ee5621a0123337c9de779786f4f19072e7
42964490,30212610,521628,ENDLESS ABILITIES FOR CHILDREN WITH DISABILITIES INC,LICENSED,,2025-08-05,2027-06-27,Licensed,9ce6161ff51ba9e49d62e5248069381e3175ef5877f725dd4d4ef9918e54970e
42963268,30211637,345716,ENVISTA HEALTH LLC,LICENSED,,2025-09-25,2027-09-24,Licensed,baab07bf2b9640f397143f3319b86ac9a7e55d3a4d81c22620effc77e4f9bd5d
42964899,30212773,548847,EPIC HEALTH AID LLC,LICENSED,,2026-06-17,2028-06-16,Licensed,f9155697bb162dc9580fccf1db8af4c0a698c72f3c6629f19fa9cad2620c48b1
42965246,30213003,567384,ER HEALTH SERVICES LLC,LICENSED,,2025-08-26,2027-08-25,Licensed,12a7d220f57aeb5cabf23d5a4848fccf1c7e7051248434d48a8361558f9685f2
42964235,30212425,503374,ERENA IGBE CARE SERVICES CORP,LICENSED,,2026-07-21,2028-07-20,Licensed,a8fe8b7a22ad4e98fd4e5a27fa68d468d9e56948409687c9cf0c519793cfcc2d
42965576,30213186,586441,ESPERANZA GROUP LLC,LICENSED,,2026-07-28,2028-07-27,Licensed,afb8065ba04a1dabb70e1e3ff524b8142b5baf1557db06aa0aa9a8a603813632
42965525,30213144,583427,"ESSENTIAL CARE SOLUTIONS, LLC",LICENSED,,2026-04-20,2028-04-19,Licensed,770cd3985a634cba767fa271b37b275b5ca53bfe9ab5c39c21795081c2bc7460
42965527,30213217,583683,"ETQOL NURSE CARE AGENCY, LLC",LICENSED,,2026-09-09,2028-09-08,Licensed,1177725ae45e8087c1a67d8aeda840fc87f38ac68a61ddb723cc45735534e324
42965424,30213131,577154,EVAN HOME CARE LLC,LICENSED,,2026-03-18,2028-03-17,Licensed,d5add7769633884aeeb7ba305ea03b1158f229b00ebd73a9838265726f94b47d
42963383,30211748,362782,EVELYNPEARL NURSE REGISTRY,LICENSED,,2025-02-08,2027-02-07,Licensed,2376c07fcde18c4c112373ecdbcd0fcc95d74d2f99bddea615671c0ea987fc94
42965722,30213231,592736,"EVERLUX NURSING SERVICES, LLC",LICENSED,,2026-09-23,2028-09-22,Licensed,b0fed97c28b51483789eb303c319e2dc59e0fc22706bfe81e47c49300d28f9d7
42965679,30213203,590797,EVERSAFE CARE LLC,LICENSED,,2026-08-12,2028-08-11,Licensed,0be4ced2919907de99f50a947cf95e09e5809ed464cd9ea06c263d99008f6de9
42964222,30212428,502721,EVOLUTION CARE SERVICES LLC,IN REVIEW,,2024-07-27,2026-07-26,In review,2a986e5769a46a92fb51b86f9b18b1e8aeb4e8340f9241e1a6688eaf28e55e6e
42964354,30212512,511708,EVOLUTION CARE SERVICES LLC,LICENSED,,2025-10-01,2026-12-18,Licensed,43ec51a9e35b720e42b040d8bba038ec89e40e83c591c8dae5c73a8ba8d5d73a
42965403,30213211,576196,"EVOLUTION HOME HEALTH SERVICES, CORP",LICENSED,,2026-09-02,2028-09-01,Licensed,76c19f380b82d1c418fc25dad418bb35e7a5f6f16910d761210ad958d735b88f
42965179,30212964,563759,EVOLUTION NURSE REGISTRY INC.,LICENSED,,2026-04-14,2027-05-29,Licensed,9a3fe3133e30a1932a62bf3c97183b3ff96d6d95adf97d5b4c67e9d0efd359b6
42963969,30212267,481372,EXCELLENCE HOME CARE LLC,LICENSED,,2025-09-29,2027-09-28,Licensed,0c7bd3eb9cb6b0982586143ffc77168438a293d8864a30f75bea8e2d4afa271c
42964088,30212383,493183,EXCELLENCE HOME CARE NURSE REGISTRY LLC,LICENSED,,2026-05-02,2028-05-01,Licensed,2110f5f4d758627f2cd70964919da0a67a42a0219005745c69918c58bc7bc458
42963502,30211880,384932,EXCELLENCE HOME SUPPORT CORP,LICENSED,,2025-02-27,2027-02-26,Licensed,8e93045292e5acd591117c25ea9fd9e546b086808c3c57203170a1c93a9ddc2a
42964123,30212485,496117,EXCELLENCE QUALITY SERVICES CARE INC,LICENSED,,2026-10-28,2028-10-27,Licensed,2728a77e7ef4d83dfbf8c79fa5ad4ceb3ec7d4a1a3c208d850c5c05652017da5
42963316,30211700,351955,"EXCELLENT CARE HOME CARE, INC",LICENSED,,2026-04-13,2028-04-12,Licensed,01751d736f483220865833f99a6f009bd9da517491a1b7b2c2e1bba88605dc70
42964011,30212373,486156,EXCELLENT CARE SOLUTION FOR ALL LLC,IN REVIEW,,2024-04-15,2026-04-14,In review,f8d9eccbbc271e7920228ecda99854a05797f1f6dd965cf36c8f5afac7b02154
42964922,30212978,549795,EXCELY HEALTH SERVICES LLC,LICENSED,,2025-06-19,2027-06-18,Licensed,113180353995a42eafd6c476e873f7952b26607fc50a0b1700a5dfd8432b05c0
42962855,30211270,212249,EXPERT CARE NURSING REGISTRY INC,LICENSED,,2026-10-18,2028-10-17,Licensed,29f049ce5e63bc25290b7a8a468e606fdce2eeb42efe951c2afae42a4e5148f1
42965683,30213221,590868,FAITH ALLIANCE HOME CARE INC,LICENSED,,2026-09-12,2028-09-11,Licensed,1fca561a8ee073abfdd38a735be7e20830a994cde7e4a3388ddf1f1a9c2582cc
42964304,30212483,508320,FAITH CARE CENTER FLORIDA INC,LICENSED,,2025-03-15,2026-10-26,Licensed,dc61785d41fc4432bc8cc0b6960e33fe91b862ba78c199d9a8db947ad915d613
42964657,30212700,536984,"FAITH CARE CENTER FLORIDA, INC",LICENSED,,2026-02-09,2028-02-08,Licensed,ff6be598fdeabc23aa07051b0d62bc99b03ec645aa69a5227e97dd50ba5156ea
42963827,30212181,449577,FAITH HEALTH CARE SERVICES LLC,LICENSED,,2025-01-25,2027-01-24,Licensed,9ec346dce54e43943ab0af1097cf36da56951d67730e487ba13e8941e0bf2b96
42963616,30211987,408693,FAITHFUL CAREGIVERS LLC,LICENSED,,2024-11-12,2026-11-11,Licensed,41e365faf24583af4f0fb4c40c624d543d8c6f57d6dfbea2f3cc335a95095ecb
42964064,30212312,491016,FAITHFULNESSCARE LLC,LICENSED,,2025-12-20,2027-12-19,Licensed,3e289ef74f75673ee69db6f51ffaa6f8fef00eb3f657472d51672fe34fb421bd
42964781,30212723,542184,FAITHFULNESSCARE LLC,LICENSED,,2026-04-10,2028-04-09,Licensed,77ca29ab7fb52612baf3da2bca7b5e881d6fd225ae9d9a7c66d63fbdfda8fe0e
42962588,30211052,31667,FAMILY CARE GIVERS INC,LICENSED,,2026-04-08,2028-04-07,Licensed,f02f450b2d3d58946b5d4096e26086292a8813d3d2d2c6399682932702291213
42962610,30211075,31689,FAMILY CARE NURSE REGISTRY INC,LICENSED,,2024-10-21,2026-10-20,Licensed,25e98a3bba91d6898c6d465d10d458f38ea953523c142f4715d15a701c7d952d
42964644,30212682,535983,FAMILY FIRST HOME HEALTH CARE LLC,LICENSED,,2025-12-08,2027-12-07,Licensed,0d14b606e8de996a749748d76c9d5b2e4793f10bd73f32bb4ed38160a4c8f76f
42963452,30211820,374203,FAMILY FIRST HOME HEALTHCARE LLC,LICENSED,,2026-04-19,2028-04-18,Licensed,b0ec4a9ec695453e3e37516b45a282bae413056ae26cce5d5ff0228bb76ffd55
42963157,30211538,323789,FAMILY FRIENDS HOME CARE,LICENSED,,2026-05-14,2028-03-04,Licensed,0b0534680deac75f83b64599c84c38c9ca8ea31ca781a97bcb1b0147505dad69
42962569,30211029,31648,FAMILY LIFE CARE INC,LICENSED,,2026-02-03,2028-02-02,Licensed,53cbc6fdfe09e26ecb20dba7408cd705d9adf72809cff3f2429f005ea415d329
42962743,30211175,171046,FAMILY LIFE CARE INC,LICENSED,,2026-02-03,2028-02-02,Licensed,0267bf1c0ba1977439c1c346ac73f4a1db85537745cb39cbaf8cc976c6487cce
42962912,30211324,239808,"FAMILY LIFE CARE, INC",LICENSED,,2026-02-03,2028-02-02,Licensed,57c38d49fbd3d0df808d466be99e53fbb2689ed449850e041e8a58fb8b191086
42963579,30211927,401934,"FAMILY LIFE CARE, INC",LICENSED,,2026-01-30,2028-01-29,Licensed,fc1f076784047b1277688285f1e37e1564e3b07cf25c4dab3f502aae9da71dd9
42964665,30212707,537190,"FAMILY OASIS NURSE REGISTRY, INC",LICENSED,,2026-02-23,2028-02-22,Licensed,7b2d79f15ba9231dca40fbbb0dbcf9fc21a02274ff579afdb30392c6ddf62a96
42965141,30212977,561586,FAMILY SOLUTIONS HEALTH CARE CORP,LICENSED,,2025-06-17,2027-06-16,Licensed,e9b313e78cf5a41f0b9f551b0766f42e76ffd4902c770f31799a5f2bc599d678
42965319,30213032,571712,FAMILY TREE HOMECARE LLC,LICENSED,,2025-09-26,2027-09-25,Licensed,b01d0454a9045e9565b5705faacc65237587a136273737f2650edf069301e2e8
42965115,30213020,560176,FAMILY VALUES OF FLORIDA LLC,LICENSED,,2025-09-09,2027-09-08,Licensed,f34fc1ff0bf015787a49e67f6376cf52965cc92669ffba07b79bd0dbe1f5213e
42964870,30212892,547109,FANCY HOME CARE SERVICES LLC,LICENSED,,2025-01-30,2027-01-29,Licensed,e46b189b9b7e7da4b461464e57d625e710aea3f5da4fe3157378acde36f0934c
42964359,30212525,512091,FASCINATING CARE CORP,LICENSED,,2025-01-11,2027-01-10,Licensed,806467e978de6d72cb2cdff49ec731e10afe303fd45c4d301f73d89ad42f12c3
42962623,30211091,140472,FEINGOLD NURSING SERVICES,LICENSED,,2026-01-26,2028-01-25,Licensed,6337eaf1fc8aaf12f34a9d79b3b00ee95139128a372e5882b3f5d61595c2c1cb
42964474,30212562,520003,FIDELITY HEALTH CARE SERVICES INC,LICENSED,,2025-03-14,2027-03-13,Licensed,68df568a744bd8db5de6d16ac623ff0f6daeba10b87c8a6f9cd94e5a57e12da9
42964923,30212858,549796,"FIGS HOME CARE ALLIANCE, LLC",LICENSED,,2024-11-20,2026-11-19,Licensed,d92c00a69c93812fbc75b56e46abbf8b9d2382677e78dbdc7c06163f01cd771d
42963876,30212187,457716,FIND YOUR INDEPENDENCE,LICENSED,,2025-03-02,2027-03-01,Licensed,ab18bacc5feb30292361b3a8e436965505d1511806ab398a7daa53f395e26d0e
42964034,30212358,488651,FINNISH AMERICAN HOME CARE,LICENSED,,2026-03-10,2028-03-09,Licensed,cc051fb5f568efe7702c4bc4f7b55a40ff515a9b69a4d28f8a7ee3a6a3e79d96
42963388,30211775,363882,"FIRST ASSIST NURSING AND HOMECARE, INC.",LICENSED,,2025-06-22,2027-06-21,Licensed,5a2d9a9966df365c9b886ff49628666600203a43a9fe8df725f1457d3498290c
42962632,30211082,142019,FIRST CALL HOMECARE SERVICES INC,LICENSED,,2025-11-04,2027-11-03,Licensed,60ea7597c792ba93562725539323ade28b050b78d09d77251b037ee088aec356
42963974,30212316,482565,FIRST CHOICE NURSE REGISTRY LLC,LICENSED,,2025-12-22,2027-12-21,Licensed,d68ad37bc37ad9f72758cb395d39b906ea454be7d4a9c06df19a8e2937be123e
42964755,30212705,541398,FIRST HEALTH HOMECARE LLC,LICENSED,,2026-02-16,2028-02-15,Licensed,5cfbc0d10b3de34baf2f0f22ea3c5322a4f7179bc960483267532a1a05b4c41d
42964437,30212540,517069,FIRST IMPRESSIONS STAFFING LLC,LICENSED,,2025-02-14,2027-02-13,Licensed,79b05407f64e8cb6cb6a7eed32f6c5c88567d9ae04d2cc68766df973ddb84367
42964611,30212663,532655,FIRST IMPRESSIONS STAFFING LLC,LICENSED,,2025-11-08,2027-11-07,Licensed,902486f47ea1c9fc5fefe5613c03b95cd354ed350d802e5252966d469e1b8012
42965163,30212983,563212,FIRST IMPRESSIONS STAFFING LLC,LICENSED,,2025-07-09,2027-07-08,Licensed,5eccc56e51cdcdf5d5aa0d91a93b4fdc919ccfee453516b78c2fb92f8b668fe3
42965244,30213112,567364,"FIRST LIGHT CARE, INC.",LICENSED,,2026-02-17,2028-02-16,Licensed,8516e8893608702cc04480c8421895c0a2645617d1e77feb44a209ba3df49ed1
42964039,30212347,488987,FIRST LOVE & CARE LLC,LICENSED,,2026-03-03,2028-03-02,Licensed,5184ebe044ce518a3148c3aa6b73455972ce29568f9e87c6c85cc88ccb692d0d
42964889,30212790,548184,FIRST OPTION CARE LLC,LICENSED,,2026-07-16,2028-07-15,Licensed,5f829f99b735554ab91b3f882f828998e23bc4da665f8fd15d534b68f146e71f
42965742,30213200,593196,FIRST WATCH HOME HEALTH AGENCY,LICENSED,,2026-08-11,2028-08-10,Licensed,1747ef691bca01241411d1221618d18e8ffe8316703f817edde7acc85729066f
42963273,30211647,346482,"FIRST-CLASS NURSING REGISTRY, INC",LICENSED,,2025-09-04,2027-09-03,Licensed,1554bf85498137d09101f1ae2b0860336cb148f8d4cb69801461bbb047052e7e
42962670,30211112,148303,FIRSTLANTIC NURSES REGISTRY INC,LICENSED,,2026-07-29,2028-07-28,Licensed,88292904c3e80e770b1756b96f9c09bc58cb1bbc926a9cba63612b42e3782121
42962752,30211184,178120,FIRSTLANTIC NURSES REGISTRY INC,LICENSED,,2026-10-27,2028-10-26,Licensed,ec388594e9c6ee150ac8771828873655842b00fa9817a7e86340a9f78685cb96
42964936,30212797,550714,FIVE STAR PROFESSIONAL HOME CARE STAFFING 2 LLC,LICENSED,,2025-06-06,2027-06-05,Licensed,d0549182ae23fe7f6f769b8f8ae18768bce9c855c33cb670b04bb6010c041a56
42964580,30212627,530027,"FIVE STAR PROFESSIONAL HOME CARE STAFFING, LLC",LICENSED,,2025-08-09,2027-08-08,Licensed,fda92de8b30496094a928f5fe2bc094e7cc59b89ee003f15fa351c017438f3ed
42965085,30212893,558939,FL CARE SOLUTIONS LLC,LICENSED,,2025-11-01,2027-01-29,Licensed,7d7def66f46a2f3d2cb9876b074e1892469d9b5712ce6b11478657979228106a
42962614,30211076,31693,FLORICARE REGISTRY & SERVICES INC,LICENSED,,2024-10-30,2026-10-29,Licensed,dddef91dd083c6a2c4f724d7ff176fee21bfea835f1f345406d8360669d876f8
42965626,30213188,588763,"FLORIDA APRN QUALITY CONNECT, CORPORATION",LICENSED,,2026-07-29,2028-07-28,Licensed,c4bafd86b62911deb6b980b1067c864c0092b515e01dce8b176974a940de4fc1
42964664,30212699,537189,FLORIDA BEST HOME CARE LLC,LICENSED,,2026-02-09,2028-02-08,Licensed,fd300129d8aec25668fcd47763394eda067851878451572b9c6d72ddbfcebb6b
42965042,30212891,556686,FLORIDA BEST HOME CARE LLC,LICENSED,,2025-01-29,2027-01-28,Licensed,48000cfa888cd43e7918ba2eab07eac9a7b02ba6f7d399654485ce5cac8ae3a3
42963315,30211698,351924,FLORIDA CAREGIVERS INC,LICENSED,,2026-04-10,2028-04-09,Licensed,2a419ea26284c5321e42328a2022d4df96fb80406f663248b49490d133e53303
42963681,30212049,419802,FLORIDA CARING NURSES REGISTRY LLC,LICENSED,,2025-10-06,2027-10-05,Licensed,779157a110c0c478cfd8e545a687502041e92a5366f34dfae36d8da6b465cace
42965034,30212873,555876,FLORIDA CONCIERGE HOMECARE INC,LICENSED,,2024-12-26,2026-12-25,Licensed,7b5ced157f79d90cf65ecf845b86394e35bcb9036176db2fc339bf043ae81908
42964285,30212487,507373,FLORIDA NURSING CARE SERVICES CORP,LICENSED,,2026-10-28,2028-10-27,Licensed,febe9242656970da0aa538324e428c44da1810c565bc60182d6a5331e69713b9
42965718,30213230,592544,FLORIDA NURSING CARE SERVICES II LLC,LICENSED,,2026-09-23,2028-09-22,Licensed,fdf7b0e494e1a76eed7545cbe667edb40461c93b22817e0fd8bc5e9e1f49b354
42963919,30212220,472934,FLORIDA STATE NURSE REGISTRY LLC,LICENSED,,2025-05-25,2027-05-24,Licensed,770b82528cfcd344e0f80e9e49fc33b4acd9b0cbb0f07939a547b2eddeecc226
42964637,30212691,534812,"FLORIDA STATE NURSE REGISTRY SOUTH, LLC",LICENSED,,2026-01-10,2028-01-09,Licensed,a24729c2993714aed1ca74cdb723b3b688e4137619ae121862eb34882c6cde48
42962771,30211209,182947,"FLORIDA WEST HOME CARE, INC",LICENSED,,2026-02-21,2028-02-20,Licensed,1ef3483b3d16fc23c0d07ce2a977fe5b0be6917910494678e43b6c77e678e860
42963826,30212122,449572,FLORIDIAN HEALTHCARE INC,LICENSED,,2026-06-04,2028-06-03,Licensed,628d195a196ce3e98db17d326adefede3a5311bd8d498e3488b081a2d96aba52
42963294,30211664,349270,FLORRY CREATIVE CARE CORP,LICENSED,,2025-12-08,2027-12-07,Licensed,d92c0cab7a5e0146ce10425e1d86d1eaf83204976095085585193eb3ef2d39a7
42963594,30211928,404777,"FOCUS FAMILY CARE, LLC",LICENSED,,2026-02-01,2028-01-31,Licensed,884f13c3c34b4bd6f1228a2b71f2a65e51f0b860b1bc4cc8f31f3f4a728aea06
42963984,30212271,483669,FOREVER LOVING HANDS INC,LICENSED,,2025-10-07,2027-10-06,Licensed,ca28b55a52f351157ea2b6ce43464974214d52b78a16c1a82631e2b2610c586f
42965221,30212995,566339,FORRESTER HOMECARE LLC,LICENSED,,2025-08-06,2027-08-05,Licensed,0940537352257fe9c39d0154c42e01fcc20fb5300d3c14655b1cd2b3b6c58878
42964951,30212814,551550,FOUR CORNERS NURSING SERVICES LLC,LICENSED,,2026-08-15,2028-08-14,Licensed,d033f83fe800c690b04e4e3136eeed6d175d1d1819101e3b64b44da17fa31ca2
42965549,30213154,584763,FOUR CORNERS NURSING SERVICES LLC,LICENSED,,2026-06-05,2028-06-04,Licensed,10cb0bb0fe6a8bceaa358deeca27398ab25e50f4b331682ca99e9b315299903b
42965146,30212933,562284,FREEDOM OF CHOICE SUPPORT SERVICES SO FL INC,LICENSED,,2025-04-16,2027-04-15,Licensed,581bdacf7a7604e84d9717113544687d1f9dcfd3f389c831cdf82e7f7158f38d
42965089,30212906,559103,"FRIENDLY HANDS HOME SERVICES, LLC",LICENSED,,2025-02-20,2027-02-19,Licensed,c7d9e2f3c800bdb6d7b56de10fd59b556a2786b7db61633cbf36c762eafc93df
42962556,30211018,31635,FRIENDS ASSISTING SENIORS & FAMILIES,LICENSED,,2026-02-01,2028-01-01,Licensed,031a3bc3cf166e401f4835c14873050b05f7f4f30a996dd9bbc513907299d6c2
42942439,3012096,31521,FRIENDS ASSISTING SENIORS AND FAMILIES,LICENSED,,2025-10-30,2027-10-29,Licensed,f5dab6ce57f261b936f8832a81d69eb8922b22f76dac62ed2d09fee6fc6a2cc3
42962938,30211343,250322,FRIENDS ASSISTING SENIORS AND FAMILIES,LICENSED,,2026-05-26,2028-05-25,Licensed,171a942369499dd2b68de64c5fb0409b742a851dc869fbc9329c25fe57fd003d
42965061,30212884,557839,FROM YOUR HEART TO MY HANDS LLC,LICENSED,,2025-04-21,2027-01-13,Licensed,bf12223a825acd755a81295f73e7e6b1c5fe2cbf093eab365602621042ccde4e
42963896,30212211,461547,FRONT PORCH NURSE REGISTRY LLC,LICENSED,,2025-05-04,2027-05-03,Licensed,be95c114c515a801be0fa054fbc7a8025d330a582a623785a1107d8f2f53a926
42964955,30212877,551714,FULL CIRCLE OF LOVE LLC,LICENSED,,2025-01-13,2027-01-12,Licensed,dff91ed676ffb4f4a1f1446ff1ca988d4f8db7a7c7c4ee893cdba8f92b97cf42
42965355,30213085,573490,FULL LIFE HOME CARE LLC,LICENSED,,2025-12-22,2027-12-21,Licensed,33682ef945ae41a5224d5bf32cd967079f80c2974cda9f70c7d40f090a743825
42964768,30212737,541916,FULL LIFE PATIENT CARE LLC,LICENSED,,2026-05-07,2028-05-06,Licensed,de544849ba743eb59c4a680f47cf97120d4c5c4badfcd53065122dd604def0d9
42965267,30213015,568843,FUNDORA HOME CARE INC,LICENSED,,2025-09-09,2027-09-08,Licensed,32f114d8a0ee632a8c14de443d4c538bb15bf95dd1222a3c6304693882e9077f
42963932,30212215,475779,G & C CARE,LICENSED,,2025-05-11,2027-05-10,Licensed,f61ef9dd25236762b9914f576819edb5b905b59550ddca642bd9865fb0606975
42964674,30212687,537687,G & C CARE INSTITUTE LLC,LICENSED,,2025-12-19,2027-12-18,Licensed,61f8caab60ffc3fbbf74e206398104ff38c58286dfcb800ff2d1d81510974abe
42964676,30212698,537795,GC AMERICAN HEALTH LLC,LICENSED,,2026-02-08,2028-02-07,Licensed,a9bdbbf8dc19d404c58de0ca0164cb84b4b922804bd4f407071f45a919dd2510
42965003,30212874,554543,GENTLE CARE SERVICES ELITE LLC,LICENSED,,2024-12-27,2026-12-26,Licensed,b52d193daccf98e8cc5b35aa4f6476fecb88de0275417323cbb42b7297d04a04
42965090,30212986,559165,"GENTLE HORIZONS, LLC",LICENSED,,2025-12-31,2027-07-13,Licensed,54ae5f5aaac962bcdb3959cdbd5b5149d7c7f1fc08be1deb0eea1935ee9d9411
42963640,30211972,414207,GENTLE LOVING  HOME CARE LLC,LICENSED,,2026-05-11,2028-05-10,Licensed,c847336e5b9f29c6d585da6360e773d83f98131834d36b1a5d520cd2583518b2
42963597,30211932,405386,GENTLE LOVING HOME CARE LLC,LICENSED,,2026-02-28,2028-02-27,Licensed,cdec6e6049422591756f5ce0bf4b380a766711880adadcbbce1756da43ef751e
42963899,30212259,462373,GENTLE LOVING HOME CARE LLC,LICENSED,,2025-09-17,2027-09-16,Licensed,e01e2930dce2f81c8cbf0496c2f84cce48878c249e2cca27b5757bc7747c26e8
42965457,30213111,579447,GENTLE LOVING HOME CARE LLC,LICENSED,,2026-02-10,2028-02-09,Licensed,d17b343b6c039a4e4990c3482183e5eec74a7831006dfb3235bc400d2f5ddcea
42965445,30213129,578659,GIGI'S NURSE REGISTRY LLC,LICENSED,,2026-03-17,2028-03-16,Licensed,6c9b076803683db5ee59928fcb527b7ea2aa24147cc95c4b93b8c13b6a52b894
42965254,30213126,567900,GIRASOLES HOME CARE SERVICES LLC,LICENSED,,2026-05-07,2028-03-11,Licensed,27c40fa2935045bb0168d6b0049fc2db74590c2fb54241350486fb82d211eca2
42964059,30212314,490649,GIVENSCARE LLC,LICENSED,,2025-12-21,2027-12-20,Licensed,44b42efb1be0ceb0283043e75461e7caf0ce8e28f3ceca61d28b9d0ae25d4a70
42964293,30212549,507674,GIVENSCARE LLC,LICENSED,,2025-02-20,2027-02-19,Licensed,7708c4a402698d8bc4eca345b166b9315d359e4355d2165acf4d92eeae82eee0
42964617,30212645,533273,GLADES HOMECARE,LICENSED,,2025-10-01,2027-09-30,Licensed,2b85b631f5d242632d5968491f53f4952cdc4430b5a6b645107b82753eceb0cf
42964491,30212602,521615,GLOBAL CARE HOME SERVICES INC,LICENSED,,2025-05-31,2027-05-30,Licensed,b66b7ecdd0bac626e26f04fd75d672986513e50cfbc9264f7789227a9716c0f4
42965264,30213092,568531,"GLOBAL CARE PROVIDERS, CORP.",LICENSED,,2026-07-31,2028-01-13,Licensed,3d52b9fa9bc9609dfeadccd22a68fd12491b3dee46c9a18625ec9d3eea51b690
42964904,30212817,549024,GMA HOME CARE LUXURY LLC,IN REVIEW,,2025-10-15,2026-08-22,In review,1e2f509a61fac686b72ab6eaac0e3decdff0345d85e020509879e048bc42997a
42965466,30213114,579992,GOLD SERVICE HEALTH CARE LLC,LICENSED,,2026-02-23,2028-02-22,Licensed,79913652cc5312333f867e6947057518c8f71e182933534e7448b61e006fdfd7
42963449,30211804,373522,GOLDEN AGE CAREGIVERS LLC,LICENSED,,2025-12-03,2027-12-02,Licensed,18ef860936a3b88cb9b47dc098c639463c2d2e44fceed8be14fefd61df765e8e
42965582,30213167,586635,GOLDEN AGE HOME ASSISTANCE LLC,LICENSED,,2026-06-24,2028-06-23,Licensed,d0f3ccc2b8d5b8e3e5cdee6a4f6f592ab2b22dad13e5d724394195d7787c7a72
42965607,30213201,587896,GOLDEN COMPANIONS HOME CARE LLC,LICENSED,,2026-08-12,2028-08-11,Licensed,ee60da0b166d7c477b0ad725e4e84daefba57de7f2b7e5982c8b316a5861a9bc
42965078,30213072,558692,GOLDEN COMPANIONS LLC,LICENSED,,2025-12-05,2027-12-04,Licensed,028b7dab69bfcc158352cfcf64ba205c92fbac29a2b7fb5d249c89e59fd5886b
42965382,30213091,574774,GOLDEN HEART HOME CARE LLC,LICENSED,,2026-01-08,2028-01-07,Licensed,7929e55a91405a34fb2c69c08d85c536fbadfb69d2ad84fd6a1a416c6c62f0ae
42963620,30211963,409516,GOLDEN HOME CARE SERVICE LLC,LICENSED,,2026-09-04,2028-04-10,Licensed,db7287668bc484801ea2fc8e65b6ddc8bb816377bd8cd0abe5e5352811cb023a
42964506,30213070,524004,GOLDEN HORIZON RESPITE CARE LLC,LICENSED,,2025-12-04,2027-12-03,Licensed,062ec49305933ae870dc32b056169cb34a489aa45323e350e2b17de96bacac78
42963637,30211976,412361,GOLDEN TOUCH CARE CORP,LICENSED,,2026-09-17,2028-09-16,Licensed,23d47c2d0e3942104556dcb81e5a1120beda27963669e261c691bd276007076f
42964423,30212547,515811,GOLDSTAR HOME HEALTHCARE,LICENSED,,2025-02-20,2027-02-19,Licensed,620bc7b2175b0932c10ef1803ed3f890a14764311a5e00aa1c76ddf0803a7c73
42963179,30211555,328989,GOLDSTAR HOME HEALTHCARE INC,LICENSED,,2026-06-17,2028-06-16,Licensed,e534ef9d0dd1749ed09b832b5024afc065f4617073dc111974c99451c9dbd41e
42965131,30212932,561118,GOOD HANDS HOME CARE SERVICES LLC,LICENSED,,2025-04-15,2027-04-14,Licensed,3ee978b8210d821dceb6ee434fc4a2f176ec04ddaa09bf5fa5e61cb376e2db1b
42965195,30213030,564791,GOOD HANDS HOMECARE LLC,LICENSED,,2025-09-24,2027-09-23,Licensed,e194ba12fdae9591d7259ba9cae9232e67c3a88aa84c2b3148f17bc8e23b8c26
42964529,30212621,526107,GOOD NEWS NURSE REGISTRY LLC,LICENSED,,2025-08-02,2027-08-01,Licensed,c6c06be320f1448fa525b6ab6671a916a078d7079260ecd913ca61e6cc18356f
42964805,30212731,543167,GOOD SISTERS & BROTHERS HOME CARE SERVICES LLC,LICENSED,,2026-05-02,2028-05-01,Licensed,5f7c37cbfab9cf49e992fa1e0c24416626905185bb76d8079a03e02f4f4bcb0e
42964245,30212449,504289,GRACE & FAITH CARE AGENCY LLC,LICENSED,,2026-08-30,2028-08-29,Licensed,5ed89f6b65164c01a5c54978d657a084e1a16ba3dd9ea7fc95851537071ec427
42964049,30212376,489806,GRACE CARE SER LLC,LICENSED,,2026-04-22,2028-04-21,Licensed,56456a95742ef0aa5dbc725a72033f222b622a4a94501763ae6e894115ff3972
42964801,30212759,542998,"GRACE ELDER CARE, LLC",IN REVIEW,,2024-06-03,2026-06-02,In review,ce7029cb1ba0da3d685caaebd6a5d5b17f2665cd9a4f77b3f8773589ddead047
42964995,30212856,553733,GRACEFUL HANDS OF COMPASSION LLC,LICENSED,,2025-12-01,2026-11-18,Licensed,4144b7123917f1f40990e3723549fb57cc2fd9de5acbe1bd518ccfbf6d68581d
42964967,30212823,552656,GRACEFULLY MEEK HOME CARE LLC,LICENSED,,2026-08-29,2028-08-28,Licensed,c5de98c1d39e79d9f8b23d24d7ed31b81d214baf4b02c7e8a69265d1a2bef139
42964588,30212677,530402,"GRANDMA FEE-FEE'S HOME CARE, LLC",LICENSED,,2025-12-04,2027-12-04,Licensed,82f5f4a8adf8daa05947b3d45ac9926549b980e1b709733efffb87955c6409b2
42964862,30212806,546699,GRANDMA HOME CARE LLC,IN REVIEW,,2024-08-02,2026-08-01,In review,ee2be25ad727ae5a55cd7c7b90119246e344439b19c923bc7222858f0095b733
42963822,30212134,448953,GRANDPA HOME HEALTH LLC,LICENSED,,2026-07-13,2028-07-12,Licensed,2027f626e8146e99ba852795980474e1f53976634997e13229457b117c50d83c
42942441,3010096,31523,GRANNY NANNIES,LICENSED,,2025-07-03,2026-11-14,Licensed,9daa9633b161260d0167714b998c1f058307690f6c6caaaea6386a06926f6afb
42962503,30210973,31582,GRANNY NANNIES,LICENSED,,2026-10-13,2028-10-12,Licensed,540d00c3cc46dae4464f332dd4473c3941dd42851dd0fcbba79d6f5843a518e9
42962592,30211046,31671,GRANNY NANNIES,LICENSED,,2026-07-24,2028-01-22,Licensed,edb5133a0ba58a4bad1e31b9ed3ab7804c530fda36151aa493b71c9fbc0aedc7
42962622,30211763,31701,GRANNY NANNIES,LICENSED,,2025-06-30,2027-06-29,Licensed,fe6b8c8422f9e8fbacb76ece3af5cbc45cbb372062de4a846c6a667400a8298a
42962755,30211186,180124,GRANNY NANNIES,LICENSED,,2024-11-16,2026-11-15,Licensed,ff4bd81e75dc879f8b07cef4b698b79ef6ae86a6ded092eb1a61c8ee26dc4b9f
42962836,30211252,202901,GRANNY NANNIES,LICENSED,,2026-03-06,2028-03-05,Licensed,be9a86caf4c79bfe111c0e491f09a11d7a7378a2114107dcb36501d6609bad36
42962890,30211304,228970,GRANNY NANNIES,LICENSED,,2025-09-16,2027-09-15,Licensed,47b02e340ab25cf3d0d0389bc0dff1434ecd1fcfcf1f96291f0543ce9ae6a41f
42962939,30211348,250684,GRANNY NANNIES,LICENSED,,2026-06-25,2028-06-24,Licensed,38fbe79e5abf9a38e1b983cc87a3ced99c97d5418b8f477b0f0da25155f0eba2
42962945,30211351,253158,GRANNY NANNIES,LICENSED,,2026-08-10,2028-08-09,Licensed,bf62503e969ea5528bd057827d33101e25086e00964b39210a0b09f647f38ddd
42963097,30211487,308142,GRANNY NANNIES,LICENSED,,2025-03-14,2027-03-13,Licensed,a4f03815ae6e719bb23562448f70fd0004bd36b9eca1fda2f758f0bbf509340f
42963163,30211940,325876,GRANNY NANNIES,LICENSED,,2026-04-26,2028-04-25,Licensed,f7873c593b12336a4e40e5baa0e6f6cd7ddb4e634dde7f542a46c5236dabd054
42962615,30211070,31694,GRANNY NANNIES OF LEE AND COLLIER COUNTIES,IN REVIEW,,2024-09-11,2026-09-10,In review,a7a9edfdd32b1aeb2e92a697df7c8d18a81676bbab0635cb3f19c65eb561517d
42962511,30210990,31590,GRANNY NANNIES OF N.A. LLC,LICENSED,,2024-11-15,2026-11-14,Licensed,c1f7d5e6c87881d5e4322cca280728ce94d3bebe3c1763479025adbb94ee4fa9
42964712,30212725,539866,GRANNY NANNIES OF PANAMA CITY,LICENSED,,2026-04-25,2028-04-24,Licensed,d39f2ce29b0b14176bb31d08148fe1fbd16ef585fc9eed5bc7c9af49e91271ec
42962960,30211361,264480,GRANNY NANNIES SENIOR HOME CARE OF SARASOTA,LICENSED,,2024-12-17,2026-11-23,Licensed,a4405342b4cb1515474a2d7d3141571c6f13e7d4d439e62f2a04bbc0be7bd112
42962611,30211066,31690,GRANNY NANNIES SENIOR HOME CARE OF ST. PETERSBURG,LICENSED,,2026-07-19,2028-07-18,Licensed,446e27bba73fe07436a2c8c03630f2bd9215c43e4a0c586b8fdeb8ef7215a4af
42963118,30211505,314356,GRANNY NANNIES SENIOR HOME CARE OF TAMPA,LICENSED,,2025-09-29,2027-07-27,Licensed,ca4e49d0f0e9a7092fd0bbe62b023be8cd8b4669c41164b886b6b847a7433f9b
42964055,30212362,490252,GRANTED ANGELS INC,LICENSED,,2026-03-29,2028-03-28,Licensed,b9c6c591aa6bf53674e069bf13538612982b500ef728444cd1f47b51e8f8301a
42964949,30212804,551448,GRATEFUL HOME CARE CORP,LICENSED,,2026-07-30,2028-07-29,Licensed,a1d388bc718a85a9e5cd600b5fc172974ff288bbe83f8ef3aef1ba59c6c46ddf
42964380,30213209,513206,"GREAT CARE SERVICES, LLC",LICENSED,,2026-08-26,2028-08-25,Licensed,9de8465e177a164ed1e9a011f3bbb702fd34a6e2773f5851d44f5140125fdc44
42965271,30213047,569193,GREAT DAY HEALTH SERVICES LLC,LICENSED,,2025-10-22,2027-10-21,Licensed,f013e56259e07a67b8c9f9b4d4836cae54953eb57730189387baeff72bd0fc31
42965073,30212967,558419,GREEN TREE HOME CARE AGENCY CORP,LICENSED,,2025-06-04,2027-06-03,Licensed,cc638b0557b3fddcf94ba0e835d78c96ab96bff763dba37f7df14d590ab72848
42965094,30212936,559273,GREEN TREE HOME HEALTH LLC,LICENSED,,2025-04-17,2027-04-16,Licensed,b9c84da551e103fb869d3b4fb0a9b6a1e920caffedbfe18fc2f007cb116b13ef
42965016,30212908,554899,GREY SENIOR HOME SERVICES LLC,LICENSED,,2026-05-07,2027-02-20,Licensed,828f4599c628d845b23f7e833258c137d2a2dac8865d9e2bf3c6784cf3c31995
42942443,3016096,31525,GRISWOLD CARE PAIRING,LICENSED,,2025-04-29,2027-02-09,Licensed,9669456f54bd462591d7b35d6970efcc91923cebef403f3d0b296b4655f64372
42952457,3025096,31537,GRISWOLD CARE PAIRING,LICENSED,,2025-12-29,2027-12-28,Licensed,793e08a48eb20da462ae340ad410e4d9c2c9c729610986a50474f58159af48ba
42962567,30211028,31646,GRISWOLD CARE PAIRING,LICENSED,,2026-01-04,2028-01-03,Licensed,e9a4cb58e3f82da587a390376109e59cf05682d59bb5a123c2ce3ad319d787f8
42963181,30211559,329140,GRISWOLD CARE PAIRING,LICENSED,,2026-07-15,2028-07-14,Licensed,56d13813338a2fb486933587c1719714f6309138aa3bcc7db53a289a6ca2a85f
42963256,30211643,343477,GRISWOLD CARE PAIRING,LICENSED,,2025-05-15,2027-05-14,Licensed,ff950850e97d0b0b3d8357495ac55e17f4f42eb216614898c78d9b013ae81d93
42964905,30212832,549092,GRISWOLD CARE PAIRING,LICENSED,,2024-09-17,2026-09-16,Licensed,50e7c78fbd6b391870ecb481622cd3f2a7f05f13be3b581b36888dd2bba26abe
42963280,30211659,347758,GRISWOLD CARE PAIRING FOR GREATER ORLANDO,LICENSED,,2025-11-04,2027-11-03,Licensed,87bfaf9180f0b7fb7b6133dba46423c22b8f310bc0e7781be111d59e3dae2ff0
42942442,3015096,31524,GRISWOLD CARE PAIRING FOR MIAMI-DADE,LICENSED,,2026-03-23,2028-03-22,Licensed,3d647fc72ab23e32c2730f78030c26f296d4faf3e9816b18670373782169d1e2
42962699,30211139,153634,GRISWOLD CARE PAIRING FOR PASCO COUNTY,LICENSED,,2026-03-22,2028-03-21,Licensed,e4650e450e436ccf3a84065913cfd843d4dea12ef5e65efa876369c8945c2ca2
42962930,30211332,249005,GRISWOLD CARE PAIRING FOR TAMPA,LICENSED,,2026-04-02,2028-04-01,Licensed,92bf0deed899215dc4abe620de311bf0e6fb9c348b3461ff8e7a70c255dd86b0
42964836,30212762,545078,GSA PLUS HOME CARE LLC,IN REVIEW,,2024-06-05,2026-06-04,In review,3029bb089c898e75f7e15fecbc1ef234116e7682f424d0c19fb4023e9c170e42
42965072,30212924,558278,GSA PLUS HOME CARE LLC,LICENSED,,2025-03-27,2027-03-26,Licensed,abf894921fa438de98f69b93d1e74412b10f552637ed09c1d30b52a8a3b847ab
42963183,30211549,329553,GUARDIAN ANGEL HOME CARE AGENCY LLC,LICENSED,,2026-06-05,2028-06-04,Licensed,57717fbf5bcb03572c640ec5522dc76e6e6b3c6129e45edbc9b423458cad17b7
42964847,30212990,545497,GUIDING LIGHT HOME CARE,LICENSED,,2025-12-01,2027-07-22,Licensed,1177191930dca9e463c61c9a33eb4e3d2d45728705b255901e777040597b3717
42963297,30211666,349485,GULFSHORE PRIVATE HOME CARE LLC,LICENSED,,2025-12-09,2027-12-08,Licensed,3e6e5532f9279570bb373ad05ee2aeed4560de59f344fc23050092fa2bc53cb4
42965622,30213171,588564,"GULFSIDE LIVING HEALTHCARE SERVICES, LLC",LICENSED,,2026-07-08,2028-07-07,Licensed,2210b2e7a86cb16c73467f2b12675a29e7ace0286e832056f16df3d0d078d2dc
42965252,30213073,567845,H & Y PROFESSIONAL HEALTH CORP.,LICENSED,,2025-12-05,2027-12-04,Licensed,ddd6b21da18f4cff6f7bdae7be1c36aad159551bcfbebd3fc14f8dd6845d5eb4
42964888,30212767,548151,HALIA HOME SERVICES LLC,LICENSED,,2026-06-11,2028-06-10,Licensed,42e27031114b24afc0a52e1ade06cbea8de9d14bd432b3c1b004ac746f63e909
42965233,30212975,566897,HALLMARK HOME CARE,LICENSED,,2025-06-13,2027-06-12,Licensed,ae3afc779cefd4c940a7214f200ed17f049aae1e4ef2111cfc855b1c10318a9a
42964605,30212671,532051,HALLMARK HOMECARE,LICENSED,,2025-12-04,2027-12-03,Licensed,50ebe66b6e35fb8530fa65b7b06504089ccd9d62d71c043ae30089442fb5ff08
42964878,30212775,547464,HALLMARK HOMECARE,LICENSED,,2026-06-17,2028-06-16,Licensed,3812272b9daab116da030cace8e94ef7425ccd05766fbf7f5cb3831afa7f166a
42964946,30212841,551134,HALLMARK HOMECARE,LICENSED,,2026-10-15,2028-10-14,Licensed,bbbe41b8699709414d8ebdde07b28d82c922e1ba1d43900e01e7977c0f9584ed
42965001,30212863,554236,HALLMARK HOMECARE,LICENSED,,2024-12-05,2026-12-04,Licensed,51f61e8bb54c9d79a3f0253a5c3995ee2c3040563e1632f32b7117424fa0770e
42965017,30212857,554939,HALLMARK HOMECARE,LICENSED,,2024-11-20,2026-11-19,Licensed,4958109f1381e3df54069f8ca7624260849f6c3ee1328c7da03f6c9dfdcde7ea
42965118,30212921,560305,HALLMARK HOMECARE,LICENSED,,2025-03-24,2027-03-23,Licensed,4a4e3ce0453d5852442a342c16d3be4ae35c6e71cdbadab702d62a4618c628be
42965155,30212979,562783,HALLMARK HOMECARE,LICENSED,,2025-06-25,2027-06-24,Licensed,a948618ea2a631fdc1fe9586d8651e9130f0b9b300019cc6c87c7165a40163a1
42965392,30213062,575452,HALLMARK HOMECARE,LICENSED,,2025-11-16,2027-11-15,Licensed,f128ec23bde4fb660b00d91e2ece26f36b2d9872d8abc723b3cd3be991cd0757
42965526,30213141,583551,HALLMARK HOMECARE,LICENSED,,2026-04-17,2028-04-16,Licensed,97ab8a6e18f52937c867ded2f38d89bd9c8bfdad874a3e624e550fdd2a7cb9c3
42965632,30213172,588980,HALLMARK HOMECARE,LICENSED,,2026-07-10,2028-07-09,Licensed,0dd0d5a765bcb2570611623592d67360338ee8a4eaeeeae783116de1306add8c
42965650,30213213,589665,HALLMARK HOMECARE,LICENSED,,2026-09-03,2028-09-02,Licensed,f97e331e99e2a525d7b5c8450b8a424b007ad87c8e8fc7f0855ee8ceb331a2a6
42964822,30212845,544188,HANASA NURSING LLC,LICENSED,,2026-10-23,2028-10-22,Licensed,f1db4477079703dc76637609ca6b654acd5fe8809469ede953a8229378fc0c29
42963320,30211694,352216,HAND IN HAND HOME CARE SOLUTIONS,LICENSED,,2026-03-06,2028-03-05,Licensed,e323a344f50757ada422605fa28a1040fdf1d5fbc70349ed228442671a776e38
42964867,30212788,546881,HANDS OF HOPE HOME CARE LLC,LICENSED,,2026-07-15,2028-07-14,Licensed,fd6ce9995b0a30b7e9c7f88e86f7799ef2959f66cedf14e16739c6f8abfe6ff6
42962578,30211040,31657,HANSON SERVICES #5 INC,LICENSED,,2026-12-07,2028-12-06,Licensed,1c42f1f8fd97641a18ba452e3a7c9f888c3a6f4fdfd0842a009d2ce13523789b
42962817,30211234,196783,HANSON SERVICES NO. 5 INC,LICENSED,,2025-01-01,2026-12-31,Licensed,813b64d55ebc656b14780e7326877db605f9812eb082f5f4c66fa82552cb0990
42964476,30212595,520298,HAPPY LIFE NURSE REGISTRY LLC,LICENSED,,2025-05-22,2027-05-21,Licensed,533b7545fa5c2b33c448e0c503d497e0e9ac8b3411170a3d92963dd4e34030ec
42965678,30213155,590820,HAPPY LIFE NURSE SERVICES LLC,LICENSED,,2026-06-05,2028-06-04,Licensed,bfd1b727f73fb39e67b160ee49c28052678ec839dec843d562fed35becb05b59
42964263,30212527,505640,HAPPYFEET PERSONAL CARE LLC,LICENSED,,2025-01-12,2027-01-11,Licensed,6f3c8b19b89994328b2579b36749d7c546ede013a5a5643c44cc3489ea195435
42963860,30212196,455718,HARLOW CARE SOLUTIONS LLC,LICENSED,,2025-03-22,2027-03-21,Licensed,a89a7b47d09e3954174e3c2983ca6da64e7619c5dcd3666be9b7225e1bcd888c
42964777,30212743,542079,HARMONY BELLS HOME CARE SERVICES LLC,LICENSED,,2026-05-13,2028-05-12,Licensed,dd61621a19ce7dab6beb9382e8cf8081b00c070d7e38ab2124a323d28dca2cab
42964326,30212499,509981,HARMONY CARING SERVICES INC,LICENSED,,2024-11-28,2026-11-27,Licensed,f74b1bab3fd30dba1d0c762100814c24d882644291d4771e96506cc77fedb3ea
42964812,30212719,543613,HARMONY HOME CARE CORP,LICENSED,,2026-04-03,2028-04-02,Licensed,4c8f7bcd6b75f594546d5ad0af103fa6087c65be005500ce98d8bf4d77291e68
42965438,30213089,577794,HARMONY HOME HEALTH LLC,LICENSED,,2025-12-31,2027-12-30,Licensed,c606f2974f10074aae6b85868c2be1308067a9e421f0691f8ba7418ca9fd1824
42965702,30213180,591884,HARMONY HOME HEALTH SERVICES LLC,LICENSED,,2026-07-18,2028-07-17,Licensed,d754af4bd04ebbc7bbc4d37dd93656db8647fb7cd5ad6a4e46847db44d1b94d5
42965049,30213132,557223,HARMONY LIFE HOMECARE INC,LICENSED,,2026-03-18,2028-03-17,Licensed,6bd8756e5f5d27bf7f122b448826415dc3c93d0df73dfcd22cf69b036e4969bb
42963829,30212118,449584,HEALING HANDS HEALTH SERVICES LLC,LICENSED,,2026-05-24,2028-05-23,Licensed,5f846357658112fa3e26a7f6481a8f621333f9de3903659af0236b396af74e28
42964730,30212703,540546,HEALING HANDS HOMECARE INC.,LICENSED,,2026-02-05,2028-02-11,Licensed,db99b7509fd62e9de40ca70c1e5f66e98fe294d87174bc67ad17b1c5c4a1ade4
42965130,30212955,560988,HEALTH AND HYDRATION LLC,LICENSED,,2026-03-16,2027-05-26,Licensed,34547d9bbed196115eaf0dd79cf896b6b2cda5b9e8bcfc20a3d6a7967ff4d372
42964692,30212746,538993,HEALTH CARE HOME HEALTH CORP,LICENSED,,2026-05-14,2028-05-13,Licensed,b86b79c740e004900f7e2fd0b04f196a656d9c8e645c786816a18a7b2529f440
42964772,30212784,542000,HEALTH EXPLORERS INC,LICENSED,,2026-07-09,2028-07-08,Licensed,08507e14dbddcd2604fd7d54b75e0d6da29903f2a5d7992f03fcd3264cd6a459
42962532,30211000,31611,HEALTH MATTERS INC,LICENSED,,2026-01-31,2028-01-30,Licensed,dbf44c915ac90edc1407ff30cce4ebc6a6be6ba79be744fb243c0cbf3d72ac7e
42964783,30212772,542193,HEALTHCARE GENIES LLC,LICENSED,,2026-06-14,2028-06-13,Licensed,ccfeebb93c453e5123b74b616417186496f7e80b76bbcad41d33b489958f1cef
42965184,30212951,564215,HEALTHCARE NURSING SOLUTIONS INC.,LICENSED,,2025-05-14,2027-05-13,Licensed,07959227e9bae6d3bd99a04b86e690ec88ccf76ab02a90dea4bf1bc908366f98
42964018,30212340,487180,HEALTHCARE SOLUTION SERVICES LLC,LICENSED,,2026-02-16,2028-02-15,Licensed,51f72bdc61ba3f6d3657c6a90648e7669dc8ffefdc116623dd6a9dd1ecc151d0
42962722,30211157,157339,HEALTHCARE SOLUTIONS,LICENSED,,2026-05-16,2028-05-15,Licensed,4595d32c61e89f497bdaae6b8423205a1c4e759042ca7a9f8056f72ce548c7bf
42963747,30212068,432415,HEART 2 HEART CONCIERGE HOME CARE LLC,LICENSED,,2025-12-30,2027-12-29,Licensed,37a1f94d2c882bfb8a2a0910d3a61f81c3371abd30bca19f7e2038e1737b0d2e
42964057,30212334,490400,HEART'S DESIRE NURSE REGISTRY,LICENSED,,2026-09-05,2028-02-13,Licensed,26763b0cc31de22d7bced286089879fcc8265e8379be9f1b5222283a38eb8e26
42962799,30211229,189985,HEARTLAND REGISTRY INC,LICENSED,,2026-08-31,2028-08-30,Licensed,4f5876b0f065e23e910169ea3e5cc74cb5d08d0dd7596b6dd773d9a6ea11b936
42964021,30212277,487580,HEARTS OF HOPE INC,LICENSED,,2025-10-15,2027-10-14,Licensed,25269b655a73d880c07dc9676125aeb102babeafd5504164898a3365d505e226
42964079,30212394,492360,HEAVENLY HANDS SERVICES LLC,IN REVIEW,,2025-10-15,2026-05-18,In review,f19b4ab4108e97918df85de8f135c586067afc76ba9eb8584fcd5401df5ac9b7
42963357,30211737,358326,HEAVENLY HOME CARE LLC,LICENSED,,2024-11-19,2026-11-18,Licensed,3951564e4af828fe368d57f63b04ab33b97080ba70dbf9f82994e757283b94e7
42963548,30211896,394456,HEAVENLY HOME CARE LLC,LICENSED,,2025-06-01,2027-05-31,Licensed,a5421122d9a2025cc9927c8bc8059d8a9b392233e28bd84653b21f13f7600b97
42962874,30211288,220292,HELIOS HOME CARE,LICENSED,,2026-05-01,2027-10-07,Licensed,52d06fb264c9c22e25ff17492c7a0d8f6e3aaefe924a958c36b7ff8ee13d4643
42963243,30211609,341860,HELIOS HOME CARE,LICENSED,,2026-06-30,2027-10-07,Licensed,91bf023a7df0b0d3850a823799aef9a8bf4a5859033b4f38acec4ac072a2485e
42965605,30213208,587828,HELIOS SUN CO,LICENSED,,2026-08-25,2028-08-24,Licensed,85a9102e84257f9321d704cc7182f53cd0138978d92d06282b9c68a3bdf698e6
42962483,30210956,31562,HELP AT HOME,LICENSED,,2026-07-13,2028-01-04,Licensed,4f848b505f7e4b5b3ab4a70b4de6be7e5b3adaed08b43cb3a6dcff51dd68077c
42962942,30211345,252364,HELP AT HOME,LICENSED,,2026-07-13,2028-06-01,Licensed,f790110eed00cfdc182dff85119287ad5f95a484f52517eccdd68fd390dcfb28
42962990,30211388,278053,HELP AT HOME,LICENSED,,2026-07-13,2027-05-24,Licensed,fdb4720739c8f3746666f539806c37bebc62f5f59d01d50c06a3308e91aa679d
42965262,30213011,568370,HELPING HAND HEALTH LLC,LICENSED,,2025-08-29,2027-08-28,Licensed,6fdabdd98b1f71d19223860ecd34e8311cf89e620e92de088f0b9c35802380f9
42964532,30212632,526344,HELPING HAND NURSE REGISTRY INC,LICENSED,,2025-08-25,2027-08-24,Licensed,645438e552aac07113716e6f9e732cbcfb14fd953bb0acea049a634cbe92bd75
42962844,30211268,206749,HELPING HAND NURSING SERVICES,LICENSED,,2025-11-30,2027-11-29,Licensed,f0f84126d7054aa73128b04088ec6885a7d1906d637445400cf69a0b99122bb9
42964972,30212839,552926,HELPING HANDS AND OPEN HEARTS,LICENSED,,2024-10-07,2026-10-06,Licensed,ddd4ad577ae644b9f67bdaece4c770c8c79a94fbe5b1d804557d8b7039a4f65c
42964050,30212322,489819,HELPING HANDS FOR HOMEMAKING AND COMPANIONSHIP LLC,LICENSED,,2026-01-10,2028-01-09,Licensed,ae5ae1464f649a21ee36f1e04cf618f0eed303be2b2aa852fde51fce78f8be0a
42963805,30212114,447016,HELPING HANDS HOME SERVICES LLC,LICENSED,,2026-05-23,2028-04-26,Licensed,eff8b8a59b33f635b7cd1ab33a2cb2553c4054638f5a131faccdfe7d09d95e06
42963885,30212228,459766,HELPING HANDS NURSES LLC,LICENSED,,2025-06-22,2027-06-21,Licensed,2ec983ace70f5dcd277db2d90abd29da6479e885a670dc62f5a05f90f87a9b0b
42964084,30212338,492912,HELPING HANDS SUPERIOR CARE NURSE REGISTRY,IN REVIEW,,2024-02-15,2026-02-14,In review,20fbc3975a4989f0c69946e6d75c14878d42144eed6ab225f88daadac576d631
42964686,30212711,538573,HER CARE SERVICES LLC,LICENSED,,2026-03-18,2028-03-17,Licensed,be2bfd95215cf0357d838eb58c0d71c585f23e5acd5332aa2a416a72d3824cb9
42963334,30211704,354242,HHA HOME SERVICES CORP,LICENSED,,2026-05-12,2028-05-11,Licensed,6c4c84c04f10ce7221f888272e25f58f5970b91cfa45535228de61202458c70c
42964935,30212953,550683,HHAS AND CNAS OF FLORIDA CORP,LICENSED,,2025-05-16,2027-05-15,Licensed,34ec4fc1cd795f1fb53a033d162068afbc1fe7f3e154c25b25258abcdc1e3ef8
42965462,30213096,579580,"HOLISTIC NURSING STAFFING, LLC",LICENSED,,2026-01-20,2028-01-19,Licensed,584d2842ef2b1e078f25b8bbbfb60b067530923b0bd9f15df13ed695ebe29e85
42963968,30212341,481301,HOLISTIXX HEALTH SERVICES INC,LICENSED,,2026-02-17,2028-02-16,Licensed,cda8414334d37991bca78dc760bb034cea808e2166814fdfbc2eb349502ff414
42963430,30211792,370763,HOME ADVANTAGE CARE TEAM LLC,LICENSED,,2025-10-11,2027-10-10,Licensed,3247977383c06bfd1c0369e2402be980a5a596b9a22cac7bb82d8f4a8e765633
42964223,30212463,502859,"HOME ADVANTAGE CARE TEAM, LLC",IN REVIEW,,2024-09-30,2026-09-29,In review,9167a44ca2a2d993e46bc0f9e89705f58ad0e694223bffaca9e49070432a710d
42965359,30213052,573641,HOME ANGELS SERVICES OFFICE INC,LICENSED,,2025-10-24,2027-10-23,Licensed,5813647f80006197794b95001aa267c8735c26867ce6555718f2468e5c79408a
42965589,30213147,587069,HOME CARE AT HEART,LICENSED,,2026-04-29,2028-04-28,Licensed,39518489352c0380bc58ff6b14be860e60117abdebd1f9c20525bf01626d8f26
42963799,30212112,445811,HOME CARE NOW LLC,LICENSED,,2026-04-20,2028-04-19,Licensed,a9cc130fd51c7cdfd2537707f9a06623fec7cede558a35436feafe1ca241346c
42963913,30212222,471875,"HOME CARE ON CALL, LLC",LICENSED,,2025-05-26,2027-05-25,Licensed,6171875486142fcf79fb800ae1f535ef2efa3b34a60db37ba2081291e242c629
42963700,30212033,423296,HOME CARE ON TIME INC,LICENSED,,2025-06-17,2027-06-16,Licensed,be8f7bc7a34eff7009b0d237215490446378cd52de4e1150500f40a69f7c7494
42963611,30211964,407645,HOME CARE PLUS NURSE REGISTRY LLC.,LICENSED,,2026-04-19,2028-04-18,Licensed,984bafa32e99382bbd3fe0d5a7d464b370406a145c646b393afe56824c738252
42964842,30212826,545332,HOME CARE REGISTRY LLC,IN REVIEW,,2026-08-31,2026-09-02,In review,b11fcfce1a0a5158632913a94df2cd3cd12dde306256ac2ebc72435918e4ebfd
42964901,30212834,548858,HOME CARE VISITORS LLC,LICENSED,,2024-09-17,2026-09-16,Licensed,6913869b2c1665ce388099641f6bc01c19a8f1e2b0c31bc5991e1c51b85067e0
42965489,30213117,581128,HOME HEALTH HUB & TRANSPORT LLC,LICENSED,,2026-03-03,2028-03-02,Licensed,05937e35684eb2a30e767eaa69abb4fec99b6e35283aaa2ca80a0a3e51d2aec6
42963803,30212153,446796,HOME HEALTH SMILES LLC,IN REVIEW,,2025-06-30,2026-09-14,In review,db8c3d763b643a8eccb35faf1cea00bb06c93efdd69e56a59879f2dda39ff134
42965187,30213050,564456,"HOME HEALTH SOLUTIONS GROUP, INC.",LICENSED,,2025-10-24,2027-10-23,Licensed,8183d3ca249508df17d747bacd8439f351f3a0eabf350429f525297a4f101ab0
42963460,30211842,376568,HOME HELPERS OF FLORIDA,LICENSED,,2026-07-05,2028-07-04,Licensed,a89bfd763150e424db9545a2f2292859149b35f01aca2074a8d5422659fd8793
42965084,30212929,558917,"HOME SERVICES OF SOUTHWEST FLORIDA, CORP",LICENSED,,2025-04-08,2027-04-07,Licensed,121f9493c9346e239856145223fe380e472484a32d0c298c6446b36400c7a40d
42963900,30212227,462375,HOME SOLUTIONS HEALTHCARE LLC,LICENSED,,2025-06-09,2027-06-08,Licensed,009d6b210351075dcb33a06dbc7be3e39055450bc0c00cdb4a93363edd9d4348
42963995,30212298,483867,HOME SOLUTIONS HEALTHCARE LLC,LICENSED,,2025-11-29,2027-11-28,Licensed,352fbaef39e26953acaf38aebbf320880f2d7ff6b0c7f584ebe5bc4c3823cea0
42963997,30212480,483870,HOME SOLUTIONS HEALTHCARE LLC,LICENSED,,2024-10-24,2026-10-23,Licensed,b59c5ccda5ed9d442f0fd75ceb838a428415fc2bc6b3cd6b73242b3a43fa91c6
42963123,30211516,315305,HOME STEWARDS HEALTH SERVICES LLC,LICENSED,,2025-09-29,2027-09-28,Licensed,748fda7753c97b4b6d0fe28cc09f7101674c1c0f0e7f40a762b223e12ca3929d
42963421,30211785,369229,HOME SWEET HOME CAREGIVERS CORP,LICENSED,,2025-08-18,2027-08-17,Licensed,1d40225cd49d4fe435243413afb580f5fc0dd8c8644e9f1f0a2ec427841668c4
42962881,30211291,224524,"HOME WITH HELP OF FLORIDA, INC.",LICENSED,,2025-05-21,2027-05-20,Licensed,354aa38dedadb057adc863ff01b9400d5dca40ca61754c3856eec2f98341cebe
42963060,30211449,295424,HOMEMAKERS COMPANIONS AND SITTERS LLC,LICENSED,,2026-07-18,2028-07-17,Licensed,d1f6acb55de9773eb4f56c6b2c39cfa96222dd6b27a9b8831cd76d6584579e44
42963762,30212092,435992,HOMEWARD BOUND HEALTHCARE SERVICES LLC,LICENSED,,2026-05-14,2028-05-13,Licensed,5f8b864950220e82c1fa51536d38fc89de02bd0dc2715f088c8ca0e32e52b962
42964559,30212613,528471,HONEY'S LIFE YAHI CARE SERVICES CORP,LICENSED,,2025-07-21,2027-07-06,Licensed,cde16507ec53e338cd0f77b21a067faa150dbc825a0efb8de66d063b7a6c3670
42964066,30212305,491044,HOPE AND LOVE NURSING SERVICES INC,LICENSED,,2025-12-13,2027-12-12,Licensed,5c87d7136ce8d279730dab9fe09cc885c0a39d5de20ce60ca22ab68d972ec255
42963988,30212319,483753,HOPE HEALTHCARE SERVICES,LICENSED,,2026-01-04,2028-01-03,Licensed,b177fc40e0ca475bbf7b70379ac9516d173cec30ff2de7c55e1c1474d0de04eb
42962772,30211200,183020,HORIZON CARE SERVICES INC,LICENSED,,2026-01-12,2028-01-11,Licensed,f1b80b651219a69066de52cf008418084d041e0cbb449f224ac22cf1edf427fa
42962652,30211109,145203,HORIZON NURSING SERVICES,LICENSED,,2026-07-02,2028-07-01,Licensed,1d02af592d1e761441dbbf615b206d9c5282b98b9f25d84b2fa37f9210f4fcd7
42962966,30211367,268211,HOSPITAL WITHOUT WALLS,LICENSED,,2025-01-05,2027-01-04,Licensed,97c333d8b9bcf719d070a0f03d496724ecb8fdb7404898d7827368366c25b1a8
42963442,30211812,372647,HOUSE OF HARMONY AND HELPING HANDS LLC,LICENSED,,2026-01-18,2028-01-17,Licensed,c981340abb41ea313df7687cf2c863305bdb720379a5421376ef52cd036b40d4
42964177,30212478,499688,HOUSE OF HARMONY LLC,LICENSED,,2024-10-19,2026-10-18,Licensed,313795f64fb8525321c5d35b3a0833312b20bceff2ff3136675ce751d6020381
42964080,30212381,492538,HUMANITY & BLESSING HOME HEALTH CARE CORP,LICENSED,,2026-04-30,2028-04-29,Licensed,ef7c2174363e361691b47a5c5c9dd151a64efe04abf8e530be92a220ba825c03
42965459,30213143,579533,HUMBLE HANDS HOME CARE LLC,LICENSED,,2026-04-20,2028-04-19,Licensed,534f5bec8e713d8787052f97e26bd34643cf9204fd5099722fdadf0e759c8d64
42964472,30212937,519982,"HYDRATION BOX, LLC",LICENSED,,2025-04-17,2027-04-16,Licensed,28a1251bd4c7533bace803dcca4211822f3fc58863c7bc00f00279242b248359
42964753,30212875,541291,I & J HOME HEALTH CARE LLC,LICENSED,,2025-01-09,2027-01-08,Licensed,62049ee71fff6d057cf949209f6b68ce32dfc3bd058b36d33c134ede1a4e41c3
42964343,30212479,511219,IC NURSING SERVICES INC,LICENSED,,2026-10-21,2028-10-20,Licensed,f17b66833bbae4cfe37bf07ab518d51eb057b71093b4d5c957ec15a9c653fdfc
42965069,30212910,558197,ICARE PLUS NURSING PROFESSIONALS,LICENSED,,2025-05-30,2027-02-26,Licensed,b5fee3377f1c9076f343832dca52271920593f40752a77fc58bf5d80d23428d5
42964435,30212579,516726,ILLUSIONS HOME CARE SERVICES INC,LICENSED,,2025-04-12,2027-04-11,Licensed,098a3cb799cd345b365eb875edd5b2d354ae2b927d15754f8c09e1d6e1c98172
42965469,30213137,580073,IMMACULATE HOME CARE SERVICES INC,LICENSED,,2026-03-25,2028-03-24,Licensed,034c6ba05d783e10f89dc37a2fd6b3efc5915a34ba8322819c8afdcc82b0c1fd
42965026,30212949,555570,IMPERIAL NURSE REGISTRY LLC,LICENSED,,2025-05-14,2027-05-13,Licensed,5c5c4936c7496bee9e92df3864ade3bb4cb716423fa0fa3c2f26131a62e1f864
42964335,30212523,510561,IN HOME CARING SOLUTIONS LLC,LICENSED,,2025-01-09,2027-01-08,Licensed,1788e80ea24951b842a6815b528f164147e425ebd16686ab9d98985f1314464b
42965048,30212882,557102,INCLUSIVE CARE LLC,LICENSED,,2025-01-14,2027-01-13,Licensed,914ce06c12ba38a16ac8a4c8604ed19ad177d36d3a7f8691c217339a84db0a2d
42964117,30212410,495636,"INDEPENDENTLY DEVELOPING A NEW WAY, INC",IN REVIEW,,2024-06-16,2026-06-15,In review,fb09eca0b623a598181481df725bb6e638565cac63b9d75606be105982886c8d
42963473,30211830,378255,"INDIAN RIVER HOME CARE PLUS, INC.",LICENSED,,2026-05-13,2028-05-12,Licensed,fc08cd4c71ed7db8dc1bddd17a1247a8805c3ed4532112a8dfac5fc56b671e39
42964020,30212294,487478,INFINITE CARE NURSING REGISTRY LLC,LICENSED,,2025-11-23,2027-11-22,Licensed,09cb5b7e041386d216a687a4660f543adf09bb8af94200049a2c281fb9331463
42965230,30213024,566682,INFINITE GRACE HOMECARE LLC,LICENSED,,2025-09-18,2027-09-17,Licensed,ceb07990d48eeb6ecf4dec63fcb5b71eb5852f280918578b7bbe41a0d3daeeac
42964241,30212500,503824,INFINITE SUPPORT SERVICES LLC,LICENSED,,2026-08-19,2026-11-28,Licensed,c0a82ce67c2cef1e60b5dc7c96661433d17fa264c83a89779949be5793243c74
42965640,30213190,589237,INFINITY CARE SUPPORT SERVICES,LICENSED,,2026-07-31,2028-07-30,Licensed,5a0c09aeb6d896e8659619c391d1bfc4e4ced4efd695f8d0da6a5b32fe3aa06e
42965270,30213043,569086,INFUSION SOLUTIONS LLC,LICENSED,,2025-10-10,2027-10-09,Licensed,5ccdb6073f91f1f1360888b5418b92e42ae1e8826874c2d810f549121bb60d0f
42965339,30213139,572868,INTEGRITY FAMILY HOME HEALTH CARE CORP,LICENSED,,2026-04-13,2028-04-12,Licensed,a3346847ebdd4487e7ec3be8b7629b67517430936c2254d356a8fe58d583bf73
42965018,30212864,554958,IRONWOOD HOME HEALTHCARE,LICENSED,,2024-12-06,2026-12-05,Licensed,73e91b0222769d077c4023e733e557bdaad5f5811132b780d73777ad7a859051
42964298,30212475,508045,ISORA CARE INC,LICENSED,,2026-10-17,2028-10-16,Licensed,f91a0913e380fa0ed969cc78c984f4c4700081211626fa98edd5f79a00499b75
42965461,30213095,579560,IT'S TIME TO CARE LLC,LICENSED,,2026-01-20,2028-01-19,Licensed,1a30a37973dea4ecf8959a106b004a0da0792f91fc30a991a93ec8badd007905
42964937,30212860,550803,IVORY HEALTHCARE SOLUTIONS,LICENSED,,2024-12-04,2026-12-03,Licensed,ac8daf62d0c26403d915fb377d29bbe6bdc8675a1099afdb7bdf527292742e68
42964139,30212413,497114,"J & A THERAPY, INC",LICENSED,,2026-06-20,2028-06-19,Licensed,0680069fc0158f809ac8185591b371701c78f0c0d700a4ba20cd3910f7f61561
42964110,30212349,494741,J & J HOME & COMMUNITY SUPPORT CORP,LICENSED,,2026-03-07,2028-03-06,Licensed,0f476389ad720e3ed05b1ef28eb3df8281f65007bf3dec1e8b0e6d5db63595ce
42963100,30211486,308683,J & R CARE FINDERS INC,LICENSED,,2025-03-08,2027-03-07,Licensed,1874bdff876237b8d930846e6c11c631af131416dec1fe7f38473e41302b5cd8
42964264,30212444,505689,J & R CARE FINDERS INC,LICENSED,,2026-08-18,2028-08-17,Licensed,8c172870613eb43bbaf6c57c9987ac43d09a13e71378dec11003266b0ca819c7
42963129,30211499,316158,"J & R CARE FINDERS, INC",LICENSED,,2025-06-30,2027-06-29,Licensed,1d02d7123db9eba3e663463a3b04ef87185b87f763a8c88ac41c87b1b8497975
42965058,30212957,557755,J&T DIVINE CARE,LICENSED,,2025-05-28,2027-05-27,Licensed,f80c44378d548e7d3003bf1ae9aad3466299eb4d2d0d298c4daa3bbe24f610d5
42964077,30212333,492259,J&T DIVINE CARE LLC,LICENSED,,2026-02-14,2028-02-13,Licensed,e1a08380f6eeab4e6c43480d7c703c8d34f8b2bf7151ce96ad776e88029fb88d
42963802,30212115,446682,JABEZ HOME CARE LLC,LICENSED,,2026-05-01,2028-04-30,Licensed,ae18d9e348264981829b055aba3dc2239836eb2fcffdd6b9e3f90ba00bf589ff
42963831,30212124,450310,JABEZ HOME CARE LLC,LICENSED,,2026-06-08,2028-06-07,Licensed,1e34431da92138334151a827468eca8d27ca10ad8ca8020a2dd1c48799f0a6f7
42964061,30212317,490734,JABEZ HOME CARE LLC,LICENSED,,2025-12-27,2027-12-26,Licensed,c6bdd37011cfe2b6539a5bd2b1d13e9a288dc9c4f831346afedf1ed30916040d
42964883,30212805,547829,JANE'S CARE SERVICES CORP,LICENSED,,2026-08-01,2028-07-31,Licensed,ce56bf37b97c509ac2e9b1b852fe34b4d6ac37d06fc3bf462eec11f34015583a
42962536,30211001,31615,JANEL'S NURSES REGISTRY,LICENSED,,2026-03-16,2028-03-15,Licensed,62216097f9df05f883969f9c808681f4af60b4d9e516178308cfd6c9c154e1f7
42965091,30212918,559259,JCE HEALTH LLC,LICENSED,,2026-03-20,2027-03-11,Licensed,efb6369578aa2f94f356e5cf10e8e3a10076a0cc325db3883f9bf479e112fea9
42963740,30212072,432037,JFS SENIOR CARE LLC,LICENSED,,2026-02-16,2028-02-15,Licensed,a0e23099545ce76a44c8d0f63ca5413317beb8ffaed3efc3c82ac865f0662e15
42963491,30211843,383023,JMAKE HEALTH CARE SERVICES LLC,LICENSED,,2026-07-24,2028-07-23,Licensed,535ff2b390eecadb268da4ca84f4229c8bdc2859747e2f500e942f0d9bd3a2a9
42963931,30212226,475702,JMAKE HEALTHCARE SERVICES LLC,LICENSED,,2025-06-08,2027-06-07,Licensed,02fe689b53e062380049cd3d4ff5a35fdc7aeb95de75608b45ffc0cf1ce3f28c
42965336,30213101,572674,JMS HOME CARE SERVICES,LICENSED,,2026-01-27,2028-01-26,Licensed,1991862de83a06b2cdeee72287812fb03cbe72443ae7d5aa90c211a6494ea106
42962797,30211222,188654,JN NURSING REGISTRY INC,LICENSED,,2026-07-04,2028-07-03,Licensed,a48baedf18874c01b13cb134d9c3729eaf178f08f42596d4124835084c831485
42963090,30211479,306583,"JN NURSING REGISTRY, INC",LICENSED,,2025-01-30,2027-01-29,Licensed,80f3464fc6eb0958155465fffd80d7ade43474b1df3f634032d79a40c1334af2
42965426,30213090,577211,JN PEREZ HOME LLC,LICENSED,,2026-01-08,2028-01-07,Licensed,af16b91db55ed5c4f5797b95c62f0717a088def47d3ddf2f984862a371b67720
42964659,30212764,537049,JNNR NURSING REGISTRY INC,LICENSED,,2026-06-06,2028-06-05,Licensed,b161afb4796747ec057e1ed9fd72e395d1cab3c50c0a51668c7b3059bf2f1682
42963916,30212230,472479,JOHNSON & MULLINGS SERVICES INC,LICENSED,,2025-06-22,2027-06-21,Licensed,9640e820d163b4db30ecbece2d5bd1640c3d198bb6eebeabbc8c27b68557caf1
42964328,30212539,510095,JOY LIFE NURSING INC,LICENSED,,2025-02-14,2027-02-13,Licensed,d0b961f6ed7963b082c31e6115b77eb55f62c7bf5e3405a98f791ace48d67f3f
42965609,30213193,587997,JOY LIFE NURSING INC,LICENSED,,2026-08-04,2028-08-03,Licensed,574b4adf85de6901b67589080b8c4f1f522b3838b36c61b34b417bbb184e6f03
42965107,30212913,559761,JOYFUL HOMECARE SERVICES LLC,LICENSED,,2025-03-05,2027-03-04,Licensed,913961b3fe139ec8b4602d3e72a40623d33fc6f2dec3cac4cf5f134af8c16a8e
42963673,30212009,418777,JOYTOGETHER HOME CARE LLC,LICENSED,,2025-04-09,2027-04-08,Licensed,5522e7c1ee931bb85b1b79fbdbaf043ee38b227f5149c55d85b40f3ea9a9264a
42962892,30211305,230098,JT PRIVATE DUTY HOME CARE LLC,LICENSED,,2025-09-24,2027-09-23,Licensed,4ebe17ac7d79e198ef9b68986e4be8f8c30d6e66b92d3fa1c0128b1abcdbaa43
42965167,30212974,563257,JUPITER HOME HEALTH,LICENSED,,2025-06-11,2027-06-10,Licensed,4b132673a9d0ffb429c51998db9f0a8fef5d4f86928930940754208ee4291933
42962856,30211271,212761,"JUST LIKE FAMILY HOME CARE, LLC.",LICENSED,,2026-02-18,2028-02-17,Licensed,770e8d4be13be44273ec03343a6194e2c7b96a446358467d24661b14f93b265a
42964697,30212749,539167,K & N HOME CARE AGENCY LLC,LICENSED,,2026-05-28,2028-05-27,Licensed,c5d06c5340f1328c0bcbe08de6a62308cc6782c5899c154cedddccbbfe19d2a5
42963942,30212794,477340,K C NURSE REGISTRY LLC,LICENSED,,2026-07-18,2028-07-17,Licensed,c5411c55bd7c6f1a77462ca3cf83be717da4be39aea6b62ac25b98671b02f4eb
42964940,30212819,550922,K&C CARE SERVICES INC,LICENSED,,2026-08-28,2028-08-27,Licensed,855b8f5735476548c6e56b7f8ab2070a0227a822566abaf9ca3d8484ca646598
42965644,30213210,589389,K-CARE NURSE REGISTRY CORP,LICENSED,,2026-08-31,2028-08-30,Licensed,02c30546446230020d5863e37b1099f1328de81e6f8c974d4af59e2cae9a0855
42965677,30213226,590662,KAIROS HOME CARE SERVICES LLC,LICENSED,,2026-09-21,2028-09-20,Licensed,7232be349fa6ac7f538ab115b9993f251eef01cab63cc96925f328bb55cf1af2
42964010,30212254,485633,"KAIROS HOME CARE SERVICES, LLC",LICENSED,,2025-09-10,2027-09-09,Licensed,858cef67b1c5c6241f6d6e75e0a8be4fa37084acf23bc09f84f88fd57cf73768
42963887,30212250,459801,KC HOME CARE INC,LICENSED,,2026-02-06,2027-08-31,Licensed,63ae076d46633cd92a081ef65f251704cf2fe3ce8b7b5800a4730a1410123fd2
42963354,30211722,357197,KC WELLNESS NURSE REGISTRY INC,LICENSED,,2026-08-28,2028-08-27,Licensed,1127d2c616e5ddce80676f556b2661f508490f8eea65c6d40c31090c1e199563
42963938,30212251,476759,"KCL HOME HEALTH SERVICES, LLC",LICENSED,,2025-09-02,2027-09-01,Licensed,aeb176efb34d4ad900570a3b3bf600bf4f5834566ab6e4bc45c99ad0ee0eff38
42963028,30211452,288825,KDM'S SERVICES INC,LICENSED,,2026-08-10,2028-08-09,Licensed,1b88c68ba6865c1a4c1d903b128216719db1fd163c90f4769bbd97aeba7da534
42964108,30212404,494529,KIMAS HOME CARE INC,LICENSED,,2026-06-14,2028-06-13,Licensed,9d1160873add2452480b8a6b0bfc375c3497f1670a3175d690e4b9bf606f03de
42965699,30213189,591765,KINCARE CONNECTIONS NURSE REGISTRY,LICENSED,,2026-07-29,2028-07-28,Licensed,f4c28d0125f41fa20c15100fb336a5c051b9317390765fa23eda1ef32d000097
42963861,30212166,455989,KINGDOM PARTNERS CONNECTIONS LLC,LICENSED,,2024-10-30,2026-10-29,Licensed,fe815a9be0654256395f8915f0dcac2f4e2d22eb80ce3df0eb8f6844ba1298db
42964779,30212713,542158,KINGS HOME CARE CORP,LICENSED,,2026-03-19,2028-03-18,Licensed,386ca63d038e0e77fec5625b0d3c9bf9727ca3b16cff8822d7d58a287800091a
42963771,30212094,438965,KM HOME CARE LLC,LICENSED,,2026-05-14,2028-05-13,Licensed,dea2a7d053fae7ba390050c23a28d621295b4af4bbd9e695fe40a1a19f39b477
42964347,30212459,511379,KT'S SUPERIOR CARE INC,IN REVIEW,,2024-09-26,2026-09-25,In review,47a554e0f47060237d1b4eed6e527320ff65ecad34f77390ba6fe27c04099cb2
42964911,30212828,549233,KYLIE HOMECARE INC,LICENSED,,2026-09-13,2028-09-12,Licensed,cedb1d1df4ddb1dcd39460fa8186e54b2e8161dafb5c53e43c715e5259c6cbc9
42964718,30212718,540103,L & E HEALTH CARE NURSE REGISTRY INC,LICENSED,,2026-04-02,2028-04-01,Licensed,3fa8155cc8759f740120f83db16e2ecea4b7885e19ce6d740447d583a856c001
42964557,30212672,528450,L&L HOME HEALTH SERVICES INC,LICENSED,,2025-12-04,2027-12-03,Licensed,38572ee4cb7638ebe4a915f35bbe8505feb189dfaf5717426a3a597b2f8f0cff
42965433,30213105,577635,L.A. LOVING ARMS SENIOR CARE SERVICES. CORP,LICENSED,,2026-02-02,2028-02-02,Licensed,5c94079f78943f3637e76080a598104711300a0f42f1dc6ae9d055c4ee0e058f
42965269,30213055,568970,"LA AGENCY, LLC",LICENSED,,2025-10-29,2027-10-28,Licensed,8d3821ec15f311a170416a36a3af6503cd98aa7fd4aa9c48ecf59628a2be028d
42962548,30211015,31627,LA MADONE REGISTRY INC,LICENSED,,2024-11-05,2026-11-04,Licensed,15d5468b8c55cf324b09fc93b31678c11b2de794d0d7b18588303134ac9426cf
42965401,30213057,575935,LA MANO AMIGA,LICENSED,,2025-11-05,2027-11-04,Licensed,838087da47dc926a818bb5cb040ac5e8fc86068c3f7a4cea1f56b8bcdd6bcebe
42964312,30212460,508659,LA MANO AMIGA CORP,IN REVIEW,,2024-09-28,2026-09-27,In review,4e2307b8a4220f0cdf0e056d93880da3e6cb8c4b1e9ec5e6bb73d7a8f8f95def
42962754,30211197,179122,LA NURSE HOME CARE REGISTRY,LICENSED,,2025-09-24,2027-09-23,Licensed,643953b26d2cdecf2d6bd331e1e5b3337ba6b3a150cd8d3052f916a021815b4d
42963186,30211567,330581,LA NURSE HOME CARE REGISTRY,LICENSED,,2025-09-24,2027-09-23,Licensed,887fda58880e22b08a2e66fcde18cc335d796fc469418648174c93ff689bfa74
42964087,30212382,493173,LA NURSE HOME CARE REGISTRY,LICENSED,,2026-08-31,2028-05-01,Licensed,a8e4d61071a157d64cd492aa9b5f3f9aa6baec052bd30fc17a82acde128f8a3c
42965574,30213181,586395,LAVIM CARE LLC,LICENSED,,2026-07-20,2028-07-19,Licensed,be608745eddd462f32b2dae53ef5b6656b909cc50f331a9f48fc1eebce10a2fc
42963332,30211696,353733,LEGACY PRIVATE CARE LLC,LICENSED,,2025-12-15,2027-08-29,Licensed,b242a71832c874b5fd543a50ff7ee7123dd9b23aef733513b595da2f2af531c7
42964722,30212776,540285,LENITY HOME CARE LLC,LICENSED,,2026-06-24,2028-06-23,Licensed,38b9ab6cb45405b16694f68c183d34dc040455033ca3b83e402eb27d5255474e
42964375,30212503,512882,LERNI CORPORATION,LICENSED,,2024-12-05,2026-12-04,Licensed,fed1f842b4d09c3790f9ceadd421b70244b63cde22b407d7df9271a572d23450
42963956,30212285,480208,LEVENESS LLC,LICENSED,,2025-11-08,2027-11-07,Licensed,dc850b9a2fa4719e33eb83622e53c263149be21262bcb4390258dcd1bd895f54
42963957,30212242,480210,LEVENESS LLC,LICENSED,,2025-08-06,2027-08-05,Licensed,a62ba9e546dec0458e60ffe5e66e6badb77e0c2d8364f7190c6877214181b731
42963943,30212239,477568,LGBT SENIOR CARE INC,LICENSED,,2025-08-04,2027-08-03,Licensed,208fe34cb1217e0f0d0b55e1fc141e37af7b29598d1145ef949f6db44beb9a9f
42964321,30212689,509698,"LGBT SENIOR CARE, INC.",LICENSED,,2026-01-05,2028-01-04,Licensed,5ce548b153c9f4ffa64fe1e3d30df9b2e460a38e16e69011a445639bf28eaa30
42965109,30212920,559884,LIFE CARE PRO CORP.,LICENSED,,2025-03-19,2027-03-18,Licensed,d6b1ced660788addb139de8f652959180ea524b9b3ffe31a3b1bdf9f477a14fe
42964023,30212313,487643,LIFE CARES SOLUTIONS LLC,LICENSED,,2025-12-20,2027-12-19,Licensed,9f9b9b6aee2ebceb776b8a4184e70efa3ba3e2a6db1077be031a59aab380d1e3
42965503,30213135,582112,LIFE IN BLOOM NURSE REGISTRY.INC,LICENSED,,2026-03-25,2028-03-24,Licensed,ddbecc2c4cbf56060aac7995788238c1bc0af63230371dcf23fbe6a20510b185
42963933,30212245,475954,LIFE LONG HOME CARE CORP,LICENSED,,2025-08-18,2027-08-17,Licensed,41f93ab19522e69f81f1e037b1fe0e571b626f719ff20e6e42928e2592c6db54
42965139,30212934,561558,LIFESOURCE HOMECARE INC,LICENSED,,2025-04-16,2027-04-15,Licensed,e39c8790664d8471de92efb332c32b48e87ed56f7a979193c0e7525b9389b78e
42963603,30211965,406761,LIFETIME SENIOR CARE SERVICES CORP,LICENSED,,2026-04-19,2028-04-18,Licensed,f184af000214925e5dd30f0fbfb3c62054b3ccd8150a5625d8f43ca3dae9bba3
42965250,30213021,567777,LIGHT THE RAINBOW LLC,LICENSED,,2026-06-01,2027-09-10,Licensed,9a9608bc15ed63f0c7af31f4a2223d5be19881db4ab16e5a9da61c95b1c56f2c
42965119,30213027,560394,LILY MARIE HOMECARE LLC,LICENSED,,2025-09-22,2027-09-21,Licensed,910a9610bc27809d0274daa5019ca779504d94cd19cc0818fd76c6871190a4e0
42965032,30212868,555741,LILYS COACHING AND COMPANIONSHIP LLC,LICENSED,,2024-12-16,2026-12-15,Licensed,a30408095e894ca0d1ff5c899f776ddd5ffb494c2939375728a8b12c794990a9
42964129,30212462,496742,LISSETTE CARE HEALTH FLORIDA LLC,IN REVIEW,,2024-09-29,2026-09-28,In review,041bffb5fef738c9cf9996ef7e02f18d2c6a0d2e97ae9b03d911ee51f820c74f
42964434,30212596,516723,LIVE LOVE & CARING INC,LICENSED,,2025-05-22,2027-05-21,Licensed,412e0a4888207f40ffbeaf88972d8148972ecef1b403f9e5d4800581d32c2d56
42962759,30211192,180920,LIVING ASSISTANCE SERVICES VISITING ANGELS,LICENSED,,2026-04-01,2028-03-31,Licensed,a054a48d0c5eb1a1ed3afe949f645db5f0b9f44e2bf1e4713952a483a2de99cd
42963666,30211997,418406,LIVING GREAT NURSE REGISTRY,LICENSED,,2025-01-31,2027-01-30,Licensed,a2e9b11d622897119a76165b49c45779bae01ba073220947d0e2084b3413298d
42963067,30211458,297591,LIVING LIFE AT HOME,LICENSED,,2026-10-06,2028-10-05,Licensed,c68035e254d5897d8edcb323956575579e603d1415cfa0782da63e52bd127988
42963767,30212168,438389,LIVING LIFE AT HOME,LICENSED,,2024-11-17,2026-11-16,Licensed,5878e90b1a5f81409fbc37ef373507e248b400f6c42b3b83e943531ba96beb64
42963844,30212165,452833,LIVITY HEALTHCARE LLC,LICENSED,,2024-10-24,2026-10-23,Licensed,a52d98f13db454376eebcd41db4e1df9b2668ec2287140af00d835b0052ec4e4
42964370,30212521,512719,"LOTUS CARE AT HOME BROWARD, LLC",LICENSED,,2025-01-04,2027-01-03,Licensed,705d58915bf2d50c0437879e83106cfde2ea271436179de4300340b0a12cb4a2
42963878,30212180,458457,LOTUS CARE AT HOME LLC,LICENSED,,2025-01-22,2027-01-21,Licensed,1aec91df0071f244aab86f96bbb68fb1abaae6af5ee66c2132b329a51d2673e9
42964493,30212570,521950,"LOTUS CARE AT HOME PALM BEACH, LLC",LICENSED,,2025-03-30,2027-03-29,Licensed,08d0080084cbe12979f0aa643fb396176874aaacf3f43f39e4a3a2016c6297af
42964424,30212548,515843,"LOVE 2 LIVE CARE, INC.",LICENSED,,2025-02-20,2027-02-19,Licensed,03a0a9e82903fe44f22f57279a1cbef99ea427ef5140dc5ff936656b7497b7da
42965432,30213108,577549,LOVE ABIDES ELDERCARE LLC,LICENSED,,2026-02-09,2028-02-08,Licensed,57e6554a7cbcbb970ffc36c3d52f0167518321bd337f8532176a2d297712c304
42965011,30212879,554748,LOVE AND LOVEABLE NURSING SERVICES,LICENSED,,2025-01-13,2027-01-12,Licensed,dbd072de0412efbe15f8255b896892e23db8d96c6bc892e993a9a1c14857050a
42963713,30212060,426243,LOVE CONQUERS NURSING CARE LLC,LICENSED,,2025-11-20,2027-11-19,Licensed,213564b261c14f6593faa79092476642b3abb383666611bdca9410af2a768826
42964150,30212401,497690,LOVE'S RESTORATION CENTER LLC,LICENSED,,2026-06-06,2028-06-05,Licensed,24ca7206de0d6a7c4bf09421927296affe6e4425cc3f65cb109ffc745deb9e80
42965245,30213002,567383,LOVING ANGELS HOME CARE SERVICES INC,LICENSED,,2025-08-26,2027-08-25,Licensed,6db5d4c69cca6678fb427b9a29121a7be65ff9118d2ac1ada873000814d4133d
42964881,30212980,547791,LOVING EMBRACE HOME CARE LLC,LICENSED,,2025-06-27,2027-06-26,Licensed,73425f1f2924806e63a67b08d6e1c3db53d88ef1d4447586e7b1ff55b40bcd97
42964643,30212668,536002,LOVING HANDS HOME HEALTH CARE SERVICES LLC,LICENSED,,2025-11-17,2027-11-16,Licensed,f3a1a6ea2ae95d04ca44841e905ab9de8d9bdd61a89937220ee5b30915997661
42963506,30211867,385809,LOVING HOME CARE SERVICES INC,LICENSED,,2024-11-24,2026-11-23,Licensed,c91753d7706c23b504f9c622188353f07797e0642b775cac66190c03c85375e2
42965440,30213113,577933,LOVING JOY HOME CARE LLC,LICENSED,,2026-02-23,2028-02-22,Licensed,72592ef7838ae17b9465e9a57a65e030e1061e81179db95425ba0fde0c35fb0d
42964752,30213046,541282,LOVIS HOME CARE CORP,LICENSED,,2026-04-05,2027-10-15,Licensed,2bed431efdd129ed6daa4c6dd5e5a9936febe7f2ef469c1de281ae7cf37fcf95
42964810,30212799,543411,LOYAL HEALTH SERVICES,IN REVIEW,,2024-10-17,2026-07-24,In review,994dc579b99a3916bde9c2e4d58866daecf16b55f0068dff95cc6979e513e9df
42965521,30213127,583311,LUCARE HOME HEALTH LLC,LICENSED,,2026-03-17,2028-03-16,Licensed,5c38f4cfeb0dfeb744464f8d7a8dc3b032fb7cde276c3a6e2f494ae01b8da850
42963908,30212218,471599,LUNA HOME CARE SERVICES INC,LICENSED,,2025-05-17,2027-05-16,Licensed,d0529b167971276b0504a62ef1aa20f0db7591e8e482d2bd398365a4238e17dd
42963614,30211951,408241,LUX SENIOR CARE LLC,LICENSED,,2025-11-22,2027-11-21,Licensed,549c332c7821ec075025069f288c139cc2625ba40df53856960278d9985f4669
42965376,30213049,574597,LUXURY HOME CARE SERVICES LLC,LICENSED,,2025-10-23,2027-10-22,Licensed,0199863cecb6baafb21fccf858ed8e166fc3977d46f1dd7a811e22ac072b0e6a
42964596,30212848,531081,LYNCOR,LICENSED,,2024-10-31,2026-10-30,Licensed,5ec45dfeae4c4892393be6a666ae64f7cb7b0dcc627375b05f61a42c9958e51c
42963178,30211544,328755,LYNDEN NURSING SERVICE LLC,LICENSED,,2026-04-20,2028-04-19,Licensed,1a318b37d90af3d2f40af6230ced24590a5e3b2e77d5a576c66499a03132a92d
42963001,30211394,280971,LYNDEN NURSING SERVICES LLC,LICENSED,,2025-07-19,2027-07-18,Licensed,e9f938f663615a24ac558d61d39794114c1b91ebd15870d43ae6d7e2ab710bab
42964060,30212375,490692,MAC HEALTH CARE LLC,IN REVIEW,,2024-04-19,2026-04-18,In review,bbd23d5ce02a3dae9bae561816d57684d7b75b0b257c5788dcb411bd8e3ea246
42963949,30212240,478390,MAJESTIC SUNSHINE CARE LLC,LICENSED,,2025-08-04,2027-08-03,Licensed,271dd0cf5c1f54f0389946d64d7a8350668fe0278d615fe2445a1c03fedabd50
42965369,30213059,574167,MAR HOME CARE LLC,LICENSED,,2025-11-06,2027-11-05,Licensed,28d2c10093d60b08bf4df079c86ea6388f4e6fb6918d2535a5b2b5d9e024abee
42963513,30211857,386957,MARCIA'S HEALTH CARE REGISTRY INC,LICENSED,,2026-10-13,2028-10-12,Licensed,87012fb1a070ec878105bb9ca28b4ecda9bb45e3efc27b819fe68f567a0083de
42963479,30211824,379420,MARCIAS HEALTH CARE REGISTRY INC,LICENSED,,2026-04-26,2028-04-25,Licensed,f64c7b3631a60495bf9c288baf2582e69484bedd0ae6835df7af079ac5b495ec
42964387,30212546,513681,MARILYN HOME SERVICES INC,LICENSED,,2025-02-14,2027-02-13,Licensed,471fca9744dda2dcd354c4834f0a00eac4926ba8e3a3d579ca2123660e40efa6
42964065,30212332,491024,MARTINEZ LOVING CARE AGENCY INC,LICENSED,,2025-12-22,2028-02-10,Licensed,06804630637029d41a70396598614e03e1f23d3ec7dd87a3d877bbbc606290ea
42965453,30213125,579212,MATERNAL CARE NETWORK LLC,LICENSED,,2026-03-11,2028-03-10,Licensed,52c6dbb0f3dc19b264313a4261ccaf72e1e5dc86d1b1f480ae9a31a2a03f8c9e
42963251,30211620,343138,MAZAL NURSING SERVICES INC,LICENSED,,2025-05-01,2027-04-30,Licensed,81ee904563175bb310943620b8f0b4303b1eeccf0729ededb5dfd1693c0d9f3b
42963599,30211938,405707,MAZAL NURSING SERVICES INC,LICENSED,,2026-04-22,2028-04-21,Licensed,79bf5842f7a34bc3be95fcfa1f28eb77a52c18594ec03cab25bebd8c0ab08cc1
42963630,30212837,411342,MAZALTOV HOME CARE,LICENSED,,2024-10-04,2026-10-03,Licensed,3ca4c80c3e9c696fe8c10a9767188a58f2c3ac9dd872748802fa0efd6324295f
42964942,30212829,550995,MBB HOME CARE SERVICES LLC,LICENSED,,2026-09-13,2028-09-12,Licensed,3b72571534679e6853353e282ca425251f11d209e35adb17eb20fc57db4fba6f
42964156,30212396,497961,"MC QUALITY SUPPORT, INC",LICENSED,,2026-05-24,2028-05-23,Licensed,d4285d4026147f6c0b7c9072915b1c13d679e6000356b24aa13fb2d10c3ac09b
42964004,30212302,484686,MEDHIRE STAFFING LLC,IN REVIEW,,2025-02-07,2025-12-12,In review,d1ca9bc88ec5f6025837871aeea2a978cc1df300a6f6fd3cc72f0f86d9014287
42965654,30213224,589779,MEDIVA CARE INC,LICENSED,,2026-09-19,2028-09-18,Licensed,ace9d8bd1393e5aa9a66958d1260678fd37f45676da1b681addc86988c486489
42963965,30212260,481230,MELCHOR'S HUMANITY HEALTHCARE INC,LICENSED,,2025-09-17,2027-09-16,Licensed,adb25a3a8622f85f1aebf5b2dc653102e358db1fb511c2d68d21911509b83929
42964719,30212763,540183,MERAKI HOME HEALTH SOLUTIONS LLC,IN REVIEW,,2024-06-06,2026-06-05,In review,c1f0fa639b5eb0baac29154924067a41e480ce19c9b864729e144b774b726cc4
42964040,30212357,489017,MERIT PERSONAL SUPPORTS INC,LICENSED,,2026-03-10,2028-03-09,Licensed,41d05a053c0de67e4c3d520b3b96f3a3bc43291ff5846386ae8a795111793e4b
42963523,30211870,387749,MERRICK NURSE REGISTRY LLC,LICENSED,,2026-12-06,2028-12-05,Licensed,08b48c533426af69dd30e4f011fd723f6268474fee42cb885ef7a17ee345047c
42963639,30211985,413641,MERRICK NURSE REGISTRY LLC,LICENSED,,2024-10-23,2026-10-22,Licensed,fae1a31ae09fa4007c7bf8912f4d2a019238f16930b77644f68d1608b7eafd03
42964844,30212750,545373,METROSTAR HEALTHCARE SERVICES LLC,LICENSED,,2026-05-28,2028-05-27,Licensed,8fb402de75389e031a9ea7ca5f11fdd3b986e3656b1eecff05863bb88ef55ee2
42965059,30212927,557804,"MIAMI DADE HOME CARE SERVICES, LLC",LICENSED,,2025-04-07,2027-04-06,Licensed,b458c1299fab93b28dbb8a7ae265101a716774765276899ff6e96977c839f238
42964031,30212291,488246,MIAMI KIDS' BEHAVIORAL CENTER INC,LICENSED,,2025-11-17,2027-11-16,Licensed,a0a48e1486090e313f9f75c90aafcf09a4917addd6fe615c254bba692d8fd545
42964259,30212438,505319,MIAMI SPECIAL HOME CARE LLC,IN REVIEW,,2024-08-11,2026-08-10,In review,dda0cc3848ac7dba306084aab5528d1066d735de718013a863eb32c08ca0485d
42965300,30213005,570391,MILDRED LANE HOME CARE SERVICES LLC,LICENSED,,2025-08-26,2027-08-25,Licensed,e38d0f3780ec8e97cc740d995c5344ff0555f0a899f86bebe702e3f7c76f76b7
42963682,30212017,419887,MIND AND MOBILITY,LICENSED,,2025-05-21,2027-05-20,Licensed,0a4667f1163431a421b4e760a9f12c2ec9ff84b3040dd1d872aaa29457f80a4f
42965260,30213086,568237,"MINDFUL CONNECTIONS CARE SERVICES, INC.",LICENSED,,2025-12-23,2027-12-22,Licensed,bb4a61e6114acee3d30826b75cc41ad1a43ba544f9a4c8ccc78f1c4ddd3a4c92
42964631,30212647,534523,MINDFUL SENIOR CARE LLC,LICENSED,,2025-10-04,2027-10-03,Licensed,240bb2ab7693d0f924b8f568f52c804a6007aa1f1e52ab68de45e171608cf140
42964273,30212442,506561,MIRACLE HANDS LLC,IN REVIEW,,2026-05-31,2026-08-16,In review,0ae4290617f18de625994fc00610bbb12f581db1cabb847b996f97de80ac8935
42964446,30212603,517777,MLB CAREGIVERS LLC,LICENSED,,2025-06-02,2027-06-01,Licensed,20293c3774b8378a2a24cd8facef590ecd5eca10462f92954fc8ca17609de3bc
42965169,30212976,563347,MOLINO NURSING CARE LLC,LICENSED,,2025-10-24,2027-06-12,Licensed,af51dedd582df38aa0e2454245b18566c1471b7675937b16ee2affd91fd03f25
42965135,30213080,561461,MOORE EMPIRE INC,LICENSED,,2025-12-15,2027-12-14,Licensed,9d5744596cb8546de3fcffdce9c7a590410792265164a1775f9e6f8cece4a220
42964475,30212561,520304,MOUNTAIN VIEW HOME HEALTHCARE LLC,LICENSED,,2025-03-14,2027-03-13,Licensed,f478953be5de0b3a17381282ce3e830dc7c552f56cb87ef01500b55966b71e24
42964244,30212482,504196,MS PHYLLIS HOMECARE LLC,LICENSED,,2024-10-26,2026-10-25,Licensed,b021df4a29564e74d39f25664239cc126b7066b8162e4ddedc6012298cb73c13
42964274,30212511,506664,MW GOLDEN AGE CARE CORP,LICENSED,,2024-12-16,2026-12-15,Licensed,cf80eaf573014236e76639cdf12d7c25f3adcb7b990ecae795bd637852984062
42965242,30213041,567267,MY BLUE ANGELS THERAPY CORP,LICENSED,,2025-10-08,2027-10-07,Licensed,bc26f693cf5bced8bf1b304bb02a47afc6fbc4593342e9b25f88b977b4982fa9
42964325,30212477,509906,MY BROTHERS KEEPER PRIVATE CAREGIVING LLC,LICENSED,,2024-10-19,2026-10-18,Licensed,2af987e39a37283e3c65064e6ab1167f67a8e6e287ef874ec111a42f034a6670
42964679,30212824,538441,MY GOLD HEALTH CARE SERVICES LLC,LICENSED,,2026-08-30,2028-08-29,Licensed,9e5db4ffd14e15a228783af879fd93a6ae4c264796038393785f3405e1369ae4
42963684,30212011,420398,MY HOME SWEET HOME,LICENSED,,2025-04-11,2027-04-10,Licensed,c8f2d57ba883bf74a18ad25bd413fb7cf0b711d6227ed34f04612702aa3a7e4a
42963937,30212255,476767,MY PRECIOUS ANGELS LLC,LICENSED,,2026-04-28,2027-09-14,Licensed,5f1532755fe35a1c3f7fe44c46f147e81158ae38a3d02d49438589eaad7d32d7
42963505,30211866,385722,N & J NURSE REGISTRY LLC,LICENSED,,2024-11-24,2026-11-23,Licensed,ea18b1dedc61511481159b05a4274b5778e6685e873022f7c91b1c4710353cdf
42963948,30212481,478079,N & L HOME HEALTH LLC,LICENSED,,2024-10-25,2026-10-24,Licensed,76a6739b413c43c6b07b409fc2c5af3e8ed5d0fdb6a86a3bc1b239ad612c4e1f
42963781,30212101,441248,"NAPLES BAY HOME CARE, LLC",LICENSED,,2026-06-15,2028-06-14,Licensed,3d796050a92176ab5850a0ae7ff2ffa340dbb7103297b815f94dd4baf17ca8b8
42962625,30211080,140554,NAUTILUS HOMECARE LLC,LICENSED,,2025-06-10,2027-06-09,Licensed,43eb539f4c53791e72ce5bed472702e2b546ce8b596f9af655d1a969fe0f571e
42965508,30213162,582632,NAUTILUS HOMECARE LLC,LICENSED,,2026-06-17,2028-06-16,Licensed,3138a8246448e14d0ee01af1916f242c6bca8a88677892418b697078ef4ba737
42965509,30213183,582637,NAUTILUS HOMECARE LLC,LICENSED,,2026-07-23,2028-07-22,Licensed,1cbbe58a8eb53868b5c02935879fd1af22802e7c3e1e24123c4d20bef3c5d850
42964014,30212278,486966,NCG HOME HEALTH INC,LICENSED,,2025-10-15,2027-10-14,Licensed,8bfb71f7a06483861130a8814a3df33c1b0f8e0647dbf1165f8e300d1e7f00e0
42965071,30212907,558261,NCG HOME HEALTH INC,LICENSED,,2026-07-07,2027-02-19,Licensed,d1f5f729ff38481135c8f444e67916dd1f2ea99a015a3594edc6e10508122726
42964914,30212787,549243,NELSON PRIORITY CARE LLC,LICENSED,,2026-07-12,2028-07-11,Licensed,6ff50fa10f59b3aed8bf05d612d46b7b67be8457abfcc6527e86eebce835e0bb
42963775,30212082,439640,NEVER LEFT ALONE CONCIERGE SERVICES INC,LICENSED,,2026-03-16,2028-03-15,Licensed,8963461334fd76d9730f884d15e615f7a8e2c8f05eefb63932a9d9ca364db334
42965076,30212915,558700,NEW BEGINNINGS HEALTH INC,LICENSED,,2025-03-06,2027-03-05,Licensed,b1d99d7879c48be289f7b97b53e39b523c4962b1cdb571832c10954d44dc4bc5
42964975,30212914,553109,"NEW HORIZON THERAPY, LLC",LICENSED,,2025-03-06,2027-03-05,Licensed,aa951b1bef389057efe9a125522b4dbd1245ff6b3c74a0f40e310826b7eddfa2
42964540,30212620,526922,NEW HORIZONS HEALTHCARE SERVICES INC,LICENSED,,2026-03-26,2027-08-01,Licensed,5734b39397e04a5063db8ee26984c3343307d7a565378f5887462c270df0a26b
42965760,30213222,594683,NEXA HEALTH,LICENSED,,2026-09-15,2028-09-14,Licensed,acf369858769af0ac1a81b78659d70e9b9c205b208ff0d9b8290ef8b788035c6
42964590,30212619,530529,NICMOY HOME CARE SERVICES LLC,LICENSED,,2025-08-02,2027-08-01,Licensed,06f78d43fb7b88c17261c526e8714a0b2d8a02422a0ad595146868fa59b16ed0
42965398,30213079,575739,NICMOY HOME CARE SERVICES LLC,LICENSED,,2025-12-14,2027-12-13,Licensed,129971ced2224af87a08e3fea0499504d695ec591a70f716173a70ba80b79702
42962952,30211353,259972,NO PLACE LIKE HOMECARE LLC,IN REVIEW,,2024-06-12,2026-06-11,In review,d107a492365d0507632a3be54ed4f454bee9b6ad15cc9eeebd7dd5db88bbda84
42963976,30212262,482926,NOBLE HOME CARE SERVICES LLC,IN REVIEW,,2023-09-17,2025-09-16,In review,d16404f232fe6a1ec92ca3ceceed225a2129052e72f8c231d285fdd8c42b9f01
42964243,30212411,504006,NORMAN'S NURSING HOME CARE SERVICES LLC,LICENSED,,2026-06-17,2028-06-16,Licensed,68bbc9d6ac5be9ac75790e67107dc1043b9ed1e29745cfee2ccf9fa1a91e7440
42963628,30211975,410954,NORMAN'S NURSING LLC,LICENSED,,2026-06-07,2028-06-06,Licensed,debbf3897e5c01b871ca1589252ebcbc84804650bab9c53d9ef18c50128c3e2b
42964189,30212417,500904,NORTON NURSE REGISTRY CORP,LICENSED,,2026-06-29,2028-06-28,Licensed,94340b755ca41252e3eb123763ee67ecec414f1b126bf81efec7a6d2d0657423
42965127,30212952,560750,NOSTRUM CARE SOLUTION LLC,LICENSED,,2025-05-16,2027-05-15,Licensed,d5376997fa608bc5bad01ddf3466d7fcf1599703a758117a8c7fdcc68d0d8432
42963105,30211495,309890,NURSE LINK LLC,LICENSED,,2025-12-30,2027-12-29,Licensed,d5c00ac2757793559124ae7b3531c4915cd238a39b390b42fdb291097080729f
42963086,30211478,304466,NURSE MENTORS STAFFING REGISTRY,LICENSED,,2025-01-24,2027-01-23,Licensed,7ace728465254ae0401b2e795c7263bcca2e78829944b79af86442d6e0a083af
42963954,30212293,479309,NURSE NETWORK,LICENSED,,2025-11-19,2027-11-18,Licensed,9a39ecd80f6b339fff05c7dae4b2cbb88938d32f0c6d66ce342bcb7d7a643c0b
42964537,30212617,526520,NURSE REGISTER OPTIMUS CARE LLC,LICENSED,,2025-07-25,2027-07-24,Licensed,005cc0b90bf2b56ca99e40bb491edf316d5d21f4caa4d6bc0bdf59df97f072d7
42965390,30213103,575388,NURSE REGISTRY OF PALM BEACH LLC,LICENSED,,2026-01-30,2028-01-29,Licensed,0f08b64167ab63958e06b4e363e79aca4352e4ddf4a6d7d182c278b5b87ca221
42965159,30213220,562989,NURSEREGISTRY,LICENSED,,2026-09-12,2028-09-11,Licensed,fac6421b12f13ccdff1195cbef7cb41cbfd6ae7f9b05d7647d7ca417c5db8db0
42963503,30211863,384949,"NURSING ON DEMAND, INC",LICENSED,,2026-11-13,2028-11-12,Licensed,f2a7a06eb96820b9e3cc522655f3310c26dafda34bee6d8fdee2280d38397783
42962828,30211243,200222,NURSING SERVICES OF PALM BEACH,LICENSED,,2026-01-22,2028-01-21,Licensed,acb9111e720b992ea0b29c4c4d929f5a91328691fe1783cfc2add5fa0cde98c4
42964866,30212793,546803,NURTURING HEALTH CARE SERVICES,LICENSED,,2026-07-18,2028-07-17,Licensed,ca5bd70e9a5d672cb4c7cdf780a94f27af48096164ff0e540973145af154dddc
42964675,30212688,537776,O&M CARE AND VITALITY LLC,LICENSED,,2025-12-22,2027-12-21,Licensed,af263db59bb02f2c0ab65faf70691a45c741c26172580a739f19d1b7003a0935
42963563,30211912,398281,OAK HARBOR HOME HEALTH LLC,LICENSED,,2025-10-24,2027-10-23,Licensed,1daf07f029ff2dfc4753b3370eab6cc2fc884a170002714200987269338a5ab1
42965386,30213109,575072,OASIS IV THERAPY LLC,LICENSED,,2026-02-09,2028-02-08,Licensed,f31897dba682bf59a3cfc7025d1afdc4a33fe606ae23fcbf9a5dba9b07610ad6
42965278,30212999,569356,OASIS NURSE REGISTRY INC,LICENSED,,2025-11-28,2027-08-14,Licensed,a25bf7ef2eaf9143dad1d39f60107f1f80abb7578c9773470262658be7c40984
42962664,30211114,147939,OASIS TEMPS HEALTHCARE INC,LICENSED,,2026-05-21,2028-05-20,Licensed,bb3cdf45643d01df9fa15e046bdffef303f61c38ed7700b116404bc426bcb34e
42964663,30212685,537144,OCEAN BREEZE HOME HEALTHCARE LLC,LICENSED,,2025-12-15,2027-12-14,Licensed,5dbf4bdd050aef2c012b790cff5ea8fde3074ed607e1bc594697bda5d717854c
42964176,30212377,499497,OGRA CORPORATION,LICENSED,,2026-04-26,2028-04-25,Licensed,a7df6247f6a46714518dee5f3391312a6fc7f2c57a62ac0a5fccf5d5066b0692
42965752,30213227,593885,OHANA CARE NURSING INC,LICENSED,,2026-09-21,2028-09-20,Licensed,b31e13bda53ec572a45f5dc8a4e2e16da05c3de82aa790d40f86c2bb9640aa40
42964534,30212598,526383,OLEA HEALTH SERVICES LLC,LICENSED,,2026-05-01,2027-05-24,Licensed,771734e218728de9194e5bd570d2aa1be882c83502f207f63d0ec20fc1fe0b96
42965134,30212947,561194,OLIVERA’S HOME HEALTH LLC,LICENSED,,2025-05-13,2027-05-12,Licensed,ecc9232bec22ebd01e497b83f91c1c1fb91917ffc6030cdbea4715447b3b8df3
42965280,30213036,569395,OMF HEALTH CARE SERVICES LLC,LICENSED,,2025-10-01,2027-09-30,Licensed,db37d11fe0fd9b4b5f72e59562ba241fd6e672af35a5cc9293cd854920007128
42964468,30212601,519395,ON CALL ELDER CARE LLC,LICENSED,,2026-01-22,2028-01-21,Licensed,d32956e004d00e84d91709988ce82e2ad2550900350b5287390e21a6468b1635
42964713,30212809,539923,ON CALL NURSING,LICENSED,,2026-08-12,2028-08-11,Licensed,afa32353a126d1f3f1f47a83606d8c8afbd8af1077c15507c75be10117f468e6
42964761,30212761,541623,ON TIME HOME CARE LLC,LICENSED,,2026-06-05,2028-06-04,Licensed,3f7c742ab88453fd685e2ee98b9321515d651e655b9ec8ddc22a036a9d9d2626
42963499,30211862,384581,ONE CALL HOMECARE LLC,LICENSED,,2024-11-13,2026-11-12,Licensed,d044fff234cdc46a2351bf586c3247bd6cce136f2bad75f9c1371be9d1dbc6d1
42963500,30211846,384587,ONE CALL HOMECARE LLC,LICENSED,,2026-05-11,2028-05-10,Licensed,143e970aebf1568b018e7d0bc4f7b56a42727928ea4c2baa965839ab19485383
42963019,30211409,286005,ONE ON ONE SERVICES,LICENSED,,2025-09-28,2027-09-27,Licensed,9db8faeb3442479917b51ecfc110bd36cc7ee8f54e27165561af34f965e6f4ed
42963355,30211727,357646,ONE ON ONE SERVICES,LICENSED,,2026-10-08,2028-10-07,Licensed,a69ce8880129f7ded5782d1700774225bcca0f8c2df6c0ba6632bbe3c644c7b5
42964483,30212618,520935,ONE STOP NURSING REGISTRY LLC,LICENSED,,2025-08-01,2027-07-31,Licensed,2be5737c93e8bf300fcb9613365256be268bd174d5abdb3d181e9ccecf11498a
42965332,30213007,572521,ONECARE HOME HELP INC,LICENSED,,2025-08-26,2027-08-25,Licensed,51efb9a0be023d404ddadd3ac1012adc256bd92301a800278b812b06692869e4
42964372,30212502,512805,OPEN WINGS HOME CARE AGENCY,LICENSED,,2024-12-02,2026-11-30,Licensed,95cbf54cd00570eadf750e04c0514cb3064b7780919e1e3e911874c964c54d47
42964103,30212429,494231,OPTIMAL CARE SERVICES,LICENSED,,2026-07-27,2028-07-26,Licensed,283537eb9be5ef83599ce792ac34c8d21d34534978ca418ec7afee3a92d8c382
42965225,30213040,566448,OPULUXE TAILORED NURSING LLC,LICENSED,,2025-10-05,2027-10-04,Licensed,fec19fe8d90c0f5ef721a0a0ea764e7e6c14d1d0fdd19c84a72f98b1021406ce
42964000,30212265,484215,OUR HEARTS HOME CARE & STAFFING LLC,LICENSED,,2025-09-24,2027-09-23,Licensed,5c172900c0e70a4f8535799c54bd5fd08b14f47cde785ba1d0c3da208e636a23
42965064,30212895,557959,OUR LOVED ONES AGENCY LLC,LICENSED,,2025-04-04,2027-02-02,Licensed,2f9f59c6bcf80561ce126289ed66ec7c0d3fe2dbe4f47988fcc434fecf5e02bc
42964701,30212721,539333,OUR SERVICES 4 YOU INC,LICENSED,,2026-04-05,2028-04-04,Licensed,4fdf29822cb61f35a6bbdb9e488018d4a0b58adf5463abd4bf7430ff343c0afb
42963555,30211908,396138,OURCARE OF FLORIDA INC,LICENSED,,2025-08-13,2027-08-12,Licensed,e7d5feda21185393aefb8b4b7df820675bd1bd3fdeedafcbee1cc1435a5ea3a6
42965265,30213044,568534,"OWEN CARE SERVICES, INC.",LICENSED,,2025-10-13,2027-10-12,Licensed,ede72c5c583e13a2e8be625ed130a4714ce8d92de515c90e48da1c00b2ff94fb
42963166,30211556,326869,PALM BEACH NURSING CARE,LICENSED,,2026-03-09,2028-03-08,Licensed,e4b20115572413474258c4992571c9b30101015da2acbba23090b220424495de
42963235,30211600,340415,PALM BEACH NURSING CARE LLC,LICENSED,,2026-03-09,2028-03-08,Licensed,7a9f9f1f7d18c69c95658361440146a41f0c8d6f988c034b86e6235a78761eb5
42964736,30212724,540932,"PALM BEACH SERENITY HEALTH CARE, INC",LICENSED,,2026-04-24,2028-04-23,Licensed,170490a4faf602f7e36bb143f408ce8d801c6ef1bc5f49d770a8eabd821995db
42965449,30213157,579060,PALMS MAJESTIC LLC,LICENSED,,2026-06-05,2028-06-04,Licensed,42a9cdee55730e19ba6320221fdc41dd9f1cde07b3f74b024e498172a33c33d4
42963124,30211498,315440,PARADISE HOME HEALTH CARE,LICENSED,,2025-06-30,2027-06-29,Licensed,a9a4aeac38dbb7765944b35498c12d1c332ca5263198738f19e227e14c0b4e9b
42963312,30211678,351672,PARADISE HOME HEALTH CARE,LICENSED,,2024-05-03,2028-01-12,Licensed,95e66b1fd86e40578ab3f36c7e40fab902103d3108df8d8f96d37d87d1321c5c
42964855,30212795,545940,PARK HOME CARE,LICENSED,,2026-07-22,2028-07-21,Licensed,2c027557d0548d7225facbfa1c5c0610f60f8ad72a64d8798421b69e72bdefaa
42962700,30211151,153800,PARTNERS IN CARE,LICENSED,,2025-12-31,2027-12-30,Licensed,737f8b9aae114acd4e36dad086ed69654ff2aec67d2a5d0a239260440473ce8c
42963014,30211411,284321,PARX HOME CARE,LICENSED,,2024-12-02,2026-12-01,Licensed,4c49df3cda7483c267653e286f8d3df4ff7ca568d817a1e6d23a5eac7c1c6863
42964279,30212466,507001,PAULINA V.I.P. CARE SERVICES LLC,LICENSED,,2026-10-05,2028-10-04,Licensed,e75c24c9832a5ef4ff654c05de0efab51264dd8aaca2127c964f6c7f34c85da2
42965237,30212971,567152,PERFECT LIFE HOME SERVICES LLC,LICENSED,,2025-06-10,2027-06-09,Licensed,23ed0e4d947f428f9c79597eecc4c0aeef6deecd8fac73d065cf6399d543ee15
42964860,30212789,546630,PERSONAL CARE NURSE REGISTRY INC,IN REVIEW,,2024-12-11,2026-07-15,In review,04c26257708ebf573322208deb4ff44d43f5b6407364d7c3d9cf1da7ad979d24
42964902,30212852,549030,"PERSONAL CARE SERVICES, INC",LICENSED,,2024-11-18,2026-11-17,Licensed,e5946e7ce3f04d3cbfdc9bdf68dcde5dccd30f048e0a754ca0ea2ec6dd56411b
42964210,30212591,502054,PERSONAL VITAL CARE INC,LICENSED,,2025-05-08,2027-05-07,Licensed,e844be9b77e1667be631a5d193be4fd03c49f50c76375364fd2d2a851ba1ed27
42964560,30212649,528472,PHENIX NURSING CARE INC,LICENSED,,2025-10-12,2027-10-11,Licensed,dc8d9885ee05f239addfb1d59f48304c45372a268b363090bb6b44eefa0927f5
42962831,30211253,200510,PHILAM HOME CARE INC,LICENSED,,2026-03-07,2028-03-06,Licensed,84228feb03e401deb4900d6fc0b2e53b71e4e2dfa48fd6d019d0cdde4f023239
42965106,30212970,559740,PHOENIX HOME CARE MANAGEMENT LLC,LICENSED,,2025-06-10,2027-06-09,Licensed,bbc2efeec23ffb48d283a04997ca16bafe240caac7ccbab5162149e14b882114
42962607,30211067,31686,"PHYSICIANS' PRIVATE NURSING SERVICE, INC.",LICENSED,,2026-08-18,2028-08-17,Licensed,a43aa79a618735e83f708721a1af6a138517cf347acc9e997bc7f61416793275
42965046,30212940,556888,PILLARS OF HEARTS LLC,LICENSED,,2025-04-24,2027-04-23,Licensed,cc098d313e23e0221bd858af022460d688bb4ffe9cb52aab1dfe1f54b6e4a95a
42963054,30211442,294152,PIONEER NURSING & HOME CARE,LICENSED,,2025-11-12,2027-11-11,Licensed,52bc1b1b5281c359c73f5c38893117e69bea4a2f5a626657f6f1b8174ee8e6e5
42962596,30211053,31675,"PIONEER NURSING SERVICES, INC",LICENSED,,2025-11-12,2027-11-11,Licensed,0c84a24710c1090c17614b090813b83d66f973bec56398a8579a60eecec28055
42963711,30212107,424758,POINCIANA NURSE SERVICES,LICENSED,,2026-06-25,2028-06-24,Licensed,cdfa09f8260fc3bb4b187ae8de95a58e4788d831f864dbbb464aec32122d5c97
42964269,30212422,506014,POINCIANA NURSE SERVICES,IN REVIEW,,2025-09-01,2026-07-19,In review,0a17e5f03a4157385280a1ad5bdc29e4ac0f703f936bda7cb8c72cdebcb61737
42964275,30212506,506812,PORTA NOVA NURSE REGISTRY,LICENSED,,2024-12-09,2026-12-08,Licensed,06e6fc3cd6628803fa7fad84926cfd0da7b99ffa2e90c8fb18f6ec03c7cc4bc1
42965052,30212912,557272,PORTA NOVA NURSE REGISTRY,LICENSED,,2025-03-05,2027-03-04,Licensed,8982522d8166048b69eca51bfa2be009a15b1dc4d7e149836ad9e465c60f5e10
42963580,30211929,402068,POTTER NURSING SERVICE LLC,LICENSED,,2026-02-07,2028-02-06,Licensed,1c507a91cf27b8abd50441226937dfeee359e039e62b28eca6e96a5a8a7eb1a3
42962795,30211219,188407,"POTTER NURSING SERVICE, LLC",LICENSED,,2026-05-11,2028-05-10,Licensed,bacc12f270d6a380b6b9981e13e16aa7ef11694aff4ddf61ddbac1a587222f5b
42965044,30212880,556729,"PPH FL-SUNCOAST, LLC",LICENSED,,2025-01-13,2027-01-12,Licensed,5975fa2ad51d971a9b5c01875abd40cac62329ec9a8b2064a01bcaf2b2b084a2
42963680,30212016,419845,"PRECIOUS CARE HOME CARE SERVICE, INC.",LICENSED,,2025-05-16,2027-05-15,Licensed,045cb4e1ac995063876c2426c692c734c056f842b78ff4b5023b26d00c393eb4
42963644,30211982,414964,PRECISE CARE SERVICES LLC,LICENSED,,2024-10-17,2026-10-16,Licensed,ceab9989323ed6557b001ed66c70a6ffdddd214801ddca0c242529b2d42ec3dc
42963634,30211979,412023,PREFERRED LIFE CARE HOME HEALTH LLC,LICENSED,,2026-10-08,2028-10-07,Licensed,234d8e8af10f38c111965479a9d9316fcbfc58cf1322bfa8ba4e490b05bc117a
42963044,30211431,291940,PREFERRED PRIVATE CARE,LICENSED,,2026-04-14,2028-04-13,Licensed,6f54eb9ea77d140fd703d3aa5915a456f57f4f2a047c31bb0beeab20e3f21b10
42962774,30211191,183386,PREMIER CARE NURSES OF AMERICA INC,LICENSED,,2025-12-14,2027-12-13,Licensed,b94089e9a18e66b806506a37efa2a9d92759ee0f09c65af9b7612b9efe095902
42962602,30211060,31681,"PREMIER CARE NURSES OF AMERICA, INC",LICENSED,,2026-05-15,2028-05-14,Licensed,bda90ae1059501514e51eefe59d3676a4e3f8591af8179e82f4a6d3f955890a0
42965482,30213136,580965,"PREMIER HOME HEALTH CARE SERVICES, LLC",LICENSED,,2026-03-25,2028-03-24,Licensed,60db4dae2c4b7b7c86a211b4f8a145a9572f08c64403ed67c113d6c314b2f2a1
42965211,30212984,565905,"PREMIER IN HOME SERVICES, LLC",LICENSED,,2025-07-09,2027-07-08,Licensed,08fd3c85fcf595100d47ce7c1d6dba50e57ae2dd96ad93bf70c6ff9e6d9108a4
42965330,30213042,572354,"PREMIER PERSONAL CARE STAFFING, LLC",LICENSED,,2025-10-10,2027-10-09,Licensed,8fbbc459999bfb703da2ba97825c5be1fedfdad8773416abc05f4eb4fee6bad4
42964882,30212808,547784,PREMIER PRIVATE HOME CARE CORP,LICENSED,,2026-08-12,2028-08-11,Licensed,d0b213d09f499b17e641be06936be8efd172638c1bbab33728f5c3dfadbb103a
42965123,30212911,560484,PREMIER PROFESSIONAL HOME CARE CORP,LICENSED,,2025-02-28,2027-02-27,Licensed,b7f1a20f047e72130b98f0bb4c2fd0a89212b4e01ce55b8f5563c05f5ede6cc3
42963819,30212170,448785,PRESTIGE GLOBAL NURSING SERVICES INC,LICENSED,,2026-11-20,2028-11-19,Licensed,a55b3d92835a8ac4eac550efdc57ce0648032f2a8b42d7720e2dac8d9e44f127
42964092,30212397,493445,PRINCETON LONG TERM CARE LLC,LICENSED,,2026-05-24,2028-05-23,Licensed,65a6c014561bd31afeb01b1fc0d4802e2a734790dfd8258ad26370e389cba4a6
42964200,30212421,501464,PRIORITY WELLNESS CARE INC,LICENSED,,2025-05-25,2027-05-24,Licensed,97447d7d04c9838e6f15684dc10fba7783d4f10ab79037044ff43b54c96b5bb1
42963884,30212193,459311,PRIVATE CARE SOLUTIONS,LICENSED,,2025-03-12,2027-03-11,Licensed,cac44cdf1bc1c22f6342e7bf030a36505e00fe629dcfb33199cf80befc115a2b
42964858,30212825,546212,PRIVATE DUTY HOME HEALTH CARE LLC,LICENSED,,2026-08-30,2028-08-29,Licensed,40112ce01308423577019317e8e5c7bd0e71ee80e97c9225ae294892db63ffb8
42963167,30211611,326870,PRIVATE NURSING CARE INC,LICENSED,,2025-03-31,2027-03-30,Licensed,dced5cfd5d5072259161402a3842c8455b9c72044078108920b89f31e4a24c4e
42963904,30212213,463053,PRO NURSING SOLUTIONS INC,LICENSED,,2026-06-20,2027-05-03,Licensed,13fd71497f951ce85509eeaa394107b61454ca584908aedebe94573f2c926dc5
42965128,30212956,560848,PROFESSIONAL & QUALITY AIDES DADE LLC,LICENSED,,2025-05-28,2027-05-27,Licensed,717e87148b3e27afb3d0b7ac6700ede2d39c6735325f5f6448738343452e4787
42964386,30212626,513640,PROFESSIONAL NURSING AND HEALTH CARE CENTER CORP,LICENSED,,2025-08-09,2027-08-08,Licensed,1fb5aa6ae2ed6a9c64ba21d9212e2ad77f39198819d3ac3f6292facfc9ea90d6
42963743,30212076,432204,PROGRESSIVE LIFE SERVICES,LICENSED,,2026-03-12,2028-02-23,Licensed,50ae79625c1cb436645c5635cdeb46caf6983be122be3a6906b4aa68444a2d23
42964227,30212585,503040,PROSPER INFUSION INC,LICENSED,,2025-04-19,2027-04-18,Licensed,efb2e7cef2083850031373992d298f31f60756b1ca267441ef55231907334f8c
42964579,30212662,529972,"PROSPER INFUSION, INC.",LICENSED,,2025-11-07,2027-11-06,Licensed,88c112eaf737423137366a451fc1c295f0c559ac9fc8b629d4409c3c30b240be
42964218,30212436,502396,PROSPER LIVING LLC,LICENSED,,2026-08-11,2028-08-10,Licensed,a75b970f4255d08d13b2a8e3655202acc31f508b7a982c7b69f010acf6988bb4
42963572,30211930,399879,PROVIDENCE HOMECARE LLC,LICENSED,,2026-02-13,2028-02-12,Licensed,5fa473af1ffbd344bc27e601dce6b2e5a48dade3b76e17a1699924f2f4d60a62
42964739,30212803,540964,PSI HOME HEALTH LLC,LICENSED,,2026-07-26,2028-07-25,Licensed,f139cd2e7e67c2746467056510c38a22c780e7cbefe15d0c716305430c0d022d
42965022,30212851,555134,PURA VIDA HOME CARE LLC,LICENSED,,2024-11-13,2026-11-12,Licensed,2316dbf6062bb40d53d9c06113fbf44e20b0e8282a8d9f606583c98b4159644d
42964993,30212881,553646,PURE LIFE NURSE REGISTRY CORP,LICENSED,,2025-01-13,2027-01-12,Licensed,9ba6c8a07658c64c053ff88204530546fee318dfd09a8246da17bf8ca9b4740f
42965304,30213195,571053,PUREHEART MEDICAL INC.,LICENSED,,2026-08-08,2028-08-07,Licensed,5bf0c86c738499027aef976a9424e57aafe0ce122d1823f5161d9c6457ef442f
42963238,30211636,341169,QUAD NURSE LLC,LICENSED,,2025-07-24,2027-07-23,Licensed,475e683e25a84400134c242b9f924e018cb4f604c4088a63f869115fe2ab327a
42965021,30212887,555141,QUAD NURSE LLC,LICENSED,,2025-12-25,2027-01-26,Licensed,3fa7dc4aec160a10a93d947a06614df3b6fca0028ae78d6601940d6cdec3d6d2
42963742,30212051,432201,QUALCARE NURSE REGISTRY INC,LICENSED,,2025-10-10,2027-10-09,Licensed,cdade0d073097aa9b76aaf9f51af838946f09960525474ccdfb5c83a45953f6d
42963850,30212151,453547,QUALCARE NURSE REGISTRY INC,LICENSED,,2026-09-11,2028-09-10,Licensed,733dc8c7bc91d2417423ce4b40747461b9c1e665d24b8c366521f9370db9a70b
42963871,30212203,456581,QUALITY CARE HOME HEALTHCARE COMPANY LLC,LICENSED,,2025-04-20,2027-04-19,Licensed,62a6f6124d1bb59bad659a9e5af984ffb85be8a496263878c8b0c09ec6a75bcb
42963120,30211496,314806,QUALITY FAMILY CARE HOME CARE SERVICES LLC,LICENSED,,2025-06-22,2027-06-21,Licensed,c8787dd0720409774922ab3a01e3c5b3064e7bd02b612c300676eaf6b0bd52ad
42962857,30211272,214196,QUALITY FAMILY CARE LLC,LICENSED,,2026-11-14,2028-11-13,Licensed,9ffab3155e19729cfeebfd93680a3add881620f1693f6628505d15f3f12d5787
42965324,30213013,572048,QUALITY HEALTH HOME CARE CORP,LICENSED,,2025-09-04,2027-09-03,Licensed,cc8149ef66cc856c7a342ac243b141e016914a096f9445e019521d574a026ecc
42963575,30211914,401084,QUALITY HOME CARE PROFESSIONALS LLC,LICENSED,,2025-11-09,2027-11-08,Licensed,46a281d72781ff76a9ed00ed33c05e0158e1d0fdec90ca3620604c435ada065a
42964317,30212455,509354,QUALITY NURSE REGISTRY LLC,LICENSED,,2026-09-22,2028-09-21,Licensed,f361306897321e4b0bf63c754478c9140971428fa83bdb197de513fc58601811
42965093,30212965,559265,R & A PROFESSIONAL CARE LLC,LICENSED,,2025-05-31,2027-05-30,Licensed,c3574cc816162cba37ba115adf2e05b251048c811fef887a8b2371e5dc976c82
42965334,30213098,572527,R&D GOLDEN CARE INC.,LICENSED,,2026-01-22,2028-01-21,Licensed,41ee261324d1a450739667290d1d3c1b8e8cdd691b400ca153053daf3263f45f
42965235,30213122,566957,RACHEL'S HOMECARE CONNECTION,LICENSED,,2026-03-05,2028-03-04,Licensed,c46b556c571c6cbefa9dacc00b933a14520568c6ce1ce2ef6b4447aa9d7f4b02
42963368,30211728,359838,RADCLIFFE NURSING SERVICES LLC,LICENSED,,2026-10-08,2028-10-07,Licensed,5754c214c0fbb4623a565a942b68f2af698df1a7db93fa99f3b69d5d6e18f70f
42965104,30212925,559676,RADIANT HOME HEALTH SERVICES CORPORATION,LICENSED,,2025-04-02,2027-04-01,Licensed,9923b524d81104f22184a51e6c065d59f877d26b571d526e2923bdcacc5197b7
42965220,30212981,566222,RAHEALTH NURSE REGISTRY LLC,LICENSED,,2025-07-02,2027-07-01,Licensed,cd84ea160fdef5a37ef604525a680a266c5e11550c3616379a804f3b90a48511
42964447,30212544,517841,RANDYS HOME HEALTH SERVICES CORP,LICENSED,,2025-05-01,2027-02-13,Licensed,aef3cc37dcb4516ba5573e22c71e8f7c8cd9b3aabd934888cc94b703c93fdff0
42965186,30213010,564370,RAPHA HEALTH CARE SERVICES INC,LICENSED,,2025-08-29,2027-08-28,Licensed,0660b2c43ce8e4e94eb7d6df3bde19d868179144dcdef43fdd010fc635ab4048
42964282,30212468,507184,"RB BEST SOLUTIONS, INC.",LICENSED,,2024-10-06,2026-10-05,Licensed,66522d8a2ed1055c459e04c86fea2a8d55686c5f05c4956b1f8190b6a567be8a
42965575,30213150,586377,READY CAREGIVERS LLC,LICENSED,,2026-05-14,2028-05-13,Licensed,7dd491241636285ed94e504d8592eaead5c5eee44487ebfcecd912731a9b1117
42965422,30213064,577091,REALCARE NURSING SOLUTIONS INC,LICENSED,,2025-11-19,2027-11-18,Licensed,189784eaaa087f2b0ce2f6976752468b3d1839c14ec0b6a0c79f16b13fa714b5
42963686,30212010,420661,REDEEMING CARE OF SOUTH FLORIDA INC,LICENSED,,2025-04-09,2027-04-08,Licensed,2cb812dffb7f235d6af616ece40ec87da80576072ad7b0402f6418165af9d302
42962690,30211131,151418,REDI-CARE NURSING SERVICES LLC,LICENSED,,2024-11-05,2026-11-04,Licensed,fd118ece374ba672747c8ac37c577393e5db0abdefcbfafd3ce6fe0ae57fcb08
42964826,30213018,544501,REDSPOT HEALTHCARE SOLUTIONS LLC,LICENSED,,2025-09-09,2027-09-08,Licensed,1b3fe95e795d1273b3ccd75c37eda8a7a36ea7bfa663c2bfb62eb35762446507
42963809,30212121,447505,"REGAL HEALTHCARE SERVICES, INC",LICENSED,,2026-06-03,2028-06-02,Licensed,54266db8b0005e049a5cec996d9c13ba055e809a00cdda0562cf54da7dc7ff24
42964681,30212811,538488,"REGINA PROVIDING CARE, INC",LICENSED,,2026-08-14,2028-08-13,Licensed,a4dd92b2bc95d7a86d0e56c83da509702d11208a6430018418e37025e1355521
42964619,30212678,533418,"RELIABLE HOME CARE SUPPORT, LLC",LICENSED,,2025-12-06,2027-12-05,Licensed,3208047ea158f1601efa1c2e6e828226798433ca041364a1fb9b1192a7dd3921
42965023,30212883,555302,RELIABLE NURSING SERVICES LLC,LICENSED,2026-11-19,2026-11-19,2027-01-13,Licensed — closed date reported,fd7f1b1881ca71da4d3c2566b5d9dd763d3e2d1f8114bdd1a00406920f65e810
42962618,30211077,31697,"RELIACARE, INC.",LICENSED,,2026-02-03,2028-02-02,Licensed,4c7a1e25294519219b4db6cab63caf94ef93e8766be1b4c9208727c9ca2743b5
42963727,30212046,429318,RELIEF CARE INC,LICENSED,,2025-09-16,2027-09-15,Licensed,6a142181429e790efde57190f476704924335c0bcec2219a366420888585a375
42964690,30212690,538758,RELIEF CARE INC,LICENSED,,2026-01-10,2028-01-09,Licensed,ba92ed26d4169fc68e6a425a28521a90e5721f4bc0a37b80fc581b7e54afac69
42964770,30212748,541992,"REST ASSURED HOME CARE, LLC",IN REVIEW,,2024-05-17,2026-05-16,In review,8a2991cf2b7c20971af1b2c659364877a624a391ba05b31cd16e79f3c7e4f1b2
42964253,30212464,504962,RESTORATIVE CAREGIVERS INC,IN REVIEW,,2024-09-30,2026-09-29,In review,74dde0e9353e40a19ebde53ad78d3499b4dd38fc9493a5cabfbbc77173066153
42964751,30212888,541203,RICHMOND HOME CARE INC,LICENSED,,2025-01-28,2027-01-27,Licensed,a481377e714f37d53f18e0adcdef8fbdbc7f04153b477f871f7fc85aa1fee83e
42963305,30211677,350254,RIVER CITY HOME HEALTH,LICENSED,,2026-01-12,2028-01-11,Licensed,f72dda18f806abca9d77476c94736d021392d519995f91c207da4e19f0449de9
42965572,30213205,586238,RMD HOME CARE SERVICES,LICENSED,,2026-08-14,2028-08-13,Licensed,f256bffb6d185e9f9a3201655c3787ccfe1768c9751603c7923f903346f42b25
42963664,30212000,418066,RN ENTERPRISES INFUSION SERVICES INC,LICENSED,,2025-03-05,2027-03-04,Licensed,0435af21553b5e12de79b06ca892ceac0967e13d9a22bcf6d43bc13768d49786
42963691,30212029,421935,RN ENTERPRISES INFUSION SERVICES INC,LICENSED,,2025-06-04,2027-06-03,Licensed,79cb2f00dcc6c7acdea5ee412a443b9d3f097ece875d0da26001acd63ff2c127
42963696,30212015,422864,RN ENTERPRISES INFUSION SERVICES INC,LICENSED,,2025-05-14,2027-05-13,Licensed,cae25036f8a7b687aa2cf322952c513a568ced1285799d9c175ce41bd8812b4e
42963728,30212056,429744,RN ENTERPRISES INFUSION SERVICES INC,LICENSED,,2025-10-31,2027-10-30,Licensed,70677d1384b5ef4a151851e4f1dd090261cc347d3e89878e77382546cb1b1af4
42963794,30212099,443799,RN ENTERPRISES INFUSION SERVICES INC,LICENSED,,2026-06-09,2028-06-08,Licensed,3d2dc2e53656d7077e7a7bf63d97aeab02bd8c6335326012ff52471993ab4e5e
42963851,30212155,453595,RN ENTERPRISES INFUSION SERVICES INC,IN REVIEW,,2024-09-17,2026-09-16,In review,a0a222c35d3ff920b7e905e9c15cad8ab59043556430169c4d0f3600e7248f0a
42963958,30212273,480227,RN ENTERPRISES INFUSION SERVICES INC,LICENSED,,2025-10-08,2027-10-07,Licensed,e15e6d82accb863ba125287f0325e9131a1f60e3d52958f8c978a5bae7756c0e
42964032,30212398,488312,RN ENTERPRISES INFUSION SERVICES INC,LICENSED,,2026-05-24,2028-05-23,Licensed,638c501cea1f32c05540234628a3c4af022957ee8b298ac9360a0864b2c4aed6
42963609,30211953,407227,"RN ENTERPRISES INFUSION SERVICES TAMPA, INC",LICENSED,,2026-06-12,2028-06-11,Licensed,3b602de938ad635b5b4fd5bfcb1c8e97f031ccd537d7a87699875ee1110378a8
42963768,30212073,438572,"RN ENTERPRISES INFUSION SERVICES, INC",LICENSED,,2026-02-19,2028-02-18,Licensed,c2edc286686ed474e7a8e83b3151bd805c3ac266999de9e7c3542ba7443c3501
42965283,30213031,569645,"RN ENTERPRISES INFUSION SERVICES, INC.",LICENSED,,2025-09-25,2027-09-24,Licensed,48de4f017ac10d9e6741531bf303220b9330eb6ad4473d144ead49b33e130da0
42965623,30213191,588638,"RN ENTERPRISES INFUSION SERVICES, INC.",LICENSED,,2026-07-31,2028-07-30,Licensed,cee4fb06e99a78a42ad5da2752b47a3d0030342bd792fb7bf5aafc394e5a73b1
42963057,30213006,294730,ROSEWAYNE HEALTH SERVICES & HOME CARE,LICENSED,,2025-08-26,2027-08-25,Licensed,ed170a39a9e526505ea76de1ca078d44fec90116850885c490d2c9014a9f6100
42964356,30212518,511933,ROYAL CARE I INC,LICENSED,,2024-12-22,2026-12-21,Licensed,5e022978357c7cf30f4cbd0a403531d69b2020a0c2dfb85b602675f8bc3960b0
42964876,30212862,547362,ROYAL CITIZENS INC,LICENSED,,2024-12-04,2026-12-03,Licensed,b1ac3ee14cc139ae9c2e19fe55b1b3b238b2f6c940d98afaf54c67279fdf53cf
42962579,30211038,31658,ROYAL HEALTH CARE INC,LICENSED,,2026-11-05,2028-11-04,Licensed,dc6b431a934b05bb01134073af775996f12a67cfbe65111d415a07a9a35efc14
42962764,30211202,182020,"ROYAL HEALTH CARE, INC",LICENSED,,2026-01-30,2028-01-29,Licensed,529361d0a4c2561e5237f6e852ff2ec9f453d8e04e7f0a2a4310956e24e8f838
42965421,30213061,576988,ROYAL HOME HEALTH CARE LLC,LICENSED,,2025-11-13,2027-11-12,Licensed,756dda1f7206969b1197e81d3649fbbff36bee50a69f0da05ea8692c0786508e
42963874,30212174,457572,ROYAL PALM HEALTH CARE,LICENSED,,2024-12-21,2026-12-20,Licensed,7da36e169a1985baa2337ab0b1919a6149eb24b419caa2d798a0a546aed76221
42964105,30212353,494401,S FL SUPREME SERVICES CORP,LICENSED,,2026-03-07,2028-03-06,Licensed,d5b890061e193cec4fc72e4261c48b1454cd2f8fdb0e88af844f30ca5179bbea
42963149,30211526,322567,SAFE N STEADY INC,LICENSED,,2025-12-12,2027-12-11,Licensed,321742e88b67e15956bc44ceef4167e70d483d0d3f936a6bce8d12a0e6671431
42963407,30211778,366856,SAFER AT HOME LLC,IN REVIEW,,2023-07-20,2025-07-19,In review,b98f41065ffff433ff333715a6565d181a7b2844adcb1ce3667d5fc1fe582eab
42964170,30212528,498662,SAFFRON SERVICES CORP,LICENSED,,2025-01-18,2027-01-17,Licensed,a964044f19af1f3b09365093ed052ccc676a5484bacabf1f195c8142aafbddb0
42964363,30212517,512435,"SAILORGIRL HEALTHCARE REGISTRY, LLC",LICENSED,,2024-12-21,2026-12-20,Licensed,8a764310a880343434b619ddbe47fdebbf1066f84f12780152139cf72c1adccf
42963914,30212234,472183,SALAZAR HOME HEALTH INC,LICENSED,,2025-12-08,2027-07-13,Licensed,7c2a3cc2b61c9cdd7709ef613a7a62eae78c62aeb085149474099099eb276b25
42965008,30212894,554686,SANERGY ADMINISTRATIVE AND HOME CARE SERVICES LLC,LICENSED,,2025-02-01,2027-01-31,Licensed,b418b2f7ae48597e8327c7f2bb36bd87d9ed0ade1f0b828b370cb89666dd6747
42963795,30212097,443852,SANTE HOME HEALTHCARE LLC,LICENSED,,2026-06-08,2028-06-07,Licensed,3dceca430ab7ef315b9cf121070e79826ebc7279b02358f86774623f069c5e18
42963926,30212209,474988,SANTE HOME HEALTHCARE LLC,LICENSED,,2025-05-03,2027-05-02,Licensed,27e663cfb9ffe9a6f68737625a3b1b29b8aed15ace2ba5844efcd17e4b4214e7
42964331,30212497,510380,SANTE HOME HEALTHCARE LLC,LICENSED,,2024-11-22,2026-11-21,Licensed,481bcdca7d081ee49cde128d3f4de81297cd319fcad2819f106e046ea76d8e31
42964494,30212589,522131,SANTE HOME HEALTHCARE LLC,LICENSED,,2025-04-28,2027-04-27,Licensed,5e15afdd590d08577fda97ec3daf3135eaabf8298e30de00660c0e95d77b132c
42964566,30212655,529080,SANTE HOME HEALTHCARE LLC,LICENSED,,2025-10-26,2027-10-25,Licensed,d511585b68abadcb221c641c3e7e20a8e437aa55c8c420ed85f95525683985b8
42964969,30212871,552757,SANTE HOME HEALTHCARE LLC,LICENSED,,2024-12-19,2026-12-18,Licensed,631d924496c6d0c6480e6c3ed89c1ead3878e927e2dd7f93dfe717462760b8c6
42965342,30213075,573029,SANTE HOME HEALTHCARE LLC,LICENSED,,2025-12-07,2027-12-06,Licensed,86318b5d8b8d25684c00f284b26e7b0c6bc62c59a186f71e8ab3859c5b422c3e
42965545,30213152,584611,SARA HOME HEALTH CARE LLC,LICENSED,,2026-05-21,2028-05-20,Licensed,c204734a8eb84cc4742e1e3b5a92f896210cdfa84be05532ebc67214ac66486b
42962550,30211016,31629,SCHWARTZ FAMILY HOME CARE,LICENSED,,2026-06-01,2028-07-02,Licensed,63ce63aa860e4cffb34e94e5af44594b6476459912461e616bbefd23b12de29b
42964731,30212714,540601,SECOND CHANCE CASE MANAGEMENT INC,LICENSED,,2026-03-19,2028-03-18,Licensed,b52852f438cba60173ec53212735f7e3b33e8e38a3ebe0f79efa07e6d53c7daa
42964838,30212810,545239,"SECURE HOME CARE AGENCY, INC",LICENSED,,2026-08-12,2028-08-11,Licensed,9901c476e4f2f8feb63e203a6d427486efcf58d8b495199669de725699925dc8
42963070,30211482,298374,SENIOR CARE SERVICES INC,LICENSED,,2025-02-08,2027-02-07,Licensed,9e86f13a0643df1d5166a9f92f0afc0d09e5e5790b4f39479796e176b555357f
42962913,30211323,240118,SENIOR HOME COMPANIONS,IN REVIEW,,2024-04-01,2026-03-31,In review,0e5d94755534b57c9c832f8b6f128c919329cd6d59c67d83f517fc42a6ff353f
42963152,30211528,322754,SENIOR HOME COMPANIONS,LICENSED,,2026-04-01,2028-03-31,Licensed,f60fee0a8d9c7776a5d52aa2a1c722562980df6e8059b4a47927ab18db9f0f37
42963003,30211397,281375,SENIOR NANNIES HOME CARE SERVICES LLC,LICENSED,,2025-02-12,2027-02-11,Licensed,ecb1d812a7fd1acc0f7f10af4316f87311b9689b63b43c44f019628604f8efeb
42963010,30211407,282126,SENIOR NANNIES HOME CARE SERVICES LLC,LICENSED,,2026-03-13,2027-02-11,Licensed,3ac6f2bc0d372dd11a4a260497f04430eb174bb0d3f45d607f758c0273dcc194
42963022,30211415,286866,SENIOR NANNIES HOME CARE SERVICES LLC,LICENSED,,2025-11-26,2027-02-11,Licensed,e121e0ce090e317c02a4e9137ab7e115dbba01b8062802bf753645178c8ba6e3
42963279,30211686,347641,SENIOR NANNIES HOME CARE SERVICES LLC,LICENSED,,2025-02-12,2027-02-11,Licensed,ad1ee0b396d065da4aab088d657eba7f4392862a7e15936288984926b112edf2
42963440,30211802,372277,SENIOR NANNIES HOME CARE SERVICES LLC,LICENSED,,2026-06-01,2027-12-02,Licensed,51956fd6513c5241b4ef2d7fdd728b1be5b66d9af3a4b26071401519d74f0320
42963552,30211901,395870,SENIOR NANNIES HOME CARE SERVICES LLC,LICENSED,,2025-06-06,2027-06-05,Licensed,47ad6c548de801e8586fb6857905ab823dc10ac443d16a3846193bb6b6c485ac
42963654,30211988,416229,SENIOR NANNIES HOME CARE SERVICES LLC,LICENSED,,2024-11-22,2026-11-21,Licensed,f426ffcf1fb5767f5189a2e530987839793f696a5f1c25794b6abc9988e034b9
42963667,30212004,418411,SENIOR NANNIES HOME CARE SERVICES LLC,LICENSED,,2026-08-26,2027-03-17,Licensed,e9542abbd3803b13ca8c3befc352aecc280fcfe935fe7625e69beffecda4b368
42965352,30213214,573365,SENIOR NANNIES HOME CARE SERVICES LLC,LICENSED,,2026-09-03,2028-09-02,Licensed,b162e34fb32d035c493539fadca07c2b6edae49a167e8c06803b0963e7e97c5d
42965353,30213202,573366,SENIOR NANNIES HOME CARE SERVICES LLC,LICENSED,,2026-09-04,2028-08-11,Licensed,b65542be1b498bcb3022fdae7bd93015fbb38dbbd693eb7605d5c835324ee455
42963707,30212028,424043,"SENIOR NANNIES HOME CARE SERVICES, LLC",LICENSED,,2025-06-04,2027-06-03,Licensed,da0a66df0d61310cfaeb0da0c6d766e1efa6ee58a48aaab686ab1bec7e41c482
42962586,30211049,31665,"SENIOR PARTNER CARE SERVICES, INC",LICENSED,,2026-02-26,2028-02-25,Licensed,625c68e3e000d0681b19c7672ccb7067e2d1585db93029c71b3728e67c3fc6f0
42964791,30212765,542516,"SENIOR PROS OF BROWARD COUNTY, LLC",IN REVIEW,,2024-06-06,2026-06-05,In review,21572f1029445920643dee70615befbd53cd62aea37bc0d6c24c4a293d1bb71b
42964313,30212454,508843,"SENIOR PROS, INC",LICENSED,,2026-09-22,2028-09-21,Licensed,d39339ad26a155d995ab042b031b71aaad7a77a25dd0573ea1b8757dfd71e5eb
42964891,30212812,548295,SENIOR SIDEKICKS LLC,LICENSED,,2026-08-14,2028-08-13,Licensed,04512cde474d50eb2fee1673c18df21dc3a0a0f19e857ff4235a8dea3a1134d2
42962773,30211208,183173,SENIOR SOLUTIONS OF THE TREASURE COAST INC,LICENSED,,2026-02-20,2028-02-19,Licensed,1d3d0f9d108b834a1c3533603a67b263215f657ad375ee0584ba58b5b6ee1ac0
42962869,30211278,217746,SENSICARE OF SOUTH FLORIDA INC,LICENSED,,2024-12-19,2026-12-18,Licensed,6d1554f58bfa27cf12f0ca7e53feeeb83763058a61f86897e5a5287c7a3ded8f
42962947,30211349,255938,SENSICARE OF SOUTH FLORIDA INC,LICENSED,,2026-04-14,2028-04-13,Licensed,a3c96a3b0724fec61b7c4076571a94beb70e5cafc9f209578d0560bc5b5f22d5
42964462,30212552,518760,SERENE GLOBAL HEALTHCARE,LICENSED,,2025-03-11,2027-02-23,Licensed,017c4923ca4f0b0e8a195595035ddeecd7f032fa29ea20418550f92a9cd68193
42963250,30211623,342687,SERENE HOME CARE,LICENSED,,2025-04-19,2027-04-18,Licensed,a4aa4c1ce21dde1598a66158cc50b6f8cc75436104c5bd68bfc29bc235ca554a
42964526,30212612,525434,SERENE HOME CARE OF PASCO COUNTY INC,LICENSED,,2025-06-30,2027-06-29,Licensed,c8c8efe67d8bf5b82943fce456eff1d459327de32144a002e5969dcc31a196fe
42964928,30212820,550087,"SHALOM 7 HOME HEALTH, LLC",LICENSED,,2026-08-28,2028-08-27,Licensed,aae369fbf4bca5d25e70f027621d0f9da1ae1937fc24e846379a8574c54834ed
42965474,30213161,580422,SIDNEY HOME HEALTH OF FLORIDA LLC,LICENSED,,2026-06-17,2028-06-16,Licensed,31ae333dba977fd891942cbe0ef5c64ab91ce47a5371c876ea233eeec59de21d
42963840,30212159,452380,SILVER SITTERS LLC,IN REVIEW,,2024-09-28,2026-09-27,In review,aa4f54949d7558bc66274e6295dcd31d75752bc1dbe6b24ed17b3fb22ed88954
42964206,30212392,501887,SILVER SITTERS LLC,IN REVIEW,,2024-05-17,2026-05-16,In review,be32655f2437342a98f03824d0d0c83a1e11cf886800c6ee96bab14afe16a64c
42964420,30212555,515655,SIMPLY CARE SERVICES INC,LICENSED,,2025-02-27,2027-02-26,Licensed,881f20b6a0195ffa7257a74f594eca0a978006633088706ebabcebe70e6baab1
42964460,30212572,518644,SISTER 2 SISTER HOME CARE LLC,LICENSED,,2025-04-05,2027-04-04,Licensed,500d7576737f10cee617769012489c6859d0307720e478c61dad4338e09bff35
42965735,30213223,592989,SISTERS TOUCH HOME CARE REGISTRY LLC,LICENSED,,2026-09-16,2028-09-15,Licensed,a8daef4336acab1cb7eb5088389222f2e5ce845f97b1f73d677532dedf74318c
42964786,30212758,542284,SKY BLUE THERAPY CENTER INC,LICENSED,,2026-06-03,2028-06-02,Licensed,8b4cd599fd07172a34cd3d19b72b68518637f3a916d5317e39ba13e404ef81f6
42965437,30213083,577705,SLP HOME CARE SERVICES LLC,LICENSED,,2025-12-17,2027-12-16,Licensed,5f34b103e3fbac05bf2b08039828a4309b2e56cb9d4b539480bbf872935b7cf9
42963306,30211667,350397,SMART HOME CARE,LICENSED,,2025-12-09,2027-12-08,Licensed,39201d08fd7e5cfd0d05861fa8c9c33e786007207fc549206bf48b4734215e32
42965297,30213039,570036,SMILE AND HOPES HEALTH CARE LLC,LICENSED,,2026-02-01,2027-10-03,Licensed,0a4072747594097ca6a95368c3a68d789541692663f49dc0f1235dccc0f434ef
42965012,30212897,554781,SOCIAL CARE LLC,LICENSED,,2025-02-10,2027-02-09,Licensed,aacfb1dc46c14871e8dbf77b3a173f3f6a80fa2c08ed992801e0dac70d4a1fc8
42964436,30212580,516954,SOCIAL INTEGRITY HOME HEALTH CORP,LICENSED,,2025-04-12,2027-04-11,Licensed,94c63624772fa557435d402cfb09a079ea143c2b25dab333bcc94ccd538e3ded
42965181,30212954,563909,"SOLAR NURSING & CARE, LLC",LICENSED,,2025-05-19,2027-05-18,Licensed,c23af0c46fa710161f29d48dc5a5e861d0bde38584bd9f936b5af547c3083fff
42965206,30213038,565583,SOLUX HEALTH SOLUTIONS HOME HEALTH LLC,LICENSED,,2025-10-04,2027-10-03,Licensed,a2eccc428279304ce68d1ddc36744e700398a3941570d37792c524961e0952f4
42964100,30212336,494113,SOMY CARE SERVICE CORP,LICENSED,,2026-02-14,2028-02-13,Licensed,3f226171f5a7c709c8ba1b1312969a7f28a5e40db17049df5bdd13d01de68169
42964125,30212367,496420,SOUTH CARE HOME HEALTH CORP,LICENSED,,2026-04-05,2028-04-04,Licensed,d3a279402a7fe7c8be6dacb86366020084608b570f492c058cf6ea302f2f4c5b
42962896,30211303,232705,SOUTHERN LOVING CARE INC,LICENSED,,2025-09-11,2027-09-10,Licensed,1ba0572b9e1bdfb443e2abd5d47989c33f5e9d5146c994b4328804aee6b08f81
42962899,30211300,234823,SOUTHERN LOVING CARE INC,LICENSED,,2025-08-22,2027-08-21,Licensed,26209e2ece6296054b25771bdd69a80fc9889357bf09c649a744ae0a1e34aec8
42964013,30212325,486790,SOUTHERN OASIS HOMECARE LLC,LICENSED,,2026-01-13,2028-01-12,Licensed,6be70ce3f88030a02e44444b81530927120bbdcadbfacfcfad3acdd87d6eddfe
42963745,30212344,432225,SPECIAL ANGEL'S NURSE REGISTRY,LICENSED,,2026-03-01,2028-02-23,Licensed,ce543d06829182073b378ee03b3fdcd606fc110138fe3e3be3d9ee78d66d4d2b
42965191,30212966,564625,SPECIAL METHODS IN LIFE ENRICHMENT SERVICES LLC,LICENSED,,2025-06-03,2027-06-02,Licensed,8239a1587ce1c31221816bcaead9db8369db06b9c954613cb1e4be7065179d41
42963903,30212221,463050,SPECIAL NEEDS CARE INC,LICENSED,,2025-05-26,2027-05-25,Licensed,b9f175fd5205dfdec0c6496ac7772934c36ba82625755886f2ced0e963d41bd3
42963426,30211784,369767,SPECIALIZED CG SERVICES LLC,LICENSED,,2025-08-18,2027-08-17,Licensed,29e047ec52a081e0e7455ccad161eddb59bbf0d75ec68f09ee2d44edacf7525b
42963016,30211422,284833,SPECIALTY NURSING CORPS INC,LICENSED,,2026-03-01,2028-02-29,Licensed,468ebebd1f2808e8f3a1e52c7d3bb2072c4c629a090dff3c80e691d4988ee423
42964054,30212389,490230,SPIRIT FILLED COMPANIONS,LICENSED,,2026-05-11,2028-05-10,Licensed,f9597e5cbd04e5a858d02454fd2cd45d775994f79836d3b8bf2af9aba406b3d2
42965478,30213151,580597,"SPROUTS PATH, CORP",LICENSED,,2026-05-14,2028-05-13,Licensed,74c77c11e8bf2e0c3d31ac0903cbc8b6598b34cdc670dedb05d75ce440550f09
42964486,30212683,521242,"SPRUCELY, LLC",IN REVIEW,,2025-12-08,2025-12-10,In review,8a9c4c97c158be7545af1cbdb7e230737f41e59768654369faaf6442be3cda47
42964998,30212859,554033,STAR LIFE CARE LLC,LICENSED,,2026-11-20,2028-11-19,Licensed,40e464c925ed8ce8ea786dbf63611c6c172a29a8a2853f51da6e4a9f8b759a59
42965628,30213216,588895,STARLIGHT HEALTHCARE SERVICES LLC,LICENSED,,2026-09-09,2028-09-08,Licensed,92dcd68273cc3b43ba20ab54b7f6ea67e4accc430f05120d55d09214baf5f699
42964295,30212471,507810,START PROFESSIONAL CARE & SUPPORT LLC,LICENSED,,2026-10-12,2028-10-11,Licensed,7b5a612c24d7231be523e84936cb48cd88e13d85afe59a1676103f9ff2632134
42965266,30212987,568657,"START PROFESSIONAL CARE & SUPPORT, LLC",LICENSED,,2025-07-14,2027-07-13,Licensed,e66bd327e877f31d7654900938a5651af2ac5bc5fe013e9b279ff65e5fdb48f7
42964648,30212684,536378,STETHOSCOPE STAFFING LLC,LICENSED,,2025-12-12,2027-12-11,Licensed,1f8602a4a4741463f61e5801bfd2656960449a27fd75aa22d3c517c27e89f181
42965446,30213100,578649,STRIVING INDEPENDENCE HOME CARE LLC,LICENSED,,2026-01-27,2028-01-26,Licensed,b353328a6c72b3ea683fc9dcffb74c9bb7c58753e6e2e391cc82ad1527c6e166
42963007,30211402,281890,STRONG HEARTS NURSE REGISTRY,LICENSED,,2025-08-31,2027-08-30,Licensed,3457572db04f53d96f06024b2a75e3af09de1facace6537f979b24b557deb369
42963078,30211470,301470,STRONG HEARTS NURSE REGISTRY,LICENSED,,2025-10-30,2027-10-29,Licensed,4eee6dabe00cee892f05b3e87924460f51c1865efecb9d7d4b1b9010e34be91e
42964807,30212744,543364,SUMMER STYLE LIFE LLC,LICENSED,,2026-05-14,2028-05-13,Licensed,c5a87c22e96927affc5ae85c00747f4e2459bdd9b7b610ec6844852ebdf2689f
42964789,30212726,542468,SUNLIFE LIVE-INS & MORE HOMECARE SERVICES LLC,LICENSED,,2026-04-25,2028-04-24,Licensed,90931f7111dddb0ac5465c88c7eaf2bb13f9984dbf4e7bf06b2a2b159f3bc88e
42965158,30213023,562924,SUNNY DAY HOME HEALTH INC,LICENSED,,2025-09-17,2027-09-16,Licensed,6582bf1d614616dfc2095f2336852116a350e99959bae2cd70417689cceaca9d
42963716,30212044,426864,SUNRISE HOPE HEALTH GROUP INC,LICENSED,,2025-09-04,2027-09-03,Licensed,9e4fa40f6898fc6ce3998f7d1126795090ec36e1349ba42821c1e9ad645b762c
42964879,30212827,547560,"SUNRISE NURSE REGISTRY, INC.",LICENSED,,2026-09-13,2028-09-12,Licensed,f6d8486c9f1cda33803a01afd004986628f04802d7dd5280dcafe7486eee1f7e
42963625,30211973,410268,SUNSHINE ANGELS NURSING LLC,LICENSED,,2026-08-14,2028-08-13,Licensed,a1fe694e1cc7b0d3d47cedc806e6fc52e603a7d6fd9e5d1ad355911b9d78fb77
42964280,30212491,507041,"SUNSHINE FOR ALL, INC.",LICENSED,,2024-10-28,2026-10-27,Licensed,ea47cd54b4c14494d91e411e6f61e6117a4281207477147d57c4e4102f3e7748
42965281,30213156,569493,SUNSHINE HHA INC,LICENSED,,2026-06-05,2028-06-04,Licensed,b66a2bd26caa1bfb78c2ac863274cfb94b84eb6174239b09211c7c63246b5199
42965074,30212992,558536,SUNSHINE NURSING SERVICE LLC,LICENSED,,2025-07-30,2027-07-29,Licensed,1f9602d570ef4cbc7af47d098102bbf96a7e615ffb18be73dd4bf13a29e96395
42964035,30212288,488657,SUPREME COMFORT CARE LLC,LICENSED,,2025-11-12,2027-11-11,Licensed,bc9e80c04f9b7229f00d68897e711c6ffaf9c82c014a8dff7e2843549bbf3298
42963934,30212225,475970,SWEETHEARTS CARE NURSE REGISTRY LLC,LICENSED,,2025-06-02,2027-06-01,Licensed,263514cbf4e3c06ebec6be35e9bd63ed9ea9b7c61fd5b821e6545492c8e93319
42964764,30212722,541714,SWFL PRIMECARE HOME HEALTH SERVICES LLC,LICENSED,,2026-07-08,2028-04-09,Licensed,c87e266b9bb98a820e3b9ba4f401fe4da4d5ffab13d8ce83f1fa3748602d16ea
42963040,30211423,291281,SYNERGY HOMECARE,IN REVIEW,,2024-03-09,2026-03-08,In review,d91f72e41f2d312468d9f15867769c29f395765ca205a795f6d08410e0a3ad14
42965606,30213160,587913,SYS NURSE REGISTRY LLC,LICENSED,,2026-06-17,2028-06-16,Licensed,62db0e1168e1602ab378b395df4ac9ef235909746c999058805430626cdc6fff
42964894,30212830,548711,TAILORED HOME CARE SERVICES LLC,IN REVIEW,,2024-09-17,2026-09-16,In review,6533e2a8f34243c8dd836a15a13803a73af851f440c30d6c0216e3625870a56b
42963201,30211580,333483,TAMBOLINA SERVICES INC,IN REVIEW,,2022-11-21,2024-11-20,In review,f0199b7577d7974c3a8dbb9360d584ce29301c42b646d2ed7001f55df726517e
42963796,30212111,444341,TAMPA BAY SENIORS SERVICES LLC,LICENSED,,2026-04-20,2028-04-19,Licensed,e5a1dd040776db19d2c0f738a0186602c795f689fa1c53f7e9c38d3b307ad5e0
42965108,30212919,559870,TEAM GIFTED HOME CARE LLC,LICENSED,,2025-03-14,2027-03-13,Licensed,37ec0a0f5949231dfa47ea9edd1aacc7d1d9100b3a00c50588abcc06ef33253f
42965317,30213110,571574,"TENDER CARE HEALTH, INC",LICENSED,,2026-02-10,2028-02-09,Licensed,e28da9a2da951fe2625709744f87f2ee4099441e1206c321b4792d9330697b1a
42963373,30211742,360859,TENDER TOUCH CAREGIVERS LLC,LICENSED,,2024-12-11,2026-12-10,Licensed,cce1f5c420423ff8327797a4e9636ee47aeb24f19b41bcd1751547a6128914b0
42964571,30212730,529556,TENDER TOUCH SERVICES INC,LICENSED,,2026-05-02,2028-05-01,Licensed,71e8264aff11adaaac95b983d55e4666a0e794b96e3e7548f9f204f54d92485a
42942450,3014096,31532,TENDERCARE,LICENSED,,2025-08-25,2027-08-24,Licensed,3caae8d7f06eeb2e7104b46948d3b5d5a793fd051d202f13aac0f75942f65b56
42963024,30211418,287386,TENDERCARE SERVICES,LICENSED,,2025-12-23,2027-12-22,Licensed,f26159bd4c8b64a049477773afce547a135a36a85b90b53b2a9b15a766d19c2e
42965313,30213159,571394,THALMAX NURSE REGISTRY LLC,LICENSED,,2026-06-13,2028-06-12,Licensed,04c5e977b2d4c1af05d627040ead4bf26a73117512e8ddc43988dff7ff6c0dba
42962516,30210982,31595,THE COMMUNITY NETWORK,LICENSED,,2025-07-01,2026-12-13,Licensed,4531fa6be966f7e941cd153bd0430b64f0c0e6bc6c5a8dd3e5e27f3bbc8f570a
42965077,30212922,558701,THE GARDENS OF HOPE LLC,LICENSED,,2025-03-25,2027-03-24,Licensed,ea23da77fb147a12ef59fe19efdf70cfbbaf9d3275edbc4213cc3f39015c094d
42964857,30212736,546175,THEIR HEART OUR PASSION PROVIDER SERVICES INC,LICENSED,,2026-05-07,2028-05-06,Licensed,4f8eabc76bf18fa2422d45fa07c66a5d0ebfeca32db67e8da99dce5a8722d3c7
42964582,30212681,530011,THENA CARES LLC,IN REVIEW,,2023-12-06,2025-12-05,In review,81d0353ff82fe98be1a20472180abbd1b77889da9890f8647f3673261bf76254
42964913,30212791,549235,TIFFANY'S HOMEMAKER AND COMPANION,LICENSED,,2026-07-18,2028-07-17,Licensed,a8d9732b31844b03760bf6e23829455d14e7198f90597996b490465006d832b9
42964929,30212842,550169,"TLC HOME HEALTHCARE SERVICES, LLC",LICENSED,,2024-10-16,2026-10-15,Licensed,b71a65e18457028453de97f3e31d5eae2d14f17265c35173efb4c198eb70f395
42964368,30212524,512676,"TLC HOMECARE & SENIOR SERVICES, INC",LICENSED,,2025-01-10,2027-01-09,Licensed,530e186174de4e518d5a4e3df443916df7a2af80e483600b3c87cf1a5c7587d9
42962621,30211084,31700,TLC NURSING REGISTRY INC,LICENSED,,2026-09-03,2028-09-02,Licensed,460bd9970d213313a276802a3f12333163843b82dc8e5f5f67f1f21af02001f8
42963005,30211401,281635,TLC NURSING REGISTRY INC,LICENSED,,2026-09-03,2028-09-02,Licensed,ba117767f2759f1efb81fb57acec1f720349399d65b8ecff7068d645f3ff4ac2
42963648,30211981,415554,TLC NURSING REGISTRY INC,LICENSED,,2026-10-17,2028-10-16,Licensed,24f5da2e8643a4ce7c29fc72d6c305027ed02407dc89e8c3880d60e60dd4c19a
42963972,30212257,482069,TLC NURSING REGISTRY INC,LICENSED,,2025-09-15,2027-09-14,Licensed,221d0b129e7f67b9ce772faad04a9c1eca231c99dba0f0d52e69197497ac0903
42963633,30211971,411799,TOTAL CARE HOME SERVICES OF USA CORP,IN REVIEW,,2024-07-31,2026-07-30,In review,8a513eed469a4e4149b5b02e93122876332827e0fa385694a3dca4e90f1ddf32
42963069,30211739,298087,TOTAL PRIVATE HOME HEALTH INC,LICENSED,,2024-11-23,2026-11-22,Licensed,8f3ae1cc654cefb155bb7c4c3d03f16122f16f1ce8b8d0bab1f62fd281bef67a
42963339,30211712,354840,"TOTAL PRIVATE HOME HEALTH MIAMI, INC",IN REVIEW,,2024-03-18,2026-03-17,In review,851b9a06caed0f977c59b369aaee15f5ecd33cb12271b6b5a5086499349deb07
42963333,30211734,354006,TOTAL PRIVATE PALM BEACH HOME HEALTH INC,LICENSED,,2024-11-02,2026-11-01,Licensed,8cfadb72260ebedf7e65711ab8ca9429a943563a1b6ef199e592eafb5c680516
42963153,30211543,323209,TOTAL PRIVATE TAMPA HOME HEALTH INC,LICENSED,,2026-03-20,2028-03-19,Licensed,88dcc0d52e221d0fc471d003f2a8c44c085f8ae293af0b6712dbcb7fb3b8e4eb
42964465,30212950,519039,TOTAL RESTORATION HOME CARE LLC,LICENSED,,2025-05-14,2027-05-13,Licensed,e8940eec62c29d2967dead1207b9fe1bff600cfe647a1b9369319b85ad5722c6
42965345,30213058,573048,"TOUCHSTONE HOMECARE 2, LLC",LICENSED,,2025-11-06,2027-11-05,Licensed,88ff2ad48e55f704e1be49382b680a715e4188182877db9278d65d78e44227ac
42963612,30211974,407843,TOUCHSTONE HOMECARE LLC,LICENSED,,2026-06-06,2028-06-05,Licensed,9e85f873d36a92f93dc1532e8eaf56a8cf562583a2a5eedf57b2a336315f52c4
42962949,30211410,258624,TRADITION HOMECARE,LICENSED,,2025-05-01,2027-04-30,Licensed,a291641f3ff11ec29bb92fbc941aa608d2bf869b370858161480c7be2558538c
42964999,30212916,554158,TRADITION HOMECARE,LICENSED,,2025-03-11,2027-03-10,Licensed,ec38335cdd5a868f50848dbd9594713119fc5b66e7ef4437ff6caa6975de64dc
42963650,30211983,415695,TREE OF LIFE HOME HEALTH SERVICES LLC,LICENSED,,2024-10-17,2026-10-16,Licensed,d3aa92994ee49bae5abc739ad2a11fb55be79648448ceaa985f29d2913a37477
42964212,30212432,502164,TRELAINE HOUSE OF LOVE INC,IN REVIEW,,2024-08-05,2026-08-04,In review,65860ec3fcd502365e3aeadbfd9e4b81dbdd5eccbc6789095b714408d07aacc5
42964816,30212732,543771,TRI-CITY NURSE REGISTRY,LICENSED,,2026-05-07,2028-05-06,Licensed,81c79e5b5ca6f37aa87ce17c1da47d1efc6ee86f86c8562db7b09bec0131c130
42964042,30212348,489255,TRINITY HOME SERVICE LLC,LICENSED,,2026-03-03,2028-03-02,Licensed,023102fe20dddbf41643a841de504af169a53793a2e786b022233b2e9f295302
42965257,30213093,568060,TRINITY NURSING AND HOME CARE LLC,LICENSED,,2026-01-14,2028-01-13,Licensed,41c05f66323b99101cfbfa1d400a3d26ae346822a5dbc66680e50cebe59161e7
42963980,30212272,483268,TROPICAL HEALTHCARE SERVICES INC,LICENSED,,2025-10-08,2027-10-07,Licensed,c2e36d0b0384044c3b5a6baa75bd81ecd31b771bf51ea48732b647beb0adf7a2
42964538,30212623,526789,TRUE ANGEL CARE SERVICES INC,LICENSED,,2025-11-24,2027-08-01,Licensed,981fa8174c22539fdea2a003342652fc175e361085f9deb8037fb3b0e7688f2a
42964296,30212469,507911,TRUE BEHAVIORAL SERVICES CORP,LICENSED,,2025-02-22,2026-10-06,Licensed,85baaa55ea397fca18aa14d1e85320ef97b5b135b19bbec33fff5826b874c20d
42964714,30212709,539985,TRUE CARE HOME HEALTH LLC,LICENSED,,2026-03-05,2028-03-04,Licensed,a490ec3eb6d378b79658729e914beefe3c34f27e4afda81c4c4996dadfb7d870
42963224,30211596,338776,TRUE CARE PROFESSIONALS FLA LLC,LICENSED,,2025-01-21,2027-01-20,Licensed,eaf791b22822c8cf02a0a6ebc2beab0eb200fe36b1c13bb34a792efa6a6293d0
42963797,30212110,444895,"TRUE LIFE CARE, LLC",LICENSED,,2026-04-16,2028-04-15,Licensed,ffc34c67fcbfe30ae240fab453d7f9f79ba69f04c55b8c3d343155d828ab5726
42963835,30212160,451615,TRUSTCARE NURSE REGISTRY,LICENSED,,2024-10-05,2026-10-04,Licensed,4991c67970a30e258feac413908cccd6532b688199bfc3987fec680944f1deb0
42965310,30213028,571287,TRUSTED CARE STAFFING SERVICES LLC,LICENSED,,2025-09-22,2027-09-21,Licensed,3c85ce8b64e932c93d3659a999142291a5533e20251618d5e360a5cbb7c052ea
42965328,30213068,572294,"TRUSTED HANDS HEALTHCARE, LLC",LICENSED,,2025-12-04,2027-12-03,Licensed,ae32a0fd3a5f937e7ab6d80c649b605348f0404a2bf0d9e8bb263d5dd3be0521
42964233,30212446,503254,"TRUSTED HOME CARE NURSE REGISTRY PIE, LLC",IN REVIEW,,2024-08-25,2026-08-24,In review,5bb1c8e8232cf3e6f4745a7674a3c4bf28f9b46391c8e17a5e6fccb0cbce541e
42964232,30212492,503215,TRUSTED HOME CARE NURSE REGISTRY TPA LLC,LICENSED,,2025-02-17,2026-10-27,Licensed,c59bb6480598fac8d560e64400812688236dc79e3ea8780a63f8c8a230be913a
42963285,30211662,348167,TRUSTED HOME CARE SERVICES NURSE REGISTRY,LICENSED,,2025-11-27,2027-11-26,Licensed,7e2fcc7904e00ad7c7b7abaa3707228b30a7ab5f7a06bcd490d73f13dd9b4245
42963165,30211550,326714,TRUSTED HOMECARE SERVICES,LICENSED,,2026-06-06,2028-06-05,Licensed,78abe1d324336d01a56d6f0a0551da69523cb5eae2108d66e6f6bdeb4f369182
42965284,30213022,569742,TRUSTHOUSE,LICENSED,,2025-09-12,2027-09-11,Licensed,b42c1e5f2e05dab927dc903df2164ea8cb7301ddce66a58f278471eca1f08110
42965670,30213194,590453,TRUSTWISE CARE LLC,LICENSED,,2026-08-06,2028-08-05,Licensed,4e89871b84e68680ae734bae94d98889471b3f47607c1cf1678b379bd2306e20
42964208,30212486,501906,TWO MOONS HOME CARE SERVICES LLC,LICENSED,,2026-10-28,2028-10-27,Licensed,4088bb58dc9379297f1614c74e47c587f3fa307439109795b9e968c0524d3130
42964017,30212286,487175,UNICARE HOME SERVICES CORP,LICENSED,,2025-11-09,2027-11-08,Licensed,c906b108d097db01160a7d28649925765b687202c80de832c4c14a97abd46160
42965400,30213087,575923,UNICARE HOME SERVICES CORP,LICENSED,,2025-12-23,2027-12-22,Licensed,28f1a7ef35ddcfcc6210ca091479a951184224b711f78203f98bd323151245f6
42965372,30213078,574446,UNITED FAMILY BEHAVIORAL THERAPY LLC,LICENSED,,2025-12-13,2027-12-12,Licensed,0dcbd93191e73ddd99dd21e1a3f7a058a95e37de7f694c4d36c342ff01024bfb
42965472,30213088,580293,UNITED HEARTS ELDERCARE INC,LICENSED,,2025-12-23,2027-12-22,Licensed,cd0213a7b68a38c745b00da2733c0be554b90204f87c394a427c8f8680ed6e4a
42963950,30212274,478494,UNITED THERAPY SOLUTIONS LLC,LICENSED,,2025-10-12,2027-10-11,Licensed,99259ef4841a95fe87a1c11dc0e42cbfc09d769b34b8cda97d15838f4e029d6f
42964009,30212284,485081,UNITED THERAPY SOLUTIONS LLC,LICENSED,,2025-11-02,2027-11-01,Licensed,61a9dc13fe6060a2905e1b297d49e4c9667118181126610de0a4418bbabd8e47
42964119,30212576,495735,UNLIMITED BLESSINGS CAREGIVER SERVICES LLC,LICENSED,,2025-04-12,2027-04-11,Licensed,207466369517c6c7d4eda37cd9169ec335995aa3abdc27555aa93dc5c455cd53
42963375,30211755,361143,URGENT HOME CARE,LICENSED,,2025-03-24,2027-03-23,Licensed,e1cb8e2dbab88bb359c16791d94016812764659b657022321dc0a61b9201ecd2
42965030,30212905,555601,UTMOST CAREGIVER LLC,LICENSED,,2025-02-20,2027-02-19,Licensed,ced52f7fd014013633e5cb22ff62eab48247ee3fda35bf5367fe29350727637e
42964489,30212587,521428,V V  LOVE CARE LLC,LICENSED,,2025-04-21,2027-04-20,Licensed,ef69ce34978acadd848e14525fc842d56c6fcab2341f6170609c10a349db09c8
42962907,30211317,238095,"VALUE CARE OF FLORIDA, LLC",LICENSED,,2025-12-13,2027-12-12,Licensed,66cb7ad75388ee7e25812c6058c477863ddcca04e213ce218fec9a5396582cd0
42963004,30211399,281376,"VALUE CARE OF FLORIDA, LLC",LICENSED,,2025-12-13,2027-12-12,Licensed,4c95c4cefbe417ff0c84d0a988b2d8f33c6203c54f430d8043d312c35ad2001b
42963011,30211408,282782,"VALUE CARE OF FLORIDA, LLC",LICENSED,,2025-12-13,2027-12-12,Licensed,785e92987839636bbafe7aa10536a7aa13c40b24075e54a300b1d14990ffa500
42965126,30212968,560644,VDL NURSING SERVICES INC,LICENSED,,2025-08-23,2027-06-05,Licensed,f3020106b64c142ea21efb11995563a25645d92ff33bdcd6840e80948f5621c5
42965431,30213138,577546,VELAROSA PERSONAL CARE SERVICES LLC,LICENSED,,2026-04-07,2028-04-06,Licensed,fc3b21008953c31fe0aeb2e92522cf62b24a87c2a4f8b2c51669256d6e3c52f4
42964699,30212695,539255,"VELVET HOME CARE AND NURSING SOLUTIONS, LLC",LICENSED,,2026-02-07,2028-02-06,Licensed,70a50bfa0823037cdae04cabc59bdec59b297108e15cf25b095de2b43d57566f
42963719,30212043,427423,VERITAS NURSE CARE,LICENSED,,2025-08-18,2027-08-17,Licensed,6047d1d8dce566c020f4f6175aac282d0375e6edb2bfd9a282e8c6bfc7d2c70c
42963046,30211435,292473,VERITAS NURSE REGISTRY INC,LICENSED,,2026-04-28,2028-04-27,Licensed,32d7b595929bbda6719ce3b6b1ac564469eace158ec663cbc74c8f088c9b079e
42964562,30212622,528813,VICTORY HEALTHCARE CORPORATION,LICENSED,,2026-03-02,2027-08-01,Licensed,61e06736bbac17339d65e263c73fd5bb2f806c73f32a78d03ee55ce1bc3987c8
42965301,30213037,570715,VIDA CARE CORP,LICENSED,,2025-10-01,2027-09-30,Licensed,71e5c1d3216ac9b386146b811316b449fd788360bc6959a21583f71456e4d770
42965649,30213197,589645,VIDACARE NURSE REGISTRY LLC,LICENSED,,2026-08-09,2028-08-08,Licensed,c2cde203ac07dc6e43ed1f868e5f60e3a0d077dfa0b4ddcac4e1c76bcd8f10bd
42965580,30213204,586615,"VIDAMED HOME HEALTHCARE, LLC",LICENSED,,2026-08-12,2028-08-11,Licensed,e49f4cb2704653bbfe11d27f545c204c99ec7e7c7c2e50e692e4d277fb10c38b
42962509,30210977,31588,VIP AMERICA LLC,LICENSED,,2024-12-31,2026-12-30,Licensed,cfcf6afbc208b71aa3e3767ae99883a94899e6d3165196ce937bdbe5c2069632
42963362,30211736,359108,VIP AMERICA OF CENTRAL FLORIDA LLC,LICENSED,,2024-11-17,2026-11-16,Licensed,8664177e4104ef80784c09cabf5eed6c8cc49def463f8084a48043037661ff48
42962768,30211194,182371,VIP AMERICA OF SOUTHWEST FLORIDA LLC,LICENSED,,2025-09-14,2027-09-13,Licensed,63855141b23667bf9484b8d9c697ea45ea5a9a19a5d37df99bc4e32fe7bfb84e
42963509,30211855,386424,"VIRTUE MEDICAL STAFFING OF PALM BEACH, LLC",LICENSED,,2024-09-29,2028-09-28,Licensed,170bac9516feba228f978d617ad8043b8ca374c2fc2d4b39a835eb753c2b08e8
42963288,30211654,348619,"VIRTUE MEDICAL STAFFING SERVICES, LLC",LICENSED,,2025-10-15,2027-10-14,Licensed,f0a06ab774151b19ad37f46d048bfad7b69a0fcde20451c20f74ad2aa0df1fd0
42962707,30211148,154935,VISITING ANGELS,LICENSED,,2026-02-23,2028-02-22,Licensed,c340c8f55a40cd7e39f5b90d936d82e53f9fa7001651ce6d2f58afc6385c45bc
42962894,30211302,231188,VISITING ANGELS,LICENSED,,2025-12-05,2027-09-05,Licensed,1529259d92a2259b7cef6ffe99503bd8ba280967a236d4b5bcbafe7704b67328
42962900,30211314,235125,VISITING ANGELS,LICENSED,,2025-11-05,2027-11-04,Licensed,0e9892c80923f69f7d09b25d8d76396cc14fb19c8f1935aa442ace596488fc43
42962929,30211346,248964,VISITING ANGELS,IN REVIEW,,2024-06-03,2026-06-02,In review,ef5b98d515d49e54ff1289ac0825eccadc981d41329af1cc9e88b3871bc3ce54
42963048,30211426,293387,VISITING ANGELS,LICENSED,,2026-11-02,2028-11-01,Licensed,05fd6caaa072246a61000173937616819ff01a4af85333a98682ab88d48af3c0
42963091,30211475,306849,VISITING ANGELS,LICENSED,,2026-06-16,2028-06-15,Licensed,bb126ddb849f6a8b72aff1ecc7e01dc567c656b38450d308fee069d655702950
42963101,30211483,308714,VISITING ANGELS,LICENSED,,2025-02-14,2027-02-13,Licensed,d85cd29dc4bc7330f5267a321ff668e5aba9531ecbbd0751a251175cdf019cfc
42963136,30211517,317669,VISITING ANGELS,LICENSED,,2025-10-12,2027-10-11,Licensed,b0eada89b822d0c56aa8f5e3881c83f1ce3b70db8e4918b1bef4a9a6082302d6
42962867,30211281,216863,VISITING ANGELS CLEARWATER,LICENSED,,2026-07-31,2027-01-01,Licensed,fc3ac0d8fa9c49c317c62709ddd0402312bf1f9a46201a2369709e9a19e9cda8
42962859,30211274,215233,VISITING ANGELS LIVING ASSISTANCE SERVICES,LICENSED,,2026-11-21,2028-11-20,Licensed,8738844ba4d3eef74db59a3687bf5d59a4a42cf4a635aab1a770a42744f1b4bf
42962922,30211328,244304,VISITING ANGELS LIVING ASSISTANCE SERVICES,LICENSED,,2026-02-18,2028-02-17,Licensed,1bc62252b85f0d9d2b38d16f21b95eecf5883d34343c8a803b0de04785e79416
42963401,30211771,365869,VISITING ANGELS OF BRADENTON,LICENSED,,2025-06-10,2027-06-09,Licensed,9b6fb3a0fcce5babba1ba9aff2ac686ee1b2d65eb9a98f3740854303e398b042
42962889,30211299,228476,VISITING ANGELS OF ORLANDO OCOEE,LICENSED,,2025-08-09,2027-08-08,Licensed,13ed30463d631f722b8e9190bcc4f2632b325407f7f9e2eb1afe4756a572c332
42963301,30211676,349943,VISITING ANGELS OF SARASOTA,LICENSED,,2026-01-09,2028-01-08,Licensed,57a7e9dd01ad8534aaf2b7075297d9d1eb408f29ac980df0005931f31a40a2c8
42962847,30211262,207986,VISITING ANGELS OF SE FLORIDA,LICENSED,,2025-12-02,2027-12-01,Licensed,91490e235e12b9d653d2919469e1c7d4e13cf503875f15f839781b33a9ced955
42962969,30211369,270273,VISITING ANGELS OF SE FLORIDA,LICENSED,,2025-12-02,2027-12-01,Licensed,6033796505ede74bbed718cfd2dda475a19129cbe72b5e4b55969cc7de03b7ae
42965672,30213175,590498,VISITING CAREGIVERS LLC,LICENSED,,2026-07-14,2028-07-13,Licensed,5323de34b0ca80b1dd551332501458989626bbf583067e992eaa2dc8124c7882
42964941,30212833,550929,VITA LINK HEALTH SERVICES INC,LICENSED,,2026-09-17,2028-09-16,Licensed,6e2164e00061aa1002e5a46b7ca49bbe42066e304c74461086f54516f68b8055
42964961,30212917,552270,VITAL CARE OF JACKSONVILLE,LICENSED,,2025-03-12,2027-03-11,Licensed,432475e7b7176190b91993be277b5ebdbc8bbd82270e17ab17b201580bd99c13
42964934,30212903,550480,VM BEHAVIOR GROUP LLC,LICENSED,,2026-01-29,2027-02-18,Licensed,bd56497fbef64ce3e9d429e352d7c0d562eef8a8377c4b8524580f1883460ed3
42963567,30211934,399283,"VOLEN COMMUNITY CARE, LLC",LICENSED,,2026-03-11,2028-03-10,Licensed,7ec6138bec88a732bd3f61088e0a111861be97ebafb04069bf03694cfbcc2cef
42964236,30212565,503375,W.E.B. HEALTH MANAGEMENT SERVICES LLC,LICENSED,,2025-03-22,2027-03-21,Licensed,0ccd97343615af26cd3239596bea2f42d71a7731ff4159a1d2d5325684df5f6b
42964652,30212680,536838,WASHINGTON HOME CARE LLC,LICENSED,,2025-12-06,2027-12-05,Licensed,cded89c352be02bdd00ad3d448ef5b7f76c5d64734bf14b14bf410651a4b3df6
42964616,30212664,533266,WAYMAKER SERVICES LLC,LICENSED,,2025-11-14,2027-11-13,Licensed,1bca72a92718d130941b93972cad4685d937fc69543361b676eed826948a9e2e
42964115,30212335,495209,WE CARE HOME SERVICES INC,LICENSED,,2026-02-14,2028-02-13,Licensed,f6dc7a3306a2d670905121de5bf5022939d5127e0e757b4cdb59fa9ce9187368
42964780,30212728,542167,WE CARE HOME SERVICES INC,LICENSED,,2024-05-02,2028-05-01,Licensed,ebbad1db1f949193f2ac10a1b7a86c777a8d6612cf8efc67964407e5e6a53385
42963106,30211488,311307,WE CARE NURSE REGISTRY INC,LICENSED,,2025-04-06,2027-04-05,Licensed,b6213cb61df7215a41f317d749a2cb391ae1cd28a6740328c29dbd9c4dc59be5
42963261,30211624,344231,WE CARE NURSE REGISTRY OF PALM BEACH,LICENSED,,2025-06-19,2027-06-18,Licensed,0a691bbe8da89f509bb66b40b6c7d8e0e9e385d9dc306281c7763f8fb10dfcde
42965475,30213196,580438,"WE CARE PROFESSIONAL SERVICES, INC.",LICENSED,,2026-08-08,2028-08-07,Licensed,4aefe27d414c2c732d2eecb447f101fcb6485d4f1646c4419168f20e3878e2f3
42962485,30210965,31564,WE ELDERLY CARE,LICENSED,,2025-11-29,2027-11-28,Licensed,7762296c71ad6f6dcb32750f36fa2699e8badfa531fe57dadd7ca3801945f786
42963194,30211568,332160,WE'RE ALWAYS THERE-CUSTOMIZED HOME CARE,IN REVIEW,,2024-09-06,2026-09-05,In review,e5e88e9c0b860f0afc0927feed2e96731341c26943056a8f9191e51538310ddc
42964181,30212405,500092,WELCOME BACK HOME CARE INC,LICENSED,,2026-06-14,2028-06-13,Licensed,6aaf7b8b63243102f4b388bbbca81ba6b46c5b404428a49a2380d1479e09b524
42963338,30211719,354794,WELCOME BACK HOME CARE INC.,LICENSED,,2025-11-11,2027-11-10,Licensed,a83712e76bb849fd5f0cb9644de4c5313285605292b24a7e63720d7e47489723
42964063,30212412,491013,WELCOME GROUP HOME LLC,LICENSED,,2026-06-20,2028-06-19,Licensed,59fa244b2921fffe212df7e254ebde06acbb27eaf138174e72c5715c56edb36c
42965406,30213104,576385,WELLNESS CARE CONCIERGE LLC,LICENSED,,2026-01-30,2028-01-29,Licensed,1ffe77fc2aca8be7ba34258c712f3a6f937f55946456fc7a0f3de9c820fc6709
42963310,30211684,351568,WELLNESS CARE NURSE REGISTRY INC,LICENSED,,2026-02-16,2028-02-15,Licensed,a9594f467f7579c1ff47bfc9c3364ba619c59b697e473f65bf6b7096663aaffc
42962505,30210978,31584,WHITSYMS IN-HOME CARE,LICENSED,,2025-01-18,2027-01-17,Licensed,a12c4f9f61869829f6c2ec0895363cd1c7c9392267f91fcffc21e7f02cb4e22e
42962872,30211293,219613,WHITSYMS IN-HOME CARE,LICENSED,,2025-01-18,2027-01-17,Licensed,a2dd70e997e3a67e7881beea5a41c7cec11db4bb7bb2b52ddf3ba6a99170b14c
42962977,30211382,273309,WHITSYMS IN-HOME CARE,LICENSED,,2025-01-18,2027-01-17,Licensed,d75caa29e38d5a9c6faa5d70c709aa35f892aed6c1088d1eda32a3f484a2aa4b
42962998,30211390,280048,WHITSYMS IN-HOME CARE,LICENSED,,2025-01-18,2027-01-17,Licensed,d7fd7497db28dc29e341059a47eba929743438f35f12d2cd35672e8ae48d04ba
42963330,30211710,353686,WHITSYMS IN-HOME CARE,LICENSED,,2025-09-28,2027-09-27,Licensed,e68db1d70b343a1509a35868430d2aed4889d2f96c59811d7ed35ceb071e0df8
42963331,30211709,353687,WHITSYMS IN-HOME CARE,LICENSED,,2025-09-28,2027-09-27,Licensed,80d12804796c3e689cf5cfc179c749d829985cab459f1d4098f82c1bb6b9795c
42964149,30212360,497666,WINGS OF AN ANGEL INC,LICENSED,,2026-03-22,2028-03-21,Licensed,b10b483280a4ec1327579a7c77113900ddf28848942f086015bd110472c81c88
42965476,30213174,580449,WINGS OF HARMONY SUPPORT CORP,LICENSED,,2026-07-14,2028-07-13,Licensed,4f8bbbfc509d6d17ebd80c802e51672c929b724b1aad32ae8cc50fa289d507ba
42963880,30212212,458831,XTREME CARE LLC,LICENSED,,2025-05-04,2027-05-03,Licensed,1988ea15e69a06eb915bb981d38ac182b738178610489b0c188eb224af85c507
42965497,30213206,581743,Y&Y HOME HEALTH CARE LLC,LICENSED,,2026-08-17,2028-08-16,Licensed,92b76f36e85d93d01e8ef30511b3114576823766974375bac40916100700230a
42965553,30213153,585103,"YOU & I LIVING, LLC",LICENSED,,2026-05-26,2028-05-25,Licensed,0b1140d7f2cada7ca504ecc68e18159f677ff83208287476c2c9334d9b090d8c
42965201,30213026,565190,YOUR CARING HOME CARE LLC,LICENSED,,2025-09-18,2027-09-17,Licensed,de2ddb15bc1f549ccef73666ed551e130e5d0ff6c0c11e30b167e171f97bef3e
