source_occurrence_id,index_url,original_href,normalized_url,acquisition_status,canonical_document_id,content_sha256,duplicate_content_group_id,canonical_versus_duplicate,extraction_status,character_count,image_only_flag,ocr_backlog_flag,raw_source_document_type,normalized_document_classification,classification_method,classification_confidence,corpus_scope,facility_match_status,njdoh_facid,njdoh_license_number,internal_facility_id,match_method,match_confidence,public_eligibility,baseline_only,source_year,source_listed_facility_name
nj-doh-enforcement-0001,https://www.nj.gov/health/healthfacilities/surveys-insp/enforcement_actions.shtml,/health/healthfacilities/surveys-insp/ea-revised-manahawkin-health-and-rehabilitation-center-09012026.pdf,https://www.nj.gov/health/healthfacilities/surveys-insp/ea-revised-manahawkin-health-and-rehabilitation-center-09012026.pdf,EXISTING_HASH_VERIFIED,be7d20982631965e142643d2c08f0a1fc04fd7e0ec333010c2e668c3f30188d0,be7d20982631965e142643d2c08f0a1fc04fd7e0ec333010c2e668c3f30188d0,,CANONICAL,SEE_CORPUS_SUMMARY_GRAIN,,,true,Revised Notice of Assessment of Penalties,penalty_letter,INDEX_METADATA,index_action,,,,,,,,false,true,2026,Manahawkin Health and Rehabilitation Center
nj-doh-enforcement-0002,https://www.nj.gov/health/healthfacilities/surveys-insp/enforcement_actions.shtml,/health/healthfacilities/surveys-insp/ea-regency-heritage-nursing-and-rehabilitation-center-08312026.pdf,https://www.nj.gov/health/healthfacilities/surveys-insp/ea-regency-heritage-nursing-and-rehabilitation-center-08312026.pdf,EXISTING_HASH_VERIFIED,a379a397b5efbc6e2f2fc5fec5558e4a76c40ae19d2fe189060d109189b198fc,a379a397b5efbc6e2f2fc5fec5558e4a76c40ae19d2fe189060d109189b198fc,,CANONICAL,SEE_CORPUS_SUMMARY_GRAIN,,,true,Notice of Assessment of Penalties,penalty_letter,INDEX_METADATA,index_action,,,,,,,,false,true,2026,Regency Heritage Nursing and Rehabilitation Center
nj-doh-enforcement-0003,https://www.nj.gov/health/healthfacilities/surveys-insp/enforcement_actions.shtml,/health/healthfacilities/surveys-insp/ea-optima-care-at-harborview-08312026.pdf,https://www.nj.gov/health/healthfacilities/surveys-insp/ea-optima-care-at-harborview-08312026.pdf,EXISTING_HASH_VERIFIED,84ef05c35d16d5a8318368e3bf1e7cc82adc8e579a5c5c724d04a32d79edc941,84ef05c35d16d5a8318368e3bf1e7cc82adc8e579a5c5c724d04a32d79edc941,,CANONICAL,SEE_CORPUS_SUMMARY_GRAIN,,,true,Notice of Assessment of Penalties,penalty_letter,INDEX_METADATA,index_action,,,,,,,,false,true,2026,Optima Care at Harborview
nj-doh-enforcement-0004,https://www.nj.gov/health/healthfacilities/surveys-insp/enforcement_actions.shtml,/health/healthfacilities/surveys-insp/ea-hamilton-grove-healthcare-and-rehabilitation-08312026.pdf,https://www.nj.gov/health/healthfacilities/surveys-insp/ea-hamilton-grove-healthcare-and-rehabilitation-08312026.pdf,EXISTING_HASH_VERIFIED,8a2595313994a0d9b01da5e8cd02bf9256734881259d5479697ae2a80ad044b8,8a2595313994a0d9b01da5e8cd02bf9256734881259d5479697ae2a80ad044b8,,CANONICAL,SEE_CORPUS_SUMMARY_GRAIN,,,true,Notice of Assessment of Penalties,penalty_letter,INDEX_METADATA,index_action,,,,,,,,false,true,2026,Hamilton Grove Healthcare and Rehabilitation
nj-doh-enforcement-0005,https://www.nj.gov/health/healthfacilities/surveys-insp/enforcement_actions.shtml,/health/healthfacilities/surveys-insp/ea-green-hill-08312026.pdf,https://www.nj.gov/health/healthfacilities/surveys-insp/ea-green-hill-08312026.pdf,EXISTING_HASH_VERIFIED,a437443c435c062acd479deb9ae546888b7d3ecf8c0d1f5c214a0d22610e3d10,a437443c435c062acd479deb9ae546888b7d3ecf8c0d1f5c214a0d22610e3d10,,CANONICAL,SEE_CORPUS_SUMMARY_GRAIN,,,true,Notice of Assessment of Penalties,penalty_letter,INDEX_METADATA,index_action,,,,,,,,false,true,2026,Green Hill
nj-doh-enforcement-0006,https://www.nj.gov/health/healthfacilities/surveys-insp/enforcement_actions.shtml,/health/healthfacilities/surveys-insp/ea-the-fountains-of-atco-08312026.pdf,https://www.nj.gov/health/healthfacilities/surveys-insp/ea-the-fountains-of-atco-08312026.pdf,EXISTING_HASH_VERIFIED,77197e0fefc10d981c8d42fb318b040a88b6f5b69012d3442adbd7ff6a56a670,77197e0fefc10d981c8d42fb318b040a88b6f5b69012d3442adbd7ff6a56a670,,CANONICAL,SEE_CORPUS_SUMMARY_GRAIN,,,true,Order Amending Directed Plan of Correction,directed_plan_of_correction,INDEX_METADATA,index_action,,,,,,,,false,true,2026,The Fountains of Atco
nj-doh-enforcement-0007,https://www.nj.gov/health/healthfacilities/surveys-insp/enforcement_actions.shtml,/health/healthfacilities/surveys-insp/ea-optima-care-at-harborview-08192026.pdf,https://www.nj.gov/health/healthfacilities/surveys-insp/ea-optima-care-at-harborview-08192026.pdf,EXISTING_HASH_VERIFIED,fb3d672dd71b0fcf59509934d03e2ffd0e3823a94500d46a3cde755652abb1c5,fb3d672dd71b0fcf59509934d03e2ffd0e3823a94500d46a3cde755652abb1c5,,CANONICAL,SEE_CORPUS_SUMMARY_GRAIN,,,true,Notice of Assessment of Penalties,penalty_letter,INDEX_METADATA,index_action,,,,,,,,false,true,2026,Optima Care at Harborview
nj-doh-enforcement-0008,https://www.nj.gov/health/healthfacilities/surveys-insp/enforcement_actions.shtml,/health/healthfacilities/surveys-insp/ea-complete-care-at-st-vincents-08192026.pdf,https://www.nj.gov/health/healthfacilities/surveys-insp/ea-complete-care-at-st-vincents-08192026.pdf,EXISTING_HASH_VERIFIED,983f402c01958c5c52739443ac62a3018d14e3150c08df0f407381fa4dd504b6,983f402c01958c5c52739443ac62a3018d14e3150c08df0f407381fa4dd504b6,,CANONICAL,SEE_CORPUS_SUMMARY_GRAIN,,,true,Notice of Assessment of Penalties,penalty_letter,INDEX_METADATA,index_action,,,,,,,,false,true,2026,Complete Care at St. Vincents
nj-doh-enforcement-0009,https://www.nj.gov/health/healthfacilities/surveys-insp/enforcement_actions.shtml,/health/healthfacilities/surveys-insp/ea-complete-care-at-mercerville-08192026.pdf,https://www.nj.gov/health/healthfacilities/surveys-insp/ea-complete-care-at-mercerville-08192026.pdf,EXISTING_HASH_VERIFIED,c4bd0b22e33f2049b322994d3eebfb80c73a6d2aa989ce0d4e41fb49f17992fb,c4bd0b22e33f2049b322994d3eebfb80c73a6d2aa989ce0d4e41fb49f17992fb,,CANONICAL,SEE_CORPUS_SUMMARY_GRAIN,,,true,Revised Notice of Assessment of Penalties,penalty_letter,INDEX_METADATA,index_action,,,,,,,,false,true,2026,Complete Care at Mercerville
nj-doh-enforcement-0010,https://www.nj.gov/health/healthfacilities/surveys-insp/enforcement_actions.shtml,/health/healthfacilities/surveys-insp/ea-whiting-gardens-rehab-and-nursing-center-08192026.pdf,https://www.nj.gov/health/healthfacilities/surveys-insp/ea-whiting-gardens-rehab-and-nursing-center-08192026.pdf,EXISTING_HASH_VERIFIED,df89c36e9af5dfdadb414b6874fcb9b8184ba95e1559dd6649c2438ef3f3360f,df89c36e9af5dfdadb414b6874fcb9b8184ba95e1559dd6649c2438ef3f3360f,,CANONICAL,SEE_CORPUS_SUMMARY_GRAIN,,,true,Notice of Assessment of Penalties,penalty_letter,INDEX_METADATA,index_action,,,,,,,,false,true,2026,Whiting Gardens Rehab and Nursing Center
nj-doh-enforcement-0011,https://www.nj.gov/health/healthfacilities/surveys-insp/enforcement_actions.shtml,/health/healthfacilities/surveys-insp/ea-regency-heritage-nursing-and-rehab-center-08192026.pdf,https://www.nj.gov/health/healthfacilities/surveys-insp/ea-regency-heritage-nursing-and-rehab-center-08192026.pdf,EXISTING_HASH_VERIFIED,c9a590cc4f0b2c8b9964947c89f4627d3fc4b62597c05ddca89e8d2d8c3cf8b0,c9a590cc4f0b2c8b9964947c89f4627d3fc4b62597c05ddca89e8d2d8c3cf8b0,,CANONICAL,SEE_CORPUS_SUMMARY_GRAIN,,,true,Notice of Assessment of Penalties,penalty_letter,INDEX_METADATA,index_action,,,,,,,,false,true,2026,Regency Heritage Nursing and Rehab Center
nj-doh-enforcement-0012,https://www.nj.gov/health/healthfacilities/surveys-insp/enforcement_actions.shtml,/health/healthfacilities/surveys-insp/ea-regency-heritage-nursing-and-rehabilitation-center-08142026.pdf,https://www.nj.gov/health/healthfacilities/surveys-insp/ea-regency-heritage-nursing-and-rehabilitation-center-08142026.pdf,EXISTING_HASH_VERIFIED,d7f4ca472a794a90c6ae040009eb0ea99a3c84c951bf1fa333bdd591b2c803cb,d7f4ca472a794a90c6ae040009eb0ea99a3c84c951bf1fa333bdd591b2c803cb,,CANONICAL,SEE_CORPUS_SUMMARY_GRAIN,,,true,Revised Notice of Assessment of Penalties,penalty_letter,INDEX_METADATA,index_action,,,,,,,,false,true,2026,Regency Heritage Nursing and Rehabilitation Center
nj-doh-enforcement-0013,https://www.nj.gov/health/healthfacilities/surveys-insp/enforcement_actions.shtml,/health/healthfacilities/surveys-insp/ea-complete-care-at-linwood-08142026.pdf,https://www.nj.gov/health/healthfacilities/surveys-insp/ea-complete-care-at-linwood-08142026.pdf,EXISTING_HASH_VERIFIED,40617d92cb41fb8ff89a86df0559da5c7559ea5ce29009413227f9cb5da74353,40617d92cb41fb8ff89a86df0559da5c7559ea5ce29009413227f9cb5da74353,,CANONICAL,SEE_CORPUS_SUMMARY_GRAIN,,,true,Notice of Assessment of Penalties,penalty_letter,INDEX_METADATA,index_action,,,,,,,,false,true,2026,Complete Care at Linwood
nj-doh-enforcement-0014,https://www.nj.gov/health/healthfacilities/surveys-insp/enforcement_actions.shtml,/health/healthfacilities/surveys-insp/ea-the-pines-at-medford-08142026.pdf,https://www.nj.gov/health/healthfacilities/surveys-insp/ea-the-pines-at-medford-08142026.pdf,EXISTING_HASH_VERIFIED,be4050b6a701a54fafefcf481724500fafce0ccf88ef5040431dc52a08221d83,be4050b6a701a54fafefcf481724500fafce0ccf88ef5040431dc52a08221d83,,CANONICAL,SEE_CORPUS_SUMMARY_GRAIN,,,true,Notice of Assessment of Penalties,penalty_letter,INDEX_METADATA,index_action,,,,,,,,false,true,2026,The Pines at Medford
nj-doh-enforcement-0015,https://www.nj.gov/health/healthfacilities/surveys-insp/enforcement_actions.shtml,/health/healthfacilities/surveys-insp/ea-the-fountains-of-atco-08122026.pdf,https://www.nj.gov/health/healthfacilities/surveys-insp/ea-the-fountains-of-atco-08122026.pdf,EXISTING_HASH_VERIFIED,242d6d895e97ba2c8c8db873a431a7fbaa31ab44d7a1aafd8a8bfa3096d2d714,242d6d895e97ba2c8c8db873a431a7fbaa31ab44d7a1aafd8a8bfa3096d2d714,,CANONICAL,SEE_CORPUS_SUMMARY_GRAIN,,,true,Curtailment of New Admissions and Readmissions and Directed Plan of Correction,admission_curtailment,INDEX_METADATA,index_action,,,,,,,,false,true,2026,The Fountains of Atco
nj-doh-enforcement-0016,https://www.nj.gov/health/healthfacilities/surveys-insp/enforcement_actions.shtml,/health/healthfacilities/surveys-insp/ea-ridgewood-center-08122026.pdf,https://www.nj.gov/health/healthfacilities/surveys-insp/ea-ridgewood-center-08122026.pdf,EXISTING_HASH_VERIFIED,66202bd8c83ebe327133fd541c0965b4872e62198d43698a9ba8c4ca1ecb70d9,66202bd8c83ebe327133fd541c0965b4872e62198d43698a9ba8c4ca1ecb70d9,,CANONICAL,SEE_CORPUS_SUMMARY_GRAIN,,,true,Notice of Assessment of Penalties,penalty_letter,INDEX_METADATA,index_action,,,,,,,,false,true,2026,Ridgewood Center
nj-doh-enforcement-0017,https://www.nj.gov/health/healthfacilities/surveys-insp/enforcement_actions.shtml,/health/healthfacilities/surveys-insp/ea-careone-at-east-brunswick-08122026.pdf,https://www.nj.gov/health/healthfacilities/surveys-insp/ea-careone-at-east-brunswick-08122026.pdf,EXISTING_HASH_VERIFIED,85da56976438f63c3dcd2b11f8d51c59a7c8c188b7f890f9072168eb19c46c1e,85da56976438f63c3dcd2b11f8d51c59a7c8c188b7f890f9072168eb19c46c1e,,CANONICAL,SEE_CORPUS_SUMMARY_GRAIN,,,true,Notice of Assessment of Penalties,penalty_letter,INDEX_METADATA,index_action,,,,,,,,false,true,2026,CareOne at East Brunswick
nj-doh-enforcement-0018,https://www.nj.gov/health/healthfacilities/surveys-insp/enforcement_actions.shtml,/health/healthfacilities/surveys-insp/ea-complete-care-at-wayne-hills-rehab-and-respiratory-revised-08122026.pdf,https://www.nj.gov/health/healthfacilities/surveys-insp/ea-complete-care-at-wayne-hills-rehab-and-respiratory-revised-08122026.pdf,EXISTING_HASH_VERIFIED,67bfe4288951bfe1ecb2b3c288e1c5486a0b1076b647632e5b1a6a1060120910,67bfe4288951bfe1ecb2b3c288e1c5486a0b1076b647632e5b1a6a1060120910,,CANONICAL,SEE_CORPUS_SUMMARY_GRAIN,,,true,Revised Notice of Assessment of Penalties,penalty_letter,INDEX_METADATA,index_action,,,,,,,,false,true,2026,Complete Care at Wayne Hills Rehab and Respiratory Center
nj-doh-enforcement-0019,https://www.nj.gov/health/healthfacilities/surveys-insp/enforcement_actions.shtml,/health/healthfacilities/surveys-insp/ea-manhattanview-center-for-rehab-and-healthcare-08122026.pdf,https://www.nj.gov/health/healthfacilities/surveys-insp/ea-manhattanview-center-for-rehab-and-healthcare-08122026.pdf,EXISTING_HASH_VERIFIED,a880fa028bab1d1cdeba54a24ce96cf570c07f91aaab47ede2b7695431f99142,a880fa028bab1d1cdeba54a24ce96cf570c07f91aaab47ede2b7695431f99142,,CANONICAL,SEE_CORPUS_SUMMARY_GRAIN,,,true,Notice of Assessment of Penalties,penalty_letter,INDEX_METADATA,index_action,,,,,,,,false,true,2026,Manhattanview Center for Rehab and Healthcare
nj-doh-enforcement-0020,https://www.nj.gov/health/healthfacilities/surveys-insp/enforcement_actions.shtml,/health/healthfacilities/surveys-insp/ea-complete-care-at-chestnut-hill-08122026.pdf,https://www.nj.gov/health/healthfacilities/surveys-insp/ea-complete-care-at-chestnut-hill-08122026.pdf,EXISTING_HASH_VERIFIED,3cdfcea9d07c377fa75529c993c922c499e473b0c00d622e021326fff997d31e,3cdfcea9d07c377fa75529c993c922c499e473b0c00d622e021326fff997d31e,,CANONICAL,SEE_CORPUS_SUMMARY_GRAIN,,,true,Notice of Assessment of Penalties,penalty_letter,INDEX_METADATA,index_action,,,,,,,,false,true,2026,Complete Care at Chestnut Hill
nj-doh-enforcement-0021,https://www.nj.gov/health/healthfacilities/surveys-insp/enforcement_actions.shtml,/health/healthfacilities/surveys-insp/ea-the-buckingham-at-norwood-08122026.pdf,https://www.nj.gov/health/healthfacilities/surveys-insp/ea-the-buckingham-at-norwood-08122026.pdf,EXISTING_HASH_VERIFIED,c59a7ede298d4e136d302802879afa15c3ff294859133f45efb25b2822207b72,c59a7ede298d4e136d302802879afa15c3ff294859133f45efb25b2822207b72,,CANONICAL,SEE_CORPUS_SUMMARY_GRAIN,,,true,Notice of Assessment of Penalties,penalty_letter,INDEX_METADATA,index_action,,,,,,,,false,true,2026,The Buckingham at Norwood
nj-doh-enforcement-0022,https://www.nj.gov/health/healthfacilities/surveys-insp/enforcement_actions.shtml,/health/healthfacilities/surveys-insp/ea-manahawkin-health-and-rehab-center-revised-08122026.pdf,https://www.nj.gov/health/healthfacilities/surveys-insp/ea-manahawkin-health-and-rehab-center-revised-08122026.pdf,EXISTING_HASH_VERIFIED,32dc24ea94ffe4b60d8893ec5e087f3143fe0fd538d67d693b15df1391b0a2a9,32dc24ea94ffe4b60d8893ec5e087f3143fe0fd538d67d693b15df1391b0a2a9,,CANONICAL,SEE_CORPUS_SUMMARY_GRAIN,,,true,Revised Notice of Assessment of Penalties,penalty_letter,INDEX_METADATA,index_action,,,,,,,,false,true,2026,Manahawkin Health and Rehab Center
nj-doh-enforcement-0023,https://www.nj.gov/health/healthfacilities/surveys-insp/enforcement_actions.shtml,/health/healthfacilities/surveys-insp/ea-careone-at-evesham-08122026.pdf,https://www.nj.gov/health/healthfacilities/surveys-insp/ea-careone-at-evesham-08122026.pdf,EXISTING_HASH_VERIFIED,ab0213ce651a5176ef776abf6914798afc1cf725e469cdd05ff8c79c141be6cc,ab0213ce651a5176ef776abf6914798afc1cf725e469cdd05ff8c79c141be6cc,,CANONICAL,SEE_CORPUS_SUMMARY_GRAIN,,,true,Notice of Assessment of Penalties,penalty_letter,INDEX_METADATA,index_action,,,,,,,,false,true,2026,CareOne at Evesham
nj-doh-enforcement-0024,https://www.nj.gov/health/healthfacilities/surveys-insp/enforcement_actions.shtml,/health/healthfacilities/surveys-insp/ea-autumn-lake-healthcare-at-southgate-08072026.pdf,https://www.nj.gov/health/healthfacilities/surveys-insp/ea-autumn-lake-healthcare-at-southgate-08072026.pdf,EXISTING_HASH_VERIFIED,50087ea2ca1ab4c4cf8d974452b52333f26ab20e557988aaf2e86ddbfd5b20ae,50087ea2ca1ab4c4cf8d974452b52333f26ab20e557988aaf2e86ddbfd5b20ae,,CANONICAL,SEE_CORPUS_SUMMARY_GRAIN,,,true,Notice of Assessment of Penalties,penalty_letter,INDEX_METADATA,index_action,,,,,,,,false,true,2026,Autumn Lake Healthcare at Southgate
nj-doh-enforcement-0025,https://www.nj.gov/health/healthfacilities/surveys-insp/enforcement_actions.shtml,/health/healthfacilities/surveys-insp/ea-redbank-center-for-rehabilitation-healing-08072026.pdf,https://www.nj.gov/health/healthfacilities/surveys-insp/ea-redbank-center-for-rehabilitation-healing-08072026.pdf,EXISTING_HASH_VERIFIED,4079d1a4122a3d5d438b5d4e80b19803e78c99bdf4d73a270499c60a329839d5,4079d1a4122a3d5d438b5d4e80b19803e78c99bdf4d73a270499c60a329839d5,,CANONICAL,SEE_CORPUS_SUMMARY_GRAIN,,,true,Notice of Assessment of Penalties,penalty_letter,INDEX_METADATA,index_action,,,,,,,,false,true,2026,Redbank Center for Rehabilitation & Healing
nj-doh-enforcement-0026,https://www.nj.gov/health/healthfacilities/surveys-insp/enforcement_actions.shtml,/health/healthfacilities/surveys-insp/ea-complete-care-at-phillipsburg-08072026.pdf,https://www.nj.gov/health/healthfacilities/surveys-insp/ea-complete-care-at-phillipsburg-08072026.pdf,EXISTING_HASH_VERIFIED,b3826ac979ce4069d5d91d0d46fcfd4d70c2728cd47dd385ba9073bef8d769ed,b3826ac979ce4069d5d91d0d46fcfd4d70c2728cd47dd385ba9073bef8d769ed,,CANONICAL,SEE_CORPUS_SUMMARY_GRAIN,,,true,Notice of Assessment of Penalties,penalty_letter,INDEX_METADATA,index_action,,,,,,,,false,true,2026,Complete Care at Phillipsburg
nj-doh-enforcement-0027,https://www.nj.gov/health/healthfacilities/surveys-insp/enforcement_actions.shtml,/health/healthfacilities/surveys-insp/ea-aristacare-at-cherry-hill-08072026.pdf,https://www.nj.gov/health/healthfacilities/surveys-insp/ea-aristacare-at-cherry-hill-08072026.pdf,EXISTING_HASH_VERIFIED,afa5e6f0ae8a431580bc04f89860b1f5d0b361e258675fafa62d2e2d3f456aca,afa5e6f0ae8a431580bc04f89860b1f5d0b361e258675fafa62d2e2d3f456aca,,CANONICAL,SEE_CORPUS_SUMMARY_GRAIN,,,true,Revised Notice of Assessment of Penalties,penalty_letter,INDEX_METADATA,index_action,,,,,,,,false,true,2026,Aristacare at Cherry Hill
nj-doh-enforcement-0028,https://www.nj.gov/health/healthfacilities/surveys-insp/enforcement_actions.shtml,/health/healthfacilities/surveys-insp/ea-big-oak-rehabilitation-healthcare-center-08072026.pdf,https://www.nj.gov/health/healthfacilities/surveys-insp/ea-big-oak-rehabilitation-healthcare-center-08072026.pdf,EXISTING_HASH_VERIFIED,fb11d94e6a238a95bb7289aebad05194eb41165c27d4106772d351c2fa9d4448,fb11d94e6a238a95bb7289aebad05194eb41165c27d4106772d351c2fa9d4448,,CANONICAL,SEE_CORPUS_SUMMARY_GRAIN,,,true,Notice of Assessment of Penalties,penalty_letter,INDEX_METADATA,index_action,,,,,,,,false,true,2026,Big Oak Rehabilitation & Healthcare Center
nj-doh-enforcement-0029,https://www.nj.gov/health/healthfacilities/surveys-insp/enforcement_actions.shtml,/health/healthfacilities/surveys-insp/ea-merwick-care-center-08072026.pdf,https://www.nj.gov/health/healthfacilities/surveys-insp/ea-merwick-care-center-08072026.pdf,EXISTING_HASH_VERIFIED,b5fa7d8246ca58984a36c448ef335a92b69d85c807c71bf956d909bd126c51ac,b5fa7d8246ca58984a36c448ef335a92b69d85c807c71bf956d909bd126c51ac,,CANONICAL,SEE_CORPUS_SUMMARY_GRAIN,,,true,Notice of Assessment of Penalties,penalty_letter,INDEX_METADATA,index_action,,,,,,,,false,true,2026,Merwick Care Center
nj-doh-enforcement-0030,https://www.nj.gov/health/healthfacilities/surveys-insp/enforcement_actions.shtml,/health/healthfacilities/surveys-insp/ea-laurel-brook-rehab-and-healthcare-center-08052026.pdf,https://www.nj.gov/health/healthfacilities/surveys-insp/ea-laurel-brook-rehab-and-healthcare-center-08052026.pdf,EXISTING_HASH_VERIFIED,7ca95f16457e0960e5eb89ccb09d1de14cb5901b7fa227c4a6c3a587b7ca3613,7ca95f16457e0960e5eb89ccb09d1de14cb5901b7fa227c4a6c3a587b7ca3613,,CANONICAL,SEE_CORPUS_SUMMARY_GRAIN,,,true,Notice of Assessment of Penalties,penalty_letter,INDEX_METADATA,index_action,,,,,,,,false,true,2026,Laurel Brook Rehab and Healthcare Center
nj-doh-enforcement-0031,https://www.nj.gov/health/healthfacilities/surveys-insp/enforcement_actions.shtml,/health/healthfacilities/surveys-insp/ea-atlas-rehab-and-healthcare-at-daughters-of-moses-08052026.pdf,https://www.nj.gov/health/healthfacilities/surveys-insp/ea-atlas-rehab-and-healthcare-at-daughters-of-moses-08052026.pdf,EXISTING_HASH_VERIFIED,baf5efafed3ae8ea2cbf7d343bc683b60354741d0d665190ab8209d1a7376ac1,baf5efafed3ae8ea2cbf7d343bc683b60354741d0d665190ab8209d1a7376ac1,,CANONICAL,SEE_CORPUS_SUMMARY_GRAIN,,,true,Notice of Assessment of Penalties,penalty_letter,INDEX_METADATA,index_action,,,,,,,,false,true,2026,Atlas Rehab and Healthcare at Daughters of Moses
nj-doh-enforcement-0032,https://www.nj.gov/health/healthfacilities/surveys-insp/enforcement_actions.shtml,/health/healthfacilities/surveys-insp/ea-belle-care-nursing-and-rehabilitation-08052026.pdf,https://www.nj.gov/health/healthfacilities/surveys-insp/ea-belle-care-nursing-and-rehabilitation-08052026.pdf,EXISTING_HASH_VERIFIED,9b7e44f60598754dd85f2b265a6f38688b9576416453d3b949df5431c6b1639d,9b7e44f60598754dd85f2b265a6f38688b9576416453d3b949df5431c6b1639d,,CANONICAL,SEE_CORPUS_SUMMARY_GRAIN,,,true,Notice of Assessment of Penalties,penalty_letter,INDEX_METADATA,index_action,,,,,,,,false,true,2026,Belle Care Nursing and Rehabilitation
nj-doh-enforcement-0033,https://www.nj.gov/health/healthfacilities/surveys-insp/enforcement_actions.shtml,/health/healthfacilities/surveys-insp/ea-green-hill-07312026.pdf,https://www.nj.gov/health/healthfacilities/surveys-insp/ea-green-hill-07312026.pdf,EXISTING_HASH_VERIFIED,039c7bfdbc131b3f8734e72099877728f5ec12f1e497aba98f18b683b1e51c03,039c7bfdbc131b3f8734e72099877728f5ec12f1e497aba98f18b683b1e51c03,,CANONICAL,SEE_CORPUS_SUMMARY_GRAIN,,,true,Curtailment of Admissions and Readmissions Order and Directed Plan of Action,admission_curtailment,INDEX_METADATA,index_action,,,,,,,,false,true,2026,Green Hill
nj-doh-enforcement-0034,https://www.nj.gov/health/healthfacilities/surveys-insp/enforcement_actions.shtml,/health/healthfacilities/surveys-insp/ea-whiting-gardens-rehab-and-nursing-center-07312026.pdf,https://www.nj.gov/health/healthfacilities/surveys-insp/ea-whiting-gardens-rehab-and-nursing-center-07312026.pdf,EXISTING_HASH_VERIFIED,58c889b812d080a248be2f0bafd2d52bf4a4d182ddf50fc29e5687f204bec6b4,58c889b812d080a248be2f0bafd2d52bf4a4d182ddf50fc29e5687f204bec6b4,,CANONICAL,SEE_CORPUS_SUMMARY_GRAIN,,,true,Notice of Assessment of Penalties,penalty_letter,INDEX_METADATA,index_action,,,,,,,,false,true,2026,Whiting Gardens Rehab and Nursing Center
nj-doh-enforcement-0035,https://www.nj.gov/health/healthfacilities/surveys-insp/enforcement_actions.shtml,/health/healthfacilities/surveys-insp/ea-crystal-lake-healthcare-and-rehab-center-07312026.pdf,https://www.nj.gov/health/healthfacilities/surveys-insp/ea-crystal-lake-healthcare-and-rehab-center-07312026.pdf,EXISTING_HASH_VERIFIED,6a2d77c9882e3b71ac95154e1b333659be2b7bfddcfd1f39820c036ce8b065e6,6a2d77c9882e3b71ac95154e1b333659be2b7bfddcfd1f39820c036ce8b065e6,,CANONICAL,SEE_CORPUS_SUMMARY_GRAIN,,,true,Notice of Assessment of Penalties,penalty_letter,INDEX_METADATA,index_action,,,,,,,,false,true,2026,Crystal Lake Healthcare and Rehab Center
nj-doh-enforcement-0036,https://www.nj.gov/health/healthfacilities/surveys-insp/enforcement_actions.shtml,/health/healthfacilities/surveys-insp/ea-holly-manor-center-07312026.pdf,https://www.nj.gov/health/healthfacilities/surveys-insp/ea-holly-manor-center-07312026.pdf,EXISTING_HASH_VERIFIED,05d4f27e426dff01ddae0f4f086926a236bf690317aa4e6610c09cac6ebc2eda,05d4f27e426dff01ddae0f4f086926a236bf690317aa4e6610c09cac6ebc2eda,,CANONICAL,SEE_CORPUS_SUMMARY_GRAIN,,,true,Notice of Assessment of Penalties,penalty_letter,INDEX_METADATA,index_action,,,,,,,,false,true,2026,Holly Manor Center
nj-doh-enforcement-0037,https://www.nj.gov/health/healthfacilities/surveys-insp/enforcement_actions.shtml,/health/healthfacilities/surveys-insp/ea-family-of-caring-at-park-ridge-07292026.pdf,https://www.nj.gov/health/healthfacilities/surveys-insp/ea-family-of-caring-at-park-ridge-07292026.pdf,EXISTING_HASH_VERIFIED,077fd3c55a59cb7644714948bc5a9f5d0d4797307e6920af6844e450efae84bc,077fd3c55a59cb7644714948bc5a9f5d0d4797307e6920af6844e450efae84bc,,CANONICAL,SEE_CORPUS_SUMMARY_GRAIN,,,true,Notice of Assessment of Penalties,penalty_letter,INDEX_METADATA,index_action,,,,,,,,false,true,2026,Family of Caring at Park Ridge
nj-doh-enforcement-0038,https://www.nj.gov/health/healthfacilities/surveys-insp/enforcement_actions.shtml,/health/healthfacilities/surveys-insp/ea-optima-care-harborview-07292026.pdf,https://www.nj.gov/health/healthfacilities/surveys-insp/ea-optima-care-harborview-07292026.pdf,EXISTING_HASH_VERIFIED,af898c252737062eb1e281f5a1cb226d7319e305c5a52275ffa4ffa5b78e4c2f,af898c252737062eb1e281f5a1cb226d7319e305c5a52275ffa4ffa5b78e4c2f,,CANONICAL,SEE_CORPUS_SUMMARY_GRAIN,,,true,Notice of Assessment of Penalties,penalty_letter,INDEX_METADATA,index_action,,,,,,,,false,true,2026,Optima Care Harborview
nj-doh-enforcement-0039,https://www.nj.gov/health/healthfacilities/surveys-insp/enforcement_actions.shtml,/health/healthfacilities/surveys-insp/ea-broadway-house-for-continuing-care-07292026.pdf,https://www.nj.gov/health/healthfacilities/surveys-insp/ea-broadway-house-for-continuing-care-07292026.pdf,EXISTING_HASH_VERIFIED,bd3f5d73724abd064aba9267475246e6add5226a8d4bdd058df06c9564751a51,bd3f5d73724abd064aba9267475246e6add5226a8d4bdd058df06c9564751a51,,CANONICAL,SEE_CORPUS_SUMMARY_GRAIN,,,true,Notice of Assessment of Penalties,penalty_letter,INDEX_METADATA,index_action,,,,,,,,false,true,2026,Broadway House for Continuing Care
nj-doh-enforcement-0040,https://www.nj.gov/health/healthfacilities/surveys-insp/enforcement_actions.shtml,/health/healthfacilities/surveys-insp/ea-complete-care-at-wayne-hills-rehabilitation-and-respiratory-center-07272026.pdf,https://www.nj.gov/health/healthfacilities/surveys-insp/ea-complete-care-at-wayne-hills-rehabilitation-and-respiratory-center-07272026.pdf,EXISTING_HASH_VERIFIED,69e4375157ce93402c2ab27447976e61a7ddfe247cad73edd1290312b4fae209,69e4375157ce93402c2ab27447976e61a7ddfe247cad73edd1290312b4fae209,,CANONICAL,SEE_CORPUS_SUMMARY_GRAIN,,,true,Revised Notice of Assessment of Penalties,penalty_letter,INDEX_METADATA,index_action,,,,,,,,false,true,2026,Complete Care at Wayne Hills Rehabilitation and Respiratory Center
nj-doh-enforcement-0041,https://www.nj.gov/health/healthfacilities/surveys-insp/enforcement_actions.shtml,/health/healthfacilities/surveys-insp/ea-aristacare-at-parkside-07272026.pdf,https://www.nj.gov/health/healthfacilities/surveys-insp/ea-aristacare-at-parkside-07272026.pdf,EXISTING_HASH_VERIFIED,3be0688f2b89bb7c2d40b687029e2663e2dd1c86da32f282f669860ade800acd,3be0688f2b89bb7c2d40b687029e2663e2dd1c86da32f282f669860ade800acd,,CANONICAL,SEE_CORPUS_SUMMARY_GRAIN,,,true,Notice of Assessment of Penalties,penalty_letter,INDEX_METADATA,index_action,,,,,,,,false,true,2026,Aristacare at Parkside
nj-doh-enforcement-0042,https://www.nj.gov/health/healthfacilities/surveys-insp/enforcement_actions.shtml,/health/healthfacilities/surveys-insp/ea-trinitas-hospital-07222026.pdf,https://www.nj.gov/health/healthfacilities/surveys-insp/ea-trinitas-hospital-07222026.pdf,EXISTING_HASH_VERIFIED,2efe7c021392950ed7a40e88a3e973588eac0bd0003ca0829f2ae721c59f3d0a,2efe7c021392950ed7a40e88a3e973588eac0bd0003ca0829f2ae721c59f3d0a,,CANONICAL,SEE_CORPUS_SUMMARY_GRAIN,,,true,Notice of Assessment of Penalties,penalty_letter,INDEX_METADATA,index_action,,,,,,,,false,true,2026,Trinitas Hospital
nj-doh-enforcement-0043,https://www.nj.gov/health/healthfacilities/surveys-insp/enforcement_actions.shtml,/health/healthfacilities/surveys-insp/ea-alliance-care-rehab-and-nursing-center-07222026.pdf,https://www.nj.gov/health/healthfacilities/surveys-insp/ea-alliance-care-rehab-and-nursing-center-07222026.pdf,EXISTING_HASH_VERIFIED,0e03680e9f1cd465feeecd7b16569f69229061ca03b89fff57430eaf93592d2d,0e03680e9f1cd465feeecd7b16569f69229061ca03b89fff57430eaf93592d2d,,CANONICAL,SEE_CORPUS_SUMMARY_GRAIN,,,true,Notice of Assessment of Penalties,penalty_letter,INDEX_METADATA,index_action,,,,,,,,false,true,2026,Alliance Care Rehab and Nursing Center
nj-doh-enforcement-0044,https://www.nj.gov/health/healthfacilities/surveys-insp/enforcement_actions.shtml,/health/healthfacilities/surveys-insp/ea-careone-at-new-milford-07222026.pdf,https://www.nj.gov/health/healthfacilities/surveys-insp/ea-careone-at-new-milford-07222026.pdf,EXISTING_HASH_VERIFIED,21f185b2b6c064bfa5837377895d0a5d5c9a57984b713d417c9983f9c4a7a7ce,21f185b2b6c064bfa5837377895d0a5d5c9a57984b713d417c9983f9c4a7a7ce,,CANONICAL,SEE_CORPUS_SUMMARY_GRAIN,,,true,Notice of Assessment of Penalties,penalty_letter,INDEX_METADATA,index_action,,,,,,,,false,true,2026,CareOne at New Milford
nj-doh-enforcement-0045,https://www.nj.gov/health/healthfacilities/surveys-insp/enforcement_actions.shtml,/health/healthfacilities/surveys-insp/ea-crystal-lake-healthcare-and-rehab-center-07222026.pdf,https://www.nj.gov/health/healthfacilities/surveys-insp/ea-crystal-lake-healthcare-and-rehab-center-07222026.pdf,EXISTING_HASH_VERIFIED,86873bc0deee07b4a942485eed5fe789063e57f0e1bde3ba1ae3019b0a2b264a,86873bc0deee07b4a942485eed5fe789063e57f0e1bde3ba1ae3019b0a2b264a,,CANONICAL,SEE_CORPUS_SUMMARY_GRAIN,,,true,Notice of Assessment of Penalties,penalty_letter,INDEX_METADATA,index_action,,,,,,,,false,true,2026,Crystal Lake Healthcare and Rehab Center
nj-doh-enforcement-0046,https://www.nj.gov/health/healthfacilities/surveys-insp/enforcement_actions.shtml,/health/healthfacilities/surveys-insp/ea-phoenix-center-for-rehabilitation-and-pediatrics-07202026.pdf,https://www.nj.gov/health/healthfacilities/surveys-insp/ea-phoenix-center-for-rehabilitation-and-pediatrics-07202026.pdf,EXISTING_HASH_VERIFIED,adb2dbdb78202977c2c61f0bf83a32853b3491d5578b1e5f3a60161a7d70ada1,adb2dbdb78202977c2c61f0bf83a32853b3491d5578b1e5f3a60161a7d70ada1,,CANONICAL,SEE_CORPUS_SUMMARY_GRAIN,,,true,Notice of Assessment of Penalties,penalty_letter,INDEX_METADATA,index_action,,,,,,,,false,true,2026,Phoenix Center for Rehabilitation and Pediatrics
nj-doh-enforcement-0047,https://www.nj.gov/health/healthfacilities/surveys-insp/enforcement_actions.shtml,/health/healthfacilities/surveys-insp/ea-somerset-woods-rehabilitation-and-nursing-center-07202026.pdf,https://www.nj.gov/health/healthfacilities/surveys-insp/ea-somerset-woods-rehabilitation-and-nursing-center-07202026.pdf,EXISTING_HASH_VERIFIED,6b79428aac01e8ec39bcfb4d27b076d26a08bd3f5707b83e5b2248187e385c02,6b79428aac01e8ec39bcfb4d27b076d26a08bd3f5707b83e5b2248187e385c02,,CANONICAL,SEE_CORPUS_SUMMARY_GRAIN,,,true,Notice of Assessment of Penalties,penalty_letter,INDEX_METADATA,index_action,,,,,,,,false,true,2026,Somerset Woods Rehabilitation and Nursing Center
nj-doh-enforcement-0048,https://www.nj.gov/health/healthfacilities/surveys-insp/enforcement_actions.shtml,/health/healthfacilities/surveys-insp/ea-complete-care-at-phillipsburg-07202026.pdf,https://www.nj.gov/health/healthfacilities/surveys-insp/ea-complete-care-at-phillipsburg-07202026.pdf,EXISTING_HASH_VERIFIED,c92b8943b92fa985a10437183112ad7ef7d7288d72a25058ff3c5db123a435b3,c92b8943b92fa985a10437183112ad7ef7d7288d72a25058ff3c5db123a435b3,,CANONICAL,SEE_CORPUS_SUMMARY_GRAIN,,,true,Notice of Assessment of Penalties,penalty_letter,INDEX_METADATA,index_action,,,,,,,,false,true,2026,Complete Care at Phillipsburg
nj-doh-enforcement-0049,https://www.nj.gov/health/healthfacilities/surveys-insp/enforcement_actions.shtml,/health/healthfacilities/surveys-insp/ea-holly-manor-center-07172026.pdf,https://www.nj.gov/health/healthfacilities/surveys-insp/ea-holly-manor-center-07172026.pdf,EXISTING_HASH_VERIFIED,bfc7e112b1835eb8471597cbf5f1c3a3974664e9599823f8480728943c852383,bfc7e112b1835eb8471597cbf5f1c3a3974664e9599823f8480728943c852383,,CANONICAL,SEE_CORPUS_SUMMARY_GRAIN,,,true,Notice of Assessment of Penalties,penalty_letter,INDEX_METADATA,index_action,,,,,,,,false,true,2026,Holly Manor Center
nj-doh-enforcement-0050,https://www.nj.gov/health/healthfacilities/surveys-insp/enforcement_actions.shtml,/health/healthfacilities/surveys-insp/ea-complete-care-at-chestnut-hill-07172026.pdf,https://www.nj.gov/health/healthfacilities/surveys-insp/ea-complete-care-at-chestnut-hill-07172026.pdf,EXISTING_HASH_VERIFIED,38f8f78d407d97ba7a797f70391bb6222e962dace66378c3b463fd0bee6a7463,38f8f78d407d97ba7a797f70391bb6222e962dace66378c3b463fd0bee6a7463,,CANONICAL,SEE_CORPUS_SUMMARY_GRAIN,,,true,Notice of Assessment of Penalties,penalty_letter,INDEX_METADATA,index_action,,,,,,,,false,true,2026,Complete Care at Chestnut Hill
nj-doh-enforcement-0051,https://www.nj.gov/health/healthfacilities/surveys-insp/enforcement_actions.shtml,/health/healthfacilities/surveys-insp/ea-merry-heart-nursing-home-07152026.pdf,https://www.nj.gov/health/healthfacilities/surveys-insp/ea-merry-heart-nursing-home-07152026.pdf,EXISTING_HASH_VERIFIED,589cd02a2e5df7c7bcfab9bf1d951370a6153256d31cdc134642f8bad491b054,589cd02a2e5df7c7bcfab9bf1d951370a6153256d31cdc134642f8bad491b054,,CANONICAL,SEE_CORPUS_SUMMARY_GRAIN,,,true,Notice of Assessment of Penalties,penalty_letter,INDEX_METADATA,index_action,,,,,,,,false,true,2026,Merry Heart Nursing Home
nj-doh-enforcement-0052,https://www.nj.gov/health/healthfacilities/surveys-insp/enforcement_actions.shtml,/health/healthfacilities/surveys-insp/ea-complete-care-at-phillipsburg-07152026.pdf,https://www.nj.gov/health/healthfacilities/surveys-insp/ea-complete-care-at-phillipsburg-07152026.pdf,EXISTING_HASH_VERIFIED,d6dbcb4cd563f69f86de9ba0e79431640c14397311c4edd8d1e3fd52c20976a9,d6dbcb4cd563f69f86de9ba0e79431640c14397311c4edd8d1e3fd52c20976a9,,CANONICAL,SEE_CORPUS_SUMMARY_GRAIN,,,true,Notice of Assessment of Penalties,penalty_letter,INDEX_METADATA,index_action,,,,,,,,false,true,2026,Complete Care at Phillipsburg
nj-doh-enforcement-0053,https://www.nj.gov/health/healthfacilities/surveys-insp/enforcement_actions.shtml,/health/healthfacilities/surveys-insp/ea-our-ladys-center-for-rehab-and-healthcare-07152026.pdf,https://www.nj.gov/health/healthfacilities/surveys-insp/ea-our-ladys-center-for-rehab-and-healthcare-07152026.pdf,EXISTING_HASH_VERIFIED,abaec4a007c87c51fe3258780494e93d1ad1924bb53bb042fcbbfca02a2df023,abaec4a007c87c51fe3258780494e93d1ad1924bb53bb042fcbbfca02a2df023,,CANONICAL,SEE_CORPUS_SUMMARY_GRAIN,,,true,Notice of Assessment of Penalties,penalty_letter,INDEX_METADATA,index_action,,,,,,,,false,true,2026,Our Lady's Center for Rehab and Healthcare
nj-doh-enforcement-0054,https://www.nj.gov/health/healthfacilities/surveys-insp/enforcement_actions.shtml,/health/healthfacilities/surveys-insp/ea-riverside-health-and-rehab-center-07142026.pdf,https://www.nj.gov/health/healthfacilities/surveys-insp/ea-riverside-health-and-rehab-center-07142026.pdf,EXISTING_HASH_VERIFIED,ea3c4e18c6ae571419eaabf938414601707b56b2a988875f3b9d9e6e258540d4,ea3c4e18c6ae571419eaabf938414601707b56b2a988875f3b9d9e6e258540d4,,CANONICAL,SEE_CORPUS_SUMMARY_GRAIN,,,true,Notice of Assessment of Penalties,penalty_letter,INDEX_METADATA,index_action,,,,,,,,false,true,2026,Riverside Health and Rehab Center
nj-doh-enforcement-0055,https://www.nj.gov/health/healthfacilities/surveys-insp/enforcement_actions.shtml,/health/healthfacilities/surveys-insp/ea-new-standard-living-senior-living-at-millville-07132026.pdf,https://www.nj.gov/health/healthfacilities/surveys-insp/ea-new-standard-living-senior-living-at-millville-07132026.pdf,EXISTING_HASH_VERIFIED,757142508dd3f867340518d5e87e4f26c8fdb1d9d5351584e9c810fbd9853078,757142508dd3f867340518d5e87e4f26c8fdb1d9d5351584e9c810fbd9853078,,CANONICAL,SEE_CORPUS_SUMMARY_GRAIN,,,true,Directed Plan of Correction,directed_plan_of_correction,INDEX_METADATA,index_action,,,,,,,,false,true,2026,New Standard Living Senior Living at Millville
nj-doh-enforcement-0056,https://www.nj.gov/health/healthfacilities/surveys-insp/enforcement_actions.shtml,/health/healthfacilities/surveys-insp/ea-morris-view-healthcare-center-07132026.pdf,https://www.nj.gov/health/healthfacilities/surveys-insp/ea-morris-view-healthcare-center-07132026.pdf,EXISTING_HASH_VERIFIED,f609e9aeaba15506d3f1af3c2b67537f6f95c774e9c0034c544475844f07520c,f609e9aeaba15506d3f1af3c2b67537f6f95c774e9c0034c544475844f07520c,,CANONICAL,SEE_CORPUS_SUMMARY_GRAIN,,,true,Notice of Assessment of Penalties,penalty_letter,INDEX_METADATA,index_action,,,,,,,,false,true,2026,Morris View Healthcare Center
nj-doh-enforcement-0057,https://www.nj.gov/health/healthfacilities/surveys-insp/enforcement_actions.shtml,/health/healthfacilities/surveys-insp/ea-excel-care-at-egg-harbor-revised-07132026.pdf,https://www.nj.gov/health/healthfacilities/surveys-insp/ea-excel-care-at-egg-harbor-revised-07132026.pdf,EXISTING_HASH_VERIFIED,e98c9939c08811b8f7ed6176648039f04020f09a2816e5b0e938bf8f25544302,e98c9939c08811b8f7ed6176648039f04020f09a2816e5b0e938bf8f25544302,,CANONICAL,SEE_CORPUS_SUMMARY_GRAIN,,,true,Revised Notice of Assessment of Penalties,penalty_letter,INDEX_METADATA,index_action,,,,,,,,false,true,2026,Excel Care at Egg Harbor
nj-doh-enforcement-0058,https://www.nj.gov/health/healthfacilities/surveys-insp/enforcement_actions.shtml,/health/healthfacilities/surveys-insp/ea-terraces-at-parke-place-07102026.pdf,https://www.nj.gov/health/healthfacilities/surveys-insp/ea-terraces-at-parke-place-07102026.pdf,EXISTING_HASH_VERIFIED,425bb16b2a00ba5d03080adfc912cbd58d61e9fb32143a1ae909f8260bed085a,425bb16b2a00ba5d03080adfc912cbd58d61e9fb32143a1ae909f8260bed085a,,CANONICAL,SEE_CORPUS_SUMMARY_GRAIN,,,true,Notice of Assessment of Penalties,penalty_letter,INDEX_METADATA,index_action,,,,,,,,false,true,2026,Terraces at Parke Place
nj-doh-enforcement-0059,https://www.nj.gov/health/healthfacilities/surveys-insp/enforcement_actions.shtml,/health/healthfacilities/surveys-insp/ea-the-pines-at-medford-07082026.pdf,https://www.nj.gov/health/healthfacilities/surveys-insp/ea-the-pines-at-medford-07082026.pdf,EXISTING_HASH_VERIFIED,28c798231f568064f59dbf03a2315973459da3724ce9f63ced45103a04395c55,28c798231f568064f59dbf03a2315973459da3724ce9f63ced45103a04395c55,,CANONICAL,SEE_CORPUS_SUMMARY_GRAIN,,,true,Notice of Assessment of Penalties,penalty_letter,INDEX_METADATA,index_action,,,,,,,,false,true,2026,The Pines at Medford
nj-doh-enforcement-0060,https://www.nj.gov/health/healthfacilities/surveys-insp/enforcement_actions.shtml,/health/healthfacilities/surveys-insp/ea-holly-manor-center-07082026.pdf,https://www.nj.gov/health/healthfacilities/surveys-insp/ea-holly-manor-center-07082026.pdf,EXISTING_HASH_VERIFIED,8b7ee520747afef058dc8de61b9fab4671cfba4067d22c5ae03f437ba3a8386f,8b7ee520747afef058dc8de61b9fab4671cfba4067d22c5ae03f437ba3a8386f,,CANONICAL,SEE_CORPUS_SUMMARY_GRAIN,,,true,Notice of Assessment of Penalties,penalty_letter,INDEX_METADATA,index_action,,,,,,,,false,true,2026,Holly Manor Center
nj-doh-enforcement-0061,https://www.nj.gov/health/healthfacilities/surveys-insp/enforcement_actions.shtml,/health/healthfacilities/surveys-insp/ea-excel-care-at-egg-harbor-07082026.pdf,https://www.nj.gov/health/healthfacilities/surveys-insp/ea-excel-care-at-egg-harbor-07082026.pdf,EXISTING_HASH_VERIFIED,e72ee5eeb4ac85e61cb5580788ab94e5c697ffbe4520f79080bbd6f2325f8ac3,e72ee5eeb4ac85e61cb5580788ab94e5c697ffbe4520f79080bbd6f2325f8ac3,,CANONICAL,SEE_CORPUS_SUMMARY_GRAIN,,,true,Revised Notice of Assessment of Penalties,penalty_letter,INDEX_METADATA,index_action,,,,,,,,false,true,2026,Excel Care at Egg Harbor
nj-doh-enforcement-0062,https://www.nj.gov/health/healthfacilities/surveys-insp/enforcement_actions.shtml,/health/healthfacilities/surveys-insp/ea-big-oak-rehab-and-healthcare-center-07082026.pdf,https://www.nj.gov/health/healthfacilities/surveys-insp/ea-big-oak-rehab-and-healthcare-center-07082026.pdf,EXISTING_HASH_VERIFIED,691f27cdd96d1471b0473371a9fc32614cdb41ffc23c44c787aa7c0be1484f34,691f27cdd96d1471b0473371a9fc32614cdb41ffc23c44c787aa7c0be1484f34,,CANONICAL,SEE_CORPUS_SUMMARY_GRAIN,,,true,Revised Notice of Assessment of Penalties,penalty_letter,INDEX_METADATA,index_action,,,,,,,,false,true,2026,Big Oak Rehab and Healthcare Center
nj-doh-enforcement-0063,https://www.nj.gov/health/healthfacilities/surveys-insp/enforcement_actions.shtml,/health/healthfacilities/surveys-insp/ea-optima-care-harborview-07072026.pdf,https://www.nj.gov/health/healthfacilities/surveys-insp/ea-optima-care-harborview-07072026.pdf,EXISTING_HASH_VERIFIED,0b4adcab49aeb7cfc85b5aa198b7db3fbeaa953248970faa3480a480db838704,0b4adcab49aeb7cfc85b5aa198b7db3fbeaa953248970faa3480a480db838704,,CANONICAL,SEE_CORPUS_SUMMARY_GRAIN,,,true,Notice of Assessment of Penalties,penalty_letter,INDEX_METADATA,index_action,,,,,,,,false,true,2026,Optima Care Harborview
nj-doh-enforcement-0064,https://www.nj.gov/health/healthfacilities/surveys-insp/enforcement_actions.shtml,/health/healthfacilities/surveys-insp/ea-morris-view-healthcare-center-07072026.pdf,https://www.nj.gov/health/healthfacilities/surveys-insp/ea-morris-view-healthcare-center-07072026.pdf,EXISTING_HASH_VERIFIED,c193ecd1f43d6a4c9e36333c851fbc499917575239af840eac44a651771153b7,c193ecd1f43d6a4c9e36333c851fbc499917575239af840eac44a651771153b7,,CANONICAL,SEE_CORPUS_SUMMARY_GRAIN,,,true,Notice of Assessment of Penalties,penalty_letter,INDEX_METADATA,index_action,,,,,,,,false,true,2026,Morris View Healthcare Center
nj-doh-enforcement-0065,https://www.nj.gov/health/healthfacilities/surveys-insp/enforcement_actions.shtml,/health/healthfacilities/surveys-insp/ea-excel-care-at-manalapan-07072026.pdf,https://www.nj.gov/health/healthfacilities/surveys-insp/ea-excel-care-at-manalapan-07072026.pdf,EXISTING_HASH_VERIFIED,9e4459d9be529a3125cde0564b16f3e7f4e093cca5678c2cf8fe740ab505ac3e,9e4459d9be529a3125cde0564b16f3e7f4e093cca5678c2cf8fe740ab505ac3e,,CANONICAL,SEE_CORPUS_SUMMARY_GRAIN,,,true,Notice of Assessment of Penalties,penalty_letter,INDEX_METADATA,index_action,,,,,,,,false,true,2026,Excel Care at Manalapan
nj-doh-enforcement-0066,https://www.nj.gov/health/healthfacilities/surveys-insp/enforcement_actions.shtml,/health/healthfacilities/surveys-insp/ea-complete-care-at-laurelton-07072026.pdf,https://www.nj.gov/health/healthfacilities/surveys-insp/ea-complete-care-at-laurelton-07072026.pdf,EXISTING_HASH_VERIFIED,5dd57424e92358ac7140c8721c73fb874f791f0708cb6f3a3c09c8707a116b62,5dd57424e92358ac7140c8721c73fb874f791f0708cb6f3a3c09c8707a116b62,,CANONICAL,SEE_CORPUS_SUMMARY_GRAIN,,,true,Notice of Assessment of Penalties,penalty_letter,INDEX_METADATA,index_action,,,,,,,,false,true,2026,Complete Care at Laurelton
nj-doh-enforcement-0067,https://www.nj.gov/health/healthfacilities/surveys-insp/enforcement_actions.shtml,/health/healthfacilities/surveys-insp/ea-complete-care-at-chestnut-hill-07072026.pdf,https://www.nj.gov/health/healthfacilities/surveys-insp/ea-complete-care-at-chestnut-hill-07072026.pdf,EXISTING_HASH_VERIFIED,f3b0ec52038854e8f4a628e20c0de01a08bbbf71c58c1cf32ae7476f0a0729c6,f3b0ec52038854e8f4a628e20c0de01a08bbbf71c58c1cf32ae7476f0a0729c6,,CANONICAL,SEE_CORPUS_SUMMARY_GRAIN,,,true,Notice of Assessment of Penalties,penalty_letter,INDEX_METADATA,index_action,,,,,,,,false,true,2026,Complete Care at Chestnut Hill
nj-doh-enforcement-0068,https://www.nj.gov/health/healthfacilities/surveys-insp/enforcement_actions.shtml,/health/healthfacilities/surveys-insp/ea-careone-at-moorestown-07072026.pdf,https://www.nj.gov/health/healthfacilities/surveys-insp/ea-careone-at-moorestown-07072026.pdf,EXISTING_HASH_VERIFIED,d26aa5e7dbec447f38a436faa2b4cd19ba81c1ef418712ff90a72295e43a827f,d26aa5e7dbec447f38a436faa2b4cd19ba81c1ef418712ff90a72295e43a827f,,CANONICAL,SEE_CORPUS_SUMMARY_GRAIN,,,true,Notice of Assessment of Penalties,penalty_letter,INDEX_METADATA,index_action,,,,,,,,false,true,2026,CareOne at Moorestown
nj-doh-enforcement-0069,https://www.nj.gov/health/healthfacilities/surveys-insp/enforcement_actions.shtml,/health/healthfacilities/surveys-insp/ea-careone-at-wellington-07012026.pdf,https://www.nj.gov/health/healthfacilities/surveys-insp/ea-careone-at-wellington-07012026.pdf,EXISTING_HASH_VERIFIED,239afbebad2971b6e9c8302367ffb9e4986422aab820d98f86b22ee1d1d50f8f,239afbebad2971b6e9c8302367ffb9e4986422aab820d98f86b22ee1d1d50f8f,,CANONICAL,SEE_CORPUS_SUMMARY_GRAIN,,,true,Notice of Assessment of Penalties,penalty_letter,INDEX_METADATA,index_action,,,,,,,,false,true,2026,CareOne at Wellington
nj-doh-enforcement-0070,https://www.nj.gov/health/healthfacilities/surveys-insp/enforcement_actions.shtml,/health/healthfacilities/surveys-insp/ea-llanfair-house-care-and-rehab-center-06292026.pdf,https://www.nj.gov/health/healthfacilities/surveys-insp/ea-llanfair-house-care-and-rehab-center-06292026.pdf,EXISTING_HASH_VERIFIED,b614bc29a3174acb315c917938a0ed04ca505dd3743e2f57a64b12717943ce21,b614bc29a3174acb315c917938a0ed04ca505dd3743e2f57a64b12717943ce21,,CANONICAL,SEE_CORPUS_SUMMARY_GRAIN,,,true,Notice of Assessment of Penalties,penalty_letter,INDEX_METADATA,index_action,,,,,,,,false,true,2026,Llanfair House Care and Rehab Center
nj-doh-enforcement-0071,https://www.nj.gov/health/healthfacilities/surveys-insp/enforcement_actions.shtml,/health/healthfacilities/surveys-insp/ea-warren-haven-rehab-and-nursing-center-06292026.pdf,https://www.nj.gov/health/healthfacilities/surveys-insp/ea-warren-haven-rehab-and-nursing-center-06292026.pdf,EXISTING_HASH_VERIFIED,6b9db6deec0d11c2c521bf8a86ff7cab4cce925f2cfe6c32892eaeaff251ba9e,6b9db6deec0d11c2c521bf8a86ff7cab4cce925f2cfe6c32892eaeaff251ba9e,,CANONICAL,SEE_CORPUS_SUMMARY_GRAIN,,,true,Notice of Assessment of Penalties,penalty_letter,INDEX_METADATA,index_action,,,,,,,,false,true,2026,Warren Haven Rehab and Nursing Center
nj-doh-enforcement-0072,https://www.nj.gov/health/healthfacilities/surveys-insp/enforcement_actions.shtml,/health/healthfacilities/surveys-insp/ea-the-pines-at-medford-06292026.pdf,https://www.nj.gov/health/healthfacilities/surveys-insp/ea-the-pines-at-medford-06292026.pdf,EXISTING_HASH_VERIFIED,5a5306d3356db22ef6e6a43bf44e102b2a845e91e816d5a7ad504307067e4e1b,5a5306d3356db22ef6e6a43bf44e102b2a845e91e816d5a7ad504307067e4e1b,,CANONICAL,SEE_CORPUS_SUMMARY_GRAIN,,,true,Notice of Assessment of Penalties,penalty_letter,INDEX_METADATA,index_action,,,,,,,,false,true,2026,The Pines at Medford
nj-doh-enforcement-0073,https://www.nj.gov/health/healthfacilities/surveys-insp/enforcement_actions.shtml,/health/healthfacilities/surveys-insp/ea-revised-lawrence-rehab-and-hcc-the-meadows-at-lawrence-06292026.pdf,https://www.nj.gov/health/healthfacilities/surveys-insp/ea-revised-lawrence-rehab-and-hcc-the-meadows-at-lawrence-06292026.pdf,EXISTING_HASH_VERIFIED,10355c4e716d1d7931b42d2695a2b7e6696fea3a2244e1888e745e81982d6949,10355c4e716d1d7931b42d2695a2b7e6696fea3a2244e1888e745e81982d6949,,CANONICAL,SEE_CORPUS_SUMMARY_GRAIN,,,true,Revised Notice of Assessment of Penalties,penalty_letter,INDEX_METADATA,index_action,,,,,,,,false,true,2026,Lawrence Rehab and HCC The Meadows at Lawrence
nj-doh-enforcement-0074,https://www.nj.gov/health/healthfacilities/surveys-insp/enforcement_actions.shtml,/health/healthfacilities/surveys-insp/ea-complete-care-whispering-woods-06262026.pdf,https://www.nj.gov/health/healthfacilities/surveys-insp/ea-complete-care-whispering-woods-06262026.pdf,EXISTING_HASH_VERIFIED,27286538a8e34186ffedc9c301268c5e805efae55ae42c192e04db080c0c281b,27286538a8e34186ffedc9c301268c5e805efae55ae42c192e04db080c0c281b,,CANONICAL,SEE_CORPUS_SUMMARY_GRAIN,,,true,Directed Plan of Correction,directed_plan_of_correction,INDEX_METADATA,index_action,,,,,,,,false,true,2026,Complete Care at Whispering Woods
nj-doh-enforcement-0075,https://www.nj.gov/health/healthfacilities/surveys-insp/enforcement_actions.shtml,/health/healthfacilities/surveys-insp/ea-allaire-rehab-and-nursing-06262026.pdf,https://www.nj.gov/health/healthfacilities/surveys-insp/ea-allaire-rehab-and-nursing-06262026.pdf,EXISTING_HASH_VERIFIED,31d5bf33cf19862548f8cc07ac0b7779427ccf97708cce9cdff40cfb05c7ee7e,31d5bf33cf19862548f8cc07ac0b7779427ccf97708cce9cdff40cfb05c7ee7e,,CANONICAL,SEE_CORPUS_SUMMARY_GRAIN,,,true,Notice of Assessment of Penalties,penalty_letter,INDEX_METADATA,index_action,,,,,,,,false,true,2026,Allaire Rehabilitation and Nursing
nj-doh-enforcement-0076,https://www.nj.gov/health/healthfacilities/surveys-insp/enforcement_actions.shtml,/health/healthfacilities/surveys-insp/ea-arbor-ridge-rehab-and-healthcare-center-06262026.pdf,https://www.nj.gov/health/healthfacilities/surveys-insp/ea-arbor-ridge-rehab-and-healthcare-center-06262026.pdf,EXISTING_HASH_VERIFIED,a515c816a7b7d64e54a8befbedcbc1877e12f10676da481512265a49b5859c19,a515c816a7b7d64e54a8befbedcbc1877e12f10676da481512265a49b5859c19,,CANONICAL,SEE_CORPUS_SUMMARY_GRAIN,,,true,Notice of Assessment of Penalties,penalty_letter,INDEX_METADATA,index_action,,,,,,,,false,true,2026,Arbor Ridge Rehabilitation & Healthcare Center
nj-doh-enforcement-0077,https://www.nj.gov/health/healthfacilities/surveys-insp/enforcement_actions.shtml,/health/healthfacilities/surveys-insp/ea-whiting-gardens-rehab-and-nursing-center-062620226.pdf,https://www.nj.gov/health/healthfacilities/surveys-insp/ea-whiting-gardens-rehab-and-nursing-center-062620226.pdf,EXISTING_HASH_VERIFIED,2bfc60cd495028c53b803b23656147b34fcb2cc5b2dd0030ebcd2c50b98d2d28,2bfc60cd495028c53b803b23656147b34fcb2cc5b2dd0030ebcd2c50b98d2d28,,CANONICAL,SEE_CORPUS_SUMMARY_GRAIN,,,true,Revised Notice of Assessment of Penalties,penalty_letter,INDEX_METADATA,index_action,,,,,,,,false,true,2026,Whiting Gardens Rehab & Nursing Center
nj-doh-enforcement-0078,https://www.nj.gov/health/healthfacilities/surveys-insp/enforcement_actions.shtml,/health/healthfacilities/surveys-insp/ea-bishop-mccarthy-center-for-rehab-and-healthcare-06262026.pdf,https://www.nj.gov/health/healthfacilities/surveys-insp/ea-bishop-mccarthy-center-for-rehab-and-healthcare-06262026.pdf,EXISTING_HASH_VERIFIED,634c37505e9b347555a784014cd7ff7bd3c8ba3ddfb29f88c2564006e7047f60,634c37505e9b347555a784014cd7ff7bd3c8ba3ddfb29f88c2564006e7047f60,,CANONICAL,SEE_CORPUS_SUMMARY_GRAIN,,,true,Revised Notice of Assessment of Penalties,penalty_letter,INDEX_METADATA,index_action,,,,,,,,false,true,2026,Bishop McCarthy Center for Rehab & Healthcare
nj-doh-enforcement-0079,https://www.nj.gov/health/healthfacilities/surveys-insp/enforcement_actions.shtml,/health/healthfacilities/surveys-insp/ea-merwick-care-and-rehab-center-06222026.pdf,https://www.nj.gov/health/healthfacilities/surveys-insp/ea-merwick-care-and-rehab-center-06222026.pdf,EXISTING_HASH_VERIFIED,6cf0896650b52d126bc1607129186a51df0f8a29f33040dd4c315413705c4085,6cf0896650b52d126bc1607129186a51df0f8a29f33040dd4c315413705c4085,,CANONICAL,SEE_CORPUS_SUMMARY_GRAIN,,,true,Notice of Assessment of Penalties,penalty_letter,INDEX_METADATA,index_action,,,,,,,,false,true,2026,Merwick Care & Rehab Center
nj-doh-enforcement-0080,https://www.nj.gov/health/healthfacilities/surveys-insp/enforcement_actions.shtml,/health/healthfacilities/surveys-insp/ea-revised-hammonton-center-for-rehab-and-healthcare-06222026.pdf,https://www.nj.gov/health/healthfacilities/surveys-insp/ea-revised-hammonton-center-for-rehab-and-healthcare-06222026.pdf,EXISTING_HASH_VERIFIED,0f93c72ac5c5f82d6edc353d1e1c8db5ff2a2ba6e7ac9f8ed300e7830da6a79d,0f93c72ac5c5f82d6edc353d1e1c8db5ff2a2ba6e7ac9f8ed300e7830da6a79d,,CANONICAL,SEE_CORPUS_SUMMARY_GRAIN,,,true,Revised Notice of Assessment of Penalties,penalty_letter,INDEX_METADATA,index_action,,,,,,,,false,true,2026,Hammonton Center for Rehab & Healthcare
nj-doh-enforcement-0081,https://www.nj.gov/health/healthfacilities/surveys-insp/enforcement_actions.shtml,/health/healthfacilities/surveys-insp/ea-careone-at-moorestown-06222026.pdf,https://www.nj.gov/health/healthfacilities/surveys-insp/ea-careone-at-moorestown-06222026.pdf,EXISTING_HASH_VERIFIED,f90e72c21b9dd46a82107bfe3da4f4abcdb491d12a23f882fc3f1303e8dd70ba,f90e72c21b9dd46a82107bfe3da4f4abcdb491d12a23f882fc3f1303e8dd70ba,,CANONICAL,SEE_CORPUS_SUMMARY_GRAIN,,,true,Notice of Assessment of Penalties,penalty_letter,INDEX_METADATA,index_action,,,,,,,,false,true,2026,CareOne at Moorestown
nj-doh-enforcement-0082,https://www.nj.gov/health/healthfacilities/surveys-insp/enforcement_actions.shtml,/health/healthfacilities/surveys-insp/ea-hpi-school-of-allied-health-and-annetta-wilson-barnett-revocation-06172026.pdf,https://www.nj.gov/health/healthfacilities/surveys-insp/ea-hpi-school-of-allied-health-and-annetta-wilson-barnett-revocation-06172026.pdf,EXISTING_HASH_VERIFIED,ef05319c5c6df09558a74539c6650fe65d03851e92eb168bb8c526bf11da2b18,ef05319c5c6df09558a74539c6650fe65d03851e92eb168bb8c526bf11da2b18,,CANONICAL,SEE_CORPUS_SUMMARY_GRAIN,,,true,Revocation Order,license_revocation,INDEX_METADATA,index_action,,,,,,,,false,true,2026,HPI School of Allied Health and Annetta Wilson Barnett
nj-doh-enforcement-0083,https://www.nj.gov/health/healthfacilities/surveys-insp/enforcement_actions.shtml,/health/healthfacilities/surveys-insp/ea-careone-at-oradell-06152026.pdf,https://www.nj.gov/health/healthfacilities/surveys-insp/ea-careone-at-oradell-06152026.pdf,EXISTING_HASH_VERIFIED,7d6c9fcd282dbc557b86399960371d517e19230ba19992a9d8c95c54280c5b96,7d6c9fcd282dbc557b86399960371d517e19230ba19992a9d8c95c54280c5b96,,CANONICAL,SEE_CORPUS_SUMMARY_GRAIN,,,true,Notice of Assessment of Penalties,penalty_letter,INDEX_METADATA,index_action,,,,,,,,false,true,2026,CareOne at Oradell
nj-doh-enforcement-0084,https://www.nj.gov/health/healthfacilities/surveys-insp/enforcement_actions.shtml,/health/healthfacilities/surveys-insp/ea-whiting-gardens-rehabilitation-and-nursing-center-0612026.pdf,https://www.nj.gov/health/healthfacilities/surveys-insp/ea-whiting-gardens-rehabilitation-and-nursing-center-0612026.pdf,EXISTING_HASH_VERIFIED,59cecaa170f51a1d2279ad380ea3004ba34b5f3f3344c5ae3b79919664cceb74,59cecaa170f51a1d2279ad380ea3004ba34b5f3f3344c5ae3b79919664cceb74,,CANONICAL,SEE_CORPUS_SUMMARY_GRAIN,,,true,Order Lifting Curtailment of Admissions and Readmissions and Lifting Directive to Submit Census and Admission Logs,admission_curtailment,INDEX_METADATA,index_action,,,,,,,,false,true,2026,Whiting Gardens Rehabilitation and Nursing Center
nj-doh-enforcement-0085,https://www.nj.gov/health/healthfacilities/surveys-insp/enforcement_actions.shtml,/health/healthfacilities/surveys-insp/ea-advanced-surgical-institute-06122026.pdf,https://www.nj.gov/health/healthfacilities/surveys-insp/ea-advanced-surgical-institute-06122026.pdf,EXISTING_HASH_VERIFIED,5bbf8a514c4284b4855318b550f1f2bf38b30168f44d34a909cfd7dba1d3eee8,5bbf8a514c4284b4855318b550f1f2bf38b30168f44d34a909cfd7dba1d3eee8,,CANONICAL,SEE_CORPUS_SUMMARY_GRAIN,,,true,Notice of Assessment of Penalties,penalty_letter,INDEX_METADATA,index_action,,,,,,,,false,true,2026,Advanced Surgical Institute
nj-doh-enforcement-0086,https://www.nj.gov/health/healthfacilities/surveys-insp/enforcement_actions.shtml,/health/healthfacilities/surveys-insp/ea-homestead-rehabilitation-and-healthcare-center-06112026.pdf,https://www.nj.gov/health/healthfacilities/surveys-insp/ea-homestead-rehabilitation-and-healthcare-center-06112026.pdf,EXISTING_HASH_VERIFIED,1a1fafb49b2ee2c57eea35d629ae0be27f3dc1e210841f577d657129a9482ee7,1a1fafb49b2ee2c57eea35d629ae0be27f3dc1e210841f577d657129a9482ee7,,CANONICAL,SEE_CORPUS_SUMMARY_GRAIN,,,true,Lifting Curtailment of Admissions And Readmissions Order Directed Plan of Correction (DPOC),admission_curtailment,INDEX_METADATA,index_action,,,,,,,,false,true,2026,Homestead Rehabilitation and Healthcare Center
nj-doh-enforcement-0087,https://www.nj.gov/health/healthfacilities/surveys-insp/enforcement_actions.shtml,/health/healthfacilities/surveys-insp/ea-revised-coral-harbor-rehab-and-healthcare-center-06102026.pdf,https://www.nj.gov/health/healthfacilities/surveys-insp/ea-revised-coral-harbor-rehab-and-healthcare-center-06102026.pdf,EXISTING_HASH_VERIFIED,e419aac8f899ea30b70c303b867910ff3a4f1d29787369c3e79439010a91adc9,e419aac8f899ea30b70c303b867910ff3a4f1d29787369c3e79439010a91adc9,,CANONICAL,SEE_CORPUS_SUMMARY_GRAIN,,,true,Revised Notice of Assessment of Penalties,penalty_letter,INDEX_METADATA,index_action,,,,,,,,false,true,2026,Coral Harbor Rehab and Healthcare Center
nj-doh-enforcement-0088,https://www.nj.gov/health/healthfacilities/surveys-insp/enforcement_actions.shtml,/health/healthfacilities/surveys-insp/ea-complete-care-at-laurelton-06102026.pdf,https://www.nj.gov/health/healthfacilities/surveys-insp/ea-complete-care-at-laurelton-06102026.pdf,EXISTING_HASH_VERIFIED,8da0316a9f237cd3e7cbadf53b0c518dd3c2e30879302843750e6c8a2dbacb2a,8da0316a9f237cd3e7cbadf53b0c518dd3c2e30879302843750e6c8a2dbacb2a,,CANONICAL,SEE_CORPUS_SUMMARY_GRAIN,,,true,Notice of Assessment of Penalties,penalty_letter,INDEX_METADATA,index_action,,,,,,,,false,true,2026,Complete Care at Laurelton
nj-doh-enforcement-0089,https://www.nj.gov/health/healthfacilities/surveys-insp/enforcement_actions.shtml,/health/healthfacilities/surveys-insp/ea-careone-at-wall-06102026.pdf,https://www.nj.gov/health/healthfacilities/surveys-insp/ea-careone-at-wall-06102026.pdf,EXISTING_HASH_VERIFIED,530fdafa88305097782ee46332e4be143de83c6045367804c67f60ec617e4def,530fdafa88305097782ee46332e4be143de83c6045367804c67f60ec617e4def,,CANONICAL,SEE_CORPUS_SUMMARY_GRAIN,,,true,Notice of Assessment of Penalties,penalty_letter,INDEX_METADATA,index_action,,,,,,,,false,true,2026,CareOne at Wall
nj-doh-enforcement-0090,https://www.nj.gov/health/healthfacilities/surveys-insp/enforcement_actions.shtml,/health/healthfacilities/surveys-insp/ea-careone-at-the-highlands-06102026.pdf,https://www.nj.gov/health/healthfacilities/surveys-insp/ea-careone-at-the-highlands-06102026.pdf,EXISTING_HASH_VERIFIED,685d552ebd0cccf16d1151e9bbbf6e9f4fa09fb2dcdfb5a626caac308456a678,685d552ebd0cccf16d1151e9bbbf6e9f4fa09fb2dcdfb5a626caac308456a678,,CANONICAL,SEE_CORPUS_SUMMARY_GRAIN,,,true,Notice of Assessment of Penalties,penalty_letter,INDEX_METADATA,index_action,,,,,,,,false,true,2026,CareOne at the Highlands
nj-doh-enforcement-0091,https://www.nj.gov/health/healthfacilities/surveys-insp/enforcement_actions.shtml,/health/healthfacilities/surveys-insp/ea-corrected-autumn-lake-healthcare-at-old-bridge-06102026.pdf,https://www.nj.gov/health/healthfacilities/surveys-insp/ea-corrected-autumn-lake-healthcare-at-old-bridge-06102026.pdf,EXISTING_HASH_VERIFIED,b5b4ed14a5e2107818eb7838c4e8295cc112a42e4dd55a397f6282f18e4385c9,b5b4ed14a5e2107818eb7838c4e8295cc112a42e4dd55a397f6282f18e4385c9,,CANONICAL,SEE_CORPUS_SUMMARY_GRAIN,,,true,Corrected Notice of Assessment of Penalties,penalty_letter,INDEX_METADATA,index_action,,,,,,,,false,true,2026,Autumn Lake Healthcare at Old Bridge
nj-doh-enforcement-0092,https://www.nj.gov/health/healthfacilities/surveys-insp/enforcement_actions.shtml,/health/healthfacilities/surveys-insp/ea-hammonton-center-for-rehab-and-healthcare-06082026.pdf,https://www.nj.gov/health/healthfacilities/surveys-insp/ea-hammonton-center-for-rehab-and-healthcare-06082026.pdf,EXISTING_HASH_VERIFIED,21c519b6569f2f75a3e5dfe63146e83a6939a5aa3fddb8fe1a16eab052dadf7c,21c519b6569f2f75a3e5dfe63146e83a6939a5aa3fddb8fe1a16eab052dadf7c,,CANONICAL,SEE_CORPUS_SUMMARY_GRAIN,,,true,Revised Notice of Assessment of Penalties,penalty_letter,INDEX_METADATA,index_action,,,,,,,,false,true,2026,Hammonton Center for Rehab and Healthcare
nj-doh-enforcement-0093,https://www.nj.gov/health/healthfacilities/surveys-insp/enforcement_actions.shtml,/health/healthfacilities/surveys-insp/ea-careone-at-moorestown-06082026.pdf,https://www.nj.gov/health/healthfacilities/surveys-insp/ea-careone-at-moorestown-06082026.pdf,EXISTING_HASH_VERIFIED,a72cb88df6e532990d12e768220074b879960943a00702e7534aab32dda07688,a72cb88df6e532990d12e768220074b879960943a00702e7534aab32dda07688,,CANONICAL,SEE_CORPUS_SUMMARY_GRAIN,,,true,Revised Notice of Assessment of Penalties,penalty_letter,INDEX_METADATA,index_action,,,,,,,,false,true,2026,CareOne at Moorestown
nj-doh-enforcement-0094,https://www.nj.gov/health/healthfacilities/surveys-insp/enforcement_actions.shtml,/health/healthfacilities/surveys-insp/ea-echelon-care-and-rehab-06082026.pdf,https://www.nj.gov/health/healthfacilities/surveys-insp/ea-echelon-care-and-rehab-06082026.pdf,EXISTING_HASH_VERIFIED,ce437379414bed0216f12d618ba219751c3912f1813940c1dae14426d6f7a0cb,ce437379414bed0216f12d618ba219751c3912f1813940c1dae14426d6f7a0cb,,CANONICAL,SEE_CORPUS_SUMMARY_GRAIN,,,true,Notice of Assessment of Penalties,penalty_letter,INDEX_METADATA,index_action,,,,,,,,false,true,2026,Echelon Care and Rehab
nj-doh-enforcement-0095,https://www.nj.gov/health/healthfacilities/surveys-insp/enforcement_actions.shtml,/health/healthfacilities/surveys-insp/ea-st-marys-center-for-rehab-and-healthcare-06052026.pdf,https://www.nj.gov/health/healthfacilities/surveys-insp/ea-st-marys-center-for-rehab-and-healthcare-06052026.pdf,EXISTING_HASH_VERIFIED,af6fda348d6d65621b7820304db4bc10a7d8c8c4cb506ed3b75d136963f2bf75,af6fda348d6d65621b7820304db4bc10a7d8c8c4cb506ed3b75d136963f2bf75,,CANONICAL,SEE_CORPUS_SUMMARY_GRAIN,,,true,Revised Notice of Assessment of Penalties,penalty_letter,INDEX_METADATA,index_action,,,,,,,,false,true,2026,St. Mary's Center for Rehab & Healthcare
nj-doh-enforcement-0096,https://www.nj.gov/health/healthfacilities/surveys-insp/enforcement_actions.shtml,/health/healthfacilities/surveys-insp/ea-venetian-care-and-rehab-center-corrected-revised-06032026.pdf,https://www.nj.gov/health/healthfacilities/surveys-insp/ea-venetian-care-and-rehab-center-corrected-revised-06032026.pdf,EXISTING_HASH_VERIFIED,8532a5d53e82e7bbb23fc6d3bd7755dd3e4da36845c43284bbd845895c51d491,8532a5d53e82e7bbb23fc6d3bd7755dd3e4da36845c43284bbd845895c51d491,,CANONICAL,SEE_CORPUS_SUMMARY_GRAIN,,,true,Corrected Revised Notice of Assessment of Penalties,penalty_letter,INDEX_METADATA,index_action,,,,,,,,false,true,2026,Venetian Care and Rehab Center
nj-doh-enforcement-0097,https://www.nj.gov/health/healthfacilities/surveys-insp/enforcement_actions.shtml,/health/healthfacilities/surveys-insp/ea-crystal-lake-healthcare-and-rehab-revised-06032026.pdf,https://www.nj.gov/health/healthfacilities/surveys-insp/ea-crystal-lake-healthcare-and-rehab-revised-06032026.pdf,EXISTING_HASH_VERIFIED,c5573e04864e7343d6f5d4870d6fc4b2a78cf38254f2f79941ecd2d6a23ba81b,c5573e04864e7343d6f5d4870d6fc4b2a78cf38254f2f79941ecd2d6a23ba81b,,CANONICAL,SEE_CORPUS_SUMMARY_GRAIN,,,true,Revised Notice of Assessment of Penalties,penalty_letter,INDEX_METADATA,index_action,,,,,,,,false,true,2026,Crystal Lake Healthcare and Rehab
nj-doh-enforcement-0098,https://www.nj.gov/health/healthfacilities/surveys-insp/enforcement_actions.shtml,/health/healthfacilities/surveys-insp/ea-adroit-care-rehab-and-nursing-center-06032026.pdf,https://www.nj.gov/health/healthfacilities/surveys-insp/ea-adroit-care-rehab-and-nursing-center-06032026.pdf,EXISTING_HASH_VERIFIED,bff4e0e3b03187b6e4f00de95ba6c6106082c417f9e9edf89048e7db9478d413,bff4e0e3b03187b6e4f00de95ba6c6106082c417f9e9edf89048e7db9478d413,,CANONICAL,SEE_CORPUS_SUMMARY_GRAIN,,,true,Notice of Assessment of Penalties,penalty_letter,INDEX_METADATA,index_action,,,,,,,,false,true,2026,Adroit Care Rehab and Nursing Center
nj-doh-enforcement-0099,https://www.nj.gov/health/healthfacilities/surveys-insp/enforcement_actions.shtml,/health/healthfacilities/surveys-insp/ea-complete-care-at-linwood-revised-06032026.pdf,https://www.nj.gov/health/healthfacilities/surveys-insp/ea-complete-care-at-linwood-revised-06032026.pdf,EXISTING_HASH_VERIFIED,914efe508d5053f4cec5018a005f81903b5ba21832b51b71fb74413bcca97321,914efe508d5053f4cec5018a005f81903b5ba21832b51b71fb74413bcca97321,,CANONICAL,SEE_CORPUS_SUMMARY_GRAIN,,,true,Revised Notice of Assessment of Penalties,penalty_letter,INDEX_METADATA,index_action,,,,,,,,false,true,2026,Complete Care at Linwood
nj-doh-enforcement-0100,https://www.nj.gov/health/healthfacilities/surveys-insp/enforcement_actions.shtml,/health/healthfacilities/surveys-insp/ea-revised-homestead-rehabilitation-and-healthcare-center-06032026-x26211.pdf,https://www.nj.gov/health/healthfacilities/surveys-insp/ea-revised-homestead-rehabilitation-and-healthcare-center-06032026-x26211.pdf,EXISTING_HASH_VERIFIED,34a0b6b30c66009770c170d0151ce70ad1ce766430ccd71afe945407850991d7,34a0b6b30c66009770c170d0151ce70ad1ce766430ccd71afe945407850991d7,,CANONICAL,SEE_CORPUS_SUMMARY_GRAIN,,,true,Revised Notice of Assessment of Penalties,penalty_letter,INDEX_METADATA,index_action,,,,,,,,false,true,2026,Homestead Rehabilitation and Healthcare Center
nj-doh-enforcement-0101,https://www.nj.gov/health/healthfacilities/surveys-insp/enforcement_actions.shtml,/health/healthfacilities/surveys-insp/ea-revised-homestead-rehabilitation-and-healthcare-center-06032026-x26198.pdf,https://www.nj.gov/health/healthfacilities/surveys-insp/ea-revised-homestead-rehabilitation-and-healthcare-center-06032026-x26198.pdf,EXISTING_HASH_VERIFIED,12c1ac1f729ad6cf5941eaaa8e9560012728d5d17893413b16b63c98e9b4a33a,12c1ac1f729ad6cf5941eaaa8e9560012728d5d17893413b16b63c98e9b4a33a,,CANONICAL,SEE_CORPUS_SUMMARY_GRAIN,,,true,Revised Notice of Assessment of Penalties,penalty_letter,INDEX_METADATA,index_action,,,,,,,,false,true,2026,Homestead Rehabilitation and Healthcare Center
nj-doh-enforcement-0102,https://www.nj.gov/health/healthfacilities/surveys-insp/enforcement_actions.shtml,/health/healthfacilities/surveys-insp/ea-homestead-rehabilitation-and-healthcare-center-06032026-x26210.pdf ,https://www.nj.gov/health/healthfacilities/surveys-insp/ea-homestead-rehabilitation-and-healthcare-center-06032026-x26210.pdf,EXISTING_HASH_VERIFIED,6dccf77aba30ad23b119e8f3b93e67ed6547ee60d0b3f7690b35674d68612dcb,6dccf77aba30ad23b119e8f3b93e67ed6547ee60d0b3f7690b35674d68612dcb,,CANONICAL,SEE_CORPUS_SUMMARY_GRAIN,,,true,Notice of Assessment of Penalties,penalty_letter,INDEX_METADATA,index_action,,,,,,,,false,true,2026,Homestead Rehabilitation and Healthcare Center
nj-doh-enforcement-0103,https://www.nj.gov/health/healthfacilities/surveys-insp/enforcement_actions.shtml,/health/healthfacilities/surveys-insp/ea-revised-lawrence-rehab-and-hcc-at-the-meadows-at-lawrence-06032026-x26156.pdf,https://www.nj.gov/health/healthfacilities/surveys-insp/ea-revised-lawrence-rehab-and-hcc-at-the-meadows-at-lawrence-06032026-x26156.pdf,EXISTING_HASH_VERIFIED,b04f40ad0e9f3b381dfe7fc2df13d9977c9f020a8a49666f9312a5b6466cb626,b04f40ad0e9f3b381dfe7fc2df13d9977c9f020a8a49666f9312a5b6466cb626,,CANONICAL,SEE_CORPUS_SUMMARY_GRAIN,,,true,Revised Notice of Assessment of Penalties,penalty_letter,INDEX_METADATA,index_action,,,,,,,,false,true,2026,Lawrence Rehab and HCC at The Meadows at Lawrence
nj-doh-enforcement-0104,https://www.nj.gov/health/healthfacilities/surveys-insp/enforcement_actions.shtml,/health/healthfacilities/surveys-insp/ea-lawrence-rehab-and-hcc-the-meadows-at-lawrence-06032026-X26206.pdf,https://www.nj.gov/health/healthfacilities/surveys-insp/ea-lawrence-rehab-and-hcc-the-meadows-at-lawrence-06032026-X26206.pdf,EXISTING_HASH_VERIFIED,a6307ce70feff302cd66b41ed1104bd4d90a6f75682301e1eb023f1508c59789,a6307ce70feff302cd66b41ed1104bd4d90a6f75682301e1eb023f1508c59789,,CANONICAL,SEE_CORPUS_SUMMARY_GRAIN,,,true,Notice of Assessment of Penalties,penalty_letter,INDEX_METADATA,index_action,,,,,,,,false,true,2026,Lawrence Rehab and HCC The Meadows at Lawrence
nj-doh-enforcement-0105,https://www.nj.gov/health/healthfacilities/surveys-insp/enforcement_actions.shtml,/health/healthfacilities/surveys-insp/ea-complete-care-at-cedar-grove-06022026.pdf,https://www.nj.gov/health/healthfacilities/surveys-insp/ea-complete-care-at-cedar-grove-06022026.pdf,EXISTING_HASH_VERIFIED,393a8567b7ff0e3ff8e3240a9d5add6d00b5818bee8ebcea51e9282db089b249,393a8567b7ff0e3ff8e3240a9d5add6d00b5818bee8ebcea51e9282db089b249,,CANONICAL,SEE_CORPUS_SUMMARY_GRAIN,,,true,Notice of Assessment of Penalties,penalty_letter,INDEX_METADATA,index_action,,,,,,,,false,true,2026,Complete Care at Cedar Grove
nj-doh-enforcement-0106,https://www.nj.gov/health/healthfacilities/surveys-insp/enforcement_actions.shtml,/health/healthfacilities/surveys-insp/ea-excel-care-at-wayne-06022026.pdf,https://www.nj.gov/health/healthfacilities/surveys-insp/ea-excel-care-at-wayne-06022026.pdf,EXISTING_HASH_VERIFIED,b63a4e9a995ce911aebb3012e5e18bb59fac8d1633ff5baf6314849373949f45,b63a4e9a995ce911aebb3012e5e18bb59fac8d1633ff5baf6314849373949f45,,CANONICAL,SEE_CORPUS_SUMMARY_GRAIN,,,true,Notice of Assessment of Penalties,penalty_letter,INDEX_METADATA,index_action,,,,,,,,false,true,2026,Excel Care at Wayne
nj-doh-enforcement-0107,https://www.nj.gov/health/healthfacilities/surveys-insp/enforcement_actions.shtml,/health/healthfacilities/surveys-insp/ea-warren-haven-rehabilitation-and-nursing-center-06012026.pdf,https://www.nj.gov/health/healthfacilities/surveys-insp/ea-warren-haven-rehabilitation-and-nursing-center-06012026.pdf,EXISTING_HASH_VERIFIED,f1b92ccf6036b8e13a1217e6febb9298e974ced27eddc95309a1a51de75afa3e,f1b92ccf6036b8e13a1217e6febb9298e974ced27eddc95309a1a51de75afa3e,,CANONICAL,SEE_CORPUS_SUMMARY_GRAIN,,,true,Notice of Assessment of Penalties,penalty_letter,INDEX_METADATA,index_action,,,,,,,,false,true,2026,Warren Haven Rehabilitation and Nursing Center
nj-doh-enforcement-0108,https://www.nj.gov/health/healthfacilities/surveys-insp/enforcement_actions.shtml,/health/healthfacilities/surveys-insp/ea-the-buckingham-at-norwood-06012026.pdf,https://www.nj.gov/health/healthfacilities/surveys-insp/ea-the-buckingham-at-norwood-06012026.pdf,EXISTING_HASH_VERIFIED,401389767e612d4c0c0a424e76af50a8237ab70ba137e18edfe1e428f18f2771,401389767e612d4c0c0a424e76af50a8237ab70ba137e18edfe1e428f18f2771,,CANONICAL,SEE_CORPUS_SUMMARY_GRAIN,,,true,Revised Notice of Assessment of Penalties,penalty_letter,INDEX_METADATA,index_action,,,,,,,,false,true,2026,The Buckingham at Norwood
nj-doh-enforcement-0109,https://www.nj.gov/health/healthfacilities/surveys-insp/enforcement_actions.shtml,/health/healthfacilities/surveys-insp/ea-lawrence-rehab-and-hcc-the-meadows-at-lawrence-06012026.pdf,https://www.nj.gov/health/healthfacilities/surveys-insp/ea-lawrence-rehab-and-hcc-the-meadows-at-lawrence-06012026.pdf,EXISTING_HASH_VERIFIED,43ac789d11ffcc83fe8ebdb5e4f7d52e87d7903008f21ebc5666941a83565fe9,43ac789d11ffcc83fe8ebdb5e4f7d52e87d7903008f21ebc5666941a83565fe9,,CANONICAL,SEE_CORPUS_SUMMARY_GRAIN,,,true,Revised Notice of Assessment of Penalties,penalty_letter,INDEX_METADATA,index_action,,,,,,,,false,true,2026,Lawrence Rehab and HCC The Meadows at Lawrence
nj-doh-enforcement-0110,https://www.nj.gov/health/healthfacilities/surveys-insp/enforcement_actions.shtml,/health/healthfacilities/surveys-insp/ea-family-of-caring-at-park-ridge-06012026.pdf,https://www.nj.gov/health/healthfacilities/surveys-insp/ea-family-of-caring-at-park-ridge-06012026.pdf,EXISTING_HASH_VERIFIED,215c0a8bc8a1596623dd89bd6407cf2580559eb8b630a25ee3ca56ec333224b4,215c0a8bc8a1596623dd89bd6407cf2580559eb8b630a25ee3ca56ec333224b4,,CANONICAL,SEE_CORPUS_SUMMARY_GRAIN,,,true,Notice of Assessment of Penalties,penalty_letter,INDEX_METADATA,index_action,,,,,,,,false,true,2026,Family of Caring at Park Ridge
nj-doh-enforcement-0111,https://www.nj.gov/health/healthfacilities/surveys-insp/enforcement_actions.shtml,/health/healthfacilities/surveys-insp/ea-careone-at-oradell-06012026.pdf,https://www.nj.gov/health/healthfacilities/surveys-insp/ea-careone-at-oradell-06012026.pdf,EXISTING_HASH_VERIFIED,dea89453d7f013f3c5ada69da2433a47a027569f63680e80733b020ebc2ba1d8,dea89453d7f013f3c5ada69da2433a47a027569f63680e80733b020ebc2ba1d8,,CANONICAL,SEE_CORPUS_SUMMARY_GRAIN,,,true,Notice of Assessment of Penalties,penalty_letter,INDEX_METADATA,index_action,,,,,,,,false,true,2026,CareOne at Oradell
nj-doh-enforcement-0112,https://www.nj.gov/health/healthfacilities/surveys-insp/enforcement_actions.shtml,/health/healthfacilities/surveys-insp/ea-venetian-care-and-rehab-center-revised-05282026.pdf,https://www.nj.gov/health/healthfacilities/surveys-insp/ea-venetian-care-and-rehab-center-revised-05282026.pdf,EXISTING_HASH_VERIFIED,cfe30ca600488f99513cb368c4d14145ed58f4b53f5aa248c5cfd112766862d4,cfe30ca600488f99513cb368c4d14145ed58f4b53f5aa248c5cfd112766862d4,,CANONICAL,SEE_CORPUS_SUMMARY_GRAIN,,,true,Revised Notice of Assessment of Penalties,penalty_letter,INDEX_METADATA,index_action,,,,,,,,false,true,2026,Venetian Care and Rehab Center
nj-doh-enforcement-0113,https://www.nj.gov/health/healthfacilities/surveys-insp/enforcement_actions.shtml,/health/healthfacilities/surveys-insp/ea-hamilton-grove-healthcare-and-rehab-05272026.pdf,https://www.nj.gov/health/healthfacilities/surveys-insp/ea-hamilton-grove-healthcare-and-rehab-05272026.pdf,EXISTING_HASH_VERIFIED,60fa58b52156a992a20116f3aeec0c9d25f912526058950128d0f81699fc63ad,60fa58b52156a992a20116f3aeec0c9d25f912526058950128d0f81699fc63ad,,CANONICAL,SEE_CORPUS_SUMMARY_GRAIN,,,true,Notice of Assessment of Penalties,penalty_letter,INDEX_METADATA,index_action,,,,,,,,false,true,2026,Hamilton Grove Healthcare and Rehab
nj-doh-enforcement-0114,https://www.nj.gov/health/healthfacilities/surveys-insp/enforcement_actions.shtml,/health/healthfacilities/surveys-insp/ea-complete-care-at-voorhees-05272026.pdf,https://www.nj.gov/health/healthfacilities/surveys-insp/ea-complete-care-at-voorhees-05272026.pdf,EXISTING_HASH_VERIFIED,33de692e2516f3b1f7449bd6732afe394ddd2b841b82c41a3856fb45e0f52ec2,33de692e2516f3b1f7449bd6732afe394ddd2b841b82c41a3856fb45e0f52ec2,,CANONICAL,SEE_CORPUS_SUMMARY_GRAIN,,,true,Notice of Assessment of Penalties,penalty_letter,INDEX_METADATA,index_action,,,,,,,,false,true,2026,Complete Care at Voorhees
nj-doh-enforcement-0115,https://www.nj.gov/health/healthfacilities/surveys-insp/enforcement_actions.shtml,/health/healthfacilities/surveys-insp/ea-complete-care-at-ocean-grove-05272026.pdf,https://www.nj.gov/health/healthfacilities/surveys-insp/ea-complete-care-at-ocean-grove-05272026.pdf,EXISTING_HASH_VERIFIED,8f5ea3a1f91861aea36b91adfa709d97e87fe0361f1e15c2d608f210fd753944,8f5ea3a1f91861aea36b91adfa709d97e87fe0361f1e15c2d608f210fd753944,,CANONICAL,SEE_CORPUS_SUMMARY_GRAIN,,,true,Notice of Assessment of Penalties,penalty_letter,INDEX_METADATA,index_action,,,,,,,,false,true,2026,Complete Care at Ocean Grove
nj-doh-enforcement-0116,https://www.nj.gov/health/healthfacilities/surveys-insp/enforcement_actions.shtml,/health/healthfacilities/surveys-insp/ea-careone-at-valley-05272026.pdf,https://www.nj.gov/health/healthfacilities/surveys-insp/ea-careone-at-valley-05272026.pdf,EXISTING_HASH_VERIFIED,1a5f928198a3c018921bb0c66c9738df7a539c984ae10640c201caa7f0a78d3e,1a5f928198a3c018921bb0c66c9738df7a539c984ae10640c201caa7f0a78d3e,,CANONICAL,SEE_CORPUS_SUMMARY_GRAIN,,,true,Notice of Assessment of Penalties,penalty_letter,INDEX_METADATA,index_action,,,,,,,,false,true,2026,CareOne at Valley
nj-doh-enforcement-0117,https://www.nj.gov/health/healthfacilities/surveys-insp/enforcement_actions.shtml,/health/healthfacilities/surveys-insp/ea-manhattanview-center-for-rehab-and-healthcare-05272026.pdf,https://www.nj.gov/health/healthfacilities/surveys-insp/ea-manhattanview-center-for-rehab-and-healthcare-05272026.pdf,EXISTING_HASH_VERIFIED,8dbc33c70e454c798eb61f9a8e185974a6c2ca0b44e8325763c22a50f5c60bea,8dbc33c70e454c798eb61f9a8e185974a6c2ca0b44e8325763c22a50f5c60bea,,CANONICAL,SEE_CORPUS_SUMMARY_GRAIN,,,true,Notice of Assessment of Penalties,penalty_letter,INDEX_METADATA,index_action,,,,,,,,false,true,2026,Manhattanview Center for Rehab and Healthcare
nj-doh-enforcement-0118,https://www.nj.gov/health/healthfacilities/surveys-insp/enforcement_actions.shtml,/health/healthfacilities/surveys-insp/ea-complete-care-at-wall-05272026.pdf,https://www.nj.gov/health/healthfacilities/surveys-insp/ea-complete-care-at-wall-05272026.pdf,EXISTING_HASH_VERIFIED,bf97947854c26f1bec4abbbd3d1815cc69720a0994782f073634885f3a6ef832,bf97947854c26f1bec4abbbd3d1815cc69720a0994782f073634885f3a6ef832,,CANONICAL,SEE_CORPUS_SUMMARY_GRAIN,,,true,Notice of Assessment of Penalties,penalty_letter,INDEX_METADATA,index_action,,,,,,,,false,true,2026,Complete Care at Wall
nj-doh-enforcement-0119,https://www.nj.gov/health/healthfacilities/surveys-insp/enforcement_actions.shtml,/health/healthfacilities/surveys-insp/ea-alaris-health-at-the-chateau-05272026.pdf,https://www.nj.gov/health/healthfacilities/surveys-insp/ea-alaris-health-at-the-chateau-05272026.pdf,EXISTING_HASH_VERIFIED,8632595e3adf93909a09c743ae7631d54cf0ffddb6b25616a3466622381256bb,8632595e3adf93909a09c743ae7631d54cf0ffddb6b25616a3466622381256bb,,CANONICAL,SEE_CORPUS_SUMMARY_GRAIN,,,true,Notice of Assessment of Penalties,penalty_letter,INDEX_METADATA,index_action,,,,,,,,false,true,2026,Alaris Health at The Chateau
nj-doh-enforcement-0120,https://www.nj.gov/health/healthfacilities/surveys-insp/enforcement_actions.shtml,/health/healthfacilities/surveys-insp/ea-our-ladys-center-for-rehabilitation-and-healthcare-05222026.pdf,https://www.nj.gov/health/healthfacilities/surveys-insp/ea-our-ladys-center-for-rehabilitation-and-healthcare-05222026.pdf,EXISTING_HASH_VERIFIED,cc087237882f9bd0cfe20e1a90946bb708bd237c23ad1dabf6d9803ce5a16290,cc087237882f9bd0cfe20e1a90946bb708bd237c23ad1dabf6d9803ce5a16290,,CANONICAL,SEE_CORPUS_SUMMARY_GRAIN,,,true,Notice of Assessment of Penalties,penalty_letter,INDEX_METADATA,index_action,,,,,,,,false,true,2026,Our Lady's Center for Rehabilitation and Healthcare
nj-doh-enforcement-0121,https://www.nj.gov/health/healthfacilities/surveys-insp/enforcement_actions.shtml,/health/healthfacilities/surveys-insp/ea-cherry-hill-womens-center-order-lifting-dpoc-05222026.pdf,https://www.nj.gov/health/healthfacilities/surveys-insp/ea-cherry-hill-womens-center-order-lifting-dpoc-05222026.pdf,EXISTING_HASH_VERIFIED,2ee2fc712f158a67cdf10efc74e932d68640104937715a5b94076b17a7211442,2ee2fc712f158a67cdf10efc74e932d68640104937715a5b94076b17a7211442,,CANONICAL,SEE_CORPUS_SUMMARY_GRAIN,,,true,Order Lifting Directed Plan of Correction,directed_plan_of_correction,INDEX_METADATA,index_action,,,,,,,,false,true,2026,Cherry Hill Women's Center
nj-doh-enforcement-0122,https://www.nj.gov/health/healthfacilities/surveys-insp/enforcement_actions.shtml,/health/healthfacilities/surveys-insp/ea-riverview-estates-rehabilitation-and-senior-living-05222026.pdf,https://www.nj.gov/health/healthfacilities/surveys-insp/ea-riverview-estates-rehabilitation-and-senior-living-05222026.pdf,EXISTING_HASH_VERIFIED,b1d121f647fc9dac3f052c26deb8b7bec6932ebb8787f94dffb021aaaa76671a,b1d121f647fc9dac3f052c26deb8b7bec6932ebb8787f94dffb021aaaa76671a,,CANONICAL,SEE_CORPUS_SUMMARY_GRAIN,,,true,Revised Notice of Assessment of Penalties,penalty_letter,INDEX_METADATA,index_action,,,,,,,,false,true,2026,Riverview Estates Rehabilitation and Senior Living
nj-doh-enforcement-0123,https://www.nj.gov/health/healthfacilities/surveys-insp/enforcement_actions.shtml,/health/healthfacilities/surveys-insp/ea-homestead-rehabilitation-and-health-care-center-05212026.pdf,https://www.nj.gov/health/healthfacilities/surveys-insp/ea-homestead-rehabilitation-and-health-care-center-05212026.pdf,EXISTING_HASH_VERIFIED,0f055cd4ab1226121cdac3de9675f300d9c3c55229d81fe03b716b1d8c0d1ee5,0f055cd4ab1226121cdac3de9675f300d9c3c55229d81fe03b716b1d8c0d1ee5,,CANONICAL,SEE_CORPUS_SUMMARY_GRAIN,,,true,Order Lifting Fire Watch Requirement of Directed Plan of Correction,directed_plan_of_correction,INDEX_METADATA,index_action,,,,,,,,false,true,2026,Homestead Rehabilitation and Health Care Center
nj-doh-enforcement-0124,https://www.nj.gov/health/healthfacilities/surveys-insp/enforcement_actions.shtml,/health/healthfacilities/surveys-insp/ea-sterling-manor-05202026.pdf,https://www.nj.gov/health/healthfacilities/surveys-insp/ea-sterling-manor-05202026.pdf,EXISTING_HASH_VERIFIED,48d193aeea49ad5a57eeda185a654bfc8c26c391ac3c955fd43318782e3cdaea,48d193aeea49ad5a57eeda185a654bfc8c26c391ac3c955fd43318782e3cdaea,,CANONICAL,SEE_CORPUS_SUMMARY_GRAIN,,,true,Revised Notice of Assessment of Penalties,penalty_letter,INDEX_METADATA,index_action,,,,,,,,false,true,2026,Sterling Manor
nj-doh-enforcement-0125,https://www.nj.gov/health/healthfacilities/surveys-insp/enforcement_actions.shtml,/health/healthfacilities/surveys-insp/ea-sinai-post-acute-nursing-and-rehab-center-05202026.pdf,https://www.nj.gov/health/healthfacilities/surveys-insp/ea-sinai-post-acute-nursing-and-rehab-center-05202026.pdf,EXISTING_HASH_VERIFIED,ff0e971d7c0a176adb32a5fd2a7dfa27f3aa874ad8cdfd141ad7f10978eeb11a,ff0e971d7c0a176adb32a5fd2a7dfa27f3aa874ad8cdfd141ad7f10978eeb11a,,CANONICAL,SEE_CORPUS_SUMMARY_GRAIN,,,true,Notice of Assessment of Penalties,penalty_letter,INDEX_METADATA,index_action,,,,,,,,false,true,2026,Sinai Post Acute Nursing and Rehab Center
nj-doh-enforcement-0126,https://www.nj.gov/health/healthfacilities/surveys-insp/enforcement_actions.shtml,/health/healthfacilities/surveys-insp/ea-morristown-post-acute-rehab-and-nursing-center-05202026.pdf,https://www.nj.gov/health/healthfacilities/surveys-insp/ea-morristown-post-acute-rehab-and-nursing-center-05202026.pdf,EXISTING_HASH_VERIFIED,a9827a3d21f105f175d61903adbf10e3cba834ae5e6cf0ad3de59676cff27e52,a9827a3d21f105f175d61903adbf10e3cba834ae5e6cf0ad3de59676cff27e52,,CANONICAL,SEE_CORPUS_SUMMARY_GRAIN,,,true,Revised Notice of Assessment of Penalties,penalty_letter,INDEX_METADATA,index_action,,,,,,,,false,true,2026,Morristown Post Acute Rehab and Nursing Center
nj-doh-enforcement-0127,https://www.nj.gov/health/healthfacilities/surveys-insp/enforcement_actions.shtml,/health/healthfacilities/surveys-insp/ea-careone-at-wall-05202026.pdf,https://www.nj.gov/health/healthfacilities/surveys-insp/ea-careone-at-wall-05202026.pdf,EXISTING_HASH_VERIFIED,59d949edf18de00f8d20fea111cc3d225086840deaa344f1500a578acec8d712,59d949edf18de00f8d20fea111cc3d225086840deaa344f1500a578acec8d712,,CANONICAL,SEE_CORPUS_SUMMARY_GRAIN,,,true,Revised Notice of Assessment of Penalties,penalty_letter,INDEX_METADATA,index_action,,,,,,,,false,true,2026,CareOne at Wall
nj-doh-enforcement-0128,https://www.nj.gov/health/healthfacilities/surveys-insp/enforcement_actions.shtml,/health/healthfacilities/surveys-insp/ea-aspen-hills-healthcare-center-05202026.pdf,https://www.nj.gov/health/healthfacilities/surveys-insp/ea-aspen-hills-healthcare-center-05202026.pdf,EXISTING_HASH_VERIFIED,0ac88606f87e0f876049d23b1e9946a9312117e22ffc1c470f0e34e25411ad22,0ac88606f87e0f876049d23b1e9946a9312117e22ffc1c470f0e34e25411ad22,,CANONICAL,SEE_CORPUS_SUMMARY_GRAIN,,,true,Notice of Assessment of Penalties,penalty_letter,INDEX_METADATA,index_action,,,,,,,,false,true,2026,Aspen Hills Healthcare Center
nj-doh-enforcement-0129,https://www.nj.gov/health/healthfacilities/surveys-insp/enforcement_actions.shtml,/health/healthfacilities/surveys-insp/ea-complete-care-at-bey-lea-05202026.pdf,https://www.nj.gov/health/healthfacilities/surveys-insp/ea-complete-care-at-bey-lea-05202026.pdf,EXISTING_HASH_VERIFIED,77532c4b4a5afdcb35b40aa17a28f84200152fd4d153d95493b81ce68e9a0b16,77532c4b4a5afdcb35b40aa17a28f84200152fd4d153d95493b81ce68e9a0b16,,CANONICAL,SEE_CORPUS_SUMMARY_GRAIN,,,true,Revised Notice of Assessment of Penalties,penalty_letter,INDEX_METADATA,index_action,,,,,,,,false,true,2026,Complete Care at Bey Lea
nj-doh-enforcement-0130,https://www.nj.gov/health/healthfacilities/surveys-insp/enforcement_actions.shtml,/health/healthfacilities/surveys-insp/ea-bishop-mccarthy-center-for-rehab-and-healthcare-05202026.pdf,https://www.nj.gov/health/healthfacilities/surveys-insp/ea-bishop-mccarthy-center-for-rehab-and-healthcare-05202026.pdf,EXISTING_HASH_VERIFIED,67bead9e5ad2b33e4e05c20b5f503afd6d739e527c8d193295c494750d5b2eaf,67bead9e5ad2b33e4e05c20b5f503afd6d739e527c8d193295c494750d5b2eaf,,CANONICAL,SEE_CORPUS_SUMMARY_GRAIN,,,true,Revised Notice of Assessment of Penalties,penalty_letter,INDEX_METADATA,index_action,,,,,,,,false,true,2026,Bishop McCarthy Center for Rehab and Healthcare
nj-doh-enforcement-0131,https://www.nj.gov/health/healthfacilities/surveys-insp/enforcement_actions.shtml,/health/healthfacilities/surveys-insp/ea-complete-care-at-bayshore-05182026.pdf,https://www.nj.gov/health/healthfacilities/surveys-insp/ea-complete-care-at-bayshore-05182026.pdf,EXISTING_HASH_VERIFIED,cb29328d2e491a02117376e69d842c710213568664988f7bff0c5285b4f25c3d,cb29328d2e491a02117376e69d842c710213568664988f7bff0c5285b4f25c3d,,CANONICAL,SEE_CORPUS_SUMMARY_GRAIN,,,true,Notice of Assessment of Penalties,penalty_letter,INDEX_METADATA,index_action,,,,,,,,false,true,2026,Complete Care at Bayshore
nj-doh-enforcement-0132,https://www.nj.gov/health/healthfacilities/surveys-insp/enforcement_actions.shtml,/health/healthfacilities/surveys-insp/ea-complete-care-at-voorhees-llc-05182026.pdf,https://www.nj.gov/health/healthfacilities/surveys-insp/ea-complete-care-at-voorhees-llc-05182026.pdf,EXISTING_HASH_VERIFIED,b8c60f223a96590f3f13c9a9d82393bc2273221deb6ce6dd62ce20d0240289f5,b8c60f223a96590f3f13c9a9d82393bc2273221deb6ce6dd62ce20d0240289f5,,CANONICAL,SEE_CORPUS_SUMMARY_GRAIN,,,true,Revised Notice of Assessment of Penalties,penalty_letter,INDEX_METADATA,index_action,,,,,,,,false,true,2026,Complete Care at Voorhees LLC
nj-doh-enforcement-0133,https://www.nj.gov/health/healthfacilities/surveys-insp/enforcement_actions.shtml,/health/healthfacilities/surveys-insp/EA-Hunterdon-Care-Center-05152026.pdf,https://www.nj.gov/health/healthfacilities/surveys-insp/EA-Hunterdon-Care-Center-05152026.pdf,EXISTING_HASH_VERIFIED,866e5df2b89c39f89b8881e4c1e4c6adbba5f2c856deabcf3c1ff4ca360174ef,866e5df2b89c39f89b8881e4c1e4c6adbba5f2c856deabcf3c1ff4ca360174ef,,CANONICAL,SEE_CORPUS_SUMMARY_GRAIN,,,true,Notice of Assessment of Penalties,penalty_letter,INDEX_METADATA,index_action,,,,,,,,false,true,2026,Hunterdon Care Center
nj-doh-enforcement-0134,https://www.nj.gov/health/healthfacilities/surveys-insp/enforcement_actions.shtml,/health/healthfacilities/surveys-insp/EA-CareOne-at-Valley-05152026.pdf,https://www.nj.gov/health/healthfacilities/surveys-insp/EA-CareOne-at-Valley-05152026.pdf,EXISTING_HASH_VERIFIED,beba15699d7b8411c9a1e20605261dfba9afd2f67de770e1244dce76d8b261ed,beba15699d7b8411c9a1e20605261dfba9afd2f67de770e1244dce76d8b261ed,,CANONICAL,SEE_CORPUS_SUMMARY_GRAIN,,,true,Notice of Assessment of Penalties,penalty_letter,INDEX_METADATA,index_action,,,,,,,,false,true,2026,CareOne at Valley
nj-doh-enforcement-0135,https://www.nj.gov/health/healthfacilities/surveys-insp/enforcement_actions.shtml,/health/healthfacilities/surveys-insp/EA-Allendale-Rehab-and-Healthcare-05152026.pdf,https://www.nj.gov/health/healthfacilities/surveys-insp/EA-Allendale-Rehab-and-Healthcare-05152026.pdf,EXISTING_HASH_VERIFIED,22e4b203b48b6ba400689ab70739e44b9b38e2d68711786b3bf61f68f0e1ac2f,22e4b203b48b6ba400689ab70739e44b9b38e2d68711786b3bf61f68f0e1ac2f,,CANONICAL,SEE_CORPUS_SUMMARY_GRAIN,,,true,Notice of Assessment of Penalties,penalty_letter,INDEX_METADATA,index_action,,,,,,,,false,true,2026,Allendale Rehab and Healthcare
nj-doh-enforcement-0136,https://www.nj.gov/health/healthfacilities/surveys-insp/enforcement_actions.shtml,/health/healthfacilities/surveys-insp/EA-The-Subacute-at-Autumn-Lake-Healthcare-05142026.pdf,https://www.nj.gov/health/healthfacilities/surveys-insp/EA-The-Subacute-at-Autumn-Lake-Healthcare-05142026.pdf,EXISTING_HASH_VERIFIED,7bc5fad8109c18b07fd75e70e2dc7dd58e0aa53c8f6728249e28e0487155bb45,7bc5fad8109c18b07fd75e70e2dc7dd58e0aa53c8f6728249e28e0487155bb45,,CANONICAL,SEE_CORPUS_SUMMARY_GRAIN,,,true,Notice of Assessment of Penalties,penalty_letter,INDEX_METADATA,index_action,,,,,,,,false,true,2026,The Subacute at Autumn Lake Healthcare
nj-doh-enforcement-0137,https://www.nj.gov/health/healthfacilities/surveys-insp/enforcement_actions.shtml,/health/healthfacilities/surveys-insp/EA-Premier-Cadbury-of-Cherry-Hill-X26182-05142026.pdf,https://www.nj.gov/health/healthfacilities/surveys-insp/EA-Premier-Cadbury-of-Cherry-Hill-X26182-05142026.pdf,EXISTING_HASH_VERIFIED,e3bb1679344a215df48d3dddeeea8196182eaa30b517bc840e1cfe53e97edccd,e3bb1679344a215df48d3dddeeea8196182eaa30b517bc840e1cfe53e97edccd,,CANONICAL,SEE_CORPUS_SUMMARY_GRAIN,,,true,Notice of Assessment of Penalties,penalty_letter,INDEX_METADATA,index_action,,,,,,,,false,true,2026,Premier Cadbury of Cherry Hill
nj-doh-enforcement-0138,https://www.nj.gov/health/healthfacilities/surveys-insp/enforcement_actions.shtml,/health/healthfacilities/surveys-insp/EA-Oakland-Rehab-and-Healthcare-05142026.pdf,https://www.nj.gov/health/healthfacilities/surveys-insp/EA-Oakland-Rehab-and-Healthcare-05142026.pdf,EXISTING_HASH_VERIFIED,94477be51bb26534a6f827f8597d156f44000b12eed25235ec2734412e496df3,94477be51bb26534a6f827f8597d156f44000b12eed25235ec2734412e496df3,,CANONICAL,SEE_CORPUS_SUMMARY_GRAIN,,,true,Notice of Assessment of Penalties,penalty_letter,INDEX_METADATA,index_action,,,,,,,,false,true,2026,Oakland Rehab and Healthcare
nj-doh-enforcement-0139,https://www.nj.gov/health/healthfacilities/surveys-insp/enforcement_actions.shtml,/health/healthfacilities/surveys-insp/EA-Aristacare-at-Cedar-Oaks-05142026.pdf,https://www.nj.gov/health/healthfacilities/surveys-insp/EA-Aristacare-at-Cedar-Oaks-05142026.pdf,EXISTING_HASH_VERIFIED,99fdae5dfeccdf389cac8cd9fe05ea7d9308b97fc1fc5a8792de79ae5c6aae6e,99fdae5dfeccdf389cac8cd9fe05ea7d9308b97fc1fc5a8792de79ae5c6aae6e,,CANONICAL,SEE_CORPUS_SUMMARY_GRAIN,,,true,Notice of Assessment of Penalties,penalty_letter,INDEX_METADATA,index_action,,,,,,,,false,true,2026,Aristacare at Cedar Oaks
nj-doh-enforcement-0140,https://www.nj.gov/health/healthfacilities/surveys-insp/enforcement_actions.shtml,/health/healthfacilities/surveys-insp/EA-Premier-Cadbury-of-Cherry-Hill-X26181-05142026.pdf,https://www.nj.gov/health/healthfacilities/surveys-insp/EA-Premier-Cadbury-of-Cherry-Hill-X26181-05142026.pdf,EXISTING_HASH_VERIFIED,83ac844249ee6db2a26293c4cbf82593db7c13223bfa3f8e2ca3f6e6ec5d3a4d,83ac844249ee6db2a26293c4cbf82593db7c13223bfa3f8e2ca3f6e6ec5d3a4d,,CANONICAL,SEE_CORPUS_SUMMARY_GRAIN,,,true,Notice of Assessment of Penalties,penalty_letter,INDEX_METADATA,index_action,,,,,,,,false,true,2026,Premier Cadbury of Cherry Hill
nj-doh-enforcement-0141,https://www.nj.gov/health/healthfacilities/surveys-insp/enforcement_actions.shtml,/health/healthfacilities/surveys-insp/EA-Complete-Care-at-Barn-Hill-05142026.pdf,https://www.nj.gov/health/healthfacilities/surveys-insp/EA-Complete-Care-at-Barn-Hill-05142026.pdf,EXISTING_HASH_VERIFIED,e9a1d896f64392a7d38a50d5cbc62befdfcd23d96ebc31ea196aa864cd092af3,e9a1d896f64392a7d38a50d5cbc62befdfcd23d96ebc31ea196aa864cd092af3,,CANONICAL,SEE_CORPUS_SUMMARY_GRAIN,,,true,Notice of Assessment of Penalties,penalty_letter,INDEX_METADATA,index_action,,,,,,,,false,true,2026,Complete Care at Barn Hill
nj-doh-enforcement-0142,https://www.nj.gov/health/healthfacilities/surveys-insp/enforcement_actions.shtml,/health/healthfacilities/surveys-insp/EA-Wynwood-Rehab-and-Healthcare-05132026.pdf,https://www.nj.gov/health/healthfacilities/surveys-insp/EA-Wynwood-Rehab-and-Healthcare-05132026.pdf,EXISTING_HASH_VERIFIED,329958308cc99a91815caa3aca488d74a9c23bbaa47f8a1b4f1d5c6686575e7e,329958308cc99a91815caa3aca488d74a9c23bbaa47f8a1b4f1d5c6686575e7e,,CANONICAL,SEE_CORPUS_SUMMARY_GRAIN,,,true,Notice of Assessment of Penalties,penalty_letter,INDEX_METADATA,index_action,,,,,,,,false,true,2026,Wynwood Rehab and Healthcare
nj-doh-enforcement-0143,https://www.nj.gov/health/healthfacilities/surveys-insp/enforcement_actions.shtml,/health/healthfacilities/surveys-insp/EA-Trenton-Gardens-Rehab-and-Nursing-05132026.pdf,https://www.nj.gov/health/healthfacilities/surveys-insp/EA-Trenton-Gardens-Rehab-and-Nursing-05132026.pdf,EXISTING_HASH_VERIFIED,754c04e2e51d1d70a6822872d2df828092be3451294ebe87ea2c5325cdadfd03,754c04e2e51d1d70a6822872d2df828092be3451294ebe87ea2c5325cdadfd03,,CANONICAL,SEE_CORPUS_SUMMARY_GRAIN,,,true,Notice of Assessment of Penalties,penalty_letter,INDEX_METADATA,index_action,,,,,,,,false,true,2026,Trenton Gardens Rehab and Nursing
nj-doh-enforcement-0144,https://www.nj.gov/health/healthfacilities/surveys-insp/enforcement_actions.shtml,/health/healthfacilities/surveys-insp/EA-The-Elms-Rehab-and-Healthcare-Center-of-Cranbury-05132026.pdf,https://www.nj.gov/health/healthfacilities/surveys-insp/EA-The-Elms-Rehab-and-Healthcare-Center-of-Cranbury-05132026.pdf,EXISTING_HASH_VERIFIED,4b1b3e29fb913c30ce679db80385af8c127e534bfa763e2d704d3484103949dc,4b1b3e29fb913c30ce679db80385af8c127e534bfa763e2d704d3484103949dc,,CANONICAL,SEE_CORPUS_SUMMARY_GRAIN,,,true,Notice of Assessment of Penalties,penalty_letter,INDEX_METADATA,index_action,,,,,,,,false,true,2026,The Elms Rehab and Healthcare Center of Cranbury
nj-doh-enforcement-0145,https://www.nj.gov/health/healthfacilities/surveys-insp/enforcement_actions.shtml,/health/healthfacilities/surveys-insp/EA-Aristacare-at-Parkside-05132026.pdf,https://www.nj.gov/health/healthfacilities/surveys-insp/EA-Aristacare-at-Parkside-05132026.pdf,EXISTING_HASH_VERIFIED,6c1336760696618153fac92e3f314ddd9fb8d8ad9398ab18232d9f662157352a,6c1336760696618153fac92e3f314ddd9fb8d8ad9398ab18232d9f662157352a,,CANONICAL,SEE_CORPUS_SUMMARY_GRAIN,,,true,Notice of Assessment of Penalties,penalty_letter,INDEX_METADATA,index_action,,,,,,,,false,true,2026,Aristacare at Parkside
nj-doh-enforcement-0146,https://www.nj.gov/health/healthfacilities/surveys-insp/enforcement_actions.shtml,/health/healthfacilities/surveys-insp/EA-Sinai-Post-Acute-Nursing-and-Rehab-Center-05132026.pdf,https://www.nj.gov/health/healthfacilities/surveys-insp/EA-Sinai-Post-Acute-Nursing-and-Rehab-Center-05132026.pdf,EXISTING_HASH_VERIFIED,97ea9ee8aba684dc3e9fe652443d768fe4a44826035225913a14a690728864a8,97ea9ee8aba684dc3e9fe652443d768fe4a44826035225913a14a690728864a8,,CANONICAL,SEE_CORPUS_SUMMARY_GRAIN,,,true,Notice of Assessment of Penalties,penalty_letter,INDEX_METADATA,index_action,,,,,,,,false,true,2026,Sinai Post Acute Nursing and Rehab Center
nj-doh-enforcement-0147,https://www.nj.gov/health/healthfacilities/surveys-insp/enforcement_actions.shtml,/health/healthfacilities/surveys-insp/EA-Hunterdon-Care-Center-05132026.pdf,https://www.nj.gov/health/healthfacilities/surveys-insp/EA-Hunterdon-Care-Center-05132026.pdf,EXISTING_HASH_VERIFIED,0332ddc998dd1279eddc3821ccde81619bcc6c0a9d95ce1d4562acf8d25a5266,0332ddc998dd1279eddc3821ccde81619bcc6c0a9d95ce1d4562acf8d25a5266,,CANONICAL,SEE_CORPUS_SUMMARY_GRAIN,,,true,Revised Notice of Assessment of Penalties,penalty_letter,INDEX_METADATA,index_action,,,,,,,,false,true,2026,Hunterdon Care Center
nj-doh-enforcement-0148,https://www.nj.gov/health/healthfacilities/surveys-insp/enforcement_actions.shtml,/health/healthfacilities/surveys-insp/EA-Riverside-Health-and-Rehabilitation-Center-05122026.pdf,https://www.nj.gov/health/healthfacilities/surveys-insp/EA-Riverside-Health-and-Rehabilitation-Center-05122026.pdf,EXISTING_HASH_VERIFIED,ae029dffaee2ea69a500a98206cd120bac9be846ce9cfe70a5f266cfaf2020d9,ae029dffaee2ea69a500a98206cd120bac9be846ce9cfe70a5f266cfaf2020d9,,CANONICAL,SEE_CORPUS_SUMMARY_GRAIN,,,true,Notice of Assessment of Penalties,penalty_letter,INDEX_METADATA,index_action,,,,,,,,false,true,2026,Riverside Health and Rehabilitation Center
nj-doh-enforcement-0149,https://www.nj.gov/health/healthfacilities/surveys-insp/enforcement_actions.shtml,/health/healthfacilities/surveys-insp/EA-Complete-Care-at-Westfield-05122026.pdf,https://www.nj.gov/health/healthfacilities/surveys-insp/EA-Complete-Care-at-Westfield-05122026.pdf,EXISTING_HASH_VERIFIED,01607bd98ea9ac2cbd4aaf63129502f0e0c8103887f831af5c2595d1452de6ea,01607bd98ea9ac2cbd4aaf63129502f0e0c8103887f831af5c2595d1452de6ea,,CANONICAL,SEE_CORPUS_SUMMARY_GRAIN,,,true,Notice of Assessment of Penalties,penalty_letter,INDEX_METADATA,index_action,,,,,,,,false,true,2026,Complete Care at Westfield
nj-doh-enforcement-0150,https://www.nj.gov/health/healthfacilities/surveys-insp/enforcement_actions.shtml,/health/healthfacilities/surveys-insp/EA-Excel-Care-at-Manalapan-05122026.pdf,https://www.nj.gov/health/healthfacilities/surveys-insp/EA-Excel-Care-at-Manalapan-05122026.pdf,EXISTING_HASH_VERIFIED,2248c6240548a685d1528abfded0909b15c080223e226b5786ebc0e1ba1f5514,2248c6240548a685d1528abfded0909b15c080223e226b5786ebc0e1ba1f5514,,CANONICAL,SEE_CORPUS_SUMMARY_GRAIN,,,true,Notice of Assessment of Penalties,penalty_letter,INDEX_METADATA,index_action,,,,,,,,false,true,2026,Excel Care at Manalapan
nj-doh-enforcement-0151,https://www.nj.gov/health/healthfacilities/surveys-insp/enforcement_actions.shtml,/health/healthfacilities/surveys-insp/EA-Homestead-Rehabilitation-And-Health-Care-Center-05122026.pdf,https://www.nj.gov/health/healthfacilities/surveys-insp/EA-Homestead-Rehabilitation-And-Health-Care-Center-05122026.pdf,EXISTING_HASH_VERIFIED,51bb2ca89f0e187f7302f5a753a3705f751c592a71b1f0c845b4e7bf5e668866,51bb2ca89f0e187f7302f5a753a3705f751c592a71b1f0c845b4e7bf5e668866,,CANONICAL,SEE_CORPUS_SUMMARY_GRAIN,,,true,Curtailment of Admissions and Readmissions Order Directed Plan of Correction (DPOC),admission_curtailment,INDEX_METADATA,index_action,,,,,,,,false,true,2026,Homestead Rehabilitation And Health Care Center
nj-doh-enforcement-0152,https://www.nj.gov/health/healthfacilities/surveys-insp/enforcement_actions.shtml,/health/healthfacilities/surveys-insp/EA-Sinai-Post-Acute-Nursing-and-Rehab-Center-05112026.pdf,https://www.nj.gov/health/healthfacilities/surveys-insp/EA-Sinai-Post-Acute-Nursing-and-Rehab-Center-05112026.pdf,EXISTING_HASH_VERIFIED,ac763c07b6163506d72a4f990912e397682b8cf40b761764b8ce5020ae6d9fba,ac763c07b6163506d72a4f990912e397682b8cf40b761764b8ce5020ae6d9fba,,CANONICAL,SEE_CORPUS_SUMMARY_GRAIN,,,true,Revised Notice of Assessment of Penalties,penalty_letter,INDEX_METADATA,index_action,,,,,,,,false,true,2026,Sinai Post Acute Nursing and Rehab Center
nj-doh-enforcement-0153,https://www.nj.gov/health/healthfacilities/surveys-insp/enforcement_actions.shtml,/health/healthfacilities/surveys-insp/EA-Regency-Heritage-Nursing-And-Rehabilitation-Center-05112026.pdf,https://www.nj.gov/health/healthfacilities/surveys-insp/EA-Regency-Heritage-Nursing-And-Rehabilitation-Center-05112026.pdf,EXISTING_HASH_VERIFIED,91ce41b9d7a7bd14b5d4d1ca0409adf9c32a801f822a9a27d62629e571206bb9,91ce41b9d7a7bd14b5d4d1ca0409adf9c32a801f822a9a27d62629e571206bb9,,CANONICAL,SEE_CORPUS_SUMMARY_GRAIN,,,true,Notice of Assessment of Penalties,penalty_letter,INDEX_METADATA,index_action,,,,,,,,false,true,2026,Regency Heritage Nursing And Rehabilitation Center
nj-doh-enforcement-0154,https://www.nj.gov/health/healthfacilities/surveys-insp/enforcement_actions.shtml,/health/healthfacilities/surveys-insp/Revised-Notice-of-Assessment-of-Penalties-Windmere-05072026.pdf,https://www.nj.gov/health/healthfacilities/surveys-insp/Revised-Notice-of-Assessment-of-Penalties-Windmere-05072026.pdf,EXISTING_HASH_VERIFIED,824906fa2a4c509e45478abac68d50879cd73a8f9c27c0faf4093440befc7346,824906fa2a4c509e45478abac68d50879cd73a8f9c27c0faf4093440befc7346,,CANONICAL,SEE_CORPUS_SUMMARY_GRAIN,,,true,Revised Notice of Assessment of Penalties,penalty_letter,INDEX_METADATA,index_action,,,,,,,,false,true,2026,Windmere
nj-doh-enforcement-0155,https://www.nj.gov/health/healthfacilities/surveys-insp/enforcement_actions.shtml,/health/healthfacilities/surveys-insp/EA-Revised-Autumn-Lake-Healthcare-at-Oceanview-05072026.pdf,https://www.nj.gov/health/healthfacilities/surveys-insp/EA-Revised-Autumn-Lake-Healthcare-at-Oceanview-05072026.pdf,EXISTING_HASH_VERIFIED,76ab4df6eab81b70c42ec9682dfb9d268cec66a1f1b0341e79e5e59e595550d8,76ab4df6eab81b70c42ec9682dfb9d268cec66a1f1b0341e79e5e59e595550d8,,CANONICAL,SEE_CORPUS_SUMMARY_GRAIN,,,true,Revised Notice of Assessment of Penalties,penalty_letter,INDEX_METADATA,index_action,,,,,,,,false,true,2026,Autumn Lake Healthcare at Oceanview
nj-doh-enforcement-0156,https://www.nj.gov/health/healthfacilities/surveys-insp/enforcement_actions.shtml,/health/healthfacilities/surveys-insp/ea-revised-wynwood-rehabilitation-and-healthcare-center-05072026.pdf,https://www.nj.gov/health/healthfacilities/surveys-insp/ea-revised-wynwood-rehabilitation-and-healthcare-center-05072026.pdf,EXISTING_HASH_VERIFIED,b675ce5e8230e375528edd6d62d0800a4b9785cc4c32b7d0195319169df46a0f,b675ce5e8230e375528edd6d62d0800a4b9785cc4c32b7d0195319169df46a0f,b675ce5e8230e375528edd6d62d0800a4b9785cc4c32b7d0195319169df46a0f,CANONICAL,SEE_CORPUS_SUMMARY_GRAIN,,,true,Notice of Assessment of Penalties,penalty_letter,INDEX_METADATA,index_action,,,,,,,,false,true,2026,Wynwood Rehabilitation and Healthcare Center
nj-doh-enforcement-0157,https://www.nj.gov/health/healthfacilities/surveys-insp/enforcement_actions.shtml,/health/healthfacilities/surveys-insp/EA-Reformed-Church-Home-05062026.pdf,https://www.nj.gov/health/healthfacilities/surveys-insp/EA-Reformed-Church-Home-05062026.pdf,EXISTING_HASH_VERIFIED,4ee6c04529b4947766d7a44584575966fef92205f2a9f75f10b00536f3a3492d,4ee6c04529b4947766d7a44584575966fef92205f2a9f75f10b00536f3a3492d,,CANONICAL,SEE_CORPUS_SUMMARY_GRAIN,,,true,Notice of Assessment of Penalties,penalty_letter,INDEX_METADATA,index_action,,,,,,,,false,true,2026,Reformed Church Home
nj-doh-enforcement-0158,https://www.nj.gov/health/healthfacilities/surveys-insp/enforcement_actions.shtml,/health/healthfacilities/surveys-insp/EA-Optima-Care-Fountains-05062026.pdf,https://www.nj.gov/health/healthfacilities/surveys-insp/EA-Optima-Care-Fountains-05062026.pdf,EXISTING_HASH_VERIFIED,93d8b2fd30d06a1e0837a20e099b396bb3df7cdea20e92eefdfb3e1223e7c133,93d8b2fd30d06a1e0837a20e099b396bb3df7cdea20e92eefdfb3e1223e7c133,,CANONICAL,SEE_CORPUS_SUMMARY_GRAIN,,,true,Notice of Assessment of Penalties,penalty_letter,INDEX_METADATA,index_action,,,,,,,,false,true,2026,Optima Care Fountains
nj-doh-enforcement-0159,https://www.nj.gov/health/healthfacilities/surveys-insp/enforcement_actions.shtml,/health/healthfacilities/surveys-insp/EA-New-Vista-Nursing-and-Rehab-Center-05062026.pdf,https://www.nj.gov/health/healthfacilities/surveys-insp/EA-New-Vista-Nursing-and-Rehab-Center-05062026.pdf,EXISTING_HASH_VERIFIED,f9d8559935265aa2a42d9d6d916c1f25e21a3e0a4b15a7127c3a6bcb71bc811e,f9d8559935265aa2a42d9d6d916c1f25e21a3e0a4b15a7127c3a6bcb71bc811e,,CANONICAL,SEE_CORPUS_SUMMARY_GRAIN,,,true,Notice of Assessment of Penalties,penalty_letter,INDEX_METADATA,index_action,,,,,,,,false,true,2026,New Vista Nursing and Rehab Center
nj-doh-enforcement-0160,https://www.nj.gov/health/healthfacilities/surveys-insp/enforcement_actions.shtml,/health/healthfacilities/surveys-insp/EA-Broadway-House-for-Continuing-Care-05062026.pdf,https://www.nj.gov/health/healthfacilities/surveys-insp/EA-Broadway-House-for-Continuing-Care-05062026.pdf,EXISTING_HASH_VERIFIED,e60d90b5c4245d3b6e6985cca0f3a151f79f6b5471dfe465cf9d6d6704e3be36,e60d90b5c4245d3b6e6985cca0f3a151f79f6b5471dfe465cf9d6d6704e3be36,,CANONICAL,SEE_CORPUS_SUMMARY_GRAIN,,,true,Notice of Assessment of Penalties,penalty_letter,INDEX_METADATA,index_action,,,,,,,,false,true,2026,Broadway House for Continuing Care
nj-doh-enforcement-0161,https://www.nj.gov/health/healthfacilities/surveys-insp/enforcement_actions.shtml,/health/healthfacilities/surveys-insp/EA-Autumn-Lake-Healthcare-at-Old-Bridge-05062026.pdf,https://www.nj.gov/health/healthfacilities/surveys-insp/EA-Autumn-Lake-Healthcare-at-Old-Bridge-05062026.pdf,EXISTING_HASH_VERIFIED,5cbe42a0c18ed3da07b8839ffeba467eba009e6a83336ab0d24ec8944b25bf42,5cbe42a0c18ed3da07b8839ffeba467eba009e6a83336ab0d24ec8944b25bf42,,CANONICAL,SEE_CORPUS_SUMMARY_GRAIN,,,true,Notice of Assessment of Penalties,penalty_letter,INDEX_METADATA,index_action,,,,,,,,false,true,2026,Autumn Lake Healthcare at Old Bridge
nj-doh-enforcement-0162,https://www.nj.gov/health/healthfacilities/surveys-insp/enforcement_actions.shtml,/health/healthfacilities/surveys-insp/EA-Amended-CareOne-at-Parsippany-05062026.pdf,https://www.nj.gov/health/healthfacilities/surveys-insp/EA-Amended-CareOne-at-Parsippany-05062026.pdf,EXISTING_HASH_VERIFIED,b102c161a1f085376f535df3ec58d03acbc829c8853b7cfc9e30f736003aa1c4,b102c161a1f085376f535df3ec58d03acbc829c8853b7cfc9e30f736003aa1c4,,CANONICAL,SEE_CORPUS_SUMMARY_GRAIN,,,true,Amended Notice of Assessment of Penalties,penalty_letter,INDEX_METADATA,index_action,,,,,,,,false,true,2026,CareOne at Parsippany
nj-doh-enforcement-0163,https://www.nj.gov/health/healthfacilities/surveys-insp/enforcement_actions.shtml,/health/healthfacilities/surveys-insp/EA-Jewish-Home-For-Rehabilitation-and-Nursing-05062026.pdf,https://www.nj.gov/health/healthfacilities/surveys-insp/EA-Jewish-Home-For-Rehabilitation-and-Nursing-05062026.pdf,EXISTING_HASH_VERIFIED,f7e441bc7a37ac43b6648461d7b5291b4f42a25118a84d09dfb62b250481d596,f7e441bc7a37ac43b6648461d7b5291b4f42a25118a84d09dfb62b250481d596,,CANONICAL,SEE_CORPUS_SUMMARY_GRAIN,,,true,Notice of Assessment of Penalties,penalty_letter,INDEX_METADATA,index_action,,,,,,,,false,true,2026,Jewish Home For Rehabilitation and Nursing
nj-doh-enforcement-0164,https://www.nj.gov/health/healthfacilities/surveys-insp/enforcement_actions.shtml,/health/healthfacilities/surveys-insp/EA-CareOne-at-Parsippany-05062026.pdf,https://www.nj.gov/health/healthfacilities/surveys-insp/EA-CareOne-at-Parsippany-05062026.pdf,EXISTING_HASH_VERIFIED,2aa47ad7c6113ace3151e9d558daca4250a8721ffee928a8d8012e65dafb2498,2aa47ad7c6113ace3151e9d558daca4250a8721ffee928a8d8012e65dafb2498,,CANONICAL,SEE_CORPUS_SUMMARY_GRAIN,,,true,Notice of Assessment of Penalties,penalty_letter,INDEX_METADATA,index_action,,,,,,,,false,true,2026,CareOne at Parsippany
nj-doh-enforcement-0165,https://www.nj.gov/health/healthfacilities/surveys-insp/enforcement_actions.shtml,/health/healthfacilities/surveys-insp/EA-Fox-Trail-Memory-Care-Living-Greenbrook-05052026.pdf,https://www.nj.gov/health/healthfacilities/surveys-insp/EA-Fox-Trail-Memory-Care-Living-Greenbrook-05052026.pdf,EXISTING_HASH_VERIFIED,ca1fd836be32c7f1a2ca485b8102647de59b15af556fb721f3b7c34f2022f682,ca1fd836be32c7f1a2ca485b8102647de59b15af556fb721f3b7c34f2022f682,,CANONICAL,SEE_CORPUS_SUMMARY_GRAIN,,,true,"Amended Curtailment of all Admissions and Readmissions, Directed Plan of Correction, and Suspension of CMA Program",other_expressly_identified_njdoh_action,INDEX_METADATA,index_action,,,,,,,,false,true,2026,Fox Trail Memory Care Living Greenbrook
nj-doh-enforcement-0166,https://www.nj.gov/health/healthfacilities/surveys-insp/enforcement_actions.shtml,/health/healthfacilities/surveys-insp/EA-Brookhaven-Healthcare-Center-05052026.pdf,https://www.nj.gov/health/healthfacilities/surveys-insp/EA-Brookhaven-Healthcare-Center-05052026.pdf,EXISTING_HASH_VERIFIED,cc8bab6276829a9ddde61245ad3f3653baba4ccdbcc01e180bc06c3e822fd184,cc8bab6276829a9ddde61245ad3f3653baba4ccdbcc01e180bc06c3e822fd184,,CANONICAL,SEE_CORPUS_SUMMARY_GRAIN,,,true,Notice of Assessment of Penalties,penalty_letter,INDEX_METADATA,index_action,,,,,,,,false,true,2026,Brookhaven Healthcare Center
nj-doh-enforcement-0167,https://www.nj.gov/health/healthfacilities/surveys-insp/enforcement_actions.shtml,/health/healthfacilities/surveys-insp/EA-Barclays-Rehabilitation-and-Health-Care-05052026.pdf,https://www.nj.gov/health/healthfacilities/surveys-insp/EA-Barclays-Rehabilitation-and-Health-Care-05052026.pdf,EXISTING_HASH_VERIFIED,59af42bfaf9801266c43f323b7ec68afc15298076efe05c669f36110cda40d5f,59af42bfaf9801266c43f323b7ec68afc15298076efe05c669f36110cda40d5f,,CANONICAL,SEE_CORPUS_SUMMARY_GRAIN,,,true,Notice of Assessment of Penalties,penalty_letter,INDEX_METADATA,index_action,,,,,,,,false,true,2026,Barclays Rehabilitation and Health Care
nj-doh-enforcement-0168,https://www.nj.gov/health/healthfacilities/surveys-insp/enforcement_actions.shtml,/health/healthfacilities/surveys-insp/EA-Complete-Care-at-Fair-Lawn-Edge-05052026.pdf,https://www.nj.gov/health/healthfacilities/surveys-insp/EA-Complete-Care-at-Fair-Lawn-Edge-05052026.pdf,EXISTING_HASH_VERIFIED,e7e57b8a284084fbd7cfba632fe29e2917206a7e31bb21a047a58a9d95e0ccf3,e7e57b8a284084fbd7cfba632fe29e2917206a7e31bb21a047a58a9d95e0ccf3,,CANONICAL,SEE_CORPUS_SUMMARY_GRAIN,,,true,Notice of Assessment of Penalties,penalty_letter,INDEX_METADATA,index_action,,,,,,,,false,true,2026,Complete Care at Fair Lawn Edge
nj-doh-enforcement-0169,https://www.nj.gov/health/healthfacilities/surveys-insp/enforcement_actions.shtml,/health/healthfacilities/surveys-insp/EA-Fox-Trail-Memory-Care-Living-Greenbrook-05042026.pdf,https://www.nj.gov/health/healthfacilities/surveys-insp/EA-Fox-Trail-Memory-Care-Living-Greenbrook-05042026.pdf,EXISTING_HASH_VERIFIED,007c1b8d1a71827e20e5eb318ca13d904560220c79e6e3aab76f3556f6d4ccfa,007c1b8d1a71827e20e5eb318ca13d904560220c79e6e3aab76f3556f6d4ccfa,,CANONICAL,SEE_CORPUS_SUMMARY_GRAIN,,,true,"Curtailment of all Admissions and Readmissions, Directed Plan of Correction, and Suspension of CMA Program",other_expressly_identified_njdoh_action,INDEX_METADATA,index_action,,,,,,,,false,true,2026,Fox Trail Memory Care Living Greenbrook
nj-doh-enforcement-0170,https://www.nj.gov/health/healthfacilities/surveys-insp/enforcement_actions.shtml,/health/healthfacilities/surveys-insp/EA-Manahawkin-Health-and-Rehabilitation-Center-05042026.pdf,https://www.nj.gov/health/healthfacilities/surveys-insp/EA-Manahawkin-Health-and-Rehabilitation-Center-05042026.pdf,EXISTING_HASH_VERIFIED,9aea5453f1b4b7142f6a64a020eb74abb3ad8fa2dcb57a1606224ab2af308d49,9aea5453f1b4b7142f6a64a020eb74abb3ad8fa2dcb57a1606224ab2af308d49,,CANONICAL,SEE_CORPUS_SUMMARY_GRAIN,,,true,Order Lifting Directed Plan of Correction,directed_plan_of_correction,INDEX_METADATA,index_action,,,,,,,,false,true,2026,Manahawkin Health and Rehabilitation Center
nj-doh-enforcement-0171,https://www.nj.gov/health/healthfacilities/surveys-insp/enforcement_actions.shtml,/health/healthfacilities/surveys-insp/EA-Cherry-Hill-Womens-Center-04302026.pdf,https://www.nj.gov/health/healthfacilities/surveys-insp/EA-Cherry-Hill-Womens-Center-04302026.pdf,EXISTING_HASH_VERIFIED,b924bc7a8fe4d701d6c523fa1d5785386ee4903504240c4d1c59d7081d43b982,b924bc7a8fe4d701d6c523fa1d5785386ee4903504240c4d1c59d7081d43b982,,CANONICAL,SEE_CORPUS_SUMMARY_GRAIN,,,true,Notice of Directed Plan of Correction,directed_plan_of_correction,INDEX_METADATA,index_action,,,,,,,,false,true,2026,Cherry Hill Women's Center
nj-doh-enforcement-0172,https://www.nj.gov/health/healthfacilities/surveys-insp/enforcement_actions.shtml,/health/healthfacilities/surveys-insp/EA-CareOne-at-Wayne-04302026.pdf,https://www.nj.gov/health/healthfacilities/surveys-insp/EA-CareOne-at-Wayne-04302026.pdf,EXISTING_HASH_VERIFIED,d1ab434e197e4c952ea96d4d25f02f05040e69b36ce58fb02072c2a024080202,d1ab434e197e4c952ea96d4d25f02f05040e69b36ce58fb02072c2a024080202,,CANONICAL,SEE_CORPUS_SUMMARY_GRAIN,,,true,Notice of Assessment of Penalties,penalty_letter,INDEX_METADATA,index_action,,,,,,,,false,true,2026,CareOne at Wayne
nj-doh-enforcement-0173,https://www.nj.gov/health/healthfacilities/surveys-insp/enforcement_actions.shtml,/health/healthfacilities/surveys-insp/EA-Vistacare-Dialysis-Center-04292026.pdf,https://www.nj.gov/health/healthfacilities/surveys-insp/EA-Vistacare-Dialysis-Center-04292026.pdf,EXISTING_HASH_VERIFIED,64cb89920bccd8dc5a5b6b8b96eec214623e7a19a812b91e5d63ecc203527c5c,64cb89920bccd8dc5a5b6b8b96eec214623e7a19a812b91e5d63ecc203527c5c,,CANONICAL,SEE_CORPUS_SUMMARY_GRAIN,,,true,"Lifting Curtailment of ESRD Admissions and Readmissions Order, and Directed Plan of Correction",admission_curtailment,INDEX_METADATA,index_action,,,,,,,,false,true,2026,Vistacare Dialysis Center
nj-doh-enforcement-0174,https://www.nj.gov/health/healthfacilities/surveys-insp/enforcement_actions.shtml,/health/healthfacilities/surveys-insp/EA-The-Palace-Rehabilitation-and-Care-Center-04292026.pdf,https://www.nj.gov/health/healthfacilities/surveys-insp/EA-The-Palace-Rehabilitation-and-Care-Center-04292026.pdf,EXISTING_HASH_VERIFIED,b1618194a0955519d9ec96433b3a91a5e635661ca00fc2a0d26277522449726f,b1618194a0955519d9ec96433b3a91a5e635661ca00fc2a0d26277522449726f,,CANONICAL,SEE_CORPUS_SUMMARY_GRAIN,,,true,Notice of Assessment of Penalties,penalty_letter,INDEX_METADATA,index_action,,,,,,,,false,true,2026,The Palace Rehabilitation and Care Center
nj-doh-enforcement-0175,https://www.nj.gov/health/healthfacilities/surveys-insp/enforcement_actions.shtml,/health/healthfacilities/surveys-insp/EA-HPI-School-of-Allied-Health-and-Annetta-Wilson-Barnett-04292026.pdf,https://www.nj.gov/health/healthfacilities/surveys-insp/EA-HPI-School-of-Allied-Health-and-Annetta-Wilson-Barnett-04292026.pdf,EXISTING_HASH_VERIFIED,5ca5c41110843bd620351fe0821b8c897fae09aa7470e8a29da9bfb74655e736,5ca5c41110843bd620351fe0821b8c897fae09aa7470e8a29da9bfb74655e736,,CANONICAL,SEE_CORPUS_SUMMARY_GRAIN,,,true,"Cease and Desist, Information Requirement and Restitution Order",other_expressly_identified_njdoh_action,INDEX_METADATA,index_action,,,,,,,,false,true,2026,HPI School of Allied Health and Annetta Wilson-Barnett
nj-doh-enforcement-0176,https://www.nj.gov/health/healthfacilities/surveys-insp/enforcement_actions.shtml,/health/healthfacilities/surveys-insp/EA-CareOne-At-Somerset-Valley-04282026.pdf,https://www.nj.gov/health/healthfacilities/surveys-insp/EA-CareOne-At-Somerset-Valley-04282026.pdf,EXISTING_HASH_VERIFIED,4dcb72e7c424cacabe5c4db196d8a7fe17267ab98ab210a7fdb973cf4684b326,4dcb72e7c424cacabe5c4db196d8a7fe17267ab98ab210a7fdb973cf4684b326,,CANONICAL,SEE_CORPUS_SUMMARY_GRAIN,,,true,Notice of Assessment of Penalties,penalty_letter,INDEX_METADATA,index_action,,,,,,,,false,true,2026,CareOne At Somerset Valley
nj-doh-enforcement-0177,https://www.nj.gov/health/healthfacilities/surveys-insp/enforcement_actions.shtml,/health/healthfacilities/surveys-insp/EA-Troy-Hills-Center-04242026.pdf,https://www.nj.gov/health/healthfacilities/surveys-insp/EA-Troy-Hills-Center-04242026.pdf,EXISTING_HASH_VERIFIED,25c24e9d5059dc64d0642f5a84e6e5eaae5ac2c5c5d8157f225331c6615c330e,25c24e9d5059dc64d0642f5a84e6e5eaae5ac2c5c5d8157f225331c6615c330e,,CANONICAL,SEE_CORPUS_SUMMARY_GRAIN,,,true,Notice of Assessment of Penalties,penalty_letter,INDEX_METADATA,index_action,,,,,,,,false,true,2026,Troy Hills Center
nj-doh-enforcement-0178,https://www.nj.gov/health/healthfacilities/surveys-insp/enforcement_actions.shtml,/health/healthfacilities/surveys-insp/EA-Excel-Care-at-The-Pines-04222026.pdf,https://www.nj.gov/health/healthfacilities/surveys-insp/EA-Excel-Care-at-The-Pines-04222026.pdf,EXISTING_HASH_VERIFIED,e259d2942d66a977c6003ef502c782389e31926077a0cb4c42ac575334a66d44,e259d2942d66a977c6003ef502c782389e31926077a0cb4c42ac575334a66d44,,CANONICAL,SEE_CORPUS_SUMMARY_GRAIN,,,true,Notice of Assessment of Penalties,penalty_letter,INDEX_METADATA,index_action,,,,,,,,false,true,2026,Excel Care at The Pines
nj-doh-enforcement-0179,https://www.nj.gov/health/healthfacilities/surveys-insp/enforcement_actions.shtml,/health/healthfacilities/surveys-insp/EA-Amended-Speciality-Surgical-Center-of-North-Brunswick-04222026.pdf,https://www.nj.gov/health/healthfacilities/surveys-insp/EA-Amended-Speciality-Surgical-Center-of-North-Brunswick-04222026.pdf,EXISTING_HASH_VERIFIED,fe54b848733e5aaa8d16a88ca118596078036ce1b77ef25716118bd8ea9a97b2,fe54b848733e5aaa8d16a88ca118596078036ce1b77ef25716118bd8ea9a97b2,,CANONICAL,SEE_CORPUS_SUMMARY_GRAIN,,,true,Amended Notice of Assessment of Penalties,penalty_letter,INDEX_METADATA,index_action,,,,,,,,false,true,2026,Speciality Surgical Center of North Brunswick
nj-doh-enforcement-0180,https://www.nj.gov/health/healthfacilities/surveys-insp/enforcement_actions.shtml,/health/healthfacilities/surveys-insp/EA-Dwellside-Care-and-Rehab-04222026.pdf,https://www.nj.gov/health/healthfacilities/surveys-insp/EA-Dwellside-Care-and-Rehab-04222026.pdf,EXISTING_HASH_VERIFIED,6539c09d7cf5b82b1d686323a1b98d91088443be862cd1f5f76d9d17fd42548b,6539c09d7cf5b82b1d686323a1b98d91088443be862cd1f5f76d9d17fd42548b,,CANONICAL,SEE_CORPUS_SUMMARY_GRAIN,,,true,Notice of Assessment of Penalties,penalty_letter,INDEX_METADATA,index_action,,,,,,,,false,true,2026,Dwellside Care and Rehab
nj-doh-enforcement-0181,https://www.nj.gov/health/healthfacilities/surveys-insp/enforcement_actions.shtml,/health/healthfacilities/surveys-insp/EA-King-Manor-Care-and-Rehabilitation-Center-04172026.pdf,https://www.nj.gov/health/healthfacilities/surveys-insp/EA-King-Manor-Care-and-Rehabilitation-Center-04172026.pdf,EXISTING_HASH_VERIFIED,24a2f369f9cc20f5d95871354c9b8774e50717702f6a282eaa464878a350e4ce,24a2f369f9cc20f5d95871354c9b8774e50717702f6a282eaa464878a350e4ce,,CANONICAL,SEE_CORPUS_SUMMARY_GRAIN,,,true,Notice of Assessment of Penalties,penalty_letter,INDEX_METADATA,index_action,,,,,,,,false,true,2026,King Manor Care and Rehabilitation Center
nj-doh-enforcement-0182,https://www.nj.gov/health/healthfacilities/surveys-insp/enforcement_actions.shtml,/health/healthfacilities/surveys-insp/EA-Country-Home-Operations-LLC-04162026.pdf,https://www.nj.gov/health/healthfacilities/surveys-insp/EA-Country-Home-Operations-LLC-04162026.pdf,EXISTING_HASH_VERIFIED,460663d86555778020b77c16148f9dd66995f572607942bb283e1b90a1387c60,460663d86555778020b77c16148f9dd66995f572607942bb283e1b90a1387c60,,CANONICAL,SEE_CORPUS_SUMMARY_GRAIN,,,true,"Order Lifting Curtailment, Directed Plan of Correction, and Suspension of CMA Program",other_expressly_identified_njdoh_action,INDEX_METADATA,index_action,,,,,,,,false,true,2026,Country Home Operations LLC
nj-doh-enforcement-0183,https://www.nj.gov/health/healthfacilities/surveys-insp/enforcement_actions.shtml,/health/healthfacilities/surveys-insp/EA-Leisure-Chateau-Rehabilitation-04102026.pdf,https://www.nj.gov/health/healthfacilities/surveys-insp/EA-Leisure-Chateau-Rehabilitation-04102026.pdf,EXISTING_HASH_VERIFIED,9a620dc43409d6848af5430f6330eb9b19a75e80045ce5111d77a6591c8af34f,9a620dc43409d6848af5430f6330eb9b19a75e80045ce5111d77a6591c8af34f,,CANONICAL,SEE_CORPUS_SUMMARY_GRAIN,,,true,Notice of Assessment of Penalties,penalty_letter,INDEX_METADATA,index_action,,,,,,,,false,true,2026,Leisure Chateau Rehabilitation
nj-doh-enforcement-0184,https://www.nj.gov/health/healthfacilities/surveys-insp/enforcement_actions.shtml,/health/healthfacilities/surveys-insp/EA-Fallsview-Nursing-and-Rehab-Center-04082026.pdf,https://www.nj.gov/health/healthfacilities/surveys-insp/EA-Fallsview-Nursing-and-Rehab-Center-04082026.pdf,EXISTING_HASH_VERIFIED,a7d1ae9ef29aa99b98f9256f332d9f99c2ad4e20261e8029c1177f75b3fd342f,a7d1ae9ef29aa99b98f9256f332d9f99c2ad4e20261e8029c1177f75b3fd342f,,CANONICAL,SEE_CORPUS_SUMMARY_GRAIN,,,true,Notice of Assessment of Penalties,penalty_letter,INDEX_METADATA,index_action,,,,,,,,false,true,2026,Fallsview Nursing and Rehab Center
nj-doh-enforcement-0185,https://www.nj.gov/health/healthfacilities/surveys-insp/enforcement_actions.shtml,/health/healthfacilities/surveys-insp/EA-Cambridge-Rehabilitation-and-Healthcare-Center-04062026.pdf,https://www.nj.gov/health/healthfacilities/surveys-insp/EA-Cambridge-Rehabilitation-and-Healthcare-Center-04062026.pdf,EXISTING_HASH_VERIFIED,ff6ab0ec83c7a65fd0dcbc64b6f67c8db147b967005cf690891cb66a5c1d91f8,ff6ab0ec83c7a65fd0dcbc64b6f67c8db147b967005cf690891cb66a5c1d91f8,,CANONICAL,SEE_CORPUS_SUMMARY_GRAIN,,,true,Notice of Assessment of Penalties,penalty_letter,INDEX_METADATA,index_action,,,,,,,,false,true,2026,Cambridge Rehabilitation and Healthcare Center
nj-doh-enforcement-0186,https://www.nj.gov/health/healthfacilities/surveys-insp/enforcement_actions.shtml,/health/healthfacilities/surveys-insp/EA-New-Standard-Senior-Living-at-Hammonton-04062026.pdf,https://www.nj.gov/health/healthfacilities/surveys-insp/EA-New-Standard-Senior-Living-at-Hammonton-04062026.pdf,EXISTING_HASH_VERIFIED,2ecd89ed2e49ab156a4e442688c8c61bdd868fd057f1b9aac6704c3371a7697d,2ecd89ed2e49ab156a4e442688c8c61bdd868fd057f1b9aac6704c3371a7697d,,CANONICAL,SEE_CORPUS_SUMMARY_GRAIN,,,true,Directed Plan of Correction,directed_plan_of_correction,INDEX_METADATA,index_action,,,,,,,,false,true,2026,New Standard Senior Living at Hammonton
nj-doh-enforcement-0187,https://www.nj.gov/health/healthfacilities/surveys-insp/enforcement_actions.shtml,/health/healthfacilities/surveys-insp/EA-Vistacare-Dialysis-Center-04012026.pdf,https://www.nj.gov/health/healthfacilities/surveys-insp/EA-Vistacare-Dialysis-Center-04012026.pdf,EXISTING_HASH_VERIFIED,5107c75753e54b07a2330b82367f7295a0e355519beef9618cc84e0be38fcf16,5107c75753e54b07a2330b82367f7295a0e355519beef9618cc84e0be38fcf16,,CANONICAL,SEE_CORPUS_SUMMARY_GRAIN,,,true,"Curtailment of ESRD Admissions and Readmissions Order, Directed Plan of Correction",admission_curtailment,INDEX_METADATA,index_action,,,,,,,,false,true,2026,Vistacare Dialysis Center
nj-doh-enforcement-0188,https://www.nj.gov/health/healthfacilities/surveys-insp/enforcement_actions.shtml,/health/healthfacilities/surveys-insp/EA-Ashbrook-Care-and-Rehabilitation-Center-03312026.pdf,https://www.nj.gov/health/healthfacilities/surveys-insp/EA-Ashbrook-Care-and-Rehabilitation-Center-03312026.pdf,EXISTING_HASH_VERIFIED,be805568d65134c0f2f9275a2d6160eff746c100dcc470bc7c18c1bb36a580e8,be805568d65134c0f2f9275a2d6160eff746c100dcc470bc7c18c1bb36a580e8,,CANONICAL,SEE_CORPUS_SUMMARY_GRAIN,,,true,Order Lifting Directed Plan of Correction,directed_plan_of_correction,INDEX_METADATA,index_action,,,,,,,,false,true,2026,Ashbrook Care and Rehabilitation Center
nj-doh-enforcement-0189,https://www.nj.gov/health/healthfacilities/surveys-insp/enforcement_actions.shtml,/health/healthfacilities/surveys-insp/EA-Manahawkin-Health-and-Rehabilitation-Center-03302026.pdf,https://www.nj.gov/health/healthfacilities/surveys-insp/EA-Manahawkin-Health-and-Rehabilitation-Center-03302026.pdf,EXISTING_HASH_VERIFIED,19083dc215e4941edb9fe6c91244d6d2845cadda794a65f9c113547bbbe0945e,19083dc215e4941edb9fe6c91244d6d2845cadda794a65f9c113547bbbe0945e,,CANONICAL,SEE_CORPUS_SUMMARY_GRAIN,,,true,Order Lifting Curtailment of All New Admissions and Limited Curtailment of Readmissions,admission_curtailment,INDEX_METADATA,index_action,,,,,,,,false,true,2026,Manahawkin Health and Rehabilitation Center
nj-doh-enforcement-0190,https://www.nj.gov/health/healthfacilities/surveys-insp/enforcement_actions.shtml,/health/healthfacilities/surveys-insp/EA-Montclair-Manor-03272026.pdf,https://www.nj.gov/health/healthfacilities/surveys-insp/EA-Montclair-Manor-03272026.pdf,EXISTING_HASH_VERIFIED,9adf16f8d159ba7c698480471af396eafa88923d21d1ad5e362e821fe8460e3b,9adf16f8d159ba7c698480471af396eafa88923d21d1ad5e362e821fe8460e3b,,CANONICAL,SEE_CORPUS_SUMMARY_GRAIN,,,true,Order Lifting Curtailment and Directed Plan of Correction,admission_curtailment,INDEX_METADATA,index_action,,,,,,,,false,true,2026,Montclair Manor
nj-doh-enforcement-0191,https://www.nj.gov/health/healthfacilities/surveys-insp/enforcement_actions.shtml,/health/healthfacilities/surveys-insp/EA-Advanced-Subacute-Rehab-Center-at-Sewell-03242026.pdf,https://www.nj.gov/health/healthfacilities/surveys-insp/EA-Advanced-Subacute-Rehab-Center-at-Sewell-03242026.pdf,EXISTING_HASH_VERIFIED,519f276ad6546fa3f62cbd926e98b6ca873e445e8f5b6d13ad481859abb547ce,519f276ad6546fa3f62cbd926e98b6ca873e445e8f5b6d13ad481859abb547ce,,CANONICAL,SEE_CORPUS_SUMMARY_GRAIN,,,true,Notice of Assessment of Penalties,penalty_letter,INDEX_METADATA,index_action,,,,,,,,false,true,2026,Advanced Subacute Rehab Center at Sewell
nj-doh-enforcement-0192,https://www.nj.gov/health/healthfacilities/surveys-insp/enforcement_actions.shtml,/health/healthfacilities/surveys-insp/EA-The-Center-For-Rehab-and-Nursing-at-Washington-Township-03202026.pdf,https://www.nj.gov/health/healthfacilities/surveys-insp/EA-The-Center-For-Rehab-and-Nursing-at-Washington-Township-03202026.pdf,EXISTING_HASH_VERIFIED,690de1dd35a1abcecafe147dd06ecd836a110613867c2294c6f1444a03ea80be,690de1dd35a1abcecafe147dd06ecd836a110613867c2294c6f1444a03ea80be,,CANONICAL,SEE_CORPUS_SUMMARY_GRAIN,,,true,Order Lifting Directed Plan of Correction,directed_plan_of_correction,INDEX_METADATA,index_action,,,,,,,,false,true,2026,The Center For Rehab and Nursing at Washington Township
nj-doh-enforcement-0193,https://www.nj.gov/health/healthfacilities/surveys-insp/enforcement_actions.shtml,/health/healthfacilities/surveys-insp/EA-Cranbury-Center-03202026.pdf,https://www.nj.gov/health/healthfacilities/surveys-insp/EA-Cranbury-Center-03202026.pdf,EXISTING_HASH_VERIFIED,717a5e46e2d23dd97a126ab825e6f66db69794e0d21a5cb52a2def7df3f67914,717a5e46e2d23dd97a126ab825e6f66db69794e0d21a5cb52a2def7df3f67914,,CANONICAL,SEE_CORPUS_SUMMARY_GRAIN,,,true,Notice of Assessment of Penalties,penalty_letter,INDEX_METADATA,index_action,,,,,,,,false,true,2026,Cranbury Center
nj-doh-enforcement-0194,https://www.nj.gov/health/healthfacilities/surveys-insp/enforcement_actions.shtml,/health/healthfacilities/surveys-insp/EA-Lawrence-Rehabilitation-Hospital-03192026.pdf,https://www.nj.gov/health/healthfacilities/surveys-insp/EA-Lawrence-Rehabilitation-Hospital-03192026.pdf,EXISTING_HASH_VERIFIED,06e454d8860b9eff8953c90017c21a062623e613169e0ceabe352ed0664bbac3,06e454d8860b9eff8953c90017c21a062623e613169e0ceabe352ed0664bbac3,,CANONICAL,SEE_CORPUS_SUMMARY_GRAIN,,,true,Notice of Assessment of Penalties,penalty_letter,INDEX_METADATA,index_action,,,,,,,,false,true,2026,Lawrence Rehabilitation Hospital
nj-doh-enforcement-0195,https://www.nj.gov/health/healthfacilities/surveys-insp/enforcement_actions.shtml,/health/healthfacilities/surveys-insp/EA-Holland-Christian-Home-03192026.pdf,https://www.nj.gov/health/healthfacilities/surveys-insp/EA-Holland-Christian-Home-03192026.pdf,EXISTING_HASH_VERIFIED,04c06d2401423a2aed4287b528b40935b3d157bfcc7126fa1fa2085b224da710,04c06d2401423a2aed4287b528b40935b3d157bfcc7126fa1fa2085b224da710,,CANONICAL,SEE_CORPUS_SUMMARY_GRAIN,,,true,Notice of Assessment of Penalties,penalty_letter,INDEX_METADATA,index_action,,,,,,,,false,true,2026,Holland Christian Home
nj-doh-enforcement-0196,https://www.nj.gov/health/healthfacilities/surveys-insp/enforcement_actions.shtml,/health/healthfacilities/surveys-insp/EA-Country-Home-Operations-LLC-03192026.pdf,https://www.nj.gov/health/healthfacilities/surveys-insp/EA-Country-Home-Operations-LLC-03192026.pdf,EXISTING_HASH_VERIFIED,66148ee7525f05866b402e27cfa7a3e46a079fd9b6e77a62ce10f88ea714ee7f,66148ee7525f05866b402e27cfa7a3e46a079fd9b6e77a62ce10f88ea714ee7f,,CANONICAL,SEE_CORPUS_SUMMARY_GRAIN,,,true,"Curtailment of all Admissions and Readmissions order, Directed Plan of Correction, and Suspension of CMA Program",other_expressly_identified_njdoh_action,INDEX_METADATA,index_action,,,,,,,,false,true,2026,Country Home Operations LLC
nj-doh-enforcement-0197,https://www.nj.gov/health/healthfacilities/surveys-insp/enforcement_actions.shtml,/health/healthfacilities/surveys-insp/EA-Morris-View-Healthcare-Center-0319206.pdf,https://www.nj.gov/health/healthfacilities/surveys-insp/EA-Morris-View-Healthcare-Center-0319206.pdf,EXISTING_HASH_VERIFIED,2748fbc6875149b3af2cffef1fefe2666a687eed2623ba5cc1c6ac513fecbda0,2748fbc6875149b3af2cffef1fefe2666a687eed2623ba5cc1c6ac513fecbda0,,CANONICAL,SEE_CORPUS_SUMMARY_GRAIN,,,true,Order Lifting Directed Plan of Correction,directed_plan_of_correction,INDEX_METADATA,index_action,,,,,,,,false,true,2026,Morris View Healthcare Center
nj-doh-enforcement-0198,https://www.nj.gov/health/healthfacilities/surveys-insp/enforcement_actions.shtml,/health/healthfacilities/surveys-insp/EA-Manahawkin-Health-and-Rehab-Center-03182026.pdf,https://www.nj.gov/health/healthfacilities/surveys-insp/EA-Manahawkin-Health-and-Rehab-Center-03182026.pdf,EXISTING_HASH_VERIFIED,894afc6c9d5645a8c7802b047c7c8edcc2a4e9df52b1ff705cb881b19828e447,894afc6c9d5645a8c7802b047c7c8edcc2a4e9df52b1ff705cb881b19828e447,,CANONICAL,SEE_CORPUS_SUMMARY_GRAIN,,,true,Amended Curtailment of All New Admissions and Limited Curtailment of Readmissions Order and Directed Plan of Correction,admission_curtailment,INDEX_METADATA,index_action,,,,,,,,false,true,2026,Manahawkin Health and Rehab Center
nj-doh-enforcement-0199,https://www.nj.gov/health/healthfacilities/surveys-insp/enforcement_actions.shtml,/health/healthfacilities/surveys-insp/EA-Manahawkin-Health-and-Rehab-Center-03172026.pdf,https://www.nj.gov/health/healthfacilities/surveys-insp/EA-Manahawkin-Health-and-Rehab-Center-03172026.pdf,EXISTING_HASH_VERIFIED,14f5e5f475492d10dd3242825ec4da87bc88f259268d8443c3189b739b9814d1,14f5e5f475492d10dd3242825ec4da87bc88f259268d8443c3189b739b9814d1,,CANONICAL,SEE_CORPUS_SUMMARY_GRAIN,,,true,Curtailment of All New Admissions and Limited Curtailment of Readmissions Order and Directed Plan of Correction,admission_curtailment,INDEX_METADATA,index_action,,,,,,,,false,true,2026,Manahawkin Health and Rehab Center
nj-doh-enforcement-0200,https://www.nj.gov/health/healthfacilities/surveys-insp/enforcement_actions.shtml,/health/healthfacilities/surveys-insp/EA-Specialty-Surgical-Center-of-North-Brunswick-03162026.pdf,https://www.nj.gov/health/healthfacilities/surveys-insp/EA-Specialty-Surgical-Center-of-North-Brunswick-03162026.pdf,EXISTING_HASH_VERIFIED,92267f23ff8c8daf9c942aff28bb5a76e1bd7831942a0177a45064567a96f62d,92267f23ff8c8daf9c942aff28bb5a76e1bd7831942a0177a45064567a96f62d,,CANONICAL,SEE_CORPUS_SUMMARY_GRAIN,,,true,Notice of Assessment of Penalties,penalty_letter,INDEX_METADATA,index_action,,,,,,,,false,true,2026,Specialty Surgical Center of North Brunswick
nj-doh-enforcement-0201,https://www.nj.gov/health/healthfacilities/surveys-insp/enforcement_actions.shtml,/health/healthfacilities/surveys-insp/EA-New-Standard-Senior-Living-at-Millville-03132026.pdf,https://www.nj.gov/health/healthfacilities/surveys-insp/EA-New-Standard-Senior-Living-at-Millville-03132026.pdf,EXISTING_HASH_VERIFIED,d0f5df358534d0052dcd7cdd02dc7bde2816cf9bbd67abb38897df0f77f4f678,d0f5df358534d0052dcd7cdd02dc7bde2816cf9bbd67abb38897df0f77f4f678,,CANONICAL,SEE_CORPUS_SUMMARY_GRAIN,,,true,Order Lifting Directed Plan of Correction,directed_plan_of_correction,INDEX_METADATA,index_action,,,,,,,,false,true,2026,New Standard Senior Living at Millville
nj-doh-enforcement-0202,https://www.nj.gov/health/healthfacilities/surveys-insp/enforcement_actions.shtml,/health/healthfacilities/surveys-insp/EA-Spring-Oak-Assisted-Living-at-Vineland-Amended-03122026.pdf,https://www.nj.gov/health/healthfacilities/surveys-insp/EA-Spring-Oak-Assisted-Living-at-Vineland-Amended-03122026.pdf,EXISTING_HASH_VERIFIED,4ce2256521e4d81d443196c029d40b8c423c75efb99becdae82c9dc98c7df3a7,4ce2256521e4d81d443196c029d40b8c423c75efb99becdae82c9dc98c7df3a7,,CANONICAL,SEE_CORPUS_SUMMARY_GRAIN,,,true,Amended Notice of Assessment of Penalties,penalty_letter,INDEX_METADATA,index_action,,,,,,,,false,true,2026,Spring Oak Assisted Living at Vineland
nj-doh-enforcement-0203,https://www.nj.gov/health/healthfacilities/surveys-insp/enforcement_actions.shtml,/health/healthfacilities/surveys-insp/EA-Lopatcong-Center-03112026.pdf,https://www.nj.gov/health/healthfacilities/surveys-insp/EA-Lopatcong-Center-03112026.pdf,EXISTING_HASH_VERIFIED,192c4d6c69bbc65e0402522d137d3d6d38690ed701ae899ffaa4a4cf8da5bac1,192c4d6c69bbc65e0402522d137d3d6d38690ed701ae899ffaa4a4cf8da5bac1,,CANONICAL,SEE_CORPUS_SUMMARY_GRAIN,,,true,Notice of Assessment of Penalties,penalty_letter,INDEX_METADATA,index_action,,,,,,,,false,true,2026,Lopatcong Center
nj-doh-enforcement-0204,https://www.nj.gov/health/healthfacilities/surveys-insp/enforcement_actions.shtml,/health/healthfacilities/surveys-insp/EA-Complete-Care-at-Clark-03112026.pdf,https://www.nj.gov/health/healthfacilities/surveys-insp/EA-Complete-Care-at-Clark-03112026.pdf,EXISTING_HASH_VERIFIED,b5579d6c1f500848201965ffec7794500427dcbbb3ec91ce74571e537ab73456,b5579d6c1f500848201965ffec7794500427dcbbb3ec91ce74571e537ab73456,,CANONICAL,SEE_CORPUS_SUMMARY_GRAIN,,,true,Notice of Assessment of Penalties,penalty_letter,INDEX_METADATA,index_action,,,,,,,,false,true,2026,Complete Care at Clark
nj-doh-enforcement-0205,https://www.nj.gov/health/healthfacilities/surveys-insp/enforcement_actions.shtml,/health/healthfacilities/surveys-insp/EA-CareOne-at-Wellington-03112026.pdf,https://www.nj.gov/health/healthfacilities/surveys-insp/EA-CareOne-at-Wellington-03112026.pdf,EXISTING_HASH_VERIFIED,004e1e246f9592f5f66737702a915584635b5dc6135efd8d8b9a584f5fdf2eac,004e1e246f9592f5f66737702a915584635b5dc6135efd8d8b9a584f5fdf2eac,,CANONICAL,SEE_CORPUS_SUMMARY_GRAIN,,,true,Notice of Assessment of Penalties,penalty_letter,INDEX_METADATA,index_action,,,,,,,,false,true,2026,CareOne at Wellington
nj-doh-enforcement-0206,https://www.nj.gov/health/healthfacilities/surveys-insp/enforcement_actions.shtml,/health/healthfacilities/surveys-insp/EA-Aristacare-at-Cherry-Hill-03112026.pdf,https://www.nj.gov/health/healthfacilities/surveys-insp/EA-Aristacare-at-Cherry-Hill-03112026.pdf,EXISTING_HASH_VERIFIED,ce9e53a8492e4be7e9071053e179f814b6a50d6182ce35695212284cef4b6b05,ce9e53a8492e4be7e9071053e179f814b6a50d6182ce35695212284cef4b6b05,,CANONICAL,SEE_CORPUS_SUMMARY_GRAIN,,,true,Notice of Assessment of Penalties,penalty_letter,INDEX_METADATA,index_action,,,,,,,,false,true,2026,Aristacare at Cherry Hill
nj-doh-enforcement-0207,https://www.nj.gov/health/healthfacilities/surveys-insp/enforcement_actions.shtml,/health/healthfacilities/surveys-insp/EA-Health-Center-at-Galloway-03092026.pdf,https://www.nj.gov/health/healthfacilities/surveys-insp/EA-Health-Center-at-Galloway-03092026.pdf,EXISTING_HASH_VERIFIED,5d28cafa303fdfd3789288c4b652e4feab3f5adab0678971778d16dffc710522,5d28cafa303fdfd3789288c4b652e4feab3f5adab0678971778d16dffc710522,,CANONICAL,SEE_CORPUS_SUMMARY_GRAIN,,,true,Notice of Assessment of Penalties,penalty_letter,INDEX_METADATA,index_action,,,,,,,,false,true,2026,Health Center at Galloway
nj-doh-enforcement-0208,https://www.nj.gov/health/healthfacilities/surveys-insp/enforcement_actions.shtml,/health/healthfacilities/surveys-insp/EA-Complete-Care-at-Clark-03042026.pdf,https://www.nj.gov/health/healthfacilities/surveys-insp/EA-Complete-Care-at-Clark-03042026.pdf,EXISTING_HASH_VERIFIED,62b27515564919bb92a267fbfb15dd791cc916b69dcc14caaa093b3c3c4f9783,62b27515564919bb92a267fbfb15dd791cc916b69dcc14caaa093b3c3c4f9783,,CANONICAL,SEE_CORPUS_SUMMARY_GRAIN,,,true,Notice of Assessment of Penalties,penalty_letter,INDEX_METADATA,index_action,,,,,,,,false,true,2026,Complete Care at Clark
nj-doh-enforcement-0209,https://www.nj.gov/health/healthfacilities/surveys-insp/enforcement_actions.shtml,/health/healthfacilities/surveys-insp/EA-Complete-Care-at-Madison-02252026.pdf,https://www.nj.gov/health/healthfacilities/surveys-insp/EA-Complete-Care-at-Madison-02252026.pdf,EXISTING_HASH_VERIFIED,e7b074bf24fd0b7f1eb8d6820468a0ce1f3175ba6cff96cc586024f7be726647,e7b074bf24fd0b7f1eb8d6820468a0ce1f3175ba6cff96cc586024f7be726647,,CANONICAL,SEE_CORPUS_SUMMARY_GRAIN,,,true,Notice of Assessment of Penalties,penalty_letter,INDEX_METADATA,index_action,,,,,,,,false,true,2026,Complete Care at Madison
nj-doh-enforcement-0210,https://www.nj.gov/health/healthfacilities/surveys-insp/enforcement_actions.shtml,/health/healthfacilities/surveys-insp/EA-Grove-Park-Healthcare-and-Rehab-Center-02202026.pdf,https://www.nj.gov/health/healthfacilities/surveys-insp/EA-Grove-Park-Healthcare-and-Rehab-Center-02202026.pdf,EXISTING_HASH_VERIFIED,8567cefd63d634182a7a346bbd167137fb1bbf92add5e4f0d65a99520a4979c1,8567cefd63d634182a7a346bbd167137fb1bbf92add5e4f0d65a99520a4979c1,,CANONICAL,SEE_CORPUS_SUMMARY_GRAIN,,,true,Notice of Assessment of Penalties,penalty_letter,INDEX_METADATA,index_action,,,,,,,,false,true,2026,Grove Park Healthcare and Rehab Center
nj-doh-enforcement-0211,https://www.nj.gov/health/healthfacilities/surveys-insp/enforcement_actions.shtml,/health/healthfacilities/surveys-insp/EA-Manahawkin-Health-and-Rehab-Center-02202026.pdf,https://www.nj.gov/health/healthfacilities/surveys-insp/EA-Manahawkin-Health-and-Rehab-Center-02202026.pdf,EXISTING_HASH_VERIFIED,e18c6cee93e26e3a534bfe919b257bc5456afb7e072150dc52ac8f97b0d6b2de,e18c6cee93e26e3a534bfe919b257bc5456afb7e072150dc52ac8f97b0d6b2de,,CANONICAL,SEE_CORPUS_SUMMARY_GRAIN,,,true,Notice of Assessment of Penalties,penalty_letter,INDEX_METADATA,index_action,,,,,,,,false,true,2026,Manahawkin Health and Rehab Center
nj-doh-enforcement-0212,https://www.nj.gov/health/healthfacilities/surveys-insp/enforcement_actions.shtml,/health/healthfacilities/surveys-insp/EA-Morris-View-Healthcare-Center-02192026.pdf,https://www.nj.gov/health/healthfacilities/surveys-insp/EA-Morris-View-Healthcare-Center-02192026.pdf,EXISTING_HASH_VERIFIED,b965deeac6ad5d700102d8c1f2c073e7c298714c2e61f4303db95f42e2c92d86,b965deeac6ad5d700102d8c1f2c073e7c298714c2e61f4303db95f42e2c92d86,,CANONICAL,SEE_CORPUS_SUMMARY_GRAIN,,,true,Directed Plan of Correction,directed_plan_of_correction,INDEX_METADATA,index_action,,,,,,,,false,true,2026,Morris View Healthcare Center
nj-doh-enforcement-0213,https://www.nj.gov/health/healthfacilities/surveys-insp/enforcement_actions.shtml,/health/healthfacilities/surveys-insp/EA-Whiting-Gardens-Rehab-and-Nursing-Center-02182026.pdf,https://www.nj.gov/health/healthfacilities/surveys-insp/EA-Whiting-Gardens-Rehab-and-Nursing-Center-02182026.pdf,EXISTING_HASH_VERIFIED,b92bd68bd17362b83fab145eaa90ff70dd250cf66d7fd232f64ffd105bacf9b7,b92bd68bd17362b83fab145eaa90ff70dd250cf66d7fd232f64ffd105bacf9b7,,CANONICAL,SEE_CORPUS_SUMMARY_GRAIN,,,true,Order Partially Lifting Curtailment of new Admissions and Readmissions and Directing Submission of Admission Logs,admission_curtailment,INDEX_METADATA,index_action,,,,,,,,false,true,2026,Whiting Gardens Rehab and Nursing Center
nj-doh-enforcement-0214,https://www.nj.gov/health/healthfacilities/surveys-insp/enforcement_actions.shtml,/health/healthfacilities/surveys-insp/EA-Livingston-Post-Acute-Care-02172026.pdf,https://www.nj.gov/health/healthfacilities/surveys-insp/EA-Livingston-Post-Acute-Care-02172026.pdf,EXISTING_HASH_VERIFIED,c8f93dc368936d69b6eb066e3513fff848117d23a55fca5c132d63a18e981d5c,c8f93dc368936d69b6eb066e3513fff848117d23a55fca5c132d63a18e981d5c,,CANONICAL,SEE_CORPUS_SUMMARY_GRAIN,,,true,Notice of Assessment of Penalties,penalty_letter,INDEX_METADATA,index_action,,,,,,,,false,true,2026,Livingston Post Acute Care
nj-doh-enforcement-0215,https://www.nj.gov/health/healthfacilities/surveys-insp/enforcement_actions.shtml,/health/healthfacilities/surveys-insp/EA-New-Standard-Senior-Living-At-Millville-02122026.pdf,https://www.nj.gov/health/healthfacilities/surveys-insp/EA-New-Standard-Senior-Living-At-Millville-02122026.pdf,EXISTING_HASH_VERIFIED,dd10e4561ce19dfd68289c70eec2e11e1b48dbcd1af091871d4aac9478c4a18c,dd10e4561ce19dfd68289c70eec2e11e1b48dbcd1af091871d4aac9478c4a18c,,CANONICAL,SEE_CORPUS_SUMMARY_GRAIN,,,true,Order Lifting Suspension of Medication Aide Program,other_expressly_identified_njdoh_action,INDEX_METADATA,index_action,,,,,,,,false,true,2026,New Standard Senior Living At Millville
nj-doh-enforcement-0216,https://www.nj.gov/health/healthfacilities/surveys-insp/enforcement_actions.shtml,/health/healthfacilities/surveys-insp/EA-Alameda-Center-for-Rehab-and-Healthcare-02112026.pdf,https://www.nj.gov/health/healthfacilities/surveys-insp/EA-Alameda-Center-for-Rehab-and-Healthcare-02112026.pdf,EXISTING_HASH_VERIFIED,684b1be092c3548806c682611d57639ba23f655f3e2e626d31c326d753cfe49d,684b1be092c3548806c682611d57639ba23f655f3e2e626d31c326d753cfe49d,,CANONICAL,SEE_CORPUS_SUMMARY_GRAIN,,,true,Notice of Assessment of Penalties,penalty_letter,INDEX_METADATA,index_action,,,,,,,,false,true,2026,Alameda Center for Rehab and Healthcare
nj-doh-enforcement-0217,https://www.nj.gov/health/healthfacilities/surveys-insp/enforcement_actions.shtml,/health/healthfacilities/surveys-insp/EA-NJ-Eastern-Star-Home-02102026.pdf,https://www.nj.gov/health/healthfacilities/surveys-insp/EA-NJ-Eastern-Star-Home-02102026.pdf,EXISTING_HASH_VERIFIED,3a79d19c73fb4e73e752b8906d8efe4a2bf0adeb9f011ee3abc55a147157c735,3a79d19c73fb4e73e752b8906d8efe4a2bf0adeb9f011ee3abc55a147157c735,,CANONICAL,SEE_CORPUS_SUMMARY_GRAIN,,,true,Notice of Assessment of Penalties,penalty_letter,INDEX_METADATA,index_action,,,,,,,,false,true,2026,NJ Eastern Star Home
nj-doh-enforcement-0218,https://www.nj.gov/health/healthfacilities/surveys-insp/enforcement_actions.shtml,/health/healthfacilities/surveys-insp/EA-Amended-Complete-Care-at-Arbors-Haven-02092026.pdf,https://www.nj.gov/health/healthfacilities/surveys-insp/EA-Amended-Complete-Care-at-Arbors-Haven-02092026.pdf,EXISTING_HASH_VERIFIED,cdf5f046a6c4e806908b2b4f5c990a52e468cdf8938423b78c037c29534781c2,cdf5f046a6c4e806908b2b4f5c990a52e468cdf8938423b78c037c29534781c2,,CANONICAL,SEE_CORPUS_SUMMARY_GRAIN,,,true,Amended Notice of Assessment of Penalties,penalty_letter,INDEX_METADATA,index_action,,,,,,,,false,true,2026,Complete Care at Arbors Haven
nj-doh-enforcement-0219,https://www.nj.gov/health/healthfacilities/surveys-insp/enforcement_actions.shtml,/health/healthfacilities/surveys-insp/EA-Whiting-Gardens-Rehabilitation-and-Nursing-Center-02092026.pdf,https://www.nj.gov/health/healthfacilities/surveys-insp/EA-Whiting-Gardens-Rehabilitation-and-Nursing-Center-02092026.pdf,EXISTING_HASH_VERIFIED,db70aab128c7261607f0cb62b3c826ff876a1ea29f4fadc5623d3588ee14a4dc,db70aab128c7261607f0cb62b3c826ff876a1ea29f4fadc5623d3588ee14a4dc,,CANONICAL,SEE_CORPUS_SUMMARY_GRAIN,,,true,Order Partially Lifting Curtailment of Readmissions and Directing Submission of Readmission Logs,admission_curtailment,INDEX_METADATA,index_action,,,,,,,,false,true,2026,Whiting Gardens Rehabilitation and Nursing Center
nj-doh-enforcement-0220,https://www.nj.gov/health/healthfacilities/surveys-insp/enforcement_actions.shtml,/health/healthfacilities/surveys-insp/EA-Cedar-Crest-Mountainview-Gardens-02062026.pdf,https://www.nj.gov/health/healthfacilities/surveys-insp/EA-Cedar-Crest-Mountainview-Gardens-02062026.pdf,EXISTING_HASH_VERIFIED,dff30daabe67f8824dd4a8508ef2db3f79b6d8686528f904a5477a7a650f4465,dff30daabe67f8824dd4a8508ef2db3f79b6d8686528f904a5477a7a650f4465,,CANONICAL,SEE_CORPUS_SUMMARY_GRAIN,,,true,Notice of Assessment of Penalties,penalty_letter,INDEX_METADATA,index_action,,,,,,,,false,true,2026,Cedar Crest Mountainview Gardens
nj-doh-enforcement-0221,https://www.nj.gov/health/healthfacilities/surveys-insp/enforcement_actions.shtml,/health/healthfacilities/surveys-insp/EA-Whiting-Gardens-Rehabilitation-and-Nursing-Center-02052026.pdf,https://www.nj.gov/health/healthfacilities/surveys-insp/EA-Whiting-Gardens-Rehabilitation-and-Nursing-Center-02052026.pdf,EXISTING_HASH_VERIFIED,019768a69724ec9687f452c4277ebebed385a6ec1cdd60241371bfb8454e3ff6,019768a69724ec9687f452c4277ebebed385a6ec1cdd60241371bfb8454e3ff6,,CANONICAL,SEE_CORPUS_SUMMARY_GRAIN,,,true,Curtailment of Admissions and Readmissions Order and Directed Plan of Correction,admission_curtailment,INDEX_METADATA,index_action,,,,,,,,false,true,2026,Whiting Gardens Rehabilitation and Nursing Center
nj-doh-enforcement-0222,https://www.nj.gov/health/healthfacilities/surveys-insp/enforcement_actions.shtml,/health/healthfacilities/surveys-insp/EA-Complete-Care-at-Wayne-Hills-Rehab-and-Respiratory-Revised-02042026.pdf,https://www.nj.gov/health/healthfacilities/surveys-insp/EA-Complete-Care-at-Wayne-Hills-Rehab-and-Respiratory-Revised-02042026.pdf,EXISTING_HASH_VERIFIED,20c513fb1c4d8bbbbc292b5e67952101012c7b483abf2f42ddf0c6a7354e1aef,20c513fb1c4d8bbbbc292b5e67952101012c7b483abf2f42ddf0c6a7354e1aef,,CANONICAL,SEE_CORPUS_SUMMARY_GRAIN,,,true,Revised Notice of Assessment of Penalties,penalty_letter,INDEX_METADATA,index_action,,,,,,,,false,true,2026,Complete Care at Wayne Hills Rehab and Respiratory
nj-doh-enforcement-0223,https://www.nj.gov/health/healthfacilities/surveys-insp/enforcement_actions.shtml,/health/healthfacilities/surveys-insp/EA-Crest-Pointe-Rehab-and-Healthcare-02042026.pdf,https://www.nj.gov/health/healthfacilities/surveys-insp/EA-Crest-Pointe-Rehab-and-Healthcare-02042026.pdf,EXISTING_HASH_VERIFIED,404c4c7caaaa78fb0a6c222f6ad33a9539debe20abc989a192069f2d99d3d9f4,404c4c7caaaa78fb0a6c222f6ad33a9539debe20abc989a192069f2d99d3d9f4,,CANONICAL,SEE_CORPUS_SUMMARY_GRAIN,,,true,Notice of Assessment of Penalties,penalty_letter,INDEX_METADATA,index_action,,,,,,,,false,true,2026,Crest Pointe Rehab and Healthcare
nj-doh-enforcement-0224,https://www.nj.gov/health/healthfacilities/surveys-insp/enforcement_actions.shtml,/health/healthfacilities/surveys-insp/EA-Bergen-New-Bridge-Medical-Center-Revised-02042026.pdf,https://www.nj.gov/health/healthfacilities/surveys-insp/EA-Bergen-New-Bridge-Medical-Center-Revised-02042026.pdf,EXISTING_HASH_VERIFIED,25e33a6c023b2adf6190af28811cd3358e8820b7d36dee3a4d81d7ee9b0651be,25e33a6c023b2adf6190af28811cd3358e8820b7d36dee3a4d81d7ee9b0651be,,CANONICAL,SEE_CORPUS_SUMMARY_GRAIN,,,true,Revised Notice of Assessment of Penalties,penalty_letter,INDEX_METADATA,index_action,,,,,,,,false,true,2026,Bergen New Bridge Medical Center
nj-doh-enforcement-0225,https://www.nj.gov/health/healthfacilities/surveys-insp/enforcement_actions.shtml,/health/healthfacilities/surveys-insp/EA-CareOne-at-Parsippany-Revised-02042026.pdf,https://www.nj.gov/health/healthfacilities/surveys-insp/EA-CareOne-at-Parsippany-Revised-02042026.pdf,EXISTING_HASH_VERIFIED,1f59e2cc2f97eac536cc38961cc32fe133ccc5f9504974cb5e7871f26d084e38,1f59e2cc2f97eac536cc38961cc32fe133ccc5f9504974cb5e7871f26d084e38,,CANONICAL,SEE_CORPUS_SUMMARY_GRAIN,,,true,Revised Notice of Assessment of Penalties,penalty_letter,INDEX_METADATA,index_action,,,,,,,,false,true,2026,CareOne at Parsippany
nj-doh-enforcement-0226,https://www.nj.gov/health/healthfacilities/surveys-insp/enforcement_actions.shtml,/health/healthfacilities/surveys-insp/EA-Actice-Day-of-Pleasantville-01302026.pdf,https://www.nj.gov/health/healthfacilities/surveys-insp/EA-Actice-Day-of-Pleasantville-01302026.pdf,EXISTING_HASH_VERIFIED,0fb7d27a17cd02eab62622c9ba74ccbb1521b30c419e194bad47cb6872e1ad65,0fb7d27a17cd02eab62622c9ba74ccbb1521b30c419e194bad47cb6872e1ad65,,CANONICAL,SEE_CORPUS_SUMMARY_GRAIN,,,true,Notice of Assessment of Penalties,penalty_letter,INDEX_METADATA,index_action,,,,,,,,false,true,2026,Actice Day of Pleasantville
nj-doh-enforcement-0227,https://www.nj.gov/health/healthfacilities/surveys-insp/enforcement_actions.shtml,/health/healthfacilities/surveys-insp/EA-Complete-Care-at-Park-Place-01292026.pdf,https://www.nj.gov/health/healthfacilities/surveys-insp/EA-Complete-Care-at-Park-Place-01292026.pdf,EXISTING_HASH_VERIFIED,31f2ebc065f7c4d3372cd82cc061a1846286b6a678a6380585bb600967150caa,31f2ebc065f7c4d3372cd82cc061a1846286b6a678a6380585bb600967150caa,,CANONICAL,SEE_CORPUS_SUMMARY_GRAIN,,,true,Notice of Assessment of Penalties,penalty_letter,INDEX_METADATA,index_action,,,,,,,,false,true,2026,Complete Care at Park Place
nj-doh-enforcement-0228,https://www.nj.gov/health/healthfacilities/surveys-insp/enforcement_actions.shtml,/health/healthfacilities/surveys-insp/EA-NJ-Veterans-Memorial-Home-Vineland-01292026.pdf,https://www.nj.gov/health/healthfacilities/surveys-insp/EA-NJ-Veterans-Memorial-Home-Vineland-01292026.pdf,EXISTING_HASH_VERIFIED,b559064476d7fc8865b651bedcfd0a92204d25e189268c21826b91732f8ebdd7,b559064476d7fc8865b651bedcfd0a92204d25e189268c21826b91732f8ebdd7,,CANONICAL,SEE_CORPUS_SUMMARY_GRAIN,,,true,Notice of Assessment of Penalties,penalty_letter,INDEX_METADATA,index_action,,,,,,,,false,true,2026,NJ Veterans Memorial Home Vineland
nj-doh-enforcement-0229,https://www.nj.gov/health/healthfacilities/surveys-insp/enforcement_actions.shtml,/health/healthfacilities/surveys-insp/EA-New-Standard-Senior-Living-at-Millville-01292026.pdf,https://www.nj.gov/health/healthfacilities/surveys-insp/EA-New-Standard-Senior-Living-at-Millville-01292026.pdf,EXISTING_HASH_VERIFIED,16f083e7950fee570a408feca75e1eceafceab92617d9b7bd5ff37039f854e17,16f083e7950fee570a408feca75e1eceafceab92617d9b7bd5ff37039f854e17,,CANONICAL,SEE_CORPUS_SUMMARY_GRAIN,,,true,Order Lifting Curtailment of Admissions and Partially Lifting Directed Plan of Correction,admission_curtailment,INDEX_METADATA,index_action,,,,,,,,false,true,2026,New Standard Senior Living at Millville
nj-doh-enforcement-0230,https://www.nj.gov/health/healthfacilities/surveys-insp/enforcement_actions.shtml,/health/healthfacilities/surveys-insp/EA-Livingston-Post-Acute-Care-01222026.pdf,https://www.nj.gov/health/healthfacilities/surveys-insp/EA-Livingston-Post-Acute-Care-01222026.pdf,EXISTING_HASH_VERIFIED,3c9b3c6040079021cea15d8afb1bfb3ee50a6b4185ebde627fe7529bd8e8e2d2,3c9b3c6040079021cea15d8afb1bfb3ee50a6b4185ebde627fe7529bd8e8e2d2,,CANONICAL,SEE_CORPUS_SUMMARY_GRAIN,,,true,Notice of Assessment of Penalties,penalty_letter,INDEX_METADATA,index_action,,,,,,,,false,true,2026,Livingston Post Acute Care
nj-doh-enforcement-0231,https://www.nj.gov/health/healthfacilities/surveys-insp/enforcement_actions.shtml,/health/healthfacilities/surveys-insp/EA-Bayonne-Visiting-Nurse-Association-01222026.pdf,https://www.nj.gov/health/healthfacilities/surveys-insp/EA-Bayonne-Visiting-Nurse-Association-01222026.pdf,EXISTING_HASH_VERIFIED,17535e8453bad607e442d74421a392864ba1d9db50cc44cd67a0f2d36f142bb8,17535e8453bad607e442d74421a392864ba1d9db50cc44cd67a0f2d36f142bb8,,CANONICAL,SEE_CORPUS_SUMMARY_GRAIN,,,true,Order Lifting Curtailment of All Admissions and Readmissions,admission_curtailment,INDEX_METADATA,index_action,,,,,,,,false,true,2026,Bayonne Visiting Nurse Association
nj-doh-enforcement-0232,https://www.nj.gov/health/healthfacilities/surveys-insp/enforcement_actions.shtml,/health/healthfacilities/surveys-insp/EA-Excel-Care-at-Egg-Harbor-01202026.pdf,https://www.nj.gov/health/healthfacilities/surveys-insp/EA-Excel-Care-at-Egg-Harbor-01202026.pdf,EXISTING_HASH_VERIFIED,7df0e2cd6fba6241068b1250700cd4eb0c7550f608d55b2c1869a7bb63659d25,7df0e2cd6fba6241068b1250700cd4eb0c7550f608d55b2c1869a7bb63659d25,,CANONICAL,SEE_CORPUS_SUMMARY_GRAIN,,,true,Revised Notice of Assessment of Penalties,penalty_letter,INDEX_METADATA,index_action,,,,,,,,false,true,2026,Excel Care at Egg Harbor
nj-doh-enforcement-0233,https://www.nj.gov/health/healthfacilities/surveys-insp/enforcement_actions.shtml,/health/healthfacilities/surveys-insp/EA-Coral-Harbor-Rehabilitation-and-Healthcare-Center-01202026.pdf,https://www.nj.gov/health/healthfacilities/surveys-insp/EA-Coral-Harbor-Rehabilitation-and-Healthcare-Center-01202026.pdf,EXISTING_HASH_VERIFIED,ef97399bec485e5c00063367685503800f6b0bfbb89a8b92f1c1fcf94322d06d,ef97399bec485e5c00063367685503800f6b0bfbb89a8b92f1c1fcf94322d06d,,CANONICAL,SEE_CORPUS_SUMMARY_GRAIN,,,true,Revised Notice of Assessment of Penalties,penalty_letter,INDEX_METADATA,index_action,,,,,,,,false,true,2026,Coral Harbor Rehabilitation and Healthcare Center
nj-doh-enforcement-0234,https://www.nj.gov/health/healthfacilities/surveys-insp/enforcement_actions.shtml,/health/healthfacilities/surveys-insp/ea-laurel-brook-rehabilitation-and-healthcare-center-revised-01162026.pdf,https://www.nj.gov/health/healthfacilities/surveys-insp/ea-laurel-brook-rehabilitation-and-healthcare-center-revised-01162026.pdf,EXISTING_HASH_VERIFIED,29600ddf387d07fc1ac9b54dcbd456628394429daae682b03dfe598daa8d67d3,29600ddf387d07fc1ac9b54dcbd456628394429daae682b03dfe598daa8d67d3,,CANONICAL,SEE_CORPUS_SUMMARY_GRAIN,,,true,Revised Notice of Assessment of Penalties,penalty_letter,INDEX_METADATA,index_action,,,,,,,,false,true,2026,Laurel Brook Rehabilitation and Healthcare Center
nj-doh-enforcement-0235,https://www.nj.gov/health/healthfacilities/surveys-insp/enforcement_actions.shtml,/health/healthfacilities/surveys-insp/EA-Heights-University-Hospital-01162026.pdf,https://www.nj.gov/health/healthfacilities/surveys-insp/EA-Heights-University-Hospital-01162026.pdf,EXISTING_HASH_VERIFIED,f716f60be26723b1b9eadb3a5d6d109d4ff6595253900af0e7cca2d85c4aeba0,f716f60be26723b1b9eadb3a5d6d109d4ff6595253900af0e7cca2d85c4aeba0,,CANONICAL,SEE_CORPUS_SUMMARY_GRAIN,,,true,Notice of Assessment of Penalties,penalty_letter,INDEX_METADATA,index_action,,,,,,,,false,true,2026,Heights University Hospital
nj-doh-enforcement-0236,https://www.nj.gov/health/healthfacilities/surveys-insp/enforcement_actions.shtml,/health/healthfacilities/surveys-insp/EA-Saddle-Brook-Endoscopic-and-Orthopedic-Surgery-Center-01152026.pdf,https://www.nj.gov/health/healthfacilities/surveys-insp/EA-Saddle-Brook-Endoscopic-and-Orthopedic-Surgery-Center-01152026.pdf,EXISTING_HASH_VERIFIED,63117f27e5226283800a6b721837fa8bbe9587b2e1e9ce1eb5fa620a87f99b21,63117f27e5226283800a6b721837fa8bbe9587b2e1e9ce1eb5fa620a87f99b21,,CANONICAL,SEE_CORPUS_SUMMARY_GRAIN,,,true,Order Lifting Curtailment of Medical and Surgical Services,admission_curtailment,INDEX_METADATA,index_action,,,,,,,,false,true,2026,Saddle Brook Endoscopic and Orthopedic Surgery Center
nj-doh-enforcement-0237,https://www.nj.gov/health/healthfacilities/surveys-insp/enforcement_actions.shtml,/health/healthfacilities/surveys-insp/EA-Family-of-Caring-at-Teaneck-01152026.pdf,https://www.nj.gov/health/healthfacilities/surveys-insp/EA-Family-of-Caring-at-Teaneck-01152026.pdf,EXISTING_HASH_VERIFIED,facca7c7636395bca7bb5d4db40636435807062ffc1b637f19d0ad6fef5e9bf5,facca7c7636395bca7bb5d4db40636435807062ffc1b637f19d0ad6fef5e9bf5,,CANONICAL,SEE_CORPUS_SUMMARY_GRAIN,,,true,Notice of Assessment of Penalties,penalty_letter,INDEX_METADATA,index_action,,,,,,,,false,true,2026,Family of Caring at Teaneck
nj-doh-enforcement-0238,https://www.nj.gov/health/healthfacilities/surveys-insp/enforcement_actions.shtml,/health/healthfacilities/surveys-insp/EA-Complete-Care-at-Wayne-Hills-Rehabilitation-and-Respiratory-Center-01152026.pdf,https://www.nj.gov/health/healthfacilities/surveys-insp/EA-Complete-Care-at-Wayne-Hills-Rehabilitation-and-Respiratory-Center-01152026.pdf,EXISTING_HASH_VERIFIED,aa7595f65b8428165817a0ea83560d8560387166d7d42252a93baf23e2ff83c9,aa7595f65b8428165817a0ea83560d8560387166d7d42252a93baf23e2ff83c9,,CANONICAL,SEE_CORPUS_SUMMARY_GRAIN,,,true,Notice of Assessment of Penalties,penalty_letter,INDEX_METADATA,index_action,,,,,,,,false,true,2026,Complete Care at Wayne Hills Rehabilitation and Respiratory Center
nj-doh-enforcement-0239,https://www.nj.gov/health/healthfacilities/surveys-insp/enforcement_actions.shtml,/health/healthfacilities/surveys-insp/EA-Avalon-Rehabilitation-and-Healthcare-Center-01152026.pdf,https://www.nj.gov/health/healthfacilities/surveys-insp/EA-Avalon-Rehabilitation-and-Healthcare-Center-01152026.pdf,EXISTING_HASH_VERIFIED,fe163a6499915e3f7a58ce7f3ddaa7346e30fd3314161cc15dad58f0ff095fad,fe163a6499915e3f7a58ce7f3ddaa7346e30fd3314161cc15dad58f0ff095fad,,CANONICAL,SEE_CORPUS_SUMMARY_GRAIN,,,true,Notice of Assessment of Penalties,penalty_letter,INDEX_METADATA,index_action,,,,,,,,false,true,2026,Avalon Rehabilitation and Healthcare Center
nj-doh-enforcement-0240,https://www.nj.gov/health/healthfacilities/surveys-insp/enforcement_actions.shtml,/health/healthfacilities/surveys-insp/EA-Autumn-Lake-Healthcare-at-Salem-County-01152026.pdf,https://www.nj.gov/health/healthfacilities/surveys-insp/EA-Autumn-Lake-Healthcare-at-Salem-County-01152026.pdf,EXISTING_HASH_VERIFIED,d463b2861609c6c42cec7b5543c96c52f24fe743979ea25a4993a8e2c542ad6c,d463b2861609c6c42cec7b5543c96c52f24fe743979ea25a4993a8e2c542ad6c,,CANONICAL,SEE_CORPUS_SUMMARY_GRAIN,,,true,Revised Notice of Assessment of Penalties,penalty_letter,INDEX_METADATA,index_action,,,,,,,,false,true,2026,Autumn Lake Healthcare at Salem County
nj-doh-enforcement-0241,https://www.nj.gov/health/healthfacilities/surveys-insp/enforcement_actions.shtml,/health/healthfacilities/surveys-insp/EA-Excel-Care-at-Wayne-01142026.pdf,https://www.nj.gov/health/healthfacilities/surveys-insp/EA-Excel-Care-at-Wayne-01142026.pdf,EXISTING_HASH_VERIFIED,eb3e33390092f21d285a41a1ce35116465f843e1f3b90bf2ec13fa006880ff57,eb3e33390092f21d285a41a1ce35116465f843e1f3b90bf2ec13fa006880ff57,,CANONICAL,SEE_CORPUS_SUMMARY_GRAIN,,,true,Notice of Assessment of Penalties,penalty_letter,INDEX_METADATA,index_action,,,,,,,,false,true,2026,Excel Care at Wayne
nj-doh-enforcement-0242,https://www.nj.gov/health/healthfacilities/surveys-insp/enforcement_actions.shtml,/health/healthfacilities/surveys-insp/EA-Autumn-Lake-Healthcare-at-Salem-County-01132026.pdf,https://www.nj.gov/health/healthfacilities/surveys-insp/EA-Autumn-Lake-Healthcare-at-Salem-County-01132026.pdf,EXISTING_HASH_VERIFIED,2c8d51c87fee41e9d7deaf8116c9cea0a3eceaa90df599e87069c6c0148b442a,2c8d51c87fee41e9d7deaf8116c9cea0a3eceaa90df599e87069c6c0148b442a,,CANONICAL,SEE_CORPUS_SUMMARY_GRAIN,,,true,Notice of Assessment of Penalties,penalty_letter,INDEX_METADATA,index_action,,,,,,,,false,true,2026,Autumn Lake Healthcare at Salem County
nj-doh-enforcement-0243,https://www.nj.gov/health/healthfacilities/surveys-insp/enforcement_actions.shtml,/health/healthfacilities/surveys-insp/EA-Complete-Care-at-Arbors-Haven-01122026.pdf,https://www.nj.gov/health/healthfacilities/surveys-insp/EA-Complete-Care-at-Arbors-Haven-01122026.pdf,EXISTING_HASH_VERIFIED,f212c42db4863c495371fe70ab4cedfe641f4518417be60a11fb8079ba8cd7da,f212c42db4863c495371fe70ab4cedfe641f4518417be60a11fb8079ba8cd7da,,CANONICAL,SEE_CORPUS_SUMMARY_GRAIN,,,true,Notice of Assessment of Penalties,penalty_letter,INDEX_METADATA,index_action,,,,,,,,false,true,2026,Complete Care at Arbors Haven
nj-doh-enforcement-0244,https://www.nj.gov/health/healthfacilities/surveys-insp/enforcement_actions.shtml,/health/healthfacilities/surveys-insp/EA-Tallwoods-Care-Center-01092026.pdf,https://www.nj.gov/health/healthfacilities/surveys-insp/EA-Tallwoods-Care-Center-01092026.pdf,EXISTING_HASH_VERIFIED,dd9e9b9fa61c6b18eb18becb7da126915ac38d52cc1628a47cf13164d44cd27c,dd9e9b9fa61c6b18eb18becb7da126915ac38d52cc1628a47cf13164d44cd27c,,CANONICAL,SEE_CORPUS_SUMMARY_GRAIN,,,true,Notice of Assessment of Penalties,penalty_letter,INDEX_METADATA,index_action,,,,,,,,false,true,2026,Tallwoods Care Center
nj-doh-enforcement-0245,https://www.nj.gov/health/healthfacilities/surveys-insp/enforcement_actions.shtml,/health/healthfacilities/surveys-insp/EA-Arbor-Glen-Center-01082026.pdf,https://www.nj.gov/health/healthfacilities/surveys-insp/EA-Arbor-Glen-Center-01082026.pdf,EXISTING_HASH_VERIFIED,e6a325ecf092b1f88cd4ff356ff3ba61e6380f90694122c7ae2ecd8664afd5c2,e6a325ecf092b1f88cd4ff356ff3ba61e6380f90694122c7ae2ecd8664afd5c2,,CANONICAL,SEE_CORPUS_SUMMARY_GRAIN,,,true,Notice of Assessment of Penalties,penalty_letter,INDEX_METADATA,index_action,,,,,,,,false,true,2026,Arbor Glen Center
nj-doh-enforcement-0246,https://www.nj.gov/health/healthfacilities/surveys-insp/enforcement_actions.shtml,/health/healthfacilities/surveys-insp/EA-Alaris-Health-at-the-Chateau-01082026.pdf,https://www.nj.gov/health/healthfacilities/surveys-insp/EA-Alaris-Health-at-the-Chateau-01082026.pdf,EXISTING_HASH_VERIFIED,a20bc7c9c7cdde84eaa27c8a496c11cd5a586cc53c25165795dd0085ad413bd6,a20bc7c9c7cdde84eaa27c8a496c11cd5a586cc53c25165795dd0085ad413bd6,,CANONICAL,SEE_CORPUS_SUMMARY_GRAIN,,,true,Notice of Assessment of Penalties,penalty_letter,INDEX_METADATA,index_action,,,,,,,,false,true,2026,Alaris Health at the Chateau
nj-doh-enforcement-0247,https://www.nj.gov/health/healthfacilities/surveys-insp/enforcement_actions.shtml,/health/healthfacilities/surveys-insp/EA-Willow-Springs-Rehabilitation-and-Healthcare-01072026.pdf,https://www.nj.gov/health/healthfacilities/surveys-insp/EA-Willow-Springs-Rehabilitation-and-Healthcare-01072026.pdf,EXISTING_HASH_VERIFIED,b60625c4bb8083c355863ea5af6ca8c94fc55af3827c3c616656a6edcd516555,b60625c4bb8083c355863ea5af6ca8c94fc55af3827c3c616656a6edcd516555,,CANONICAL,SEE_CORPUS_SUMMARY_GRAIN,,,true,Notice of Assessment of Penalties,penalty_letter,INDEX_METADATA,index_action,,,,,,,,false,true,2026,Willow Springs Rehabilitation and Healthcare
nj-doh-enforcement-0248,https://www.nj.gov/health/healthfacilities/surveys-insp/enforcement_actions.shtml,/health/healthfacilities/surveys-insp/EA-South-Mountain-HC-12302025.pdf,https://www.nj.gov/health/healthfacilities/surveys-insp/EA-South-Mountain-HC-12302025.pdf,EXISTING_HASH_VERIFIED,5b4d5f3f1309297ed5a5a5a18e458ca7a8ba72ee943e6783e11f4d883a5b04fd,5b4d5f3f1309297ed5a5a5a18e458ca7a8ba72ee943e6783e11f4d883a5b04fd,,CANONICAL,SEE_CORPUS_SUMMARY_GRAIN,,,true,Notice of Assessment of Penalties,penalty_letter,INDEX_METADATA,index_action,,,,,,,,false,true,2025,South Mountain HC
nj-doh-enforcement-0249,https://www.nj.gov/health/healthfacilities/surveys-insp/enforcement_actions.shtml,/health/healthfacilities/surveys-insp/EA-Mount-Holly-Rehab-and-Healthcare-Center-12302025.pdf,https://www.nj.gov/health/healthfacilities/surveys-insp/EA-Mount-Holly-Rehab-and-Healthcare-Center-12302025.pdf,EXISTING_HASH_VERIFIED,f1d8142d805db2c7d7eec863fa352efe93e3bd867f1ca9e617534b35ddf149bf,f1d8142d805db2c7d7eec863fa352efe93e3bd867f1ca9e617534b35ddf149bf,,CANONICAL,SEE_CORPUS_SUMMARY_GRAIN,,,true,Notice of Assessment of Penalties,penalty_letter,INDEX_METADATA,index_action,,,,,,,,false,true,2025,Mount Holly Rehab and Healthcare Center
nj-doh-enforcement-0250,https://www.nj.gov/health/healthfacilities/surveys-insp/enforcement_actions.shtml,/health/healthfacilities/surveys-insp/EA-Complete-Care-at-Monmouth-12302025.pdf,https://www.nj.gov/health/healthfacilities/surveys-insp/EA-Complete-Care-at-Monmouth-12302025.pdf,EXISTING_HASH_VERIFIED,3c6d9bf6acdd5f3830be0350bd9da9c43637ccb232140102db442ac62b236036,3c6d9bf6acdd5f3830be0350bd9da9c43637ccb232140102db442ac62b236036,,CANONICAL,SEE_CORPUS_SUMMARY_GRAIN,,,true,Notice of Assessment of Penalties,penalty_letter,INDEX_METADATA,index_action,,,,,,,,false,true,2025,Complete Care at Monmouth
nj-doh-enforcement-0251,https://www.nj.gov/health/healthfacilities/surveys-insp/enforcement_actions.shtml,/health/healthfacilities/surveys-insp/EA-CareOne-at-Middletown-12302025.pdf,https://www.nj.gov/health/healthfacilities/surveys-insp/EA-CareOne-at-Middletown-12302025.pdf,EXISTING_HASH_VERIFIED,44372f276ccc64b4848f265295063a0e025fd346d204bce964724bd4eec812e5,44372f276ccc64b4848f265295063a0e025fd346d204bce964724bd4eec812e5,,CANONICAL,SEE_CORPUS_SUMMARY_GRAIN,,,true,Notice of Assessment of Penalties,penalty_letter,INDEX_METADATA,index_action,,,,,,,,false,true,2025,CareOne at Middletown
nj-doh-enforcement-0252,https://www.nj.gov/health/healthfacilities/surveys-insp/enforcement_actions.shtml,/health/healthfacilities/surveys-insp/EA-Silver-Healthcare-Center-12242025.pdf,https://www.nj.gov/health/healthfacilities/surveys-insp/EA-Silver-Healthcare-Center-12242025.pdf,EXISTING_HASH_VERIFIED,ae689cbbcd07b6467aea3eca478f817f7f309945ca41384e27fb8119faa52223,ae689cbbcd07b6467aea3eca478f817f7f309945ca41384e27fb8119faa52223,,CANONICAL,SEE_CORPUS_SUMMARY_GRAIN,,,true,Notice of Assessment of Penalties,penalty_letter,INDEX_METADATA,index_action,,,,,,,,false,true,2025,Silver Healthcare Center
nj-doh-enforcement-0253,https://www.nj.gov/health/healthfacilities/surveys-insp/enforcement_actions.shtml,/health/healthfacilities/surveys-insp/EA-Corrected-Bayonne-Visiting-Nurse-Association-12172025.pdf,https://www.nj.gov/health/healthfacilities/surveys-insp/EA-Corrected-Bayonne-Visiting-Nurse-Association-12172025.pdf,EXISTING_HASH_VERIFIED,ca71baf08f875d31b2a9ece0461fd7ea0c4cbf053a71a2a804a68be48cae3cbf,ca71baf08f875d31b2a9ece0461fd7ea0c4cbf053a71a2a804a68be48cae3cbf,,CANONICAL,SEE_CORPUS_SUMMARY_GRAIN,,,true,Corrected Curtailment of all Admissions and Readmissions Order,admission_curtailment,INDEX_METADATA,index_action,,,,,,,,false,true,2025,Bayonne Visiting Nurse Association
nj-doh-enforcement-0254,https://www.nj.gov/health/healthfacilities/surveys-insp/enforcement_actions.shtml,/health/healthfacilities/surveys-insp/EA-Montclair-Manor-12172025.pdf,https://www.nj.gov/health/healthfacilities/surveys-insp/EA-Montclair-Manor-12172025.pdf,EXISTING_HASH_VERIFIED,0304845dba577a7c1edbb334218f76398ab6d1c87308b022665a60b2facbd729,0304845dba577a7c1edbb334218f76398ab6d1c87308b022665a60b2facbd729,,CANONICAL,SEE_CORPUS_SUMMARY_GRAIN,,,true,Amended Curtailment of Admissions Order and Directed Plan of Correction,admission_curtailment,INDEX_METADATA,index_action,,,,,,,,false,true,2025,Montclair Manor
nj-doh-enforcement-0255,https://www.nj.gov/health/healthfacilities/surveys-insp/enforcement_actions.shtml,/health/healthfacilities/surveys-insp/EA-Gateway-Care-Center-12172025.pdf,https://www.nj.gov/health/healthfacilities/surveys-insp/EA-Gateway-Care-Center-12172025.pdf,EXISTING_HASH_VERIFIED,488005c155cae23b7d97d33fb5dec16b51ef87c94e070b4fd1e16a40dea567cc,488005c155cae23b7d97d33fb5dec16b51ef87c94e070b4fd1e16a40dea567cc,,CANONICAL,SEE_CORPUS_SUMMARY_GRAIN,,,true,Notice of Assessment of Penalties,penalty_letter,INDEX_METADATA,index_action,,,,,,,,false,true,2025,Gateway Care Center
nj-doh-enforcement-0256,https://www.nj.gov/health/healthfacilities/surveys-insp/enforcement_actions.shtml,/health/healthfacilities/surveys-insp/EA-Bayonne-Visiting-Nurse-Association-12162025.pdf,https://www.nj.gov/health/healthfacilities/surveys-insp/EA-Bayonne-Visiting-Nurse-Association-12162025.pdf,EXISTING_HASH_VERIFIED,3e2cc4d0be1611940292276e170a380972522358d145c4f2fe91c92a23a49b54,3e2cc4d0be1611940292276e170a380972522358d145c4f2fe91c92a23a49b54,,CANONICAL,SEE_CORPUS_SUMMARY_GRAIN,,,true,Curtailment of all Admissions and Readmissions Order,admission_curtailment,INDEX_METADATA,index_action,,,,,,,,false,true,2025,Bayonne Visiting Nurse Association
nj-doh-enforcement-0257,https://www.nj.gov/health/healthfacilities/surveys-insp/enforcement_actions.shtml,/health/healthfacilities/surveys-insp/EA-Saddle-Brook-Endoscopic-and-Orthopedic-Center-12122025.pdf,https://www.nj.gov/health/healthfacilities/surveys-insp/EA-Saddle-Brook-Endoscopic-and-Orthopedic-Center-12122025.pdf,EXISTING_HASH_VERIFIED,373da811382471920191518a4fbb9acdb96751db1363119244be54262c89c477,373da811382471920191518a4fbb9acdb96751db1363119244be54262c89c477,,CANONICAL,SEE_CORPUS_SUMMARY_GRAIN,,,true,Curtailment of Medical and Surgical Services Order,admission_curtailment,INDEX_METADATA,index_action,,,,,,,,false,true,2025,Saddle Brook Endoscopic and Orthopedic Center
nj-doh-enforcement-0258,https://www.nj.gov/health/healthfacilities/surveys-insp/enforcement_actions.shtml,/health/healthfacilities/surveys-insp/EA-Montclair-Manor-12122025.pdf,https://www.nj.gov/health/healthfacilities/surveys-insp/EA-Montclair-Manor-12122025.pdf,EXISTING_HASH_VERIFIED,f93cef3f0cf8b2e665d9ef75350fc0964ac64453d0ad70123e373f243d3e2f45,f93cef3f0cf8b2e665d9ef75350fc0964ac64453d0ad70123e373f243d3e2f45,,CANONICAL,SEE_CORPUS_SUMMARY_GRAIN,,,true,Curtailment of Admissions Order and Directed Plan of Correction,admission_curtailment,INDEX_METADATA,index_action,,,,,,,,false,true,2025,Montclair Manor
nj-doh-enforcement-0259,https://www.nj.gov/health/healthfacilities/surveys-insp/enforcement_actions.shtml,/health/healthfacilities/surveys-insp/EA-Complete-Care-at-Bayshore-12122025.pdf,https://www.nj.gov/health/healthfacilities/surveys-insp/EA-Complete-Care-at-Bayshore-12122025.pdf,EXISTING_HASH_VERIFIED,ab459be17769e75de9dc348d2b647e35608f5aa028f0b7142ea8a0c2247e749c,ab459be17769e75de9dc348d2b647e35608f5aa028f0b7142ea8a0c2247e749c,,CANONICAL,SEE_CORPUS_SUMMARY_GRAIN,,,true,Notice of Assessment of Penalties,penalty_letter,INDEX_METADATA,index_action,,,,,,,,false,true,2025,Complete Care at Bayshore
nj-doh-enforcement-0260,https://www.nj.gov/health/healthfacilities/surveys-insp/enforcement_actions.shtml,/health/healthfacilities/surveys-insp/EA-Autumn-Lake-Healthcare-at-Salem-County-12112025.pdf,https://www.nj.gov/health/healthfacilities/surveys-insp/EA-Autumn-Lake-Healthcare-at-Salem-County-12112025.pdf,EXISTING_HASH_VERIFIED,29ac5b44c0c0d287f61758625dfc156c1c3fe566badad81988069e776c51f5f8,29ac5b44c0c0d287f61758625dfc156c1c3fe566badad81988069e776c51f5f8,,CANONICAL,SEE_CORPUS_SUMMARY_GRAIN,,,true,Notice of Assessment of Penalties,penalty_letter,INDEX_METADATA,index_action,,,,,,,,false,true,2025,Autumn Lake Healthcare at Salem County
nj-doh-enforcement-0261,https://www.nj.gov/health/healthfacilities/surveys-insp/enforcement_actions.shtml,/health/healthfacilities/surveys-insp/EA-Lincoln-Park-Care-Center-12112025.pdf,https://www.nj.gov/health/healthfacilities/surveys-insp/EA-Lincoln-Park-Care-Center-12112025.pdf,EXISTING_HASH_VERIFIED,b58aea3460204e53be9cffeb2c5a091bf74faa48584cac893f80916def02e772,b58aea3460204e53be9cffeb2c5a091bf74faa48584cac893f80916def02e772,,CANONICAL,SEE_CORPUS_SUMMARY_GRAIN,,,true,Notice of Assessment of Penalties,penalty_letter,INDEX_METADATA,index_action,,,,,,,,false,true,2025,Lincoln Park Care Center
nj-doh-enforcement-0262,https://www.nj.gov/health/healthfacilities/surveys-insp/enforcement_actions.shtml,/health/healthfacilities/surveys-insp/EA-Hamilton-Grove-Healthcare-and-Rehab-12112025.pdf,https://www.nj.gov/health/healthfacilities/surveys-insp/EA-Hamilton-Grove-Healthcare-and-Rehab-12112025.pdf,EXISTING_HASH_VERIFIED,62dd5eece30acfbe45fea87081b3d69a04affb2264127e4c7e5b9a93fe80de1a,62dd5eece30acfbe45fea87081b3d69a04affb2264127e4c7e5b9a93fe80de1a,,CANONICAL,SEE_CORPUS_SUMMARY_GRAIN,,,true,Notice of Assessment of Penalties,penalty_letter,INDEX_METADATA,index_action,,,,,,,,false,true,2025,Hamilton Grove Healthcare and Rehab
nj-doh-enforcement-0263,https://www.nj.gov/health/healthfacilities/surveys-insp/enforcement_actions.shtml,/health/healthfacilities/surveys-insp/EA-Excel-Care-at-Manalapan-12112025.pdf,https://www.nj.gov/health/healthfacilities/surveys-insp/EA-Excel-Care-at-Manalapan-12112025.pdf,EXISTING_HASH_VERIFIED,e2d561a683f19fe7d955cb64b19806fd3cfa4128b43f556e0ea97acd85cf34f5,e2d561a683f19fe7d955cb64b19806fd3cfa4128b43f556e0ea97acd85cf34f5,,CANONICAL,SEE_CORPUS_SUMMARY_GRAIN,,,true,Notice of Assessment of Penalties,penalty_letter,INDEX_METADATA,index_action,,,,,,,,false,true,2025,Excel Care at Manalapan
nj-doh-enforcement-0264,https://www.nj.gov/health/healthfacilities/surveys-insp/enforcement_actions.shtml,/health/healthfacilities/surveys-insp/EA-CareOne-at-Holmdel-12112025.pdf,https://www.nj.gov/health/healthfacilities/surveys-insp/EA-CareOne-at-Holmdel-12112025.pdf,EXISTING_HASH_VERIFIED,ea95eca77a33e508293ba40a47b92585f6158c0acee2ebde73f23a0b2097c275,ea95eca77a33e508293ba40a47b92585f6158c0acee2ebde73f23a0b2097c275,,CANONICAL,SEE_CORPUS_SUMMARY_GRAIN,,,true,Notice of Assessment of Penalties,penalty_letter,INDEX_METADATA,index_action,,,,,,,,false,true,2025,CareOne at Holmdel
nj-doh-enforcement-0265,https://www.nj.gov/health/healthfacilities/surveys-insp/enforcement_actions.shtml,/health/healthfacilities/surveys-insp/EA-Allendale-Rehabilitation-and-Healthcare-Center-12112025.pdf,https://www.nj.gov/health/healthfacilities/surveys-insp/EA-Allendale-Rehabilitation-and-Healthcare-Center-12112025.pdf,EXISTING_HASH_VERIFIED,f6bbda8b6ecf600891bce28526a2f7fb1af8d15fba19d40248d9e78d93320c58,f6bbda8b6ecf600891bce28526a2f7fb1af8d15fba19d40248d9e78d93320c58,,CANONICAL,SEE_CORPUS_SUMMARY_GRAIN,,,true,Notice of Assessment of Penalties,penalty_letter,INDEX_METADATA,index_action,,,,,,,,false,true,2025,Allendale Rehabilitation and Healthcare Center
nj-doh-enforcement-0266,https://www.nj.gov/health/healthfacilities/surveys-insp/enforcement_actions.shtml,/health/healthfacilities/surveys-insp/EA-Autumn-Lake-Healthcare-at-Old-Bridge-12102025.pdf,https://www.nj.gov/health/healthfacilities/surveys-insp/EA-Autumn-Lake-Healthcare-at-Old-Bridge-12102025.pdf,EXISTING_HASH_VERIFIED,88d498f0502a1fa77ca7bd316d57270fab1d962d05384f2e66026b335d1e593f,88d498f0502a1fa77ca7bd316d57270fab1d962d05384f2e66026b335d1e593f,,CANONICAL,SEE_CORPUS_SUMMARY_GRAIN,,,true,Notice of Assessment of Penalties,penalty_letter,INDEX_METADATA,index_action,,,,,,,,false,true,2025,Autumn Lake Healthcare at Old Bridge
nj-doh-enforcement-0267,https://www.nj.gov/health/healthfacilities/surveys-insp/enforcement_actions.shtml,/health/healthfacilities/surveys-insp/EA-Aspen-Hills-Healthcare-Center-12102025.pdf,https://www.nj.gov/health/healthfacilities/surveys-insp/EA-Aspen-Hills-Healthcare-Center-12102025.pdf,EXISTING_HASH_VERIFIED,04139a84881a8cb291b5750e9531d11ebfd48612a14bd18df3aa32b7eb878b18,04139a84881a8cb291b5750e9531d11ebfd48612a14bd18df3aa32b7eb878b18,,CANONICAL,SEE_CORPUS_SUMMARY_GRAIN,,,true,Notice of Assessment of Penalties,penalty_letter,INDEX_METADATA,index_action,,,,,,,,false,true,2025,Aspen Hills Healthcare Center
nj-doh-enforcement-0268,https://www.nj.gov/health/healthfacilities/surveys-insp/enforcement_actions.shtml,/health/healthfacilities/surveys-insp/EA-CareOne-at-Teaneck-12092025.pdf,https://www.nj.gov/health/healthfacilities/surveys-insp/EA-CareOne-at-Teaneck-12092025.pdf,EXISTING_HASH_VERIFIED,95de47d6a43b3751ecb2dad5375a8242cc7205771fa8da948f417046b93cd6ef,95de47d6a43b3751ecb2dad5375a8242cc7205771fa8da948f417046b93cd6ef,,CANONICAL,SEE_CORPUS_SUMMARY_GRAIN,,,true,Amended Notice of Assessment of Penalties,penalty_letter,INDEX_METADATA,index_action,,,,,,,,false,true,2025,CareOne at Teaneck
nj-doh-enforcement-0269,https://www.nj.gov/health/healthfacilities/surveys-insp/enforcement_actions.shtml,/health/healthfacilities/surveys-insp/EA-Brookhaven-Health-Care-Center-Amended-12042025.pdf,https://www.nj.gov/health/healthfacilities/surveys-insp/EA-Brookhaven-Health-Care-Center-Amended-12042025.pdf,EXISTING_HASH_VERIFIED,87934c72ca49cb89d04e9524d62937c80c55a6fefb18eb68b993c99855955eec,87934c72ca49cb89d04e9524d62937c80c55a6fefb18eb68b993c99855955eec,,CANONICAL,SEE_CORPUS_SUMMARY_GRAIN,,,true,Amended Notice of Assessment of Penalties,penalty_letter,INDEX_METADATA,index_action,,,,,,,,false,true,2025,Brookhaven Health Care Center
nj-doh-enforcement-0270,https://www.nj.gov/health/healthfacilities/surveys-insp/enforcement_actions.shtml,/health/healthfacilities/surveys-insp/EA-Mountainside-Skilled-Nursing-and-Rehab-12042025.pdf,https://www.nj.gov/health/healthfacilities/surveys-insp/EA-Mountainside-Skilled-Nursing-and-Rehab-12042025.pdf,EXISTING_HASH_VERIFIED,106feed776856b11b4d7427439d6c90c685efcbc43ff05452962bbe19abd47e5,106feed776856b11b4d7427439d6c90c685efcbc43ff05452962bbe19abd47e5,,CANONICAL,SEE_CORPUS_SUMMARY_GRAIN,,,true,Notice of Assessment of Penalties,penalty_letter,INDEX_METADATA,index_action,,,,,,,,false,true,2025,Mountainside Skilled Nursing and Rehab
nj-doh-enforcement-0271,https://www.nj.gov/health/healthfacilities/surveys-insp/enforcement_actions.shtml,/health/healthfacilities/surveys-insp/EA-Complete-Care-at-Milford-Manor-12032025.pdf,https://www.nj.gov/health/healthfacilities/surveys-insp/EA-Complete-Care-at-Milford-Manor-12032025.pdf,EXISTING_HASH_VERIFIED,9e318b5db14ce82b46a2e25f3ab863bb3a34b2bb0035951c679b2c56f5db3505,9e318b5db14ce82b46a2e25f3ab863bb3a34b2bb0035951c679b2c56f5db3505,,CANONICAL,SEE_CORPUS_SUMMARY_GRAIN,,,true,Notice of Assessment of Penalties,penalty_letter,INDEX_METADATA,index_action,,,,,,,,false,true,2025,Complete Care at Milford Manor
nj-doh-enforcement-0272,https://www.nj.gov/health/healthfacilities/surveys-insp/enforcement_actions.shtml,/health/healthfacilities/surveys-insp/EA-Complete-Care-at-Arbors-12032025.pdf,https://www.nj.gov/health/healthfacilities/surveys-insp/EA-Complete-Care-at-Arbors-12032025.pdf,EXISTING_HASH_VERIFIED,4c5fd98758205258e34c8d3a6686999552cf7188f281992c2e2cf88121d8082f,4c5fd98758205258e34c8d3a6686999552cf7188f281992c2e2cf88121d8082f,,CANONICAL,SEE_CORPUS_SUMMARY_GRAIN,,,true,Notice of Assessment of Penalties,penalty_letter,INDEX_METADATA,index_action,,,,,,,,false,true,2025,Complete Care at Arbors
nj-doh-enforcement-0273,https://www.nj.gov/health/healthfacilities/surveys-insp/enforcement_actions.shtml,/health/healthfacilities/surveys-insp/EA-Merwick-Care-and-Rehab-Center-12012025.pdf,https://www.nj.gov/health/healthfacilities/surveys-insp/EA-Merwick-Care-and-Rehab-Center-12012025.pdf,EXISTING_HASH_VERIFIED,3a9ff7a21f3b5bb91d3664357f3a0f5a00846f2fda09bdbc48f925e0fc8781a4,3a9ff7a21f3b5bb91d3664357f3a0f5a00846f2fda09bdbc48f925e0fc8781a4,,CANONICAL,SEE_CORPUS_SUMMARY_GRAIN,,,true,Notice of Assessment of Penalties,penalty_letter,INDEX_METADATA,index_action,,,,,,,,false,true,2025,Merwick Care and Rehab Center
nj-doh-enforcement-0274,https://www.nj.gov/health/healthfacilities/surveys-insp/enforcement_actions.shtml,/health/healthfacilities/surveys-insp/EA-The-Atlas-at-Washington-Township-12012025.pdf,https://www.nj.gov/health/healthfacilities/surveys-insp/EA-The-Atlas-at-Washington-Township-12012025.pdf,EXISTING_HASH_VERIFIED,b7ec1c076edf7d28461882622ed271dd82197f552bdf35b80924ecb7fcb0fb41,b7ec1c076edf7d28461882622ed271dd82197f552bdf35b80924ecb7fcb0fb41,,CANONICAL,SEE_CORPUS_SUMMARY_GRAIN,,,true,Notice of Assessment of Penalties,penalty_letter,INDEX_METADATA,index_action,,,,,,,,false,true,2025,The Atlas at Washington Township
nj-doh-enforcement-0275,https://www.nj.gov/health/healthfacilities/surveys-insp/enforcement_actions.shtml,/health/healthfacilities/surveys-insp/EA-Complete-Care-at-Prospect-Heights-12012025.pdf,https://www.nj.gov/health/healthfacilities/surveys-insp/EA-Complete-Care-at-Prospect-Heights-12012025.pdf,EXISTING_HASH_VERIFIED,4731f4d149db2ddc5ed13eab76b4637291818650606944252f1a7b2cd3bc6634,4731f4d149db2ddc5ed13eab76b4637291818650606944252f1a7b2cd3bc6634,,CANONICAL,SEE_CORPUS_SUMMARY_GRAIN,,,true,Notice of Assessment of Penalties,penalty_letter,INDEX_METADATA,index_action,,,,,,,,false,true,2025,Complete Care at Prospect Heights
nj-doh-enforcement-0276,https://www.nj.gov/health/healthfacilities/surveys-insp/enforcement_actions.shtml,/health/healthfacilities/surveys-insp/EA-CareOne-at-East-Brunswick-12012025.pdf,https://www.nj.gov/health/healthfacilities/surveys-insp/EA-CareOne-at-East-Brunswick-12012025.pdf,EXISTING_HASH_VERIFIED,bdb38080126c0ea736c7b5539acc190fc6426894633440500209480e6aa8a645,bdb38080126c0ea736c7b5539acc190fc6426894633440500209480e6aa8a645,,CANONICAL,SEE_CORPUS_SUMMARY_GRAIN,,,true,Notice of Assessment of Penalties,penalty_letter,INDEX_METADATA,index_action,,,,,,,,false,true,2025,CareOne at East Brunswick
nj-doh-enforcement-0277,https://www.nj.gov/health/healthfacilities/surveys-insp/enforcement_actions.shtml,/health/healthfacilities/surveys-insp/EA-Complete-Care-at-Westfield-12012025.pdf,https://www.nj.gov/health/healthfacilities/surveys-insp/EA-Complete-Care-at-Westfield-12012025.pdf,EXISTING_HASH_VERIFIED,cb41036c0600ba6ef5b8c3d77d1a75621eab4ced4aedf269403ef775dbe1444b,cb41036c0600ba6ef5b8c3d77d1a75621eab4ced4aedf269403ef775dbe1444b,,CANONICAL,SEE_CORPUS_SUMMARY_GRAIN,,,true,Notice of Assessment of Penalties,penalty_letter,INDEX_METADATA,index_action,,,,,,,,false,true,2025,Complete Care at Westfield
nj-doh-enforcement-0278,https://www.nj.gov/health/healthfacilities/surveys-insp/enforcement_actions.shtml,/health/healthfacilities/surveys-insp/EA-CareOne-at-Teaneck-12012025.pdf,https://www.nj.gov/health/healthfacilities/surveys-insp/EA-CareOne-at-Teaneck-12012025.pdf,EXISTING_HASH_VERIFIED,2d8ed535b76545f766cdde435eb5bfb227ceb795b98dd20bae6cdbbf994b4e84,2d8ed535b76545f766cdde435eb5bfb227ceb795b98dd20bae6cdbbf994b4e84,,CANONICAL,SEE_CORPUS_SUMMARY_GRAIN,,,true,Notice of Assessment of Penalties,penalty_letter,INDEX_METADATA,index_action,,,,,,,,false,true,2025,CareOne at Teaneck
nj-doh-enforcement-0279,https://www.nj.gov/health/healthfacilities/surveys-insp/enforcement_actions.shtml,/health/healthfacilities/surveys-insp/EA-Complete-Care-at-Marcella-11282025.pdf,https://www.nj.gov/health/healthfacilities/surveys-insp/EA-Complete-Care-at-Marcella-11282025.pdf,EXISTING_HASH_VERIFIED,29cb615a4d26e74c3edacd410da42b1f90923669d38a266262ce6180590c2a60,29cb615a4d26e74c3edacd410da42b1f90923669d38a266262ce6180590c2a60,,CANONICAL,SEE_CORPUS_SUMMARY_GRAIN,,,true,Notice of Assessment of Penalties,penalty_letter,INDEX_METADATA,index_action,,,,,,,,false,true,2025,Complete Care at Marcella
nj-doh-enforcement-0280,https://www.nj.gov/health/healthfacilities/surveys-insp/enforcement_actions.shtml,/health/healthfacilities/surveys-insp/EA-Jersey-Shore-Post-Acute-Rehab-and-Nursing-11282025.pdf,https://www.nj.gov/health/healthfacilities/surveys-insp/EA-Jersey-Shore-Post-Acute-Rehab-and-Nursing-11282025.pdf,EXISTING_HASH_VERIFIED,81ab74ed2145f9dd46e918afc782d789dd4c24c0e6e7aced64ae7dbee170dfde,81ab74ed2145f9dd46e918afc782d789dd4c24c0e6e7aced64ae7dbee170dfde,,CANONICAL,SEE_CORPUS_SUMMARY_GRAIN,,,true,Notice of Assessment of Penalties,penalty_letter,INDEX_METADATA,index_action,,,,,,,,false,true,2025,Jersey Shore Post Acute Rehab and Nursing
nj-doh-enforcement-0281,https://www.nj.gov/health/healthfacilities/surveys-insp/enforcement_actions.shtml,/health/healthfacilities/surveys-insp/EA-Hampton-Ridge-Healthcare-and-Rehabilitation-11282025.pdf,https://www.nj.gov/health/healthfacilities/surveys-insp/EA-Hampton-Ridge-Healthcare-and-Rehabilitation-11282025.pdf,EXISTING_HASH_VERIFIED,8f58000c640706f8121423a61aea70d9c01823bb9eae3f67b8db476ca84510ce,8f58000c640706f8121423a61aea70d9c01823bb9eae3f67b8db476ca84510ce,,CANONICAL,SEE_CORPUS_SUMMARY_GRAIN,,,true,Notice of Assessment of Penalties,penalty_letter,INDEX_METADATA,index_action,,,,,,,,false,true,2025,Hampton Ridge Healthcare and Rehabilitation
nj-doh-enforcement-0282,https://www.nj.gov/health/healthfacilities/surveys-insp/enforcement_actions.shtml,/health/healthfacilities/surveys-insp/EA-Meadowbrook-Respiratory-and-Nursing-11282025.pdf,https://www.nj.gov/health/healthfacilities/surveys-insp/EA-Meadowbrook-Respiratory-and-Nursing-11282025.pdf,EXISTING_HASH_VERIFIED,b4023bade6f71d265f3116466856a6b350f0bc2c8aa1eecf39fb89064f977de2,b4023bade6f71d265f3116466856a6b350f0bc2c8aa1eecf39fb89064f977de2,,CANONICAL,SEE_CORPUS_SUMMARY_GRAIN,,,true,Notice of Assessment of Penalties,penalty_letter,INDEX_METADATA,index_action,,,,,,,,false,true,2025,Meadowbrook Respiratory and Nursing
nj-doh-enforcement-0283,https://www.nj.gov/health/healthfacilities/surveys-insp/enforcement_actions.shtml,/health/healthfacilities/surveys-insp/EA-Jersey-Shore-Center-11282025.pdf,https://www.nj.gov/health/healthfacilities/surveys-insp/EA-Jersey-Shore-Center-11282025.pdf,EXISTING_HASH_VERIFIED,51856402d071f5ece5d96fc81ee2e0937c84213610613e627fa4c47c25cc15c7,51856402d071f5ece5d96fc81ee2e0937c84213610613e627fa4c47c25cc15c7,,CANONICAL,SEE_CORPUS_SUMMARY_GRAIN,,,true,Notice of Assessment of Penalties,penalty_letter,INDEX_METADATA,index_action,,,,,,,,false,true,2025,Jersey Shore Center
nj-doh-enforcement-0284,https://www.nj.gov/health/healthfacilities/surveys-insp/enforcement_actions.shtml,/health/healthfacilities/surveys-insp/EA-CareOne-at-Somerset-Valley-11262025.pdf,https://www.nj.gov/health/healthfacilities/surveys-insp/EA-CareOne-at-Somerset-Valley-11262025.pdf,EXISTING_HASH_VERIFIED,e9f0e4c914d5251bf5d5f47891b9bdb82d266240d80055676964781078e2b9aa,e9f0e4c914d5251bf5d5f47891b9bdb82d266240d80055676964781078e2b9aa,,CANONICAL,SEE_CORPUS_SUMMARY_GRAIN,,,true,Notice of Assessment of Penalties,penalty_letter,INDEX_METADATA,index_action,,,,,,,,false,true,2025,CareOne at Somerset Valley
nj-doh-enforcement-0285,https://www.nj.gov/health/healthfacilities/surveys-insp/enforcement_actions.shtml,/health/healthfacilities/surveys-insp/EA-University-Center-for-Ambulatory-Surgery-11252025.pdf,https://www.nj.gov/health/healthfacilities/surveys-insp/EA-University-Center-for-Ambulatory-Surgery-11252025.pdf,EXISTING_HASH_VERIFIED,06312a255533e6f5bd4806088430b911d368d503f507945b277ac3a3cde5bfab,06312a255533e6f5bd4806088430b911d368d503f507945b277ac3a3cde5bfab,,CANONICAL,SEE_CORPUS_SUMMARY_GRAIN,,,true,Notice of Assessment of Penalties,penalty_letter,INDEX_METADATA,index_action,,,,,,,,false,true,2025,University Center for Ambulatory Surgery
nj-doh-enforcement-0286,https://www.nj.gov/health/healthfacilities/surveys-insp/enforcement_actions.shtml,/health/healthfacilities/surveys-insp/ea-atrium-post-acute-care-at-park-ridge11212025n.pdf,https://www.nj.gov/health/healthfacilities/surveys-insp/ea-atrium-post-acute-care-at-park-ridge11212025n.pdf,EXISTING_HASH_VERIFIED,35e84245bbc8ca8c5717fe2f8993b78f5b043e9a772a18cb7005af9128793502,35e84245bbc8ca8c5717fe2f8993b78f5b043e9a772a18cb7005af9128793502,,CANONICAL,SEE_CORPUS_SUMMARY_GRAIN,,,true,Notice of Assessment of Penalties,penalty_letter,INDEX_METADATA,index_action,,,,,,,,false,true,2025,Atrium Post Acute Care at Park Ridge
nj-doh-enforcement-0287,https://www.nj.gov/health/healthfacilities/surveys-insp/enforcement_actions.shtml,/health/healthfacilities/surveys-insp/ea-millville-center-11202025.pdf,https://www.nj.gov/health/healthfacilities/surveys-insp/ea-millville-center-11202025.pdf,EXISTING_HASH_VERIFIED,f9a48c08ced26102bc7721ebd580b5f8c2bf820340258998d2f692ac0b2a938a,f9a48c08ced26102bc7721ebd580b5f8c2bf820340258998d2f692ac0b2a938a,,CANONICAL,SEE_CORPUS_SUMMARY_GRAIN,,,true,Notice of Assessment of Penalties,penalty_letter,INDEX_METADATA,index_action,,,,,,,,false,true,2025,Millville Center
nj-doh-enforcement-0288,https://www.nj.gov/health/healthfacilities/surveys-insp/enforcement_actions.shtml,/health/healthfacilities/surveys-insp/ea-complete-care-at-orange-park-11202025.pdf,https://www.nj.gov/health/healthfacilities/surveys-insp/ea-complete-care-at-orange-park-11202025.pdf,EXISTING_HASH_VERIFIED,18b9dfd300be1410474cbfbf7ebe9441c54caf20fc73cd4091b372a1196cc30f,18b9dfd300be1410474cbfbf7ebe9441c54caf20fc73cd4091b372a1196cc30f,,CANONICAL,SEE_CORPUS_SUMMARY_GRAIN,,,true,Notice of Assessment of Penalties,penalty_letter,INDEX_METADATA,index_action,,,,,,,,false,true,2025,Complete Care at Orange Park
nj-doh-enforcement-0289,https://www.nj.gov/health/healthfacilities/surveys-insp/enforcement_actions.shtml,/health/healthfacilities/surveys-insp/EA-Roosevelt-Care-Center-at-Old-Bridge-11202025.pdf,https://www.nj.gov/health/healthfacilities/surveys-insp/EA-Roosevelt-Care-Center-at-Old-Bridge-11202025.pdf,EXISTING_HASH_VERIFIED,56aa8146dc73cf28130ced1d4d17db0c3f1731d24d20dabf299b038435911205,56aa8146dc73cf28130ced1d4d17db0c3f1731d24d20dabf299b038435911205,,CANONICAL,SEE_CORPUS_SUMMARY_GRAIN,,,true,Notice of Assessment of Penalties,penalty_letter,INDEX_METADATA,index_action,,,,,,,,false,true,2025,Roosevelt Care Center at Old Bridge
nj-doh-enforcement-0290,https://www.nj.gov/health/healthfacilities/surveys-insp/enforcement_actions.shtml,/health/healthfacilities/surveys-insp/EA-Complete-Care-at-Brick11192025.pdf,https://www.nj.gov/health/healthfacilities/surveys-insp/EA-Complete-Care-at-Brick11192025.pdf,EXISTING_HASH_VERIFIED,8ec5c8f02a75916e03a00deaa621363430a3d98b55f03f2ccbcdee90b6f80d0f,8ec5c8f02a75916e03a00deaa621363430a3d98b55f03f2ccbcdee90b6f80d0f,,CANONICAL,SEE_CORPUS_SUMMARY_GRAIN,,,true,Notice of Assessment of Penalties,penalty_letter,INDEX_METADATA,index_action,,,,,,,,false,true,2025,Complete Care at Brick
nj-doh-enforcement-0291,https://www.nj.gov/health/healthfacilities/surveys-insp/enforcement_actions.shtml,/health/healthfacilities/surveys-insp/EA-Radiology-Center-At-Harding-11142025.pdf,https://www.nj.gov/health/healthfacilities/surveys-insp/EA-Radiology-Center-At-Harding-11142025.pdf,EXISTING_HASH_VERIFIED,84fd41ccde4df63daf242995343581abc5c4efe16026c49ef19ad6a7e892b719,84fd41ccde4df63daf242995343581abc5c4efe16026c49ef19ad6a7e892b719,,CANONICAL,SEE_CORPUS_SUMMARY_GRAIN,,,true,Order Lifting Curtailment of Services,admission_curtailment,INDEX_METADATA,index_action,,,,,,,,false,true,2025,Radiology Center at Harding
nj-doh-enforcement-0292,https://www.nj.gov/health/healthfacilities/surveys-insp/enforcement_actions.shtml,/health/healthfacilities/surveys-insp/EA-Big-Oak-Rehabilitation-10312025.pdf,https://www.nj.gov/health/healthfacilities/surveys-insp/EA-Big-Oak-Rehabilitation-10312025.pdf,EXISTING_HASH_VERIFIED,df22bb3e69f06e941bd60135d8e2dc24dae8416d776a201c507e8ddc7eb51fb5,df22bb3e69f06e941bd60135d8e2dc24dae8416d776a201c507e8ddc7eb51fb5,,CANONICAL,SEE_CORPUS_SUMMARY_GRAIN,,,true,Notice of Assessment of Penalties,penalty_letter,INDEX_METADATA,index_action,,,,,,,,false,true,2025,Big Oak Rehab and Healthcare Center
nj-doh-enforcement-0293,https://www.nj.gov/health/healthfacilities/surveys-insp/enforcement_actions.shtml,/health/healthfacilities/surveys-insp/EA-Corrected-Trenton-Gardens-Rehab-and-Nursing-Center-10302025.pdf,https://www.nj.gov/health/healthfacilities/surveys-insp/EA-Corrected-Trenton-Gardens-Rehab-and-Nursing-Center-10302025.pdf,EXISTING_HASH_VERIFIED,25cba1e17ffbe4f6fcc765a35a8f4fce8bf7984369acae60b21916b425957d84,25cba1e17ffbe4f6fcc765a35a8f4fce8bf7984369acae60b21916b425957d84,,CANONICAL,SEE_CORPUS_SUMMARY_GRAIN,,,true,Corrected Order Lifting Curtailment of all Admissions and Readmissions Order and Amended Directed Plan of Correction,admission_curtailment,INDEX_METADATA,index_action,,,,,,,,false,true,2025,Trenton Gardens Rehabilitation and Nursing Center
nj-doh-enforcement-0294,https://www.nj.gov/health/healthfacilities/surveys-insp/enforcement_actions.shtml,/health/healthfacilities/surveys-insp/EA-Trenton-Gardens-Rehabilitation-and-Nursing-Center-10292025.pdf,https://www.nj.gov/health/healthfacilities/surveys-insp/EA-Trenton-Gardens-Rehabilitation-and-Nursing-Center-10292025.pdf,EXISTING_HASH_VERIFIED,4e11d05bdc8fc50b81308a5dc5e268b61988ab3ecc1db539357d032cc35e0cc4,4e11d05bdc8fc50b81308a5dc5e268b61988ab3ecc1db539357d032cc35e0cc4,,CANONICAL,SEE_CORPUS_SUMMARY_GRAIN,,,true,Order Lifting Curtailment of All Admissions and Readmissions Order and Amended Directed Plan of Correction,admission_curtailment,INDEX_METADATA,index_action,,,,,,,,false,true,2025,Trenton Gardens Rehabilitation and Nursing Center
nj-doh-enforcement-0295,https://www.nj.gov/health/healthfacilities/surveys-insp/enforcement_actions.shtml,/health/healthfacilities/surveys-insp/EA-Bentley-Comprehensive-Care-10282025.pdf,https://www.nj.gov/health/healthfacilities/surveys-insp/EA-Bentley-Comprehensive-Care-10282025.pdf,EXISTING_HASH_VERIFIED,1a13773cbe9c22ef629e50e3e38600ce508086462aa0258562b09543b13dc665,1a13773cbe9c22ef629e50e3e38600ce508086462aa0258562b09543b13dc665,,CANONICAL,SEE_CORPUS_SUMMARY_GRAIN,,,true,Order Lifting Directed Plan of Correction,directed_plan_of_correction,INDEX_METADATA,index_action,,,,,,,,false,true,2025,Bentley Comprehensive Care
nj-doh-enforcement-0296,https://www.nj.gov/health/healthfacilities/surveys-insp/enforcement_actions.shtml,/health/healthfacilities/surveys-insp/EA-New-Standard-Living-at-Millville-10212025.pdf,https://www.nj.gov/health/healthfacilities/surveys-insp/EA-New-Standard-Living-at-Millville-10212025.pdf,EXISTING_HASH_VERIFIED,9d07faa802c0717d084ac113ac0b41b1606002f3fab65d30de71219b0fb32a95,9d07faa802c0717d084ac113ac0b41b1606002f3fab65d30de71219b0fb32a95,,CANONICAL,SEE_CORPUS_SUMMARY_GRAIN,,,true,Order Lifting Curtailment of Readmissions,admission_curtailment,INDEX_METADATA,index_action,,,,,,,,false,true,2025,New Standard Senior Living at Millville
nj-doh-enforcement-0297,https://www.nj.gov/health/healthfacilities/surveys-insp/enforcement_actions.shtml,/health/healthfacilities/surveys-insp/EA-New-Standard-Senior-Living-at-Millville-10202025.pdf,https://www.nj.gov/health/healthfacilities/surveys-insp/EA-New-Standard-Senior-Living-at-Millville-10202025.pdf,EXISTING_HASH_VERIFIED,e364681f628a5f0153169530b6343c038f5a6d81645cd7732624e10317fb64e5,e364681f628a5f0153169530b6343c038f5a6d81645cd7732624e10317fb64e5,,CANONICAL,SEE_CORPUS_SUMMARY_GRAIN,,,true,Curtailment of Admissions and Readmissions Order and Directed Plan of Correction,admission_curtailment,INDEX_METADATA,index_action,,,,,,,,false,true,2025,New Standard Senior Living at Millville
nj-doh-enforcement-0298,https://www.nj.gov/health/healthfacilities/surveys-insp/enforcement_actions.shtml,/health/healthfacilities/surveys-insp/EA-Heights-University-Hospital-10172025.pdf,https://www.nj.gov/health/healthfacilities/surveys-insp/EA-Heights-University-Hospital-10172025.pdf,EXISTING_HASH_VERIFIED,12699758559a5bd0364035222feb60daef4363a54c16ff3c11316f938903475b,12699758559a5bd0364035222feb60daef4363a54c16ff3c11316f938903475b,,CANONICAL,SEE_CORPUS_SUMMARY_GRAIN,,,true,Information Requirement Order,other_expressly_identified_njdoh_action,INDEX_METADATA,index_action,,,,,,,,false,true,2025,Heights University Hospital
nj-doh-enforcement-0299,https://www.nj.gov/health/healthfacilities/surveys-insp/enforcement_actions.shtml,/health/healthfacilities/surveys-insp/EA-Iselin-Adult-Day-Care-Center-10162025.pdf,https://www.nj.gov/health/healthfacilities/surveys-insp/EA-Iselin-Adult-Day-Care-Center-10162025.pdf,EXISTING_HASH_VERIFIED,73a28bcf5a3973900612da673c78ca239e0d024cdac14a446e1f5fd76a756aa0,73a28bcf5a3973900612da673c78ca239e0d024cdac14a446e1f5fd76a756aa0,,CANONICAL,SEE_CORPUS_SUMMARY_GRAIN,,,true,Cease and Desist Order,other_expressly_identified_njdoh_action,INDEX_METADATA,index_action,,,,,,,,false,true,2025,Iselin Adult Day Care
nj-doh-enforcement-0300,https://www.nj.gov/health/healthfacilities/surveys-insp/enforcement_actions.shtml,/health/healthfacilities/surveys-insp/EA-St-Marys-Center-for-Rehabilitaion-and-Healthcare-10142025.pdf,https://www.nj.gov/health/healthfacilities/surveys-insp/EA-St-Marys-Center-for-Rehabilitaion-and-Healthcare-10142025.pdf,EXISTING_HASH_VERIFIED,582e34e8e82dbec95217496943208b3357d6aa29e23bef2183497cd8e3e56b0b,582e34e8e82dbec95217496943208b3357d6aa29e23bef2183497cd8e3e56b0b,,CANONICAL,SEE_CORPUS_SUMMARY_GRAIN,,,true,Notice of Assessment of Penalties,penalty_letter,INDEX_METADATA,index_action,,,,,,,,false,true,2025,St. Mary's Center for Rehab & Healthcare
nj-doh-enforcement-0301,https://www.nj.gov/health/healthfacilities/surveys-insp/enforcement_actions.shtml,/health/healthfacilities/surveys-insp/EA-%20Belle-Care-Nursing-and-Rehabilitation-10142025.pdf,https://www.nj.gov/health/healthfacilities/surveys-insp/EA-%20Belle-Care-Nursing-and-Rehabilitation-10142025.pdf,EXISTING_HASH_VERIFIED,a47eb114b7945788e15f3fe140a4632af8c1e31bcb67dc760925c34689231cf6,a47eb114b7945788e15f3fe140a4632af8c1e31bcb67dc760925c34689231cf6,,CANONICAL,SEE_CORPUS_SUMMARY_GRAIN,,,true,Notice of Assessment of Penalties,penalty_letter,INDEX_METADATA,index_action,,,,,,,,false,true,2025,Belle Care Nursing and Rehabilitation
nj-doh-enforcement-0302,https://www.nj.gov/health/healthfacilities/surveys-insp/enforcement_actions.shtml,/health/healthfacilities/surveys-insp/EA-Trenton-Gardens-Rehabilitation-and-Nursing-Center-10102025.pdf,https://www.nj.gov/health/healthfacilities/surveys-insp/EA-Trenton-Gardens-Rehabilitation-and-Nursing-Center-10102025.pdf,EXISTING_HASH_VERIFIED,0289147c7964ced27ce23eed134e9cc085b34430a9c5aec84686a181cc40514e,0289147c7964ced27ce23eed134e9cc085b34430a9c5aec84686a181cc40514e,,CANONICAL,SEE_CORPUS_SUMMARY_GRAIN,,,true,Curtailment of All Admissions and Readmissions Order and Amended Directed Plan of Correction,admission_curtailment,INDEX_METADATA,index_action,,,,,,,,false,true,2025,Trenton Gardens Rehabilitation and Nursing Center
nj-doh-enforcement-0303,https://www.nj.gov/health/healthfacilities/surveys-insp/enforcement_actions.shtml,/health/healthfacilities/surveys-insp/EA-Complete-Care-at-Shrewsbury-10102025.pdf,https://www.nj.gov/health/healthfacilities/surveys-insp/EA-Complete-Care-at-Shrewsbury-10102025.pdf,EXISTING_HASH_VERIFIED,15b4ccfcf4f7d28f81e2964c2fb6b774887371febf3d176196e71315920725a1,15b4ccfcf4f7d28f81e2964c2fb6b774887371febf3d176196e71315920725a1,,CANONICAL,SEE_CORPUS_SUMMARY_GRAIN,,,true,Notice of Assessment of Penalties,penalty_letter,INDEX_METADATA,index_action,,,,,,,,false,true,2025,Complete Care at Shrewsbury
nj-doh-enforcement-0304,https://www.nj.gov/health/healthfacilities/surveys-insp/enforcement_actions.shtml,/health/healthfacilities/surveys-insp/EA-Alaris-Health-at-Cedar-Grove-10092025.pdf,https://www.nj.gov/health/healthfacilities/surveys-insp/EA-Alaris-Health-at-Cedar-Grove-10092025.pdf,EXISTING_HASH_VERIFIED,9d5b1168f2dd37a2be141d0ca74191f17c595a5c249dc44a11f12cc92fed5988,9d5b1168f2dd37a2be141d0ca74191f17c595a5c249dc44a11f12cc92fed5988,,CANONICAL,SEE_CORPUS_SUMMARY_GRAIN,,,true,Notice of Assessment of Penalties,penalty_letter,INDEX_METADATA,index_action,,,,,,,,false,true,2025,Alaris Health at Cedar Grove
nj-doh-enforcement-0305,https://www.nj.gov/health/healthfacilities/surveys-insp/enforcement_actions.shtml,/health/healthfacilities/surveys-insp/EA-Radiology-Center-At-Harding-10072025.pdf,https://www.nj.gov/health/healthfacilities/surveys-insp/EA-Radiology-Center-At-Harding-10072025.pdf,EXISTING_HASH_VERIFIED,82d8606996589a3d99250a068b5efa704f4fb8d6753af9334aaea5679ab22e1e,82d8606996589a3d99250a068b5efa704f4fb8d6753af9334aaea5679ab22e1e,,CANONICAL,SEE_CORPUS_SUMMARY_GRAIN,,,true,Curtailment of Services Order,admission_curtailment,INDEX_METADATA,index_action,,,,,,,,false,true,2025,Radiology Center At Harding
nj-doh-enforcement-0306,https://www.nj.gov/health/healthfacilities/surveys-insp/enforcement_actions.shtml,/health/healthfacilities/surveys-insp/EA-Venetian-Care-and-Rehabilitation-Center-1062025.pdf,https://www.nj.gov/health/healthfacilities/surveys-insp/EA-Venetian-Care-and-Rehabilitation-Center-1062025.pdf,EXISTING_HASH_VERIFIED,47a70fd383f3d45c8257b34a9f89ec4964a4322cc3186013f4d0639c8fdf9150,47a70fd383f3d45c8257b34a9f89ec4964a4322cc3186013f4d0639c8fdf9150,,CANONICAL,SEE_CORPUS_SUMMARY_GRAIN,,,true,Notice of Assessment of Penalties,penalty_letter,INDEX_METADATA,index_action,,,,,,,,false,true,2025,Venetian Care and Rehabilitation Center
nj-doh-enforcement-0307,https://www.nj.gov/health/healthfacilities/surveys-insp/enforcement_actions.shtml,/health/healthfacilities/surveys-insp/EA-CareOne-at-Hanover-Township-10032025.pdf,https://www.nj.gov/health/healthfacilities/surveys-insp/EA-CareOne-at-Hanover-Township-10032025.pdf,EXISTING_HASH_VERIFIED,ec3c97b5f2d3fad39b0bb8ea9024758094123df54592cdf2bb493ab6477f909b,ec3c97b5f2d3fad39b0bb8ea9024758094123df54592cdf2bb493ab6477f909b,,CANONICAL,SEE_CORPUS_SUMMARY_GRAIN,,,true,Notice of Assessment of Penalties,penalty_letter,INDEX_METADATA,index_action,,,,,,,,false,true,2025,CareOne at Hanover Township
nj-doh-enforcement-0308,https://www.nj.gov/health/healthfacilities/surveys-insp/enforcement_actions.shtml,/health/healthfacilities/surveys-insp/EA-Hunterdon-Care-Center-09302025.pdf,https://www.nj.gov/health/healthfacilities/surveys-insp/EA-Hunterdon-Care-Center-09302025.pdf,EXISTING_HASH_VERIFIED,3fb90b39dbd196d3438c98298f4ae8cdc42ed5112788c122029fe40f66193d52,3fb90b39dbd196d3438c98298f4ae8cdc42ed5112788c122029fe40f66193d52,,CANONICAL,SEE_CORPUS_SUMMARY_GRAIN,,,true,Notice of Assessment of Penalties,penalty_letter,INDEX_METADATA,index_action,,,,,,,,false,true,2025,Hunterdon Care Center
nj-doh-enforcement-0309,https://www.nj.gov/health/healthfacilities/surveys-insp/enforcement_actions.shtml,/health/healthfacilities/surveys-insp/EA-Aristacare-at-Cherry-Hill-09292025.pdf,https://www.nj.gov/health/healthfacilities/surveys-insp/EA-Aristacare-at-Cherry-Hill-09292025.pdf,EXISTING_HASH_VERIFIED,6649090e28c90d6a6d076e2e0bd99d3a84cb214b0266a13760fa4254a55236ba,6649090e28c90d6a6d076e2e0bd99d3a84cb214b0266a13760fa4254a55236ba,,CANONICAL,SEE_CORPUS_SUMMARY_GRAIN,,,true,Notice of Assessment of Penalties,penalty_letter,INDEX_METADATA,index_action,,,,,,,,false,true,2025,Aristacare at Cherry Hill
nj-doh-enforcement-0310,https://www.nj.gov/health/healthfacilities/surveys-insp/enforcement_actions.shtml,/health/healthfacilities/surveys-insp/EA-CareOne-at-Evesham-09292025.pdf,https://www.nj.gov/health/healthfacilities/surveys-insp/EA-CareOne-at-Evesham-09292025.pdf,EXISTING_HASH_VERIFIED,be263bb7d8ac7310845c0cce8e3f190e9bf00cad62cb57e6723e6327acb55b6e,be263bb7d8ac7310845c0cce8e3f190e9bf00cad62cb57e6723e6327acb55b6e,,CANONICAL,SEE_CORPUS_SUMMARY_GRAIN,,,true,Notice of Assessment of Penalties,penalty_letter,INDEX_METADATA,index_action,,,,,,,,false,true,2025,CareOne at Evesham
nj-doh-enforcement-0311,https://www.nj.gov/health/healthfacilities/surveys-insp/enforcement_actions.shtml,/health/healthfacilities/surveys-insp/EA-Complete-Care-at-Hamilton-09242025.pdf,https://www.nj.gov/health/healthfacilities/surveys-insp/EA-Complete-Care-at-Hamilton-09242025.pdf,EXISTING_HASH_VERIFIED,a84ce05d67c489fe89c840c4cbb5ae690440be6a50f058a33f70f6efcc3eabc2,a84ce05d67c489fe89c840c4cbb5ae690440be6a50f058a33f70f6efcc3eabc2,,CANONICAL,SEE_CORPUS_SUMMARY_GRAIN,,,true,Notice of Assessment of Penalties,penalty_letter,INDEX_METADATA,index_action,,,,,,,,false,true,2025,Complete Care at Hamilton
nj-doh-enforcement-0312,https://www.nj.gov/health/healthfacilities/surveys-insp/enforcement_actions.shtml,/health/healthfacilities/surveys-insp/EA-Adroit-Care-Center-09242025.pdf,https://www.nj.gov/health/healthfacilities/surveys-insp/EA-Adroit-Care-Center-09242025.pdf,EXISTING_HASH_VERIFIED,5b18195c39b3baf14918381cb952952e78a246066591a78ed1577ba946bc4c69,5b18195c39b3baf14918381cb952952e78a246066591a78ed1577ba946bc4c69,,CANONICAL,SEE_CORPUS_SUMMARY_GRAIN,,,true,Notice of Assessment of Penalties,penalty_letter,INDEX_METADATA,index_action,,,,,,,,false,true,2025,Adroit Care Center
nj-doh-enforcement-0313,https://www.nj.gov/health/healthfacilities/surveys-insp/enforcement_actions.shtml,/health/healthfacilities/surveys-insp/EA-Complete-Care-at-Wayne-Hills-Rehabilitation-and-Respiratory-Center-09242025.pdf,https://www.nj.gov/health/healthfacilities/surveys-insp/EA-Complete-Care-at-Wayne-Hills-Rehabilitation-and-Respiratory-Center-09242025.pdf,EXISTING_HASH_VERIFIED,b47a24d475e07462b0385923903dff9b0ded0e6e5b410d2ad6565e8ac9593c4b,b47a24d475e07462b0385923903dff9b0ded0e6e5b410d2ad6565e8ac9593c4b,,CANONICAL,SEE_CORPUS_SUMMARY_GRAIN,,,true,Notice of Assessment of Penalties,penalty_letter,INDEX_METADATA,index_action,,,,,,,,false,true,2025,Complete Care at Wayne Hills Rehabilitation and Respiratory Center
nj-doh-enforcement-0314,https://www.nj.gov/health/healthfacilities/surveys-insp/enforcement_actions.shtml,/health/healthfacilities/surveys-insp/EA-Laurel-Manor-Healthcare-and-Rehab-Center-09232025.pdf,https://www.nj.gov/health/healthfacilities/surveys-insp/EA-Laurel-Manor-Healthcare-and-Rehab-Center-09232025.pdf,EXISTING_HASH_VERIFIED,80bc74de8d52e18148d39736bfba0cd5eb68dc6b470b3470756d876d1847bbbc,80bc74de8d52e18148d39736bfba0cd5eb68dc6b470b3470756d876d1847bbbc,,CANONICAL,SEE_CORPUS_SUMMARY_GRAIN,,,true,Notice of Assessment of Penalties,penalty_letter,INDEX_METADATA,index_action,,,,,,,,false,true,2025,Laurel Manor Healthcare and Rehab Center
nj-doh-enforcement-0315,https://www.nj.gov/health/healthfacilities/surveys-insp/enforcement_actions.shtml,/health/healthfacilities/surveys-insp/EA-Avant-Rehabilitation-and-Healthcare-09222025.pdf,https://www.nj.gov/health/healthfacilities/surveys-insp/EA-Avant-Rehabilitation-and-Healthcare-09222025.pdf,EXISTING_HASH_VERIFIED,0e2736ab59f8ed96fabe2f6e92a7b59628387f9c4cd1db1c7d413051b18a13d7,0e2736ab59f8ed96fabe2f6e92a7b59628387f9c4cd1db1c7d413051b18a13d7,,CANONICAL,SEE_CORPUS_SUMMARY_GRAIN,,,true,Notice of Assessment of Penalties,penalty_letter,INDEX_METADATA,index_action,,,,,,,,false,true,2025,Avant Rehabilitation and Healthcare
nj-doh-enforcement-0316,https://www.nj.gov/health/healthfacilities/surveys-insp/enforcement_actions.shtml,/health/healthfacilities/surveys-insp/EA-Aristacare-at-Cedar-Oaks-09222025.pdf,https://www.nj.gov/health/healthfacilities/surveys-insp/EA-Aristacare-at-Cedar-Oaks-09222025.pdf,EXISTING_HASH_VERIFIED,6eface1110e4b62c02c99eea5d5404587e711b195fe97db999ea3267bab486f1,6eface1110e4b62c02c99eea5d5404587e711b195fe97db999ea3267bab486f1,,CANONICAL,SEE_CORPUS_SUMMARY_GRAIN,,,true,Notice of Assessment of Penalties,penalty_letter,INDEX_METADATA,index_action,,,,,,,,false,true,2025,Aristacare at Cedar Oaks
nj-doh-enforcement-0317,https://www.nj.gov/health/healthfacilities/surveys-insp/enforcement_actions.shtml,/health/healthfacilities/surveys-insp/EA-Lawrence-Rehab-and-HCC-09222025.pdf,https://www.nj.gov/health/healthfacilities/surveys-insp/EA-Lawrence-Rehab-and-HCC-09222025.pdf,EXISTING_HASH_VERIFIED,2eb5afff55a96531b8150e7f604b1e6ac48852f97ebd3ba14f1b886351f71aa3,2eb5afff55a96531b8150e7f604b1e6ac48852f97ebd3ba14f1b886351f71aa3,,CANONICAL,SEE_CORPUS_SUMMARY_GRAIN,,,true,Notice of Assessment of Penalties,penalty_letter,INDEX_METADATA,index_action,,,,,,,,false,true,2025,Lawrence Rehab and HCC
nj-doh-enforcement-0318,https://www.nj.gov/health/healthfacilities/surveys-insp/enforcement_actions.shtml,/health/healthfacilities/surveys-insp/EA-United-Methodist-Communities-at-Pitman-09222025.pdf,https://www.nj.gov/health/healthfacilities/surveys-insp/EA-United-Methodist-Communities-at-Pitman-09222025.pdf,EXISTING_HASH_VERIFIED,b526fd1b04cdc632f8b733b088b2d45879460f28bfc77b794e379c8efa263bc9,b526fd1b04cdc632f8b733b088b2d45879460f28bfc77b794e379c8efa263bc9,,CANONICAL,SEE_CORPUS_SUMMARY_GRAIN,,,true,Notice of Assessment of Penalties,penalty_letter,INDEX_METADATA,index_action,,,,,,,,false,true,2025,United Methodist Communities at Pitman
nj-doh-enforcement-0319,https://www.nj.gov/health/healthfacilities/surveys-insp/enforcement_actions.shtml,/health/healthfacilities/surveys-insp/EA-Arnold-Walter-Nursing-and-Rehailitation-Center-09192025.pdf,https://www.nj.gov/health/healthfacilities/surveys-insp/EA-Arnold-Walter-Nursing-and-Rehailitation-Center-09192025.pdf,EXISTING_HASH_VERIFIED,ead2038da94e4f0447ba8b5af0025ad1dfa2420310217859f843167928f0ee74,ead2038da94e4f0447ba8b5af0025ad1dfa2420310217859f843167928f0ee74,,CANONICAL,SEE_CORPUS_SUMMARY_GRAIN,,,true,Notice of Assessment of Penalties,penalty_letter,INDEX_METADATA,index_action,,,,,,,,false,true,2025,Arnold Walter Nursing and Rehabilitation Center
nj-doh-enforcement-0320,https://www.nj.gov/health/healthfacilities/surveys-insp/enforcement_actions.shtml,/health/healthfacilities/surveys-insp/EA-Brookhaven-Health-Care-Center-09172025.pdf,https://www.nj.gov/health/healthfacilities/surveys-insp/EA-Brookhaven-Health-Care-Center-09172025.pdf,EXISTING_HASH_VERIFIED,4e33947abcaa706046031c46b53a61ff9dd87f302f7302d596023f6eb911d839,4e33947abcaa706046031c46b53a61ff9dd87f302f7302d596023f6eb911d839,,CANONICAL,SEE_CORPUS_SUMMARY_GRAIN,,,true,Notice of Assessment of Penalties,penalty_letter,INDEX_METADATA,index_action,,,,,,,,false,true,2025,Brookhaven Health Care Center
nj-doh-enforcement-0321,https://www.nj.gov/health/healthfacilities/surveys-insp/enforcement_actions.shtml,/health/healthfacilities/surveys-insp/EA-Bishop-McCarthy-Center-For-Rehab-and-Healthcare-09172025.pdf,https://www.nj.gov/health/healthfacilities/surveys-insp/EA-Bishop-McCarthy-Center-For-Rehab-and-Healthcare-09172025.pdf,EXISTING_HASH_VERIFIED,0ce150803ecebc579370012258c17cee1c25b04dd8f0dadcc47adafb36eefd61,0ce150803ecebc579370012258c17cee1c25b04dd8f0dadcc47adafb36eefd61,,CANONICAL,SEE_CORPUS_SUMMARY_GRAIN,,,true,Notice of Assessment of Penalties,penalty_letter,INDEX_METADATA,index_action,,,,,,,,false,true,2025,Bishop-McCarthy-Center-For-Rehab-and-Healthcare
nj-doh-enforcement-0322,https://www.nj.gov/health/healthfacilities/surveys-insp/enforcement_actions.shtml,/health/healthfacilities/surveys-insp/EA-South-Mountain-Healthcare-and-Rehabilitation-Center-09172025.pdf,https://www.nj.gov/health/healthfacilities/surveys-insp/EA-South-Mountain-Healthcare-and-Rehabilitation-Center-09172025.pdf,EXISTING_HASH_VERIFIED,51cfac5b3f1a7c56f08508bb735d7619ccaefc8fae81ecfd1aa2a807d5d1e67b,51cfac5b3f1a7c56f08508bb735d7619ccaefc8fae81ecfd1aa2a807d5d1e67b,,CANONICAL,SEE_CORPUS_SUMMARY_GRAIN,,,true,Notice of Assessment of Penalties,penalty_letter,INDEX_METADATA,index_action,,,,,,,,false,true,2025,South Mountain Healthcare and Rehabilitation Center
nj-doh-enforcement-0323,https://www.nj.gov/health/healthfacilities/surveys-insp/enforcement_actions.shtml,/health/healthfacilities/surveys-insp/EA-Health-Center-at-Bloomingdale-09162025.pdf,https://www.nj.gov/health/healthfacilities/surveys-insp/EA-Health-Center-at-Bloomingdale-09162025.pdf,EXISTING_HASH_VERIFIED,eef9bf244ae4db088c2b2f6b7948d7195d0a386e1ef1593567dda114dd2f1744,eef9bf244ae4db088c2b2f6b7948d7195d0a386e1ef1593567dda114dd2f1744,,CANONICAL,SEE_CORPUS_SUMMARY_GRAIN,,,true,Notice of Assessment of Penalties,penalty_letter,INDEX_METADATA,index_action,,,,,,,,false,true,2025,Health Center at Bloomingdale
nj-doh-enforcement-0324,https://www.nj.gov/health/healthfacilities/surveys-insp/enforcement_actions.shtml,/health/healthfacilities/surveys-insp/EA-Atlas-Rehabilitation-and-Healthcare-at-Maywood-09152025.pdf,https://www.nj.gov/health/healthfacilities/surveys-insp/EA-Atlas-Rehabilitation-and-Healthcare-at-Maywood-09152025.pdf,EXISTING_HASH_VERIFIED,6764f72247f3e5649cfa4e9d47097e369535245e588dcf63b7bec0e3a3d50957,6764f72247f3e5649cfa4e9d47097e369535245e588dcf63b7bec0e3a3d50957,,CANONICAL,SEE_CORPUS_SUMMARY_GRAIN,,,true,Notice of Assessment of Penalties,penalty_letter,INDEX_METADATA,index_action,,,,,,,,false,true,2025,Atlas Rehabilitation and Healthcare at Maywood
nj-doh-enforcement-0325,https://www.nj.gov/health/healthfacilities/surveys-insp/enforcement_actions.shtml,/health/healthfacilities/surveys-insp/EA-Deptford-Center-for-Rehabilitation-and-Healthcare-09112025.pdf,https://www.nj.gov/health/healthfacilities/surveys-insp/EA-Deptford-Center-for-Rehabilitation-and-Healthcare-09112025.pdf,EXISTING_HASH_VERIFIED,cce72e19c8b3cace910d8c39e920d02c5069ee72561cb84cfe4c3907df24103b,cce72e19c8b3cace910d8c39e920d02c5069ee72561cb84cfe4c3907df24103b,,CANONICAL,SEE_CORPUS_SUMMARY_GRAIN,,,true,Notice of Assessment of Penalties,penalty_letter,INDEX_METADATA,index_action,,,,,,,,false,true,2025,Deptford Center for Rehabilitation and Healthcare
nj-doh-enforcement-0326,https://www.nj.gov/health/healthfacilities/surveys-insp/enforcement_actions.shtml,/health/healthfacilities/surveys-insp/EA-Atlas-Rehabilitation-and-Healthcare-at-West-Deptford-09102025.pdf,https://www.nj.gov/health/healthfacilities/surveys-insp/EA-Atlas-Rehabilitation-and-Healthcare-at-West-Deptford-09102025.pdf,EXISTING_HASH_VERIFIED,2b8775c6214ac4c11b2529eddfbe12d188c39b15d28ce8cc1f83b19c7dedfd16,2b8775c6214ac4c11b2529eddfbe12d188c39b15d28ce8cc1f83b19c7dedfd16,,CANONICAL,SEE_CORPUS_SUMMARY_GRAIN,,,true,Notice of Assessment of Penalties,penalty_letter,INDEX_METADATA,index_action,,,,,,,,false,true,2025,Atlas Rehabilitation and Healthcare at West Deptford
nj-doh-enforcement-0327,https://www.nj.gov/health/healthfacilities/surveys-insp/enforcement_actions.shtml,/health/healthfacilities/surveys-insp/EA-Little-Brook-Nursing-and-Convalescent-Home-09102025.pdf,https://www.nj.gov/health/healthfacilities/surveys-insp/EA-Little-Brook-Nursing-and-Convalescent-Home-09102025.pdf,EXISTING_HASH_VERIFIED,3ae8732bb88b6bf7f09d154ebb43e9311a68756c5d5b625184bd1c372f6245f4,3ae8732bb88b6bf7f09d154ebb43e9311a68756c5d5b625184bd1c372f6245f4,,CANONICAL,SEE_CORPUS_SUMMARY_GRAIN,,,true,Notice of Assessment of Penalties,penalty_letter,INDEX_METADATA,index_action,,,,,,,,false,true,2025,Little Brook Nursing and Convalescent Home
nj-doh-enforcement-0328,https://www.nj.gov/health/healthfacilities/surveys-insp/enforcement_actions.shtml,/health/healthfacilities/surveys-insp/EA-%20Runnells-Center-for-Rehabilitation-and-Healthcare-09102025.pdf,https://www.nj.gov/health/healthfacilities/surveys-insp/EA-%20Runnells-Center-for-Rehabilitation-and-Healthcare-09102025.pdf,EXISTING_HASH_VERIFIED,a00a4a10bde740d2bcd3a12fd54d456e4f3e4fcd057cb4a7c8f5e9b7c9e19349,a00a4a10bde740d2bcd3a12fd54d456e4f3e4fcd057cb4a7c8f5e9b7c9e19349,,CANONICAL,SEE_CORPUS_SUMMARY_GRAIN,,,true,Notice of Assessment of Penalties,penalty_letter,INDEX_METADATA,index_action,,,,,,,,false,true,2025,Runnells Center for Rehabilitation and Healthcare
nj-doh-enforcement-0329,https://www.nj.gov/health/healthfacilities/surveys-insp/enforcement_actions.shtml,/health/healthfacilities/surveys-insp/EA-Amended-Aristacare-at-Whiting-09102025.pdf,https://www.nj.gov/health/healthfacilities/surveys-insp/EA-Amended-Aristacare-at-Whiting-09102025.pdf,EXISTING_HASH_VERIFIED,0ef5ae4defdeeae5c9f6b98d62289896b5a2e47347b55f27d976278f56646248,0ef5ae4defdeeae5c9f6b98d62289896b5a2e47347b55f27d976278f56646248,,CANONICAL,SEE_CORPUS_SUMMARY_GRAIN,,,true,Amended Notice of Assessment of Penalties,penalty_letter,INDEX_METADATA,index_action,,,,,,,,false,true,2025,Aristacare at Whiting
nj-doh-enforcement-0330,https://www.nj.gov/health/healthfacilities/surveys-insp/enforcement_actions.shtml,/health/healthfacilities/surveys-insp/EA-Amended-Barclays-Rehabilitation-and-Healthcare-Center-09102025.pdf,https://www.nj.gov/health/healthfacilities/surveys-insp/EA-Amended-Barclays-Rehabilitation-and-Healthcare-Center-09102025.pdf,EXISTING_HASH_VERIFIED,7b1454786861b8d498a2f34000b6efafe7d73f90b12de6b221bc530b641d76d4,7b1454786861b8d498a2f34000b6efafe7d73f90b12de6b221bc530b641d76d4,,CANONICAL,SEE_CORPUS_SUMMARY_GRAIN,,,true,Amended Notice of Assessment of Penalties,penalty_letter,INDEX_METADATA,index_action,,,,,,,,false,true,2025,Barclays Rehabilitation and Healthcare Center
nj-doh-enforcement-0331,https://www.nj.gov/health/healthfacilities/surveys-insp/enforcement_actions.shtml,/health/healthfacilities/surveys-insp/EA-The-Health-Center-at-Galloway-09102025.pdf,https://www.nj.gov/health/healthfacilities/surveys-insp/EA-The-Health-Center-at-Galloway-09102025.pdf,EXISTING_HASH_VERIFIED,feb3b3cdda26bc97ed3279d4d8319df52ab19ef63079c5c41b1690427d148c81,feb3b3cdda26bc97ed3279d4d8319df52ab19ef63079c5c41b1690427d148c81,,CANONICAL,SEE_CORPUS_SUMMARY_GRAIN,,,true,Notice of Assessment of Penalties,penalty_letter,INDEX_METADATA,index_action,,,,,,,,false,true,2025,The Health Center at Galloway
nj-doh-enforcement-0332,https://www.nj.gov/health/healthfacilities/surveys-insp/enforcement_actions.shtml,/health/healthfacilities/surveys-insp/EA-Mohawk-Meadows-09082025.pdf,https://www.nj.gov/health/healthfacilities/surveys-insp/EA-Mohawk-Meadows-09082025.pdf,EXISTING_HASH_VERIFIED,934b3bc53f680ebc62c2ce087d3cee57512a96feeb45fe3562692ac48a4e5b91,934b3bc53f680ebc62c2ce087d3cee57512a96feeb45fe3562692ac48a4e5b91,,CANONICAL,SEE_CORPUS_SUMMARY_GRAIN,,,true,Notice of Assessment of Penalties,penalty_letter,INDEX_METADATA,index_action,,,,,,,,false,true,2025,Mohawk Meadows
nj-doh-enforcement-0333,https://www.nj.gov/health/healthfacilities/surveys-insp/enforcement_actions.shtml,/health/healthfacilities/surveys-insp/EA-Park-Crescent-Healthcare-and-Rehab-Center-09052025.pdf,https://www.nj.gov/health/healthfacilities/surveys-insp/EA-Park-Crescent-Healthcare-and-Rehab-Center-09052025.pdf,EXISTING_HASH_VERIFIED,ceaf4a991513c8983fbf8efde58613e8d17a42e795a059a1783156b1e44847d9,ceaf4a991513c8983fbf8efde58613e8d17a42e795a059a1783156b1e44847d9,,CANONICAL,SEE_CORPUS_SUMMARY_GRAIN,,,true,Notice of Assessment of Penalties,penalty_letter,INDEX_METADATA,index_action,,,,,,,,false,true,2025,Park Crescent Healthcare and Rehab Center
nj-doh-enforcement-0334,https://www.nj.gov/health/healthfacilities/surveys-insp/enforcement_actions.shtml,/health/healthfacilities/surveys-insp/EA-Barclays-Rehab-and-Healthcare-Center-09102025.pdf,https://www.nj.gov/health/healthfacilities/surveys-insp/EA-Barclays-Rehab-and-Healthcare-Center-09102025.pdf,EXISTING_HASH_VERIFIED,58cdd0ed0e5d1957a4855a670abb803a4bf08fa1bfeaaa2cbdcb6ed6c0313cb8,58cdd0ed0e5d1957a4855a670abb803a4bf08fa1bfeaaa2cbdcb6ed6c0313cb8,,CANONICAL,SEE_CORPUS_SUMMARY_GRAIN,,,true,Notice of Assessment of Penalties,penalty_letter,INDEX_METADATA,index_action,,,,,,,,false,true,2025,Barclays Rehab and Healthcare Center
nj-doh-enforcement-0335,https://www.nj.gov/health/healthfacilities/surveys-insp/enforcement_actions.shtml,/health/healthfacilities/surveys-insp/EA-Aristacare-at-Whiting-09102025.pdf,https://www.nj.gov/health/healthfacilities/surveys-insp/EA-Aristacare-at-Whiting-09102025.pdf,EXISTING_HASH_VERIFIED,9ce037a6aca14366a418a06c02dc9b559e3aef354c10303c9053f9dc66a74d6a,9ce037a6aca14366a418a06c02dc9b559e3aef354c10303c9053f9dc66a74d6a,,CANONICAL,SEE_CORPUS_SUMMARY_GRAIN,,,true,Notice of Assessment of Penalties,penalty_letter,INDEX_METADATA,index_action,,,,,,,,false,true,2025,Aristacare at Whiting
nj-doh-enforcement-0336,https://www.nj.gov/health/healthfacilities/surveys-insp/enforcement_actions.shtml,/health/healthfacilities/surveys-insp/EA-Phoenix-Center-for-Rehabilitation-and-Pediatrics-09032025.pdf,https://www.nj.gov/health/healthfacilities/surveys-insp/EA-Phoenix-Center-for-Rehabilitation-and-Pediatrics-09032025.pdf,EXISTING_HASH_VERIFIED,95abc4d42cf3fef95f0945c9db1650c8f8b98c46fd6ff8e4ec089f3e0a7fbbd8,95abc4d42cf3fef95f0945c9db1650c8f8b98c46fd6ff8e4ec089f3e0a7fbbd8,,CANONICAL,SEE_CORPUS_SUMMARY_GRAIN,,,true,Notice of Assessment of Penalties,penalty_letter,INDEX_METADATA,index_action,,,,,,,,false,true,2025,Phoenix Center for Rehabilitation and Pediatrics
nj-doh-enforcement-0337,https://www.nj.gov/health/healthfacilities/surveys-insp/enforcement_actions.shtml,/health/healthfacilities/surveys-insp/EA-%20Barnegat-Rehabilitation-and-Nursing-Center-08292025.pdf,https://www.nj.gov/health/healthfacilities/surveys-insp/EA-%20Barnegat-Rehabilitation-and-Nursing-Center-08292025.pdf,EXISTING_HASH_VERIFIED,4e66b0996d67930518557e9b14b25f4b6cd848451e32d560a0f5af8e4d2d23e1,4e66b0996d67930518557e9b14b25f4b6cd848451e32d560a0f5af8e4d2d23e1,,CANONICAL,SEE_CORPUS_SUMMARY_GRAIN,,,true,Notice of Assessment of Penalties,penalty_letter,INDEX_METADATA,index_action,,,,,,,,false,true,2025,Barnegat Rehabilitation and Nursing Center
nj-doh-enforcement-0338,https://www.nj.gov/health/healthfacilities/surveys-insp/enforcement_actions.shtml,/health/healthfacilities/surveys-insp/EA-Complete-Care-at-Marcella-08292025.pdf,https://www.nj.gov/health/healthfacilities/surveys-insp/EA-Complete-Care-at-Marcella-08292025.pdf,EXISTING_HASH_VERIFIED,d4d44537665bd4a737663cc0c963c19f1f470e6ad978d0eee3912e7d6988ae2f,d4d44537665bd4a737663cc0c963c19f1f470e6ad978d0eee3912e7d6988ae2f,,CANONICAL,SEE_CORPUS_SUMMARY_GRAIN,,,true,Notice of Assessment of Penalties,penalty_letter,INDEX_METADATA,index_action,,,,,,,,false,true,2025,Complete Care at Marcella
nj-doh-enforcement-0339,https://www.nj.gov/health/healthfacilities/surveys-insp/enforcement_actions.shtml,/health/healthfacilities/surveys-insp/EA-Cambridge-Rehabilitation-and-Healthcare-Center-08292025.pdf,https://www.nj.gov/health/healthfacilities/surveys-insp/EA-Cambridge-Rehabilitation-and-Healthcare-Center-08292025.pdf,EXISTING_HASH_VERIFIED,4fa09a1f47f56f4164831b432a789262fba3c761398bd7f063431de483a3959a,4fa09a1f47f56f4164831b432a789262fba3c761398bd7f063431de483a3959a,,CANONICAL,SEE_CORPUS_SUMMARY_GRAIN,,,true,Notice of Assessment of Penalties,penalty_letter,INDEX_METADATA,index_action,,,,,,,,false,true,2025,Cambridge Rehabilitation and Healthcare Center
nj-doh-enforcement-0340,https://www.nj.gov/health/healthfacilities/surveys-insp/enforcement_actions.shtml,/health/healthfacilities/surveys-insp/EA-Forest-Hills-Center-for-Rehabilitation-and-Healing-08252025.pdf,https://www.nj.gov/health/healthfacilities/surveys-insp/EA-Forest-Hills-Center-for-Rehabilitation-and-Healing-08252025.pdf,EXISTING_HASH_VERIFIED,3c0ac44e8a87b66885bbceca0f735c55003a10bf29379b800801cdf4a9ac387b,3c0ac44e8a87b66885bbceca0f735c55003a10bf29379b800801cdf4a9ac387b,,CANONICAL,SEE_CORPUS_SUMMARY_GRAIN,,,true,Notice of Assessment of Penalties,penalty_letter,INDEX_METADATA,index_action,,,,,,,,false,true,2025,Forest Hills Center for Rehabilitation and Healing
nj-doh-enforcement-0341,https://www.nj.gov/health/healthfacilities/surveys-insp/enforcement_actions.shtml,/health/healthfacilities/surveys-insp/EA-NJ-Cataract-and-Laser-Institute-08222025.pdf,https://www.nj.gov/health/healthfacilities/surveys-insp/EA-NJ-Cataract-and-Laser-Institute-08222025.pdf,EXISTING_HASH_VERIFIED,a02c76a45e96ad0c3fd9131f2d23859a48dc4ecff0d8da95ce1dfee0e2978991,a02c76a45e96ad0c3fd9131f2d23859a48dc4ecff0d8da95ce1dfee0e2978991,,CANONICAL,SEE_CORPUS_SUMMARY_GRAIN,,,true,Order Lifting Directed Plan of Correction,directed_plan_of_correction,INDEX_METADATA,index_action,,,,,,,,false,true,2025,NJ Cataract & Laser Institute
nj-doh-enforcement-0342,https://www.nj.gov/health/healthfacilities/surveys-insp/enforcement_actions.shtml,/health/healthfacilities/surveys-insp/EA-Complete-Care-at-Woodlands-08212025.pdf,https://www.nj.gov/health/healthfacilities/surveys-insp/EA-Complete-Care-at-Woodlands-08212025.pdf,EXISTING_HASH_VERIFIED,6cada4a0a1b30809991f62585fdf8785809e98d9172ed4e77f6b3fd498061e83,6cada4a0a1b30809991f62585fdf8785809e98d9172ed4e77f6b3fd498061e83,,CANONICAL,SEE_CORPUS_SUMMARY_GRAIN,,,true,Notice of Assessment of Penalties,penalty_letter,INDEX_METADATA,index_action,,,,,,,,false,true,2025,Complete Care at Woodlands
nj-doh-enforcement-0343,https://www.nj.gov/health/healthfacilities/surveys-insp/enforcement_actions.shtml,/health/healthfacilities/surveys-insp/EA-Seashore-Gardens-Living-Center-08202025.pdf,https://www.nj.gov/health/healthfacilities/surveys-insp/EA-Seashore-Gardens-Living-Center-08202025.pdf,EXISTING_HASH_VERIFIED,5c45315a513bb72a90d2a03808b7ff63fef513af56b5438ca49b93be2cd7fbbb,5c45315a513bb72a90d2a03808b7ff63fef513af56b5438ca49b93be2cd7fbbb,,CANONICAL,SEE_CORPUS_SUMMARY_GRAIN,,,true,Notice of Assessment of Penalties,penalty_letter,INDEX_METADATA,index_action,,,,,,,,false,true,2025,Seashore Gardens Living Center
nj-doh-enforcement-0344,https://www.nj.gov/health/healthfacilities/surveys-insp/enforcement_actions.shtml,/health/healthfacilities/surveys-insp/EA-Trenton-Gardens-Rehabilitation-and-Nursing-Center-08202025.pdf,https://www.nj.gov/health/healthfacilities/surveys-insp/EA-Trenton-Gardens-Rehabilitation-and-Nursing-Center-08202025.pdf,EXISTING_HASH_VERIFIED,48d6e3f158f1293fccf2a8b83bfc9ae5a673387708daf22b4c51d8704c6c53c7,48d6e3f158f1293fccf2a8b83bfc9ae5a673387708daf22b4c51d8704c6c53c7,,CANONICAL,SEE_CORPUS_SUMMARY_GRAIN,,,true,Curtailment of Readmissions Order and Directed Plan of Correction,admission_curtailment,INDEX_METADATA,index_action,,,,,,,,false,true,2025,Trenton Gardens Rehabilitation and Nursing Center
nj-doh-enforcement-0345,https://www.nj.gov/health/healthfacilities/surveys-insp/enforcement_actions.shtml,/health/healthfacilities/surveys-insp/EA-Fountainview-Care-Center-08182025.pdf,https://www.nj.gov/health/healthfacilities/surveys-insp/EA-Fountainview-Care-Center-08182025.pdf,EXISTING_HASH_VERIFIED,eb5dbce7fff1cae625beb1087e7e09375b415c019d6d7becdbbb3d81e4144a0e,eb5dbce7fff1cae625beb1087e7e09375b415c019d6d7becdbbb3d81e4144a0e,,CANONICAL,SEE_CORPUS_SUMMARY_GRAIN,,,true,Notice of Assessment of Penalties,penalty_letter,INDEX_METADATA,index_action,,,,,,,,false,true,2025,Fountainview Care Center
nj-doh-enforcement-0346,https://www.nj.gov/health/healthfacilities/surveys-insp/enforcement_actions.shtml,/health/healthfacilities/surveys-insp/EA-Homestead-Rehabilitation-and-Healthcare-Center-08152025.pdf,https://www.nj.gov/health/healthfacilities/surveys-insp/EA-Homestead-Rehabilitation-and-Healthcare-Center-08152025.pdf,EXISTING_HASH_VERIFIED,a71a24db7430c730af4228ad408d098fd26752c48db874bd970c6a780155909c,a71a24db7430c730af4228ad408d098fd26752c48db874bd970c6a780155909c,,CANONICAL,SEE_CORPUS_SUMMARY_GRAIN,,,true,Notice of Assessment of Penalties,penalty_letter,INDEX_METADATA,index_action,,,,,,,,false,true,2025,Homestead Rehabilitation and Healthcare Center
nj-doh-enforcement-0347,https://www.nj.gov/health/healthfacilities/surveys-insp/enforcement_actions.shtml,/health/healthfacilities/surveys-insp/EA-Complete-Care-at-St-Vincents-08152025.pdf,https://www.nj.gov/health/healthfacilities/surveys-insp/EA-Complete-Care-at-St-Vincents-08152025.pdf,EXISTING_HASH_VERIFIED,27afeb691d83666a49890f35148fe2e466ef852dd4daaabdf857a21994d83df7,27afeb691d83666a49890f35148fe2e466ef852dd4daaabdf857a21994d83df7,,CANONICAL,SEE_CORPUS_SUMMARY_GRAIN,,,true,Notice of Assessment of Penalties,penalty_letter,INDEX_METADATA,index_action,,,,,,,,false,true,2025,Complete Care at St. Vincents
nj-doh-enforcement-0348,https://www.nj.gov/health/healthfacilities/surveys-insp/enforcement_actions.shtml,/health/healthfacilities/surveys-insp/EA-Silver-Lake-Hospital-08152025.pdf,https://www.nj.gov/health/healthfacilities/surveys-insp/EA-Silver-Lake-Hospital-08152025.pdf,EXISTING_HASH_VERIFIED,a7221a204ddb5587b09ab624e6299f7b8d616bb5dcb1795205b6257620ac8df1,a7221a204ddb5587b09ab624e6299f7b8d616bb5dcb1795205b6257620ac8df1,,CANONICAL,SEE_CORPUS_SUMMARY_GRAIN,,,true,Information Requirement Order,other_expressly_identified_njdoh_action,INDEX_METADATA,index_action,,,,,,,,false,true,2025,Silver Lake Hospital LTACH
nj-doh-enforcement-0349,https://www.nj.gov/health/healthfacilities/surveys-insp/enforcement_actions.shtml,/health/healthfacilities/surveys-insp/EA-Allaire-Rehabilitation-and-Nursing-08152025.pdf,https://www.nj.gov/health/healthfacilities/surveys-insp/EA-Allaire-Rehabilitation-and-Nursing-08152025.pdf,EXISTING_HASH_VERIFIED,ebf4713b5251dfab9f403491778143d4c88626ed62a6f93e7ea4708bd582ded5,ebf4713b5251dfab9f403491778143d4c88626ed62a6f93e7ea4708bd582ded5,,CANONICAL,SEE_CORPUS_SUMMARY_GRAIN,,,true,Notice of Assessment of Penalties,penalty_letter,INDEX_METADATA,index_action,,,,,,,,false,true,2025,Allaire Rehabilitation and Nursing
nj-doh-enforcement-0350,https://www.nj.gov/health/healthfacilities/surveys-insp/enforcement_actions.shtml,/health/healthfacilities/surveys-insp/EA-Hudsonview-Health-Care-Center-08132025.pdf,https://www.nj.gov/health/healthfacilities/surveys-insp/EA-Hudsonview-Health-Care-Center-08132025.pdf,EXISTING_HASH_VERIFIED,6a7c9dce10df43d2ce585ddf1422ab6f5c6a3515094d42476067dffd9cab6242,6a7c9dce10df43d2ce585ddf1422ab6f5c6a3515094d42476067dffd9cab6242,,CANONICAL,SEE_CORPUS_SUMMARY_GRAIN,,,true,Notice of Assessment of Penalties,penalty_letter,INDEX_METADATA,index_action,,,,,,,,false,true,2025,Hudsonview Health Care Center
nj-doh-enforcement-0351,https://www.nj.gov/health/healthfacilities/surveys-insp/enforcement_actions.shtml,/health/healthfacilities/surveys-insp/EA-Redbank-Center-for-Rehabilitation-08122025.pdf,https://www.nj.gov/health/healthfacilities/surveys-insp/EA-Redbank-Center-for-Rehabilitation-08122025.pdf,EXISTING_HASH_VERIFIED,cd57ddfc422d6193d6ee1f44a1290b85340e88db8bdfe0416c67c5f256ff9b78,cd57ddfc422d6193d6ee1f44a1290b85340e88db8bdfe0416c67c5f256ff9b78,,CANONICAL,SEE_CORPUS_SUMMARY_GRAIN,,,true,Notice of Assessment of Penalties,penalty_letter,INDEX_METADATA,index_action,,,,,,,,false,true,2025,Redbank Center for Rehabilitation
nj-doh-enforcement-0352,https://www.nj.gov/health/healthfacilities/surveys-insp/enforcement_actions.shtml,/health/healthfacilities/surveys-insp/EA-Bentley-Comprehensive-Care-08072025.pdf,https://www.nj.gov/health/healthfacilities/surveys-insp/EA-Bentley-Comprehensive-Care-08072025.pdf,EXISTING_HASH_VERIFIED,ac70ad1671b8a92ed605ae2d98e162e8bdd5054b1dff734c8a497db1206ebedf,ac70ad1671b8a92ed605ae2d98e162e8bdd5054b1dff734c8a497db1206ebedf,,CANONICAL,SEE_CORPUS_SUMMARY_GRAIN,,,true,Directed Plan of Correction,directed_plan_of_correction,INDEX_METADATA,index_action,,,,,,,,false,true,2025,Bentley Comprehensive Care
nj-doh-enforcement-0353,https://www.nj.gov/health/healthfacilities/surveys-insp/enforcement_actions.shtml,/health/healthfacilities/surveys-insp/EA-Laurel-Bay-Health-and-Rehabilitation-Center-08062025.pdf,https://www.nj.gov/health/healthfacilities/surveys-insp/EA-Laurel-Bay-Health-and-Rehabilitation-Center-08062025.pdf,EXISTING_HASH_VERIFIED,0baf3e01026fea19db10dc6867f0cdcdac616e7648da60c1f1afaf8a92144843,0baf3e01026fea19db10dc6867f0cdcdac616e7648da60c1f1afaf8a92144843,,CANONICAL,SEE_CORPUS_SUMMARY_GRAIN,,,true,Notice of Assessment of Penalties,penalty_letter,INDEX_METADATA,index_action,,,,,,,,false,true,2025,Laurel Bay Health and Rehabilitation Center
nj-doh-enforcement-0354,https://www.nj.gov/health/healthfacilities/surveys-insp/enforcement_actions.shtml,/health/healthfacilities/surveys-insp/EA-Silver-Lake-Hospital-LTACH-07302025.pdf,https://www.nj.gov/health/healthfacilities/surveys-insp/EA-Silver-Lake-Hospital-LTACH-07302025.pdf,EXISTING_HASH_VERIFIED,b58d11a25217142775b163127699215369c2719a182a6c848fe29bcf5bf95cd6,b58d11a25217142775b163127699215369c2719a182a6c848fe29bcf5bf95cd6,,CANONICAL,SEE_CORPUS_SUMMARY_GRAIN,,,true,Information Requirement Order,other_expressly_identified_njdoh_action,INDEX_METADATA,index_action,,,,,,,,false,true,2025,Silver Lake Hospital LTACH
nj-doh-enforcement-0355,https://www.nj.gov/health/healthfacilities/surveys-insp/enforcement_actions.shtml,/health/healthfacilities/surveys-insp/EA-Silver-Lake-Hospital-LTACH-07292025.pdf,https://www.nj.gov/health/healthfacilities/surveys-insp/EA-Silver-Lake-Hospital-LTACH-07292025.pdf,EXISTING_HASH_VERIFIED,8662a26f7fb3b8e247e04c9d51db384273d51db627feefdaaf409923539daec1,8662a26f7fb3b8e247e04c9d51db384273d51db627feefdaaf409923539daec1,,CANONICAL,SEE_CORPUS_SUMMARY_GRAIN,,,true,Order Lifting Curtailment of Admissions and Readmissions,admission_curtailment,INDEX_METADATA,index_action,,,,,,,,false,true,2025,Silver Lake Hospital LTACH
nj-doh-enforcement-0356,https://www.nj.gov/health/healthfacilities/surveys-insp/enforcement_actions.shtml,/health/healthfacilities/surveys-insp/EA-Silver-Lake-Hospital-LTACH-07252025.pdf,https://www.nj.gov/health/healthfacilities/surveys-insp/EA-Silver-Lake-Hospital-LTACH-07252025.pdf,EXISTING_HASH_VERIFIED,c2d5c35c898b5004ac25a1fd4cbd53c6b3e425db42f4fa05503e467fc4bed146,c2d5c35c898b5004ac25a1fd4cbd53c6b3e425db42f4fa05503e467fc4bed146,,CANONICAL,SEE_CORPUS_SUMMARY_GRAIN,,,true,Amended Order Curtailing New Admissions and Readmissions,unclassified_regulatory_document,UNCLASSIFIED,index_action,,,,,,,,false,true,2025,Silver Lake Hospital LTACH
nj-doh-enforcement-0357,https://www.nj.gov/health/healthfacilities/surveys-insp/enforcement_actions.shtml,/health/healthfacilities/surveys-insp/EA-NJ-Cataract-And-Laser-Institute-07242025.pdf,https://www.nj.gov/health/healthfacilities/surveys-insp/EA-NJ-Cataract-And-Laser-Institute-07242025.pdf,EXISTING_HASH_VERIFIED,32e1f20c7918efc74e4d26f9f879179368e0fafe29ead1c9edec9ea109da88fb,32e1f20c7918efc74e4d26f9f879179368e0fafe29ead1c9edec9ea109da88fb,,CANONICAL,SEE_CORPUS_SUMMARY_GRAIN,,,true,Order Temporarily Lifting Curtailment of Services Order,admission_curtailment,INDEX_METADATA,index_action,,,,,,,,false,true,2025,NJ Cataract & Laser Institute
nj-doh-enforcement-0358,https://www.nj.gov/health/healthfacilities/surveys-insp/enforcement_actions.shtml,/health/healthfacilities/surveys-insp/EA-Silver-Lake-Hospital-LTACH-07212025.pdf,https://www.nj.gov/health/healthfacilities/surveys-insp/EA-Silver-Lake-Hospital-LTACH-07212025.pdf,EXISTING_HASH_VERIFIED,20f90deba42d3be023789ddb36f168297cb4898dab87b5f6ed0bc329edd93a16,20f90deba42d3be023789ddb36f168297cb4898dab87b5f6ed0bc329edd93a16,,CANONICAL,SEE_CORPUS_SUMMARY_GRAIN,,,true,Order Curtailing New Admissions and Readmissions,unclassified_regulatory_document,UNCLASSIFIED,index_action,,,,,,,,false,true,2025,Silver Lake Hospital LTACH
nj-doh-enforcement-0359,https://www.nj.gov/health/healthfacilities/surveys-insp/enforcement_actions.shtml,/health/healthfacilities/surveys-insp/EA-Berlin-Rehabilitation-and-Healthcare-07142025.pdf,https://www.nj.gov/health/healthfacilities/surveys-insp/EA-Berlin-Rehabilitation-and-Healthcare-07142025.pdf,EXISTING_HASH_VERIFIED,32c91a9e740d2183c33933445104c27237b59e863676ede0b1d8ff7785df3ab7,32c91a9e740d2183c33933445104c27237b59e863676ede0b1d8ff7785df3ab7,,CANONICAL,SEE_CORPUS_SUMMARY_GRAIN,,,true,Notice of Assessment of Penalties,penalty_letter,INDEX_METADATA,index_action,,,,,,,,false,true,2025,Berlin Rehabilitation and Healthcare
nj-doh-enforcement-0360,https://www.nj.gov/health/healthfacilities/surveys-insp/enforcement_actions.shtml,/health/healthfacilities/surveys-insp/EA-Alameda-Center-for-Rehab-and-Healthcare-07142025.pdf,https://www.nj.gov/health/healthfacilities/surveys-insp/EA-Alameda-Center-for-Rehab-and-Healthcare-07142025.pdf,EXISTING_HASH_VERIFIED,849ce7ab2c7580cc727290b680090d59cb3529314bc1fc16e33ed4070c87fc0f,849ce7ab2c7580cc727290b680090d59cb3529314bc1fc16e33ed4070c87fc0f,,CANONICAL,SEE_CORPUS_SUMMARY_GRAIN,,,true,Notice of Assessment of Penalties,penalty_letter,INDEX_METADATA,index_action,,,,,,,,false,true,2025,Alameda Center for Rehab and Healthcare
nj-doh-enforcement-0361,https://www.nj.gov/health/healthfacilities/surveys-insp/enforcement_actions.shtml,/health/healthfacilities/surveys-insp/EA-Echelon-Care-and-Rehabilitation-07142025.pdf,https://www.nj.gov/health/healthfacilities/surveys-insp/EA-Echelon-Care-and-Rehabilitation-07142025.pdf,EXISTING_HASH_VERIFIED,2d6501112952091e46e5dbf2233c98dd925269a704cda08125de21d45fb4567c,2d6501112952091e46e5dbf2233c98dd925269a704cda08125de21d45fb4567c,,CANONICAL,SEE_CORPUS_SUMMARY_GRAIN,,,true,Notice of Assessment of Penalties,penalty_letter,INDEX_METADATA,index_action,,,,,,,,false,true,2025,Echelon Care and Rehabilitation
nj-doh-enforcement-0362,https://www.nj.gov/health/healthfacilities/surveys-insp/enforcement_actions.shtml,/health/healthfacilities/surveys-insp/EA-Canterbury-at-Cedar-Grove-07112025.pdf,https://www.nj.gov/health/healthfacilities/surveys-insp/EA-Canterbury-at-Cedar-Grove-07112025.pdf,EXISTING_HASH_VERIFIED,dab8f682e7ca1cf3e9df97970b57d1927990ed0ee010ada37c7370e3efc681fc,dab8f682e7ca1cf3e9df97970b57d1927990ed0ee010ada37c7370e3efc681fc,,CANONICAL,SEE_CORPUS_SUMMARY_GRAIN,,,true,Notice of Assessment of Penalties,penalty_letter,INDEX_METADATA,index_action,,,,,,,,false,true,2025,Canterbury at Cedar Grove
nj-doh-enforcement-0363,https://www.nj.gov/health/healthfacilities/surveys-insp/enforcement_actions.shtml,/health/healthfacilities/surveys-insp/EA-Country-Arch-Care-Center-07102025.pdf,https://www.nj.gov/health/healthfacilities/surveys-insp/EA-Country-Arch-Care-Center-07102025.pdf,EXISTING_HASH_VERIFIED,a30df6a5d04e0515e0ab657a5ab5aadbb4b6cf862c97150945385aadfb52f4f3,a30df6a5d04e0515e0ab657a5ab5aadbb4b6cf862c97150945385aadfb52f4f3,,CANONICAL,SEE_CORPUS_SUMMARY_GRAIN,,,true,Notice of Assessment of Penalties,penalty_letter,INDEX_METADATA,index_action,,,,,,,,false,true,2025,Country Arch Care Center
nj-doh-enforcement-0364,https://www.nj.gov/health/healthfacilities/surveys-insp/enforcement_actions.shtml,/health/healthfacilities/surveys-insp/EA-The-Pines-at-Medford-07102025.pdf,https://www.nj.gov/health/healthfacilities/surveys-insp/EA-The-Pines-at-Medford-07102025.pdf,EXISTING_HASH_VERIFIED,74538b8fc28edc299400a8782e7c7f307c0272bb2acd3fcff3fe691cc5693413,74538b8fc28edc299400a8782e7c7f307c0272bb2acd3fcff3fe691cc5693413,,CANONICAL,SEE_CORPUS_SUMMARY_GRAIN,,,true,Notice of Assessment of Penalties,penalty_letter,INDEX_METADATA,index_action,,,,,,,,false,true,2025,The Pines at Medford
nj-doh-enforcement-0365,https://www.nj.gov/health/healthfacilities/surveys-insp/enforcement_actions.shtml,/health/healthfacilities/surveys-insp/EA-Mine-Hill-Surgical-Center-07092025.pdf,https://www.nj.gov/health/healthfacilities/surveys-insp/EA-Mine-Hill-Surgical-Center-07092025.pdf,EXISTING_HASH_VERIFIED,843ac862b05b93ce8dc4726347eb82f7df77dd6d73d47769ddf932ed3963009c,843ac862b05b93ce8dc4726347eb82f7df77dd6d73d47769ddf932ed3963009c,,CANONICAL,SEE_CORPUS_SUMMARY_GRAIN,,,true,Curtailment of Surgical Services and Directed Plan of Correction,admission_curtailment,INDEX_METADATA,index_action,,,,,,,,false,true,2025,Mine Hill Surgical Center
nj-doh-enforcement-0366,https://www.nj.gov/health/healthfacilities/surveys-insp/enforcement_actions.shtml,/health/healthfacilities/surveys-insp/EA-Oakland-Rehabilitation-And-Healthcare-Center-07082025.pdf,https://www.nj.gov/health/healthfacilities/surveys-insp/EA-Oakland-Rehabilitation-And-Healthcare-Center-07082025.pdf,EXISTING_HASH_VERIFIED,0700f30c8536f4969e2f4b4bc7198716de036e3732314bfd190e626fd2ddf397,0700f30c8536f4969e2f4b4bc7198716de036e3732314bfd190e626fd2ddf397,,CANONICAL,SEE_CORPUS_SUMMARY_GRAIN,,,true,Order Lifting Directed Plan of Correction,directed_plan_of_correction,INDEX_METADATA,index_action,,,,,,,,false,true,2025,Oakland Rehabilitation And Healthcare Center
nj-doh-enforcement-0367,https://www.nj.gov/health/healthfacilities/surveys-insp/enforcement_actions.shtml,/health/healthfacilities/surveys-insp/EA-Lopatcong-Center-07082025.pdf,https://www.nj.gov/health/healthfacilities/surveys-insp/EA-Lopatcong-Center-07082025.pdf,EXISTING_HASH_VERIFIED,7a69400dad029ecb0b61e066d471a022ff7b1c96cf49a4760ec7cac90de9f09c,7a69400dad029ecb0b61e066d471a022ff7b1c96cf49a4760ec7cac90de9f09c,,CANONICAL,SEE_CORPUS_SUMMARY_GRAIN,,,true,Notice of Assessment of Penalties,penalty_letter,INDEX_METADATA,index_action,,,,,,,,false,true,2025,Lopatcong Center
nj-doh-enforcement-0368,https://www.nj.gov/health/healthfacilities/surveys-insp/enforcement_actions.shtml,/health/healthfacilities/surveys-insp/EA-CareOne-at-Oradell-07082025.pdf,https://www.nj.gov/health/healthfacilities/surveys-insp/EA-CareOne-at-Oradell-07082025.pdf,EXISTING_HASH_VERIFIED,893ed2fcada0f6ac7718de32550394b6867db8c00a0e811c23fee5c7fa8c4d00,893ed2fcada0f6ac7718de32550394b6867db8c00a0e811c23fee5c7fa8c4d00,,CANONICAL,SEE_CORPUS_SUMMARY_GRAIN,,,true,Notice of Assessment of Penalties,penalty_letter,INDEX_METADATA,index_action,,,,,,,,false,true,2025,CareOne at Oradell
nj-doh-enforcement-0369,https://www.nj.gov/health/healthfacilities/surveys-insp/enforcement_actions.shtml,/health/healthfacilities/surveys-insp/EA-CareOne-at-The-Highlands-07082025.pdf,https://www.nj.gov/health/healthfacilities/surveys-insp/EA-CareOne-at-The-Highlands-07082025.pdf,EXISTING_HASH_VERIFIED,47863b9a9a6c65919abcd07520b68930c49ff74eca721378e999d2a6c6a97083,47863b9a9a6c65919abcd07520b68930c49ff74eca721378e999d2a6c6a97083,,CANONICAL,SEE_CORPUS_SUMMARY_GRAIN,,,true,Notice of Assessment of Penalties,penalty_letter,INDEX_METADATA,index_action,,,,,,,,false,true,2025,CareOne at The Highlands
nj-doh-enforcement-0370,https://www.nj.gov/health/healthfacilities/surveys-insp/enforcement_actions.shtml,/health/healthfacilities/surveys-insp/EA-Southern-Ocean-Center-07082025.pdf,https://www.nj.gov/health/healthfacilities/surveys-insp/EA-Southern-Ocean-Center-07082025.pdf,EXISTING_HASH_VERIFIED,13955f99ee3a3519a5a65d9363e61b810e40a7902805ded681af9730e18c97bd,13955f99ee3a3519a5a65d9363e61b810e40a7902805ded681af9730e18c97bd,,CANONICAL,SEE_CORPUS_SUMMARY_GRAIN,,,true,Notice of Assessment of Penalties,penalty_letter,INDEX_METADATA,index_action,,,,,,,,false,true,2025,Southern Ocean Center
nj-doh-enforcement-0371,https://www.nj.gov/health/healthfacilities/surveys-insp/enforcement_actions.shtml,/health/healthfacilities/surveys-insp/EA-Complete-Care-at-Laurelton-07072025.pdf,https://www.nj.gov/health/healthfacilities/surveys-insp/EA-Complete-Care-at-Laurelton-07072025.pdf,EXISTING_HASH_VERIFIED,b01eee250d9ac5ac715b314ebe712485dd1749b8262a00026ae9ef50ad812d47,b01eee250d9ac5ac715b314ebe712485dd1749b8262a00026ae9ef50ad812d47,,CANONICAL,SEE_CORPUS_SUMMARY_GRAIN,,,true,Notice of Assessment of Penalties,penalty_letter,INDEX_METADATA,index_action,,,,,,,,false,true,2025,Complete Care at Laurelton
nj-doh-enforcement-0372,https://www.nj.gov/health/healthfacilities/surveys-insp/enforcement_actions.shtml,/health/healthfacilities/surveys-insp/EA-Avalon-Rehabilitation-and-Healthcare-Center-07022025.pdf,https://www.nj.gov/health/healthfacilities/surveys-insp/EA-Avalon-Rehabilitation-and-Healthcare-Center-07022025.pdf,EXISTING_HASH_VERIFIED,3357ff0825d5a9f4f94212bdf6d273e2e8c668a4420dbe292414ba43e8c53731,3357ff0825d5a9f4f94212bdf6d273e2e8c668a4420dbe292414ba43e8c53731,,CANONICAL,SEE_CORPUS_SUMMARY_GRAIN,,,true,Notice of Assessment of Penalties,penalty_letter,INDEX_METADATA,index_action,,,,,,,,false,true,2025,Avalon Rehabilitation and Healthcare Center
nj-doh-enforcement-0373,https://www.nj.gov/health/healthfacilities/surveys-insp/enforcement_actions.shtml,/health/healthfacilities/surveys-insp/EA-Complete-Care-at-Ocean-Grove-07022025.pdf,https://www.nj.gov/health/healthfacilities/surveys-insp/EA-Complete-Care-at-Ocean-Grove-07022025.pdf,EXISTING_HASH_VERIFIED,8af10b3bec9da3647748dc9e89bd1a645fec3ef46ca46bec3ac4dae705575cae,8af10b3bec9da3647748dc9e89bd1a645fec3ef46ca46bec3ac4dae705575cae,,CANONICAL,SEE_CORPUS_SUMMARY_GRAIN,,,true,Notice of Assessment of Penalties,penalty_letter,INDEX_METADATA,index_action,,,,,,,,false,true,2025,Complete Care at Ocean Grove
nj-doh-enforcement-0374,https://www.nj.gov/health/healthfacilities/surveys-insp/enforcement_actions.shtml,/health/healthfacilities/surveys-insp/EA-Our-Ladys-Center-for-Rehab-and-Healthcare-07022025.pdf,https://www.nj.gov/health/healthfacilities/surveys-insp/EA-Our-Ladys-Center-for-Rehab-and-Healthcare-07022025.pdf,EXISTING_HASH_VERIFIED,1e0f2c38741f27b7f8dadae80fd301fdad1be0b4c3eddac36d4662b5c481e968,1e0f2c38741f27b7f8dadae80fd301fdad1be0b4c3eddac36d4662b5c481e968,,CANONICAL,SEE_CORPUS_SUMMARY_GRAIN,,,true,Notice of Assessment of Penalties,penalty_letter,INDEX_METADATA,index_action,,,,,,,,false,true,2025,Our Lady's Center for Rehab and Healthcare
nj-doh-enforcement-0375,https://www.nj.gov/health/healthfacilities/surveys-insp/enforcement_actions.shtml,/health/healthfacilities/surveys-insp/EA-The-Venetian-Care-and-Rehab-Center-07012025.pdf,https://www.nj.gov/health/healthfacilities/surveys-insp/EA-The-Venetian-Care-and-Rehab-Center-07012025.pdf,EXISTING_HASH_VERIFIED,30937b8cc2f71826fdfabb15efa60a434693bbd433bdaea1cc0bd89d8ca1d506,30937b8cc2f71826fdfabb15efa60a434693bbd433bdaea1cc0bd89d8ca1d506,,CANONICAL,SEE_CORPUS_SUMMARY_GRAIN,,,true,Notice of Assessment of Penalties,penalty_letter,INDEX_METADATA,index_action,,,,,,,,false,true,2025,The Venetian Care and Rehabilitation Center
nj-doh-enforcement-0376,https://www.nj.gov/health/healthfacilities/surveys-insp/enforcement_actions.shtml,/health/healthfacilities/surveys-insp/EA-Embassy-Manor-at-Edison-Nursing-and-Rehabilitation-07012025.pdf,https://www.nj.gov/health/healthfacilities/surveys-insp/EA-Embassy-Manor-at-Edison-Nursing-and-Rehabilitation-07012025.pdf,EXISTING_HASH_VERIFIED,627fa7d9a3b2c05ef5835a99069296df56afe02d6a6253097ae55786598a2e41,627fa7d9a3b2c05ef5835a99069296df56afe02d6a6253097ae55786598a2e41,,CANONICAL,SEE_CORPUS_SUMMARY_GRAIN,,,true,Order Lifting Curtailment of Admissions and Directed Plan of Action,admission_curtailment,INDEX_METADATA,index_action,,,,,,,,false,true,2025,Embassy Manor at Edison Nursing and Rehabilitation
nj-doh-enforcement-0377,https://www.nj.gov/health/healthfacilities/surveys-insp/enforcement_actions.shtml,/health/healthfacilities/surveys-insp/ea-the-jewish-home-for-ehabilitation-and-ursing-06272025.pdf,https://www.nj.gov/health/healthfacilities/surveys-insp/ea-the-jewish-home-for-ehabilitation-and-ursing-06272025.pdf,EXISTING_HASH_VERIFIED,18c373f45cd481c248f237acb48ccf1e73aa081f97a3ba6c125a436a4c570350,18c373f45cd481c248f237acb48ccf1e73aa081f97a3ba6c125a436a4c570350,,CANONICAL,SEE_CORPUS_SUMMARY_GRAIN,,,true,Notice of Assessment of Penalties,penalty_letter,INDEX_METADATA,index_action,,,,,,,,false,true,2025,The Jewish Home for Rehabilitation and Nursing
nj-doh-enforcement-0378,https://www.nj.gov/health/healthfacilities/surveys-insp/enforcement_actions.shtml,/health/healthfacilities/surveys-insp/ea-oakland-rehabilitation-and-healthcare-center-06272025.pdf,https://www.nj.gov/health/healthfacilities/surveys-insp/ea-oakland-rehabilitation-and-healthcare-center-06272025.pdf,EXISTING_HASH_VERIFIED,d675009d3749b211df682e833281c0aa0e6283957fed7b5927742f63b9a9cb63,d675009d3749b211df682e833281c0aa0e6283957fed7b5927742f63b9a9cb63,,CANONICAL,SEE_CORPUS_SUMMARY_GRAIN,,,true,Notice of Assessment of Penalties,penalty_letter,INDEX_METADATA,index_action,,,,,,,,false,true,2025,Oakland Rehabilitation and Healthcare Center
nj-doh-enforcement-0379,https://www.nj.gov/health/healthfacilities/surveys-insp/enforcement_actions.shtml,/health/healthfacilities/surveys-insp/ea-one-adult-day-care-center-corp-06262025.pdf,https://www.nj.gov/health/healthfacilities/surveys-insp/ea-one-adult-day-care-center-corp-06262025.pdf,EXISTING_HASH_VERIFIED,3c3ea09e89e6474e5998d95de84435182318b326fe0b738108f00ba5d8479c5e,3c3ea09e89e6474e5998d95de84435182318b326fe0b738108f00ba5d8479c5e,,CANONICAL,SEE_CORPUS_SUMMARY_GRAIN,,,true,Information Requirement Order,other_expressly_identified_njdoh_action,INDEX_METADATA,index_action,,,,,,,,false,true,2025,One Adult Day Care Center Corp
nj-doh-enforcement-0380,https://www.nj.gov/health/healthfacilities/surveys-insp/enforcement_actions.shtml,/health/healthfacilities/surveys-insp/ea-oakland-rehabilitation-and-healthcare-center-06262025%20n.pdf,https://www.nj.gov/health/healthfacilities/surveys-insp/ea-oakland-rehabilitation-and-healthcare-center-06262025%20n.pdf,EXISTING_HASH_VERIFIED,783e6374767ac86702be54f68f8eceddbb147d91f70b17e97be8fdbfc0d7944c,783e6374767ac86702be54f68f8eceddbb147d91f70b17e97be8fdbfc0d7944c,,CANONICAL,SEE_CORPUS_SUMMARY_GRAIN,,,true,Order Lifting Curtailment of Admissions Order,admission_curtailment,INDEX_METADATA,index_action,,,,,,,,false,true,2025,Oakland Rehabilitation and Healthcare Center
nj-doh-enforcement-0381,https://www.nj.gov/health/healthfacilities/surveys-insp/enforcement_actions.shtml,/health/healthfacilities/surveys-insp/ea-cedar-harbor-medical-day-care-amended-06252025.pdf,https://www.nj.gov/health/healthfacilities/surveys-insp/ea-cedar-harbor-medical-day-care-amended-06252025.pdf,EXISTING_HASH_VERIFIED,79b22621d87e2062c70858652e5760a0c7ba4ebf2f4cf0d73d4efe563245e1fa,79b22621d87e2062c70858652e5760a0c7ba4ebf2f4cf0d73d4efe563245e1fa,,CANONICAL,SEE_CORPUS_SUMMARY_GRAIN,,,true,Amended Notice of Assessment of Penalties,penalty_letter,INDEX_METADATA,index_action,,,,,,,,false,true,2025,Cedar Harbor Medical Day Care Center
nj-doh-enforcement-0382,https://www.nj.gov/health/healthfacilities/surveys-insp/enforcement_actions.shtml,/health/healthfacilities/surveys-insp/ea-new-standard-senior-living-at-egg-harbor-township-06252025.pdf,https://www.nj.gov/health/healthfacilities/surveys-insp/ea-new-standard-senior-living-at-egg-harbor-township-06252025.pdf,EXISTING_HASH_VERIFIED,af8f0a516badba5c6f1928977ddff798a3674217240bc2276c638296393c3939,af8f0a516badba5c6f1928977ddff798a3674217240bc2276c638296393c3939,,CANONICAL,SEE_CORPUS_SUMMARY_GRAIN,,,true,Order Lifting Directed Plan of Correction,directed_plan_of_correction,INDEX_METADATA,index_action,,,,,,,,false,true,2025,New Standard Senior Living at Egg Harbor Township
nj-doh-enforcement-0383,https://www.nj.gov/health/healthfacilities/surveys-insp/enforcement_actions.shtml,/health/healthfacilities/surveys-insp/ea-complete-care-at-summit-ridge-06242025n.pdf,https://www.nj.gov/health/healthfacilities/surveys-insp/ea-complete-care-at-summit-ridge-06242025n.pdf,EXISTING_HASH_VERIFIED,49d112ec8f9dfc2f466ebb5097e6194e017f4267036cc06975a2cd7b67ab20da,49d112ec8f9dfc2f466ebb5097e6194e017f4267036cc06975a2cd7b67ab20da,,CANONICAL,SEE_CORPUS_SUMMARY_GRAIN,,,true,Notice of Assessment of Penalties,penalty_letter,INDEX_METADATA,index_action,,,,,,,,false,true,2025,Complete Care at Summit Ridge
nj-doh-enforcement-0384,https://www.nj.gov/health/healthfacilities/surveys-insp/enforcement_actions.shtml,/health/healthfacilities/surveys-insp/ea-careone-at-ridgewood-avenue-06242025.pdf,https://www.nj.gov/health/healthfacilities/surveys-insp/ea-careone-at-ridgewood-avenue-06242025.pdf,EXISTING_HASH_VERIFIED,52bb66adacdc85cbd07e08a6d31428bc617e7a408900bee2105898150462dc51,52bb66adacdc85cbd07e08a6d31428bc617e7a408900bee2105898150462dc51,,CANONICAL,SEE_CORPUS_SUMMARY_GRAIN,,,true,Notice of Assessment of Penalties,penalty_letter,INDEX_METADATA,index_action,,,,,,,,false,true,2025,CareOne at Ridgewood Avenue
nj-doh-enforcement-0385,https://www.nj.gov/health/healthfacilities/surveys-insp/enforcement_actions.shtml,/health/healthfacilities/surveys-insp/ea-new-community-extended-care-facility-06232025.pdf,https://www.nj.gov/health/healthfacilities/surveys-insp/ea-new-community-extended-care-facility-06232025.pdf,EXISTING_HASH_VERIFIED,de05533bbf785a34be3977df9678ebb06485f5da7fcdf25eaf33741d4ffaf021,de05533bbf785a34be3977df9678ebb06485f5da7fcdf25eaf33741d4ffaf021,,CANONICAL,SEE_CORPUS_SUMMARY_GRAIN,,,true,Notice of Assessment of Penalties,penalty_letter,INDEX_METADATA,index_action,,,,,,,,false,true,2025,New Community Extended Care Facility
nj-doh-enforcement-0386,https://www.nj.gov/health/healthfacilities/surveys-insp/enforcement_actions.shtml,/health/healthfacilities/surveys-insp/ea-complete-care-at-chestnut-hill-06232025.pdf,https://www.nj.gov/health/healthfacilities/surveys-insp/ea-complete-care-at-chestnut-hill-06232025.pdf,EXISTING_HASH_VERIFIED,779715e427de422cee634e0bb70634b708251e9c9ff608c5eae6fa5a43f26de6,779715e427de422cee634e0bb70634b708251e9c9ff608c5eae6fa5a43f26de6,,CANONICAL,SEE_CORPUS_SUMMARY_GRAIN,,,true,Notice of Assessment of Penalties,penalty_letter,INDEX_METADATA,index_action,,,,,,,,false,true,2025,Complete Care at Chestnut Hill
nj-doh-enforcement-0387,https://www.nj.gov/health/healthfacilities/surveys-insp/enforcement_actions.shtml,/health/healthfacilities/surveys-insp/ea-complete-care-at-burlington-woods-06232025.pdf,https://www.nj.gov/health/healthfacilities/surveys-insp/ea-complete-care-at-burlington-woods-06232025.pdf,EXISTING_HASH_VERIFIED,006bc6fbd36ce94e837aa157862b284d64375f291d37698d67cba7c98655ad39,006bc6fbd36ce94e837aa157862b284d64375f291d37698d67cba7c98655ad39,,CANONICAL,SEE_CORPUS_SUMMARY_GRAIN,,,true,Notice of Assessment of Penalties,penalty_letter,INDEX_METADATA,index_action,,,,,,,,false,true,2025,"Complete Care at Burlington Woods, LLC"
nj-doh-enforcement-0388,https://www.nj.gov/health/healthfacilities/surveys-insp/enforcement_actions.shtml,/health/healthfacilities/surveys-insp/ea-cedar-harbor-medical-day-care-center-06192025.pdf,https://www.nj.gov/health/healthfacilities/surveys-insp/ea-cedar-harbor-medical-day-care-center-06192025.pdf,EXISTING_HASH_VERIFIED,9963c631c446ec7ac889138d016750ad77fd8a148616ebade88ea484bbd97974,9963c631c446ec7ac889138d016750ad77fd8a148616ebade88ea484bbd97974,,CANONICAL,SEE_CORPUS_SUMMARY_GRAIN,,,true,Notice of Assessment of Penalties,penalty_letter,INDEX_METADATA,index_action,,,,,,,,false,true,2025,Cedar Harbor Medical Day Care Center
nj-doh-enforcement-0389,https://www.nj.gov/health/healthfacilities/surveys-insp/enforcement_actions.shtml,/health/healthfacilities/surveys-insp/EA-One-Adult-Day-Care-Center-Corp-06182025.pdf,https://www.nj.gov/health/healthfacilities/surveys-insp/EA-One-Adult-Day-Care-Center-Corp-06182025.pdf,EXISTING_HASH_VERIFIED,f7ec8bf910729fd0c2447b58a337effc6415a90d568ffab1d78d26ec0eff2c69,f7ec8bf910729fd0c2447b58a337effc6415a90d568ffab1d78d26ec0eff2c69,,CANONICAL,SEE_CORPUS_SUMMARY_GRAIN,,,true,Corrected Cease and Desist Order,other_expressly_identified_njdoh_action,INDEX_METADATA,index_action,,,,,,,,false,true,2025,One Adult Day Care Center Corp
nj-doh-enforcement-0390,https://www.nj.gov/health/healthfacilities/surveys-insp/enforcement_actions.shtml,/health/healthfacilities/surveys-insp/EA-NJ-Cataract-and-Laser-Institute-06172025.pdf,https://www.nj.gov/health/healthfacilities/surveys-insp/EA-NJ-Cataract-and-Laser-Institute-06172025.pdf,EXISTING_HASH_VERIFIED,2c182a8437158f682bd40da8d18ef05fb87a23a91892942220d9cf29996b80aa,2c182a8437158f682bd40da8d18ef05fb87a23a91892942220d9cf29996b80aa,,CANONICAL,SEE_CORPUS_SUMMARY_GRAIN,,,true,Curtailment of Services Order And Directed Plan of Correction,admission_curtailment,INDEX_METADATA,index_action,,,,,,,,false,true,2025,NJ Cataract and Laser Institute
nj-doh-enforcement-0391,https://www.nj.gov/health/healthfacilities/surveys-insp/enforcement_actions.shtml,/health/healthfacilities/surveys-insp/ea-complete-care-at-mercerville-06172025.pdf,https://www.nj.gov/health/healthfacilities/surveys-insp/ea-complete-care-at-mercerville-06172025.pdf,EXISTING_HASH_VERIFIED,91f0d25488d421abc60bd3b3711e53a1d0b104da2942fc239ca87012e5b5ef37,91f0d25488d421abc60bd3b3711e53a1d0b104da2942fc239ca87012e5b5ef37,,CANONICAL,SEE_CORPUS_SUMMARY_GRAIN,,,true,Notice of Assessment of Penalties,penalty_letter,INDEX_METADATA,index_action,,,,,,,,false,true,2025,Complete Care at Mercerville
nj-doh-enforcement-0392,https://www.nj.gov/health/healthfacilities/surveys-insp/enforcement_actions.shtml,/health/healthfacilities/surveys-insp/EA-Trenton-Gardens-Rehabilitation-and-Nursing-Center-06162025.pdf,https://www.nj.gov/health/healthfacilities/surveys-insp/EA-Trenton-Gardens-Rehabilitation-and-Nursing-Center-06162025.pdf,EXISTING_HASH_VERIFIED,ec0aef0f6c3350314b8fc41e343bcf0fcd9fffb643f480f41574dd6a4ccc20de,ec0aef0f6c3350314b8fc41e343bcf0fcd9fffb643f480f41574dd6a4ccc20de,,CANONICAL,SEE_CORPUS_SUMMARY_GRAIN,,,true,Order Lifting Curtailment of Admissions and Directed Plan of Correction,admission_curtailment,INDEX_METADATA,index_action,,,,,,,,false,true,2025,Trenton Gardens Rehabilitation and Nursing Center
nj-doh-enforcement-0393,https://www.nj.gov/health/healthfacilities/surveys-insp/enforcement_actions.shtml,/health/healthfacilities/surveys-insp/EA-Capital-Health-East-Trenton-06162025.pdf,https://www.nj.gov/health/healthfacilities/surveys-insp/EA-Capital-Health-East-Trenton-06162025.pdf,EXISTING_HASH_VERIFIED,40f23bfed5c68b9b9ee9c69faf281025055ead58822c556360876104ea272cfb,40f23bfed5c68b9b9ee9c69faf281025055ead58822c556360876104ea272cfb,,CANONICAL,SEE_CORPUS_SUMMARY_GRAIN,,,true,Information Requirement Order,other_expressly_identified_njdoh_action,INDEX_METADATA,index_action,,,,,,,,false,true,2025,Capital Health-East Trenton
nj-doh-enforcement-0394,https://www.nj.gov/health/healthfacilities/surveys-insp/enforcement_actions.shtml,/health/healthfacilities/surveys-insp/EA-Embassy-Manor-At-Edison-Nursing-and-Rehabilitation-06132025.pdf,https://www.nj.gov/health/healthfacilities/surveys-insp/EA-Embassy-Manor-At-Edison-Nursing-and-Rehabilitation-06132025.pdf,EXISTING_HASH_VERIFIED,d9ad1d0b7755e993566b59a71cb885f1d11b09b614c33ce89e6a67df9e38ce36,d9ad1d0b7755e993566b59a71cb885f1d11b09b614c33ce89e6a67df9e38ce36,,CANONICAL,SEE_CORPUS_SUMMARY_GRAIN,,,true,Notice of Assessment of Penalties,penalty_letter,INDEX_METADATA,index_action,,,,,,,,false,true,2025,Embassy Manor At Edison Nursing and Rehabilitation
nj-doh-enforcement-0395,https://www.nj.gov/health/healthfacilities/surveys-insp/enforcement_actions.shtml,/health/healthfacilities/surveys-insp/EA-Trenton-Gardens-Rehabilitation-and-Nursing-06132025.pdf,https://www.nj.gov/health/healthfacilities/surveys-insp/EA-Trenton-Gardens-Rehabilitation-and-Nursing-06132025.pdf,EXISTING_HASH_VERIFIED,1f32ed99d2bedefcd5f30a2eed7dda1156d71cd03bf1acc20ae0050a8f45873b,1f32ed99d2bedefcd5f30a2eed7dda1156d71cd03bf1acc20ae0050a8f45873b,,CANONICAL,SEE_CORPUS_SUMMARY_GRAIN,,,true,Notice of Assessment of Penalties,penalty_letter,INDEX_METADATA,index_action,,,,,,,,false,true,2025,Trenton Gardens Rehabilitation and Nursing
nj-doh-enforcement-0396,https://www.nj.gov/health/healthfacilities/surveys-insp/enforcement_actions.shtml,/health/healthfacilities/surveys-insp/EA-Autumn-Lake-Healthcare-at-Vineland-06132025.pdf,https://www.nj.gov/health/healthfacilities/surveys-insp/EA-Autumn-Lake-Healthcare-at-Vineland-06132025.pdf,EXISTING_HASH_VERIFIED,be7bb12782fbc529a0258dcf98ebf7b9890fb294dc8dce4a67bcbbc5c00e3a16,be7bb12782fbc529a0258dcf98ebf7b9890fb294dc8dce4a67bcbbc5c00e3a16,,CANONICAL,SEE_CORPUS_SUMMARY_GRAIN,,,true,Notice of Assessment of Penalties,penalty_letter,INDEX_METADATA,index_action,,,,,,,,false,true,2025,Autumn Lake Healthcare at Vineland
nj-doh-enforcement-0397,https://www.nj.gov/health/healthfacilities/surveys-insp/enforcement_actions.shtml,/health/healthfacilities/surveys-insp/EA-Morris-View-Healthcare-Center-06122025.pdf,https://www.nj.gov/health/healthfacilities/surveys-insp/EA-Morris-View-Healthcare-Center-06122025.pdf,EXISTING_HASH_VERIFIED,151ba13c3f749a0c5f3a3e5aa139f380472e9f16d2f0ebfb0223713056d86707,151ba13c3f749a0c5f3a3e5aa139f380472e9f16d2f0ebfb0223713056d86707,,CANONICAL,SEE_CORPUS_SUMMARY_GRAIN,,,true,Notice of Assessment of Penalties,penalty_letter,INDEX_METADATA,index_action,,,,,,,,false,true,2025,Morris View Healthcare Center
nj-doh-enforcement-0398,https://www.nj.gov/health/healthfacilities/surveys-insp/enforcement_actions.shtml,/health/healthfacilities/surveys-insp/EA-Crystal-Lake-Healthcare-and-Rehabilitation-Center-06112025.pdf,https://www.nj.gov/health/healthfacilities/surveys-insp/EA-Crystal-Lake-Healthcare-and-Rehabilitation-Center-06112025.pdf,EXISTING_HASH_VERIFIED,503d5e58fc5a846ad5d4f59b6ecf7bff1d6170fd0f658ad396a6a30de16d4d4c,503d5e58fc5a846ad5d4f59b6ecf7bff1d6170fd0f658ad396a6a30de16d4d4c,,CANONICAL,SEE_CORPUS_SUMMARY_GRAIN,,,true,Order Lifting Curtailment of Admissions and Directed Plan of Correction,admission_curtailment,INDEX_METADATA,index_action,,,,,,,,false,true,2025,Crystal Lake Healthcare and Rehabilitation Center
nj-doh-enforcement-0399,https://www.nj.gov/health/healthfacilities/surveys-insp/enforcement_actions.shtml,/health/healthfacilities/surveys-insp/EA-Oakland-Rehabilitation-and-Care-Center-06092025.pdf,https://www.nj.gov/health/healthfacilities/surveys-insp/EA-Oakland-Rehabilitation-and-Care-Center-06092025.pdf,EXISTING_HASH_VERIFIED,68a52fdb6a998d5d72124e66e5e3b6575abf147374da407cdf577b9bb33fb962,68a52fdb6a998d5d72124e66e5e3b6575abf147374da407cdf577b9bb33fb962,,CANONICAL,SEE_CORPUS_SUMMARY_GRAIN,,,true,Curtailment of Admissions Order and Directed Plan of Correction,admission_curtailment,INDEX_METADATA,index_action,,,,,,,,false,true,2025,Oakland Rehabilitation and Care Center
nj-doh-enforcement-0400,https://www.nj.gov/health/healthfacilities/surveys-insp/enforcement_actions.shtml,/health/healthfacilities/surveys-insp/EA-Royal-Suites-Health-Care-and-Rehabilitation-06092025.pdf,https://www.nj.gov/health/healthfacilities/surveys-insp/EA-Royal-Suites-Health-Care-and-Rehabilitation-06092025.pdf,EXISTING_HASH_VERIFIED,691f8d0767240b82544c7434bf3ad0458d98d30ec567d78641f922d6603b1c90,691f8d0767240b82544c7434bf3ad0458d98d30ec567d78641f922d6603b1c90,,CANONICAL,SEE_CORPUS_SUMMARY_GRAIN,,,true,Notice of Assessment of Penalties,penalty_letter,INDEX_METADATA,index_action,,,,,,,,false,true,2025,Royal Suites Health Care and Rehabilitation
nj-doh-enforcement-0401,https://www.nj.gov/health/healthfacilities/surveys-insp/enforcement_actions.shtml,/health/healthfacilities/surveys-insp/EA-Abingdon-Care-and-Rehabilitation-06092025.pdf,https://www.nj.gov/health/healthfacilities/surveys-insp/EA-Abingdon-Care-and-Rehabilitation-06092025.pdf,EXISTING_HASH_VERIFIED,28ee1473240e4418d962e649384b216656840ea5e337f8ee412b9b0212df9016,28ee1473240e4418d962e649384b216656840ea5e337f8ee412b9b0212df9016,,CANONICAL,SEE_CORPUS_SUMMARY_GRAIN,,,true,Notice of Assessment of Penalties,penalty_letter,INDEX_METADATA,index_action,,,,,,,,false,true,2025,Abingdon Care and Rehabilitation
nj-doh-enforcement-0402,https://www.nj.gov/health/healthfacilities/surveys-insp/enforcement_actions.shtml,/health/healthfacilities/surveys-insp/EA-Capital-Health-East-Trenton-06052025.pdf,https://www.nj.gov/health/healthfacilities/surveys-insp/EA-Capital-Health-East-Trenton-06052025.pdf,EXISTING_HASH_VERIFIED,c33dd1487aa56b16a94cf18d2c3b1e6dc53f0aeb4ab1eb6f736d3187fa62530b,c33dd1487aa56b16a94cf18d2c3b1e6dc53f0aeb4ab1eb6f736d3187fa62530b,,CANONICAL,SEE_CORPUS_SUMMARY_GRAIN,,,true,Information Requirement Order,other_expressly_identified_njdoh_action,INDEX_METADATA,index_action,,,,,,,,false,true,2025,Capital Health-East Trenton
nj-doh-enforcement-0403,https://www.nj.gov/health/healthfacilities/surveys-insp/enforcement_actions.shtml,/health/healthfacilities/surveys-insp/EA-Ashbrook-Care-And-Rehabilitation-Center-06042025.pdf,https://www.nj.gov/health/healthfacilities/surveys-insp/EA-Ashbrook-Care-And-Rehabilitation-Center-06042025.pdf,EXISTING_HASH_VERIFIED,35874adb7ca7baf0a6716e5c4c932cb1eff40d6c5525f9a1b8938b7529fa4ac7,35874adb7ca7baf0a6716e5c4c932cb1eff40d6c5525f9a1b8938b7529fa4ac7,,CANONICAL,SEE_CORPUS_SUMMARY_GRAIN,,,true,Directed Plan of Correction,directed_plan_of_correction,INDEX_METADATA,index_action,,,,,,,,false,true,2025,Ashbrook Care And Rehabilitation Center
nj-doh-enforcement-0404,https://www.nj.gov/health/healthfacilities/surveys-insp/enforcement_actions.shtml,/health/healthfacilities/surveys-insp/EA-Complete-Care-at-Brakeley-Park-06042025.pdf,https://www.nj.gov/health/healthfacilities/surveys-insp/EA-Complete-Care-at-Brakeley-Park-06042025.pdf,EXISTING_HASH_VERIFIED,41682f9efa1523b7bf8eadaf426c4a1acd38c6d050f5a6052c89ae1fcc69a773,41682f9efa1523b7bf8eadaf426c4a1acd38c6d050f5a6052c89ae1fcc69a773,,CANONICAL,SEE_CORPUS_SUMMARY_GRAIN,,,true,Notice of Assessment of Penalties,penalty_letter,INDEX_METADATA,index_action,,,,,,,,false,true,2025,Complete Care at Brakeley Park
nj-doh-enforcement-0405,https://www.nj.gov/health/healthfacilities/surveys-insp/enforcement_actions.shtml,/health/healthfacilities/surveys-insp/EA-Bergen-New-Bridge-Medical-Center-06032025.pdf,https://www.nj.gov/health/healthfacilities/surveys-insp/EA-Bergen-New-Bridge-Medical-Center-06032025.pdf,EXISTING_HASH_VERIFIED,4e7bd3d2c12bba23a93bd775213916d42182d23e41277f7c066b1dad5cceed27,4e7bd3d2c12bba23a93bd775213916d42182d23e41277f7c066b1dad5cceed27,,CANONICAL,SEE_CORPUS_SUMMARY_GRAIN,,,true,Notice of Assessment of Penalties,penalty_letter,INDEX_METADATA,index_action,,,,,,,,false,true,2025,Bergen New Bridge Medical Center
nj-doh-enforcement-0406,https://www.nj.gov/health/healthfacilities/surveys-insp/enforcement_actions.shtml,/health/healthfacilities/surveys-insp/EA-Ashbrook-Care-and-Rehabilitation-Center-06032025.pdf,https://www.nj.gov/health/healthfacilities/surveys-insp/EA-Ashbrook-Care-and-Rehabilitation-Center-06032025.pdf,EXISTING_HASH_VERIFIED,a62e2ce4642d0e1742bcf2696e2c635700172506c794b54bf8d5a5d3dcbdf470,a62e2ce4642d0e1742bcf2696e2c635700172506c794b54bf8d5a5d3dcbdf470,,CANONICAL,SEE_CORPUS_SUMMARY_GRAIN,,,true,Notice of Assessment of Penalties,penalty_letter,INDEX_METADATA,index_action,,,,,,,,false,true,2025,Ashbrook Care and Rehabilitation Center
nj-doh-enforcement-0407,https://www.nj.gov/health/healthfacilities/surveys-insp/enforcement_actions.shtml,/health/healthfacilities/surveys-insp/EA-Merwick-Care-and-Rehabilitation-Center-06032025.pdf,https://www.nj.gov/health/healthfacilities/surveys-insp/EA-Merwick-Care-and-Rehabilitation-Center-06032025.pdf,EXISTING_HASH_VERIFIED,27b249b047fcd0189e45eb438dee3b749acc0878138edb78ff8468716c0135c9,27b249b047fcd0189e45eb438dee3b749acc0878138edb78ff8468716c0135c9,,CANONICAL,SEE_CORPUS_SUMMARY_GRAIN,,,true,Notice of Assessment of Penalties,penalty_letter,INDEX_METADATA,index_action,,,,,,,,false,true,2025,Merwick Care and Rehabilitation Center
nj-doh-enforcement-0408,https://www.nj.gov/health/healthfacilities/surveys-insp/enforcement_actions.shtml,/health/healthfacilities/surveys-insp/EA-Elmwood-Hills-Healthcare-Center-06032025.pdf,https://www.nj.gov/health/healthfacilities/surveys-insp/EA-Elmwood-Hills-Healthcare-Center-06032025.pdf,EXISTING_HASH_VERIFIED,06b47a619c4e4ddd6dd6775948cc356a5436c550dd6f8e8fca17a44e70e24dc8,06b47a619c4e4ddd6dd6775948cc356a5436c550dd6f8e8fca17a44e70e24dc8,,CANONICAL,SEE_CORPUS_SUMMARY_GRAIN,,,true,Notice of Assessment of Penalties,penalty_letter,INDEX_METADATA,index_action,,,,,,,,false,true,2025,Elmwood Hills Healthcare Center
nj-doh-enforcement-0409,https://www.nj.gov/health/healthfacilities/surveys-insp/enforcement_actions.shtml,/health/healthfacilities/surveys-insp/EA-Embassy-Manor-At-Edison-Nursing-And-Rehabilitation-06032025.pdf,https://www.nj.gov/health/healthfacilities/surveys-insp/EA-Embassy-Manor-At-Edison-Nursing-And-Rehabilitation-06032025.pdf,EXISTING_HASH_VERIFIED,f3d194014b220e6a53bac7f734ece8225554cbfc74a9ecea84f9e1a00707a1a6,f3d194014b220e6a53bac7f734ece8225554cbfc74a9ecea84f9e1a00707a1a6,,CANONICAL,SEE_CORPUS_SUMMARY_GRAIN,,,true,Curtailment of Admissions Order and Directed Plan of Correction,admission_curtailment,INDEX_METADATA,index_action,,,,,,,,false,true,2025,Embassy Manor At Edison Nursing And Rehabilitation
nj-doh-enforcement-0410,https://www.nj.gov/health/healthfacilities/surveys-insp/enforcement_actions.shtml,/health/healthfacilities/surveys-insp/EA-Acclaim-Rehabilitation-and-Nursing-Center-06022025.pdf,https://www.nj.gov/health/healthfacilities/surveys-insp/EA-Acclaim-Rehabilitation-and-Nursing-Center-06022025.pdf,EXISTING_HASH_VERIFIED,5a3a893e869ecca65053bc0a2f4d42d5a04d996b80096cd38090d20e9718c9eb,5a3a893e869ecca65053bc0a2f4d42d5a04d996b80096cd38090d20e9718c9eb,,CANONICAL,SEE_CORPUS_SUMMARY_GRAIN,,,true,Order Lifting Directed Plan of Correction,directed_plan_of_correction,INDEX_METADATA,index_action,,,,,,,,false,true,2025,Acclaim Rehabilitation and Nursing Center
nj-doh-enforcement-0411,https://www.nj.gov/health/healthfacilities/surveys-insp/enforcement_actions.shtml,/health/healthfacilities/surveys-insp/EA-Spring-Oak-Assissted-Living-at-Vineland-Corrected-05292025.pdf,https://www.nj.gov/health/healthfacilities/surveys-insp/EA-Spring-Oak-Assissted-Living-at-Vineland-Corrected-05292025.pdf,EXISTING_HASH_VERIFIED,28107925d5edb244badc734ee1b8649f083fba46bd94181f0464e353e5c5d3c2,28107925d5edb244badc734ee1b8649f083fba46bd94181f0464e353e5c5d3c2,,CANONICAL,SEE_CORPUS_SUMMARY_GRAIN,,,true,Corrected Notice of Assessment of Penalties,penalty_letter,INDEX_METADATA,index_action,,,,,,,,false,true,2025,Spring Oak Assisted Living at Vineland
nj-doh-enforcement-0412,https://www.nj.gov/health/healthfacilities/surveys-insp/enforcement_actions.shtml,/health/healthfacilities/surveys-insp/EA-Atrium-Post-Acute-Care-of-Wayne-05282025.pdf,https://www.nj.gov/health/healthfacilities/surveys-insp/EA-Atrium-Post-Acute-Care-of-Wayne-05282025.pdf,EXISTING_HASH_VERIFIED,1dc3d07d0badf24578330819654fbfa07e92d6a46183f878fd537bfef7a3beb5,1dc3d07d0badf24578330819654fbfa07e92d6a46183f878fd537bfef7a3beb5,,CANONICAL,SEE_CORPUS_SUMMARY_GRAIN,,,true,Notice of Assessment of Penalties,penalty_letter,INDEX_METADATA,index_action,,,,,,,,false,true,2025,Atrium Post Acute Care of Wayne
nj-doh-enforcement-0413,https://www.nj.gov/health/healthfacilities/surveys-insp/enforcement_actions.shtml,/health/healthfacilities/surveys-insp/EA-Trenton-Gardens-Rehabilitation-and-Nursing-Center-05232025.pdf,https://www.nj.gov/health/healthfacilities/surveys-insp/EA-Trenton-Gardens-Rehabilitation-and-Nursing-Center-05232025.pdf,EXISTING_HASH_VERIFIED,c1f91023f3dd90353814db450f981ae77be7b24b2b86068ff4cdad3de344618c,c1f91023f3dd90353814db450f981ae77be7b24b2b86068ff4cdad3de344618c,,CANONICAL,SEE_CORPUS_SUMMARY_GRAIN,,,true,Curtailment of Admissions Order and Directed Plan of Correction,admission_curtailment,INDEX_METADATA,index_action,,,,,,,,false,true,2025,Trenton Gardens Rehabilitation and Nursing Center
nj-doh-enforcement-0414,https://www.nj.gov/health/healthfacilities/surveys-insp/enforcement_actions.shtml,/health/healthfacilities/surveys-insp/EA-Royal-Senior-Care-05222025.pdf,https://www.nj.gov/health/healthfacilities/surveys-insp/EA-Royal-Senior-Care-05222025.pdf,EXISTING_HASH_VERIFIED,16799baec8b655194233837c185cc6b8a085b456505e3349de93239d244bdffe,16799baec8b655194233837c185cc6b8a085b456505e3349de93239d244bdffe,,CANONICAL,SEE_CORPUS_SUMMARY_GRAIN,,,true,Order Lifting Curtailment of Admissions Order and Directed Plan of Correction,admission_curtailment,INDEX_METADATA,index_action,,,,,,,,false,true,2025,Royal Senior Care
nj-doh-enforcement-0415,https://www.nj.gov/health/healthfacilities/surveys-insp/enforcement_actions.shtml,/health/healthfacilities/surveys-insp/EA-Complete-Care-At-Holiday-City-05192025.pdf,https://www.nj.gov/health/healthfacilities/surveys-insp/EA-Complete-Care-At-Holiday-City-05192025.pdf,EXISTING_HASH_VERIFIED,c3620ae99ea67579802d6b7b75ba46e6ece7918ba9ba88c6f9ee0327d6b90444,c3620ae99ea67579802d6b7b75ba46e6ece7918ba9ba88c6f9ee0327d6b90444,,CANONICAL,SEE_CORPUS_SUMMARY_GRAIN,,,true,Notice of Assessment of Penalties,penalty_letter,INDEX_METADATA,index_action,,,,,,,,false,true,2025,Complete Care At Holiday City
nj-doh-enforcement-0416,https://www.nj.gov/health/healthfacilities/surveys-insp/enforcement_actions.shtml,/health/healthfacilities/surveys-insp/EA-Jersey-City-Medical-Center-05192025.pdf,https://www.nj.gov/health/healthfacilities/surveys-insp/EA-Jersey-City-Medical-Center-05192025.pdf,EXISTING_HASH_VERIFIED,ff3803d41a434c8d8d3a0426fa5d266bb66dfd664cde73406d5699b1efe4ab85,ff3803d41a434c8d8d3a0426fa5d266bb66dfd664cde73406d5699b1efe4ab85,,CANONICAL,SEE_CORPUS_SUMMARY_GRAIN,,,true,Notice of Assessment of Penalties,penalty_letter,INDEX_METADATA,index_action,,,,,,,,false,true,2025,Jersey City Medical Center
nj-doh-enforcement-0417,https://www.nj.gov/health/healthfacilities/surveys-insp/enforcement_actions.shtml,/health/healthfacilities/surveys-insp/EA-Acclaim-Rehabilitation-and-Nursing-Center-05192025.pdf,https://www.nj.gov/health/healthfacilities/surveys-insp/EA-Acclaim-Rehabilitation-and-Nursing-Center-05192025.pdf,EXISTING_HASH_VERIFIED,2a940548e89d8a4c05be31296f6c72e9c9b309715f896349a152750f209e4369,2a940548e89d8a4c05be31296f6c72e9c9b309715f896349a152750f209e4369,,CANONICAL,SEE_CORPUS_SUMMARY_GRAIN,,,true,Notice of Assessment of Penalties,penalty_letter,INDEX_METADATA,index_action,,,,,,,,false,true,2025,Acclaim Rehabilitation and Nursing Center
nj-doh-enforcement-0418,https://www.nj.gov/health/healthfacilities/surveys-insp/enforcement_actions.shtml,/health/healthfacilities/surveys-insp/EA-Acclaim-Rehabilitation-and-Nursing-Center-Rescission-05192025.pdf,https://www.nj.gov/health/healthfacilities/surveys-insp/EA-Acclaim-Rehabilitation-and-Nursing-Center-Rescission-05192025.pdf,EXISTING_HASH_VERIFIED,65f6ddb184fe120cbe464b2d29a1893cec23659b3b4f1ee1e84b8c429f845e92,65f6ddb184fe120cbe464b2d29a1893cec23659b3b4f1ee1e84b8c429f845e92,,CANONICAL,SEE_CORPUS_SUMMARY_GRAIN,,,true,"Recission of April 24, 2025 Notice of Assessment of Penalties",penalty_letter,INDEX_METADATA,index_action,,,,,,,,false,true,2025,Acclaim Rehabilitation and Nursing Center
nj-doh-enforcement-0419,https://www.nj.gov/health/healthfacilities/surveys-insp/enforcement_actions.shtml,/health/healthfacilities/surveys-insp/EA-Careone-at-Holmdel-05162025.pdf,https://www.nj.gov/health/healthfacilities/surveys-insp/EA-Careone-at-Holmdel-05162025.pdf,EXISTING_HASH_VERIFIED,9e0ecabfc070a2d3c4985c48b26e3554ac85a98ec5f6a52dc645c378437594ea,9e0ecabfc070a2d3c4985c48b26e3554ac85a98ec5f6a52dc645c378437594ea,,CANONICAL,SEE_CORPUS_SUMMARY_GRAIN,,,true,Notice of Assessment of Penalties,penalty_letter,INDEX_METADATA,index_action,,,,,,,,false,true,2025,Careone at Holmdel
nj-doh-enforcement-0420,https://www.nj.gov/health/healthfacilities/surveys-insp/enforcement_actions.shtml,/health/healthfacilities/surveys-insp/EA-Juniper-Village-At-Williamstown-05142025.pdf,https://www.nj.gov/health/healthfacilities/surveys-insp/EA-Juniper-Village-At-Williamstown-05142025.pdf,EXISTING_HASH_VERIFIED,1349f238cf21bdb86a8f4342f22de236f624b8dd988730cfd0b076f3dda6bedc,1349f238cf21bdb86a8f4342f22de236f624b8dd988730cfd0b076f3dda6bedc,,CANONICAL,SEE_CORPUS_SUMMARY_GRAIN,,,true,Order Lifting Directed Plans of Correction,directed_plan_of_correction,INDEX_METADATA,index_action,,,,,,,,false,true,2025,Juniper Village At Williamstown
nj-doh-enforcement-0421,https://www.nj.gov/health/healthfacilities/surveys-insp/enforcement_actions.shtml,/health/healthfacilities/surveys-insp/EA-Woodcliff-Lake-Health-and-Rehabilitation-Center-05142025.pdf,https://www.nj.gov/health/healthfacilities/surveys-insp/EA-Woodcliff-Lake-Health-and-Rehabilitation-Center-05142025.pdf,EXISTING_HASH_VERIFIED,4d0dd50ce6888d2acaeeaffd74e2338c7950a97bb657875473a4e74182efa62a,4d0dd50ce6888d2acaeeaffd74e2338c7950a97bb657875473a4e74182efa62a,,CANONICAL,SEE_CORPUS_SUMMARY_GRAIN,,,true,Notice of Assessment of Penalties,penalty_letter,INDEX_METADATA,index_action,,,,,,,,false,true,2025,Woodcliff Lake Health and Rehabilitation Center
nj-doh-enforcement-0422,https://www.nj.gov/health/healthfacilities/surveys-insp/enforcement_actions.shtml,/health/healthfacilities/surveys-insp/EA-Atlas-Post-Acute-at-Woodbury-Country-Club-05132025.pdf,https://www.nj.gov/health/healthfacilities/surveys-insp/EA-Atlas-Post-Acute-at-Woodbury-Country-Club-05132025.pdf,EXISTING_HASH_VERIFIED,d0b26ee068a720e513e611d7299163caac130846359ddb42b28f45ce98a5f1a7,d0b26ee068a720e513e611d7299163caac130846359ddb42b28f45ce98a5f1a7,,CANONICAL,SEE_CORPUS_SUMMARY_GRAIN,,,true,Notice of Assessment of Penalties,penalty_letter,INDEX_METADATA,index_action,,,,,,,,false,true,2025,Atlas Post Acute at Woodbury Country Club
nj-doh-enforcement-0423,https://www.nj.gov/health/healthfacilities/surveys-insp/enforcement_actions.shtml,/health/healthfacilities/surveys-insp/EA-Spring-Creek-Healthcare-Center-05132025.pdf,https://www.nj.gov/health/healthfacilities/surveys-insp/EA-Spring-Creek-Healthcare-Center-05132025.pdf,EXISTING_HASH_VERIFIED,84cfc5e80ab4b6dd9e7edcf46399315a1ee020dff3039a8576405db26e9e11c6,84cfc5e80ab4b6dd9e7edcf46399315a1ee020dff3039a8576405db26e9e11c6,,CANONICAL,SEE_CORPUS_SUMMARY_GRAIN,,,true,Notice of Assessment of Penalties,penalty_letter,INDEX_METADATA,index_action,,,,,,,,false,true,2025,Spring Creek Healthcare Center
nj-doh-enforcement-0424,https://www.nj.gov/health/healthfacilities/surveys-insp/enforcement_actions.shtml,/health/healthfacilities/surveys-insp/EA-Pelican-Point-Post-Acute-Nursing-and-Rehabilitation-05072025.pdf,https://www.nj.gov/health/healthfacilities/surveys-insp/EA-Pelican-Point-Post-Acute-Nursing-and-Rehabilitation-05072025.pdf,EXISTING_HASH_VERIFIED,81f292d351419e3453ffdc2b8fbc033e562db5b96b09280a24e209fcbdaec74b,81f292d351419e3453ffdc2b8fbc033e562db5b96b09280a24e209fcbdaec74b,,CANONICAL,SEE_CORPUS_SUMMARY_GRAIN,,,true,Notice of Assessment of Penalties,penalty_letter,INDEX_METADATA,index_action,,,,,,,,false,true,2025,Pelican Point Post Acute Nursing and Rehabilitation
nj-doh-enforcement-0425,https://www.nj.gov/health/healthfacilities/surveys-insp/enforcement_actions.shtml,/health/healthfacilities/surveys-insp/EA-Abigail-House-For-Nursing-and-Rehabilitation-05062025.pdf,https://www.nj.gov/health/healthfacilities/surveys-insp/EA-Abigail-House-For-Nursing-and-Rehabilitation-05062025.pdf,EXISTING_HASH_VERIFIED,e7320fe2531c4a480524b0b454eeb6589545d33f3ed10d2727d0efdec6e93bb4,e7320fe2531c4a480524b0b454eeb6589545d33f3ed10d2727d0efdec6e93bb4,,CANONICAL,SEE_CORPUS_SUMMARY_GRAIN,,,true,Notice of Assessment of Penalties,penalty_letter,INDEX_METADATA,index_action,,,,,,,,false,true,2025,Abigail House For Nursing and Rehabilitation
nj-doh-enforcement-0426,https://www.nj.gov/health/healthfacilities/surveys-insp/enforcement_actions.shtml,/health/healthfacilities/surveys-insp/EA-Silver-Lake-Hospital-LTACH-Amended-05062025.pdf,https://www.nj.gov/health/healthfacilities/surveys-insp/EA-Silver-Lake-Hospital-LTACH-Amended-05062025.pdf,EXISTING_HASH_VERIFIED,13d1e769bec3ed64524a13f85d0cf384b206a6662b831401444e49d825531e90,13d1e769bec3ed64524a13f85d0cf384b206a6662b831401444e49d825531e90,,CANONICAL,SEE_CORPUS_SUMMARY_GRAIN,,,true,Amended Notice of Assessment of Penalties,penalty_letter,INDEX_METADATA,index_action,,,,,,,,false,true,2025,Silver Lake Hospital LTACH
nj-doh-enforcement-0427,https://www.nj.gov/health/healthfacilities/surveys-insp/enforcement_actions.shtml,/health/healthfacilities/surveys-insp/EA-Barnert-Subacute-Rehabilitation-Center-05052025.pdf,https://www.nj.gov/health/healthfacilities/surveys-insp/EA-Barnert-Subacute-Rehabilitation-Center-05052025.pdf,EXISTING_HASH_VERIFIED,812072242d0c8913ee5b99f6d8f0ec3a68abc2cfe12b40f70ffe158132dde1e9,812072242d0c8913ee5b99f6d8f0ec3a68abc2cfe12b40f70ffe158132dde1e9,,CANONICAL,SEE_CORPUS_SUMMARY_GRAIN,,,true,Notice of Assessment of Penalties,penalty_letter,INDEX_METADATA,index_action,,,,,,,,false,true,2025,Barnert Subacute Rehabilitation Center
nj-doh-enforcement-0428,https://www.nj.gov/health/healthfacilities/surveys-insp/enforcement_actions.shtml,/health/healthfacilities/surveys-insp/EA-Complete-Care-at-West-Caldwell-05052025.pdf,https://www.nj.gov/health/healthfacilities/surveys-insp/EA-Complete-Care-at-West-Caldwell-05052025.pdf,EXISTING_HASH_VERIFIED,63cfa24e7ee8618c8eb7a5a41024f91d52e2bbdb12e41219a45941014a179315,63cfa24e7ee8618c8eb7a5a41024f91d52e2bbdb12e41219a45941014a179315,,CANONICAL,SEE_CORPUS_SUMMARY_GRAIN,,,true,Notice of Assessment of Penalties,penalty_letter,INDEX_METADATA,index_action,,,,,,,,false,true,2025,Complete Care at West Caldwell
nj-doh-enforcement-0429,https://www.nj.gov/health/healthfacilities/surveys-insp/enforcement_actions.shtml,/health/healthfacilities/surveys-insp/EA-South-Jersey-Extended-Care-05052025.pdf,https://www.nj.gov/health/healthfacilities/surveys-insp/EA-South-Jersey-Extended-Care-05052025.pdf,EXISTING_HASH_VERIFIED,b05211d74f5acea86dfde02203c4f640ab05aed211ae6129e8e0ac1c0cf70faf,b05211d74f5acea86dfde02203c4f640ab05aed211ae6129e8e0ac1c0cf70faf,,CANONICAL,SEE_CORPUS_SUMMARY_GRAIN,,,true,Order Lifting Directed Plan of Correction,directed_plan_of_correction,INDEX_METADATA,index_action,,,,,,,,false,true,2025,South Jersey Extended Care
nj-doh-enforcement-0430,https://www.nj.gov/health/healthfacilities/surveys-insp/enforcement_actions.shtml,/health/healthfacilities/surveys-insp/EA-Barnegat-Rehabilitation-And-Nursing-Center-05022025.pdf,https://www.nj.gov/health/healthfacilities/surveys-insp/EA-Barnegat-Rehabilitation-And-Nursing-Center-05022025.pdf,EXISTING_HASH_VERIFIED,0bcace5600c630633fb7b35d8dd9c5931b01f412478dc2d0b67499e4be27429c,0bcace5600c630633fb7b35d8dd9c5931b01f412478dc2d0b67499e4be27429c,,CANONICAL,SEE_CORPUS_SUMMARY_GRAIN,,,true,Information Requirement Order,other_expressly_identified_njdoh_action,INDEX_METADATA,index_action,,,,,,,,false,true,2025,Barnegat Rehabilitation And Nursing Center
nj-doh-enforcement-0431,https://www.nj.gov/health/healthfacilities/surveys-insp/enforcement_actions.shtml,/health/healthfacilities/surveys-insp/EA-Crystal-Lake-Healthcare-And-Rehabilitation-Center-05022025.pdf,https://www.nj.gov/health/healthfacilities/surveys-insp/EA-Crystal-Lake-Healthcare-And-Rehabilitation-Center-05022025.pdf,EXISTING_HASH_VERIFIED,0f42fb49f8337262b754181b8f7c76d07e7fd4a69a74c53a256fdbfb7362312d,0f42fb49f8337262b754181b8f7c76d07e7fd4a69a74c53a256fdbfb7362312d,,CANONICAL,SEE_CORPUS_SUMMARY_GRAIN,,,true,Curtailment of Admissions Order and Directed Plan of Correction,admission_curtailment,INDEX_METADATA,index_action,,,,,,,,false,true,2025,Crystal Lake Healthcare And Rehabilitation Center
nj-doh-enforcement-0432,https://www.nj.gov/health/healthfacilities/surveys-insp/enforcement_actions.shtml,/health/healthfacilities/surveys-insp/EA-Ridgewood-Center-05012025.pdf,https://www.nj.gov/health/healthfacilities/surveys-insp/EA-Ridgewood-Center-05012025.pdf,EXISTING_HASH_VERIFIED,1a6b3501ebc58c8b103f28d4f0ad65b4a87e430c9b232431d8ad2e65c41ec4a7,1a6b3501ebc58c8b103f28d4f0ad65b4a87e430c9b232431d8ad2e65c41ec4a7,,CANONICAL,SEE_CORPUS_SUMMARY_GRAIN,,,true,Notice of Assessment of Penalties,penalty_letter,INDEX_METADATA,index_action,,,,,,,,false,true,2025,Ridgewood Center
nj-doh-enforcement-0433,https://www.nj.gov/health/healthfacilities/surveys-insp/enforcement_actions.shtml,/health/healthfacilities/surveys-insp/EA-Aristacare-at-Cedar-Oaks-04302025.pdf,https://www.nj.gov/health/healthfacilities/surveys-insp/EA-Aristacare-at-Cedar-Oaks-04302025.pdf,EXISTING_HASH_VERIFIED,ec95af9047d00f85387c489e82804f6e641a8ce56326e8ebb874b579dd87463e,ec95af9047d00f85387c489e82804f6e641a8ce56326e8ebb874b579dd87463e,,CANONICAL,SEE_CORPUS_SUMMARY_GRAIN,,,true,Notice of Assessment of Penalties,penalty_letter,INDEX_METADATA,index_action,,,,,,,,false,true,2025,Aristacare at Cedar Oaks
nj-doh-enforcement-0434,https://www.nj.gov/health/healthfacilities/surveys-insp/enforcement_actions.shtml,/health/healthfacilities/surveys-insp/EA-Aristacare-at-Norwood-Terrace-04302025.pdf,https://www.nj.gov/health/healthfacilities/surveys-insp/EA-Aristacare-at-Norwood-Terrace-04302025.pdf,EXISTING_HASH_VERIFIED,c4f02fb544594cbb9c49b4a5fb46d336a9746089b66b5a54450af90aa371a635,c4f02fb544594cbb9c49b4a5fb46d336a9746089b66b5a54450af90aa371a635,,CANONICAL,SEE_CORPUS_SUMMARY_GRAIN,,,true,Notice of Assessment of Penalties,penalty_letter,INDEX_METADATA,index_action,,,,,,,,false,true,2025,Aristacare at Norwood Terrace
nj-doh-enforcement-0435,https://www.nj.gov/health/healthfacilities/surveys-insp/enforcement_actions.shtml,/health/healthfacilities/surveys-insp/EA-Dwellside-Care-and-Rehab-Cherry-Hill-Rehab-and-Care-Center-04302025.pdf,https://www.nj.gov/health/healthfacilities/surveys-insp/EA-Dwellside-Care-and-Rehab-Cherry-Hill-Rehab-and-Care-Center-04302025.pdf,EXISTING_HASH_VERIFIED,5ad197fe90cd5d50828f929897b63348699ca36f313b6ca8c2e0b6f0ef401298,5ad197fe90cd5d50828f929897b63348699ca36f313b6ca8c2e0b6f0ef401298,,CANONICAL,SEE_CORPUS_SUMMARY_GRAIN,,,true,Notice of Assessment of Penalties,penalty_letter,INDEX_METADATA,index_action,,,,,,,,false,true,2025,Dwellside Care and Rehab Cherry Hill Rehab and Care Center
nj-doh-enforcement-0436,https://www.nj.gov/health/healthfacilities/surveys-insp/enforcement_actions.shtml,/health/healthfacilities/surveys-insp/EA-Complete-Care-at-Mercerville-04292025.pdf,https://www.nj.gov/health/healthfacilities/surveys-insp/EA-Complete-Care-at-Mercerville-04292025.pdf,EXISTING_HASH_VERIFIED,8c6d07599cb52d0e7e2ad7b97ef880e08f21ab7d7685c9b4e66ca60c7fdf3179,8c6d07599cb52d0e7e2ad7b97ef880e08f21ab7d7685c9b4e66ca60c7fdf3179,,CANONICAL,SEE_CORPUS_SUMMARY_GRAIN,,,true,Notice of Assessment of Penalties,penalty_letter,INDEX_METADATA,index_action,,,,,,,,false,true,2025,Complete Care at Mercerville
nj-doh-enforcement-0437,https://www.nj.gov/health/healthfacilities/surveys-insp/enforcement_actions.shtml,/health/healthfacilities/surveys-insp/EA-Kessler-Institute-For-Rehabilitation-North-Facility-04252025.pdf,https://www.nj.gov/health/healthfacilities/surveys-insp/EA-Kessler-Institute-For-Rehabilitation-North-Facility-04252025.pdf,EXISTING_HASH_VERIFIED,eb40d8e3df4f66fd8d12f95d6e39907e5f8d377a65ef4e4893ef576b02f66ceb,eb40d8e3df4f66fd8d12f95d6e39907e5f8d377a65ef4e4893ef576b02f66ceb,,CANONICAL,SEE_CORPUS_SUMMARY_GRAIN,,,true,Notice of Assessment of Penalties,penalty_letter,INDEX_METADATA,index_action,,,,,,,,false,true,2025,Kessler Institute For Rehabilitation North Facility
nj-doh-enforcement-0438,https://www.nj.gov/health/healthfacilities/surveys-insp/enforcement_actions.shtml,/health/healthfacilities/surveys-insp/EA-Robert-Wood-Johnson-University-Hospital-04252025.pdf,https://www.nj.gov/health/healthfacilities/surveys-insp/EA-Robert-Wood-Johnson-University-Hospital-04252025.pdf,EXISTING_HASH_VERIFIED,a56285aaa92a16729b401ff369371625a8c1d2782ca81ae8bf9a8552b82631a1,a56285aaa92a16729b401ff369371625a8c1d2782ca81ae8bf9a8552b82631a1,,CANONICAL,SEE_CORPUS_SUMMARY_GRAIN,,,true,Notice of Assessment of Penalties,penalty_letter,INDEX_METADATA,index_action,,,,,,,,false,true,2025,Robert Wood Johnson University Hospital
nj-doh-enforcement-0439,https://www.nj.gov/health/healthfacilities/surveys-insp/enforcement_actions.shtml,/health/healthfacilities/surveys-insp/EA-Acclaim-Rehabilitation-and-Nursing-Center-04242025.pdf,https://www.nj.gov/health/healthfacilities/surveys-insp/EA-Acclaim-Rehabilitation-and-Nursing-Center-04242025.pdf,EXISTING_HASH_VERIFIED,de0888ab303adbf927715a81332ef6502a4b3e36d82c25f19094b7c21b95e9ef,de0888ab303adbf927715a81332ef6502a4b3e36d82c25f19094b7c21b95e9ef,,CANONICAL,SEE_CORPUS_SUMMARY_GRAIN,,,true,Notice of Assessment of Penalties,penalty_letter,INDEX_METADATA,index_action,,,,,,,,false,true,2025,Acclaim Rehabilitation and Nursing Center
nj-doh-enforcement-0440,https://www.nj.gov/health/healthfacilities/surveys-insp/enforcement_actions.shtml,/health/healthfacilities/surveys-insp/EA-Acclaim-Rehabilitation-and-Nursing-Center-04232025.pdf,https://www.nj.gov/health/healthfacilities/surveys-insp/EA-Acclaim-Rehabilitation-and-Nursing-Center-04232025.pdf,EXISTING_HASH_VERIFIED,3e6bde9f3d1c2525e0d458fc792a678702dc6f647c997660226671606de361b7,3e6bde9f3d1c2525e0d458fc792a678702dc6f647c997660226671606de361b7,,CANONICAL,SEE_CORPUS_SUMMARY_GRAIN,,,true,Directed Plan of Correction,directed_plan_of_correction,INDEX_METADATA,index_action,,,,,,,,false,true,2025,Acclaim Rehabilitation and Nursing Center
nj-doh-enforcement-0441,https://www.nj.gov/health/healthfacilities/surveys-insp/enforcement_actions.shtml,/health/healthfacilities/surveys-insp/EA-Cedar-Crest-Mountainview-Gardens-04212025.pdf,https://www.nj.gov/health/healthfacilities/surveys-insp/EA-Cedar-Crest-Mountainview-Gardens-04212025.pdf,EXISTING_HASH_VERIFIED,14b2dcd4a47a01543be6d13e9368d81a72d70266b2a508927881a32e129d1894,14b2dcd4a47a01543be6d13e9368d81a72d70266b2a508927881a32e129d1894,,CANONICAL,SEE_CORPUS_SUMMARY_GRAIN,,,true,Notice of Assessment of Penalties,penalty_letter,INDEX_METADATA,index_action,,,,,,,,false,true,2025,Cedar Crest Mountainview Gardens
nj-doh-enforcement-0442,https://www.nj.gov/health/healthfacilities/surveys-insp/enforcement_actions.shtml,/health/healthfacilities/surveys-insp/EA-Trinitas-Adult-Psychiatric-Clinic-04212025.pdf,https://www.nj.gov/health/healthfacilities/surveys-insp/EA-Trinitas-Adult-Psychiatric-Clinic-04212025.pdf,EXISTING_HASH_VERIFIED,f05207feb768725d240560d4940651ebc2151b34c1d845637f67df440caef309,f05207feb768725d240560d4940651ebc2151b34c1d845637f67df440caef309,,CANONICAL,SEE_CORPUS_SUMMARY_GRAIN,,,true,Notice of Assessment of Penalties,penalty_letter,INDEX_METADATA,index_action,,,,,,,,false,true,2025,Trinitas Adult Psychiatric Clinic
nj-doh-enforcement-0443,https://www.nj.gov/health/healthfacilities/surveys-insp/enforcement_actions.shtml,/health/healthfacilities/surveys-insp/EA-Carepoint-Health-Christ-Hospital-04172025.pdf,https://www.nj.gov/health/healthfacilities/surveys-insp/EA-Carepoint-Health-Christ-Hospital-04172025.pdf,EXISTING_HASH_VERIFIED,0cafd8cb83fa81dd0f517923514b75b4749c98948d802c4327d6981636c41013,0cafd8cb83fa81dd0f517923514b75b4749c98948d802c4327d6981636c41013,,CANONICAL,SEE_CORPUS_SUMMARY_GRAIN,,,true,Notice of Assessment of Penalties,penalty_letter,INDEX_METADATA,index_action,,,,,,,,false,true,2025,Carepoint Health Christ Hospital
nj-doh-enforcement-0444,https://www.nj.gov/health/healthfacilities/surveys-insp/enforcement_actions.shtml,/health/healthfacilities/surveys-insp/EA-Crest-Pointe-Rehabilitation-and-Healthcare-04162025.pdf,https://www.nj.gov/health/healthfacilities/surveys-insp/EA-Crest-Pointe-Rehabilitation-and-Healthcare-04162025.pdf,EXISTING_HASH_VERIFIED,7f70676d6e6beefe5f35209b87e44966be582110a4ddea6e2380bc571b9131e5,7f70676d6e6beefe5f35209b87e44966be582110a4ddea6e2380bc571b9131e5,,CANONICAL,SEE_CORPUS_SUMMARY_GRAIN,,,true,Notice of Assessment of Penalties,penalty_letter,INDEX_METADATA,index_action,,,,,,,,false,true,2025,Crest Pointe Rehabilitation and Healthcare
nj-doh-enforcement-0445,https://www.nj.gov/health/healthfacilities/surveys-insp/enforcement_actions.shtml,/health/healthfacilities/surveys-insp/EA-Complete-Care-at-Arbors-04152025.pdf,https://www.nj.gov/health/healthfacilities/surveys-insp/EA-Complete-Care-at-Arbors-04152025.pdf,EXISTING_HASH_VERIFIED,e46367afff3845f65d1bd1265e343506a4e4891033bbc4cc48ecf7989e00669a,e46367afff3845f65d1bd1265e343506a4e4891033bbc4cc48ecf7989e00669a,,CANONICAL,SEE_CORPUS_SUMMARY_GRAIN,,,true,Notice of Assessment of Penalties,penalty_letter,INDEX_METADATA,index_action,,,,,,,,false,true,2025,Complete Care at Arbors
nj-doh-enforcement-0446,https://www.nj.gov/health/healthfacilities/surveys-insp/enforcement_actions.shtml,/health/healthfacilities/surveys-insp/EA-The-Venetian-Care-and-Rehab-Center-04142025.pdf,https://www.nj.gov/health/healthfacilities/surveys-insp/EA-The-Venetian-Care-and-Rehab-Center-04142025.pdf,EXISTING_HASH_VERIFIED,7da0dcb2054bf46d8fca7ce5de18f0b56f4c8944982aee8ae154375dfec85de8,7da0dcb2054bf46d8fca7ce5de18f0b56f4c8944982aee8ae154375dfec85de8,,CANONICAL,SEE_CORPUS_SUMMARY_GRAIN,,,true,Information Requirement Order,other_expressly_identified_njdoh_action,INDEX_METADATA,index_action,,,,,,,,false,true,2025,The Venetian Care and Rehab Center
nj-doh-enforcement-0447,https://www.nj.gov/health/healthfacilities/surveys-insp/enforcement_actions.shtml,/health/healthfacilities/surveys-insp/EA-Florham-Park-Endoscopy-04112025.pdf,https://www.nj.gov/health/healthfacilities/surveys-insp/EA-Florham-Park-Endoscopy-04112025.pdf,EXISTING_HASH_VERIFIED,ac0d3c7c03328d6e31b945e346f99e3040f8b542ebc12cd24f4812914024f57a,ac0d3c7c03328d6e31b945e346f99e3040f8b542ebc12cd24f4812914024f57a,,CANONICAL,SEE_CORPUS_SUMMARY_GRAIN,,,true,Order Rescinding Notice of Assessment of Penalties,other_expressly_identified_njdoh_action,INDEX_METADATA,index_action,,,,,,,,false,true,2025,Florham Park Endoscopy
nj-doh-enforcement-0448,https://www.nj.gov/health/healthfacilities/surveys-insp/enforcement_actions.shtml,/health/healthfacilities/surveys-insp/EA-Complete-Care-at-Plainfield-04102025.pdf,https://www.nj.gov/health/healthfacilities/surveys-insp/EA-Complete-Care-at-Plainfield-04102025.pdf,EXISTING_HASH_VERIFIED,908b4e450d9e8829ac581882713fed4736143561a100efb632c239845816f5cd,908b4e450d9e8829ac581882713fed4736143561a100efb632c239845816f5cd,,CANONICAL,SEE_CORPUS_SUMMARY_GRAIN,,,true,Notice of Assessment of Penalties,penalty_letter,INDEX_METADATA,index_action,,,,,,,,false,true,2025,Complete Care at Plainfield
nj-doh-enforcement-0449,https://www.nj.gov/health/healthfacilities/surveys-insp/enforcement_actions.shtml,/health/healthfacilities/surveys-insp/EA-Meadowbrook-Respiratory-and-Nursing-Center-04092025.pdf,https://www.nj.gov/health/healthfacilities/surveys-insp/EA-Meadowbrook-Respiratory-and-Nursing-Center-04092025.pdf,EXISTING_HASH_VERIFIED,ac05f1ffd779100b03276e9099ad3f2ada68049d722e380c1b01ece3327fe453,ac05f1ffd779100b03276e9099ad3f2ada68049d722e380c1b01ece3327fe453,,CANONICAL,SEE_CORPUS_SUMMARY_GRAIN,,,true,Notice of Assessment of Penalties,penalty_letter,INDEX_METADATA,index_action,,,,,,,,false,true,2025,Meadowbrook Respiratory and Nursing Center
nj-doh-enforcement-0450,https://www.nj.gov/health/healthfacilities/surveys-insp/enforcement_actions.shtml,/health/healthfacilities/surveys-insp/EA-Millville-Center-04092025.pdf,https://www.nj.gov/health/healthfacilities/surveys-insp/EA-Millville-Center-04092025.pdf,EXISTING_HASH_VERIFIED,b15bb89feb0234158a46db73ba273126f85175d5a604754e03637a76c0b9cd10,b15bb89feb0234158a46db73ba273126f85175d5a604754e03637a76c0b9cd10,,CANONICAL,SEE_CORPUS_SUMMARY_GRAIN,,,true,Notice of Assessment of Penalties,penalty_letter,INDEX_METADATA,index_action,,,,,,,,false,true,2025,Millville Center
nj-doh-enforcement-0451,https://www.nj.gov/health/healthfacilities/surveys-insp/enforcement_actions.shtml,/health/healthfacilities/surveys-insp/EA-Oakland-Rehab-and-Healthcare-Center-04092025.pdf,https://www.nj.gov/health/healthfacilities/surveys-insp/EA-Oakland-Rehab-and-Healthcare-Center-04092025.pdf,EXISTING_HASH_VERIFIED,a64eba281194333af2dad467bfee8363fc0d95bf2bb86e70861fd13b0e763a35,a64eba281194333af2dad467bfee8363fc0d95bf2bb86e70861fd13b0e763a35,,CANONICAL,SEE_CORPUS_SUMMARY_GRAIN,,,true,Notice of Assessment of Penalties,penalty_letter,INDEX_METADATA,index_action,,,,,,,,false,true,2025,Oakland Rehabilitation and Healthcare Center
nj-doh-enforcement-0452,https://www.nj.gov/health/healthfacilities/surveys-insp/enforcement_actions.shtml,/health/healthfacilities/surveys-insp/EA-Wedgewood-Gardens-Care-Center-04092025.pdf,https://www.nj.gov/health/healthfacilities/surveys-insp/EA-Wedgewood-Gardens-Care-Center-04092025.pdf,EXISTING_HASH_VERIFIED,22b35e5629bfc85bca9e08034319e4a99c651c16eff7c3cd0273b2a78f010a32,22b35e5629bfc85bca9e08034319e4a99c651c16eff7c3cd0273b2a78f010a32,,CANONICAL,SEE_CORPUS_SUMMARY_GRAIN,,,true,Notice of Assessment of Penalties,penalty_letter,INDEX_METADATA,index_action,,,,,,,,false,true,2025,Wedgewood Gardens Care Center
nj-doh-enforcement-0453,https://www.nj.gov/health/healthfacilities/surveys-insp/enforcement_actions.shtml,/health/healthfacilities/surveys-insp/EA-Hunterdon-Care-Center-04072025.pdf,https://www.nj.gov/health/healthfacilities/surveys-insp/EA-Hunterdon-Care-Center-04072025.pdf,EXISTING_HASH_VERIFIED,936470bbe1eac8264ee4bc94b4c34e2e4960afcb9af9782226a161cb9f09a202,936470bbe1eac8264ee4bc94b4c34e2e4960afcb9af9782226a161cb9f09a202,,CANONICAL,SEE_CORPUS_SUMMARY_GRAIN,,,true,Notice of Assessment of Penalties,penalty_letter,INDEX_METADATA,index_action,,,,,,,,false,true,2025,Hunterdon Care Center
nj-doh-enforcement-0454,https://www.nj.gov/health/healthfacilities/surveys-insp/enforcement_actions.shtml,/health/healthfacilities/surveys-insp/EA-Salem-ASC-LLC-04072025.pdf,https://www.nj.gov/health/healthfacilities/surveys-insp/EA-Salem-ASC-LLC-04072025.pdf,EXISTING_HASH_VERIFIED,538478b9e3b40196349f6ab39c2b00571646570638a65a0614444e61ca397632,538478b9e3b40196349f6ab39c2b00571646570638a65a0614444e61ca397632,,CANONICAL,SEE_CORPUS_SUMMARY_GRAIN,,,true,Order Lifting Directed Plan of Correction,directed_plan_of_correction,INDEX_METADATA,index_action,,,,,,,,false,true,2025,Salem ASC LLC.
nj-doh-enforcement-0455,https://www.nj.gov/health/healthfacilities/surveys-insp/enforcement_actions.shtml,/health/healthfacilities/surveys-insp/EA-Atrium-Post-Acute-Care-Of-Park-Ridge-04042025.pdf,https://www.nj.gov/health/healthfacilities/surveys-insp/EA-Atrium-Post-Acute-Care-Of-Park-Ridge-04042025.pdf,EXISTING_HASH_VERIFIED,d376b007a538d20978fafc6a3995fcb7c36ce16ee394d8a4158de34953de3f45,d376b007a538d20978fafc6a3995fcb7c36ce16ee394d8a4158de34953de3f45,,CANONICAL,SEE_CORPUS_SUMMARY_GRAIN,,,true,Information Requirement Order,other_expressly_identified_njdoh_action,INDEX_METADATA,index_action,,,,,,,,false,true,2025,Atrium Post Acute Care Of Park Ridge
nj-doh-enforcement-0456,https://www.nj.gov/health/healthfacilities/surveys-insp/enforcement_actions.shtml,/health/healthfacilities/surveys-insp/EA-Atrium-Post-Acute-Care-Of-Wayne-04042025.pdf,https://www.nj.gov/health/healthfacilities/surveys-insp/EA-Atrium-Post-Acute-Care-Of-Wayne-04042025.pdf,EXISTING_HASH_VERIFIED,7e0d12d5b1784427591fdefc89d211654647c58b16992eccf642bd314cb9ba25,7e0d12d5b1784427591fdefc89d211654647c58b16992eccf642bd314cb9ba25,,CANONICAL,SEE_CORPUS_SUMMARY_GRAIN,,,true,Information Requirement Order,other_expressly_identified_njdoh_action,INDEX_METADATA,index_action,,,,,,,,false,true,2025,Atrium Post Acute Care Of Wayne
nj-doh-enforcement-0457,https://www.nj.gov/health/healthfacilities/surveys-insp/enforcement_actions.shtml,/health/healthfacilities/surveys-insp/EA-Avalon-Rehab-And-Care-Center-04042025.pdf,https://www.nj.gov/health/healthfacilities/surveys-insp/EA-Avalon-Rehab-And-Care-Center-04042025.pdf,EXISTING_HASH_VERIFIED,456f9bc53941f9760431d19e3f3fe41bd7b1807d14fd0d72c0cb0a2a42445dc9,456f9bc53941f9760431d19e3f3fe41bd7b1807d14fd0d72c0cb0a2a42445dc9,,CANONICAL,SEE_CORPUS_SUMMARY_GRAIN,,,true,Information Requirement Order,other_expressly_identified_njdoh_action,INDEX_METADATA,index_action,,,,,,,,false,true,2025,Avalon Rehab And Care Center
nj-doh-enforcement-0458,https://www.nj.gov/health/healthfacilities/surveys-insp/enforcement_actions.shtml,/health/healthfacilities/surveys-insp/ea-brightview-greentree-amended-04012025.pdf,https://www.nj.gov/health/healthfacilities/surveys-insp/ea-brightview-greentree-amended-04012025.pdf,EXISTING_HASH_VERIFIED,50880b20aae166f3e324d9a17f14937b86ea651bc2f86504fe58ea5e20a1ac50,50880b20aae166f3e324d9a17f14937b86ea651bc2f86504fe58ea5e20a1ac50,,CANONICAL,SEE_CORPUS_SUMMARY_GRAIN,,,true,Amended Notice of Assessment of Penalties,penalty_letter,INDEX_METADATA,index_action,,,,,,,,false,true,2025,Brightview Greentree
nj-doh-enforcement-0459,https://www.nj.gov/health/healthfacilities/surveys-insp/enforcement_actions.shtml,/health/healthfacilities/surveys-insp/ea-medford-care-center-04012025.pdf,https://www.nj.gov/health/healthfacilities/surveys-insp/ea-medford-care-center-04012025.pdf,EXISTING_HASH_VERIFIED,bd5898f48e30f0198afe51d5e5026f79f30680d11b6f101591a0d26ada2c38d7,bd5898f48e30f0198afe51d5e5026f79f30680d11b6f101591a0d26ada2c38d7,,CANONICAL,SEE_CORPUS_SUMMARY_GRAIN,,,true,Order Fully Lifting Directed Plan of Correction and Lifting Curtailment of New Admissions,directed_plan_of_correction,INDEX_METADATA,index_action,,,,,,,,false,true,2025,Medford Care Center
nj-doh-enforcement-0460,https://www.nj.gov/health/healthfacilities/surveys-insp/enforcement_actions.shtml,/health/healthfacilities/surveys-insp/ea-bergen-new-bridge-medical-center-03262025.pdf,https://www.nj.gov/health/healthfacilities/surveys-insp/ea-bergen-new-bridge-medical-center-03262025.pdf,EXISTING_HASH_VERIFIED,bea6768dc58be3e1f4a89e508556cc068330c74f0735fb9c5a66ad9ba49b40a4,bea6768dc58be3e1f4a89e508556cc068330c74f0735fb9c5a66ad9ba49b40a4,,CANONICAL,SEE_CORPUS_SUMMARY_GRAIN,,,true,Revised Notice of Assessment of Penalties,penalty_letter,INDEX_METADATA,index_action,,,,,,,,false,true,2025,Bergen New Bridge Medical Center
nj-doh-enforcement-0461,https://www.nj.gov/health/healthfacilities/surveys-insp/enforcement_actions.shtml,/health/healthfacilities/surveys-insp/EA-Advanced-Magnetic-Imagin-Associates-Pa-03262025.pdf,https://www.nj.gov/health/healthfacilities/surveys-insp/EA-Advanced-Magnetic-Imagin-Associates-Pa-03262025.pdf,EXISTING_HASH_VERIFIED,cf735a93695b905bac03726e8bd1af846bf4ed23553d04304088df9007825c3c,cf735a93695b905bac03726e8bd1af846bf4ed23553d04304088df9007825c3c,,CANONICAL,SEE_CORPUS_SUMMARY_GRAIN,,,true,Notice of Assessment of Penalties,penalty_letter,INDEX_METADATA,index_action,,,,,,,,false,true,2025,"Advanced Magnetic ImagingAssociates, PA"
nj-doh-enforcement-0462,https://www.nj.gov/health/healthfacilities/surveys-insp/enforcement_actions.shtml,/health/healthfacilities/surveys-insp/EA-Arista-Care-at-Parkside-03262025.pdf,https://www.nj.gov/health/healthfacilities/surveys-insp/EA-Arista-Care-at-Parkside-03262025.pdf,EXISTING_HASH_VERIFIED,89a5506ca5b3a811dab46656f2795e4fabef0b481be9c099a9255ffaad8a5bfd,89a5506ca5b3a811dab46656f2795e4fabef0b481be9c099a9255ffaad8a5bfd,,CANONICAL,SEE_CORPUS_SUMMARY_GRAIN,,,true,Notice of Assessment of Penalties,penalty_letter,INDEX_METADATA,index_action,,,,,,,,false,true,2025,Aristacare at Parkside
nj-doh-enforcement-0463,https://www.nj.gov/health/healthfacilities/surveys-insp/enforcement_actions.shtml,/health/healthfacilities/surveys-insp/EA-Complete-Care-at-Court-House-03262025.pdf,https://www.nj.gov/health/healthfacilities/surveys-insp/EA-Complete-Care-at-Court-House-03262025.pdf,EXISTING_HASH_VERIFIED,42c3b5f455f7d34b5f8b031ba49f9ddaa6c6a5210eea94895970873b11ca8b1e,42c3b5f455f7d34b5f8b031ba49f9ddaa6c6a5210eea94895970873b11ca8b1e,,CANONICAL,SEE_CORPUS_SUMMARY_GRAIN,,,true,Notice of Assessment of Penalties,penalty_letter,INDEX_METADATA,index_action,,,,,,,,false,true,2025,Complete Care at Court House
nj-doh-enforcement-0464,https://www.nj.gov/health/healthfacilities/surveys-insp/enforcement_actions.shtml,/health/healthfacilities/surveys-insp/EA-Complete-Care-at-Milford-Manor-03262025.pdf,https://www.nj.gov/health/healthfacilities/surveys-insp/EA-Complete-Care-at-Milford-Manor-03262025.pdf,EXISTING_HASH_VERIFIED,be0a0878ce4a5b62ad4ff2963f727bed97a01cef4cbd0e96baa9131b1ff0b484,be0a0878ce4a5b62ad4ff2963f727bed97a01cef4cbd0e96baa9131b1ff0b484,,CANONICAL,SEE_CORPUS_SUMMARY_GRAIN,,,true,Notice of Assessment of Penalties,penalty_letter,INDEX_METADATA,index_action,,,,,,,,false,true,2025,Complete Care at Milford Manor
nj-doh-enforcement-0465,https://www.nj.gov/health/healthfacilities/surveys-insp/enforcement_actions.shtml,/health/healthfacilities/surveys-insp/EA-North-Cape-Center-03252025.pdf,https://www.nj.gov/health/healthfacilities/surveys-insp/EA-North-Cape-Center-03252025.pdf,EXISTING_HASH_VERIFIED,23f9c287be0f3859bf48b73c332e2ee2168bca171db48a4170c804dea9aa4914,23f9c287be0f3859bf48b73c332e2ee2168bca171db48a4170c804dea9aa4914,,CANONICAL,SEE_CORPUS_SUMMARY_GRAIN,,,true,Notice of Assessment of Penalties,penalty_letter,INDEX_METADATA,index_action,,,,,,,,false,true,2025,North Cape Center
nj-doh-enforcement-0466,https://www.nj.gov/health/healthfacilities/surveys-insp/enforcement_actions.shtml,/health/healthfacilities/surveys-insp/EA-Prestige-AMDC-03252025.pdf,https://www.nj.gov/health/healthfacilities/surveys-insp/EA-Prestige-AMDC-03252025.pdf,EXISTING_HASH_VERIFIED,5e740b632783f70dacd4e0bca1b8f0d68d5e4dfba144ffa5ece25b821eb9b0b5,5e740b632783f70dacd4e0bca1b8f0d68d5e4dfba144ffa5ece25b821eb9b0b5,,CANONICAL,SEE_CORPUS_SUMMARY_GRAIN,,,true,Notice of Assessment of Penalties,penalty_letter,INDEX_METADATA,index_action,,,,,,,,false,true,2025,Prestige AMDC
nj-doh-enforcement-0467,https://www.nj.gov/health/healthfacilities/surveys-insp/enforcement_actions.shtml,/health/healthfacilities/surveys-insp/EA-Chatham-Hills-Subacute-Care-Center-03242025.pdf,https://www.nj.gov/health/healthfacilities/surveys-insp/EA-Chatham-Hills-Subacute-Care-Center-03242025.pdf,EXISTING_HASH_VERIFIED,49908efab472a47500d56650a68b1378b31929fa56f9fa48ba62cb446812827f,49908efab472a47500d56650a68b1378b31929fa56f9fa48ba62cb446812827f,,CANONICAL,SEE_CORPUS_SUMMARY_GRAIN,,,true,Notice of Assessment of Penalties,penalty_letter,INDEX_METADATA,index_action,,,,,,,,false,true,2025,Chatham Hills Subacute Care Center
nj-doh-enforcement-0468,https://www.nj.gov/health/healthfacilities/surveys-insp/enforcement_actions.shtml,/health/healthfacilities/surveys-insp/EA-Clara-Maass-Medical-Center-03242025.pdf,https://www.nj.gov/health/healthfacilities/surveys-insp/EA-Clara-Maass-Medical-Center-03242025.pdf,EXISTING_HASH_VERIFIED,2d4c701fb3d4267acbaeafe9232d1862cb1dc961d1e1c51e997a5d91caef85f8,2d4c701fb3d4267acbaeafe9232d1862cb1dc961d1e1c51e997a5d91caef85f8,,CANONICAL,SEE_CORPUS_SUMMARY_GRAIN,,,true,Notice of Assessment of Penalties,penalty_letter,INDEX_METADATA,index_action,,,,,,,,false,true,2025,Clara Maass Medical Center
nj-doh-enforcement-0469,https://www.nj.gov/health/healthfacilities/surveys-insp/enforcement_actions.shtml,/health/healthfacilities/surveys-insp/EA-Jewish-Home-for-Rehab-and-Nursing-03242025.pdf,https://www.nj.gov/health/healthfacilities/surveys-insp/EA-Jewish-Home-for-Rehab-and-Nursing-03242025.pdf,EXISTING_HASH_VERIFIED,ca2111e47e7e5b078c379a9a91d82bd0c1a3d19baf1042146697095a684b4ec9,ca2111e47e7e5b078c379a9a91d82bd0c1a3d19baf1042146697095a684b4ec9,,CANONICAL,SEE_CORPUS_SUMMARY_GRAIN,,,true,Notice of Assessment of Penalties,penalty_letter,INDEX_METADATA,index_action,,,,,,,,false,true,2025,Jewish Home for Rehab and Nursing
nj-doh-enforcement-0470,https://www.nj.gov/health/healthfacilities/surveys-insp/enforcement_actions.shtml,/health/healthfacilities/surveys-insp/EA-Optima-Care-Castle-Hill-03242025.pdf,https://www.nj.gov/health/healthfacilities/surveys-insp/EA-Optima-Care-Castle-Hill-03242025.pdf,EXISTING_HASH_VERIFIED,799c6559ac46bdcd1c5afe7d707965f5d979f40b54599fb73697cbaa3fca5452,799c6559ac46bdcd1c5afe7d707965f5d979f40b54599fb73697cbaa3fca5452,,CANONICAL,SEE_CORPUS_SUMMARY_GRAIN,,,true,Notice of Assessment of Penalties,penalty_letter,INDEX_METADATA,index_action,,,,,,,,false,true,2025,Optima Care Castle Hill
nj-doh-enforcement-0471,https://www.nj.gov/health/healthfacilities/surveys-insp/enforcement_actions.shtml,/health/healthfacilities/surveys-insp/EA-Somerset-Woods-Rehab-and-Nursing-03242025.pdf,https://www.nj.gov/health/healthfacilities/surveys-insp/EA-Somerset-Woods-Rehab-and-Nursing-03242025.pdf,EXISTING_HASH_VERIFIED,a43de473dcf69a9881949650d7ec047bad98f71c40583ec3fc228f255cde8fd4,a43de473dcf69a9881949650d7ec047bad98f71c40583ec3fc228f255cde8fd4,,CANONICAL,SEE_CORPUS_SUMMARY_GRAIN,,,true,Notice of Assessment of Penalties,penalty_letter,INDEX_METADATA,index_action,,,,,,,,false,true,2025,EA Somerset Woods Rehab and Nursing
nj-doh-enforcement-0472,https://www.nj.gov/health/healthfacilities/surveys-insp/enforcement_actions.shtml,/health/healthfacilities/surveys-insp/ea-clara-maass-medical-center-03202025.pdf,https://www.nj.gov/health/healthfacilities/surveys-insp/ea-clara-maass-medical-center-03202025.pdf,EXISTING_HASH_VERIFIED,de8aafa5d810e21b61b33726f6b7c2a7c7e5e57449fee54280a67172db38ac4e,de8aafa5d810e21b61b33726f6b7c2a7c7e5e57449fee54280a67172db38ac4e,,CANONICAL,SEE_CORPUS_SUMMARY_GRAIN,,,true,Notice of Assessment of Penalties,penalty_letter,INDEX_METADATA,index_action,,,,,,,,false,true,2025,Clara Maass Medical Center
nj-doh-enforcement-0473,https://www.nj.gov/health/healthfacilities/surveys-insp/enforcement_actions.shtml,/health/healthfacilities/surveys-insp/ea-aristacare-at-cherry-hill-03202025%20n.pdf,https://www.nj.gov/health/healthfacilities/surveys-insp/ea-aristacare-at-cherry-hill-03202025%20n.pdf,EXISTING_HASH_VERIFIED,a2e142a656dcc7de7962df7574d347abf311c8f2d79ff6ed24d2928af554b4de,a2e142a656dcc7de7962df7574d347abf311c8f2d79ff6ed24d2928af554b4de,,CANONICAL,SEE_CORPUS_SUMMARY_GRAIN,,,true,Notice of Assessment of Penalties,penalty_letter,INDEX_METADATA,index_action,,,,,,,,false,true,2025,Aristacare at Cherry Hill
nj-doh-enforcement-0474,https://www.nj.gov/health/healthfacilities/surveys-insp/enforcement_actions.shtml,/health/healthfacilities/surveys-insp/ea-somerset-woods-rehab-and-nursing-center-03192025%20n.pdf,https://www.nj.gov/health/healthfacilities/surveys-insp/ea-somerset-woods-rehab-and-nursing-center-03192025%20n.pdf,EXISTING_HASH_VERIFIED,256573418a17379890e89c16c664a2f07fb70e446da7d2fcd33c3acf3c6a0d20,256573418a17379890e89c16c664a2f07fb70e446da7d2fcd33c3acf3c6a0d20,,CANONICAL,SEE_CORPUS_SUMMARY_GRAIN,,,true,Order Lifting Directed Plan of Correction,directed_plan_of_correction,INDEX_METADATA,index_action,,,,,,,,false,true,2025,Somerset Woods Rehabilitation and Nursing Center
nj-doh-enforcement-0475,https://www.nj.gov/health/healthfacilities/surveys-insp/enforcement_actions.shtml,/health/healthfacilities/surveys-insp/ea-one-adult-day-care-center-corp-03182025.pdf,https://www.nj.gov/health/healthfacilities/surveys-insp/ea-one-adult-day-care-center-corp-03182025.pdf,EXISTING_HASH_VERIFIED,a55d53d9a125d53d22a62b94c130c7071cc0d590c73bd6eb96b8c220834f4af0,a55d53d9a125d53d22a62b94c130c7071cc0d590c73bd6eb96b8c220834f4af0,,CANONICAL,SEE_CORPUS_SUMMARY_GRAIN,,,true,Cease and Desist Order,other_expressly_identified_njdoh_action,INDEX_METADATA,index_action,,,,,,,,false,true,2025,One Adult Day Care Center Corp
nj-doh-enforcement-0476,https://www.nj.gov/health/healthfacilities/surveys-insp/enforcement_actions.shtml,/health/healthfacilities/surveys-insp/EA-Revised-Jersey-Shore-Center-03182025.pdf,https://www.nj.gov/health/healthfacilities/surveys-insp/EA-Revised-Jersey-Shore-Center-03182025.pdf,EXISTING_HASH_VERIFIED,47aabd0f4231e95961a3be3dd1c4ab8969b7e91473829f89c758ae7bd7c3d490,47aabd0f4231e95961a3be3dd1c4ab8969b7e91473829f89c758ae7bd7c3d490,,CANONICAL,SEE_CORPUS_SUMMARY_GRAIN,,,true,Revised Notice of Assessment of Penalties,penalty_letter,INDEX_METADATA,index_action,,,,,,,,false,true,2025,Jersey Shore Center
nj-doh-enforcement-0477,https://www.nj.gov/health/healthfacilities/surveys-insp/enforcement_actions.shtml,/health/healthfacilities/surveys-insp/EA-Atrium-Post-Acute-Care-of-Wayne-03172025.pdf,https://www.nj.gov/health/healthfacilities/surveys-insp/EA-Atrium-Post-Acute-Care-of-Wayne-03172025.pdf,EXISTING_HASH_VERIFIED,7ee34262f59c186ff604c60b886709dd79af5755d984fcd17941db0204b54150,7ee34262f59c186ff604c60b886709dd79af5755d984fcd17941db0204b54150,,CANONICAL,SEE_CORPUS_SUMMARY_GRAIN,,,true,Notice of Assessment of Penalties,penalty_letter,INDEX_METADATA,index_action,,,,,,,,false,true,2025,Atrium Post Acute Care of Wayne
nj-doh-enforcement-0478,https://www.nj.gov/health/healthfacilities/surveys-insp/enforcement_actions.shtml,/health/healthfacilities/surveys-insp/EA-Autumn-Lake-Healthcare-at-Southgate-03172025.pdf,https://www.nj.gov/health/healthfacilities/surveys-insp/EA-Autumn-Lake-Healthcare-at-Southgate-03172025.pdf,EXISTING_HASH_VERIFIED,7a21b918e4fb3172f1ddece77488d1e38142c26c7673ed7a40e27fdefadd651a,7a21b918e4fb3172f1ddece77488d1e38142c26c7673ed7a40e27fdefadd651a,,CANONICAL,SEE_CORPUS_SUMMARY_GRAIN,,,true,Notice of Assessment of Penalties,penalty_letter,INDEX_METADATA,index_action,,,,,,,,false,true,2025,Autumn Lake Healthcare at Southgate
nj-doh-enforcement-0479,https://www.nj.gov/health/healthfacilities/surveys-insp/enforcement_actions.shtml,/health/healthfacilities/surveys-insp/EA-Broadway-House-for-Continuing-Care-03172025.pdf,https://www.nj.gov/health/healthfacilities/surveys-insp/EA-Broadway-House-for-Continuing-Care-03172025.pdf,EXISTING_HASH_VERIFIED,a92d4278ed420ee8473c24a6bc7507c29bf3020f859cdfc591534016ef30c1cb,a92d4278ed420ee8473c24a6bc7507c29bf3020f859cdfc591534016ef30c1cb,,CANONICAL,SEE_CORPUS_SUMMARY_GRAIN,,,true,Notice of Assessment of Penalties,penalty_letter,INDEX_METADATA,index_action,,,,,,,,false,true,2025,Broadway House for Continuing Care
nj-doh-enforcement-0480,https://www.nj.gov/health/healthfacilities/surveys-insp/enforcement_actions.shtml,/health/healthfacilities/surveys-insp/EA-Complete-Care-at-Prospect-Heights-03172025.pdf,https://www.nj.gov/health/healthfacilities/surveys-insp/EA-Complete-Care-at-Prospect-Heights-03172025.pdf,EXISTING_HASH_VERIFIED,06849e0fa861ae917e6c3e16b5dea561326d1d45fa23f58ecd307e9c96b735db,06849e0fa861ae917e6c3e16b5dea561326d1d45fa23f58ecd307e9c96b735db,,CANONICAL,SEE_CORPUS_SUMMARY_GRAIN,,,true,Notice of Assessment of Penalties,penalty_letter,INDEX_METADATA,index_action,,,,,,,,false,true,2025,Complete Care at Prospect Heights
nj-doh-enforcement-0481,https://www.nj.gov/health/healthfacilities/surveys-insp/enforcement_actions.shtml,/health/healthfacilities/surveys-insp/EA-Jersey-Shore-Center-03172025.pdf,https://www.nj.gov/health/healthfacilities/surveys-insp/EA-Jersey-Shore-Center-03172025.pdf,EXISTING_HASH_VERIFIED,95d09140abb8b0280f0fd681623eb7ff99afacdd4b7e534bdea7a30c472804f7,95d09140abb8b0280f0fd681623eb7ff99afacdd4b7e534bdea7a30c472804f7,,CANONICAL,SEE_CORPUS_SUMMARY_GRAIN,,,true,Notice of Assessment of Penalties,penalty_letter,INDEX_METADATA,index_action,,,,,,,,false,true,2025,Jersey Shore Center
nj-doh-enforcement-0482,https://www.nj.gov/health/healthfacilities/surveys-insp/enforcement_actions.shtml,/health/healthfacilities/surveys-insp/EA-Preferred-Care-at-Wall-03172025.pdf,https://www.nj.gov/health/healthfacilities/surveys-insp/EA-Preferred-Care-at-Wall-03172025.pdf,EXISTING_HASH_VERIFIED,fe4e4de1220a068ccd92d1de007b25acc6dae42c36fc8cf3559863ff16caa6bc,fe4e4de1220a068ccd92d1de007b25acc6dae42c36fc8cf3559863ff16caa6bc,,CANONICAL,SEE_CORPUS_SUMMARY_GRAIN,,,true,Notice of Assessment of Penalties,penalty_letter,INDEX_METADATA,index_action,,,,,,,,false,true,2025,Preferred Care at Wall
nj-doh-enforcement-0483,https://www.nj.gov/health/healthfacilities/surveys-insp/enforcement_actions.shtml,/health/healthfacilities/surveys-insp/EA-Shore-Gardens-03172025.pdf,https://www.nj.gov/health/healthfacilities/surveys-insp/EA-Shore-Gardens-03172025.pdf,EXISTING_HASH_VERIFIED,48a0cc79912b4c9df9b64b9e6085d747e4eb2b3216fd2920bab933b785dbbaf2,48a0cc79912b4c9df9b64b9e6085d747e4eb2b3216fd2920bab933b785dbbaf2,,CANONICAL,SEE_CORPUS_SUMMARY_GRAIN,,,true,Notice of Assessment of Penalties,penalty_letter,INDEX_METADATA,index_action,,,,,,,,false,true,2025,"Shore Gardens Rehabilitation and Nursing Center, LLC"
nj-doh-enforcement-0484,https://www.nj.gov/health/healthfacilities/surveys-insp/enforcement_actions.shtml,/health/healthfacilities/surveys-insp/EA-Salem-ASC-LLC-03132025.pdf,https://www.nj.gov/health/healthfacilities/surveys-insp/EA-Salem-ASC-LLC-03132025.pdf,EXISTING_HASH_VERIFIED,1f1b2c7e6e3c624067f0c27b9428b9d2255077213e93fb33962fe50b5580076b,1f1b2c7e6e3c624067f0c27b9428b9d2255077213e93fb33962fe50b5580076b,,CANONICAL,SEE_CORPUS_SUMMARY_GRAIN,,,true,Cease and Desist Order,other_expressly_identified_njdoh_action,INDEX_METADATA,index_action,,,,,,,,false,true,2025,"Salem ASC, LLC."
nj-doh-enforcement-0485,https://www.nj.gov/health/healthfacilities/surveys-insp/enforcement_actions.shtml,/health/healthfacilities/surveys-insp/ea-atrium-post-acute-care-of-wayne-03112025.pdf,https://www.nj.gov/health/healthfacilities/surveys-insp/ea-atrium-post-acute-care-of-wayne-03112025.pdf,EXISTING_HASH_VERIFIED,61fc55a12d7f0f2ae7e2d75f9dfc3afa8f7a28f95430e31a0d4a4b4e738d2cbc,61fc55a12d7f0f2ae7e2d75f9dfc3afa8f7a28f95430e31a0d4a4b4e738d2cbc,,CANONICAL,SEE_CORPUS_SUMMARY_GRAIN,,,true,Information Requirement Order,other_expressly_identified_njdoh_action,INDEX_METADATA,index_action,,,,,,,,false,true,2025,Atrium Post Acute Care of Wayne
nj-doh-enforcement-0486,https://www.nj.gov/health/healthfacilities/surveys-insp/enforcement_actions.shtml,/health/healthfacilities/surveys-insp/EA-New-Standard-Senior-Living-at-Egg-Harbor-Township-03112025.pdf,https://www.nj.gov/health/healthfacilities/surveys-insp/EA-New-Standard-Senior-Living-at-Egg-Harbor-Township-03112025.pdf,EXISTING_HASH_VERIFIED,dba1c3d66cb4a48fd4713784ec2a2b879f021b5128864b16134261c1bd1aa3c3,dba1c3d66cb4a48fd4713784ec2a2b879f021b5128864b16134261c1bd1aa3c3,,CANONICAL,SEE_CORPUS_SUMMARY_GRAIN,,,true,Directed Plan of Correction,directed_plan_of_correction,INDEX_METADATA,index_action,,,,,,,,false,true,2025,New Standard Senior Living at Egg Harbor Township
nj-doh-enforcement-0487,https://www.nj.gov/health/healthfacilities/surveys-insp/enforcement_actions.shtml,/health/healthfacilities/surveys-insp/EA-Atrium-Post-Acute-Care-of-Wayneview-Avalon-Garden-Group-03112025.pdf,https://www.nj.gov/health/healthfacilities/surveys-insp/EA-Atrium-Post-Acute-Care-of-Wayneview-Avalon-Garden-Group-03112025.pdf,EXISTING_HASH_VERIFIED,1cc9a1d14bc3e83015cd8cb9a2acb947c6ac4e50489bd5249ac3d66910b595e3,1cc9a1d14bc3e83015cd8cb9a2acb947c6ac4e50489bd5249ac3d66910b595e3,,CANONICAL,SEE_CORPUS_SUMMARY_GRAIN,,,true,Information Requirement Order,other_expressly_identified_njdoh_action,INDEX_METADATA,index_action,,,,,,,,false,true,2025,Atrium Post Acute Care of Wayneview Avalon Garden Group
nj-doh-enforcement-0488,https://www.nj.gov/health/healthfacilities/surveys-insp/enforcement_actions.shtml,/health/healthfacilities/surveys-insp/EA-Family-of-Caring-at-Park-Ridge-03112025.pdf,https://www.nj.gov/health/healthfacilities/surveys-insp/EA-Family-of-Caring-at-Park-Ridge-03112025.pdf,EXISTING_HASH_VERIFIED,c3afaf0d77b55cb6e13d19db1eaaa0d256572714e13286da43123314efd7b8c4,c3afaf0d77b55cb6e13d19db1eaaa0d256572714e13286da43123314efd7b8c4,,CANONICAL,SEE_CORPUS_SUMMARY_GRAIN,,,true,Information Requirement Order,other_expressly_identified_njdoh_action,INDEX_METADATA,index_action,,,,,,,,false,true,2025,Family of Caring at Park Ridge
nj-doh-enforcement-0489,https://www.nj.gov/health/healthfacilities/surveys-insp/enforcement_actions.shtml,/health/healthfacilities/surveys-insp/EA-Atlas-Healthcare-at-Daughters-of-Miriam-03102025.pdf,https://www.nj.gov/health/healthfacilities/surveys-insp/EA-Atlas-Healthcare-at-Daughters-of-Miriam-03102025.pdf,EXISTING_HASH_VERIFIED,48fca0f6c701bb8691d51e9c2b8b54da27f9b2f919d5326a6c4e814f67321175,48fca0f6c701bb8691d51e9c2b8b54da27f9b2f919d5326a6c4e814f67321175,,CANONICAL,SEE_CORPUS_SUMMARY_GRAIN,,,true,Notice of Assessment of Penalties,penalty_letter,INDEX_METADATA,index_action,,,,,,,,false,true,2025,Atlas Healthcare at Daughters of Miriam
nj-doh-enforcement-0490,https://www.nj.gov/health/healthfacilities/surveys-insp/enforcement_actions.shtml,/health/healthfacilities/surveys-insp/EA-Rolling-Hills-Care-Center-03102025.pdf,https://www.nj.gov/health/healthfacilities/surveys-insp/EA-Rolling-Hills-Care-Center-03102025.pdf,EXISTING_HASH_VERIFIED,35b54cb9d7920c70eef1efe19451bc788b27f490405b66c3d26fc72f0509bb02,35b54cb9d7920c70eef1efe19451bc788b27f490405b66c3d26fc72f0509bb02,,CANONICAL,SEE_CORPUS_SUMMARY_GRAIN,,,true,Notice of Assessment of Penalties,penalty_letter,INDEX_METADATA,index_action,,,,,,,,false,true,2025,Rolling Hills Care Center
nj-doh-enforcement-0491,https://www.nj.gov/health/healthfacilities/surveys-insp/enforcement_actions.shtml,/health/healthfacilities/surveys-insp/EA-Royal-Senior-Care-03072025.pdf,https://www.nj.gov/health/healthfacilities/surveys-insp/EA-Royal-Senior-Care-03072025.pdf,EXISTING_HASH_VERIFIED,1a1ad21b1b3b39bad3b2121cf269d32e8ab4234815be1035600a6637e2c5a274,1a1ad21b1b3b39bad3b2121cf269d32e8ab4234815be1035600a6637e2c5a274,,CANONICAL,SEE_CORPUS_SUMMARY_GRAIN,,,true,Curtailment of Admissions Order and Directed Plan of Correction,admission_curtailment,INDEX_METADATA,index_action,,,,,,,,false,true,2025,Royal Senior Care
nj-doh-enforcement-0492,https://www.nj.gov/health/healthfacilities/surveys-insp/enforcement_actions.shtml,/health/healthfacilities/surveys-insp/EA-Brookdale-Westampton-03062025.pdf,https://www.nj.gov/health/healthfacilities/surveys-insp/EA-Brookdale-Westampton-03062025.pdf,EXISTING_HASH_VERIFIED,5de66d5bf77c6c401810c929a3b1c24e0a2c360a0d678d3e3a86a2d3478f488e,5de66d5bf77c6c401810c929a3b1c24e0a2c360a0d678d3e3a86a2d3478f488e,,CANONICAL,SEE_CORPUS_SUMMARY_GRAIN,,,true,Notice of Assessment of Penalties,penalty_letter,INDEX_METADATA,index_action,,,,,,,,false,true,2025,Brookdale Westampton
nj-doh-enforcement-0493,https://www.nj.gov/health/healthfacilities/surveys-insp/enforcement_actions.shtml,/health/healthfacilities/surveys-insp/EA-Florham-Park-Endoscopy-03062025.pdf,https://www.nj.gov/health/healthfacilities/surveys-insp/EA-Florham-Park-Endoscopy-03062025.pdf,EXISTING_HASH_VERIFIED,d1705c28d7d9638f855fa841d7bd5193af5c110824315e2ba56c0381a20a087c,d1705c28d7d9638f855fa841d7bd5193af5c110824315e2ba56c0381a20a087c,,CANONICAL,SEE_CORPUS_SUMMARY_GRAIN,,,true,Notice of Assessment of Penalties,penalty_letter,INDEX_METADATA,index_action,,,,,,,,false,true,2025,Florham Park Endoscopy
nj-doh-enforcement-0494,https://www.nj.gov/health/healthfacilities/surveys-insp/enforcement_actions.shtml,/health/healthfacilities/surveys-insp/EA-Holly-Manor-Center-03052025.pdf,https://www.nj.gov/health/healthfacilities/surveys-insp/EA-Holly-Manor-Center-03052025.pdf,EXISTING_HASH_VERIFIED,e5d59bdde2df6f96804365296913e6fe0f511a1c8a2bf44b2f781ca7af5bbc36,e5d59bdde2df6f96804365296913e6fe0f511a1c8a2bf44b2f781ca7af5bbc36,,CANONICAL,SEE_CORPUS_SUMMARY_GRAIN,,,true,Notice of Assessment of Penalties,penalty_letter,INDEX_METADATA,index_action,,,,,,,,false,true,2025,EA Holly Manor Center
nj-doh-enforcement-0495,https://www.nj.gov/health/healthfacilities/surveys-insp/enforcement_actions.shtml,/health/healthfacilities/surveys-insp/EA-Mount-Holly-Rehab-and-Healthcare-Center-03052025.pdf,https://www.nj.gov/health/healthfacilities/surveys-insp/EA-Mount-Holly-Rehab-and-Healthcare-Center-03052025.pdf,EXISTING_HASH_VERIFIED,91871cfc46a7a92f2610fe031b8495d044b312744cacbdfadbd0b0c5e5d33daa,91871cfc46a7a92f2610fe031b8495d044b312744cacbdfadbd0b0c5e5d33daa,,CANONICAL,SEE_CORPUS_SUMMARY_GRAIN,,,true,Notice of Assessment of Penalties,penalty_letter,INDEX_METADATA,index_action,,,,,,,,false,true,2025,Mount Holly Rehab and Healthcare Center
nj-doh-enforcement-0496,https://www.nj.gov/health/healthfacilities/surveys-insp/enforcement_actions.shtml,/health/healthfacilities/surveys-insp/ea-autumn-lake-healthcare-at-berkeley-heights-03042025.pdf,https://www.nj.gov/health/healthfacilities/surveys-insp/ea-autumn-lake-healthcare-at-berkeley-heights-03042025.pdf,EXISTING_HASH_VERIFIED,1fa6f07eadcf8da490decd0dc74f617a76d31ed558a8a8e4d9b73eda7f96f90f,1fa6f07eadcf8da490decd0dc74f617a76d31ed558a8a8e4d9b73eda7f96f90f,,CANONICAL,SEE_CORPUS_SUMMARY_GRAIN,,,true,Notice of Assessment of Penalties,penalty_letter,INDEX_METADATA,index_action,,,,,,,,false,true,2025,Autumn Lake Healthcare at Berkeley Heights
nj-doh-enforcement-0497,https://www.nj.gov/health/healthfacilities/surveys-insp/enforcement_actions.shtml,/health/healthfacilities/surveys-insp/X24027CrystalLakeHealthcareandRehabilitationNoticeofAssessmentofPenalties.pdf,https://www.nj.gov/health/healthfacilities/surveys-insp/X24027CrystalLakeHealthcareandRehabilitationNoticeofAssessmentofPenalties.pdf,EXISTING_HASH_VERIFIED,50ccb07ad19e3645b0c0d1d8d3a9599e65b909a9f7b0865812982bb47893023e,50ccb07ad19e3645b0c0d1d8d3a9599e65b909a9f7b0865812982bb47893023e,50ccb07ad19e3645b0c0d1d8d3a9599e65b909a9f7b0865812982bb47893023e,CANONICAL,SEE_CORPUS_SUMMARY_GRAIN,,,true,Notice of Assessment of Penalties,penalty_letter,INDEX_METADATA,index_action,,,,,,,,false,true,2025,Crystal Lake Healthcare and Rehabilitation
nj-doh-enforcement-0498,https://www.nj.gov/health/healthfacilities/surveys-insp/enforcement_actions.shtml,/health/healthfacilities/surveys-insp/EA-Aspen-Hills-Healthcare-Center-02282025.pdf,https://www.nj.gov/health/healthfacilities/surveys-insp/EA-Aspen-Hills-Healthcare-Center-02282025.pdf,EXISTING_HASH_VERIFIED,4442edcead70016ef29d84413bc221b3df4b6d5ed4eacfa89dac711e9755a2ec,4442edcead70016ef29d84413bc221b3df4b6d5ed4eacfa89dac711e9755a2ec,,CANONICAL,SEE_CORPUS_SUMMARY_GRAIN,,,true,Notice of Assessment of Penalties,penalty_letter,INDEX_METADATA,index_action,,,,,,,,false,true,2025,Aspen Hills Healthcare Center
nj-doh-enforcement-0499,https://www.nj.gov/health/healthfacilities/surveys-insp/enforcement_actions.shtml,/health/healthfacilities/surveys-insp/EA-Atrium-Post-Acute-Care-of-Park-Ridge-02262025.pdf,https://www.nj.gov/health/healthfacilities/surveys-insp/EA-Atrium-Post-Acute-Care-of-Park-Ridge-02262025.pdf,EXISTING_HASH_VERIFIED,4b9b2fad82d45fbfe7a065fc064b7164cbd40edf1d45d7393e6bc5fb50420dde,4b9b2fad82d45fbfe7a065fc064b7164cbd40edf1d45d7393e6bc5fb50420dde,,CANONICAL,SEE_CORPUS_SUMMARY_GRAIN,,,true,Notice of Assessment of Penalties,penalty_letter,INDEX_METADATA,index_action,,,,,,,,false,true,2025,Atrium Post Acute Care of Park Ridge
nj-doh-enforcement-0500,https://www.nj.gov/health/healthfacilities/surveys-insp/enforcement_actions.shtml,/health/healthfacilities/surveys-insp/EA-Arnold-Walter-Nursing-and-Rehabilitation-Center-02262025.pdf,https://www.nj.gov/health/healthfacilities/surveys-insp/EA-Arnold-Walter-Nursing-and-Rehabilitation-Center-02262025.pdf,EXISTING_HASH_VERIFIED,233362ef474d261a3c1b2312ede2768f36c8520e714da2a1abedf15a91d20f81,233362ef474d261a3c1b2312ede2768f36c8520e714da2a1abedf15a91d20f81,,CANONICAL,SEE_CORPUS_SUMMARY_GRAIN,,,true,Notice of Assessment of Penalties,penalty_letter,INDEX_METADATA,index_action,,,,,,,,false,true,2025,Arnold Walter Nursing and Rehabilitation Center
nj-doh-enforcement-0501,https://www.nj.gov/health/healthfacilities/surveys-insp/enforcement_actions.shtml,/health/healthfacilities/surveys-insp/EA-Medford-Care-Center-02262025.pdf,https://www.nj.gov/health/healthfacilities/surveys-insp/EA-Medford-Care-Center-02262025.pdf,EXISTING_HASH_VERIFIED,e1428b4838226eba12238bdd424941533c7e200d06c583fe0d3cd04c7ae4de75,e1428b4838226eba12238bdd424941533c7e200d06c583fe0d3cd04c7ae4de75,,CANONICAL,SEE_CORPUS_SUMMARY_GRAIN,,,true,Order Partially Lifting Directed Plan of Correction,directed_plan_of_correction,INDEX_METADATA,index_action,,,,,,,,false,true,2025,Medford Care Center
nj-doh-enforcement-0502,https://www.nj.gov/health/healthfacilities/surveys-insp/enforcement_actions.shtml,/health/healthfacilities/surveys-insp/EA-Atrium-Post-Acute-Care-of-Wayne-02252025.pdf,https://www.nj.gov/health/healthfacilities/surveys-insp/EA-Atrium-Post-Acute-Care-of-Wayne-02252025.pdf,EXISTING_HASH_VERIFIED,f13929ad9ec52460c4acdc1b7a34e9aa6b610537b1b6bdee095dfc45ba68a90e,f13929ad9ec52460c4acdc1b7a34e9aa6b610537b1b6bdee095dfc45ba68a90e,f13929ad9ec52460c4acdc1b7a34e9aa6b610537b1b6bdee095dfc45ba68a90e,CANONICAL,SEE_CORPUS_SUMMARY_GRAIN,,,true,Information Requirement Order,other_expressly_identified_njdoh_action,INDEX_METADATA,index_action,,,,,,,,false,true,2025,Atrium Post Acute Care of Wayne
nj-doh-enforcement-0503,https://www.nj.gov/health/healthfacilities/surveys-insp/enforcement_actions.shtml,/health/healthfacilities/surveys-insp/EA-Avalon-Rehab-and-Care-Center-25022025.pdf,https://www.nj.gov/health/healthfacilities/surveys-insp/EA-Avalon-Rehab-and-Care-Center-25022025.pdf,EXISTING_HASH_VERIFIED,445b20795d011b8cec42f0f24872cf169efd93f4873167d4009d1ee55771ed5b,445b20795d011b8cec42f0f24872cf169efd93f4873167d4009d1ee55771ed5b,,CANONICAL,SEE_CORPUS_SUMMARY_GRAIN,,,true,Information Requirement Order,other_expressly_identified_njdoh_action,INDEX_METADATA,index_action,,,,,,,,false,true,2025,Avalon Rehab and Care Center
nj-doh-enforcement-0504,https://www.nj.gov/health/healthfacilities/surveys-insp/enforcement_actions.shtml,/health/healthfacilities/surveys-insp/EA-Preakness-Healthcare-Center-02202025.pdf,https://www.nj.gov/health/healthfacilities/surveys-insp/EA-Preakness-Healthcare-Center-02202025.pdf,EXISTING_HASH_VERIFIED,58c16959cb0b3b01682139d40cc3c2c30cc7581af964491e0e22136481e785bd,58c16959cb0b3b01682139d40cc3c2c30cc7581af964491e0e22136481e785bd,,CANONICAL,SEE_CORPUS_SUMMARY_GRAIN,,,true,Notice of Assessment of Penalties,penalty_letter,INDEX_METADATA,index_action,,,,,,,,false,true,2025,Preakness Healthcare Center
nj-doh-enforcement-0505,https://www.nj.gov/health/healthfacilities/surveys-insp/enforcement_actions.shtml,/health/healthfacilities/surveys-insp/EA-Anchor-Care-and-Rehabilitation-Center-02202025.pdf,https://www.nj.gov/health/healthfacilities/surveys-insp/EA-Anchor-Care-and-Rehabilitation-Center-02202025.pdf,EXISTING_HASH_VERIFIED,50c9c9721af7bd1ed387ad4558171abc29e6375bf30eda438c40a9856ca9e496,50c9c9721af7bd1ed387ad4558171abc29e6375bf30eda438c40a9856ca9e496,,CANONICAL,SEE_CORPUS_SUMMARY_GRAIN,,,true,Notice of Assessment of Penalties,penalty_letter,INDEX_METADATA,index_action,,,,,,,,false,true,2025,Anchor Care and Rehabilitation Center
nj-doh-enforcement-0506,https://www.nj.gov/health/healthfacilities/surveys-insp/enforcement_actions.shtml,/health/healthfacilities/surveys-insp/EA-Whiting-Gardens-Rehabilitation-and-Nursing-Center-02202025.pdf,https://www.nj.gov/health/healthfacilities/surveys-insp/EA-Whiting-Gardens-Rehabilitation-and-Nursing-Center-02202025.pdf,EXISTING_HASH_VERIFIED,c3e2739bab256aae89a9e854b2665588f0db0064929ce7798422d62d8fe13601,c3e2739bab256aae89a9e854b2665588f0db0064929ce7798422d62d8fe13601,,CANONICAL,SEE_CORPUS_SUMMARY_GRAIN,,,true,Notice of Assessment of Penalties,penalty_letter,INDEX_METADATA,index_action,,,,,,,,false,true,2025,Whiting Gardens Rehabilitation and Nursing Center
nj-doh-enforcement-0507,https://www.nj.gov/health/healthfacilities/surveys-insp/enforcement_actions.shtml,/health/healthfacilities/surveys-insp/EA-Complete-Care-at-Westfield-02202025.pdf,https://www.nj.gov/health/healthfacilities/surveys-insp/EA-Complete-Care-at-Westfield-02202025.pdf,EXISTING_HASH_VERIFIED,ffa87657550f43f96d356219394e46aede0f64958314956e68319e66d766e5b7,ffa87657550f43f96d356219394e46aede0f64958314956e68319e66d766e5b7,,CANONICAL,SEE_CORPUS_SUMMARY_GRAIN,,,true,Notice of Assessment of Penalties,penalty_letter,INDEX_METADATA,index_action,,,,,,,,false,true,2025,Complete Care at Westfield
nj-doh-enforcement-0508,https://www.nj.gov/health/healthfacilities/surveys-insp/enforcement_actions.shtml,/health/healthfacilities/surveys-insp/ea-rescission-careone-at-middletown-02202025.pdf,https://www.nj.gov/health/healthfacilities/surveys-insp/ea-rescission-careone-at-middletown-02202025.pdf,EXISTING_HASH_VERIFIED,6b9c637111528b58ff3635d502c5d611612129a4def7bb70ed40133403392018,6b9c637111528b58ff3635d502c5d611612129a4def7bb70ed40133403392018,,CANONICAL,SEE_CORPUS_SUMMARY_GRAIN,,,true,"Recission of February 7,2025 Notice of Assessment of Penalties",penalty_letter,INDEX_METADATA,index_action,,,,,,,,false,true,2025,CareOne at Middletown (King James Care Center)
nj-doh-enforcement-0509,https://www.nj.gov/health/healthfacilities/surveys-insp/enforcement_actions.shtml,/health/healthfacilities/surveys-insp/EA-Excel-Care-at-Egg-Harbor-02202025.pdf,https://www.nj.gov/health/healthfacilities/surveys-insp/EA-Excel-Care-at-Egg-Harbor-02202025.pdf,EXISTING_HASH_VERIFIED,147ed389d03b59f774362c67294274ab7d88eebc23534e829082a695bb8c761f,147ed389d03b59f774362c67294274ab7d88eebc23534e829082a695bb8c761f,,CANONICAL,SEE_CORPUS_SUMMARY_GRAIN,,,true,Notice of Assessment of Penalties,penalty_letter,INDEX_METADATA,index_action,,,,,,,,false,true,2025,Excel Care at Egg-Harbor
nj-doh-enforcement-0510,https://www.nj.gov/health/healthfacilities/surveys-insp/enforcement_actions.shtml,/health/healthfacilities/surveys-insp/EA-Arium-Post-Acute-Care-of-Park-Ridge-02192025.pdf,https://www.nj.gov/health/healthfacilities/surveys-insp/EA-Arium-Post-Acute-Care-of-Park-Ridge-02192025.pdf,EXISTING_HASH_VERIFIED,80dfd7e492e59ea2ba1789ee6b524102cdf33379ec47e96097ba2f8791b400d0,80dfd7e492e59ea2ba1789ee6b524102cdf33379ec47e96097ba2f8791b400d0,,CANONICAL,SEE_CORPUS_SUMMARY_GRAIN,,,true,Information Requirement Order,other_expressly_identified_njdoh_action,INDEX_METADATA,index_action,,,,,,,,false,true,2025,Atrium Post Acute Care of Park Ridge
nj-doh-enforcement-0511,https://www.nj.gov/health/healthfacilities/surveys-insp/enforcement_actions.shtml,/health/healthfacilities/surveys-insp/EA-Complete-Care-at-Regent-02192025.pdf,https://www.nj.gov/health/healthfacilities/surveys-insp/EA-Complete-Care-at-Regent-02192025.pdf,EXISTING_HASH_VERIFIED,08c996ae72974353bec2fcc5ca700ede3c91ddb8ac025e6fd533372c045e3b8f,08c996ae72974353bec2fcc5ca700ede3c91ddb8ac025e6fd533372c045e3b8f,,CANONICAL,SEE_CORPUS_SUMMARY_GRAIN,,,true,Notice of Assessment of Penalties,penalty_letter,INDEX_METADATA,index_action,,,,,,,,false,true,2025,Complete Care at Regent
nj-doh-enforcement-0512,https://www.nj.gov/health/healthfacilities/surveys-insp/enforcement_actions.shtml,/health/healthfacilities/surveys-insp/EA-Atrium-Post-Acute-Care-of-Wayne-18022025.pdf,https://www.nj.gov/health/healthfacilities/surveys-insp/EA-Atrium-Post-Acute-Care-of-Wayne-18022025.pdf,EXISTING_HASH_VERIFIED,f13929ad9ec52460c4acdc1b7a34e9aa6b610537b1b6bdee095dfc45ba68a90e,f13929ad9ec52460c4acdc1b7a34e9aa6b610537b1b6bdee095dfc45ba68a90e,f13929ad9ec52460c4acdc1b7a34e9aa6b610537b1b6bdee095dfc45ba68a90e,DUPLICATE_CONTENT,SEE_CORPUS_SUMMARY_GRAIN,,,true,Information Requirement Order,other_expressly_identified_njdoh_action,INDEX_METADATA,index_action,,,,,,,,false,true,2025,Atrium Post Acute Care of Wayne
nj-doh-enforcement-0513,https://www.nj.gov/health/healthfacilities/surveys-insp/enforcement_actions.shtml,/health/healthfacilities/surveys-insp/ea-sterling-manor-02182025%20.pdf,https://www.nj.gov/health/healthfacilities/surveys-insp/ea-sterling-manor-02182025%20.pdf,EXISTING_HASH_VERIFIED,8a558ed8e58ed810b3ccb985a27147fcbc1529892dd6fc73739fc5ddc4a886b2,8a558ed8e58ed810b3ccb985a27147fcbc1529892dd6fc73739fc5ddc4a886b2,,CANONICAL,SEE_CORPUS_SUMMARY_GRAIN,,,true,Notice of Assessment of Penalties,penalty_letter,INDEX_METADATA,index_action,,,,,,,,false,true,2025,Sterling Manor
nj-doh-enforcement-0514,https://www.nj.gov/health/healthfacilities/surveys-insp/enforcement_actions.shtml,/health/healthfacilities/surveys-insp/EA-Juniper-Village-at-Williamstown-02182025.pdf,https://www.nj.gov/health/healthfacilities/surveys-insp/EA-Juniper-Village-at-Williamstown-02182025.pdf,EXISTING_HASH_VERIFIED,7f5c28154c36a8863cc9061f8d605bb574bd78216e7968b7c02a1fe9c4eec0f6,7f5c28154c36a8863cc9061f8d605bb574bd78216e7968b7c02a1fe9c4eec0f6,,CANONICAL,SEE_CORPUS_SUMMARY_GRAIN,,,true,Directed Plan of Correction,directed_plan_of_correction,INDEX_METADATA,index_action,,,,,,,,false,true,2025,Juniper Village at Williamstown
nj-doh-enforcement-0515,https://www.nj.gov/health/healthfacilities/surveys-insp/enforcement_actions.shtml,/health/healthfacilities/surveys-insp/EA-25038-Phoenix-Center-for-Rehabilitation-and-Pediatrics-02142025.pdf,https://www.nj.gov/health/healthfacilities/surveys-insp/EA-25038-Phoenix-Center-for-Rehabilitation-and-Pediatrics-02142025.pdf,EXISTING_HASH_VERIFIED,cb38d4b2671ad2018d24d19d235c236080c06952eba2cf25fb35c23f4a3cc531,cb38d4b2671ad2018d24d19d235c236080c06952eba2cf25fb35c23f4a3cc531,,CANONICAL,SEE_CORPUS_SUMMARY_GRAIN,,,true,Notice of Assessment of Penalties,penalty_letter,INDEX_METADATA,index_action,,,,,,,,false,true,2025,Phoenix Center for Rehabilitation and Pediatrics
nj-doh-enforcement-0516,https://www.nj.gov/health/healthfacilities/surveys-insp/enforcement_actions.shtml,/health/healthfacilities/surveys-insp/EA-ODI-Diagnostic-Imaging-of-Newark-LLC-02142025.pdf,https://www.nj.gov/health/healthfacilities/surveys-insp/EA-ODI-Diagnostic-Imaging-of-Newark-LLC-02142025.pdf,EXISTING_HASH_VERIFIED,23c1853084164e7eb413d25628ef9ecb473524d6d090850f63173c722af3ebb9,23c1853084164e7eb413d25628ef9ecb473524d6d090850f63173c722af3ebb9,,CANONICAL,SEE_CORPUS_SUMMARY_GRAIN,,,true,Order Lifting Cease and Desist Order,other_expressly_identified_njdoh_action,INDEX_METADATA,index_action,,,,,,,,false,true,2025,ODI Diagnostic Imaging of Newark LLC
nj-doh-enforcement-0517,https://www.nj.gov/health/healthfacilities/surveys-insp/enforcement_actions.shtml,/health/healthfacilities/surveys-insp/EA-Louis-Josephson-Apartments-Assissted-Living-Program-dba-Pride-ALP-02132025.pdf,https://www.nj.gov/health/healthfacilities/surveys-insp/EA-Louis-Josephson-Apartments-Assissted-Living-Program-dba-Pride-ALP-02132025.pdf,EXISTING_HASH_VERIFIED,370f215fb39e023bdfae909da2a62fc7524b991d5d3e9b5ae0137a61d59a2ec4,370f215fb39e023bdfae909da2a62fc7524b991d5d3e9b5ae0137a61d59a2ec4,,CANONICAL,SEE_CORPUS_SUMMARY_GRAIN,,,true,Cease and Desist Order,other_expressly_identified_njdoh_action,INDEX_METADATA,index_action,,,,,,,,false,true,2025,Louis Josephson Apartments Assissted Living Program dba Pride ALP
nj-doh-enforcement-0518,https://www.nj.gov/health/healthfacilities/surveys-insp/enforcement_actions.shtml,/health/healthfacilities/surveys-insp/ea-warren-haven-rehab-and-nursing-center-02122025%20.pdf,https://www.nj.gov/health/healthfacilities/surveys-insp/ea-warren-haven-rehab-and-nursing-center-02122025%20.pdf,EXISTING_HASH_VERIFIED,d129fa9287388b2b76f142a7284b80af64c614b3d4e30bc77abbf52f40d57259,d129fa9287388b2b76f142a7284b80af64c614b3d4e30bc77abbf52f40d57259,,CANONICAL,SEE_CORPUS_SUMMARY_GRAIN,,,true,Notice of Assessment of Penalties,penalty_letter,INDEX_METADATA,index_action,,,,,,,,false,true,2025,Warren Haven Rehab & Nursing Center
nj-doh-enforcement-0519,https://www.nj.gov/health/healthfacilities/surveys-insp/enforcement_actions.shtml,/health/healthfacilities/surveys-insp/EA-Medford-Care-Center-02102025.pdf,https://www.nj.gov/health/healthfacilities/surveys-insp/EA-Medford-Care-Center-02102025.pdf,EXISTING_HASH_VERIFIED,b9c902583f75af256044077f67e8b52cd3ced1ea18cbb5c608bc46600bdef31a,b9c902583f75af256044077f67e8b52cd3ced1ea18cbb5c608bc46600bdef31a,,CANONICAL,SEE_CORPUS_SUMMARY_GRAIN,,,true,Order Lifting Curtailment of Readmissions Order,admission_curtailment,INDEX_METADATA,index_action,,,,,,,,false,true,2025,Medford Care Center
nj-doh-enforcement-0520,https://www.nj.gov/health/healthfacilities/surveys-insp/enforcement_actions.shtml,/health/healthfacilities/surveys-insp/EA-Avalon-Rehab-and-Care-Center-Atrium-Post-Aute-Care-of-Wayne-View-Revised-02102025.pdf,https://www.nj.gov/health/healthfacilities/surveys-insp/EA-Avalon-Rehab-and-Care-Center-Atrium-Post-Aute-Care-of-Wayne-View-Revised-02102025.pdf,EXISTING_HASH_VERIFIED,a6a78cf4b76a734d716ee9e608b631f278c07d9e57173b88c42aaf3e827504ab,a6a78cf4b76a734d716ee9e608b631f278c07d9e57173b88c42aaf3e827504ab,,CANONICAL,SEE_CORPUS_SUMMARY_GRAIN,,,true,Revised Notice of Assessment of Penalties,penalty_letter,INDEX_METADATA,index_action,,,,,,,,false,true,2025,Avalon Rehab and Care Center/Atrium Post Aute Care of Wayne View
nj-doh-enforcement-0521,https://www.nj.gov/health/healthfacilities/surveys-insp/enforcement_actions.shtml,/health/healthfacilities/surveys-insp/EA-CareOne-at-Middletown-02072025.pdf,https://www.nj.gov/health/healthfacilities/surveys-insp/EA-CareOne-at-Middletown-02072025.pdf,EXISTING_HASH_VERIFIED,f05bf4147703150d459022a8e733a2e9a0be62f5ec6bf69cb66ac366cedf5931,f05bf4147703150d459022a8e733a2e9a0be62f5ec6bf69cb66ac366cedf5931,,CANONICAL,SEE_CORPUS_SUMMARY_GRAIN,,,true,Notice of Assessment of Penalties,penalty_letter,INDEX_METADATA,index_action,,,,,,,,false,true,2025,CareOne at Middletown
nj-doh-enforcement-0522,https://www.nj.gov/health/healthfacilities/surveys-insp/enforcement_actions.shtml,/health/healthfacilities/surveys-insp/EA-Crystal-Lake-Healthcare-and-Rehab-02072025.pdf,https://www.nj.gov/health/healthfacilities/surveys-insp/EA-Crystal-Lake-Healthcare-and-Rehab-02072025.pdf,EXISTING_HASH_VERIFIED,11a9fdab0060df882f274c0d1e9dd9a2e1ca936fa9b0f4c9a91c6f81a045b916,11a9fdab0060df882f274c0d1e9dd9a2e1ca936fa9b0f4c9a91c6f81a045b916,,CANONICAL,SEE_CORPUS_SUMMARY_GRAIN,,,true,Order Lifting Curtailment of New Admissions and Directed Plan of Correction,admission_curtailment,INDEX_METADATA,index_action,,,,,,,,false,true,2025,Crystal Lake Healthcare and Rehab
nj-doh-enforcement-0523,https://www.nj.gov/health/healthfacilities/surveys-insp/enforcement_actions.shtml,/health/healthfacilities/surveys-insp/ea-complete-care-at-voorhees-02052025%20.pdf,https://www.nj.gov/health/healthfacilities/surveys-insp/ea-complete-care-at-voorhees-02052025%20.pdf,EXISTING_HASH_VERIFIED,c4d294b31f7559e2c2b7d261344ed627f16070542c009f8ece9ed5d6d239bfc7,c4d294b31f7559e2c2b7d261344ed627f16070542c009f8ece9ed5d6d239bfc7,,CANONICAL,SEE_CORPUS_SUMMARY_GRAIN,,,true,Notice of Assessment of Penalties,penalty_letter,INDEX_METADATA,index_action,,,,,,,,false,true,2025,"Complete Care at Voorhees, LLC"
nj-doh-enforcement-0524,https://www.nj.gov/health/healthfacilities/surveys-insp/enforcement_actions.shtml,/health/healthfacilities/surveys-insp/ea-coral-harbor-rehabilitation-and-healthcare-center-02052025.pdf,https://www.nj.gov/health/healthfacilities/surveys-insp/ea-coral-harbor-rehabilitation-and-healthcare-center-02052025.pdf,EXISTING_HASH_VERIFIED,82e458c9f4b50cb529b6ec1847c06c3527f91f1180e0b456589cdd8ae292fe6c,82e458c9f4b50cb529b6ec1847c06c3527f91f1180e0b456589cdd8ae292fe6c,,CANONICAL,SEE_CORPUS_SUMMARY_GRAIN,,,true,Notice of Assessment of Penalties,penalty_letter,INDEX_METADATA,index_action,,,,,,,,false,true,2025,Coral Harbor Rehabilitation and Healthcare Center
nj-doh-enforcement-0525,https://www.nj.gov/health/healthfacilities/surveys-insp/enforcement_actions.shtml,/health/healthfacilities/surveys-insp/EA-Somerset-Woods-Rehabilitation-and-Nursing-Center-02042025.pdf,https://www.nj.gov/health/healthfacilities/surveys-insp/EA-Somerset-Woods-Rehabilitation-and-Nursing-Center-02042025.pdf,EXISTING_HASH_VERIFIED,d99210149ab05c117d69d4475bf577c9fe831818e9cdf47a81982add621ae974,d99210149ab05c117d69d4475bf577c9fe831818e9cdf47a81982add621ae974,,CANONICAL,SEE_CORPUS_SUMMARY_GRAIN,,,true,Directed Plan of Correction,directed_plan_of_correction,INDEX_METADATA,index_action,,,,,,,,false,true,2025,Somerset Woods Rehabilitation and Nursing Center
nj-doh-enforcement-0526,https://www.nj.gov/health/healthfacilities/surveys-insp/enforcement_actions.shtml,/health/healthfacilities/surveys-insp/EA-Clover-Meadows-Healthcare-and-Rehab-Center-02042025.pdf,https://www.nj.gov/health/healthfacilities/surveys-insp/EA-Clover-Meadows-Healthcare-and-Rehab-Center-02042025.pdf,EXISTING_HASH_VERIFIED,fc066080eae7e40a70322e821a8e57db0b296c9adb24f704ca2fbdb9b04bae99,fc066080eae7e40a70322e821a8e57db0b296c9adb24f704ca2fbdb9b04bae99,,CANONICAL,SEE_CORPUS_SUMMARY_GRAIN,,,true,Notice of Assessment of Penalties,penalty_letter,INDEX_METADATA,index_action,,,,,,,,false,true,2025,Clover Meadows Healthcare and Rehab Center
nj-doh-enforcement-0527,https://www.nj.gov/health/healthfacilities/surveys-insp/enforcement_actions.shtml,/health/healthfacilities/surveys-insp/EA-Dellridge-Health-and-Rehab-Center-02042025.pdf,https://www.nj.gov/health/healthfacilities/surveys-insp/EA-Dellridge-Health-and-Rehab-Center-02042025.pdf,EXISTING_HASH_VERIFIED,dc895af86b57f4302315e0ce7fea603ade7abc7786742155635b97bd2e984948,dc895af86b57f4302315e0ce7fea603ade7abc7786742155635b97bd2e984948,,CANONICAL,SEE_CORPUS_SUMMARY_GRAIN,,,true,Notice of Assessment of Penalties,penalty_letter,INDEX_METADATA,index_action,,,,,,,,false,true,2025,Dellridge Health and Rehab Center
nj-doh-enforcement-0528,https://www.nj.gov/health/healthfacilities/surveys-insp/enforcement_actions.shtml,/health/healthfacilities/surveys-insp/EA-The-Elms-Rehab-and-Healthcare-Center-of-Cranbury-02032025.pdf,https://www.nj.gov/health/healthfacilities/surveys-insp/EA-The-Elms-Rehab-and-Healthcare-Center-of-Cranbury-02032025.pdf,EXISTING_HASH_VERIFIED,742df4e22ef939dc062c2c0172ad5b30e11dddbf1dfa1f940f90a8f5b35590ef,742df4e22ef939dc062c2c0172ad5b30e11dddbf1dfa1f940f90a8f5b35590ef,,CANONICAL,SEE_CORPUS_SUMMARY_GRAIN,,,true,Notice of Assessment of Penalties,penalty_letter,INDEX_METADATA,index_action,,,,,,,,false,true,2025,The Elms Rehab and Healthcare Center of Cranbury
nj-doh-enforcement-0529,https://www.nj.gov/health/healthfacilities/surveys-insp/enforcement_actions.shtml,/health/healthfacilities/surveys-insp/ea-gateway-care-center-01292025.pdf,https://www.nj.gov/health/healthfacilities/surveys-insp/ea-gateway-care-center-01292025.pdf,EXISTING_HASH_VERIFIED,4d19eab6207a872946110f7d79630608ed8989853b5b50bd6cbd346d8fcdbd16,4d19eab6207a872946110f7d79630608ed8989853b5b50bd6cbd346d8fcdbd16,,CANONICAL,SEE_CORPUS_SUMMARY_GRAIN,,,true,Notice of Assessment of Penalties,penalty_letter,INDEX_METADATA,index_action,,,,,,,,false,true,2025,Gateway Care Center
nj-doh-enforcement-0530,https://www.nj.gov/health/healthfacilities/surveys-insp/enforcement_actions.shtml,/health/healthfacilities/surveys-insp/ea-laurel-bay-health-and-rehabilitation-center-01292025.pdf,https://www.nj.gov/health/healthfacilities/surveys-insp/ea-laurel-bay-health-and-rehabilitation-center-01292025.pdf,EXISTING_HASH_VERIFIED,5f1235d05f2cdd8d87dcf27ce4508f78be07eb04f5f2e009b6fec97a1ed89d73,5f1235d05f2cdd8d87dcf27ce4508f78be07eb04f5f2e009b6fec97a1ed89d73,,CANONICAL,SEE_CORPUS_SUMMARY_GRAIN,,,true,Notice of Assessment of Penalties,penalty_letter,INDEX_METADATA,index_action,,,,,,,,false,true,2025,Laurel Bay Health & Rehabilitation Center
nj-doh-enforcement-0531,https://www.nj.gov/health/healthfacilities/surveys-insp/enforcement_actions.shtml,/health/healthfacilities/surveys-insp/EA-St-Marys-Center-for-Rehabilitation-and-Healthcare-01272025.pdf,https://www.nj.gov/health/healthfacilities/surveys-insp/EA-St-Marys-Center-for-Rehabilitation-and-Healthcare-01272025.pdf,EXISTING_HASH_VERIFIED,c902aed67a54d300d5728f7523fc4f5ddcfa74695215a5c1a87c03df31f27ae4,c902aed67a54d300d5728f7523fc4f5ddcfa74695215a5c1a87c03df31f27ae4,,CANONICAL,SEE_CORPUS_SUMMARY_GRAIN,,,true,Notice of Assessment of Penalties,penalty_letter,INDEX_METADATA,index_action,,,,,,,,false,true,2025,St. Marys Center for Rehabilitation and Healthcare
nj-doh-enforcement-0532,https://www.nj.gov/health/healthfacilities/surveys-insp/enforcement_actions.shtml,/health/healthfacilities/surveys-insp/ea-care-one-at-the-cupola-01242025%20.pdf,https://www.nj.gov/health/healthfacilities/surveys-insp/ea-care-one-at-the-cupola-01242025%20.pdf,EXISTING_HASH_VERIFIED,e2ebbb9fc63353e8aec4d579db860df207b57bd5f0c40f5c97527b02e370c4b8,e2ebbb9fc63353e8aec4d579db860df207b57bd5f0c40f5c97527b02e370c4b8,,CANONICAL,SEE_CORPUS_SUMMARY_GRAIN,,,true,Notice of Assessment of Penalties,penalty_letter,INDEX_METADATA,index_action,,,,,,,,false,true,2025,Care One at the Cupola
nj-doh-enforcement-0533,https://www.nj.gov/health/healthfacilities/surveys-insp/enforcement_actions.shtml,/health/healthfacilities/surveys-insp/EA-Crystal-Lake-Healthcare-and-Rehabilitation-01222025.pdf,https://www.nj.gov/health/healthfacilities/surveys-insp/EA-Crystal-Lake-Healthcare-and-Rehabilitation-01222025.pdf,EXISTING_HASH_VERIFIED,bc2c6f8243aabd1ea8fcaad0b84b6c557df0f7961984d8923aa9ade7a6a24dcd,bc2c6f8243aabd1ea8fcaad0b84b6c557df0f7961984d8923aa9ade7a6a24dcd,,CANONICAL,SEE_CORPUS_SUMMARY_GRAIN,,,true,Curtailment Of Admissions Order and Directed Plan of Correction,admission_curtailment,INDEX_METADATA,index_action,,,,,,,,false,true,2025,Crystal Lake Healthcare and Rehabilitation
nj-doh-enforcement-0534,https://www.nj.gov/health/healthfacilities/surveys-insp/enforcement_actions.shtml,/health/healthfacilities/surveys-insp/EA-Fountain-Springs-at-Cape-May-01222025.pdf,https://www.nj.gov/health/healthfacilities/surveys-insp/EA-Fountain-Springs-at-Cape-May-01222025.pdf,EXISTING_HASH_VERIFIED,ffacc3af8ea6f33419988b1d2384f3cf9619a19cf874037a37dd6b612c2958de,ffacc3af8ea6f33419988b1d2384f3cf9619a19cf874037a37dd6b612c2958de,,CANONICAL,SEE_CORPUS_SUMMARY_GRAIN,,,true,Notice of Assessment of Penalties,penalty_letter,INDEX_METADATA,index_action,,,,,,,,false,true,2025,Fountain Springs at Cape May
nj-doh-enforcement-0535,https://www.nj.gov/health/healthfacilities/surveys-insp/enforcement_actions.shtml,/health/healthfacilities/surveys-insp/EA-Barnegat-Rehabilitation-and-Nursing-Center-01212025.pdf,https://www.nj.gov/health/healthfacilities/surveys-insp/EA-Barnegat-Rehabilitation-and-Nursing-Center-01212025.pdf,EXISTING_HASH_VERIFIED,c36b760c9911186f1ffb8066761759721cd26ab867daec3e485b0fcb9e544c83,c36b760c9911186f1ffb8066761759721cd26ab867daec3e485b0fcb9e544c83,,CANONICAL,SEE_CORPUS_SUMMARY_GRAIN,,,true,Notice of Assessment of Penalties,penalty_letter,INDEX_METADATA,index_action,,,,,,,,false,true,2025,Barnegat Rehabilitation and Nursing Center
nj-doh-enforcement-0536,https://www.nj.gov/health/healthfacilities/surveys-insp/enforcement_actions.shtml,/health/healthfacilities/surveys-insp/EA-Big-Oak-Rehabilitation-and-Healthcare-Center-01212025.pdf,https://www.nj.gov/health/healthfacilities/surveys-insp/EA-Big-Oak-Rehabilitation-and-Healthcare-Center-01212025.pdf,EXISTING_HASH_VERIFIED,8f7b903f9ac3d6abdb012b34f6124ed542a57fd1769915b71ac451b6e432629c,8f7b903f9ac3d6abdb012b34f6124ed542a57fd1769915b71ac451b6e432629c,,CANONICAL,SEE_CORPUS_SUMMARY_GRAIN,,,true,Notice of Assessment of Penalties,penalty_letter,INDEX_METADATA,index_action,,,,,,,,false,true,2025,Big Oak Rehabilitation and Healthcare Center
nj-doh-enforcement-0537,https://www.nj.gov/health/healthfacilities/surveys-insp/enforcement_actions.shtml,/health/healthfacilities/surveys-insp/EA-CareOne-at-Wellington-01212025.pdf,https://www.nj.gov/health/healthfacilities/surveys-insp/EA-CareOne-at-Wellington-01212025.pdf,EXISTING_HASH_VERIFIED,406cddef648e6f47875bc9b6cec61a22735a3eeb741f7d2e0595703716dcefe4,406cddef648e6f47875bc9b6cec61a22735a3eeb741f7d2e0595703716dcefe4,,CANONICAL,SEE_CORPUS_SUMMARY_GRAIN,,,true,Notice of Assessment of Penalties,penalty_letter,INDEX_METADATA,index_action,,,,,,,,false,true,2025,CareOne at Wellington
nj-doh-enforcement-0538,https://www.nj.gov/health/healthfacilities/surveys-insp/enforcement_actions.shtml,/health/healthfacilities/surveys-insp/ea-sterling-manor-01172025%20.pdf,https://www.nj.gov/health/healthfacilities/surveys-insp/ea-sterling-manor-01172025%20.pdf,EXISTING_HASH_VERIFIED,eded3f399d9ced9ca5e7ddb1968aa881baa74e44a9939f28cb366a5ffe157bf0,eded3f399d9ced9ca5e7ddb1968aa881baa74e44a9939f28cb366a5ffe157bf0,,CANONICAL,SEE_CORPUS_SUMMARY_GRAIN,,,true,Information Requirement Order,other_expressly_identified_njdoh_action,INDEX_METADATA,index_action,,,,,,,,false,true,2025,Sterling Manor
nj-doh-enforcement-0539,https://www.nj.gov/health/healthfacilities/surveys-insp/enforcement_actions.shtml,/health/healthfacilities/surveys-insp/EA-Sterling-Manor-01142025.pdf,https://www.nj.gov/health/healthfacilities/surveys-insp/EA-Sterling-Manor-01142025.pdf,EXISTING_HASH_VERIFIED,4f75359480b02aca6594738a0d9477e077733bf09423dbfe695252d973372c56,4f75359480b02aca6594738a0d9477e077733bf09423dbfe695252d973372c56,,CANONICAL,SEE_CORPUS_SUMMARY_GRAIN,,,true,Information Requirement Order,other_expressly_identified_njdoh_action,INDEX_METADATA,index_action,,,,,,,,false,true,2025,Sterling Manor
nj-doh-enforcement-0540,https://www.nj.gov/health/healthfacilities/surveys-insp/enforcement_actions.shtml,/health/healthfacilities/surveys-insp/EA-CareOne-at-Oradell-01102025.pdf,https://www.nj.gov/health/healthfacilities/surveys-insp/EA-CareOne-at-Oradell-01102025.pdf,EXISTING_HASH_VERIFIED,26314abde01638ae2dab465f85562128000324af6931b55b0bf717b3200ecd7b,26314abde01638ae2dab465f85562128000324af6931b55b0bf717b3200ecd7b,,CANONICAL,SEE_CORPUS_SUMMARY_GRAIN,,,true,Notice of Assessment of Penalties,penalty_letter,INDEX_METADATA,index_action,,,,,,,,false,true,2025,CareOne at Oradell
nj-doh-enforcement-0541,https://www.nj.gov/health/healthfacilities/surveys-insp/enforcement_actions.shtml,/health/healthfacilities/surveys-insp/EA-Hartwyck-at-Oak-Tree-01102025.pdf,https://www.nj.gov/health/healthfacilities/surveys-insp/EA-Hartwyck-at-Oak-Tree-01102025.pdf,EXISTING_HASH_VERIFIED,184936ae41206dbc27cba23dac178d35b7111335fda1e14268445ca5877c0308,184936ae41206dbc27cba23dac178d35b7111335fda1e14268445ca5877c0308,,CANONICAL,SEE_CORPUS_SUMMARY_GRAIN,,,true,Notice of Assessment of Penalties,penalty_letter,INDEX_METADATA,index_action,,,,,,,,false,true,2025,Hartwyck at Oak Tree
nj-doh-enforcement-0542,https://www.nj.gov/health/healthfacilities/surveys-insp/enforcement_actions.shtml,/health/healthfacilities/surveys-insp/EA-Atrium-Post-Acute-Care-at-Wayneview-01092025.pdf,https://www.nj.gov/health/healthfacilities/surveys-insp/EA-Atrium-Post-Acute-Care-at-Wayneview-01092025.pdf,EXISTING_HASH_VERIFIED,950ef1be0a2776351d88e394964a365df894116cee55fbec92322b0cc376691c,950ef1be0a2776351d88e394964a365df894116cee55fbec92322b0cc376691c,,CANONICAL,SEE_CORPUS_SUMMARY_GRAIN,,,true,Notice of Assessment of Penalties,penalty_letter,INDEX_METADATA,index_action,,,,,,,,false,true,2025,Atrium Post Acute Care at Wayneview
nj-doh-enforcement-0543,https://www.nj.gov/health/healthfacilities/surveys-insp/enforcement_actions.shtml,/health/healthfacilities/surveys-insp/EA-Complete-Care-at-Bey-Lea-01102025.pdf,https://www.nj.gov/health/healthfacilities/surveys-insp/EA-Complete-Care-at-Bey-Lea-01102025.pdf,EXISTING_HASH_VERIFIED,5a5fa160284cc5128455287cb0b5d4a1cd75278b375c014bb5db967881f0217c,5a5fa160284cc5128455287cb0b5d4a1cd75278b375c014bb5db967881f0217c,,CANONICAL,SEE_CORPUS_SUMMARY_GRAIN,,,true,Notice of Assessment of Penalties,penalty_letter,INDEX_METADATA,index_action,,,,,,,,false,true,2025,Complete Care at Bey Lea
nj-doh-enforcement-0544,https://www.nj.gov/health/healthfacilities/surveys-insp/enforcement_actions.shtml,/health/healthfacilities/surveys-insp/EA-Lincoln-Park-Renaissance-01072025.pdf,https://www.nj.gov/health/healthfacilities/surveys-insp/EA-Lincoln-Park-Renaissance-01072025.pdf,EXISTING_HASH_VERIFIED,2eaefdda64863bdf38edeaa3eba5b64e5cad07d73dcd2cbc1b31860a70d2f5bb,2eaefdda64863bdf38edeaa3eba5b64e5cad07d73dcd2cbc1b31860a70d2f5bb,,CANONICAL,SEE_CORPUS_SUMMARY_GRAIN,,,true,Notice of Assessment of Penalties,penalty_letter,INDEX_METADATA,index_action,,,,,,,,false,true,2025,Lincoln Park Renaissance
nj-doh-enforcement-0545,https://www.nj.gov/health/healthfacilities/surveys-insp/enforcement_actions.shtml,/health/healthfacilities/surveys-insp/EA-Complete-Care-at-Harborage-01072025.pdf,https://www.nj.gov/health/healthfacilities/surveys-insp/EA-Complete-Care-at-Harborage-01072025.pdf,EXISTING_HASH_VERIFIED,ae7c053b3d40909e82a5c128bb9a01c067b7ecaa22cc630beacafb6dd14dbd84,ae7c053b3d40909e82a5c128bb9a01c067b7ecaa22cc630beacafb6dd14dbd84,,CANONICAL,SEE_CORPUS_SUMMARY_GRAIN,,,true,Notice of Assessment of Penalties,penalty_letter,INDEX_METADATA,index_action,,,,,,,,false,true,2025,Complete Care at Harborage
nj-doh-enforcement-0546,https://www.nj.gov/health/healthfacilities/surveys-insp/enforcement_actions.shtml,/health/healthfacilities/surveys-insp/EA-Carnegie-Post-Acute-Care-at-Princeton-01072025.pdf,https://www.nj.gov/health/healthfacilities/surveys-insp/EA-Carnegie-Post-Acute-Care-at-Princeton-01072025.pdf,EXISTING_HASH_VERIFIED,9d0f9edd8f3381277cc772b5f697bf299d2fe4070937bc02b5c401c61769e37a,9d0f9edd8f3381277cc772b5f697bf299d2fe4070937bc02b5c401c61769e37a,,CANONICAL,SEE_CORPUS_SUMMARY_GRAIN,,,true,Notice of Assessment of Penalties,penalty_letter,INDEX_METADATA,index_action,,,,,,,,false,true,2025,Carnegie Post Acute Care at Princeton
nj-doh-enforcement-0547,https://www.nj.gov/health/healthfacilities/surveys-insp/enforcement_actions.shtml,/health/healthfacilities/surveys-insp/EA-Complete-Care-at-Monmouth-01072025.pdf,https://www.nj.gov/health/healthfacilities/surveys-insp/EA-Complete-Care-at-Monmouth-01072025.pdf,EXISTING_HASH_VERIFIED,434c81a2391c5fab54c27c8b52143a0cd6aa29da59dd289b68a132e1481e4846,434c81a2391c5fab54c27c8b52143a0cd6aa29da59dd289b68a132e1481e4846,,CANONICAL,SEE_CORPUS_SUMMARY_GRAIN,,,true,Notice of Assessment of Penalties,penalty_letter,INDEX_METADATA,index_action,,,,,,,,false,true,2025,Complete Care at Monmouth
nj-doh-enforcement-0548,https://www.nj.gov/health/healthfacilities/surveys-insp/enforcement_actions.shtml,/health/healthfacilities/surveys-insp/EA-Reformed-Church-Home-01102025.pdf,https://www.nj.gov/health/healthfacilities/surveys-insp/EA-Reformed-Church-Home-01102025.pdf,EXISTING_HASH_VERIFIED,78e9df78f152f6584db229c5690eb7a5a0f57a11352493e8f5245b02fdf9938a,78e9df78f152f6584db229c5690eb7a5a0f57a11352493e8f5245b02fdf9938a,,CANONICAL,SEE_CORPUS_SUMMARY_GRAIN,,,true,Notice of Assessment of Penalties,penalty_letter,INDEX_METADATA,index_action,,,,,,,,false,true,2025,Reformed Church Home
nj-doh-enforcement-0549,https://www.nj.gov/health/healthfacilities/surveys-insp/enforcement_actions.shtml,/health/healthfacilities/surveys-insp/EA-Brightview-Greentree-Revised-01062025.pdf,https://www.nj.gov/health/healthfacilities/surveys-insp/EA-Brightview-Greentree-Revised-01062025.pdf,EXISTING_HASH_VERIFIED,cf938d9553c6b98aa75ba4758c99b40691e7c2b570caf33789dba9e575f4ef47,cf938d9553c6b98aa75ba4758c99b40691e7c2b570caf33789dba9e575f4ef47,,CANONICAL,SEE_CORPUS_SUMMARY_GRAIN,,,true,Revised Notice of Assessment of Penalties,penalty_letter,INDEX_METADATA,index_action,,,,,,,,false,true,2025,Brightview Greentree
nj-doh-enforcement-0550,https://www.nj.gov/health/healthfacilities/surveys-insp/enforcement_actions.shtml,/health/healthfacilities/surveys-insp/ea-brightview-greentree-01032025%20.pdf,https://www.nj.gov/health/healthfacilities/surveys-insp/ea-brightview-greentree-01032025%20.pdf,EXISTING_HASH_VERIFIED,5b44d28085a358742b5a326aae72dd230fd34be03d96a09e9cf47f6a612547e3,5b44d28085a358742b5a326aae72dd230fd34be03d96a09e9cf47f6a612547e3,,CANONICAL,SEE_CORPUS_SUMMARY_GRAIN,,,true,Notice of Assessment of Penalties,penalty_letter,INDEX_METADATA,index_action,,,,,,,,false,true,2025,Brightview Greentree
nj-doh-enforcement-0551,https://www.nj.gov/health/healthfacilities/surveys-insp/enforcement_actions.shtml,/health/healthfacilities/surveys-insp/ea-premier-cadbury-at-cherry-hill-01022025.pdf,https://www.nj.gov/health/healthfacilities/surveys-insp/ea-premier-cadbury-at-cherry-hill-01022025.pdf,EXISTING_HASH_VERIFIED,e5509da44409f267550d009a2360064f54fd672db8c41f38db29cd10f6d936e4,e5509da44409f267550d009a2360064f54fd672db8c41f38db29cd10f6d936e4,,CANONICAL,SEE_CORPUS_SUMMARY_GRAIN,,,true,Notice of Assessment of Penalties,penalty_letter,INDEX_METADATA,index_action,,,,,,,,false,true,2025,Premier Cadbury at Cherry Hill
nj-doh-enforcement-0552,https://www.nj.gov/health/healthfacilities/surveys-insp/enforcement_actions.shtml,/health/healthfacilities/surveys-insp/ea-complete-care-at-cedar-grove-01022025.pdf,https://www.nj.gov/health/healthfacilities/surveys-insp/ea-complete-care-at-cedar-grove-01022025.pdf,EXISTING_HASH_VERIFIED,d354ba12d8b41f7c19e8b82398fa55e371e67508b1aea163b2b39afedd43b308,d354ba12d8b41f7c19e8b82398fa55e371e67508b1aea163b2b39afedd43b308,,CANONICAL,SEE_CORPUS_SUMMARY_GRAIN,,,true,Notice of Assessment of Penalties,penalty_letter,INDEX_METADATA,index_action,,,,,,,,false,true,2025,Complete Care at Cedar Grove
nj-doh-enforcement-0553,https://www.nj.gov/health/healthfacilities/surveys-insp/enforcement_actions.shtml,/health/healthfacilities/surveys-insp/ea-crystal-lake-healthcare-and-rehabilitation-01022025.pdf,https://www.nj.gov/health/healthfacilities/surveys-insp/ea-crystal-lake-healthcare-and-rehabilitation-01022025.pdf,EXISTING_HASH_VERIFIED,bc330867378639b79a702065ed5ed0d7768c018705385a71bd23d4998084b7fc,bc330867378639b79a702065ed5ed0d7768c018705385a71bd23d4998084b7fc,,CANONICAL,SEE_CORPUS_SUMMARY_GRAIN,,,true,Notice of Assessment of Penalties,penalty_letter,INDEX_METADATA,index_action,,,,,,,,false,true,2025,Crystal Lake Healthcare & Rehabilitation
nj-doh-enforcement-0554,https://www.nj.gov/health/healthfacilities/surveys-insp/enforcement_actions.shtml,/health/healthfacilities/surveys-insp/ea-sterling-manor-12312024.pdf,https://www.nj.gov/health/healthfacilities/surveys-insp/ea-sterling-manor-12312024.pdf,EXISTING_HASH_VERIFIED,ba3bceb30147d286f9d5bb6eb0d448c8394fb8bf1fad6aa9a54974af44ff4a2a,ba3bceb30147d286f9d5bb6eb0d448c8394fb8bf1fad6aa9a54974af44ff4a2a,,CANONICAL,SEE_CORPUS_SUMMARY_GRAIN,,,true,Notice of Intent to Summarily Suspend,license_suspension,INDEX_METADATA,index_action,,,,,,,,false,true,2024,Sterling Manor
nj-doh-enforcement-0555,https://www.nj.gov/health/healthfacilities/surveys-insp/enforcement_actions.shtml,/health/healthfacilities/surveys-insp/ea-revised-aster-creek%20nursing-and-rehab-center-12242024 .pdf,https://www.nj.gov/health/healthfacilities/surveys-insp/ea-revised-aster-creek%20nursing-and-rehab-center-12242024%20.pdf,RECOVERED_AFTER_URL_NORMALIZATION,9e058efb70df31cabdbf9a59d925edf772a5b176487f4c618a9f1e62c0119c5f,9e058efb70df31cabdbf9a59d925edf772a5b176487f4c618a9f1e62c0119c5f,,CANONICAL,SEE_CORPUS_SUMMARY_GRAIN,,,true,Notice of Assessment of Penalties,penalty_letter,INDEX_METADATA,index_action,,,,,,,,false,true,2024,Aster Creek Nursing & Rehabilitation Center
nj-doh-enforcement-0556,https://www.nj.gov/health/healthfacilities/surveys-insp/enforcement_actions.shtml,/health/healthfacilities/surveys-insp/ea-grove-park-healthcare-and-rehabilitation-center-12232024.pdf,https://www.nj.gov/health/healthfacilities/surveys-insp/ea-grove-park-healthcare-and-rehabilitation-center-12232024.pdf,EXISTING_HASH_VERIFIED,06db29d88d6d9be26a2c23d5308b0a0277e415daee4b5955709ba881c5d67ea2,06db29d88d6d9be26a2c23d5308b0a0277e415daee4b5955709ba881c5d67ea2,,CANONICAL,SEE_CORPUS_SUMMARY_GRAIN,,,true,Notice of Assessment of Penalties,penalty_letter,INDEX_METADATA,index_action,,,,,,,,false,true,2024,Grove Park Healthcare & Rehabilitation Center
nj-doh-enforcement-0557,https://www.nj.gov/health/healthfacilities/surveys-insp/enforcement_actions.shtml,/health/healthfacilities/surveys-insp/ea-arbor-ridge-rehabilitation-and-healthcare-center-12232024%20.pdf,https://www.nj.gov/health/healthfacilities/surveys-insp/ea-arbor-ridge-rehabilitation-and-healthcare-center-12232024%20.pdf,EXISTING_HASH_VERIFIED,999854536d0eedd8f4ca06f146bc784858d9651d62d62bad2044f1beb1c0e330,999854536d0eedd8f4ca06f146bc784858d9651d62d62bad2044f1beb1c0e330,,CANONICAL,SEE_CORPUS_SUMMARY_GRAIN,,,true,Notice of Assessment of Penalties,penalty_letter,INDEX_METADATA,index_action,,,,,,,,false,true,2024,Arbor Ridge Rehabilitation & Healthcare Center
nj-doh-enforcement-0558,https://www.nj.gov/health/healthfacilities/surveys-insp/enforcement_actions.shtml,/health/healthfacilities/surveys-insp/ea-aster-creek-nursing-and-rehab-center-12182024.pdf,https://www.nj.gov/health/healthfacilities/surveys-insp/ea-aster-creek-nursing-and-rehab-center-12182024.pdf,EXISTING_HASH_VERIFIED,1f8c592a4f6facf60e76a6c0153e8a98fa69e7e84e9544ec48696dec9e196c65,1f8c592a4f6facf60e76a6c0153e8a98fa69e7e84e9544ec48696dec9e196c65,,CANONICAL,SEE_CORPUS_SUMMARY_GRAIN,,,true,Notice of Assessment of Penalties,penalty_letter,INDEX_METADATA,index_action,,,,,,,,false,true,2024,Aster Creek Nursing & Rehabilitation Center
nj-doh-enforcement-0559,https://www.nj.gov/health/healthfacilities/surveys-insp/enforcement_actions.shtml,/health/healthfacilities/surveys-insp/ea-christian-health-care-center-12182024.pdf,https://www.nj.gov/health/healthfacilities/surveys-insp/ea-christian-health-care-center-12182024.pdf,EXISTING_HASH_VERIFIED,c2fdeef2a542325cf21018242f29d0545820393298316d6f112afc3c4578fdc8,c2fdeef2a542325cf21018242f29d0545820393298316d6f112afc3c4578fdc8,,CANONICAL,SEE_CORPUS_SUMMARY_GRAIN,,,true,Notice of Assessment of Penalties,penalty_letter,INDEX_METADATA,index_action,,,,,,,,false,true,2024,Christian Health Care Center
nj-doh-enforcement-0560,https://www.nj.gov/health/healthfacilities/surveys-insp/enforcement_actions.shtml,/health/healthfacilities/surveys-insp/EA-Laurel-Brook-Rehabilitation-and-Healthcare-Center-12182024.pdf,https://www.nj.gov/health/healthfacilities/surveys-insp/EA-Laurel-Brook-Rehabilitation-and-Healthcare-Center-12182024.pdf,EXISTING_HASH_VERIFIED,11078e295965235880ed06b875a4097a02ae3cb6228e9ddb25ca15655c393b55,11078e295965235880ed06b875a4097a02ae3cb6228e9ddb25ca15655c393b55,,CANONICAL,SEE_CORPUS_SUMMARY_GRAIN,,,true,Notice of Assessment of Penalties,penalty_letter,INDEX_METADATA,index_action,,,,,,,,false,true,2024,Laurel Brook Rehabilitation and Healthcare Center
nj-doh-enforcement-0561,https://www.nj.gov/health/healthfacilities/surveys-insp/enforcement_actions.shtml,/health/healthfacilities/surveys-insp/EA-Accelerate-Skilled-Nursing-and-Rehab-Piscataway-12172024.pdf,https://www.nj.gov/health/healthfacilities/surveys-insp/EA-Accelerate-Skilled-Nursing-and-Rehab-Piscataway-12172024.pdf,EXISTING_HASH_VERIFIED,3826ee55c436e9b658004ad461768ad58c55a54e691494412bfc31dd9a1c34f5,3826ee55c436e9b658004ad461768ad58c55a54e691494412bfc31dd9a1c34f5,,CANONICAL,SEE_CORPUS_SUMMARY_GRAIN,,,true,Notice of Assessment of Penalties,penalty_letter,INDEX_METADATA,index_action,,,,,,,,false,true,2024,Accelerate Skilled Nursing and Rehab Piscataway
nj-doh-enforcement-0562,https://www.nj.gov/health/healthfacilities/surveys-insp/enforcement_actions.shtml,/health/healthfacilities/surveys-insp/ea-hamilton-grove-healthcare-and-rehabilitaion-12132024.pdf,https://www.nj.gov/health/healthfacilities/surveys-insp/ea-hamilton-grove-healthcare-and-rehabilitaion-12132024.pdf,EXISTING_HASH_VERIFIED,8450f478db19c9c0b17bdca9e84ceadf10000c125252c1d2295b765aba3d867d,8450f478db19c9c0b17bdca9e84ceadf10000c125252c1d2295b765aba3d867d,,CANONICAL,SEE_CORPUS_SUMMARY_GRAIN,,,true,Notice of Assessment of Penalties,penalty_letter,INDEX_METADATA,index_action,,,,,,,,false,true,2024,"Hamilton Grove Healthcare and Rehabilitation, LLC"
nj-doh-enforcement-0563,https://www.nj.gov/health/healthfacilities/surveys-insp/enforcement_actions.shtml,/health/healthfacilities/surveys-insp/ea-riverside-health-and-rehabilitation-center-12132024.pdf,https://www.nj.gov/health/healthfacilities/surveys-insp/ea-riverside-health-and-rehabilitation-center-12132024.pdf,EXISTING_HASH_VERIFIED,da5921437d0beb5ce7294bb727e6d0c0404ed1a44c8758f30ac3d69c8b77a92b,da5921437d0beb5ce7294bb727e6d0c0404ed1a44c8758f30ac3d69c8b77a92b,,CANONICAL,SEE_CORPUS_SUMMARY_GRAIN,,,true,Notice of Assessment of Penalties,penalty_letter,INDEX_METADATA,index_action,,,,,,,,false,true,2024,"Riverside Health & Rehabilitation Center, LLC"
nj-doh-enforcement-0564,https://www.nj.gov/health/healthfacilities/surveys-insp/enforcement_actions.shtml,/health/healthfacilities/surveys-insp/ea-south-jersey-extended-care-12122024.pdf,https://www.nj.gov/health/healthfacilities/surveys-insp/ea-south-jersey-extended-care-12122024.pdf,EXISTING_HASH_VERIFIED,c2ff7485a9bb479a6843a782305a17d2d4e1f2eec1b6e82a19145fab8059880d,c2ff7485a9bb479a6843a782305a17d2d4e1f2eec1b6e82a19145fab8059880d,,CANONICAL,SEE_CORPUS_SUMMARY_GRAIN,,,true,"Directed Plan of Correction, Information Requirement Order and Order to File Emergency Operations Plan",other_expressly_identified_njdoh_action,INDEX_METADATA,index_action,,,,,,,,false,true,2024,South Jersey Extended Care
nj-doh-enforcement-0565,https://www.nj.gov/health/healthfacilities/surveys-insp/enforcement_actions.shtml,/health/healthfacilities/surveys-insp/EA-The-Center-for-Rehab-and-Nursing-at-Washington-Twp-12112024.pdf,https://www.nj.gov/health/healthfacilities/surveys-insp/EA-The-Center-for-Rehab-and-Nursing-at-Washington-Twp-12112024.pdf,EXISTING_HASH_VERIFIED,cde0060c990a21c888c67c94e978326bb987cfb601642a1d91bf6c9c90aa019b,cde0060c990a21c888c67c94e978326bb987cfb601642a1d91bf6c9c90aa019b,,CANONICAL,SEE_CORPUS_SUMMARY_GRAIN,,,true,Notice of Assessment of Penalties,penalty_letter,INDEX_METADATA,index_action,,,,,,,,false,true,2024,The Center for Rehab and Nursing at Washington Twp
nj-doh-enforcement-0566,https://www.nj.gov/health/healthfacilities/surveys-insp/enforcement_actions.shtml,/health/healthfacilities/surveys-insp/EA-Troy-Hills-Center-12112024.pdf,https://www.nj.gov/health/healthfacilities/surveys-insp/EA-Troy-Hills-Center-12112024.pdf,EXISTING_HASH_VERIFIED,2e9855c2765e77956ec7a61982879958ec00737ce0222194263341fccfc25380,2e9855c2765e77956ec7a61982879958ec00737ce0222194263341fccfc25380,,CANONICAL,SEE_CORPUS_SUMMARY_GRAIN,,,true,Notice of Assessment of Penalties,penalty_letter,INDEX_METADATA,index_action,,,,,,,,false,true,2024,Troy Hills Center
nj-doh-enforcement-0567,https://www.nj.gov/health/healthfacilities/surveys-insp/enforcement_actions.shtml,/health/healthfacilities/surveys-insp/EA-Excel-Care-at-The-Pines-12102024.pdf,https://www.nj.gov/health/healthfacilities/surveys-insp/EA-Excel-Care-at-The-Pines-12102024.pdf,EXISTING_HASH_VERIFIED,1aaed97badfb7c6da26b8eb01e3e94cb68cddcf9809b012ec85d37aa15348724,1aaed97badfb7c6da26b8eb01e3e94cb68cddcf9809b012ec85d37aa15348724,,CANONICAL,SEE_CORPUS_SUMMARY_GRAIN,,,true,Notice of Assessment of Penalties,penalty_letter,INDEX_METADATA,index_action,,,,,,,,false,true,2024,Excel Care at The Pines
nj-doh-enforcement-0568,https://www.nj.gov/health/healthfacilities/surveys-insp/enforcement_actions.shtml,/health/healthfacilities/surveys-insp/ea-medford-care-center-12092024.pdf,https://www.nj.gov/health/healthfacilities/surveys-insp/ea-medford-care-center-12092024.pdf,EXISTING_HASH_VERIFIED,0b2d6c2eeb4c80fa714568af71690b44fca8e85cd58436ed15108b600bfcd768,0b2d6c2eeb4c80fa714568af71690b44fca8e85cd58436ed15108b600bfcd768,,CANONICAL,SEE_CORPUS_SUMMARY_GRAIN,,,true,Directed Plan of Correction,directed_plan_of_correction,INDEX_METADATA,index_action,,,,,,,,false,true,2024,Medford Care Center
nj-doh-enforcement-0569,https://www.nj.gov/health/healthfacilities/surveys-insp/enforcement_actions.shtml,/health/healthfacilities/surveys-insp/EA-The-Palace-Rehabilitation-and-Care-Center-12092024.pdf,https://www.nj.gov/health/healthfacilities/surveys-insp/EA-The-Palace-Rehabilitation-and-Care-Center-12092024.pdf,EXISTING_HASH_VERIFIED,5b6646f8713a29aec895461daefbf4b52a74fd66d69cc1afeff7142d8c3d08ec,5b6646f8713a29aec895461daefbf4b52a74fd66d69cc1afeff7142d8c3d08ec,,CANONICAL,SEE_CORPUS_SUMMARY_GRAIN,,,true,Notice of Assessment of Penalties,penalty_letter,INDEX_METADATA,index_action,,,,,,,,false,true,2024,The Palace Rehabilitation and Care Center
nj-doh-enforcement-0570,https://www.nj.gov/health/healthfacilities/surveys-insp/enforcement_actions.shtml,/health/healthfacilities/surveys-insp/EA-Mohawk-Meadows-12092024.pdf,https://www.nj.gov/health/healthfacilities/surveys-insp/EA-Mohawk-Meadows-12092024.pdf,EXISTING_HASH_VERIFIED,81c255c48c36f0d59e35bf9f6319460fb25adde96d14e5ef05273ac71437906a,81c255c48c36f0d59e35bf9f6319460fb25adde96d14e5ef05273ac71437906a,,CANONICAL,SEE_CORPUS_SUMMARY_GRAIN,,,true,Notice of Assessment of Penalties,penalty_letter,INDEX_METADATA,index_action,,,,,,,,false,true,2024,Mohawk Meadows
nj-doh-enforcement-0571,https://www.nj.gov/health/healthfacilities/surveys-insp/enforcement_actions.shtml,/health/healthfacilities/surveys-insp/EA-Berlin-Rehabilitation-and-Healthcare-Center-12092024.pdf,https://www.nj.gov/health/healthfacilities/surveys-insp/EA-Berlin-Rehabilitation-and-Healthcare-Center-12092024.pdf,EXISTING_HASH_VERIFIED,4793e4cd9d001ee3566916ca5646f8a716f0da594c0e5ddddc50f1294de74e9f,4793e4cd9d001ee3566916ca5646f8a716f0da594c0e5ddddc50f1294de74e9f,,CANONICAL,SEE_CORPUS_SUMMARY_GRAIN,,,true,Notice of Assessment of Penalties,penalty_letter,INDEX_METADATA,index_action,,,,,,,,false,true,2024,Berlin Rehabilitation and Healthcare Center
nj-doh-enforcement-0572,https://www.nj.gov/health/healthfacilities/surveys-insp/enforcement_actions.shtml,/health/healthfacilities/surveys-insp/EA-Adroit-Care-Center-12092024.pdf,https://www.nj.gov/health/healthfacilities/surveys-insp/EA-Adroit-Care-Center-12092024.pdf,EXISTING_HASH_VERIFIED,9addd771fac9f2efde5bd42f63b1d3cc2558773366291d7205c48a9f2677d86d,9addd771fac9f2efde5bd42f63b1d3cc2558773366291d7205c48a9f2677d86d,,CANONICAL,SEE_CORPUS_SUMMARY_GRAIN,,,true,Notice of Assessment of Penalties,penalty_letter,INDEX_METADATA,index_action,,,,,,,,false,true,2024,Adroit Care Center
nj-doh-enforcement-0573,https://www.nj.gov/health/healthfacilities/surveys-insp/enforcement_actions.shtml,/health/healthfacilities/surveys-insp/ea-sterling-manor-12062024.pdf,https://www.nj.gov/health/healthfacilities/surveys-insp/ea-sterling-manor-12062024.pdf,EXISTING_HASH_VERIFIED,9f99f1a6a270467ca644bf9e8152d0a169faeb1fc650f564fd1c2067411f00c6,9f99f1a6a270467ca644bf9e8152d0a169faeb1fc650f564fd1c2067411f00c6,,CANONICAL,SEE_CORPUS_SUMMARY_GRAIN,,,true,Information Requirement Order,other_expressly_identified_njdoh_action,INDEX_METADATA,index_action,,,,,,,,false,true,2024,Sterling Manor
nj-doh-enforcement-0574,https://www.nj.gov/health/healthfacilities/surveys-insp/enforcement_actions.shtml,/health/healthfacilities/surveys-insp/EA-Morristown-Post-Acute-Rehab-And-Nursing-Center-12052024.pdf,https://www.nj.gov/health/healthfacilities/surveys-insp/EA-Morristown-Post-Acute-Rehab-And-Nursing-Center-12052024.pdf,EXISTING_HASH_VERIFIED,3fd40e690c0608b1bc06a44256de09f592aeef75951fe557413fa21a8120d9ad,3fd40e690c0608b1bc06a44256de09f592aeef75951fe557413fa21a8120d9ad,,CANONICAL,SEE_CORPUS_SUMMARY_GRAIN,,,true,Notice of Assessment of Penalties,penalty_letter,INDEX_METADATA,index_action,,,,,,,,false,true,2024,Morristown Post Acute Rehab And Nursing Center
nj-doh-enforcement-0575,https://www.nj.gov/health/healthfacilities/surveys-insp/enforcement_actions.shtml,/health/healthfacilities/surveys-insp/EA-Complete-Care-at-Burlington-Woods-12052024.pdf,https://www.nj.gov/health/healthfacilities/surveys-insp/EA-Complete-Care-at-Burlington-Woods-12052024.pdf,EXISTING_HASH_VERIFIED,d80cf3330ea84d22cb291619997d77dbe965fe1fd78af714ea17cf8471954429,d80cf3330ea84d22cb291619997d77dbe965fe1fd78af714ea17cf8471954429,,CANONICAL,SEE_CORPUS_SUMMARY_GRAIN,,,true,Notice of Assessment of Penalties,penalty_letter,INDEX_METADATA,index_action,,,,,,,,false,true,2024,Complete Care at Burlington Woods
nj-doh-enforcement-0576,https://www.nj.gov/health/healthfacilities/surveys-insp/enforcement_actions.shtml,/health/healthfacilities/surveys-insp/ea-laurel-brook-rehab-and-healthcare-center-12042024.pdf,https://www.nj.gov/health/healthfacilities/surveys-insp/ea-laurel-brook-rehab-and-healthcare-center-12042024.pdf,EXISTING_HASH_VERIFIED,02d50284b17a92e68c7f17b32d722aa8f0752ca27de7c20348ad4593e20ed43e,02d50284b17a92e68c7f17b32d722aa8f0752ca27de7c20348ad4593e20ed43e,,CANONICAL,SEE_CORPUS_SUMMARY_GRAIN,,,true,"Order Lifting Curtailment of Admissions & Readmissions, and Directed Plan of Correction",admission_curtailment,INDEX_METADATA,index_action,,,,,,,,false,true,2024,Laurel Brook Rehabilitation and Healthcare Center
nj-doh-enforcement-0577,https://www.nj.gov/health/healthfacilities/surveys-insp/enforcement_actions.shtml,/health/healthfacilities/surveys-insp/EA-Autumn-Lake-Healthcare-at-Old-Bridge-12032024.pdf,https://www.nj.gov/health/healthfacilities/surveys-insp/EA-Autumn-Lake-Healthcare-at-Old-Bridge-12032024.pdf,EXISTING_HASH_VERIFIED,e81346d952c286d72ceb11d0e460e42af037e423b2509b1dc6cceae6571b200b,e81346d952c286d72ceb11d0e460e42af037e423b2509b1dc6cceae6571b200b,,CANONICAL,SEE_CORPUS_SUMMARY_GRAIN,,,true,Notice of Assessment of Penalties,penalty_letter,INDEX_METADATA,index_action,,,,,,,,false,true,2024,Autumn Lake Healthcare at Old Bridge
nj-doh-enforcement-0578,https://www.nj.gov/health/healthfacilities/surveys-insp/enforcement_actions.shtml,/health/healthfacilities/surveys-insp/ea-silver-lake-hospital-ltach-12022024.pdf,https://www.nj.gov/health/healthfacilities/surveys-insp/ea-silver-lake-hospital-ltach-12022024.pdf,EXISTING_HASH_VERIFIED,11a3a76e906a99b00bbe74465689d073d86c396516633233b2140754d9a7d040,11a3a76e906a99b00bbe74465689d073d86c396516633233b2140754d9a7d040,,CANONICAL,SEE_CORPUS_SUMMARY_GRAIN,,,true,Notice of Assessment of Penalties,penalty_letter,INDEX_METADATA,index_action,,,,,,,,false,true,2024,Silver Lake Hospital LTACH
nj-doh-enforcement-0579,https://www.nj.gov/health/healthfacilities/surveys-insp/enforcement_actions.shtml,/health/healthfacilities/surveys-insp/EA-Allaire-Rehab-and-Nursing-12022024.pdf,https://www.nj.gov/health/healthfacilities/surveys-insp/EA-Allaire-Rehab-and-Nursing-12022024.pdf,EXISTING_HASH_VERIFIED,07396d59f7947ec6457b3e71c95ad80801dc8de7e9fe6052314764a672320389,07396d59f7947ec6457b3e71c95ad80801dc8de7e9fe6052314764a672320389,,CANONICAL,SEE_CORPUS_SUMMARY_GRAIN,,,true,Order Lifting Curtailment of Admissions,admission_curtailment,INDEX_METADATA,index_action,,,,,,,,false,true,2024,Allaire Rehab and Nursing
nj-doh-enforcement-0580,https://www.nj.gov/health/healthfacilities/surveys-insp/enforcement_actions.shtml,/health/healthfacilities/surveys-insp/ea-careone-at-wall-11272024%20.pdf,https://www.nj.gov/health/healthfacilities/surveys-insp/ea-careone-at-wall-11272024%20.pdf,EXISTING_HASH_VERIFIED,78d2b077b6edafa6472f967ecc646ee55e8c36d62421cad5b88b3d16e5fe4271,78d2b077b6edafa6472f967ecc646ee55e8c36d62421cad5b88b3d16e5fe4271,,CANONICAL,SEE_CORPUS_SUMMARY_GRAIN,,,true,Notice of Assessment of Penalties,penalty_letter,INDEX_METADATA,index_action,,,,,,,,false,true,2024,CareOne at Wall
nj-doh-enforcement-0581,https://www.nj.gov/health/healthfacilities/surveys-insp/enforcement_actions.shtml,/health/healthfacilities/surveys-insp/ea-buckingham-at-norwood-11252024.pdf,https://www.nj.gov/health/healthfacilities/surveys-insp/ea-buckingham-at-norwood-11252024.pdf,EXISTING_HASH_VERIFIED,feb026c6be723004b43fbbf6b0659d39f7c9024ca069a8ee60a77ffef6dbf2d7,feb026c6be723004b43fbbf6b0659d39f7c9024ca069a8ee60a77ffef6dbf2d7,,CANONICAL,SEE_CORPUS_SUMMARY_GRAIN,,,true,Notice of Assessment of Penalties,penalty_letter,INDEX_METADATA,index_action,,,,,,,,false,true,2024,Buckingham at Norwood
nj-doh-enforcement-0582,https://www.nj.gov/health/healthfacilities/surveys-insp/enforcement_actions.shtml,/health/healthfacilities/surveys-insp/EA-Careone-at-Cresskill-11222024.pdf,https://www.nj.gov/health/healthfacilities/surveys-insp/EA-Careone-at-Cresskill-11222024.pdf,EXISTING_HASH_VERIFIED,770dc5a9b3140ef3520a4153a50d6159b1a44bef59499fc49c22fc85db323e8c,770dc5a9b3140ef3520a4153a50d6159b1a44bef59499fc49c22fc85db323e8c,,CANONICAL,SEE_CORPUS_SUMMARY_GRAIN,,,true,Notice of Assessment of Penalties,penalty_letter,INDEX_METADATA,index_action,,,,,,,,false,true,2024,Careone at Cresskill
nj-doh-enforcement-0583,https://www.nj.gov/health/healthfacilities/surveys-insp/enforcement_actions.shtml,/health/healthfacilities/surveys-insp/EA-Complete-Care-at-Hamilton-11222024.pdf,https://www.nj.gov/health/healthfacilities/surveys-insp/EA-Complete-Care-at-Hamilton-11222024.pdf,EXISTING_HASH_VERIFIED,ed0169545acd643760731b967c5cf737c96804fb1f237a982d972b23a6b17455,ed0169545acd643760731b967c5cf737c96804fb1f237a982d972b23a6b17455,,CANONICAL,SEE_CORPUS_SUMMARY_GRAIN,,,true,Notice of Assessment of Penalties,penalty_letter,INDEX_METADATA,index_action,,,,,,,,false,true,2024,Complete Care at Hamilton
nj-doh-enforcement-0584,https://www.nj.gov/health/healthfacilities/surveys-insp/enforcement_actions.shtml,/health/healthfacilities/surveys-insp/EA-Hammonton-Center-for-Rehabilitation-and-Healthcare-11222024.pdf,https://www.nj.gov/health/healthfacilities/surveys-insp/EA-Hammonton-Center-for-Rehabilitation-and-Healthcare-11222024.pdf,EXISTING_HASH_VERIFIED,8833db94dc27887cd1893a4fe89bf42d9c27e9fa05ac8816c855834d49e3f8f5,8833db94dc27887cd1893a4fe89bf42d9c27e9fa05ac8816c855834d49e3f8f5,,CANONICAL,SEE_CORPUS_SUMMARY_GRAIN,,,true,Notice of Assessment of Penalties,penalty_letter,INDEX_METADATA,index_action,,,,,,,,false,true,2024,Hammonton Center for Rehabilitation and Healthcare
nj-doh-enforcement-0585,https://www.nj.gov/health/healthfacilities/surveys-insp/enforcement_actions.shtml,/health/healthfacilities/surveys-insp/ea-medford-care-center-11222024.pdf,https://www.nj.gov/health/healthfacilities/surveys-insp/ea-medford-care-center-11222024.pdf,EXISTING_HASH_VERIFIED,1e7309f31daed23213c627b0c4d5f2b5742965d894e879b3ab6814ec989a5ab9,1e7309f31daed23213c627b0c4d5f2b5742965d894e879b3ab6814ec989a5ab9,,CANONICAL,SEE_CORPUS_SUMMARY_GRAIN,,,true,Revised Notice of Intent to Summarily Suspend,license_suspension,INDEX_METADATA,index_action,,,,,,,,false,true,2024,Medford Care Center
nj-doh-enforcement-0586,https://www.nj.gov/health/healthfacilities/surveys-insp/enforcement_actions.shtml,/health/healthfacilities/surveys-insp/ea-mine-hill-surgical-center-11212024%20.pdf,https://www.nj.gov/health/healthfacilities/surveys-insp/ea-mine-hill-surgical-center-11212024%20.pdf,EXISTING_HASH_VERIFIED,c7ab4c83cd93e227822970073be776ad5bdff913dbecf67499e5c602ccb0d265,c7ab4c83cd93e227822970073be776ad5bdff913dbecf67499e5c602ccb0d265,,CANONICAL,SEE_CORPUS_SUMMARY_GRAIN,,,true,Order Lifting Curtailment of Surgical Services and Directed Plan of Correction,admission_curtailment,INDEX_METADATA,index_action,,,,,,,,false,true,2024,Mine Hill Surgical Center
nj-doh-enforcement-0587,https://www.nj.gov/health/healthfacilities/surveys-insp/enforcement_actions.shtml,/health/healthfacilities/surveys-insp/EA-Spring-Grove-Rehabilitation-and-Healthcare-11212024.pdf,https://www.nj.gov/health/healthfacilities/surveys-insp/EA-Spring-Grove-Rehabilitation-and-Healthcare-11212024.pdf,EXISTING_HASH_VERIFIED,6681130220fb09e33e3ad25ded7b4ae6325dfa2f3fd9a02a4c9fdcbf2c2acad9,6681130220fb09e33e3ad25ded7b4ae6325dfa2f3fd9a02a4c9fdcbf2c2acad9,,CANONICAL,SEE_CORPUS_SUMMARY_GRAIN,,,true,Notice of Assessment of Penalties,penalty_letter,INDEX_METADATA,index_action,,,,,,,,false,true,2024,Spring Grove Rehabilitation and Healthcare
nj-doh-enforcement-0588,https://www.nj.gov/health/healthfacilities/surveys-insp/enforcement_actions.shtml,/health/healthfacilities/surveys-insp/EA-Manahawkin-Health-and-Rehab-Center-11202024.pdf,https://www.nj.gov/health/healthfacilities/surveys-insp/EA-Manahawkin-Health-and-Rehab-Center-11202024.pdf,EXISTING_HASH_VERIFIED,934810f33bc8b56418a4306eac59a15cafa592b3589ecfeaaa5e2d07d1a158de,934810f33bc8b56418a4306eac59a15cafa592b3589ecfeaaa5e2d07d1a158de,,CANONICAL,SEE_CORPUS_SUMMARY_GRAIN,,,true,Notice of Assessment of Penalties,penalty_letter,INDEX_METADATA,index_action,,,,,,,,false,true,2024,Manahawkin Health and Rehab Center
nj-doh-enforcement-0589,https://www.nj.gov/health/healthfacilities/surveys-insp/enforcement_actions.shtml,/health/healthfacilities/surveys-insp/EA-Saddle-Brook-Endoscopic-and-Orthopedic-Surgery-Center-11152024.pdf,https://www.nj.gov/health/healthfacilities/surveys-insp/EA-Saddle-Brook-Endoscopic-and-Orthopedic-Surgery-Center-11152024.pdf,EXISTING_HASH_VERIFIED,2e2da57d9ead5498379ebdb93d60230efc297ca0cdbfb74a2af917d1597a4156,2e2da57d9ead5498379ebdb93d60230efc297ca0cdbfb74a2af917d1597a4156,,CANONICAL,SEE_CORPUS_SUMMARY_GRAIN,,,true,Order Lifting Curtailment of Surgical Services Order,admission_curtailment,INDEX_METADATA,index_action,,,,,,,,false,true,2024,Saddle Brook Endoscopic and Orthopedic Surgery Center
nj-doh-enforcement-0590,https://www.nj.gov/health/healthfacilities/surveys-insp/enforcement_actions.shtml,/health/healthfacilities/surveys-insp/EA-Medford-Care-Center-11152024-2.pdf,https://www.nj.gov/health/healthfacilities/surveys-insp/EA-Medford-Care-Center-11152024-2.pdf,EXISTING_HASH_VERIFIED,51a3b2747952c9802af985fb5ab8a8b711b8da9b994613e86e6d0502d4ef0545,51a3b2747952c9802af985fb5ab8a8b711b8da9b994613e86e6d0502d4ef0545,,CANONICAL,SEE_CORPUS_SUMMARY_GRAIN,,,true,Notice of Intent to Summarily Suspend,license_suspension,INDEX_METADATA,index_action,,,,,,,,false,true,2024,Medford Care Center
nj-doh-enforcement-0591,https://www.nj.gov/health/healthfacilities/surveys-insp/enforcement_actions.shtml,/health/healthfacilities/surveys-insp/EA-Medford-Care-Center-11152024.pdf,https://www.nj.gov/health/healthfacilities/surveys-insp/EA-Medford-Care-Center-11152024.pdf,EXISTING_HASH_VERIFIED,24a7d3b21954a26dbf45c6cfb432359b6bda6ca366925b0966c0db988ea9ed63,24a7d3b21954a26dbf45c6cfb432359b6bda6ca366925b0966c0db988ea9ed63,,CANONICAL,SEE_CORPUS_SUMMARY_GRAIN,,,true,Curtailment of Admissions and Readmissions Order and Directed Plan of Correction,admission_curtailment,INDEX_METADATA,index_action,,,,,,,,false,true,2024,Medford Care Center
nj-doh-enforcement-0592,https://www.nj.gov/health/healthfacilities/surveys-insp/enforcement_actions.shtml,/health/healthfacilities/surveys-insp/EA-Whiting-Gardens-Rehab-and-Nursing-Center-12192024.pdf,https://www.nj.gov/health/healthfacilities/surveys-insp/EA-Whiting-Gardens-Rehab-and-Nursing-Center-12192024.pdf,EXISTING_HASH_VERIFIED,4f0d6c215c2932281b5c95be9db411a23a4c249d884903d4e2af52c9b08c15d4,4f0d6c215c2932281b5c95be9db411a23a4c249d884903d4e2af52c9b08c15d4,,CANONICAL,SEE_CORPUS_SUMMARY_GRAIN,,,true,Notice of Assessment of Penalties,penalty_letter,INDEX_METADATA,index_action,,,,,,,,false,true,2024,Whiting Gardens Rehab and Nursing Center
nj-doh-enforcement-0593,https://www.nj.gov/health/healthfacilities/surveys-insp/enforcement_actions.shtml,/health/healthfacilities/surveys-insp/ea-livingston-post-acute-care-11122024.pdf,https://www.nj.gov/health/healthfacilities/surveys-insp/ea-livingston-post-acute-care-11122024.pdf,EXISTING_HASH_VERIFIED,234b427909e85e87ad1edc39ffd2f6189ce6472c5179902bc690b8f3f8ac2006,234b427909e85e87ad1edc39ffd2f6189ce6472c5179902bc690b8f3f8ac2006,,CANONICAL,SEE_CORPUS_SUMMARY_GRAIN,,,true,Notice of Assessment of Penalties,penalty_letter,INDEX_METADATA,index_action,,,,,,,,false,true,2024,Livingston Post Acute Care
nj-doh-enforcement-0594,https://www.nj.gov/health/healthfacilities/surveys-insp/enforcement_actions.shtml,/health/healthfacilities/surveys-insp/EA-Bishop-McCarthy-Center-for-Rehab-and-Healthcare11082024.pdf,https://www.nj.gov/health/healthfacilities/surveys-insp/EA-Bishop-McCarthy-Center-for-Rehab-and-Healthcare11082024.pdf,EXISTING_HASH_VERIFIED,fd6c0849b7b2337c2adb5e327dcf2f86fce49ce083cb31dbc5e35ae7e7399ec6,fd6c0849b7b2337c2adb5e327dcf2f86fce49ce083cb31dbc5e35ae7e7399ec6,,CANONICAL,SEE_CORPUS_SUMMARY_GRAIN,,,true,Notice of Assessment of Penalties,penalty_letter,INDEX_METADATA,index_action,,,,,,,,false,true,2024,Bishop McCarthy Center for Rehab and Healthcare
nj-doh-enforcement-0595,https://www.nj.gov/health/healthfacilities/surveys-insp/enforcement_actions.shtml,/health/healthfacilities/surveys-insp/EA-CareOne-at-Parsippany-11082024.pdf,https://www.nj.gov/health/healthfacilities/surveys-insp/EA-CareOne-at-Parsippany-11082024.pdf,EXISTING_HASH_VERIFIED,ddb1ca5831cfdf2eb5903258a74775a1ff8507546aa877d70dfb605270266501,ddb1ca5831cfdf2eb5903258a74775a1ff8507546aa877d70dfb605270266501,,CANONICAL,SEE_CORPUS_SUMMARY_GRAIN,,,true,Notice of Assessment of Penalties,penalty_letter,INDEX_METADATA,index_action,,,,,,,,false,true,2024,CareOne at Parsippany
nj-doh-enforcement-0596,https://www.nj.gov/health/healthfacilities/surveys-insp/enforcement_actions.shtml,/health/healthfacilities/surveys-insp/EA-Complete-Care-at-Bey-Lea-11082024.pdf,https://www.nj.gov/health/healthfacilities/surveys-insp/EA-Complete-Care-at-Bey-Lea-11082024.pdf,EXISTING_HASH_VERIFIED,1fbe14e833d9e55d0f666101f45f05932f7d03da6b086329e87dc2c1006e3dd5,1fbe14e833d9e55d0f666101f45f05932f7d03da6b086329e87dc2c1006e3dd5,,CANONICAL,SEE_CORPUS_SUMMARY_GRAIN,,,true,Notice of Assessment of Penalties,penalty_letter,INDEX_METADATA,index_action,,,,,,,,false,true,2024,Complete Care at Bey Lea
nj-doh-enforcement-0597,https://www.nj.gov/health/healthfacilities/surveys-insp/enforcement_actions.shtml,/health/healthfacilities/surveys-insp/EA-Juniper-Village-at-Williamstown-11082024.pdf,https://www.nj.gov/health/healthfacilities/surveys-insp/EA-Juniper-Village-at-Williamstown-11082024.pdf,EXISTING_HASH_VERIFIED,12396324d0861802f5888b0d0c024345f1dcb88ef02773cd7c6f4c5a704572ce,12396324d0861802f5888b0d0c024345f1dcb88ef02773cd7c6f4c5a704572ce,,CANONICAL,SEE_CORPUS_SUMMARY_GRAIN,,,true,Directed Plan of Correction,directed_plan_of_correction,INDEX_METADATA,index_action,,,,,,,,false,true,2024,Juniper Village at Williamstown
nj-doh-enforcement-0598,https://www.nj.gov/health/healthfacilities/surveys-insp/enforcement_actions.shtml,/health/healthfacilities/surveys-insp/EA-Lawrence-Rehab-and-HCC-11082024.pdf,https://www.nj.gov/health/healthfacilities/surveys-insp/EA-Lawrence-Rehab-and-HCC-11082024.pdf,EXISTING_HASH_VERIFIED,0e59ace669ae2d513af38e590fc15953e48f1499dbf40262eec3d5d39469a5f9,0e59ace669ae2d513af38e590fc15953e48f1499dbf40262eec3d5d39469a5f9,,CANONICAL,SEE_CORPUS_SUMMARY_GRAIN,,,true,Notice of Assessment of Penalties,penalty_letter,INDEX_METADATA,index_action,,,,,,,,false,true,2024,Lawrence Rehab and HCC
nj-doh-enforcement-0599,https://www.nj.gov/health/healthfacilities/surveys-insp/enforcement_actions.shtml,/health/healthfacilities/surveys-insp/EA-New-Jersey-Veterans-Memorial-Vineland-11082024.pdf,https://www.nj.gov/health/healthfacilities/surveys-insp/EA-New-Jersey-Veterans-Memorial-Vineland-11082024.pdf,EXISTING_HASH_VERIFIED,4d2856e92b48b240ef51c258bc925149c01614464cf235f3ab09ef40ea03782a,4d2856e92b48b240ef51c258bc925149c01614464cf235f3ab09ef40ea03782a,,CANONICAL,SEE_CORPUS_SUMMARY_GRAIN,,,true,Notice of Assessment of Penalties,penalty_letter,INDEX_METADATA,index_action,,,,,,,,false,true,2024,New Jersey Veterans Memorial Vineland
nj-doh-enforcement-0600,https://www.nj.gov/health/healthfacilities/surveys-insp/enforcement_actions.shtml,/health/healthfacilities/surveys-insp/EA-Optima-Care-Fountains-11082024.pdf,https://www.nj.gov/health/healthfacilities/surveys-insp/EA-Optima-Care-Fountains-11082024.pdf,EXISTING_HASH_VERIFIED,10ab74b565c1d6809c9702f3b1d06d3f758e39e290fb26c0009669f2cc6cc6c5,10ab74b565c1d6809c9702f3b1d06d3f758e39e290fb26c0009669f2cc6cc6c5,,CANONICAL,SEE_CORPUS_SUMMARY_GRAIN,,,true,Notice of Assessment of Penalties,penalty_letter,INDEX_METADATA,index_action,,,,,,,,false,true,2024,Optima Care Fountains
nj-doh-enforcement-0601,https://www.nj.gov/health/healthfacilities/surveys-insp/enforcement_actions.shtml,/health/healthfacilities/surveys-insp/EA-Peace-Care-St-Anns-11082024.pdf,https://www.nj.gov/health/healthfacilities/surveys-insp/EA-Peace-Care-St-Anns-11082024.pdf,EXISTING_HASH_VERIFIED,e607cea43d3b0441a5c81538484e2eadd3850a56d9657f2ed3873603088157b1,e607cea43d3b0441a5c81538484e2eadd3850a56d9657f2ed3873603088157b1,,CANONICAL,SEE_CORPUS_SUMMARY_GRAIN,,,true,Notice of Assessment of Penalties,penalty_letter,INDEX_METADATA,index_action,,,,,,,,false,true,2024,Peace Care St. Anns
nj-doh-enforcement-0602,https://www.nj.gov/health/healthfacilities/surveys-insp/enforcement_actions.shtml,/health/healthfacilities/surveys-insp/EA-Essex-Garden-Group-Alliance-Care-Rehab-and-Nursing-Center-11082024.pdf,https://www.nj.gov/health/healthfacilities/surveys-insp/EA-Essex-Garden-Group-Alliance-Care-Rehab-and-Nursing-Center-11082024.pdf,EXISTING_HASH_VERIFIED,2b3abc7cd46d70b00ed6c2e452c9b0ec563196cd4703970377cd9b9615d7056e,2b3abc7cd46d70b00ed6c2e452c9b0ec563196cd4703970377cd9b9615d7056e,,CANONICAL,SEE_CORPUS_SUMMARY_GRAIN,,,true,Notice of Assessment of Penalties,penalty_letter,INDEX_METADATA,index_action,,,,,,,,false,true,2024,Essex Garden Group Alliance Care Rehab and Nursing Center
nj-doh-enforcement-0603,https://www.nj.gov/health/healthfacilities/surveys-insp/enforcement_actions.shtml,/health/healthfacilities/surveys-insp/ea-hamton-ridge-healthcare-and-rehabilitation-11042024.pdf,https://www.nj.gov/health/healthfacilities/surveys-insp/ea-hamton-ridge-healthcare-and-rehabilitation-11042024.pdf,EXISTING_HASH_VERIFIED,f21e5b66334e6bfc53c9b9ccd1a491571d149c729bd21b9cf5c3cc2d8b706189,f21e5b66334e6bfc53c9b9ccd1a491571d149c729bd21b9cf5c3cc2d8b706189,,CANONICAL,SEE_CORPUS_SUMMARY_GRAIN,,,true,Notice of Assessment of Penalties,penalty_letter,INDEX_METADATA,index_action,,,,,,,,false,true,2024,Hampton Ridge Healthcare and Rehabilitation
nj-doh-enforcement-0604,https://www.nj.gov/health/healthfacilities/surveys-insp/enforcement_actions.shtml,/health/healthfacilities/surveys-insp/EA-Carepoint-Health-Bayonne-Medical-Center-10312024.pdf,https://www.nj.gov/health/healthfacilities/surveys-insp/EA-Carepoint-Health-Bayonne-Medical-Center-10312024.pdf,EXISTING_HASH_VERIFIED,e2dce9f9c4569563693f53b5a2447917c55fe3f637c339307b6430238b9f514d,e2dce9f9c4569563693f53b5a2447917c55fe3f637c339307b6430238b9f514d,,CANONICAL,SEE_CORPUS_SUMMARY_GRAIN,,,true,Notice of Assessment of Penalties,penalty_letter,INDEX_METADATA,index_action,,,,,,,,false,true,2024,Carepoint Health Bayonne Medical Center
nj-doh-enforcement-0605,https://www.nj.gov/health/healthfacilities/surveys-insp/enforcement_actions.shtml,/health/healthfacilities/surveys-insp/EA-Carepoint-Health-Christ-Hospital-10312024.pdf,https://www.nj.gov/health/healthfacilities/surveys-insp/EA-Carepoint-Health-Christ-Hospital-10312024.pdf,EXISTING_HASH_VERIFIED,d0879f95787bead903ab28e8d1f5482fc6c5827eb7a515dd035d8de74f2a72bc,d0879f95787bead903ab28e8d1f5482fc6c5827eb7a515dd035d8de74f2a72bc,,CANONICAL,SEE_CORPUS_SUMMARY_GRAIN,,,true,Notice of Assessment of Penalties,penalty_letter,INDEX_METADATA,index_action,,,,,,,,false,true,2024,Carepoint Health Christ Hospital
nj-doh-enforcement-0606,https://www.nj.gov/health/healthfacilities/surveys-insp/enforcement_actions.shtml,/health/healthfacilities/surveys-insp/EA-Carepoint-Health-Hoboken-University-Medical-Center-10312024.pdf,https://www.nj.gov/health/healthfacilities/surveys-insp/EA-Carepoint-Health-Hoboken-University-Medical-Center-10312024.pdf,EXISTING_HASH_VERIFIED,fa8dc1494b6e21e4338abd24f122089d673fb407604be255e51944ead8d70b81,fa8dc1494b6e21e4338abd24f122089d673fb407604be255e51944ead8d70b81,,CANONICAL,SEE_CORPUS_SUMMARY_GRAIN,,,true,Notice of Assessment of Penalties,penalty_letter,INDEX_METADATA,index_action,,,,,,,,false,true,2024,Carepoint Health Hoboken University Medical Center
nj-doh-enforcement-0607,https://www.nj.gov/health/healthfacilities/surveys-insp/enforcement_actions.shtml,/health/healthfacilities/surveys-insp/EA-Sterling-Manor-10312024.pdf,https://www.nj.gov/health/healthfacilities/surveys-insp/EA-Sterling-Manor-10312024.pdf,EXISTING_HASH_VERIFIED,7ea4c2a4152c698d960cea4ed01acdfa4e1f35d3a2d72974e243328a4383ff8e,7ea4c2a4152c698d960cea4ed01acdfa4e1f35d3a2d72974e243328a4383ff8e,,CANONICAL,SEE_CORPUS_SUMMARY_GRAIN,,,true,Curtailment of Admissions Order and Directed Plan of Correction,admission_curtailment,INDEX_METADATA,index_action,,,,,,,,false,true,2024,Sterling Manor
nj-doh-enforcement-0608,https://www.nj.gov/health/healthfacilities/surveys-insp/enforcement_actions.shtml,/health/healthfacilities/surveys-insp/EA-Careone-at-Moorestown-Corrected-10302024.pdf,https://www.nj.gov/health/healthfacilities/surveys-insp/EA-Careone-at-Moorestown-Corrected-10302024.pdf,EXISTING_HASH_VERIFIED,913278d698981f56b6b3103efca4f764c47c9d822480e8ae9ecfaaa5da8f4530,913278d698981f56b6b3103efca4f764c47c9d822480e8ae9ecfaaa5da8f4530,,CANONICAL,SEE_CORPUS_SUMMARY_GRAIN,,,true,Corrected Notice of Assessment of Penalties,penalty_letter,INDEX_METADATA,index_action,,,,,,,,false,true,2024,Careone at Moorestown
nj-doh-enforcement-0609,https://www.nj.gov/health/healthfacilities/surveys-insp/enforcement_actions.shtml,/health/healthfacilities/surveys-insp/EA-Belle-Care-Nursing-and-Rehab-Center-Corrected-10292024.pdf,https://www.nj.gov/health/healthfacilities/surveys-insp/EA-Belle-Care-Nursing-and-Rehab-Center-Corrected-10292024.pdf,EXISTING_HASH_VERIFIED,edf67c9bfa713d9b19d0be470209423f803b9e77bd96415667f60c31b51e4179,edf67c9bfa713d9b19d0be470209423f803b9e77bd96415667f60c31b51e4179,,CANONICAL,SEE_CORPUS_SUMMARY_GRAIN,,,true,Corrected Notice of Assessment of Penalties,penalty_letter,INDEX_METADATA,index_action,,,,,,,,false,true,2024,Belle Care Nursing and Rehab Center
nj-doh-enforcement-0610,https://www.nj.gov/health/healthfacilities/surveys-insp/enforcement_actions.shtml,/health/healthfacilities/surveys-insp/EA-Careone-at-the-Highlands-Corrected-10292024.pdf,https://www.nj.gov/health/healthfacilities/surveys-insp/EA-Careone-at-the-Highlands-Corrected-10292024.pdf,EXISTING_HASH_VERIFIED,47739030fd462809203f737fdb7060a6fab5d2e9a41b523cfb007cee700e6407,47739030fd462809203f737fdb7060a6fab5d2e9a41b523cfb007cee700e6407,,CANONICAL,SEE_CORPUS_SUMMARY_GRAIN,,,true,Corrected Notice of Assessment of Penalties,penalty_letter,INDEX_METADATA,index_action,,,,,,,,false,true,2024,Careone at the Highlands
nj-doh-enforcement-0611,https://www.nj.gov/health/healthfacilities/surveys-insp/enforcement_actions.shtml,/health/healthfacilities/surveys-insp/EA-Complete-Care-at-Brakeley-Park-LLC-Corrected-10292024.pdf,https://www.nj.gov/health/healthfacilities/surveys-insp/EA-Complete-Care-at-Brakeley-Park-LLC-Corrected-10292024.pdf,EXISTING_HASH_VERIFIED,54a5fcf0f64aeec8deca93d9ce2cdfd5447296b89649f43c7a219f793e0eea62,54a5fcf0f64aeec8deca93d9ce2cdfd5447296b89649f43c7a219f793e0eea62,,CANONICAL,SEE_CORPUS_SUMMARY_GRAIN,,,true,Corrected Notice of Assessment of Penalties,penalty_letter,INDEX_METADATA,index_action,,,,,,,,false,true,2024,Complete Care at Brakeley Park LLC
nj-doh-enforcement-0612,https://www.nj.gov/health/healthfacilities/surveys-insp/enforcement_actions.shtml,/health/healthfacilities/surveys-insp/EA-Complete-Care-at-Linwood-Corrected-10292024.pdf,https://www.nj.gov/health/healthfacilities/surveys-insp/EA-Complete-Care-at-Linwood-Corrected-10292024.pdf,EXISTING_HASH_VERIFIED,f2b47bbc6c83ccac04a631aefb09a6314bfcf2d897ab450534ef50fc32bf0c26,f2b47bbc6c83ccac04a631aefb09a6314bfcf2d897ab450534ef50fc32bf0c26,,CANONICAL,SEE_CORPUS_SUMMARY_GRAIN,,,true,Corrected Notice of Assessment of Penalties,penalty_letter,INDEX_METADATA,index_action,,,,,,,,false,true,2024,Complete Care at Linwood
nj-doh-enforcement-0613,https://www.nj.gov/health/healthfacilities/surveys-insp/enforcement_actions.shtml,/health/healthfacilities/surveys-insp/EA-Laurel-Brook-Rehab-and-Healthcare-Center-10292024.pdf,https://www.nj.gov/health/healthfacilities/surveys-insp/EA-Laurel-Brook-Rehab-and-Healthcare-Center-10292024.pdf,EXISTING_HASH_VERIFIED,b8ff49ba5e5552c7d80ae3367277eebb8bf86c25230244e1ed47294f4f7a2c51,b8ff49ba5e5552c7d80ae3367277eebb8bf86c25230244e1ed47294f4f7a2c51,,CANONICAL,SEE_CORPUS_SUMMARY_GRAIN,,,true,"Curtailment of Admissions and Readmissions Order, And Directed Plan of Correction",admission_curtailment,INDEX_METADATA,index_action,,,,,,,,false,true,2024,Laurel Brook Rehab and Healthcare Center
nj-doh-enforcement-0614,https://www.nj.gov/health/healthfacilities/surveys-insp/enforcement_actions.shtml,/health/healthfacilities/surveys-insp/EA-Mira-Vie-at-Tinton-Falls-Corrected-10292024.pdf,https://www.nj.gov/health/healthfacilities/surveys-insp/EA-Mira-Vie-at-Tinton-Falls-Corrected-10292024.pdf,EXISTING_HASH_VERIFIED,0fcd8bd8dd983c1bb63e459d4f7af9dda59074a3aa748f7c98f8f8005818d71e,0fcd8bd8dd983c1bb63e459d4f7af9dda59074a3aa748f7c98f8f8005818d71e,,CANONICAL,SEE_CORPUS_SUMMARY_GRAIN,,,true,Corrected Notice of Assessment of Penalties,penalty_letter,INDEX_METADATA,index_action,,,,,,,,false,true,2024,Mira Vie at Tinton Falls
nj-doh-enforcement-0615,https://www.nj.gov/health/healthfacilities/surveys-insp/enforcement_actions.shtml,/health/healthfacilities/surveys-insp/EA-Sterling-Manor-Corrected-10292024.pdf,https://www.nj.gov/health/healthfacilities/surveys-insp/EA-Sterling-Manor-Corrected-10292024.pdf,EXISTING_HASH_VERIFIED,099519b21b7f89ceacaee4559810d097d3301dabb2e97b792996a097605074a3,099519b21b7f89ceacaee4559810d097d3301dabb2e97b792996a097605074a3,,CANONICAL,SEE_CORPUS_SUMMARY_GRAIN,,,true,Corrected Information Requirement Order,other_expressly_identified_njdoh_action,INDEX_METADATA,index_action,,,,,,,,false,true,2024,Sterling Manor
nj-doh-enforcement-0616,https://www.nj.gov/health/healthfacilities/surveys-insp/enforcement_actions.shtml,/health/healthfacilities/surveys-insp/EA-Wiley-Mission-Corrected-10292024.pdf,https://www.nj.gov/health/healthfacilities/surveys-insp/EA-Wiley-Mission-Corrected-10292024.pdf,EXISTING_HASH_VERIFIED,2c7d3d463782834f30c60fcf87906aca8611c7147054230fdfe65f6d530c9a20,2c7d3d463782834f30c60fcf87906aca8611c7147054230fdfe65f6d530c9a20,,CANONICAL,SEE_CORPUS_SUMMARY_GRAIN,,,true,Corrected Notice of Assessment of Penalties,penalty_letter,INDEX_METADATA,index_action,,,,,,,,false,true,2024,Wiley Mission
nj-doh-enforcement-0617,https://www.nj.gov/health/healthfacilities/surveys-insp/enforcement_actions.shtml,/health/healthfacilities/surveys-insp/EA-Little-Brook-Nursing-and-Convalescent-Home-10292024.pdf,https://www.nj.gov/health/healthfacilities/surveys-insp/EA-Little-Brook-Nursing-and-Convalescent-Home-10292024.pdf,EXISTING_HASH_VERIFIED,1f8ada9063a6b0614df3d9b9be1bd396fe35038cecc1155ffb591be5bdfe6ad2,1f8ada9063a6b0614df3d9b9be1bd396fe35038cecc1155ffb591be5bdfe6ad2,,CANONICAL,SEE_CORPUS_SUMMARY_GRAIN,,,true,Information Requirement Order,other_expressly_identified_njdoh_action,INDEX_METADATA,index_action,,,,,,,,false,true,2024,Little Brook Nursing and Convalescent Home
nj-doh-enforcement-0618,https://www.nj.gov/health/healthfacilities/surveys-insp/enforcement_actions.shtml,/health/healthfacilities/surveys-insp/EA-Medford-Care-Center-10292024.pdf,https://www.nj.gov/health/healthfacilities/surveys-insp/EA-Medford-Care-Center-10292024.pdf,EXISTING_HASH_VERIFIED,14d4cc016c65e06912837558d25773ff5aeba9cba76e9f07d6c25083e49e4680,14d4cc016c65e06912837558d25773ff5aeba9cba76e9f07d6c25083e49e4680,,CANONICAL,SEE_CORPUS_SUMMARY_GRAIN,,,true,Notice of Assessment of Penalties,penalty_letter,INDEX_METADATA,index_action,,,,,,,,false,true,2024,Medford Care Center
nj-doh-enforcement-0619,https://www.nj.gov/health/healthfacilities/surveys-insp/enforcement_actions.shtml,/health/healthfacilities/surveys-insp/EA-Complete-Care-at-Green-Knoll-10282024.pdf,https://www.nj.gov/health/healthfacilities/surveys-insp/EA-Complete-Care-at-Green-Knoll-10282024.pdf,EXISTING_HASH_VERIFIED,e042a283c8910ef3c6278cd66fb6cbfde53aec4a7ee78304d45d4dbc75880671,e042a283c8910ef3c6278cd66fb6cbfde53aec4a7ee78304d45d4dbc75880671,,CANONICAL,SEE_CORPUS_SUMMARY_GRAIN,,,true,Notice of Assessment of Penalties,penalty_letter,INDEX_METADATA,index_action,,,,,,,,false,true,2024,Complete Care at Green Knoll
nj-doh-enforcement-0620,https://www.nj.gov/health/healthfacilities/surveys-insp/enforcement_actions.shtml,/health/healthfacilities/surveys-insp/EA-X24107-Belle-Care-Center-Nursing-and-Rehabilitation-Center-10242024.pdf,https://www.nj.gov/health/healthfacilities/surveys-insp/EA-X24107-Belle-Care-Center-Nursing-and-Rehabilitation-Center-10242024.pdf,EXISTING_HASH_VERIFIED,e7fbceb0ddc5a2c3f52657eab0185b736e18abe7bfddc1c1411b55111f6db205,e7fbceb0ddc5a2c3f52657eab0185b736e18abe7bfddc1c1411b55111f6db205,,CANONICAL,SEE_CORPUS_SUMMARY_GRAIN,,,true,Notice of Assessment of Penalties,penalty_letter,INDEX_METADATA,index_action,,,,,,,,false,true,2024,Belle Care Center Nursing and Rehabilitation Center
nj-doh-enforcement-0621,https://www.nj.gov/health/healthfacilities/surveys-insp/enforcement_actions.shtml,/health/healthfacilities/surveys-insp/EA-X24109-Careone-at-the-Highlands-10242024.pdf,https://www.nj.gov/health/healthfacilities/surveys-insp/EA-X24109-Careone-at-the-Highlands-10242024.pdf,EXISTING_HASH_VERIFIED,23c621c1b3554c2aea146ad539e986ba8becc0154f64a964823123d6883e4e04,23c621c1b3554c2aea146ad539e986ba8becc0154f64a964823123d6883e4e04,,CANONICAL,SEE_CORPUS_SUMMARY_GRAIN,,,true,Notice of Assessment of Penalties,penalty_letter,INDEX_METADATA,index_action,,,,,,,,false,true,2024,Careone at the Highlands
nj-doh-enforcement-0622,https://www.nj.gov/health/healthfacilities/surveys-insp/enforcement_actions.shtml,/health/healthfacilities/surveys-insp/ea-complete-care-at-linwood-10212024%20.pdf,https://www.nj.gov/health/healthfacilities/surveys-insp/ea-complete-care-at-linwood-10212024%20.pdf,EXISTING_HASH_VERIFIED,695c45162134d8d459e333751e77a8ef7d273ad76f60e454dbccdf12e78a588b,695c45162134d8d459e333751e77a8ef7d273ad76f60e454dbccdf12e78a588b,,CANONICAL,SEE_CORPUS_SUMMARY_GRAIN,,,true,Notice of Assessment of Penalties,penalty_letter,INDEX_METADATA,index_action,,,,,,,,false,true,2024,Complete Care at Linwood
nj-doh-enforcement-0623,https://www.nj.gov/health/healthfacilities/surveys-insp/enforcement_actions.shtml,/health/healthfacilities/surveys-insp/EA-Wiley-Mission-10182024.pdf,https://www.nj.gov/health/healthfacilities/surveys-insp/EA-Wiley-Mission-10182024.pdf,EXISTING_HASH_VERIFIED,3a75f8699f37602e872c5e3555fadedbf1c962f4749ddf7a8bbf7dadf40ccb8f,3a75f8699f37602e872c5e3555fadedbf1c962f4749ddf7a8bbf7dadf40ccb8f,,CANONICAL,SEE_CORPUS_SUMMARY_GRAIN,,,true,Notice of Assessment of Penalties,penalty_letter,INDEX_METADATA,index_action,,,,,,,,false,true,2024,Wiley Mission
nj-doh-enforcement-0624,https://www.nj.gov/health/healthfacilities/surveys-insp/enforcement_actions.shtml,/health/healthfacilities/surveys-insp/EA-Complete-Care-At-Brakeley-Park-LLC-10182024.pdf,https://www.nj.gov/health/healthfacilities/surveys-insp/EA-Complete-Care-At-Brakeley-Park-LLC-10182024.pdf,EXISTING_HASH_VERIFIED,4d1f78de24cac954430f1c957a326058d6e7ff2e547ba948f45bcb1a6b95f241,4d1f78de24cac954430f1c957a326058d6e7ff2e547ba948f45bcb1a6b95f241,,CANONICAL,SEE_CORPUS_SUMMARY_GRAIN,,,true,Notice of Assessment of Penalties,penalty_letter,INDEX_METADATA,index_action,,,,,,,,false,true,2024,Complete Care At Brakeley Park
nj-doh-enforcement-0625,https://www.nj.gov/health/healthfacilities/surveys-insp/enforcement_actions.shtml,/health/healthfacilities/surveys-insp/EA-Mira-Vie-at-Tinton-Falls110112024.pdf,https://www.nj.gov/health/healthfacilities/surveys-insp/EA-Mira-Vie-at-Tinton-Falls110112024.pdf,EXISTING_HASH_VERIFIED,d23b967ef2719da0f232056e88946846bfe8f7e74596f6523da0486bb7bb2d2b,d23b967ef2719da0f232056e88946846bfe8f7e74596f6523da0486bb7bb2d2b,,CANONICAL,SEE_CORPUS_SUMMARY_GRAIN,,,true,Notice of Assessment of Penalties,penalty_letter,INDEX_METADATA,index_action,,,,,,,,false,true,2024,Mira Vie at Tinton Falls
nj-doh-enforcement-0626,https://www.nj.gov/health/healthfacilities/surveys-insp/enforcement_actions.shtml,/health/healthfacilities/surveys-insp/EA-Careone-at-Moorestown-10112024.pdf,https://www.nj.gov/health/healthfacilities/surveys-insp/EA-Careone-at-Moorestown-10112024.pdf,EXISTING_HASH_VERIFIED,88d4512b4c9bb68001c3e4a630beb36921461ca9b25b4cda7390ac6f392dc082,88d4512b4c9bb68001c3e4a630beb36921461ca9b25b4cda7390ac6f392dc082,,CANONICAL,SEE_CORPUS_SUMMARY_GRAIN,,,true,Notice of Assessment of Penalties,penalty_letter,INDEX_METADATA,index_action,,,,,,,,false,true,2024,Careone at Moorestown
nj-doh-enforcement-0627,https://www.nj.gov/health/healthfacilities/surveys-insp/enforcement_actions.shtml,/health/healthfacilities/surveys-insp/EA-Sterling-Manor-10092024.pdf,https://www.nj.gov/health/healthfacilities/surveys-insp/EA-Sterling-Manor-10092024.pdf,EXISTING_HASH_VERIFIED,6dccb229b37f1103f6ae2a12e26798a1e8e35350d820e3848930f530419f01ce,6dccb229b37f1103f6ae2a12e26798a1e8e35350d820e3848930f530419f01ce,,CANONICAL,SEE_CORPUS_SUMMARY_GRAIN,,,true,Information Requirement Order,other_expressly_identified_njdoh_action,INDEX_METADATA,index_action,,,,,,,,false,true,2024,Sterling Manor
nj-doh-enforcement-0628,https://www.nj.gov/health/healthfacilities/surveys-insp/enforcement_actions.shtml,/health/healthfacilities/surveys-insp/EA-Roosevelt-Care-Center-10092024.pdf,https://www.nj.gov/health/healthfacilities/surveys-insp/EA-Roosevelt-Care-Center-10092024.pdf,EXISTING_HASH_VERIFIED,f3bfa5cc8402d10978673cb6b7896e20574590fcf84379d6675f6086a282b535,f3bfa5cc8402d10978673cb6b7896e20574590fcf84379d6675f6086a282b535,,CANONICAL,SEE_CORPUS_SUMMARY_GRAIN,,,true,Notice of Assessment of Penalties,penalty_letter,INDEX_METADATA,index_action,,,,,,,,false,true,2024,Roosevelt Care Center
nj-doh-enforcement-0629,https://www.nj.gov/health/healthfacilities/surveys-insp/enforcement_actions.shtml,/health/healthfacilities/surveys-insp/EA-Pine-Acres-Convalescent-Center-10092024.pdf,https://www.nj.gov/health/healthfacilities/surveys-insp/EA-Pine-Acres-Convalescent-Center-10092024.pdf,EXISTING_HASH_VERIFIED,ca151f0324fcf2e6e7df091f87a07c17da5d724d586227041768b1c3213bd223,ca151f0324fcf2e6e7df091f87a07c17da5d724d586227041768b1c3213bd223,,CANONICAL,SEE_CORPUS_SUMMARY_GRAIN,,,true,Notice of Assessment of Penalties,penalty_letter,INDEX_METADATA,index_action,,,,,,,,false,true,2024,Pine Acres Convalescent Center
nj-doh-enforcement-0630,https://www.nj.gov/health/healthfacilities/surveys-insp/enforcement_actions.shtml,/health/healthfacilities/surveys-insp/EA-Manahawkin-Health-and-Rehab-Center-10082024.pdf,https://www.nj.gov/health/healthfacilities/surveys-insp/EA-Manahawkin-Health-and-Rehab-Center-10082024.pdf,EXISTING_HASH_VERIFIED,5754c081660e2d033234ff37f16165877dced6c1a162583271b5ceee7a04a648,5754c081660e2d033234ff37f16165877dced6c1a162583271b5ceee7a04a648,,CANONICAL,SEE_CORPUS_SUMMARY_GRAIN,,,true,Notice of Assessment of Penalties,penalty_letter,INDEX_METADATA,index_action,,,,,,,,false,true,2024,Manahawkin Health and Rehab Center
nj-doh-enforcement-0631,https://www.nj.gov/health/healthfacilities/surveys-insp/enforcement_actions.shtml,/health/healthfacilities/surveys-insp/EA-Complete-Care-at-Wayne-Hills-Rehab-and-Resp-10042024.pdf,https://www.nj.gov/health/healthfacilities/surveys-insp/EA-Complete-Care-at-Wayne-Hills-Rehab-and-Resp-10042024.pdf,EXISTING_HASH_VERIFIED,c1b9d391e795f122bff278fcf8fe3b8f1a36bb73d52698abbd1e2f8f643fc84d,c1b9d391e795f122bff278fcf8fe3b8f1a36bb73d52698abbd1e2f8f643fc84d,,CANONICAL,SEE_CORPUS_SUMMARY_GRAIN,,,true,Notice of Assessment of Penalties,penalty_letter,INDEX_METADATA,index_action,,,,,,,,false,true,2024,Complete Care at Wayne Hills Rehab and Resp
nj-doh-enforcement-0632,https://www.nj.gov/health/healthfacilities/surveys-insp/enforcement_actions.shtml,/health/healthfacilities/surveys-insp/EA-Medford-Care-Center-10042024.pdf,https://www.nj.gov/health/healthfacilities/surveys-insp/EA-Medford-Care-Center-10042024.pdf,EXISTING_HASH_VERIFIED,0f665146bfda0fec5322845e94d418947ba9bfd82ea3665706dc85e805bcc811,0f665146bfda0fec5322845e94d418947ba9bfd82ea3665706dc85e805bcc811,,CANONICAL,SEE_CORPUS_SUMMARY_GRAIN,,,true,Order to File Emergency Operations Plan,unclassified_regulatory_document,UNCLASSIFIED,index_action,,,,,,,,false,true,2024,Medford Care Center
nj-doh-enforcement-0633,https://www.nj.gov/health/healthfacilities/surveys-insp/enforcement_actions.shtml,/health/healthfacilities/surveys-insp/EA-Samwell-Surgical-LL-Englewood-Cliffs-Surgery-Center-10032024.pdf,https://www.nj.gov/health/healthfacilities/surveys-insp/EA-Samwell-Surgical-LL-Englewood-Cliffs-Surgery-Center-10032024.pdf,EXISTING_HASH_VERIFIED,278895dda16c075a7480bafb24f10833ae1f3da1437332339f9a404fadf20455,278895dda16c075a7480bafb24f10833ae1f3da1437332339f9a404fadf20455,,CANONICAL,SEE_CORPUS_SUMMARY_GRAIN,,,true,Order Lifting Curtailment of Services,admission_curtailment,INDEX_METADATA,index_action,,,,,,,,false,true,2024,Samwell Surgical LL Englewood Cliffs Surgery Center
nj-doh-enforcement-0634,https://www.nj.gov/health/healthfacilities/surveys-insp/enforcement_actions.shtml,/health/healthfacilities/surveys-insp/ea-care-strategies-10032024%20.pdf,https://www.nj.gov/health/healthfacilities/surveys-insp/ea-care-strategies-10032024%20.pdf,EXISTING_HASH_VERIFIED,bb9ff1da5ba4b4b5fb9ed6e6c8e854f68de8d67bfde0bbbfc0ab6a59c4b51ca1,bb9ff1da5ba4b4b5fb9ed6e6c8e854f68de8d67bfde0bbbfc0ab6a59c4b51ca1,,CANONICAL,SEE_CORPUS_SUMMARY_GRAIN,,,true,Order Lifting Cease and Desist Order,other_expressly_identified_njdoh_action,INDEX_METADATA,index_action,,,,,,,,false,true,2024,Care Strategies
nj-doh-enforcement-0635,https://www.nj.gov/health/healthfacilities/surveys-insp/enforcement_actions.shtml,/health/healthfacilities/surveys-insp/ea-sterling-manor-10032024%20.pdf,https://www.nj.gov/health/healthfacilities/surveys-insp/ea-sterling-manor-10032024%20.pdf,EXISTING_HASH_VERIFIED,9288f69acdc58be6bcac2051ef4e3a9e2d7d24721dec3eb309878a4b398810c9,9288f69acdc58be6bcac2051ef4e3a9e2d7d24721dec3eb309878a4b398810c9,,CANONICAL,SEE_CORPUS_SUMMARY_GRAIN,,,true,Notice of Assessment of Penalties,penalty_letter,INDEX_METADATA,index_action,,,,,,,,false,true,2024,Sterling Manor
nj-doh-enforcement-0636,https://www.nj.gov/health/healthfacilities/surveys-insp/enforcement_actions.shtml,/health/healthfacilities/surveys-insp/ea-complete-care-at-ocean-grove%20.pdf,https://www.nj.gov/health/healthfacilities/surveys-insp/ea-complete-care-at-ocean-grove%20.pdf,EXISTING_HASH_VERIFIED,37308a82e276775f3e36a700a54336f2627b0857905b3a0cec13d05a35e2a186,37308a82e276775f3e36a700a54336f2627b0857905b3a0cec13d05a35e2a186,,CANONICAL,SEE_CORPUS_SUMMARY_GRAIN,,,true,Notice of Assessment of Penalties,penalty_letter,INDEX_METADATA,index_action,,,,,,,,false,true,2024,Complete Care at Ocean Grove
nj-doh-enforcement-0637,https://www.nj.gov/health/healthfacilities/surveys-insp/enforcement_actions.shtml,/health/healthfacilities/surveys-insp/ea-homestead-rehabilitation-and-healthcare-10012024.pdf,https://www.nj.gov/health/healthfacilities/surveys-insp/ea-homestead-rehabilitation-and-healthcare-10012024.pdf,EXISTING_HASH_VERIFIED,9e26c773026d00cf94967f0b0331c1d4f8d5b2ae46ab695ea7f8b31e640b7eca,9e26c773026d00cf94967f0b0331c1d4f8d5b2ae46ab695ea7f8b31e640b7eca,,CANONICAL,SEE_CORPUS_SUMMARY_GRAIN,,,true,Notice of Assessment of Penalties,penalty_letter,INDEX_METADATA,index_action,,,,,,,,false,true,2024,Homestead Rehabilitation & Healthcare Center
nj-doh-enforcement-0638,https://www.nj.gov/health/healthfacilities/surveys-insp/enforcement_actions.shtml,/health/healthfacilities/surveys-insp/EA-Morris-View-Healthcare-Center-10012024.pdf,https://www.nj.gov/health/healthfacilities/surveys-insp/EA-Morris-View-Healthcare-Center-10012024.pdf,EXISTING_HASH_VERIFIED,e1ba698a3a809edc27417f873419cf3591ea25a8aaf71c61c41a8f2248a26f4b,e1ba698a3a809edc27417f873419cf3591ea25a8aaf71c61c41a8f2248a26f4b,,CANONICAL,SEE_CORPUS_SUMMARY_GRAIN,,,true,Order Lifting Curtailment of Admissions,admission_curtailment,INDEX_METADATA,index_action,,,,,,,,false,true,2024,Morris View Healthcare Center
nj-doh-enforcement-0639,https://www.nj.gov/health/healthfacilities/surveys-insp/enforcement_actions.shtml,/health/healthfacilities/surveys-insp/EA-Belle-Care-Nursing-and-Rehabilitation-10012024.pdf,https://www.nj.gov/health/healthfacilities/surveys-insp/EA-Belle-Care-Nursing-and-Rehabilitation-10012024.pdf,EXISTING_HASH_VERIFIED,e797474408e39aaf270ae9873667c54d67326d9d07fec97c7b0e49007315d576,e797474408e39aaf270ae9873667c54d67326d9d07fec97c7b0e49007315d576,,CANONICAL,SEE_CORPUS_SUMMARY_GRAIN,,,true,Order Lifting Curtailment of Admissions,admission_curtailment,INDEX_METADATA,index_action,,,,,,,,false,true,2024,Belle Care Nursing and Rehabilitation
nj-doh-enforcement-0640,https://www.nj.gov/health/healthfacilities/surveys-insp/enforcement_actions.shtml,/health/healthfacilities/surveys-insp/EA-Sinai-Post-Acute-Nursing-And-Rehabilitation-Center-09272024.pdf,https://www.nj.gov/health/healthfacilities/surveys-insp/EA-Sinai-Post-Acute-Nursing-And-Rehabilitation-Center-09272024.pdf,EXISTING_HASH_VERIFIED,e034bf5fd5d4a2f4156e54ecace88df0979b4682691631821313c35672a851bd,e034bf5fd5d4a2f4156e54ecace88df0979b4682691631821313c35672a851bd,,CANONICAL,SEE_CORPUS_SUMMARY_GRAIN,,,true,Order Lifting Curtailment of Admissions and Readmissions,admission_curtailment,INDEX_METADATA,index_action,,,,,,,,false,true,2024,Sinai Post Acute Nursing And Rehabilitation Center
nj-doh-enforcement-0641,https://www.nj.gov/health/healthfacilities/surveys-insp/enforcement_actions.shtml,/health/healthfacilities/surveys-insp/ea-complete-care-at-park-place-09262024.pdf,https://www.nj.gov/health/healthfacilities/surveys-insp/ea-complete-care-at-park-place-09262024.pdf,EXISTING_HASH_VERIFIED,2e9c3c415fe6e5a0f8f22ed839868162beb58fd8a7a150c59ac8bc0db20eed72,2e9c3c415fe6e5a0f8f22ed839868162beb58fd8a7a150c59ac8bc0db20eed72,,CANONICAL,SEE_CORPUS_SUMMARY_GRAIN,,,true,Notice of Assessment of Penalties,penalty_letter,INDEX_METADATA,index_action,,,,,,,,false,true,2024,Complete Care at Park Place
nj-doh-enforcement-0642,https://www.nj.gov/health/healthfacilities/surveys-insp/enforcement_actions.shtml,/health/healthfacilities/surveys-insp/EA-The-Subacute-at-Autumn-Lake-09252024.pdf,https://www.nj.gov/health/healthfacilities/surveys-insp/EA-The-Subacute-at-Autumn-Lake-09252024.pdf,EXISTING_HASH_VERIFIED,67eee83acfecfb3c6af600c8efcaeb3b55ca0a63b27a96b6a47cdc43e3561922,67eee83acfecfb3c6af600c8efcaeb3b55ca0a63b27a96b6a47cdc43e3561922,,CANONICAL,SEE_CORPUS_SUMMARY_GRAIN,,,true,Notice of Assessment of Penalties,penalty_letter,INDEX_METADATA,index_action,,,,,,,,false,true,2024,The Subacute at Autumn Lake
nj-doh-enforcement-0643,https://www.nj.gov/health/healthfacilities/surveys-insp/enforcement_actions.shtml,/health/healthfacilities/surveys-insp/ea-carepoint-health-hoboken-university-medical-center-09202024.pdf,https://www.nj.gov/health/healthfacilities/surveys-insp/ea-carepoint-health-hoboken-university-medical-center-09202024.pdf,EXISTING_HASH_VERIFIED,96a123db63cfcb91fcbb65e2926a567dfaa10fbfd8691414ff16093da0e58408,96a123db63cfcb91fcbb65e2926a567dfaa10fbfd8691414ff16093da0e58408,,CANONICAL,SEE_CORPUS_SUMMARY_GRAIN,,,true,Information Requirement Order,other_expressly_identified_njdoh_action,INDEX_METADATA,index_action,,,,,,,,false,true,2024,CarePoint Health Hoboken University Medical Center
nj-doh-enforcement-0644,https://www.nj.gov/health/healthfacilities/surveys-insp/enforcement_actions.shtml,/health/healthfacilities/surveys-insp/ea-carepoint-health-bayonne-medical-center-09202024.pdf,https://www.nj.gov/health/healthfacilities/surveys-insp/ea-carepoint-health-bayonne-medical-center-09202024.pdf,EXISTING_HASH_VERIFIED,02f232719a265ba8d75b5e3bcca98657f75f8b921bc1a51e62b5e769d5c1ca45,02f232719a265ba8d75b5e3bcca98657f75f8b921bc1a51e62b5e769d5c1ca45,,CANONICAL,SEE_CORPUS_SUMMARY_GRAIN,,,true,Information Requirement Order,other_expressly_identified_njdoh_action,INDEX_METADATA,index_action,,,,,,,,false,true,2024,CarePoint Health Bayonne Medical Center
nj-doh-enforcement-0645,https://www.nj.gov/health/healthfacilities/surveys-insp/enforcement_actions.shtml,/health/healthfacilities/surveys-insp/ea-carepoint-health-christ-hospital-09202024.pdf,https://www.nj.gov/health/healthfacilities/surveys-insp/ea-carepoint-health-christ-hospital-09202024.pdf,EXISTING_HASH_VERIFIED,f51b37990cb61a07d777c9fbc2ad53453b4c4179be344589c677b640d9a10808,f51b37990cb61a07d777c9fbc2ad53453b4c4179be344589c677b640d9a10808,,CANONICAL,SEE_CORPUS_SUMMARY_GRAIN,,,true,Information Requirement Order,other_expressly_identified_njdoh_action,INDEX_METADATA,index_action,,,,,,,,false,true,2024,CarePoint Health Christ Hospital
nj-doh-enforcement-0646,https://www.nj.gov/health/healthfacilities/surveys-insp/enforcement_actions.shtml,/health/healthfacilities/surveys-insp/ea-riverview-estates-and-senior-living-09182024.pdf,https://www.nj.gov/health/healthfacilities/surveys-insp/ea-riverview-estates-and-senior-living-09182024.pdf,EXISTING_HASH_VERIFIED,9507f35ad3a7c6fd2352f0cd93c0af944de032f10e4c790323f0ae48464e9273,9507f35ad3a7c6fd2352f0cd93c0af944de032f10e4c790323f0ae48464e9273,,CANONICAL,SEE_CORPUS_SUMMARY_GRAIN,,,true,Notice of Assessment of Penalties,penalty_letter,INDEX_METADATA,index_action,,,,,,,,false,true,2024,Riverview Estates & Senior Living Center
nj-doh-enforcement-0647,https://www.nj.gov/health/healthfacilities/surveys-insp/enforcement_actions.shtml,/health/healthfacilities/surveys-insp/ea-belle-care-nursing-and-rehabilitation-09172024.pdf,https://www.nj.gov/health/healthfacilities/surveys-insp/ea-belle-care-nursing-and-rehabilitation-09172024.pdf,EXISTING_HASH_VERIFIED,d94a5963fdc70ceaff34e896e3b9dcde7f9e8830cd697ad2a1f81839d28bf9c4,d94a5963fdc70ceaff34e896e3b9dcde7f9e8830cd697ad2a1f81839d28bf9c4,,CANONICAL,SEE_CORPUS_SUMMARY_GRAIN,,,true,Curtailment of Admissions Order,admission_curtailment,INDEX_METADATA,index_action,,,,,,,,false,true,2024,Belle Care Nursing and Rehabilitation Center
nj-doh-enforcement-0648,https://www.nj.gov/health/healthfacilities/surveys-insp/enforcement_actions.shtml,/health/healthfacilities/surveys-insp/ea-saddlebrook-endoscopic-and-orthopedic-surgery-center-09172024.pdf,https://www.nj.gov/health/healthfacilities/surveys-insp/ea-saddlebrook-endoscopic-and-orthopedic-surgery-center-09172024.pdf,EXISTING_HASH_VERIFIED,a24d49cfd2e2279ed4db425930f666ae1fbb3b6a853012aa5094bf137346dd9f,a24d49cfd2e2279ed4db425930f666ae1fbb3b6a853012aa5094bf137346dd9f,,CANONICAL,SEE_CORPUS_SUMMARY_GRAIN,,,true,Curtailment of Surgical Services Order,admission_curtailment,INDEX_METADATA,index_action,,,,,,,,false,true,2024,Saddle Brook Endoscopic and Orthopedic Surgery Center
nj-doh-enforcement-0649,https://www.nj.gov/health/healthfacilities/surveys-insp/enforcement_actions.shtml,/health/healthfacilities/surveys-insp/EA-Belle-Care-Nursing-and-Rehab-Center-09162024.pdf,https://www.nj.gov/health/healthfacilities/surveys-insp/EA-Belle-Care-Nursing-and-Rehab-Center-09162024.pdf,EXISTING_HASH_VERIFIED,27ed73c86e249c76823dfb961f00ad1b8e3ee3abe757ba14d69252dd8474f98b,27ed73c86e249c76823dfb961f00ad1b8e3ee3abe757ba14d69252dd8474f98b,,CANONICAL,SEE_CORPUS_SUMMARY_GRAIN,,,true,Order Lifting Curtailment of Admissions Order and Directed Plan of Correction,admission_curtailment,INDEX_METADATA,index_action,,,,,,,,false,true,2024,Belle Care Nursing and Rehab Center
nj-doh-enforcement-0650,https://www.nj.gov/health/healthfacilities/surveys-insp/enforcement_actions.shtml,/health/healthfacilities/surveys-insp/EA-Sinai-Post-Acute-Nursing-and-Rehab-09102024.pdf,https://www.nj.gov/health/healthfacilities/surveys-insp/EA-Sinai-Post-Acute-Nursing-and-Rehab-09102024.pdf,EXISTING_HASH_VERIFIED,0761fd952130f953bdab636861a7d539da059a170c14a199909df239cf604651,0761fd952130f953bdab636861a7d539da059a170c14a199909df239cf604651,,CANONICAL,SEE_CORPUS_SUMMARY_GRAIN,,,true,Notice of Assessment of Penalties,penalty_letter,INDEX_METADATA,index_action,,,,,,,,false,true,2024,Sinai Post Acute Nursing and Rehab
nj-doh-enforcement-0651,https://www.nj.gov/health/healthfacilities/surveys-insp/enforcement_actions.shtml,/health/healthfacilities/surveys-insp/EA-Complete-Care-at-Madison09102024.pdf,https://www.nj.gov/health/healthfacilities/surveys-insp/EA-Complete-Care-at-Madison09102024.pdf,EXISTING_HASH_VERIFIED,696e95cc42e0fbd4d94462c4efc99538744668606fc6134a003f3a95389d574d,696e95cc42e0fbd4d94462c4efc99538744668606fc6134a003f3a95389d574d,,CANONICAL,SEE_CORPUS_SUMMARY_GRAIN,,,true,Notice of Assessment of Penalties,penalty_letter,INDEX_METADATA,index_action,,,,,,,,false,true,2024,Complete Care at Madison
nj-doh-enforcement-0652,https://www.nj.gov/health/healthfacilities/surveys-insp/enforcement_actions.shtml,/health/healthfacilities/surveys-insp/ea-lincoln-park-care-center-09042024%20.pdf,https://www.nj.gov/health/healthfacilities/surveys-insp/ea-lincoln-park-care-center-09042024%20.pdf,EXISTING_HASH_VERIFIED,adc42d018c3b41bb2f124d92b8c3bb33eefaae87cc4c547bd7db79e6e5d654fc,adc42d018c3b41bb2f124d92b8c3bb33eefaae87cc4c547bd7db79e6e5d654fc,,CANONICAL,SEE_CORPUS_SUMMARY_GRAIN,,,true,Notice of Assessment of Penalties,penalty_letter,INDEX_METADATA,index_action,,,,,,,,false,true,2024,Lincoln Park Care Center
nj-doh-enforcement-0653,https://www.nj.gov/health/healthfacilities/surveys-insp/enforcement_actions.shtml,/health/healthfacilities/surveys-insp/ea-elmora-hills-health-and-rehab-center-09032024.pdf,https://www.nj.gov/health/healthfacilities/surveys-insp/ea-elmora-hills-health-and-rehab-center-09032024.pdf,EXISTING_HASH_VERIFIED,c644390600c2bd258b2e2578ebd483acb8734383b4c5c97850d67653574b48ed,c644390600c2bd258b2e2578ebd483acb8734383b4c5c97850d67653574b48ed,,CANONICAL,SEE_CORPUS_SUMMARY_GRAIN,,,true,Notice of Assessment of Penalties,penalty_letter,INDEX_METADATA,index_action,,,,,,,,false,true,2024,Elmora Hills Health & Rehabilitation Center
nj-doh-enforcement-0654,https://www.nj.gov/health/healthfacilities/surveys-insp/enforcement_actions.shtml,/health/healthfacilities/surveys-insp/ea-care%20strategies-09032024.pdf,https://www.nj.gov/health/healthfacilities/surveys-insp/ea-care%20strategies-09032024.pdf,EXISTING_HASH_VERIFIED,c1fb259430e8f45450c478336f9c879659e41f5291df6cec7ef7b7d05e40b5f5,c1fb259430e8f45450c478336f9c879659e41f5291df6cec7ef7b7d05e40b5f5,,CANONICAL,SEE_CORPUS_SUMMARY_GRAIN,,,true,Cease and Desist Order,other_expressly_identified_njdoh_action,INDEX_METADATA,index_action,,,,,,,,false,true,2024,Care Strategies
nj-doh-enforcement-0655,https://www.nj.gov/health/healthfacilities/surveys-insp/enforcement_actions.shtml,EA-Canterbury-at-Cedar-Grove-08302024.pdf,https://www.nj.gov/health/healthfacilities/surveys-insp/EA-Canterbury-at-Cedar-Grove-08302024.pdf,RECOVERED_AFTER_URL_NORMALIZATION,30c12549a6c2f34cf045440b9682ebf85169e985c9886c0b8ff469ade5c2c69c,30c12549a6c2f34cf045440b9682ebf85169e985c9886c0b8ff469ade5c2c69c,,CANONICAL,SEE_CORPUS_SUMMARY_GRAIN,,,true,Notice of Assessment of Penalties,penalty_letter,INDEX_METADATA,index_action,,,,,,,,false,true,2024,Canterbury at Cedar Grove
nj-doh-enforcement-0656,https://www.nj.gov/health/healthfacilities/surveys-insp/enforcement_actions.shtml,EA-Embassy-Manor-at-Edison-Nursing-and-Rehabilitation-Center-08292024.pdf,https://www.nj.gov/health/healthfacilities/surveys-insp/EA-Embassy-Manor-at-Edison-Nursing-and-Rehabilitation-Center-08292024.pdf,RECOVERED_AFTER_URL_NORMALIZATION,b6e1bcc3281835c4ed76f977ce634165420ace020fdc13fa53efcbcf4b4f919f,b6e1bcc3281835c4ed76f977ce634165420ace020fdc13fa53efcbcf4b4f919f,,CANONICAL,SEE_CORPUS_SUMMARY_GRAIN,,,true,Notice of Assessment of Penalties,penalty_letter,INDEX_METADATA,index_action,,,,,,,,false,true,2024,Embassy Manor at Edison Nursing and Rehabilitation Center
nj-doh-enforcement-0657,https://www.nj.gov/health/healthfacilities/surveys-insp/enforcement_actions.shtml,/health/healthfacilities/surveys-insp/ea-the-clare-estate-08282024.pdf,https://www.nj.gov/health/healthfacilities/surveys-insp/ea-the-clare-estate-08282024.pdf,EXISTING_HASH_VERIFIED,99be54a0f3b138b7df4bc3bba5253f53afca2ea08b5d3fae32002dbace782f7f,99be54a0f3b138b7df4bc3bba5253f53afca2ea08b5d3fae32002dbace782f7f,,CANONICAL,SEE_CORPUS_SUMMARY_GRAIN,,,true,Notice of Assessment of Penalties,penalty_letter,INDEX_METADATA,index_action,,,,,,,,false,true,2024,The Clare Estate
nj-doh-enforcement-0658,https://www.nj.gov/health/healthfacilities/surveys-insp/enforcement_actions.shtml,/health/healthfacilities/surveys-insp/ea-river-front-rehabilitation-and-healthcare-center08222024.pdf,https://www.nj.gov/health/healthfacilities/surveys-insp/ea-river-front-rehabilitation-and-healthcare-center08222024.pdf,EXISTING_HASH_VERIFIED,5ea90666e3334646473f85e84fd731e5601e041129c7d160e3c4e808f7461a2a,5ea90666e3334646473f85e84fd731e5601e041129c7d160e3c4e808f7461a2a,,CANONICAL,SEE_CORPUS_SUMMARY_GRAIN,,,true,Notice of Assessment of Penalties,penalty_letter,INDEX_METADATA,index_action,,,,,,,,false,true,2024,River Front Rehabilitation and Healthcare Center
nj-doh-enforcement-0659,https://www.nj.gov/health/healthfacilities/surveys-insp/enforcement_actions.shtml,/health/healthfacilities/surveys-insp/ea-2nd-home-union-city-08212024.pdf,https://www.nj.gov/health/healthfacilities/surveys-insp/ea-2nd-home-union-city-08212024.pdf,EXISTING_HASH_VERIFIED,5d83fc0d92cfc4ffb954ad6b0a73f15339e04fd8ba91a51c93dd3d0ac76080a8,5d83fc0d92cfc4ffb954ad6b0a73f15339e04fd8ba91a51c93dd3d0ac76080a8,,CANONICAL,SEE_CORPUS_SUMMARY_GRAIN,,,true,Notice of Assessment of Penalties,penalty_letter,INDEX_METADATA,index_action,,,,,,,,false,true,2024,"2nd Home Union City, LLC"
nj-doh-enforcement-0660,https://www.nj.gov/health/healthfacilities/surveys-insp/enforcement_actions.shtml,/health/healthfacilities/surveys-insp/ea-hammonton-center-for-rehabilitation-and-healthcare-08212024.pdf,https://www.nj.gov/health/healthfacilities/surveys-insp/ea-hammonton-center-for-rehabilitation-and-healthcare-08212024.pdf,EXISTING_HASH_VERIFIED,4a1b5f0e9c946eb2f0b5899c1628b6c3ce58a56696ca63d9d5b3426ba43ca5db,4a1b5f0e9c946eb2f0b5899c1628b6c3ce58a56696ca63d9d5b3426ba43ca5db,,CANONICAL,SEE_CORPUS_SUMMARY_GRAIN,,,true,Notice of Assessment of Penalties,penalty_letter,INDEX_METADATA,index_action,,,,,,,,false,true,2024,Hammonton Center for Rehabilitation and Healthcare
nj-doh-enforcement-0661,https://www.nj.gov/health/healthfacilities/surveys-insp/enforcement_actions.shtml,/health/healthfacilities/surveys-insp/ea-arbor-glen-center-08202024.pdf,https://www.nj.gov/health/healthfacilities/surveys-insp/ea-arbor-glen-center-08202024.pdf,EXISTING_HASH_VERIFIED,843921e016f70e4d896d8c8dd04eb213ad46c5e7d84f638f3d1a9c2be984faad,843921e016f70e4d896d8c8dd04eb213ad46c5e7d84f638f3d1a9c2be984faad,,CANONICAL,SEE_CORPUS_SUMMARY_GRAIN,,,true,Notice of Assessment of Penalties,penalty_letter,INDEX_METADATA,index_action,,,,,,,,false,true,2024,Arbor Glen Center
nj-doh-enforcement-0662,https://www.nj.gov/health/healthfacilities/surveys-insp/enforcement_actions.shtml,/health/healthfacilities/surveys-insp/ea-allaire-rehab-and-nursing-08192024.pdf,https://www.nj.gov/health/healthfacilities/surveys-insp/ea-allaire-rehab-and-nursing-08192024.pdf,EXISTING_HASH_VERIFIED,cc85e7d0b265fbc16f30ec4806f13d525afe1bbd45bf5b58219b4c135dfe2e87,cc85e7d0b265fbc16f30ec4806f13d525afe1bbd45bf5b58219b4c135dfe2e87,,CANONICAL,SEE_CORPUS_SUMMARY_GRAIN,,,true,Curtailment of Admissions,admission_curtailment,INDEX_METADATA,index_action,,,,,,,,false,true,2024,Allaire Rehab and Nursing
nj-doh-enforcement-0663,https://www.nj.gov/health/healthfacilities/surveys-insp/enforcement_actions.shtml,/health/healthfacilities/surveys-insp/EA-Seacrest-Rehab-and-Healthcare-Center-08192024.pdf.pdf,https://www.nj.gov/health/healthfacilities/surveys-insp/EA-Seacrest-Rehab-and-Healthcare-Center-08192024.pdf.pdf,HTTP_404_SOURCE_DOCUMENT_UNAVAILABLE,,,,NO_CONTENT,SOURCE_UNAVAILABLE,,,false,Notice of Assessment of Penalties,penalty_letter,INDEX_METADATA,index_action,SOURCE_DOCUMENT_UNAVAILABLE,,,,,,,false,true,2024,Seacrest Rehab and Healthcare Center
nj-doh-enforcement-0664,https://www.nj.gov/health/healthfacilities/surveys-insp/enforcement_actions.shtml,/health/healthfacilities/surveys-insp/ea-samwell-surgical-llc-08152024.pdf,https://www.nj.gov/health/healthfacilities/surveys-insp/ea-samwell-surgical-llc-08152024.pdf,EXISTING_HASH_VERIFIED,f4cb7a2f4c3c00ed3f0441d52e94d9dcc124baf23b75f6bce84cfbbda39ae0c9,f4cb7a2f4c3c00ed3f0441d52e94d9dcc124baf23b75f6bce84cfbbda39ae0c9,,CANONICAL,SEE_CORPUS_SUMMARY_GRAIN,,,true,"Order Temporarily Lifting Curtailment of Services, from August 26, 2024 through September 6, 2024, for Purposes of Accreditation Survey",admission_curtailment,INDEX_METADATA,index_action,,,,,,,,false,true,2024,"Samwell Surgical LLC, Operator of Englewood Cliffs Surgery Center"
nj-doh-enforcement-0665,https://www.nj.gov/health/healthfacilities/surveys-insp/enforcement_actions.shtml,/health/healthfacilities/surveys-insp/ea-morris-view-healthcare-center-08142024.pdf,https://www.nj.gov/health/healthfacilities/surveys-insp/ea-morris-view-healthcare-center-08142024.pdf,EXISTING_HASH_VERIFIED,188a5fa25862c17ba0b5db611338604307c49729d41672b93eee4804665be797,188a5fa25862c17ba0b5db611338604307c49729d41672b93eee4804665be797,,CANONICAL,SEE_CORPUS_SUMMARY_GRAIN,,,true,Curtailment of Admissions Order,admission_curtailment,INDEX_METADATA,index_action,,,,,,,,false,true,2024,Morris View Healthcare Center
nj-doh-enforcement-0666,https://www.nj.gov/health/healthfacilities/surveys-insp/enforcement_actions.shtml,/health/healthfacilities/surveys-insp/ea-autumn-lake-healthcare-at-berkley-heights-08142024.pdf,https://www.nj.gov/health/healthfacilities/surveys-insp/ea-autumn-lake-healthcare-at-berkley-heights-08142024.pdf,EXISTING_HASH_VERIFIED,0be12b4a413e5ccca90dbb6e810e66e0caa65b187cc27fbb75d602a48fa9bb2c,0be12b4a413e5ccca90dbb6e810e66e0caa65b187cc27fbb75d602a48fa9bb2c,,CANONICAL,SEE_CORPUS_SUMMARY_GRAIN,,,true,Notice of Assessment of Penalties,penalty_letter,INDEX_METADATA,index_action,,,,,,,,false,true,2024,Autumn Lake Healthcare at Berkeley Heights
nj-doh-enforcement-0667,https://www.nj.gov/health/healthfacilities/surveys-insp/enforcement_actions.shtml,/health/healthfacilities/surveys-insp/ea-mine-hill-surgical-center-08092024.pdf,https://www.nj.gov/health/healthfacilities/surveys-insp/ea-mine-hill-surgical-center-08092024.pdf,EXISTING_HASH_VERIFIED,383f466c3de01027b10f27bc7075d3124008d72abbf4849ad194281acb1337b2,383f466c3de01027b10f27bc7075d3124008d72abbf4849ad194281acb1337b2,,CANONICAL,SEE_CORPUS_SUMMARY_GRAIN,,,true,Curtailment of Surgical Services and Directed Plan of Correction,admission_curtailment,INDEX_METADATA,index_action,,,,,,,,false,true,2024,Mine Hill Surgical Center
nj-doh-enforcement-0668,https://www.nj.gov/health/healthfacilities/surveys-insp/enforcement_actions.shtml,/health/healthfacilities/surveys-insp/ea-crest-pointe-rehabilitation-and-healthcare-center-08082024%20.pdf,https://www.nj.gov/health/healthfacilities/surveys-insp/ea-crest-pointe-rehabilitation-and-healthcare-center-08082024%20.pdf,EXISTING_HASH_VERIFIED,3e23e9766fdfa6d0b47a79448370cbe6feda421e761ea1fb639a60c80117b566,3e23e9766fdfa6d0b47a79448370cbe6feda421e761ea1fb639a60c80117b566,,CANONICAL,SEE_CORPUS_SUMMARY_GRAIN,,,true,Order Lifting Directed Plan of Correction,directed_plan_of_correction,INDEX_METADATA,index_action,,,,,,,,false,true,2024,Crest Pointe Rehabilitation and Healthcare Center
nj-doh-enforcement-0669,https://www.nj.gov/health/healthfacilities/surveys-insp/enforcement_actions.shtml,/health/healthfacilities/surveys-insp/EA-The-Clare-Estate-08082024.pdf,https://www.nj.gov/health/healthfacilities/surveys-insp/EA-The-Clare-Estate-08082024.pdf,EXISTING_HASH_VERIFIED,2e7fb0652a1025a47a6e84d1b018fe7fa66c7d16ba2bdd6bff9325ced74e90df,2e7fb0652a1025a47a6e84d1b018fe7fa66c7d16ba2bdd6bff9325ced74e90df,,CANONICAL,SEE_CORPUS_SUMMARY_GRAIN,,,true,Information Requirement Order,other_expressly_identified_njdoh_action,INDEX_METADATA,index_action,,,,,,,,false,true,2024,The Clare Estate
nj-doh-enforcement-0670,https://www.nj.gov/health/healthfacilities/surveys-insp/enforcement_actions.shtml,/health/healthfacilities/surveys-insp/ea-wynwood-rehabilitation-and-healthcare-center-08072024.pdf,https://www.nj.gov/health/healthfacilities/surveys-insp/ea-wynwood-rehabilitation-and-healthcare-center-08072024.pdf,EXISTING_HASH_VERIFIED,b675ce5e8230e375528edd6d62d0800a4b9785cc4c32b7d0195319169df46a0f,b675ce5e8230e375528edd6d62d0800a4b9785cc4c32b7d0195319169df46a0f,b675ce5e8230e375528edd6d62d0800a4b9785cc4c32b7d0195319169df46a0f,DUPLICATE_CONTENT,SEE_CORPUS_SUMMARY_GRAIN,,,true,Notice of Assessment of Penalties,penalty_letter,INDEX_METADATA,index_action,,,,,,,,false,true,2024,Wynwood Rehabilitation and Healthcare Center
nj-doh-enforcement-0671,https://www.nj.gov/health/healthfacilities/surveys-insp/enforcement_actions.shtml,/health/healthfacilities/surveys-insp/ea-willow-springs-rehabilitation-and-healthcare-center-07302024.pdf,https://www.nj.gov/health/healthfacilities/surveys-insp/ea-willow-springs-rehabilitation-and-healthcare-center-07302024.pdf,EXISTING_HASH_VERIFIED,f6639945a88a6b7291afa48bc904c1a3dcf06dc527a95cf857b727900f595079,f6639945a88a6b7291afa48bc904c1a3dcf06dc527a95cf857b727900f595079,,CANONICAL,SEE_CORPUS_SUMMARY_GRAIN,,,true,Notice of Assessment of Penalties,penalty_letter,INDEX_METADATA,index_action,,,,,,,,false,true,2024,Willow Springs Rehabilitation and Healthcare Center
nj-doh-enforcement-0672,https://www.nj.gov/health/healthfacilities/surveys-insp/enforcement_actions.shtml,/health/healthfacilities/surveys-insp/Sinai-Post-Acute-Nursing-and-Rehabilitation-Center.pdf,https://www.nj.gov/health/healthfacilities/surveys-insp/Sinai-Post-Acute-Nursing-and-Rehabilitation-Center.pdf,EXISTING_HASH_VERIFIED,56b0964f5e88210f96489085f9b800d9686411d6ed11cf024625c96c490aefa3,56b0964f5e88210f96489085f9b800d9686411d6ed11cf024625c96c490aefa3,,CANONICAL,SEE_CORPUS_SUMMARY_GRAIN,,,true,Curtailment of Admissions and Readmissions Order,admission_curtailment,INDEX_METADATA,index_action,,,,,,,,false,true,2024,Sinai Post Acute Nursing and Rehabilitation Center
nj-doh-enforcement-0673,https://www.nj.gov/health/healthfacilities/surveys-insp/enforcement_actions.shtml,/health/healthfacilities/surveys-insp/Promedica-Skilled-Nursing-and-Rehab-West-Deptford.pdf,https://www.nj.gov/health/healthfacilities/surveys-insp/Promedica-Skilled-Nursing-and-Rehab-West-Deptford.pdf,EXISTING_HASH_VERIFIED,70c09a741515f43ac696eece7a2f8a6f805dd8415206f4e27bcb9589dcae9fe6,70c09a741515f43ac696eece7a2f8a6f805dd8415206f4e27bcb9589dcae9fe6,,CANONICAL,SEE_CORPUS_SUMMARY_GRAIN,,,true,Notice of Assessment of Penalties,penalty_letter,INDEX_METADATA,index_action,,,,,,,,false,true,2024,Promedica Skilled Nursing and Rehab West Deptford
nj-doh-enforcement-0674,https://www.nj.gov/health/healthfacilities/surveys-insp/enforcement_actions.shtml,/health/healthfacilities/surveys-insp/ea-riverview-estates-rehabilitation-and-senior-living-center-07172024.pdf,https://www.nj.gov/health/healthfacilities/surveys-insp/ea-riverview-estates-rehabilitation-and-senior-living-center-07172024.pdf,EXISTING_HASH_VERIFIED,63f514c080fa319030744af44f322031b953e43599ea559a6156b1332cc5cd53,63f514c080fa319030744af44f322031b953e43599ea559a6156b1332cc5cd53,,CANONICAL,SEE_CORPUS_SUMMARY_GRAIN,,,true,Notice of Assessment of Penalties,penalty_letter,INDEX_METADATA,index_action,,,,,,,,false,true,2024,"Riverview Estates Rehabilitation and Senior Living Center, LLC"
nj-doh-enforcement-0675,https://www.nj.gov/health/healthfacilities/surveys-insp/enforcement_actions.shtml,/health/healthfacilities/surveys-insp/ea-angels-of-mercy-nursing-skills-school-03252024.pdf,https://www.nj.gov/health/healthfacilities/surveys-insp/ea-angels-of-mercy-nursing-skills-school-03252024.pdf,EXISTING_HASH_VERIFIED,a89a0e4d057d69fca09be2b644b8f0fb3f6ce3b3f5cf1fe37696e063642b20dd,a89a0e4d057d69fca09be2b644b8f0fb3f6ce3b3f5cf1fe37696e063642b20dd,,CANONICAL,SEE_CORPUS_SUMMARY_GRAIN,,,true,Notice of Revocation and Right to Hearing,license_revocation,INDEX_METADATA,index_action,,,,,,,,false,true,2024,Angels of Mercy Nursing Skills School
nj-doh-enforcement-0676,https://www.nj.gov/health/healthfacilities/surveys-insp/enforcement_actions.shtml,/health/healthfacilities/surveys-insp/EA-Mystic-Meadows-Rehab-and-Nursing-7152024.pdf,https://www.nj.gov/health/healthfacilities/surveys-insp/EA-Mystic-Meadows-Rehab-and-Nursing-7152024.pdf,EXISTING_HASH_VERIFIED,eb4da80fa4ecdeeadd87740f4e9db6c708255af1c71b7fab57a12ce7aacde138,eb4da80fa4ecdeeadd87740f4e9db6c708255af1c71b7fab57a12ce7aacde138,,CANONICAL,SEE_CORPUS_SUMMARY_GRAIN,,,true,Notice of Assessment of Penalties,penalty_letter,INDEX_METADATA,index_action,,,,,,,,false,true,2024,Mystic Meadows Rehab and Nursing
nj-doh-enforcement-0677,https://www.nj.gov/health/healthfacilities/surveys-insp/enforcement_actions.shtml,/health/healthfacilities/surveys-insp/EA-Carewell-Health-Medical-Center-7152024.pdf,https://www.nj.gov/health/healthfacilities/surveys-insp/EA-Carewell-Health-Medical-Center-7152024.pdf,EXISTING_HASH_VERIFIED,7344edfd4e7eb8321cc1a249410ffda0b828cc535e3a2128669ac4edd5277b96,7344edfd4e7eb8321cc1a249410ffda0b828cc535e3a2128669ac4edd5277b96,,CANONICAL,SEE_CORPUS_SUMMARY_GRAIN,,,true,Notice of Order Lifting Directed Plan of Correction,directed_plan_of_correction,INDEX_METADATA,index_action,,,,,,,,false,true,2024,Carewell Health Medical Center
nj-doh-enforcement-0678,https://www.nj.gov/health/healthfacilities/surveys-insp/enforcement_actions.shtml,/health/healthfacilities/surveys-insp/ea-%20belle-care-nursing-and-rehabilitation-center-07112024.pdf,https://www.nj.gov/health/healthfacilities/surveys-insp/ea-%20belle-care-nursing-and-rehabilitation-center-07112024.pdf,EXISTING_HASH_VERIFIED,0aa01afaaf049e0c8dfa013696e0726c90121a2c07ec69d6dec34600b4dcbaaf,0aa01afaaf049e0c8dfa013696e0726c90121a2c07ec69d6dec34600b4dcbaaf,,CANONICAL,SEE_CORPUS_SUMMARY_GRAIN,,,true,Curtailment of Admissions Order and Directed Plan of Correction,admission_curtailment,INDEX_METADATA,index_action,,,,,,,,false,true,2024,Belle Care Nursing and Rehabilitation Center
nj-doh-enforcement-0679,https://www.nj.gov/health/healthfacilities/surveys-insp/enforcement_actions.shtml,/health/healthfacilities/surveys-insp/ea-allegria-at-the-fountains-07102024.pdf,https://www.nj.gov/health/healthfacilities/surveys-insp/ea-allegria-at-the-fountains-07102024.pdf,EXISTING_HASH_VERIFIED,e6f239667b03f34d4938f434ff27b6ae3d9460634c8c878bd416cc10b6b2e60f,e6f239667b03f34d4938f434ff27b6ae3d9460634c8c878bd416cc10b6b2e60f,,CANONICAL,SEE_CORPUS_SUMMARY_GRAIN,,,true,Notice of Assessment of Penalties,penalty_letter,INDEX_METADATA,index_action,,,,,,,,false,true,2024,Allegria at the Fountains
nj-doh-enforcement-0680,https://www.nj.gov/health/healthfacilities/surveys-insp/enforcement_actions.shtml,/health/healthfacilities/surveys-insp/ea-west-morris-surgery-center-07092024.pdf,https://www.nj.gov/health/healthfacilities/surveys-insp/ea-west-morris-surgery-center-07092024.pdf,EXISTING_HASH_VERIFIED,002f45ac6c370ba58b791411886578d0e45db0dcee4e422d2f11bcdda58af33f,002f45ac6c370ba58b791411886578d0e45db0dcee4e422d2f11bcdda58af33f,,CANONICAL,SEE_CORPUS_SUMMARY_GRAIN,,,true,Cease and Desist Order,other_expressly_identified_njdoh_action,INDEX_METADATA,index_action,,,,,,,,false,true,2024,West Morris Surgery Center
nj-doh-enforcement-0681,https://www.nj.gov/health/healthfacilities/surveys-insp/enforcement_actions.shtml,/health/healthfacilities/surveys-insp/ea-optima-care-jersey-city-llc-07082024.pdf,https://www.nj.gov/health/healthfacilities/surveys-insp/ea-optima-care-jersey-city-llc-07082024.pdf,EXISTING_HASH_VERIFIED,20bd01237f79d7f72a281805b86cdd78f6a69629d607beaa3a95db608d9bbae8,20bd01237f79d7f72a281805b86cdd78f6a69629d607beaa3a95db608d9bbae8,,CANONICAL,SEE_CORPUS_SUMMARY_GRAIN,,,true,Notice of Assessment of Penalties,penalty_letter,INDEX_METADATA,index_action,,,,,,,,false,true,2024,"Optima Care Jersey City, LLC"
nj-doh-enforcement-0682,https://www.nj.gov/health/healthfacilities/surveys-insp/enforcement_actions.shtml,/health/healthfacilities/surveys-insp/ea-aspen-hills-healthcare-center-07082024.pdf,https://www.nj.gov/health/healthfacilities/surveys-insp/ea-aspen-hills-healthcare-center-07082024.pdf,EXISTING_HASH_VERIFIED,b38c31ed0bd6da76db4b7ecf5903f75d92f8efba0462aabfdb5eaced6b9de457,b38c31ed0bd6da76db4b7ecf5903f75d92f8efba0462aabfdb5eaced6b9de457,,CANONICAL,SEE_CORPUS_SUMMARY_GRAIN,,,true,Notice of Assessment of Penalties,penalty_letter,INDEX_METADATA,index_action,,,,,,,,false,true,2024,Aspen Hills Healthcare Center
nj-doh-enforcement-0683,https://www.nj.gov/health/healthfacilities/surveys-insp/enforcement_actions.shtml,/health/healthfacilities/surveys-insp/ea-avalon-rehabilitation-and-healthcare-center-07032024.pdf,https://www.nj.gov/health/healthfacilities/surveys-insp/ea-avalon-rehabilitation-and-healthcare-center-07032024.pdf,EXISTING_HASH_VERIFIED,89827beb2705e95794259d1fdd802f4c6bc406a3d90b465c022a68a348346d98,89827beb2705e95794259d1fdd802f4c6bc406a3d90b465c022a68a348346d98,,CANONICAL,SEE_CORPUS_SUMMARY_GRAIN,,,true,Notice of Assessment of Penalties,penalty_letter,INDEX_METADATA,index_action,,,,,,,,false,true,2024,Avalon Rehabilitation and Health Care Center
nj-doh-enforcement-0684,https://www.nj.gov/health/healthfacilities/surveys-insp/enforcement_actions.shtml,/health/healthfacilities/surveys-insp/ea-cranbury-center-07022024.pdf,https://www.nj.gov/health/healthfacilities/surveys-insp/ea-cranbury-center-07022024.pdf,EXISTING_HASH_VERIFIED,ca8536571925ceeecc83f4877fd3048c5d15d4aa024b726cb7f0ad0dc7f668b8,ca8536571925ceeecc83f4877fd3048c5d15d4aa024b726cb7f0ad0dc7f668b8,,CANONICAL,SEE_CORPUS_SUMMARY_GRAIN,,,true,Notice of Assessment of Penalties,penalty_letter,INDEX_METADATA,index_action,,,,,,,,false,true,2024,Cranbury Center
nj-doh-enforcement-0685,https://www.nj.gov/health/healthfacilities/surveys-insp/enforcement_actions.shtml,/health/healthfacilities/surveys-insp/ea-englewood-cliffs-surgery-center-06262024.pdf,https://www.nj.gov/health/healthfacilities/surveys-insp/ea-englewood-cliffs-surgery-center-06262024.pdf,EXISTING_HASH_VERIFIED,4eb7264345af501bb85c36b7524c54a1a8d04bc53d24d6fbe7af9f50f5f0e314,4eb7264345af501bb85c36b7524c54a1a8d04bc53d24d6fbe7af9f50f5f0e314,,CANONICAL,SEE_CORPUS_SUMMARY_GRAIN,,,true,Curtailment of Surgical Procedures and Services,admission_curtailment,INDEX_METADATA,index_action,,,,,,,,false,true,2024,Englewood Cliffs Surgery Center
nj-doh-enforcement-0686,https://www.nj.gov/health/healthfacilities/surveys-insp/enforcement_actions.shtml,/health/healthfacilities/surveys-insp/ea-silver-healthcare-center-06252024.pdf,https://www.nj.gov/health/healthfacilities/surveys-insp/ea-silver-healthcare-center-06252024.pdf,EXISTING_HASH_VERIFIED,782ebc26c2bc259f01a5404c7c786d36c6fbb506ea05f74f91ccb36a3520422a,782ebc26c2bc259f01a5404c7c786d36c6fbb506ea05f74f91ccb36a3520422a,,CANONICAL,SEE_CORPUS_SUMMARY_GRAIN,,,true,Notice of Assessment of Penalties,penalty_letter,INDEX_METADATA,index_action,,,,,,,,false,true,2024,Silver Healthcare Center
nj-doh-enforcement-0687,https://www.nj.gov/health/healthfacilities/surveys-insp/enforcement_actions.shtml,/health/healthfacilities/surveys-insp/ea-complete-care-at-shrewsbury-06252024.pdf,https://www.nj.gov/health/healthfacilities/surveys-insp/ea-complete-care-at-shrewsbury-06252024.pdf,EXISTING_HASH_VERIFIED,36b625bbbc20a55b0a6151a6f6e58bbb749c47907563788507f088a213011f20,36b625bbbc20a55b0a6151a6f6e58bbb749c47907563788507f088a213011f20,,CANONICAL,SEE_CORPUS_SUMMARY_GRAIN,,,true,Notice of Assessment of Penalties,penalty_letter,INDEX_METADATA,index_action,,,,,,,,false,true,2024,Complete Care at Shrewsbury
nj-doh-enforcement-0688,https://www.nj.gov/health/healthfacilities/surveys-insp/enforcement_actions.shtml,/health/healthfacilities/surveys-insp/EA-Crest-Pointe-Rehabilitation-and-Healthcare-Center-06242024.pdf,https://www.nj.gov/health/healthfacilities/surveys-insp/EA-Crest-Pointe-Rehabilitation-and-Healthcare-Center-06242024.pdf,EXISTING_HASH_VERIFIED,9f712c14ade9d9e4d90215cbbb34aa7861734be7e551954ca58dac8368ce7097,9f712c14ade9d9e4d90215cbbb34aa7861734be7e551954ca58dac8368ce7097,,CANONICAL,SEE_CORPUS_SUMMARY_GRAIN,,,true,Directed Plan of Correction,directed_plan_of_correction,INDEX_METADATA,index_action,,,,,,,,false,true,2024,Crest Pointe Rehabilitation and Healthcare Center
nj-doh-enforcement-0689,https://www.nj.gov/health/healthfacilities/surveys-insp/enforcement_actions.shtml,/health/healthfacilities/surveys-insp/ea-ambulatory-surgical-pavillon-of-new-jersey.pdf,https://www.nj.gov/health/healthfacilities/surveys-insp/ea-ambulatory-surgical-pavillon-of-new-jersey.pdf,EXISTING_HASH_VERIFIED,800cc223f394fd337501e7f515f764ceb0374481ef8dde8ef9edf80a63128ea1,800cc223f394fd337501e7f515f764ceb0374481ef8dde8ef9edf80a63128ea1,,CANONICAL,SEE_CORPUS_SUMMARY_GRAIN,,,true,Lifting Cease and Desist Order,other_expressly_identified_njdoh_action,INDEX_METADATA,index_action,,,,,,,,false,true,2024,"Ambulatory Surgical Pavilion of New Jersey, LLC"
nj-doh-enforcement-0690,https://www.nj.gov/health/healthfacilities/surveys-insp/enforcement_actions.shtml,/health/healthfacilities/surveys-insp/EA-Winchester-Gardens-Health-Care-Center-6132024.pdf,https://www.nj.gov/health/healthfacilities/surveys-insp/EA-Winchester-Gardens-Health-Care-Center-6132024.pdf,EXISTING_HASH_VERIFIED,3cff3c7eac8043ef1c1b6edbeebc57745cbdd0187f0df089e19a6663d96ed932,3cff3c7eac8043ef1c1b6edbeebc57745cbdd0187f0df089e19a6663d96ed932,,CANONICAL,SEE_CORPUS_SUMMARY_GRAIN,,,true,Notice of Assessment of Penalties,penalty_letter,INDEX_METADATA,index_action,,,,,,,,false,true,2024,Winchester Gardens Health Care Center
nj-doh-enforcement-0691,https://www.nj.gov/health/healthfacilities/surveys-insp/enforcement_actions.shtml,/health/healthfacilities/surveys-insp/ea-ambulatory-surgical-pavilion-06072024.pdf,https://www.nj.gov/health/healthfacilities/surveys-insp/ea-ambulatory-surgical-pavilion-06072024.pdf,EXISTING_HASH_VERIFIED,fb8dbede8700044416b7f8dc28041e29d144948350955f4f99b5fb6fd502319f,fb8dbede8700044416b7f8dc28041e29d144948350955f4f99b5fb6fd502319f,,CANONICAL,SEE_CORPUS_SUMMARY_GRAIN,,,true,Cease and Desist Order,other_expressly_identified_njdoh_action,INDEX_METADATA,index_action,,,,,,,,false,true,2024,"Ambulatory Surgical Pavillion of New Jersey, LLC"
nj-doh-enforcement-0692,https://www.nj.gov/health/healthfacilities/surveys-insp/enforcement_actions.shtml,/health/healthfacilities/surveys-insp/EA-Passaic-Medical-and-Wellness-06062024.pdf,https://www.nj.gov/health/healthfacilities/surveys-insp/EA-Passaic-Medical-and-Wellness-06062024.pdf,EXISTING_HASH_VERIFIED,779e69f63680065c5061ce1d9d8b7d1da1b1add126911dcd4a837caf9e33b9b2,779e69f63680065c5061ce1d9d8b7d1da1b1add126911dcd4a837caf9e33b9b2,,CANONICAL,SEE_CORPUS_SUMMARY_GRAIN,,,true,Cease and Desist Order,other_expressly_identified_njdoh_action,INDEX_METADATA,index_action,,,,,,,,false,true,2024,Passaic Medical and Wellness
nj-doh-enforcement-0693,https://www.nj.gov/health/healthfacilities/surveys-insp/enforcement_actions.shtml,/health/healthfacilities/surveys-insp/ea-complete-care-at-lakeview-06062024.pdf,https://www.nj.gov/health/healthfacilities/surveys-insp/ea-complete-care-at-lakeview-06062024.pdf,EXISTING_HASH_VERIFIED,3975be8874c2310e066b4ea898f3d441d1ff270d1c168ee4f9c3006109beb478,3975be8874c2310e066b4ea898f3d441d1ff270d1c168ee4f9c3006109beb478,,CANONICAL,SEE_CORPUS_SUMMARY_GRAIN,,,true,Notice of Assessment of Penalties,penalty_letter,INDEX_METADATA,index_action,,,,,,,,false,true,2024,Complete Care at Lakeview
nj-doh-enforcement-0694,https://www.nj.gov/health/healthfacilities/surveys-insp/enforcement_actions.shtml,/health/healthfacilities/surveys-insp/ea-complete-care-at-shorrock-06062024.pdf,https://www.nj.gov/health/healthfacilities/surveys-insp/ea-complete-care-at-shorrock-06062024.pdf,EXISTING_HASH_VERIFIED,af851da72222b8c67c447d5eb20e4954c16ec434c45ca4ea900fb7f8503f6580,af851da72222b8c67c447d5eb20e4954c16ec434c45ca4ea900fb7f8503f6580,,CANONICAL,SEE_CORPUS_SUMMARY_GRAIN,,,true,Notice of Assessment of Penalties,penalty_letter,INDEX_METADATA,index_action,,,,,,,,false,true,2024,Complete Care at Shorrock
nj-doh-enforcement-0695,https://www.nj.gov/health/healthfacilities/surveys-insp/enforcement_actions.shtml,/health/healthfacilities/surveys-insp/ES-ODI-Diagnostic-Imaging-of-Newark-LLC-06032024.pdf,https://www.nj.gov/health/healthfacilities/surveys-insp/ES-ODI-Diagnostic-Imaging-of-Newark-LLC-06032024.pdf,EXISTING_HASH_VERIFIED,b5e142c3a314d62101823ad0d50a9143fe1151d862bd1a5d22cd049fddb49bf6,b5e142c3a314d62101823ad0d50a9143fe1151d862bd1a5d22cd049fddb49bf6,,CANONICAL,SEE_CORPUS_SUMMARY_GRAIN,,,true,Cease and Desist Order,other_expressly_identified_njdoh_action,INDEX_METADATA,index_action,,,,,,,,false,true,2024,ODI Diagnostic Imaging of Newark LLC
nj-doh-enforcement-0696,https://www.nj.gov/health/healthfacilities/surveys-insp/enforcement_actions.shtml,/health/healthfacilities/surveys-insp/ea-summit-oaks-hospital-05302024.pdf,https://www.nj.gov/health/healthfacilities/surveys-insp/ea-summit-oaks-hospital-05302024.pdf,EXISTING_HASH_VERIFIED,ef2581e64d40db053bdfb7ffdf55256e822c5c538a4c6fc16e28f42daad36192,ef2581e64d40db053bdfb7ffdf55256e822c5c538a4c6fc16e28f42daad36192,,CANONICAL,SEE_CORPUS_SUMMARY_GRAIN,,,true,Recission of Directed Plan of Correction,directed_plan_of_correction,INDEX_METADATA,index_action,,,,,,,,false,true,2024,Summit Oaks Hospital
nj-doh-enforcement-0697,https://www.nj.gov/health/healthfacilities/surveys-insp/enforcement_actions.shtml,/health/healthfacilities/surveys-insp/ea-family-of-caring-at-teaneck-05302024.pdf,https://www.nj.gov/health/healthfacilities/surveys-insp/ea-family-of-caring-at-teaneck-05302024.pdf,EXISTING_HASH_VERIFIED,a771672a91e913d9bc816be24cd8fb7bb215fef74e78c4d57cebfd0ee56c0905,a771672a91e913d9bc816be24cd8fb7bb215fef74e78c4d57cebfd0ee56c0905,,CANONICAL,SEE_CORPUS_SUMMARY_GRAIN,,,true,Notice of Assessment of Penalties,penalty_letter,INDEX_METADATA,index_action,,,,,,,,false,true,2024,Family of Caring at at Teaneck
nj-doh-enforcement-0698,https://www.nj.gov/health/healthfacilities/surveys-insp/enforcement_actions.shtml,/health/healthfacilities/surveys-insp/ea-careone-at-holmdel-05302024.pdf,https://www.nj.gov/health/healthfacilities/surveys-insp/ea-careone-at-holmdel-05302024.pdf,EXISTING_HASH_VERIFIED,e67de141889024760395aa3b1269a5eeb7a2736e976bb9f602841186cfc09d17,e67de141889024760395aa3b1269a5eeb7a2736e976bb9f602841186cfc09d17,,CANONICAL,SEE_CORPUS_SUMMARY_GRAIN,,,true,Notice of Assessment of Penalties,penalty_letter,INDEX_METADATA,index_action,,,,,,,,false,true,2024,Careone at Holmdel
nj-doh-enforcement-0699,https://www.nj.gov/health/healthfacilities/surveys-insp/enforcement_actions.shtml,/health/healthfacilities/surveys-insp/ea-magnetic-resonance-of-nj-05282024.pdf,https://www.nj.gov/health/healthfacilities/surveys-insp/ea-magnetic-resonance-of-nj-05282024.pdf,EXISTING_HASH_VERIFIED,768beb914ce227b75fdcdbcc9db1241c43125f06ffd6a1a0bc1c25ef01ea0446,768beb914ce227b75fdcdbcc9db1241c43125f06ffd6a1a0bc1c25ef01ea0446,,CANONICAL,SEE_CORPUS_SUMMARY_GRAIN,,,true,Order Lifting Cease and Desist,other_expressly_identified_njdoh_action,INDEX_METADATA,index_action,,,,,,,,false,true,2024,Magnetic Resonance of NJ
nj-doh-enforcement-0700,https://www.nj.gov/health/healthfacilities/surveys-insp/enforcement_actions.shtml,/health/healthfacilities/surveys-insp/EA-Waters-Edge-Healthcare-and-Rehab-05282024.pdf,https://www.nj.gov/health/healthfacilities/surveys-insp/EA-Waters-Edge-Healthcare-and-Rehab-05282024.pdf,EXISTING_HASH_VERIFIED,d3065a236ec99c096fb8c2c0aed57138f694ea77643b1142d8fd526a0a11aad2,d3065a236ec99c096fb8c2c0aed57138f694ea77643b1142d8fd526a0a11aad2,,CANONICAL,SEE_CORPUS_SUMMARY_GRAIN,,,true,Notice of Assessment of Penalties,penalty_letter,INDEX_METADATA,index_action,,,,,,,,false,true,2024,Waters Edge Healthcare and Rehab
nj-doh-enforcement-0701,https://www.nj.gov/health/healthfacilities/surveys-insp/enforcement_actions.shtml,/health/healthfacilities/surveys-insp/EA-Summit-Oaks-Hospital-05242024.pdf,https://www.nj.gov/health/healthfacilities/surveys-insp/EA-Summit-Oaks-Hospital-05242024.pdf,EXISTING_HASH_VERIFIED,ea897e8d52e0fedb3586dffdaaea6b5f33c2d9c2e596984ce561511124437f15,ea897e8d52e0fedb3586dffdaaea6b5f33c2d9c2e596984ce561511124437f15,,CANONICAL,SEE_CORPUS_SUMMARY_GRAIN,,,true,Directed Plan of Correction,directed_plan_of_correction,INDEX_METADATA,index_action,,,,,,,,false,true,2024,Summit Oaks Hospital
nj-doh-enforcement-0702,https://www.nj.gov/health/healthfacilities/surveys-insp/enforcement_actions.shtml,/health/healthfacilities/surveys-insp/ea-ucp-of-hudson-county-pediatric-medical-day-care-05222024.pdf,https://www.nj.gov/health/healthfacilities/surveys-insp/ea-ucp-of-hudson-county-pediatric-medical-day-care-05222024.pdf,EXISTING_HASH_VERIFIED,689a77bf115337d5e4f50b2be372bb554551f4d41015d09eb316d4e8c775f7f8,689a77bf115337d5e4f50b2be372bb554551f4d41015d09eb316d4e8c775f7f8,,CANONICAL,SEE_CORPUS_SUMMARY_GRAIN,,,true,Order Lifting Curtailment of Pediatric Medical Day Care Services,admission_curtailment,INDEX_METADATA,index_action,,,,,,,,false,true,2024,UCP of Hudson County Pediatric Medical Day Care
nj-doh-enforcement-0703,https://www.nj.gov/health/healthfacilities/surveys-insp/enforcement_actions.shtml,/health/healthfacilities/surveys-insp/EA-Sunflower-Medical-Adult-Day-Care-05162024.pdf,https://www.nj.gov/health/healthfacilities/surveys-insp/EA-Sunflower-Medical-Adult-Day-Care-05162024.pdf,EXISTING_HASH_VERIFIED,39b3d590c5ea709993248c4eed7e1cd567149748e15936a1fffa34361254a1f8,39b3d590c5ea709993248c4eed7e1cd567149748e15936a1fffa34361254a1f8,,CANONICAL,SEE_CORPUS_SUMMARY_GRAIN,,,true,Notice of Assessment of Penalties,penalty_letter,INDEX_METADATA,index_action,,,,,,,,false,true,2024,Sunflower Medical Adult Day Care
nj-doh-enforcement-0704,https://www.nj.gov/health/healthfacilities/surveys-insp/enforcement_actions.shtml,/health/healthfacilities/surveys-insp/EA-CareWell-Health-Medical-Center-05152024.pdf,https://www.nj.gov/health/healthfacilities/surveys-insp/EA-CareWell-Health-Medical-Center-05152024.pdf,EXISTING_HASH_VERIFIED,91c99d6351bf2110ceb40cc53bba5c18dba12af5bf1a35eab3a9230ac4d28a68,91c99d6351bf2110ceb40cc53bba5c18dba12af5bf1a35eab3a9230ac4d28a68,,CANONICAL,SEE_CORPUS_SUMMARY_GRAIN,,,true,Second Information Requirement Order,other_expressly_identified_njdoh_action,INDEX_METADATA,index_action,,,,,,,,false,true,2024,Carewell Health Medical Center
nj-doh-enforcement-0705,https://www.nj.gov/health/healthfacilities/surveys-insp/enforcement_actions.shtml,/health/healthfacilities/surveys-insp/EA-New-Vista-Nursing-and-Rehab-Center-05152024.pdf,https://www.nj.gov/health/healthfacilities/surveys-insp/EA-New-Vista-Nursing-and-Rehab-Center-05152024.pdf,EXISTING_HASH_VERIFIED,fd025376d23d67abe5d0c13f6bf21388f83e64973f10e5adaad3092b9037ee41,fd025376d23d67abe5d0c13f6bf21388f83e64973f10e5adaad3092b9037ee41,,CANONICAL,SEE_CORPUS_SUMMARY_GRAIN,,,true,Notice of Assessment of Penalties,penalty_letter,INDEX_METADATA,index_action,,,,,,,,false,true,2024,New Vista Nursing and Rehab Center
nj-doh-enforcement-0706,https://www.nj.gov/health/healthfacilities/surveys-insp/enforcement_actions.shtml,/health/healthfacilities/surveys-insp/ea-regency-heritage-nursing-and-rehab-center-05142024.pdf,https://www.nj.gov/health/healthfacilities/surveys-insp/ea-regency-heritage-nursing-and-rehab-center-05142024.pdf,EXISTING_HASH_VERIFIED,52762bb8c0733cd3a09bccfe4f6873d76e123a4a070aaeb349d8d3f733c5d26e,52762bb8c0733cd3a09bccfe4f6873d76e123a4a070aaeb349d8d3f733c5d26e,,CANONICAL,SEE_CORPUS_SUMMARY_GRAIN,,,true,Notice of Assessment of Penalties,penalty_letter,INDEX_METADATA,index_action,,,,,,,,false,true,2024,Regency Heritage Nursing and Rehabilitation Center
nj-doh-enforcement-0707,https://www.nj.gov/health/healthfacilities/surveys-insp/enforcement_actions.shtml,/health/healthfacilities/surveys-insp/ea-southern-ocean-center-05142024.pdf,https://www.nj.gov/health/healthfacilities/surveys-insp/ea-southern-ocean-center-05142024.pdf,EXISTING_HASH_VERIFIED,ade6dd7eaede08ad5c3e818daff9e633363d9f6739b4d39872e49456e2b809e9,ade6dd7eaede08ad5c3e818daff9e633363d9f6739b4d39872e49456e2b809e9,,CANONICAL,SEE_CORPUS_SUMMARY_GRAIN,,,true,Notice of Assessment of Penalties,penalty_letter,INDEX_METADATA,index_action,,,,,,,,false,true,2024,Southern Ocean Center
nj-doh-enforcement-0708,https://www.nj.gov/health/healthfacilities/surveys-insp/enforcement_actions.shtml,/health/healthfacilities/surveys-insp/ea-careone-at-evesham-05132024.pdf,https://www.nj.gov/health/healthfacilities/surveys-insp/ea-careone-at-evesham-05132024.pdf,EXISTING_HASH_VERIFIED,4b06a0d9ae6465dfa3bf48276ddcc2bca10fd146881cc3535996d73ff2775ebf,4b06a0d9ae6465dfa3bf48276ddcc2bca10fd146881cc3535996d73ff2775ebf,,CANONICAL,SEE_CORPUS_SUMMARY_GRAIN,,,true,Notice of Assessment of Penalties,penalty_letter,INDEX_METADATA,index_action,,,,,,,,false,true,2024,Careone at Evesham
nj-doh-enforcement-0709,https://www.nj.gov/health/healthfacilities/surveys-insp/enforcement_actions.shtml,/health/healthfacilities/surveys-insp/ea-pinnacle-mri-group-LLC-05092024.pdf,https://www.nj.gov/health/healthfacilities/surveys-insp/ea-pinnacle-mri-group-LLC-05092024.pdf,EXISTING_HASH_VERIFIED,6d20cc0e3a3181cd81c35af32a78edfd2e7c19b1cb1c9a27a1a6cf50e5ea6c7e,6d20cc0e3a3181cd81c35af32a78edfd2e7c19b1cb1c9a27a1a6cf50e5ea6c7e,,CANONICAL,SEE_CORPUS_SUMMARY_GRAIN,,,true,Order Lifting Cease and Desist,other_expressly_identified_njdoh_action,INDEX_METADATA,index_action,,,,,,,,false,true,2024,"Pinnacle MRI Group, LLC"
nj-doh-enforcement-0710,https://www.nj.gov/health/healthfacilities/surveys-insp/enforcement_actions.shtml,/health/healthfacilities/surveys-insp/ea-magnetic-resonance-of-nj-05072024.pdf,https://www.nj.gov/health/healthfacilities/surveys-insp/ea-magnetic-resonance-of-nj-05072024.pdf,EXISTING_HASH_VERIFIED,7f638f0cabf23711e0179dac979e97fbdc2857755b1823b0db88621f099551db,7f638f0cabf23711e0179dac979e97fbdc2857755b1823b0db88621f099551db,,CANONICAL,SEE_CORPUS_SUMMARY_GRAIN,,,true,Cease and Desist Order,other_expressly_identified_njdoh_action,INDEX_METADATA,index_action,,,,,,,,false,true,2024,Magnetic Resonance of NJ
nj-doh-enforcement-0711,https://www.nj.gov/health/healthfacilities/surveys-insp/enforcement_actions.shtml,/health/healthfacilities/surveys-insp/ea-pinnacle-mri-group-05062024.pdf,https://www.nj.gov/health/healthfacilities/surveys-insp/ea-pinnacle-mri-group-05062024.pdf,EXISTING_HASH_VERIFIED,096e5626342792ec03cc4d97f67e8e786547b29734ba5e141aea33717c82a00a,096e5626342792ec03cc4d97f67e8e786547b29734ba5e141aea33717c82a00a,,CANONICAL,SEE_CORPUS_SUMMARY_GRAIN,,,true,Cease and Desist Order,other_expressly_identified_njdoh_action,INDEX_METADATA,index_action,,,,,,,,false,true,2024,"Pinnacle MRI Group, LLC"
nj-doh-enforcement-0712,https://www.nj.gov/health/healthfacilities/surveys-insp/enforcement_actions.shtml,/health/healthfacilities/surveys-insp/ea-warewell-health-medical-center-05062024.pdf,https://www.nj.gov/health/healthfacilities/surveys-insp/ea-warewell-health-medical-center-05062024.pdf,EXISTING_HASH_VERIFIED,6bdd6c0e3c4902b440ed8dd66b2bb864b28186608b5d838ac07d1a250cf4ce9d,6bdd6c0e3c4902b440ed8dd66b2bb864b28186608b5d838ac07d1a250cf4ce9d,,CANONICAL,SEE_CORPUS_SUMMARY_GRAIN,,,true,Information Requirement Order,other_expressly_identified_njdoh_action,INDEX_METADATA,index_action,,,,,,,,false,true,2024,CareWell Health Medical Center
nj-doh-enforcement-0713,https://www.nj.gov/health/healthfacilities/surveys-insp/enforcement_actions.shtml,/health/healthfacilities/surveys-insp/ea-tallwoods-care-center-05032024.pdf,https://www.nj.gov/health/healthfacilities/surveys-insp/ea-tallwoods-care-center-05032024.pdf,EXISTING_HASH_VERIFIED,8e30875b35f5a6be6c8c1b22e745a29be639930ee836089ef8bd1e5e2d0fd46e,8e30875b35f5a6be6c8c1b22e745a29be639930ee836089ef8bd1e5e2d0fd46e,,CANONICAL,SEE_CORPUS_SUMMARY_GRAIN,,,true,Notice of Assessment of Penalties,penalty_letter,INDEX_METADATA,index_action,,,,,,,,false,true,2024,Tallwoods Care Center
nj-doh-enforcement-0714,https://www.nj.gov/health/healthfacilities/surveys-insp/enforcement_actions.shtml,/health/healthfacilities/surveys-insp/ea-excel-care-at%20manalapan-05022024.pdf,https://www.nj.gov/health/healthfacilities/surveys-insp/ea-excel-care-at%20manalapan-05022024.pdf,EXISTING_HASH_VERIFIED,67cc5ef8dfa1b7d341e1c67a27017755faaeee46d997392caefd1f495f0c94dd,67cc5ef8dfa1b7d341e1c67a27017755faaeee46d997392caefd1f495f0c94dd,,CANONICAL,SEE_CORPUS_SUMMARY_GRAIN,,,true,Order Lifting Curtailment and Directed Plan of Correction,admission_curtailment,INDEX_METADATA,index_action,,,,,,,,false,true,2024,Excel Care at Manalapan
nj-doh-enforcement-0715,https://www.nj.gov/health/healthfacilities/surveys-insp/enforcement_actions.shtml,/health/healthfacilities/surveys-insp/ea-artis-senior-living-05022024.pdf,https://www.nj.gov/health/healthfacilities/surveys-insp/ea-artis-senior-living-05022024.pdf,EXISTING_HASH_VERIFIED,aef7025e8ac7545f18e22eeb30705053360db20c8ea3579b082bcecad0d0af15,aef7025e8ac7545f18e22eeb30705053360db20c8ea3579b082bcecad0d0af15,,CANONICAL,SEE_CORPUS_SUMMARY_GRAIN,,,true,Notice of Assessment of Penalties,penalty_letter,INDEX_METADATA,index_action,,,,,,,,false,true,2024,Artis Senior Living of Eatontown
nj-doh-enforcement-0716,https://www.nj.gov/health/healthfacilities/surveys-insp/enforcement_actions.shtml,/health/healthfacilities/surveys-insp/ea-atlas-rehab-and-healthcare-at-maywood-05012024.pdf,https://www.nj.gov/health/healthfacilities/surveys-insp/ea-atlas-rehab-and-healthcare-at-maywood-05012024.pdf,EXISTING_HASH_VERIFIED,ecd422e5f58460eb362258b579627b3c5ae72de90a673e0fafcd30d1dee15bfc,ecd422e5f58460eb362258b579627b3c5ae72de90a673e0fafcd30d1dee15bfc,,CANONICAL,SEE_CORPUS_SUMMARY_GRAIN,,,true,Notice of Assessment of Penalties,penalty_letter,INDEX_METADATA,index_action,,,,,,,,false,true,2024,Atlas Rehab and Healthcare at Maywood
nj-doh-enforcement-0717,https://www.nj.gov/health/healthfacilities/surveys-insp/enforcement_actions.shtml,/health/healthfacilities/surveys-insp/EA-Venetian-Care-and-Rehabilitation-Center-05012024.pdf,https://www.nj.gov/health/healthfacilities/surveys-insp/EA-Venetian-Care-and-Rehabilitation-Center-05012024.pdf,EXISTING_HASH_VERIFIED,be03d68a572a34ede2fbd53067ab631eaac82e6aefbc7a5b756072e9c7819c17,be03d68a572a34ede2fbd53067ab631eaac82e6aefbc7a5b756072e9c7819c17,,CANONICAL,SEE_CORPUS_SUMMARY_GRAIN,,,true,Notice of Assessment of Penalties,penalty_letter,INDEX_METADATA,index_action,,,,,,,,false,true,2024,Venetian Care and Rehabilitation Center
nj-doh-enforcement-0718,https://www.nj.gov/health/healthfacilities/surveys-insp/enforcement_actions.shtml,/health/healthfacilities/surveys-insp/ea-lawrence-rehab-and-hcc-the-meadows-at-lawrence-04242024.pdf,https://www.nj.gov/health/healthfacilities/surveys-insp/ea-lawrence-rehab-and-hcc-the-meadows-at-lawrence-04242024.pdf,EXISTING_HASH_VERIFIED,e7e9ff9fe0930aa5640cb34687437b6b69df801855409c0a0fe9fce8ba73767c,e7e9ff9fe0930aa5640cb34687437b6b69df801855409c0a0fe9fce8ba73767c,,CANONICAL,SEE_CORPUS_SUMMARY_GRAIN,,,true,Notice of Assessment of Penalties,penalty_letter,INDEX_METADATA,index_action,,,,,,,,false,true,2024,Lawrence Rehab & HCC/the Meadows at Lawrence
nj-doh-enforcement-0719,https://www.nj.gov/health/healthfacilities/surveys-insp/enforcement_actions.shtml,/health/healthfacilities/surveys-insp/ea-totowa-medical-imaging-04242024.pdf,https://www.nj.gov/health/healthfacilities/surveys-insp/ea-totowa-medical-imaging-04242024.pdf,EXISTING_HASH_VERIFIED,70a078834cbc894fc235961d3fb320e6bd7871705b036acdf7d349469cfaf135,70a078834cbc894fc235961d3fb320e6bd7871705b036acdf7d349469cfaf135,,CANONICAL,SEE_CORPUS_SUMMARY_GRAIN,,,true,Order Lifting Cease and Desist Order,other_expressly_identified_njdoh_action,INDEX_METADATA,index_action,,,,,,,,false,true,2024,"Totowa Medical Imaging, LLC"
nj-doh-enforcement-0720,https://www.nj.gov/health/healthfacilities/surveys-insp/enforcement_actions.shtml,/health/healthfacilities/surveys-insp/ea-totowa-medical-imaging-04192024.pdf,https://www.nj.gov/health/healthfacilities/surveys-insp/ea-totowa-medical-imaging-04192024.pdf,EXISTING_HASH_VERIFIED,a8e3867797b50b3428ce9831b34da724cde8b09c70e193459dc54ec011a9c230,a8e3867797b50b3428ce9831b34da724cde8b09c70e193459dc54ec011a9c230,,CANONICAL,SEE_CORPUS_SUMMARY_GRAIN,,,true,Cease and Desist Order,other_expressly_identified_njdoh_action,INDEX_METADATA,index_action,,,,,,,,false,true,2024,"Totowa Medical Imaging, LLC"
nj-doh-enforcement-0721,https://www.nj.gov/health/healthfacilities/surveys-insp/enforcement_actions.shtml,/health/healthfacilities/surveys-insp/ea-Barn-Hill-Care-and-Rehab-04172024.pdf,https://www.nj.gov/health/healthfacilities/surveys-insp/ea-Barn-Hill-Care-and-Rehab-04172024.pdf,EXISTING_HASH_VERIFIED,2b44733f28fa4e8595fd5a0b9d65455324ed892c0b51da1b37debf9d334bb095,2b44733f28fa4e8595fd5a0b9d65455324ed892c0b51da1b37debf9d334bb095,,CANONICAL,SEE_CORPUS_SUMMARY_GRAIN,,,true,Notice of Assessment of Penalties,penalty_letter,INDEX_METADATA,index_action,,,,,,,,false,true,2024,Barn Hill Care and Rehab
nj-doh-enforcement-0722,https://www.nj.gov/health/healthfacilities/surveys-insp/enforcement_actions.shtml,/health/healthfacilities/surveys-insp/ea-Doctors-Subacute-Healthcare-04172024.pdf,https://www.nj.gov/health/healthfacilities/surveys-insp/ea-Doctors-Subacute-Healthcare-04172024.pdf,EXISTING_HASH_VERIFIED,fa6e3e632360d5ab61c126cb0b13c18d2b7854800f5a6c1fabafc705f6a13104,fa6e3e632360d5ab61c126cb0b13c18d2b7854800f5a6c1fabafc705f6a13104,,CANONICAL,SEE_CORPUS_SUMMARY_GRAIN,,,true,Notice of Assessment of Penalties,penalty_letter,INDEX_METADATA,index_action,,,,,,,,false,true,2024,Doctors Subacute Healthcare
nj-doh-enforcement-0723,https://www.nj.gov/health/healthfacilities/surveys-insp/enforcement_actions.shtml,/health/healthfacilities/surveys-insp/ea-excel-care-at-manalapan-04162024.pdf,https://www.nj.gov/health/healthfacilities/surveys-insp/ea-excel-care-at-manalapan-04162024.pdf,EXISTING_HASH_VERIFIED,b7a080c8d74594ea0509f31ab1f97ea538238cd9bc4919365b1e3b764191667b,b7a080c8d74594ea0509f31ab1f97ea538238cd9bc4919365b1e3b764191667b,,CANONICAL,SEE_CORPUS_SUMMARY_GRAIN,,,true,Revised Curtailment of Admissions Order and Directed Plan of Correction,admission_curtailment,INDEX_METADATA,index_action,,,,,,,,false,true,2024,Excel Care at Manalapan
nj-doh-enforcement-0724,https://www.nj.gov/health/healthfacilities/surveys-insp/enforcement_actions.shtml,/health/healthfacilities/surveys-insp/ea-aristacare-at-whiting-04102024.pdf,https://www.nj.gov/health/healthfacilities/surveys-insp/ea-aristacare-at-whiting-04102024.pdf,EXISTING_HASH_VERIFIED,1f6175ce6629268c554a173cd731ace35a97480a3fa39f057111256b620e1b0c,1f6175ce6629268c554a173cd731ace35a97480a3fa39f057111256b620e1b0c,,CANONICAL,SEE_CORPUS_SUMMARY_GRAIN,,,true,Notice of Assessment of Penalties,penalty_letter,INDEX_METADATA,index_action,,,,,,,,false,true,2024,Aristacare at Whiting
nj-doh-enforcement-0725,https://www.nj.gov/health/healthfacilities/surveys-insp/enforcement_actions.shtml,/health/healthfacilities/surveys-insp/ea-bishop-mccarthy-center-for-rehab-and-healthcare-04102024.pdf,https://www.nj.gov/health/healthfacilities/surveys-insp/ea-bishop-mccarthy-center-for-rehab-and-healthcare-04102024.pdf,EXISTING_HASH_VERIFIED,2a079978559d2ade7eda8735355f78c42f387eca3325897d93771ad5e5f25c0a,2a079978559d2ade7eda8735355f78c42f387eca3325897d93771ad5e5f25c0a,,CANONICAL,SEE_CORPUS_SUMMARY_GRAIN,,,true,Notice of Assessment of Penalties,penalty_letter,INDEX_METADATA,index_action,,,,,,,,false,true,2024,Bishop McCarthy Center for Rehab & Healthcare
nj-doh-enforcement-0726,https://www.nj.gov/health/healthfacilities/surveys-insp/enforcement_actions.shtml,/health/healthfacilities/surveys-insp/ea-cornell-hall-care-center-and%20health-rehabilitation-center-04082024 .pdf,https://www.nj.gov/health/healthfacilities/surveys-insp/ea-cornell-hall-care-center-and%20health-rehabilitation-center-04082024%20.pdf,RECOVERED_AFTER_URL_NORMALIZATION,7e2592e7914d25efc27ff625c6969ff5c97f3521c7f4dc858ddc169d71768bf0,7e2592e7914d25efc27ff625c6969ff5c97f3521c7f4dc858ddc169d71768bf0,,CANONICAL,SEE_CORPUS_SUMMARY_GRAIN,,,true,Notice of Assessment of Penalties,penalty_letter,INDEX_METADATA,index_action,,,,,,,,false,true,2024,Cornell Hall Care & Health Rehabilitation Center
nj-doh-enforcement-0727,https://www.nj.gov/health/healthfacilities/surveys-insp/enforcement_actions.shtml,/health/healthfacilities/surveys-insp/ea-complete-care-at-kresson-view-04042024.pdf,https://www.nj.gov/health/healthfacilities/surveys-insp/ea-complete-care-at-kresson-view-04042024.pdf,EXISTING_HASH_VERIFIED,7737799d4726b82557296b88077dbc4c4dc73b3625aa2a8c8ae01020a0488980,7737799d4726b82557296b88077dbc4c4dc73b3625aa2a8c8ae01020a0488980,,CANONICAL,SEE_CORPUS_SUMMARY_GRAIN,,,true,Notice of Assessment of Penalties,penalty_letter,INDEX_METADATA,index_action,,,,,,,,false,true,2024,"Complete Care at Kresson View, LLC"
nj-doh-enforcement-0728,https://www.nj.gov/health/healthfacilities/surveys-insp/enforcement_actions.shtml,/health/healthfacilities/surveys-insp/ea-avant-rehabilitation-and-care-center-04032024.pdf,https://www.nj.gov/health/healthfacilities/surveys-insp/ea-avant-rehabilitation-and-care-center-04032024.pdf,EXISTING_HASH_VERIFIED,9f69769fed3d497c17b950d23f8e46b28f91e350d7d848aed285fb24b1311784,9f69769fed3d497c17b950d23f8e46b28f91e350d7d848aed285fb24b1311784,,CANONICAL,SEE_CORPUS_SUMMARY_GRAIN,,,true,Notice of Assessment of Penalties,penalty_letter,INDEX_METADATA,index_action,,,,,,,,false,true,2024,Avant Rehabilitation and Care Center
nj-doh-enforcement-0729,https://www.nj.gov/health/healthfacilities/surveys-insp/enforcement_actions.shtml,/health/healthfacilities/surveys-insp/ea-tallwoods-care-center-04022024.pdf,https://www.nj.gov/health/healthfacilities/surveys-insp/ea-tallwoods-care-center-04022024.pdf,EXISTING_HASH_VERIFIED,622166dbc37e61fe8ff4b0143c48819e70b910be0fb789784d880e3c1ca3507f,622166dbc37e61fe8ff4b0143c48819e70b910be0fb789784d880e3c1ca3507f,,CANONICAL,SEE_CORPUS_SUMMARY_GRAIN,,,true,Revised Information Requirement Order,other_expressly_identified_njdoh_action,INDEX_METADATA,index_action,,,,,,,,false,true,2024,Tallwoods Care Center
nj-doh-enforcement-0730,https://www.nj.gov/health/healthfacilities/surveys-insp/enforcement_actions.shtml,/health/healthfacilities/surveys-insp/ea-fountain-view-care-center-04022024.pdf,https://www.nj.gov/health/healthfacilities/surveys-insp/ea-fountain-view-care-center-04022024.pdf,EXISTING_HASH_VERIFIED,7be32284ca643dd11571885b7ed2a0b9f907171c06bcbbb5475fb26248bb8286,7be32284ca643dd11571885b7ed2a0b9f907171c06bcbbb5475fb26248bb8286,,CANONICAL,SEE_CORPUS_SUMMARY_GRAIN,,,true,Revised Information Requirement Order,other_expressly_identified_njdoh_action,INDEX_METADATA,index_action,,,,,,,,false,true,2024,Fountain View Care Center
nj-doh-enforcement-0731,https://www.nj.gov/health/healthfacilities/surveys-insp/enforcement_actions.shtml,/health/healthfacilities/surveys-insp/ea-excel-care-at-manalapan-03282024.pdf,https://www.nj.gov/health/healthfacilities/surveys-insp/ea-excel-care-at-manalapan-03282024.pdf,EXISTING_HASH_VERIFIED,210cf74a2d6c3e890c2758b9dab88d6489034cf500120d0d8c431d21fd5d3849,210cf74a2d6c3e890c2758b9dab88d6489034cf500120d0d8c431d21fd5d3849,,CANONICAL,SEE_CORPUS_SUMMARY_GRAIN,,,true,Notice of Assessment of Penalties,penalty_letter,INDEX_METADATA,index_action,,,,,,,,false,true,2024,Excel Care at Manalapan
nj-doh-enforcement-0732,https://www.nj.gov/health/healthfacilities/surveys-insp/enforcement_actions.shtml,/health/healthfacilities/surveys-insp/ea-mine-hill-surgical-center-03282024.pdf,https://www.nj.gov/health/healthfacilities/surveys-insp/ea-mine-hill-surgical-center-03282024.pdf,EXISTING_HASH_VERIFIED,8fc225e1020d91deca38cf79d1ea9ab2d9d8fec82e31fee38dc54c02d0a63fcd,8fc225e1020d91deca38cf79d1ea9ab2d9d8fec82e31fee38dc54c02d0a63fcd,,CANONICAL,SEE_CORPUS_SUMMARY_GRAIN,,,true,Order Lifting Cease and Desist Order,other_expressly_identified_njdoh_action,INDEX_METADATA,index_action,,,,,,,,false,true,2024,Mine Hill Surgical Center
nj-doh-enforcement-0733,https://www.nj.gov/health/healthfacilities/surveys-insp/enforcement_actions.shtml,/health/healthfacilities/surveys-insp/ea-atlas-post-acute-at-woodbury-country-club-03272024.pdf,https://www.nj.gov/health/healthfacilities/surveys-insp/ea-atlas-post-acute-at-woodbury-country-club-03272024.pdf,EXISTING_HASH_VERIFIED,6f178fcb4c49e1d9581ce83c16de8e61007eca1de419c4ff5dcd8d091a56125f,6f178fcb4c49e1d9581ce83c16de8e61007eca1de419c4ff5dcd8d091a56125f,,CANONICAL,SEE_CORPUS_SUMMARY_GRAIN,,,true,Order Lifting Directed Plan of Correction,directed_plan_of_correction,INDEX_METADATA,index_action,,,,,,,,false,true,2024,Atlas Post Acute at Woodbury Country Club
nj-doh-enforcement-0734,https://www.nj.gov/health/healthfacilities/surveys-insp/enforcement_actions.shtml,/health/healthfacilities/surveys-insp/ea-health-center-at-bloomingdale-03272024.pdf,https://www.nj.gov/health/healthfacilities/surveys-insp/ea-health-center-at-bloomingdale-03272024.pdf,EXISTING_HASH_VERIFIED,17d4e3c4ea55db2b8c1779f08fbe602d6f7c2ceaf69d8f1404d698117cc8ec6f,17d4e3c4ea55db2b8c1779f08fbe602d6f7c2ceaf69d8f1404d698117cc8ec6f,,CANONICAL,SEE_CORPUS_SUMMARY_GRAIN,,,true,Notice of Assessment of Penalties,penalty_letter,INDEX_METADATA,index_action,,,,,,,,false,true,2024,Health Center at Bloomingdale
nj-doh-enforcement-0735,https://www.nj.gov/health/healthfacilities/surveys-insp/enforcement_actions.shtml,/health/healthfacilities/surveys-insp/ea-brookhaven-health-care-center-03272024.pdf,https://www.nj.gov/health/healthfacilities/surveys-insp/ea-brookhaven-health-care-center-03272024.pdf,EXISTING_HASH_VERIFIED,7ae8038f624e82a1d03a9dcc5e5a4957d6f202471cc0b9711260d49fa3f075cb,7ae8038f624e82a1d03a9dcc5e5a4957d6f202471cc0b9711260d49fa3f075cb,,CANONICAL,SEE_CORPUS_SUMMARY_GRAIN,,,true,Notice of Assessment of Penalties,penalty_letter,INDEX_METADATA,index_action,,,,,,,,false,true,2024,Brookhaven Health Care Center
nj-doh-enforcement-0736,https://www.nj.gov/health/healthfacilities/surveys-insp/enforcement_actions.shtml,/health/healthfacilities/surveys-insp/ea-prestige-of-northfield-adult-medical-day-care-03262024.pdf,https://www.nj.gov/health/healthfacilities/surveys-insp/ea-prestige-of-northfield-adult-medical-day-care-03262024.pdf,EXISTING_HASH_VERIFIED,ab5056b0cda163bff81b05c0152eeb15f6ea2484c569628fba05448ba80112a9,ab5056b0cda163bff81b05c0152eeb15f6ea2484c569628fba05448ba80112a9,,CANONICAL,SEE_CORPUS_SUMMARY_GRAIN,,,true,Notice of Revised Assessment of Penalties,unclassified_regulatory_document,UNCLASSIFIED,index_action,,,,,,,,false,true,2024,Prestige of Northfield Adult Medical Day Care
nj-doh-enforcement-0737,https://www.nj.gov/health/healthfacilities/surveys-insp/enforcement_actions.shtml,/health/healthfacilities/surveys-insp/ea-mine-hill-surgical-center-03202024.pdf,https://www.nj.gov/health/healthfacilities/surveys-insp/ea-mine-hill-surgical-center-03202024.pdf,EXISTING_HASH_VERIFIED,1951c827647d891ba1e1730518a91382d7c6afd9dbe643fa3bd5196c1f3a13cd,1951c827647d891ba1e1730518a91382d7c6afd9dbe643fa3bd5196c1f3a13cd,,CANONICAL,SEE_CORPUS_SUMMARY_GRAIN,,,true,Cease and Desist Order,other_expressly_identified_njdoh_action,INDEX_METADATA,index_action,,,,,,,,false,true,2024,Mine Hill Surgical Center
nj-doh-enforcement-0738,https://www.nj.gov/health/healthfacilities/surveys-insp/enforcement_actions.shtml,/health/healthfacilities/surveys-insp/ea-hammonton-center-for-rehabilitation-and healthcare-03182024.pdf,https://www.nj.gov/health/healthfacilities/surveys-insp/ea-hammonton-center-for-rehabilitation-and%20healthcare-03182024.pdf,RECOVERED_AFTER_URL_NORMALIZATION,9bcf1ba9a8b9d827565832af8ba2fc806c69344c3b0fde4671b93cf0de8282b2,9bcf1ba9a8b9d827565832af8ba2fc806c69344c3b0fde4671b93cf0de8282b2,,CANONICAL,SEE_CORPUS_SUMMARY_GRAIN,,,true,Order Requiring Filing of Emergency Operations Plan,unclassified_regulatory_document,UNCLASSIFIED,index_action,,,,,,,,false,true,2024,Hammonton Center for Rehabilitation and Healthcare
nj-doh-enforcement-0739,https://www.nj.gov/health/healthfacilities/surveys-insp/enforcement_actions.shtml,/health/healthfacilities/surveys-insp/ea-deptford-center-for-rehabilitation-and-healthcare-03182024.pdf,https://www.nj.gov/health/healthfacilities/surveys-insp/ea-deptford-center-for-rehabilitation-and-healthcare-03182024.pdf,EXISTING_HASH_VERIFIED,8a95e8d2b91d50889e554f70804ac86fb8492906a6a370117e479328df4fd44d,8a95e8d2b91d50889e554f70804ac86fb8492906a6a370117e479328df4fd44d,,CANONICAL,SEE_CORPUS_SUMMARY_GRAIN,,,true,Order Requiring Filing of Emergency Operations Plan,unclassified_regulatory_document,UNCLASSIFIED,index_action,,,,,,,,false,true,2024,Deptford Center for Rehabilitation and Healthcare
nj-doh-enforcement-0740,https://www.nj.gov/health/healthfacilities/surveys-insp/enforcement_actions.shtml,/health/healthfacilities/surveys-insp/ea-excel-care-at-manalapan-03182024.pdf,https://www.nj.gov/health/healthfacilities/surveys-insp/ea-excel-care-at-manalapan-03182024.pdf,EXISTING_HASH_VERIFIED,18ed74ed499330a162a42b8644bc9b8672d82795e973c043f673cf27a0708ca3,18ed74ed499330a162a42b8644bc9b8672d82795e973c043f673cf27a0708ca3,,CANONICAL,SEE_CORPUS_SUMMARY_GRAIN,,,true,Curtailment of Admissions Order and Directed Plan of Correction,admission_curtailment,INDEX_METADATA,index_action,,,,,,,,false,true,2024,Excel Care at Manalapan
nj-doh-enforcement-0741,https://www.nj.gov/health/healthfacilities/surveys-insp/enforcement_actions.shtml,/health/healthfacilities/surveys-insp/ea-deptford-center-for-rehabilitation-and-healthcare-031502024.pdf,https://www.nj.gov/health/healthfacilities/surveys-insp/ea-deptford-center-for-rehabilitation-and-healthcare-031502024.pdf,EXISTING_HASH_VERIFIED,512134ea9a01ab7c626f59815bbadcbab450a1b301c54a48ec36048c8ca90346,512134ea9a01ab7c626f59815bbadcbab450a1b301c54a48ec36048c8ca90346,,CANONICAL,SEE_CORPUS_SUMMARY_GRAIN,,,true,Notice of Intent to Summarily Suspend,license_suspension,INDEX_METADATA,index_action,,,,,,,,false,true,2024,Deptford Center for Rehabilitation and Healthcare
nj-doh-enforcement-0742,https://www.nj.gov/health/healthfacilities/surveys-insp/enforcement_actions.shtml,/health/healthfacilities/surveys-insp/ea-hammonton-center-for-rehabiliatation-03152024.pdf,https://www.nj.gov/health/healthfacilities/surveys-insp/ea-hammonton-center-for-rehabiliatation-03152024.pdf,EXISTING_HASH_VERIFIED,0f4112abff2117e825372a96c8832160b16735ce80f5f1a640d0dff9eb78fe47,0f4112abff2117e825372a96c8832160b16735ce80f5f1a640d0dff9eb78fe47,,CANONICAL,SEE_CORPUS_SUMMARY_GRAIN,,,true,Notice of Intent to Summarily Suspend,license_suspension,INDEX_METADATA,index_action,,,,,,,,false,true,2024,Hammonton Center for Rehabilitation and Healthcare
nj-doh-enforcement-0743,https://www.nj.gov/health/healthfacilities/surveys-insp/enforcement_actions.shtml,/health/healthfacilities/surveys-insp/ea-carewell-health-medical-center-03152024.pdf,https://www.nj.gov/health/healthfacilities/surveys-insp/ea-carewell-health-medical-center-03152024.pdf,EXISTING_HASH_VERIFIED,8d802ec2ef46665ae4f23ac2479e84f540c99a5ed6f1bdb3ddfd63a7484bf521,8d802ec2ef46665ae4f23ac2479e84f540c99a5ed6f1bdb3ddfd63a7484bf521,,CANONICAL,SEE_CORPUS_SUMMARY_GRAIN,,,true,Order Revising Directed Plans of Correction,unclassified_regulatory_document,UNCLASSIFIED,index_action,,,,,,,,false,true,2024,Carewell Health Medical Center
nj-doh-enforcement-0744,https://www.nj.gov/health/healthfacilities/surveys-insp/enforcement_actions.shtml,/health/healthfacilities/surveys-insp/ea-carewell-health-medical-center-03132024.pdf,https://www.nj.gov/health/healthfacilities/surveys-insp/ea-carewell-health-medical-center-03132024.pdf,EXISTING_HASH_VERIFIED,afe4162edb74096742b923270ec6d5d53425accdd82f2d1469cc91076d23b194,afe4162edb74096742b923270ec6d5d53425accdd82f2d1469cc91076d23b194,,CANONICAL,SEE_CORPUS_SUMMARY_GRAIN,,,true,Notice of Order Lifting Divert Status,unclassified_regulatory_document,UNCLASSIFIED,index_action,,,,,,,,false,true,2024,Carewell Health Medical Center
nj-doh-enforcement-0745,https://www.nj.gov/health/healthfacilities/surveys-insp/enforcement_actions.shtml,/health/healthfacilities/surveys-insp/SaintClaresDoverHospitalOLDPOC.pdf,https://www.nj.gov/health/healthfacilities/surveys-insp/SaintClaresDoverHospitalOLDPOC.pdf,EXISTING_HASH_VERIFIED,1daaf64833e004cda6f7a70b613bcace5f409921738d898c515b10aa00a0dad2,1daaf64833e004cda6f7a70b613bcace5f409921738d898c515b10aa00a0dad2,,CANONICAL,SEE_CORPUS_SUMMARY_GRAIN,,,true,Order Lifting Directed Plan of Correction,directed_plan_of_correction,INDEX_METADATA,index_action,,,,,,,,false,true,2024,Saint Clare's Dover Hospital
nj-doh-enforcement-0746,https://www.nj.gov/health/healthfacilities/surveys-insp/enforcement_actions.shtml,/health/healthfacilities/surveys-insp/CarewellHealthMedicalCenterODS.pdf,https://www.nj.gov/health/healthfacilities/surveys-insp/CarewellHealthMedicalCenterODS.pdf,EXISTING_HASH_VERIFIED,1c3c9461388c7d60b6b1e2eb961275d238e7b3fceca267e559776936bf255028,1c3c9461388c7d60b6b1e2eb961275d238e7b3fceca267e559776936bf255028,,CANONICAL,SEE_CORPUS_SUMMARY_GRAIN,,,true,Order of Divert Status and On-Site Transportation,unclassified_regulatory_document,UNCLASSIFIED,index_action,,,,,,,,false,true,2024,Carewell Health Medical Center
nj-doh-enforcement-0747,https://www.nj.gov/health/healthfacilities/surveys-insp/enforcement_actions.shtml,/health/healthfacilities/surveys-insp/SterlingManorOLCADPOC.pdf,https://www.nj.gov/health/healthfacilities/surveys-insp/SterlingManorOLCADPOC.pdf,EXISTING_HASH_VERIFIED,ba4a123e44e8b02b99f3e1e8b6ff636dc0c719479db25c953e0ba5d4d83bf19f,ba4a123e44e8b02b99f3e1e8b6ff636dc0c719479db25c953e0ba5d4d83bf19f,,CANONICAL,SEE_CORPUS_SUMMARY_GRAIN,,,true,Order Lifting Curtailment of Admissions and Directed Plan of Correction,admission_curtailment,INDEX_METADATA,index_action,,,,,,,,false,true,2024,Sterling Manor and Healthcare
nj-doh-enforcement-0748,https://www.nj.gov/health/healthfacilities/surveys-insp/enforcement_actions.shtml,/health/healthfacilities/surveys-insp/CompleteCareatLaureltonNOAP.pdf,https://www.nj.gov/health/healthfacilities/surveys-insp/CompleteCareatLaureltonNOAP.pdf,EXISTING_HASH_VERIFIED,313cd2fdbdf4741a78098da46f7d2eda6462bed04c255716e1556bb57de0394e,313cd2fdbdf4741a78098da46f7d2eda6462bed04c255716e1556bb57de0394e,,CANONICAL,SEE_CORPUS_SUMMARY_GRAIN,,,true,Notice of Assessment of Penalties,penalty_letter,INDEX_METADATA,index_action,,,,,,,,false,true,2024,"Complete Care at Laurelton, LLC"
nj-doh-enforcement-0749,https://www.nj.gov/health/healthfacilities/surveys-insp/enforcement_actions.shtml,/health/healthfacilities/surveys-insp/EA-Crystal-Lake-Healthcare-and-Rehabilitation-02292024.pdf,https://www.nj.gov/health/healthfacilities/surveys-insp/EA-Crystal-Lake-Healthcare-and-Rehabilitation-02292024.pdf,EXISTING_HASH_VERIFIED,50ccb07ad19e3645b0c0d1d8d3a9599e65b909a9f7b0865812982bb47893023e,50ccb07ad19e3645b0c0d1d8d3a9599e65b909a9f7b0865812982bb47893023e,50ccb07ad19e3645b0c0d1d8d3a9599e65b909a9f7b0865812982bb47893023e,DUPLICATE_CONTENT,SEE_CORPUS_SUMMARY_GRAIN,,,true,Notice of Assessment of Penalties,penalty_letter,INDEX_METADATA,index_action,,,,,,,,false,true,2024,Crystal Lake Healthcare and Rehabilitation
nj-doh-enforcement-0750,https://www.nj.gov/health/healthfacilities/surveys-insp/enforcement_actions.shtml,/health/healthfacilities/surveys-insp/AX24009CenterforModernSurgeryNoticeofAssessmentofPenalties.pdf,https://www.nj.gov/health/healthfacilities/surveys-insp/AX24009CenterforModernSurgeryNoticeofAssessmentofPenalties.pdf,EXISTING_HASH_VERIFIED,0414145b40d67a6ee25adf1bd00d83fa08d453cfed8dbe6719ad8299615f4e7d,0414145b40d67a6ee25adf1bd00d83fa08d453cfed8dbe6719ad8299615f4e7d,,CANONICAL,SEE_CORPUS_SUMMARY_GRAIN,,,true,Notice of Assessment of Penalties,penalty_letter,INDEX_METADATA,index_action,,,,,,,,false,true,2024,Center for Modern Surgery
nj-doh-enforcement-0751,https://www.nj.gov/health/healthfacilities/surveys-insp/enforcement_actions.shtml,/health/healthfacilities/surveys-insp/CarewellHealthMedicalCenterRevisedDPOC.pdf,https://www.nj.gov/health/healthfacilities/surveys-insp/CarewellHealthMedicalCenterRevisedDPOC.pdf,EXISTING_HASH_VERIFIED,74b129c22aef928c5f1230d749359e0f25859c7267160f9f9019150e8e48a112,74b129c22aef928c5f1230d749359e0f25859c7267160f9f9019150e8e48a112,,CANONICAL,SEE_CORPUS_SUMMARY_GRAIN,,,true,Revised Second Amended Directed Plan Of Correction,directed_plan_of_correction,INDEX_METADATA,index_action,,,,,,,,false,true,2024,Carewell Health Medical Center
nj-doh-enforcement-0752,https://www.nj.gov/health/healthfacilities/surveys-insp/enforcement_actions.shtml,/health/healthfacilities/surveys-insp/X24005CarewellHealthMedicalCenterSecondAmendedDirectedPlanOfCorrection.pdf,https://www.nj.gov/health/healthfacilities/surveys-insp/X24005CarewellHealthMedicalCenterSecondAmendedDirectedPlanOfCorrection.pdf,EXISTING_HASH_VERIFIED,b76a4641f19f675509ecc198a2c031edbfaab43595dca4770bd5a071ac4dfa54,b76a4641f19f675509ecc198a2c031edbfaab43595dca4770bd5a071ac4dfa54,,CANONICAL,SEE_CORPUS_SUMMARY_GRAIN,,,true,Second Amended Directed Plan Of Correction,directed_plan_of_correction,INDEX_METADATA,index_action,,,,,,,,false,true,2024,Carewell Health Medical Center
nj-doh-enforcement-0753,https://www.nj.gov/health/healthfacilities/surveys-insp/enforcement_actions.shtml,/health/healthfacilities/surveys-insp/X24025SpringHillsPostAcuteWoodburyNoticeofAssessmentofPenalties.pdf,https://www.nj.gov/health/healthfacilities/surveys-insp/X24025SpringHillsPostAcuteWoodburyNoticeofAssessmentofPenalties.pdf,EXISTING_HASH_VERIFIED,516ca3fd8ce6af84115899269338b49855a7b7ca4dc39cfbfe8e1051ceaf1f83,516ca3fd8ce6af84115899269338b49855a7b7ca4dc39cfbfe8e1051ceaf1f83,,CANONICAL,SEE_CORPUS_SUMMARY_GRAIN,,,true,Notice of Assessment of Penalties,penalty_letter,INDEX_METADATA,index_action,,,,,,,,false,true,2024,Spring Hills Post Acute Woodbury
nj-doh-enforcement-0754,https://www.nj.gov/health/healthfacilities/surveys-insp/enforcement_actions.shtml,/health/healthfacilities/surveys-insp/X24024CompleteCareatGreenAcresNoticeofAssessmentofPenalties.pdf,https://www.nj.gov/health/healthfacilities/surveys-insp/X24024CompleteCareatGreenAcresNoticeofAssessmentofPenalties.pdf,EXISTING_HASH_VERIFIED,10f861996214fec8418fe2ba0b57ebe73478780a7f3e407b6459bfe5cd77ef06,10f861996214fec8418fe2ba0b57ebe73478780a7f3e407b6459bfe5cd77ef06,,CANONICAL,SEE_CORPUS_SUMMARY_GRAIN,,,true,Notice of Assessment of Penalties,penalty_letter,INDEX_METADATA,index_action,,,,,,,,false,true,2024,Complete Care at Green Acres
nj-doh-enforcement-0755,https://www.nj.gov/health/healthfacilities/surveys-insp/enforcement_actions.shtml,/health/healthfacilities/surveys-insp/CarewellHealthMedicalCenterADPOC.pdf,https://www.nj.gov/health/healthfacilities/surveys-insp/CarewellHealthMedicalCenterADPOC.pdf,EXISTING_HASH_VERIFIED,35a58b0e1c4c19359a74482b3bb6ee2e608921e3c1fcd89aacf951b852f5d3d7,35a58b0e1c4c19359a74482b3bb6ee2e608921e3c1fcd89aacf951b852f5d3d7,,CANONICAL,SEE_CORPUS_SUMMARY_GRAIN,,,true,Amended Directed Plan of Correction,directed_plan_of_correction,INDEX_METADATA,index_action,,,,,,,,false,true,2024,Carewell Health Medical Center
nj-doh-enforcement-0756,https://www.nj.gov/health/healthfacilities/surveys-insp/enforcement_actions.shtml,/health/healthfacilities/surveys-insp/CompleteCareatWoodlandsNOAP.pdf,https://www.nj.gov/health/healthfacilities/surveys-insp/CompleteCareatWoodlandsNOAP.pdf,EXISTING_HASH_VERIFIED,8aba4e906e03d6f0cfdd2249b70541e84e51aed8e32d18e8de718fca9ae172f7,8aba4e906e03d6f0cfdd2249b70541e84e51aed8e32d18e8de718fca9ae172f7,,CANONICAL,SEE_CORPUS_SUMMARY_GRAIN,,,true,Notice of Assessment of Penalties,penalty_letter,INDEX_METADATA,index_action,,,,,,,,false,true,2024,Complete Care at Woodlands
nj-doh-enforcement-0757,https://www.nj.gov/health/healthfacilities/surveys-insp/enforcement_actions.shtml,/health/healthfacilities/surveys-insp/X24022CareoneatHanoverTownshipNoticeofAssessmentofPenalties.pdf,https://www.nj.gov/health/healthfacilities/surveys-insp/X24022CareoneatHanoverTownshipNoticeofAssessmentofPenalties.pdf,EXISTING_HASH_VERIFIED,5053a5fff757716c5cdfe53b422238ee3858d68dfdc025b4ec315df8384ca6d1,5053a5fff757716c5cdfe53b422238ee3858d68dfdc025b4ec315df8384ca6d1,,CANONICAL,SEE_CORPUS_SUMMARY_GRAIN,,,true,Notice of Assessment of Penalties,penalty_letter,INDEX_METADATA,index_action,,,,,,,,false,true,2024,Careone at Hanover Township
nj-doh-enforcement-0758,https://www.nj.gov/health/healthfacilities/surveys-insp/enforcement_actions.shtml,/health/healthfacilities/surveys-insp/X24019EggHarborCareandRehabilitationCenterLLC01112024NoticeofAssessmentofPenalties.pdf,https://www.nj.gov/health/healthfacilities/surveys-insp/X24019EggHarborCareandRehabilitationCenterLLC01112024NoticeofAssessmentofPenalties.pdf,EXISTING_HASH_VERIFIED,ec74b19fee0e27c20b88d9288b110371017d644e9064807ef7b24b0ac9bb1857,ec74b19fee0e27c20b88d9288b110371017d644e9064807ef7b24b0ac9bb1857,,CANONICAL,SEE_CORPUS_SUMMARY_GRAIN,,,true,Notice of Assessment of Penalties,penalty_letter,INDEX_METADATA,index_action,,,,,,,,false,true,2024,"Harbor Care and Rehabilitation Center, LLC"
nj-doh-enforcement-0759,https://www.nj.gov/health/healthfacilities/surveys-insp/enforcement_actions.shtml,/health/healthfacilities/surveys-insp/EA-Hammonton-Center-for-Rehabilitation-and-Healthcare-02072024.pdf,https://www.nj.gov/health/healthfacilities/surveys-insp/EA-Hammonton-Center-for-Rehabilitation-and-Healthcare-02072024.pdf,EXISTING_HASH_VERIFIED,3ede9308e5f309034c0b75afbb09c5aaaee3b31660f73aeb02cfab5bc091129a,3ede9308e5f309034c0b75afbb09c5aaaee3b31660f73aeb02cfab5bc091129a,,CANONICAL,SEE_CORPUS_SUMMARY_GRAIN,,,true,Information Requirement Order,other_expressly_identified_njdoh_action,INDEX_METADATA,index_action,,,,,,,,false,true,2024,Hammonton Center for Rehabilitation and Healthcare
nj-doh-enforcement-0760,https://www.nj.gov/health/healthfacilities/surveys-insp/enforcement_actions.shtml,/health/healthfacilities/surveys-insp/AX24008CarePointHealth-ChristHospitalNoticeofOrdertoFileDisasterPlan.pdf,https://www.nj.gov/health/healthfacilities/surveys-insp/AX24008CarePointHealth-ChristHospitalNoticeofOrdertoFileDisasterPlan.pdf,EXISTING_HASH_VERIFIED,ccf41d807ee500db5bb5cf6b449cd5e9ea864197c881416ef2eaa8337b9b1811,ccf41d807ee500db5bb5cf6b449cd5e9ea864197c881416ef2eaa8337b9b1811,,CANONICAL,SEE_CORPUS_SUMMARY_GRAIN,,,true,Notice of Order to File Disaster Plan,unclassified_regulatory_document,UNCLASSIFIED,index_action,,,,,,,,false,true,2024,CarePoint Health-Christ Hospital
nj-doh-enforcement-0761,https://www.nj.gov/health/healthfacilities/surveys-insp/enforcement_actions.shtml,/health/healthfacilities/surveys-insp/AX24007CarePointHealth-HobokenUniveristyMedicalCenterNoticeofOrdertoFileDisasterPlan.pdf,https://www.nj.gov/health/healthfacilities/surveys-insp/AX24007CarePointHealth-HobokenUniveristyMedicalCenterNoticeofOrdertoFileDisasterPlan.pdf,EXISTING_HASH_VERIFIED,76bf9a4758d4790adda17118d143c96d02aab3dce1b00c93588c4a6ae523406c,76bf9a4758d4790adda17118d143c96d02aab3dce1b00c93588c4a6ae523406c,,CANONICAL,SEE_CORPUS_SUMMARY_GRAIN,,,true,Notice of Order to File Disaster Plan,unclassified_regulatory_document,UNCLASSIFIED,index_action,,,,,,,,false,true,2024,CarePoint Health-Hoboken University MedicalCenter
nj-doh-enforcement-0762,https://www.nj.gov/health/healthfacilities/surveys-insp/enforcement_actions.shtml,/health/healthfacilities/surveys-insp/EA-Deptford-Center-for-Rehabilitation-and-Healthcare-02072024.pdf,https://www.nj.gov/health/healthfacilities/surveys-insp/EA-Deptford-Center-for-Rehabilitation-and-Healthcare-02072024.pdf,EXISTING_HASH_VERIFIED,f3243e9f31bb398d824d6eeb711d39a0992269c506b6edef25fb4864de947564,f3243e9f31bb398d824d6eeb711d39a0992269c506b6edef25fb4864de947564,,CANONICAL,SEE_CORPUS_SUMMARY_GRAIN,,,true,Information Requirement Order,other_expressly_identified_njdoh_action,INDEX_METADATA,index_action,,,,,,,,false,true,2024,Deptford Center for Rehabilitation and Healthcare
nj-doh-enforcement-0763,https://www.nj.gov/health/healthfacilities/surveys-insp/enforcement_actions.shtml,/health/healthfacilities/surveys-insp/AX24006CarePointHealth-BayonneMedicalCenterNoticeofOrdertoFileDisasterPlan.pdf,https://www.nj.gov/health/healthfacilities/surveys-insp/AX24006CarePointHealth-BayonneMedicalCenterNoticeofOrdertoFileDisasterPlan.pdf,EXISTING_HASH_VERIFIED,f6375a0d220c1852c0c1cb6a445747bcfcbe812b11100f7e10251394db5831ff,f6375a0d220c1852c0c1cb6a445747bcfcbe812b11100f7e10251394db5831ff,,CANONICAL,SEE_CORPUS_SUMMARY_GRAIN,,,true,Notice of Order to File Disaster Plan,unclassified_regulatory_document,UNCLASSIFIED,index_action,,,,,,,,false,true,2024,CarePoint Health-Bayonne Medical Center
nj-doh-enforcement-0764,https://www.nj.gov/health/healthfacilities/surveys-insp/enforcement_actions.shtml,/health/healthfacilities/surveys-insp/LimecrestSubacuteandRehabCenterNLSSDPOC.pdf,https://www.nj.gov/health/healthfacilities/surveys-insp/LimecrestSubacuteandRehabCenterNLSSDPOC.pdf,EXISTING_HASH_VERIFIED,1f07126db63067b96ef6b2ed0d68776fd5518c0bfbb3304683d7ce2531e9e63d,1f07126db63067b96ef6b2ed0d68776fd5518c0bfbb3304683d7ce2531e9e63d,,CANONICAL,SEE_CORPUS_SUMMARY_GRAIN,,,true,"Notice of Lifting of Summary Suspension, Curtailment and Directed Plan of Correction",license_suspension,INDEX_METADATA,index_action,,,,,,,,false,true,2024,Limecrest Subacute and Rehabilitation Center
nj-doh-enforcement-0765,https://www.nj.gov/health/healthfacilities/surveys-insp/enforcement_actions.shtml,/health/healthfacilities/surveys-insp/CarewellHealthMedicalCenterDPOC.pdf,https://www.nj.gov/health/healthfacilities/surveys-insp/CarewellHealthMedicalCenterDPOC.pdf,EXISTING_HASH_VERIFIED,91eb7ea0ced858d68a5140e02950677c4ad00e3783d650fd94873c11c1fc4968,91eb7ea0ced858d68a5140e02950677c4ad00e3783d650fd94873c11c1fc4968,,CANONICAL,SEE_CORPUS_SUMMARY_GRAIN,,,true,Directed Plan of Correction,directed_plan_of_correction,INDEX_METADATA,index_action,,,,,,,,false,true,2024,Carewell Health Medical Center
nj-doh-enforcement-0766,https://www.nj.gov/health/healthfacilities/surveys-insp/enforcement_actions.shtml,/health/healthfacilities/surveys-insp/EA-Inspira-Medical-Center-Vineland-01312024.pdf,https://www.nj.gov/health/healthfacilities/surveys-insp/EA-Inspira-Medical-Center-Vineland-01312024.pdf,EXISTING_HASH_VERIFIED,8de5cc2cca702feff42fb11c78870766a02b1cb5cbfce37985362c41e2e6ed02,8de5cc2cca702feff42fb11c78870766a02b1cb5cbfce37985362c41e2e6ed02,,CANONICAL,SEE_CORPUS_SUMMARY_GRAIN,,,true,Notice of Assessment of Penalties,penalty_letter,INDEX_METADATA,index_action,,,,,,,,false,true,2024,Inspira Medical Center Vineland
nj-doh-enforcement-0767,https://www.nj.gov/health/healthfacilities/surveys-insp/enforcement_actions.shtml,/health/healthfacilities/surveys-insp/SpringHillsPostAcuteCareWoodburyDPOC.pdf,https://www.nj.gov/health/healthfacilities/surveys-insp/SpringHillsPostAcuteCareWoodburyDPOC.pdf,EXISTING_HASH_VERIFIED,724a8aca10c231e277b2babb30e395a655b09899c3c053bd154b4aa2ed04323b,724a8aca10c231e277b2babb30e395a655b09899c3c053bd154b4aa2ed04323b,,CANONICAL,SEE_CORPUS_SUMMARY_GRAIN,,,true,Directed Plan of Correction,directed_plan_of_correction,INDEX_METADATA,index_action,,,,,,,,false,true,2024,Spring Hills Post Acute Care Woodbury
nj-doh-enforcement-0768,https://www.nj.gov/health/healthfacilities/surveys-insp/enforcement_actions.shtml,/health/healthfacilities/surveys-insp/X24015MorristownPostAcuteRehabandNursingNoticeofAssessmentofPenalties.pdf,https://www.nj.gov/health/healthfacilities/surveys-insp/X24015MorristownPostAcuteRehabandNursingNoticeofAssessmentofPenalties.pdf,EXISTING_HASH_VERIFIED,6c513cc27e12d84502b45811083c81262b4db14722f7ac410bcf9eaed0630f78,6c513cc27e12d84502b45811083c81262b4db14722f7ac410bcf9eaed0630f78,,CANONICAL,SEE_CORPUS_SUMMARY_GRAIN,,,true,Notice of Assessment of Penalties,penalty_letter,INDEX_METADATA,index_action,,,,,,,,false,true,2024,Morristown Post Acute Rehab and Nursing
nj-doh-enforcement-0769,https://www.nj.gov/health/healthfacilities/surveys-insp/enforcement_actions.shtml,/health/healthfacilities/surveys-insp/X24016HudsonviewHealthCareCenterNoticeofAssessmentofPenalties.pdf,https://www.nj.gov/health/healthfacilities/surveys-insp/X24016HudsonviewHealthCareCenterNoticeofAssessmentofPenalties.pdf,EXISTING_HASH_VERIFIED,f2e887598af0772cf972be0c45f5c9f4e66d22307c8e57dc35c71b2f4b205af1,f2e887598af0772cf972be0c45f5c9f4e66d22307c8e57dc35c71b2f4b205af1,,CANONICAL,SEE_CORPUS_SUMMARY_GRAIN,,,true,Notice of Assessment of Penalties,penalty_letter,INDEX_METADATA,index_action,,,,,,,,false,true,2024,Hudsonview Health Care Center
nj-doh-enforcement-0770,https://www.nj.gov/health/healthfacilities/surveys-insp/enforcement_actions.shtml,/health/healthfacilities/surveys-insp/X23014AtriaTintonFallsOrderLiftingCurtailmentofAdmissionsandDPOC.pdf,https://www.nj.gov/health/healthfacilities/surveys-insp/X23014AtriaTintonFallsOrderLiftingCurtailmentofAdmissionsandDPOC.pdf,EXISTING_HASH_VERIFIED,8e3f7f869728f8bfd172252dd48493280c9b780da82c5dfbc4901c28ca50b9d5,8e3f7f869728f8bfd172252dd48493280c9b780da82c5dfbc4901c28ca50b9d5,8e3f7f869728f8bfd172252dd48493280c9b780da82c5dfbc4901c28ca50b9d5,CANONICAL,SEE_CORPUS_SUMMARY_GRAIN,,,true,Order Lifting Curtailment of Admissions and DPOC,admission_curtailment,INDEX_METADATA,index_action,,,,,,,,false,true,2024,Atria Tinton Falls
nj-doh-enforcement-0771,https://www.nj.gov/health/healthfacilities/surveys-insp/enforcement_actions.shtml,/health/healthfacilities/surveys-insp/X23017CaringHandsHospiceCurtailmentofAdmissionsOrder5_31_2023.pdf,https://www.nj.gov/health/healthfacilities/surveys-insp/X23017CaringHandsHospiceCurtailmentofAdmissionsOrder5_31_2023.pdf,EXISTING_HASH_VERIFIED,28261bd7a7629143b187a0393ed7a3709a0a3a6fa0aa1cd0446a8ec2ac7d8165,28261bd7a7629143b187a0393ed7a3709a0a3a6fa0aa1cd0446a8ec2ac7d8165,28261bd7a7629143b187a0393ed7a3709a0a3a6fa0aa1cd0446a8ec2ac7d8165,CANONICAL,SEE_CORPUS_SUMMARY_GRAIN,,,true,Curtailment of AdmissionsOrder,admission_curtailment,INDEX_METADATA,index_action,,,,,,,,false,true,2024,Caring Hands Hospice
nj-doh-enforcement-0772,https://www.nj.gov/health/healthfacilities/surveys-insp/enforcement_actions.shtml,/health/healthfacilities/surveys-insp/X23043LimecrestSubacuteandRehabCenterRevisedNoticeofSummarySuspension.pdf,https://www.nj.gov/health/healthfacilities/surveys-insp/X23043LimecrestSubacuteandRehabCenterRevisedNoticeofSummarySuspension.pdf,EXISTING_HASH_VERIFIED,96f33f5cb83f7d80d2d8409164ec84f59edcfcc74bb0d2a19777da8442a6b22b,96f33f5cb83f7d80d2d8409164ec84f59edcfcc74bb0d2a19777da8442a6b22b,,CANONICAL,SEE_CORPUS_SUMMARY_GRAIN,,,true,Revised Notice of Summary Suspension,license_suspension,INDEX_METADATA,index_action,,,,,,,,false,true,2024,Limecrest Subacute and Rehabilitation Center
nj-doh-enforcement-0773,https://www.nj.gov/health/healthfacilities/surveys-insp/enforcement_actions.shtml,/health/healthfacilities/surveys-insp/X23024PalaceRehabilitationandCareCenterNoticeofAssessmentofPenalties.pdf,https://www.nj.gov/health/healthfacilities/surveys-insp/X23024PalaceRehabilitationandCareCenterNoticeofAssessmentofPenalties.pdf,EXISTING_HASH_VERIFIED,b4ad64f007cc7a14f258fcc8260ecc8eab9e360166beda13af99241a4f9ee4d3,b4ad64f007cc7a14f258fcc8260ecc8eab9e360166beda13af99241a4f9ee4d3,b4ad64f007cc7a14f258fcc8260ecc8eab9e360166beda13af99241a4f9ee4d3,CANONICAL,SEE_CORPUS_SUMMARY_GRAIN,,,true,Notice of Assessment of Penalties,penalty_letter,INDEX_METADATA,index_action,,,,,,,,false,true,2024,Palace Rehabilitation and Care Center
nj-doh-enforcement-0774,https://www.nj.gov/health/healthfacilities/surveys-insp/enforcement_actions.shtml,/health/healthfacilities/surveys-insp/X23025HammontonCenterforRehabilitationandHealthcareNoticeofAssessmentofPenalties.pdf,https://www.nj.gov/health/healthfacilities/surveys-insp/X23025HammontonCenterforRehabilitationandHealthcareNoticeofAssessmentofPenalties.pdf,EXISTING_HASH_VERIFIED,1681c5c3e2753d6a661828ba8db008a41c0dc20d48122c573a3ee3c0f212644e,1681c5c3e2753d6a661828ba8db008a41c0dc20d48122c573a3ee3c0f212644e,1681c5c3e2753d6a661828ba8db008a41c0dc20d48122c573a3ee3c0f212644e,CANONICAL,SEE_CORPUS_SUMMARY_GRAIN,,,true,Notice of Assessment of Penalties,penalty_letter,INDEX_METADATA,index_action,,,,,,,,false,true,2024,Hammonton Center for Rehabilitation and Healthcare
nj-doh-enforcement-0775,https://www.nj.gov/health/healthfacilities/surveys-insp/enforcement_actions.shtml,/health/healthfacilities/surveys-insp/ea-silver-healthcare-center-01262024pdf.pdf,https://www.nj.gov/health/healthfacilities/surveys-insp/ea-silver-healthcare-center-01262024pdf.pdf,EXISTING_HASH_VERIFIED,f7e05722fd3c1f3584d6c3eb32ed1fbcbcb034b917d3ad357e5348cdcdcdb751,f7e05722fd3c1f3584d6c3eb32ed1fbcbcb034b917d3ad357e5348cdcdcdb751,f7e05722fd3c1f3584d6c3eb32ed1fbcbcb034b917d3ad357e5348cdcdcdb751,CANONICAL,SEE_CORPUS_SUMMARY_GRAIN,,,true,Notice of Assessment of Penalties,penalty_letter,INDEX_METADATA,index_action,,,,,,,,false,true,2024,Silver Healthcare Center
nj-doh-enforcement-0776,https://www.nj.gov/health/healthfacilities/surveys-insp/enforcement_actions.shtml,/health/healthfacilities/surveys-insp/ea-bessie-mae-01252024.pdf,https://www.nj.gov/health/healthfacilities/surveys-insp/ea-bessie-mae-01252024.pdf,EXISTING_HASH_VERIFIED,23287ab861bef5e8fa552be85ef8a554101a01ca86e06f02e4097c68dd3312bc,23287ab861bef5e8fa552be85ef8a554101a01ca86e06f02e4097c68dd3312bc,,CANONICAL,SEE_CORPUS_SUMMARY_GRAIN,,,true,Cease and Desist Order,other_expressly_identified_njdoh_action,INDEX_METADATA,index_action,,,,,,,,false,true,2024,Bessie Mae Women and Family Health Center
nj-doh-enforcement-0777,https://www.nj.gov/health/healthfacilities/surveys-insp/enforcement_actions.shtml,/health/healthfacilities/surveys-insp/CareoneatEastBrunswickNOAP.pdf,https://www.nj.gov/health/healthfacilities/surveys-insp/CareoneatEastBrunswickNOAP.pdf,EXISTING_HASH_VERIFIED,690c600e4475ba67c0e27aa2f6dc5f0ee9c0bf86b2c3f83e7af3397c29aa9e92,690c600e4475ba67c0e27aa2f6dc5f0ee9c0bf86b2c3f83e7af3397c29aa9e92,,CANONICAL,SEE_CORPUS_SUMMARY_GRAIN,,,true,Notice of Assessment of Penalties,penalty_letter,INDEX_METADATA,index_action,,,,,,,,false,true,2024,CareOne at East Brunswick
nj-doh-enforcement-0778,https://www.nj.gov/health/healthfacilities/surveys-insp/enforcement_actions.shtml,/health/healthfacilities/surveys-insp/CareoneatWallNoticeofAssessmentofPenalties.pdf,https://www.nj.gov/health/healthfacilities/surveys-insp/CareoneatWallNoticeofAssessmentofPenalties.pdf,EXISTING_HASH_VERIFIED,637c2f305e7f6368124d4998526206ab188d250eb575a22793f30bec9f9b895b,637c2f305e7f6368124d4998526206ab188d250eb575a22793f30bec9f9b895b,,CANONICAL,SEE_CORPUS_SUMMARY_GRAIN,,,true,Notice of Assessment of Penalties,penalty_letter,INDEX_METADATA,index_action,,,,,,,,false,true,2024,CareOne at Wall
nj-doh-enforcement-0779,https://www.nj.gov/health/healthfacilities/surveys-insp/enforcement_actions.shtml,/health/healthfacilities/surveys-insp/X23043LimecrestSubacuteandRehabilitationCenterNoticeofSummarySuspension.pdf,https://www.nj.gov/health/healthfacilities/surveys-insp/X23043LimecrestSubacuteandRehabilitationCenterNoticeofSummarySuspension.pdf,EXISTING_HASH_VERIFIED,ad885e86e4b19e7d0123c8bf3d62ab203ed676671aa51634dd85f5f3a0a6d18f,ad885e86e4b19e7d0123c8bf3d62ab203ed676671aa51634dd85f5f3a0a6d18f,,CANONICAL,SEE_CORPUS_SUMMARY_GRAIN,,,true,Notice of Summary Suspension,license_suspension,INDEX_METADATA,index_action,,,,,,,,false,true,2024,Limecrest Subacute and Rehabilitation Center
nj-doh-enforcement-0780,https://www.nj.gov/health/healthfacilities/surveys-insp/enforcement_actions.shtml,/health/healthfacilities/surveys-insp/BrandywineLivingatMountainRidgeNOAP.pdf,https://www.nj.gov/health/healthfacilities/surveys-insp/BrandywineLivingatMountainRidgeNOAP.pdf,EXISTING_HASH_VERIFIED,1cc1a9712d5f55cad9a6331013b8d9700a345e9dde139bd43484b16c6771cc30,1cc1a9712d5f55cad9a6331013b8d9700a345e9dde139bd43484b16c6771cc30,,CANONICAL,SEE_CORPUS_SUMMARY_GRAIN,,,true,Notice of Assessment of Penalties,penalty_letter,INDEX_METADATA,index_action,,,,,,,,false,true,2024,Brandywine Living at Mountain Ridge
nj-doh-enforcement-0781,https://www.nj.gov/health/healthfacilities/surveys-insp/enforcement_actions.shtml,/health/healthfacilities/surveys-insp/LimecrestSubacuteandRehabilitationCenterNOPLDPC.pdf,https://www.nj.gov/health/healthfacilities/surveys-insp/LimecrestSubacuteandRehabilitationCenterNOPLDPC.pdf,EXISTING_HASH_VERIFIED,642f91eb05490c0d0cd31cb1948e19654fce7da4a081d9fc2fcf921c14ca8879,642f91eb05490c0d0cd31cb1948e19654fce7da4a081d9fc2fcf921c14ca8879,,CANONICAL,SEE_CORPUS_SUMMARY_GRAIN,,,true,Notice of Partial Lifting of Directed Plan of Correction,directed_plan_of_correction,INDEX_METADATA,index_action,,,,,,,,false,true,2024,Limecrest Subacute and Rehabilitation Center
nj-doh-enforcement-0782,https://www.nj.gov/health/healthfacilities/surveys-insp/enforcement_actions.shtml,/health/healthfacilities/surveys-insp/LimecrestSubacuteandRehabilitationCenterNOISS.pdf,https://www.nj.gov/health/healthfacilities/surveys-insp/LimecrestSubacuteandRehabilitationCenterNOISS.pdf,EXISTING_HASH_VERIFIED,6a0fa029b679f75e4f46475232daa81ba696a2f9145f1c802d9fc9628b856806,6a0fa029b679f75e4f46475232daa81ba696a2f9145f1c802d9fc9628b856806,,CANONICAL,SEE_CORPUS_SUMMARY_GRAIN,,,true,Notice of Intent to Summarily Suspend,license_suspension,INDEX_METADATA,index_action,,,,,,,,false,true,2024,Limecrest Subacute and Rehabilitation Center
nj-doh-enforcement-0783,https://www.nj.gov/health/healthfacilities/surveys-insp/enforcement_actions.shtml,/health/healthfacilities/surveys-insp/X24010AutumnLakeHealthcareatOceanviewNOAP.pdf,https://www.nj.gov/health/healthfacilities/surveys-insp/X24010AutumnLakeHealthcareatOceanviewNOAP.pdf,EXISTING_HASH_VERIFIED,9ad299f1d0da17439959da59bcf14fc02ce4b139e97fa8bd0990f6e00b390390,9ad299f1d0da17439959da59bcf14fc02ce4b139e97fa8bd0990f6e00b390390,,CANONICAL,SEE_CORPUS_SUMMARY_GRAIN,,,true,Notice of Assessment of Penalties,penalty_letter,INDEX_METADATA,index_action,,,,,,,,false,true,2024,Autumn Lake Healthcare at Oceanview
nj-doh-enforcement-0784,https://www.nj.gov/health/healthfacilities/surveys-insp/enforcement_actions.shtml,/health/healthfacilities/surveys-insp/EA-Tallwoods-Care-Center-01112024.pdf,https://www.nj.gov/health/healthfacilities/surveys-insp/EA-Tallwoods-Care-Center-01112024.pdf,EXISTING_HASH_VERIFIED,09d0a02cbce88f7350fd8ec12bceb8e9dbd418228ce07abd02171d115bb30f92,09d0a02cbce88f7350fd8ec12bceb8e9dbd418228ce07abd02171d115bb30f92,,CANONICAL,SEE_CORPUS_SUMMARY_GRAIN,,,true,Information Requirement Order,other_expressly_identified_njdoh_action,INDEX_METADATA,index_action,,,,,,,,false,true,2024,Tallwoods Care Center
nj-doh-enforcement-0785,https://www.nj.gov/health/healthfacilities/surveys-insp/enforcement_actions.shtml,/health/healthfacilities/surveys-insp/EA-Fountain-View-Care-Center-01112024.pdf,https://www.nj.gov/health/healthfacilities/surveys-insp/EA-Fountain-View-Care-Center-01112024.pdf,EXISTING_HASH_VERIFIED,7a05ec74b148a5cd266163c20e024b5ec739de66750f1c2a50321c10c1f20fbd,7a05ec74b148a5cd266163c20e024b5ec739de66750f1c2a50321c10c1f20fbd,,CANONICAL,SEE_CORPUS_SUMMARY_GRAIN,,,true,Information Requirement Order,other_expressly_identified_njdoh_action,INDEX_METADATA,index_action,,,,,,,,false,true,2024,Fountain View Care Center
nj-doh-enforcement-0786,https://www.nj.gov/health/healthfacilities/surveys-insp/enforcement_actions.shtml,/health/healthfacilities/surveys-insp/AX23014AmbulatorySurgicalCenterofNJLLCOrderLiftingCurtailmentofServicesOrder.pdf,https://www.nj.gov/health/healthfacilities/surveys-insp/AX23014AmbulatorySurgicalCenterofNJLLCOrderLiftingCurtailmentofServicesOrder.pdf,EXISTING_HASH_VERIFIED,2dc4a27492d726e39e9906e4aee544c657698925c0600fd8dcd099ed817abd71,2dc4a27492d726e39e9906e4aee544c657698925c0600fd8dcd099ed817abd71,,CANONICAL,SEE_CORPUS_SUMMARY_GRAIN,,,true,Order Lifting Curtailment of Services Order,admission_curtailment,INDEX_METADATA,index_action,,,,,,,,false,true,2024,Ambulatory Surgical Center of NJ LLC
nj-doh-enforcement-0787,https://www.nj.gov/health/healthfacilities/surveys-insp/enforcement_actions.shtml,/health/healthfacilities/surveys-insp/X24006EchelonCareandRehabNoticeofAssessmentofPenalties.pdf,https://www.nj.gov/health/healthfacilities/surveys-insp/X24006EchelonCareandRehabNoticeofAssessmentofPenalties.pdf,EXISTING_HASH_VERIFIED,f34f0d7c52be4b425df92752f22c3625459fc7e0d3e733f4f756caf3077f0687,f34f0d7c52be4b425df92752f22c3625459fc7e0d3e733f4f756caf3077f0687,,CANONICAL,SEE_CORPUS_SUMMARY_GRAIN,,,true,Notice of Assessment of Penalties,penalty_letter,INDEX_METADATA,index_action,,,,,,,,false,true,2024,Echelon Care and Rehab
nj-doh-enforcement-0788,https://www.nj.gov/health/healthfacilities/surveys-insp/enforcement_actions.shtml,/health/healthfacilities/surveys-insp/EA-Complete-Care-at-Linwood-01092024.pdf,https://www.nj.gov/health/healthfacilities/surveys-insp/EA-Complete-Care-at-Linwood-01092024.pdf,EXISTING_HASH_VERIFIED,8d5db6ed5f991a3718be2a7f9ad2ddee986a349ddb801371549ee957eb13cb50,8d5db6ed5f991a3718be2a7f9ad2ddee986a349ddb801371549ee957eb13cb50,,CANONICAL,SEE_CORPUS_SUMMARY_GRAIN,,,true,Notice of Assessment of Penalties,penalty_letter,INDEX_METADATA,index_action,,,,,,,,false,true,2024,Complete Care at Linwood
nj-doh-enforcement-0789,https://www.nj.gov/health/healthfacilities/surveys-insp/enforcement_actions.shtml,/health/healthfacilities/surveys-insp/SterlingManorCOADPOC.pdf,https://www.nj.gov/health/healthfacilities/surveys-insp/SterlingManorCOADPOC.pdf,EXISTING_HASH_VERIFIED,f96e776bf9c6ba4528122023f1108cda49a1e25e6a5228c8f3a9cc23fd6fcfbd,f96e776bf9c6ba4528122023f1108cda49a1e25e6a5228c8f3a9cc23fd6fcfbd,,CANONICAL,SEE_CORPUS_SUMMARY_GRAIN,,,true,Curtailment of Admissions Order and Directed Plan of Correction,admission_curtailment,INDEX_METADATA,index_action,,,,,,,,false,true,2024,Sterling Manor
nj-doh-enforcement-0790,https://www.nj.gov/health/healthfacilities/surveys-insp/enforcement_actions.shtml,/health/healthfacilities/surveys-insp/AngelsofMercyNursingSkillsSchoolOrdertoCeaseUseofIllegalContractsPayRestitution.pdf,https://www.nj.gov/health/healthfacilities/surveys-insp/AngelsofMercyNursingSkillsSchoolOrdertoCeaseUseofIllegalContractsPayRestitution.pdf,EXISTING_HASH_VERIFIED,2bce9a0ddeaecf71f600e281992ebf547d39a221d5c8fbac7a613f373aa15068,2bce9a0ddeaecf71f600e281992ebf547d39a221d5c8fbac7a613f373aa15068,,CANONICAL,SEE_CORPUS_SUMMARY_GRAIN,,,true,Order to Cease Use of Illegal Contracts and Pay Restitution,unclassified_regulatory_document,UNCLASSIFIED,index_action,,,,,,,,false,true,2024,Angels of Mercy Nursing Skills School
nj-doh-enforcement-0791,https://www.nj.gov/health/healthfacilities/surveys-insp/enforcement_actions.shtml,/health/healthfacilities/surveys-insp/SinaiPostAcuteCareandRehabCenterNOAP.pdf,https://www.nj.gov/health/healthfacilities/surveys-insp/SinaiPostAcuteCareandRehabCenterNOAP.pdf,EXISTING_HASH_VERIFIED,06014654325e5d5fdacaa74d85fa88b9c4a53ea1feb5db5bf36d391db07b44c1,06014654325e5d5fdacaa74d85fa88b9c4a53ea1feb5db5bf36d391db07b44c1,,CANONICAL,SEE_CORPUS_SUMMARY_GRAIN,,,true,Notice of Assessment of Penalties,penalty_letter,INDEX_METADATA,index_action,,,,,,,,false,true,2024,Sinai Post Acute Nursing and Rehab Center
nj-doh-enforcement-0792,https://www.nj.gov/health/healthfacilities/surveys-insp/enforcement_actions.shtml,/health/healthfacilities/surveys-insp/SaintClaresDoverHospitalDPOC.pdf,https://www.nj.gov/health/healthfacilities/surveys-insp/SaintClaresDoverHospitalDPOC.pdf,EXISTING_HASH_VERIFIED,5457f32b355eb13518564287e08cbe3545f93090822353005ccf6b21d1e88917,5457f32b355eb13518564287e08cbe3545f93090822353005ccf6b21d1e88917,,CANONICAL,SEE_CORPUS_SUMMARY_GRAIN,,,true,Directed Plan of Correction,directed_plan_of_correction,INDEX_METADATA,index_action,,,,,,,,false,true,2024,Saint Clare's Dover Hospital
nj-doh-enforcement-0793,https://www.nj.gov/health/healthfacilities/surveys-insp/enforcement_actions.shtml,/health/healthfacilities/surveys-insp/CedarGroveRespiratoryandNursingCenterNOAP.pdf,https://www.nj.gov/health/healthfacilities/surveys-insp/CedarGroveRespiratoryandNursingCenterNOAP.pdf,EXISTING_HASH_VERIFIED,f3fbe586123f20610971539981382413e3d5a65e19c14c000355708ef319f724,f3fbe586123f20610971539981382413e3d5a65e19c14c000355708ef319f724,,CANONICAL,SEE_CORPUS_SUMMARY_GRAIN,,,true,Notice of Assessment of Penalties,penalty_letter,INDEX_METADATA,index_action,,,,,,,,false,true,2024,Cedar Grove Respiratory and Nursing Center
nj-doh-enforcement-0794,https://www.nj.gov/health/healthfacilities/surveys-insp/enforcement_actions.shtml,/health/healthfacilities/surveys-insp/AutumnLakeHealthcareatOceanviewNOAP.pdf,https://www.nj.gov/health/healthfacilities/surveys-insp/AutumnLakeHealthcareatOceanviewNOAP.pdf,EXISTING_HASH_VERIFIED,7cc7a7029bd954e99159501db2d1166cca6fae577163a057d2f57c74559e292d,7cc7a7029bd954e99159501db2d1166cca6fae577163a057d2f57c74559e292d,,CANONICAL,SEE_CORPUS_SUMMARY_GRAIN,,,true,Notice of Assessment of Penalties,penalty_letter,INDEX_METADATA,index_action,,,,,,,,false,true,2024,Autumn Lake Healthcare at Oceanview
nj-doh-enforcement-0795,https://www.nj.gov/health/healthfacilities/surveys-insp/enforcement_actions.shtml,/health/healthfacilities/surveys-insp/EA-Limecrest-Subacute-and-Rehab-12272023.pdf,https://www.nj.gov/health/healthfacilities/surveys-insp/EA-Limecrest-Subacute-and-Rehab-12272023.pdf,EXISTING_HASH_VERIFIED,fc08016ffc2f295fcfec750d593a5792c8701a74b7ca27e3a9dc9a15bf9edeba,fc08016ffc2f295fcfec750d593a5792c8701a74b7ca27e3a9dc9a15bf9edeba,,CANONICAL,SEE_CORPUS_SUMMARY_GRAIN,,,true,Information Requirement Order,other_expressly_identified_njdoh_action,INDEX_METADATA,index_action,,,,,,,,false,true,2023,Limecrest Subacute and Rehabilitation Center
nj-doh-enforcement-0796,https://www.nj.gov/health/healthfacilities/surveys-insp/enforcement_actions.shtml,/health/healthfacilities/surveys-insp/W2301ChristianHealthCareCenterWaiverrequestNATCEPProhibition.pdf,https://www.nj.gov/health/healthfacilities/surveys-insp/W2301ChristianHealthCareCenterWaiverrequestNATCEPProhibition.pdf,EXISTING_HASH_VERIFIED,e02b0b2b7a285e63c0c2f0b0bc9bacb31d554fcd4d3cf7a3ddc9da0a4d84961a,e02b0b2b7a285e63c0c2f0b0bc9bacb31d554fcd4d3cf7a3ddc9da0a4d84961a,,CANONICAL,SEE_CORPUS_SUMMARY_GRAIN,,,true,Temporary Waiver Granted,unclassified_regulatory_document,UNCLASSIFIED,index_action,,,,,,,,false,true,2023,Christian Healthcare Center Waiver Request NATCEP Prohibition
nj-doh-enforcement-0797,https://www.nj.gov/health/healthfacilities/surveys-insp/enforcement_actions.shtml,/health/healthfacilities/surveys-insp/X23339NoticeofAssessmentofPenaltiesOurLady'sCenterForRehabilitationandHealthcare.pdf,https://www.nj.gov/health/healthfacilities/surveys-insp/X23339NoticeofAssessmentofPenaltiesOurLady%27sCenterForRehabilitationandHealthcare.pdf,EXISTING_HASH_VERIFIED,6df430f1fc878a91e3175fb2825b261be526473e28576476bccc4d3c2ad0e563,6df430f1fc878a91e3175fb2825b261be526473e28576476bccc4d3c2ad0e563,,CANONICAL,SEE_CORPUS_SUMMARY_GRAIN,,,true,Notice of Assessment of Penalties,penalty_letter,INDEX_METADATA,index_action,,,,,,,,false,true,2023,Our Lady's Center for Rehabilitation and Healthcare
nj-doh-enforcement-0798,https://www.nj.gov/health/healthfacilities/surveys-insp/enforcement_actions.shtml,/health/healthfacilities/surveys-insp/CoralHarborRehabilitationNOAP.pdf,https://www.nj.gov/health/healthfacilities/surveys-insp/CoralHarborRehabilitationNOAP.pdf,EXISTING_HASH_VERIFIED,4a47f0e8a79b156635751874eb4ad86c44f3fb2c4e4269b0588b0297ec5c6b87,4a47f0e8a79b156635751874eb4ad86c44f3fb2c4e4269b0588b0297ec5c6b87,,CANONICAL,SEE_CORPUS_SUMMARY_GRAIN,,,true,Notice of Assessment of Penalties,penalty_letter,INDEX_METADATA,index_action,,,,,,,,false,true,2023,Coral Harbor Rehabilitation and Healthcare Center
nj-doh-enforcement-0799,https://www.nj.gov/health/healthfacilities/surveys-insp/enforcement_actions.shtml,/health/healthfacilities/surveys-insp/CrestHavenNursingRehabilitationCenterNOAP.pdf,https://www.nj.gov/health/healthfacilities/surveys-insp/CrestHavenNursingRehabilitationCenterNOAP.pdf,EXISTING_HASH_VERIFIED,cdde59646f63e3329187da4e8ce2fb3961cbe3ad1e04f54a53b55cb07ee15dac,cdde59646f63e3329187da4e8ce2fb3961cbe3ad1e04f54a53b55cb07ee15dac,,CANONICAL,SEE_CORPUS_SUMMARY_GRAIN,,,true,Notice of Assessment of Penalties,penalty_letter,INDEX_METADATA,index_action,,,,,,,,false,true,2023,Crest Haven Nursing and Rehabilitation Center
nj-doh-enforcement-0800,https://www.nj.gov/health/healthfacilities/surveys-insp/enforcement_actions.shtml,/health/healthfacilities/surveys-insp/CompleteCareatVoorheesNoticeofAssessmentofPenalties.pdf,https://www.nj.gov/health/healthfacilities/surveys-insp/CompleteCareatVoorheesNoticeofAssessmentofPenalties.pdf,EXISTING_HASH_VERIFIED,28671919ffe0010b342aee63f9aefef0c66f52095e011d05fa4c2428bd846e61,28671919ffe0010b342aee63f9aefef0c66f52095e011d05fa4c2428bd846e61,,CANONICAL,SEE_CORPUS_SUMMARY_GRAIN,,,true,Revised Notice of Assessment of Penalties,penalty_letter,INDEX_METADATA,index_action,,,,,,,,false,true,2023,"Complete Care at Voorhees, LLC"
nj-doh-enforcement-0801,https://www.nj.gov/health/healthfacilities/surveys-insp/enforcement_actions.shtml,/health/healthfacilities/surveys-insp/CompleteCareatVoorheesLLCNAP.pdf,https://www.nj.gov/health/healthfacilities/surveys-insp/CompleteCareatVoorheesLLCNAP.pdf,EXISTING_HASH_VERIFIED,469dac73d73d52af842b08db4a12f249be486881a562b9ed7287ad2a15c61b56,469dac73d73d52af842b08db4a12f249be486881a562b9ed7287ad2a15c61b56,,CANONICAL,SEE_CORPUS_SUMMARY_GRAIN,,,true,Notice of Assessment of Penalties,penalty_letter,INDEX_METADATA,index_action,,,,,,,,false,true,2023,"Complete Care at Voorhees, LLC"
nj-doh-enforcement-0802,https://www.nj.gov/health/healthfacilities/surveys-insp/enforcement_actions.shtml,/health/healthfacilities/surveys-insp/HomesteadRehabilitationandHealthcareCenterOCUIlCPR.pdf,https://www.nj.gov/health/healthfacilities/surveys-insp/HomesteadRehabilitationandHealthcareCenterOCUIlCPR.pdf,EXISTING_HASH_VERIFIED,35c439649ae815e50cebd273bddbb577ad00ff237c2c57bb635de762e018fd65,35c439649ae815e50cebd273bddbb577ad00ff237c2c57bb635de762e018fd65,,CANONICAL,SEE_CORPUS_SUMMARY_GRAIN,,,true,Order to Cease Use of Illegal Contracts and Pay Restitution,unclassified_regulatory_document,UNCLASSIFIED,index_action,,,,,,,,false,true,2023,Homestead Rehabilitation and Healthcare Center
nj-doh-enforcement-0803,https://www.nj.gov/health/healthfacilities/surveys-insp/enforcement_actions.shtml,/health/healthfacilities/surveys-insp/X23043LimecrestSubacuteandRehabilitationCenterCurtailmentofAdmissionsOrderandDirectedPlanOfCorrection.pdf,https://www.nj.gov/health/healthfacilities/surveys-insp/X23043LimecrestSubacuteandRehabilitationCenterCurtailmentofAdmissionsOrderandDirectedPlanOfCorrection.pdf,EXISTING_HASH_VERIFIED,b58ad27450db6d56c2ae744f9c2c468a41d8343d0ee297ba655b478e08fefbf2,b58ad27450db6d56c2ae744f9c2c468a41d8343d0ee297ba655b478e08fefbf2,,CANONICAL,SEE_CORPUS_SUMMARY_GRAIN,,,true,Curtailment of Admissions Order and Directed Plan of Correction,admission_curtailment,INDEX_METADATA,index_action,,,,,,,,false,true,2023,Limecrest Subacute and Rehab Center
nj-doh-enforcement-0804,https://www.nj.gov/health/healthfacilities/surveys-insp/enforcement_actions.shtml,/health/healthfacilities/surveys-insp/RevisedRiverviewEstateRehabandSeniorLivingRNOAP.pdf,https://www.nj.gov/health/healthfacilities/surveys-insp/RevisedRiverviewEstateRehabandSeniorLivingRNOAP.pdf,EXISTING_HASH_VERIFIED,5b7e19d7c39d27c426d519078b9651508e5a982105d7945a6cb98036c22a704f,5b7e19d7c39d27c426d519078b9651508e5a982105d7945a6cb98036c22a704f,,CANONICAL,SEE_CORPUS_SUMMARY_GRAIN,,,true,Revised Notice of Assessment of Penalties,penalty_letter,INDEX_METADATA,index_action,,,,,,,,false,true,2023,Riverview Estates Rehab and Senior Living
nj-doh-enforcement-0805,https://www.nj.gov/health/healthfacilities/surveys-insp/enforcement_actions.shtml,/health/healthfacilities/surveys-insp/Ambulatory%20SurgicalCenterofNJLLCOTLCS.pdf,https://www.nj.gov/health/healthfacilities/surveys-insp/Ambulatory%20SurgicalCenterofNJLLCOTLCS.pdf,EXISTING_HASH_VERIFIED,c163edd7660920bdb412e4415f0fef0ce030600b8a2a35077c727091dd24a232,c163edd7660920bdb412e4415f0fef0ce030600b8a2a35077c727091dd24a232,,CANONICAL,SEE_CORPUS_SUMMARY_GRAIN,,,true,"Order Temporarily Lifting Curtailment of Services for Purposes of Accreditation Survey (December 14, 2023, Only)",admission_curtailment,INDEX_METADATA,index_action,,,,,,,,false,true,2023,"Ambulatory Surgical Center of New Jersey, LLC"
nj-doh-enforcement-0806,https://www.nj.gov/health/healthfacilities/surveys-insp/enforcement_actions.shtml,/health/healthfacilities/surveys-insp/Rivervie%20EstatesRehabandSeniorLivingNOAP.pdf,https://www.nj.gov/health/healthfacilities/surveys-insp/Rivervie%20EstatesRehabandSeniorLivingNOAP.pdf,EXISTING_HASH_VERIFIED,fd5b4b3c37faf3c3afbed188e2a768529c2eddd26a5333428d32b70d19aabf9f,fd5b4b3c37faf3c3afbed188e2a768529c2eddd26a5333428d32b70d19aabf9f,,CANONICAL,SEE_CORPUS_SUMMARY_GRAIN,,,true,Notice of Assessment of Penalties,penalty_letter,INDEX_METADATA,index_action,,,,,,,,false,true,2023,Riverview Estates Rehab and Senior Living
nj-doh-enforcement-0807,https://www.nj.gov/health/healthfacilities/surveys-insp/enforcement_actions.shtml,/health/healthfacilities/surveys-insp/CarePointHealthHobokenUniversityMedicalCenterNoticeofAssessmentofPenalties.pdf,https://www.nj.gov/health/healthfacilities/surveys-insp/CarePointHealthHobokenUniversityMedicalCenterNoticeofAssessmentofPenalties.pdf,EXISTING_HASH_VERIFIED,493984fbe0a79cdc8f387d462da285445cad60830ff9351c26502812f666a2cb,493984fbe0a79cdc8f387d462da285445cad60830ff9351c26502812f666a2cb,,CANONICAL,SEE_CORPUS_SUMMARY_GRAIN,,,true,Notice of Assessment of Penalties,penalty_letter,INDEX_METADATA,index_action,,,,,,,,false,true,2023,Carepoint Health Hoboken University Medical Center
nj-doh-enforcement-0808,https://www.nj.gov/health/healthfacilities/surveys-insp/enforcement_actions.shtml,/health/healthfacilities/surveys-insp/CarePointHealthBayonneMedicalCenterNoticeofAssessmentofPenalties.pdf,https://www.nj.gov/health/healthfacilities/surveys-insp/CarePointHealthBayonneMedicalCenterNoticeofAssessmentofPenalties.pdf,EXISTING_HASH_VERIFIED,f3a183da73d53c5bbdc597cf64dc3fa84837f4e6207b545e2342fc5777bc31e3,f3a183da73d53c5bbdc597cf64dc3fa84837f4e6207b545e2342fc5777bc31e3,,CANONICAL,SEE_CORPUS_SUMMARY_GRAIN,,,true,Notice of Assessment of Penalties,penalty_letter,INDEX_METADATA,index_action,,,,,,,,false,true,2023,Carepoint Health Bayonne Medical Center
nj-doh-enforcement-0809,https://www.nj.gov/health/healthfacilities/surveys-insp/enforcement_actions.shtml,/health/healthfacilities/surveys-insp/CarePointHealthChristHospitalNoticeofAssessmentofPenalties.pdf,https://www.nj.gov/health/healthfacilities/surveys-insp/CarePointHealthChristHospitalNoticeofAssessmentofPenalties.pdf,EXISTING_HASH_VERIFIED,f87d728710dc27cc72bb6cb3276a2260a9540be3561d1e544fb6043d24653de5,f87d728710dc27cc72bb6cb3276a2260a9540be3561d1e544fb6043d24653de5,,CANONICAL,SEE_CORPUS_SUMMARY_GRAIN,,,true,Notice of Assessment of Penalties,penalty_letter,INDEX_METADATA,index_action,,,,,,,,false,true,2023,Carepoint Health Christ Hospital
nj-doh-enforcement-0810,https://www.nj.gov/health/healthfacilities/surveys-insp/enforcement_actions.shtml,/health/healthfacilities/surveys-insp/TheBirthCenterofNewJerseyOrderLiftingDirectedPlanofCorrection%20.pdf,https://www.nj.gov/health/healthfacilities/surveys-insp/TheBirthCenterofNewJerseyOrderLiftingDirectedPlanofCorrection%20.pdf,EXISTING_HASH_VERIFIED,eacad81914e73fdffaa68020027ed9dec4ca260ac89fc5a64a61c62584790b0f,eacad81914e73fdffaa68020027ed9dec4ca260ac89fc5a64a61c62584790b0f,,CANONICAL,SEE_CORPUS_SUMMARY_GRAIN,,,true,Order Lifting Directed Plan of Correction,directed_plan_of_correction,INDEX_METADATA,index_action,,,,,,,,false,true,2023,The Birth Center of New Jersey
nj-doh-enforcement-0811,https://www.nj.gov/health/healthfacilities/surveys-insp/enforcement_actions.shtml,/health/healthfacilities/surveys-insp/AmbulatorySurgicalCenterofNJOLCandDOrandICS.pdf,https://www.nj.gov/health/healthfacilities/surveys-insp/AmbulatorySurgicalCenterofNJOLCandDOrandICS.pdf,EXISTING_HASH_VERIFIED,59972a3a93ab7645c84fed4df85dcf1c47cc8413b33a9d2b74e296f48af40ad3,59972a3a93ab7645c84fed4df85dcf1c47cc8413b33a9d2b74e296f48af40ad3,,CANONICAL,SEE_CORPUS_SUMMARY_GRAIN,,,true,Order Lifting Cease and Desist Order and Imposing a Curtailment of Services,other_expressly_identified_njdoh_action,INDEX_METADATA,index_action,,,,,,,,false,true,2023,"Ambulatory Surgical Center of New Jersey, LLC"
nj-doh-enforcement-0812,https://www.nj.gov/health/healthfacilities/surveys-insp/enforcement_actions.shtml,/health/healthfacilities/surveys-insp/CountryArchCareCenterNoticeofAssessmentofPenalties.pdf,https://www.nj.gov/health/healthfacilities/surveys-insp/CountryArchCareCenterNoticeofAssessmentofPenalties.pdf,EXISTING_HASH_VERIFIED,6a343d09032e7fbea0389a7eceb14a203aade457d5296db012200c2d284c7f55,6a343d09032e7fbea0389a7eceb14a203aade457d5296db012200c2d284c7f55,,CANONICAL,SEE_CORPUS_SUMMARY_GRAIN,,,true,Notice of Assessment of Penalties,penalty_letter,INDEX_METADATA,index_action,,,,,,,,false,true,2023,Country Arch Care Center
nj-doh-enforcement-0813,https://www.nj.gov/health/healthfacilities/surveys-insp/enforcement_actions.shtml,/health/healthfacilities/surveys-insp/EA-Revised-Complete-Care-at-Bayshore-11062023.pdf,https://www.nj.gov/health/healthfacilities/surveys-insp/EA-Revised-Complete-Care-at-Bayshore-11062023.pdf,EXISTING_HASH_VERIFIED,15613aecfbe2eb885f06973d5dc0004ec085d22a25959e117950515b0660f71f,15613aecfbe2eb885f06973d5dc0004ec085d22a25959e117950515b0660f71f,,CANONICAL,SEE_CORPUS_SUMMARY_GRAIN,,,true,Revised Notice of Assessment of Penalties,penalty_letter,INDEX_METADATA,index_action,,,,,,,,false,true,2023,Complete Care at Bayshore
nj-doh-enforcement-0814,https://www.nj.gov/health/healthfacilities/surveys-insp/enforcement_actions.shtml,/health/healthfacilities/surveys-insp/CompleteCareatBayshoreNoticeofAssessmentofPenalties.pdf,https://www.nj.gov/health/healthfacilities/surveys-insp/CompleteCareatBayshoreNoticeofAssessmentofPenalties.pdf,EXISTING_HASH_VERIFIED,a96227f9ca06039bbacd435945140af3b94215127a5fa6bd85425c5eadc5883c,a96227f9ca06039bbacd435945140af3b94215127a5fa6bd85425c5eadc5883c,,CANONICAL,SEE_CORPUS_SUMMARY_GRAIN,,,true,Notice of Assessment of Penalties,penalty_letter,INDEX_METADATA,index_action,,,,,,,,false,true,2023,Preferred Care at Bayshore LLC
nj-doh-enforcement-0815,https://www.nj.gov/health/healthfacilities/surveys-insp/enforcement_actions.shtml,/health/healthfacilities/surveys-insp/CarneysPointFamilyPracticeNoticeofAssessmentofPenalties.pdf,https://www.nj.gov/health/healthfacilities/surveys-insp/CarneysPointFamilyPracticeNoticeofAssessmentofPenalties.pdf,EXISTING_HASH_VERIFIED,1bc8d8635cfcd4e239447e7f1e94cd2b5fabe079d104d523567d962fdea97075,1bc8d8635cfcd4e239447e7f1e94cd2b5fabe079d104d523567d962fdea97075,,CANONICAL,SEE_CORPUS_SUMMARY_GRAIN,,,true,Notice of Assessment of Penalties,penalty_letter,INDEX_METADATA,index_action,,,,,,,,false,true,2023,Carneys Point Family Practice
nj-doh-enforcement-0816,https://www.nj.gov/health/healthfacilities/surveys-insp/enforcement_actions.shtml,/health/healthfacilities/surveys-insp/TheBuckinghamatNorwoodCareandRehabilitationNoticeofAssessmentofPenalties.pdf,https://www.nj.gov/health/healthfacilities/surveys-insp/TheBuckinghamatNorwoodCareandRehabilitationNoticeofAssessmentofPenalties.pdf,EXISTING_HASH_VERIFIED,b2a6e18ab25b6c5b2f820f2307680766e78caa659a6994b9bec7e159e7a6335f,b2a6e18ab25b6c5b2f820f2307680766e78caa659a6994b9bec7e159e7a6335f,,CANONICAL,SEE_CORPUS_SUMMARY_GRAIN,,,true,Notice of Assessment of Penalties,penalty_letter,INDEX_METADATA,index_action,,,,,,,,false,true,2023,Buckingham at Norwood Care and Rehabilitation
nj-doh-enforcement-0817,https://www.nj.gov/health/healthfacilities/surveys-insp/enforcement_actions.shtml,/health/healthfacilities/surveys-insp/AmbulatorySurgicalCenterofNew%20JerseyLLCCeaseandDesistOrder.pdf,https://www.nj.gov/health/healthfacilities/surveys-insp/AmbulatorySurgicalCenterofNew%20JerseyLLCCeaseandDesistOrder.pdf,EXISTING_HASH_VERIFIED,8b9008cdc72c1255b6c1011e70752bba1643b2df5340c65b4def538745b0d77f,8b9008cdc72c1255b6c1011e70752bba1643b2df5340c65b4def538745b0d77f,,CANONICAL,SEE_CORPUS_SUMMARY_GRAIN,,,true,Cease and Desist Order,other_expressly_identified_njdoh_action,INDEX_METADATA,index_action,,,,,,,,false,true,2023,"Ambulatory Surgical Center of New Jersey, LLC"
nj-doh-enforcement-0818,https://www.nj.gov/health/healthfacilities/surveys-insp/enforcement_actions.shtml,/health/healthfacilities/surveys-insp/PromedicaSkilledNursingandRehabNoticeofAssessmentofPenalties.pdf,https://www.nj.gov/health/healthfacilities/surveys-insp/PromedicaSkilledNursingandRehabNoticeofAssessmentofPenalties.pdf,EXISTING_HASH_VERIFIED,ec8c9ff26ce75781f2025b33b1b27cc49f8559f0a049e5ea5c0e4a1addb73597,ec8c9ff26ce75781f2025b33b1b27cc49f8559f0a049e5ea5c0e4a1addb73597,,CANONICAL,SEE_CORPUS_SUMMARY_GRAIN,,,true,Notice of Assessment of Penalties,penalty_letter,INDEX_METADATA,index_action,,,,,,,,false,true,2023,Promedica Skilled Nursing and Rehab (Washington Twp.)
nj-doh-enforcement-0819,https://www.nj.gov/health/healthfacilities/surveys-insp/enforcement_actions.shtml,/health/healthfacilities/surveys-insp/CareoneatMoorestownNoticeofAssessmentofPenalties.pdf,https://www.nj.gov/health/healthfacilities/surveys-insp/CareoneatMoorestownNoticeofAssessmentofPenalties.pdf,EXISTING_HASH_VERIFIED,a3cd80aa994add6390d6695e066675d74d30230c0dc9e454531384ff33660ce5,a3cd80aa994add6390d6695e066675d74d30230c0dc9e454531384ff33660ce5,,CANONICAL,SEE_CORPUS_SUMMARY_GRAIN,,,true,Notice of Assessment of Penalties,penalty_letter,INDEX_METADATA,index_action,,,,,,,,false,true,2023,Careone at Moorestown
nj-doh-enforcement-0820,https://www.nj.gov/health/healthfacilities/surveys-insp/enforcement_actions.shtml,/health/healthfacilities/surveys-insp/PreferredCareatAbseconNoticeofAssessmentofPenalties.pdf,https://www.nj.gov/health/healthfacilities/surveys-insp/PreferredCareatAbseconNoticeofAssessmentofPenalties.pdf,EXISTING_HASH_VERIFIED,845474dfb4bd706249bf77e8b92dd94857fbf45f3d549d6d713d878605518312,845474dfb4bd706249bf77e8b92dd94857fbf45f3d549d6d713d878605518312,,CANONICAL,SEE_CORPUS_SUMMARY_GRAIN,,,true,Notice of Assessment of Penalties,penalty_letter,INDEX_METADATA,index_action,,,,,,,,false,true,2023,Preferred Care at Absecon
nj-doh-enforcement-0821,https://www.nj.gov/health/healthfacilities/surveys-insp/enforcement_actions.shtml,/health/healthfacilities/surveys-insp/HomesteadRehabilitationandHealthcareCenterNoticeofAssessmentofPenalties.pdf,https://www.nj.gov/health/healthfacilities/surveys-insp/HomesteadRehabilitationandHealthcareCenterNoticeofAssessmentofPenalties.pdf,EXISTING_HASH_VERIFIED,a3bd9764cb93a6890194fb3d382905faf9d5c310ed5a6fcef9dc3282e2502fb8,a3bd9764cb93a6890194fb3d382905faf9d5c310ed5a6fcef9dc3282e2502fb8,,CANONICAL,SEE_CORPUS_SUMMARY_GRAIN,,,true,Notice of Assessment of Penalties,penalty_letter,INDEX_METADATA,index_action,,,,,,,,false,true,2023,Homestead Rehabilitation Healthcare Center
nj-doh-enforcement-0822,https://www.nj.gov/health/healthfacilities/surveys-insp/enforcement_actions.shtml,/health/healthfacilities/surveys-insp/HammontonCenterforRehabilitationandHealthcareNoticeofAssessmentofPenalties.pdf,https://www.nj.gov/health/healthfacilities/surveys-insp/HammontonCenterforRehabilitationandHealthcareNoticeofAssessmentofPenalties.pdf,EXISTING_HASH_VERIFIED,f0f4a6264db1c943aed6024e445b70c4c3cee7951ec3ac1802c716630dec0b69,f0f4a6264db1c943aed6024e445b70c4c3cee7951ec3ac1802c716630dec0b69,,CANONICAL,SEE_CORPUS_SUMMARY_GRAIN,,,true,Notice of Assessment of Penalties,penalty_letter,INDEX_METADATA,index_action,,,,,,,,false,true,2023,Hammonton Center for Rehabilitation and Healthcare
nj-doh-enforcement-0823,https://www.nj.gov/health/healthfacilities/surveys-insp/enforcement_actions.shtml,/health/healthfacilities/surveys-insp/CaringHandsHospiceDirectedPlanofCorrection.pdf,https://www.nj.gov/health/healthfacilities/surveys-insp/CaringHandsHospiceDirectedPlanofCorrection.pdf,EXISTING_HASH_VERIFIED,82c942d74e902c280610af250745e4d8a44eb70ab470719d8688eab1e246398c,82c942d74e902c280610af250745e4d8a44eb70ab470719d8688eab1e246398c,,CANONICAL,SEE_CORPUS_SUMMARY_GRAIN,,,true,Directed Plan of Correction,directed_plan_of_correction,INDEX_METADATA,index_action,,,,,,,,false,true,2023,Caring Hands Hospice
nj-doh-enforcement-0824,https://www.nj.gov/health/healthfacilities/surveys-insp/enforcement_actions.shtml,/health/healthfacilities/surveys-insp/X23035CompleteCareatBrickLLCNoticeofAssessmentofPenalties.pdf,https://www.nj.gov/health/healthfacilities/surveys-insp/X23035CompleteCareatBrickLLCNoticeofAssessmentofPenalties.pdf,EXISTING_HASH_VERIFIED,28190a765d6823e83828e3a8080af5cd65d9908d4d090707808516683a70b579,28190a765d6823e83828e3a8080af5cd65d9908d4d090707808516683a70b579,,CANONICAL,SEE_CORPUS_SUMMARY_GRAIN,,,true,Notice of Assessment of Penalties,penalty_letter,INDEX_METADATA,index_action,,,,,,,,false,true,2023,Complete Care at Brick LLC
nj-doh-enforcement-0825,https://www.nj.gov/health/healthfacilities/surveys-insp/enforcement_actions.shtml,/health/healthfacilities/surveys-insp/X23032TheClareEstateNoticeofAssessmentofPenalties.pdf,https://www.nj.gov/health/healthfacilities/surveys-insp/X23032TheClareEstateNoticeofAssessmentofPenalties.pdf,EXISTING_HASH_VERIFIED,9aa1ca0260067e3bc57952f6ccb78886102dcb50668d765ef819efdb0930dd21,9aa1ca0260067e3bc57952f6ccb78886102dcb50668d765ef819efdb0930dd21,,CANONICAL,SEE_CORPUS_SUMMARY_GRAIN,,,true,Notice of Assessment of Penalties,penalty_letter,INDEX_METADATA,index_action,,,,,,,,false,true,2023,The Clare Estate
nj-doh-enforcement-0826,https://www.nj.gov/health/healthfacilities/surveys-insp/enforcement_actions.shtml,/health/healthfacilities/surveys-insp/X23022CompleteCareatBeyLeaCorrectedAmendedNoticeofPenalties.pdf,https://www.nj.gov/health/healthfacilities/surveys-insp/X23022CompleteCareatBeyLeaCorrectedAmendedNoticeofPenalties.pdf,EXISTING_HASH_VERIFIED,412b16f65d071711748ef35a9eea468f110f7bb92ea874522b1ce1397000f9db,412b16f65d071711748ef35a9eea468f110f7bb92ea874522b1ce1397000f9db,,CANONICAL,SEE_CORPUS_SUMMARY_GRAIN,,,true,Corrected Amended Notice of Assessment of Penalties,penalty_letter,INDEX_METADATA,index_action,,,,,,,,false,true,2023,Complete Care at Bey Lea
nj-doh-enforcement-0827,https://www.nj.gov/health/healthfacilities/surveys-insp/enforcement_actions.shtml,/health/healthfacilities/surveys-insp/X23022AmendedNoticeofAssessmentofPenaltiesCompleteCareatBeyLea.pdf,https://www.nj.gov/health/healthfacilities/surveys-insp/X23022AmendedNoticeofAssessmentofPenaltiesCompleteCareatBeyLea.pdf,EXISTING_HASH_VERIFIED,1d18fb9282d3fbaf9f0c663565617550eb78e43826d29a6898f738faf2ca0758,1d18fb9282d3fbaf9f0c663565617550eb78e43826d29a6898f738faf2ca0758,,CANONICAL,SEE_CORPUS_SUMMARY_GRAIN,,,true,Amended Notice of Assessment of Penalties,penalty_letter,INDEX_METADATA,index_action,,,,,,,,false,true,2023,Complete Care at Bey Lea
nj-doh-enforcement-0828,https://www.nj.gov/health/healthfacilities/surveys-insp/enforcement_actions.shtml,/health/healthfacilities/surveys-insp/LittleBrookNursingOrderLiftingDPOC%20.pdf,https://www.nj.gov/health/healthfacilities/surveys-insp/LittleBrookNursingOrderLiftingDPOC%20.pdf,EXISTING_HASH_VERIFIED,4ba7807422e1de48864aae2dbb86366c12105ba10ebd74debd638c78eb2ceda6,4ba7807422e1de48864aae2dbb86366c12105ba10ebd74debd638c78eb2ceda6,,CANONICAL,SEE_CORPUS_SUMMARY_GRAIN,,,true,Order Lifting Directed Plan of Correction,directed_plan_of_correction,INDEX_METADATA,index_action,,,,,,,,false,true,2023,Little Brook Nursing and Convalescent Home
nj-doh-enforcement-0829,https://www.nj.gov/health/healthfacilities/surveys-insp/enforcement_actions.shtml,/health/healthfacilities/surveys-insp/2ndhnamdcolcadpoc.pdf,https://www.nj.gov/health/healthfacilities/surveys-insp/2ndhnamdcolcadpoc.pdf,EXISTING_HASH_VERIFIED,fa2ab58502da64de1eb4390e43ad7a9841988e7b74c84edc500d5689fa5c8328,fa2ab58502da64de1eb4390e43ad7a9841988e7b74c84edc500d5689fa5c8328,,CANONICAL,SEE_CORPUS_SUMMARY_GRAIN,,,true,Order Lifting Curtailment and Directed Plan of Correction,admission_curtailment,INDEX_METADATA,index_action,,,,,,,,false,true,2023,2nd Home Newark Adult Medical Day Care
nj-doh-enforcement-0830,https://www.nj.gov/health/healthfacilities/surveys-insp/enforcement_actions.shtml,/health/healthfacilities/surveys-insp/SpringHillsPostAcuteMatawanOrderLiftingCurtailmentofAdmissionsandDirectedPlanofCorrection.pdf,https://www.nj.gov/health/healthfacilities/surveys-insp/SpringHillsPostAcuteMatawanOrderLiftingCurtailmentofAdmissionsandDirectedPlanofCorrection.pdf,EXISTING_HASH_VERIFIED,89895fd2724095ffdf8b7c374311ebcb4450aa2d91c8d773ec287f1c17a1dd6f,89895fd2724095ffdf8b7c374311ebcb4450aa2d91c8d773ec287f1c17a1dd6f,,CANONICAL,SEE_CORPUS_SUMMARY_GRAIN,,,true,Order Lifting Curtailment of Admissions and Directed Plan of Correction,admission_curtailment,INDEX_METADATA,index_action,,,,,,,,false,true,2023,Spring Hills Post Acute Matawan
nj-doh-enforcement-0831,https://www.nj.gov/health/healthfacilities/surveys-insp/enforcement_actions.shtml,/health/healthfacilities/surveys-insp/LittleBrookNursingOrderLiftingCurtailmentofAdmissions.pdf,https://www.nj.gov/health/healthfacilities/surveys-insp/LittleBrookNursingOrderLiftingCurtailmentofAdmissions.pdf,EXISTING_HASH_VERIFIED,2985c9b0e414cff9349521e815571a5caea1587fc19ee08dba8d46cfc7dcae23,2985c9b0e414cff9349521e815571a5caea1587fc19ee08dba8d46cfc7dcae23,,CANONICAL,SEE_CORPUS_SUMMARY_GRAIN,,,true,Order Lifting Curtailment of Admissions,admission_curtailment,INDEX_METADATA,index_action,,,,,,,,false,true,2023,Little Brook Nursing
nj-doh-enforcement-0832,https://www.nj.gov/health/healthfacilities/surveys-insp/enforcement_actions.shtml,/health/healthfacilities/surveys-insp/HammontonCenterforRehabOrderLiftingCurtailmentofAdmissionsandDirectedPlanofCorrection.pdf,https://www.nj.gov/health/healthfacilities/surveys-insp/HammontonCenterforRehabOrderLiftingCurtailmentofAdmissionsandDirectedPlanofCorrection.pdf,EXISTING_HASH_VERIFIED,e48f0af764f5d6d6a35681eadb5b11b84c4cc61d73a2b97b1e2d1f371b3beb09,e48f0af764f5d6d6a35681eadb5b11b84c4cc61d73a2b97b1e2d1f371b3beb09,,CANONICAL,SEE_CORPUS_SUMMARY_GRAIN,,,true,Order Lifting Curtailment of Admissions and Directed Plan of Correction,admission_curtailment,INDEX_METADATA,index_action,,,,,,,,false,true,2023,Hammonton Center for Rehabilitation and Healthcare
nj-doh-enforcement-0833,https://www.nj.gov/health/healthfacilities/surveys-insp/enforcement_actions.shtml,/health/healthfacilities/surveys-insp/MajesticCenterforRehabandSubacuteCareOrderliftingofAdmissionsandDirectedplanofCorrection.pdf,https://www.nj.gov/health/healthfacilities/surveys-insp/MajesticCenterforRehabandSubacuteCareOrderliftingofAdmissionsandDirectedplanofCorrection.pdf,EXISTING_HASH_VERIFIED,840da25f57e86cad4445c518e9bdf234d15e9b872fdfed0721b2f0eec9c39951,840da25f57e86cad4445c518e9bdf234d15e9b872fdfed0721b2f0eec9c39951,,CANONICAL,SEE_CORPUS_SUMMARY_GRAIN,,,true,Order Lifting Curtailment of Admissions and Directed Plan of Correction,admission_curtailment,INDEX_METADATA,index_action,,,,,,,,false,true,2023,Majestic Center for Rehab and Subacute Care
nj-doh-enforcement-0834,https://www.nj.gov/health/healthfacilities/surveys-insp/enforcement_actions.shtml,/health/healthfacilities/surveys-insp/SpringHillsPostAcuteMatawanOrderLiftingCurtailmentofReadmissions.pdf,https://www.nj.gov/health/healthfacilities/surveys-insp/SpringHillsPostAcuteMatawanOrderLiftingCurtailmentofReadmissions.pdf,EXISTING_HASH_VERIFIED,694c95186cf8719597fdfeaaeae885487e106cc0bf49800976cf89252119e0df,694c95186cf8719597fdfeaaeae885487e106cc0bf49800976cf89252119e0df,,CANONICAL,SEE_CORPUS_SUMMARY_GRAIN,,,true,Order Lifting Curtailment of Readmissions,admission_curtailment,INDEX_METADATA,index_action,,,,,,,,false,true,2023,Spring Hills Post Acute Matawan
nj-doh-enforcement-0835,https://www.nj.gov/health/healthfacilities/surveys-insp/enforcement_actions.shtml,/health/healthfacilities/surveys-insp/PrincetonCareCenterIntenttoSuspend81023.pdf,https://www.nj.gov/health/healthfacilities/surveys-insp/PrincetonCareCenterIntenttoSuspend81023.pdf,EXISTING_HASH_VERIFIED,455bc1729e96ce9a77829114d6f83ccbfae3de8b92548d000620cf6b9d1372c3,455bc1729e96ce9a77829114d6f83ccbfae3de8b92548d000620cf6b9d1372c3,,CANONICAL,SEE_CORPUS_SUMMARY_GRAIN,,,true,Notice of Intent to Summarily Suspend,license_suspension,INDEX_METADATA,index_action,,,,,,,,false,true,2023,Princeton Care Center
nj-doh-enforcement-0836,https://www.nj.gov/health/healthfacilities/surveys-insp/enforcement_actions.shtml,/health/healthfacilities/surveys-insp/PrincetonCareCenterCurtailmentOfAdmissionsOrderAndDirectionPlanOfCorrection.pdf,https://www.nj.gov/health/healthfacilities/surveys-insp/PrincetonCareCenterCurtailmentOfAdmissionsOrderAndDirectionPlanOfCorrection.pdf,EXISTING_HASH_VERIFIED,82a2cc44ce4029c546c52563d6e44f7e5b41917800f29f05d219f7bbaccd30d4,82a2cc44ce4029c546c52563d6e44f7e5b41917800f29f05d219f7bbaccd30d4,,CANONICAL,SEE_CORPUS_SUMMARY_GRAIN,,,true,Curtailment of Admissions Order and Directed Plan of Correction,admission_curtailment,INDEX_METADATA,index_action,,,,,,,,false,true,2023,Princeton Care Center
nj-doh-enforcement-0837,https://www.nj.gov/health/healthfacilities/surveys-insp/enforcement_actions.shtml,/health/healthfacilities/surveys-insp/2ndHomeNewarkAdultMedicalDayCareCurtailmentOrderAndDirectedPlanofCorrection.pdf,https://www.nj.gov/health/healthfacilities/surveys-insp/2ndHomeNewarkAdultMedicalDayCareCurtailmentOrderAndDirectedPlanofCorrection.pdf,EXISTING_HASH_VERIFIED,58d4a7ba4bc7b487dd264c112d4e0c74b843caf7d6d8cea0525ec2f507f0b79e,58d4a7ba4bc7b487dd264c112d4e0c74b843caf7d6d8cea0525ec2f507f0b79e,,CANONICAL,SEE_CORPUS_SUMMARY_GRAIN,,,true,Curtailment Order and Directed Plan of Correction,admission_curtailment,INDEX_METADATA,index_action,,,,,,,,false,true,2023,2nd Home Newark Adult Medical Day Care
nj-doh-enforcement-0838,https://www.nj.gov/health/healthfacilities/surveys-insp/enforcement_actions.shtml,/health/healthfacilities/surveys-insp/SpringOakAssistedLivingatVinlandNoticeofAssessmentofPenalties.pdf,https://www.nj.gov/health/healthfacilities/surveys-insp/SpringOakAssistedLivingatVinlandNoticeofAssessmentofPenalties.pdf,EXISTING_HASH_VERIFIED,ffa5002e64b865c7c142b5dbd16dc8283669d1283769935becd3f30245f92f0c,ffa5002e64b865c7c142b5dbd16dc8283669d1283769935becd3f30245f92f0c,,CANONICAL,SEE_CORPUS_SUMMARY_GRAIN,,,true,Notice of Assessment of Penalties,penalty_letter,INDEX_METADATA,index_action,,,,,,,,false,true,2023,Spring Oak Assisted Living at Vinland
nj-doh-enforcement-0839,https://www.nj.gov/health/healthfacilities/surveys-insp/enforcement_actions.shtml,/health/healthfacilities/surveys-insp/SpringHillsPostAcuteMatawanAmendmenttoDirectedPlanofCorrection.pdf,https://www.nj.gov/health/healthfacilities/surveys-insp/SpringHillsPostAcuteMatawanAmendmenttoDirectedPlanofCorrection.pdf,EXISTING_HASH_VERIFIED,6856ef2f647258d4e59b4b96002101e61e18efc450925082bdf9f397fe57bb74,6856ef2f647258d4e59b4b96002101e61e18efc450925082bdf9f397fe57bb74,,CANONICAL,SEE_CORPUS_SUMMARY_GRAIN,,,true,Amendment to Directed Plan of Correction,directed_plan_of_correction,INDEX_METADATA,index_action,,,,,,,,false,true,2023,Spring Hills Post Acute Matawan
nj-doh-enforcement-0840,https://www.nj.gov/health/healthfacilities/surveys-insp/enforcement_actions.shtml,/health/healthfacilities/surveys-insp/AristacareatCedarOaksNoticeofRecissionofPenalty.pdf,https://www.nj.gov/health/healthfacilities/surveys-insp/AristacareatCedarOaksNoticeofRecissionofPenalty.pdf,EXISTING_HASH_VERIFIED,cbfa9dd561ba4c0fa18f77cc70a9fd1bb573fda19fceab4c6e00016545f4bdd5,cbfa9dd561ba4c0fa18f77cc70a9fd1bb573fda19fceab4c6e00016545f4bdd5,,CANONICAL,SEE_CORPUS_SUMMARY_GRAIN,,,true,Notice of Recission of Penalty,civil_monetary_penalty,INDEX_METADATA,index_action,,,,,,,,false,true,2023,Aristacare at Cedar Oaks
nj-doh-enforcement-0841,https://www.nj.gov/health/healthfacilities/surveys-insp/enforcement_actions.shtml,/health/healthfacilities/surveys-insp/PrestigeofNorthfieldAMDCNoticeofAssessmentofPenalties.pdf,https://www.nj.gov/health/healthfacilities/surveys-insp/PrestigeofNorthfieldAMDCNoticeofAssessmentofPenalties.pdf,EXISTING_HASH_VERIFIED,85273bcd8fe785a49cc9cdaae377a4b588a6fbfd29e0c78df0be3f6e5e9a726b,85273bcd8fe785a49cc9cdaae377a4b588a6fbfd29e0c78df0be3f6e5e9a726b,,CANONICAL,SEE_CORPUS_SUMMARY_GRAIN,,,true,Notice of Assessment of Penalties,penalty_letter,INDEX_METADATA,index_action,,,,,,,,false,true,2023,Prestige of Northfield AMDC
nj-doh-enforcement-0842,https://www.nj.gov/health/healthfacilities/surveys-insp/enforcement_actions.shtml,/health/healthfacilities/surveys-insp/ZufallHealthCenterIncOrderLiftingCurtailmentofServices.pdf,https://www.nj.gov/health/healthfacilities/surveys-insp/ZufallHealthCenterIncOrderLiftingCurtailmentofServices.pdf,EXISTING_HASH_VERIFIED,9c863c357a6648055f50e87c3e56e8f4a0752af80866db0df1de2bc56ec49e78,9c863c357a6648055f50e87c3e56e8f4a0752af80866db0df1de2bc56ec49e78,,CANONICAL,SEE_CORPUS_SUMMARY_GRAIN,,,true,Order Lifting Curtailment of Services,admission_curtailment,INDEX_METADATA,index_action,,,,,,,,false,true,2023,"Zufall Health Center, Inc."
nj-doh-enforcement-0843,https://www.nj.gov/health/healthfacilities/surveys-insp/enforcement_actions.shtml,/health/healthfacilities/surveys-insp/SpringHillsPostAcuteMatawanCurtailmentofAdmissionsandReadmissionsOrderandDirectedPlanofCorrection.pdf,https://www.nj.gov/health/healthfacilities/surveys-insp/SpringHillsPostAcuteMatawanCurtailmentofAdmissionsandReadmissionsOrderandDirectedPlanofCorrection.pdf,EXISTING_HASH_VERIFIED,ded3ce71231de2f8da52f13edd99049f7353c5a15c53f3d7e9300166d6dc1a07,ded3ce71231de2f8da52f13edd99049f7353c5a15c53f3d7e9300166d6dc1a07,,CANONICAL,SEE_CORPUS_SUMMARY_GRAIN,,,true,Curtailment of Admissions and Readmissions Order and Directed Plan of Correction,admission_curtailment,INDEX_METADATA,index_action,,,,,,,,false,true,2023,Spring Hills Post Acute Matawan
nj-doh-enforcement-0844,https://www.nj.gov/health/healthfacilities/surveys-insp/enforcement_actions.shtml,/health/healthfacilities/surveys-insp/MajesticCenterforRehabandSubacuteCareCurtailmentofAdmissionsandDirectedPlanofCorrection.pdf,https://www.nj.gov/health/healthfacilities/surveys-insp/MajesticCenterforRehabandSubacuteCareCurtailmentofAdmissionsandDirectedPlanofCorrection.pdf,EXISTING_HASH_VERIFIED,e0579470454789a15df50624e560c16af1f04120d0cac8f4961590c2f0e22b54,e0579470454789a15df50624e560c16af1f04120d0cac8f4961590c2f0e22b54,,CANONICAL,SEE_CORPUS_SUMMARY_GRAIN,,,true,Curtailment of Admissions and Directed Plan of Correction,admission_curtailment,INDEX_METADATA,index_action,,,,,,,,false,true,2023,Majestic Center for Rehab & Subacute Care
nj-doh-enforcement-0845,https://www.nj.gov/health/healthfacilities/surveys-insp/enforcement_actions.shtml,/health/healthfacilities/surveys-insp/EA-Prestige-of-Northfield-Adult-07142023.pdf,https://www.nj.gov/health/healthfacilities/surveys-insp/EA-Prestige-of-Northfield-Adult-07142023.pdf,EXISTING_HASH_VERIFIED,f548b1d6fa482fc618981465132d3f5d57ad311455b94063285921faa0c75376,f548b1d6fa482fc618981465132d3f5d57ad311455b94063285921faa0c75376,,CANONICAL,SEE_CORPUS_SUMMARY_GRAIN,,,true,Notice of Assessment of Penalties,penalty_letter,INDEX_METADATA,index_action,,,,,,,,false,true,2023,Prestige of Northfield Adult Medical Day Care
nj-doh-enforcement-0846,https://www.nj.gov/health/healthfacilities/surveys-insp/enforcement_actions.shtml,/health/healthfacilities/surveys-insp/MorrisAdultDayCareOrderLiftingCurtailmentofAdmissionsOrderandDirectedPlanofCorrection.pdf,https://www.nj.gov/health/healthfacilities/surveys-insp/MorrisAdultDayCareOrderLiftingCurtailmentofAdmissionsOrderandDirectedPlanofCorrection.pdf,EXISTING_HASH_VERIFIED,ba07374a31c81c9560427971a35c5826ee20592df685fee91ee6993dc9dabcd6,ba07374a31c81c9560427971a35c5826ee20592df685fee91ee6993dc9dabcd6,,CANONICAL,SEE_CORPUS_SUMMARY_GRAIN,,,true,Order Lifting Curtailment of Admissions Order and Directed Plan of Correction,admission_curtailment,INDEX_METADATA,index_action,,,,,,,,false,true,2023,Morris Adult Day Care
nj-doh-enforcement-0847,https://www.nj.gov/health/healthfacilities/surveys-insp/enforcement_actions.shtml,/health/healthfacilities/surveys-insp/ea-silver-healthcare-center-6282023.pdf,https://www.nj.gov/health/healthfacilities/surveys-insp/ea-silver-healthcare-center-6282023.pdf,EXISTING_HASH_VERIFIED,f7e05722fd3c1f3584d6c3eb32ed1fbcbcb034b917d3ad357e5348cdcdcdb751,f7e05722fd3c1f3584d6c3eb32ed1fbcbcb034b917d3ad357e5348cdcdcdb751,f7e05722fd3c1f3584d6c3eb32ed1fbcbcb034b917d3ad357e5348cdcdcdb751,DUPLICATE_CONTENT,SEE_CORPUS_SUMMARY_GRAIN,,,true,Notice of Assessment of Penalties,penalty_letter,INDEX_METADATA,index_action,,,,,,,,false,true,2023,Silver Healthcare Center
nj-doh-enforcement-0848,https://www.nj.gov/health/healthfacilities/surveys-insp/enforcement_actions.shtml,/health/healthfacilities/surveys-insp/ea-palace-rehabilitation-and-care-center-06272023.pdf,https://www.nj.gov/health/healthfacilities/surveys-insp/ea-palace-rehabilitation-and-care-center-06272023.pdf,EXISTING_HASH_VERIFIED,b4ad64f007cc7a14f258fcc8260ecc8eab9e360166beda13af99241a4f9ee4d3,b4ad64f007cc7a14f258fcc8260ecc8eab9e360166beda13af99241a4f9ee4d3,b4ad64f007cc7a14f258fcc8260ecc8eab9e360166beda13af99241a4f9ee4d3,DUPLICATE_CONTENT,SEE_CORPUS_SUMMARY_GRAIN,,,true,Notice of Assessment of Penalties,penalty_letter,INDEX_METADATA,index_action,,,,,,,,false,true,2023,Palace Rehabilitation and Care Center
nj-doh-enforcement-0849,https://www.nj.gov/health/healthfacilities/surveys-insp/enforcement_actions.shtml,/health/healthfacilities/surveys-insp/ea-hammonton-center-for-rehabilitation-and-healthcare-06272023.pdf,https://www.nj.gov/health/healthfacilities/surveys-insp/ea-hammonton-center-for-rehabilitation-and-healthcare-06272023.pdf,EXISTING_HASH_VERIFIED,1681c5c3e2753d6a661828ba8db008a41c0dc20d48122c573a3ee3c0f212644e,1681c5c3e2753d6a661828ba8db008a41c0dc20d48122c573a3ee3c0f212644e,1681c5c3e2753d6a661828ba8db008a41c0dc20d48122c573a3ee3c0f212644e,DUPLICATE_CONTENT,SEE_CORPUS_SUMMARY_GRAIN,,,true,Notice of Assessment of Penalties,penalty_letter,INDEX_METADATA,index_action,,,,,,,,false,true,2023,Hammonton Center for Rehabilitation & Healthcare
nj-doh-enforcement-0850,https://www.nj.gov/health/healthfacilities/surveys-insp/enforcement_actions.shtml,/health/healthfacilities/surveys-insp/EA-Atria-Tinton-Falls-06192023.pdf,https://www.nj.gov/health/healthfacilities/surveys-insp/EA-Atria-Tinton-Falls-06192023.pdf,EXISTING_HASH_VERIFIED,8e3f7f869728f8bfd172252dd48493280c9b780da82c5dfbc4901c28ca50b9d5,8e3f7f869728f8bfd172252dd48493280c9b780da82c5dfbc4901c28ca50b9d5,8e3f7f869728f8bfd172252dd48493280c9b780da82c5dfbc4901c28ca50b9d5,DUPLICATE_CONTENT,SEE_CORPUS_SUMMARY_GRAIN,,,true,Order Lifting Curtailment of Admissions and DPOC,admission_curtailment,INDEX_METADATA,index_action,,,,,,,,false,true,2023,Atria Tinton Falls
nj-doh-enforcement-0851,https://www.nj.gov/health/healthfacilities/surveys-insp/enforcement_actions.shtml,/health/healthfacilities/surveys-insp/EA-Complete-Care-at-Bey-Lea-06122023.pdf,https://www.nj.gov/health/healthfacilities/surveys-insp/EA-Complete-Care-at-Bey-Lea-06122023.pdf,EXISTING_HASH_VERIFIED,6208139598094f33d6d34688b9a922a8135ac0d9d649f916325afc694e5596b5,6208139598094f33d6d34688b9a922a8135ac0d9d649f916325afc694e5596b5,,CANONICAL,SEE_CORPUS_SUMMARY_GRAIN,,,true,Notice of Assessment of Penalties,penalty_letter,INDEX_METADATA,index_action,,,,,,,,false,true,2023,Complete Care at Bey Lea
nj-doh-enforcement-0852,https://www.nj.gov/health/healthfacilities/surveys-insp/enforcement_actions.shtml,/health/healthfacilities/surveys-insp/HammontonCenterforRehabilitationandHealthcareCurtailmentofAdmissionsandDPOC.pdf,https://www.nj.gov/health/healthfacilities/surveys-insp/HammontonCenterforRehabilitationandHealthcareCurtailmentofAdmissionsandDPOC.pdf,EXISTING_HASH_VERIFIED,76e3a2760a76f58a5bb298895c292775b0e943f8ee1d99b9ed271f380c785bf5,76e3a2760a76f58a5bb298895c292775b0e943f8ee1d99b9ed271f380c785bf5,,CANONICAL,SEE_CORPUS_SUMMARY_GRAIN,,,true,Curtailment of Admissions Order and Directed Plan of Correction,admission_curtailment,INDEX_METADATA,index_action,,,,,,,,false,true,2023,Hammonton Center for Rehabilitation
nj-doh-enforcement-0853,https://www.nj.gov/health/healthfacilities/surveys-insp/enforcement_actions.shtml,/health/healthfacilities/surveys-insp/LittleBrookNursingAmendedDirectedPlanofCorrection.pdf,https://www.nj.gov/health/healthfacilities/surveys-insp/LittleBrookNursingAmendedDirectedPlanofCorrection.pdf,EXISTING_HASH_VERIFIED,7b31fe7db169de61743bf69a260dd82c0c6bcb884c1e8be6b347c06f5e3ec6d0,7b31fe7db169de61743bf69a260dd82c0c6bcb884c1e8be6b347c06f5e3ec6d0,,CANONICAL,SEE_CORPUS_SUMMARY_GRAIN,,,true,Amended Directed Plan of Correction,directed_plan_of_correction,INDEX_METADATA,index_action,,,,,,,,false,true,2023,Little Brook Nursing and Convalescent Home
nj-doh-enforcement-0854,https://www.nj.gov/health/healthfacilities/surveys-insp/enforcement_actions.shtml,/health/healthfacilities/surveys-insp/LittleBrookNursingandConvalescentHomeCorrectedCurtailmentOfAdmissionsOrderandDirectedPlanofCorrection..pdf,https://www.nj.gov/health/healthfacilities/surveys-insp/LittleBrookNursingandConvalescentHomeCorrectedCurtailmentOfAdmissionsOrderandDirectedPlanofCorrection..pdf,EXISTING_HASH_VERIFIED,3c024016abfde588f33123677e2b22cf569116dc5477cce210ec8cec657bd3b8,3c024016abfde588f33123677e2b22cf569116dc5477cce210ec8cec657bd3b8,,CANONICAL,SEE_CORPUS_SUMMARY_GRAIN,,,true,Corrected Curtailment of Admissions Order and Directed Plan of Correction,admission_curtailment,INDEX_METADATA,index_action,,,,,,,,false,true,2023,Little Brook Nursing and Convalescent Home
nj-doh-enforcement-0855,https://www.nj.gov/health/healthfacilities/surveys-insp/enforcement_actions.shtml,/health/healthfacilities/surveys-insp/AllegriaAssistedLivingNoticeofAssessmentofPenalties.pdf,https://www.nj.gov/health/healthfacilities/surveys-insp/AllegriaAssistedLivingNoticeofAssessmentofPenalties.pdf,EXISTING_HASH_VERIFIED,c1b614fb26d84b957c3b9376acfa2234f1c066c3f745e00aef39aa2ebf70cb17,c1b614fb26d84b957c3b9376acfa2234f1c066c3f745e00aef39aa2ebf70cb17,,CANONICAL,SEE_CORPUS_SUMMARY_GRAIN,,,true,Notice of Assessment of Penalties,penalty_letter,INDEX_METADATA,index_action,,,,,,,,false,true,2023,Allegria Assisted Living
nj-doh-enforcement-0856,https://www.nj.gov/health/healthfacilities/surveys-insp/enforcement_actions.shtml,/health/healthfacilities/surveys-insp/LittleBrookNursingCurtailmentofAdmissionsOrderandDirectedPlanofCorrection.pdf,https://www.nj.gov/health/healthfacilities/surveys-insp/LittleBrookNursingCurtailmentofAdmissionsOrderandDirectedPlanofCorrection.pdf,EXISTING_HASH_VERIFIED,7ea3eb44f846119202898e6c4db322f05f74735223bdf84e4e49f11c2575f7cf,7ea3eb44f846119202898e6c4db322f05f74735223bdf84e4e49f11c2575f7cf,,CANONICAL,SEE_CORPUS_SUMMARY_GRAIN,,,true,Curtailment of Admissions Order and Directed Plan of Correction,admission_curtailment,INDEX_METADATA,index_action,,,,,,,,false,true,2023,Little Brook Nursing and Convalescent Home
nj-doh-enforcement-0857,https://www.nj.gov/health/healthfacilities/surveys-insp/enforcement_actions.shtml,/health/healthfacilities/surveys-insp/EA-Caring-Hands-Hospice-05312023.pdf,https://www.nj.gov/health/healthfacilities/surveys-insp/EA-Caring-Hands-Hospice-05312023.pdf,EXISTING_HASH_VERIFIED,28261bd7a7629143b187a0393ed7a3709a0a3a6fa0aa1cd0446a8ec2ac7d8165,28261bd7a7629143b187a0393ed7a3709a0a3a6fa0aa1cd0446a8ec2ac7d8165,28261bd7a7629143b187a0393ed7a3709a0a3a6fa0aa1cd0446a8ec2ac7d8165,DUPLICATE_CONTENT,SEE_CORPUS_SUMMARY_GRAIN,,,true,Curtailment of Admissions Order,admission_curtailment,INDEX_METADATA,index_action,,,,,,,,false,true,2023,Caring Hands Hospice
nj-doh-enforcement-0858,https://www.nj.gov/health/healthfacilities/surveys-insp/enforcement_actions.shtml,/health/healthfacilities/surveys-insp/SterlingManorNoticeofAssessmentofPenalties.pdf,https://www.nj.gov/health/healthfacilities/surveys-insp/SterlingManorNoticeofAssessmentofPenalties.pdf,EXISTING_HASH_VERIFIED,1b66e2cd087ac47f980c354d73b29b485ed3c0ab05b654f5f8db8053603c259c,1b66e2cd087ac47f980c354d73b29b485ed3c0ab05b654f5f8db8053603c259c,,CANONICAL,SEE_CORPUS_SUMMARY_GRAIN,,,true,Notice of Assessment of Penalties,penalty_letter,INDEX_METADATA,index_action,,,,,,,,false,true,2023,Sterling Manor
nj-doh-enforcement-0859,https://www.nj.gov/health/healthfacilities/surveys-insp/enforcement_actions.shtml,/health/healthfacilities/surveys-insp/BrightviewMountLaurelLicensureViolationandMonetaryPenalties.pdf,https://www.nj.gov/health/healthfacilities/surveys-insp/BrightviewMountLaurelLicensureViolationandMonetaryPenalties.pdf,EXISTING_HASH_VERIFIED,9b4128264f7bdcde0767e8ac9939692a49301aec7bcc2c7ed3221a128e38ee79,9b4128264f7bdcde0767e8ac9939692a49301aec7bcc2c7ed3221a128e38ee79,,CANONICAL,SEE_CORPUS_SUMMARY_GRAIN,,,true,Licensure Violation and Monetary Penalties,unclassified_regulatory_document,UNCLASSIFIED,index_action,,,,,,,,false,true,2023,Brightview Mount Laurel
nj-doh-enforcement-0860,https://www.nj.gov/health/healthfacilities/surveys-insp/enforcement_actions.shtml,/health/healthfacilities/surveys-insp/HudsonHillsNorthBergenLiftingCurtailmentofAdmissionsandDirectedPlanofCorrection.pdf,https://www.nj.gov/health/healthfacilities/surveys-insp/HudsonHillsNorthBergenLiftingCurtailmentofAdmissionsandDirectedPlanofCorrection.pdf,EXISTING_HASH_VERIFIED,057ed0699abd183c30f7caa6cd724ac97d36908996876bbdb19ed24b295817ff,057ed0699abd183c30f7caa6cd724ac97d36908996876bbdb19ed24b295817ff,,CANONICAL,SEE_CORPUS_SUMMARY_GRAIN,,,true,Lifting of Curtailment of Admissions Order and Directed Plan of Correction,admission_curtailment,INDEX_METADATA,index_action,,,,,,,,false,true,2023,Hudson Hills North Bergen
nj-doh-enforcement-0861,https://www.nj.gov/health/healthfacilities/surveys-insp/enforcement_actions.shtml,/health/healthfacilities/surveys-insp/MorrisAdultDayCareCurtailmentDPOC5-19-23.pdf,https://www.nj.gov/health/healthfacilities/surveys-insp/MorrisAdultDayCareCurtailmentDPOC5-19-23.pdf,EXISTING_HASH_VERIFIED,44d7e358444fe31e4e693ad31504e061470c53930cc898bd849863205d8caed2,44d7e358444fe31e4e693ad31504e061470c53930cc898bd849863205d8caed2,,CANONICAL,SEE_CORPUS_SUMMARY_GRAIN,,,true,Curtailment of Admissions Order and Directed Plan of Correction,admission_curtailment,INDEX_METADATA,index_action,,,,,,,,false,true,2023,Morris Adult Day Care
nj-doh-enforcement-0862,https://www.nj.gov/health/healthfacilities/surveys-insp/enforcement_actions.shtml,/health/healthfacilities/surveys-insp/MillenniumMemoryCareatOceanNoticeofAssessmentofPenalties.pdf,https://www.nj.gov/health/healthfacilities/surveys-insp/MillenniumMemoryCareatOceanNoticeofAssessmentofPenalties.pdf,EXISTING_HASH_VERIFIED,b6e7e17701fe6932d3f87920bfa69ce72947971adbb53970473253bc6f341e4f,b6e7e17701fe6932d3f87920bfa69ce72947971adbb53970473253bc6f341e4f,,CANONICAL,SEE_CORPUS_SUMMARY_GRAIN,,,true,Notice of Assessment of Penalties,penalty_letter,INDEX_METADATA,index_action,,,,,,,,false,true,2023,Millennium Memory Care at Ocean
nj-doh-enforcement-0863,https://www.nj.gov/health/healthfacilities/surveys-insp/enforcement_actions.shtml,/health/healthfacilities/surveys-insp/HudsonHillsNorthBergenCurtailmenandDPOC.pdf,https://www.nj.gov/health/healthfacilities/surveys-insp/HudsonHillsNorthBergenCurtailmenandDPOC.pdf,EXISTING_HASH_VERIFIED,a679cd3ed57fa42d2171b23d86d414ad16be5a69f5137027a35eb0c035883ec9,a679cd3ed57fa42d2171b23d86d414ad16be5a69f5137027a35eb0c035883ec9,,CANONICAL,SEE_CORPUS_SUMMARY_GRAIN,,,true,Curtailment of Admissions Order and Directed Plan of Correction,admission_curtailment,INDEX_METADATA,index_action,,,,,,,,false,true,2023,Hudson Hills North Bergen
nj-doh-enforcement-0864,https://www.nj.gov/health/healthfacilities/surveys-insp/enforcement_actions.shtml,/health/healthfacilities/surveys-insp/TheBirthCenterofNewJerseyDirectedPlanofCorrection.pdf,https://www.nj.gov/health/healthfacilities/surveys-insp/TheBirthCenterofNewJerseyDirectedPlanofCorrection.pdf,EXISTING_HASH_VERIFIED,5af6bb894addc3a47a7f7aa87243a5e0f58c8b6bdf23bf1182b0105b9aafa83a,5af6bb894addc3a47a7f7aa87243a5e0f58c8b6bdf23bf1182b0105b9aafa83a,,CANONICAL,SEE_CORPUS_SUMMARY_GRAIN,,,true,Directed Plan of Correction,directed_plan_of_correction,INDEX_METADATA,index_action,,,,,,,,false,true,2023,The Birth Center of New Jersey
nj-doh-enforcement-0865,https://www.nj.gov/health/healthfacilities/surveys-insp/enforcement_actions.shtml,/health/healthfacilities/surveys-insp/RevisedIvyStoneSeniorLivingOrderLiftingCurtailmentOfAdmissionsandDPOC.pdf,https://www.nj.gov/health/healthfacilities/surveys-insp/RevisedIvyStoneSeniorLivingOrderLiftingCurtailmentOfAdmissionsandDPOC.pdf,EXISTING_HASH_VERIFIED,4686c638f2d8dc469deaf9430fcde8fc0a19b855c588e3347ab8b373513bb585,4686c638f2d8dc469deaf9430fcde8fc0a19b855c588e3347ab8b373513bb585,,CANONICAL,SEE_CORPUS_SUMMARY_GRAIN,,,true,Revised Order Lifting Curtailment of Admissions and Directed Plan of Correction,admission_curtailment,INDEX_METADATA,index_action,,,,,,,,false,true,2023,Ive Stone Senior Living
nj-doh-enforcement-0866,https://www.nj.gov/health/healthfacilities/surveys-insp/enforcement_actions.shtml,/health/healthfacilities/surveys-insp/NoticeofAssessmentofPenalitiesNJ15A002TheResidenceofCherryHill.pdf,https://www.nj.gov/health/healthfacilities/surveys-insp/NoticeofAssessmentofPenalitiesNJ15A002TheResidenceofCherryHill.pdf,EXISTING_HASH_VERIFIED,366591c182abcb3d54e8451a712dedd0e9e93c0546ddfd9060c4bfd2a23db4ec,366591c182abcb3d54e8451a712dedd0e9e93c0546ddfd9060c4bfd2a23db4ec,,CANONICAL,SEE_CORPUS_SUMMARY_GRAIN,,,true,Notice of Assessment of Penalties,penalty_letter,INDEX_METADATA,index_action,,,,,,,,false,true,2023,The Residence at Cherry Hill
nj-doh-enforcement-0867,https://www.nj.gov/health/healthfacilities/surveys-insp/enforcement_actions.shtml,/health/healthfacilities/surveys-insp/IvyStoneSeniorLivingRevisedOrderLiftingCurtailmentofAdmissionsandDPOC.pdf,https://www.nj.gov/health/healthfacilities/surveys-insp/IvyStoneSeniorLivingRevisedOrderLiftingCurtailmentofAdmissionsandDPOC.pdf,EXISTING_HASH_VERIFIED,0414c0f783b483e3b52bef8875b2dc8058ba940f54c8cc1eb05205544140e7b0,0414c0f783b483e3b52bef8875b2dc8058ba940f54c8cc1eb05205544140e7b0,,CANONICAL,SEE_CORPUS_SUMMARY_GRAIN,,,true,Revised Order Lifting Curtailment of Admissions and Directed Plan of Correction,admission_curtailment,INDEX_METADATA,index_action,,,,,,,,false,true,2023,Ivy Stone Senior Living
nj-doh-enforcement-0868,https://www.nj.gov/health/healthfacilities/surveys-insp/enforcement_actions.shtml,/health/healthfacilities/surveys-insp/CurtailmentofAdmissionsOrderAtriaTintonFall.pdf,https://www.nj.gov/health/healthfacilities/surveys-insp/CurtailmentofAdmissionsOrderAtriaTintonFall.pdf,EXISTING_HASH_VERIFIED,4309551998a93397edbb41caca3eda650ea728875ec3b3a16bd76627da30af6f,4309551998a93397edbb41caca3eda650ea728875ec3b3a16bd76627da30af6f,,CANONICAL,SEE_CORPUS_SUMMARY_GRAIN,,,true,"Curtailment of Admissions Order and Directed Plan of Correction - Administrator Consultant, Director of Nursing Consultant and Dietitian Consultant",admission_curtailment,INDEX_METADATA,index_action,,,,,,,,false,true,2023,Atria Tinton Falls
nj-doh-enforcement-0869,https://www.nj.gov/health/healthfacilities/surveys-insp/enforcement_actions.shtml,/health/healthfacilities/surveys-insp/CurtailmentofServicesWillsEyeSurgeryCenterofCherry%20Hill.pdf,https://www.nj.gov/health/healthfacilities/surveys-insp/CurtailmentofServicesWillsEyeSurgeryCenterofCherry%20Hill.pdf,EXISTING_HASH_VERIFIED,727dff1c7ec7b193fbe1cae57db9dd368f4f3a3cd92df9c28998252b7fb09450,727dff1c7ec7b193fbe1cae57db9dd368f4f3a3cd92df9c28998252b7fb09450,,CANONICAL,SEE_CORPUS_SUMMARY_GRAIN,,,true,Lifting of Curtailment of Services,admission_curtailment,INDEX_METADATA,index_action,,,,,,,,false,true,2023,Wills Eye Surgery Center of Cherry Hill
nj-doh-enforcement-0870,https://www.nj.gov/health/healthfacilities/surveys-insp/enforcement_actions.shtml,/health/healthfacilities/surveys-insp/AristacareatCedarOaksNoticeofLiftingDirectedPlanOfCorrection.pdf,https://www.nj.gov/health/healthfacilities/surveys-insp/AristacareatCedarOaksNoticeofLiftingDirectedPlanOfCorrection.pdf,EXISTING_HASH_VERIFIED,4998568a6ddf8fc5ed93d9a20f17bcad50e1b2f65b61ee5465b0c82d283cde18,4998568a6ddf8fc5ed93d9a20f17bcad50e1b2f65b61ee5465b0c82d283cde18,,CANONICAL,SEE_CORPUS_SUMMARY_GRAIN,,,true,Notice of Lifting of Directed Plan of Correction,directed_plan_of_correction,INDEX_METADATA,index_action,,,,,,,,false,true,2023,Aristacare at Cedar Oaks
nj-doh-enforcement-0871,https://www.nj.gov/health/healthfacilities/surveys-insp/enforcement_actions.shtml,/health/healthfacilities/surveys-insp/SurgeryCenterCherryHillpartialcurtaillift.pdf,https://www.nj.gov/health/healthfacilities/surveys-insp/SurgeryCenterCherryHillpartialcurtaillift.pdf,EXISTING_HASH_VERIFIED,4f3386d7161e17ea8e2bf0e57d438e90fc20cb65967d4882a73bd57e22db98ae,4f3386d7161e17ea8e2bf0e57d438e90fc20cb65967d4882a73bd57e22db98ae,,CANONICAL,SEE_CORPUS_SUMMARY_GRAIN,,,true,Curtailment of Services,admission_curtailment,INDEX_METADATA,index_action,,,,,,,,false,true,2023,Surgery Center of Cherry Hill
nj-doh-enforcement-0872,https://www.nj.gov/health/healthfacilities/surveys-insp/enforcement_actions.shtml,/health/healthfacilities/surveys-insp/AristacareatCedarOaksNoticeofAssessmentofPenalties.pdf,https://www.nj.gov/health/healthfacilities/surveys-insp/AristacareatCedarOaksNoticeofAssessmentofPenalties.pdf,EXISTING_HASH_VERIFIED,ef37423dbb3396a15287919997a28def86df1435d88fe139cc85c425bd36f02c,ef37423dbb3396a15287919997a28def86df1435d88fe139cc85c425bd36f02c,,CANONICAL,SEE_CORPUS_SUMMARY_GRAIN,,,true,Notice of Assessment of Penalites,unclassified_regulatory_document,UNCLASSIFIED,index_action,,,,,,,,false,true,2023,Aristacare at Cedar Oaks
nj-doh-enforcement-0873,https://www.nj.gov/health/healthfacilities/surveys-insp/enforcement_actions.shtml,/health/healthfacilities/surveys-insp/RiverfrontRehabilitationandHealthcareCenterNoticeofAssessmentofPenalties.pdf,https://www.nj.gov/health/healthfacilities/surveys-insp/RiverfrontRehabilitationandHealthcareCenterNoticeofAssessmentofPenalties.pdf,EXISTING_HASH_VERIFIED,b0e7019269fefdec345afa5696168e77bc8cfa8eb069a5a4d37dd6974c674c9f,b0e7019269fefdec345afa5696168e77bc8cfa8eb069a5a4d37dd6974c674c9f,,CANONICAL,SEE_CORPUS_SUMMARY_GRAIN,,,true,Notice of Assessment of Penalties,penalty_letter,INDEX_METADATA,index_action,,,,,,,,false,true,2023,Riverfront Rehabilitation and Healthcare Center
nj-doh-enforcement-0874,https://www.nj.gov/health/healthfacilities/surveys-insp/enforcement_actions.shtml,/health/healthfacilities/surveys-insp/SouthJerseyRadiologyAssociatesNoticeofAssessmentofPenalties.pdf,https://www.nj.gov/health/healthfacilities/surveys-insp/SouthJerseyRadiologyAssociatesNoticeofAssessmentofPenalties.pdf,EXISTING_HASH_VERIFIED,bdc7e2fd324712a3a0fab483a00d9de80b83ba193296e5e57a4700e7dc95f055,bdc7e2fd324712a3a0fab483a00d9de80b83ba193296e5e57a4700e7dc95f055,,CANONICAL,SEE_CORPUS_SUMMARY_GRAIN,,,true,Notice of Assessment of Penalties,penalty_letter,INDEX_METADATA,index_action,,,,,,,,false,true,2023,South Jersey Radiology Associates
nj-doh-enforcement-0875,https://www.nj.gov/health/healthfacilities/surveys-insp/enforcement_actions.shtml,/health/healthfacilities/surveys-insp/SerenityGardensatBrickOrderLiftingDirectedPlanofCorrection.pdf,https://www.nj.gov/health/healthfacilities/surveys-insp/SerenityGardensatBrickOrderLiftingDirectedPlanofCorrection.pdf,EXISTING_HASH_VERIFIED,d28d34047edda5ae0c337d7016aab9f7007234fc0aec5d3cf75143c1f8e66540,d28d34047edda5ae0c337d7016aab9f7007234fc0aec5d3cf75143c1f8e66540,,CANONICAL,SEE_CORPUS_SUMMARY_GRAIN,,,true,Order Lifting Directed Plan of Correction,directed_plan_of_correction,INDEX_METADATA,index_action,,,,,,,,false,true,2023,Serenity Gardens at Brick
nj-doh-enforcement-0876,https://www.nj.gov/health/healthfacilities/surveys-insp/enforcement_actions.shtml,/health/healthfacilities/surveys-insp/PromedicaTotal%20Rehab-PiscatawayNoticeofAssessmentofPenalties.pdf,https://www.nj.gov/health/healthfacilities/surveys-insp/PromedicaTotal%20Rehab-PiscatawayNoticeofAssessmentofPenalties.pdf,EXISTING_HASH_VERIFIED,5e742bce4097dc3744eed17c82bbee38bf3d85ca44d6772c83dd055a0128be2a,5e742bce4097dc3744eed17c82bbee38bf3d85ca44d6772c83dd055a0128be2a,,CANONICAL,SEE_CORPUS_SUMMARY_GRAIN,,,true,Notice of Assessment of Penalties,penalty_letter,INDEX_METADATA,index_action,,,,,,,,false,true,2023,Promedica Total Rehab + (Piscataway)
nj-doh-enforcement-0877,https://www.nj.gov/health/healthfacilities/surveys-insp/enforcement_actions.shtml,/health/healthfacilities/surveys-insp/CurtailmentofAdmissionsOrderDirectedPlanOfCorrectionIvyStoneSeniorLiving%20.pdf,https://www.nj.gov/health/healthfacilities/surveys-insp/CurtailmentofAdmissionsOrderDirectedPlanOfCorrectionIvyStoneSeniorLiving%20.pdf,EXISTING_HASH_VERIFIED,4e3c03efb3ec605efb82ac2b097d0baf12bbcfc39ea3a9e6ac839e96b00cf286,4e3c03efb3ec605efb82ac2b097d0baf12bbcfc39ea3a9e6ac839e96b00cf286,,CANONICAL,SEE_CORPUS_SUMMARY_GRAIN,,,true,"Curtailment of Admissions Order, Directed Plan of Correction",admission_curtailment,INDEX_METADATA,index_action,,,,,,,,false,true,2023,Ivy Stone Senior Living
nj-doh-enforcement-0878,https://www.nj.gov/health/healthfacilities/surveys-insp/enforcement_actions.shtml,/health/healthfacilities/surveys-insp/LiftingRevisedCeaseandDesistOrderDiagnosticImagingCenterd.pdf,https://www.nj.gov/health/healthfacilities/surveys-insp/LiftingRevisedCeaseandDesistOrderDiagnosticImagingCenterd.pdf,EXISTING_HASH_VERIFIED,b1c53db4d518b57cb99b26ecccace565241991697263a711a844ae5fb4575423,b1c53db4d518b57cb99b26ecccace565241991697263a711a844ae5fb4575423,,CANONICAL,SEE_CORPUS_SUMMARY_GRAIN,,,true,Lifting Revised Cease and Desist Order,other_expressly_identified_njdoh_action,INDEX_METADATA,index_action,,,,,,,,false,true,2023,"Diagnostic Imaging Center, LLC d/b/a"
nj-doh-enforcement-0879,https://www.nj.gov/health/healthfacilities/surveys-insp/enforcement_actions.shtml,/health/healthfacilities/surveys-insp/SurgeryCenterofCherryHillCurltailmentofServices.pdf,https://www.nj.gov/health/healthfacilities/surveys-insp/SurgeryCenterofCherryHillCurltailmentofServices.pdf,EXISTING_HASH_VERIFIED,ce44a3ce45fff832764c4f406b93abe3eabe319b6a02e99029e45df79fe624a3,ce44a3ce45fff832764c4f406b93abe3eabe319b6a02e99029e45df79fe624a3,,CANONICAL,SEE_CORPUS_SUMMARY_GRAIN,,,true,Curtailment of Services,admission_curtailment,INDEX_METADATA,index_action,,,,,,,,false,true,2023,Surgery Center of Cherry Hill
nj-doh-enforcement-0880,https://www.nj.gov/health/healthfacilities/surveys-insp/enforcement_actions.shtml,/health/healthfacilities/surveys-insp/CurtailmentofServicesZufallHealthCenterInc.pdf,https://www.nj.gov/health/healthfacilities/surveys-insp/CurtailmentofServicesZufallHealthCenterInc.pdf,EXISTING_HASH_VERIFIED,305d32c524272151b6da207e872d2693bdc7e669e512bd667c04f8ae09ec0ce2,305d32c524272151b6da207e872d2693bdc7e669e512bd667c04f8ae09ec0ce2,,CANONICAL,SEE_CORPUS_SUMMARY_GRAIN,,,true,Curtailment of Services,admission_curtailment,INDEX_METADATA,index_action,,,,,,,,false,true,2023,Zufall Health Center Inc.
nj-doh-enforcement-0881,https://www.nj.gov/health/healthfacilities/surveys-insp/enforcement_actions.shtml,/health/healthfacilities/surveys-insp/RevisedNoticeofAssessmentofPenaltiesMajesticCenterforRehab.pdf,https://www.nj.gov/health/healthfacilities/surveys-insp/RevisedNoticeofAssessmentofPenaltiesMajesticCenterforRehab.pdf,EXISTING_HASH_VERIFIED,bd53874a1d9b6d06318e95a2939b00a89ea6f066d5cba74929ae6cf706f02176,bd53874a1d9b6d06318e95a2939b00a89ea6f066d5cba74929ae6cf706f02176,,CANONICAL,SEE_CORPUS_SUMMARY_GRAIN,,,true,Revised Notice of Assessment of Penalties,penalty_letter,INDEX_METADATA,index_action,,,,,,,,false,true,2023,Majestic Center for Rehabilitation and Subacute Care
nj-doh-enforcement-0882,https://www.nj.gov/health/healthfacilities/surveys-insp/enforcement_actions.shtml,/health/healthfacilities/surveys-insp/RevisedNoticeofAssessmentofPenaltiesLaurelBayHealthandRehabilitation.pdf,https://www.nj.gov/health/healthfacilities/surveys-insp/RevisedNoticeofAssessmentofPenaltiesLaurelBayHealthandRehabilitation.pdf,EXISTING_HASH_VERIFIED,471303aa19eb3b6d799bbc2c92433ed35eaf6929e7d4b0e0db8e9c36b1b461d7,471303aa19eb3b6d799bbc2c92433ed35eaf6929e7d4b0e0db8e9c36b1b461d7,,CANONICAL,SEE_CORPUS_SUMMARY_GRAIN,,,true,Revised Notice of Assessment of Penalties,penalty_letter,INDEX_METADATA,index_action,,,,,,,,false,true,2023,Laurel Bay Health and Rehabilitation Center
nj-doh-enforcement-0883,https://www.nj.gov/health/healthfacilities/surveys-insp/enforcement_actions.shtml,/health/healthfacilities/surveys-insp/RevisedNoticeofAssessmentofPenaltiesBirchwoodSquareatCranford%20.pdf,https://www.nj.gov/health/healthfacilities/surveys-insp/RevisedNoticeofAssessmentofPenaltiesBirchwoodSquareatCranford%20.pdf,EXISTING_HASH_VERIFIED,9b8d8b1bf50fc4f9818dd1ae8b13a2c7a8d53832e8079e8799b029048647e6b7,9b8d8b1bf50fc4f9818dd1ae8b13a2c7a8d53832e8079e8799b029048647e6b7,,CANONICAL,SEE_CORPUS_SUMMARY_GRAIN,,,true,Revised Notice of Assessment of Penalties,penalty_letter,INDEX_METADATA,index_action,,,,,,,,false,true,2023,Birchwood Square at Cranford
nj-doh-enforcement-0884,https://www.nj.gov/health/healthfacilities/surveys-insp/enforcement_actions.shtml,/health/healthfacilities/surveys-insp/RevisedNoticeofAssessmentofPenaltiesSerenityGardensatBrick%20.pdf,https://www.nj.gov/health/healthfacilities/surveys-insp/RevisedNoticeofAssessmentofPenaltiesSerenityGardensatBrick%20.pdf,EXISTING_HASH_VERIFIED,907d94092a736a38fa29d0b57c7e1bd14d38f0fd6b5c1d4ad9c4ea6acd26c430,907d94092a736a38fa29d0b57c7e1bd14d38f0fd6b5c1d4ad9c4ea6acd26c430,,CANONICAL,SEE_CORPUS_SUMMARY_GRAIN,,,true,Revised Notice of Assessment of Penalties,penalty_letter,INDEX_METADATA,index_action,,,,,,,,false,true,2023,Serenity Gardens at Brick
nj-doh-enforcement-0885,https://www.nj.gov/health/healthfacilities/surveys-insp/enforcement_actions.shtml,/health/healthfacilities/surveys-insp/DiagnosticImagingCenterCeaseandDesistOrder.pdf,https://www.nj.gov/health/healthfacilities/surveys-insp/DiagnosticImagingCenterCeaseandDesistOrder.pdf,EXISTING_HASH_VERIFIED,a2eda9720f55b644327e0d9e18305a55bb21d60c57fcafc8c41423116e2c1be4,a2eda9720f55b644327e0d9e18305a55bb21d60c57fcafc8c41423116e2c1be4,,CANONICAL,SEE_CORPUS_SUMMARY_GRAIN,,,true,Revised Cease and Desist Order,other_expressly_identified_njdoh_action,INDEX_METADATA,index_action,,,,,,,,false,true,2023,"Diagnostic Imaging Center, LLC d/b/a AQ Imaging"
nj-doh-enforcement-0886,https://www.nj.gov/health/healthfacilities/surveys-insp/enforcement_actions.shtml,/health/healthfacilities/surveys-insp/RevisedExcelCareatEggHarborNoticeofAssessmentofPenalties.pdf,https://www.nj.gov/health/healthfacilities/surveys-insp/RevisedExcelCareatEggHarborNoticeofAssessmentofPenalties.pdf,EXISTING_HASH_VERIFIED,1c29a3892fdedda3fe43b49512db8025e8d0b38819d5ebe2ec0ba9d3113363d4,1c29a3892fdedda3fe43b49512db8025e8d0b38819d5ebe2ec0ba9d3113363d4,,CANONICAL,SEE_CORPUS_SUMMARY_GRAIN,,,true,Revised Notice of Assessment of Penalties,penalty_letter,INDEX_METADATA,index_action,,,,,,,,false,true,2023,Excel Care at Egg Harbor
nj-doh-enforcement-0887,https://www.nj.gov/health/healthfacilities/surveys-insp/enforcement_actions.shtml,/health/healthfacilities/surveys-insp/RevisedLaurelBayHealthandRehabilitationCenterNoticeofAssessmentofPenalties.pdf,https://www.nj.gov/health/healthfacilities/surveys-insp/RevisedLaurelBayHealthandRehabilitationCenterNoticeofAssessmentofPenalties.pdf,EXISTING_HASH_VERIFIED,8d269b41527d53d124971f3465a3b7457eb3ceb4717a97eb3be9d694340f27e1,8d269b41527d53d124971f3465a3b7457eb3ceb4717a97eb3be9d694340f27e1,,CANONICAL,SEE_CORPUS_SUMMARY_GRAIN,,,true,Revised Notice of Assessment of Penalties,penalty_letter,INDEX_METADATA,index_action,,,,,,,,false,true,2023,Laurel Health and Rehabilitation Center
nj-doh-enforcement-0888,https://www.nj.gov/health/healthfacilities/surveys-insp/enforcement_actions.shtml,/health/healthfacilities/surveys-insp/RevisedMajesticCenterforRehabilitationandSubacuteCareNoticeofAssessmentofPenalties.pdf,https://www.nj.gov/health/healthfacilities/surveys-insp/RevisedMajesticCenterforRehabilitationandSubacuteCareNoticeofAssessmentofPenalties.pdf,EXISTING_HASH_VERIFIED,04737de2cc125cc1a1ba2767ad43023c5771d30864c8206329e7a622d17d4381,04737de2cc125cc1a1ba2767ad43023c5771d30864c8206329e7a622d17d4381,,CANONICAL,SEE_CORPUS_SUMMARY_GRAIN,,,true,Revised Notice of Assessment of Penalties,penalty_letter,INDEX_METADATA,index_action,,,,,,,,false,true,2023,Majestic Center for Rehabilitation and Subacute Care
nj-doh-enforcement-0889,https://www.nj.gov/health/healthfacilities/surveys-insp/enforcement_actions.shtml,/health/healthfacilities/surveys-insp/LaurelBayHealthandRehabilitationCenterNoticeofAssessmentofPenalties.pdf,https://www.nj.gov/health/healthfacilities/surveys-insp/LaurelBayHealthandRehabilitationCenterNoticeofAssessmentofPenalties.pdf,EXISTING_HASH_VERIFIED,613e72a1419703d927d65be427ca31de584f607af0c4e7fadc2fc1e83ba86502,613e72a1419703d927d65be427ca31de584f607af0c4e7fadc2fc1e83ba86502,,CANONICAL,SEE_CORPUS_SUMMARY_GRAIN,,,true,Notice of Assessment of Penalties,penalty_letter,INDEX_METADATA,index_action,,,,,,,,false,true,2023,Laurel Health and Rehabilitation Center
nj-doh-enforcement-0890,https://www.nj.gov/health/healthfacilities/surveys-insp/enforcement_actions.shtml,/health/healthfacilities/surveys-insp/SerenityGardensatBrickNoticeofAssessmentofPenalties.pdf,https://www.nj.gov/health/healthfacilities/surveys-insp/SerenityGardensatBrickNoticeofAssessmentofPenalties.pdf,EXISTING_HASH_VERIFIED,4aec32bcea8943d48f968f3fe38b27ccca2438f6802e9f72ab26f6872e2d0410,4aec32bcea8943d48f968f3fe38b27ccca2438f6802e9f72ab26f6872e2d0410,,CANONICAL,SEE_CORPUS_SUMMARY_GRAIN,,,true,Notice of Assessment of Penalties,penalty_letter,INDEX_METADATA,index_action,,,,,,,,false,true,2023,Serenity Gardens at Brick
nj-doh-enforcement-0891,https://www.nj.gov/health/healthfacilities/surveys-insp/enforcement_actions.shtml,/health/healthfacilities/surveys-insp/MajesticCenterForRehabilitationandSubacuteCareNoticeofAssessmentofPenalties.pdf,https://www.nj.gov/health/healthfacilities/surveys-insp/MajesticCenterForRehabilitationandSubacuteCareNoticeofAssessmentofPenalties.pdf,EXISTING_HASH_VERIFIED,6b5188fceb0b43ab90fccba722eaba288bad56408f1637be4daf43453e08d199,6b5188fceb0b43ab90fccba722eaba288bad56408f1637be4daf43453e08d199,,CANONICAL,SEE_CORPUS_SUMMARY_GRAIN,,,true,Notice of Assessment of Penalties,penalty_letter,INDEX_METADATA,index_action,,,,,,,,false,true,2023,Majestic Center for Rehabilitation and Subacute Care
nj-doh-enforcement-0892,https://www.nj.gov/health/healthfacilities/surveys-insp/enforcement_actions.shtml,/health/healthfacilities/surveys-insp/BirchwoodSquareatCranfordNoticeofAssessmentofPenalties.pdf,https://www.nj.gov/health/healthfacilities/surveys-insp/BirchwoodSquareatCranfordNoticeofAssessmentofPenalties.pdf,EXISTING_HASH_VERIFIED,34c99aa28bd2d3b841a2cd752e74b2cc783b9ce38a8337edf71171a0ed48904c,34c99aa28bd2d3b841a2cd752e74b2cc783b9ce38a8337edf71171a0ed48904c,,CANONICAL,SEE_CORPUS_SUMMARY_GRAIN,,,true,Notice of Assessment of Penalties,penalty_letter,INDEX_METADATA,index_action,,,,,,,,false,true,2023,Birchwood Square at Cranford
nj-doh-enforcement-0893,https://www.nj.gov/health/healthfacilities/surveys-insp/enforcement_actions.shtml,/health/healthfacilities/surveys-insp/ExcelCareatEggHarborNoticeofAssessmentofPenalties.pdf,https://www.nj.gov/health/healthfacilities/surveys-insp/ExcelCareatEggHarborNoticeofAssessmentofPenalties.pdf,EXISTING_HASH_VERIFIED,316b0c2e921bb351384c7cd2e49cd8e40e300a5837896e38f2d935bc84cd3644,316b0c2e921bb351384c7cd2e49cd8e40e300a5837896e38f2d935bc84cd3644,,CANONICAL,SEE_CORPUS_SUMMARY_GRAIN,,,true,Notice of Assessment of Penalties,penalty_letter,INDEX_METADATA,index_action,,,,,,,,false,true,2023,Excel Care at Egg Harbor
nj-doh-enforcement-0894,https://www.nj.gov/health/healthfacilities/surveys-insp/enforcement_actions.shtml,/health/healthfacilities/surveys-insp/MenloParkSurgeryCenterOrderLiftingCurtailmentofSurgicalProcedures.pdf,https://www.nj.gov/health/healthfacilities/surveys-insp/MenloParkSurgeryCenterOrderLiftingCurtailmentofSurgicalProcedures.pdf,EXISTING_HASH_VERIFIED,434d6a602a44a3389d8b5be7a7ae6ee84474b6814076810a28369573cfd13e01,434d6a602a44a3389d8b5be7a7ae6ee84474b6814076810a28369573cfd13e01,,CANONICAL,SEE_CORPUS_SUMMARY_GRAIN,,,true,Lifting Curtailment of Surgical Procedures,admission_curtailment,INDEX_METADATA,index_action,,,,,,,,false,true,2023,Menlo Park Surgery Center
nj-doh-enforcement-0895,https://www.nj.gov/health/healthfacilities/surveys-insp/enforcement_actions.shtml,/health/healthfacilities/surveys-insp/OakbridgeTerrace%20AssistedLivingatTheEvergreensOrderLiftingDirectedPlanofCorrection.pdf,https://www.nj.gov/health/healthfacilities/surveys-insp/OakbridgeTerrace%20AssistedLivingatTheEvergreensOrderLiftingDirectedPlanofCorrection.pdf,EXISTING_HASH_VERIFIED,610d033f1cb3b9fd9ee35e30d862d5546facd5fb79761de48ebe6df387c50725,610d033f1cb3b9fd9ee35e30d862d5546facd5fb79761de48ebe6df387c50725,,CANONICAL,SEE_CORPUS_SUMMARY_GRAIN,,,true,"Order Lifting November 1, 2022, Directed Plan of Correction",directed_plan_of_correction,INDEX_METADATA,index_action,,,,,,,,false,true,2023,OakBridge Terrace Assisted Living at The Evergreens
nj-doh-enforcement-0896,https://www.nj.gov/health/healthfacilities/surveys-insp/enforcement_actions.shtml,/health/healthfacilities/surveys-insp/WillowbrookeCourtSkilledCareatTheEvergreensOrderLiftingDirectedPlanofCorrection.pdf,https://www.nj.gov/health/healthfacilities/surveys-insp/WillowbrookeCourtSkilledCareatTheEvergreensOrderLiftingDirectedPlanofCorrection.pdf,EXISTING_HASH_VERIFIED,31cb40224d0325f6f04febe55b1951710d6aa90c4a28704e72a2d5405d7281cd,31cb40224d0325f6f04febe55b1951710d6aa90c4a28704e72a2d5405d7281cd,,CANONICAL,SEE_CORPUS_SUMMARY_GRAIN,,,true,"Order Lifting November 1, 2022, Directed Plan of Correction",directed_plan_of_correction,INDEX_METADATA,index_action,,,,,,,,false,true,2023,Willowbrooke Court Skilled Care at The Evergreens
nj-doh-enforcement-0897,https://www.nj.gov/health/healthfacilities/surveys-insp/enforcement_actions.shtml,/health/healthfacilities/surveys-insp/AvantRehabilitationOrderLiftingDirectedPlanOfCorrection.pdf,https://www.nj.gov/health/healthfacilities/surveys-insp/AvantRehabilitationOrderLiftingDirectedPlanOfCorrection.pdf,EXISTING_HASH_VERIFIED,8a2b125cc6e836acdbda1aee87302d84f3375594d57caeb206edd3c28b77c008,8a2b125cc6e836acdbda1aee87302d84f3375594d57caeb206edd3c28b77c008,,CANONICAL,SEE_CORPUS_SUMMARY_GRAIN,,,true,"Order Lifting October 5, 2022, Directed Plan of Correction",directed_plan_of_correction,INDEX_METADATA,index_action,,,,,,,,false,true,2023,Avant Rehabilitation and Care Center
nj-doh-enforcement-0898,https://www.nj.gov/health/healthfacilities/surveys-insp/enforcement_actions.shtml,/health/healthfacilities/surveys-insp/AristacareatCedarOaksOrderforDirectedPlanofCorrection%20.pdf,https://www.nj.gov/health/healthfacilities/surveys-insp/AristacareatCedarOaksOrderforDirectedPlanofCorrection%20.pdf,EXISTING_HASH_VERIFIED,c7ff080aece56460101aaff1b2fbc0446371699adf3959e08faa9c61eb4c140b,c7ff080aece56460101aaff1b2fbc0446371699adf3959e08faa9c61eb4c140b,,CANONICAL,SEE_CORPUS_SUMMARY_GRAIN,,,true,Order of Directed Plan of Correction,directed_plan_of_correction,INDEX_METADATA,index_action,,,,,,,,false,true,2023,Aristacare at Cedar Oaks
nj-doh-enforcement-0899,https://www.nj.gov/health/healthfacilities/surveys-insp/enforcement_actions.shtml,/health/healthfacilities/surveys-insp/LlanfairHouseCareOrderLiftingCurtailmentofAdmissionsandDirectedPlanofCorrection.pdf,https://www.nj.gov/health/healthfacilities/surveys-insp/LlanfairHouseCareOrderLiftingCurtailmentofAdmissionsandDirectedPlanofCorrection.pdf,EXISTING_HASH_VERIFIED,75487d02006ef138070ec3e75dc07839366484a4c814888df2edd14ff81bbdcc,75487d02006ef138070ec3e75dc07839366484a4c814888df2edd14ff81bbdcc,,CANONICAL,SEE_CORPUS_SUMMARY_GRAIN,,,true,Order Lifting Curtailment of Admissions and Directed Plan of Correction,admission_curtailment,INDEX_METADATA,index_action,,,,,,,,false,true,2023,Llanfair House Care and Rehabilitation Center
nj-doh-enforcement-0900,https://www.nj.gov/health/healthfacilities/surveys-insp/enforcement_actions.shtml,/health/healthfacilities/surveys-insp/SerenityGardensatBrickOrderLiftingCurtailmentofAdmissions.pdf,https://www.nj.gov/health/healthfacilities/surveys-insp/SerenityGardensatBrickOrderLiftingCurtailmentofAdmissions.pdf,EXISTING_HASH_VERIFIED,3b07ba7b588361636660c63106c2aabecbe54b276cd71b35c9b02895058b4b3f,3b07ba7b588361636660c63106c2aabecbe54b276cd71b35c9b02895058b4b3f,,CANONICAL,SEE_CORPUS_SUMMARY_GRAIN,,,true,Order Lifting Curtailment of Admissions and Partially Lifting Directed Plan of Correction,admission_curtailment,INDEX_METADATA,index_action,,,,,,,,false,true,2023,Serenity Gardens at Brick
nj-doh-enforcement-0901,https://www.nj.gov/health/healthfacilities/surveys-insp/enforcement_actions.shtml,/health/healthfacilities/surveys-insp/AvantRehabilitaitionandCareCenterOrderLiftingCurtailmentofAdmissionsOrder.pdf,https://www.nj.gov/health/healthfacilities/surveys-insp/AvantRehabilitaitionandCareCenterOrderLiftingCurtailmentofAdmissionsOrder.pdf,EXISTING_HASH_VERIFIED,76c147d25fe299d648e867a431411eb820cb3bb3e2159aca609a9ea74dc5a49e,76c147d25fe299d648e867a431411eb820cb3bb3e2159aca609a9ea74dc5a49e,,CANONICAL,SEE_CORPUS_SUMMARY_GRAIN,,,true,"Order Lifting October 5, 2022, Curtailment of Admissions Order",admission_curtailment,INDEX_METADATA,index_action,,,,,,,,false,true,2023,Avant Rehabilitation and Care Center
nj-doh-enforcement-0902,https://www.nj.gov/health/healthfacilities/surveys-insp/enforcement_actions.shtml,/health/healthfacilities/surveys-insp/Menlo%20Park Surgery Center Curtailment .pdf,https://www.nj.gov/health/healthfacilities/surveys-insp/Menlo%20Park%20Surgery%20Center%20Curtailment%20.pdf,RECOVERED_AFTER_URL_NORMALIZATION,3c7aeef2060aa5fa8b8f1aac8bb736a7a30dcb13531d5427546ab7186dfb4eae,3c7aeef2060aa5fa8b8f1aac8bb736a7a30dcb13531d5427546ab7186dfb4eae,,CANONICAL,SEE_CORPUS_SUMMARY_GRAIN,,,true,Curtailment of Surgical Procedures and Services,admission_curtailment,INDEX_METADATA,index_action,,,,,,,,false,true,2023,Menlo Park Surgery Center
nj-doh-enforcement-0903,https://www.nj.gov/health/healthfacilities/surveys-insp/enforcement_actions.shtml,/health/healthfacilities/surveys-insp/Serenity%20Gardens at Brick Curtailment DPOC.pdf,https://www.nj.gov/health/healthfacilities/surveys-insp/Serenity%20Gardens%20at%20Brick%20Curtailment%20DPOC.pdf,RECOVERED_AFTER_URL_NORMALIZATION,9c72c2404230f2f55fa52aefddc074103d1e8b28132f4230323b50c70f284ccd,9c72c2404230f2f55fa52aefddc074103d1e8b28132f4230323b50c70f284ccd,,CANONICAL,SEE_CORPUS_SUMMARY_GRAIN,,,true,"Curtailment of Admissions Order, and Directed Plan of Correction",admission_curtailment,INDEX_METADATA,index_action,,,,,,,,false,true,2023,Serenity Gardens at Brick
nj-doh-enforcement-0904,https://www.nj.gov/health/healthfacilities/surveys-insp/enforcement_actions.shtml,/health/healthfacilities/surveys-insp/Revised%20Hudson Regional Hospital Revised Notice of Assessment of Penalties AX22006.pdf,https://www.nj.gov/health/healthfacilities/surveys-insp/Revised%20Hudson%20Regional%20Hospital%20Revised%20Notice%20of%20Assessment%20of%20Penalties%20AX22006.pdf,RECOVERED_AFTER_URL_NORMALIZATION,b652e0d2728fbb091786e31710c4fae978d519dbf10bc29b8e959cc939abc9a0,b652e0d2728fbb091786e31710c4fae978d519dbf10bc29b8e959cc939abc9a0,,CANONICAL,SEE_CORPUS_SUMMARY_GRAIN,,,true,Revised Notice of Assessment of Penalties,penalty_letter,INDEX_METADATA,index_action,,,,,,,,false,true,2023,Hudson Regional Hospital
nj-doh-enforcement-0905,https://www.nj.gov/health/healthfacilities/surveys-insp/enforcement_actions.shtml,/health/healthfacilities/surveys-insp/Brookdale%20lifting DPOC 12-23-22.pdf,https://www.nj.gov/health/healthfacilities/surveys-insp/Brookdale%20lifting%20DPOC%2012-23-22.pdf,RECOVERED_AFTER_URL_NORMALIZATION,0ccdea50d1ebbd1b1b645a7d3ca15d848fa464872efdc4a5634ccbb70795ed1f,0ccdea50d1ebbd1b1b645a7d3ca15d848fa464872efdc4a5634ccbb70795ed1f,,CANONICAL,SEE_CORPUS_SUMMARY_GRAIN,,,true,Order Lifting Directed Plan of Correction,directed_plan_of_correction,INDEX_METADATA,index_action,,,,,,,,false,true,2022,Brookdale at Echelon Lake
nj-doh-enforcement-0906,https://www.nj.gov/health/healthfacilities/surveys-insp/enforcement_actions.shtml,/health/healthfacilities/surveys-insp/East%20Orange General Hospital DPOC.pdf,https://www.nj.gov/health/healthfacilities/surveys-insp/East%20Orange%20General%20Hospital%20DPOC.pdf,RECOVERED_AFTER_URL_NORMALIZATION,08284f451f56d914ae800c259afb4d45c9c8fe16b7ec235495d3321c6c742436,08284f451f56d914ae800c259afb4d45c9c8fe16b7ec235495d3321c6c742436,,CANONICAL,SEE_CORPUS_SUMMARY_GRAIN,,,true,Order Lifting Directed Plan of Correction,directed_plan_of_correction,INDEX_METADATA,index_action,,,,,,,,false,true,2022,East Orange General Hospital
nj-doh-enforcement-0907,https://www.nj.gov/health/healthfacilities/surveys-insp/enforcement_actions.shtml,/health/healthfacilities/surveys-insp/Hudson%20Regional Hospital AX22006 Notice of Assessment of Penalties.pdf,https://www.nj.gov/health/healthfacilities/surveys-insp/Hudson%20Regional%20Hospital%20AX22006%20Notice%20of%20Assessment%20of%20Penalties.pdf,RECOVERED_AFTER_URL_NORMALIZATION,3fe0269801dce85fa0c690c8ec3c1be9eb13e5c1b36608b4cc91ab414731400c,3fe0269801dce85fa0c690c8ec3c1be9eb13e5c1b36608b4cc91ab414731400c,,CANONICAL,SEE_CORPUS_SUMMARY_GRAIN,,,true,Notice of Assessment of Penalties,penalty_letter,INDEX_METADATA,index_action,,,,,,,,false,true,2022,Hudson Regional Hospital
nj-doh-enforcement-0908,https://www.nj.gov/health/healthfacilities/surveys-insp/enforcement_actions.shtml,/health/healthfacilities/surveys-insp/The%20Heritage Assisted Living X21041 Notice of Assessment of Penalties.pdf,https://www.nj.gov/health/healthfacilities/surveys-insp/The%20Heritage%20Assisted%20Living%20X21041%20Notice%20of%20Assessment%20of%20Penalties.pdf,RECOVERED_AFTER_URL_NORMALIZATION,f3bdc2144f50314d948a7678271aca735dd410e98f2021a79daedb81efab5870,f3bdc2144f50314d948a7678271aca735dd410e98f2021a79daedb81efab5870,,CANONICAL,SEE_CORPUS_SUMMARY_GRAIN,,,true,Notice of Assessment of Penalties,penalty_letter,INDEX_METADATA,index_action,,,,,,,,false,true,2022,The Heritage Assisted Living
nj-doh-enforcement-0909,https://www.nj.gov/health/healthfacilities/surveys-insp/enforcement_actions.shtml,/health/healthfacilities/surveys-insp/All%20American Assisted Living at Washington Township X21049 Notice of Assessment of Penalties .pdf,https://www.nj.gov/health/healthfacilities/surveys-insp/All%20American%20Assisted%20Living%20at%20Washington%20Township%20X21049%20Notice%20of%20Assessment%20of%20Penalties%20.pdf,RECOVERED_AFTER_URL_NORMALIZATION,f6a44350da5504db93cd5b452a05a7e573d96eed6f8d3b7368fd5e99b8720b25,f6a44350da5504db93cd5b452a05a7e573d96eed6f8d3b7368fd5e99b8720b25,,CANONICAL,SEE_CORPUS_SUMMARY_GRAIN,,,true,Notice of Assessment of Penalties,penalty_letter,INDEX_METADATA,index_action,,,,,,,,false,true,2022,All American Assisted Living at Washington Township
nj-doh-enforcement-0910,https://www.nj.gov/health/healthfacilities/surveys-insp/enforcement_actions.shtml,/health/healthfacilities/surveys-insp/Bentley%20Comprehensice Care LLC X21046 Order Lifting Directed Plan of Correction and Curtailment of Admissions .pdf,https://www.nj.gov/health/healthfacilities/surveys-insp/Bentley%20Comprehensice%20Care%20LLC%20X21046%20Order%20Lifting%20Directed%20Plan%20of%20Correction%20and%20Curtailment%20of%20Admissions%20.pdf,RECOVERED_AFTER_URL_NORMALIZATION,ee24a20176be4c98307f4b995d74b1cd78af0b0a89b97201a7025f872e3da082,ee24a20176be4c98307f4b995d74b1cd78af0b0a89b97201a7025f872e3da082,,CANONICAL,SEE_CORPUS_SUMMARY_GRAIN,,,true,Order Lifting Directed Plan of Correction and Curtailment of Admissions,directed_plan_of_correction,INDEX_METADATA,index_action,,,,,,,,false,true,2022,Bentley Comprehensive Care LLC
nj-doh-enforcement-0911,https://www.nj.gov/health/healthfacilities/surveys-insp/enforcement_actions.shtml,/health/healthfacilities/surveys-insp/New%20Jersey Verterans Memorial Home Menlo Park X21052 Curtailment of Admissions Order DPOC.pdf,https://www.nj.gov/health/healthfacilities/surveys-insp/New%20Jersey%20Verterans%20Memorial%20Home%20Menlo%20Park%20X21052%20Curtailment%20of%20Admissions%20Order%20DPOC.pdf,RECOVERED_AFTER_URL_NORMALIZATION,4322113baccabd6a9208a0bcc038a99169e075ad0247855feb5b2fb7c1272383,4322113baccabd6a9208a0bcc038a99169e075ad0247855feb5b2fb7c1272383,,CANONICAL,SEE_CORPUS_SUMMARY_GRAIN,,,true,"Curtailment of Admissions Order, Directed Plan of Correction",admission_curtailment,INDEX_METADATA,index_action,,,,,,,,false,true,2022,New Jersey Veterans Memorial Home Menlo Park
nj-doh-enforcement-0912,https://www.nj.gov/health/healthfacilities/surveys-insp/enforcement_actions.shtml,/health/healthfacilities/surveys-insp/Ivy%20Stone Senior Living Order Lifting  DPOC and Curtailment.pdf,https://www.nj.gov/health/healthfacilities/surveys-insp/Ivy%20Stone%20Senior%20Living%20Order%20Lifting%20%20DPOC%20and%20Curtailment.pdf,RECOVERED_AFTER_URL_NORMALIZATION,3a4520568410d00f94735440f35b0fb689c04d0d9152696090aac35ea8817553,3a4520568410d00f94735440f35b0fb689c04d0d9152696090aac35ea8817553,,CANONICAL,SEE_CORPUS_SUMMARY_GRAIN,,,true,Order Lifting Directed Plan of Correction and Curtailment of Admissions,directed_plan_of_correction,INDEX_METADATA,index_action,,,,,,,,false,true,2022,Ivy Stone Senior Living
nj-doh-enforcement-0913,https://www.nj.gov/health/healthfacilities/surveys-insp/enforcement_actions.shtml,/health/healthfacilities/surveys-insp/The%20Residence at Strafford X21051 Notice of Assessment of Penalties.pdf,https://www.nj.gov/health/healthfacilities/surveys-insp/The%20Residence%20at%20Strafford%20X21051%20Notice%20of%20Assessment%20of%20Penalties.pdf,RECOVERED_AFTER_URL_NORMALIZATION,8b0cfc4c3c6d7d5a712b16562edc7720f7726a19885837197fece33bf821eeff,8b0cfc4c3c6d7d5a712b16562edc7720f7726a19885837197fece33bf821eeff,,CANONICAL,SEE_CORPUS_SUMMARY_GRAIN,,,true,Notice of Assessment of Penalties,penalty_letter,INDEX_METADATA,index_action,,,,,,,,false,true,2022,The Residence at Stafford
nj-doh-enforcement-0914,https://www.nj.gov/health/healthfacilities/surveys-insp/enforcement_actions.shtml,/health/healthfacilities/surveys-insp/EA-Avant-Rehabilitation-and-Care-Center-11092022.pdf,https://www.nj.gov/health/healthfacilities/surveys-insp/EA-Avant-Rehabilitation-and-Care-Center-11092022.pdf,EXISTING_HASH_VERIFIED,09d05bf4128c84f75c31f0d00922c04b0a922fb6f022615dcefff678ac9ae3a3,09d05bf4128c84f75c31f0d00922c04b0a922fb6f022615dcefff678ac9ae3a3,,CANONICAL,SEE_CORPUS_SUMMARY_GRAIN,,,true,Curtailment of Admissions Order and Directed Plan of Correction,admission_curtailment,INDEX_METADATA,index_action,,,,,,,,false,true,2022,Avant Rehabilitation and Care Center
nj-doh-enforcement-0915,https://www.nj.gov/health/healthfacilities/surveys-insp/enforcement_actions.shtml,/health/healthfacilities/surveys-insp/Brightview%20Mount Laurel X21037 Notice of Assessment of Penaltiesnjackman.pdf,https://www.nj.gov/health/healthfacilities/surveys-insp/Brightview%20Mount%20Laurel%20X21037%20Notice%20of%20Assessment%20of%20Penaltiesnjackman.pdf,RECOVERED_AFTER_URL_NORMALIZATION,ce8b28ae06dbc54019d27682f5ef5d2990786a73342bacd3c3e79ef71901e376,ce8b28ae06dbc54019d27682f5ef5d2990786a73342bacd3c3e79ef71901e376,,CANONICAL,SEE_CORPUS_SUMMARY_GRAIN,,,true,Notice of Assessment of Penalties,penalty_letter,INDEX_METADATA,index_action,,,,,,,,false,true,2022,Brightview Mount Laurel
nj-doh-enforcement-0916,https://www.nj.gov/health/healthfacilities/surveys-insp/enforcement_actions.shtml,/health/healthfacilities/surveys-insp/Oakbridge%20Terrace Assisted living at the Evergreens X21048 Directed Plan of Correction Administrator Consultant.pdf,https://www.nj.gov/health/healthfacilities/surveys-insp/Oakbridge%20Terrace%20Assisted%20living%20at%20the%20Evergreens%20X21048%20Directed%20Plan%20of%20Correction%20Administrator%20Consultant.pdf,RECOVERED_AFTER_URL_NORMALIZATION,e0738d6662b0942ae58b799b88f09f12134ba41fd4dc3f45c920fa3f6a6d8207,e0738d6662b0942ae58b799b88f09f12134ba41fd4dc3f45c920fa3f6a6d8207,,CANONICAL,SEE_CORPUS_SUMMARY_GRAIN,,,true,Directed Plan of Correction - Administrator Consultant,directed_plan_of_correction,INDEX_METADATA,index_action,,,,,,,,false,true,2022,Oakbridge Terrace Assisted Living at the Evergreens
nj-doh-enforcement-0917,https://www.nj.gov/health/healthfacilities/surveys-insp/enforcement_actions.shtml,/health/healthfacilities/surveys-insp/Willowbrooke%20Court Skilled Care at the Evergreens X21050 Directed plan of Correction Adminidtrator Consultant .pdf,https://www.nj.gov/health/healthfacilities/surveys-insp/Willowbrooke%20Court%20Skilled%20Care%20at%20the%20Evergreens%20X21050%20Directed%20plan%20of%20Correction%20Adminidtrator%20Consultant%20.pdf,RECOVERED_AFTER_URL_NORMALIZATION,5a85bf285f1499eacfa8411780929c33f8f0fb525caa6d0c45a01349f2b25374,5a85bf285f1499eacfa8411780929c33f8f0fb525caa6d0c45a01349f2b25374,,CANONICAL,SEE_CORPUS_SUMMARY_GRAIN,,,true,Directed Plan of Correction - Administrator Consultant,directed_plan_of_correction,INDEX_METADATA,index_action,,,,,,,,false,true,2022,Willowbrooke Court Skilled Care at the Evergreens
nj-doh-enforcement-0918,https://www.nj.gov/health/healthfacilities/surveys-insp/enforcement_actions.shtml,/health/healthfacilities/surveys-insp/Harmony%20Village at CareOne Jackson X21043 Notice of Assessment of Penalties.pdf,https://www.nj.gov/health/healthfacilities/surveys-insp/Harmony%20Village%20at%20CareOne%20Jackson%20X21043%20Notice%20of%20Assessment%20of%20Penalties.pdf,RECOVERED_AFTER_URL_NORMALIZATION,3e0d528fb9a2bc1d1092548c6cb527335146b24a30b196120fcd783f68fe2b65,3e0d528fb9a2bc1d1092548c6cb527335146b24a30b196120fcd783f68fe2b65,,CANONICAL,SEE_CORPUS_SUMMARY_GRAIN,,,true,Notice of Assessment of Penalties,penalty_letter,INDEX_METADATA,index_action,,,,,,,,false,true,2022,Harmony Village at Careone Jackson
nj-doh-enforcement-0919,https://www.nj.gov/health/healthfacilities/surveys-insp/enforcement_actions.shtml,/health/healthfacilities/surveys-insp/Artis%20Senior Living X21038 Notice Of Assessment of Penalties.pdf,https://www.nj.gov/health/healthfacilities/surveys-insp/Artis%20Senior%20Living%20X21038%20Notice%20Of%20Assessment%20of%20Penalties.pdf,RECOVERED_AFTER_URL_NORMALIZATION,38179ae326d3ef24d863a108a2d566c66ba9ccc90b8dcdfc2a800cb5cc57f723,38179ae326d3ef24d863a108a2d566c66ba9ccc90b8dcdfc2a800cb5cc57f723,,CANONICAL,SEE_CORPUS_SUMMARY_GRAIN,,,true,Notice of Assessment of Penalties,penalty_letter,INDEX_METADATA,index_action,,,,,,,,false,true,2022,Artis Senior Living of Brick
nj-doh-enforcement-0920,https://www.nj.gov/health/healthfacilities/surveys-insp/enforcement_actions.shtml,/health/healthfacilities/surveys-insp/Llanfair%20House Care and Rehabilitation Center X20147 Curtailment of Admissions Order DPOC .pdf,https://www.nj.gov/health/healthfacilities/surveys-insp/Llanfair%20House%20Care%20and%20Rehabilitation%20Center%20X20147%20Curtailment%20of%20Admissions%20Order%20DPOC%20.pdf,RECOVERED_AFTER_URL_NORMALIZATION,313385b11d2537a4977e101c2ed2cdaefa0a0861dd9d32ae513855724953d93c,313385b11d2537a4977e101c2ed2cdaefa0a0861dd9d32ae513855724953d93c,,CANONICAL,SEE_CORPUS_SUMMARY_GRAIN,,,true,"Curtailment of Admissions Order, Directed Plan of Correction",admission_curtailment,INDEX_METADATA,index_action,,,,,,,,false,true,2022,Llanfair House Care
nj-doh-enforcement-0921,https://www.nj.gov/health/healthfacilities/surveys-insp/enforcement_actions.shtml,/health/healthfacilities/surveys-insp/The%20Bristal at Woodcliff Lake X21044 Notice of assessment of Penalties.pdf,https://www.nj.gov/health/healthfacilities/surveys-insp/The%20Bristal%20at%20Woodcliff%20Lake%20X21044%20Notice%20of%20assessment%20of%20Penalties.pdf,RECOVERED_AFTER_URL_NORMALIZATION,23a416fea13e404a93bedc6976786e19e766cbe2f2363780c7a8db5f645e6f7e,23a416fea13e404a93bedc6976786e19e766cbe2f2363780c7a8db5f645e6f7e,,CANONICAL,SEE_CORPUS_SUMMARY_GRAIN,,,true,Notice of Assessment of Penalties,penalty_letter,INDEX_METADATA,index_action,,,,,,,,false,true,2022,The Bristal at Woodcliff Lake
nj-doh-enforcement-0922,https://www.nj.gov/health/healthfacilities/surveys-insp/enforcement_actions.shtml,/health/healthfacilities/surveys-insp/Ivy%20Stone Senior Living X21046 Curtailment of Admissions Order DPOC.pdf,https://www.nj.gov/health/healthfacilities/surveys-insp/Ivy%20Stone%20Senior%20Living%20X21046%20Curtailment%20of%20Admissions%20Order%20DPOC.pdf,RECOVERED_AFTER_URL_NORMALIZATION,798e8079eceda4e4bd0ea1b433a5d00fbfc8fbb5e0ffda6e9b90e6e49ddb663d,798e8079eceda4e4bd0ea1b433a5d00fbfc8fbb5e0ffda6e9b90e6e49ddb663d,,CANONICAL,SEE_CORPUS_SUMMARY_GRAIN,,,true,"Curtailment of Admissions Order, Directed Plan of Correction",admission_curtailment,INDEX_METADATA,index_action,,,,,,,,false,true,2022,Ivy Stone Senior Living
nj-doh-enforcement-0923,https://www.nj.gov/health/healthfacilities/surveys-insp/enforcement_actions.shtml,/health/healthfacilities/surveys-insp/Bentley%20Senior Living X21046 Curtailment of Admissions DPOC.pdf,https://www.nj.gov/health/healthfacilities/surveys-insp/Bentley%20Senior%20Living%20X21046%20Curtailment%20of%20Admissions%20DPOC.pdf,RECOVERED_AFTER_URL_NORMALIZATION,b504a83b27a4f661e5751ae0bd837f0ad57ff3fe3ca42b33167f97492f932fed,b504a83b27a4f661e5751ae0bd837f0ad57ff3fe3ca42b33167f97492f932fed,,CANONICAL,SEE_CORPUS_SUMMARY_GRAIN,,,true,"Curtailment of Admissions Order, Directed Plan of Correction",admission_curtailment,INDEX_METADATA,index_action,,,,,,,,false,true,2022,Bentley Senior Living
nj-doh-enforcement-0924,https://www.nj.gov/health/healthfacilities/surveys-insp/enforcement_actions.shtml,/health/healthfacilities/surveys-insp/Salem%20Medical Center AX22005 Order Lifting Direct Plan of Correction 6.30.2022.pdf,https://www.nj.gov/health/healthfacilities/surveys-insp/Salem%20Medical%20Center%20AX22005%20Order%20Lifting%20Direct%20Plan%20of%20Correction%206.30.2022.pdf,RECOVERED_AFTER_URL_NORMALIZATION,2640079b28c9f4179723fdaa71bb0d7266d0f83bbd9be87e3dd0f7724700d2c2,2640079b28c9f4179723fdaa71bb0d7266d0f83bbd9be87e3dd0f7724700d2c2,,CANONICAL,SEE_CORPUS_SUMMARY_GRAIN,,,true,Order Lifting Directed Plan of Correction,directed_plan_of_correction,INDEX_METADATA,index_action,,,,,,,,false,true,2022,Salem Medical Center
nj-doh-enforcement-0925,https://www.nj.gov/health/healthfacilities/surveys-insp/enforcement_actions.shtml,/health/healthfacilities/surveys-insp/Avant%20Rehabilitaiton.pdf,https://www.nj.gov/health/healthfacilities/surveys-insp/Avant%20Rehabilitaiton.pdf,EXISTING_HASH_VERIFIED,a8960062bb926e37eeffecc7506b6fb3b88023af34dc2cadecac3a6129a0dc2c,a8960062bb926e37eeffecc7506b6fb3b88023af34dc2cadecac3a6129a0dc2c,,CANONICAL,SEE_CORPUS_SUMMARY_GRAIN,,,true,"Curtailment of Admissions Order, Directed Plan of Correction",admission_curtailment,INDEX_METADATA,index_action,,,,,,,,false,true,2022,Avant Rehabilitation and Care Center
nj-doh-enforcement-0926,https://www.nj.gov/health/healthfacilities/surveys-insp/enforcement_actions.shtml,/health/healthfacilities/surveys-insp/Newark%20Community Health Center AX2202 Order Lifting Curtailment Of Gynecological and Podiatric Surgical Procedures.pdf,https://www.nj.gov/health/healthfacilities/surveys-insp/Newark%20Community%20Health%20Center%20AX2202%20Order%20Lifting%20Curtailment%20Of%20Gynecological%20and%20Podiatric%20Surgical%20Procedures.pdf,RECOVERED_AFTER_URL_NORMALIZATION,ea3f1a9cb8ef831c8be4ca94a8bff53c7b616813cbb9309b40b68ea9605a894f,ea3f1a9cb8ef831c8be4ca94a8bff53c7b616813cbb9309b40b68ea9605a894f,,CANONICAL,SEE_CORPUS_SUMMARY_GRAIN,,,true,Order Lifting Curtailment of Gynecological and Podiatric Surgical Procedures,admission_curtailment,INDEX_METADATA,index_action,,,,,,,,false,true,2022,Newark Community Health Center
nj-doh-enforcement-0927,https://www.nj.gov/health/healthfacilities/surveys-insp/enforcement_actions.shtml,/health/healthfacilities/surveys-insp/Brookdale%20at Echelon Lake Lifting Curtailment of Admissions and Partially Lifting Direct Plan Of Correction X21042 .pdf,https://www.nj.gov/health/healthfacilities/surveys-insp/Brookdale%20at%20Echelon%20Lake%20Lifting%20Curtailment%20of%20Admissions%20and%20Partially%20Lifting%20Direct%20Plan%20Of%20Correction%20X21042%20.pdf,RECOVERED_AFTER_URL_NORMALIZATION,9dd202f32a4db76efdaba41fef3f198a4e34c4074c59e9503d5ed90a9f306f79,9dd202f32a4db76efdaba41fef3f198a4e34c4074c59e9503d5ed90a9f306f79,,CANONICAL,SEE_CORPUS_SUMMARY_GRAIN,,,true,Order Lifting Curtailment of Admissions and Partially Lifting Directed Plan of Correction,admission_curtailment,INDEX_METADATA,index_action,,,,,,,,false,true,2022,Brookdale at Echelon Lake
nj-doh-enforcement-0928,https://www.nj.gov/health/healthfacilities/surveys-insp/enforcement_actions.shtml,/health/healthfacilities/surveys-insp/Brookdale%20at Echelon Lake X21042 Curtailment of Admissions Order Direct Plan of Correction 9.21.2022.pdf,https://www.nj.gov/health/healthfacilities/surveys-insp/Brookdale%20at%20Echelon%20Lake%20X21042%20Curtailment%20of%20Admissions%20Order%20Direct%20Plan%20of%20Correction%209.21.2022.pdf,RECOVERED_AFTER_URL_NORMALIZATION,9a4e26726ded649a79b0e2c1876db7214d270a9ea936ecf18e3d5d7640f12695,9a4e26726ded649a79b0e2c1876db7214d270a9ea936ecf18e3d5d7640f12695,,CANONICAL,SEE_CORPUS_SUMMARY_GRAIN,,,true,"Curtailment of Admissions Order, Directed Plan of Correction",admission_curtailment,INDEX_METADATA,index_action,,,,,,,,false,true,2022,Brookdale at Echelon Lake
nj-doh-enforcement-0929,https://www.nj.gov/health/healthfacilities/surveys-insp/enforcement_actions.shtml,/health/healthfacilities/surveys-insp/UCP%20of Hudson County Pediatric notice of penalty 9 15 22.pdf,https://www.nj.gov/health/healthfacilities/surveys-insp/UCP%20of%20Hudson%20County%20Pediatric%20notice%20of%20penalty%209%2015%2022.pdf,RECOVERED_AFTER_URL_NORMALIZATION,424fa9fcfc6cecb2fa6fe4acb105348fb68e62140b311d529b7a2e7aa5038f70,424fa9fcfc6cecb2fa6fe4acb105348fb68e62140b311d529b7a2e7aa5038f70,,CANONICAL,SEE_CORPUS_SUMMARY_GRAIN,,,true,Notice of Assessment of Penalties and Curtailment of Admissions,admission_curtailment,INDEX_METADATA,index_action,,,,,,,,false,true,2022,UCP of Hudson County Pediatric MedicalDay Care
nj-doh-enforcement-0930,https://www.nj.gov/health/healthfacilities/surveys-insp/enforcement_actions.shtml,/health/healthfacilities/surveys-insp/Woodland%20Behavioral and Nursing Center Notice of Records Retention Requirements njackman.pdf,https://www.nj.gov/health/healthfacilities/surveys-insp/Woodland%20Behavioral%20and%20Nursing%20Center%20Notice%20of%20Records%20Retention%20Requirements%20njackman.pdf,RECOVERED_AFTER_URL_NORMALIZATION,12ab9e67ab7462f18ba67855fb7883408593cd631090150f75c19fb0e313c086,12ab9e67ab7462f18ba67855fb7883408593cd631090150f75c19fb0e313c086,,CANONICAL,SEE_CORPUS_SUMMARY_GRAIN,,,true,Notice of Records Retention Requirements,unclassified_regulatory_document,UNCLASSIFIED,index_action,,,,,,,,false,true,2022,Woodland Behavioral and Nursing Center
nj-doh-enforcement-0931,https://www.nj.gov/health/healthfacilities/surveys-insp/enforcement_actions.shtml,/health/healthfacilities/surveys-insp/The%20Landing of Hamilton X21040 Notice of Assessment of Penaltiesnjackman.pdf,https://www.nj.gov/health/healthfacilities/surveys-insp/The%20Landing%20of%20Hamilton%20X21040%20Notice%20of%20Assessment%20of%20Penaltiesnjackman.pdf,RECOVERED_AFTER_URL_NORMALIZATION,9eb54014868bb1c2865c8b5908d0c8cb05bb80dcb95d4cc9faefe9b0350fd13d,9eb54014868bb1c2865c8b5908d0c8cb05bb80dcb95d4cc9faefe9b0350fd13d,,CANONICAL,SEE_CORPUS_SUMMARY_GRAIN,,,true,Notice of Assessment of Penalties,penalty_letter,INDEX_METADATA,index_action,,,,,,,,false,true,2022,The Landing of Hamilton
nj-doh-enforcement-0932,https://www.nj.gov/health/healthfacilities/surveys-insp/enforcement_actions.shtml,/health/healthfacilities/surveys-insp/St Michaels Medical Center Order Lifting DPOCjclaudio.pdf,https://www.nj.gov/health/healthfacilities/surveys-insp/St%20Michaels%20Medical%20Center%20Order%20Lifting%20DPOCjclaudio.pdf,RECOVERED_AFTER_URL_NORMALIZATION,db4c69ce92543421446c8f384b589f9a24bfd008f312a07d9541d7427817972f,db4c69ce92543421446c8f384b589f9a24bfd008f312a07d9541d7427817972f,,CANONICAL,SEE_CORPUS_SUMMARY_GRAIN,,,true,Order Lifting Directed Plan of Correction,directed_plan_of_correction,INDEX_METADATA,index_action,,,,,,,,false,true,2022,St. Michaels's Medical Center
nj-doh-enforcement-0933,https://www.nj.gov/health/healthfacilities/surveys-insp/enforcement_actions.shtml,/health/healthfacilities/surveys-insp/St%20Michaels.pdf,https://www.nj.gov/health/healthfacilities/surveys-insp/St%20Michaels.pdf,EXISTING_HASH_VERIFIED,67d41c92a8a9dc11d07430857570742654849fd23b9d9a4fddf429dbf7a424a6,67d41c92a8a9dc11d07430857570742654849fd23b9d9a4fddf429dbf7a424a6,,CANONICAL,SEE_CORPUS_SUMMARY_GRAIN,,,true,Order Partially Lifting Directed Plan of Correction,directed_plan_of_correction,INDEX_METADATA,index_action,,,,,,,,false,true,2022,St. Michaels's Medical Center
nj-doh-enforcement-0934,https://www.nj.gov/health/healthfacilities/surveys-insp/enforcement_actions.shtml,/health/healthfacilities/surveys-insp/Woodland%20Behavioral and Nursing Center X21037 Admendment to Notice of Revocation of Licence njackman.pdf,https://www.nj.gov/health/healthfacilities/surveys-insp/Woodland%20Behavioral%20and%20Nursing%20Center%20X21037%20Admendment%20to%20Notice%20of%20Revocation%20of%20Licence%20njackman.pdf,RECOVERED_AFTER_URL_NORMALIZATION,4abcc66d812696371c05a641846350919b5b3a574bf9f29320f7b095fb8f8a89,4abcc66d812696371c05a641846350919b5b3a574bf9f29320f7b095fb8f8a89,,CANONICAL,SEE_CORPUS_SUMMARY_GRAIN,,,true,Amendment to Notice of Revocation of Liecense Records Retention,license_revocation,INDEX_METADATA,index_action,,,,,,,,false,true,2022,Woodland Behavioral and Nursing Center
nj-doh-enforcement-0935,https://www.nj.gov/health/healthfacilities/surveys-insp/enforcement_actions.shtml,/health/healthfacilities/surveys-insp/St%20Michaels Medical Center Notice of DPOCjclaudio.pdf,https://www.nj.gov/health/healthfacilities/surveys-insp/St%20Michaels%20Medical%20Center%20Notice%20of%20DPOCjclaudio.pdf,RECOVERED_AFTER_URL_NORMALIZATION,d0acb6d304c2bee11c5fa0dcd564e981ada0f141c8e7a8c56b55c1796f809655,d0acb6d304c2bee11c5fa0dcd564e981ada0f141c8e7a8c56b55c1796f809655,,CANONICAL,SEE_CORPUS_SUMMARY_GRAIN,,,true,Notice of Directed Plan of Correction,directed_plan_of_correction,INDEX_METADATA,index_action,,,,,,,,false,true,2022,St. Michael's Medical Center
nj-doh-enforcement-0936,https://www.nj.gov/health/healthfacilities/surveys-insp/enforcement_actions.shtml,/health/healthfacilities/surveys-insp/East%20Orange General Hospital AX22003 Notice Direct Plan of Correctionnjackman.pdf,https://www.nj.gov/health/healthfacilities/surveys-insp/East%20Orange%20General%20Hospital%20AX22003%20Notice%20Direct%20Plan%20of%20Correctionnjackman.pdf,RECOVERED_AFTER_URL_NORMALIZATION,825dbc43edecf80179630b3e7b8bd936df952cbde186a308e432fcdcdf860008,825dbc43edecf80179630b3e7b8bd936df952cbde186a308e432fcdcdf860008,,CANONICAL,SEE_CORPUS_SUMMARY_GRAIN,,,true,Notice of Directed Plan of Correction,directed_plan_of_correction,INDEX_METADATA,index_action,,,,,,,,false,true,2022,East Orange General Hospital
nj-doh-enforcement-0937,https://www.nj.gov/health/healthfacilities/surveys-insp/enforcement_actions.shtml,/health/healthfacilities/surveys-insp/UCP%20of Hudson County Pediatric AX21039 7.21.2022 Order Curtaling Pediatric Medical Day Care Servicesnjackman.pdf,https://www.nj.gov/health/healthfacilities/surveys-insp/UCP%20of%20Hudson%20County%20Pediatric%20AX21039%207.21.2022%20Order%20Curtaling%20Pediatric%20Medical%20Day%20Care%20Servicesnjackman.pdf,RECOVERED_AFTER_URL_NORMALIZATION,3db17a11a39b50f5f8c5cab22a340bd5e58df50d8c6e97305f814d6ebdc97542,3db17a11a39b50f5f8c5cab22a340bd5e58df50d8c6e97305f814d6ebdc97542,,CANONICAL,SEE_CORPUS_SUMMARY_GRAIN,,,true,Order Curtailing Pediatric Medical Day Care Services,unclassified_regulatory_document,UNCLASSIFIED,index_action,,,,,,,,false,true,2022,UCP of Hudson County Pediatric Medical Day Care
nj-doh-enforcement-0938,https://www.nj.gov/health/healthfacilities/surveys-insp/enforcement_actions.shtml,/health/healthfacilities/surveys-insp/Bentley%20Commons at Paragon Village 20043 Order Lifting 11.18.2020 DPOCnjackman.pdf,https://www.nj.gov/health/healthfacilities/surveys-insp/Bentley%20Commons%20at%20Paragon%20Village%2020043%20Order%20Lifting%2011.18.2020%20DPOCnjackman.pdf,RECOVERED_AFTER_URL_NORMALIZATION,901083b6fe248a77589185838b6fed45c30869db7721bb4af053a6c7d5e93b5d,901083b6fe248a77589185838b6fed45c30869db7721bb4af053a6c7d5e93b5d,,CANONICAL,SEE_CORPUS_SUMMARY_GRAIN,,,true,"Order Lifting the November 18, 2020 Directed Plan of Correction as Amended",directed_plan_of_correction,INDEX_METADATA,index_action,,,,,,,,false,true,2022,Bentley Commons at Paragon Village
nj-doh-enforcement-0939,https://www.nj.gov/health/healthfacilities/surveys-insp/enforcement_actions.shtml,/health/healthfacilities/surveys-insp/Order%20Lifting Curtailment of Surgical Procedures and Services The Surgicenter 6.15.22njackman.pdf,https://www.nj.gov/health/healthfacilities/surveys-insp/Order%20Lifting%20Curtailment%20of%20Surgical%20Procedures%20and%20Services%20The%20Surgicenter%206.15.22njackman.pdf,RECOVERED_AFTER_URL_NORMALIZATION,14d20c2af009dfd4fbeedd6955fb7c6df75ac28eb5da42716bb88d80f60a682b,14d20c2af009dfd4fbeedd6955fb7c6df75ac28eb5da42716bb88d80f60a682b,,CANONICAL,SEE_CORPUS_SUMMARY_GRAIN,,,true,Order Lifting Curtailment of Surgical Procedures and Services,admission_curtailment,INDEX_METADATA,index_action,,,,,,,,false,true,2022,The Surgicenter
nj-doh-enforcement-0940,https://www.nj.gov/health/healthfacilities/surveys-insp/enforcement_actions.shtml,/health/healthfacilities/surveys-insp/Salem%20DPOC 6 30 22 scanned.pdf,https://www.nj.gov/health/healthfacilities/surveys-insp/Salem%20DPOC%206%2030%2022%20scanned.pdf,RECOVERED_AFTER_URL_NORMALIZATION,2cd7bc06bdd428baa47cc1b21d425d8ce4855b7cc1ace9334b39e6de05bf70c8,2cd7bc06bdd428baa47cc1b21d425d8ce4855b7cc1ace9334b39e6de05bf70c8,,CANONICAL,SEE_CORPUS_SUMMARY_GRAIN,,,true,Notice of Directed Plan of Correction,directed_plan_of_correction,INDEX_METADATA,index_action,,,,,,,,false,true,2022,Salem Medical Center
nj-doh-enforcement-0941,https://www.nj.gov/health/healthfacilities/surveys-insp/enforcement_actions.shtml,/health/healthfacilities/surveys-insp/Newark%20Community Health Center Curtaillment of Surgical Procedures and Services 6.16.22jclaudio.pdf,https://www.nj.gov/health/healthfacilities/surveys-insp/Newark%20Community%20Health%20Center%20Curtaillment%20of%20Surgical%20Procedures%20and%20Services%206.16.22jclaudio.pdf,RECOVERED_AFTER_URL_NORMALIZATION,df93f2cd272ea2af71515bbe290a1f7275f3ededb14569c59945d4f007081f34,df93f2cd272ea2af71515bbe290a1f7275f3ededb14569c59945d4f007081f34,,CANONICAL,SEE_CORPUS_SUMMARY_GRAIN,,,true,Curtailment of Surgical Procedures and Services,admission_curtailment,INDEX_METADATA,index_action,,,,,,,,false,true,2022,Newark Community Health Center
nj-doh-enforcement-0942,https://www.nj.gov/health/healthfacilities/surveys-insp/enforcement_actions.shtml,/health/healthfacilities/surveys-insp/The%20Surgicenter Curtailment of Surgical Procedures and Services jclaudio.pdf,https://www.nj.gov/health/healthfacilities/surveys-insp/The%20Surgicenter%20Curtailment%20of%20Surgical%20Procedures%20and%20Services%20jclaudio.pdf,RECOVERED_AFTER_URL_NORMALIZATION,624030683c875bbda4d60b02c14e6511cf1ca820cba77597b5ae3da259233b42,624030683c875bbda4d60b02c14e6511cf1ca820cba77597b5ae3da259233b42,,CANONICAL,SEE_CORPUS_SUMMARY_GRAIN,,,true,Curtailment of Surgical Procedures and Services,admission_curtailment,INDEX_METADATA,index_action,,,,,,,,false,true,2022,The Surgicenter
nj-doh-enforcement-0943,https://www.nj.gov/health/healthfacilities/surveys-insp/enforcement_actions.shtml,/health/healthfacilities/surveys-insp/Woodland Behavioral and Nursing Center Order Lifting DPOC requirements to Retain.pdf,https://www.nj.gov/health/healthfacilities/surveys-insp/Woodland%20Behavioral%20and%20Nursing%20Center%20Order%20Lifting%20DPOC%20requirements%20to%20Retain.pdf,RECOVERED_AFTER_URL_NORMALIZATION,b19ec3d4d0477db4b87b70d9379fd0c513ecaf28ebf7b40af7dd6c04c82b5a3c,b19ec3d4d0477db4b87b70d9379fd0c513ecaf28ebf7b40af7dd6c04c82b5a3c,,CANONICAL,SEE_CORPUS_SUMMARY_GRAIN,,,true,Order Lifting DPOC Requirements to Retain Administrator and Registered Nurse Consultants,directed_plan_of_correction,INDEX_METADATA,index_action,,,,,,,,false,true,2022,Woodland Behavioral and Nursing Center
nj-doh-enforcement-0944,https://www.nj.gov/health/healthfacilities/surveys-insp/enforcement_actions.shtml,/health/healthfacilities/surveys-insp/Curtailment of Readmissions 05.19.2022.pdf,https://www.nj.gov/health/healthfacilities/surveys-insp/Curtailment%20of%20Readmissions%2005.19.2022.pdf,RECOVERED_AFTER_URL_NORMALIZATION,fddcaee88b1daafd053957d4ff30538b1bda4ce17a1d0261dc517bf13b2cbbf9,fddcaee88b1daafd053957d4ff30538b1bda4ce17a1d0261dc517bf13b2cbbf9,,CANONICAL,SEE_CORPUS_SUMMARY_GRAIN,,,true,Curtailment of Readmissions,admission_curtailment,INDEX_METADATA,index_action,,,,,,,,false,true,2022,Woodland Behavioral and Nursing Center
nj-doh-enforcement-0945,https://www.nj.gov/health/healthfacilities/surveys-insp/enforcement_actions.shtml,/health/healthfacilities/surveys-insp/Windsor%20Gardens Care Center Notice of Assessment of Penaltiesjclaudio.pdf,https://www.nj.gov/health/healthfacilities/surveys-insp/Windsor%20Gardens%20Care%20Center%20Notice%20of%20Assessment%20of%20Penaltiesjclaudio.pdf,RECOVERED_AFTER_URL_NORMALIZATION,68de58cad80cb9fbb6994579343e08f204334b83abc5bf624428283edd6906d4,68de58cad80cb9fbb6994579343e08f204334b83abc5bf624428283edd6906d4,,CANONICAL,SEE_CORPUS_SUMMARY_GRAIN,,,true,Notice of Assessment of Penalties,penalty_letter,INDEX_METADATA,index_action,,,,,,,,false,true,2022,Windsor Gardens Care Center
nj-doh-enforcement-0946,https://www.nj.gov/health/healthfacilities/surveys-insp/enforcement_actions.shtml,/health/healthfacilities/surveys-insp/Woodland - Order Lifting DPOC for Fire Watch.pdf,https://www.nj.gov/health/healthfacilities/surveys-insp/Woodland%20-%20Order%20Lifting%20DPOC%20for%20Fire%20Watch.pdf,RECOVERED_AFTER_URL_NORMALIZATION,937b4f2627417d4bba7eb6541eb998759f44bb6bb00f013f0f567e9be6f80027,937b4f2627417d4bba7eb6541eb998759f44bb6bb00f013f0f567e9be6f80027,,CANONICAL,SEE_CORPUS_SUMMARY_GRAIN,,,true,Order Lifting Directed Plan of Correction - Fire Watch,directed_plan_of_correction,INDEX_METADATA,index_action,,,,,,,,false,true,2022,Woodland Behavioral and Nursing Center
nj-doh-enforcement-0947,https://www.nj.gov/health/healthfacilities/surveys-insp/enforcement_actions.shtml,/health/healthfacilities/surveys-insp/Woodland DPOC for Fire Watch 04.26.2022.pdf,https://www.nj.gov/health/healthfacilities/surveys-insp/Woodland%20DPOC%20for%20Fire%20Watch%2004.26.2022.pdf,RECOVERED_AFTER_URL_NORMALIZATION,ab5ee3d5ea613d5515cc55292c701b5cca3d941494a6b8a3d9ac1931c860e8d6,ab5ee3d5ea613d5515cc55292c701b5cca3d941494a6b8a3d9ac1931c860e8d6,,CANONICAL,SEE_CORPUS_SUMMARY_GRAIN,,,true,Directed Plan of Correction - Fire Watch,directed_plan_of_correction,INDEX_METADATA,index_action,,,,,,,,false,true,2022,Woodland Behavioral and Nursing Center
nj-doh-enforcement-0948,https://www.nj.gov/health/healthfacilities/surveys-insp/enforcement_actions.shtml,/health/healthfacilities/surveys-insp/Woodland Behavioral and Nursing Center - Notice of Assessment of Penalties - 04.22.2022.pdf,https://www.nj.gov/health/healthfacilities/surveys-insp/Woodland%20Behavioral%20and%20Nursing%20Center%20-%20Notice%20of%20Assessment%20of%20Penalties%20-%2004.22.2022.pdf,RECOVERED_AFTER_URL_NORMALIZATION,841f987eb46efefeb87ebfa1b0cde3b2c77b45f030c9198cc773f12676ff7fce,841f987eb46efefeb87ebfa1b0cde3b2c77b45f030c9198cc773f12676ff7fce,,CANONICAL,SEE_CORPUS_SUMMARY_GRAIN,,,true,Notice of Assessment of Penalties,penalty_letter,INDEX_METADATA,index_action,,,,,,,,false,true,2022,Woodland Behavioral and Nursing Center
nj-doh-enforcement-0949,https://www.nj.gov/health/healthfacilities/surveys-insp/enforcement_actions.shtml,/health/healthfacilities/surveys-insp/Woodland SW penalty ltr 4 19 22 signed.pdf,https://www.nj.gov/health/healthfacilities/surveys-insp/Woodland%20SW%20penalty%20ltr%204%2019%2022%20signed.pdf,RECOVERED_AFTER_URL_NORMALIZATION,70517995a9273c4a6ace6087f8b6e1ed71535843d7712db24211b838c9728411,70517995a9273c4a6ace6087f8b6e1ed71535843d7712db24211b838c9728411,,CANONICAL,SEE_CORPUS_SUMMARY_GRAIN,,,true,Notice of Assessment of Penalties,penalty_letter,INDEX_METADATA,index_action,,,,,,,,false,true,2022,Woodland Behavioral and Nursing Center
nj-doh-enforcement-0950,https://www.nj.gov/health/healthfacilities/surveys-insp/enforcement_actions.shtml,/health/healthfacilities/surveys-insp/The%20Clare Estate second DPOC ltr exe 3-31-22.pdf,https://www.nj.gov/health/healthfacilities/surveys-insp/The%20Clare%20Estate%20second%20DPOC%20ltr%20exe%203-31-22.pdf,RECOVERED_AFTER_URL_NORMALIZATION,baca0e6c7e150e4a2ddea9f1e3e6768a68c40613e4810c12f96f78ba7809330c,baca0e6c7e150e4a2ddea9f1e3e6768a68c40613e4810c12f96f78ba7809330c,,CANONICAL,SEE_CORPUS_SUMMARY_GRAIN,,,true,Additional Directed Plan of Correction,directed_plan_of_correction,INDEX_METADATA,index_action,,,,,,,,false,true,2022,The Clare Estate
nj-doh-enforcement-0951,https://www.nj.gov/health/healthfacilities/surveys-insp/enforcement_actions.shtml,/health/healthfacilities/surveys-insp/Horizon%20Laser and Eye Surgery Center Partial Lifting of Curtailmentjclaudio.pdf,https://www.nj.gov/health/healthfacilities/surveys-insp/Horizon%20Laser%20and%20Eye%20Surgery%20Center%20Partial%20Lifting%20of%20Curtailmentjclaudio.pdf,RECOVERED_AFTER_URL_NORMALIZATION,d388ec8f7df022de0ba6772cea90d159bef096bcd8e40bac18bae72387293844,d388ec8f7df022de0ba6772cea90d159bef096bcd8e40bac18bae72387293844,,CANONICAL,SEE_CORPUS_SUMMARY_GRAIN,,,true,Partial Lifting of Curtailment of Surgical Procedures and Services,admission_curtailment,INDEX_METADATA,index_action,,,,,,,,false,true,2022,Horizon Laser and Eye Surgery Center
nj-doh-enforcement-0952,https://www.nj.gov/health/healthfacilities/surveys-insp/enforcement_actions.shtml,/health/healthfacilities/surveys-insp/Woodland%20behavioral%20 nursing centerX21030jclaudio.pdf,https://www.nj.gov/health/healthfacilities/surveys-insp/Woodland%20behavioral%20%20nursing%20centerX21030jclaudio.pdf,RECOVERED_AFTER_URL_NORMALIZATION,5ad0f1997d0e0fa9d1c27df4c7940cee672fbe3ac0bab565af71beb19c6fc577,5ad0f1997d0e0fa9d1c27df4c7940cee672fbe3ac0bab565af71beb19c6fc577,,CANONICAL,SEE_CORPUS_SUMMARY_GRAIN,,,true,Directed Plan of Correction -- Social Work Consultants,directed_plan_of_correction,INDEX_METADATA,index_action,,,,,,,,false,true,2022,Woodland Behavioral and Nursing Center
nj-doh-enforcement-0953,https://www.nj.gov/health/healthfacilities/surveys-insp/enforcement_actions.shtml,/health/healthfacilities/surveys-insp/Horizon%20Laser Eye and Surgery Center Curtailment AX21010 03.17.2022.pdf,https://www.nj.gov/health/healthfacilities/surveys-insp/Horizon%20Laser%20Eye%20and%20Surgery%20Center%20Curtailment%20AX21010%2003.17.2022.pdf,RECOVERED_AFTER_URL_NORMALIZATION,3a70aae177c94c2d87b0f7dec3cf7db77d8b4bd913a47bda2638d9899181ec80,3a70aae177c94c2d87b0f7dec3cf7db77d8b4bd913a47bda2638d9899181ec80,,CANONICAL,SEE_CORPUS_SUMMARY_GRAIN,,,true,Curtailment of Surgical Procedures and Services,admission_curtailment,INDEX_METADATA,index_action,,,,,,,,false,true,2022,Horizon Laser and Eye Surgery Center
nj-doh-enforcement-0954,https://www.nj.gov/health/healthfacilities/surveys-insp/enforcement_actions.shtml,/health/healthfacilities/surveys-insp/Bayside%20Order Lifting Curtailment and DPOC 03.14.2022.pdf,https://www.nj.gov/health/healthfacilities/surveys-insp/Bayside%20Order%20Lifting%20Curtailment%20and%20DPOC%2003.14.2022.pdf,RECOVERED_AFTER_URL_NORMALIZATION,17811bf6511f1a318a26acd4def8c94c99dea42d18d6173cfe1887eff912fa80,17811bf6511f1a318a26acd4def8c94c99dea42d18d6173cfe1887eff912fa80,,CANONICAL,SEE_CORPUS_SUMMARY_GRAIN,,,true,Order Lifting Directed Plan of Correction and Curtailment of Admissions,directed_plan_of_correction,INDEX_METADATA,index_action,,,,,,,,false,true,2022,Bayside Manor
nj-doh-enforcement-0955,https://www.nj.gov/health/healthfacilities/surveys-insp/enforcement_actions.shtml,/health/healthfacilities/surveys-insp/Order%20dated 3-7-22 Lifting Curtailment etc. effective as of 3-4-22.pdf,https://www.nj.gov/health/healthfacilities/surveys-insp/Order%20dated%203-7-22%20Lifting%20Curtailment%20etc.%20effective%20as%20of%203-4-22.pdf,RECOVERED_AFTER_URL_NORMALIZATION,f490a384c496b30f2a3d2bad76f186b13b5f3f902125e9145cfa5d76280f1acf,f490a384c496b30f2a3d2bad76f186b13b5f3f902125e9145cfa5d76280f1acf,,CANONICAL,SEE_CORPUS_SUMMARY_GRAIN,,,true,Order Lifting the Curtailment of Admissions and Directed Plan of Correction,admission_curtailment,INDEX_METADATA,index_action,,,,,,,,false,true,2022,Fox Trail Senior Living at Deptford
nj-doh-enforcement-0956,https://www.nj.gov/health/healthfacilities/surveys-insp/enforcement_actions.shtml,/health/healthfacilities/surveys-insp/Silver.pdf,https://www.nj.gov/health/healthfacilities/surveys-insp/Silver.pdf,EXISTING_HASH_VERIFIED,25285acdc478f484d0847562accf2acf3336c79bb080cfa0b09dcac81b0a5b05,25285acdc478f484d0847562accf2acf3336c79bb080cfa0b09dcac81b0a5b05,,CANONICAL,SEE_CORPUS_SUMMARY_GRAIN,,,true,Order Lifting the Directed Plan of Correction Order,directed_plan_of_correction,INDEX_METADATA,index_action,,,,,,,,false,true,2022,Silver Healthcare Center
nj-doh-enforcement-0957,https://www.nj.gov/health/healthfacilities/surveys-insp/enforcement_actions.shtml,/health/healthfacilities/surveys-insp/Bayside%20curtailment and DPOC 2 11 22.pdf,https://www.nj.gov/health/healthfacilities/surveys-insp/Bayside%20curtailment%20and%20DPOC%202%2011%2022.pdf,RECOVERED_AFTER_URL_NORMALIZATION,f50bffb23265e9254bf94bbfde29729211bf37f3d5354f1e027d7dac051ba930,f50bffb23265e9254bf94bbfde29729211bf37f3d5354f1e027d7dac051ba930,,CANONICAL,SEE_CORPUS_SUMMARY_GRAIN,,,true,Curtailment of Admissions,admission_curtailment,INDEX_METADATA,index_action,,,,,,,,false,true,2022,Bayside Manor
nj-doh-enforcement-0958,https://www.nj.gov/health/healthfacilities/surveys-insp/enforcement_actions.shtml,/health/healthfacilities/surveys-insp/Woodland%20Letter.pdf,https://www.nj.gov/health/healthfacilities/surveys-insp/Woodland%20Letter.pdf,EXISTING_HASH_VERIFIED,4c32afb5857c1420884cb02e30be4d5af45ee9f3f2d32d36194599185f54812e,4c32afb5857c1420884cb02e30be4d5af45ee9f3f2d32d36194599185f54812e,,CANONICAL,SEE_CORPUS_SUMMARY_GRAIN,,,true,"Notice of Violations, Corrective Action, and State Monitoring",corrective_action,INDEX_METADATA,index_action,,,,,,,,false,true,2022,Woodland Behavioral and Nursing Center
nj-doh-enforcement-0959,https://www.nj.gov/health/healthfacilities/surveys-insp/enforcement_actions.shtml,/health/healthfacilities/surveys-insp/EA_2022%200201 Silver Healthcare Center Order Lifting Curtailment.pdf,https://www.nj.gov/health/healthfacilities/surveys-insp/EA_2022%200201%20Silver%20Healthcare%20Center%20Order%20Lifting%20Curtailment.pdf,RECOVERED_AFTER_URL_NORMALIZATION,4f7b4dd661d5dbfdd70e2c5da1b8777d25774ff043b6782061e144234b0299e2,4f7b4dd661d5dbfdd70e2c5da1b8777d25774ff043b6782061e144234b0299e2,,CANONICAL,SEE_CORPUS_SUMMARY_GRAIN,,,true,Order Lifting the Curtailment of Admissions,admission_curtailment,INDEX_METADATA,index_action,,,,,,,,false,true,2022,Silver Healthcare Center
nj-doh-enforcement-0960,https://www.nj.gov/health/healthfacilities/surveys-insp/enforcement_actions.shtml,/health/healthfacilities/surveys-insp/EA_2022%200128 Mi Casa Su Casa II Lifting Curtailment of Admissions.pdf,https://www.nj.gov/health/healthfacilities/surveys-insp/EA_2022%200128%20Mi%20Casa%20Su%20Casa%20II%20Lifting%20Curtailment%20of%20Admissions.pdf,RECOVERED_AFTER_URL_NORMALIZATION,e42eab4841b14780abdd44e9d59bbb9b1986bc8db939963bc6a620bef3c4fdc6,e42eab4841b14780abdd44e9d59bbb9b1986bc8db939963bc6a620bef3c4fdc6,,CANONICAL,SEE_CORPUS_SUMMARY_GRAIN,,,true,Order Lifting the Curtailment of Admissions and Services Order,admission_curtailment,INDEX_METADATA,index_action,,,,,,,,false,true,2022,"Mi Casa Su Casa II, Inc."
nj-doh-enforcement-0961,https://www.nj.gov/health/healthfacilities/surveys-insp/enforcement_actions.shtml,/health/healthfacilities/surveys-insp/EA_2022%200121 Woodland Behaviorl Nurs Center Amended DPOC.pdf,https://www.nj.gov/health/healthfacilities/surveys-insp/EA_2022%200121%20Woodland%20Behaviorl%20Nurs%20Center%20Amended%20DPOC.pdf,RECOVERED_AFTER_URL_NORMALIZATION,ce413b3a1b2d6064129081ea4c50c472a2870b7eb345e8c2e644aa4e7e992829,ce413b3a1b2d6064129081ea4c50c472a2870b7eb345e8c2e644aa4e7e992829,,CANONICAL,SEE_CORPUS_SUMMARY_GRAIN,,,true,Amended Directed Plan of Correction,directed_plan_of_correction,INDEX_METADATA,index_action,,,,,,,,false,true,2022,Woodland Behavioral and Nursing Center
nj-doh-enforcement-0962,https://www.nj.gov/health/healthfacilities/surveys-insp/enforcement_actions.shtml,/health/healthfacilities/surveys-insp/Woodland%20Behavioral Curtailment and DPOCgr rev ltr 1-14-22.pdf,https://www.nj.gov/health/healthfacilities/surveys-insp/Woodland%20Behavioral%20Curtailment%20and%20DPOCgr%20rev%20ltr%201-14-22.pdf,RECOVERED_AFTER_URL_NORMALIZATION,15a4c52c945f003b8ce33fc9bdc88b2c88c6dc83439e58fe799086beed4561cf,15a4c52c945f003b8ce33fc9bdc88b2c88c6dc83439e58fe799086beed4561cf,,CANONICAL,SEE_CORPUS_SUMMARY_GRAIN,,,true,"Curtailment of Admissions Order, Directed Plan of Correction",admission_curtailment,INDEX_METADATA,index_action,,,,,,,,false,true,2022,Woodland Behavioral and Nursing Center
nj-doh-enforcement-0963,https://www.nj.gov/health/healthfacilities/surveys-insp/enforcement_actions.shtml,/health/healthfacilities/documents/EA/EA_2022%200112 Carrie E. Robinson.pdf,https://www.nj.gov/health/healthfacilities/documents/EA/EA_2022%200112%20Carrie%20E.%20Robinson.pdf,RECOVERED_AFTER_URL_NORMALIZATION,b91f75b1dc7ea148952ca601d9a90e3c0d8d6f19b22a526f60865fe9e9a56828,b91f75b1dc7ea148952ca601d9a90e3c0d8d6f19b22a526f60865fe9e9a56828,,CANONICAL,SEE_CORPUS_SUMMARY_GRAIN,,,true,Notice of Revocation of Nurse Aide Certification,other_expressly_identified_njdoh_action,INDEX_METADATA,index_action,,,,,,,,false,true,2022,Carrie E. Robinson
nj-doh-enforcement-0964,https://www.nj.gov/health/healthfacilities/surveys-insp/enforcement_actions.shtml,/health/healthfacilities/documents/EA_facilities/2021/EA_20220110%20New Vista Nurs Rehab Lifting Curtailment DPOC.pdf,https://www.nj.gov/health/healthfacilities/documents/EA_facilities/2021/EA_20220110%20New%20Vista%20Nurs%20Rehab%20Lifting%20Curtailment%20DPOC.pdf,RECOVERED_AFTER_URL_NORMALIZATION,64a39eb1db887e30e93db65e14c3c0dd148bb2a3f1d70daa9e14d2af7dfc5dec,64a39eb1db887e30e93db65e14c3c0dd148bb2a3f1d70daa9e14d2af7dfc5dec,,CANONICAL,SEE_CORPUS_SUMMARY_GRAIN,,,true,Lifting of Admissions Curtailment and DPOC,admission_curtailment,INDEX_METADATA,index_action,,,,,,,,false,true,2022,New Vista Nursing and Rehabilitation Center
nj-doh-enforcement-0965,https://www.nj.gov/health/healthfacilities/surveys-insp/enforcement_actions.shtml,/health/healthfacilities/documents/EA_facilities/2021/EA_20211217%20Fox Trail Sen. Liv. Deptford Curtailment DPOC.pdf,https://www.nj.gov/health/healthfacilities/documents/EA_facilities/2021/EA_20211217%20Fox%20Trail%20Sen.%20Liv.%20Deptford%20Curtailment%20DPOC.pdf,RECOVERED_AFTER_URL_NORMALIZATION,88a85ef9169e5475a3849783da008ce5fe4d00d7d9e1f19e02389d1cab79391c,88a85ef9169e5475a3849783da008ce5fe4d00d7d9e1f19e02389d1cab79391c,,CANONICAL,SEE_CORPUS_SUMMARY_GRAIN,,,true,Curtailment of Admissions and DPOC,admission_curtailment,INDEX_METADATA,index_action,,,,,,,,false,true,2021,Fox Trail Senior Living at Deptford
nj-doh-enforcement-0966,https://www.nj.gov/health/healthfacilities/surveys-insp/enforcement_actions.shtml,"/health/healthfacilities/surveys-insp/EA_20211212%20Mi Casa Su Casa II, Inc. Curtailment.pdf",https://www.nj.gov/health/healthfacilities/surveys-insp/EA_20211212%20Mi%20Casa%20Su%20Casa%20II%2C%20Inc.%20Curtailment.pdf,RECOVERED_AFTER_URL_NORMALIZATION,1083d8cc07ca46e87fa989835576b0400270b1e12332f11853f33a0d68c87ccb,1083d8cc07ca46e87fa989835576b0400270b1e12332f11853f33a0d68c87ccb,,CANONICAL,SEE_CORPUS_SUMMARY_GRAIN,,,true,Curtailment of Admissions,admission_curtailment,INDEX_METADATA,index_action,,,,,,,,false,true,2021,"Mi Case Su Case II, Inc."
nj-doh-enforcement-0967,https://www.nj.gov/health/healthfacilities/surveys-insp/enforcement_actions.shtml,/health/healthfacilities/surveys-insp/EA_20211210%20Maimouna Diarra Revocation.pdf,https://www.nj.gov/health/healthfacilities/surveys-insp/EA_20211210%20Maimouna%20Diarra%20Revocation.pdf,RECOVERED_AFTER_URL_NORMALIZATION,5d9e68ce187109fd08fb661309619f4ffa87bea38d0b626f4d1220e57c4dc2b3,5d9e68ce187109fd08fb661309619f4ffa87bea38d0b626f4d1220e57c4dc2b3,,CANONICAL,SEE_CORPUS_SUMMARY_GRAIN,,,true,Notice of Revocation of Nurse Aide Certification,other_expressly_identified_njdoh_action,INDEX_METADATA,index_action,,,,,,,,false,true,2021,Maimouna Diarra
nj-doh-enforcement-0968,https://www.nj.gov/health/healthfacilities/surveys-insp/enforcement_actions.shtml,/health/healthfacilities/surveys-insp/Silver%20Healthcare.pdf,https://www.nj.gov/health/healthfacilities/surveys-insp/Silver%20Healthcare.pdf,EXISTING_HASH_VERIFIED,d75711003ce371066d1d59ba428173d87caaf7959b727bc763c9d20258ca0d54,d75711003ce371066d1d59ba428173d87caaf7959b727bc763c9d20258ca0d54,,CANONICAL,SEE_CORPUS_SUMMARY_GRAIN,,,true,Notice of Assessment of Penalties,penalty_letter,INDEX_METADATA,index_action,,,,,,,,false,true,2021,Silver Healthcare Center
nj-doh-enforcement-0969,https://www.nj.gov/health/healthfacilities/surveys-insp/enforcement_actions.shtml,/health/healthfacilities/surveys-insp/EA_20211124%20Chukwuma E. Madu Summary Suspension.pdf,https://www.nj.gov/health/healthfacilities/surveys-insp/EA_20211124%20Chukwuma%20E.%20Madu%20Summary%20Suspension.pdf,RECOVERED_AFTER_URL_NORMALIZATION,29255e00722da144a16668a3baaf374361ebb025ff6f02b3eb5ad16df0cd8278,29255e00722da144a16668a3baaf374361ebb025ff6f02b3eb5ad16df0cd8278,,CANONICAL,SEE_CORPUS_SUMMARY_GRAIN,,,true,Order of Summary Suspension of Nurse Aide Certification,other_expressly_identified_njdoh_action,INDEX_METADATA,index_action,,,,,,,,false,true,2021,Chukwuma E. Madu
nj-doh-enforcement-0970,https://www.nj.gov/health/healthfacilities/surveys-insp/enforcement_actions.shtml,/health/healthfacilities/surveys-insp/EA_20211118%20Rita Odiaka Summary Suspension.pdf,https://www.nj.gov/health/healthfacilities/surveys-insp/EA_20211118%20Rita%20Odiaka%20Summary%20Suspension.pdf,RECOVERED_AFTER_URL_NORMALIZATION,794f8dc141e184305c8db5b47ead6f1d6327dd9e71c2a7892753112503860709,794f8dc141e184305c8db5b47ead6f1d6327dd9e71c2a7892753112503860709,,CANONICAL,SEE_CORPUS_SUMMARY_GRAIN,,,true,Order of Summary Suspension of Nurse Aide Certification,other_expressly_identified_njdoh_action,INDEX_METADATA,index_action,,,,,,,,false,true,2021,Rita Odiaka
nj-doh-enforcement-0971,https://www.nj.gov/health/healthfacilities/surveys-insp/enforcement_actions.shtml,/health/healthfacilities/surveys-insp/EA_%2020211104_New_Vista_Nurse_Rehab_Lifting_Curtailment.pdf,https://www.nj.gov/health/healthfacilities/surveys-insp/EA_%2020211104_New_Vista_Nurse_Rehab_Lifting_Curtailment.pdf,EXISTING_HASH_VERIFIED,ff351fcff53e911b192b4f23eea1e0c0b132ba4e683604277064d02bb7cc82b0,ff351fcff53e911b192b4f23eea1e0c0b132ba4e683604277064d02bb7cc82b0,,CANONICAL,SEE_CORPUS_SUMMARY_GRAIN,,,true,Order Lifting the Curtailment of Admissions,admission_curtailment,INDEX_METADATA,index_action,,,,,,,,false,true,2021,New Vista Nursing and Rehabilitation Center
nj-doh-enforcement-0972,https://www.nj.gov/health/healthfacilities/surveys-insp/enforcement_actions.shtml,/health/healthfacilities/surveys-insp/VictoriaCommonsCPCHpenaltyletter.pdf,https://www.nj.gov/health/healthfacilities/surveys-insp/VictoriaCommonsCPCHpenaltyletter.pdf,EXISTING_HASH_VERIFIED,5df181bc44ec49f97a70e6d24482c474b49eacc0d3870d5cfba5d4b08d986410,5df181bc44ec49f97a70e6d24482c474b49eacc0d3870d5cfba5d4b08d986410,,CANONICAL,SEE_CORPUS_SUMMARY_GRAIN,,,true,Notice of Assessment of Penalties,penalty_letter,INDEX_METADATA,index_action,,,,,,,,false,true,2021,Victoria Commons Retirement Center
nj-doh-enforcement-0973,https://www.nj.gov/health/healthfacilities/surveys-insp/enforcement_actions.shtml,/health/healthfacilities/surveys-insp/EA_20211025 Sharmaine Ulam Ranches Summary Suspension.pdf,https://www.nj.gov/health/healthfacilities/surveys-insp/EA_20211025%20Sharmaine%20Ulam%20Ranches%20Summary%20Suspension.pdf,RECOVERED_AFTER_URL_NORMALIZATION,3128596280d980f2b32c2ee2d9805933bdaa471741fb907c1792b3ea1cec1c09,3128596280d980f2b32c2ee2d9805933bdaa471741fb907c1792b3ea1cec1c09,,CANONICAL,SEE_CORPUS_SUMMARY_GRAIN,,,true,Order of Summary Suspension of Nurse Aide Certification,other_expressly_identified_njdoh_action,INDEX_METADATA,index_action,,,,,,,,false,true,2021,Sharmaine Ulam Ranches
nj-doh-enforcement-0974,https://www.nj.gov/health/healthfacilities/surveys-insp/enforcement_actions.shtml,/health/healthfacilities/surveys-insp/EA_2021_1022_Silver_Healthcare_DPOC_Curtailment.pdf,https://www.nj.gov/health/healthfacilities/surveys-insp/EA_2021_1022_Silver_Healthcare_DPOC_Curtailment.pdf,EXISTING_HASH_VERIFIED,1bafc5111458e278c423f55598a8d1fcbf7cec39a92b9ce93e0ba66184569368,1bafc5111458e278c423f55598a8d1fcbf7cec39a92b9ce93e0ba66184569368,,CANONICAL,SEE_CORPUS_SUMMARY_GRAIN,,,true,"Directed Plan of Correction, Curtailment of Readmissions and Notice of Proposed Summary Suspension of License",license_suspension,INDEX_METADATA,index_action,,,,,,,,false,true,2021,Silver Healthcare Center
nj-doh-enforcement-0975,https://www.nj.gov/health/healthfacilities/surveys-insp/enforcement_actions.shtml,/health/healthfacilities/surveys-insp/NewVistaenforcementltr101521scanned.pdf,https://www.nj.gov/health/healthfacilities/surveys-insp/NewVistaenforcementltr101521scanned.pdf,EXISTING_HASH_VERIFIED,f8b5d20d4700daca0494d17338959ee4ba3272ee2ddf20746ea493a458d43380,f8b5d20d4700daca0494d17338959ee4ba3272ee2ddf20746ea493a458d43380,,CANONICAL,SEE_CORPUS_SUMMARY_GRAIN,,,true,"Curtailment of Admissions Order, Directed Plan of Correction and Notice of Assessment of Penalties",admission_curtailment,INDEX_METADATA,index_action,,,,,,,,false,true,2021,New Vista Nursing and Rehabilitation Center
nj-doh-enforcement-0976,https://www.nj.gov/health/healthfacilities/surveys-insp/enforcement_actions.shtml,/health/healthfacilities/surveys-insp/Clare_Estate_Curtailment_DPOC.pdf,https://www.nj.gov/health/healthfacilities/surveys-insp/Clare_Estate_Curtailment_DPOC.pdf,EXISTING_HASH_VERIFIED,9279170bdd65a197241978f2a6c18cb98e85ab656cb61dd7a7e924b2da1ca9dd,9279170bdd65a197241978f2a6c18cb98e85ab656cb61dd7a7e924b2da1ca9dd,,CANONICAL,SEE_CORPUS_SUMMARY_GRAIN,,,true,Curtailment of Admissions and DPOC,admission_curtailment,INDEX_METADATA,index_action,,,,,,,,false,true,2021,Clare Estate
nj-doh-enforcement-0977,https://www.nj.gov/health/healthfacilities/surveys-insp/enforcement_actions.shtml,/health/healthfacilities/surveys-insp/New_Vista_NR_Curtailment%20DPOC.pdf,https://www.nj.gov/health/healthfacilities/surveys-insp/New_Vista_NR_Curtailment%20DPOC.pdf,EXISTING_HASH_VERIFIED,e464567584eac30e31263e5df93412580d5c2e7dc41cc8fc804ef9ddc54d0c8d,e464567584eac30e31263e5df93412580d5c2e7dc41cc8fc804ef9ddc54d0c8d,,CANONICAL,SEE_CORPUS_SUMMARY_GRAIN,,,true,"Curtailment of Admissions, DPOC and Notice of Assessment of Penalties",admission_curtailment,INDEX_METADATA,index_action,,,,,,,,false,true,2021,New Vista Nursing and Rehabilitation Center
nj-doh-enforcement-0978,https://www.nj.gov/health/healthfacilities/surveys-insp/enforcement_actions.shtml,/health/healthfacilities/surveys-insp/Silver_Healthcare_Center_Curtailment.pdf,https://www.nj.gov/health/healthfacilities/surveys-insp/Silver_Healthcare_Center_Curtailment.pdf,EXISTING_HASH_VERIFIED,3035d08d68f913f1c2301452d2a56700efc8a97ce7b0b06931f642ecc6f5816f,3035d08d68f913f1c2301452d2a56700efc8a97ce7b0b06931f642ecc6f5816f,,CANONICAL,SEE_CORPUS_SUMMARY_GRAIN,,,true,Curtailment of Admissions,admission_curtailment,INDEX_METADATA,index_action,,,,,,,,false,true,2021,Silver Healthcare Center
nj-doh-enforcement-0979,https://www.nj.gov/health/healthfacilities/surveys-insp/enforcement_actions.shtml,/health/healthfacilities/surveys-insp/EA%202021 0921 Bentley Commons Amended DPOC.pdf,https://www.nj.gov/health/healthfacilities/surveys-insp/EA%202021%200921%20Bentley%20Commons%20Amended%20DPOC.pdf,RECOVERED_AFTER_URL_NORMALIZATION,b525eb0f26eadffe8dc01284e824b58440c23838bbb06a186541475e53c19729,b525eb0f26eadffe8dc01284e824b58440c23838bbb06a186541475e53c19729,,CANONICAL,SEE_CORPUS_SUMMARY_GRAIN,,,true,"Order Partially Lifting the November 18, 2020 Directed Plan of Correction as Amended",directed_plan_of_correction,INDEX_METADATA,index_action,,,,,,,,false,true,2021,Bentley Commons at Paragon Village
nj-doh-enforcement-0980,https://www.nj.gov/health/healthfacilities/surveys-insp/enforcement_actions.shtml,/health/healthfacilities/surveys-insp/EA_20210916%20Deasha Brown Revocation.pdf,https://www.nj.gov/health/healthfacilities/surveys-insp/EA_20210916%20Deasha%20Brown%20Revocation.pdf,RECOVERED_AFTER_URL_NORMALIZATION,36ad94729d0ceed38973231b1c239836b3b974d0f91048a0675a40ad03177803,36ad94729d0ceed38973231b1c239836b3b974d0f91048a0675a40ad03177803,,CANONICAL,SEE_CORPUS_SUMMARY_GRAIN,,,true,Order of Summary Suspension of Nurse Aide Certification,other_expressly_identified_njdoh_action,INDEX_METADATA,index_action,,,,,,,,false,true,2021,Deasha Brown
nj-doh-enforcement-0981,https://www.nj.gov/health/healthfacilities/surveys-insp/enforcement_actions.shtml,/health/healthfacilities/surveys-insp/EA_2021%200903 NJ Urology Cease  Desist  9 3 21 scanned.pdf,https://www.nj.gov/health/healthfacilities/surveys-insp/EA_2021%200903%20NJ%20Urology%20Cease%20%20Desist%20%209%203%2021%20scanned.pdf,RECOVERED_AFTER_URL_NORMALIZATION,042530180869612cac1df331146893e224d1727af953d2c318b55cda902cd8cb,042530180869612cac1df331146893e224d1727af953d2c318b55cda902cd8cb,,CANONICAL,SEE_CORPUS_SUMMARY_GRAIN,,,true,Cease and Desist Order,other_expressly_identified_njdoh_action,INDEX_METADATA,index_action,,,,,,,,false,true,2021,New Jersey Urology
nj-doh-enforcement-0982,https://www.nj.gov/health/healthfacilities/surveys-insp/enforcement_actions.shtml,/health/healthfacilities/surveys-insp/EA_20210830%20Ramatu Mansaray Summary Suspension.pdf,https://www.nj.gov/health/healthfacilities/surveys-insp/EA_20210830%20Ramatu%20Mansaray%20Summary%20Suspension.pdf,RECOVERED_AFTER_URL_NORMALIZATION,06d17e224d7d510e6c2a19c9fdb493ec6c1def9826aaaed80d43a3884349ff72,06d17e224d7d510e6c2a19c9fdb493ec6c1def9826aaaed80d43a3884349ff72,,CANONICAL,SEE_CORPUS_SUMMARY_GRAIN,,,true,Order of Summary Suspension of Nurse Aide Certification,other_expressly_identified_njdoh_action,INDEX_METADATA,index_action,,,,,,,,false,true,2021,Ramatu Mansaray
nj-doh-enforcement-0983,https://www.nj.gov/health/healthfacilities/surveys-insp/enforcement_actions.shtml,/health/healthfacilities/surveys-insp/EA_2021082621%20Hudson River Radiology Curtailment.pdf,https://www.nj.gov/health/healthfacilities/surveys-insp/EA_2021082621%20Hudson%20River%20Radiology%20Curtailment.pdf,RECOVERED_AFTER_URL_NORMALIZATION,8fb75649501ae7bf8c4ec8071d8e1455484f7ad19ffec07be65ef1b47072eda7,8fb75649501ae7bf8c4ec8071d8e1455484f7ad19ffec07be65ef1b47072eda7,,CANONICAL,SEE_CORPUS_SUMMARY_GRAIN,,,true,Curtailment of Services Order,admission_curtailment,INDEX_METADATA,index_action,,,,,,,,false,true,2021,Hudson River Radiology
nj-doh-enforcement-0984,https://www.nj.gov/health/healthfacilities/surveys-insp/enforcement_actions.shtml,/health/healthfacilities/surveys-insp/EA_20210714%20Merion Gardens Lifting DPOC Order.pdf,https://www.nj.gov/health/healthfacilities/surveys-insp/EA_20210714%20Merion%20Gardens%20Lifting%20DPOC%20Order.pdf,RECOVERED_AFTER_URL_NORMALIZATION,61396b87757e098faab513a7afed858e3537b06deba54369af650ac23e907c6a,61396b87757e098faab513a7afed858e3537b06deba54369af650ac23e907c6a,,CANONICAL,SEE_CORPUS_SUMMARY_GRAIN,,,true,"Order Lifting the January 27, 2021 Directed Plan of Correction",directed_plan_of_correction,INDEX_METADATA,index_action,,,,,,,,false,true,2021,Merion Gardens Assisted Living
nj-doh-enforcement-0985,https://www.nj.gov/health/healthfacilities/surveys-insp/enforcement_actions.shtml,/health/healthfacilities/surveys-insp/EA_20210712%20Community Medical Part. Lift..pdf,https://www.nj.gov/health/healthfacilities/surveys-insp/EA_20210712%20Community%20Medical%20Part.%20Lift..pdf,RECOVERED_AFTER_URL_NORMALIZATION,bc46ce2bf0cb324c2687c1e1046c2bc16f024fb6d82b2a6192e1e5d22424428b,bc46ce2bf0cb324c2687c1e1046c2bc16f024fb6d82b2a6192e1e5d22424428b,,CANONICAL,SEE_CORPUS_SUMMARY_GRAIN,,,true,Order Partially Lifting Curtailment with Conditions,admission_curtailment,INDEX_METADATA,index_action,,,,,,,,false,true,2021,Community Medical Center
nj-doh-enforcement-0986,https://www.nj.gov/health/healthfacilities/surveys-insp/enforcement_actions.shtml,/health/healthfacilities/surveys-insp/EA_20210629%20Community Medical Center Extension.pdf,https://www.nj.gov/health/healthfacilities/surveys-insp/EA_20210629%20Community%20Medical%20Center%20Extension.pdf,RECOVERED_AFTER_URL_NORMALIZATION,0d2f33d89ab66bb0e9689f07899660c9ef651219848176e9a339e4a74900451b,0d2f33d89ab66bb0e9689f07899660c9ef651219848176e9a339e4a74900451b,,CANONICAL,SEE_CORPUS_SUMMARY_GRAIN,,,true,Directed Plan of Correction and Extension of Curtailment of Services Order,admission_curtailment,INDEX_METADATA,index_action,,,,,,,,false,true,2021,Community Medical Center
nj-doh-enforcement-0987,https://www.nj.gov/health/healthfacilities/surveys-insp/enforcement_actions.shtml,/health/healthfacilities/surveys-insp/EA_20210514%20AIMS Diagnostic Imaging Services of NJ - void license 5.14.21.pdf,https://www.nj.gov/health/healthfacilities/surveys-insp/EA_20210514%20AIMS%20Diagnostic%20Imaging%20Services%20of%20NJ%20-%20void%20license%205.14.21.pdf,RECOVERED_AFTER_URL_NORMALIZATION,bc369bf28c5956101bf47b453b12bdd649c4ef7bb53fb133bffddad6242ad337,bc369bf28c5956101bf47b453b12bdd649c4ef7bb53fb133bffddad6242ad337,,CANONICAL,SEE_CORPUS_SUMMARY_GRAIN,,,true,Void License,unclassified_regulatory_document,UNCLASSIFIED,index_action,,,,,,,,false,true,2021,Dosai Diagnostic Imaging Services
nj-doh-enforcement-0988,https://www.nj.gov/health/healthfacilities/surveys-insp/enforcement_actions.shtml,/health/healthfacilities/surveys-insp/EA_20210507%20Allaire Lifting Curtailment.pdf,https://www.nj.gov/health/healthfacilities/surveys-insp/EA_20210507%20Allaire%20Lifting%20Curtailment.pdf,RECOVERED_AFTER_URL_NORMALIZATION,d4b3b28a581da13e2966d121923b2097fa1bd9414f32e1a5813ffb056f6f9423,d4b3b28a581da13e2966d121923b2097fa1bd9414f32e1a5813ffb056f6f9423,,CANONICAL,SEE_CORPUS_SUMMARY_GRAIN,,,true,Order Lifting Curtailment of New Admissions,admission_curtailment,INDEX_METADATA,index_action,,,,,,,,false,true,2021,Allaire Rehab and Nursing
nj-doh-enforcement-0989,https://www.nj.gov/health/healthfacilities/surveys-insp/enforcement_actions.shtml,/health/healthfacilities/surveys-insp/EA_20210407%20Amber Court of Elizabeth Lifting DPOC Order.pdf,https://www.nj.gov/health/healthfacilities/surveys-insp/EA_20210407%20Amber%20Court%20of%20Elizabeth%20Lifting%20DPOC%20Order.pdf,RECOVERED_AFTER_URL_NORMALIZATION,084af0a4badefe254c1f1f16c3d67aa7e5ad9106e3e1803e1d00466ed6e39ba5,084af0a4badefe254c1f1f16c3d67aa7e5ad9106e3e1803e1d00466ed6e39ba5,,CANONICAL,SEE_CORPUS_SUMMARY_GRAIN,,,true,Order Lifting Directed Plan of Correction,directed_plan_of_correction,INDEX_METADATA,index_action,,,,,,,,false,true,2021,Amber Court of Elizabeth L.L.C.
nj-doh-enforcement-0990,https://www.nj.gov/health/healthfacilities/surveys-insp/enforcement_actions.shtml,/health/healthfacilities/documents/EA_facilities/2021/EA_20210329_MerionGardensAL_Lifting%20Curtailment.pdf,https://www.nj.gov/health/healthfacilities/documents/EA_facilities/2021/EA_20210329_MerionGardensAL_Lifting%20Curtailment.pdf,EXISTING_HASH_VERIFIED,4939d2bdfe55f3edf63c8846d5622f9855f21fe7a821a50495d3a8d0564408f1,4939d2bdfe55f3edf63c8846d5622f9855f21fe7a821a50495d3a8d0564408f1,,CANONICAL,SEE_CORPUS_SUMMARY_GRAIN,,,true,Lifting of Admissions Curtailment,admission_curtailment,INDEX_METADATA,index_action,,,,,,,,false,true,2021,Merion Gardens Assisted Living
nj-doh-enforcement-0991,https://www.nj.gov/health/healthfacilities/surveys-insp/enforcement_actions.shtml,/health/healthfacilities/surveys-insp/ea-hudson-river-radiology-03152021.pdf,https://www.nj.gov/health/healthfacilities/surveys-insp/ea-hudson-river-radiology-03152021.pdf,EXISTING_HASH_VERIFIED,c93250251977402e444a215449cc485f0e399bad97b4ea7d0f3f04c0e8376dc3,c93250251977402e444a215449cc485f0e399bad97b4ea7d0f3f04c0e8376dc3,,CANONICAL,SEE_CORPUS_SUMMARY_GRAIN,,,true,Lifting of Cease and Desist Order,other_expressly_identified_njdoh_action,INDEX_METADATA,index_action,,,,,,,,false,true,2021,Hudson River Radiology
nj-doh-enforcement-0992,https://www.nj.gov/health/healthfacilities/surveys-insp/enforcement_actions.shtml,/health/healthfacilities/surveys-insp/ea-hudson-river-radiology-03042021.pdf,https://www.nj.gov/health/healthfacilities/surveys-insp/ea-hudson-river-radiology-03042021.pdf,EXISTING_HASH_VERIFIED,5aed4dc5c34259780d033dd836b703394cd55ce2d6dd302a9193a5404ed760d6,5aed4dc5c34259780d033dd836b703394cd55ce2d6dd302a9193a5404ed760d6,,CANONICAL,SEE_CORPUS_SUMMARY_GRAIN,,,true,Cease and Desist Order,other_expressly_identified_njdoh_action,INDEX_METADATA,index_action,,,,,,,,false,true,2021,Hudson River Radiology
nj-doh-enforcement-0993,https://www.nj.gov/health/healthfacilities/surveys-insp/enforcement_actions.shtml,/health/healthfacilities/surveys-insp/MillenniumMemoryCareatMatawanNoticeofAssessmentofPenalties.pdf,https://www.nj.gov/health/healthfacilities/surveys-insp/MillenniumMemoryCareatMatawanNoticeofAssessmentofPenalties.pdf,EXISTING_HASH_VERIFIED,e715384ca6820e969d24dfb177959d4900761fe0c2c9f3815121e1dc526f29c3,e715384ca6820e969d24dfb177959d4900761fe0c2c9f3815121e1dc526f29c3,,CANONICAL,SEE_CORPUS_SUMMARY_GRAIN,,,true,Noitce of Assessment of Penalties,penalty_letter,INDEX_METADATA,index_action,,,,,,,,false,true,2021,Millenium Memory Care at Matawan
nj-doh-enforcement-0994,https://www.nj.gov/health/healthfacilities/surveys-insp/enforcement_actions.shtml,/health/healthfacilities/surveys-insp/EA_20210219 Parker at Somerset Rescinded Curtailment of Admissions Order and DPOC.pdf,https://www.nj.gov/health/healthfacilities/surveys-insp/EA_20210219%20Parker%20at%20Somerset%20Rescinded%20Curtailment%20of%20Admissions%20Order%20and%20DPOC.pdf,RECOVERED_AFTER_URL_NORMALIZATION,f7ab0190db98cab456be1d558d032b0703f4579758bdc24bebe098646f052051,f7ab0190db98cab456be1d558d032b0703f4579758bdc24bebe098646f052051,,CANONICAL,SEE_CORPUS_SUMMARY_GRAIN,,,true,Order Rescinding the Curtailment of New Admissions Order and Revised Directed Plan of Correction,other_expressly_identified_njdoh_action,INDEX_METADATA,index_action,,,,,,,,false,true,2021,"Parker at Somerset, INC."
nj-doh-enforcement-0995,https://www.nj.gov/health/healthfacilities/surveys-insp/enforcement_actions.shtml,/health/healthfacilities/surveys-insp/EA_20210208%20PARKER at Somerset Curtailment of Admissions Order and DPOC.pdf,https://www.nj.gov/health/healthfacilities/surveys-insp/EA_20210208%20PARKER%20at%20Somerset%20Curtailment%20of%20Admissions%20Order%20and%20DPOC.pdf,RECOVERED_AFTER_URL_NORMALIZATION,dcbbe9fdf8bad18d310948a7a99feb3dbd1155d2633327fc45d5b2b432478521,dcbbe9fdf8bad18d310948a7a99feb3dbd1155d2633327fc45d5b2b432478521,,CANONICAL,SEE_CORPUS_SUMMARY_GRAIN,,,true,Curtailment of new Admissions Order and Directed Plan of Correction,admission_curtailment,INDEX_METADATA,index_action,,,,,,,,false,true,2021,"Parker at Somerset, INC."
nj-doh-enforcement-0996,https://www.nj.gov/health/healthfacilities/surveys-insp/enforcement_actions.shtml,/health/healthfacilities/surveys-insp/Center%20for Perioperative Medicine Cease and Desist 02.03.2021.pdf,https://www.nj.gov/health/healthfacilities/surveys-insp/Center%20for%20Perioperative%20Medicine%20Cease%20and%20Desist%2002.03.2021.pdf,RECOVERED_AFTER_URL_NORMALIZATION,201f2fddf9ae9594cfd6054295e8fdbba14939c492014f96fe419127722cf3d2,201f2fddf9ae9594cfd6054295e8fdbba14939c492014f96fe419127722cf3d2,,CANONICAL,SEE_CORPUS_SUMMARY_GRAIN,,,true,Cease and Desist Order,other_expressly_identified_njdoh_action,INDEX_METADATA,index_action,,,,,,,,false,true,2021,Center for Perioperative Medicine
nj-doh-enforcement-0997,https://www.nj.gov/health/healthfacilities/surveys-insp/enforcement_actions.shtml,/health/healthfacilities/surveys-insp/MillenniumMemoryCareatMatawan12821.pdf,https://www.nj.gov/health/healthfacilities/surveys-insp/MillenniumMemoryCareatMatawan12821.pdf,EXISTING_HASH_VERIFIED,39a83d5e66048cc9bb012d6226bb0b26f410e958b40c1a6716774d79b437865e,39a83d5e66048cc9bb012d6226bb0b26f410e958b40c1a6716774d79b437865e,,CANONICAL,SEE_CORPUS_SUMMARY_GRAIN,,,true,Noitce of Assessment of Penalties,penalty_letter,INDEX_METADATA,index_action,,,,,,,,false,true,2021,Millenium Memory Care at Matawan
nj-doh-enforcement-0998,https://www.nj.gov/health/healthfacilities/surveys-insp/enforcement_actions.shtml,/health/healthfacilities/surveys-insp/EA_20210127%20Merion Gardens AL Curtailment.pdf,https://www.nj.gov/health/healthfacilities/surveys-insp/EA_20210127%20Merion%20Gardens%20AL%20Curtailment.pdf,RECOVERED_AFTER_URL_NORMALIZATION,bc2020aac4c97496396382135b50377a73ae4b3cf2aad255aad8f71b480b6271,bc2020aac4c97496396382135b50377a73ae4b3cf2aad255aad8f71b480b6271,,CANONICAL,SEE_CORPUS_SUMMARY_GRAIN,,,true,Curtailment of Admissions Order and Directed Plan of Correction,admission_curtailment,INDEX_METADATA,index_action,,,,,,,,false,true,2021,Merion Gardens Assisted Living
nj-doh-enforcement-0999,https://www.nj.gov/health/healthfacilities/surveys-insp/enforcement_actions.shtml,/health/healthfacilities/surveys-insp/EA_20210122%20Imagecare Ctr. of Newton Curtailment.pdf,https://www.nj.gov/health/healthfacilities/surveys-insp/EA_20210122%20Imagecare%20Ctr.%20of%20Newton%20Curtailment.pdf,RECOVERED_AFTER_URL_NORMALIZATION,93c73b96674e7ed75edefb478b74f3c9adff150ee1ae6bcee7b7b2e71fd777f8,93c73b96674e7ed75edefb478b74f3c9adff150ee1ae6bcee7b7b2e71fd777f8,,CANONICAL,SEE_CORPUS_SUMMARY_GRAIN,,,true,"Curtailment of Surgical Procedures, and Preventive, Diagnostic, and Treatment Services",admission_curtailment,INDEX_METADATA,index_action,,,,,,,,false,true,2021,The Imagecare Center at Newton
nj-doh-enforcement-1000,https://www.nj.gov/health/healthfacilities/surveys-insp/enforcement_actions.shtml,/health/healthfacilities/surveys-insp/EA_20210114%20Hackensack Meridian Hlth. Carrier Clinic Liftin DPOC.pdf,https://www.nj.gov/health/healthfacilities/surveys-insp/EA_20210114%20Hackensack%20Meridian%20Hlth.%20Carrier%20Clinic%20Liftin%20DPOC.pdf,RECOVERED_AFTER_URL_NORMALIZATION,01138b3c01bca851a18c5a25032c8ea42fcd45e36a19e90762cf39aa1f9e06be,01138b3c01bca851a18c5a25032c8ea42fcd45e36a19e90762cf39aa1f9e06be,,CANONICAL,SEE_CORPUS_SUMMARY_GRAIN,,,true,"Order Lifting the November 16, 2020 Emergency Directed Plan of Correction",directed_plan_of_correction,INDEX_METADATA,index_action,,,,,,,,false,true,2021,Hackensack Meridian Health Carrier Clinic
nj-doh-enforcement-1001,https://www.nj.gov/health/healthfacilities/surveys-insp/enforcement_actions.shtml,/health/healthfacilities/surveys-insp/EA_20200107%20Clare Estates Lifting DPOC.pdf,https://www.nj.gov/health/healthfacilities/surveys-insp/EA_20200107%20Clare%20Estates%20Lifting%20DPOC.pdf,RECOVERED_AFTER_URL_NORMALIZATION,649b724576a8cdac076180f93b8666dbb1ae90338609544f5d795a38980e1f55,649b724576a8cdac076180f93b8666dbb1ae90338609544f5d795a38980e1f55,,CANONICAL,SEE_CORPUS_SUMMARY_GRAIN,,,true,"Order Lifting the November 13, 2020 Emergency Directed Plan of Correction",directed_plan_of_correction,INDEX_METADATA,index_action,,,,,,,,false,true,2021,The Clare Estate
nj-doh-enforcement-1002,https://www.nj.gov/health/healthfacilities/surveys-insp/enforcement_actions.shtml,/health/healthfacilities/surveys-insp/EA_20210106%20Merry Heart Lifting Curtailment Letter.pdf,https://www.nj.gov/health/healthfacilities/surveys-insp/EA_20210106%20Merry%20Heart%20Lifting%20Curtailment%20Letter.pdf,RECOVERED_AFTER_URL_NORMALIZATION,844243a27b87d352c4c13c5b11f045d6ca83cd897cc3fb5f8610e9fa244c9ef0,844243a27b87d352c4c13c5b11f045d6ca83cd897cc3fb5f8610e9fa244c9ef0,,CANONICAL,SEE_CORPUS_SUMMARY_GRAIN,,,true,"Order Lifting the December 10, 2020 Emergency Curtailment of Admissions Order",admission_curtailment,INDEX_METADATA,index_action,,,,,,,,false,true,2021,"Merry Heart Assisted Living, LLC"
nj-doh-enforcement-1003,https://www.nj.gov/health/healthfacilities/surveys-insp/enforcement_actions.shtml,/health/healthfacilities/surveys-insp/EA_20210106%20Amber Court of Elizabeth Lifting Curtailment.pdf,https://www.nj.gov/health/healthfacilities/surveys-insp/EA_20210106%20Amber%20Court%20of%20Elizabeth%20Lifting%20Curtailment.pdf,RECOVERED_AFTER_URL_NORMALIZATION,9711358c3a041aa5bb80a31918326449e78992508f5cdf0d2ba1db4c13e3579b,9711358c3a041aa5bb80a31918326449e78992508f5cdf0d2ba1db4c13e3579b,,CANONICAL,SEE_CORPUS_SUMMARY_GRAIN,,,true,"Order Lifting the December 11, 2020 Emergency Curtailment of Admissions Order",admission_curtailment,INDEX_METADATA,index_action,,,,,,,,false,true,2021,"Amber Court of Elizabeth, L.L.C."
nj-doh-enforcement-1004,https://www.nj.gov/health/healthfacilities/surveys-insp/enforcement_actions.shtml,/health/healthfacilities/surveys-insp/EA_2020%201224 Bentley Commons Paragon Village Lifting Curtailment.pdf,https://www.nj.gov/health/healthfacilities/surveys-insp/EA_2020%201224%20Bentley%20Commons%20Paragon%20Village%20Lifting%20Curtailment.pdf,RECOVERED_AFTER_URL_NORMALIZATION,801e4e29c5fbf30b536711eefa3da1298d0558dee7289554bd56a5f462a969aa,801e4e29c5fbf30b536711eefa3da1298d0558dee7289554bd56a5f462a969aa,,CANONICAL,SEE_CORPUS_SUMMARY_GRAIN,,,true,"Order Lifting the November 18,2020 Emergency Curtailment of Admissions as Amended",admission_curtailment,INDEX_METADATA,index_action,,,,,,,,false,true,2020,Bentley Commons at Paragon Village
nj-doh-enforcement-1005,https://www.nj.gov/health/healthfacilities/surveys-insp/enforcement_actions.shtml,/health/healthfacilities/documents/EA_facilities/2020/EA_20201216 Jewish Home Rockleigh Lifted Curtailment.pdf,https://www.nj.gov/health/healthfacilities/documents/EA_facilities/2020/EA_20201216%20Jewish%20Home%20Rockleigh%20Lifted%20Curtailment.pdf,RECOVERED_AFTER_URL_NORMALIZATION,6f30de137f442b33afca44d0e66cd6020308989c9a4a90b480ebaae9238efb78,6f30de137f442b33afca44d0e66cd6020308989c9a4a90b480ebaae9238efb78,,CANONICAL,SEE_CORPUS_SUMMARY_GRAIN,,,true,Lifting of Admissions Curtailment,admission_curtailment,INDEX_METADATA,index_action,,,,,,,,false,true,2020,Jewish Home at Rockleigh
nj-doh-enforcement-1006,https://www.nj.gov/health/healthfacilities/surveys-insp/enforcement_actions.shtml,/health/healthfacilities/documents/EA_facilities/2020/EA_20201211 Amber Court. Amended Curtailmen & DPOCpdf.pdf,https://www.nj.gov/health/healthfacilities/documents/EA_facilities/2020/EA_20201211%20Amber%20Court.%20Amended%20Curtailmen%20%26%20DPOCpdf.pdf,RECOVERED_AFTER_URL_NORMALIZATION,9b1cc107d8ff8fd5cde96ab00900806e0438a59ea09521b751126bb0b2a5756f,9b1cc107d8ff8fd5cde96ab00900806e0438a59ea09521b751126bb0b2a5756f,,CANONICAL,SEE_CORPUS_SUMMARY_GRAIN,,,true,Amended Curtailment and DPOC,admission_curtailment,INDEX_METADATA,index_action,,,,,,,,false,true,2020,Amber Court of Elizabeth
nj-doh-enforcement-1007,https://www.nj.gov/health/healthfacilities/surveys-insp/enforcement_actions.shtml,/health/healthfacilities/documents/EA_facilities/2020/EA_20201210 Cedar Crest Amended Curtailment & DPOC.pdf,https://www.nj.gov/health/healthfacilities/documents/EA_facilities/2020/EA_20201210%20Cedar%20Crest%20Amended%20Curtailment%20%26%20DPOC.pdf,RECOVERED_AFTER_URL_NORMALIZATION,e5b8aeb447c3260e43ac6375b0f09ce0678559cb1f625eaeba968038d3d6b344,e5b8aeb447c3260e43ac6375b0f09ce0678559cb1f625eaeba968038d3d6b344,,CANONICAL,SEE_CORPUS_SUMMARY_GRAIN,,,true,Amended Curtailment and DPOC,admission_curtailment,INDEX_METADATA,index_action,,,,,,,,false,true,2020,Cedar Crest Mountainview Gardens
nj-doh-enforcement-1008,https://www.nj.gov/health/healthfacilities/surveys-insp/enforcement_actions.shtml,/health/healthfacilities/documents/EA_facilities/2020/EA_20201210 Merry Heart Amended Curtailment & DPOC.pdf,https://www.nj.gov/health/healthfacilities/documents/EA_facilities/2020/EA_20201210%20Merry%20Heart%20Amended%20Curtailment%20%26%20DPOC.pdf,RECOVERED_AFTER_URL_NORMALIZATION,d0ae480e7d2851f144158eba7ee9e0297fa5861287dcfed9ff92779080250f15,d0ae480e7d2851f144158eba7ee9e0297fa5861287dcfed9ff92779080250f15,,CANONICAL,SEE_CORPUS_SUMMARY_GRAIN,,,true,Amended Curtailment and DPOC,admission_curtailment,INDEX_METADATA,index_action,,,,,,,,false,true,2020,Merry Heart Assisted Living
nj-doh-enforcement-1009,https://www.nj.gov/health/healthfacilities/surveys-insp/enforcement_actions.shtml,/health/healthfacilities/documents/EA_facilities/2020/EA_20201210 Bentley Commons Paragon Village Amended Curtailment & DPOC.pdf,https://www.nj.gov/health/healthfacilities/documents/EA_facilities/2020/EA_20201210%20Bentley%20Commons%20Paragon%20Village%20Amended%20Curtailment%20%26%20DPOC.pdf,RECOVERED_AFTER_URL_NORMALIZATION,2eccb8b3a06b8cb7ced43c7bf92b8b0c37655e8a670a6eb245f7e150239b5b00,2eccb8b3a06b8cb7ced43c7bf92b8b0c37655e8a670a6eb245f7e150239b5b00,,CANONICAL,SEE_CORPUS_SUMMARY_GRAIN,,,true,Amended Curtailment and DPOC,admission_curtailment,INDEX_METADATA,index_action,,,,,,,,false,true,2020,Bentley Commons at Paragon Village
nj-doh-enforcement-1010,https://www.nj.gov/health/healthfacilities/surveys-insp/enforcement_actions.shtml,/health/healthfacilities/documents/EA_facilities/2020/EA_20201208 Sunrise of Madison.pdf,https://www.nj.gov/health/healthfacilities/documents/EA_facilities/2020/EA_20201208%20Sunrise%20of%20Madison.pdf,RECOVERED_AFTER_URL_NORMALIZATION,ebbe181b2cf98a7110b35e06ffd6577935a4dba1f798f6ab3946d644898eec10,ebbe181b2cf98a7110b35e06ffd6577935a4dba1f798f6ab3946d644898eec10,,CANONICAL,SEE_CORPUS_SUMMARY_GRAIN,,,true,Amended Curtailment,admission_curtailment,INDEX_METADATA,index_action,,,,,,,,false,true,2020,Sunrise of Madison
nj-doh-enforcement-1011,https://www.nj.gov/health/healthfacilities/surveys-insp/enforcement_actions.shtml,/health/healthfacilities/documents/EA_facilities/2020/EA_20201123 Surgicare Surgical Mahwah Emergency Closure.pdf,https://www.nj.gov/health/healthfacilities/documents/EA_facilities/2020/EA_20201123%20Surgicare%20Surgical%20Mahwah%20Emergency%20Closure.pdf,RECOVERED_AFTER_URL_NORMALIZATION,0f6718316adbff0635f1a808d27b1b212ecafa349354e42d8e8c0deea24e01e1,0f6718316adbff0635f1a808d27b1b212ecafa349354e42d8e8c0deea24e01e1,,CANONICAL,SEE_CORPUS_SUMMARY_GRAIN,,,true,Lifting Emergency Closure Order,other_expressly_identified_njdoh_action,INDEX_METADATA,index_action,,,,,,,,false,true,2020,Surgicare Surgical Associates of Mahwah
nj-doh-enforcement-1012,https://www.nj.gov/health/healthfacilities/surveys-insp/enforcement_actions.shtml,/health/healthfacilities/documents/EA_facilities/2020/EA_2020127 Phillipsburg Center Lifting DPOC.pdf,https://www.nj.gov/health/healthfacilities/documents/EA_facilities/2020/EA_2020127%20Phillipsburg%20Center%20Lifting%20DPOC.pdf,RECOVERED_AFTER_URL_NORMALIZATION,b8896d3e611abcba6099282e27dbaa5e3aa30a7b1aae08fb97df9f56dffc6ea0,b8896d3e611abcba6099282e27dbaa5e3aa30a7b1aae08fb97df9f56dffc6ea0,,CANONICAL,SEE_CORPUS_SUMMARY_GRAIN,,,true,Lifting Directed Plan of Correction,directed_plan_of_correction,INDEX_METADATA,index_action,,,,,,,,false,true,2020,Phillipsburg Center
nj-doh-enforcement-1013,https://www.nj.gov/health/healthfacilities/surveys-insp/enforcement_actions.shtml,/health/healthfacilities/documents/EA_facilities/2020/EA_20201125 Open MRI Imag. Rochelle Park Emergency Closure.pdf,https://www.nj.gov/health/healthfacilities/documents/EA_facilities/2020/EA_20201125%20Open%20MRI%20Imag.%20Rochelle%20Park%20Emergency%20Closure.pdf,RECOVERED_AFTER_URL_NORMALIZATION,df84dbf638546f417d5a885b63f8f93611b43734ac3b41f87ba44d55b9016d78,df84dbf638546f417d5a885b63f8f93611b43734ac3b41f87ba44d55b9016d78,,CANONICAL,SEE_CORPUS_SUMMARY_GRAIN,,,true,Emergency Closure Order,other_expressly_identified_njdoh_action,INDEX_METADATA,index_action,,,,,,,,false,true,2020,Open MRI Imaging of Rochelle Park
nj-doh-enforcement-1014,https://www.nj.gov/health/healthfacilities/surveys-insp/enforcement_actions.shtml,/health/healthfacilities/surveys-insp/BrightonFlorhamNoticeofAssessmentofPenalties.pdf,https://www.nj.gov/health/healthfacilities/surveys-insp/BrightonFlorhamNoticeofAssessmentofPenalties.pdf,EXISTING_HASH_VERIFIED,42b680ed1b3b5dfacbed4d8b59238cfb10e0abeed48231f3ec25d23b4092891c,42b680ed1b3b5dfacbed4d8b59238cfb10e0abeed48231f3ec25d23b4092891c,,CANONICAL,SEE_CORPUS_SUMMARY_GRAIN,,,true,Notice of Assessment of Penalties,penalty_letter,INDEX_METADATA,index_action,,,,,,,,false,true,2020,Brighton Gardens of Florham Park
nj-doh-enforcement-1015,https://www.nj.gov/health/healthfacilities/surveys-insp/enforcement_actions.shtml,/health/healthfacilities/surveys-insp/AtriaTintonFallsStatePenaltyLetter.pdf,https://www.nj.gov/health/healthfacilities/surveys-insp/AtriaTintonFallsStatePenaltyLetter.pdf,EXISTING_HASH_VERIFIED,2003da8add9e1f7b190e0e3282e412061948dabbc204f3765e95ef33d54755dd,2003da8add9e1f7b190e0e3282e412061948dabbc204f3765e95ef33d54755dd,,CANONICAL,SEE_CORPUS_SUMMARY_GRAIN,,,true,Notice of Assessment of Penalties,penalty_letter,INDEX_METADATA,index_action,,,,,,,,false,true,2020,Atria Tinton Falls
nj-doh-enforcement-1016,https://www.nj.gov/health/healthfacilities/surveys-insp/enforcement_actions.shtml,/health/healthfacilities/documents/EA_facilities/2020/EA_20201123 Sunrise of Madison Curtailmen DPOC Letter.pdf,https://www.nj.gov/health/healthfacilities/documents/EA_facilities/2020/EA_20201123%20Sunrise%20of%20Madison%20Curtailmen%20DPOC%20Letter.pdf,RECOVERED_AFTER_URL_NORMALIZATION,76bbc5d26ede6f93c8c11a8365270eb74cf836d3ac0567124600645d52ff6132,76bbc5d26ede6f93c8c11a8365270eb74cf836d3ac0567124600645d52ff6132,,CANONICAL,SEE_CORPUS_SUMMARY_GRAIN,,,true,Emergency Curtailment of Admissions and Directed Plan of Correction,admission_curtailment,INDEX_METADATA,index_action,,,,,,,,false,true,2020,Sunrise of Madison
nj-doh-enforcement-1017,https://www.nj.gov/health/healthfacilities/surveys-insp/enforcement_actions.shtml,/health/healthfacilities/surveys-insp/EA_20201120%20Clare Estates Curtailment and DPOC 11.20.2020.pdf,https://www.nj.gov/health/healthfacilities/surveys-insp/EA_20201120%20Clare%20Estates%20Curtailment%20and%20DPOC%2011.20.2020.pdf,RECOVERED_AFTER_URL_NORMALIZATION,36ebb3dd367583b56918d270143f76d4e65f801679505b91eaa68e08243f3c9f,36ebb3dd367583b56918d270143f76d4e65f801679505b91eaa68e08243f3c9f,,CANONICAL,SEE_CORPUS_SUMMARY_GRAIN,,,true,Curtailment of Admissions and Directed Plan of Correction,admission_curtailment,INDEX_METADATA,index_action,,,,,,,,false,true,2020,The Clare Estate
nj-doh-enforcement-1018,https://www.nj.gov/health/healthfacilities/surveys-insp/enforcement_actions.shtml,/health/healthfacilities/documents/EA_facilities/2020/EA_20201120 Cedar Crest Curtailment DPOC.pdf,https://www.nj.gov/health/healthfacilities/documents/EA_facilities/2020/EA_20201120%20Cedar%20Crest%20Curtailment%20DPOC.pdf,RECOVERED_AFTER_URL_NORMALIZATION,325c6b39138f462ff637d10cf1bab0204b92b9dbea6f1414e2b2767fca2930d0,325c6b39138f462ff637d10cf1bab0204b92b9dbea6f1414e2b2767fca2930d0,,CANONICAL,SEE_CORPUS_SUMMARY_GRAIN,,,true,Emergency Curtailment of Admissions and Directed Plan of Correction,admission_curtailment,INDEX_METADATA,index_action,,,,,,,,false,true,2020,Cedar Crest Mountainview Gardens
nj-doh-enforcement-1019,https://www.nj.gov/health/healthfacilities/surveys-insp/enforcement_actions.shtml,/health/healthfacilities/surveys-insp/CardinalVillageNoticeofAssessmentofPenalties11182020.pdf,https://www.nj.gov/health/healthfacilities/surveys-insp/CardinalVillageNoticeofAssessmentofPenalties11182020.pdf,EXISTING_HASH_VERIFIED,567614713e970c233e2cfb882b694e729b01801e8012d65468081df43b309581,567614713e970c233e2cfb882b694e729b01801e8012d65468081df43b309581,,CANONICAL,SEE_CORPUS_SUMMARY_GRAIN,,,true,Notice of Assessment of Penalties,penalty_letter,INDEX_METADATA,index_action,,,,,,,,false,true,2020,Cardinal Village
nj-doh-enforcement-1020,https://www.nj.gov/health/healthfacilities/surveys-insp/enforcement_actions.shtml,/health/healthfacilities/documents/EA_facilities/2020/EA_20201118 Merry Heart AL Curtailment DPOC.pdf,https://www.nj.gov/health/healthfacilities/documents/EA_facilities/2020/EA_20201118%20Merry%20Heart%20AL%20Curtailment%20DPOC.pdf,RECOVERED_AFTER_URL_NORMALIZATION,34a01af3584372c9602724e6521e7f42466b16e18ae613ae43c87dbaf72bba6f,34a01af3584372c9602724e6521e7f42466b16e18ae613ae43c87dbaf72bba6f,,CANONICAL,SEE_CORPUS_SUMMARY_GRAIN,,,true,Emergency Curtailment of Admissions and Directed Plan of Correction,admission_curtailment,INDEX_METADATA,index_action,,,,,,,,false,true,2020,Merry Heart Assisted Living
nj-doh-enforcement-1021,https://www.nj.gov/health/healthfacilities/surveys-insp/enforcement_actions.shtml,/health/healthfacilities/documents/EA_facilities/2020/EA_20201118 Bentley Commons Paragon Village Curtailment DPOC.pdf,https://www.nj.gov/health/healthfacilities/documents/EA_facilities/2020/EA_20201118%20Bentley%20Commons%20Paragon%20Village%20Curtailment%20DPOC.pdf,RECOVERED_AFTER_URL_NORMALIZATION,ca1b7d06400dbe9787b47e096565bb9d596552a7554d700ffe55cc6fe3615b08,ca1b7d06400dbe9787b47e096565bb9d596552a7554d700ffe55cc6fe3615b08,,CANONICAL,SEE_CORPUS_SUMMARY_GRAIN,,,true,Emergency Curtailment of Admissions and Directed Plan of Correction,admission_curtailment,INDEX_METADATA,index_action,,,,,,,,false,true,2020,Bentley Commons at Paragon Village
nj-doh-enforcement-1022,https://www.nj.gov/health/healthfacilities/surveys-insp/enforcement_actions.shtml,/health/healthfacilities/documents/EA_facilities/2020/EA_20201116 Hackensack Meridian Health DPOC.pdf,https://www.nj.gov/health/healthfacilities/documents/EA_facilities/2020/EA_20201116%20Hackensack%20Meridian%20Health%20DPOC.pdf,RECOVERED_AFTER_URL_NORMALIZATION,22b318b61ffa7b6c05505b45f3d0049ffa4cf9020236aae2fa6aa12a162f9edb,22b318b61ffa7b6c05505b45f3d0049ffa4cf9020236aae2fa6aa12a162f9edb,,CANONICAL,SEE_CORPUS_SUMMARY_GRAIN,,,true,Directed Plan of Correction,directed_plan_of_correction,INDEX_METADATA,index_action,,,,,,,,false,true,2020,Hackensack Meridian Health Carrier Clinic
nj-doh-enforcement-1023,https://www.nj.gov/health/healthfacilities/surveys-insp/enforcement_actions.shtml,/health/healthfacilities/documents/EA_facilities/2020/EA_20201113 Clare Estate DPOC & Curtailment.pdf,https://www.nj.gov/health/healthfacilities/documents/EA_facilities/2020/EA_20201113%20Clare%20Estate%20DPOC%20%26%20Curtailment.pdf,RECOVERED_AFTER_URL_NORMALIZATION,4c72d1edffa6a6474f56cebd44896f8808673cc3815646c4b3d1c4cfa6633d95,4c72d1edffa6a6474f56cebd44896f8808673cc3815646c4b3d1c4cfa6633d95,,CANONICAL,SEE_CORPUS_SUMMARY_GRAIN,,,true,Emergency Curtailment of Admissions and Directed Plan of Correction,admission_curtailment,INDEX_METADATA,index_action,,,,,,,,false,true,2020,The Clare Estate
nj-doh-enforcement-1024,https://www.nj.gov/health/healthfacilities/surveys-insp/enforcement_actions.shtml,/health/healthfacilities/surveys-insp/AssistedLivingIncStatePenaltyLetter10282020.pdf,https://www.nj.gov/health/healthfacilities/surveys-insp/AssistedLivingIncStatePenaltyLetter10282020.pdf,EXISTING_HASH_VERIFIED,01992b387acaa28101c4a9a384af29bb1c624a03cc57af748ef085fc3de20acf,01992b387acaa28101c4a9a384af29bb1c624a03cc57af748ef085fc3de20acf,,CANONICAL,SEE_CORPUS_SUMMARY_GRAIN,,,true,Notice of Assessment of Penalties,penalty_letter,INDEX_METADATA,index_action,,,,,,,,false,true,2020,"Assisted Living, Inc."
nj-doh-enforcement-1025,https://www.nj.gov/health/healthfacilities/surveys-insp/enforcement_actions.shtml,/health/healthfacilities/surveys-insp/EA_20201023 Matheny School  Hosp. Lifting DPOC.pdf,https://www.nj.gov/health/healthfacilities/surveys-insp/EA_20201023%20Matheny%20School%20%20Hosp.%20Lifting%20DPOC.pdf,RECOVERED_AFTER_URL_NORMALIZATION,2ef829e10bf45b33a901adffa1ef223d8a2f7c663573559add30d609ad79505c,2ef829e10bf45b33a901adffa1ef223d8a2f7c663573559add30d609ad79505c,,CANONICAL,SEE_CORPUS_SUMMARY_GRAIN,,,true,Order Lifting August 7 Directed Plan of Correction,directed_plan_of_correction,INDEX_METADATA,index_action,,,,,,,,false,true,2020,Matheny School and Hospital
nj-doh-enforcement-1026,https://www.nj.gov/health/healthfacilities/surveys-insp/enforcement_actions.shtml,/health/healthfacilities/surveys-insp/EA_20201013 Somerset Woods Curtailment DPOC.pdf,https://www.nj.gov/health/healthfacilities/surveys-insp/EA_20201013%20Somerset%20Woods%20Curtailment%20DPOC.pdf,RECOVERED_AFTER_URL_NORMALIZATION,1121eecfe2c4b9783cb32b88d1bf788646a111c6211c62d6f47788416d4316c5,1121eecfe2c4b9783cb32b88d1bf788646a111c6211c62d6f47788416d4316c5,,CANONICAL,SEE_CORPUS_SUMMARY_GRAIN,,,true,Emergency Curtailment of Admissions and Directed Plan of Correction,admission_curtailment,INDEX_METADATA,index_action,,,,,,,,false,true,2020,Somerset Woods Rehabilitation & Nursing Center
nj-doh-enforcement-1027,https://www.nj.gov/health/healthfacilities/surveys-insp/enforcement_actions.shtml,/health/healthfacilities/surveys-insp/ChelseaatWarrenStatePenaltyLetter.pdf,https://www.nj.gov/health/healthfacilities/surveys-insp/ChelseaatWarrenStatePenaltyLetter.pdf,EXISTING_HASH_VERIFIED,657934b8b47417162479f82fde05f88ecbf4beb74b7523430bf3211d4f7e1ecf,657934b8b47417162479f82fde05f88ecbf4beb74b7523430bf3211d4f7e1ecf,,CANONICAL,SEE_CORPUS_SUMMARY_GRAIN,,,true,Notice of Assessment of Penalties,penalty_letter,INDEX_METADATA,index_action,,,,,,,,false,true,2020,The Chelsea at Warren
nj-doh-enforcement-1028,https://www.nj.gov/health/healthfacilities/surveys-insp/enforcement_actions.shtml,/health/healthfacilities/surveys-insp/EA_20200807 Matheny School and Hospital - Directed plan of Correction.pdf,https://www.nj.gov/health/healthfacilities/surveys-insp/EA_20200807%20Matheny%20School%20and%20Hospital%20-%20Directed%20plan%20of%20Correction.pdf,RECOVERED_AFTER_URL_NORMALIZATION,958148dace55cbeb53090f1803e45ddb62fdd5599869210571578a40d78479d7,958148dace55cbeb53090f1803e45ddb62fdd5599869210571578a40d78479d7,,CANONICAL,SEE_CORPUS_SUMMARY_GRAIN,,,true,Emergency Directed Plan of Correction,directed_plan_of_correction,INDEX_METADATA,index_action,,,,,,,,false,true,2020,Matheny School and Hospital
nj-doh-enforcement-1029,https://www.nj.gov/health/healthfacilities/surveys-insp/enforcement_actions.shtml,"/health/healthfacilities/surveys-insp/EA_20200721 Canterbury Cedar Grove Lifting March 20, 20 Order.pdf",https://www.nj.gov/health/healthfacilities/surveys-insp/EA_20200721%20Canterbury%20Cedar%20Grove%20Lifting%20March%2020%2C%2020%20Order.pdf,RECOVERED_AFTER_URL_NORMALIZATION,5d18259a5dedc736422eed1b9a37f46de1339668656f947ebcfa46df9bc23e5d,5d18259a5dedc736422eed1b9a37f46de1339668656f947ebcfa46df9bc23e5d,,CANONICAL,SEE_CORPUS_SUMMARY_GRAIN,,,true,"Order Lifting the March 20,2020 Emergency Curtailment of Admissions Order",admission_curtailment,INDEX_METADATA,index_action,,,,,,,,false,true,2020,The Canterbury at Cedar Grove Care & Rehabilitation
nj-doh-enforcement-1030,https://www.nj.gov/health/healthfacilities/surveys-insp/enforcement_actions.shtml,/health/healthfacilities/documents/EA_facilities/2020/EA_20200709 Andover Subacute Lifting DPOC.pdf,https://www.nj.gov/health/healthfacilities/documents/EA_facilities/2020/EA_20200709%20Andover%20Subacute%20Lifting%20DPOC.pdf,RECOVERED_AFTER_URL_NORMALIZATION,c462122bc0031a28c63c835ab5eee591ea39c1416ecbcbafd248368c06adf3d3,c462122bc0031a28c63c835ab5eee591ea39c1416ecbcbafd248368c06adf3d3,,CANONICAL,SEE_CORPUS_SUMMARY_GRAIN,,,true,Lifting Directed Plan of Correction,directed_plan_of_correction,INDEX_METADATA,index_action,,,,,,,,false,true,2020,Andover Subacute II
nj-doh-enforcement-1031,https://www.nj.gov/health/healthfacilities/surveys-insp/enforcement_actions.shtml,/health/healthfacilities/documents/EA_facilities/2020/EA_20200702 St. Joseph's Nurs Assist Liv. Lifting Curtailment.pdf,https://www.nj.gov/health/healthfacilities/documents/EA_facilities/2020/EA_20200702%20St.%20Joseph%27s%20Nurs%20Assist%20Liv.%20Lifting%20Curtailment.pdf,RECOVERED_AFTER_URL_NORMALIZATION,2bb3d60751754a1f04468c8ad0b79d1fe1db09dd0c27cb12260ff957e5a5876a,2bb3d60751754a1f04468c8ad0b79d1fe1db09dd0c27cb12260ff957e5a5876a,,CANONICAL,SEE_CORPUS_SUMMARY_GRAIN,,,true,Lifting of Admissions Curtailment,admission_curtailment,INDEX_METADATA,index_action,,,,,,,,false,true,2020,St. Joseph's Seniors Home
nj-doh-enforcement-1032,https://www.nj.gov/health/healthfacilities/surveys-insp/enforcement_actions.shtml,/health/healthfacilities/surveys-insp/EA_20200701%20Brighton Gardens of Florham Park Lift. Curtailment.pdf,https://www.nj.gov/health/healthfacilities/surveys-insp/EA_20200701%20Brighton%20Gardens%20of%20Florham%20Park%20Lift.%20Curtailment.pdf,RECOVERED_AFTER_URL_NORMALIZATION,bf144d3d5da8d9701957923d44710eb493299b2b7efdaa287d2f57fa090e7313,bf144d3d5da8d9701957923d44710eb493299b2b7efdaa287d2f57fa090e7313,,CANONICAL,SEE_CORPUS_SUMMARY_GRAIN,,,true,"Order Lifting the March 20,2020 Emergency Curtailment of Admissions Order",admission_curtailment,INDEX_METADATA,index_action,,,,,,,,false,true,2020,Brighton Gardens of Florham Park
nj-doh-enforcement-1033,https://www.nj.gov/health/healthfacilities/surveys-insp/enforcement_actions.shtml,/health/healthfacilities/surveys-insp/ea-andover-subacute-rehabilitation-04182020.pdf,https://www.nj.gov/health/healthfacilities/surveys-insp/ea-andover-subacute-rehabilitation-04182020.pdf,EXISTING_HASH_VERIFIED,a96d74cd0a0fab91b31646a1d2677379029c6bf4fbb2db5dd7d92a8c91f0c36d,a96d74cd0a0fab91b31646a1d2677379029c6bf4fbb2db5dd7d92a8c91f0c36d,,CANONICAL,SEE_CORPUS_SUMMARY_GRAIN,,,true,"Order Lifting the April 18,2020 Emergency Curtailment of Admissions Order",admission_curtailment,INDEX_METADATA,index_action,,,,,,,,false,true,2020,Andover Subacute and Rehabilitation II
nj-doh-enforcement-1034,https://www.nj.gov/health/healthfacilities/surveys-insp/enforcement_actions.shtml,/health/healthfacilities/surveys-insp/EA_20200602%20Canterbury at Cedar Grove Violation Curtailment Order.pdf,https://www.nj.gov/health/healthfacilities/surveys-insp/EA_20200602%20Canterbury%20at%20Cedar%20Grove%20Violation%20Curtailment%20Order.pdf,RECOVERED_AFTER_URL_NORMALIZATION,e4ce06b1d9a5b06a6bc874a20a3d7cafa0197d691e580b8fcbb3e9200f2fcaac,e4ce06b1d9a5b06a6bc874a20a3d7cafa0197d691e580b8fcbb3e9200f2fcaac,,CANONICAL,SEE_CORPUS_SUMMARY_GRAIN,,,true,Violation of Emergency Curtailment of Admissions,admission_curtailment,INDEX_METADATA,index_action,,,,,,,,false,true,2020,The Canterbury at Cedar Grove Care & Rehabilitation
nj-doh-enforcement-1035,https://www.nj.gov/health/healthfacilities/surveys-insp/enforcement_actions.shtml,/health/healthfacilities/documents/EA_facilities/2020/EA_20200601 New Vista Nurs. Rehab Lifting of DPOC.pdf,https://www.nj.gov/health/healthfacilities/documents/EA_facilities/2020/EA_20200601%20New%20Vista%20Nurs.%20Rehab%20Lifting%20of%20DPOC.pdf,RECOVERED_AFTER_URL_NORMALIZATION,1eb91bc65c17159cc6687036f1c04e417eb3b351c71d46baf5ecb7776fbeb7ff,1eb91bc65c17159cc6687036f1c04e417eb3b351c71d46baf5ecb7776fbeb7ff,,CANONICAL,SEE_CORPUS_SUMMARY_GRAIN,,,true,Lifting of Admissions Curtailment,admission_curtailment,INDEX_METADATA,index_action,,,,,,,,false,true,2020,New Vista Nursing and Rehab Center
nj-doh-enforcement-1036,https://www.nj.gov/health/healthfacilities/surveys-insp/enforcement_actions.shtml,/health/healthfacilities/surveys-insp/EA_20200522%20Gardens of Monroe Hlthcare Cease Construction Order.pdf,https://www.nj.gov/health/healthfacilities/surveys-insp/EA_20200522%20Gardens%20of%20Monroe%20Hlthcare%20Cease%20Construction%20Order.pdf,RECOVERED_AFTER_URL_NORMALIZATION,5e6a2276f6d0ed3cba553860a2d8ae6cce4ef23e95cd1acf92ddf474746cc153,5e6a2276f6d0ed3cba553860a2d8ae6cce4ef23e95cd1acf92ddf474746cc153,,CANONICAL,SEE_CORPUS_SUMMARY_GRAIN,,,true,Order to Cease Construction Work,unclassified_regulatory_document,UNCLASSIFIED,index_action,,,,,,,,false,true,2020,Gardens at Monroe Healthcare and Rehabilitation
nj-doh-enforcement-1037,https://www.nj.gov/health/healthfacilities/surveys-insp/enforcement_actions.shtml,/health/healthfacilities/surveys-insp/EA_20200515 Alaris St. Mary's Lifting DPOC Order.pdf,https://www.nj.gov/health/healthfacilities/surveys-insp/EA_20200515%20Alaris%20St.%20Mary%27s%20Lifting%20DPOC%20Order.pdf,RECOVERED_AFTER_URL_NORMALIZATION,f4b8ea6d1e96dea30c73111904e4df750be08798a8c37f87190591792df028ee,f4b8ea6d1e96dea30c73111904e4df750be08798a8c37f87190591792df028ee,,CANONICAL,SEE_CORPUS_SUMMARY_GRAIN,,,true,Order Lifting Emergency Directed Plan of Correction,directed_plan_of_correction,INDEX_METADATA,index_action,,,,,,,,false,true,2020,Alaris Health at St. Mary's
nj-doh-enforcement-1038,https://www.nj.gov/health/healthfacilities/surveys-insp/enforcement_actions.shtml,/health/healthfacilities/surveys-insp/EA_20200511 Alameda Center for Rehab Order Lifting Curtailment.pdf,https://www.nj.gov/health/healthfacilities/surveys-insp/EA_20200511%20Alameda%20Center%20for%20Rehab%20Order%20Lifting%20Curtailment.pdf,RECOVERED_AFTER_URL_NORMALIZATION,2dd14163828f365f5b72fa21e1abe35e7ef47bab05524be0df4af44bb1589f37,2dd14163828f365f5b72fa21e1abe35e7ef47bab05524be0df4af44bb1589f37,,CANONICAL,SEE_CORPUS_SUMMARY_GRAIN,,,true,Order Lifting Emergency Curtailment of Admissions Order and Directed Plan of Correction,admission_curtailment,INDEX_METADATA,index_action,,,,,,,,false,true,2020,Alameda Center for Rehabilitation and Healthcare
nj-doh-enforcement-1039,https://www.nj.gov/health/healthfacilities/surveys-insp/enforcement_actions.shtml,/health/healthfacilities/documents/EA_facilities/2020/EA_20200501AndroverSubII_PartialLiftingCurtailment.pdf,https://www.nj.gov/health/healthfacilities/documents/EA_facilities/2020/EA_20200501AndroverSubII_PartialLiftingCurtailment.pdf,EXISTING_HASH_VERIFIED,a6cba619a034bb4578f6509ed71df6120a7c16dac28fe559bb9ac73f495de9a0,a6cba619a034bb4578f6509ed71df6120a7c16dac28fe559bb9ac73f495de9a0,,CANONICAL,SEE_CORPUS_SUMMARY_GRAIN,,,true,Partial Lifting of Admissions Curtailment,admission_curtailment,INDEX_METADATA,index_action,,,,,,,,false,true,2020,Andover Subacute II
nj-doh-enforcement-1040,https://www.nj.gov/health/healthfacilities/surveys-insp/enforcement_actions.shtml,/health/healthfacilities/surveys-insp/EA_20200501%20Alameda Center for Rehab Partial Lifting Curtailment.pdf,https://www.nj.gov/health/healthfacilities/surveys-insp/EA_20200501%20Alameda%20Center%20for%20Rehab%20Partial%20Lifting%20Curtailment.pdf,RECOVERED_AFTER_URL_NORMALIZATION,37523ffde77ffa99b8c755f53f6682e4a4342ae61595d23c3e3e2a0cf9322f50,37523ffde77ffa99b8c755f53f6682e4a4342ae61595d23c3e3e2a0cf9322f50,,CANONICAL,SEE_CORPUS_SUMMARY_GRAIN,,,true,Order Partially Lifting Emergency Curtailment of Admissions Order,admission_curtailment,INDEX_METADATA,index_action,,,,,,,,false,true,2020,Alameda Center for Rehabilitation and Healthcare
nj-doh-enforcement-1041,https://www.nj.gov/health/healthfacilities/surveys-insp/enforcement_actions.shtml,/health/healthfacilities/documents/EA_facilities/2020/EA_20200501 New Vista Part. Lift. Curtailment.pdf,https://www.nj.gov/health/healthfacilities/documents/EA_facilities/2020/EA_20200501%20New%20Vista%20Part.%20Lift.%20Curtailment.pdf,RECOVERED_AFTER_URL_NORMALIZATION,674c7be130c48b032261155ef7a4da14276e74c3b2ca557514aae5cff4b11c65,674c7be130c48b032261155ef7a4da14276e74c3b2ca557514aae5cff4b11c65,,CANONICAL,SEE_CORPUS_SUMMARY_GRAIN,,,true,Partial Lifting of Admissions Curtailment,admission_curtailment,INDEX_METADATA,index_action,,,,,,,,false,true,2020,New Vista Nursing and Rehab Center
nj-doh-enforcement-1042,https://www.nj.gov/health/healthfacilities/surveys-insp/enforcement_actions.shtml,/health/healthfacilities/surveys-insp/Alaris%20St. Mary's Amended Order.pdf,https://www.nj.gov/health/healthfacilities/surveys-insp/Alaris%20St.%20Mary%27s%20Amended%20Order.pdf,RECOVERED_AFTER_URL_NORMALIZATION,9463d6143530c0b27a771a6aade387d3783fbca8713ecea5610b4824f57f8da6,9463d6143530c0b27a771a6aade387d3783fbca8713ecea5610b4824f57f8da6,,CANONICAL,SEE_CORPUS_SUMMARY_GRAIN,,,true,Amened Emergency Directed Plan of Action,unclassified_regulatory_document,UNCLASSIFIED,index_action,,,,,,,,false,true,2020,Alaris Health at St. Mary's
nj-doh-enforcement-1043,https://www.nj.gov/health/healthfacilities/surveys-insp/enforcement_actions.shtml,/health/healthfacilities/surveys-insp/New Vista Order.pdf,https://www.nj.gov/health/healthfacilities/surveys-insp/New%20Vista%20Order.pdf,RECOVERED_AFTER_URL_NORMALIZATION,e630a37f6d9f6c98a41c0a7daddc602f2a7bd3bd142b6b86bca8b7c0c51e4260,e630a37f6d9f6c98a41c0a7daddc602f2a7bd3bd142b6b86bca8b7c0c51e4260,,CANONICAL,SEE_CORPUS_SUMMARY_GRAIN,,,true,Emergency Curtailment of Admissions and Directed Plan of Correction,admission_curtailment,INDEX_METADATA,index_action,,,,,,,,false,true,2020,New Vista Nursing and Rehab Center
nj-doh-enforcement-1044,https://www.nj.gov/health/healthfacilities/surveys-insp/enforcement_actions.shtml,/health/healthfacilities/documents/EA_facilities/2020/EA_20200418AndoverSubII_Curtailment.pdf,https://www.nj.gov/health/healthfacilities/documents/EA_facilities/2020/EA_20200418AndoverSubII_Curtailment.pdf,EXISTING_HASH_VERIFIED,81a43d526506c07cc96f9a7360ec48a0bf74630274bf3562650053c2141b282c,81a43d526506c07cc96f9a7360ec48a0bf74630274bf3562650053c2141b282c,,CANONICAL,SEE_CORPUS_SUMMARY_GRAIN,,,true,Curtailment of Admissions,admission_curtailment,INDEX_METADATA,index_action,,,,,,,,false,true,2020,Andover Subacute II
nj-doh-enforcement-1045,https://www.nj.gov/health/healthfacilities/surveys-insp/enforcement_actions.shtml,/health/healthfacilities/documents/EA_facilities/2020/EA_20200416 St. Joseph's Nurs Assist Liv. Lifting Closing Order.pdf,https://www.nj.gov/health/healthfacilities/documents/EA_facilities/2020/EA_20200416%20St.%20Joseph%27s%20Nurs%20Assist%20Liv.%20Lifting%20Closing%20Order.pdf,RECOVERED_AFTER_URL_NORMALIZATION,5d66a3ba17f66beeccf6d944bcaf23a58aa61071c23b594610aaec83908ca4e8,5d66a3ba17f66beeccf6d944bcaf23a58aa61071c23b594610aaec83908ca4e8,,CANONICAL,SEE_CORPUS_SUMMARY_GRAIN,,,true,Lifting Emergency Closure Order,other_expressly_identified_njdoh_action,INDEX_METADATA,index_action,,,,,,,,false,true,2020,St. Joseph's Seniors Home
nj-doh-enforcement-1046,https://www.nj.gov/health/healthfacilities/surveys-insp/enforcement_actions.shtml,/health/healthfacilities/documents/EA_facilities/2020/EA_20200407Alaris Health at Belgrove Lifting Curtailment (003).pdf,https://www.nj.gov/health/healthfacilities/documents/EA_facilities/2020/EA_20200407Alaris%20Health%20at%20Belgrove%20Lifting%20Curtailment%20(003).pdf,RECOVERED_AFTER_URL_NORMALIZATION,0c30953f5fff26b378d45b5982b9a485e4af425da546e83d3bdf2898150f2fce,0c30953f5fff26b378d45b5982b9a485e4af425da546e83d3bdf2898150f2fce,0c30953f5fff26b378d45b5982b9a485e4af425da546e83d3bdf2898150f2fce,CANONICAL,SEE_CORPUS_SUMMARY_GRAIN,,,true,Lifting of Admissions Curtailment,admission_curtailment,INDEX_METADATA,index_action,,,,,,,,false,true,2020,Alaris Health at Belgrove
nj-doh-enforcement-1047,https://www.nj.gov/health/healthfacilities/surveys-insp/enforcement_actions.shtml,/health/healthfacilities/documents/EA_facilities/2020/EA20200406 Laurel Brook Rehabilitation Hlth. Lifting Curtailment.pdf,https://www.nj.gov/health/healthfacilities/documents/EA_facilities/2020/EA20200406%20Laurel%20Brook%20Rehabilitation%20Hlth.%20Lifting%20Curtailment.pdf,RECOVERED_AFTER_URL_NORMALIZATION,6b319b5fb09d3853d192eaa98ecf2b7afaa752fa82a08ef01da6a62a4cb9c618,6b319b5fb09d3853d192eaa98ecf2b7afaa752fa82a08ef01da6a62a4cb9c618,,CANONICAL,SEE_CORPUS_SUMMARY_GRAIN,,,true,Lifting of Admissions Curtailment,admission_curtailment,INDEX_METADATA,index_action,,,,,,,,false,true,2020,Laurel Brook Rehab
nj-doh-enforcement-1048,https://www.nj.gov/health/healthfacilities/surveys-insp/enforcement_actions.shtml,/health/healthfacilities/documents/EA_facilities/2020/EA_20200324 St. Joseph's Nurs Assist Liv. Emergency Closing Order.pdf,https://www.nj.gov/health/healthfacilities/documents/EA_facilities/2020/EA_20200324%20St.%20Joseph%27s%20Nurs%20Assist%20Liv.%20Emergency%20Closing%20Order.pdf,RECOVERED_AFTER_URL_NORMALIZATION,62400129669c1dc84c058a8799f6fa1787f6c188d7cea7c09eb5e524dc39b3c3,62400129669c1dc84c058a8799f6fa1787f6c188d7cea7c09eb5e524dc39b3c3,,CANONICAL,SEE_CORPUS_SUMMARY_GRAIN,,,true,Emergency Closure,other_expressly_identified_njdoh_action,INDEX_METADATA,index_action,,,,,,,,false,true,2020,St. Joseph's Seniors Home
nj-doh-enforcement-1049,https://www.nj.gov/health/healthfacilities/surveys-insp/enforcement_actions.shtml,/health/healthfacilities/surveys-insp/ea-alaris-health-at-belgrove-04072020.pdf,https://www.nj.gov/health/healthfacilities/surveys-insp/ea-alaris-health-at-belgrove-04072020.pdf,EXISTING_HASH_VERIFIED,0c30953f5fff26b378d45b5982b9a485e4af425da546e83d3bdf2898150f2fce,0c30953f5fff26b378d45b5982b9a485e4af425da546e83d3bdf2898150f2fce,0c30953f5fff26b378d45b5982b9a485e4af425da546e83d3bdf2898150f2fce,DUPLICATE_CONTENT,SEE_CORPUS_SUMMARY_GRAIN,,,true,Curtailment of Admissions,admission_curtailment,INDEX_METADATA,index_action,,,,,,,,false,true,2020,Alaris Health at Belgrove
nj-doh-enforcement-1050,https://www.nj.gov/health/healthfacilities/surveys-insp/enforcement_actions.shtml,/health/healthfacilities/documents/EA_facilities/2020/EA_20200320 Brighton Gardens Curtailment of Admissions Order - Copy.pdf,https://www.nj.gov/health/healthfacilities/documents/EA_facilities/2020/EA_20200320%20Brighton%20Gardens%20Curtailment%20of%20Admissions%20Order%20-%20Copy.pdf,RECOVERED_AFTER_URL_NORMALIZATION,e7bfc76a4a8dcb4acf746569ecabe8932741e7ca2528a9cee88c31fe2d3f7cd2,e7bfc76a4a8dcb4acf746569ecabe8932741e7ca2528a9cee88c31fe2d3f7cd2,e7bfc76a4a8dcb4acf746569ecabe8932741e7ca2528a9cee88c31fe2d3f7cd2,CANONICAL,SEE_CORPUS_SUMMARY_GRAIN,,,true,Curtailment of Admissions,admission_curtailment,INDEX_METADATA,index_action,,,,,,,,false,true,2020,Brighton Gardens
nj-doh-enforcement-1051,https://www.nj.gov/health/healthfacilities/surveys-insp/enforcement_actions.shtml,/health/healthfacilities/surveys-insp/ea-canterbury-at-cedar-grove-03202020.pdf,https://www.nj.gov/health/healthfacilities/surveys-insp/ea-canterbury-at-cedar-grove-03202020.pdf,EXISTING_HASH_VERIFIED,e7bfc76a4a8dcb4acf746569ecabe8932741e7ca2528a9cee88c31fe2d3f7cd2,e7bfc76a4a8dcb4acf746569ecabe8932741e7ca2528a9cee88c31fe2d3f7cd2,e7bfc76a4a8dcb4acf746569ecabe8932741e7ca2528a9cee88c31fe2d3f7cd2,DUPLICATE_CONTENT,SEE_CORPUS_SUMMARY_GRAIN,,,true,Curtailment of Admissions,admission_curtailment,INDEX_METADATA,index_action,,,,,,,,false,true,2020,Canterbury at Cedar Grove
nj-doh-enforcement-1052,https://www.nj.gov/health/healthfacilities/surveys-insp/enforcement_actions.shtml,/health/healthfacilities/surveys-insp/ea-family-of-caring-montclair-03202020.pdf,https://www.nj.gov/health/healthfacilities/surveys-insp/ea-family-of-caring-montclair-03202020.pdf,EXISTING_HASH_VERIFIED,e7bfc76a4a8dcb4acf746569ecabe8932741e7ca2528a9cee88c31fe2d3f7cd2,e7bfc76a4a8dcb4acf746569ecabe8932741e7ca2528a9cee88c31fe2d3f7cd2,e7bfc76a4a8dcb4acf746569ecabe8932741e7ca2528a9cee88c31fe2d3f7cd2,DUPLICATE_CONTENT,SEE_CORPUS_SUMMARY_GRAIN,,,true,Curtailment of Admissions,admission_curtailment,INDEX_METADATA,index_action,,,,,,,,false,true,2020,Family of Caring Montclair
nj-doh-enforcement-1053,https://www.nj.gov/health/healthfacilities/surveys-insp/enforcement_actions.shtml,/health/healthfacilities/surveys-insp/ea-laurel-brook-rehab-03202020.pdf,https://www.nj.gov/health/healthfacilities/surveys-insp/ea-laurel-brook-rehab-03202020.pdf,EXISTING_HASH_VERIFIED,e7bfc76a4a8dcb4acf746569ecabe8932741e7ca2528a9cee88c31fe2d3f7cd2,e7bfc76a4a8dcb4acf746569ecabe8932741e7ca2528a9cee88c31fe2d3f7cd2,e7bfc76a4a8dcb4acf746569ecabe8932741e7ca2528a9cee88c31fe2d3f7cd2,DUPLICATE_CONTENT,SEE_CORPUS_SUMMARY_GRAIN,,,true,Curtailment of Admissions,admission_curtailment,INDEX_METADATA,index_action,,,,,,,,false,true,2020,Laurel Brook Rehab
nj-doh-enforcement-1054,https://www.nj.gov/health/healthfacilities/surveys-insp/enforcement_actions.shtml,/health/healthfacilities/surveys-insp/ea-st-josephs-seniors-home-nursing-center-03202020.pdf,https://www.nj.gov/health/healthfacilities/surveys-insp/ea-st-josephs-seniors-home-nursing-center-03202020.pdf,EXISTING_HASH_VERIFIED,e7bfc76a4a8dcb4acf746569ecabe8932741e7ca2528a9cee88c31fe2d3f7cd2,e7bfc76a4a8dcb4acf746569ecabe8932741e7ca2528a9cee88c31fe2d3f7cd2,e7bfc76a4a8dcb4acf746569ecabe8932741e7ca2528a9cee88c31fe2d3f7cd2,DUPLICATE_CONTENT,SEE_CORPUS_SUMMARY_GRAIN,,,true,Curtailment of Admissions,admission_curtailment,INDEX_METADATA,index_action,,,,,,,,false,true,2020,St. Joseph's Seniors Home
nj-doh-enforcement-1055,https://www.nj.gov/health/healthfacilities/surveys-insp/enforcement_actions.shtml,/health/healthfacilities/documents/EA_facilities/2020/EA_20200320 Adult Day Facilities Gloucester County Order.pdf,https://www.nj.gov/health/healthfacilities/documents/EA_facilities/2020/EA_20200320%20Adult%20Day%20Facilities%20Gloucester%20County%20Order.pdf,RECOVERED_AFTER_URL_NORMALIZATION,9c8c05441bb90735568f44c8483c736bf17f7bb98f289d281cbcb28ac7ae46c6,9c8c05441bb90735568f44c8483c736bf17f7bb98f289d281cbcb28ac7ae46c6,,CANONICAL,SEE_CORPUS_SUMMARY_GRAIN,,,true,Emergency Closure,other_expressly_identified_njdoh_action,INDEX_METADATA,index_action,,,,,,,,false,true,2020,Gloucester County Adult Day Care Facilities
nj-doh-enforcement-1056,https://www.nj.gov/health/healthfacilities/surveys-insp/enforcement_actions.shtml,/health/healthfacilities/documents/EA_facilities/2020/EA_20200320 Adult Day Facilities Atlantic County Order.pdf,https://www.nj.gov/health/healthfacilities/documents/EA_facilities/2020/EA_20200320%20Adult%20Day%20Facilities%20Atlantic%20County%20Order.pdf,RECOVERED_AFTER_URL_NORMALIZATION,c6ffe0256970673f96ad3fc03c7ce8840321f57cae319411b3e1c23edeb585c8,c6ffe0256970673f96ad3fc03c7ce8840321f57cae319411b3e1c23edeb585c8,,CANONICAL,SEE_CORPUS_SUMMARY_GRAIN,,,true,Emergency Closure,other_expressly_identified_njdoh_action,INDEX_METADATA,index_action,,,,,,,,false,true,2020,Atlantic County Adult Day Care Facilities
nj-doh-enforcement-1057,https://www.nj.gov/health/healthfacilities/surveys-insp/enforcement_actions.shtml,/health/healthfacilities/documents/EA_facilities/2020/EA_20200320 Adult Day Facilities Burlington County Order.pdf,https://www.nj.gov/health/healthfacilities/documents/EA_facilities/2020/EA_20200320%20Adult%20Day%20Facilities%20Burlington%20County%20Order.pdf,RECOVERED_AFTER_URL_NORMALIZATION,d11ccd207933aec3ba32e5712533618b84f307480aa5667adf699579258f7c44,d11ccd207933aec3ba32e5712533618b84f307480aa5667adf699579258f7c44,,CANONICAL,SEE_CORPUS_SUMMARY_GRAIN,,,true,Emergency Closure,other_expressly_identified_njdoh_action,INDEX_METADATA,index_action,,,,,,,,false,true,2020,Burlington County Adult Day Care Facilities
nj-doh-enforcement-1058,https://www.nj.gov/health/healthfacilities/surveys-insp/enforcement_actions.shtml,/health/healthfacilities/documents/EA_facilities/2020/EA_20200320 Adult Day Facilities Camden County Order.pdf,https://www.nj.gov/health/healthfacilities/documents/EA_facilities/2020/EA_20200320%20Adult%20Day%20Facilities%20Camden%20County%20Order.pdf,RECOVERED_AFTER_URL_NORMALIZATION,d3c68252e656676c5b465feeab9b91f3370974540d31863afacd7d1196c0b7d2,d3c68252e656676c5b465feeab9b91f3370974540d31863afacd7d1196c0b7d2,,CANONICAL,SEE_CORPUS_SUMMARY_GRAIN,,,true,Emergency Closure,other_expressly_identified_njdoh_action,INDEX_METADATA,index_action,,,,,,,,false,true,2020,Camden County Adult Day Care Facilities
nj-doh-enforcement-1059,https://www.nj.gov/health/healthfacilities/surveys-insp/enforcement_actions.shtml,/health/healthfacilities/documents/EA_facilities/2020/EA_20200320 Adult Day Facilities Cumberland County Order.pdf,https://www.nj.gov/health/healthfacilities/documents/EA_facilities/2020/EA_20200320%20Adult%20Day%20Facilities%20Cumberland%20County%20Order.pdf,RECOVERED_AFTER_URL_NORMALIZATION,89e68ebade446c78a0a7569b4d5c791c5614d4ed01273156977690c8e51e611a,89e68ebade446c78a0a7569b4d5c791c5614d4ed01273156977690c8e51e611a,,CANONICAL,SEE_CORPUS_SUMMARY_GRAIN,,,true,Emergency Closure,other_expressly_identified_njdoh_action,INDEX_METADATA,index_action,,,,,,,,false,true,2020,Cumberland County Adult Day Care Facilities
nj-doh-enforcement-1060,https://www.nj.gov/health/healthfacilities/surveys-insp/enforcement_actions.shtml,/health/healthfacilities/documents/EA_facilities/2020/EA_20200320 Adult Day Facilities Essex County Order.pdf,https://www.nj.gov/health/healthfacilities/documents/EA_facilities/2020/EA_20200320%20Adult%20Day%20Facilities%20Essex%20County%20Order.pdf,RECOVERED_AFTER_URL_NORMALIZATION,963ecbd521728c5a6251b2ddb3d5a2035091d9cb8f2414b5f94cbf00b2eaf7a0,963ecbd521728c5a6251b2ddb3d5a2035091d9cb8f2414b5f94cbf00b2eaf7a0,,CANONICAL,SEE_CORPUS_SUMMARY_GRAIN,,,true,Emergency Closure,other_expressly_identified_njdoh_action,INDEX_METADATA,index_action,,,,,,,,false,true,2020,Essex County Adult Day Care Facilities
nj-doh-enforcement-1061,https://www.nj.gov/health/healthfacilities/surveys-insp/enforcement_actions.shtml,/health/healthfacilities/documents/EA_facilities/2020/EA_20200320 Adult Day Facilities Hudson County Order.pdf,https://www.nj.gov/health/healthfacilities/documents/EA_facilities/2020/EA_20200320%20Adult%20Day%20Facilities%20Hudson%20County%20Order.pdf,RECOVERED_AFTER_URL_NORMALIZATION,03b85de94664d1738751d8ca75c3627896b8c6ea54fc5d70a988380eca9dec4d,03b85de94664d1738751d8ca75c3627896b8c6ea54fc5d70a988380eca9dec4d,,CANONICAL,SEE_CORPUS_SUMMARY_GRAIN,,,true,Emergency Closure,other_expressly_identified_njdoh_action,INDEX_METADATA,index_action,,,,,,,,false,true,2020,Hudson County Adult Day Care Facilities
nj-doh-enforcement-1062,https://www.nj.gov/health/healthfacilities/surveys-insp/enforcement_actions.shtml,/health/healthfacilities/documents/EA_facilities/2020/EA_20200320 Adult Day Facilities Mercer County Order.pdf,https://www.nj.gov/health/healthfacilities/documents/EA_facilities/2020/EA_20200320%20Adult%20Day%20Facilities%20Mercer%20County%20Order.pdf,RECOVERED_AFTER_URL_NORMALIZATION,2406915199aaca2ca0bbb8c15a5840c2ab577975e4864ce03c37d90309c7057d,2406915199aaca2ca0bbb8c15a5840c2ab577975e4864ce03c37d90309c7057d,,CANONICAL,SEE_CORPUS_SUMMARY_GRAIN,,,true,Emergency Closure,other_expressly_identified_njdoh_action,INDEX_METADATA,index_action,,,,,,,,false,true,2020,Mercer County Adult Day Care Facilities
nj-doh-enforcement-1063,https://www.nj.gov/health/healthfacilities/surveys-insp/enforcement_actions.shtml,/health/healthfacilities/documents/EA_facilities/2020/EA_20200320 Adult Day Facilities Morris County Order.pdf,https://www.nj.gov/health/healthfacilities/documents/EA_facilities/2020/EA_20200320%20Adult%20Day%20Facilities%20Morris%20County%20Order.pdf,RECOVERED_AFTER_URL_NORMALIZATION,17397c9f75e155864fe8d72b871036c13944e017e8f06fd691a4753e6a16d53d,17397c9f75e155864fe8d72b871036c13944e017e8f06fd691a4753e6a16d53d,,CANONICAL,SEE_CORPUS_SUMMARY_GRAIN,,,true,Emergency Closure,other_expressly_identified_njdoh_action,INDEX_METADATA,index_action,,,,,,,,false,true,2020,Morris County Adult Day Care Facilities
nj-doh-enforcement-1064,https://www.nj.gov/health/healthfacilities/surveys-insp/enforcement_actions.shtml,/health/healthfacilities/documents/EA_facilities/2020/EA_20200302 Pediatric Med. Day Care Facilities State of NJ Order.pdf,https://www.nj.gov/health/healthfacilities/documents/EA_facilities/2020/EA_20200302%20Pediatric%20Med.%20Day%20Care%20Facilities%20State%20of%20NJ%20Order.pdf,RECOVERED_AFTER_URL_NORMALIZATION,d8a221b8e42faad6117bdaba1de4fe8db0953f00cdbad73d3d9f6a933378466d,d8a221b8e42faad6117bdaba1de4fe8db0953f00cdbad73d3d9f6a933378466d,,CANONICAL,SEE_CORPUS_SUMMARY_GRAIN,,,true,Emergency Closure,other_expressly_identified_njdoh_action,INDEX_METADATA,index_action,,,,,,,,false,true,2020,State of New Jersey Pediatric Medical Day Care Facilities
nj-doh-enforcement-1065,https://www.nj.gov/health/healthfacilities/surveys-insp/enforcement_actions.shtml,/health/healthfacilities/documents/EA_facilities/2020/EA_20200311_GoldenAgeCare_EmergencyClosureOrder.pdf,https://www.nj.gov/health/healthfacilities/documents/EA_facilities/2020/EA_20200311_GoldenAgeCare_EmergencyClosureOrder.pdf,EXISTING_HASH_VERIFIED,300e6f7797b2904cb0f9c12b6f8376318ae5c4ae2c52796dc83ea8ed806e7cbb,300e6f7797b2904cb0f9c12b6f8376318ae5c4ae2c52796dc83ea8ed806e7cbb,,CANONICAL,SEE_CORPUS_SUMMARY_GRAIN,,,true,Emergency Closure,other_expressly_identified_njdoh_action,INDEX_METADATA,index_action,,,,,,,,false,true,2020,Golden Age Adult Medical Day Care
nj-doh-enforcement-1066,https://www.nj.gov/health/healthfacilities/surveys-insp/enforcement_actions.shtml,/health/healthfacilities/surveys-insp/EA_20200210 Ivy Stone Sen. Liv. DPOC.pdf,https://www.nj.gov/health/healthfacilities/surveys-insp/EA_20200210%20Ivy%20Stone%20Sen.%20Liv.%20DPOC.pdf,RECOVERED_AFTER_URL_NORMALIZATION,1ba02ad229a7c6117c0ffc2473665e1b170cd6db7c1ace719df0329f4a0dedd7,1ba02ad229a7c6117c0ffc2473665e1b170cd6db7c1ace719df0329f4a0dedd7,,CANONICAL,SEE_CORPUS_SUMMARY_GRAIN,,,true,Notice of Assessment of Penalties and Directed Plan of Correction,directed_plan_of_correction,INDEX_METADATA,index_action,,,,,,,,false,true,2020,Ivy Stone Senior Living
nj-doh-enforcement-1067,https://www.nj.gov/health/healthfacilities/surveys-insp/enforcement_actions.shtml,/health/healthfacilities/surveys-insp/EA_20200210 Bentley ALP DPOC.pdf,https://www.nj.gov/health/healthfacilities/surveys-insp/EA_20200210%20Bentley%20ALP%20DPOC.pdf,RECOVERED_AFTER_URL_NORMALIZATION,db50e2c2360ebed52221ea011457da86fd24a6d7f76f7fbe499ec521103f08b3,db50e2c2360ebed52221ea011457da86fd24a6d7f76f7fbe499ec521103f08b3,,CANONICAL,SEE_CORPUS_SUMMARY_GRAIN,,,true,Notice of Assessment of Penalties and Directed Plan of Correction,directed_plan_of_correction,INDEX_METADATA,index_action,,,,,,,,false,true,2020,Bentley ALP
nj-doh-enforcement-1068,https://www.nj.gov/health/healthfacilities/surveys-insp/enforcement_actions.shtml,/health/healthfacilities/documents/EA_facilities/2019/EA_20190108Wanaque Nurs Rehab Mod. DPOC.pdf,https://www.nj.gov/health/healthfacilities/documents/EA_facilities/2019/EA_20190108Wanaque%20Nurs%20Rehab%20Mod.%20DPOC.pdf,RECOVERED_AFTER_URL_NORMALIZATION,cc86e417411a802b8bf8ab51c63a0f980d4f5db5ee82314d2a0529d4fb52ff10,cc86e417411a802b8bf8ab51c63a0f980d4f5db5ee82314d2a0529d4fb52ff10,,CANONICAL,SEE_CORPUS_SUMMARY_GRAIN,,,true,DPOC Modification,unclassified_regulatory_document,UNCLASSIFIED,index_action,,,,,,,,false,true,2019,Wanaque Center for Nursing and Rehabilitation
nj-doh-enforcement-1069,https://www.nj.gov/health/healthfacilities/surveys-insp/enforcement_actions.shtml,/health/healthfacilities/documents/EA_facilities/2019/EA_20190110Qualcare lifting curtailment1-10-19.pdf,https://www.nj.gov/health/healthfacilities/documents/EA_facilities/2019/EA_20190110Qualcare%20lifting%20curtailment1-10-19.pdf,RECOVERED_AFTER_URL_NORMALIZATION,8205ac5cbd94169c49877529eca7e48d6ad6ed75ea57514320e5c536d246c72b,8205ac5cbd94169c49877529eca7e48d6ad6ed75ea57514320e5c536d246c72b,,CANONICAL,SEE_CORPUS_SUMMARY_GRAIN,,,true,Lifting Curtailment,admission_curtailment,INDEX_METADATA,index_action,,,,,,,,false,true,2019,Qualcare Therapy Center
nj-doh-enforcement-1070,https://www.nj.gov/health/healthfacilities/surveys-insp/enforcement_actions.shtml,/health/healthfacilities/documents/EA_facilities/2019/EA_201902111Ivey Stone Curtailmen-DPOC letter.pdf,https://www.nj.gov/health/healthfacilities/documents/EA_facilities/2019/EA_201902111Ivey%20Stone%20Curtailmen-DPOC%20letter.pdf,RECOVERED_AFTER_URL_NORMALIZATION,7ceb49d6e182f0c7a3178e63686525d38e931a4f789fa9cd0e44d06ae56acc84,7ceb49d6e182f0c7a3178e63686525d38e931a4f789fa9cd0e44d06ae56acc84,,CANONICAL,SEE_CORPUS_SUMMARY_GRAIN,,,true,Curtailment and DPOC,admission_curtailment,INDEX_METADATA,index_action,,,,,,,,false,true,2019,Ivy Stone Senior Living
nj-doh-enforcement-1071,https://www.nj.gov/health/healthfacilities/surveys-insp/enforcement_actions.shtml,/health/healthfacilities/documents/EA_facilities/2019/EA_20190111Bentley Curtailment-DPOC letter.pdf,https://www.nj.gov/health/healthfacilities/documents/EA_facilities/2019/EA_20190111Bentley%20Curtailment-DPOC%20letter.pdf,RECOVERED_AFTER_URL_NORMALIZATION,08cd637c97fdace41f2179aec3ba495875de4c7bbda60fd90ca124a86ffb33d0,08cd637c97fdace41f2179aec3ba495875de4c7bbda60fd90ca124a86ffb33d0,,CANONICAL,SEE_CORPUS_SUMMARY_GRAIN,,,true,Curtailment and DPOC,admission_curtailment,INDEX_METADATA,index_action,,,,,,,,false,true,2019,Bentley ALP
nj-doh-enforcement-1072,https://www.nj.gov/health/healthfacilities/surveys-insp/enforcement_actions.shtml,/health/healthfacilities/documents/EA_facilities/2019/EA_2019012819Wanaque Ctr. Nurs Rehab Lifting Curtailment.pdf,https://www.nj.gov/health/healthfacilities/documents/EA_facilities/2019/EA_2019012819Wanaque%20Ctr.%20Nurs%20Rehab%20Lifting%20Curtailment.pdf,RECOVERED_AFTER_URL_NORMALIZATION,bfd0725e079003937b31bb3be5bd7511798de09877464928bd764c4b53ab65df,bfd0725e079003937b31bb3be5bd7511798de09877464928bd764c4b53ab65df,,CANONICAL,SEE_CORPUS_SUMMARY_GRAIN,,,true,Lifting DPOC,directed_plan_of_correction,INDEX_METADATA,index_action,,,,,,,,false,true,2019,Wanaque Center for Nursing and Rehabilitation
nj-doh-enforcement-1073,https://www.nj.gov/health/healthfacilities/surveys-insp/enforcement_actions.shtml,/health/healthfacilities/documents/EA_facilities/2019/EA_20190129Wanaque Ctr. Nurs Rehab Lifting DPOC_revised.pdf,https://www.nj.gov/health/healthfacilities/documents/EA_facilities/2019/EA_20190129Wanaque%20Ctr.%20Nurs%20Rehab%20Lifting%20DPOC_revised.pdf,RECOVERED_AFTER_URL_NORMALIZATION,e70bc94a057ab04e23fadac44358ea8036ac47054e779f424cfd0377743aa2da,e70bc94a057ab04e23fadac44358ea8036ac47054e779f424cfd0377743aa2da,,CANONICAL,SEE_CORPUS_SUMMARY_GRAIN,,,true,Lifting DPOC (revision of 1/28/19 order),directed_plan_of_correction,INDEX_METADATA,index_action,,,,,,,,false,true,2019,Wanaque Center for Nursing and Rehabilitation
nj-doh-enforcement-1074,https://www.nj.gov/health/healthfacilities/surveys-insp/enforcement_actions.shtml,/health/healthfacilities/documents/EA_facilities/2019/EA_20190315University Hosp. Lifting DPOC.pdf,https://www.nj.gov/health/healthfacilities/documents/EA_facilities/2019/EA_20190315University%20Hosp.%20Lifting%20DPOC.pdf,RECOVERED_AFTER_URL_NORMALIZATION,72e66d17b33aa387574162e0471ec7381a454671ce43ea07fa551a36f7287fd7,72e66d17b33aa387574162e0471ec7381a454671ce43ea07fa551a36f7287fd7,,CANONICAL,SEE_CORPUS_SUMMARY_GRAIN,,,true,Lifting DPOC,directed_plan_of_correction,INDEX_METADATA,index_action,,,,,,,,false,true,2019,University Hospital
nj-doh-enforcement-1075,https://www.nj.gov/health/healthfacilities/surveys-insp/enforcement_actions.shtml,/health/healthfacilities/documents/EA_facilities/2019/EA_20190318Ivy Stone Lifting DPOC.pdf,https://www.nj.gov/health/healthfacilities/documents/EA_facilities/2019/EA_20190318Ivy%20Stone%20Lifting%20DPOC.pdf,RECOVERED_AFTER_URL_NORMALIZATION,45b42c229e7fc93d11421ebcaa17a7600804775712e6a723e06e6f9f8cb09bc5,45b42c229e7fc93d11421ebcaa17a7600804775712e6a723e06e6f9f8cb09bc5,,CANONICAL,SEE_CORPUS_SUMMARY_GRAIN,,,true,Partial Lifting of Curtailment and DPOC,admission_curtailment,INDEX_METADATA,index_action,,,,,,,,false,true,2019,Ivy Stone Senior Living
nj-doh-enforcement-1076,https://www.nj.gov/health/healthfacilities/surveys-insp/enforcement_actions.shtml,/health/healthfacilities/documents/EA_facilities/2019/EA_20190318Bentley ALP Lifting DPOC.pdf,https://www.nj.gov/health/healthfacilities/documents/EA_facilities/2019/EA_20190318Bentley%20ALP%20Lifting%20DPOC.pdf,RECOVERED_AFTER_URL_NORMALIZATION,b897489fa00a8bfd682d1d5222fc1f510f1790cab9d88169adb810878f94604e,b897489fa00a8bfd682d1d5222fc1f510f1790cab9d88169adb810878f94604e,,CANONICAL,SEE_CORPUS_SUMMARY_GRAIN,,,true,Partial Lifting of DPOC,unclassified_regulatory_document,UNCLASSIFIED,index_action,,,,,,,,false,true,2019,Bentley ALP
nj-doh-enforcement-1077,https://www.nj.gov/health/healthfacilities/surveys-insp/enforcement_actions.shtml,/health/healthfacilities/documents/EA_facilities/2019/EA_20190327Cardiovascular Care Group Cease & Desist.pdf,https://www.nj.gov/health/healthfacilities/documents/EA_facilities/2019/EA_20190327Cardiovascular%20Care%20Group%20Cease%20%26%20Desist.pdf,RECOVERED_AFTER_URL_NORMALIZATION,bb344dc72a70f1570b2109cc9f7082c66bc9b117cfe6e5c69733b15e6ce88a3a,bb344dc72a70f1570b2109cc9f7082c66bc9b117cfe6e5c69733b15e6ce88a3a,,CANONICAL,SEE_CORPUS_SUMMARY_GRAIN,,,true,Cease and Desist,other_expressly_identified_njdoh_action,INDEX_METADATA,index_action,,,,,,,,false,true,2019,"Cardiovascular Care Group, P.C. Passaic"
nj-doh-enforcement-1078,https://www.nj.gov/health/healthfacilities/surveys-insp/enforcement_actions.shtml,/health/healthfacilities/documents/EA_facilities/2019/EA_20190327Wanaque Center Nurs Rehab Lifting Curtailment.pdf,https://www.nj.gov/health/healthfacilities/documents/EA_facilities/2019/EA_20190327Wanaque%20Center%20Nurs%20Rehab%20Lifting%20Curtailment.pdf,RECOVERED_AFTER_URL_NORMALIZATION,c9ad214f0ff6ebbf337d2d971f08ec777a381b833c977040340e5d6252d2fe34,c9ad214f0ff6ebbf337d2d971f08ec777a381b833c977040340e5d6252d2fe34,,CANONICAL,SEE_CORPUS_SUMMARY_GRAIN,,,true,Lifting Curtailment,admission_curtailment,INDEX_METADATA,index_action,,,,,,,,false,true,2019,Wanaque Center for Nursing and Rehabilitation
nj-doh-enforcement-1079,https://www.nj.gov/health/healthfacilities/surveys-insp/enforcement_actions.shtml,/health/healthfacilities/documents/EA_facilities/2019/EA_20190403Bentley ALP Lifting Curtailment.pdf,https://www.nj.gov/health/healthfacilities/documents/EA_facilities/2019/EA_20190403Bentley%20ALP%20Lifting%20Curtailment.pdf,RECOVERED_AFTER_URL_NORMALIZATION,a397f5c4669a772e04f15b592783292d847dd6a70f91d9e4398df71c27d1a44e,a397f5c4669a772e04f15b592783292d847dd6a70f91d9e4398df71c27d1a44e,,CANONICAL,SEE_CORPUS_SUMMARY_GRAIN,,,true,Lifting Curtailment,admission_curtailment,INDEX_METADATA,index_action,,,,,,,,false,true,2019,Bentley ALP
nj-doh-enforcement-1080,https://www.nj.gov/health/healthfacilities/surveys-insp/enforcement_actions.shtml,/health/healthfacilities/documents/EA_facilities/2019/EA_20190403Ivy Stone Lifting Curtailment & DPOC.pdf,https://www.nj.gov/health/healthfacilities/documents/EA_facilities/2019/EA_20190403Ivy%20Stone%20Lifting%20Curtailment%20%26%20DPOC.pdf,RECOVERED_AFTER_URL_NORMALIZATION,bd18e4b4f2af14591c5f97591ab9e02cf37dd21b8a51494c049187f24e69c35c,bd18e4b4f2af14591c5f97591ab9e02cf37dd21b8a51494c049187f24e69c35c,,CANONICAL,SEE_CORPUS_SUMMARY_GRAIN,,,true,Lifting Curtailment,admission_curtailment,INDEX_METADATA,index_action,,,,,,,,false,true,2019,Ivy Stone Senior Living
nj-doh-enforcement-1081,https://www.nj.gov/health/healthfacilities/surveys-insp/enforcement_actions.shtml,/health/healthfacilities/documents/EA_facilities/2019/EA_20190411Fox Trail Sen. Liv. Deptford DPOC.pdf,https://www.nj.gov/health/healthfacilities/documents/EA_facilities/2019/EA_20190411Fox%20Trail%20Sen.%20Liv.%20Deptford%20DPOC.pdf,RECOVERED_AFTER_URL_NORMALIZATION,cc8c126a4e144b659587944786a9943dbd1e4995fb8eafe2cbe0d312e0d244e5,cc8c126a4e144b659587944786a9943dbd1e4995fb8eafe2cbe0d312e0d244e5,,CANONICAL,SEE_CORPUS_SUMMARY_GRAIN,,,true,DPOC,unclassified_regulatory_document,UNCLASSIFIED,index_action,,,,,,,,false,true,2019,Fox Trail Senior Living at Deptford
nj-doh-enforcement-1082,https://www.nj.gov/health/healthfacilities/surveys-insp/enforcement_actions.shtml,/health/healthfacilities/documents/EA_facilities/2019/EA_20190418Fox Trail Deptford DPOC.pdf,https://www.nj.gov/health/healthfacilities/documents/EA_facilities/2019/EA_20190418Fox%20Trail%20Deptford%20DPOC.pdf,RECOVERED_AFTER_URL_NORMALIZATION,52ba1bb61438d168a4daf6d7fc928737004b0e12bf33ddfd7a0980de11f07279,52ba1bb61438d168a4daf6d7fc928737004b0e12bf33ddfd7a0980de11f07279,,CANONICAL,SEE_CORPUS_SUMMARY_GRAIN,,,true,DPOC clarification,unclassified_regulatory_document,UNCLASSIFIED,index_action,,,,,,,,false,true,2019,Fox Trail Senior Living at Deptford
nj-doh-enforcement-1083,https://www.nj.gov/health/healthfacilities/surveys-insp/enforcement_actions.shtml,/health/healthfacilities/documents/EA_facilities/2019/EA_20190508Livingston Surgery Ctr.pdf,https://www.nj.gov/health/healthfacilities/documents/EA_facilities/2019/EA_20190508Livingston%20Surgery%20Ctr.pdf,RECOVERED_AFTER_URL_NORMALIZATION,9ec7ad3078ce3efe6b2541ec3f108e099fa50e3cf3e6495d1ce53b160cf5e84e,9ec7ad3078ce3efe6b2541ec3f108e099fa50e3cf3e6495d1ce53b160cf5e84e,,CANONICAL,SEE_CORPUS_SUMMARY_GRAIN,,,true,Curtailment,admission_curtailment,INDEX_METADATA,index_action,,,,,,,,false,true,2019,Livingston Surgery Center
nj-doh-enforcement-1084,https://www.nj.gov/health/healthfacilities/surveys-insp/enforcement_actions.shtml,/health/healthfacilities/documents/EA_facilities/2019/EA_20190509Livingston Surgery Ctr. Lifting Curtailment.pdf,https://www.nj.gov/health/healthfacilities/documents/EA_facilities/2019/EA_20190509Livingston%20Surgery%20Ctr.%20Lifting%20Curtailment.pdf,RECOVERED_AFTER_URL_NORMALIZATION,ffc7e434db71b0e0498e7d5c2a5aeb319fbcc265ecafa66452d8151aad04e689,ffc7e434db71b0e0498e7d5c2a5aeb319fbcc265ecafa66452d8151aad04e689,,CANONICAL,SEE_CORPUS_SUMMARY_GRAIN,,,true,Lifting Curtailment,admission_curtailment,INDEX_METADATA,index_action,,,,,,,,false,true,2019,Livingston Surgery Center
nj-doh-enforcement-1085,https://www.nj.gov/health/healthfacilities/surveys-insp/enforcement_actions.shtml,/health/healthfacilities/documents/EA_facilities/2019/EA_20190521Endo Surgical NJ Cease Desist DPOC.pdf,https://www.nj.gov/health/healthfacilities/documents/EA_facilities/2019/EA_20190521Endo%20Surgical%20NJ%20Cease%20Desist%20DPOC.pdf,RECOVERED_AFTER_URL_NORMALIZATION,b7f07d2fb6a3b1fd43a157a6c72282958715010a6d44d088e4a646a73067b4df,b7f07d2fb6a3b1fd43a157a6c72282958715010a6d44d088e4a646a73067b4df,,CANONICAL,SEE_CORPUS_SUMMARY_GRAIN,,,true,DPOC and Cease and Desist,other_expressly_identified_njdoh_action,INDEX_METADATA,index_action,,,,,,,,false,true,2019,Endo-Surgical Center of North Jersey
nj-doh-enforcement-1086,https://www.nj.gov/health/healthfacilities/surveys-insp/enforcement_actions.shtml,/health/healthfacilities/documents/EA_facilities/2019/EA_20190605AP Surgery Ctr. Cease and Desist.pdf,https://www.nj.gov/health/healthfacilities/documents/EA_facilities/2019/EA_20190605AP%20Surgery%20Ctr.%20Cease%20and%20Desist.pdf,RECOVERED_AFTER_URL_NORMALIZATION,499573117acde707522d690e181f8aa5287fbad7648da06b22ca6130c6285bd5,499573117acde707522d690e181f8aa5287fbad7648da06b22ca6130c6285bd5,,CANONICAL,SEE_CORPUS_SUMMARY_GRAIN,,,true,Cease and Desist,other_expressly_identified_njdoh_action,INDEX_METADATA,index_action,,,,,,,,false,true,2019,AP Surgery Center
nj-doh-enforcement-1087,https://www.nj.gov/health/healthfacilities/surveys-insp/enforcement_actions.shtml,/health/healthfacilities/documents/EA_facilities/2019/EA_20190605Fox Trail Deptford DPOC.pdf,https://www.nj.gov/health/healthfacilities/documents/EA_facilities/2019/EA_20190605Fox%20Trail%20Deptford%20DPOC.pdf,RECOVERED_AFTER_URL_NORMALIZATION,be98f19551e35db397827edb4cb474aed5c6e7838b61e5837ddc6b5f7c8ba4bb,be98f19551e35db397827edb4cb474aed5c6e7838b61e5837ddc6b5f7c8ba4bb,,CANONICAL,SEE_CORPUS_SUMMARY_GRAIN,,,true,Lifting DPOC,directed_plan_of_correction,INDEX_METADATA,index_action,,,,,,,,false,true,2019,Fox Trail Senior Living at Deptford
nj-doh-enforcement-1088,https://www.nj.gov/health/healthfacilities/surveys-insp/enforcement_actions.shtml,/health/healthfacilities/documents/EA_facilities/2019/EA_20190624Endo-Surg. Ctr. NJ Revised DPOC Cease Desist.pdf,https://www.nj.gov/health/healthfacilities/documents/EA_facilities/2019/EA_20190624Endo-Surg.%20Ctr.%20NJ%20Revised%20DPOC%20Cease%20Desist.pdf,RECOVERED_AFTER_URL_NORMALIZATION,2d509250e2491cb4337403c2965088b7661c86ea7a1cde040374e0f6faa4d705,2d509250e2491cb4337403c2965088b7661c86ea7a1cde040374e0f6faa4d705,,CANONICAL,SEE_CORPUS_SUMMARY_GRAIN,,,true,Revised DPOC,unclassified_regulatory_document,UNCLASSIFIED,index_action,,,,,,,,false,true,2019,Endo-Surgical Center of North Jersey
nj-doh-enforcement-1089,https://www.nj.gov/health/healthfacilities/surveys-insp/enforcement_actions.shtml,/health/healthfacilities/documents/EA_facilities/2018/EA_20180103Selah Care Center Curtailment.pdf,https://www.nj.gov/health/healthfacilities/documents/EA_facilities/2018/EA_20180103Selah%20Care%20Center%20Curtailment.pdf,RECOVERED_AFTER_URL_NORMALIZATION,e605a59a524a2821ae58df0cbe3b234579afb1b7ac5e06c219f45fcfd43a9b19,e605a59a524a2821ae58df0cbe3b234579afb1b7ac5e06c219f45fcfd43a9b19,,CANONICAL,SEE_CORPUS_SUMMARY_GRAIN,,,true,Curtailment,admission_curtailment,INDEX_METADATA,index_action,,,,,,,,false,true,2018,Selah Care Center
nj-doh-enforcement-1090,https://www.nj.gov/health/healthfacilities/surveys-insp/enforcement_actions.shtml,/health/healthfacilities/documents/EA_facilities/2018/EA_20180125Selah Care Center Penalty Letter.pdf,https://www.nj.gov/health/healthfacilities/documents/EA_facilities/2018/EA_20180125Selah%20Care%20Center%20Penalty%20Letter.pdf,RECOVERED_AFTER_URL_NORMALIZATION,3af7771dc6938d9b5230273563150c73207fcc0d98ae4d34f33129aaa8a20fb3,3af7771dc6938d9b5230273563150c73207fcc0d98ae4d34f33129aaa8a20fb3,,CANONICAL,SEE_CORPUS_SUMMARY_GRAIN,,,true,Penalty Letter,civil_monetary_penalty,INDEX_METADATA,index_action,,,,,,,,false,true,2018,Selah Care Center
nj-doh-enforcement-1091,https://www.nj.gov/health/healthfacilities/surveys-insp/enforcement_actions.shtml,/health/healthfacilities/documents/EA_facilities/2018/EA_20180215Bentley AL Lifting Curtailment.pdf,https://www.nj.gov/health/healthfacilities/documents/EA_facilities/2018/EA_20180215Bentley%20AL%20Lifting%20Curtailment.pdf,RECOVERED_AFTER_URL_NORMALIZATION,812e0ed5020f7bd36f2f92c9e83f9e66bdcfb340ebc8dc305e6767fe8f6cc505,812e0ed5020f7bd36f2f92c9e83f9e66bdcfb340ebc8dc305e6767fe8f6cc505,,CANONICAL,SEE_CORPUS_SUMMARY_GRAIN,,,true,Lifting Curtailment,admission_curtailment,INDEX_METADATA,index_action,,,,,,,,false,true,2018,Bentley Assisted Living
nj-doh-enforcement-1092,https://www.nj.gov/health/healthfacilities/surveys-insp/enforcement_actions.shtml,/health/healthfacilities/documents/EA_facilities/2018/EA_20180221Millennium Mem. Holmdel Curtailment.pdf,https://www.nj.gov/health/healthfacilities/documents/EA_facilities/2018/EA_20180221Millennium%20Mem.%20Holmdel%20Curtailment.pdf,RECOVERED_AFTER_URL_NORMALIZATION,a4a834078304c34952cb0607c1f59a3bdbdbca0f1118ad804e7f04cd2c78124b,a4a834078304c34952cb0607c1f59a3bdbdbca0f1118ad804e7f04cd2c78124b,,CANONICAL,SEE_CORPUS_SUMMARY_GRAIN,,,true,Curtailment,admission_curtailment,INDEX_METADATA,index_action,,,,,,,,false,true,2018,Millennium Memory Care
nj-doh-enforcement-1093,https://www.nj.gov/health/healthfacilities/surveys-insp/enforcement_actions.shtml,/health/healthfacilities/documents/EA_facilities/2018/EA_20180221Selah Care Center Revocation.pdf,https://www.nj.gov/health/healthfacilities/documents/EA_facilities/2018/EA_20180221Selah%20Care%20Center%20Revocation.pdf,RECOVERED_AFTER_URL_NORMALIZATION,27a47548c16a8ab8a09c26b7ff85c463fab0bd393c6e30fcdf7019ae7016913e,27a47548c16a8ab8a09c26b7ff85c463fab0bd393c6e30fcdf7019ae7016913e,,CANONICAL,SEE_CORPUS_SUMMARY_GRAIN,,,true,Revocation,license_revocation,INDEX_METADATA,index_action,,,,,,,,false,true,2018,Selah Care Center
nj-doh-enforcement-1094,https://www.nj.gov/health/healthfacilities/surveys-insp/enforcement_actions.shtml,/health/healthfacilities/documents/EA_facilities/2018/EA_20180306St. Luke's Hospital Warren Campus Cease Desist.pdf,https://www.nj.gov/health/healthfacilities/documents/EA_facilities/2018/EA_20180306St.%20Luke%27s%20Hospital%20Warren%20Campus%20Cease%20Desist.pdf,RECOVERED_AFTER_URL_NORMALIZATION,b4e0b67b2304681fdc2e76947435f5be633ede913dc8ca9c39a4dbad96ba3313,b4e0b67b2304681fdc2e76947435f5be633ede913dc8ca9c39a4dbad96ba3313,,CANONICAL,SEE_CORPUS_SUMMARY_GRAIN,,,true,Cease & Desist Operations,other_expressly_identified_njdoh_action,INDEX_METADATA,index_action,,,,,,,,false,true,2018,St. Luke's Hospital Warren Campus
nj-doh-enforcement-1095,https://www.nj.gov/health/healthfacilities/surveys-insp/enforcement_actions.shtml,/health/healthfacilities/documents/EA_facilities/2018/EA_20180315University Hospital Lifting DPOC.pdf,https://www.nj.gov/health/healthfacilities/documents/EA_facilities/2018/EA_20180315University%20Hospital%20Lifting%20DPOC.pdf,RECOVERED_AFTER_URL_NORMALIZATION,ccdb5684ce77b8729c989bd16936d45889a6bec52cae774990e34d36297bef8b,ccdb5684ce77b8729c989bd16936d45889a6bec52cae774990e34d36297bef8b,,CANONICAL,SEE_CORPUS_SUMMARY_GRAIN,,,true,Lifting Directed Plan of Correction,directed_plan_of_correction,INDEX_METADATA,index_action,,,,,,,,false,true,2018,University Hospital
nj-doh-enforcement-1096,https://www.nj.gov/health/healthfacilities/surveys-insp/enforcement_actions.shtml,/health/healthfacilities/documents/EA_facilities/2018/EA_20180316Millennium Memory Holmdel Revised DPOC.pdf,https://www.nj.gov/health/healthfacilities/documents/EA_facilities/2018/EA_20180316Millennium%20Memory%20Holmdel%20Revised%20DPOC.pdf,RECOVERED_AFTER_URL_NORMALIZATION,e3db06b76506f88d5fdc8c7bb8e25ac12c89f2981d1cac3ebdf6534707a2b86d,e3db06b76506f88d5fdc8c7bb8e25ac12c89f2981d1cac3ebdf6534707a2b86d,,CANONICAL,SEE_CORPUS_SUMMARY_GRAIN,,,true,Revised Directed Plan of Correction,directed_plan_of_correction,INDEX_METADATA,index_action,,,,,,,,false,true,2018,Millennium Memory Care
nj-doh-enforcement-1097,https://www.nj.gov/health/healthfacilities/surveys-insp/enforcement_actions.shtml,/health/healthfacilities/documents/EA_facilities/2018/EA_20180326Selah Summary Suspension.pdf,https://www.nj.gov/health/healthfacilities/documents/EA_facilities/2018/EA_20180326Selah%20Summary%20Suspension.pdf,RECOVERED_AFTER_URL_NORMALIZATION,3b3bb284dcf1ef252fe3efb1925e14a4738e6a615921aa1de3b516c3834e9f4b,3b3bb284dcf1ef252fe3efb1925e14a4738e6a615921aa1de3b516c3834e9f4b,,CANONICAL,SEE_CORPUS_SUMMARY_GRAIN,,,true,Summary Suspension,license_suspension,INDEX_METADATA,index_action,,,,,,,,false,true,2018,Selah Care Center
nj-doh-enforcement-1098,https://www.nj.gov/health/healthfacilities/surveys-insp/enforcement_actions.shtml,/health/healthfacilities/documents/EA_facilities/2018/EA_20180405Advanced Surg. Ctr. Clifton lifting cease & desist.pdf,https://www.nj.gov/health/healthfacilities/documents/EA_facilities/2018/EA_20180405Advanced%20Surg.%20Ctr.%20Clifton%20lifting%20cease%20%26%20desist.pdf,RECOVERED_AFTER_URL_NORMALIZATION,73e51e7cda8161d341c80c8cee88a37e955cdb87f39e9e6acc3506f82c84b1c5,73e51e7cda8161d341c80c8cee88a37e955cdb87f39e9e6acc3506f82c84b1c5,,CANONICAL,SEE_CORPUS_SUMMARY_GRAIN,,,true,Lifting Cease and Desist,other_expressly_identified_njdoh_action,INDEX_METADATA,index_action,,,,,,,,false,true,2018,Advanced Surgical Center Clifton
nj-doh-enforcement-1099,https://www.nj.gov/health/healthfacilities/surveys-insp/enforcement_actions.shtml,/health/healthfacilities/documents/EA_facilities/2018/EA_20180406Millennium Holmdel Lifting Curtailment.pdf,https://www.nj.gov/health/healthfacilities/documents/EA_facilities/2018/EA_20180406Millennium%20Holmdel%20Lifting%20Curtailment.pdf,RECOVERED_AFTER_URL_NORMALIZATION,c2f11a29a4e1cecad09b679236443d833e6fd4a537dbf8917685281d144a0467,c2f11a29a4e1cecad09b679236443d833e6fd4a537dbf8917685281d144a0467,,CANONICAL,SEE_CORPUS_SUMMARY_GRAIN,,,true,Lifting Curtailment,admission_curtailment,INDEX_METADATA,index_action,,,,,,,,false,true,2018,Millennium Holmdel
nj-doh-enforcement-1100,https://www.nj.gov/health/healthfacilities/surveys-insp/enforcement_actions.shtml,/health/healthfacilities/documents/EA_facilities/2018/EA_20180424Bentley Assisted Liv. Lifting Curtailment.pdf,https://www.nj.gov/health/healthfacilities/documents/EA_facilities/2018/EA_20180424Bentley%20Assisted%20Liv.%20Lifting%20Curtailment.pdf,RECOVERED_AFTER_URL_NORMALIZATION,0650bac3e8db23957e5fb76d82654f7e59b8d3279d5e1e99d156d355b0cef475,0650bac3e8db23957e5fb76d82654f7e59b8d3279d5e1e99d156d355b0cef475,,CANONICAL,SEE_CORPUS_SUMMARY_GRAIN,,,true,Lifting Curtailment,admission_curtailment,INDEX_METADATA,index_action,,,,,,,,false,true,2018,Bentley Assisted Living
nj-doh-enforcement-1101,https://www.nj.gov/health/healthfacilities/surveys-insp/enforcement_actions.shtml,/health/healthfacilities/documents/EA_facilities/2018/EA_20180508Moss Urologic Surgery Cease & Desist.pdf,https://www.nj.gov/health/healthfacilities/documents/EA_facilities/2018/EA_20180508Moss%20Urologic%20Surgery%20Cease%20%26%20Desist.pdf,RECOVERED_AFTER_URL_NORMALIZATION,9755f52aa5ccabd205062b4c79c54121c64c6630ba7c09076667f1b3082698b0,9755f52aa5ccabd205062b4c79c54121c64c6630ba7c09076667f1b3082698b0,,CANONICAL,SEE_CORPUS_SUMMARY_GRAIN,,,true,Cease and Desist,other_expressly_identified_njdoh_action,INDEX_METADATA,index_action,,,,,,,,false,true,2018,Moss Urologic Surgery
nj-doh-enforcement-1102,https://www.nj.gov/health/healthfacilities/surveys-insp/enforcement_actions.shtml,/health/healthfacilities/documents/EA_facilities/2018/EA_20180518DCA of Vineland Curtailment.pdf,https://www.nj.gov/health/healthfacilities/documents/EA_facilities/2018/EA_20180518DCA%20of%20Vineland%20Curtailment.pdf,RECOVERED_AFTER_URL_NORMALIZATION,c203ce2ee3c8632774d6a8f8b5147d29e7fe0b04dae86d54590afa3188019306,c203ce2ee3c8632774d6a8f8b5147d29e7fe0b04dae86d54590afa3188019306,,CANONICAL,SEE_CORPUS_SUMMARY_GRAIN,,,true,Curtailment,admission_curtailment,INDEX_METADATA,index_action,,,,,,,,false,true,2018,DCA of Vineland
nj-doh-enforcement-1103,https://www.nj.gov/health/healthfacilities/surveys-insp/enforcement_actions.shtml,/health/healthfacilities/documents/EA_facilities/2018/EA_20180521DCA of Vineland Lifting Curtailment.pdf,https://www.nj.gov/health/healthfacilities/documents/EA_facilities/2018/EA_20180521DCA%20of%20Vineland%20Lifting%20Curtailment.pdf,RECOVERED_AFTER_URL_NORMALIZATION,58e0447ad2d09de95d452030ec8418e8efc8244eee2f5db059d878dd1f3a2097,58e0447ad2d09de95d452030ec8418e8efc8244eee2f5db059d878dd1f3a2097,,CANONICAL,SEE_CORPUS_SUMMARY_GRAIN,,,true,Lifting Curtailment,admission_curtailment,INDEX_METADATA,index_action,,,,,,,,false,true,2018,DCA of Vineland
nj-doh-enforcement-1104,https://www.nj.gov/health/healthfacilities/surveys-insp/enforcement_actions.shtml,/health/healthfacilities/documents/EA_facilities/2018/EA_20180614Montvale Surgical Center Cease & Desist.pdf,https://www.nj.gov/health/healthfacilities/documents/EA_facilities/2018/EA_20180614Montvale%20Surgical%20Center%20Cease%20%26%20Desist.pdf,RECOVERED_AFTER_URL_NORMALIZATION,19c8874eebca8e54f8d5a85478eabb9a66a16007089d71bf41f3d6242b6e12a3,19c8874eebca8e54f8d5a85478eabb9a66a16007089d71bf41f3d6242b6e12a3,,CANONICAL,SEE_CORPUS_SUMMARY_GRAIN,,,true,Cease and Desist,other_expressly_identified_njdoh_action,INDEX_METADATA,index_action,,,,,,,,false,true,2018,Montvale Surgical Center
nj-doh-enforcement-1105,https://www.nj.gov/health/healthfacilities/surveys-insp/enforcement_actions.shtml,/health/healthfacilities/documents/EA_facilities/2018/EA_20180625Montvale Surg. Center Lifting Cease & Desist.pdf,https://www.nj.gov/health/healthfacilities/documents/EA_facilities/2018/EA_20180625Montvale%20Surg.%20Center%20Lifting%20Cease%20%26%20Desist.pdf,RECOVERED_AFTER_URL_NORMALIZATION,ae2867b69b6ae0f4ba4d1d953d494f5020e55de9ba06291c85e781be0e5a3c78,ae2867b69b6ae0f4ba4d1d953d494f5020e55de9ba06291c85e781be0e5a3c78,,CANONICAL,SEE_CORPUS_SUMMARY_GRAIN,,,true,Lifting Cease and Desist,other_expressly_identified_njdoh_action,INDEX_METADATA,index_action,,,,,,,,false,true,2018,Montvale Surgical Center
nj-doh-enforcement-1106,https://www.nj.gov/health/healthfacilities/surveys-insp/enforcement_actions.shtml,/health/healthfacilities/documents/EA_facilities/2018/EA_20180726Family Wellness Cease & Desist.pdf,https://www.nj.gov/health/healthfacilities/documents/EA_facilities/2018/EA_20180726Family%20Wellness%20Cease%20%26%20Desist.pdf,RECOVERED_AFTER_URL_NORMALIZATION,3933c12c544b526aabbc7a00daf324e15bb5006e66d54a31f46f037a26832ba8,3933c12c544b526aabbc7a00daf324e15bb5006e66d54a31f46f037a26832ba8,,CANONICAL,SEE_CORPUS_SUMMARY_GRAIN,,,true,Cease and Desist,other_expressly_identified_njdoh_action,INDEX_METADATA,index_action,,,,,,,,false,true,2018,Family Wellness
nj-doh-enforcement-1107,https://www.nj.gov/health/healthfacilities/surveys-insp/enforcement_actions.shtml,/health/healthfacilities/documents/EA_facilities/2018/EA_20180713Agile Urgent Care Secaucus Curtailment.pdf,https://www.nj.gov/health/healthfacilities/documents/EA_facilities/2018/EA_20180713Agile%20Urgent%20Care%20Secaucus%20Curtailment.pdf,RECOVERED_AFTER_URL_NORMALIZATION,6ab0c7bcdf84a054eea26b9e1f4477d26586503d3f681598d9cbe6081a5eb668,6ab0c7bcdf84a054eea26b9e1f4477d26586503d3f681598d9cbe6081a5eb668,,CANONICAL,SEE_CORPUS_SUMMARY_GRAIN,,,true,Curtailment,admission_curtailment,INDEX_METADATA,index_action,,,,,,,,false,true,2018,Agile Urgent Care Secaucus
nj-doh-enforcement-1108,https://www.nj.gov/health/healthfacilities/surveys-insp/enforcement_actions.shtml,/health/healthfacilities/documents/EA_facilities/2018/EA_20180718Agile Urgent Care Secaucus Lifting Curtailment.pdf,https://www.nj.gov/health/healthfacilities/documents/EA_facilities/2018/EA_20180718Agile%20Urgent%20Care%20Secaucus%20Lifting%20Curtailment.pdf,RECOVERED_AFTER_URL_NORMALIZATION,a6a715045ca71ba895f77e9a3311eba2d29fc7a24571eb6c6ee9626ae417d297,a6a715045ca71ba895f77e9a3311eba2d29fc7a24571eb6c6ee9626ae417d297,,CANONICAL,SEE_CORPUS_SUMMARY_GRAIN,,,true,Lifting Curtailment,admission_curtailment,INDEX_METADATA,index_action,,,,,,,,false,true,2018,Agile Urgent Care Secaucus
nj-doh-enforcement-1109,https://www.nj.gov/health/healthfacilities/surveys-insp/enforcement_actions.shtml,/health/healthfacilities/documents/EA_facilities/2018/EA_20180815Pain Relief Center Cease Desist.pdf,https://www.nj.gov/health/healthfacilities/documents/EA_facilities/2018/EA_20180815Pain%20Relief%20Center%20Cease%20Desist.pdf,RECOVERED_AFTER_URL_NORMALIZATION,ef57e63da2c1bba515f533b5557c4e80a06977352f6b5755d176b94c2a8f0bdd,ef57e63da2c1bba515f533b5557c4e80a06977352f6b5755d176b94c2a8f0bdd,,CANONICAL,SEE_CORPUS_SUMMARY_GRAIN,,,true,Cease & Desist Other,other_expressly_identified_njdoh_action,INDEX_METADATA,index_action,,,,,,,,false,true,2018,Pain Relief Center
nj-doh-enforcement-1110,https://www.nj.gov/health/healthfacilities/surveys-insp/enforcement_actions.shtml,/health/healthfacilities/documents/EA_facilities/2018/EA_20180829ODI Diag Newark Cease & Desist.pdf,https://www.nj.gov/health/healthfacilities/documents/EA_facilities/2018/EA_20180829ODI%20Diag%20Newark%20Cease%20%26%20Desist.pdf,RECOVERED_AFTER_URL_NORMALIZATION,df8561bc2accd1f7d2d8780326d6d3521ceb626258cc45505fb0bf584efb0a3a,df8561bc2accd1f7d2d8780326d6d3521ceb626258cc45505fb0bf584efb0a3a,,CANONICAL,SEE_CORPUS_SUMMARY_GRAIN,,,true,Cease & Desist Operations,other_expressly_identified_njdoh_action,INDEX_METADATA,index_action,,,,,,,,false,true,2018,ODI Diagnostic Imaging of Newark
nj-doh-enforcement-1111,https://www.nj.gov/health/healthfacilities/surveys-insp/enforcement_actions.shtml,/health/healthfacilities/documents/EA_facilities/2018/EA_20180831Family Wellness Center Lifting Cease Desist.pdf,https://www.nj.gov/health/healthfacilities/documents/EA_facilities/2018/EA_20180831Family%20Wellness%20Center%20Lifting%20Cease%20Desist.pdf,RECOVERED_AFTER_URL_NORMALIZATION,37d4109004245b7472186453dfbad053c3be37a6106b2dba8b70cef8ba9228ec,37d4109004245b7472186453dfbad053c3be37a6106b2dba8b70cef8ba9228ec,,CANONICAL,SEE_CORPUS_SUMMARY_GRAIN,,,true,Lifting Cease & Desist,other_expressly_identified_njdoh_action,INDEX_METADATA,index_action,,,,,,,,false,true,2018,Family Wellness Center
nj-doh-enforcement-1112,https://www.nj.gov/health/healthfacilities/surveys-insp/enforcement_actions.shtml,/health/healthfacilities/documents/EA_facilities/2018/EA_20180906ODI Diag. Imag. of Newark Lifting Cease & Desist.pdf,https://www.nj.gov/health/healthfacilities/documents/EA_facilities/2018/EA_20180906ODI%20Diag.%20Imag.%20of%20Newark%20Lifting%20Cease%20%26%20Desist.pdf,RECOVERED_AFTER_URL_NORMALIZATION,d3b4b75c7d4ef9e54ab1e68ddc5fe465892f0c8886b40bdb5446541ff4b28a3a,d3b4b75c7d4ef9e54ab1e68ddc5fe465892f0c8886b40bdb5446541ff4b28a3a,,CANONICAL,SEE_CORPUS_SUMMARY_GRAIN,,,true,Lifting Cease & Desist,other_expressly_identified_njdoh_action,INDEX_METADATA,index_action,,,,,,,,false,true,2018,ODI Diagnostic Imaging of Newark
nj-doh-enforcement-1113,https://www.nj.gov/health/healthfacilities/surveys-insp/enforcement_actions.shtml,/health/healthfacilities/documents/EA_facilities/2018/EA_20180907Healthplus Surgery Center Curtailment.pdf,https://www.nj.gov/health/healthfacilities/documents/EA_facilities/2018/EA_20180907Healthplus%20Surgery%20Center%20Curtailment.pdf,RECOVERED_AFTER_URL_NORMALIZATION,c3c3d9b7db9e2c23e02e63ffe66b818656d3bb21b9f594726626239caa96ddeb,c3c3d9b7db9e2c23e02e63ffe66b818656d3bb21b9f594726626239caa96ddeb,,CANONICAL,SEE_CORPUS_SUMMARY_GRAIN,,,true,Curtailment,admission_curtailment,INDEX_METADATA,index_action,,,,,,,,false,true,2018,Healthplus Surgery Center
nj-doh-enforcement-1114,https://www.nj.gov/health/healthfacilities/surveys-insp/enforcement_actions.shtml,/health/healthfacilities/documents/EA_facilities/2018/EA_20180918Qualcare Therapy Sleep Diag NJ Curtailment.pdf,https://www.nj.gov/health/healthfacilities/documents/EA_facilities/2018/EA_20180918Qualcare%20Therapy%20Sleep%20Diag%20NJ%20Curtailment.pdf,RECOVERED_AFTER_URL_NORMALIZATION,673dc700d4955b8ec8249feaab4293044c141ae958410b7716ded346ed9a5922,673dc700d4955b8ec8249feaab4293044c141ae958410b7716ded346ed9a5922,,CANONICAL,SEE_CORPUS_SUMMARY_GRAIN,,,true,Curtailment,admission_curtailment,INDEX_METADATA,index_action,,,,,,,,false,true,2018,Qualcare Therapy Center & Sleep Diagnostics
nj-doh-enforcement-1115,https://www.nj.gov/health/healthfacilities/surveys-insp/enforcement_actions.shtml,/health/healthfacilities/documents/EA_facilities/2018/EA_20180924New Life Health Agency Cease Order.pdf,https://www.nj.gov/health/healthfacilities/documents/EA_facilities/2018/EA_20180924New%20Life%20Health%20Agency%20Cease%20Order.pdf,RECOVERED_AFTER_URL_NORMALIZATION,1ba6365c624062dc3a8e820c87f8633e680d3c3dd6be6308795129db1102bf3e,1ba6365c624062dc3a8e820c87f8633e680d3c3dd6be6308795129db1102bf3e,,CANONICAL,SEE_CORPUS_SUMMARY_GRAIN,,,true,Cease & Desist Description of Services,other_expressly_identified_njdoh_action,INDEX_METADATA,index_action,,,,,,,,false,true,2018,New Life Health Care Agency LLC
nj-doh-enforcement-1116,https://www.nj.gov/health/healthfacilities/surveys-insp/enforcement_actions.shtml,/health/healthfacilities/documents/EA_facilities/2018/EA_20180924Second Inning Cease Order.pdf,https://www.nj.gov/health/healthfacilities/documents/EA_facilities/2018/EA_20180924Second%20Inning%20Cease%20Order.pdf,RECOVERED_AFTER_URL_NORMALIZATION,8b669f24cd40d96a49cfc99d07844f533750cf4ef5422169c6f39ea7a571d5c6,8b669f24cd40d96a49cfc99d07844f533750cf4ef5422169c6f39ea7a571d5c6,,CANONICAL,SEE_CORPUS_SUMMARY_GRAIN,,,true,Cease Use of Unlicensed Space,unclassified_regulatory_document,UNCLASSIFIED,index_action,,,,,,,,false,true,2018,Second Inning Adult Day Care Center
nj-doh-enforcement-1117,https://www.nj.gov/health/healthfacilities/surveys-insp/enforcement_actions.shtml,/health/healthfacilities/documents/EA_facilities/2018/EA_20180927Healthplus Surgery Ctr. Curtailment Lifted.pdf,https://www.nj.gov/health/healthfacilities/documents/EA_facilities/2018/EA_20180927Healthplus%20Surgery%20Ctr.%20Curtailment%20Lifted.pdf,RECOVERED_AFTER_URL_NORMALIZATION,1f3a2f6c160cf7d6090292e8634eec2f18bfa1c050df6bb5d0f77e9b76a1bb09,1f3a2f6c160cf7d6090292e8634eec2f18bfa1c050df6bb5d0f77e9b76a1bb09,,CANONICAL,SEE_CORPUS_SUMMARY_GRAIN,,,true,Lifting Curtailment,admission_curtailment,INDEX_METADATA,index_action,,,,,,,,false,true,2018,Healthplus Surgery Center
nj-doh-enforcement-1118,https://www.nj.gov/health/healthfacilities/surveys-insp/enforcement_actions.shtml,/health/healthfacilities/documents/EA_facilities/2018/EA20181003University Hospital DPOC.pdf,https://www.nj.gov/health/healthfacilities/documents/EA_facilities/2018/EA20181003University%20Hospital%20DPOC.pdf,RECOVERED_AFTER_URL_NORMALIZATION,f4a07bddf6deb30f1c771e39e5995086f4524513f4af33d51b095dbc6e6a9a1c,f4a07bddf6deb30f1c771e39e5995086f4524513f4af33d51b095dbc6e6a9a1c,,CANONICAL,SEE_CORPUS_SUMMARY_GRAIN,,,true,Directed Plan of Correction,directed_plan_of_correction,INDEX_METADATA,index_action,,,,,,,,false,true,2018,University Hospital
nj-doh-enforcement-1119,https://www.nj.gov/health/healthfacilities/surveys-insp/enforcement_actions.shtml,/health/healthfacilities/documents/EA_facilities/2018/EA_20181102Penn Medicine Princeton Cease & Desist.pdf,https://www.nj.gov/health/healthfacilities/documents/EA_facilities/2018/EA_20181102Penn%20Medicine%20Princeton%20Cease%20%26%20Desist.pdf,RECOVERED_AFTER_URL_NORMALIZATION,588b43bed2f01f11d114f63f24cff0a5e37bc419b4c8e961ef6466589eb7aae9,588b43bed2f01f11d114f63f24cff0a5e37bc419b4c8e961ef6466589eb7aae9,,CANONICAL,SEE_CORPUS_SUMMARY_GRAIN,,,true,Cease & Desist,other_expressly_identified_njdoh_action,INDEX_METADATA,index_action,,,,,,,,false,true,2018,Penn Medicine Princeton Medical Center
nj-doh-enforcement-1120,https://www.nj.gov/health/healthfacilities/surveys-insp/enforcement_actions.shtml,/health/healthfacilities/documents/EA_facilities/2018/EA_20181116Wanaque Ctr. Nurs Rehab Revised Curtailment DPOC.pdf,https://www.nj.gov/health/healthfacilities/documents/EA_facilities/2018/EA_20181116Wanaque%20Ctr.%20Nurs%20Rehab%20Revised%20Curtailment%20DPOC.pdf,RECOVERED_AFTER_URL_NORMALIZATION,4b2cc2c4c05f90321dc1ecfbff48b74661cbbb2639ec8c72fe62e503d9e1037a,4b2cc2c4c05f90321dc1ecfbff48b74661cbbb2639ec8c72fe62e503d9e1037a,,CANONICAL,SEE_CORPUS_SUMMARY_GRAIN,,,true,Curtailment,admission_curtailment,INDEX_METADATA,index_action,,,,,,,,false,true,2018,Wanaque Center for Nursing and Rehabilitation
nj-doh-enforcement-1121,https://www.nj.gov/health/healthfacilities/surveys-insp/enforcement_actions.shtml,/health/healthfacilities/documents/EA_facilities/2018/EA_20181114Wanaque Ctr. Nurs Rehab Curtailment.pdf,https://www.nj.gov/health/healthfacilities/documents/EA_facilities/2018/EA_20181114Wanaque%20Ctr.%20Nurs%20Rehab%20Curtailment.pdf,RECOVERED_AFTER_URL_NORMALIZATION,397dcda4584998a88a5e3cd09aa0c58d7a8c7897ce8ef48a57fc1e437105aa73,397dcda4584998a88a5e3cd09aa0c58d7a8c7897ce8ef48a57fc1e437105aa73,,CANONICAL,SEE_CORPUS_SUMMARY_GRAIN,,,true,Revised Curtailment,admission_curtailment,INDEX_METADATA,index_action,,,,,,,,false,true,2018,Wanaque Center for Nursing and Rehabilitation
nj-doh-enforcement-1122,https://www.nj.gov/health/healthfacilities/surveys-insp/enforcement_actions.shtml,/health/healthfacilities/documents/EA_facilities/2018/EA_20181121Ridgefield Imaging Center Violation of Curtailment.pdf,https://www.nj.gov/health/healthfacilities/documents/EA_facilities/2018/EA_20181121Ridgefield%20Imaging%20Center%20Violation%20of%20Curtailment.pdf,RECOVERED_AFTER_URL_NORMALIZATION,7719dc665b7c022c85cfe66f87356733cc1e1224a80deabc6eac26a3922f955d,7719dc665b7c022c85cfe66f87356733cc1e1224a80deabc6eac26a3922f955d,,CANONICAL,SEE_CORPUS_SUMMARY_GRAIN,,,true,Violation of Curtailment,admission_curtailment,INDEX_METADATA,index_action,,,,,,,,false,true,2018,Ridgefield Imaging Center
nj-doh-enforcement-1123,https://www.nj.gov/health/healthfacilities/surveys-insp/enforcement_actions.shtml,/health/healthfacilities/documents/EA_facilities/2018/EA20181127Ridgefield Imaging Ctr. Lifting Curtailment.pdf,https://www.nj.gov/health/healthfacilities/documents/EA_facilities/2018/EA20181127Ridgefield%20Imaging%20Ctr.%20Lifting%20Curtailment.pdf,RECOVERED_AFTER_URL_NORMALIZATION,61f98b44c27708afac74cd060e4f3f2681e3bd2f60da29ed3bc73315f3f7960f,61f98b44c27708afac74cd060e4f3f2681e3bd2f60da29ed3bc73315f3f7960f,,CANONICAL,SEE_CORPUS_SUMMARY_GRAIN,,,true,Lifting Curtailment,admission_curtailment,INDEX_METADATA,index_action,,,,,,,,false,true,2018,Ridgefield Imaging Center
nj-doh-enforcement-1124,https://www.nj.gov/health/healthfacilities/surveys-insp/enforcement_actions.shtml,/health/healthfacilities/documents/EA_facilities/2017/ea-Meadowlands-Hospital-Medical-Center-01232017.pdf,https://www.nj.gov/health/healthfacilities/documents/EA_facilities/2017/ea-Meadowlands-Hospital-Medical-Center-01232017.pdf,EXISTING_HASH_VERIFIED,38c54dcfef46d7ef3dda827f028fe36785a577c0f4e5067009119ffeb0b1994a,38c54dcfef46d7ef3dda827f028fe36785a577c0f4e5067009119ffeb0b1994a,,CANONICAL,SEE_CORPUS_SUMMARY_GRAIN,,,true,Notice of Assessment of Penalties,penalty_letter,INDEX_METADATA,index_action,,,,,,,,false,true,2017,Meadowlands Hospital Medical Center
nj-doh-enforcement-1125,https://www.nj.gov/health/healthfacilities/surveys-insp/enforcement_actions.shtml,/health/healthfacilities/documents/EA_facilities/2017/ea-Premier-Cadbury-of-Cherry-Hill-02242017.pdf,https://www.nj.gov/health/healthfacilities/documents/EA_facilities/2017/ea-Premier-Cadbury-of-Cherry-Hill-02242017.pdf,EXISTING_HASH_VERIFIED,e8b62fa5d55ceeb828d060920e995173176c5d18841fb2d760559a52c04965fd,e8b62fa5d55ceeb828d060920e995173176c5d18841fb2d760559a52c04965fd,,CANONICAL,SEE_CORPUS_SUMMARY_GRAIN,,,true,Notice of Assessment of Penalties,penalty_letter,INDEX_METADATA,index_action,,,,,,,,false,true,2017,Premier Cadbury of Cherry Hill
nj-doh-enforcement-1126,https://www.nj.gov/health/healthfacilities/surveys-insp/enforcement_actions.shtml,/health/healthfacilities/documents/EA_facilities/2017/ea-Fritz-Reuter-Altenheim-04032017.pdf,https://www.nj.gov/health/healthfacilities/documents/EA_facilities/2017/ea-Fritz-Reuter-Altenheim-04032017.pdf,EXISTING_HASH_VERIFIED,86cd668adf265e69c592c55ea40014d5fab098aae0a20edeef9dcfc6dcf5d4f6,86cd668adf265e69c592c55ea40014d5fab098aae0a20edeef9dcfc6dcf5d4f6,,CANONICAL,SEE_CORPUS_SUMMARY_GRAIN,,,true,Curtailment,admission_curtailment,INDEX_METADATA,index_action,,,,,,,,false,true,2017,Fritz Reuter Altenheim
nj-doh-enforcement-1127,https://www.nj.gov/health/healthfacilities/surveys-insp/enforcement_actions.shtml,/health/healthfacilities/documents/EA_facilities/2017/ea-Meadowlands-Hospital-Medical-Center-04042017.pdf,https://www.nj.gov/health/healthfacilities/documents/EA_facilities/2017/ea-Meadowlands-Hospital-Medical-Center-04042017.pdf,EXISTING_HASH_VERIFIED,4c8a07e0c0439adfe2101f444211b4e56065b8a84aba67a91e779fdf68837a15,4c8a07e0c0439adfe2101f444211b4e56065b8a84aba67a91e779fdf68837a15,,CANONICAL,SEE_CORPUS_SUMMARY_GRAIN,,,true,Notice of Assessment of Penalties,penalty_letter,INDEX_METADATA,index_action,,,,,,,,false,true,2017,Meadowlands Hospital Medical Center
nj-doh-enforcement-1128,https://www.nj.gov/health/healthfacilities/surveys-insp/enforcement_actions.shtml,/health/healthfacilities/documents/EA_facilities/2017/ea-Providence-Pediatric-Medical-Day-Care-05082017.pdf,https://www.nj.gov/health/healthfacilities/documents/EA_facilities/2017/ea-Providence-Pediatric-Medical-Day-Care-05082017.pdf,EXISTING_HASH_VERIFIED,2f82d61fbfb6c4f70cb14647a080e74e9f7bcfee8673714eef60c16e0911fdc0,2f82d61fbfb6c4f70cb14647a080e74e9f7bcfee8673714eef60c16e0911fdc0,,CANONICAL,SEE_CORPUS_SUMMARY_GRAIN,,,true,Revised Notice of Assessment of Penalties,penalty_letter,INDEX_METADATA,index_action,,,,,,,,false,true,2017,Providence Pediatric Medical Day Care
nj-doh-enforcement-1129,https://www.nj.gov/health/healthfacilities/surveys-insp/enforcement_actions.shtml,/health/healthfacilities/documents/EA_facilities/2017/ea-Mount-Laurel-Center-for-Rehab-and-Healthcare-06022017.pdf,https://www.nj.gov/health/healthfacilities/documents/EA_facilities/2017/ea-Mount-Laurel-Center-for-Rehab-and-Healthcare-06022017.pdf,HTTP_404_SOURCE_DOCUMENT_UNAVAILABLE,,,,NO_CONTENT,SOURCE_UNAVAILABLE,,,false,Curtailment,admission_curtailment,INDEX_METADATA,index_action,SOURCE_DOCUMENT_UNAVAILABLE,,,,,,,false,true,2017,Mount Laurel Center for Rehab and Healthcare
nj-doh-enforcement-1130,https://www.nj.gov/health/healthfacilities/surveys-insp/enforcement_actions.shtml,/health/healthfacilities/documents/EA_facilities/2017/ea-The-Chelsea-at-Montville-06132017.pdf,https://www.nj.gov/health/healthfacilities/documents/EA_facilities/2017/ea-The-Chelsea-at-Montville-06132017.pdf,EXISTING_HASH_VERIFIED,a826d2655a322646fa1a1444a047029f274c907eaa8b01098e28e91d94b7dce3,a826d2655a322646fa1a1444a047029f274c907eaa8b01098e28e91d94b7dce3,,CANONICAL,SEE_CORPUS_SUMMARY_GRAIN,,,true,Curtailment,admission_curtailment,INDEX_METADATA,index_action,,,,,,,,false,true,2017,The Chelsea at Montville
nj-doh-enforcement-1131,https://www.nj.gov/health/healthfacilities/surveys-insp/enforcement_actions.shtml,/health/healthfacilities/documents/EA_facilities/2017/ea-Meadowlands-Hospital-Medical-Center-07212017.pdf,https://www.nj.gov/health/healthfacilities/documents/EA_facilities/2017/ea-Meadowlands-Hospital-Medical-Center-07212017.pdf,EXISTING_HASH_VERIFIED,299624327486ab1d2e648bfc5d6d046331f78434ad1a18589ca8f164ae7d1b9f,299624327486ab1d2e648bfc5d6d046331f78434ad1a18589ca8f164ae7d1b9f,,CANONICAL,SEE_CORPUS_SUMMARY_GRAIN,,,true,Notice of Assessment of Penalties,penalty_letter,INDEX_METADATA,index_action,,,,,,,,false,true,2017,Meadowlands Hospital Medical Center
nj-doh-enforcement-1132,https://www.nj.gov/health/healthfacilities/surveys-insp/enforcement_actions.shtml,/health/healthfacilities/documents/EA_facilities/2017/ea-CareOne-at-Valley-08142017.pdf,https://www.nj.gov/health/healthfacilities/documents/EA_facilities/2017/ea-CareOne-at-Valley-08142017.pdf,EXISTING_HASH_VERIFIED,4a9c4a94df832b8915a5457e37c2bb3f7afd5d6bf1dda0efe6a657d656b29eb8,4a9c4a94df832b8915a5457e37c2bb3f7afd5d6bf1dda0efe6a657d656b29eb8,,CANONICAL,SEE_CORPUS_SUMMARY_GRAIN,,,true,Notice of Assessment of Penalties,penalty_letter,INDEX_METADATA,index_action,,,,,,,,false,true,2017,CareOne at Valley
nj-doh-enforcement-1133,https://www.nj.gov/health/healthfacilities/surveys-insp/enforcement_actions.shtml,/health/healthfacilities/documents/EA_facilities/2017/ea-Mount-Laurel-Center-for-Rehab-and-Healthcare-08152017.pdf,https://www.nj.gov/health/healthfacilities/documents/EA_facilities/2017/ea-Mount-Laurel-Center-for-Rehab-and-Healthcare-08152017.pdf,EXISTING_HASH_VERIFIED,9e27eccd7b6895184a4c0a79764fead100a52b377e7b07f32b90f93716006143,9e27eccd7b6895184a4c0a79764fead100a52b377e7b07f32b90f93716006143,,CANONICAL,SEE_CORPUS_SUMMARY_GRAIN,,,true,Notice of Assessment of Penalties,penalty_letter,INDEX_METADATA,index_action,,,,,,,,false,true,2017,Mount Laurel Center for Rehab and Healthcare
nj-doh-enforcement-1134,https://www.nj.gov/health/healthfacilities/surveys-insp/enforcement_actions.shtml,/health/healthfacilities/documents/EA_facilities/2017/EA_20171006INSPIRAcurtailmentsighnedcurtailment.pdf,https://www.nj.gov/health/healthfacilities/documents/EA_facilities/2017/EA_20171006INSPIRAcurtailmentsighnedcurtailment.pdf,EXISTING_HASH_VERIFIED,f70026e9499b9b53eef2859bc0aee4273be7b2074e238548f253ffd4979af8d8,f70026e9499b9b53eef2859bc0aee4273be7b2074e238548f253ffd4979af8d8,,CANONICAL,SEE_CORPUS_SUMMARY_GRAIN,,,true,Curtailment,admission_curtailment,INDEX_METADATA,index_action,,,,,,,,false,true,2017,Inspira Medical Center Vineland
nj-doh-enforcement-1135,https://www.nj.gov/health/healthfacilities/surveys-insp/enforcement_actions.shtml,/health/healthfacilities/documents/EA_facilities/2017/EA_20171106Meadowlands Hosp. Med. Ctr 1.pdf,https://www.nj.gov/health/healthfacilities/documents/EA_facilities/2017/EA_20171106Meadowlands%20Hosp.%20Med.%20Ctr%201.pdf,RECOVERED_AFTER_URL_NORMALIZATION,38f6049d3be6255babe95efa1b709781c22bba3b6b7257eb4a825270bda76213,38f6049d3be6255babe95efa1b709781c22bba3b6b7257eb4a825270bda76213,,CANONICAL,SEE_CORPUS_SUMMARY_GRAIN,,,true,Licensure Violation,unclassified_regulatory_document,UNCLASSIFIED,index_action,,,,,,,,false,true,2017,Meadowlands Hospital Medical Center
nj-doh-enforcement-1136,https://www.nj.gov/health/healthfacilities/surveys-insp/enforcement_actions.shtml,/health/healthfacilities/documents/EA_facilities/2017/EA_20171106Meadowlands Hosp. Med. Ctr Penalty2 (1).pdf,https://www.nj.gov/health/healthfacilities/documents/EA_facilities/2017/EA_20171106Meadowlands%20Hosp.%20Med.%20Ctr%20Penalty2%20(1).pdf,RECOVERED_AFTER_URL_NORMALIZATION,dc86907145e06d4179af5b8a9a13a7931b5bce8322752e58d0c93db66d903e2b,dc86907145e06d4179af5b8a9a13a7931b5bce8322752e58d0c93db66d903e2b,,CANONICAL,SEE_CORPUS_SUMMARY_GRAIN,,,true,Licensure Violation,unclassified_regulatory_document,UNCLASSIFIED,index_action,,,,,,,,false,true,2017,Meadowlands Hospital Medical Center
nj-doh-enforcement-1137,https://www.nj.gov/health/healthfacilities/surveys-insp/enforcement_actions.shtml,/health/healthfacilities/documents/EA_facilities/2017/EA_20171117Meadowlands Hosp AX17031 (1).pdf,https://www.nj.gov/health/healthfacilities/documents/EA_facilities/2017/EA_20171117Meadowlands%20Hosp%20AX17031%20(1).pdf,RECOVERED_AFTER_URL_NORMALIZATION,499c1cc5168e09e669596e071abbe946101b6b683a71aa1de742488072745cbc,499c1cc5168e09e669596e071abbe946101b6b683a71aa1de742488072745cbc,,CANONICAL,SEE_CORPUS_SUMMARY_GRAIN,,,true,Penalty,civil_monetary_penalty,INDEX_METADATA,index_action,,,,,,,,false,true,2017,Meadowlands Hospital Medical Center
nj-doh-enforcement-1138,https://www.nj.gov/health/healthfacilities/surveys-insp/enforcement_actions.shtml,/health/healthfacilities/documents/EA_facilities/2017/EA_20171117Meadowlands Hosp AX17031 (2).pdf,https://www.nj.gov/health/healthfacilities/documents/EA_facilities/2017/EA_20171117Meadowlands%20Hosp%20AX17031%20(2).pdf,RECOVERED_AFTER_URL_NORMALIZATION,dd6cc7c9b442af0446aa7b2ef41c10f5fea04803a19245735c97955eb595b91e,dd6cc7c9b442af0446aa7b2ef41c10f5fea04803a19245735c97955eb595b91e,,CANONICAL,SEE_CORPUS_SUMMARY_GRAIN,,,true,Penalty,civil_monetary_penalty,INDEX_METADATA,index_action,,,,,,,,false,true,2017,Meadowlands Hospital Medical Center
nj-doh-enforcement-1139,https://www.nj.gov/health/healthfacilities/surveys-insp/enforcement_actions.shtml,/health/healthfacilities/documents/EA_facilities/2017/EA_20171117Meadowlands Hosp AX17031 (3).pdf,https://www.nj.gov/health/healthfacilities/documents/EA_facilities/2017/EA_20171117Meadowlands%20Hosp%20AX17031%20(3).pdf,RECOVERED_AFTER_URL_NORMALIZATION,576a41108753ec689173c7d56d01f06f743efad7916ac9e3888a41195de6f8d3,576a41108753ec689173c7d56d01f06f743efad7916ac9e3888a41195de6f8d3,,CANONICAL,SEE_CORPUS_SUMMARY_GRAIN,,,true,Penalty,civil_monetary_penalty,INDEX_METADATA,index_action,,,,,,,,false,true,2017,Meadowlands Hospital Medical Center
nj-doh-enforcement-1140,https://www.nj.gov/health/healthfacilities/surveys-insp/enforcement_actions.shtml,/health/healthfacilities/documents/EA_facilities/2017/EA_20171204Inspira Med. Vineland Lifting Curtailment.pdf,https://www.nj.gov/health/healthfacilities/documents/EA_facilities/2017/EA_20171204Inspira%20Med.%20Vineland%20Lifting%20Curtailment.pdf,RECOVERED_AFTER_URL_NORMALIZATION,2e254f6724a14233ed3cc9f0878e3592aa2928da6d6bf47f3268add6bfd32a2d,2e254f6724a14233ed3cc9f0878e3592aa2928da6d6bf47f3268add6bfd32a2d,,CANONICAL,SEE_CORPUS_SUMMARY_GRAIN,,,true,Lifting Curtailment,admission_curtailment,INDEX_METADATA,index_action,,,,,,,,false,true,2017,Inspira Medical Center Vineland
nj-doh-enforcement-1141,https://www.nj.gov/health/healthfacilities/surveys-insp/enforcement_actions.shtml,/health/healthfacilities/documents/EA_facilities/2017/EA_20171204Laurel Brook Lifting Curtailment.pdf,https://www.nj.gov/health/healthfacilities/documents/EA_facilities/2017/EA_20171204Laurel%20Brook%20Lifting%20Curtailment.pdf,RECOVERED_AFTER_URL_NORMALIZATION,30fcf4d0daa44caba4b06f931d8dee35bf7cc2e642ed68c7f442334e9c0c61ca,30fcf4d0daa44caba4b06f931d8dee35bf7cc2e642ed68c7f442334e9c0c61ca,,CANONICAL,SEE_CORPUS_SUMMARY_GRAIN,,,true,Lifting Curtailment,admission_curtailment,INDEX_METADATA,index_action,,,,,,,,false,true,2017,Laurel Brook
nj-doh-enforcement-1142,https://www.nj.gov/health/healthfacilities/surveys-insp/enforcement_actions.shtml,/health/healthfacilities/documents/EA_facilities/2017/EA_20171207Cherry Hill Womans Curtailment.pdf,https://www.nj.gov/health/healthfacilities/documents/EA_facilities/2017/EA_20171207Cherry%20Hill%20Womans%20Curtailment.pdf,RECOVERED_AFTER_URL_NORMALIZATION,f317521126ac6ba757d58854abcad8d7a7296097610762ee0019da599a6c7d39,f317521126ac6ba757d58854abcad8d7a7296097610762ee0019da599a6c7d39,,CANONICAL,SEE_CORPUS_SUMMARY_GRAIN,,,true,Curtailment,admission_curtailment,INDEX_METADATA,index_action,,,,,,,,false,true,2017,Cherry Hill Women's
nj-doh-enforcement-1143,https://www.nj.gov/health/healthfacilities/surveys-insp/enforcement_actions.shtml,/health/healthfacilities/documents/EA_facilities/2017/EA_20171208Cherry Hill Womens Lifting Curtailment.pdf,https://www.nj.gov/health/healthfacilities/documents/EA_facilities/2017/EA_20171208Cherry%20Hill%20Womens%20Lifting%20Curtailment.pdf,RECOVERED_AFTER_URL_NORMALIZATION,1ed2f36309acbf6674b819c08e94f113be9ac78c9bca0c0932cdf7efec470ad6,1ed2f36309acbf6674b819c08e94f113be9ac78c9bca0c0932cdf7efec470ad6,,CANONICAL,SEE_CORPUS_SUMMARY_GRAIN,,,true,Lifting Curtailment,admission_curtailment,INDEX_METADATA,index_action,,,,,,,,false,true,2017,Cherry Hill Women's
nj-doh-enforcement-1144,https://www.nj.gov/health/healthfacilities/surveys-insp/enforcement_actions.shtml,/health/healthfacilities/documents/EA_facilities/2017/EA_20171208University Hospital DPOC.pdf,https://www.nj.gov/health/healthfacilities/documents/EA_facilities/2017/EA_20171208University%20Hospital%20DPOC.pdf,RECOVERED_AFTER_URL_NORMALIZATION,173a6a4b81781bac20244e6e766a0e0e37c92a2dc3b7040adb4ecc93da091ced,173a6a4b81781bac20244e6e766a0e0e37c92a2dc3b7040adb4ecc93da091ced,,CANONICAL,SEE_CORPUS_SUMMARY_GRAIN,,,true,Directed Plan of Correction,directed_plan_of_correction,INDEX_METADATA,index_action,,,,,,,,false,true,2017,University Hospital
nj-doh-enforcement-1145,https://www.nj.gov/health/healthfacilities/surveys-insp/enforcement_actions.shtml,/health/healthfacilities/documents/EA_facilities/2017/EA_20171219Cherry Hill Women's Curtailment Letter.pdf,https://www.nj.gov/health/healthfacilities/documents/EA_facilities/2017/EA_20171219Cherry%20Hill%20Women%27s%20Curtailment%20Letter.pdf,RECOVERED_AFTER_URL_NORMALIZATION,538a60a5047d04e5b53babc3babf1c1fdf5bfc86a3eda13374dcbf15503a7a90,538a60a5047d04e5b53babc3babf1c1fdf5bfc86a3eda13374dcbf15503a7a90,,CANONICAL,SEE_CORPUS_SUMMARY_GRAIN,,,true,Curtailment,admission_curtailment,INDEX_METADATA,index_action,,,,,,,,false,true,2017,Cherry Hill Women's
nj-doh-enforcement-1146,https://www.nj.gov/health/healthfacilities/surveys-insp/enforcement_actions.shtml,/health/healthfacilities/documents/EA_facilities/2016/ea-Allaire-Rehab-and-Nursing-11232016.pdf,https://www.nj.gov/health/healthfacilities/documents/EA_facilities/2016/ea-Allaire-Rehab-and-Nursing-11232016.pdf,EXISTING_HASH_VERIFIED,91ff4d1b785416e8e4bb66ee7a308a1a41273ed6efdcd7e7bd5f9cc18460db83,91ff4d1b785416e8e4bb66ee7a308a1a41273ed6efdcd7e7bd5f9cc18460db83,,CANONICAL,SEE_CORPUS_SUMMARY_GRAIN,,,true,Curtailment,admission_curtailment,INDEX_METADATA,index_action,,,,,,,,false,true,2016,Allaire Rehab and Nursing
